tree
version=v4
num_class=1
num_tree_per_iteration=1
label_index=0
max_feature_idx=60
objective=regression
feature_names=PLANT_ID DC_POWER DAILY_YIELD TOTAL_YIELD hour minute day month day_of_week day_of_year hour_sin hour_cos day_sin day_cos temperature_2m relative_humidity_2m dew_point_2m cloud_cover cloud_cover_low cloud_cover_mid cloud_cover_high shortwave_radiation direct_radiation diffuse_radiation direct_normal_irradiance global_tilted_irradiance wind_speed_10m wind_direction_10m surface_pressure precipitation generation_lag_1 generation_lag_2 generation_lag_4 generation_lag_8 generation_lag_12 generation_lag_24 generation_lag_48 generation_lag_96 generation_rolling_mean_4 generation_rolling_mean_8 generation_rolling_mean_24 generation_rolling_std_24 generation_change_1 generation_change_4 temperature_2m_lag1 relative_humidity_2m_lag1 dew_point_2m_lag1 cloud_cover_lag1 cloud_cover_low_lag1 cloud_cover_mid_lag1 cloud_cover_high_lag1 shortwave_radiation_lag1 direct_radiation_lag1 diffuse_radiation_lag1 direct_normal_irradiance_lag1 global_tilted_irradiance_lag1 wind_speed_10m_lag1 wind_direction_10m_lag1 surface_pressure_lag1 precipitation_lag1 is_daytime
feature_infos=none [0:14413.42857] [0:9163] [6190002:7757913.7139999997] [0:23] [0:45] [1:31] [5:6] [0:6] [137:158] [-1:1] [-1:1] [0.41105375468703509:0.70672655557761577] [-0.91161110719302385:-0.7074868024503348] [25.199999999999999:34.600000000000001] [50:99] [20.800000000000001:26.5] [0:100] [0:100] [0:100] [0:100] [0:958] [0:789] [0:375] [0:795.29999999999995] [0:958] [1.3:58.600000000000001] [7:356] [987.20000000000005:1009.6] [0:32.700000000000003] [0:1405.3] [0:1405.3] [0:1405.3] [0:1405.3] [0:1405.3] [0:1405.3] [0:1405.3] [0:1405.3] [0:1274.8656249999999] [0:1243.16316975] [0:1100.1531002083334] [0:596.18673098771092] [-1031.22:742.03392899999994] [-1163.6199999999999:796.08750000000009] [25.199999999999999:34.600000000000001] [50:99] [20.800000000000001:26.5] [0:100] [0:100] [0:100] [0:100] [0:958] [0:789] [0:375] [0:795.29999999999995] [0:958] [1.3:58.600000000000001] [7:356] [987.20000000000005:1009.6] [0:32.700000000000003] [0:1]
tree_sizes=2704 2757 2734 2731 2733 2731 2750 2755 2760 2736 2742 2697 2728 2733 2742 2744 2715 2726 2701 2715 2689 2713 2723 2696 2693 2697 2684 2713 2641 2696 2672 2673 2678 2693 2706 2680 2693 2663 2660 2659 2707 2715 2691 2687 2640 2674 2653 2653 2608 2650 2588 2639 2599 2633 2603 2626

Tree=0
num_leaves=31
num_cat=0
split_feature=11 9 8 36 9 46 28 47 6 10 15 4 11 11 58 6 11 19 28 24 40 40 23 57 8 47 41 23 41 19
split_gain=7.36505e+07 1.94035e+07 2.39585e+07 1.29487e+07 1.2333e+07 1.13801e+07 1.00963e+07 9.45073e+06 1.18503e+07 1.339e+07 1.06378e+07 1.47076e+07 7.68192e+06 3.9822e+06 3.61507e+06 3.25101e+06 3.19146e+06 2.39967e+06 3.64626e+06 3.08382e+06 3.83283e+06 2.2525e+06 1.87811e+06 1.73876e+06 1.69475e+06 1.35817e+06 1.34021e+06 1.09393e+06 896805 783515
threshold=-0.5277851165098012 150.50000000000003 3.5000000000000004 320.68660715000004 149.50000000000003 24.550000000000004 1006.0500000000001 7.5000000000000009 25.500000000000004 0.22695468355932452 83.500000000000014 20.500000000000004 -0.19509032201612839 0.83146961230254512 1005.85 19.500000000000004 -0.84874750804349197 8.5000000000000018 1006.9500000000002 273.85000000000008 33.226326885145838 956.98038196875007 199.50000000000003 295.50000000000006 1.0000000180025095e-35 44.500000000000007 218.88535465283988 137.50000000000003 326.18988363030729 37.500000000000007
decision_type=2 2 2 2 2 2 2 2 2 2 2 2 2 2 2 2 2 2 2 2 2 2 2 2 2 2 2 2 2 2
left_child=1 2 3 5 7 21 26 24 10 -10 11 13 -6 17 -13 -15 28 18 -9 20 -19 -1 -8 25 -2 -11 -4 -18 -3 -24
right_child=4 16 6 -5 12 -7 22 8 9 23 -12 14 -14 15 -16 -17 27 19 -20 -21 -22 -23 29 -25 -26 -27 -28 -29 -30 -31
leaf_value=313.31809904047248 319.63004695074392 338.18653612208993 327.85261083713203 340.93741131103667 322.2114826529035 333.86318111114696 335.93261584326825 314.01759661300332 316.03611059812761 328.26320380097064 312.91587024922012 344.71456252006749 312.53801814837095 337.21523883319526 328.66283282982374 320.83817691302926 328.04217236438421 318.54192828138162 326.17469785018062 316.7324577532961 336.09173194385198 323.03097652774483 346.09842452502875 342.22263719058662 312.2926703063178 337.7309948775831 318.02940232558876 335.31322766783768 343.39538994175922 338.52911011577277
leaf_weight=153 36 60 25 24 89 33 84 125 42 25 145 28 435 20 23 24 25 21 27 44 24 25 32 32 133 30 25 73 59 20
leaf_count=153 36 60 25 24 89 33 84 125 42 25 145 28 435 20 23 24 25 21 27 44 24 25 32 32 133 30 25 73 59 20
internal_value=321.829 330.18 326.424 320.057 317.74 317.682 334.468 320.133 321.873 329.947 319.707 322.638 314.181 319.983 337.476 328.282 337.467 318.468 316.177 322.38 327.902 314.682 338.706 336.662 313.856 333.427 322.941 333.458 340.769 343.187
internal_weight=1941 638 421 235 1303 211 186 779 610 129 481 336 524 285 51 44 217 241 152 89 45 178 136 87 169 55 50 98 119 52
internal_count=1941 638 421 235 1303 211 186 779 610 129 481 336 524 285 51 44 217 241 152 89 45 178 136 87 169 55 50 98 119 52
is_linear=0
shrinkage=1


Tree=1
num_leaves=31
num_cat=0
split_feature=11 9 28 6 9 47 6 10 15 11 28 32 6 11 10 48 11 41 58 19 21 39 57 58 28 2 47 28 53 38
split_gain=6.92977e+07 1.82568e+07 1.62828e+07 2.1927e+07 1.16041e+07 8.89219e+06 1.115e+07 1.25987e+07 1.00091e+07 1.34857e+07 1.1606e+07 8.20069e+06 7.42448e+06 7.22792e+06 3.67632e+06 3.38638e+06 3.00285e+06 2.34158e+06 2.24582e+06 3.36473e+06 2.85837e+06 1.65909e+06 1.636e+06 1.61856e+06 1.61719e+06 1.45424e+06 1.2779e+06 1.23353e+06 1.10438e+06 1.05885e+06
threshold=-0.5277851165098012 150.50000000000003 1006.2500000000001 25.500000000000004 149.50000000000003 7.5000000000000009 25.500000000000004 0.22695468355932452 83.500000000000014 0.68322629814330826 1005.9500000000002 319.89375000000001 28.500000000000004 -0.19509032201612839 0.35206144883412582 1.5000000000000002 -0.84874750804349197 340.16550814127555 1006.5500000000001 8.5000000000000018 146.50000000000003 839.83270087500011 295.50000000000006 1004.7500000000001 1007.1500000000002 1771.8750000000002 44.500000000000007 1005.0500000000001 137.50000000000003 749.40022320000014
decision_type=2 2 2 2 2 2 2 2 2 2 2 2 2 2 2 2 2 2 2 2 2 2 2 2 2 2 2 2 2 2
left_child=1 2 15 11 5 23 8 -8 9 18 14 -4 25 -6 -11 21 29 24 19 -7 -21 -1 26 -2 -13 -5 -9 -23 -18 -3
right_child=4 16 3 12 13 6 7 22 -10 10 -12 17 -14 -15 -16 -17 28 -19 -20 20 -22 27 -24 -25 -26 -27 -28 -29 -30 -31
leaf_value=-6.2690161250187799 0.06006893702915736 13.604130656949934 -0.50853591332068804 0.23391443824768066 0.37114867365762089 -8.061137669279768 -5.6189620704310279 6.2413182106018068 -8.6455951143462073 20.173309427897134 -5.5485746660828585 8.172877185058594 12.94858270818537 -9.0121120216764243 5.3804456065382276 -9.3575752652924642 6.7069665483757852 22.270627501440828 2.9454941190992083 6.5983136280845187 -5.1026841613224567 -3.2303698768615718 19.781968231201173 -8.8399121645334606 17.15123310910738 -9.1268564928992326 15.425075309753415 5.9333964564250063 13.498157932975074 20.051611383611505
leaf_weight=26 21 31 26 20 89 111 42 25 145 54 32 25 22 435 21 58 32 61 42 34 42 20 32 148 65 59 30 39 66 88
leaf_count=26 21 31 26 20 89 111 42 25 145 54 32 25 22 435 21 58 32 61 42 34 42 20 32 148 65 59 30 39 66 88
internal_value=6.58875e-09 8.10084 4.45739 8.68885 -3.96649 -1.64454 0.0425387 7.87451 -2.05793 0.784965 9.57751 15.0533 -2.46473 -7.41839 16.0313 -3.7688 15.1695 17.7329 -3.32334 -4.73132 0.131973 0.0447135 14.3886 -7.734 14.6572 -6.75704 11.2506 2.82703 11.2806 18.372
internal_weight=1941 638 421 278 1303 779 610 129 481 336 107 177 101 524 75 143 217 151 229 187 76 85 87 169 90 79 55 59 98 119
internal_count=1941 638 421 278 1303 779 610 129 481 336 107 177 101 524 75 143 217 151 229 187 76 85 87 169 90 79 55 59 98 119
is_linear=0
shrinkage=0.03


Tree=2
num_leaves=31
num_cat=0
split_feature=11 9 8 9 36 46 58 47 9 35 15 4 11 11 11 58 9 19 24 40 17 40 23 58 58 19 38 37 35 35
split_gain=6.52669e+07 1.7112e+07 2.139e+07 1.18301e+07 1.17637e+07 1.09333e+07 9.29673e+06 8.05321e+06 1.07124e+07 1.16628e+07 9.21531e+06 1.33419e+07 4.58793e+06 4.05018e+06 3.70145e+06 3.18509e+06 2.92686e+06 2.22319e+06 2.79136e+06 3.56522e+06 2.08048e+06 1.97072e+06 1.96373e+06 1.82146e+06 1.58117e+06 918433 1.24639e+06 848906 1.1039e+06 783983
threshold=-0.47114434510950048 150.50000000000003 3.5000000000000004 149.50000000000003 273.36607145000005 24.550000000000004 1006.0500000000001 7.5000000000000009 146.50000000000003 1.0000000180025095e-35 83.500000000000014 20.500000000000004 -0.19509032201612839 -0.70710678118654757 0.83146961230254512 1005.85 140.50000000000003 8.5000000000000018 273.85000000000008 33.226326885145838 44.500000000000007 956.98038196875007 193.50000000000003 1006.5500000000001 1004.7500000000001 98.500000000000014 749.40022320000014 115.54821430000001 12.693750000000003 316.67142855000003
decision_type=2 2 2 2 2 2 2 2 2 2 2 2 2 2 2 2 2 2 2 2 2 2 2 2 2 2 2 2 2 2
left_child=1 2 4 7 5 21 -4 24 10 20 11 14 -5 25 17 -13 -16 23 19 -19 -10 -1 27 -9 -2 26 -3 -8 -29 -28
right_child=3 13 6 12 -6 -7 22 8 9 -11 -12 15 -14 -15 16 -17 -18 18 -20 -21 -22 -23 -24 -25 -26 -27 29 28 -30 -31
leaf_value=-8.0598395359405757 0.3724877586364746 13.512028710501534 0.26180287857055662 -0.61427566345423867 17.769073163223265 11.229509153366088 7.4773221538377843 -7.4190775062312246 8.8947960434641153 -6.351838720167005 -8.3862271862687745 21.593936789376396 -8.741748573566305 7.6452996771676203 14.497107284545898 6.5270135630731998 -1.0420599555969239 -3.3497391758646282 -5.4359768676757811 13.747142247739045 18.129871630046679 0.6945289866129557 19.528927499179183 1.239449585278829 -8.6294435143470754 12.462077391273096 21.428230923739346 16.849733673095702 8.6498667110096328 14.888911701549183
leaf_weight=162 20 42 50 73 25 36 23 115 42 37 145 28 435 63 20 23 24 21 39 23 46 27 58 27 144 38 66 45 22 22
leaf_count=162 20 42 50 73 25 36 23 115 42 37 145 28 435 63 20 23 24 21 39 23 46 27 58 27 144 38 66 45 22 22
internal_value=4.34183e-09 7.4998 4.07998 -4.03516 -1.75381 -3.92302 11.4459 -1.65101 -0.0163955 7.7803 -2.11228 0.7306 -7.57382 14.1322 -1.93665 14.799 6.0212 -3.49285 0.40767 5.58727 13.7222 -6.80922 15.2243 -5.77274 -7.53165 16.5648 17.764 12.4501 14.1572 19.7934
internal_weight=1941 679 448 1262 250 225 198 754 590 125 465 320 508 231 269 51 44 225 83 44 88 189 148 142 164 168 130 90 67 88
internal_count=1941 679 448 1262 250 225 198 754 590 125 465 320 508 231 269 51 44 225 83 44 88 189 148 142 164 168 130 90 67 88
is_linear=0
shrinkage=0.03


Tree=3
num_leaves=31
num_cat=0
split_feature=11 9 8 36 9 46 28 47 6 35 15 11 28 11 28 11 58 19 21 40 17 23 8 41 53 57 38 37 23 45
split_gain=6.14115e+07 1.61676e+07 2.00519e+07 1.09447e+07 1.02747e+07 9.53262e+06 8.49593e+06 7.87204e+06 9.87425e+06 1.11575e+07 8.85506e+06 1.19888e+07 1.0614e+07 6.38032e+06 2.94361e+06 2.66186e+06 1.99751e+06 2.97732e+06 2.51047e+06 1.86898e+06 1.76476e+06 1.65622e+06 1.52805e+06 1.25965e+06 1.0099e+06 978268 939982 813155 761337 760452
threshold=-0.5277851165098012 150.50000000000003 3.5000000000000004 455.96785715000004 149.50000000000003 24.550000000000004 1006.0500000000001 7.5000000000000009 25.500000000000004 1.0000000180025095e-35 83.500000000000014 0.68322629814330826 1005.9500000000002 -0.19509032201612839 1004.85 -0.84874750804349197 1006.5500000000001 8.5000000000000018 146.50000000000003 956.98038196875007 44.500000000000007 199.50000000000003 1.0000000180025095e-35 218.88535465283988 137.50000000000003 274.50000000000006 749.40022320000014 123.93750000000001 126.50000000000001 81.500000000000014
decision_type=2 2 2 2 2 2 2 2 2 2 2 2 2 2 2 2 2 2 2 2 2 2 2 2 2 2 2 2 2 2
left_child=1 2 3 5 7 19 23 22 10 20 11 16 14 28 -13 26 17 -9 -19 -1 -10 27 -2 -4 -17 -18 -3 -8 -6 -22
right_child=4 15 6 -5 13 -7 21 8 9 -11 -12 12 -14 -15 -16 24 25 18 -20 -21 29 -23 -24 -25 -26 -27 -28 -29 -30 -31
leaf_value=-7.72647773762802 -1.7955525135993957 12.800806479761677 5.7439169403076171 18.02846284420594 -1.8451459935795176 11.05599475513805 7.5593358249664302 -7.5981142337902172 8.6960222364580897 -6.2447590315969368 -8.1346402712197143 7.0385435828337304 -5.4393601924180981 -8.4794958238930533 19.526966017119737 6.2428198143839833 7.5761389625072475 6.168975726138143 -4.7968596131461005 1.1169243484497071 12.782549961635045 19.651984160955138 -8.762720995451275 -3.7794623588562009 12.737029027938842 -1.5913072299957274 18.875611189061942 14.489484887123107 3.8654812599630914 20.394327952067059
leaf_weight=154 36 31 25 23 55 33 20 111 43 38 145 26 32 435 49 32 20 34 42 25 21 52 133 25 66 22 88 64 34 27
leaf_count=154 36 31 25 23 55 33 20 111 43 38 145 26 32 435 49 32 20 34 42 25 21 52 133 25 66 22 88 64 34 27
internal_value=6.82708e-08 7.62597 4.19733 -1.62746 -3.73397 -3.75994 11.5566 -1.54908 0.0382787 7.40859 -1.93838 0.735608 9.02583 -6.98213 15.1976 14.2778 -3.13799 -4.46585 0.108909 -6.49137 13.11 15.4442 -7.27859 0.982227 10.6165 2.77414 17.2931 12.8394 0.336442 17.0642
internal_weight=1941 638 421 235 1303 212 186 779 610 129 481 336 107 524 75 217 229 187 76 179 91 136 169 50 98 42 119 84 89 48
internal_count=1941 638 421 235 1303 212 186 779 610 129 481 336 107 524 75 217 229 187 76 179 91 136 169 50 98 42 119 84 89 48
is_linear=0
shrinkage=0.03


Tree=4
num_leaves=31
num_cat=0
split_feature=11 9 8 9 28 37 46 47 9 10 15 4 11 11 37 10 9 58 33 17 53 49 58 58 19 38 37 2 35 9
split_gain=5.78608e+07 1.51595e+07 1.8974e+07 1.04756e+07 8.77035e+06 8.5692e+06 9.92996e+06 7.12565e+06 9.50055e+06 1.04082e+07 8.14571e+06 1.19399e+07 4.03918e+06 3.59874e+06 3.33292e+06 4.99155e+06 3.42151e+06 2.79988e+06 1.61036e+06 1.55608e+06 1.54769e+06 1.4737e+06 1.45653e+06 1.21536e+06 852641 1.1139e+06 844898 711169 708099 693054
threshold=-0.47114434510950048 150.50000000000003 3.5000000000000004 149.50000000000003 1006.0500000000001 123.93750000000001 24.550000000000004 7.5000000000000009 146.50000000000003 0.22695468355932452 83.500000000000014 20.500000000000004 -0.19509032201612839 -0.70710678118654757 1.0000000180025095e-35 0.58216583101416164 140.50000000000003 1005.85 1133.0267855000004 41.500000000000007 199.50000000000003 14.500000000000002 1004.7500000000001 1006.1500000000002 98.500000000000014 749.40022320000014 263.65982145000004 7778.1250000000009 316.67142855000003 144.50000000000003
decision_type=2 2 2 2 2 2 2 2 2 2 2 2 2 2 2 2 2 2 2 2 2 2 2 2 2 2 2 2 2 2
left_child=1 2 5 7 -4 -1 18 22 10 27 11 14 -5 24 15 16 -9 -13 -7 -11 26 -16 -2 -17 25 -3 -6 -10 -27 -28
right_child=3 13 4 12 20 6 -8 8 9 19 -12 17 -14 -15 21 23 -18 -19 -20 -21 -22 -23 -24 -25 -26 28 29 -29 -30 -31
leaf_value=12.59097509730946 0.49878596878051756 12.732877753121512 0.72591394773551388 -0.59916385673496819 7.8556924130366399 -7.9410825679949575 10.572011107901732 13.56046935004157 -1.0179991464614868 7.4394708506266278 -7.8906017433692668 20.360309404645648 -8.2251110414292281 7.1893208010991412 -6.6262576242395346 -6.2536672804905811 -0.9836896514892578 6.2338655488387396 -0.33127943038940433 16.182413163436085 18.993572042655945 1.7173413276672362 -8.1410632864634191 2.1579076740958474 11.644003373698183 20.224696461070668 16.798553815988392 -8.9225095476422975 14.009908925836736 10.545927333831788
leaf_weight=33 20 42 56 73 26 151 36 37 20 27 145 28 435 63 111 52 24 23 30 57 50 23 144 22 38 66 39 21 22 27
leaf_count=33 20 42 56 73 26 151 36 37 20 27 145 28 435 63 111 52 24 23 30 57 50 23 144 22 38 66 39 21 22 27
internal_value=-5.37433e-08 7.06148 3.84267 -3.79932 10.7801 -1.65179 -3.81774 -1.55581 -0.0182081 7.32424 -1.99199 0.680825 -7.12926 13.304 -1.84239 1.48453 7.83818 13.9896 -6.67979 13.3722 14.7451 -5.19415 -7.08742 -3.75293 15.597 16.7525 12.4362 -5.06665 18.671 14.2407
internal_weight=1941 679 448 1262 198 250 217 754 590 125 465 320 508 231 269 135 61 51 181 84 142 134 164 74 168 130 92 41 88 66
internal_count=1941 679 448 1262 198 250 217 754 590 125 465 320 508 231 269 135 61 51 181 84 142 134 164 74 168 130 92 41 88 66
is_linear=0
shrinkage=0.03


Tree=5
num_leaves=31
num_cat=0
split_feature=11 9 8 36 9 46 28 8 47 9 11 28 17 46 11 11 11 16 35 28 40 23 41 41 58 43 28 37 19 15
split_gain=5.44412e+07 1.42636e+07 1.78527e+07 9.95904e+06 9.85654e+06 9.13834e+06 8.25202e+06 6.8074e+06 6.60833e+06 6.06482e+06 1.04862e+07 5.29344e+06 5.27029e+06 6.16285e+06 4.16096e+06 3.80047e+06 3.38606e+06 3.07727e+06 2.14262e+06 1.86858e+06 1.6664e+06 1.61207e+06 1.19332e+06 1.13347e+06 1.11729e+06 1.09687e+06 1.05803e+06 895165 712748 607766
threshold=-0.47114434510950048 150.50000000000003 3.5000000000000004 273.36607145000005 149.50000000000003 24.550000000000004 1006.0500000000001 2.5000000000000004 7.5000000000000009 146.50000000000003 0.68322629814330826 1006.4500000000002 44.500000000000007 25.650000000000002 0.83146961230254512 -0.19509032201612839 -0.70710678118654757 24.650000000000002 710.55000000000007 1004.85 956.98038196875007 199.50000000000003 218.88535465283988 326.18988363030729 1005.6500000000002 12.693750000000003 1006.5500000000001 88.262500000000003 37.500000000000007 57.500000000000007
decision_type=2 2 2 2 2 2 2 2 2 2 2 2 2 2 2 2 2 2 2 2 2 2 2 2 2 2 2 2 2 2
left_child=1 2 3 5 7 20 22 8 24 10 18 19 25 17 -11 -6 23 -14 -10 -12 -1 27 -4 -3 -2 -9 -19 -8 -23 -29
right_child=4 16 6 -5 15 -7 21 12 9 14 11 -13 13 -15 -16 -17 -18 26 -20 -21 -22 28 -24 -25 -26 -27 -28 29 -30 -31
leaf_value=-7.3868154249367883 0.59816972351074216 13.292432780861855 5.0834421198708668 16.360866625213625 -0.58118898251285289 10.254850689570109 6.4497750118800568 -6.9334749413901609 -7.0219393070538834 16.945868641246449 6.7438075168029616 -4.2265587779453817 -1.692533309242942 -7.8154872633860668 2.1521057060786655 -7.978358033739287 6.9736412525176998 16.91875723702567 2.480478423663548 17.024826126912746 0.66329476356506345 21.284693412780761 -3.6751689101968492 18.435153707504274 -7.4419327501569477 0.040760538794777604 7.2774337406158445 17.930739028930663 14.065294326782226 11.724894494037239
leaf_weight=162 20 108 28 25 73 36 21 262 90 44 26 21 22 39 28 435 63 21 28 41 27 32 28 60 70 22 20 20 20 49
leaf_count=162 20 108 28 25 73 36 21 262 90 44 26 21 22 39 28 435 63 21 28 41 27 32 28 60 70 22 20 20 20 49
internal_value=-3.31073e-09 6.84963 3.72739 -1.60224 -3.68534 -3.59814 10.4567 -1.50913 1.41028 3.69768 1.07805 8.9159 -4.29241 1.55689 11.1927 -6.91538 12.9049 7.35884 -4.76713 13.0352 -6.2368 14.3028 0.704137 15.1291 -5.65524 -6.39322 12.2157 11.8731 18.508 13.5237
internal_weight=1941 679 448 250 1262 225 198 754 368 278 206 88 386 102 72 508 231 63 118 67 189 142 56 168 90 284 41 90 52 69
internal_count=1941 679 448 250 1262 225 198 754 368 278 206 88 386 102 72 508 231 63 118 67 189 142 56 168 90 284 41 90 52 69
is_linear=0
shrinkage=0.03


Tree=6
num_leaves=31
num_cat=0
split_feature=11 12 8 36 12 46 56 47 6 10 15 4 11 11 58 11 6 47 6 58 49 51 45 37 8 27 47 53 53 23
split_gain=5.12546e+07 1.34764e+07 1.6705e+07 9.27955e+06 8.56402e+06 7.96501e+06 6.82574e+06 6.61093e+06 8.24118e+06 9.51246e+06 7.45406e+06 1.04794e+07 5.28128e+06 2.73972e+06 2.50802e+06 2.2335e+06 2.15914e+06 1.62197e+06 3.15196e+06 1.61042e+06 2.34826e+06 1.99764e+06 1.49761e+06 1.43192e+06 1.38451e+06 1.37102e+06 1.08494e+06 899713 707413 701927
threshold=-0.5277851165098012 0.52490632455031438 3.5000000000000004 455.96785715000004 0.53946920585801694 24.550000000000004 17.550000000000004 7.5000000000000009 25.500000000000004 0.22695468355932452 83.500000000000014 20.500000000000004 -0.19509032201612839 0.84874750804349197 1005.85 -0.84874750804349197 22.500000000000004 1.5000000000000002 25.500000000000004 1006.5500000000001 8.5000000000000018 146.50000000000003 81.500000000000014 263.65982145000004 1.0000000180025095e-35 295.50000000000006 42.500000000000007 137.50000000000003 62.500000000000007 126.50000000000001
decision_type=2 2 2 2 2 2 2 2 2 2 2 2 2 2 2 2 2 2 2 2 2 2 2 2 2 2 2 2 2 2
left_child=1 15 3 5 12 17 23 24 10 -10 11 13 29 19 -13 -1 -8 18 -3 20 -9 -22 -15 -4 -6 26 -11 -17 -21 -2
right_child=4 2 6 -5 7 -7 16 8 9 25 -12 14 -14 22 -16 27 -18 -19 -20 28 21 -23 -24 -25 -26 -27 -28 -29 -30 -31
leaf_value=15.801932246584853 -1.8129646131342105 7.4755425902775352 9.5919031709943496 16.619054140837296 -1.4479163932800292 10.099509513161399 -4.4947504472732547 -6.5338096151351932 -4.9533996922629218 4.0274079208374021 -7.4526713686071595 19.239664715358188 -7.7390071768925104 11.528881982803345 5.8697362605385148 5.5579038333892816 6.8871918632984164 -7.595181919140602 -8.439314346313477 -1.1090120094472711 5.2187648881770468 -4.1447634813059935 -0.080820350646972655 16.777565155029297 -8.0797717881740478 17.493452180431735 12.742115748723347 11.687605194611981 6.6867038737535474 3.6703285654853368
leaf_weight=119 55 21 35 23 36 33 24 120 42 20 145 28 435 20 23 32 40 134 24 22 37 46 20 87 133 31 36 66 20 34
leaf_count=119 55 21 35 23 36 33 24 120 42 20 145 28 435 20 23 32 40 134 24 22 37 46 20 87 133 31 36 66 20 34
internal_value=-1.95415e-08 6.96686 3.83655 -1.47996 -3.41125 -3.44353 10.5536 -1.41651 0.0381489 6.77146 -1.76767 0.685683 -6.3767 -1.55553 13.2101 13.0399 2.61896 -5.94029 -1.01238 -2.74403 -3.85035 0.0293395 5.72403 14.7161 -6.66707 12.4317 9.62972 9.68607 2.60323 0.281777
internal_weight=1941 638 421 235 1303 212 186 779 610 129 481 336 524 285 51 217 64 179 45 245 203 83 40 122 169 87 56 98 42 89
internal_count=1941 638 421 235 1303 212 186 779 610 129 481 336 524 285 51 217 64 179 45 245 203 83 40 122 169 87 56 98 42 89
is_linear=0
shrinkage=0.03


Tree=7
num_leaves=31
num_cat=0
split_feature=11 12 8 36 12 46 28 8 47 6 11 28 17 46 10 11 11 16 10 35 47 39 37 6 41 41 58 43 56 28
split_gain=4.82289e+07 1.2646e+07 1.58287e+07 8.83993e+06 8.73478e+06 8.09026e+06 7.40362e+06 6.10219e+06 5.87957e+06 5.40144e+06 9.43155e+06 4.80864e+06 4.71724e+06 5.54109e+06 3.72323e+06 3.39268e+06 3.00771e+06 2.76038e+06 2.44692e+06 1.98014e+06 1.51912e+06 3.16388e+06 1.18038e+06 1.26809e+06 1.07345e+06 1.03899e+06 1.03675e+06 977136 942276 936428
threshold=-0.47114434510950048 0.52490632455031438 3.5000000000000004 273.36607145000005 0.53946920585801694 24.550000000000004 1006.0500000000001 2.5000000000000004 7.5000000000000009 25.500000000000004 0.68322629814330826 1005.9500000000002 44.500000000000007 25.650000000000002 0.35206144883412582 -0.097964660725097366 -0.70710678118654757 24.650000000000002 0.35206144883412582 710.55000000000007 1.5000000000000002 884.64999995000005 263.65982145000004 23.500000000000004 218.88535465283988 326.18988363030729 1005.6500000000002 12.693750000000003 19.950000000000003 1006.5500000000001
decision_type=2 2 2 2 2 2 2 2 2 2 2 2 2 2 2 2 2 2 2 2 2 2 2 2 2 2 2 2 2 2
left_child=1 16 3 5 15 20 24 8 26 10 19 18 27 17 -11 -2 25 -14 -12 -10 21 -3 -8 -24 -4 -1 -6 28 -9 -19
right_child=4 2 6 -5 7 -7 22 12 9 14 11 -13 13 -15 -16 -17 -18 29 -20 -21 -22 -23 23 -25 -26 -27 -28 -29 -30 -31
leaf_value=12.486378486884965 -1.5262307160189656 -8.03283087510329 4.7594001225062774 15.412445008850096 0.70324443054199215 9.6426593818267179 8.8788439642416463 -7.2237596661733541 -6.6817127172152198 -0.42536356258392333 17.060926328386579 -2.6698422569274904 -1.5925273912603204 -7.408387831908005 14.805722764822152 -7.715582478623519 6.5585026427677695 16.004691554478239 4.5189260099828239 2.4533270471436639 -7.3999198769856163 7.838324195265769 17.049878965524524 9.5065702152252189 -3.5476697485787527 17.410097640872003 -7.0416528085981094 0.029893289045854046 -1.7293358087539672 6.9343047981262202
leaf_weight=108 99 26 28 25 20 36 37 230 90 20 42 25 22 39 52 409 63 21 21 28 143 20 78 27 28 60 70 22 32 20
leaf_count=108 99 26 28 25 20 36 37 230 90 20 42 25 22 39 52 409 63 21 21 28 143 20 78 27 28 60 70 22 32 20
internal_value=2.45017e-08 6.44699 3.50711 -1.51132 -3.4687 -3.39173 9.8435 -1.42007 1.34399 3.50158 1.02937 8.46262 -4.05524 1.47865 10.5749 -6.50939 12.1486 6.98014 12.8803 -4.51408 -5.87447 -1.13233 13.4865 15.1102 0.605865 14.2448 -5.32056 -6.04277 -6.55268 11.5801
internal_weight=1941 679 448 250 1262 225 198 754 368 278 206 88 386 102 72 508 231 63 63 118 189 46 142 105 56 168 90 284 262 41
internal_count=1941 679 448 250 1262 225 198 754 368 278 206 88 386 102 72 508 231 63 63 118 189 46 142 105 56 168 90 284 262 41
is_linear=0
shrinkage=0.03


Tree=8
num_leaves=31
num_cat=0
split_feature=11 12 8 36 12 46 56 17 6 10 15 4 11 8 11 49 6 53 6 58 47 47 6 37 49 8 41 16 23 11
split_gain=4.54157e+07 1.19358e+07 1.48001e+07 8.23528e+06 7.5863e+06 7.05859e+06 6.14645e+06 5.88435e+06 7.09779e+06 8.90033e+06 6.88659e+06 9.26275e+06 4.69414e+06 3.35233e+06 2.70387e+06 2.59176e+06 2.18332e+06 2.03031e+06 1.96579e+06 1.86967e+06 1.49991e+06 1.43779e+06 2.79401e+06 1.27542e+06 1.25512e+06 1.08816e+06 1.03238e+06 936193 652078 638795
threshold=-0.5277851165098012 0.52490632455031438 3.5000000000000004 455.96785715000004 0.53946920585801694 24.550000000000004 17.550000000000004 7.5000000000000009 25.500000000000004 0.097964660725097366 83.500000000000014 19.500000000000004 -0.19509032201612839 1.5000000000000002 0.83146961230254512 6.5000000000000009 19.500000000000004 158.50000000000003 22.500000000000004 1006.5500000000001 41.500000000000007 1.5000000000000002 25.500000000000004 263.65982145000004 8.5000000000000018 1.0000000180025095e-35 336.58613312049175 24.150000000000002 126.50000000000001 -0.77259657388510616
decision_type=2 2 2 2 2 2 2 2 2 2 2 2 2 2 2 2 2 2 2 2 2 2 2 2 2 2 2 2 2 2
left_child=1 17 3 5 12 21 23 25 10 -10 11 14 28 -13 19 -15 -16 29 -8 24 -11 22 -3 -4 -9 -6 -19 -26 -2 -1
right_child=4 2 6 -5 7 -7 18 8 9 20 -12 13 -14 15 16 -17 -18 26 -20 -21 -22 -23 -24 -25 27 -27 -28 -29 -30 -31
leaf_value=11.413617812189562 -1.7436577975533225 7.0387995564937587 9.048432010646378 15.658109217104705 -1.7148386380331855 9.507244206341829 -4.3826378488540652 -6.5122727167059526 -6.0293350530925549 6.1835216129527373 -7.0342420835302981 18.278912358777276 -7.2864676328198668 -2.7539553480148311 12.299395019531248 12.518857475280761 -1.1216218280792236 12.677647904506269 6.4777169523239131 2.543843484010015 14.094496417934611 -7.1504360876510393 -7.9451500320434558 15.830052103502995 2.6395105212330821 -7.6841186964511872 18.235338341849193 -4.2992974877357479 3.5413434505462646 5.5657505328655246
leaf_weight=29 55 21 35 23 35 33 24 109 38 34 149 29 435 20 20 20 24 106 40 42 59 134 24 87 30 128 42 42 34 40
leaf_count=29 55 21 35 23 35 33 24 109 38 34 149 29 435 20 20 20 24 106 40 42 59 134 24 87 30 128 42 42 34 40
internal_value=-3.77451e-08 6.55803 3.61207 -1.39213 -3.21107 -3.24193 9.9346 -1.33365 0.00758477 6.20382 -1.66604 0.714506 -6.00212 10.5128 -1.81765 4.88245 4.97884 12.2735 2.40508 -3.15866 11.2023 -5.59233 -0.95264 13.8845 -4.48189 -6.40237 14.2548 -1.40813 0.275331 8.02355
internal_weight=1941 638 421 235 1303 212 186 779 616 131 485 336 524 69 267 40 44 217 64 223 93 179 45 122 181 163 148 72 89 69
internal_count=1941 638 421 235 1303 212 186 779 616 131 485 336 524 69 267 40 44 217 64 223 93 179 45 122 181 163 148 72 89 69
is_linear=0
shrinkage=0.03


Tree=9
num_leaves=31
num_cat=0
split_feature=23 46 12 6 6 43 12 4 4 6 17 4 46 31 4 6 17 38 41 12 12 41 6 23 49 37 41 46 23 41
split_gain=3.70367e+07 1.13418e+07 1.31155e+07 7.54739e+06 1.28787e+07 7.01464e+06 8.47248e+06 7.90884e+06 4.20706e+06 6.82697e+06 8.68324e+06 4.02461e+06 3.62897e+06 3.27394e+06 3.10977e+06 3.01516e+06 4.63694e+06 2.24076e+06 2.16953e+06 1.61035e+06 1.62824e+06 1.5775e+06 1.53427e+06 1.2908e+06 1.18654e+06 1.17083e+06 1.11747e+06 1.07603e+06 931036 758057
threshold=151.50000000000003 24.450000000000003 0.64987354830121502 25.500000000000004 28.500000000000004 55.883035850000063 0.64987354830121502 19.500000000000004 17.500000000000004 25.500000000000004 48.500000000000007 1.5000000000000002 25.650000000000002 589.3214286000001 11.500000000000002 28.500000000000004 29.500000000000004 987.31986601250014 328.86280383685556 0.64987354830121502 0.60980454008255491 289.6940167744109 24.500000000000004 165.50000000000003 8.5000000000000018 507.66607145000006 298.91126748988069 23.850000000000005 126.50000000000001 317.77188309952709
decision_type=2 2 2 2 2 2 2 2 2 2 2 2 2 2 2 2 2 2 2 2 2 2 2 2 2 2 2 2 2 2
left_child=5 2 3 14 -5 6 8 11 9 13 15 -8 21 28 -2 16 -11 22 -13 20 25 -9 29 -16 -21 -7 -6 -4 -1 -3
right_child=1 17 27 4 26 19 7 12 -10 10 -12 18 -14 -15 23 -17 -18 -19 -20 24 -22 -23 -24 -25 -26 -27 -28 -29 -30 -31
leaf_value=-6.8961134981155388 18.556602107456751 11.071090517697268 -7.7470345421359958 -6.78935008358311 6.8007637318697842 0.8379938070476054 7.7190260338783263 18.61553009033203 -7.3362739289787156 -4.6610518987973526 15.66942310810089 -5.4947983572016588 -0.32509593963623046 5.239998767479606 3.9845637039704758 -5.4852772618223122 10.565471798578898 19.593714418153507 3.287886746314264 -7.7656555393763949 11.663692665100097 8.1340580034255971 4.3767331647872929 11.149649970928827 2.4444541089534755 6.70256301498413 14.217372652146874 -0.041080608367919921 -0.21107532978057861 16.550160175670278
leaf_weight=300 42 73 73 74 33 96 32 28 377 36 32 138 24 23 33 81 36 37 31 21 21 24 24 72 20 45 41 21 20 33
leaf_count=300 42 73 73 74 33 96 32 28 377 36 32 138 24 23 33 81 36 37 31 21 21 24 24 72 20 45 41 21 20 33
internal_value=-5.06686e-10 6.54051 3.73309 6.8426 2.06031 -2.62565 -3.51044 1.08051 -4.91562 -3.18724 1.45769 -2.03656 9.32434 -5.69252 11.6574 -1.5147 2.95221 13.08 -3.88377 2.52616 3.87037 13.7779 11.226 8.89777 -2.78511 2.70966 10.91 -6.02549 -6.4783 12.7768
internal_weight=1941 556 389 295 148 1385 1182 277 905 528 185 201 76 343 147 153 72 167 169 203 162 52 130 105 41 141 74 94 320 106
internal_count=1941 556 389 295 148 1385 1182 277 905 528 185 201 76 343 147 153 72 167 169 203 162 52 130 105 41 141 74 94 320 106
is_linear=0
shrinkage=0.03


Tree=10
num_leaves=31
num_cat=0
split_feature=11 12 8 36 12 46 28 17 12 10 15 4 11 8 11 12 28 11 17 23 19 53 39 21 36 8 41 53 38 19
split_gain=4.03156e+07 1.06397e+07 1.31366e+07 7.31316e+06 6.75424e+06 6.32255e+06 5.77494e+06 5.26062e+06 6.34725e+06 7.90883e+06 6.21997e+06 8.20277e+06 4.15194e+06 3.09128e+06 2.4582e+06 1.98869e+06 1.86479e+06 1.79919e+06 1.3586e+06 1.2424e+06 1.2194e+06 1.16804e+06 2.97807e+06 1.06453e+06 1.01172e+06 986256 931910 746978 732641 663572
threshold=-0.5277851165098012 0.52490632455031438 3.5000000000000004 320.68660715000004 0.53946920585801694 24.550000000000004 1006.0500000000001 7.5000000000000009 0.58218302397213695 0.097964660725097366 83.500000000000014 19.500000000000004 -0.19509032201612839 1.5000000000000002 0.83146961230254512 0.66285048286959747 1006.5500000000001 -0.84874750804349197 44.500000000000007 199.50000000000003 8.5000000000000018 171.50000000000003 838.08058037500007 146.50000000000003 12.312500000000002 1.0000000180025095e-35 218.88535465283988 137.50000000000003 749.40022320000014 37.500000000000007
decision_type=2 2 2 2 2 2 2 2 2 2 2 2 2 2 2 2 2 2 2 2 2 2 2 2 2 2 2 2 2 2
left_child=1 17 3 5 12 21 26 25 9 -9 11 14 -2 -13 16 -16 20 28 -11 -8 -10 22 -3 -22 -18 -6 -4 -19 -1 -21
right_child=4 2 6 -5 7 -7 19 8 10 18 -12 13 -14 -15 15 -17 24 27 -20 29 23 -23 -24 -25 -26 -27 -28 -29 -30 -31
leaf_value=10.087979577587497 0.24484336949466318 -6.9808243626185815 4.731562998962402 14.37474208831787 -1.5838359354564122 8.9588675134832201 10.303199850405965 -5.6579349739927993 -6.4040018503620937 6.8406656042734779 -6.6702067876982207 17.372200959304283 -6.8668445538487921 4.5079081707000732 -1.0307443904876707 11.778125347137451 6.315921332744451 4.8033743190765383 14.09640899658203 18.882766313552857 3.3657980102962917 -6.963086024028498 7.530964111447334 -4.2011630789800121 -2.6589655988216396 -7.2667459666728966 -3.4597451591491697 10.388608420978892 15.451105903712184 11.916867908477784
leaf_weight=31 89 35 25 24 35 33 84 38 106 45 149 29 435 40 24 20 26 32 48 32 27 123 20 44 20 128 25 66 88 20
leaf_count=31 89 35 25 24 35 33 84 38 106 45 149 29 435 40 24 20 26 32 48 32 27 123 20 44 20 128 25 66 88 20
internal_value=7.93377e-09 6.17884 3.39743 -1.31716 -3.0254 -3.10202 9.35403 -1.25393 0.0142303 5.87371 -1.56843 0.69396 -5.65894 9.91464 -1.68891 4.79147 -2.96755 11.575 10.5856 12.5592 -4.3661 -5.33803 -1.70381 -1.32359 2.4138 -6.04649 0.635909 8.56486 14.054 16.2036
internal_weight=1941 638 421 235 1303 211 186 779 616 131 485 336 524 69 267 44 223 217 93 136 177 178 55 71 46 163 50 98 119 52
internal_count=1941 638 421 235 1303 211 186 779 616 131 485 336 524 69 267 44 223 217 93 136 177 178 55 71 46 163 50 98 119 52
is_linear=0
shrinkage=0.03


Tree=11
num_leaves=31
num_cat=0
split_feature=1 46 9 6 6 9 4 1 6 6 18 6 4 10 35 6 40 30 40 23 18 19 34 8 58 1 37 1 19 20
split_gain=3.58682e+07 8.50116e+06 1.11314e+07 6.79985e+06 1.03867e+07 4.72582e+06 7.88561e+06 6.6556e+06 6.63329e+06 4.64552e+06 9.43511e+06 6.26157e+06 4.27488e+06 3.68065e+06 3.38795e+06 3.17747e+06 2.80381e+06 2.68423e+06 2.17608e+06 1.68067e+06 1.42002e+06 1.37696e+06 887402 886431 879112 856853 693812 665767 640591 544350
threshold=4640.2142855000011 24.450000000000003 141.50000000000003 25.500000000000004 28.500000000000004 141.50000000000003 18.500000000000004 1290.6875000000002 16.500000000000004 25.500000000000004 29.500000000000004 28.500000000000004 1.5000000000000002 0.58216583101416164 256.33482145000005 25.500000000000004 406.23630953270839 843.57321430000013 803.90152529375007 142.50000000000003 42.500000000000007 1.5000000000000002 833.9312500000002 1.5000000000000002 1003.35 7682.1696430000011 711.16428570000016 595.90178570000012 13.500000000000002 1.0000000180025095e-35
decision_type=2 2 2 2 2 2 2 2 2 2 2 2 2 2 2 2 2 2 2 2 2 2 2 2 2 2 2 2 2 2
left_child=5 2 28 14 -5 6 12 9 -8 27 -11 13 -1 -12 21 17 -10 25 19 20 -9 -4 -6 -16 -14 -3 -25 -7 -2 -20
right_child=1 15 3 4 22 7 8 18 16 10 11 -13 24 -15 23 -17 -18 -19 29 -21 -22 -23 -24 26 -26 -27 -28 -29 -30 -31
leaf_value=7.3685406017303468 -7.3598243017757632 6.9045741624491548 16.415330708026886 -6.1278095173232154 12.079970919020631 -6.9486359447083013 -7.8018289947509762 -0.61235021134217582 15.176491228970614 -6.1028576688059086 0.72744601249694818 -6.8323224824050373 1.272252938406808 14.264765272701489 10.698258878162928 1.3702755393300738 2.2907007544381277 16.493902831634916 -5.7975524425506588 9.8197538862557252 7.3496777343749997 8.6260943603515621 4.9898097658157345 -1.0092634649276733 -5.2469970971782027 12.324705179850261 5.9597293853759767 -2.6661066537584577 -1.4704789248379793 0.11086399150931317
leaf_weight=32 68 63 64 79 47 491 20 72 55 182 28 29 21 51 21 28 21 77 36 29 28 30 24 20 164 45 36 35 22 23
leaf_count=32 68 63 64 79 47 491 20 72 55 182 28 29 21 51 21 28 21 77 36 29 28 30 24 20 164 45 36 35 22 23
internal_value=1.17164e-08 5.92466 3.40387 6.0181 1.35611 -2.80713 0.411432 -3.81053 7.57057 -4.98294 -1.93443 5.09013 -2.75575 9.46673 10.1076 10.7887 11.6159 12.2142 1.27826 3.46104 1.61702 13.9294 9.6833 5.44193 -4.50697 9.16296 3.4708 -6.66368 -5.92021 -3.49427
internal_weight=1941 624 411 321 150 1317 313 1004 96 816 290 108 217 79 171 213 76 185 188 129 100 94 71 77 185 108 56 526 90 59
internal_count=1941 624 411 321 150 1317 313 1004 96 816 290 108 217 79 171 213 76 185 188 129 100 94 71 77 185 108 56 526 90 59
is_linear=0
shrinkage=0.03


Tree=12
num_leaves=31
num_cat=0
split_feature=11 9 8 36 9 46 28 8 47 9 11 28 17 46 10 11 11 16 10 41 23 47 39 41 58 41 26 42 36 36
split_gain=3.57594e+07 9.51442e+06 1.18339e+07 6.55744e+06 6.5386e+06 6.02502e+06 5.6515e+06 4.83668e+06 4.51842e+06 4.24278e+06 7.51861e+06 3.77134e+06 3.62103e+06 4.26422e+06 2.85438e+06 2.50021e+06 2.28859e+06 2.09933e+06 1.79419e+06 1.53838e+06 1.21961e+06 1.11455e+06 2.45313e+06 835030 810387 800198 785004 754819 707932 664682
threshold=-0.47114434510950048 150.50000000000003 3.5000000000000004 273.36607145000005 149.50000000000003 24.550000000000004 1006.0500000000001 2.5000000000000004 7.5000000000000009 146.50000000000003 0.68322629814330826 1005.9500000000002 44.500000000000007 25.650000000000002 0.58216583101416164 -0.097964660725097366 -0.70710678118654757 24.650000000000002 0.35206144883412582 245.43031381086146 199.50000000000003 1.5000000000000002 884.64999995000005 218.88535465283988 1005.6500000000002 326.18988363030729 19.950000000000003 12.693750000000003 503.2214285500001 9.2428571430000002
decision_type=2 2 2 2 2 2 2 2 2 2 2 2 2 2 2 2 2 2 2 2 2 2 2 2 2 2 2 2 2 2
left_child=1 2 3 5 7 21 23 8 24 10 19 18 26 17 -11 -6 25 -14 -12 -10 29 22 -1 -4 -2 -3 27 -9 -19 -8
right_child=4 16 6 -5 15 -7 20 12 9 14 11 -13 13 -15 -16 -17 -18 28 -20 -21 -22 -23 -24 -25 -26 -27 -28 -29 -30 -31
leaf_value=-7.1142483637883105 0.7298083877563476 10.782211671405369 4.0725651904514857 13.238179431152343 -1.3398074819102432 8.2909278353055313 10.927713253804615 -6.3715920680709504 -6.2269972684009964 1.9189318559850963 15.075739342825752 -2.2753111015319827 -1.3618239316073331 -6.508087748747605 14.171810922446577 -6.6530794027556999 5.6206289945329937 6.2786847959245948 4.3360568741389685 1.272313904898507 15.320662994384765 -6.4065929935195225 6.8609725885391235 -3.2541307941504889 -6.1175750885009759 15.103240726470947 -0.87562822580337518 -0.55501124845309679 14.165185020446778 4.7263747329711912
leaf_weight=26 20 108 28 25 99 36 70 230 83 28 42 25 22 39 44 409 63 21 21 35 52 143 20 28 70 60 32 22 20 20
leaf_count=26 20 108 28 25 99 36 70 230 83 28 42 25 22 39 44 409 63 21 21 35 52 143 20 28 70 60 32 22 20 20
internal_value=1.67151e-08 5.55135 3.00132 -1.33786 -2.98682 -2.95742 8.48009 -1.21434 1.24647 3.1379 0.946824 7.58358 -3.5604 1.28804 9.4068 -5.61762 10.4969 6.11422 11.4958 -4.00263 11.663 -5.09997 -1.03807 0.409217 -4.59593 12.3254 -5.30175 -5.8638 10.1258 9.54964
internal_weight=1941 679 448 250 1262 225 198 754 368 278 206 88 386 102 72 508 231 63 63 118 142 189 46 56 90 168 284 252 41 90
internal_count=1941 679 448 250 1262 225 198 754 368 278 206 88 386 102 72 508 231 63 63 118 142 189 46 56 90 168 284 252 41 90
is_linear=0
shrinkage=0.03


Tree=13
num_leaves=31
num_cat=0
split_feature=11 12 8 36 12 46 35 8 47 6 11 58 17 46 10 11 11 16 10 35 37 47 39 58 41 26 42 10 6 23
split_gain=3.3646e+07 8.95212e+06 1.11345e+07 6.1699e+06 6.15217e+06 5.66894e+06 5.21006e+06 4.55083e+06 4.25138e+06 3.99204e+06 7.07426e+06 3.54846e+06 3.40703e+06 4.01221e+06 2.68569e+06 2.35245e+06 2.15333e+06 1.97526e+06 1.68815e+06 1.46112e+06 1.15661e+06 1.04868e+06 2.30815e+06 762493 752906 738610 710210 678894 612622 544643
threshold=-0.47114434510950048 0.52490632455031438 3.5000000000000004 273.36607145000005 0.53946920585801694 24.550000000000004 222.95625000000004 2.5000000000000004 7.5000000000000009 25.500000000000004 0.68322629814330826 1005.9500000000002 44.500000000000007 25.650000000000002 0.58216583101416164 -0.097964660725097366 -0.70710678118654757 24.650000000000002 0.35206144883412582 710.55000000000007 263.65982145000004 1.5000000000000002 884.64999995000005 1005.6500000000002 326.18988363030729 19.950000000000003 12.693750000000003 0.77259657388510639 23.500000000000004 126.50000000000001
decision_type=2 2 2 2 2 2 2 2 2 2 2 2 2 2 2 2 2 2 2 2 2 2 2 2 2 2 2 2 2 2
left_child=1 16 3 5 15 21 20 8 23 10 19 18 25 17 -11 29 24 -14 -12 -10 -4 22 -3 -6 -1 26 -9 -19 -22 -2
right_child=4 2 6 -5 7 -7 -8 12 9 14 11 -13 13 -15 -16 -17 -18 27 -20 -21 28 -23 -24 -25 -26 -27 -28 -29 -30 -31
leaf_value=10.458745374679564 -2.6969772912247079 -6.9008209639329179 7.2590390303328229 12.841034225463867 0.70791399765014651 8.0421998076140877 1.4970470439686494 -6.1804443581156105 -5.7445523681640625 1.8613639032840728 14.623467189243861 -2.2070516349792482 -1.3209688256003638 -6.3128451450054461 13.746656544425269 -6.4534871070367483 5.452010157448905 13.777699253082274 4.2059751333509174 2.1024722344534736 14.845117537180583 -6.2143951974882103 6.6551433277130121 -5.9340479809897291 14.65014348220825 -0.84935937166213982 -0.53836088175123387 6.0546388108389717 9.0216297531127925 2.2437026902607506
leaf_weight=108 71 26 37 25 20 36 68 230 90 28 42 25 22 39 44 409 63 20 21 28 72 143 20 70 60 32 22 21 21 28
leaf_count=108 71 26 37 25 20 36 68 230 90 28 42 25 22 39 44 409 63 20 21 28 72 143 20 70 60 32 22 21 21 28
internal_value=-9.25853e-10 5.38481 2.91128 -1.29773 -2.89721 -2.8687 8.22569 -1.17791 1.20908 3.04376 0.918419 7.35608 -3.45359 1.2494 9.1246 -5.44909 10.1819 5.9308 11.151 -3.88255 11.7453 -4.94697 -1.00692 -4.45806 11.9557 -5.1427 -5.68788 9.82199 13.5301 -1.29961
internal_weight=1941 679 448 250 1262 225 198 754 368 278 206 88 386 102 72 508 231 63 63 118 130 189 46 90 168 284 252 41 93 99
internal_count=1941 679 448 250 1262 225 198 754 368 278 206 88 386 102 72 508 231 63 63 118 130 189 46 90 168 284 252 41 93 99
is_linear=0
shrinkage=0.03


Tree=14
num_leaves=31
num_cat=0
split_feature=11 12 8 12 37 8 6 56 11 17 6 35 15 4 8 49 11 28 6 6 19 11 47 8 19 2 47 37 38 55
split_gain=3.17227e+07 8.33061e+06 1.04917e+07 4.91249e+06 4.82734e+06 4.84389e+06 8.00347e+06 4.36464e+06 4.35029e+06 4.31682e+06 4.91962e+06 6.64739e+06 5.08268e+06 6.51613e+06 2.51019e+06 1.93901e+06 1.82661e+06 1.92095e+06 1.66048e+06 1.41636e+06 1.24827e+06 1.06489e+06 1.04171e+06 942158 923993 921011 1.17387e+06 831918 641203 562076
threshold=-0.58216583101416131 0.52490632455031438 3.5000000000000004 0.53946920585801694 147.17857140000004 1.0000000180025095e-35 24.500000000000004 17.550000000000004 -0.19509032201612839 7.5000000000000009 25.500000000000004 12.693750000000003 83.500000000000014 19.500000000000004 1.5000000000000002 6.5000000000000009 0.83146961230254512 1006.5500000000001 19.500000000000004 22.500000000000004 8.5000000000000018 -0.84874750804349197 41.500000000000007 1.0000000180025095e-35 2.5000000000000004 7965.0000000000009 24.500000000000004 263.65982145000004 749.40022320000014 108.00000000000001
decision_type=2 2 2 2 2 2 2 2 2 2 2 2 2 2 2 2 2 2 2 2 2 2 2 2 2 2 2 2 2 2
left_child=1 21 4 8 -3 6 -6 27 29 23 12 22 13 16 -15 -16 17 20 -18 -9 -11 28 -12 -5 -19 26 -22 -4 -1 -2
right_child=3 2 7 9 5 -7 -8 19 -10 10 11 -13 -14 14 15 -17 18 24 -20 -21 25 -23 -24 -25 -26 -27 -28 -29 -30 -31
leaf_value=8.8068469029088163 -2.0865810094624759 10.261667392829368 7.9589689949154847 -1.0448604035377502 -6.7841275918894803 -6.0295027856181438 15.50414633915342 -4.2268449415479381 -6.0921500589765349 -5.849074099049778 5.1659899546118337 -5.3014070301789502 -5.9539092488256875 15.642928477320176 -2.5545063514709474 10.655736305236815 10.642328467369079 5.9822112234177123 -1.0619404315948486 5.5278165782786708 4.762601236213337 8.1054025765827724 11.700231349698958 -6.5200543767755681 -2.0567744440653106 -6.1700621131488251 -4.3106055518559039 13.643252857753208 13.82415092695843 2.4332965137775129
leaf_weight=31 40 29 32 36 29 133 29 21 435 111 34 39 149 29 20 20 20 31 24 37 33 84 62 132 22 21 21 84 88 65
leaf_count=31 40 29 32 36 29 133 29 21 435 111 34 39 149 29 20 20 20 31 24 37 33 84 62 132 22 21 21 84 88 65
internal_value=-9.80494e-09 5.75448 3.21074 -2.55612 -1.14298 -2.87457 4.36001 8.71544 -4.76923 -1.0697 0.0601011 5.14299 -1.30954 0.656402 8.92275 4.05061 -1.35907 -2.3932 4.25818 1.99596 -3.8289 10.6916 9.38602 -5.3468 2.64527 -0.839042 1.23413 12.0752 12.5171 0.711438
internal_weight=1941 597 394 1344 220 191 58 174 540 804 636 135 501 352 69 40 283 239 44 58 186 203 96 168 53 75 54 116 119 105
internal_count=1941 597 394 1344 220 191 58 174 540 804 636 135 501 352 69 40 283 239 44 58 186 203 96 168 53 75 54 116 119 105
is_linear=0
shrinkage=0.03


Tree=15
num_leaves=31
num_cat=0
split_feature=11 9 8 36 9 46 56 30 17 6 10 15 4 8 49 11 58 6 6 53 58 19 47 38 36 53 8 16 53 6
split_gain=2.98479e+07 7.83827e+06 9.87167e+06 5.50337e+06 4.62216e+06 4.47664e+06 4.10668e+06 4.10431e+06 4.0617e+06 4.62887e+06 6.25453e+06 4.78229e+06 6.13103e+06 2.36184e+06 1.82441e+06 1.71866e+06 1.63657e+06 1.56235e+06 1.33266e+06 1.16842e+06 1.06018e+06 1.05819e+06 1.05153e+06 1.37019e+06 1.00153e+06 901730 886476 856528 572320 558061
threshold=-0.58216583101416131 150.50000000000003 3.5000000000000004 455.96785715000004 149.50000000000003 24.350000000000005 17.550000000000004 131.17857145000002 7.5000000000000009 25.500000000000004 0.097964660725097366 83.500000000000014 19.500000000000004 1.5000000000000002 6.5000000000000009 0.83146961230254512 1006.5500000000001 19.500000000000004 22.500000000000004 158.50000000000003 1007.4500000000002 8.5000000000000018 1.5000000000000002 832.62366071250005 2.7142857145000003 156.50000000000003 1.0000000180025095e-35 24.150000000000002 342.00000000000006 16.500000000000004
decision_type=2 2 2 2 2 2 2 2 2 2 2 2 2 2 2 2 2 2 2 2 2 2 2 2 2 2 2 2 2 2
left_child=1 2 3 5 8 22 29 -6 26 11 -11 12 15 -14 -15 16 21 -17 -8 -3 -12 -10 23 -1 -18 -9 -2 -23 -21 -4
right_child=4 19 6 -5 7 -7 18 25 9 10 20 -13 13 14 -16 17 24 -19 -20 28 -22 27 -24 -25 -26 -27 -28 -29 -30 -31
leaf_value=-6.1224641296863549 -1.0135145785411197 6.8571253194808959 7.8415233036187972 12.77782764268958 -5.9565384848051135 7.171947185923071 -4.1000394453321185 -0.82874990673547377 -5.4302349321399106 -5.1423648203336274 11.54647601032257 -5.7752919418539772 15.17364053397343 -2.4778712053298952 10.336064025878905 10.323058674082159 6.1288207538785606 -1.0300819778442383 5.3619820283232507 12.610425593678544 5.0343805062770848 2.6883711349262911 -6.1694737085481961 4.9823492431640624 -2.597606481492519 5.9541391103917896 -6.3244528163563114 -3.6834505442685859 7.1384875230789184 12.831322663466134
leaf_weight=20 36 60 26 23 429 34 21 89 113 39 60 149 29 20 20 20 29 24 37 123 36 34 123 20 20 22 132 43 20 90
leaf_count=20 36 60 26 23 429 34 21 89 113 39 60 149 29 20 20 20 29 24 37 123 36 34 123 20 20 22 132 43 20 90
internal_value=-1.10872e-09 5.58184 3.11442 -1.10869 -2.47943 -2.72996 8.45397 -4.62615 -1.03761 0.058298 4.9887 -1.27025 0.63671 8.65506 3.9291 -1.31829 -2.32141 4.13044 1.93608 10.3708 9.10444 -3.58211 -4.79538 -0.570057 2.56701 0.515606 -5.18639 -0.869919 11.8451 11.7129
internal_weight=1941 597 394 220 1344 197 174 540 804 636 135 501 352 69 40 283 239 44 58 203 96 190 163 40 49 111 168 77 143 116
internal_count=1941 597 394 220 1344 197 174 540 804 636 135 501 352 69 40 283 239 44 58 203 96 190 163 40 49 111 168 77 143 116
is_linear=0
shrinkage=0.03


Tree=16
num_leaves=31
num_cat=0
split_feature=1 46 12 6 6 12 1 1 16 6 18 6 58 58 6 41 26 17 37 40 23 40 41 36 18 1 6 49 50 8
split_gain=2.64983e+07 6.41063e+06 8.41957e+06 5.17219e+06 7.52945e+06 3.64905e+06 5.05735e+06 3.72759e+06 5.97906e+06 3.62771e+06 7.20994e+06 4.72713e+06 3.27992e+06 2.79469e+06 2.67618e+06 2.69102e+06 2.23207e+06 2.1366e+06 2.23359e+06 1.75916e+06 1.27418e+06 1.18501e+06 1.18142e+06 1.07805e+06 1.00089e+06 763298 693008 661337 530516 526228
threshold=4640.2142855000011 24.450000000000003 0.64987354830121502 25.500000000000004 28.500000000000004 0.64987354830121502 1361.4285715000003 1.0000000180025095e-35 25.850000000000005 25.500000000000004 29.500000000000004 28.500000000000004 1005.2500000000001 1007.1500000000002 25.500000000000004 317.77188309952709 11.65 46.500000000000007 14.437500000000002 803.90152529375007 142.50000000000003 851.24558533750007 307.4985923256034 479.87142860000006 42.500000000000007 7708.6428570000007 22.500000000000004 15.500000000000002 1.0000000180025095e-35 1.5000000000000002
decision_type=2 2 2 2 2 2 2 2 2 2 2 2 2 2 2 2 2 2 2 2 2 2 2 2 2 2 2 2 2 2
left_child=5 2 3 13 -5 6 9 8 12 -1 -11 16 17 21 15 25 -12 18 -7 20 24 -2 -6 -19 -8 -3 -23 -9 -21 -14
right_child=1 14 -4 4 22 7 19 27 -10 10 11 -13 29 -15 -16 -17 -18 23 -20 28 -22 26 -24 -25 -26 -27 -28 -29 -30 -31
leaf_value=-5.7830384236375929 9.0953215711457389 5.7067936439173561 -5.2058361663818351 -5.2609383125546607 3.9287506717443463 10.076336135864258 -0.36527560773751006 -5.9842738997768343 -6.5078306030273438 -5.2671255963320265 11.433806695373434 -5.8873822600266035 15.14328550338745 14.096752508097682 0.67258848564965379 15.599483263492584 0.36198872068653937 -6.4386621904373174 -1.9728816375732423 -5.4249906618935722 8.7264810285897099 -0.2995939510540459 11.706337152994596 2.030406688259494 6.4478068690829797 10.476337667004815 6.3172331852572308 -0.31053878889083858 0.36605465233325957 8.7930800603783652
leaf_weight=529 56 63 90 79 32 45 69 71 50 182 57 29 24 58 28 64 23 24 20 35 29 29 39 31 27 58 28 25 24 23
leaf_count=529 56 63 90 79 32 45 69 71 50 182 57 29 24 58 28 64 23 24 20 35 29 29 39 31 27 58 28 25 24 23
internal_value=6.68019e-10 5.09235 2.90334 5.17694 1.11102 -2.41278 -3.29448 0.415442 2.593 -4.30308 -1.61271 4.48916 5.3178 8.74353 9.31622 10.6244 8.25066 2.6866 6.36888 1.20036 3.21564 5.99586 8.20095 -1.66519 1.5509 7.99302 2.95078 -4.50674 -3.06931 12.0357
internal_weight=1941 624 411 321 150 1317 1004 313 217 820 291 109 167 171 213 185 80 120 65 184 125 113 71 55 96 121 57 96 59 47
internal_count=1941 624 411 321 150 1317 1004 313 217 820 291 109 167 171 213 185 80 120 65 184 125 113 71 55 96 121 57 96 59 47
is_linear=0
shrinkage=0.03


Tree=17
num_leaves=31
num_cat=0
split_feature=11 12 8 36 12 8 6 28 11 47 6 10 45 4 37 10 6 28 58 49 57 53 58 8 53 41 47 1 41 37
split_gain=2.64682e+07 7.01588e+06 8.77949e+06 4.93856e+06 4.12289e+06 4.1011e+06 6.90886e+06 3.72303e+06 3.63137e+06 3.49273e+06 4.40982e+06 5.28129e+06 3.9801e+06 5.51142e+06 1.88001e+06 2.57602e+06 2.02773e+06 1.62872e+06 1.54688e+06 1.34902e+06 1.05852e+06 1.0481e+06 905270 871038 722254 716225 699648 655374 643712 507100
threshold=-0.58216583101416131 0.52490632455031438 3.5000000000000004 455.96785715000004 0.53946920585801694 1.0000000180025095e-35 24.500000000000004 1006.0500000000001 -0.32143946530316164 7.5000000000000009 25.500000000000004 0.097964660725097366 83.500000000000014 20.500000000000004 1.0000000180025095e-35 0.58216583101416164 19.500000000000004 1007.0500000000001 1005.85 12.500000000000002 295.50000000000006 158.50000000000003 1006.1500000000002 1.0000000180025095e-35 199.50000000000003 218.88535465283988 42.500000000000007 595.90178570000012 326.18988363030729 649.3285714000001
decision_type=2 2 2 2 2 2 2 2 2 2 2 2 2 2 2 2 2 2 2 2 2 2 2 2 2 2 2 2 2 2
left_child=1 21 3 5 8 6 -3 25 -2 23 12 -12 13 14 15 16 -11 19 -15 -16 26 -1 -17 -6 -9 -4 -13 -10 -23 -26
right_child=4 2 7 -5 9 -7 -8 24 27 10 11 20 -14 18 17 22 -18 -19 -20 -21 -22 28 -24 -25 29 -27 -28 -29 -30 -31
leaf_value=6.4592659397125241 1.9098338913420836 -6.2497050633923754 4.2420673350854354 12.093952928626019 -0.60095486508027929 -5.3925729800063928 14.45840563280829 8.7426456208974113 -5.8020210020127765 10.516275905660679 -4.849624781211217 2.2813473458588125 -5.321064883462534 14.33697835104806 -5.9998865784539115 -4.3905265182715194 -0.68029851913452144 4.7074350628852839 3.9577076363563539 1.2876327264719996 12.878164921928855 9.661925209380767 2.6533189159631729 -5.7765659408569334 9.7885796546936046 -3.4130087913166394 8.8240842073842085 -2.6725969943656049 13.846126525585468 15.909893062196929
leaf_weight=60 72 29 22 23 37 139 29 80 397 37 36 24 149 28 108 52 24 20 24 29 34 91 24 140 21 22 38 71 52 29
leaf_count=60 72 29 22 23 37 139 29 80 397 37 36 24 149 28 108 52 24 20 24 29 34 91 24 140 21 22 38 71 52 29
internal_value=3.21787e-08 5.25634 2.92194 -1.0607 -2.33485 -2.59652 4.10435 7.95746 -4.36231 -0.973115 0.0774641 4.94954 -1.22175 0.543555 -1.04881 1.51932 6.11107 -3.28979 9.54655 -4.45727 8.62422 9.78714 -2.16615 -4.69466 10.5105 0.414529 6.29141 -5.32726 11.1835 13.3389
internal_weight=1941 597 394 220 1344 197 58 174 540 804 627 132 495 346 294 137 61 157 52 137 96 203 76 177 130 44 62 468 143 50
internal_count=1941 597 394 220 1344 197 58 174 540 804 627 132 495 346 294 137 61 157 52 137 96 203 76 177 130 44 62 468 143 50
is_linear=0
shrinkage=0.03


Tree=18
num_leaves=31
num_cat=0
split_feature=30 46 9 6 6 9 10 23 6 36 10 9 6 2 6 41 24 2 56 19 41 8 39 45 35 30 19 19 6 40
split_gain=2.25066e+07 5.90263e+06 7.44097e+06 4.43353e+06 6.96538e+06 3.22638e+06 5.61783e+06 4.52131e+06 4.21143e+06 5.56442e+06 3.87016e+06 5.10957e+06 6.84586e+06 3.13669e+06 3.08873e+06 2.25587e+06 1.54331e+06 1.39325e+06 1.27493e+06 1.00944e+06 980637 918847 889944 748536 602223 592048 571866 517955 499647 467244
threshold=455.33571430000006 24.450000000000003 141.50000000000003 25.500000000000004 28.500000000000004 141.50000000000003 0.44228869021900152 121.50000000000001 16.500000000000004 5.9357142855000005 0.58216583101416164 149.50000000000003 25.500000000000004 5454.5000000000009 25.500000000000004 317.77188309952709 14.250000000000002 6398.1071430000011 7.6500000000000012 1.0000000180025095e-35 307.4985923256034 1.5000000000000002 59.835156249375011 80.500000000000014 683.04464285000006 815.06428575000007 13.500000000000002 43.500000000000007 22.500000000000004 698.30427827708354
decision_type=2 2 2 2 2 2 2 2 2 2 2 2 2 2 2 2 2 2 2 2 2 2 2 2 2 2 2 2 2 2
left_child=5 2 26 13 -5 6 8 10 -1 29 -7 12 16 19 15 25 -12 -9 -11 -4 -6 -15 -13 -14 -20 -3 -2 -8 -23 -10
right_child=1 14 3 4 20 7 27 17 9 18 11 22 23 21 -16 -17 -18 -19 24 -21 -22 28 -24 -25 -26 -27 -28 -29 -30 -31
leaf_value=-5.9206828692555424 -6.2407323754352069 6.3974878244418649 13.810772784550984 -5.0749967002272607 3.9421799272298812 -5.1316054782595053 -4.9542395568515936 6.107872964568057 0.38545764541625971 3.0810680093765255 -5.2620319973795038 -5.1461322198090729 5.9769319668837957 8.509654616972675 -0.55291933748457167 14.837483712136745 4.0923023674704808 -2.1197978427675035 13.700953817367553 7.5678085767900622 11.028117018479568 -1.0552699939906596 0.73680480559666939 12.91380236353193 8.5262631519862584 11.225724649429321 -0.7784543112049932 0.27658812940120697 4.7416232741008635 -5.8842673028033712
leaf_weight=32 69 80 63 80 32 587 115 59 20 20 57 162 21 23 27 64 22 27 48 37 39 32 27 42 35 32 23 20 23 23
leaf_count=32 69 80 63 80 32 587 115 59 20 20 57 162 21 23 27 64 22 27 48 37 39 32 27 42 35 32 23 20 23 23
internal_value=-8.37125e-09 4.69314 2.66705 4.77612 0.99501 -2.22363 0.43575 -3.0527 3.93593 6.09628 -3.66889 -1.07489 3.22528 7.9837 8.89504 10.3444 -2.65703 3.52477 9.88045 11.5009 7.83446 3.4745 -4.30571 10.6015 11.5189 7.77698 -4.87516 -4.1793 1.36889 -2.96812
internal_weight=1941 624 421 329 151 1317 313 1004 178 146 918 331 142 178 203 176 79 86 103 100 71 78 189 63 83 112 92 135 55 43
internal_count=1941 624 421 329 151 1317 313 1004 178 146 918 331 142 178 203 176 79 86 103 100 71 78 189 63 83 112 92 135 55 43
is_linear=0
shrinkage=0.03


Tree=19
num_leaves=31
num_cat=0
split_feature=11 12 8 12 28 37 16 8 47 6 11 28 17 46 10 23 11 46 19 10 33 23 19 38 19 58 37 26 27 6
split_gain=2.34938e+07 6.39904e+06 7.82045e+06 4.33966e+06 3.88894e+06 3.40077e+06 4.1611e+06 3.39256e+06 3.13032e+06 2.94801e+06 5.24546e+06 2.5804e+06 2.53371e+06 2.95957e+06 1.90884e+06 1.67733e+06 1.55774e+06 1.45074e+06 1.14788e+06 1.00493e+06 1e+06 954492 620118 629536 580630 568719 554251 548382 580375 427899
threshold=-0.47114434510950048 0.52490632455031438 3.5000000000000004 0.53946920585801694 1006.0500000000001 123.93750000000001 24.350000000000005 2.5000000000000004 7.5000000000000009 25.500000000000004 0.68322629814330826 1006.4500000000002 44.500000000000007 25.650000000000002 0.58216583101416164 95.500000000000014 -0.70710678118654757 24.850000000000005 9.5000000000000018 0.35206144883412582 1133.0267855000004 199.50000000000003 98.500000000000014 749.40022320000014 37.500000000000007 1005.6500000000002 88.262500000000003 19.950000000000003 241.50000000000003 23.500000000000004
decision_type=2 2 2 2 2 2 2 2 2 2 2 2 2 2 2 2 2 2 2 2 2 2 2 2 2 2 2 2 2 2
left_child=1 16 5 15 -4 -3 20 8 25 10 18 19 27 17 -11 -2 22 -14 -10 -12 -7 26 23 -1 -23 -5 -6 28 -9 -28
right_child=3 2 4 7 21 6 -8 12 9 14 11 -13 13 -15 -16 -17 -18 -19 -20 -21 -22 24 -24 -25 -26 -27 29 -29 -30 -31
leaf_value=8.0276315307617185 -5.1210788307293598 7.8534236834265965 0.16717559184346881 0.68262367057800299 3.3655187116350445 -5.386953499305168 6.6793100286174463 -0.62355820655822747 -5.1070989597675407 1.7605061755861553 11.733828424370808 -2.8006176485334122 -0.47812058258056639 -5.3810483683072601 11.780480747222899 0.7722801885008812 4.5324862012409026 8.8270536570799987 1.548474190235138 3.8136027520043507 0.53526131168488533 15.244516096115111 6.6928881721747553 12.491766475764187 8.7284916000366213 -5.053617644446236 10.825949998583111 -0.69907422780990602 -5.3565418853221738 5.9852288185225593
leaf_weight=42 460 33 56 20 21 149 37 26 86 28 46 21 25 39 44 48 63 38 32 21 31 32 38 88 20 70 42 32 226 27
leaf_count=42 460 33 56 20 21 149 37 26 86 28 46 21 25 39 44 48 63 38 32 21 31 32 38 88 20 70 42 32 226 27
internal_value=-9.78456e-09 4.49966 2.40839 -2.42097 6.86224 -1.11906 -2.48354 -0.97698 1.08398 2.65829 0.831891 6.37533 -2.94183 1.11386 7.88382 -4.56423 8.55546 5.13452 -3.3022 9.25137 -4.36702 9.50254 10.0641 11.0495 12.7384 -3.7789 7.63297 -4.39846 -4.86822 8.93175
internal_weight=1941 679 448 1262 198 250 217 754 368 278 206 88 386 102 72 508 231 63 118 67 180 142 168 130 52 90 90 284 252 69
internal_count=1941 679 448 1262 198 250 217 754 368 278 206 88 386 102 72 508 231 63 118 67 180 142 168 130 52 90 90 284 252 69
is_linear=0
shrinkage=0.03


Tree=20
num_leaves=31
num_cat=0
split_feature=1 8 24 36 8 49 2 9 4 9 4 14 4 41 9 9 18 53 58 23 26 9 37 21 58 36 26 27 27 56
split_gain=2.08035e+07 4.81696e+06 7.7048e+06 4.35326e+06 3.11796e+06 4.81752e+06 3.08859e+06 2.92017e+06 5.04444e+06 4.37013e+06 4.24596e+06 3.63484e+06 2.64456e+06 2.35063e+06 2.16275e+06 6.33208e+06 1.90963e+06 1.25461e+06 1.15904e+06 1.09182e+06 804356 770338 765980 723642 686549 633013 695040 625038 496870 454398
threshold=4640.2142855000011 3.5000000000000004 380.30000000000001 537.08571430000018 1.0000000180025095e-35 1.0000000180025095e-35 5223.3125000000009 141.50000000000003 18.500000000000004 137.50000000000003 16.500000000000004 28.750000000000004 1.5000000000000002 372.48408650258676 150.50000000000003 146.50000000000003 48.500000000000007 151.50000000000003 1007.4500000000002 158.50000000000003 12.950000000000001 143.50000000000003 513.41785715000015 8.0000000000000018 1003.35 506.46875000000006 12.65 290.50000000000006 307.50000000000006 20.050000000000004
decision_type=2 2 2 2 2 2 2 2 2 2 2 2 2 2 2 2 2 2 2 2 2 2 2 2 2 2 2 2 2 2
left_child=7 2 17 4 5 -4 22 8 12 -10 11 14 -1 -11 15 -9 19 -2 -17 25 -19 -8 -3 -16 -14 26 28 -28 -13 -23
right_child=1 6 3 -5 -6 -7 21 10 9 13 -12 16 24 -15 23 18 -18 20 -20 -21 -22 29 -24 -25 -26 -27 27 -29 -30 -31
leaf_value=5.8220879048109051 4.2746523038546247 6.678335288524627 14.376020453316825 11.121661647449839 -5.1525996217005687 -5.4980011324260545 -2.4194497802040793 -4.9463092699358535 -6.3592391281127929 12.554730935096741 -5.1353864705345842 6.5808739695341689 1.5888552365984234 0.57322373771667479 -5.2850011247691544 10.379839679438893 9.4629181579063673 12.35620488166809 1.5708104903697966 6.207668672758957 6.4016008889334541 1.7303115954356534 10.747570707657756 -0.72142392802882838 -4.1723226514385967 -4.7593191209046735 -5.0909993553161614 1.8297590732574462 0.11543556833267211 7.4212211758157478
leaf_weight=32 63 60 21 22 142 23 22 93 20 56 440 23 21 20 202 41 29 49 20 29 35 28 136 37 164 23 24 23 20 23
leaf_count=32 63 60 21 22 142 23 22 93 20 56 440 23 21 20 202 41 29 49 20 29 35 28 136 37 164 23 24 23 20 23
internal_value=-4.24602e-09 4.51209 2.21764 -1.49784 -2.99047 3.98733 7.54007 -2.13784 0.392193 6.11817 -2.92659 -1.20342 -2.14096 9.4017 -2.79206 -0.0195917 2.44767 7.47492 7.49163 1.01498 9.87512 2.27272 9.50189 -4.57851 -3.51835 -0.317655 0.817437 -1.70425 3.57369 4.2968
internal_weight=1941 624 355 208 186 44 269 1317 313 96 1004 564 217 76 393 154 171 147 61 142 84 73 196 239 185 113 90 47 43 51
internal_count=1941 624 355 208 186 44 269 1317 313 96 1004 564 217 76 393 154 171 147 61 142 84 73 196 239 185 113 90 47 43 51
is_linear=0
shrinkage=0.03


Tree=21
num_leaves=31
num_cat=0
split_feature=11 9 8 36 8 6 9 56 17 6 6 45 11 28 30 10 43 19 28 54 57 41 53 17 37 37 40 41 18 47
split_gain=2.08728e+07 5.61884e+06 6.93485e+06 3.95736e+06 3.39307e+06 5.70236e+06 3.25303e+06 3.13778e+06 2.96047e+06 4.97376e+06 4.75845e+06 3.1604e+06 3.08729e+06 3.1397e+06 2.88523e+06 2.40404e+06 2.22541e+06 1.42106e+06 1.91726e+06 988502 972760 848377 673977 661840 656187 610175 504455 458504 457111 455954
threshold=-0.58216583101416131 150.50000000000003 3.5000000000000004 455.96785715000004 1.0000000180025095e-35 24.500000000000004 149.50000000000003 17.550000000000004 12.500000000000002 19.500000000000004 25.500000000000004 83.500000000000014 0.81241147629689003 1006.1500000000002 131.17857145000002 0.29012925520284133 -12.999999999999885 14.500000000000002 1006.5500000000001 741.80000000000007 295.50000000000006 240.40408207183438 156.50000000000003 18.500000000000004 263.65982145000004 830.63571430000013 922.01028770000005 218.88535465283988 18.500000000000004 43.500000000000007
decision_type=2 2 2 2 2 2 2 2 2 2 2 2 2 2 2 2 2 2 2 2 2 2 2 2 2 2 2 2 2 2
left_child=1 2 3 4 5 -1 8 24 9 16 11 12 17 -14 -8 -12 -2 18 23 -9 29 28 -16 -10 -4 -23 -11 -19 -3 -17
right_child=6 21 7 -5 -6 -7 14 19 10 26 15 -13 13 -15 22 20 -18 27 -20 -21 -22 25 -24 -25 -26 -27 -28 -29 -30 -31
leaf_value=-5.6472990101781386 -0.54094246574070137 7.7167781496047967 6.2470399832725523 10.814660871754521 -4.8789820465595604 13.165979769476529 -4.9897899870105551 -2.8398588498433428 1.1153568334579467 -5.5253536893608413 -1.7875268503597805 -4.82688079348251 10.390836315349656 -3.4737455531529018 -0.72555275740248426 2.4640663705553325 12.96669193812779 0.83384381873267033 4.2734524413943289 5.0117975724993213 12.582612101647161 7.7741545206658982 5.1385140142386607 -4.8092660281062125 11.295388330732072 11.617706581208765 -0.75478220278566532 7.1807189912796021 2.0205770077024185 8.0556179580688472
leaf_weight=29 23 32 32 23 139 29 429 27 20 214 28 134 49 21 89 21 21 21 32 31 31 68 22 112 84 82 22 20 21 35
leaf_count=29 23 32 32 23 139 29 429 27 20 214 28 134 49 21 89 21 21 21 32 31 31 68 22 112 84 82 22 20 21 35
internal_value=-1.85627e-08 4.66779 2.5787 -0.960907 -2.33572 3.75934 -2.07342 7.05407 -0.863837 -3.35419 0.466884 -1.04903 0.791808 6.23146 -3.87435 5.85828 5.90588 -1.06563 -2.31451 1.35672 8.319 8.72248 0.436695 -3.9116 9.90274 9.8753 -5.08064 3.92988 5.45979 5.95879
internal_weight=1941 597 394 220 197 58 1344 174 804 280 524 409 275 70 540 115 44 205 164 58 87 203 111 132 116 150 236 41 53 56
internal_count=1941 597 394 220 197 58 1344 174 804 280 524 409 275 70 540 115 44 205 164 58 87 203 111 132 116 150 236 41 53 56
is_linear=0
shrinkage=0.03


Tree=22
num_leaves=31
num_cat=0
split_feature=11 9 8 36 8 6 9 56 23 17 6 6 15 4 15 43 37 11 11 28 6 53 57 37 49 41 43 40 41 48
split_gain=1.96392e+07 5.28677e+06 6.525e+06 3.72348e+06 3.19254e+06 5.36535e+06 3.06078e+06 2.95234e+06 2.78958e+06 2.78551e+06 4.67981e+06 4.47723e+06 3.01926e+06 3.0612e+06 2.35657e+06 2.09389e+06 1.59826e+06 1.29393e+06 1.13295e+06 1.58775e+06 937393 805350 712059 617406 531144 502485 490420 474642 435791 586015
threshold=-0.58216583101416131 150.50000000000003 3.5000000000000004 455.96785715000004 1.0000000180025095e-35 24.500000000000004 149.50000000000003 17.550000000000004 95.500000000000014 12.500000000000002 19.500000000000004 25.500000000000004 83.500000000000014 17.500000000000004 75.500000000000014 -12.999999999999885 8.6303571430000012 0.83146961230254512 0.91037613702198772 1006.5500000000001 22.500000000000004 158.50000000000003 317.50000000000006 263.65982145000004 14.500000000000002 326.18988363030729 43.635714299999982 922.01028770000005 351.50893269089016 21.500000000000004
decision_type=2 2 2 2 2 2 2 2 2 2 2 2 2 2 2 2 2 2 2 2 2 2 2 2 2 2 2 2 2 2
left_child=1 2 3 4 5 -1 9 23 26 10 15 12 13 18 -13 -2 -15 -16 19 24 -9 -3 -21 -4 -11 -23 -8 -12 29 -25
right_child=6 21 7 -5 -6 -7 8 20 -10 11 27 14 -14 16 17 -17 -18 -19 -20 22 -22 25 -24 28 -26 -27 -28 -29 -30 -31
leaf_value=-5.4778799964641705 -0.52471414151399021 5.5436611733436578 6.0596288019418711 10.490221172830333 -4.7326125883412873 12.771000618770206 -4.9276555082645821 -3.7464197567531041 1.6527983128782864 -4.214707917937865 -5.3595930673920105 -2.6797953081130981 -4.7936326584907683 10.345875389392559 10.522522985894801 12.577690887451171 -0.085078977584838858 3.0305441191792486 4.3327289557456972 6.0017542076110839 4.1892882488869327 8.3404837579517572 -1.306081166267395 7.4088672344501196 0.86607469652864066 12.037305339849912 -1.5649114475693813 -0.73213877938010474 14.276059222412108 13.725046897888182
leaf_weight=29 23 60 32 23 139 29 423 21 74 117 214 24 130 39 59 21 20 32 32 28 37 91 21 39 22 52 43 22 25 20
leaf_count=29 23 60 32 23 139 29 423 21 74 117 214 24 130 39 59 21 20 32 32 28 37 91 21 39 22 52 43 22 25 20
internal_value=-6.64472e-09 4.52776 2.50134 -0.93208 -2.26565 3.64656 -2.01121 6.84244 -3.75812 -0.837921 -3.25356 0.452878 -1.01756 0.741896 5.68253 5.72871 6.80996 7.88798 -0.885447 -1.77365 1.31601 8.46081 2.86982 9.60566 -3.41056 9.68478 -4.61736 -4.92822 10.9565 9.54995
internal_weight=1941 597 394 220 197 58 1344 174 540 804 280 524 409 279 115 44 59 91 220 188 58 203 49 116 139 143 466 236 84 59
internal_count=1941 597 394 220 197 58 1344 174 540 804 280 524 409 279 115 44 59 91 220 188 58 203 49 116 139 143 466 236 84 59
is_linear=0
shrinkage=0.03


Tree=23
num_leaves=31
num_cat=0
split_feature=11 9 16 2 9 11 16 9 9 10 9 9 41 37 34 17 56 9 24 44 8 19 53 56 57 15 28 53 44 9
split_gain=1.85526e+07 5.24771e+06 5.68653e+06 3.99097e+06 3.87285e+06 4.2085e+06 4.41014e+06 2.92684e+06 7.58144e+06 2.32503e+06 4.2005e+06 5.31975e+06 1.7884e+06 3.44059e+06 1.71274e+06 1.68592e+06 1.2313e+06 1.47383e+06 1.03678e+06 1.00529e+06 876879 752588 712079 702074 596198 550015 519810 510382 374606 372866
threshold=-0.41248606129204529 141.50000000000003 24.050000000000004 5654.5892855000011 141.50000000000003 0.77259657388510627 25.950000000000003 146.50000000000003 149.50000000000003 0.58216583101416164 149.50000000000003 146.50000000000003 241.57196499926866 110.75000000000001 123.93750000000001 57.500000000000007 18.150000000000002 149.50000000000003 14.250000000000002 31.650000000000002 5.5000000000000009 9.5000000000000018 126.50000000000001 9.3500000000000032 295.50000000000006 58.500000000000007 1005.2500000000001 154.50000000000003 32.550000000000004 155.50000000000003
decision_type=2 2 2 2 2 2 2 2 2 2 2 2 2 2 2 2 2 2 2 2 2 2 2 2 2 2 2 2 2 2
left_child=1 2 -1 7 5 12 26 20 19 22 11 18 -2 21 -10 -4 17 -5 -11 -9 23 -14 -6 -3 -13 -25 -7 -18 -29 -16
right_child=4 3 15 16 9 6 -8 8 14 10 -12 24 13 -15 29 -17 27 -19 -20 -21 -22 -23 -24 25 -26 -27 -28 28 -30 -31
leaf_value=-5.2947194803823336 -4.1710323345983351 7.3649786169632616 10.4811932182312 -4.9713936617970464 -4.5180825097610127 6.8678539986610412 -5.8645384216308587 2.0335619140707926 3.9600079665385497 -4.5661624959895484 -4.2132238227267598 6.8042487720541045 3.8560678720474244 -4.6412280143179538 8.7770514525084931 0.083176808564559265 -0.16351854372024535 3.7899833679199215 3.3726887140274049 -5.4988186058631303 5.5100433579087253 11.735694158077239 -0.47309907955782754 10.098716500486645 12.732125723912166 15.477318940596145 12.120465798011193 8.3949328916723083 2.9192306153670597 12.261538842519125
leaf_weight=101 111 23 36 48 581 30 21 23 71 57 172 37 24 41 119 23 20 27 20 52 24 20 42 28 26 44 39 22 23 36
leaf_count=101 111 23 36 48 581 30 21 23 71 57 172 37 24 41 119 23 20 27 20 52 24 20 42 28 26 44 39 22 23 36
internal_value=-1.82038e-09 3.81946 -0.972067 5.18847 -2.25226 0.802668 6.17309 6.65067 5.07601 -3.18671 -1.07275 2.78554 -1.66334 1.6114 7.81878 6.42773 0.801879 -1.8173 -2.50412 -3.18889 10.6336 7.43772 -4.24539 11.928 9.25067 13.3856 9.83672 3.82401 5.59624 9.58635
internal_weight=1941 720 160 560 1221 286 90 420 301 935 312 140 196 85 226 59 140 75 77 75 119 44 623 95 63 72 69 65 45 155
internal_count=1941 720 160 560 1221 286 90 420 301 935 312 140 196 85 226 59 140 75 77 75 119 44 623 95 63 72 69 65 45 155
is_linear=0
shrinkage=0.03


Tree=24
num_leaves=31
num_cat=0
split_feature=11 9 6 6 46 9 11 46 23 18 6 6 4 37 27 34 40 6 19 36 23 41 30 11 31 10 17 41 56 26
split_gain=1.74561e+07 4.93757e+06 6.20681e+06 5.35109e+06 5.24186e+06 3.64396e+06 3.95978e+06 4.1495e+06 2.56027e+06 2.254e+06 4.50757e+06 3.65431e+06 2.074e+06 2.42336e+06 1.1233e+06 1.05679e+06 1.04358e+06 1.14515e+06 1.01801e+06 1.00824e+06 916855 810077 763914 617220 605535 482476 425019 333667 332848 493164
threshold=-0.41248606129204529 141.50000000000003 25.500000000000004 28.500000000000004 24.350000000000005 141.50000000000003 0.77259657388510627 25.950000000000003 165.50000000000003 29.500000000000004 25.500000000000004 27.500000000000004 17.500000000000004 224.70000000000002 271.50000000000006 80.929464285000009 851.24558533750007 22.500000000000004 9.5000000000000018 57.48125000000001 158.50000000000003 340.16550814127555 815.06428575000007 -0.16280825711808986 506.94375000000008 0.19509032201612822 44.500000000000007 326.18988363030729 12.450000000000001 18.150000000000002
decision_type=2 2 2 2 2 2 2 2 2 2 2 2 2 2 2 2 2 2 2 2 2 2 2 2 2 2 2 2 2 2
left_child=1 4 8 15 -1 6 12 25 16 23 19 26 -2 18 -13 -4 24 -18 -14 -11 -5 28 -6 -7 -3 -8 -12 -22 -10 -30
right_child=5 2 3 20 22 9 7 -9 21 10 11 14 13 -15 -16 -17 17 -19 -20 -21 27 -23 -24 -25 -26 -27 -28 -29 29 -31
leaf_value=-4.6571941078256023 -3.913618363000098 3.6433823720420282 1.8493335678266443 1.9438515277649904 4.0463575068596862 -1.7157147927582264 11.373655914306639 -5.6886024475097647 9.9135636758804306 0.18069654132044594 6.5195035350322721 2.6275623732346753 2.4527888700697158 -5.7181342038241301 -4.7212345377604166 -5.4274337845313845 -3.3112688398361203 5.3593135356903074 11.259742935725621 -5.0041164232515225 5.999998390582892 12.30324722679568 11.566617542266846 -4.5433992167291315 8.4238958810505107 6.1065521925687785 11.960048847198486 10.249139238102684 4.600208728438929 9.8472920848642076
leaf_weight=109 126 41 23 37 31 80 45 21 60 43 24 39 27 22 36 82 26 29 21 157 39 71 20 528 57 24 28 29 38 28
leaf_count=109 126 41 23 37 31 80 45 21 60 43 24 39 27 22 36 82 26 29 21 157 39 71 20 528 57 24 28 29 38 28
internal_value=-7.6749e-09 3.70488 5.03282 0.955393 -0.942905 -2.18469 0.778588 5.9879 7.47927 -3.09111 -1.08262 3.33748 -1.61344 2.52687 -0.89986 -3.83348 4.56776 1.26049 6.30583 -3.88938 5.74426 9.74049 6.99548 -4.17134 6.42389 9.54162 9.44903 7.81213 8.2964 6.82624
internal_weight=1941 720 560 210 160 1221 286 90 350 935 327 127 196 70 75 105 153 55 48 200 105 197 51 608 98 69 52 68 126 66
internal_count=1941 720 560 210 160 1221 286 90 350 935 327 127 196 70 75 105 153 55 48 200 105 197 51 608 98 69 52 68 126 66
is_linear=0
shrinkage=0.03


Tree=25
num_leaves=31
num_cat=0
split_feature=11 12 6 16 6 12 11 16 2 18 6 6 4 37 17 21 12 27 34 19 36 23 8 41 37 11 48 40 17 41
split_gain=1.64245e+07 4.64576e+06 5.83998e+06 5.07628e+06 5.03484e+06 3.4286e+06 3.72576e+06 3.90427e+06 2.49475e+06 2.12079e+06 4.24118e+06 3.43834e+06 1.95142e+06 2.28014e+06 1.53274e+06 1.51084e+06 1.19733e+06 1.05691e+06 994330 957843 952669 862669 833975 674151 594929 580742 526496 446342 399900 313947
threshold=-0.41248606129204529 0.64987354830121502 25.500000000000004 24.050000000000004 28.500000000000004 0.64987354830121502 0.77259657388510627 25.950000000000003 5654.5892855000011 29.500000000000004 25.500000000000004 27.500000000000004 17.500000000000004 224.70000000000002 57.500000000000007 268.50000000000006 0.62334665204000361 271.50000000000006 80.929464285000009 9.5000000000000018 99.544642855000021 158.50000000000003 5.5000000000000009 215.95045789874214 880.76160715000003 -0.16280825711808986 60.500000000000007 0.51421130958332395 44.500000000000007 326.18988363030729
decision_type=2 2 2 2 2 2 2 2 2 2 2 2 2 2 2 2 2 2 2 2 2 2 2 2 2 2 2 2 2 2
left_child=1 2 8 -3 18 9 12 27 15 25 20 28 -7 19 -5 23 26 -13 -4 -14 -11 -6 24 -1 -17 -2 -10 -8 -12 -23
right_child=5 3 4 14 21 6 7 -9 16 10 11 17 13 -15 -16 22 -18 -19 -20 -21 -22 29 -24 -25 -26 -27 -28 -29 -30 -31
leaf_value=1.8316635704040527 -1.6642433367166667 -4.998747256250665 1.7938535642235174 9.9417878341674815 1.8855360114252244 -3.7962098182383035 6.4216193389892577 -5.5179443141392293 6.4260899712057675 -0.13800645983949 6.3239185190200802 2.5487354990152213 2.3792052014668781 -5.5465902146426114 0.027405476984770399 9.5844478808343396 -3.5017692432403562 -4.5795974731445312 -5.2646107989985769 10.921950566428048 -4.9521702416527349 5.8199984000279352 5.0519677883386613 7.5309073642974207 13.373260600605947 -4.4070972289686852 0.68297279763221741 11.309841392040251 11.601247542245046 9.9416650959541055
leaf_weight=31 80 101 23 36 37 126 29 21 51 49 24 39 27 22 23 96 20 36 82 21 151 39 24 47 61 528 20 40 28 29
leaf_count=31 80 101 23 36 37 126 29 21 51 49 24 39 27 22 23 96 20 36 82 21 151 39 24 47 61 528 20 40 28 29
internal_value=3.38443e-09 3.59373 4.88183 -0.914617 0.926731 -2.11915 0.75523 5.80826 7.25489 -2.99838 -1.05014 3.23736 -1.56504 2.45106 6.07686 8.75621 2.98192 -0.872864 -3.71847 6.11666 -3.7727 5.57193 10.2603 5.26582 11.0565 -4.0462 4.80831 9.25537 9.16556 7.57777
internal_weight=1941 720 560 160 210 1221 286 90 350 935 327 127 196 70 59 259 91 75 105 48 200 105 181 78 157 608 71 69 52 68
internal_count=1941 720 560 160 210 1221 286 90 350 935 327 127 196 70 59 259 91 75 105 48 200 105 181 78 157 608 71 69 52 68
is_linear=0
shrinkage=0.03


Tree=26
num_leaves=31
num_cat=0
split_feature=11 9 6 16 6 9 11 16 2 10 9 6 4 37 17 21 9 34 24 23 15 41 53 18 18 48 10 38 46 44
split_gain=1.54538e+07 4.3712e+06 5.49484e+06 4.77628e+06 4.73729e+06 3.22597e+06 3.50556e+06 3.67352e+06 2.34731e+06 1.99604e+06 3.60356e+06 4.46843e+06 1.83609e+06 2.14539e+06 1.44215e+06 1.42155e+06 1.12657e+06 935565 912992 811685 660909 634308 624402 541884 506300 495380 431093 361468 333633 989769
threshold=-0.41248606129204529 141.50000000000003 25.500000000000004 24.050000000000004 28.500000000000004 141.50000000000003 0.77259657388510627 25.950000000000003 5654.5892855000011 0.58216583101416164 149.50000000000003 25.500000000000004 17.500000000000004 224.70000000000002 57.500000000000007 268.50000000000006 143.50000000000003 80.929464285000009 14.250000000000002 158.50000000000003 78.500000000000014 215.95045789874214 126.50000000000001 30.500000000000004 43.500000000000007 60.500000000000007 0.19509032201612822 768.35647321250019 25.950000000000003 28.350000000000005
decision_type=2 2 2 2 2 2 2 2 2 2 2 2 2 2 2 2 2 2 2 2 2 2 2 2 2 2 2 2 2 2
left_child=1 3 8 -1 17 6 12 26 15 22 11 18 -2 20 -5 21 -10 -4 -11 -6 -14 -3 28 27 -13 -18 -8 -17 -7 -30
right_child=5 2 4 14 19 9 7 -9 16 10 -12 24 13 -15 -16 23 25 -19 -20 -21 -22 -23 -24 -25 -26 -27 -28 -29 29 -31
leaf_value=-4.8487848285637272 -3.6823234542210894 1.776713672760994 1.7400379531798156 9.643534215291341 1.8289698910068819 -4.4214734280250756 10.709445072174072 -5.3524059840611047 -3.3967161512374875 -4.1590898157420915 -3.8585044784878577 5.3409367847442626 8.9082966368538994 -5.380192461880771 0.02658333280812139 6.6555681663751596 6.2333073144800517 -5.106672534244816 3.2907631845474246 7.3504349932951083 1.7679606170654296 7.3049802017211913 -0.35692032745906288 12.373614909774378 10.80364340292441 0.66248360037803644 5.730707058906555 10.040854726195334 3.071733920574188 -4.4978053735337165
leaf_weight=101 126 31 23 36 37 506 45 21 20 57 172 26 28 22 23 44 51 82 20 68 20 47 42 57 37 20 24 80 22 53
leaf_count=101 126 31 23 36 37 506 45 21 20 57 172 26 28 22 23 44 51 82 20 68 20 47 42 57 37 20 24 80 22 53
internal_value=2.10228e-09 3.48592 4.73538 -0.887179 0.898929 -2.05558 0.732573 5.63402 7.03724 -2.90843 -0.949732 2.6239 -1.51809 2.37753 5.89455 8.49352 2.89246 -3.60692 -2.22406 5.40478 5.93316 5.10785 -3.88934 9.95254 8.54919 4.66406 8.97771 8.83962 -4.1447 -2.27741
internal_weight=1941 720 560 160 210 1221 286 90 350 935 312 140 196 70 59 259 91 105 77 105 48 78 623 181 63 71 69 124 581 75
internal_count=1941 720 560 160 210 1221 286 90 350 935 312 140 196 70 59 259 91 105 77 105 48 78 623 181 63 71 69 124 581 75
is_linear=0
shrinkage=0.03


Tree=27
num_leaves=31
num_cat=0
split_feature=11 9 8 36 8 6 56 9 17 6 6 15 11 28 23 15 43 19 28 10 54 41 19 17 37 27 41 48 11 58
split_gain=1.45409e+07 3.95656e+06 4.70111e+06 2.74409e+06 2.42613e+06 4.09675e+06 2.39845e+06 2.26462e+06 2.1393e+06 3.58424e+06 3.4675e+06 2.22107e+06 2.22811e+06 2.35326e+06 2.1319e+06 1.97605e+06 1.6539e+06 1.07074e+06 1.33912e+06 868165 683198 612476 510962 489186 484044 445389 403486 472847 383849 376049
threshold=-0.58216583101416131 150.50000000000003 3.5000000000000004 455.96785715000004 1.0000000180025095e-35 24.500000000000004 17.550000000000004 149.50000000000003 12.500000000000002 19.500000000000004 25.500000000000004 83.500000000000014 0.81241147629689003 1006.1500000000002 95.500000000000014 75.500000000000014 -12.999999999999885 14.500000000000002 1006.5500000000001 0.58216583101416164 741.80000000000007 286.99834563159067 97.500000000000014 18.500000000000004 263.65982145000004 325.50000000000006 356.70279228116334 21.500000000000004 1.0000000180025095e-35 1005.2500000000001
decision_type=2 2 2 2 2 2 2 2 2 2 2 2 2 2 2 2 2 2 2 2 2 2 2 2 2 2 2 2 2 2
left_child=1 2 3 4 5 -1 24 8 9 16 11 12 17 29 28 -12 -2 18 23 -17 -8 25 -23 -10 -4 -3 27 -26 -9 -14
right_child=7 21 6 -5 -6 -7 20 14 10 -11 15 -13 13 -15 -16 19 -18 -19 -20 -21 -22 22 -24 -25 26 -27 -28 -29 -30 -31
leaf_value=-4.735366516113281 -0.53516766257908033 6.6656040314970344 5.1784829020500185 9.0343041303883425 -4.0667680996785052 11.210818705065497 -2.6422502750820582 -2.1211280737272125 0.93962402057647698 -4.3039175225112398 -2.6453172159194946 -4.1228988588039694 6.0472179570405382 -3.3699884662628175 1.4970492415673828 3.0529279294610023 11.10954855782645 3.3097441305116164 3.2181874776567727 9.1897292111283644 3.8852351211732437 10.196273934936523 4.9019472585405621 -4.1539342272015558 6.3928941326606568 1.7007275612354278 12.90044797150985 12.019409523010253 -4.382239645123482 11.31333895765818
leaf_weight=29 23 87 32 23 139 29 27 82 20 236 24 130 23 20 74 32 21 43 35 59 31 75 21 112 41 20 23 20 384 26
leaf_count=29 23 87 32 23 139 29 27 82 20 236 24 130 23 20 74 32 21 43 35 59 31 75 21 112 41 20 23 20 384 26
internal_value=-9.73965e-09 3.89598 2.14294 -0.77138 -1.91621 3.23773 5.8277 -1.73058 -0.721355 -2.83833 0.409854 -0.884197 0.624876 5.30193 -3.23321 5.01217 5.02254 -0.911869 -1.99887 7.03173 0.846578 7.29844 9.03814 -3.38218 8.31826 5.73759 9.51437 8.23765 -3.98436 8.84149
internal_weight=1941 597 394 220 197 58 174 1344 804 280 524 409 279 69 540 115 44 210 167 91 58 203 96 132 116 107 84 61 466 49
internal_count=1941 597 394 220 197 58 174 1344 804 280 524 409 279 69 540 115 44 210 167 91 58 203 96 132 116 107 84 61 466 49
is_linear=0
shrinkage=0.03


Tree=28
num_leaves=31
num_cat=0
split_feature=1 46 9 6 6 9 4 6 4 6 21 17 4 38 58 41 6 6 46 1 41 40 57 26 58 6 16 43 19 47
split_gain=1.28648e+07 3.309e+06 4.18516e+06 2.768e+06 3.56537e+06 1.86556e+06 3.23475e+06 3.00317e+06 2.6912e+06 2.91112e+06 2.99929e+06 2.91292e+06 1.7313e+06 1.70864e+06 1.65737e+06 1.54461e+06 1.14852e+06 919882 891729 783804 770372 683097 644563 577009 497228 441529 412963 387327 303836 274982
threshold=4523.3125000000009 24.450000000000003 141.50000000000003 25.500000000000004 28.500000000000004 141.50000000000003 18.500000000000004 16.500000000000004 16.500000000000004 25.500000000000004 97.000000000000014 48.500000000000007 1.5000000000000002 987.31986601250014 1007.35 372.48408650258676 26.500000000000004 25.500000000000004 25.550000000000004 8332.4285715000024 307.4985923256034 851.24558533750007 281.50000000000006 12.65 1003.35 22.500000000000004 24.750000000000004 20.585714150000062 13.500000000000002 27.500000000000004
decision_type=2 2 2 2 2 2 2 2 2 2 2 2 2 2 2 2 2 2 2 2 2 2 2 2 2 2 2 2 2 2
left_child=5 2 28 14 -5 6 12 -8 9 10 27 16 -1 17 21 -9 -11 19 23 26 -6 -4 -12 -18 -14 -23 -3 -7 -2 -16
right_child=1 13 3 4 20 8 7 15 -10 11 22 -13 24 -15 29 -17 18 -19 -20 -21 -22 25 -24 -25 -26 -27 -28 -29 -30 -31
leaf_value=4.7314374786615367 -4.718225989963698 7.3781637843962642 6.3654670424828161 -3.7094665336608887 2.0499306285381316 -4.2772320485115047 -5.4340192108154293 10.187351513079234 -4.084294005315412 5.9190383379275984 5.7275362278864934 9.1730975060462949 1.5157934515816824 12.485976821581524 8.7765559714181069 0.47491651725769041 5.2642946331024163 0.33036146687609808 -3.0950779285678616 8.9549390010510468 8.330417552361121 -0.7283042088870344 -0.52111380487680437 -0.70309339836665563 -3.3888159477491318 4.5532308183610439 3.1486578809647332 -0.9124845154626029 -0.66943114887584343 13.258512809059837
leaf_weight=32 69 31 65 81 32 256 20 56 440 26 39 40 21 36 28 20 25 28 77 59 39 29 24 35 163 28 63 35 22 22
leaf_count=32 69 31 65 81 32 256 20 56 440 26 39 40 21 36 28 20 25 28 77 59 39 29 24 35 163 28 63 35 22 22
internal_value=-3.3257e-10 3.51497 1.94527 3.54189 0.592219 -1.69707 0.327469 4.90948 -2.33063 -0.945322 -2.58769 1.9187 -1.70898 6.51694 6.14858 7.63145 0.138485 5.32972 -0.958554 6.24464 5.49978 4.26332 3.3471 1.78332 -2.82905 1.86613 4.54349 -3.87254 -3.7394 10.7486
internal_weight=1941 632 415 324 152 1309 312 96 997 557 354 203 216 217 172 76 163 181 137 153 71 122 63 60 184 57 94 291 91 50
internal_count=1941 632 415 324 152 1309 312 96 997 557 354 203 216 217 172 76 163 181 137 153 71 122 63 60 184 57 94 291 91 50
is_linear=0
shrinkage=0.03


Tree=29
num_leaves=31
num_cat=0
split_feature=30 46 9 34 6 9 4 6 4 6 17 21 4 6 44 41 9 9 41 2 6 15 15 2 46 2 40 57 49 36
split_gain=1.15778e+07 3.20186e+06 4.15661e+06 2.37423e+06 1.90581e+06 1.68042e+06 3.03003e+06 2.82568e+06 2.7116e+06 2.27131e+06 2.85844e+06 2.50369e+06 1.61787e+06 1.58847e+06 1.49107e+06 1.45332e+06 1.30086e+06 2.16226e+06 1.2234e+06 1.02395e+06 942455 725943 711430 690232 570483 887951 531998 416560 443851 386160
threshold=455.33571430000006 24.350000000000005 141.50000000000003 674.48214285000006 25.500000000000004 141.50000000000003 18.500000000000004 16.500000000000004 17.500000000000004 25.500000000000004 48.500000000000007 97.000000000000014 1.5000000000000002 25.500000000000004 33.100000000000009 372.48408650258676 144.50000000000003 149.50000000000003 317.77188309952709 6601.5535715000015 26.500000000000004 59.500000000000007 75.500000000000014 5454.5000000000009 25.550000000000004 5851.7678570000007 949.27087057083349 305.50000000000006 19.500000000000004 57.48125000000001
decision_type=2 2 2 2 2 2 2 2 2 2 2 2 2 2 2 2 2 2 2 2 2 2 2 2 2 2 2 2 2 2
left_child=5 2 -2 16 18 6 12 -8 9 11 20 29 -1 21 -15 -9 -4 -18 -3 22 -11 23 -13 -5 25 -22 -23 28 -14 -7
right_child=1 4 3 13 -6 8 7 15 -10 10 -12 19 27 14 -16 -17 17 -19 -20 -21 24 26 -24 -25 -26 -27 -28 -29 -30 -31
leaf_value=4.5894944214820859 -4.0075516579367898 5.6416720433595797 11.040717004629281 10.218411746458573 0.18537922088916484 -1.4466972075568305 -5.2709986267089839 9.8817310288974198 -4.2038051034537807 4.5596658772806968 8.3670730882328606 7.2570912010019466 -2.3742873993515969 -4.8316014946831594 4.5893542998177663 0.46066906356811521 -2.6333226135041978 7.466901038681085 10.685950289789368 -1.6432929383913677 2.8362630989866435 -1.082583037965438 0.38386639968208647 2.7035231859033755 -3.0022255102380528 -4.0226484054565423 4.6180874985914961 -4.0144341738861389 2.7457665052413938 -4.2513769361707894
leaf_weight=32 88 119 39 22 39 54 20 56 377 31 43 33 64 54 21 20 27 65 68 45 53 34 23 22 77 25 26 101 20 243
leaf_count=32 88 119 39 22 39 54 20 56 377 31 43 33 64 54 21 20 27 65 68 45 53 34 23 22 77 25 26 101 20 243
internal_value=1.54643e-08 3.36606 1.7467 3.38017 6.21785 -1.59485 0.3244 4.76219 -2.19319 -0.984248 1.39615 -2.35387 -1.63886 1.13416 -2.19373 7.4025 6.44914 4.5027 7.47596 1.72638 -0.215409 3.53409 4.43416 6.46097 -1.17042 0.637894 1.38771 -2.7162 -1.15523 -3.74144
internal_weight=1941 624 398 310 226 1317 313 96 1004 627 229 398 217 179 75 76 131 92 187 101 186 104 56 44 155 78 60 185 84 297
internal_count=1941 624 398 310 226 1317 313 96 1004 627 229 398 217 179 75 76 131 92 187 101 186 104 56 44 155 78 60 185 84 297
is_linear=0
shrinkage=0.03


Tree=30
num_leaves=31
num_cat=0
split_feature=11 9 6 16 6 9 11 16 23 10 9 6 4 37 17 17 40 19 24 37 40 40 15 31 58 27 23 4 58 18
split_gain=1.219e+07 3.47996e+06 4.36382e+06 3.84529e+06 3.78292e+06 2.55612e+06 2.86002e+06 3.08831e+06 1.84473e+06 1.60675e+06 2.90294e+06 3.18982e+06 1.47761e+06 1.80267e+06 1.21901e+06 936261 814760 778527 735676 713504 683967 1.00403e+06 472930 543886 464104 591580 439109 424427 335477 322103
threshold=-0.41248606129204529 141.50000000000003 25.500000000000004 24.050000000000004 28.500000000000004 141.50000000000003 0.77259657388510627 25.950000000000003 168.50000000000003 0.58216583101416164 150.50000000000003 25.500000000000004 17.500000000000004 224.70000000000002 57.500000000000007 41.500000000000007 237.511532738125 9.5000000000000018 14.250000000000002 800.00000000000011 851.24558533750007 949.27087057083349 70.500000000000014 552.42142855000009 1007.2500000000001 286.50000000000006 126.50000000000001 13.500000000000002 1005.2500000000001 15.500000000000002
decision_type=2 2 2 2 2 2 2 2 2 2 2 2 2 2 2 2 2 2 2 2 2 2 2 2 2 2 2 2 2 2
left_child=1 3 8 -1 16 6 12 28 20 26 11 18 -2 17 -5 -13 -4 -14 -11 27 22 -22 -3 -24 29 -26 -7 -6 -8 -10
right_child=5 2 4 14 19 9 7 -9 24 10 -12 15 13 -15 -16 -17 -18 -19 -20 -21 21 -23 23 -25 25 -27 -28 -29 -30 -31
leaf_value=-4.360498576966843 -3.3181919313612434 9.4994069995880128 1.8984407353130255 8.7258702182769774 4.5784966042193957 -3.6344132523248658 5.6924788836775146 -4.9899704633440285 5.4290044957193828 -3.6765084738480418 -3.5413151305985737 2.1573267185688021 2.0077781555387708 -4.993138657483188 -0.11582427201063736 9.4945603930155436 -4.5950806834898801 9.7094874518258223 3.0108935079574586 8.17099555724376 -3.4306501710414885 4.536103368350437 1.6914049055447449 6.7082389047669198 11.920302833108341 6.5538321245127706 0.27711581283145476 -0.55151857921055381 9.9303566493988029 8.633521658810702
leaf_weight=101 126 20 22 36 47 596 29 21 58 57 166 24 27 22 23 45 83 21 20 37 24 35 37 41 51 29 27 21 40 55
leaf_count=101 126 20 22 36 47 596 29 21 58 57 166 24 27 22 23 45 83 21 20 37 24 35 37 41 51 29 27 21 40 55
internal_value=3.5035e-09 3.09601 4.21083 -0.805894 0.791944 -1.82565 0.656206 5.08341 6.26217 -2.58481 -0.827469 2.25814 -1.37669 2.118 5.27911 6.94248 -3.23453 5.37728 -1.93952 4.81842 3.84736 1.29539 5.38375 4.32846 8.22654 9.97496 -3.46489 2.99423 8.14922 6.98873
internal_weight=1941 720 560 160 210 1221 286 90 350 935 312 146 196 70 59 69 105 48 77 105 157 59 98 78 193 80 623 68 69 113
internal_count=1941 720 560 160 210 1221 286 90 350 935 312 146 196 70 59 69 105 48 77 105 157 59 98 78 193 80 623 68 69 113
is_linear=0
shrinkage=0.03


Tree=31
num_leaves=31
num_cat=0
split_feature=1 46 9 6 6 9 10 44 16 1 6 35 6 38 28 41 2 38 6 41 1 9 10 35 40 50 16 6 32 27
split_gain=1.07144e+07 2.76438e+06 3.48841e+06 2.29728e+06 2.98225e+06 1.55041e+06 2.61949e+06 2.43716e+06 2.88994e+06 2.10795e+06 1.73475e+06 3.01592e+06 3.86069e+06 1.49398e+06 1.40093e+06 1.14539e+06 1.07059e+06 774318 772755 687577 686185 514953 487862 485877 455753 401793 374764 354114 337928 266348
threshold=4523.3125000000009 24.450000000000003 141.50000000000003 25.500000000000004 28.500000000000004 141.50000000000003 0.44228869021900152 29.650000000000002 25.950000000000003 791.07142855000018 25.500000000000004 26.812500000000004 29.500000000000004 987.31986601250014 1006.85 372.48408650258676 6049.6071430000011 296.40892856250014 25.500000000000004 307.4985923256034 8332.4285715000024 148.50000000000003 0.58216583101416164 12.693750000000003 851.24558533750007 1.0000000180025095e-35 24.750000000000004 22.500000000000004 88.262500000000003 295.50000000000006
decision_type=2 2 2 2 2 2 2 2 2 2 2 2 2 2 2 2 2 2 2 2 2 2 2 2 2 2 2 2 2 2
left_child=5 2 -2 14 -5 6 7 8 15 10 -7 12 22 18 24 -1 17 21 20 -6 26 -11 -12 -16 -4 -18 -3 -26 -23 -24
right_child=1 13 3 4 19 9 -8 -9 -10 16 11 -13 -14 -15 23 -17 25 -19 -20 -21 -22 28 29 -25 27 -27 -28 -29 -30 -31
leaf_value=8.3601555569418551 -3.4168906553498988 6.7887187935844544 5.4021169812117629 -3.3906821348932055 1.7726650714874268 -3.890256947144954 -2.9556065348260674 -2.7247622680664061 -5.3002457536969869 4.1895234628157185 3.5067229890823364 -3.8201313803499977 -3.9888959518432614 11.533108142216999 11.140504531860351 0.3982722373008728 -3.8927509595909897 6.9489516723632816 0.25930861255952292 7.7060687222847566 8.2159354067656949 -2.129571483047997 6.3618342242717736 6.0129806229163858 -0.77452514648437498 0.31577490234375 2.7595750586191814 4.2100905331321385 1.984080423116684 10.786374308466911
leaf_weight=87 91 31 52 81 32 507 130 54 21 33 27 149 50 36 39 20 49 25 28 39 59 41 25 29 29 35 63 23 32 24
leaf_count=87 91 31 52 81 32 507 130 54 21 33 27 149 50 36 39 20 49 25 28 39 59 41 25 29 29 35 63 23 32 24
internal_value=-8.76336e-10 3.20777 1.77305 3.23072 0.543531 -1.54875 0.296884 2.62009 4.87495 -2.12632 -2.84962 -0.931069 2.48536 5.9516 5.60545 6.87195 0.504482 2.19967 4.84146 5.03186 5.68002 1.07955 6.74474 8.95377 3.41616 -2.1392 4.08834 1.43021 -0.326327 8.52896
internal_weight=1941 632 415 324 152 1309 312 182 128 997 782 275 126 217 172 107 215 131 181 71 153 106 76 68 104 84 94 52 73 49
internal_count=1941 632 415 324 152 1309 312 182 128 997 782 275 126 217 172 107 215 131 181 71 153 106 76 68 104 84 94 52 73 49
is_linear=0
shrinkage=0.03


Tree=32
num_leaves=31
num_cat=0
split_feature=11 12 16 2 12 11 16 12 12 10 12 12 4 37 8 33 20 26 44 8 36 56 45 27 53 48 37 33 28 28
split_gain=1.07985e+07 3.09533e+06 3.44461e+06 2.52016e+06 2.26703e+06 2.5792e+06 2.75517e+06 1.75134e+06 4.45826e+06 1.43349e+06 2.57777e+06 3.14676e+06 1.29808e+06 1.63823e+06 1.15566e+06 1.11313e+06 887713 891122 724269 699268 618180 492698 462608 460711 449107 424416 367552 354739 328116 315450
threshold=-0.41248606129204529 0.64987354830121502 24.050000000000004 5654.5892855000011 0.64987354830121502 0.77259657388510627 25.950000000000003 0.58218302397213695 0.53946920585801694 0.58216583101416164 0.53946920585801694 0.58218302397213695 17.500000000000004 224.70000000000002 5.5000000000000009 154.23571425000003 1.0000000180025095e-35 18.850000000000005 31.650000000000002 5.5000000000000009 128.83750000000003 9.3500000000000032 80.500000000000014 292.50000000000006 126.50000000000001 60.500000000000007 833.9312500000002 952.86875000000009 1005.2500000000001 1007.85
decision_type=2 2 2 2 2 2 2 2 2 2 2 2 2 2 2 2 2 2 2 2 2 2 2 2 2 2 2 2 2 2
left_child=1 3 -3 7 9 12 28 8 15 24 -11 22 -6 23 -4 -1 17 -5 -10 21 -13 -9 -12 -14 -2 -18 -17 -28 -7 -23
right_child=4 2 14 16 5 6 -8 19 18 10 11 20 13 -15 -16 26 25 -19 -20 -21 -22 29 -24 -25 -26 -27 27 -29 -30 -31
leaf_value=1.6690855414368386 -3.4810778065843957 -4.1303287929119445 1.9865182809703628 -2.9449514177571174 -3.131242160797119 5.360236088752746 -4.6913123539515906 5.5416331063146176 2.0041389783569001 -3.2335222033289974 3.585960108893258 1.8387821261088051 8.2662131283499978 -4.8150455917011605 10.856333404541015 5.7390821508341707 5.8335185807751069 4.2469764332771298 -4.3893266399090098 3.6329278552532194 -3.7944422558784487 8.8091720724105826 9.0393181722504732 2.3674906539916991 -0.26869320000920976 0.2281188747882843 7.3303188844160596 11.729112328616054 9.5334118828406709 12.805379405021666
leaf_weight=43 581 101 39 69 126 30 21 23 23 172 21 27 22 22 20 95 31 20 52 24 50 40 42 26 42 20 66 22 39 32
leaf_count=43 581 101 39 69 126 30 21 23 23 172 21 27 22 22 20 95 31 20 52 24 50 40 42 26 42 20 66 22 39 32
internal_value=-9.83212e-09 2.91394 -0.766015 3.96536 -1.7183 0.619009 4.82325 5.12729 3.90922 -2.43324 -0.773347 2.24915 -1.31151 1.96401 4.99324 6.0125 0.479567 -1.32879 -2.42866 8.20829 -1.81916 9.36417 7.22153 5.07107 -3.26451 3.63532 7.03308 8.43002 7.71899 10.5853
internal_weight=1941 720 160 560 1221 286 90 420 301 935 312 140 196 70 59 226 140 89 75 119 77 95 63 48 623 51 183 88 69 72
internal_count=1941 720 160 560 1221 286 90 420 301 935 312 140 196 70 59 226 140 89 75 119 77 95 63 48 623 51 183 88 69 72
is_linear=0
shrinkage=0.03


Tree=33
num_leaves=31
num_cat=0
split_feature=11 9 6 16 6 9 11 16 41 4 6 17 4 37 17 6 57 23 11 34 37 2 40 4 48 28 57 46 16 5
split_gain=1.01603e+07 2.9124e+06 3.66883e+06 3.24103e+06 3.19298e+06 2.13305e+06 2.42677e+06 2.59234e+06 1.63701e+06 1.35299e+06 2.09355e+06 2.72001e+06 1.22136e+06 1.54919e+06 1.09489e+06 1.00567e+06 935343 855668 784254 731871 614477 458585 758911 365234 333337 308724 298212 298172 290734 276962
threshold=-0.41248606129204529 141.50000000000003 25.500000000000004 24.050000000000004 28.500000000000004 141.50000000000003 0.77259657388510627 25.950000000000003 339.22157483328903 17.500000000000004 25.500000000000004 48.500000000000007 17.500000000000004 110.75000000000001 57.500000000000007 27.500000000000004 294.50000000000006 165.50000000000003 -0.097964660725097366 80.929464285000009 800.00000000000011 5809.5000000000009 949.27087057083349 13.500000000000002 30.500000000000004 1005.2500000000001 272.50000000000006 25.050000000000004 24.750000000000004 1.0000000180025095e-35
decision_type=2 2 2 2 2 2 2 2 2 2 2 2 2 2 2 2 2 2 2 2 2 2 2 2 2 2 2 2 2 2
left_child=1 3 8 -1 19 6 12 25 17 10 18 15 -2 27 -5 16 -12 21 26 -4 23 28 -23 -6 -10 -8 -7 -14 -3 -19
right_child=5 2 4 14 20 9 7 -9 24 -11 11 -13 13 -15 -16 -17 -18 29 -20 -21 -22 22 -24 -25 -26 -27 -28 -29 -30 -31
leaf_value=-4.0064188894895043 -3.0373049153884248 6.3927473406110487 1.7415381288528442 8.1100161683559406 4.1875411638554105 0.83338883388042451 5.1994290342330931 -4.5505729348318908 8.0822320909133332 -3.7486230861666345 -1.0687008547782897 8.5200885581970205 7.8422107206072127 -4.0826178365707397 -0.26946640989054804 -2.2859787736429231 6.8333167879398049 8.8673795265987003 -3.6272418597205118 -4.3141348928358498 7.5220080455573823 -2.8347013187408443 4.0449755656334654 -0.57131405115127565 12.158449630737305 9.247409412677472 -2.5910801812764759 2.9472937548160552 2.6701141457441375 5.5259528789077832
leaf_weight=101 126 35 23 36 47 60 30 21 65 377 28 36 21 25 23 107 26 29 264 82 37 27 31 21 25 39 37 24 41 97
leaf_count=101 126 35 23 36 47 60 30 21 65 377 28 36 21 25 23 107 26 29 264 82 37 27 31 21 25 39 37 24 41 97
internal_value=1.60481e-09 2.82652 3.8464 -0.743034 0.711559 -1.66675 0.600439 4.67855 5.7273 -2.36024 -1.42221 1.06531 -1.27217 1.90509 4.84344 -0.601597 2.73597 4.52019 -2.77966 -2.98765 4.41077 2.85133 0.842367 2.71789 9.21451 7.48742 -0.472852 5.23159 4.38448 6.29501
internal_weight=1941 720 560 160 210 1221 286 90 350 935 558 197 196 70 59 161 54 260 361 105 105 134 58 68 90 69 97 45 76 126
internal_count=1941 720 560 160 210 1221 286 90 350 935 558 197 196 70 59 161 54 260 361 105 105 134 58 68 90 69 97 45 76 126
is_linear=0
shrinkage=0.03


Tree=34
num_leaves=31
num_cat=0
split_feature=11 9 8 36 56 8 9 9 34 9 45 2 23 19 21 10 8 19 57 26 44 57 37 57 41 37 10 37 48 41
split_gain=9.56445e+06 2.70963e+06 3.06613e+06 1.8132e+06 1.74296e+06 1.69761e+06 2.86863e+06 1.5029e+06 1.44985e+06 2.34656e+06 1.96113e+06 1.85263e+06 1.43779e+06 1.42199e+06 1.67173e+06 1.37896e+06 571915 527989 767627 1.52737e+06 534283 496349 470129 465458 436538 388416 357903 333514 324872 312485
threshold=-0.58216583101416131 150.50000000000003 3.5000000000000004 455.96785715000004 17.550000000000004 1.0000000180025095e-35 145.50000000000003 149.50000000000003 1.0000000180025095e-35 146.50000000000003 83.500000000000014 4990.3125000000009 95.500000000000014 8.5000000000000018 146.50000000000003 0.0327015646150716 1.0000000180025095e-35 43.500000000000007 307.50000000000006 8.2500000000000018 27.950000000000003 295.50000000000006 886.14017855000009 295.50000000000006 240.40408207183438 830.63571430000013 -0.98611507088852024 452.99375000000003 18.500000000000004 359.5869181735855
decision_type=2 2 2 2 2 2 2 2 2 2 2 2 2 2 2 2 2 2 2 2 2 2 2 2 2 2 2 2 2 2
left_child=1 2 3 5 27 6 -1 8 9 10 11 17 -9 16 -15 -11 23 18 19 20 -2 -17 -6 -10 28 -26 -16 -4 -3 -29
right_child=7 24 4 -5 22 -7 -8 12 13 15 -12 -13 -14 14 26 21 -18 -19 -20 -21 -22 -23 -24 -25 25 -27 -28 29 -30 -31
leaf_value=-3.9357931807945516 2.4721041305065157 5.5377611522376533 4.632292078064709 7.3262063611072037 -2.082119025568808 -3.3741238424417781 9.4078487027924638 -3.2445198377468043 2.1196346961127386 -2.3164129320144653 -3.3042983717992898 6.986533935253437 1.2569759287060918 7.9152685260772699 -4.3916905307769767 3.9980446131527421 -4.1661806299686432 4.3950486963987352 -3.5455723472504777 5.9922106815786922 -3.2824979404233532 8.4413734024592806 3.3326641676161022 -3.9186491460800172 5.1260027798484353 8.1925804200986541 0.97114743437085838 6.7897022154596112 0.73566885092428747 11.102507356916155
leaf_weight=29 20 32 41 23 31 139 29 466 27 25 160 39 74 24 24 64 180 20 58 34 53 35 27 20 68 82 21 54 21 21
leaf_count=29 20 32 41 23 31 139 29 466 27 25 160 39 74 24 24 64 180 20 58 34 53 35 27 20 68 82 21 54 21 21
internal_value=1.09182e-08 3.15974 1.709 -0.644595 4.68481 -1.5752 2.73603 -1.40354 -0.581384 0.391068 -0.767579 1.04436 -2.62765 -2.25032 1.52116 3.97913 -3.39672 -0.20831 -0.766293 0.740232 -1.70589 5.56892 0.438556 -0.449848 5.97545 6.8024 -1.88903 6.80794 3.63505 7.99729
internal_weight=1941 597 394 220 174 197 58 1344 804 508 384 224 540 296 69 124 227 185 165 107 73 99 58 47 203 150 45 116 53 75
internal_count=1941 597 394 220 174 197 58 1344 804 508 384 224 540 296 69 124 227 185 165 107 73 99 58 47 203 150 45 116 53 75
is_linear=0
shrinkage=0.03


Tree=35
num_leaves=31
num_cat=0
split_feature=11 12 6 16 6 12 11 16 41 10 12 6 8 4 37 53 34 44 24 37 40 6 16 53 53 10 4 48 57 23
split_gain=9.02207e+06 2.62387e+06 3.28595e+06 2.87617e+06 2.82333e+06 1.90068e+06 2.17664e+06 2.59894e+06 1.47219e+06 1.23149e+06 2.21538e+06 2.3726e+06 1.03255e+06 1.0131e+06 1.37817e+06 795541 667874 604963 581250 544777 442443 916218 423817 386392 386072 334259 331883 306480 281501 258875
threshold=-0.41248606129204529 0.64987354830121502 25.500000000000004 24.050000000000004 28.500000000000004 0.64987354830121502 0.72947329433276265 25.950000000000003 339.22157483328903 0.58216583101416164 0.52490632455031438 25.500000000000004 5.5000000000000009 17.500000000000004 110.75000000000001 195.50000000000003 80.929464285000009 28.950000000000003 14.250000000000002 800.00000000000011 840.07456100208344 22.500000000000004 24.750000000000004 329.50000000000006 126.50000000000001 0.29012925520284133 13.500000000000002 30.500000000000004 295.50000000000006 270.00000000000006
decision_type=2 2 2 2 2 2 2 2 2 2 2 2 2 2 2 2 2 2 2 2 2 2 2 2 2 2 2 2 2 2
left_child=1 2 8 -3 16 9 13 25 15 24 -11 18 -5 -7 -15 20 -4 28 -12 26 22 -22 -1 29 -2 -8 -6 -10 -13 -17
right_child=5 3 4 12 19 6 7 -9 27 10 11 17 -14 14 -16 23 -18 -19 -20 -21 21 -23 -24 -25 -26 -27 -28 -29 -30 -31
leaf_value=5.9078579921722412 -3.1965236724633561 -3.7988437203133456 1.7039728735840838 1.6959506966517521 3.9502544827854376 -2.9722451274355577 8.0860323137803505 -4.4675175094604489 7.6328901192591738 -3.0575200430959106 -3.1553938198089599 5.7881484317779535 10.080012588500976 5.0135375404357907 -4.0381972783803937 6.4825393227969901 -4.0808791281401025 2.0761516539946845 2.7888357667922969 7.0727636640458487 -2.5469001508528186 4.3627585499103247 2.1448378117188165 3.5049032891314962 -0.21809766190392629 3.6368687478133608 -0.58612873758588513 11.541450558471679 10.486258220672607 10.659012735973704
leaf_weight=65 581 101 23 39 47 121 55 24 65 166 57 24 20 41 24 34 82 23 20 37 31 39 46 23 42 21 21 25 22 22
leaf_count=65 581 101 23 39 47 121 55 24 65 166 57 24 20 41 24 34 82 23 20 37 31 39 46 23 42 21 21 25 22 22
internal_value=-1.20157e-08 2.6635 3.63154 -0.724631 0.664785 -1.57062 0.569518 4.13886 5.4116 -2.22525 -0.686745 2.00879 4.53801 -1.34948 1.67136 4.26686 -2.81372 6.04876 -1.61144 4.14329 3.17054 1.30277 4.34841 6.7787 -2.99573 6.85666 2.54931 8.7186 8.03507 8.1233
internal_weight=1941 720 560 160 210 1221 286 100 350 935 312 146 59 186 65 260 105 69 77 105 181 70 111 79 623 76 68 90 46 56
internal_count=1941 720 560 160 210 1221 286 100 350 935 312 146 59 186 65 260 105 69 77 105 181 70 111 79 623 76 68 90 46 56
is_linear=0
shrinkage=0.03


Tree=36
num_leaves=31
num_cat=0
split_feature=11 9 28 6 41 9 17 6 6 45 45 4 53 49 6 43 57 26 6 44 17 10 41 26 17 37 22 20 4 18
split_gain=8.49418e+06 2.39205e+06 2.74766e+06 3.6257e+06 1.45303e+06 1.33487e+06 1.34457e+06 2.2713e+06 2.21559e+06 1.36538e+06 1.33922e+06 1.32792e+06 1.29025e+06 1.14027e+06 1.09522e+06 1.05763e+06 914885 1.01929e+06 694271 465137 453687 436379 390920 377193 367418 346999 330428 317547 316347 298783
threshold=-0.58216583101416131 150.50000000000003 1006.2500000000001 25.500000000000004 340.16550814127555 149.50000000000003 12.500000000000002 19.500000000000004 25.500000000000004 75.500000000000014 83.500000000000014 21.500000000000004 95.500000000000014 16.500000000000004 28.500000000000004 -12.999999999999885 295.50000000000006 8.2500000000000018 20.500000000000004 27.950000000000003 41.500000000000007 0.41248606129204562 240.40408207183438 15.250000000000002 27.500000000000004 880.76160715000003 484.00000000000006 1.5000000000000002 15.500000000000002 18.500000000000004
decision_type=2 2 2 2 2 2 2 2 2 2 2 2 2 2 2 2 2 2 2 2 2 2 2 2 2 2 2 2 2 2
left_child=1 2 26 4 18 6 7 15 10 -10 11 13 -7 16 -5 -2 17 19 23 -8 -11 -15 29 -4 -20 -24 -1 -18 -19 -3
right_child=5 22 3 14 -6 12 8 -9 9 20 -12 -13 -14 21 -16 -17 27 28 24 -21 -22 -23 25 -25 -26 -27 -28 -29 -30 -31
leaf_value=1.3956077697060325 -0.41288928322170093 5.2332426139712336 3.8062373971939087 -2.9737830239295957 9.7254383693757607 -3.0652655341394484 2.3347755952477454 -3.3928308185480405 -2.8881604303632464 2.9274260728557904 -3.1446734367199798 7.5823869778893211 1.1750510463237762 6.9916076803207394 4.7773759187970839 8.8990849576677604 -1.4636015667102553 7.3328156576156607 4.136325175421578 -3.2029686528582908 7.2148675928444694 1.0699369519097464 4.9820202844393879 -1.9504192624773298 8.7894307899475095 7.8681009932466459 -2.6381371487511527 -4.784550840416733 2.0608729978970119 0.6279972449370792
leaf_weight=22 23 32 20 75 61 465 20 236 21 36 134 22 75 24 21 21 55 20 42 43 58 21 76 21 24 74 108 49 21 21
leaf_count=22 23 32 20 75 61 465 20 236 21 36 134 22 75 24 21 21 55 20 42 43 58 21 76 21 24 74 108 49 21 21
internal_value=-4.14331e-09 2.97771 1.61463 3.37265 6.0303 -1.32269 -0.547849 -2.22616 0.348957 4.02781 -0.68544 0.512877 -2.47633 -0.101863 -1.27822 4.03146 -1.03865 0.950986 3.92372 -1.44495 5.57287 4.22816 5.62327 0.857706 5.82836 6.40582 -1.9555 -3.02828 4.63255 3.40852
internal_weight=1941 597 394 264 168 1344 804 280 524 115 409 275 540 253 96 44 208 104 107 63 94 45 203 41 66 150 130 104 41 53
internal_count=1941 597 394 264 168 1344 804 280 524 115 409 275 540 253 96 44 208 104 107 63 94 45 203 41 66 150 130 104 41 53
is_linear=0
shrinkage=0.03


Tree=37
num_leaves=31
num_cat=0
split_feature=11 9 6 16 6 9 4 6 41 4 6 6 17 17 11 53 34 54 37 28 9 9 53 18 35 28 29 48 2 49
split_gain=8.03411e+06 2.35344e+06 2.93793e+06 2.61376e+06 2.49676e+06 1.69335e+06 2.00968e+06 2.67482e+06 1.29125e+06 1.1025e+06 1.84823e+06 2.53645e+06 948486 891157 750191 702243 622310 554670 484013 479028 474607 469828 357865 356833 320875 301935 288362 284486 265956 246029
threshold=-0.41248606129204529 141.50000000000003 25.500000000000004 24.050000000000004 28.500000000000004 140.50000000000003 17.500000000000004 16.500000000000004 339.22157483328903 16.500000000000004 25.500000000000004 28.500000000000004 57.500000000000007 41.500000000000007 0.91037613702198772 195.50000000000003 80.929464285000009 14.250000000000002 791.23303570000019 1006.6500000000002 142.50000000000003 143.50000000000003 329.50000000000006 60.500000000000007 683.04464285000006 1006.5500000000001 0.25000000000000006 30.500000000000004 3433.7142855000006 21.500000000000004
decision_type=2 2 2 2 2 2 2 2 2 2 2 2 2 2 2 2 2 2 2 2 2 2 2 2 2 2 2 2 2 2
left_child=1 3 8 -1 16 6 14 -8 15 10 17 13 -5 -12 29 19 -4 20 28 21 -7 -3 26 -23 -9 -19 -17 -10 -6 -2
right_child=5 2 4 12 18 9 7 24 27 -11 11 -13 -14 -15 -16 22 -18 25 -20 -21 -22 23 -24 -25 -26 -27 -28 -29 -30 -31
leaf_value=-3.6259666748802259 -3.2377277642353013 -2.0175262784957884 1.7147063130917755 7.361831738154093 3.9676641641436396 1.206916390247643 -4.5266668510437009 8.9858383972580356 7.1644821948271522 -3.0918107966908108 1.3478675332180288 -2.7461175648586171 -0.43732529267020842 7.0901909597856649 3.7037054879324773 9.9263476477728947 -3.869333045657088 -1.3233915853500366 6.4925938253402702 4.7649474830868872 -3.1927064757799579 3.9739746446136772 3.2506367185841434 -0.6730159299373627 4.9788256209918424 3.2782053136825562 5.6180692636555634 10.930189361572266 0.092382686478751044 -0.0090616934640066951
leaf_weight=101 88 24 23 36 37 24 24 37 65 463 43 74 23 56 21 27 82 33 40 79 274 58 23 20 35 21 29 25 28 28
leaf_count=101 88 24 23 36 37 24 24 37 65 463 43 74 23 56 21 27 82 33 40 79 274 58 23 20 35 21 29 25 28 28
internal_value=8.73111e-09 2.51344 3.43024 -0.695345 0.624986 -1.48213 0.81845 4.14682 5.11339 -2.02467 -1.08356 1.45547 4.32148 4.59605 -1.51384 4.04131 -2.64616 -2.33144 3.89613 3.01127 -2.83837 1.65304 6.40127 2.78244 7.03798 0.466118 7.69527 8.21051 2.29831 -2.45839
internal_weight=1941 720 560 160 210 1221 233 96 350 988 525 173 59 99 137 260 105 352 105 181 298 102 79 78 72 54 56 90 65 116
internal_count=1941 720 560 160 210 1221 233 96 350 988 525 173 59 99 137 260 105 352 105 181 298 102 79 78 72 54 56 90 65 116
is_linear=0
shrinkage=0.03


Tree=38
num_leaves=31
num_cat=0
split_feature=1 8 24 36 40 8 39 8 17 6 17 6 1 28 47 40 53 39 23 39 26 47 26 41 48 40 49 42 26 19
split_gain=7.09387e+06 1.75782e+06 2.50491e+06 1.4784e+06 1.33461e+06 1.25451e+06 2.00299e+06 1.02033e+06 1.77324e+06 1.91807e+06 1.87153e+06 1.24244e+06 990242 829021 723097 582210 566310 520009 419007 388026 366823 359309 349744 337653 404205 365180 294100 229857 250018 223564
threshold=4523.3125000000009 3.5000000000000004 380.30000000000001 537.08571430000018 840.07456100208344 1.0000000180025095e-35 944.35491066875011 2.5000000000000004 62.500000000000007 19.500000000000004 12.500000000000002 25.500000000000004 1875.4375000000002 1004.35 42.500000000000007 786.22073412708346 151.50000000000003 244.79129463750004 128.50000000000003 921.8390996937502 12.950000000000001 41.500000000000007 8.0500000000000025 326.18988363030729 27.500000000000004 613.82776541220846 49.500000000000007 12.693750000000003 19.950000000000003 1.0000000180025095e-35
decision_type=2 2 2 2 2 2 2 2 2 2 2 2 2 2 2 2 2 2 2 2 2 2 2 2 2 2 2 2 2 2
left_child=7 2 16 5 23 6 -4 8 9 13 -11 14 26 -1 -12 18 -2 29 -14 -6 22 -13 -18 24 -3 -25 27 28 -9 -10
right_child=1 4 3 -5 19 -7 -8 12 17 10 11 21 15 -15 -16 -17 20 -19 -20 -21 -22 -23 -24 25 -26 -27 -28 -29 -30 -31
leaf_value=1.454353244304657 2.1292061221777505 3.6430257602493357 -3.4236325089827826 6.4785027538646354 -2.9128464807782852 -3.0954668885966141 9.3912019893101295 -2.9257165270056045 0.08843135338563185 -3.1224429697256819 3.1451956240653991 3.0375780462026594 0.4214783412416776 7.6626664111565574 -3.5758365127970189 -2.0712458619475362 4.4506660923957817 1.6476352276802062 5.1487424813376528 2.2454022568293981 3.4814376092638284 7.6431000299072789 9.6074707386411475 8.5834781837463368 7.4247405186821434 4.3671358029595737 0.26228294719349254 -0.13626688761095848 0.26989095273225205 -2.8561028976572884
leaf_weight=32 67 101 23 22 21 144 21 525 26 104 25 30 45 49 34 48 20 30 27 35 35 31 29 51 34 29 33 31 23 216
leaf_count=32 67 101 23 22 21 144 21 525 26 104 25 30 45 49 34 48 20 30 27 35 35 31 29 51 34 29 33 31 23 216
internal_value=3.66647e-09 2.61013 1.2393 -0.879755 4.4362 -1.74083 2.69254 -1.2602 -0.31681 1.25374 -0.176871 2.37596 -2.00382 5.21 -0.727942 0.488023 4.18634 -2.0779 2.1942 0.311059 5.82715 5.37809 7.50265 5.51066 4.59546 7.05505 -2.49242 -2.64943 -2.79159 -2.53975
internal_weight=1941 632 361 210 271 188 44 1309 577 305 224 120 732 81 59 120 151 272 72 56 84 61 49 215 135 80 612 579 548 242
internal_count=1941 632 361 210 271 188 44 1309 577 305 224 120 732 81 59 120 151 272 72 56 84 61 49 215 135 80 612 579 548 242
is_linear=0
shrinkage=0.03


Tree=39
num_leaves=31
num_cat=0
split_feature=11 9 6 16 6 9 10 6 1 41 8 35 6 6 53 44 37 9 26 16 28 9 17 18 53 53 29 2 57 18
split_gain=7.12534e+06 2.1022e+06 2.63069e+06 2.34641e+06 2.20293e+06 1.51205e+06 1.67906e+06 2.0076e+06 1.21804e+06 1.15281e+06 894484 893516 1.95196e+06 2.6603e+06 633438 573789 445429 436061 645418 424140 423332 434222 407198 340748 334118 316503 263567 240145 233224 198675
threshold=-0.41248606129204529 141.50000000000003 25.500000000000004 24.050000000000004 28.500000000000004 140.50000000000003 0.41248606129204562 16.500000000000004 310.39285715000005 339.22157483328903 5.5000000000000009 5.9357142855000005 25.500000000000004 29.500000000000004 195.50000000000003 31.650000000000002 791.23303570000019 144.50000000000003 7.6500000000000012 25.450000000000003 1006.6500000000002 143.50000000000003 41.500000000000007 60.500000000000007 329.50000000000006 126.50000000000001 0.25000000000000006 3433.7142855000006 280.50000000000006 30.500000000000004
decision_type=2 2 2 2 2 2 2 2 2 2 2 2 2 2 2 2 2 2 2 2 2 2 2 2 2 2 2 2 2 2
left_child=1 3 9 -1 15 6 7 -2 19 14 -5 12 17 22 20 -4 27 18 -7 -9 21 -3 -14 -23 26 -13 -16 -6 -22 -11
right_child=5 2 4 10 16 11 -8 8 -10 29 -12 25 13 -15 24 -17 -18 -19 -20 -21 28 23 -24 -25 -26 -27 -28 -29 -30 -31
leaf_value=-3.4423498433179192 -4.0504757385253907 -1.9706097030639647 1.4734824495792389 1.4424445427381076 3.7050858207449719 -2.1107518476550862 -2.3746184384822846 7.3607050773676708 -2.0071383161544802 6.9026302453062751 9.2458879966735825 -2.9522428035554729 2.5019171137699199 -3.0341820275372475 9.4379365115695517 -3.7333900495469567 6.1424426361322402 -2.9691523193248681 3.7243627372384069 2.6479161270805025 6.0528001537337532 3.8082606995516808 6.7874871557950973 -0.73278650743514295 3.0102994213933529 -0.26853520947833392 5.3190511174037534 0.022651736395699638 2.7903937938338834 10.090030590295791
leaf_weight=101 30 24 25 39 37 59 92 68 20 66 20 493 31 58 27 80 40 224 24 23 41 58 56 20 23 43 29 28 38 24
leaf_count=101 30 24 25 39 37 59 92 68 20 66 20 493 31 58 27 80 40 224 24 23 41 58 56 20 23 43 29 28 38 24
internal_value=4.60151e-09 2.36703 3.2335 -0.665651 0.578981 -1.39579 0.778146 2.83527 4.69628 4.82622 4.08768 -1.90847 -0.926026 1.94259 3.81324 -2.49366 3.65162 -2.28091 -0.42349 6.16956 2.83496 1.55813 5.26044 2.64389 6.0546 -2.73695 7.30494 2.11881 4.48354 7.7526
internal_weight=1941 720 560 160 210 1221 233 141 111 350 59 988 452 145 260 105 105 307 83 91 181 102 87 78 79 536 56 65 79 90
internal_count=1941 720 560 160 210 1221 233 141 111 350 59 988 452 145 260 105 105 307 83 91 181 102 87 78 79 536 56 65 79 90
is_linear=0
shrinkage=0.03


Tree=40
num_leaves=31
num_cat=0
split_feature=11 9 8 56 36 8 50 9 31 34 6 45 2 19 22 10 47 6 26 14 8 27 27 47 37 10 19 20 2 48
split_gain=6.73074e+06 1.91889e+06 2.18268e+06 1.20989e+06 1.20946e+06 1.24735e+06 2.06034e+06 1.01724e+06 1.19598e+06 1.17208e+06 1.70172e+06 1.48589e+06 1.4247e+06 1.05945e+06 1.28331e+06 969407 545555 561325 448559 521207 437020 494596 414860 370087 324549 319749 312180 475621 302303 242342
threshold=-0.63405362205439475 150.50000000000003 3.5000000000000004 17.550000000000004 537.08571430000018 1.0000000180025095e-35 1.0000000180025095e-35 149.50000000000003 118.98750000000003 1.0000000180025095e-35 25.500000000000004 83.500000000000014 591.78571430000011 8.5000000000000018 71.000000000000014 0.0327015646150716 62.500000000000007 19.500000000000004 8.2500000000000018 28.050000000000004 1.0000000180025095e-35 295.50000000000006 321.50000000000006 41.500000000000007 886.14017855000009 -0.9733555533461492 94.500000000000014 3.5000000000000004 7167.6875000000009 17.500000000000004
decision_type=2 2 2 2 2 2 2 2 2 2 2 2 2 2 2 2 2 2 2 2 2 2 2 2 2 2 2 2 2 2
left_child=1 2 4 -4 5 6 -1 9 -9 10 11 12 16 20 -15 -12 17 -2 19 -19 21 -11 23 -17 -5 -16 27 -3 29 -10
right_child=7 26 3 24 -6 -7 -8 8 28 13 15 -13 -14 14 25 22 -18 18 -20 -21 -22 -23 -24 -25 -26 -27 -28 -29 -30 -31
leaf_value=9.2991382474484645 3.9648826262825412 3.8831892988248304 5.9085862573060126 -2.0148012960874118 6.1127179059115324 -2.9346391366664752 -2.5515321645429054 -2.8807065645573844 2.8180293281224307 2.2499538822259222 -1.8604785754680633 -2.7875722103118892 5.6330930444027514 6.9382146930694581 -3.7177598275078667 1.1330386886596679 -2.5385578813709193 2.4590433812141419 3.4276866340637206 -3.323247445289125 -3.5413178664572693 -3.8405856663840154 8.6053917739391323 5.3172899395685924 2.7253223365545272 1.2869381654262542 3.3410139536424115 7.5165579905992823 -1.6511415202118631 -0.37428515612294799
leaf_weight=23 38 55 110 26 22 129 31 426 49 28 25 160 47 24 27 30 61 20 21 47 188 21 20 52 26 20 55 79 43 38
leaf_count=23 38 55 110 26 22 129 31 426 49 28 25 160 47 24 27 30 61 20 21 47 188 21 20 52 26 20 55 79 43 38
internal_value=-6.09451e-09 2.78822 1.52347 4.12604 -0.5332 -1.33216 2.49598 -1.11932 -2.11209 -0.453476 0.413845 -0.559576 0.96384 -1.9206 1.29403 3.43375 -0.209716 0.91774 -0.398072 -1.59719 -2.88363 -0.360277 4.73135 3.78647 0.355261 -1.5881 5.24412 6.02525 0.406627 1.42369
internal_weight=1941 556 367 162 205 183 54 1385 556 829 521 394 234 308 71 127 187 126 88 67 237 49 102 82 52 47 189 134 130 87
internal_count=1941 556 367 162 205 183 54 1385 556 829 521 394 234 308 71 127 187 126 88 67 237 49 102 82 52 47 189 134 130 87
is_linear=0
shrinkage=0.03


Tree=41
num_leaves=31
num_cat=0
split_feature=11 12 8 36 8 50 34 12 31 34 12 15 10 28 19 21 40 27 12 57 8 27 36 10 15 11 53 27 53 53
split_gain=6.33295e+06 1.80548e+06 2.05368e+06 1.13798e+06 1.17363e+06 1.93857e+06 1.10374e+06 957125 1.12634e+06 1.10281e+06 1.60115e+06 1.43315e+06 1.77927e+06 1.0248e+06 996839 1.20746e+06 915481 796172 599464 490372 411192 465365 399958 342258 336631 328499 297489 293887 371615 330132
threshold=-0.63405362205439475 0.52490632455031438 3.5000000000000004 537.08571430000018 1.0000000180025095e-35 1.0000000180025095e-35 934.03482145000009 0.53946920585801694 82.108035715000014 1.0000000180025095e-35 0.58218302397213695 82.500000000000014 0.41248606129204562 1006.5500000000001 8.5000000000000018 146.50000000000003 2.822730654854158 317.50000000000006 0.66285048286959747 279.50000000000006 1.0000000180025095e-35 295.50000000000006 303.93839285000007 0.58216583101416164 70.500000000000014 0.55557023301960229 156.50000000000003 325.50000000000006 342.00000000000006 182.50000000000003
decision_type=2 2 2 2 2 2 2 2 2 2 2 2 2 2 2 2 2 2 2 2 2 2 2 2 2 2 2 2 2 2
left_child=1 27 3 4 5 -3 -4 8 -2 10 16 12 18 25 20 -16 23 -15 -12 -18 21 -11 -13 -9 -17 -14 -10 28 29 -1
right_child=7 2 6 -5 -6 -7 -8 9 26 14 11 22 13 17 15 24 19 -19 -20 -21 -22 -23 -24 -25 -26 -27 -28 -29 -30 -31
leaf_value=4.860937301558117 -2.8469946726086066 9.0201640916907255 5.5143604655488065 5.9293364212729713 -2.8465999755748483 -2.4749862006402781 -0.052932599999687885 2.6808527420307025 -0.43470224373042582 2.1824553090333936 1.5322903891972133 0.39263232157037059 -3.8929456088417451 6.7903105062246318 6.7300683975219728 1.0530699945532758 -2.629691263006793 -0.65601012059620445 7.8480746961894789 3.5680891499519349 -3.4350782946513054 -3.7253681605202811 -3.0809996212767317 6.7627192177492033 -4.0259224367141719 -0.20052825389589582 3.01062045948846 1.9086791996333909 1.6920537128448485 7.7603962204456325
leaf_weight=86 412 23 118 22 129 31 44 29 116 28 21 37 57 24 24 23 27 28 38 20 188 21 154 51 24 35 28 23 20 60
leaf_count=86 412 23 118 22 129 31 44 29 116 28 21 37 57 24 24 23 27 28 38 20 188 21 154 51 24 35 28 23 20 60
internal_value=8.78869e-10 2.70458 1.47776 -0.517204 -1.2922 2.4211 4.00226 -1.08574 -2.04872 -0.439872 0.401429 -0.542789 1.21225 -0.585536 -1.86298 1.25521 3.33074 2.78075 5.60008 0.0076621 -2.79713 -0.349469 -2.4081 5.28304 -1.54046 -2.48822 0.235222 5.0868 5.52714 6.0525
internal_weight=1941 556 367 205 183 54 162 1385 556 829 521 394 203 144 308 71 127 52 59 47 237 49 191 80 47 92 144 189 166 146
internal_count=1941 556 367 205 183 54 162 1385 556 829 521 394 203 144 308 71 127 52 59 47 237 49 191 80 47 92 144 189 166 146
is_linear=0
shrinkage=0.03


Tree=42
num_leaves=31
num_cat=0
split_feature=11 13 19 2 13 11 16 13 13 8 8 10 13 13 34 33 41 37 27 49 27 44 46 24 13 35 53 57 11 3
split_gain=5.96874e+06 1.79736e+06 2.00654e+06 1.47122e+06 1.28239e+06 1.62804e+06 1.95763e+06 1.06917e+06 1.20713e+06 1.45717e+06 908128 889145 1.51187e+06 1.61939e+06 727689 617552 597120 1.02842e+06 559859 494160 475968 451719 445910 426259 351643 307953 280156 227657 226851 275181
threshold=-0.41248606129204529 -0.75999367905021098 15.500000000000002 5654.5892855000011 -0.75999367905021098 0.72947329433276265 25.950000000000003 -0.79250516961884265 -0.84196139870471931 1.0000000180025095e-35 5.5000000000000009 0.58216583101416164 -0.85111654397324854 -0.81301226778969637 123.93750000000001 617.91428570000005 291.7853384487251 115.54821430000001 279.50000000000006 1.5000000000000002 277.50000000000006 28.950000000000003 24.350000000000005 14.250000000000002 -0.79250516961884265 678.46428575000016 126.50000000000001 295.50000000000006 -0.99465189230620676 6397828.7855000012
decision_type=2 2 2 2 2 2 2 2 2 2 2 2 2 2 2 2 2 2 2 2 2 2 2 2 2 2 2 2 2 2
left_child=1 3 -3 7 11 16 -7 8 14 -10 15 26 -13 21 -1 -4 -6 -18 -11 20 -5 27 -20 -15 -22 -21 -2 -14 -16 -30
right_child=4 2 10 19 5 6 -8 -9 9 18 -12 12 13 23 28 -17 17 -19 22 25 24 -23 -24 -25 -26 -27 -28 -29 29 -31
leaf_value=1.9406183278728539 -2.640940961138555 -3.4893177746188253 -2.0485406348567743 -3.4550442374624857 -2.3957270964471307 5.926125119861803 -3.9020860671997073 7.155458919593733 7.7266942119598383 -3.8597234311785016 8.6745073585510255 -2.4664225688109913 4.7522702360153195 -2.5942090141773226 2.9266105842590333 4.8683445126669751 4.5153047053019204 -3.230080411169264 -1.8065166585445405 -0.22932219142263585 3.719513835473494 1.6237388196198836 3.2115336092780615 2.4961786050796508 -1.6443253265050324 4.352902188734574 -0.10375238963535854 8.977237545360218 4.7553799182265548 7.5060527486912907
leaf_weight=71 581 93 26 41 123 76 24 73 22 35 20 166 24 57 24 21 36 27 30 22 22 23 34 20 22 33 42 22 67 64
leaf_count=71 581 93 26 41 123 76 24 73 22 35 20 166 24 57 24 21 36 27 30 22 22 23 34 20 22 33 42 22 67 64
internal_value=-6.2305e-10 2.16641 -0.63777 2.96761 -1.27749 0.480419 3.56735 3.85539 3.16114 0.742922 3.32035 -1.81521 -0.507926 1.71886 4.45584 1.04198 -1.17922 1.19585 -0.809027 0.304272 -1.12944 5.05652 0.859323 -1.27203 1.03759 2.52001 -2.46989 6.77291 5.60798 6.09922
internal_weight=1941 720 160 560 1221 286 100 420 347 121 67 935 312 146 226 47 186 63 99 140 85 69 64 77 44 55 623 46 155 131
internal_count=1941 720 160 560 1221 286 100 420 347 121 67 935 312 146 226 47 186 63 99 140 85 69 64 77 44 55 623 46 155 131
is_linear=0
shrinkage=0.03


Tree=43
num_leaves=31
num_cat=0
split_feature=11 9 8 56 36 8 50 9 30 34 6 15 35 19 22 41 17 18 56 15 8 36 11 58 49 15 53 19 50 30
split_gain=5.63921e+06 1.59888e+06 1.82011e+06 1.03837e+06 999388 1.04389e+06 1.73811e+06 847088 1.01779e+06 996249 1.45883e+06 1.26685e+06 1.38919e+06 896747 1.09865e+06 826172 466525 532961 1.0099e+06 386724 370621 361276 343222 318432 310870 309488 284388 280126 339586 228460
threshold=-0.63405362205439475 150.50000000000003 3.5000000000000004 17.550000000000004 537.08571430000018 1.0000000180025095e-35 1.0000000180025095e-35 149.50000000000003 58.764285715000007 1.0000000180025095e-35 25.500000000000004 82.500000000000014 12.312500000000002 8.5000000000000018 71.000000000000014 17.281510316699386 65.500000000000014 22.500000000000004 8.6500000000000004 58.500000000000007 1.0000000180025095e-35 303.93839285000007 0.83146961230254512 1005.85 1.0000000180025095e-35 70.500000000000014 156.50000000000003 94.500000000000014 3.5000000000000004 882.94642855000006
decision_type=2 2 2 2 2 2 2 2 2 2 2 2 2 2 2 2 2 2 2 2 2 2 2 2 2 2 2 2 2 2
left_child=1 2 4 29 5 6 -1 9 -9 10 11 12 16 20 -15 22 17 -2 -19 -5 24 -13 -12 -14 -11 -16 -10 28 -3 -4
right_child=7 27 3 19 -6 -7 -8 8 26 13 15 21 23 14 25 -17 -18 18 -20 -21 -22 -23 -24 -25 -26 -27 -28 -29 -30 -31
leaf_value=8.5438920891803232 5.012057683467865 3.7785689095446937 4.0333495965268877 3.5534671860337257 5.560791877399792 -2.6726831780755242 -2.340693858977287 -2.7392097569470431 -0.48400255644321444 2.545597335577011 6.4143114671340351 0.38950968093163257 8.4810631968758319 6.4103070449829094 1.0080058386014856 -0.20311772546102833 -2.23129887676239 -2.705181740838654 4.4369474438258578 -1.7643500603735447 -3.2612126030566846 -2.9118770370158282 2.4654515849053857 3.2507442226409911 -2.316177062988281 -3.8619235277175905 2.8491474509239194 2.9911700841730293 6.8332501007674571 6.7681860739844186
leaf_weight=23 24 57 54 20 22 129 31 398 130 20 52 37 22 24 23 43 60 49 28 32 188 154 32 20 29 24 28 55 77 56
leaf_count=23 24 57 54 20 22 129 31 398 130 20 52 37 22 24 23 43 60 49 28 32 188 154 32 20 29 24 28 55 77 56
internal_value=1.74208e-09 2.55214 1.39765 3.77426 -0.480442 -1.20671 2.29533 -1.02454 -1.93049 -0.416939 0.382683 -0.518596 1.13148 -1.76954 1.18796 3.17878 -0.136074 1.10861 -0.108044 0.280964 -2.65555 -2.27234 4.90998 5.99044 -0.331779 -1.47877 0.106682 4.79393 5.53387 5.42563
internal_weight=1941 556 367 162 205 183 54 1385 556 829 521 394 203 308 71 127 161 101 77 52 237 191 84 42 49 47 158 189 134 110
internal_count=1941 556 367 162 205 183 54 1385 556 829 521 394 203 308 71 127 161 101 77 52 237 191 84 42 49 47 158 189 134 110
is_linear=0
shrinkage=0.03


Tree=44
num_leaves=31
num_cat=0
split_feature=11 9 6 19 6 9 11 46 2 8 10 9 6 21 4 8 33 9 17 8 2 24 46 48 43 53 57 42 3 10
split_gain=5.30808e+06 1.61351e+06 2.00152e+06 1.79716e+06 1.61562e+06 1.14426e+06 1.48558e+06 1.77353e+06 863344 827274 791668 1.33876e+06 1.44029e+06 651835 645277 702694 562045 531139 515659 513400 460376 380992 368323 331324 299305 252634 226830 211541 250210 209174
threshold=-0.41248606129204529 141.50000000000003 25.500000000000004 15.500000000000002 28.500000000000004 141.50000000000003 0.72947329433276265 25.950000000000003 5654.5892855000011 5.5000000000000009 0.58216583101416164 150.50000000000003 25.500000000000004 268.50000000000006 17.500000000000004 1.5000000000000002 617.91428570000005 143.50000000000003 41.500000000000007 5.5000000000000009 1771.8750000000002 14.250000000000002 24.150000000000002 60.500000000000007 79.241071430000019 126.50000000000001 177.00000000000003 -31.20178572 6349833.5625000009 0.19509032201612822
decision_type=2 2 2 2 2 2 2 2 2 2 2 2 2 2 2 2 2 2 2 2 2 2 2 2 2 2 2 2 2 2
left_child=1 3 8 -1 20 6 14 29 13 16 25 12 21 24 -2 -16 -5 -10 -14 26 -4 -12 -6 -19 -3 -7 -15 -28 -29 -8
right_child=5 2 4 9 22 10 7 -9 17 -11 11 -13 18 19 15 -17 -18 23 -20 -21 -22 -23 -24 -25 -26 -27 27 28 -30 -31
leaf_value=-3.3125729862336186 -2.4246438194774398 5.9466193778514862 1.3179761550059685 -1.9909151849379905 4.4838990294933314 -2.4928370466043535 6.818015557357243 -3.7049337768554684 -2.6406544529199598 8.2422745399475108 -2.4543314906641056 -2.3220730629599236 1.2127692627906799 4.1276405569223256 5.1015878611344556 -1.2655202638185941 4.6077978898797713 4.1775056146874148 6.6579863497416181 1.976015735268593 -3.2842917751360541 2.3581805362701416 0.8066244488496046 -0.37842017304897307 1.6906674156928883 -0.083496076379503514 5.5835810699868711 6.5358765519749031 9.8142405223846438 3.5294876729117495
leaf_weight=93 121 20 26 26 66 581 49 24 20 20 57 166 24 26 26 39 21 51 45 24 79 20 39 20 58 42 47 44 40 27
leaf_count=93 121 20 26 26 66 581 49 24 20 20 57 166 24 26 26 39 21 51 45 24 79 20 39 20 58 42 47 44 40 27
internal_value=-3.53206e-09 2.043 2.80212 -0.613899 0.486686 -1.20472 0.45582 3.40461 4.19138 3.13202 -1.71265 -0.479108 1.61632 5.07456 -1.12955 1.28132 0.957446 1.67771 4.764 6.06254 -2.14468 -1.20433 3.11805 2.89415 2.78194 -2.33041 6.68723 7.19524 8.097 5.64972
internal_weight=1941 720 560 160 210 1221 286 100 350 67 935 312 146 259 186 65 47 91 69 181 105 77 105 71 78 623 157 131 84 76
internal_count=1941 720 560 160 210 1221 286 100 350 67 935 312 146 259 186 65 47 91 69 181 105 77 105 71 78 623 157 131 84 76
is_linear=0
shrinkage=0.03


Tree=45
num_leaves=31
num_cat=0
split_feature=11 9 28 6 41 9 34 6 15 35 19 21 30 41 6 57 1 11 28 57 36 11 15 4 41 16 49 16 18 41
split_gain=5.0046e+06 1.39561e+06 1.74635e+06 2.19508e+06 1.00373e+06 772963 857597 1.36013e+06 1.06106e+06 1.23468e+06 841025 1.00616e+06 803972 778934 626108 455276 454138 412106 579714 594608 325720 285233 283983 274563 271564 283869 261905 259023 240944 228144
threshold=-0.58216583101416131 150.50000000000003 1006.2500000000001 25.500000000000004 340.16550814127555 149.50000000000003 1.0000000180025095e-35 25.500000000000004 82.500000000000014 12.312500000000002 8.5000000000000018 146.50000000000003 58.764285715000007 17.281510316699386 28.500000000000004 284.50000000000006 7585.0625000000009 0.91037613702198772 1006.5500000000001 317.50000000000006 303.93839285000007 0.83146961230254512 70.500000000000014 3.5000000000000004 240.40408207183438 23.250000000000004 5.5000000000000009 23.750000000000004 18.500000000000004 207.35764367468065
decision_type=2 2 2 2 2 2 2 2 2 2 2 2 2 2 2 2 2 2 2 2 2 2 2 2 2 2 2 2 2 2
left_child=1 2 29 4 15 6 7 8 9 17 -8 -12 -7 21 -5 -4 -17 18 23 -20 -10 -9 -13 -2 28 -26 -11 -14 -3 -1
right_child=5 24 3 14 -6 12 10 13 20 26 11 22 27 -15 -16 16 -18 -19 19 -21 -22 -23 -24 -25 25 -27 -28 -29 -30 -31
leaf_value=0.69277016592025753 -0.16394354847499301 4.0990707778371869 5.7697771983146664 -2.2547775264501571 7.7850576340175062 -2.5845704386581723 -2.5908652244895563 6.0661231217017537 0.38240672175948687 3.1720523400306702 6.1518012619018547 1.0933655554907662 3.1204034376144407 -0.39167615228891373 3.6058108016422814 -0.85103445012228829 3.9159802911652104 3.6642088454110278 5.6119436536516458 -1.5271322304861887 -2.7523168383790297 2.4662731602787971 -3.6836678075790403 -3.5751397132873532 2.6362343056996664 5.6920170913244545 7.9689540794917511 -0.48897359873699253 -0.036472373689923961 -2.2901172570705413
leaf_weight=30 35 32 35 75 61 398 227 52 37 20 24 21 21 40 21 35 37 21 21 21 154 32 24 54 36 114 21 121 21 100
leaf_count=30 35 32 35 75 61 398 227 52 37 20 24 21 21 40 21 35 37 21 21 21 154 32 24 54 36 114 21 121 21 100
internal_value=4.3218e-10 2.28563 1.24447 2.64602 4.7139 -1.01527 -0.425651 0.322258 -0.559856 1.00893 -1.70922 1.19124 -1.89314 3.05397 -0.972774 2.96306 1.59868 -0.237277 -0.862706 2.04241 -2.14507 4.69475 -1.45439 -2.23366 4.3064 4.95863 5.629 0.0448075 2.46046 -1.60176
internal_weight=1941 597 394 264 168 1344 804 508 384 193 296 69 540 124 96 107 72 152 131 42 191 84 45 89 203 150 41 142 53 130
internal_count=1941 597 394 264 168 1344 804 508 384 193 296 69 540 124 96 107 72 152 131 42 191 84 45 89 203 150 41 142 53 130
is_linear=0
shrinkage=0.03


Tree=46
num_leaves=31
num_cat=0
split_feature=11 9 6 16 6 9 4 6 41 30 4 6 6 21 11 44 23 41 11 29 28 9 48 30 57 35 56 48 9 42
split_gain=4.72164e+06 1.43661e+06 1.77538e+06 1.63269e+06 1.43386e+06 1.03847e+06 1.32392e+06 1.77079e+06 830975 700085 686373 936930 1.23189e+06 1.45843e+06 454296 439383 405090 353462 341824 341131 270725 355362 302434 265020 264891 256992 234107 216024 201811 194452
threshold=-0.41248606129204529 141.50000000000003 25.500000000000004 24.050000000000004 28.500000000000004 140.50000000000003 17.500000000000004 16.500000000000004 339.22157483328903 815.06428575000007 17.500000000000004 25.500000000000004 28.500000000000004 103.50000000000001 0.91037613702198772 31.650000000000002 198.50000000000003 298.91126748988069 -0.16280825711808986 0.25000000000000006 1006.6500000000002 143.50000000000003 60.500000000000007 635.83125000000007 321.50000000000006 683.04464285000006 8.9500000000000011 30.500000000000004 141.50000000000003 -28.14464299999997
decision_type=2 2 2 2 2 2 2 2 2 2 2 2 2 2 2 2 2 2 2 2 2 2 2 2 2 2 2 2 2 2
left_child=1 3 8 -1 15 6 14 -8 16 -5 11 18 13 24 -2 -4 20 23 -7 -18 21 -3 -23 -6 26 -9 -13 -10 -20 -19
right_child=5 2 4 9 17 10 7 25 27 -11 -12 12 -14 -15 -16 -17 19 29 28 -21 -22 22 -24 -25 -26 -27 -28 -29 -30 -31
leaf_value=-2.89639023846919 -1.9626491105145423 -1.846928355693817 1.4550427094936371 0.77280328432718914 3.2845231069218026 -0.034016423210865114 -3.6903096389770509 7.4624321599626855 5.5245868847553545 7.4733057453321372 -2.5258598485281243 1.2216698617520538 -1.9189307841589283 -4.0521119551225144 2.8326105581011092 -3.1013626413345334 6.8005810309619434 7.1755049715042105 0.17281913132503116 2.6302037571707078 3.6671516459076492 3.3182088999521167 -0.91617785990238187 -0.68363917031458443 7.6140505084991448 3.8764123911176411 4.9285603722282083 8.8060485649108884 -2.4549000384529571 3.1702210052311419
leaf_weight=101 116 24 25 36 33 82 24 37 65 23 397 23 86 22 21 80 41 20 29 31 81 63 20 28 20 35 46 25 283 24
leaf_count=101 116 24 25 36 33 82 24 37 65 23 397 23 86 22 21 80 41 20 29 31 81 63 20 28 20 35 46 25 283 24
internal_value=3.54749e-09 1.92684 2.64314 -0.580178 0.462428 -1.13622 0.665384 3.36684 3.95156 3.38486 -1.5611 -0.913021 0.776237 2.86438 -1.22761 -2.0165 3.09153 2.94136 -1.75765 5.005 2.35871 1.3682 2.29787 1.46307 4.57408 5.71923 3.69293 6.4361 -2.21066 4.9908
internal_weight=1941 720 560 160 210 1221 233 96 350 59 988 591 197 111 137 105 260 105 394 72 188 107 83 61 89 72 69 90 312 44
internal_count=1941 720 560 160 210 1221 233 96 350 59 988 591 197 111 137 105 260 105 394 72 188 107 83 61 89 72 69 90 312 44
is_linear=0
shrinkage=0.03


Tree=47
num_leaves=31
num_cat=0
split_feature=11 9 28 9 57 9 34 9 15 10 1 28 57 10 27 9 27 49 58 35 57 2 57 26 53 43 53 47 4 53
split_gain=4.45414e+06 1.26632e+06 1.39839e+06 1.94496e+06 754458 668994 813687 1.17661e+06 1.01794e+06 1.29923e+06 807680 768039 675907 673426 665005 607954 592159 484138 472140 329977 373677 327559 327285 299289 283174 497661 354668 271169 263371 237214
threshold=-0.63405362205439475 150.50000000000003 1006.2500000000001 146.50000000000003 316.50000000000006 149.50000000000003 1.0000000180025095e-35 146.50000000000003 82.500000000000014 0.41248606129204562 595.90178570000012 1006.5500000000001 284.50000000000006 0.0327015646150716 317.50000000000006 149.50000000000003 295.50000000000006 8.5000000000000018 1005.85 260.79285715000009 295.50000000000006 7965.0000000000009 321.50000000000006 11.850000000000003 342.00000000000006 -117.96874999999999 186.50000000000003 41.500000000000007 3.5000000000000004 156.50000000000003
decision_type=2 2 2 2 2 2 2 2 2 2 2 2 2 2 2 2 2 2 2 2 2 2 2 2 2 2 2 2 2 2
left_child=1 2 -1 4 19 6 7 8 9 18 -7 28 -8 -9 -13 -5 21 -18 -2 20 -4 -14 27 -10 25 -3 -27 -15 -11 -12
right_child=5 24 3 15 -6 10 12 13 23 11 29 14 16 22 -16 -17 17 -19 -20 -21 -22 -23 -24 -25 -26 26 -28 -29 -30 -31
leaf_value=-1.4661923307027571 6.6930778287007255 8.0311711377091708 7.0439987839813583 -2.2915474885350591 -0.93850639915466305 -2.4392579202387736 -2.9358624646678475 -1.5494216624289752 -2.4355278892684402 -0.1132439501626151 -0.44460227132298563 6.0641802692413327 3.6910726690292357 0.77320362173277757 -0.74117537549563806 3.6299705600738523 -3.5267594895638386 1.349999576977321 1.0237011623382568 1.727862699508667 3.4381425163620394 -0.63427994673068711 7.3856290683746328 1.4430316236019134 0.88769346284866335 2.8083924027629519 6.0584585145314529 4.3815765378160298 -3.4194352862709447 2.5975086721352167
leaf_weight=117 39 32 81 71 20 397 161 25 171 35 131 24 40 29 28 20 53 28 20 20 38 26 20 20 20 92 45 53 57 28
leaf_count=117 39 32 81 71 20 397 161 25 171 35 131 24 40 29 28 20 53 28 20 20 38 26 20 20 20 92 45 53 57 28
internal_value=3.60662e-09 2.26818 1.24075 2.5076 4.50944 -0.910548 -0.370581 0.352071 -0.457346 1.02177 -1.71564 -0.514472 -1.59299 2.86318 2.39976 -0.990115 -0.122222 -1.84097 4.77126 5.29331 5.89255 1.98715 3.9447 -2.0294 4.26325 4.66272 3.87593 3.10544 -2.16165 0.0911154
internal_weight=1941 556 367 250 159 1385 829 521 394 203 556 144 308 127 52 91 147 81 59 139 119 66 102 191 189 169 137 82 92 159
internal_count=1941 556 367 250 159 1385 829 521 394 203 556 144 308 127 52 91 147 81 59 139 119 66 102 191 189 169 137 82 92 159
is_linear=0
shrinkage=0.03


Tree=48
num_leaves=31
num_cat=0
split_feature=11 12 8 56 37 8 6 8 17 57 11 11 8 28 26 57 28 58 35 15 51 53 53 8 27 46 27 27 30 21
split_gain=4.1909e+06 1.19148e+06 1.3549e+06 841811 711401 831069 1.35564e+06 645026 967787 1.0873e+06 844680 775782 555971 781547 548700 538691 429941 348294 337214 330382 316072 266438 378542 221657 229822 220776 212362 185004 178839 291845
threshold=-0.63405362205439475 0.52490632455031438 3.5000000000000004 17.550000000000004 147.17857140000004 1.0000000180025095e-35 24.500000000000004 2.5000000000000004 62.500000000000007 277.50000000000006 0.83146961230254512 -0.2269546835593246 1.0000000180025095e-35 1006.6500000000002 11.65 312.50000000000006 1004.35 1007.35 643.76428570000019 58.500000000000007 114.00000000000001 342.00000000000006 186.50000000000003 4.5000000000000009 214.50000000000003 24.850000000000005 295.50000000000006 325.50000000000006 882.94642855000006 846.00000000000011
decision_type=2 2 2 2 2 2 2 2 2 2 2 2 2 2 2 2 2 2 2 2 2 2 2 2 2 2 2 2 2 2
left_child=1 21 4 28 -3 6 -6 8 9 10 -2 14 13 18 15 -9 -14 -18 -11 -5 -10 22 27 24 -16 -24 -25 -1 -4 -30
right_child=7 2 3 19 5 -7 -8 11 20 12 -12 -13 16 -15 23 -17 17 -19 -20 -21 -22 -23 25 26 -26 -27 -28 -29 29 -31
leaf_value=4.0401593828715123 -2.6254627063148899 4.1207639641231957 3.5090801933076645 3.1334495272636413 -2.7521779208713109 -2.4579115837235603 6.7544479793972441 5.7520161969321117 -1.8349824398072039 5.9887876462936402 2.6667794377552836 -1.9500297185012829 0.6799511003494263 -2.6645185738640862 0.81197648477554318 -0.604229382106236 6.9675133409500125 2.9568158022353521 0.92001217100355359 -1.7817514014244078 1.0420742992758749 0.86106264925003051 8.1214170026779176 3.1525957453250886 -3.0276636988558669 4.5391549921035761 -0.83829206514358523 0.84031719732284549 7.9449416567087168 3.6024004081579353
leaf_weight=87 95 27 54 20 27 124 27 28 244 21 38 611 28 37 20 21 40 38 27 32 40 20 32 20 47 30 30 20 30 26
leaf_count=87 95 27 54 20 27 124 27 28 244 21 38 611 28 37 20 21 40 38 27 32 40 20 32 20 47 30 30 20 30 26
internal_value=4.19397e-09 2.20014 1.20353 3.25404 -0.416874 -1.10517 2.00114 -0.883232 -0.151346 0.969242 -1.11339 -1.45593 2.41945 0.611973 0.362712 3.02791 3.86885 5.01358 3.1376 0.10871 -1.42976 4.13535 4.52284 -0.753483 -1.8815 6.38806 0.758063 3.44206 4.74092 5.92876
internal_weight=1941 556 367 162 205 178 54 1385 608 324 133 777 191 85 166 49 106 78 48 52 284 189 169 117 67 62 50 107 110 56
internal_count=1941 556 367 162 205 178 54 1385 608 324 133 777 191 85 166 49 106 78 48 52 284 189 169 117 67 62 50 107 110 56
is_linear=0
shrinkage=0.03


Tree=49
num_leaves=31
num_cat=0
split_feature=11 9 6 19 6 9 11 16 41 8 10 9 6 41 19 44 18 53 47 15 6 20 30 10 56 28 9 18 53 38
split_gain=3.95122e+06 1.23773e+06 1.50594e+06 1.43138e+06 1.19419e+06 905002 1.21162e+06 1.69381e+06 716157 676378 624069 1.03282e+06 1.09098e+06 509784 467605 390003 387367 372602 339026 334634 322766 313983 315902 291000 256731 253813 293212 278834 205875 193247
threshold=-0.41248606129204529 141.50000000000003 25.500000000000004 15.500000000000002 28.500000000000004 141.50000000000003 0.63405362205439486 25.950000000000003 339.22157483328903 5.5000000000000009 0.58216583101416164 150.50000000000003 25.500000000000004 307.4985923256034 8.5000000000000018 31.650000000000002 1.0000000180025095e-35 197.50000000000003 41.500000000000007 66.500000000000014 23.500000000000004 14.500000000000002 1023.6214285000002 0.41248606129204562 10.750000000000002 1006.6500000000002 143.50000000000003 60.500000000000007 126.50000000000001 514.58928571250021
decision_type=2 2 2 2 2 2 2 2 2 2 2 2 2 2 2 2 2 2 2 2 2 2 2 2 2 2 2 2 2 2
left_child=1 3 8 -1 15 6 13 23 17 16 28 12 20 -2 -15 -4 -5 25 -14 -19 -12 22 29 -8 -21 26 -3 -28 -7 -6
right_child=5 2 4 9 21 10 7 -9 -10 -11 11 -13 18 14 -16 -17 -18 19 -20 24 -22 -23 -24 -25 -26 -27 27 -29 -30 -31
leaf_value=-2.9728165546540288 -2.3143085242756483 -1.7910294163227081 1.4274574172973633 3.1564352130889892 2.6624982266766684 -2.1862286521891927 5.7328485862068499 -3.4394244995117185 5.9390882510344181 7.399414695739746 1.0625066161155701 -2.0146490517940863 1.3046343046426774 -1.5917763450622557 4.2105969131469729 -2.8652852529287336 -2.3520826100930572 7.7281206893920897 5.7198344675699868 6.0087869081497187 -2.830338666497207 6.0633871021270753 4.9805176006663929 1.6996030787059238 1.7012785374034534 3.3428924364066988 3.05418484235632 -1.0536460189819337 -0.011250597366264889 -0.68125850834165302
leaf_weight=93 116 24 25 27 28 581 69 30 90 20 36 166 24 25 25 80 20 22 45 20 41 20 22 21 33 83 58 20 42 35
leaf_count=93 116 24 25 27 28 581 69 30 90 20 36 166 24 25 25 80 20 22 45 20 41 20 22 21 33 83 58 20 42 35
internal_value=7.39646e-09 1.76265 2.42751 -0.564385 0.419089 -1.0394 0.437364 2.73396 3.63257 2.77866 -1.49112 -0.395903 1.44459 -1.22283 1.30941 -1.8432 0.812385 2.83416 4.18411 4.61782 -1.01031 2.68138 1.88562 4.79176 3.32675 2.11105 1.10868 2.00089 -2.0396 0.804856
internal_weight=1941 720 560 160 210 1221 286 120 350 67 935 312 146 166 50 105 47 260 69 75 77 105 85 90 53 185 102 78 623 63
internal_count=1941 720 560 160 210 1221 286 120 350 67 935 312 146 166 50 105 47 260 69 75 77 105 85 90 53 185 102 78 623 63
is_linear=0
shrinkage=0.03


Tree=50
num_leaves=31
num_cat=0
split_feature=11 9 28 6 41 8 47 57 11 11 26 6 57 8 28 58 58 35 51 58 41 18 53 53 49 49 8 15 46 25
split_gain=3.72774e+06 1.05691e+06 1.19263e+06 1.63809e+06 794911 584384 860934 962938 765396 691956 505085 499293 498250 490709 715558 369644 363003 301034 273714 272796 259077 250481 250381 341758 219007 213471 205934 204340 203411 198105
threshold=-0.63405362205439475 150.50000000000003 1006.2500000000001 25.500000000000004 340.16550814127555 2.5000000000000004 62.500000000000007 277.50000000000006 0.83146961230254512 -0.2269546835593246 11.65 28.500000000000004 312.50000000000006 1.0000000180025095e-35 1006.6500000000002 1004.35 1007.35 643.76428570000019 114.00000000000001 1007.35 207.35764367468065 14.500000000000002 342.00000000000006 186.50000000000003 27.500000000000004 49.500000000000007 4.5000000000000009 74.500000000000014 24.850000000000005 846.00000000000011
decision_type=2 2 2 2 2 2 2 2 2 2 2 2 2 2 2 2 2 2 2 2 2 2 2 2 2 2 2 2 2 2
left_child=1 2 20 4 16 6 7 8 -2 10 12 -5 -7 14 17 -15 -4 -9 -8 -17 -1 -18 23 -3 -20 -11 27 -12 -25 -6
right_child=5 22 3 11 29 9 18 13 -10 25 26 -13 -14 15 -16 19 21 -19 24 -21 -22 -23 -24 28 -26 -27 -28 -29 -30 -31
leaf_value=1.3445968339920042 -2.5210273485995351 3.2463602330640096 0.17562380338969982 -2.0830572997348407 8.6880793925694064 5.5164046689442223 -1.7411543403565883 5.6839917945861815 2.5243734650392282 -1.9829794463515282 -3.4028912288802009 3.283250990945846 -0.59659691163471762 0.7512975406646728 -2.5202736877140244 6.4035997123718262 1.9188751723026407 0.8948415289984808 -1.3355776863098145 2.8775247658216037 -2.0994142943361531 5.7977418173513104 0.72356645894050586 7.7093671345710755 3.0509192129543847 0.43007001604352674 0.7255025346636772 -0.086037305295467367 4.270866044044495 5.2572618358785457
leaf_weight=25 94 107 38 71 28 28 240 21 38 576 35 20 21 30 38 40 29 27 20 39 92 31 20 32 21 35 50 32 30 33
leaf_count=25 94 107 38 71 28 28 240 21 38 576 35 20 21 30 38 40 29 27 20 39 92 31 20 32 21 35 50 32 30 33
internal_value=-5.73119e-09 2.075 1.13636 2.3063 4.14344 -0.832997 -0.136364 0.910123 -1.06856 -1.37811 0.339467 -0.903649 2.89655 2.24954 0.555281 3.5863 2.46991 2.99009 -1.35416 4.66288 -1.36351 3.92296 3.89766 4.27329 0.911165 -1.84475 -0.731447 -1.81872 6.04558 6.83206
internal_weight=1941 556 367 250 159 1385 608 327 132 777 166 91 49 195 86 109 98 48 281 79 117 60 189 169 41 611 117 67 62 61
internal_count=1941 556 367 250 159 1385 608 327 132 777 166 91 49 195 86 109 98 48 281 79 117 60 189 169 41 611 117 67 62 61
is_linear=0
shrinkage=0.03


Tree=51
num_leaves=31
num_cat=0
split_feature=11 12 6 16 6 12 4 6 41 47 4 6 47 6 15 44 49 49 53 15 37 11 58 56 28 56 35 2 48 57
split_gain=3.51256e+06 1.11669e+06 1.34051e+06 1.27021e+06 1.05625e+06 821786 1.104e+06 1.44815e+06 630545 561023 545788 736578 1.00443e+06 376175 830763 362019 338955 385024 330226 303772 283934 282286 268918 237855 222737 274050 215782 194505 180853 161335
threshold=-0.41248606129204529 0.64987354830121502 25.500000000000004 24.050000000000004 28.500000000000004 0.66285048286959747 17.500000000000004 16.500000000000004 339.22157483328903 57.500000000000007 17.500000000000004 25.500000000000004 48.500000000000007 28.500000000000004 76.500000000000014 31.650000000000002 43.500000000000007 1.0000000180025095e-35 197.50000000000003 66.500000000000014 800.00000000000011 -0.16280825711808986 1007.35 10.750000000000002 1006.6500000000002 18.850000000000005 683.04464285000006 3433.7142855000006 30.500000000000004 280.50000000000006
decision_type=2 2 2 2 2 2 2 2 2 2 2 2 2 2 2 2 2 2 2 2 2 2 2 2 2 2 2 2 2 2
left_child=1 2 8 -3 15 10 16 -8 18 -5 11 21 13 14 -13 -4 17 -7 24 -20 27 -2 -16 -21 25 -1 -9 -6 -10 -26
right_child=5 3 4 9 20 6 7 26 28 -11 -12 12 -14 -15 22 -17 -18 -19 19 23 -22 -23 -24 -25 29 -27 -28 -29 -30 -31
leaf_value=-0.55578092283740332 0.037394316622578513 -2.5913733514464727 1.4220573028564454 5.2872014822810884 2.80102198164714 1.5785434830188751 -3.2923814630508419 6.8142150677861393 4.7606380212444526 -0.71101963644442345 -2.218269631745533 -3.6756717993996357 5.2478571414947508 -1.6664108552371755 5.3574471846554017 -2.7138084842562673 2.13194473028183 -2.703033777301231 7.3237974305586375 5.7118553152084353 4.6410607801901325 -1.9406233999133111 1.1233174452516768 1.5657225539467552 4.493128351816317 2.5566531080569859 3.5282693808419365 -0.43036232948303221 7.7631042778015136 1.8476240866524831
leaf_weight=49 82 101 25 36 38 24 24 37 65 23 397 22 36 85 27 80 24 89 22 20 37 312 27 33 41 53 35 30 25 42
leaf_count=49 82 101 25 36 38 24 24 37 65 23 397 22 36 85 27 80 24 89 22 20 37 312 27 33 41 53 35 30 25 42
internal_value=-6.09554e-09 1.66193 2.29345 -0.548393 0.398543 -0.980006 0.622661 3.08956 3.43039 2.94891 -1.35796 -0.780058 0.717735 -0.295212 1.23837 -1.72908 -1.10597 -1.79367 2.68122 4.36039 2.52616 -1.52895 3.24038 3.1303 2.00047 1.06146 5.21688 1.37541 5.59466 3.15444
internal_weight=1941 720 560 160 210 1221 233 96 350 59 988 591 197 161 76 105 137 113 260 75 105 394 54 53 185 102 72 68 90 83
internal_count=1941 720 560 160 210 1221 233 96 350 59 988 591 197 161 76 105 137 113 260 75 105 394 54 53 185 102 72 68 90 83
is_linear=0
shrinkage=0.03


Tree=52
num_leaves=31
num_cat=0
split_feature=11 9 28 6 57 8 17 57 11 43 9 8 28 6 6 28 58 35 35 57 51 53 43 27 26 8 19 8 23 58
split_gain=3.3115e+06 928769 1.07167e+06 1.45266e+06 597861 530554 791580 884095 700234 634151 497516 458387 630968 450591 410952 344983 290907 275510 260913 299104 256367 233680 454163 290474 204366 379327 594962 197979 172932 134602
threshold=-0.63405362205439475 150.50000000000003 1006.2500000000001 25.500000000000004 316.50000000000006 2.5000000000000004 62.500000000000007 277.50000000000006 0.83146961230254512 8.2857143499999797 144.50000000000003 1.0000000180025095e-35 1006.6500000000002 28.500000000000004 21.500000000000004 1004.35 1007.35 643.76428570000019 260.79285715000009 295.50000000000006 114.00000000000001 342.00000000000006 -117.96874999999999 325.50000000000006 15.450000000000001 5.5000000000000009 14.500000000000002 4.5000000000000009 270.00000000000006 1008.35
decision_type=2 2 2 2 2 2 2 2 2 2 2 2 2 2 2 2 2 2 2 2 2 2 2 2 2 2 2 2 2 2
left_child=1 2 27 4 18 6 7 8 -2 24 14 12 17 -5 -11 -13 -17 -9 19 29 -8 22 -3 28 -7 -26 -27 -1 -24 -4
right_child=5 21 3 13 -6 9 20 11 -10 10 -12 15 -14 -15 -16 16 -18 -19 -20 -21 -22 -23 23 -25 25 26 -28 -29 -30 -31
leaf_value=-2.0510759797937728 -2.362586227015445 7.2450894096493714 5.4055870070950736 -1.9583744140410089 -0.9348159685134888 -2.0228096762344787 -1.6424799848653253 5.40507771560124 2.4559511025328384 0.52779042098833162 -0.71327047554843392 0.65936692816870557 -2.3853850569596164 3.1394994757175447 6.407720008850097 6.3270048369169238 2.6615810352877567 0.82345941755506724 1.4422375373840333 2.9496495953359099 0.9486322393901645 0.59792393410205846 3.2608164436394165 -0.06553334999084473 -1.6655585149037753 -1.2432949766036001 5.393449205651879 0.7173926728963852 6.1171239280700682 8.1177262712561564
leaf_weight=85 95 32 58 71 20 461 244 21 38 23 83 28 37 20 20 40 38 27 20 38 40 20 93 20 139 31 20 32 24 23
leaf_count=85 95 32 58 71 20 461 244 21 38 23 83 28 37 20 20 40 38 27 20 38 40 20 93 20 139 31 20 32 24 23
internal_value=-4.19789e-09 1.95573 1.07582 2.18485 3.91489 -0.785115 -0.121342 0.89211 -0.985861 -1.30452 0.643588 2.19981 0.558598 -0.837963 3.26264 3.51587 4.54129 2.82792 4.61268 5.14553 -1.27753 3.66433 4.02721 3.27559 -1.68157 -0.853609 1.35935 -1.29389 3.84673 6.1757
internal_weight=1941 556 367 250 159 1385 608 324 133 777 126 191 85 91 43 106 78 48 139 119 284 189 169 137 651 190 51 117 117 81
internal_count=1941 556 367 250 159 1385 608 324 133 777 126 191 85 91 43 106 78 48 139 119 284 189 169 137 651 190 51 117 117 81
is_linear=0
shrinkage=0.03


Tree=53
num_leaves=31
num_cat=0
split_feature=11 9 19 40 9 11 16 9 9 10 9 9 30 38 4 37 57 19 18 34 9 48 10 39 38 39 53 44 57 3
split_gain=3.12263e+06 1.01271e+06 1.1948e+06 767916 742118 1.03922e+06 1.43491e+06 584685 1.33852e+06 528791 864130 893620 500726 437808 394982 642866 361546 329642 305976 290678 288091 275717 231082 220765 201136 200206 198336 235214 223647 185460
threshold=-0.41248606129204529 141.50000000000003 15.500000000000002 889.23813245625013 141.50000000000003 0.63405362205439486 25.950000000000003 146.50000000000003 149.50000000000003 0.58216583101416164 150.50000000000003 146.50000000000003 815.06428575000007 749.40022320000014 17.500000000000004 110.75000000000001 287.50000000000006 98.500000000000014 43.500000000000007 80.929464285000009 144.50000000000003 17.500000000000004 0.41248606129204562 1018.1228794375002 610.55602678750017 457.93850449375009 209.50000000000003 32.850000000000001 276.50000000000006 6408833.3125000009
decision_type=2 2 2 2 2 2 2 2 2 2 2 2 2 2 2 2 2 2 2 2 2 2 2 2 2 2 2 2 2 2
left_child=1 2 -1 7 5 14 22 26 19 -6 11 20 -4 21 -2 -16 -5 23 -13 -9 -11 24 -7 29 25 -10 27 28 -3 -15
right_child=4 3 12 16 9 6 -8 8 13 10 -12 18 -14 17 15 -17 -18 -19 -20 -21 -22 -23 -24 -25 -26 -27 -28 -29 -30 -31
leaf_value=-2.7383485006516981 -2.1543687944154479 5.1034717042105537 0.57881735391568301 -1.3624014468931815 -1.8379450100995181 5.2728464587875035 -3.1418204612731935 1.5862176555135974 2.4249362863131934 1.0951110990842183 -1.8055752821966826 1.6897957688570022 5.9878396773338309 4.545287280082702 3.602854705290361 -3.0177000669999559 2.3996862858884476 1.0395928545973518 5.6958180814175989 -2.3897636999518181 -2.5826906567085079 -0.067981818429259364 1.6787390143530709 2.3270662673030582 0.58822625398635864 6.0280361739448871 6.7023224135807578 6.6159388760157993 1.673709390813654 7.3937714918454489
leaf_weight=93 111 28 43 71 623 69 30 23 35 36 166 32 24 48 33 22 34 22 37 59 41 43 21 21 24 23 28 21 44 36
leaf_count=93 111 28 43 71 623 69 30 23 35 36 166 32 24 48 33 22 34 22 37 59 41 43 21 21 24 23 28 21 44 36
internal_value=-3.83469e-11 1.56697 -0.537932 2.16837 -0.924011 0.41327 2.54021 2.70204 2.05475 -1.33306 -0.324914 1.35858 2.51638 3.1381 -1.12428 0.954633 -0.144202 4.37865 3.83795 -1.27455 -0.863199 1.87769 4.43422 5.07827 2.89799 3.85375 4.48876 3.82231 3.00751 5.76607
internal_weight=1941 720 160 560 1221 286 120 455 334 935 312 146 67 252 166 55 105 127 69 82 77 125 90 105 82 58 121 93 72 84
internal_count=1941 720 160 560 1221 286 120 455 334 935 312 146 67 252 166 55 105 127 69 82 77 125 90 105 82 58 121 93 72 84
is_linear=0
shrinkage=0.03


Tree=54
num_leaves=31
num_cat=0
split_feature=11 9 28 6 41 8 47 57 11 43 9 8 28 6 6 58 58 35 46 51 41 53 43 27 18 39 49 25 53 46
split_gain=2.93945e+06 823168 954408 1.29284e+06 649488 478450 698365 772996 630926 573662 456724 410368 568930 402890 373750 301113 292194 247663 238044 226025 219145 217569 417732 263852 213932 203964 197748 177387 159149 164157
threshold=-0.63405362205439475 150.50000000000003 1006.2500000000001 25.500000000000004 340.16550814127555 2.5000000000000004 62.500000000000007 277.50000000000006 0.83146961230254512 8.2857143499999797 144.50000000000003 1.0000000180025095e-35 1006.6500000000002 28.500000000000004 21.500000000000004 1007.35 1004.35 643.76428570000019 25.450000000000003 114.00000000000001 207.35764367468065 342.00000000000006 -117.96874999999999 325.50000000000006 14.500000000000002 814.61171879375013 27.500000000000004 846.00000000000011 182.50000000000003 24.850000000000005
decision_type=2 2 2 2 2 2 2 2 2 2 2 2 2 2 2 2 2 2 2 2 2 2 2 2 2 2 2 2 2 2
left_child=1 2 20 4 15 6 7 8 -2 25 14 12 17 -5 -11 -4 -13 -9 -18 -8 -1 22 -3 28 -17 -7 -21 -6 -24 -30
right_child=5 21 3 13 27 9 19 11 -10 10 -12 16 -14 -15 -16 24 18 -19 -20 26 -22 -23 23 -25 -26 -27 -28 -29 29 -31
leaf_value=1.2685839431762695 -2.2583836853757817 6.8873947978019716 0.090612529955412205 -1.8503170294786841 7.879473773411342 -1.6860922575525927 -1.5578375806361437 5.0983730357033865 2.3224201058949294 0.52119074199510651 -0.68011287152767175 0.73510927867889397 -2.2585387423791379 2.9701740646362302 6.1286642131805413 1.6514700442758099 6.4353425911494666 0.75446020550198023 2.992639350049636 -1.2825396652221679 -1.8989084595182666 0.49231284749507898 2.7813379175276367 -0.10389840531349182 5.2361880093236124 1.3911326637268064 2.8856251876694814 4.6330028065768154 6.8872372663833872 3.1790259259087699
leaf_weight=25 94 32 38 71 28 631 240 21 38 23 83 30 38 20 20 29 28 27 51 20 92 20 74 20 31 20 21 33 22 21
leaf_count=25 94 32 38 71 28 631 240 21 38 23 83 30 38 20 20 29 28 27 51 20 92 20 74 20 31 20 21 33 22 21
internal_value=-2.32154e-10 1.84259 1.01422 2.06081 3.69291 -0.739697 -0.109359 0.83316 -0.939667 -1.23293 0.619931 2.03323 0.483858 -0.790868 3.12932 2.18018 3.25566 2.65492 4.21284 -1.20617 -1.22209 3.45113 3.80128 3.08044 3.50357 -1.59155 0.852374 6.12319 3.62477 5.07625
internal_weight=1941 556 367 250 159 1385 608 327 132 777 126 195 86 91 43 98 109 48 79 281 117 189 169 137 60 651 41 61 117 43
internal_count=1941 556 367 250 159 1385 608 327 132 777 126 195 86 91 43 98 109 48 79 281 117 189 169 137 60 651 41 61 117 43
is_linear=0
shrinkage=0.03


Tree=55
num_leaves=31
num_cat=0
split_feature=11 9 19 2 9 11 16 9 9 8 8 10 9 9 41 37 38 48 17 4 27 20 27 9 36 46 17 18 49 43
split_gain=2.77357e+06 911455 1.08326e+06 750251 672401 948698 1.31105e+06 588281 559959 755906 536988 483252 784257 814613 417628 600447 399277 383165 369637 322233 313582 309891 367897 334157 269028 253005 211753 199920 175806 172884
threshold=-0.41248606129204529 141.50000000000003 15.500000000000002 5654.5892855000011 141.50000000000003 0.63405362205439486 25.950000000000003 144.50000000000003 149.50000000000003 1.0000000180025095e-35 5.5000000000000009 0.58216583101416164 150.50000000000003 146.50000000000003 307.4985923256034 150.99375000000003 749.40022320000014 1.0000000180025095e-35 41.500000000000007 12.500000000000002 279.50000000000006 2.5000000000000004 277.50000000000006 143.50000000000003 128.83750000000003 24.550000000000004 49.500000000000007 10.500000000000002 21.500000000000004 -150.35803573500002
decision_type=2 2 2 2 2 2 2 2 2 2 2 2 2 2 2 2 2 2 2 2 2 2 2 2 2 2 2 2 2 2
left_child=1 2 -1 7 5 14 26 -3 9 -9 17 -6 13 24 28 -16 19 -4 -15 -10 -11 22 -5 -24 -13 -22 27 -7 -2 -18
right_child=4 3 10 21 11 6 -8 8 16 20 -12 12 -14 18 15 -17 29 -19 -20 -21 25 -23 23 -25 -26 -27 -28 -29 -30 -31
leaf_value=-2.6152939753378588 -2.5879622584581377 5.1292013029203023 3.0705218762617843 -2.8574085324309593 -1.7428528881981897 7.1600579779488696 -2.9969830856323241 5.5493322300910943 1.0152828005021033 -2.881609253474644 6.5053169288635253 1.5991868993971083 -1.7070123951083205 0.66793327093124388 3.9092577190399163 -2.8014427528381347 6.857099822044372 -2.3778514971051896 5.2781504853566492 4.98534651517868 -0.71501324006489342 2.3014268360819137 -2.2467018284797668 2.6143334557669502 -2.1170054878234863 3.2563506408171219 2.3322258043289184 3.6061282065819049 0.50387609481811524 3.7765784161955445
leaf_weight=93 96 73 26 43 623 28 30 22 92 35 20 27 166 24 30 20 20 21 45 23 42 42 20 35 50 22 33 29 20 91
leaf_count=93 96 73 26 43 623 28 30 22 92 35 20 27 166 24 30 20 20 21 45 23 42 42 20 35 50 22 33 29 20 91
internal_value=-1.96133e-09 1.47679 -0.520108 2.04734 -0.870836 0.402082 2.43428 2.68131 2.16633 0.519323 2.38813 -1.2602 -0.296439 1.30736 -1.06698 1.22498 3.04814 0.636142 3.6746 1.8093 -0.598456 0.145421 -0.778581 0.846684 -0.813925 0.650143 4.2447 5.35192 -2.05489 4.33163
internal_weight=1941 720 160 560 1221 286 120 420 347 121 67 935 312 146 166 50 226 47 69 115 99 140 98 55 77 64 90 57 116 111
internal_count=1941 720 160 560 1221 286 120 420 347 121 67 935 312 146 166 50 226 47 69 115 99 140 98 55 77 64 90 57 116 111
is_linear=0
shrinkage=0.03


end of trees

feature_importances:
day=153
hour_cos=126
day_of_year=123
day_of_week=88
generation_rolling_std_24=68
surface_pressure=58
hour_sin=53
generation_lag_96=50
diffuse_radiation_lag1=50
hour=49
cloud_cover=46
cloud_cover_mid=46
surface_pressure_lag1=45
day_sin=43
dew_point_2m_lag1=41
dew_point_2m=38
wind_direction_10m_lag1=38
cloud_cover_lag1=37
generation_lag_48=36
diffuse_radiation=34
relative_humidity_2m=33
generation_rolling_mean_24=28
generation_lag_24=27
DAILY_YIELD=26
wind_direction_10m=26
cloud_cover_mid_lag1=25
cloud_cover_low=23
wind_speed_10m_lag1=23
wind_speed_10m=21
DC_POWER=20
generation_lag_12=18
cloud_cover_low_lag1=18
generation_rolling_mean_4=17
generation_change_4=16
generation_lag_1=15
temperature_2m_lag1=15
shortwave_radiation=14
generation_rolling_mean_8=12
direct_normal_irradiance=11
relative_humidity_2m_lag1=10
day_cos=7
cloud_cover_high=6
generation_lag_8=6
cloud_cover_high_lag1=6
generation_lag_2=5
generation_change_1=5
shortwave_radiation_lag1=5
TOTAL_YIELD=3
direct_radiation=3
precipitation=3
direct_normal_irradiance_lag1=3
temperature_2m=2
global_tilted_irradiance=2
generation_lag_4=2
minute=1
global_tilted_irradiance_lag1=1

parameters:
[boosting: gbdt]
[objective: regression]
[metric: l2]
[tree_learner: serial]
[device_type: cpu]
[data_sample_strategy: bagging]
[data: ]
[valid: ]
[num_iterations: 500]
[learning_rate: 0.03]
[num_leaves: 31]
[num_threads: 2]
[seed: 42]
[deterministic: 0]
[force_col_wise: 0]
[force_row_wise: 0]
[histogram_pool_size: -1]
[max_depth: -1]
[min_data_in_leaf: 20]
[min_sum_hessian_in_leaf: 0.001]
[bagging_fraction: 0.8]
[pos_bagging_fraction: 1]
[neg_bagging_fraction: 1]
[bagging_freq: 0]
[bagging_seed: 400]
[bagging_by_query: 0]
[feature_fraction: 0.8]
[feature_fraction_bynode: 1]
[feature_fraction_seed: 30056]
[extra_trees: 0]
[extra_seed: 12879]
[early_stopping_round: 0]
[early_stopping_min_delta: 0]
[first_metric_only: 0]
[max_delta_step: 0]
[lambda_l1: 0]
[lambda_l2: 0]
[linear_lambda: 0]
[min_gain_to_split: 0]
[drop_rate: 0.1]
[max_drop: 50]
[skip_drop: 0.5]
[xgboost_dart_mode: 0]
[uniform_drop: 0]
[drop_seed: 17869]
[top_rate: 0.2]
[other_rate: 0.1]
[min_data_per_group: 100]
[max_cat_threshold: 32]
[cat_l2: 10]
[cat_smooth: 10]
[max_cat_to_onehot: 4]
[top_k: 20]
[monotone_constraints: ]
[monotone_constraints_method: basic]
[monotone_penalty: 0]
[feature_contri: ]
[forcedsplits_filename: ]
[refit_decay_rate: 0.9]
[cegb_tradeoff: 1]
[cegb_penalty_split: 0]
[cegb_penalty_feature_lazy: ]
[cegb_penalty_feature_coupled: ]
[path_smooth: 0]
[interaction_constraints: ]
[verbosity: -1]
[saved_feature_importance_type: 0]
[use_quantized_grad: 0]
[num_grad_quant_bins: 4]
[quant_train_renew_leaf: 0]
[stochastic_rounding: 1]
[linear_tree: 0]
[max_bin: 255]
[max_bin_by_feature: ]
[min_data_in_bin: 3]
[bin_construct_sample_cnt: 200000]
[data_random_seed: 175]
[is_enable_sparse: 1]
[enable_bundle: 1]
[use_missing: 1]
[zero_as_missing: 0]
[feature_pre_filter: 1]
[pre_partition: 0]
[two_round: 0]
[header: 0]
[label_column: ]
[weight_column: ]
[group_column: ]
[ignore_column: ]
[categorical_feature: ]
[forcedbins_filename: ]
[precise_float_parser: 0]
[parser_config_file: ]
[objective_seed: 16083]
[num_class: 1]
[is_unbalance: 0]
[scale_pos_weight: 1]
[sigmoid: 1]
[boost_from_average: 1]
[reg_sqrt: 0]
[alpha: 0.9]
[fair_c: 1]
[poisson_max_delta_step: 0.7]
[tweedie_variance_power: 1.5]
[lambdarank_truncation_level: 30]
[lambdarank_norm: 1]
[label_gain: ]
[lambdarank_position_bias_regularization: 0]
[eval_at: ]
[multi_error_top_k: 1]
[auc_mu_weights: ]
[num_machines: 1]
[local_listen_port: 12400]
[time_out: 120]
[machine_list_filename: ]
[machines: ]
[gpu_platform_id: -1]
[gpu_device_id: -1]
[gpu_use_dp: 0]
[num_gpu: 1]

end of parameters

pandas_categorical:[]
