tree
version=v4
num_class=1
num_tree_per_iteration=1
label_index=0
max_feature_idx=60
objective=quantile
feature_names=PLANT_ID DC_POWER DAILY_YIELD TOTAL_YIELD hour minute day month day_of_week day_of_year hour_sin hour_cos day_sin day_cos temperature_2m relative_humidity_2m dew_point_2m cloud_cover cloud_cover_low cloud_cover_mid cloud_cover_high shortwave_radiation direct_radiation diffuse_radiation direct_normal_irradiance global_tilted_irradiance wind_speed_10m wind_direction_10m surface_pressure precipitation generation_lag_1 generation_lag_2 generation_lag_4 generation_lag_8 generation_lag_12 generation_lag_24 generation_lag_48 generation_lag_96 generation_rolling_mean_4 generation_rolling_mean_8 generation_rolling_mean_24 generation_rolling_std_24 generation_change_1 generation_change_4 temperature_2m_lag1 relative_humidity_2m_lag1 dew_point_2m_lag1 cloud_cover_lag1 cloud_cover_low_lag1 cloud_cover_mid_lag1 cloud_cover_high_lag1 shortwave_radiation_lag1 direct_radiation_lag1 diffuse_radiation_lag1 direct_normal_irradiance_lag1 global_tilted_irradiance_lag1 wind_speed_10m_lag1 wind_direction_10m_lag1 surface_pressure_lag1 precipitation_lag1 is_daytime
feature_infos=none [0:14413.42857] [0:9163] [6190002:7757913.7139999997] [0:23] [0:45] [1:31] [5:6] [0:6] [137:158] [-1:1] [-1:1] [0.41105375468703509:0.70672655557761577] [-0.91161110719302396:-0.7074868024503348] [25.199999999999999:34.600000000000001] [50:99] [20.800000000000001:26.5] [0:100] [0:100] [0:100] [0:100] [0:958] [0:789] [0:375] [0:795.29999999999995] [0:958] [1.3:58.600000000000001] [7:356] [987.20000000000005:1009.6] [0:32.700000000000003] [0:1405.3] [0:1405.3] [0:1405.3] [0:1405.3] [0:1405.3] [0:1405.3] [0:1405.3] [0:1405.3] [0:1274.8656249999999] [0:1243.16316975] [0:1100.1531002083334] [0:596.18673098771092] [-1031.22:742.03392899999994] [-1163.6199999999999:796.08750000000009] [25.199999999999999:34.600000000000001] [50:99] [20.800000000000001:26.5] [0:100] [0:100] [0:100] [0:100] [0:958] [0:789] [0:375] [0:795.29999999999995] [0:958] [1.3:58.600000000000001] [7:356] [987.20000000000005:1009.6] [0:32.700000000000003] [0:1]
tree_sizes=2620 2709 2719 2710 2670 2686 2736 2752 2718 2730 2747 2719 2735 2728 2704 2677 2732 2728 2721 2737 2705 2724 2726 2721 2747 2717 2724 2708 2735 2706 2730 2701 2727 2734 2726 2727 2742 2716 2734 2731 2737 2747 2753 2720 2738 2744 2738 2746 2739 2750 2720 2746 2738 2735 2738 2702 2733 2730 2706 2746 2714 2729 2725 2752 2746 2741 2737 2740 2739

Tree=0
num_leaves=31
num_cat=0
split_feature=11 9 9 19 16 6 6 10 11 6 44 6 10 15 58 1 17 10 9 16 49 47 14 18 34 30 43 35 1 46
split_gain=116.573 37.7592 35.2154 30.1995 21.3659 14.0582 26.7971 32.1522 13.9781 13.6139 23.8633 15.9279 8.96226 5.4439 4.88564 4.67569 2.00258 1.96599 3.63 1.85958 1.05048 1.96923 1.02515 0.971645 0.371053 0.170954 0.180113 0.144444 0.0427536 0.0409207
threshold=-0.065403129230142895 141.50000000000003 141.50000000000003 15.500000000000002 25.950000000000003 25.500000000000004 28.500000000000004 0.44228869021900147 0.47114434510950071 25.500000000000004 28.550000000000004 29.500000000000004 0.81241147629689026 62.500000000000007 1003.7500000000001 209.36607145000002 27.500000000000004 -0.9103761370219875 145.50000000000003 26.150000000000002 1.0000000180025095e-35 41.500000000000007 29.750000000000004 19.500000000000004 51.664285715000005 57.48125000000001 -497.36785694999998 1.0000000180025095e-35 2010.8214285000001 26.050000000000004
decision_type=2 2 2 2 2 2 2 2 2 2 2 2 2 2 2 2 2 2 2 2 2 2 2 2 2 2 2 2 2 2
left_child=1 3 4 16 8 17 7 -7 14 15 11 27 22 -5 -2 19 -1 18 -3 20 21 -4 -12 -16 -10 -19 -27 -11 -8 -22
right_child=2 5 9 13 -6 6 28 -9 24 10 12 -13 -14 -15 23 -17 -18 25 -20 -21 29 -23 -24 -25 -26 26 -28 -29 -30 -31
leaf_value=38.370429840087894 52.041000823974606 39.491786956787109 38.560179834365847 38.370429840087894 38.370429840087894 38.370429840087894 41.918117408752444 49.039286956787109 62.039063873291013 63.508313140869141 38.370429840087894 38.370429840087894 60.961983489990232 58.428643341064458 38.561492342948917 39.300858421325685 38.370429840087894 40.626858444213866 48.148179931640627 38.370429840087894 38.370429840087894 38.370429840087894 38.595429840087888 38.370429840087894 56.760670623779298 59.804305572509762 61.531286773681643 44.400215377807619 58.01180465698242 38.370429840087894
leaf_weight=36 29 20 20 20 50 87 20 51 94 52 135 22 20 62 20 29 93 20 30 22 368 32 20 22 20 21 365 20 118 23
leaf_count=36 29 20 20 20 50 87 20 51 94 52 135 22 20 62 20 29 93 20 30 22 368 32 20 22 20 21 365 20 118 23
internal_value=39.5571 39.5647 39.55 39.5535 39.5601 39.5679 39.5626 39.5532 39.5648 39.5469 39.5523 39.5645 39.5457 39.5678 39.5544 39.5439 39.5445 39.5712 39.5655 39.5432 39.5428 39.5468 39.5433 39.5479 39.5714 39.5718 39.572 39.5713 39.5719 39.5422
internal_weight=1941 943 998 211 235 732 276 138 185 763 269 94 175 82 71 494 129 456 50 465 443 52 155 42 114 406 386 72 138 391
internal_count=1941 943 998 211 235 732 276 138 185 763 269 94 175 82 71 494 129 456 50 465 443 52 155 42 114 406 386 72 138 391
is_linear=0
shrinkage=1


Tree=1
num_leaves=31
num_cat=0
split_feature=1 9 9 58 56 6 17 6 15 2 37 19 10 48 41 2 28 36 28 26 36 2 1 38 6 11 40 41 43 14
split_gain=114.509 37.7068 37.0701 27.0439 18.9165 21.4388 16.2989 17.3799 22.7808 15.8763 12.599 12.5229 9.52174 8.52942 7.03436 6.76 5.33983 5.05556 3.06303 2.87428 1.63533 1.61987 1.07226 1.0575 1.04339 0.874618 0.160784 0.133798 0.230488 0.133333
threshold=431.93750000000006 149.50000000000003 149.50000000000003 1006.2500000000001 14.450000000000001 25.500000000000004 7.5000000000000009 25.500000000000004 83.500000000000014 2684.7500000000005 1.0000000180025095e-35 14.500000000000002 0.84874750804349197 1.5000000000000002 223.35025982202322 7.410714285500001 1005.85 12.312500000000002 1005.6500000000002 19.450000000000003 336.55982145000002 6206.0000000000009 75.214285715000017 924.63995535000015 24.500000000000004 -0.16280825711808986 81.056138392291672 234.85851218711937 74.531250000000014 32.550000000000004
decision_type=2 2 2 2 2 2 2 2 2 2 2 2 2 2 2 2 2 2 2 2 2 2 2 2 2 2 2 2 2 2
left_child=1 6 3 11 23 9 18 8 10 -6 12 13 16 14 -2 -9 -8 -12 -1 21 -10 -16 -3 -5 -22 -4 -20 28 -15 -7
right_child=2 22 25 4 5 29 7 15 20 -11 17 -13 -14 27 19 -17 -18 -19 26 -21 24 -23 -24 -25 -26 -27 -28 -29 -30 -31
leaf_value=-1.1511128952026368 10.334465931701661 -1.1511128952026368 18.779728079223634 20.45582212371826 -1.1511128952026368 -1.1511128952026368 23.208596150207516 21.874731134033201 -0.80692344145774852 22.271490596008302 2.6873048126220698 9.4932993942260726 -0.78173789520263681 -1.1511128952026368 1.9578246734619138 -1.1511128952026368 -1.1511128952026368 -1.1511128952026368 -1.1511128952026368 -1.1511128952026368 -1.1511128952026368 -1.1511128952026368 -0.32819146385192866 27.870936396789553 -1.1511128952026368 0.93920039691925039 -1.1511128952026368 -1.1511128952026368 -1.1511128952026368 -1.1511128952026368
leaf_weight=24 26 368 346 167 20 20 94 80 20 77 24 34 38 20 20 20 25 39 20 29 101 23 22 21 20 36 82 64 21 40
leaf_count=24 26 368 346 167 20 20 94 80 20 77 24 34 38 20 20 20 25 39 20 29 101 23 22 21 20 36 82 64 21 40
internal_value=-0.000146832 -0.00738485 0.0071888 0.00242268 0.00778261 9.55414e-05 -0.00258092 3.2538e-05 -0.00303324 0.00881443 0.003 -0.00537975 0.00754777 -0.00820197 -0.00183673 0.0111 0.0117227 -0.00833333 -0.0121429 -0.00666667 -0.0124468 -0.00174419 -0.0146154 0.0142021 -0.0137603 0.0144503 -0.0144118 -0.0141429 -0.0128049 -0.014
internal_weight=1941 977 964 582 345 157 587 461 361 97 220 237 157 203 98 100 119 63 126 72 141 43 390 188 121 382 102 105 41 60
internal_count=1941 977 964 582 345 157 587 461 361 97 220 237 157 203 98 100 119 63 126 72 141 43 390 188 121 382 102 105 41 60
is_linear=0
shrinkage=0.03


Tree=2
num_leaves=31
num_cat=0
split_feature=11 9 9 8 8 9 34 9 17 11 1 57 58 19 15 35 48 58 27 19 14 17 35 19 11 36 29 58 17 2
split_gain=113.034 35.9883 32.1365 29.9074 22.8133 18.2805 21.2187 27.4015 13.9689 11.6153 10.7625 9.31126 8.62571 8.61533 6.82143 9.90391 5.4166 5.33333 5.22512 4.88067 4.40098 3.86778 3.35172 2.19387 1.15714 0.362549 0.178122 0.166234 0.165517 0.116667
threshold=-0.097964660725097338 149.50000000000003 149.50000000000003 3.5000000000000004 2.5000000000000004 141.50000000000003 271.42857145000005 146.50000000000003 7.5000000000000009 0.44228869021900113 277.58928570000006 254.00000000000003 1005.6500000000002 8.5000000000000018 79.500000000000014 694.38035715000012 42.500000000000007 1006.7500000000001 284.50000000000006 1.0000000180025095e-35 29.050000000000004 55.500000000000007 271.42857145000005 8.5000000000000018 -0.68322629814330815 340.78035715000004 12.550000000000002 1006.2500000000001 45.500000000000007 6732.8571430000011
decision_type=2 2 2 2 2 2 2 2 2 2 2 2 2 2 2 2 2 2 2 2 2 2 2 2 2 2 2 2 2 2
left_child=1 3 4 5 8 22 -7 24 20 18 -4 19 13 -5 15 -13 28 -18 -10 -6 29 -20 -1 -17 -8 -16 -3 -14 -11 -2
right_child=2 26 10 12 11 6 7 -9 9 16 -12 14 27 -15 25 23 17 -19 21 -21 -22 -23 -24 -25 -26 -27 -28 -29 -30 -31
leaf_value=-1.1165795083465577 -1.1165795083465577 17.728378651702879 -1.1165795083465577 -1.1165795083465577 5.9574682750282291 16.546003661178588 26.14118380153656 -1.1165795083465577 -1.1276607583465577 18.478100417495728 0.1781649677009583 22.867909973854061 11.406277785049436 9.5295165897674554 -1.1165795083465577 -1.1165795083465577 5.5211418240509031 -1.1165795083465577 23.380401197113034 -1.1165795083465577 9.0013744988021855 -1.1165795083465577 -0.95179177198791509 -0.74763520903015135 5.3203435141754145 -1.1165795083465577 8.5653123461608889 22.148208083175657 12.876499032302856 -1.1165795083465577
leaf_weight=96 28 343 378 30 30 75 36 89 24 96 31 26 21 29 20 38 24 24 25 21 20 20 20 23 20 150 20 144 20 20
leaf_count=96 28 343 378 30 30 75 36 89 24 96 31 26 21 29 20 38 24 24 25 21 20 20 20 23 20 150 20 144 20 20
internal_value=-0.000208655 0.00739437 -0.00710216 0.002625 -0.00273399 -0.00303571 0.00204545 -0.00465517 0.00313953 0.0066309 -0.0136064 -0.00847403 0.0111161 0.00127119 -0.0107977 -0.00396552 0.0109756 0.0025 -0.00369565 0.00323529 -0.00882353 0.00233333 -0.0126724 -0.0105738 0.0117857 -0.0142941 0.0147521 0.0146364 0.0144828 -0.01375
internal_weight=1941 923 1018 560 609 336 220 145 301 233 409 308 224 59 257 87 164 48 69 51 68 45 116 61 56 170 363 165 116 48
internal_count=1941 923 1018 560 609 336 220 145 301 233 409 308 224 59 257 87 164 48 69 51 68 45 116 61 56 170 363 165 116 48
is_linear=0
shrinkage=0.03


Tree=3
num_leaves=31
num_cat=0
split_feature=1 9 9 8 8 26 6 17 11 58 1 57 27 17 15 35 19 57 8 37 27 20 48 26 19 48 11 11 21 58
split_gain=112.327 36.3616 32.085 27.2304 20.0284 17.9241 16.1879 12.5502 12.8354 9.90459 9.65944 8.73012 6.91053 16.05 6.71294 10.2862 6.23297 5.96177 5.52637 5.25952 5.22235 11.2611 4.95465 4.55087 2.72213 1.20318 1.0461 0.602469 0.408838 0.35319
threshold=823.21428570000012 149.50000000000003 149.50000000000003 3.5000000000000004 2.5000000000000004 14.350000000000003 20.500000000000004 7.5000000000000009 0.47114434510950071 1005.6500000000002 277.58928570000006 254.00000000000003 277.50000000000006 34.500000000000007 79.500000000000014 694.38035715000012 8.5000000000000018 323.50000000000006 1.0000000180025095e-35 376.30446430000006 284.50000000000006 1.0000000180025095e-35 19.500000000000004 13.750000000000002 8.5000000000000018 46.500000000000007 0.3826834323650895 -0.83146961230254512 32.000000000000007 1006.35
decision_type=2 2 2 2 2 2 2 2 2 2 2 2 2 2 2 2 2 2 2 2 2 2 2 2 2 2 2 2 2 2
left_child=2 3 4 5 7 6 -2 23 20 16 -4 22 -7 18 15 -13 -5 25 -14 -20 -9 -22 -6 -1 -17 -10 -16 -8 -3 -11
right_child=1 28 10 9 11 12 27 8 17 29 -12 14 13 -15 26 24 -18 -19 19 -21 21 -23 -24 -25 -26 -27 -28 -29 -30 -31
leaf_value=-1.0830821230961609 -1.0830821230961609 6.1355325198129274 -1.0830821230961609 -1.0830821230961609 -1.0830821230961609 -1.0830821230961609 27.110790073252144 -1.0938309355961608 17.118726454348298 14.422749119466706 0.10140934362110143 20.998384453424148 20.421396130683515 -1.0830821230961609 -1.0830821230961609 -1.0830821230961609 6.5139539848356636 -0.57282514429367049 7.7472009877513495 -1.0830821230961609 24.88559682721527 -1.088622748096161 6.4099811798816875 7.0280564388869475 -0.90882223095720294 3.1140787363215638 -1.0830821230961609 15.405881623242644 17.200277292151796 21.349083190778046
leaf_weight=48 23 20 378 29 22 79 20 26 109 22 31 27 31 65 20 41 32 26 20 28 31 22 32 22 20 23 151 61 343 139
leaf_count=48 23 20 378 29 22 79 20 26 109 22 31 27 31 65 20 41 32 26 20 28 31 22 32 22 20 23 151 61 343 139
internal_value=-0.000363215 0.00730263 -0.00715743 0.00243169 -0.00285484 -0.00307339 0.00721154 0.00258958 0.00588608 0.0105405 -0.0136797 -0.00819489 -0.00786996 -0.00395833 -0.0104826 -0.00375 0.000245902 0.0108228 0.00512658 -0.00125 -0.00398734 0.00141509 0.00277778 -0.00857143 -0.0105738 0.0134091 -0.0139474 0.0135185 0.0146694 0.014441
internal_weight=1941 912 1029 549 620 327 104 307 237 222 409 313 223 144 259 88 61 158 79 48 79 53 54 70 61 132 171 81 363 161
internal_count=1941 912 1029 549 620 327 104 307 237 222 409 313 223 144 259 88 61 158 79 48 79 53 54 70 61 132 171 81 363 161
is_linear=0
shrinkage=0.03


Tree=4
num_leaves=31
num_cat=0
split_feature=1 9 9 46 8 8 11 17 1 27 20 19 9 2 40 9 28 57 58 10 56 2 1 11 27 57 2 58 58 49
split_gain=108.572 34.6273 30.5974 27.0688 28.0457 19.9653 12.1946 13.7606 10.0059 9.5848 10.709 7.8627 9.23952 10.2022 7.32722 7.29206 9.06066 5.92909 5.14382 3.88024 3.87164 3.6 2.7143 2.52776 2.31481 1.37755 0.937394 0.63172 0.359869 0.14966
threshold=791.07142855000018 149.50000000000003 149.50000000000003 24.350000000000005 2.5000000000000004 2.5000000000000004 0.55557023301960229 7.5000000000000009 277.58928570000006 284.50000000000006 1.0000000180025095e-35 36.500000000000007 148.50000000000003 820.00892855000018 949.27087057083349 148.50000000000003 1004.85 323.50000000000006 1005.85 0.91037613702198772 18.650000000000002 4259.8571425000009 5351.5714285000004 -0.22695468355932455 296.50000000000006 271.50000000000006 6013.8333335000016 1007.6500000000002 1008.35 1.0000000180025095e-35
decision_type=2 2 2 2 2 2 2 2 2 2 2 2 2 2 2 2 2 2 2 2 2 2 2 2 2 2 2 2 2 2
left_child=2 3 5 4 14 6 9 -8 -4 -1 24 12 19 -14 26 16 -6 27 -5 20 -7 -17 -18 -3 -11 -20 28 -9 -2 -24
right_child=1 23 8 18 15 11 7 17 -10 10 -12 -13 13 -15 -16 21 22 -19 25 -21 -22 -23 29 -25 -26 -27 -28 -29 -30 -31
leaf_value=-1.050589659403276 -1.050589659403276 17.878810242308138 -1.050589659403276 -0.22799955673699485 -1.050589659403276 -1.050589659403276 -1.050589659403276 19.337307910229566 0.1324957833330106 18.519600970792062 -1.050423440653276 23.698456366476698 17.469751108185633 -1.050589659403276 10.02987541714532 1.8850276690522016 1.1162113244122971 -0.84636155346888864 7.9185929948593907 -0.85636110004200883 -1.050589659403276 -1.050589659403276 26.293283707292254 0.94865709670877374 19.854914429181346 20.536404448166735 -1.050589659403276 3.7134664840744764 -1.050589659403276 12.743405879281141
leaf_weight=53 110 329 378 24 34 187 28 94 30 30 23 21 26 20 20 20 22 24 29 34 23 20 77 35 24 128 26 30 21 21
leaf_count=53 110 329 378 24 34 187 28 94 30 30 23 21 26 20 20 20 22 24 29 34 23 20 77 35 24 128 26 30 21 21
internal_value=-0.000595054 0.00691048 -0.00730244 0.00217391 -0.00246631 -0.00308752 0.00235294 0.0075 -0.0136765 -0.00461538 0.00214286 -0.00844051 -0.00972414 0.0026087 -0.0111017 0.00541237 0.00837662 0.0111486 0.0116851 -0.0120492 -0.0135714 -0.006 0.01225 0.0140934 0.00944444 0.0136624 -0.0132803 0.0137903 -0.014313 0.0143878
internal_weight=1941 916 1025 552 371 617 306 176 408 130 77 311 290 46 177 194 154 148 181 244 210 40 120 364 54 157 157 124 131 98
internal_count=1941 916 1025 552 371 617 306 176 408 130 77 311 290 46 177 194 154 148 181 244 210 40 120 364 54 157 157 124 131 98
is_linear=0
shrinkage=0.03


Tree=5
num_leaves=31
num_cat=0
split_feature=1 9 9 46 8 8 11 47 1 27 20 19 9 2 40 9 49 37 58 27 2 36 24 51 27 27 28 2 18 17
split_gain=108.019 34.4644 30.3171 27.379 27.5229 19.6042 12.6635 13.7882 10.0059 9.13955 10.2278 7.8627 9.23952 10.2022 7.32722 7.09578 9.54545 5.83333 5.14382 4.88751 3.6 3.32546 5.98924 2.87094 2.80093 1.19542 1.00198 0.937394 0.592819 0.4
threshold=791.07142855000018 149.50000000000003 149.50000000000003 24.350000000000005 2.5000000000000004 2.5000000000000004 0.55557023301960229 7.5000000000000009 277.58928570000006 284.50000000000006 1.0000000180025095e-35 36.500000000000007 148.50000000000003 820.00892855000018 949.27087057083349 148.50000000000003 1.0000000180025095e-35 715.48750000000007 1005.85 323.50000000000006 4259.8571425000009 257.67857145000005 34.400000000000006 21.500000000000004 296.50000000000006 271.50000000000006 1005.5500000000001 6013.8333335000016 46.500000000000007 15.500000000000002
decision_type=2 2 2 2 2 2 2 2 2 2 2 2 2 2 2 2 2 2 2 2 2 2 2 2 2 2 2 2 2 2
left_child=2 3 5 4 14 6 9 -8 -4 -1 24 12 21 -14 27 16 -6 29 -5 28 -17 22 -7 -3 -11 -20 -23 -2 -9 -18
right_child=1 23 8 18 15 11 7 19 -10 10 -12 -13 13 -15 -16 20 17 -19 25 -21 -22 26 -24 -25 -26 -27 -28 -29 -30 -31
leaf_value=-1.0190719696211776 -1.0190719696211776 0.92019738380751059 -1.0190719696211776 -0.22115957003488518 24.511450186553148 3.3253008529114059 -1.0190719696211776 16.709689588450026 0.1285209098330202 17.964012941668301 -1.0189107374336777 22.987502675482396 16.945658574940065 -1.0190719696211776 9.7289791546309612 1.8284768389806354 -0.83057117170949546 8.9347562491799568 6.3228160194313636 -0.60143489156635976 -1.0190719696211776 -1.0190719696211776 -1.0248038447070082 16.722945202617019 19.259266996305904 18.946704431971028 -1.0190719696211776 -1.0190719696211776 3.84820689095335 -1.0190719696211776
leaf_weight=53 131 25 378 24 84 20 32 97 30 30 23 21 26 20 20 20 20 30 24 25 20 21 39 339 24 133 164 26 22 20
leaf_count=53 131 25 378 24 84 20 32 97 30 30 23 21 26 20 20 20 20 30 24 25 20 21 39 339 24 133 164 26 22 20
internal_value=-0.000641422 0.00684498 -0.00733171 0.00211957 -0.00254717 -0.00313614 0.0022549 0.0075 -0.0136765 -0.00484615 0.00175325 -0.00844051 -0.00972414 0.0026087 -0.0111017 0.00525773 0.00818182 0 0.0116851 0.0114583 -0.006 -0.0120492 -0.00584746 0.014011 0.00888889 0.0136624 -0.014027 -0.0132803 0.0139916 -0.0075
internal_weight=1941 916 1025 552 371 617 306 176 408 130 77 311 290 46 177 194 154 70 181 144 40 244 59 364 54 157 185 157 119 40
internal_count=1941 916 1025 552 371 617 306 176 408 130 77 311 290 46 177 194 154 70 181 144 40 244 59 364 54 157 185 157 119 40
is_linear=0
shrinkage=0.03


Tree=6
num_leaves=31
num_cat=0
split_feature=11 12 12 8 8 47 6 34 6 26 58 48 6 36 16 8 41 49 47 11 4 35 8 10 10 36 37 17 10 10
split_gain=107.778 34.257 30.4005 28.2333 21.3373 18.5553 17.2444 18.3174 26.3164 11.3545 9.53373 8.46621 13.82 6.50193 6.05847 7.84825 4.70124 5.74406 4.61034 2.98762 2.91379 2.64828 2.20909 2.01481 1.575 1.56774 1.12581 0.594899 0.329646 0.328378
threshold=-0.097964660725097338 0.53946920585801694 0.53946920585801694 3.5000000000000004 3.5000000000000004 7.5000000000000009 20.500000000000004 271.42857145000005 25.500000000000004 13.050000000000002 1006.2500000000001 42.500000000000007 25.500000000000004 32.322321430000009 25.350000000000005 5.5000000000000009 218.88535465283988 8.5000000000000018 1.0000000180025095e-35 -0.22695468355932455 3.5000000000000004 271.42857145000005 1.5000000000000002 0.35206144883412577 -0.70710678118654735 263.65982145000004 35.407142855000011 50.500000000000007 -0.9103761370219875 -0.58216583101416164
decision_type=2 2 2 2 2 2 2 2 2 2 2 2 2 2 2 2 2 2 2 2 2 2 2 2 2 2 2 2 2 2
left_child=1 19 13 6 5 18 21 -8 24 11 16 26 20 -2 15 23 -5 -18 -4 28 -13 -3 -11 -6 -9 -16 27 -7 -1 -20
right_child=2 3 4 10 14 9 7 8 -10 22 -12 12 -14 -15 25 -17 17 -19 29 -21 -22 -23 -24 -25 -26 -27 -28 -29 -30 -31
leaf_value=6.3047861846122393 0.078558533917748322 -0.98849981053254221 8.2600366504214175 12.263143994771516 -0.98849981053254221 18.069254918862928 14.387209727246734 3.7940447108643145 -0.98849981053254221 -0.80727733922569112 19.720778502255431 -1.0224634754162931 25.658465557484718 -0.98849981053254221 -0.53819100094150563 22.297877595217923 -0.98849981053254221 2.7818490919752112 -0.98849981053254221 0.72368977617589048 -0.99892615865754231 -0.82865570626465901 -1.0057452611248217 -0.98849981053254221 23.698632400853796 -0.98849981053254221 7.0126416402526992 10.282598601317739 17.745092042461362 -0.98849981053254221
leaf_weight=24 24 96 21 28 34 96 75 20 89 20 144 29 38 385 20 29 30 22 54 34 29 20 24 20 36 135 20 20 305 20
leaf_count=24 24 96 21 28 34 96 75 20 89 20 144 29 38 385 20 29 30 22 54 34 29 20 24 20 36 135 20 20 305 20
internal_value=-0.000842349 0.0065818 -0.00757367 0.00192857 -0.00332512 0.00117251 -0.00357143 0.00136364 -0.00486207 0.0051087 0.0101786 0.00775862 0.0009375 -0.0138998 -0.0103361 -0.00379518 0.001875 -0.00346154 -0.0102632 0.0137603 -0.00827586 -0.012931 -0.00886364 -0.0105556 0.01125 -0.0138387 0.0125735 0.0137069 0.0146353 -0.0137838
internal_weight=1941 923 1018 560 609 371 336 220 145 276 224 232 96 409 238 83 80 52 95 363 58 116 44 54 56 155 136 116 329 74
internal_count=1941 923 1018 560 609 371 336 220 145 276 224 232 96 409 238 83 80 52 95 363 58 116 44 54 56 155 136 116 329 74
is_linear=0
shrinkage=0.03


Tree=7
num_leaves=31
num_cat=0
split_feature=11 12 12 19 16 6 6 2 11 6 44 6 10 18 10 50 15 11 37 36 17 16 47 41 35 19 27 50 14 2
split_gain=105.242 31.1844 30.4923 29.8548 19.7366 16.6218 22.6123 29.3478 16.0344 12.0791 22.748 14.5919 9.45664 6.06653 5.15855 5.4815 5.15515 4.41854 4.31551 2.57645 3.34495 1.90829 1.75445 1.43334 0.902778 0.581257 1.10769 0.576329 0.391935 0.373961
threshold=-0.065403129230142895 0.64987354830121502 0.64987354830121502 15.500000000000002 25.950000000000003 25.500000000000004 28.500000000000004 1960.5357145000003 0.52778511650980109 25.500000000000004 28.550000000000004 29.500000000000004 0.81241147629689026 1.0000000180025095e-35 -0.88144907265856332 1.0000000180025095e-35 62.500000000000007 -0.290129255202841 35.407142855000011 57.48125000000001 21.500000000000004 26.150000000000002 27.500000000000004 29.985705777595424 1.0000000180025095e-35 1.0000000180025095e-35 304.50000000000006 14.500000000000002 29.750000000000004 5783.1071430000011
decision_type=2 2 2 2 2 2 2 2 2 2 2 2 2 2 2 2 2 2 2 2 2 2 2 2 2 2 2 2 2 2
left_child=1 5 9 22 8 14 7 -7 13 19 11 24 28 18 15 -1 -5 -8 -4 20 -2 25 -3 -16 -11 26 -21 -10 -12 -25
right_child=2 3 4 16 -6 6 17 -9 27 10 12 -13 -14 -15 23 -17 -18 -19 -20 21 -22 -23 -24 29 -26 -27 -28 -29 -30 -31
leaf_value=-0.87740887126316347 -0.98632703564224067 -0.95884481621656592 14.612152784101438 -0.95884481621656592 -0.95884481621656592 7.670561177236916 15.110113548765646 -0.95884481621656592 19.192469275081219 20.144075912760574 -0.95884481621656592 -0.95884481621656592 16.988247121144983 -0.96895837389781614 0.60659197443590185 6.5186605157734503 16.16218104257705 -0.039272218722823521 -0.96440473504982172 -0.9578771238978161 0.5015430220586834 -0.95884481621656592 -0.95884481621656592 21.114463521299822 2.0305743314187299 -0.95884481621656592 -0.97268076471774678 16.62738823480106 -0.74059481621656575 11.953590901569267
leaf_weight=21 20 34 25 20 50 46 117 92 84 52 135 22 20 32 35 39 62 21 22 20 21 22 95 285 20 379 32 22 20 76
leaf_count=21 20 34 25 20 50 46 117 92 84 52 135 22 20 32 35 39 62 21 22 20 21 22 95 285 20 379 32 22 20 76
internal_value=-0.000935085 0.00625133 -0.00772545 -0.00390995 0.0017234 0.00918033 0.00336957 -0.00521739 0.00624324 -0.0106356 -0.00552045 0.00638298 -0.0119143 -0.00398734 0.0126974 0.0045 0.0102439 0.0119565 0.00287234 -0.0134211 -0.00621951 -0.0140728 -0.012907 0.0139394 0.0129167 -0.0145128 -0.0115385 0.0138679 -0.0144194 0.0145014
internal_weight=1941 943 998 211 235 732 276 138 185 763 269 94 175 79 456 60 82 138 47 494 41 453 129 396 72 431 52 106 155 361
internal_count=1941 943 998 211 235 732 276 138 185 763 269 94 175 79 456 60 82 138 47 494 41 453 129 396 72 431 52 106 155 361
is_linear=0
shrinkage=0.03


Tree=8
num_leaves=31
num_cat=0
split_feature=11 12 49 12 8 6 6 40 47 11 6 16 17 16 36 11 45 11 48 47 4 14 43 21 47 49 47 36 35 12
split_gain=100.948 30.1138 30.4576 29.8566 20.2611 16.3781 20.9275 29.3478 11.9989 12.5062 9.89782 8.01227 12.381 8.34912 5.90087 5.78309 5.15515 4.3092 3.99041 3.86813 3.69865 2.79671 1.87302 1.70315 1.44327 1.35 0.729167 0.687324 0.655856 0.433567
threshold=-0.065403129230142895 0.64987354830121502 15.500000000000002 0.53946920585801694 2.5000000000000004 25.500000000000004 28.500000000000004 313.93515625604169 7.5000000000000009 0.58216583101416119 25.500000000000004 25.450000000000003 16.500000000000004 24.850000000000005 41.487500000000004 -0.3520614488341256 62.500000000000007 -0.3520614488341256 42.500000000000007 1.0000000180025095e-35 16.500000000000004 30.150000000000002 -497.36785694999998 97.000000000000014 27.500000000000004 8.5000000000000018 43.500000000000007 340.78035715000004 501.55535715000002 0.62334665204000361
decision_type=2 2 2 2 2 2 2 2 2 2 2 2 2 2 2 2 2 2 2 2 2 2 2 2 2 2 2 2 2 2
left_child=1 5 24 14 8 15 7 -7 19 10 20 12 25 -14 -2 22 -4 28 -11 -5 -10 23 -1 -17 -3 -6 -15 -13 -8 -24
right_child=3 2 16 4 11 6 17 -9 9 18 -12 27 13 26 -16 21 -18 -19 -20 -21 -22 -23 29 -25 -26 -27 -28 -29 -30 -31
leaf_value=15.464886355006128 0.049177458638716233 -0.930079471730069 -0.930079471730069 7.5738709673857327 -0.930079471730069 7.4404443419198092 16.759435874724552 -0.930079471730069 -0.93988962268088161 14.748225092458668 27.717479143129154 -0.93278536089297026 -0.930079471730069 4.9383275328917797 -0.930079471730069 0.22558150913706071 15.845596434237343 0.030467361111441701 1.8640444061088255 -0.930079471730069 -0.18453985874512788 -0.44392526852981273 17.630654024233216 6.3412422289624004 -0.930079471730069 -0.94620364122115508 21.608955721607686 -0.930079471730069 6.7685935631782259 22.414049029379608
leaf_weight=22 23 33 20 21 60 46 91 92 39 102 20 20 33 20 377 39 62 27 36 50 27 20 280 28 96 20 28 122 20 67
leaf_count=22 23 33 20 21 60 46 91 92 39 102 20 20 33 20 377 39 62 27 36 50 27 20 280 28 96 20 28 122 20 67
internal_value=-0.0011051 0.00593319 -0.00405213 -0.00775551 -0.00351171 0.00881148 0.00304348 -0.00521739 0.00208475 0.00549107 -0.00348837 -0.0089604 -0.00437888 0.00388889 -0.0141 0.0123026 0.0102439 0.0113043 0.011087 -0.00866197 -0.00909091 0.00534483 0.0139431 0.00828358 -0.0131395 -0.01275 0.011875 -0.0141549 0.0139189 0.0144813
internal_weight=1941 943 211 998 598 732 276 138 295 224 86 303 161 81 400 456 82 138 138 71 66 87 369 67 129 80 48 142 111 347
internal_count=1941 943 211 998 598 732 276 138 295 224 86 303 161 81 400 456 82 138 138 71 66 87 369 67 129 80 48 142 111 347
is_linear=0
shrinkage=0.03


Tree=9
num_leaves=31
num_cat=0
split_feature=31 12 12 56 6 50 17 8 43 56 16 52 2 48 6 37 6 8 16 49 57 17 8 17 10 24 56 26 8 10
split_gain=86.1668 32.9793 28.8699 23.8844 16.0213 21.0798 13.9862 16.7995 12.0762 10.7495 10.5054 10.1366 8.86957 7.91775 11.7556 6.85145 6.09468 5.42983 10.2098 5.33715 4.3301 3.76923 3.66308 3.03489 3.86551 2.94331 2.38636 1.73728 1.63435 1.60464
threshold=115.54821430000001 0.53946920585801694 0.53946920585801694 14.350000000000003 25.500000000000004 11.500000000000002 7.5000000000000009 3.5000000000000004 8.2857143499999797 14.050000000000002 25.650000000000002 352.00000000000006 7241.5000000000009 42.500000000000007 25.500000000000004 2.5928571430000003 22.500000000000004 2.5000000000000004 24.250000000000004 15.500000000000002 283.50000000000006 12.500000000000002 1.0000000180025095e-35 50.500000000000007 0.91037613702198772 733.60000000000002 17.650000000000002 9.1500000000000004 2.5000000000000004 0.77259657388510639
decision_type=2 2 2 2 2 2 2 2 2 2 2 2 2 2 2 2 2 2 2 2 2 2 2 2 2 2 2 2 2 2
left_child=2 12 8 17 5 11 22 9 -1 13 15 28 -2 21 23 27 19 18 -3 25 -12 -8 -4 -15 -25 -13 -14 -9 -5 -23
right_child=1 3 6 4 -6 -7 7 10 -10 -11 20 16 26 14 -16 -17 -18 -19 -20 -21 -22 29 -24 24 -26 -27 -28 -29 -30 -31
leaf_value=-0.90217708757816695 16.15765714767431 -0.90217708757816695 -0.90217708757816695 -0.90217708757816695 -0.90217708757816695 -0.90217708757816695 0.92893694746923527 0.60718912279217618 0.30020455072677249 -0.9179409052365356 -0.038880845125876036 -0.91134723545665708 2.0294264498902841 -1.0185304803955366 22.155514616197731 -0.90220611834772946 15.820735792929954 18.975772675019623 14.495149712834088 15.703636214321186 -0.90217708757816695 13.963456257165376 -0.90217708757816695 2.6035515407224352 -0.91169293400045526 5.4366442136255966 -0.61133874656014309 21.516475582458188 -0.92623806584265445 14.124394691271423
leaf_weight=390 305 22 28 21 87 63 39 24 35 25 23 33 20 31 48 27 72 118 39 24 107 89 101 21 20 26 22 25 28 28
leaf_count=390 305 22 28 21 87 63 39 24 35 25 23 33 20 31 48 27 72 118 39 24 107 89 101 21 20 26 22 25 28 28
internal_value=-0.00121329 0.00572727 -0.00696984 0.00104128 -0.00347458 0.000168539 -0.00292453 -0.000680473 -0.0130235 0.00383721 -0.00728155 0.00485294 0.0129251 0.00554348 -0.00025 0.00157895 0.0086129 0.00997207 0.00270492 0.00307229 -0.0124615 0.01 -0.0117442 -0.00791667 -0.00256098 -0.00177966 0 0.00826531 -0.00704082 0.0126923
internal_weight=1941 880 1061 533 354 267 636 507 425 301 206 204 347 276 120 76 155 179 61 83 130 156 129 72 41 59 42 49 49 117
internal_count=1941 880 1061 533 354 267 636 507 425 301 206 204 347 276 120 76 155 179 61 83 130 156 129 72 41 59 42 49 49 117
is_linear=0
shrinkage=0.03


Tree=10
num_leaves=31
num_cat=0
split_feature=11 12 12 8 8 17 12 34 12 12 58 17 12 10 11 46 37 46 8 37 37 36 57 10 19 35 10 37 2 36
split_gain=98.0506 29.4323 28.6785 27.5427 19.3029 17.8402 16.4128 18.4149 26.65 15.5334 9.12951 7.15503 6.30604 8.97698 5.83243 5.80488 8.00016 5.72324 5.41106 5.25455 5.19925 4.95837 4.43841 3.76698 2.72331 2.66218 2.11525 1.68662 1.62885 1.08108
threshold=-0.065403129230142895 0.53946920585801694 0.53946920585801694 3.5000000000000004 3.5000000000000004 9.5000000000000018 0.64987354830121502 128.83750000000003 0.58218302397213695 0.66285048286959747 1006.2500000000001 42.500000000000007 0.58218302397213695 0.81241147629689026 -0.41248606129204524 25.350000000000005 2.5928571430000003 25.050000000000004 5.5000000000000009 103.99821430000001 513.41785715000015 41.487500000000004 300.50000000000006 0.47114434510950082 8.5000000000000018 271.42857145000005 -0.70710678118654735 202.04107145000003 6676.8125000000009 328.32589285000006
decision_type=2 2 2 2 2 2 2 2 2 2 2 2 2 2 2 2 2 2 2 2 2 2 2 2 2 2 2 2 2 2
left_child=2 21 14 6 5 9 7 -4 -9 -3 20 19 23 17 28 16 18 -14 -6 -7 -5 -2 27 -13 -22 -8 -10 -16 -1 -17
right_child=1 4 3 10 15 11 25 8 26 -11 -12 12 13 -15 22 29 -18 -19 -20 -21 24 -23 -24 -25 -26 -27 -28 -29 -30 -31
leaf_value=17.396526055360169 -0.013180658617153682 -0.87511177495082193 14.060295221449067 -0.87511177495082193 -0.87511177495082193 15.495758318962134 -0.87511177495082193 -0.87511177495082193 3.1165117757803351 15.76086333641631 17.399026584313958 -0.87412149690330254 6.8084306724446728 -0.88434214598044159 1.3232049991154913 -0.82854956843258043 -0.88050489621908001 -0.98797456598367062 21.516307529949618 -0.41220240468899921 -0.22948203233557218 -0.87511177495082193 -0.21556345300188395 24.33610237403504 10.862606842307647 -0.71992544159279781 21.635966451519753 1.7281908456225541 5.4497339366109738 -0.87511177495082193
leaf_weight=260 23 96 69 31 25 90 99 96 20 20 146 20 26 39 39 20 39 20 22 20 24 377 23 33 27 20 39 30 20 128
leaf_count=260 23 96 69 31 25 90 99 96 20 20 146 20 26 39 39 20 39 20 22 20 24 377 23 33 27 20 39 30 20 128
internal_value=-0.00132148 -0.00787575 0.00561506 0.00139229 -0.00366221 0.000659341 -0.00397959 0.000803571 -0.00493548 -0.00905172 0.00947368 0.00520161 0.000652174 -0.00441176 0.0120968 -0.0103846 -0.00418605 0.00456522 0.00414894 0.0109091 0.00146341 -0.014175 0.00554348 0.00877358 0.00735294 -0.0129832 0.0109322 0.00934783 0.01425 -0.0139865
internal_weight=1941 998 943 571 598 364 343 224 155 116 228 248 138 85 372 234 86 46 47 110 82 400 92 53 51 119 59 69 280 148
internal_count=1941 998 943 571 598 364 343 224 155 116 228 248 138 85 372 234 86 46 47 110 82 400 92 53 51 119 59 69 280 148
is_linear=0
shrinkage=0.03


Tree=11
num_leaves=31
num_cat=0
split_feature=1 9 8 9 1 8 47 6 6 6 10 47 6 4 19 40 6 6 57 10 47 56 19 10 1 16 40 56 10 1
split_gain=93.6591 27.4327 26.5692 21.168 22.5867 15.1567 16.4864 14.9148 14.5786 22.184 19.8438 11.9787 11.115 8.93711 8.90719 7.49025 10.9537 6.4381 5.88803 5.66175 5.17069 3.81873 3.68313 3.18182 2.04616 1.99451 1.875 1.50307 0.627957 0.589474
threshold=1875.4375000000002 149.50000000000003 3.5000000000000004 149.50000000000003 277.58928570000006 3.5000000000000004 9.5000000000000018 19.500000000000004 20.500000000000004 25.500000000000004 0.58216583101416164 42.500000000000007 25.500000000000004 3.5000000000000004 36.500000000000007 817.70736608333357 22.500000000000004 19.500000000000004 300.50000000000006 0.88144907265856365 12.500000000000002 19.950000000000003 2.5000000000000004 0.58216583101416164 2765.8571430000006 24.350000000000005 867.41514136666672 17.650000000000002 -0.63405362205439475 6767.5714285000004
decision_type=2 2 2 2 2 2 2 2 2 2 2 2 2 2 2 2 2 2 2 2 2 2 2 2 2 2 2 2 2 2
left_child=3 2 8 5 -5 6 7 -1 28 29 -11 20 13 17 19 -4 -17 -13 25 21 -8 -7 -21 -14 -3 -6 -26 -28 -2 -10
right_child=1 24 15 4 18 14 11 -9 9 10 -12 12 23 -15 -16 16 -18 -19 -20 22 -22 -23 -24 -25 26 -27 27 -29 -30 -31
leaf_value=16.105105271788428 -0.84885842170229742 1.3022095261302176 17.43614756541232 -0.84885842170229742 4.5722676226734578 -0.84885842170229742 0.2178766574186683 -0.84885842170229742 6.9980462926208933 -0.84885842170229742 5.1155406555770799 9.022329376997309 3.7935440765878838 -0.85504406640410113 12.620039291666609 -0.96991078866334646 8.8310624135065279 -0.95833532900416052 -0.28283365717506126 2.2475054280704736 14.005097556087604 -0.84813659235436278 -0.87016785536958863 23.606019302813991 16.80380079522952 0.040169160601408578 11.892556432165193 0.41188059579044833 -0.84885842170229742 20.666552805432531
leaf_weight=20 20 34 139 378 24 166 31 112 20 91 32 28 20 58 23 27 36 20 20 26 91 23 22 35 243 28 23 22 73 56
leaf_count=20 20 34 139 378 24 166 31 112 20 91 32 28 20 58 23 27 36 20 20 26 91 23 22 35 243 28 23 22 73 56
internal_value=-0.00141422 0.00632353 0.00188259 -0.00702667 -0.0120667 -0.00366667 -0.000108434 -0.00886364 -0.00390411 0.000678392 -0.00719512 0.00397527 -0.00139752 -0.00707547 -0.00934615 0.0102475 0.00166667 0.0025 0.00333333 -0.0110759 0.0110656 -0.0134127 -0.001875 0.00954545 0.0131366 0.00865385 0.0139583 0.00833333 -0.0137097 0.0134211
internal_weight=1941 816 494 1125 450 675 415 132 292 199 123 283 161 106 260 202 63 48 72 237 122 189 48 55 322 52 288 45 93 76
internal_count=1941 816 494 1125 450 675 415 132 292 199 123 283 161 106 260 202 63 48 72 237 122 189 48 55 322 52 288 45 93 76
is_linear=0
shrinkage=0.03


Tree=12
num_leaves=31
num_cat=0
split_feature=11 9 9 46 16 10 17 8 36 8 9 35 9 32 44 1 53 14 8 4 47 43 14 15 56 11 57 36 15 27
split_gain=93.0298 31.2399 29.009 22.205 18.4367 17.2817 12.7405 22.2848 17.205 13.5711 10.7087 21.5007 32.6557 6.85037 6.60295 6.18545 4.29267 3.90097 3.552 3.08505 2.8793 2.78519 2.36224 2.23322 2.2022 1.85033 0.635052 0.63217 0.156428 0.043865
threshold=-0.065403129230142895 141.50000000000003 141.50000000000003 24.350000000000005 25.850000000000005 0.81241147629689026 25.500000000000004 4.5000000000000009 2.7142857145000003 1.0000000180025095e-35 149.50000000000003 91.033928570000015 146.50000000000003 222.95625000000004 29.650000000000002 277.58928570000006 59.500000000000007 31.350000000000005 3.5000000000000004 3.5000000000000004 27.500000000000004 -65.758035714999991 26.650000000000002 59.500000000000007 12.250000000000002 0.63405362205439486 281.50000000000006 1030.6750000000004 62.500000000000007 254.00000000000003
decision_type=2 2 2 2 2 2 2 2 2 2 2 2 2 2 2 2 2 2 2 2 2 2 2 2 2 2 2 2 2 2
left_child=1 3 4 20 5 14 7 8 9 -3 11 12 19 -5 25 -12 22 -9 26 -4 21 -1 -8 -18 -24 -2 -11 29 -25 -13
right_child=2 6 10 13 -6 -7 16 17 -10 18 15 27 -14 -15 -16 -17 23 -19 -20 -21 -22 -23 24 28 -26 -27 -28 -29 -30 -31
leaf_value=0.93848791305377333 14.764419482959065 15.977870028988825 -0.82339266905122843 -0.78955979413577548 -0.82339266905122843 -0.83265906626203023 4.7414343434721911 0.95256270452349501 13.999081760875391 -0.82339266905122843 -0.82339266905122843 -1.0316017692154511 15.104397313697085 16.334493398002895 -0.82862312575835184 0.16838076404504224 14.220164812925491 14.568941601315775 -0.6594527590802326 -0.81820662071705286 -0.82339266905122843 -0.83045238944281929 0.82154194901988564 22.407765855024397 -0.22506353346757832 18.724664954204343 -0.82339266905122843 -0.82339266905122843 15.041883121470288 -0.82339266905122843
leaf_weight=21 38 24 62 27 52 30 25 34 40 77 378 20 78 48 25 22 24 124 37 39 95 20 38 20 21 90 20 21 248 143
leaf_count=21 38 24 62 27 52 30 25 34 40 77 378 20 78 48 25 22 24 124 37 39 95 20 38 20 21 90 20 21 248 143
internal_value=-0.0014915 0.00526511 -0.00787575 -0.00490521 0.00134043 0.00581967 0.00819672 0.00412921 -0.00257576 -0.00702532 -0.0107143 -0.00698347 0.000418994 0.0082 0.00990196 -0.0141 0.0120479 0.0125316 -0.0107463 -0.0108416 -0.0121324 -0.0054878 0.00607143 0.0137671 0.00279661 0.0126562 -0.0137629 -0.0141848 0.0145522 -0.014816
internal_weight=1941 943 998 211 235 183 732 356 198 158 763 363 179 75 153 400 376 158 134 101 136 41 84 292 59 128 97 184 268 163
internal_count=1941 943 998 211 235 183 732 356 198 158 763 363 179 75 153 400 376 158 134 101 136 41 84 292 59 128 97 184 268 163
is_linear=0
shrinkage=0.03


Tree=13
num_leaves=31
num_cat=0
split_feature=11 12 12 8 8 17 6 6 6 34 58 47 6 10 10 16 37 47 19 6 11 47 57 1 10 35 37 19 36 4
split_gain=93.8903 31.4294 28.0377 24.6857 17.7378 16.3401 15.5334 14.7128 19.299 22.1373 9.53555 7.99655 8.427 9.12988 6.56505 6.50238 8.14265 6.46404 5.76536 5.52 5.40507 4.9 3.86661 3.58543 3.07692 2.64828 1.65055 1.58721 1.56774 1.46075
threshold=-0.097964660725097338 0.53946920585801694 0.53946920585801694 3.5000000000000004 3.5000000000000004 9.5000000000000018 19.500000000000004 20.500000000000004 25.500000000000004 80.929464285000009 1005.6500000000002 42.500000000000007 25.500000000000004 0.77259657388510639 -0.99465189230620688 25.350000000000005 26.812500000000004 12.500000000000002 8.5000000000000018 21.500000000000004 -0.47114434510950048 56.500000000000007 300.50000000000006 4523.3125000000009 0.58216583101416164 271.42857145000005 59.850000000000009 16.500000000000004 263.65982145000004 13.500000000000002
decision_type=2 2 2 2 2 2 2 2 2 2 2 2 2 2 2 2 2 2 2 2 2 2 2 2 2 2 2 2 2 2
left_child=1 20 14 7 5 6 -4 25 23 -10 18 17 13 21 -2 16 19 -7 -5 -6 -1 -13 27 -9 -14 -3 -12 -22 -17 -28
right_child=2 3 4 10 15 11 -8 8 9 -11 26 12 24 -15 -16 28 -18 -19 -20 -21 22 -23 -24 -25 -26 -27 29 -29 -30 -31
leaf_value=15.895234845998873 0.0061247540258548127 -0.79869088897969165 14.361951693681396 -0.83390596443660792 20.252507833608011 -0.071877236792038265 -0.79869088897969165 0.37450563515109736 7.6144789835254247 -0.79869088897969165 3.6144550191535614 -0.90488348906249894 3.4655226846205593 -0.80718078762104439 -0.79869088897969165 -0.68850357495147518 -0.8037653029086882 14.473573077385293 6.8457204535111655 -0.79869088897969165 0.26408388891146828 8.18991954706126 -0.22918842083228086 18.925829232154019 22.497991902749455 -0.64805424981653414 19.108834511590153 3.4927782178243798 -0.79869088897969165 6.2737955270863708
leaf_weight=264 24 96 20 30 23 35 96 21 38 97 24 20 20 47 385 20 33 81 29 27 26 20 23 64 32 20 121 50 135 20
leaf_count=264 24 96 20 30 23 35 96 21 38 97 24 20 20 47 385 20 33 81 29 27 26 20 23 64 32 20 121 50 135 20
internal_value=-0.00161515 0.00531419 -0.00789784 0.000857143 -0.00381773 0.000283019 -0.00905172 -0.00428571 0.000272727 -0.00677778 0.00857143 0.00452941 -0.000323741 -0.00603448 -0.0139731 -0.0102101 -0.00343373 0.0103448 -0.00177966 0.0042 0.0121901 0.0045 0.00621212 0.0114706 0.00923077 -0.012931 0.0122727 0.00947368 -0.0138387 0.0135106
internal_weight=1941 923 1018 560 609 371 116 336 220 135 224 255 139 87 409 238 83 116 59 50 363 40 99 85 52 116 165 76 155 141
internal_count=1941 923 1018 560 609 371 116 336 220 135 224 255 139 87 409 238 83 116 59 50 363 40 99 85 52 116 165 76 155 141
is_linear=0
shrinkage=0.03


Tree=14
num_leaves=31
num_cat=0
split_feature=11 12 8 12 8 47 6 6 6 40 30 47 6 11 28 19 47 6 40 40 47 2 2 11 48 44 26 37 11 2
split_gain=91.4314 30.6154 26.7434 24.2554 16.8033 16.6379 15.2381 14.5006 21.4673 18.5747 11.5145 8.6938 9.25286 9.47143 8.52148 6.89977 6.56498 5.42002 5.44444 5.37119 4.9 4.6503 3.90288 2.9695 3.66095 2.87511 2.77714 1.89702 1.88618 1.47273
threshold=-0.16280825711808986 0.53946920585801694 3.5000000000000004 0.53946920585801694 3.5000000000000004 9.5000000000000018 19.500000000000004 20.500000000000004 25.500000000000004 237.511532738125 29.999107145000004 42.500000000000007 25.500000000000004 0.63405362205439486 1006.0500000000001 36.500000000000007 12.500000000000002 22.500000000000004 817.70736608333357 31.273164681604172 56.500000000000007 7167.6875000000009 7241.5000000000009 0.55557023301960229 18.500000000000004 28.750000000000004 19.950000000000003 66.986607145000008 -0.58216583101416131 4882.3125000000009
decision_type=2 2 2 2 2 2 2 2 2 2 2 2 2 2 2 2 2 2 2 2 2 2 2 2 2 2 2 2 2 2
left_child=1 19 7 10 5 6 -5 29 28 -10 -2 16 13 -13 17 23 -7 18 -4 -1 -15 -21 -12 24 26 -14 -6 -16 -9 -3
right_child=3 2 14 4 15 11 -8 8 9 -11 22 12 25 20 27 -17 -18 -19 -20 21 -22 -23 -24 -25 -26 -27 -28 -29 -30 -31
leaf_value=0.12987488092045821 -0.7747301623103009 -0.7747301623103009 5.6049561954094473 14.748160978335561 -0.78797009729440426 -0.22943590968890248 -0.7747301623103009 19.209028069366628 5.5274105808165368 -0.7747301623103009 0.35979857212866817 -0.78296536399241312 18.233112024716466 -0.87773698439062398 4.1293561095408009 17.565998661704114 13.159428751274671 8.7537819210823855 -0.8991975493951927 14.406803149486572 7.9442219606494211 0.083263552453954323 -0.30876339182437107 -0.7747301623103009 0.034193181190820744 6.6052712612877462 -0.77297353557909687 18.41893256215646 2.7297347114511252 -0.7747301623103009
leaf_weight=31 382 90 20 20 54 31 105 58 34 95 21 51 32 20 21 21 86 26 25 288 20 27 23 121 30 21 21 123 24 20
leaf_count=31 382 90 20 20 54 31 105 58 34 95 21 51 32 20 21 21 86 26 25 288 20 27 23 121 30 21 21 123 24 20
internal_value=-0.00169243 0.00544218 0.000951493 -0.00763456 -0.00390995 0 -0.009 -0.00453271 7.109e-05 -0.00755814 -0.013169 0.00431034 -0.000625 -0.00642857 0.00913953 -0.0100202 0.0103846 0.000633803 -0.00566667 0.0123988 0.0045 0.0135714 0.00136364 -0.0115487 -0.00785714 0.00933962 -0.0114 0.0133333 0.0120732 -0.0133636
internal_weight=1941 882 536 1059 633 386 125 321 211 129 426 261 144 91 215 247 117 71 45 346 40 315 44 226 105 53 75 144 82 110
internal_count=1941 882 536 1059 633 386 125 321 211 129 426 261 144 91 215 247 117 71 45 346 40 315 44 226 105 53 75 144 82 110
is_linear=0
shrinkage=0.03


Tree=15
num_leaves=31
num_cat=0
split_feature=11 9 8 9 8 47 6 16 36 11 47 6 10 58 19 47 53 6 47 40 40 10 56 19 10 58 2 46 23 21
split_gain=89.4601 29.8279 27.4796 24.6258 16.8033 16.6379 15.2381 14.3142 19.0617 12.2498 8.6938 9.25286 9.47143 7.75461 6.89977 6.56498 5.9127 5.10023 4.9 4.8424 4.42619 3.94648 3.81019 3.6 3.11321 2.56643 2.52543 2.4033 1.73235 1.21352
threshold=-0.16280825711808986 149.50000000000003 3.5000000000000004 149.50000000000003 3.5000000000000004 9.5000000000000018 19.500000000000004 24.350000000000005 2.7142857145000003 1.0000000180025095e-35 42.500000000000007 25.500000000000004 0.77259657388510639 1005.85 36.500000000000007 12.500000000000002 62.500000000000007 22.500000000000004 56.500000000000007 990.9648685625001 821.52020090625012 0.88144907265856365 19.950000000000003 2.5000000000000004 0.58216583101416164 1008.35 7167.6875000000009 24.950000000000003 131.50000000000003 268.50000000000006
decision_type=2 2 2 2 2 2 2 2 2 2 2 2 2 2 2 2 2 2 2 2 2 2 2 2 2 2 2 2 2 2
left_child=1 2 7 4 5 6 -2 8 19 -5 15 12 18 17 21 -7 27 20 -12 28 -4 22 -6 -23 -13 -9 -18 -3 -1 -15
right_child=3 16 13 9 14 10 -8 25 -10 -11 11 24 -14 29 -16 -17 26 -19 -20 -21 -22 23 -24 -25 -26 -27 -28 -29 -30 -31
leaf_value=-0.75127646582924412 14.305716148985494 2.0126742651108414 2.6157196471361925 0.098659393243115831 -0.7514882574409919 -0.2225528323982354 -0.7514882574409919 -0.0063893579693215935 18.471150305345539 -0.7514882574409919 -0.85140487485890526 2.988981254791879 -0.75947640307264064 4.6775196284129148 17.039018701852989 12.76464588873643 14.257961683597808 7.8859093208779756 7.7058953018299396 4.3152188652934633 -0.96663578715586695 1.4735032949276785 -0.74978432951172402 -0.77213533497515674 21.678179106259137 12.657936529993602 2.4381877717390066 -0.2158705051952382 -0.7514882574409919 17.995410138639382
leaf_weight=29 20 30 20 42 163 31 105 23 31 384 20 20 51 27 21 86 268 25 20 20 22 20 23 20 33 45 22 26 173 121
leaf_count=29 20 30 20 42 163 31 105 23 31 384 20 20 51 27 21 86 268 25 20 20 22 20 23 20 33 45 22 26 173 121
internal_value=-0.00178516 0.00527211 0.000839552 -0.00766289 -0.00390995 0 -0.009 -0.00471963 -0.00800395 -0.0132394 0.00431034 -0.000625 -0.00642857 0.00913953 -0.0100202 0.0103846 0.0121387 0.000671642 0.0045 -0.0110811 -0.00571429 -0.0115487 -0.0133871 -0.003 0.00933962 0.0075 0.0138621 0.00321429 -0.0124752 0.012973
internal_weight=1941 882 536 1059 633 386 125 321 253 426 261 144 91 215 247 117 346 67 40 222 42 226 186 40 53 68 290 56 202 148
internal_count=1941 882 536 1059 633 386 125 321 253 426 261 144 91 215 247 117 346 67 40 222 42 226 186 40 53 68 290 56 202 148
is_linear=0
shrinkage=0.03


Tree=16
num_leaves=31
num_cat=0
split_feature=1 12 8 12 1 8 47 6 36 46 47 6 40 6 19 36 47 40 16 36 27 17 53 26 15 40 21 48 18 1
split_gain=88.0157 27.9303 27.2914 18.2194 23.8227 14.8744 13.8196 14.632 13.4684 17.6901 11.5365 12.5439 7.70039 9.28377 6.81979 6.48468 6.14279 4.83838 4.45455 3.99293 5.06897 3.32104 3.2519 2.95182 2.94372 2.64595 2.12058 2.10335 1.72391 1.69808
threshold=2010.8214285000001 0.53946920585801694 3.5000000000000004 0.53946920585801694 209.36607145000002 3.5000000000000004 9.5000000000000018 19.500000000000004 2.7142857145000003 24.350000000000005 42.500000000000007 25.500000000000004 817.70736608333357 22.500000000000004 36.500000000000007 479.87142860000006 12.500000000000002 990.9648685625001 24.250000000000004 529.67142855000009 274.50000000000006 56.500000000000007 62.500000000000007 19.950000000000003 80.500000000000014 923.96092511666677 362.00000000000006 59.000000000000007 22.500000000000004 3988.4107145000003
decision_type=2 2 2 2 2 2 2 2 2 2 2 2 2 2 2 2 2 2 2 2 2 2 2 2 2 2 2 2 2 2
left_child=3 22 8 4 -1 6 7 -5 9 17 16 15 -4 -14 19 -12 -8 26 -6 20 -7 -17 29 -22 -13 -24 -3 -11 -20 -2
right_child=1 2 12 5 18 14 10 -9 -10 27 11 24 13 -15 -16 21 -18 -19 28 -21 23 -23 25 -25 -26 -27 -28 -29 -30 -31
leaf_value=-0.72894360971776206 -0.078090612909841747 -0.72866448807344586 15.191023667988865 13.876544664515929 4.0625383836180857 1.1231613883445564 -0.21587624742628833 -0.72894360971776206 17.917015796185176 3.3206267177852014 -0.7346395988947837 5.7567677502613401 -0.92679433987685655 7.4330788160940848 10.033972408375528 -0.82586272861313814 12.244256798631486 4.1857622993346597 -0.23049419827674 -0.72894360971776206 -0.73371160517492318 7.0349564147633563 13.951458287990139 -0.6537615949796407 20.568585580413448 0.77627289200290195 -0.72894360971776206 15.060524881403396 0.095699611445822508 8.351054741414643
leaf_weight=377 20 21 138 20 28 29 31 112 31 33 61 21 26 36 23 22 91 20 27 123 65 25 256 22 34 21 162 23 22 21
leaf_count=377 20 21 138 20 28 29 31 112 31 33 61 21 26 36 23 22 91 20 27 123 65 25 256 22 34 21 162 23 22 21
internal_value=-0.00184699 0.00571782 0.00122449 -0.00724184 -0.0118943 -0.00413108 -0.000611511 -0.00863636 -0.00465517 -0.00689189 0.00310526 -0.00211656 0.00975 0.000967742 -0.00973282 -0.00805556 0.010082 -0.0110099 0.00331169 -0.0112343 -0.00724138 0.000319149 0.0126415 -0.0108621 0.00954545 0.0138087 -0.012541 0.00803571 -0.00214286 0.0047561
internal_weight=1941 808 490 1133 454 679 417 132 290 259 285 163 200 62 262 108 122 203 77 239 116 47 318 87 55 277 183 56 49 41
internal_count=1941 808 490 1133 454 679 417 132 290 259 285 163 200 62 262 108 122 203 77 239 116 47 318 87 55 277 183 56 49 41
is_linear=0
shrinkage=0.03


Tree=17
num_leaves=31
num_cat=0
split_feature=11 12 8 12 10 16 37 16 36 6 41 6 28 1 53 41 57 57 16 18 44 2 26 37 27 16 30 14 10 6
split_gain=86.968 28.8908 27.6678 23.0368 20.005 16.347 15.8081 13.7247 17.6209 11.3676 20.9726 30.1458 9.09797 7.03092 6.91183 6.87329 4.6875 3.81483 3.46259 3.58257 3.35873 3.15876 2.3758 2.2881 2.01362 1.83881 1.61856 0.978009 0.78907 2.2
threshold=-0.16280825711808986 0.53946920585801694 3.5000000000000004 0.64987354830121502 0.77259657388510639 25.950000000000003 224.70000000000002 24.350000000000005 2.7142857145000003 25.500000000000004 18.609364528774055 29.500000000000004 1006.0500000000001 344.75000000000006 62.500000000000007 218.88535465283988 272.50000000000006 279.50000000000006 23.750000000000004 1.5000000000000002 26.650000000000002 7167.6875000000009 15.050000000000002 670.75178570000014 320.50000000000006 26.150000000000002 38.285714285000005 29.450000000000003 0.91037613702198772 21.500000000000004
decision_type=2 2 2 2 2 2 2 2 2 2 2 2 2 2 2 2 2 2 2 2 2 2 2 2 2 2 2 2 2 2
left_child=1 14 7 9 5 6 27 8 18 13 11 -11 15 25 20 -4 -15 -9 -3 -20 -1 -16 -21 -17 -14 28 -12 -5 -2 -30
right_child=3 2 12 4 -6 -7 -8 17 -10 10 26 -13 24 16 21 23 -18 -19 19 22 -22 -23 -24 -25 -26 -27 -28 -29 29 -31
leaf_value=6.754910071686214 -0.70707530142622921 -0.70707530142622921 9.3173470802396956 16.901184206596909 -0.71465292301361794 -0.70707530142622921 -0.71170025701967543 -0.72942826841037933 17.379505322299618 13.383800073271864 -0.70707530142622921 -0.70707530142622921 16.776941601906476 0.40852157070061473 13.489922541541876 -0.81961877809478723 -0.75566032706948993 13.333580209980378 4.0601894303546198 -0.54400287201261155 -0.20672630583337379 1.9464983899471326 -0.70707530142622921 0.3976979279907924 1.4757205228629218 -0.70707530142622921 -0.38842700576655376 7.3009853884005462 -0.70707530142622921 -0.46960716630737176
leaf_weight=20 388 121 23 108 65 30 27 21 31 84 126 54 124 24 268 28 24 47 28 30 36 22 43 20 20 22 23 20 44 20
leaf_count=20 388 121 23 108 65 30 27 21 31 84 126 54 124 24 268 28 24 47 28 30 36 22 43 20 20 22 23 20 44 20
internal_value=-0.00192427 0.00503401 0.000671642 -0.00771955 0.00024 0.00527027 0.00919355 -0.00490654 -0.00812253 -0.0101792 -0.00538328 0.00304348 0.009 -0.0128161 0.0117919 0.000211268 -0.001875 0.00705882 -0.0110811 -0.0069802 0.00214286 0.0136552 -0.0104795 -0.00625 0.0133333 -0.0139241 -0.0131879 0.0135937 -0.0143363 -0.01125
internal_weight=1941 882 536 1059 250 185 155 321 253 809 287 138 215 522 346 71 48 68 222 101 56 290 73 48 144 474 149 128 452 64
internal_count=1941 882 536 1059 250 185 155 321 253 809 287 138 215 522 346 71 48 68 222 101 56 290 73 48 144 474 149 128 452 64
is_linear=0
shrinkage=0.03


Tree=18
num_leaves=31
num_cat=0
split_feature=30 9 9 58 6 40 8 17 6 8 53 2 17 6 10 30 16 8 40 57 17 10 24 58 27 17 10 58 36 26
split_gain=80.1934 29.7725 27.0048 24.507 22.88 15.6002 14.1578 14.8291 11.5489 10.9574 9.10111 9.06729 8.23313 9.55682 9.375 7.26903 6.88805 9.66645 5.9238 5.88743 4.48831 3.88929 3.7256 4.06746 3.4049 3.51652 3.30508 3.26185 2.77333 2.49161
threshold=79.241071430000019 149.50000000000003 149.50000000000003 1006.5500000000001 25.500000000000004 203.86971726049998 3.5000000000000004 9.5000000000000018 20.500000000000004 4.5000000000000009 139.50000000000003 7167.6875000000009 42.500000000000007 25.500000000000004 0.77259657388510639 29.999107145000004 25.450000000000003 5.5000000000000009 41.177566965416666 316.50000000000006 56.500000000000007 0.47114434510950082 738.35000000000014 1003.35 279.50000000000006 19.500000000000004 0.41248606129204562 1007.7500000000001 282.93750000000006 17.650000000000002
decision_type=2 2 2 2 2 2 2 2 2 2 2 2 2 2 2 2 2 2 2 2 2 2 2 2 2 2 2 2 2 2
left_child=2 3 6 9 19 -6 7 8 -1 22 -11 18 24 14 20 -4 17 26 -3 -5 -14 -15 23 -2 25 -9 -8 -21 -18 -13
right_child=1 11 15 4 5 -7 16 12 -10 10 -12 29 13 21 -16 -17 28 -19 -20 27 -22 -23 -24 -25 -26 -27 -28 -29 -30 -31
leaf_value=8.6061747527224224 -0.38433677523812049 0.058995951526490557 -0.68586304238344231 16.950127432949241 5.988661047953844 -0.74424041476425573 -0.69010536639044073 -0.52081034540546112 -0.68586304238344231 -0.84316386335255566 8.1150187717355955 0.96675294929879263 -0.77987458771195717 -1.0937553347345543 -0.6932133353232095 0.030290493565262453 -0.48926810605669607 16.499824995908043 12.919155278631521 -0.68550659336707753 7.6144497433315168 20.588637708032319 -0.68586304238344231 -0.69048446727086421 16.083460948043193 5.2005592639592075 -0.3359248529999071 5.5973983493775323 -0.68586304238344231 -0.80491837115945908
leaf_weight=23 21 35 382 155 30 66 39 23 91 23 60 20 20 20 56 28 20 30 284 21 22 36 31 123 63 26 20 20 130 23
leaf_count=23 21 35 382 155 30 66 39 23 91 23 60 20 20 20 56 28 20 30 284 21 22 36 31 123 63 26 20 20 130 23
internal_value=-0.00197063 0.00450658 -0.00771137 0.000109091 0.00606164 -0.0059375 -0.00375606 -0.000157895 -0.00921053 -0.00662791 0.0023494 0.0111878 0.0037218 -0.000779221 -0.00642857 -0.0136829 -0.00947699 -0.00286517 0.012931 0.0119388 0.00428571 0.00910714 -0.0108857 -0.0129167 0.00991071 0.00397959 -0.00991525 0.00182927 -0.0134 -0.00174419
internal_weight=1941 912 1029 550 292 96 619 380 114 258 83 362 266 154 98 410 239 89 319 196 42 56 175 144 112 49 59 41 150 43
internal_count=1941 912 1029 550 292 96 619 380 114 258 83 362 266 154 98 410 239 89 319 196 42 56 175 144 112 49 59 41 150 43
is_linear=0
shrinkage=0.03


Tree=19
num_leaves=31
num_cat=0
split_feature=11 12 8 12 10 6 46 37 18 6 6 11 28 40 16 40 40 11 6 40 47 1 49 51 40 37 26 23 58 37
split_gain=83.6543 26.3947 28.4112 21.7738 19.8776 15.8491 13.7573 12.3805 11.1582 16.7744 21.4065 8.74155 7.60153 6.73188 6.71491 6.35617 5.60213 5.16515 4.48106 5.13333 3.96068 3.30933 4.20613 2.98755 2.06221 1.92232 1.89642 1.84363 1.48465 1.37318
threshold=-0.22695468355932455 0.53946920585801694 3.5000000000000004 0.64987354830121502 0.77259657388510639 16.500000000000004 24.350000000000005 7.0553571430000011 19.500000000000004 25.500000000000004 28.500000000000004 1.0000000180025095e-35 1006.0500000000001 650.41421130479182 25.650000000000002 1.6286086310208241 990.9648685625001 -0.58216583101416131 22.500000000000004 840.07456100208344 36.500000000000007 277.58928570000006 43.500000000000007 102.50000000000001 870.59410466666679 418.3562500000001 13.250000000000002 131.50000000000003 1008.0500000000001 115.54821430000001
decision_type=2 2 2 2 2 2 2 2 2 2 2 2 2 2 2 2 2 2 2 2 2 2 2 2 2 2 2 2 2 2
left_child=1 17 6 8 5 -5 7 -3 21 11 15 -10 18 14 -7 -11 27 24 19 -4 -13 28 -23 -19 -1 -25 -8 -9 -2 -14
right_child=3 2 12 4 -6 13 26 16 9 10 -12 20 29 -15 -16 -17 -18 23 -20 -21 -22 22 -24 25 -26 -27 -28 -29 -30 -31
leaf_value=15.928764357268642 -0.66528715111193903 10.516253833278345 4.3796342345341532 -0.66940220539872752 -0.67291544191663799 13.949912575165699 12.921163338453288 -0.66495144415125074 0.15774626465781294 14.742153347401477 -0.66528715111193903 -0.66485852853481409 3.5607343750325713 -1.1008749450905682 -0.66528715111193903 -1.0609426746925177 5.8210478333836129 -0.049001639074736827 8.156362553911082 -1.0282733627288874 -0.66528715111193903 -0.70426164259180946 0.34852540729931492 4.555077861569778 5.3955397947469983 2.3336256168387082 3.740358928025338 -0.66514850836531636 -0.66528715111193903 16.173648672362742
leaf_weight=211 353 37 20 30 70 117 30 24 25 73 60 22 20 20 22 20 21 35 24 22 183 48 20 36 21 26 31 164 37 119
leaf_count=211 353 37 20 30 70 117 30 24 25 73 60 22 20 20 22 20 21 35 24 22 183 48 20 36 21 26 31 164 37 119
internal_value=-0.00221793 0.00490488 0.000644531 -0.00766364 -5.79151e-05 0.005 -0.00513029 -0.00829268 -0.0100059 -0.00622715 0.00147059 -0.0113478 0.00929268 0.00877358 0.0111151 0.0104839 -0.0111244 0.011535 0.000909091 -0.005 -0.0133902 -0.0131659 -0.00705882 0.00572165 0.0139655 0.00967742 0.00762295 -0.012766 -0.0142308 0.0132734
internal_weight=1941 841 512 1100 259 189 307 246 841 383 153 230 205 159 139 93 209 329 66 42 205 458 68 97 232 62 61 188 390 139
internal_count=1941 841 512 1100 259 189 307 246 841 383 153 230 205 159 139 93 209 329 66 42 205 458 68 97 232 62 61 188 390 139
is_linear=0
shrinkage=0.03


Tree=20
num_leaves=31
num_cat=0
split_feature=1 9 28 9 1 9 26 8 47 9 8 47 9 4 19 37 47 16 53 14 41 57 36 54 26 27 9 15 18 28
split_gain=83.3182 23.8394 28.1683 18.3187 18.2356 17.4695 14.6385 13.858 13.8986 13.3663 12.1107 10.5131 12.9429 7.37719 6.92026 5.52002 5.38212 5.11287 4.96873 4.55637 4.24625 4.09309 6.25541 3.87772 3.83735 3.06743 3.70513 2.94372 1.57342 0.706058
threshold=2010.8214285000001 150.50000000000003 1006.2500000000001 149.50000000000003 277.58928570000006 146.50000000000003 14.550000000000002 3.5000000000000004 9.5000000000000018 140.50000000000003 4.5000000000000009 42.500000000000007 146.50000000000003 2.5000000000000004 36.500000000000007 705.46250000000009 12.500000000000002 24.250000000000004 107.50000000000001 26.750000000000004 219.70913002393488 266.50000000000006 469.59285715000004 738.35000000000014 19.950000000000003 303.50000000000006 143.50000000000003 80.500000000000014 22.500000000000004 1007.35
decision_type=2 2 2 2 2 2 2 2 2 2 2 2 2 2 2 2 2 2 2 2 2 2 2 2 2 2 2 2 2 2
left_child=3 2 10 7 -5 25 15 8 9 -1 23 16 13 -13 21 -7 -10 -6 19 -3 -12 22 -9 -2 -23 -4 -27 -14 -19 -18
right_child=1 18 5 4 17 6 -8 14 11 -11 20 12 27 -15 -16 -17 29 28 -20 -21 -22 24 -24 -25 -26 26 -28 -29 -30 -31
leaf_value=12.276530178545901 -0.64754145660905038 7.2300787738719627 16.856837004172096 -0.6453285365785808 3.6134324330195975 10.888608434828507 -0.64533269586097952 2.9430579726455015 -0.41561604730550866 -0.6453285365785808 8.3786763827710509 4.0595266811689728 4.1226269838923297 -0.652229472006014 8.3124255827941429 -0.60077554508716446 12.5333960691987 -0.21083748965290111 13.920201639604 -0.085793271203049956 -0.60553162861963772 -0.6453285365785808 -0.67494220987565823 -0.33016118328554911 -0.5695545831569353 -0.64519405311435685 11.485658290522581 18.721635721915558 0.041913151355718839 2.0300069614003857
leaf_weight=20 120 32 148 378 27 42 58 22 31 112 24 32 21 76 23 24 68 27 211 34 38 175 20 27 22 24 26 34 22 23
leaf_count=20 120 32 148 378 27 42 58 22 31 112 24 32 21 76 23 24 68 27 211 34 38 175 20 27 22 24 26 34 22 23
internal_value=-0.00231066 0.0050495 0.00132768 -0.00755958 -0.0122247 0.00689441 -0.00193548 -0.00444035 -0.00104317 -0.00909091 -0.0072488 0.00268421 -0.00230061 -0.00833333 -0.00984733 0.00772727 0.00934426 0.00118421 0.0121841 0.005 0.00387097 -0.0113598 -0.00285714 -0.0119388 -0.0131726 0.0124242 0.006 0.00954545 -0.00459184 0.013022
internal_weight=1941 808 531 1133 454 322 124 679 417 132 209 285 163 108 262 66 122 76 277 66 62 239 42 147 197 198 50 55 49 91
internal_count=1941 808 531 1133 454 322 124 679 417 132 209 285 163 108 262 66 122 76 277 66 62 239 42 147 197 198 50 55 49 91
is_linear=0
shrinkage=0.03


Tree=21
num_leaves=31
num_cat=0
split_feature=1 9 8 9 10 11 16 37 54 36 40 6 35 6 8 6 6 2 16 27 37 36 17 53 14 19 28 28 16 19
split_gain=81.1741 23.9487 28.2764 15.2099 19.4225 17.7395 12.4815 18.3282 11.8144 12.1147 11.7795 10.6359 18.8928 27.3936 5.8527 11.7021 5.77315 5.18714 4.392 4.35126 2.25333 2.19825 2.81069 1.96374 2.14286 1.78571 1.71163 1.6461 1.40201 1.08
threshold=2800.0000000000005 150.50000000000003 3.5000000000000004 141.50000000000003 0.68322629814330837 -0.065403129230142895 25.950000000000003 110.75000000000001 380.30000000000001 2.7142857145000003 817.70736608333357 25.500000000000004 35.900000000000013 29.500000000000004 1.0000000180025095e-35 24.500000000000004 22.500000000000004 6049.6071430000011 25.050000000000004 288.50000000000006 434.79285715000003 57.48125000000001 21.500000000000004 107.50000000000001 26.750000000000004 6.5000000000000009 1008.6500000000002 1008.9500000000002 26.150000000000002 18.500000000000004
decision_type=2 2 2 2 2 2 2 2 2 2 2 2 2 2 2 2 2 2 2 2 2 2 2 2 2 2 2 2 2 2
left_child=3 2 8 4 6 17 7 -1 26 14 -4 21 13 -13 15 -10 -12 18 -5 -18 -9 22 -7 24 -3 -20 -2 -16 -23 -6
right_child=1 23 10 5 29 11 -8 20 9 -11 16 12 -14 -15 27 -17 19 -19 25 -21 -22 28 -24 -25 -26 -27 -28 -29 -30 -31
leaf_value=15.189765477089651 2.5175526463003348 8.7875388056265429 12.760333589561283 3.5050294600290091 -0.63266258784583362 -0.65072842319508284 -0.62590695466692159 0.085449657535748999 -0.62598756773803987 16.326696045642617 -0.92497128685332775 12.020552989774238 -0.62596868048122334 -0.62596868048122334 -0.62597271498515017 17.390724250228384 -0.60453134081377324 -0.82092178724833453 0.6003966153212833 7.9563072459958653 -0.62996115406249509 -0.62596868048122334 0.16139829387837934 13.595473158553236 0.017823166713392027 -0.14141520030112992 12.374120551465772 -0.62422139381372577 -0.62596868048122334 -0.62968346650473217
leaf_weight=115 20 28 151 53 75 20 26 20 25 26 24 73 148 48 132 22 21 34 28 29 30 431 21 201 20 28 23 22 22 25
leaf_count=115 20 28 151 53 75 20 26 20 25 26 24 73 148 48 132 22 21 34 28 29 30 431 21 201 20 28 23 22 22 25
internal_value=-0.00241886 0.0053629 0.00154545 -0.00725564 -0.00128866 -0.00917219 0.00431937 0.00736364 -0.005 -0.00773128 0.0094 -0.0109895 -0.00618959 0.00260331 -0.0102239 -0.000957447 -0.000405405 0.000524476 0.0037156 0.0054 -0.0078 -0.0136032 -0.00695122 0.0129518 0.0075 -0.00214286 0.0094186 -0.0130519 -0.0142053 -0.012
internal_weight=1941 744 495 1197 291 906 191 165 270 227 225 763 269 121 201 47 74 143 109 50 50 494 41 249 48 56 43 154 453 100
internal_count=1941 744 495 1197 291 906 191 165 270 227 225 763 269 121 201 47 74 143 109 50 50 494 41 249 48 56 43 154 453 100
is_linear=0
shrinkage=0.03


Tree=22
num_leaves=31
num_cat=0
split_feature=1 9 8 9 11 57 49 46 36 40 6 18 6 11 57 46 6 2 21 16 16 57 6 37 16 23 36 17 4 16
split_gain=78.8493 24.9807 28.9789 14.6746 17.2181 14.7058 14.7017 13.7007 14.575 12.1152 10.3184 19.104 12.6403 9.62113 10.4082 6.25519 5.39261 4.97658 4.1024 3.86368 2.76671 2.91919 6.75 2.47305 2.25206 2.20925 2.19825 2.81069 2.12585 1.40201
threshold=2800.0000000000005 150.50000000000003 3.5000000000000004 141.50000000000003 -0.065403129230142895 305.50000000000006 36.500000000000007 24.550000000000004 2.7142857145000003 817.70736608333357 25.500000000000004 29.500000000000004 29.500000000000004 0.60876142900872032 280.50000000000006 24.950000000000003 22.500000000000004 6049.6071430000011 108.00000000000001 23.750000000000004 23.750000000000004 277.50000000000006 24.500000000000004 35.407142855000011 25.050000000000004 137.50000000000003 57.48125000000001 21.500000000000004 1.5000000000000002 26.150000000000002
decision_type=2 2 2 2 2 2 2 2 2 2 2 2 2 2 2 2 2 2 2 2 2 2 2 2 2 2 2 2 2 2
left_child=3 2 7 5 17 13 -7 8 20 -4 26 28 15 14 -1 -13 -11 18 24 -18 -2 -22 -23 -16 -5 -3 27 -6 -12 -28
right_child=1 25 9 4 10 6 -8 -9 -10 16 11 12 -14 -15 23 -17 19 -19 -20 -21 21 22 -24 -25 -26 -27 29 -29 -30 -31
leaf_value=-0.63571406594401347 -0.60705905007137173 3.5464412581083735 12.377523581874444 0.27628616668810929 -0.63120657049923035 -0.6071914718412158 15.443360217208566 12.0028969349218 15.337041736362794 -0.89722214824772806 -0.60718962006678667 -1.0624948107470116 -0.60718962006678667 12.652833942960038 11.023986344661886 14.980547208390725 8.1865781551163685 -0.79629413363088442 4.1093751538553294 -0.28117283063989645 -0.61189306652371389 -0.65439258791712762 4.2305028178321908 0.17218071535987461 -0.13717274429209605 14.320764230277769 -0.60718962006678667 0.15655634506202801 -0.60718962006678667 -0.60718962006678667
leaf_weight=46 114 65 151 30 20 101 29 45 30 24 21 20 24 64 28 57 29 34 33 21 33 24 24 23 46 184 431 21 147 22
leaf_count=46 114 65 151 30 20 101 29 45 30 24 21 20 24 64 28 57 29 34 33 21 33 24 24 23 46 184 431 21 147 22
internal_value=-0.00258887 0.00508065 0.00118182 -0.00735589 -0.00923841 -0.00149485 -0.009 -0.00544444 -0.00846667 0.00913333 -0.0110288 -0.00630112 0.0040099 0.00456522 -0.00139175 0.00993506 -0.000810811 0.000314685 0.00344037 0.0048 -0.0114615 -0.00722222 -0.0025 0.00794118 -0.000394737 0.0128313 -0.0136032 -0.00695122 -0.0125 -0.0142053
internal_weight=1941 744 495 1197 906 291 130 270 225 225 763 269 101 161 97 77 74 143 109 50 195 81 48 51 76 249 494 41 168 453
internal_count=1941 744 495 1197 906 291 130 270 225 225 763 269 101 161 97 77 74 143 109 50 195 81 48 51 76 249 494 41 168 453
is_linear=0
shrinkage=0.03


Tree=23
num_leaves=31
num_cat=0
split_feature=1 9 8 46 36 9 1 40 8 47 9 47 19 48 9 37 9 10 53 27 26 36 40 27 53 11 11 57 10 28
split_gain=77.446 25.2444 28.3637 13.903 14.7754 13.6574 25.1127 11.4741 11.3949 11.407 13.2065 11.0379 7.2894 5.67306 12.2054 6.40006 5.39261 5.00042 4.80839 4.5 4.1428 3.68936 2.71967 2.51905 2.42055 2.05568 2.01991 1.8619 1.8383 1.56006
threshold=2800.0000000000005 150.50000000000003 3.5000000000000004 24.550000000000004 2.7142857145000003 149.50000000000003 277.58928570000006 817.70736608333357 3.5000000000000004 9.5000000000000018 140.50000000000003 64.500000000000014 36.500000000000007 42.500000000000007 146.50000000000003 160.47589285000004 143.50000000000003 0.91037613702198772 126.50000000000001 292.50000000000006 18.850000000000005 257.67857145000005 952.28456100416668 304.50000000000006 137.50000000000003 -0.58216583101416131 0.32143946530316164 279.50000000000006 0.68322629814330837 1008.0500000000001
decision_type=2 2 2 2 2 2 2 2 2 2 2 2 2 2 2 2 2 2 2 2 2 2 2 2 2 2 2 2 2 2
left_child=5 2 3 4 22 8 -7 -4 9 10 -1 13 17 15 -15 27 -9 20 23 -18 -10 -19 29 -8 25 -3 -13 -11 -16 -2
right_child=1 24 7 -5 -6 6 18 16 12 11 -12 26 -14 14 28 -17 19 21 -20 -21 -22 -23 -24 -25 -26 -27 -28 -29 -30 -31
leaf_value=11.121821718536978 -0.58898176203345454 9.6471073701181371 12.006197874418209 11.642810026874145 14.876930484271909 -0.58897393146478305 0.030723369896449276 -0.87030548380029615 -0.58897393146478305 3.6715545417100177 -0.58897393146478305 -0.59261384870785849 6.5206328592689236 -0.5959654727083471 5.5509948001706659 -0.66340927975512787 -0.27273764572069975 2.5988161955026965 4.642018648500005 7.8140383745466035 -0.59350081230961838 -0.64945235184467776 -0.58877685646438971 -0.31689725267648866 14.101788013103148 0.76752692264623612 -0.51339694930435287 14.530794225002253 18.373792644009448 -0.58713796000360252
leaf_weight=20 132 37 151 45 30 378 60 24 175 41 115 31 24 50 20 25 25 27 23 25 29 20 27 24 182 30 34 74 27 36
leaf_count=20 132 37 151 45 30 378 60 24 175 41 115 31 24 50 20 25 25 27 23 25 29 20 27 24 182 30 34 74 27 36
internal_value=-0.00268161 0.00491935 0.001 -0.00555556 -0.0086 -0.00740602 -0.0112887 0.00886667 -0.00476124 -0.00175057 -0.009 0.00149007 -0.00954545 0.00449367 -0.00108247 0.00835714 -0.000810811 -0.0110558 0.00154206 0.0048 -0.0130882 -0.00223404 -0.0116154 -0.00178571 0.0127108 0.00783582 -0.00946154 0.0113478 0.00989362 -0.0130357
internal_weight=1941 744 495 270 225 1197 485 225 712 437 135 302 275 237 97 140 74 251 107 50 204 47 195 84 249 67 65 115 47 168
internal_count=1941 744 495 270 225 1197 485 225 712 437 135 302 275 237 97 140 74 251 107 50 204 47 195 84 249 67 65 115 47 168
is_linear=0
shrinkage=0.03


Tree=24
num_leaves=31
num_cat=0
split_feature=11 9 8 9 10 46 36 6 18 6 6 40 36 11 40 6 40 1 20 40 23 15 46 26 10 40 53 27 48 23
split_gain=77.218 24.9609 28.2237 17.8714 20.7014 14.1751 14.4587 13.9602 10.7341 19.8627 12.8871 9.25567 9.01012 8.11028 7.48381 9.14633 5.4439 5.05102 4.47851 4.40298 3.82682 3.64306 2.54447 2.4961 2.10632 1.88761 1.84938 1.68133 0.921951 0.895319
threshold=-0.22695468355932455 149.50000000000003 3.5000000000000004 141.50000000000003 0.63405362205439497 24.350000000000005 273.36607145000005 16.500000000000004 29.500000000000004 25.500000000000004 28.500000000000004 650.41421130479182 57.48125000000001 -0.58216583101416131 817.70736608333357 22.500000000000004 0.51421130958332395 277.58928570000006 1.0000000180025095e-35 952.28456100416668 107.50000000000001 82.500000000000014 26.050000000000004 17.050000000000004 -0.22695468355932472 870.59410466666679 125.50000000000001 279.50000000000006 59.000000000000007 131.50000000000003
decision_type=2 2 2 2 2 2 2 2 2 2 2 2 2 2 2 2 2 2 2 2 2 2 2 2 2 2 2 2 2 2
left_child=1 2 5 4 7 6 19 -2 17 12 16 21 -10 25 26 -16 -11 22 -19 29 -15 -9 -5 -22 -24 -3 -4 -7 -29 -1
right_child=3 13 14 8 -6 27 -8 11 9 10 -12 -13 -14 20 15 -17 -18 18 -20 -21 23 -23 24 -25 -26 -27 -28 28 -30 -31
leaf_value=-0.57312774712612702 -0.57517648641835339 13.823811721731625 4.6198844921986018 -0.57130471352083967 -0.57808650852709675 0.099603565314538969 15.74721768177298 13.519629771537799 0.33130626040202771 13.885199701545357 -0.57130471352083967 -0.99750768032583681 -0.57130471352083967 -0.074517607793444532 -0.84419631928628724 7.0197747900638756 -1.1493536167865337 -0.60870692658024805 0.030691281523982282 -0.44971604250984965 4.3770220220701441 8.5863895425976526 -0.57130471352083967 0.30372799670042083 -0.046922219275432012 4.3573386146728392 15.483614797423677 6.8239098364965924 12.405394303825513 -0.57110740360338608
leaf_weight=26 27 211 34 423 85 20 25 104 23 62 31 20 157 42 28 33 20 43 37 33 35 23 22 20 23 21 110 20 21 162
leaf_count=26 27 211 34 423 85 20 25 104 23 62 31 20 157 42 28 33 20 43 37 33 35 23 22 20 23 21 110 20 21 162
internal_value=-0.00275889 0.00408442 -5.85937e-05 -0.00799091 -0.00110039 -0.00581433 -0.00902439 0.00482759 -0.010113 -0.00547782 0.00438053 0.00846939 -0.0116667 0.0105319 0.00856098 -0.000245902 0.0106098 -0.0125912 -0.005625 -0.0114706 0.00324742 0.0114567 -0.0137821 0.00845455 -0.007 0.0135776 0.0122917 0.00713115 0.0106098 -0.0132447
internal_weight=1941 841 512 1100 259 307 246 174 841 293 113 147 180 329 205 61 82 548 80 221 97 127 468 55 45 232 144 61 41 188
internal_count=1941 841 512 1100 259 307 246 174 841 293 113 147 180 329 205 61 82 548 80 221 97 127 468 55 45 232 144 61 41 188
is_linear=0
shrinkage=0.03


Tree=25
num_leaves=31
num_cat=0
split_feature=1 12 8 46 36 12 1 8 17 6 17 40 19 6 48 6 40 53 26 57 36 26 4 40 27 15 36 15 8 11
split_gain=76.7352 24.0685 26.638 14.1067 14.2222 12.9503 23.431 11.5494 9.83984 17.9765 10.1169 7.67527 7.5946 7.10784 6.44354 13.1965 5.67093 5.26233 4.08542 3.94777 5.84429 3.40308 3.31612 3.28759 2.1 1.53711 2.26019 1.38478 1.38366 1.3138
threshold=2800.0000000000005 0.53946920585801694 3.5000000000000004 24.550000000000004 273.36607145000005 0.53946920585801694 277.58928570000006 3.5000000000000004 12.500000000000002 19.500000000000004 64.500000000000014 817.70736608333357 36.500000000000007 22.500000000000004 42.500000000000007 25.500000000000004 867.41514136666672 126.50000000000001 17.650000000000002 266.50000000000006 469.59285715000004 19.950000000000003 3.5000000000000004 952.28456100416668 304.50000000000006 76.500000000000014 988.01875000000007 81.500000000000014 1.0000000180025095e-35 -0.63405362205439475
decision_type=2 2 2 2 2 2 2 2 2 2 2 2 2 2 2 2 2 2 2 2 2 2 2 2 2 2 2 2 2 2
left_child=5 16 3 4 23 6 -1 8 9 -7 14 -4 19 -13 25 -16 29 24 -18 20 -9 -21 -12 -3 -8 -10 -27 -17 -11 -2
right_child=1 2 11 -5 -6 7 17 12 10 28 22 13 -14 -15 15 27 18 -19 -20 21 -22 -23 -24 -25 -26 26 -28 -29 -30 -31
leaf_value=-0.55416557211521444 13.906715476705907 -0.55397418149528455 12.643892877781822 11.088808430973025 15.274801151319791 15.616694566307622 0.028613333772600915 2.7898568467396796 3.610593582292525 -0.55416557211521444 0.60199811510857526 -0.81887042970769874 6.0529211595348098 6.4121569187042784 -0.56074391327128381 10.171575192747168 7.1624902478939667 4.5018373505992857 -0.5412484212038714 -0.55416557211521444 -0.57981647815453985 -0.56655535090131603 -0.55851275195696692 -0.46287812525612537 -0.28912912729878654 11.156779423702536 1.9123067534267932 17.475294548923646 -0.55416557211521444 3.2449187942304301
leaf_weight=378 193 169 129 45 25 28 60 23 21 29 20 24 24 34 49 20 22 23 23 184 20 24 47 31 24 71 22 26 104 49
leaf_count=378 193 169 129 45 25 28 60 23 21 29 20 24 24 34 49 20 22 23 23 184 20 24 47 31 24 71 22 26 104 49
internal_value=-0.0029289 0.0046371 0.00036105 -0.00566667 -0.00873333 -0.00763158 -0.0114124 -0.00505618 -0.00202517 -0.00791925 0.00141304 0.00906417 -0.00987273 0 0.00466507 -0.00110526 0.011446 0.000981308 0.00166667 -0.0114143 -0.00313953 -0.013125 -0.00873134 -0.0114 -0.0025 0.00947368 0.011129 0.0104348 -0.0125188 0.0132645
internal_weight=1941 744 457 270 225 1197 485 712 437 161 276 187 275 58 209 95 287 107 45 251 43 208 67 200 84 114 93 46 133 242
internal_count=1941 744 457 270 225 1197 485 712 437 161 276 187 275 58 209 95 287 107 45 251 43 208 67 200 84 114 93 46 133 242
is_linear=0
shrinkage=0.03


Tree=26
num_leaves=31
num_cat=0
split_feature=1 9 46 6 6 9 1 37 17 6 6 15 11 35 57 26 53 10 56 6 23 11 33 57 57 11 6 47 57 17
split_gain=76.4762 23.9702 21.0434 14.9297 23.5354 12.2726 23.431 9.78511 8.25115 17.508 16.9718 11.6243 12.5233 9.4005 6.57247 7.32006 5.26233 4.65131 4.63022 4.57251 2.86701 2.55716 2.51087 2.31936 1.94896 1.84418 1.59862 1.27427 1.14731 1.09209
threshold=2800.0000000000005 150.50000000000003 24.350000000000005 20.500000000000004 25.500000000000004 149.50000000000003 277.58928570000006 199.85178570000002 12.500000000000002 19.500000000000004 25.500000000000004 83.500000000000014 0.77259657388510627 2.7142857145000003 295.50000000000006 8.6500000000000004 126.50000000000001 -0.41248606129204546 18.150000000000002 19.500000000000004 137.50000000000003 -0.47114434510950048 115.54821430000001 212.00000000000003 300.50000000000006 0.41248606129204546 25.500000000000004 22.500000000000004 62.500000000000007 41.500000000000007
decision_type=2 2 2 2 2 2 2 2 2 2 2 2 2 2 2 2 2 2 2 2 2 2 2 2 2 2 2 2 2 2
left_child=5 2 3 27 17 8 -7 -6 9 22 11 12 14 29 15 -10 24 18 -5 -14 23 26 -1 -3 -8 -16 -4 -2 -13 -12
right_child=1 20 21 4 7 6 16 -9 10 -11 13 28 19 -15 25 -17 -18 -19 -20 -21 -22 -23 -24 -25 -26 -27 -28 -29 -30 -31
leaf_value=18.715733966902846 -0.67348609416393557 7.4384766112211622 11.182572349362323 -0.95688371190898691 8.3698164672105086 -0.53754060495175804 0.028912143065084592 -0.54394063130654369 -0.53936228500508399 -0.53754060495175804 4.7771366390422729 -0.54821295535655112 16.057324324484426 -1.9258668794894116 -0.54178154171371184 11.397827125220378 4.3667822300813066 17.381691612753396 6.8346415814630559 -0.53544050087245154 12.636171847023213 2.497237252907667 0.7098663159560954 0.17967057897336644 -0.26340136511084722 -0.51665768212936736 2.6329639745774651 -0.53735495605042605 -0.53903671173951118 15.396369810039037
leaf_weight=21 28 33 95 21 21 378 55 93 39 203 29 30 44 20 66 24 23 67 39 33 184 27 23 32 29 28 29 75 99 53
leaf_count=21 28 33 95 21 21 378 55 93 39 203 29 30 44 20 66 24 23 67 39 33 184 27 23 32 29 28 29 75 99 53
internal_value=-0.00303709 0.00451613 0.00069697 -0.00340116 0.000684647 -0.00773183 -0.0114124 -0.00921053 -0.00522472 -0.00965587 -0.00287097 -0.00590909 -0.00192308 0.00794118 -0.00678344 0.000714286 0.000981308 0.00956693 0.0035 0.00798701 0.0121084 0.0100331 0.0075 0.00669231 -0.0025 -0.0118085 0.0118548 -0.0129612 -0.0131395 0.012439
internal_weight=1941 744 495 344 241 1197 485 114 712 247 465 363 234 102 157 63 107 127 60 77 249 151 44 65 84 94 124 103 129 82
internal_count=1941 744 495 344 241 1197 485 114 712 247 465 363 234 102 157 63 107 127 60 77 249 151 44 65 84 94 124 103 129 82
is_linear=0
shrinkage=0.03


Tree=27
num_leaves=31
num_cat=0
split_feature=11 9 8 16 36 9 30 8 57 11 27 6 10 11 40 6 27 8 40 19 57 16 40 56 36 14 33 28 3 58
split_gain=74.1512 26.4087 28.1813 14.546 15.5595 13.9846 20.7135 11.6257 10.7898 12.0204 9.43077 12.4458 7.38645 7.04167 6.92679 8.09365 6.03328 6.02007 5.23187 5.11009 4.33564 3.26543 3.01606 2.98979 2.37154 2.24827 1.59346 1.44762 1.225 0.92777
threshold=-0.41248606129204524 149.50000000000003 3.5000000000000004 24.350000000000005 177.85000000000002 149.50000000000003 33.306250000000006 2.5000000000000004 277.50000000000006 0.83146961230254512 295.50000000000006 25.500000000000004 0.91037613702198772 0.77259657388510627 840.07456100208344 22.500000000000004 304.50000000000006 4.5000000000000009 922.01028770000005 26.500000000000004 254.00000000000003 24.350000000000005 952.28456100416668 19.950000000000003 199.40714285000004 28.350000000000005 41.775000000000013 1008.0500000000001 6327905.3125000009 1004.9500000000002
decision_type=2 2 2 2 2 2 2 2 2 2 2 2 2 2 2 2 2 2 2 2 2 2 2 2 2 2 2 2 2 2
left_child=1 2 3 4 22 7 -7 8 9 -2 25 13 19 -12 -4 -16 21 -14 26 20 -9 -8 27 -22 -19 -10 -3 -1 -15 -23
right_child=5 18 14 -5 -6 6 16 12 10 -11 11 -13 17 28 15 -17 -18 24 -20 -21 23 29 -24 -25 -26 -27 -28 -29 -30 -31
leaf_value=-0.52124164268029449 -0.52893053338833318 1.8590169252203157 12.691057791724537 9.0563304929418642 14.695141977344786 -0.5214143868032054 3.0257173309694876 -0.047502921200752189 0.2984652821073962 4.5039302546474609 -0.53056637154410735 16.002890819011895 7.1629481992981692 4.142255721876988 -0.91060612038914057 6.8006111793112156 -0.34620138423473062 0.022146606573027618 -0.17868153580513477 12.373419533458469 -0.5214143868032054 0.41811860715431337 -0.52741750679828259 -0.54143117659233497 -0.65873472286966062 12.37493174635868 11.919642171806274 -0.51945315471133802 -0.5214143868032054 -0.086563339532698222
leaf_weight=133 93 21 129 40 26 386 27 30 20 38 60 35 26 20 20 26 25 24 20 21 218 23 31 31 22 71 239 35 20 31
leaf_count=133 93 21 129 40 26 386 27 30 20 38 60 35 26 20 20 26 25 24 20 21 218 23 31 31 22 71 239 35 20 31
internal_value=-0.00305255 0.00458333 0 -0.00616981 -0.00913333 -0.00755528 -0.0114634 -0.0049177 -0.00105042 -0.00790076 0.00292035 -0.00211111 -0.00862903 -0.0075 0.00934286 -0.000652174 0.000283019 0 0.0117857 -0.0107 -0.0117742 0.00425926 -0.0119849 -0.0130723 -0.00652174 0.0103846 0.0129231 -0.0135714 0.00225 0
internal_weight=1941 720 440 265 225 1221 492 729 357 131 226 135 372 100 175 46 106 72 280 300 279 81 199 249 46 91 260 168 40 54
internal_count=1941 720 440 265 225 1221 492 729 357 131 226 135 372 100 175 46 106 72 280 300 279 81 199 249 46 91 260 168 40 54
is_linear=0
shrinkage=0.03


Tree=28
num_leaves=31
num_cat=0
split_feature=1 46 9 8 6 9 10 1 37 16 19 8 35 6 2 57 40 27 4 16 10 19 31 47 6 47 6 26 18 26
split_gain=73.2981 24.1975 24.584 14.3722 25.0694 12.1551 20.801 17.8157 14.0035 18.0394 9.75347 9.24928 14.3279 15.4887 9.20763 5.86281 5.29371 7.07868 4.2015 3.98986 3.31352 2.30476 2.12851 2.08758 1.60297 1.27427 1.21268 0.972222 0.883727 0.87511
threshold=2800.0000000000005 24.350000000000005 141.50000000000003 3.5000000000000004 25.500000000000004 141.50000000000003 0.63405362205439497 127.93750000000001 110.75000000000001 25.950000000000003 2.5000000000000004 3.5000000000000004 12.693750000000003 25.500000000000004 6566.2857145000007 281.50000000000006 881.97760418333348 292.50000000000006 15.500000000000002 25.050000000000004 0.88144907265856365 2.5000000000000004 319.89375000000001 31.500000000000004 18.500000000000004 22.500000000000004 25.500000000000004 14.750000000000002 13.500000000000002 12.250000000000002
decision_type=2 2 2 2 2 2 2 2 2 2 2 2 2 2 2 2 2 2 2 2 2 2 2 2 2 2 2 2 2 2
left_child=5 2 25 4 15 6 8 10 9 -1 11 12 13 -7 19 -4 -5 -18 22 29 -13 -21 -3 -16 -10 -2 -24 -6 -8 -9
right_child=1 18 3 16 27 7 28 14 24 -11 -12 20 -14 -15 23 -17 17 -19 -20 21 -22 -23 26 -25 -26 -27 -28 -29 -30 -31
leaf_value=12.978055502179441 -0.67776743761529845 2.150630220532181 11.223585017356729 13.880253245973929 -0.50876173295240634 -0.60989820215908774 -0.52621355346311738 10.580759657134783 -0.54695065346002003 -0.78045969590022768 -0.50577195519910922 -0.50577195519910922 -0.79612808120549816 10.891626403011417 -0.7400097891140639 -0.24138828866974904 -0.87863989631077966 6.5965928439318802 0.062232787700309586 0.80031305057831637 -0.11133878180264034 -0.12932769496725366 12.894274525338266 -0.087607502238553847 -0.5963662205524326 -0.50559705808850441 3.1439209487661226 -0.52406599857479519 -0.51051862684513394 0.17881163416205936
leaf_weight=112 28 39 82 109 20 25 27 22 27 24 393 128 75 66 55 29 21 22 28 28 21 32 185 20 22 75 36 70 79 41
leaf_count=112 28 39 82 109 20 25 27 22 27 24 393 128 75 66 55 29 21 22 28 28 21 32 185 20 22 75 36 70 79 41
internal_value=-0.00316074 0.00423387 -6.57895e-05 0.00369688 -0.00156716 -0.00775689 -0.00242268 -0.0094702 0.00364865 0.00860294 -0.0116949 -0.0077619 -0.00289157 0.00510989 -0.00151515 0.00797297 0.0106579 0.00174419 0.0110417 0.00353659 -0.0131879 -0.002 0.0122308 -0.0098 -0.010102 -0.0129612 0.013371 -0.0133333 -0.0130189 0.00880952
internal_weight=1941 744 456 353 201 1197 291 906 185 136 708 315 166 91 198 111 152 43 288 123 149 60 260 75 49 103 221 90 106 63
internal_count=1941 744 456 353 201 1197 291 906 185 136 708 315 166 91 198 111 152 43 288 123 149 60 260 75 49 103 221 90 106 63
is_linear=0
shrinkage=0.03


Tree=29
num_leaves=31
num_cat=0
split_feature=30 9 28 6 37 6 36 6 4 4 8 6 8 4 21 36 36 36 41 28 2 28 8 14 19 49 15 57 36 29
split_gain=69.9531 24.7495 24.6613 15.0376 13.7403 12.9198 12.2302 12.0346 18.5009 16.6879 14.98 13.8273 11.7155 9.76579 6.12371 5.8856 5.6583 5.15366 3.88375 6.5482 3.38628 3.0407 3 2.76429 2.65266 2.5439 2.29648 1.74382 1.29674 1.23849
threshold=274.78571430000005 150.50000000000003 1006.6500000000002 25.500000000000004 687.82946430000015 16.500000000000004 9.2428571430000002 20.500000000000004 16.500000000000004 17.500000000000004 4.5000000000000009 25.500000000000004 4.5000000000000009 2.5000000000000004 101.50000000000001 248.08303570000001 5.9357142855000005 2.7142857145000003 218.88535465283988 1005.5500000000001 6566.2857145000007 1007.4500000000002 1.5000000000000002 32.150000000000013 61.000000000000007 18.500000000000004 71.500000000000014 316.50000000000006 243.28571430000002 0.55000000000000016
decision_type=2 2 2 2 2 2 2 2 2 2 2 2 2 2 2 2 2 2 2 2 2 2 2 2 2 2 2 2 2 2
left_child=5 2 12 27 -5 6 24 9 10 13 11 15 17 22 28 -9 -11 -2 -14 -20 29 -13 -7 -6 -1 -15 -10 -4 -12 -3
right_child=1 20 3 4 23 7 -8 8 26 16 14 21 18 25 -16 -17 -18 -19 19 -21 -22 -23 -24 -25 -26 -27 -28 -29 -30 -31
leaf_value=-0.28212584263106705 -0.49587300163709025 11.942220059139629 14.300009069156664 8.4653862473272294 -0.30188409837313757 12.058540244825878 -0.49059879654313598 3.6946664246007814 -0.29713278947998245 -0.36663538036078591 -0.46318805736560237 11.997812856121756 6.5697039039059755 -0.49490126386588562 1.3988441692216838 -0.59160125609431513 14.271721942125978 3.8010841843000631 -0.7506258670769933 8.5044331401984437 1.6890122420460809 0.85989873147185725 -0.75704590502322089 -0.49349888096383415 2.4923629108567056 -0.28493131649793468 -0.49059879654313598 5.0866098647354505 -0.49059879654313598 11.181011356079697
leaf_weight=30 151 146 128 33 20 24 317 25 27 21 22 62 23 80 22 41 71 22 24 26 40 37 24 43 29 21 260 25 84 63
leaf_count=30 151 146 128 33 20 24 317 25 27 21 22 62 23 80 22 41 71 22 24 26 40 37 24 43 29 21 260 25 84 63
internal_value=-0.00319165 0.00403226 0.000151515 0.00680723 -0.0025 -0.0076817 -0.0122872 -0.00557247 -0.00791379 6.22407e-05 -0.00261092 0.00336364 -0.00658537 -0.00614094 -0.0103125 -0.00727273 0.0101087 -0.0108382 0.00349315 -0.0012 0.011747 0.0104545 0.005 -0.0107143 0.000254237 -0.0114356 -0.0133275 0.0126471 -0.0133019 0.0132775
internal_weight=1941 744 495 249 96 1197 376 821 580 241 293 165 246 149 128 66 92 173 73 50 249 99 48 63 59 101 287 153 106 209
internal_count=1941 744 495 249 96 1197 376 821 580 241 293 165 246 149 128 66 92 173 73 50 249 99 48 63 59 101 287 153 106 209
is_linear=0
shrinkage=0.03


Tree=30
num_leaves=31
num_cat=0
split_feature=1 46 9 8 6 9 1 8 17 6 17 19 57 11 40 27 10 15 26 21 19 58 6 57 26 23 10 36 27 3
split_gain=72.6201 23.6874 24.0022 14.3342 25.1216 11.9406 23.0996 10.3688 9.48979 11.8378 9.64996 7.5946 5.72328 5.69979 5.21079 7.07868 4.68833 4.56333 5.81454 4.49387 4.06097 3.98706 3.60231 3.6 3.57908 3.55559 3.23605 2.35723 1.89228 2.47211
threshold=2800.0000000000005 24.250000000000004 141.50000000000003 3.5000000000000004 25.500000000000004 149.50000000000003 127.93750000000001 3.5000000000000004 9.5000000000000018 19.500000000000004 64.500000000000014 36.500000000000007 281.50000000000006 -0.5277851165098012 881.97760418333348 292.50000000000006 0.91037613702198772 75.500000000000014 8.8000000000000025 338.50000000000006 2.5000000000000004 1006.7500000000001 25.500000000000004 275.50000000000006 19.950000000000003 126.50000000000001 0.5277851165098012 421.1107143000001 304.50000000000006 6636077.7320000008
decision_type=2 2 2 2 2 2 2 2 2 2 2 2 2 2 2 2 2 2 2 2 2 2 2 2 2 2 2 2 2 2
left_child=5 2 -2 4 12 7 -7 8 9 -1 17 16 -4 -3 -5 -16 24 23 21 -15 -18 26 -23 -10 -9 28 -19 -12 29 -8
right_child=1 13 3 14 -6 6 25 11 10 -11 27 -13 -14 19 15 -17 20 18 -20 -21 -22 22 -24 -25 -26 -27 -28 -29 -30 -31
leaf_value=7.3467962066538917 -0.47555295629673655 9.16255944559407 10.596819016514269 13.610894500246124 -0.48748979427923722 -0.47588083264684189 0.056505705879938542 -0.47588083264684189 -1.1482742196048357 -0.47588083264684189 -0.47958837852760383 5.0560511134409376 -0.2865324481545653 3.689045552891546 -0.93970838792226175 6.2016039414967441 2.6559684152069951 12.637889077550243 9.3396488252263357 -0.62276740797579833 -0.49976209478647043 -0.60844169736745546 1.3047718219084838 3.9331800144783817 -0.48729841437568627 6.0773888393488935 -0.17748894740647125 -0.21402066325470256 -0.24230280179871455 -0.15485749582340078
leaf_weight=20 100 235 79 105 86 373 46 180 20 110 40 24 29 47 21 22 25 23 94 20 22 33 30 20 24 20 20 27 25 21
leaf_count=20 100 235 79 105 86 373 46 180 20 110 40 24 29 47 21 22 25 23 94 20 22 33 30 20 24 20 20 27 25 21
internal_value=-0.00320711 0.00415323 -0.000271493 0.00350877 -0.00185567 -0.00778195 -0.0114124 -0.00530899 -0.00243707 -0.00923077 0.000439739 -0.00987273 0.00777778 0.0106291 0.0105405 0.00174419 -0.0114143 0.00325 0.0051 0.00291045 -0.00287234 0.000283019 -0.00452381 -0.006 -0.0133824 0.000535714 0.00732558 -0.00962687 -0.00195652 0.000671642
internal_weight=1941 744 442 342 194 1197 485 712 437 130 307 275 108 302 148 43 251 240 200 67 47 106 63 40 204 112 43 67 92 67
internal_count=1941 744 442 342 194 1197 485 712 437 130 307 275 108 302 148 43 251 240 200 67 47 106 63 40 204 112 43 67 92 67
is_linear=0
shrinkage=0.03


Tree=31
num_leaves=31
num_cat=0
split_feature=1 9 8 46 36 40 9 1 8 47 6 47 19 16 10 27 15 26 19 27 6 53 26 53 40 48 58 27 3 56
split_gain=69.8228 24.2409 24.0006 13.5 14.58 12.1689 11.6131 23.0996 9.98945 10.2444 11.9965 10.8966 7.5946 7.04381 4.68833 4.31587 6.31595 4.43057 4.06097 3.65175 4.97588 3.58031 3.57908 3.55623 2.81688 2.34131 1.80648 1.79091 2.40741 1.575
threshold=2800.0000000000005 150.50000000000003 3.5000000000000004 24.550000000000004 273.36607145000005 810.22783481458362 149.50000000000003 127.93750000000001 3.5000000000000004 9.5000000000000018 19.500000000000004 64.500000000000014 36.500000000000007 23.650000000000002 0.91037613702198772 279.50000000000006 76.500000000000014 7.6500000000000012 2.5000000000000004 310.50000000000006 25.500000000000004 126.50000000000001 19.950000000000003 137.50000000000003 952.28456100416668 60.500000000000007 1006.35 304.50000000000006 6636077.7320000008 11.550000000000002
decision_type=2 2 2 2 2 2 2 2 2 2 2 2 2 2 2 2 2 2 2 2 2 2 2 2 2 2 2 2 2 2
left_child=6 2 3 4 24 -4 8 -8 9 10 -1 15 14 -7 22 16 -11 -18 -16 -17 -21 27 -10 25 -2 -3 -19 28 -9 -5
right_child=1 23 5 29 -6 13 7 21 12 11 -12 -13 -14 -15 18 19 17 26 -20 20 -22 -23 -24 -25 -26 -27 -28 -29 -30 -31
leaf_value=7.9434601559188822 -0.46128636760783448 3.5783741863047998 9.3978817219344695 9.9803852850458181 12.770639715986423 5.6542932994010151 -0.4616044076674366 0.049031235460939016 -0.4616044076674366 -1.1884006741404955 -0.4616044076674366 -0.4650157245005016 4.9043695800377085 -0.83010246632510298 2.5762893627507855 12.433748328446438 -0.51403658341317759 0.35304545750527183 -0.48476923194287658 -0.54173135221847102 14.514180843863134 4.0711694098148401 -0.47267946194441574 11.020075939206468 -0.46637211775960036 -0.25625912141880336 7.0839416064411909 -0.23503371774475312 -0.15021177094869856 5.9779479881147308
leaf_weight=20 169 47 150 21 25 40 373 43 180 26 115 65 24 35 25 72 30 20 22 35 23 23 24 182 31 20 31 25 21 24
leaf_count=20 169 47 150 21 25 40 373 43 180 26 115 65 24 35 25 72 30 20 22 35 23 23 24 182 31 20 31 25 21 24
internal_value=-0.00334621 0.00387097 3.0303e-05 -0.006 -0.009 0.00726667 -0.00783208 -0.0114124 -0.00539326 -0.00257437 -0.00944444 0.000496689 -0.00987273 -0.0026 -0.0114143 0.00348101 -0.000981308 0.00314815 -0.00287234 0.00715385 0.00155172 0.000535714 -0.0133824 0.011506 -0.0117 0.00559701 0.00852941 -0.00219101 0.00046875 0.009
internal_weight=1941 744 495 270 225 225 1197 485 712 437 135 302 275 75 251 237 107 81 47 130 58 112 204 249 200 67 51 89 64 45
internal_count=1941 744 495 270 225 225 1197 485 712 437 135 302 275 75 251 237 107 81 47 130 58 112 204 249 200 67 51 89 64 45
is_linear=0
shrinkage=0.03


Tree=32
num_leaves=31
num_cat=0
split_feature=1 12 8 46 36 12 1 40 8 47 12 47 16 16 37 12 57 4 53 36 57 12 53 40 48 28 27 27 4 56
split_gain=69.524 22.735 24.0811 13.3007 14.4006 11.7763 23.0996 11.52 9.2197 10.0407 11.9965 10.6986 6.40381 4.92063 10.033 4.29885 4.28901 7.32784 3.8095 3.80375 3.70026 5.37778 3.58031 2.71614 2.53326 2.50216 2.29632 1.79091 1.58654 1.575
threshold=2800.0000000000005 0.52490632455031438 3.5000000000000004 24.550000000000004 273.36607145000005 0.53946920585801694 127.93750000000001 810.22783481458362 3.5000000000000004 9.5000000000000018 0.66285048286959747 64.500000000000014 23.650000000000002 25.350000000000005 2.5928571430000003 0.68821212559966971 279.50000000000006 4.5000000000000009 137.50000000000003 257.67857145000005 310.50000000000006 0.58218302397213695 126.50000000000001 952.28456100416668 18.500000000000004 1005.9500000000002 261.50000000000006 304.50000000000006 4.5000000000000009 11.550000000000002
decision_type=2 2 2 2 2 2 2 2 2 2 2 2 2 2 2 2 2 2 2 2 2 2 2 2 2 2 2 2 2 2
left_child=5 18 3 4 23 6 -1 -4 9 10 -7 16 -9 14 15 -10 17 -11 24 -15 -18 -22 27 -3 -2 -19 -27 -8 -13 -5
right_child=1 2 7 29 -6 8 22 12 13 11 -12 28 -14 19 -16 -17 20 25 -20 -21 21 -23 -24 -25 -26 26 -28 -29 -30 -31
leaf_value=-0.44775627543741353 5.1775177068398106 -0.44744777657959944 9.1159452702764341 9.6809737264944431 12.387520524506829 -0.44775627543741353 0.0006748698582278933 5.4846645004189858 -0.44708876780396561 4.0936463915196413 7.7051563512413157 -0.43979360936701156 -0.80519939233534954 -0.42942175955895739 -0.51001059157221629 13.871932145932009 12.308236030143263 -0.86660266475067471 10.689473661030275 -0.44775627543741353 14.075287408603078 -0.52547941165191692 3.9490343275203945 -0.45238095422681235 -0.064474109889059716 -0.73537929063987839 0.95291818255302785 -0.22798270621241043 -0.4510862121883496 5.7986095484712887
leaf_weight=373 32 169 150 21 25 115 64 40 29 40 20 32 35 26 56 22 71 24 182 142 24 36 23 31 35 22 20 25 33 24
leaf_count=373 32 169 150 21 25 115 64 40 29 40 20 32 35 26 56 22 71 24 182 142 24 36 23 31 35 22 20 25 33 24
internal_value=-0.00333076 0.00387097 0.000151515 -0.00588889 -0.00886667 -0.00780702 -0.0114124 0.0074 -0.00535112 -0.00264302 -0.00944444 0.000397351 -0.0022 -0.00965455 -0.00462617 0.005 0.00335443 -0.00113208 0.0112651 -0.0128571 0.00698473 0.0015 0.000535714 -0.01155 0.00514925 -0.00727273 -0.00285714 -0.00219101 -0.0103846 0.009
internal_weight=1941 744 495 270 225 1197 485 225 712 437 135 302 75 275 107 51 237 106 249 168 131 60 112 200 67 66 42 89 65 45
internal_count=1941 744 495 270 225 1197 485 225 712 437 135 302 75 275 107 51 237 106 249 168 131 60 112 200 67 66 42 89 65 45
is_linear=0
shrinkage=0.03


Tree=33
num_leaves=31
num_cat=0
split_feature=11 46 9 9 11 8 6 17 6 6 15 35 11 28 49 57 26 40 57 57 57 33 31 16 6 2 17 56 57 8
split_gain=68.7199 24.1045 29.7543 13.2014 19.598 11.5339 24.8615 11.0279 15.5929 14.5578 13.1438 10.2645 9.8207 7.98913 6.90129 5.82894 7.25042 4.87355 4.4176 3.92233 3.63023 3.50692 2.97687 2.77316 2.19771 3.6 1.75814 1.69504 1.45154 1.21289
threshold=-0.41248606129204524 24.350000000000005 141.50000000000003 149.50000000000003 0.065403129230142756 3.5000000000000004 25.500000000000004 12.500000000000002 19.500000000000004 25.500000000000004 83.500000000000014 2.7142857145000003 0.81241147629689003 1006.1500000000002 16.500000000000004 295.50000000000006 8.6500000000000004 840.07456100208344 281.50000000000006 288.50000000000006 303.50000000000006 115.54821430000001 319.89375000000001 24.850000000000005 25.500000000000004 1170.0000000000002 41.500000000000007 17.650000000000002 62.500000000000007 1.0000000180025095e-35
decision_type=2 2 2 2 2 2 2 2 2 2 2 2 2 2 2 2 2 2 2 2 2 2 2 2 2 2 2 2 2 2
left_child=1 2 -1 7 20 6 18 8 21 10 12 26 14 -14 15 16 -9 -7 -4 -19 23 -2 -3 27 -24 -26 -11 -5 -12 -10
right_child=3 22 5 4 -6 17 -8 9 29 11 28 -13 13 -15 -16 -17 -18 19 -20 -21 -22 -23 24 -25 25 -27 -28 -29 -30 -31
leaf_value=-0.43402434328221146 15.943071676661356 1.1701195461253906 10.11324591424555 0.92826238303722608 -0.43432358717429109 12.889660445013984 -0.43901443116907279 -0.43967213572859254 -0.42561290339409941 2.6336621778681311 -0.42660750809932652 -1.94348895336935 12.39075446015514 -0.43967213572859254 4.2850448166700357 -0.54669170504840003 8.3051082487352605 -0.87127349728535985 -0.15878462259476464 5.9212964933767944 -0.27749094349012937 -0.47239842408024363 11.273200423059276 -0.1957182206481316 3.5248831311920816 -0.53930284400705675 13.641632148652549 -0.018390256153299731 -0.43429156264797231 -0.43432358717429109
leaf_weight=109 21 35 85 32 368 105 83 39 29 30 31 20 49 20 28 75 23 24 26 23 28 23 190 38 20 20 56 26 99 186
leaf_count=109 21 35 85 32 368 105 83 39 29 30 31 20 49 20 28 75 23 24 26 23 28 23 190 38 20 20 56 26 99 186
internal_value=-0.00339258 0.00395833 -0.000230769 -0.00772727 -0.0115244 0.00407514 -0.000773196 -0.00516461 -0.0101351 -0.00242553 -0.00527473 0.00735849 -0.00102564 0.00847826 -0.005 -0.00777372 -0.000967742 0.0102632 0.00851351 0.00223404 -0.00120968 0.00613636 0.0111509 0.0015625 0.0123913 0.006 0.0118605 0.00568966 -0.0129231 -0.0134651
internal_weight=1941 720 455 1221 492 346 194 729 259 470 364 106 234 69 165 137 62 152 111 47 124 44 265 96 230 40 86 58 130 215
internal_count=1941 720 455 1221 492 346 194 729 259 470 364 106 234 69 165 137 62 152 111 47 124 44 265 96 230 40 86 58 130 215
is_linear=0
shrinkage=0.03


Tree=34
num_leaves=31
num_cat=0
split_feature=1 9 8 46 36 9 1 40 8 56 57 4 19 16 57 9 9 10 36 11 11 53 26 26 58 40 48 48 2 57
split_gain=70.4742 21.2802 24.0811 13.3007 14.4006 11.6789 21.0179 10.58 8.33909 8.17876 7.83617 9.10514 7.39044 5.79429 5.39109 9.4129 5.16495 4.4296 4.36915 4.188 4.1535 3.90087 3.38824 2.8634 2.73817 2.71614 2.1974 1.93041 1.70372 1.66844
threshold=2800.0000000000005 150.50000000000003 3.5000000000000004 24.550000000000004 273.36607145000005 149.50000000000003 277.58928570000006 810.22783481458362 3.5000000000000004 14.050000000000002 269.50000000000006 4.5000000000000009 36.500000000000007 23.650000000000002 301.50000000000006 146.50000000000003 140.50000000000003 0.91037613702198772 257.67857145000005 0.83146961230254512 -0.63405362205439475 126.50000000000001 19.950000000000003 8.8000000000000025 1004.2500000000001 952.28456100416668 18.500000000000004 24.500000000000004 7241.5000000000009 314.00000000000006
decision_type=2 2 2 2 2 2 2 2 2 2 2 2 2 2 2 2 2 2 2 2 2 2 2 2 2 2 2 2 2 2
left_child=5 2 3 4 25 8 -7 29 9 10 11 -1 17 -9 16 19 -12 22 -19 -16 -3 28 -10 -18 -11 -2 -22 -13 -8 -4
right_child=1 20 7 -5 -6 6 21 13 12 24 14 27 -14 -15 15 -17 23 18 -20 -21 26 -23 -24 -25 -26 -27 -28 -29 -30 -31
leaf_value=5.4583363866326122 -0.42100361298374511 11.172507745386941 9.1302946122807747 8.5566631898525412 11.712497531344257 -0.42129387955906239 -0.012608543047616364 5.1424856706051107 -0.42129387955906239 -0.33995524684449413 14.418011368862198 -0.42129387955906239 4.3054638476886051 -0.78049170288069003 -0.49668628242292023 13.918009305609552 -0.38370387860493987 2.3402946111432561 -0.47333007084997614 1.0274155458239076 3.7029934819314354 3.8027154262036662 -0.43231169994590896 10.238797940925011 -0.43384211422770597 -0.42563909266493583 -0.070652684486931322 -0.40615687275483403 -0.27315649412911586 6.9445274959985355
leaf_weight=36 169 184 127 45 25 378 64 40 180 22 48 64 24 35 43 28 24 27 20 30 31 23 24 29 75 31 34 38 20 23
leaf_count=36 169 184 127 45 25 378 64 40 180 22 48 64 24 35 43 28 24 27 20 30 31 23 24 29 75 31 34 38 20 23
internal_value=-0.00350077 0.00375 0.000151515 -0.00588889 -0.00886667 -0.00800752 -0.0115979 0.0074 -0.0055618 -0.00298627 -0.000794118 -0.00630435 -0.00965455 -0.0018 0.0029703 -0.00193069 0.00787129 -0.0111753 -0.00287234 -0.00760274 0.0109036 0.000140187 -0.0130882 0.00141509 -0.0106701 -0.01155 0.00438462 -0.0108824 -0.00285714 0.012
internal_weight=1941 744 495 270 225 1197 485 225 712 437 340 138 275 75 202 101 101 251 47 73 249 107 204 53 97 200 65 102 84 150
internal_count=1941 744 495 270 225 1197 485 225 712 437 340 138 275 75 202 101 101 251 47 73 249 107 204 53 97 200 65 102 84 150
is_linear=0
shrinkage=0.03


Tree=35
num_leaves=31
num_cat=0
split_feature=11 12 19 12 10 6 6 2 6 10 12 40 23 40 12 6 16 40 2 19 6 44 47 11 45 58 15 11 15 40
split_gain=70.32 22.5693 20.9895 16.3857 19.5915 13.9479 20.4919 14.4087 12.9547 10.5563 11.6596 9.23099 8.15501 5.47539 7.08999 5.03494 4.87204 4.59484 3.91801 3.60155 3.2446 11.643 6.48516 4.20103 2.79113 2.71566 2.6666 1.86043 1.84663 1.23694
threshold=-0.22695468355932455 0.64987354830121502 28.500000000000004 0.64987354830121502 0.58216583101416164 25.500000000000004 28.500000000000004 1346.5714285000001 16.500000000000004 0.88144907265856365 0.53946920585801694 645.40137649437509 117.50000000000001 810.22783481458362 0.62334665204000361 25.500000000000004 23.650000000000002 881.97760418333348 4.1428571430000014 15.500000000000002 24.500000000000004 28.550000000000004 43.500000000000007 0.032701564615071184 87.500000000000014 1006.5500000000001 82.500000000000014 -0.5277851165098012 71.500000000000014 455.99021577125012
decision_type=2 2 2 2 2 2 2 2 2 2 2 2 2 2 2 2 2 2 2 2 2 2 2 2 2 2 2 2 2 2
left_child=1 5 19 9 8 12 7 -7 -5 20 18 26 16 -14 -15 -12 -1 27 -11 -3 23 22 24 -2 -22 -18 29 -8 -23 -10
right_child=3 2 -4 4 -6 6 17 -9 11 10 15 -13 13 14 -16 -17 25 -19 -20 -21 21 28 -24 -25 -26 -27 -28 -29 -30 -31
leaf_value=4.5238752924631491 -0.37955794493210759 -0.40837350459423277 7.8100197066941384 -0.45112088516357884 -0.42566285695769757 3.002298476689758 8.1244406439143226 -0.5003821854058158 12.051381872999951 -0.4086550631722905 -0.3888093247660156 -1.0184302506375369 11.361122605403928 6.9818967054960552 -1.0821591683013068 14.050863604411539 -0.5035601355139897 -0.63447048802348061 -0.0039472419927479054 -0.40558550101637919 -0.4086550631722905 -0.28626253657608886 9.0164270644832527 -0.4086550631722905 0.5193790614908198 0.71076405987244951 5.7215973923937202 0.42508538060345186 -0.4086550631722905 3.2626941309554889
leaf_weight=31 36 111 47 27 89 29 83 94 79 66 37 21 219 81 24 33 32 20 25 29 41 22 22 359 21 21 22 20 179 21
leaf_count=31 36 111 47 27 89 29 83 94 79 66 37 21 219 81 24 33 32 20 25 29 41 22 22 359 21 21 22 20 179 21
internal_value=-0.00351623 0.00301427 -0.00617647 -0.00850909 -0.0019112 0.0056422 0 -0.00865854 0.00405882 -0.010541 -0.00363354 0.00765734 0.00904412 0.0112037 0.00557143 0.00557143 0.000714286 0.00865854 -0.0107143 -0.012 -0.0121765 -0.00973684 -0.000357143 -0.0139367 -0.00532258 -0.00481132 0.0108197 0.0112136 -0.0136567 0.0129
internal_weight=1941 841 187 1100 259 654 246 123 170 841 161 143 408 324 105 70 84 123 91 140 680 285 84 395 62 53 122 103 201 100
internal_count=1941 841 187 1100 259 654 246 123 170 841 161 143 408 324 105 70 84 123 91 140 680 285 84 395 62 53 122 103 201 100
is_linear=0
shrinkage=0.03


Tree=36
num_leaves=31
num_cat=0
split_feature=11 9 58 9 10 6 6 37 57 10 9 49 53 37 16 2 30 54 6 1 30 20 6 44 47 45 16 58 11 26
split_gain=67.531 20.8273 20.6332 15.5178 18.8036 13.7443 12.4793 12.1616 10.3299 9.99441 11.054 8.911 8.59337 7.87908 6.05293 5.19625 4.66897 4.6338 4.48299 3.97044 3.3241 4.32282 4.21933 12.5598 6.48516 2.79113 2.69114 2.31332 1.50156 1.51792
threshold=-0.22695468355932455 150.50000000000003 1006.2500000000001 141.50000000000003 0.58216583101416164 25.500000000000004 16.500000000000004 687.82946430000015 316.50000000000006 0.88144907265856365 149.50000000000003 14.500000000000002 107.50000000000001 70.32053571500002 23.750000000000004 3433.7142855000006 362.47857145000006 738.35000000000014 25.500000000000004 127.93750000000001 58.764285715000007 1.0000000180025095e-35 24.500000000000004 28.550000000000004 43.500000000000007 87.500000000000014 25.550000000000004 1006.5500000000001 -0.68322629814330815 16.850000000000005
decision_type=2 2 2 2 2 2 2 2 2 2 2 2 2 2 2 2 2 2 2 2 2 2 2 2 2 2 2 2 2 2
left_child=1 2 11 4 6 8 -2 15 27 20 18 17 14 26 -3 -7 -10 -1 -11 -12 22 -22 -5 24 25 -24 -8 -4 -14 -30
right_child=3 12 5 9 -6 7 13 -9 16 10 19 -13 28 -15 -16 -17 -18 -19 -20 -21 21 -23 23 -25 -26 -27 -28 -29 29 -31
leaf_value=-0.41366836629856041 -0.43758725860867143 4.1730619334679675 4.8063252634255269 -0.3963954112771218 -0.41289297124896668 6.9647347783811613 11.005083408868483 -0.39599518949416002 -0.40028454599004082 -0.37714504502303514 -0.3963954112771218 2.5725757444699831 11.554282105620389 -0.85338445718248945 -0.25474816919677534 -0.39806335989187808 5.0241127322127559 0.036191771081560659 13.629337696279192 -0.020394914259845222 -0.53370248309322454 0.057320470568974213 -0.3963954112771218 -0.3963954112771218 8.7459342525487571 0.50379768964609462 5.5499494706219084 11.404744070716449 4.7160952667616387 0.78715263699052762
leaf_weight=146 27 31 25 358 89 40 92 68 21 37 62 26 154 29 40 21 23 30 33 29 33 31 41 174 22 21 22 153 31 32
leaf_count=146 27 31 25 358 89 40 92 68 21 37 62 26 154 29 40 21 23 30 33 29 33 31 41 174 22 21 22 153 31 32
internal_value=-0.00367079 0.00272889 -0.000678119 -0.00856364 -0.00214286 0.00371795 0.00370588 -0.00406977 0.00824324 -0.010541 -0.00381988 -0.00831683 0.00927083 0.00723776 0.000211268 0.00565574 -0.00477273 -0.0107386 0.00514286 -0.0107143 -0.0121324 -0.005625 -0.0128084 -0.00988372 -0.000357143 -0.00532258 0.0107895 0.0114607 0.012235 0.00833333
internal_weight=1941 841 553 1100 259 351 170 129 222 841 161 202 288 143 71 61 44 176 70 91 680 64 616 258 84 62 114 178 217 63
internal_count=1941 841 553 1100 259 351 170 129 222 841 161 202 288 143 71 61 44 176 70 91 680 64 616 258 84 62 114 178 217 63
is_linear=0
shrinkage=0.03


Tree=37
num_leaves=31
num_cat=0
split_feature=1 9 8 46 9 1 40 37 8 11 28 57 6 57 19 49 10 57 16 11 26 16 40 57 45 18 29 24 57 26
split_gain=65.4837 20.1145 24.2424 11.76 10.6482 21.534 10.58 9.95796 8.62954 8.94365 10.9442 9.69819 11.2808 15.4075 6.72525 6.44533 6.91414 7.48149 6.40381 4.02439 3.2363 3.22617 2.66381 2.32112 2.11862 1.95072 1.92051 1.52111 1.49374 1.37143
threshold=2800.0000000000005 150.50000000000003 3.5000000000000004 24.550000000000004 149.50000000000003 127.93750000000001 810.22783481458362 70.32053571500002 2.5000000000000004 0.81241147629689003 1006.7500000000001 278.50000000000006 25.500000000000004 295.50000000000006 36.500000000000007 1.0000000180025095e-35 0.22695468355932447 276.50000000000006 23.650000000000002 -0.68322629814330815 19.950000000000003 24.250000000000004 956.98038196875007 209.00000000000003 86.500000000000014 25.500000000000004 0.35000000000000003 430.25000000000006 314.00000000000006 14.950000000000001
decision_type=2 2 2 2 2 2 2 2 2 2 2 2 2 2 2 2 2 2 2 2 2 2 2 2 2 2 2 2 2 2
left_child=4 2 3 7 8 -6 28 -2 9 11 -11 -1 13 29 15 16 -10 -18 -8 -3 -17 -7 -9 -21 -12 -23 -25 -5 -4 -13
right_child=1 19 6 27 5 21 18 22 14 10 24 12 -14 -15 -16 20 17 -19 -20 23 -22 25 -24 26 -26 -27 -28 -29 -30 -31
leaf_value=-0.55457303634832822 7.0489367973273573 10.931155158419516 8.2799428605900349 8.5153875494985716 -0.38450354893880812 1.8546160074306774 4.7128643458651718 -0.38374745951986944 -0.7520233609187732 10.274128466080368 -0.64493094783522487 9.0071277072298113 14.25692693149359 -0.39741827955137193 3.5422314963687604 -0.38450354893880812 3.4786805157273113 -0.52414132592168672 -0.78146095889013789 4.1965461705645888 -0.39519083471404926 -0.1434952735201955 -0.39084903178375313 0.84128204699202258 0.0093518493683427545 0.020800701789253535 -0.31586713276599765 0.64539423610688518 6.3511676979513725 1.2658778991550985
leaf_weight=84 35 172 127 25 373 38 40 166 33 56 25 28 39 76 24 208 46 20 35 30 24 47 24 26 29 27 21 20 23 20
leaf_count=84 35 172 127 25 373 38 40 166 33 56 25 28 39 76 24 208 46 20 35 30 24 47 24 26 29 27 21 20 23 20
internal_value=-0.00376352 0.00322581 -0.000272727 -0.00633333 -0.00810777 -0.0115361 0.007 -0.00913333 -0.00577247 -0.00247899 0.00463636 -0.00564777 -0.00138037 -0.00580645 -0.00908451 -0.0101964 -0.00378788 0.00181818 -0.0022 0.0101807 -0.012931 0 -0.0118421 0.00448052 -0.005 -0.00364865 0.000319149 0.00766667 0.0116 0.0075
internal_weight=1941 744 495 270 1197 485 225 225 712 357 110 247 163 124 355 331 99 66 75 249 232 112 190 77 54 74 47 45 150 48
internal_count=1941 744 495 270 1197 485 225 225 712 357 110 247 163 124 355 331 99 66 75 249 232 112 190 77 54 74 47 45 150 48
is_linear=0
shrinkage=0.03


Tree=38
num_leaves=31
num_cat=0
split_feature=1 9 8 40 36 16 9 1 8 27 47 16 16 16 10 41 8 49 53 36 16 36 8 58 27 27 15 6 40 28
split_gain=65.7736 20.1145 24.2424 10.58 10.2104 13.3349 10.1151 22.31 9.07679 7.21157 8.45839 6.40381 5.84205 11.4153 7.81178 5.49242 5.37472 3.79762 3.57791 3.26136 3.25926 5.10607 3.88785 3.73373 3.07153 3.03023 3.03018 2.77047 2.63578 1.7523
threshold=2800.0000000000005 150.50000000000003 3.5000000000000004 810.22783481458362 177.85000000000002 24.550000000000004 149.50000000000003 127.93750000000001 2.5000000000000004 269.50000000000006 64.500000000000014 23.650000000000002 25.350000000000005 25.150000000000002 0.63405362205439497 363.40741009810455 5.5000000000000009 2.5000000000000004 137.50000000000003 257.67857145000005 24.950000000000003 344.61875000000003 1.0000000180025095e-35 1007.4500000000002 304.50000000000006 212.00000000000003 83.500000000000014 24.500000000000004 952.28456100416668 1008.0500000000001
decision_type=2 2 2 2 2 2 2 2 2 2 2 2 2 2 2 2 2 2 2 2 2 2 2 2 2 2 2 2 2 2
left_child=6 2 4 -4 5 28 8 -8 9 27 15 -5 13 14 16 17 -10 20 25 -14 -11 -22 -23 -24 26 -3 -9 -1 29 -2
right_child=1 18 3 11 -6 -7 7 24 12 10 -12 -13 19 -15 -16 -17 -18 -19 -20 -21 21 22 23 -25 -26 -27 -28 -29 -30 -31
leaf_value=-0.31446014793900545 -0.39012771060043316 4.1370707905682762 7.4053285575408081 4.5714784154892163 10.909564040235583 7.3002161043594329 -0.37296844247064392 1.3731240941558438 -0.40431827577899426 -0.3814798980123934 -0.37045565040400635 -0.75801713012343386 -0.39263002423657967 10.129857555606357 4.323166505633627 -1.241113546052816 1.3720829084294988 10.714354827332244 9.2080225754066625 -0.37296844247064392 11.564657685807436 -0.48068010753108553 9.8677390403129568 -0.53122741604916202 -0.17204821730388914 -0.06020614097960518 -0.12596423159235143 -0.37750085349506274 -0.37439598814160913 -0.36725160917265903
leaf_weight=40 132 31 150 40 26 42 373 40 101 24 58 35 26 24 37 22 22 42 182 145 35 28 24 21 25 36 47 63 31 39
leaf_count=40 132 31 150 40 26 42 373 40 101 24 58 35 26 24 37 22 22 42 182 145 35 28 24 21 25 36 47 63 31 39
internal_value=-0.00377898 0.00322581 -0.000272727 0.007 -0.00633333 -0.0082377 -0.00813283 -0.0114742 -0.00585674 -0.00247899 0.00023622 -0.0022 -0.00925352 -0.00554348 -0.0084375 0.00321429 -0.0120732 0.005 0.0101807 -0.0132456 0.0025 0.00472222 0.000205479 0.00566667 0.000267857 0.00425373 0.00293103 -0.00917476 -0.0114356 -0.0128947
internal_weight=1941 744 495 225 270 244 1197 485 712 357 254 75 355 184 160 196 123 174 249 171 132 108 73 45 112 67 87 103 202 171
internal_count=1941 744 495 225 270 244 1197 485 712 357 254 75 355 184 160 196 123 174 249 171 132 108 73 45 112 67 87 103 202 171
is_linear=0
shrinkage=0.03


Tree=39
num_leaves=31
num_cat=0
split_feature=1 9 8 9 10 1 37 16 36 16 40 17 19 18 10 16 8 44 11 23 49 40 27 28 57 58 28 37 47 34
split_gain=64.0309 19.2006 24.1617 10.406 19.3872 18.4779 13.1729 15.9855 10.3377 11.167 10.2756 7.93619 7.76864 8.13545 5.40485 5.28595 5.07733 6.65751 4.63591 3.27333 3.34148 2.53941 2.16657 2.14456 1.99953 1.94104 1.63567 1.42917 1.38528 1.225
threshold=2800.0000000000005 150.50000000000003 3.5000000000000004 141.50000000000003 0.58216583101416164 127.93750000000001 110.75000000000001 25.950000000000003 177.85000000000002 24.550000000000004 810.22783481458362 12.500000000000002 2.5000000000000004 62.500000000000007 0.93540483100319627 23.650000000000002 2.5000000000000004 28.350000000000005 -0.68322629814330815 115.50000000000001 2.5000000000000004 952.28456100416668 209.00000000000003 1008.0500000000001 314.00000000000006 1005.2500000000001 1004.1500000000002 434.79285715000003 44.500000000000007 1110.9294645000002
decision_type=2 2 2 2 2 2 2 2 2 2 2 2 2 2 2 2 2 2 2 2 2 2 2 2 2 2 2 2 2 2
left_child=3 2 8 4 6 12 7 26 9 21 24 -7 13 14 16 29 17 -5 -3 20 -13 23 -20 -2 -4 -24 -1 -8 -11 -12
right_child=1 18 10 5 -6 11 27 -9 -10 28 15 19 -14 -15 -16 -17 -18 -19 22 -21 -22 -23 25 -25 -26 -27 -28 -29 -30 -31
leaf_value=2.0619192823757979 -0.37842387928242016 10.326979826404731 7.8093847180461111 0.85334988438096715 -0.36944076783450436 -0.55137550659737444 -0.5234782067736895 -0.73759231344148002 10.582277119028515 2.7600515467621856 0.41330897728228533 2.3537502157664605 -0.36177938919652458 8.7023984148916913 2.2004828891579082 -0.73527661621973117 -0.36177938919652458 -0.61116261617423562 3.8382966857584271 3.088250988732566 -0.1354114883668194 -0.36316410849736086 -0.25926395794855778 -0.35623406089747928 5.9384728102866084 0.8161127401791094 11.843150846648591 -0.42863831318948969 8.1830906826176175 4.7546407377423385
leaf_weight=21 132 172 127 38 111 50 20 23 26 20 20 42 393 27 27 35 167 56 30 29 77 31 22 39 23 25 88 28 22 20
leaf_count=21 132 172 127 38 111 50 20 23 26 20 20 42 393 27 27 35 167 56 30 29 77 31 22 39 23 25 88 28 22 20
internal_value=-0.00388717 0.00302419 -0.000393939 -0.00818296 -0.00324742 -0.00976821 0.00283333 0.00772727 -0.00644444 -0.00836066 0.00686667 -0.00166667 -0.0120339 -0.00852381 -0.01 -0.0022 -0.0113218 -0.00574468 0.00981928 0.00182432 -0.000378151 -0.0112871 0.0037013 -0.0127193 0.0114 -0.000319149 0.0125229 -0.010625 0.00571429 0.00525
internal_weight=1941 744 495 1197 291 906 180 132 270 244 225 198 708 315 288 75 261 94 249 148 119 202 77 171 150 47 109 48 42 40
internal_count=1941 744 495 1197 291 906 180 132 270 244 225 198 708 315 288 75 261 94 249 148 119 202 77 171 150 47 109 48 42 40
is_linear=0
shrinkage=0.03


Tree=40
num_leaves=31
num_cat=0
split_feature=11 9 49 9 10 6 6 17 6 1 11 40 19 18 52 40 10 16 23 8 45 16 19 2 16 2 45 41 10 35
split_gain=62.9434 19.6071 23.7978 16.0496 17.686 15.2433 17.1748 13.6573 12.245 9.64637 8.94608 8.60936 7.5364 8.23416 7.45192 5.68582 5.49333 5.15057 4.74542 4.71233 5.42981 2.7674 2.70993 2.68283 2.26677 2.22937 2.04421 1.5625 1.37399 1.19026
threshold=-0.22695468355932455 141.50000000000003 28.500000000000004 141.50000000000003 0.58216583101416164 25.500000000000004 28.500000000000004 42.500000000000007 16.500000000000004 127.93750000000001 -0.58216583101416131 645.40137649437509 2.5000000000000004 62.500000000000007 71.000000000000014 851.24558533750007 0.93540483100319627 23.650000000000002 156.50000000000003 2.5000000000000004 87.500000000000014 24.150000000000002 15.500000000000002 422.12500000000006 25.550000000000004 6267.6250000000009 85.500000000000014 359.5869181735855 -0.41248606129204546 476.62857140000006
decision_type=2 2 2 2 2 2 2 2 2 2 2 2 2 2 2 2 2 2 2 2 2 2 2 2 2 2 2 2 2 2
left_child=1 2 22 4 8 10 7 -7 -2 12 15 24 13 16 26 -3 19 -12 29 20 28 -19 -1 -23 27 -17 -11 -10 -5 -8
right_child=3 5 -4 9 -6 6 18 -9 11 14 17 -13 -14 -15 -16 25 -18 21 -20 -21 -22 23 -24 -25 -26 -27 -28 -29 -30 -31
leaf_value=-0.34914327698536729 -0.38793583671319254 10.524516081084915 7.2627083932577658 -0.62809154749096463 -0.36677836990592927 -0.43839169737260286 0.68316246311263107 6.3898432003411871 10.452898547451532 0.71040055382123057 4.0000728668397834 -0.92334566447863131 -0.35092600752062886 8.4413264624449411 -0.44625515111563069 -0.68753571520685053 2.1344684024831708 -0.86405598167081132 8.374209835207294 -0.35092600752062886 1.7499542844773688 -0.26272369629556874 -0.35209688652443633 3.6128392024920712 4.4110028993126793 4.8887703103596065 -0.12659946651315337 2.1725388651094502 -0.47962076719375146 -0.53478368123682085
leaf_weight=111 27 227 48 31 89 101 31 22 80 49 27 21 393 27 55 28 27 20 72 167 24 40 28 31 22 35 29 20 39 20
leaf_count=111 27 227 48 31 89 101 31 22 80 49 27 21 393 27 55 28 27 20 72 167 24 40 28 31 22 35 29 20 39 20
internal_value=-0.003949 0.00222949 -0.0063369 -0.00867273 -0.00214286 0.0046789 -0.00121951 -0.00914634 0.00352941 -0.0106837 0.00823529 0.00702797 -0.0120763 -0.00861905 -0.00327068 0.011069 -0.0101042 0.00127119 0.00670732 -0.0114368 -0.00606383 -0.00214286 -0.0126259 0.000633803 0.010082 0.00309524 0.00269231 0.012 -0.0102857 -0.000294118
internal_weight=1941 841 187 1100 259 654 246 123 170 841 408 143 708 315 133 290 288 118 123 261 94 91 139 71 122 63 78 100 70 51
internal_count=1941 841 187 1100 259 654 246 123 170 841 408 143 708 315 133 290 288 118 123 261 94 91 139 71 122 63 78 100 70 51
is_linear=0
shrinkage=0.03


Tree=41
num_leaves=31
num_cat=0
split_feature=11 12 19 12 10 12 2 1 40 57 19 18 20 52 12 12 46 41 27 44 8 12 36 27 57 44 17 15 44 37
split_gain=61.4023 19.8523 20.5666 16.4878 16.9711 12.245 10.6202 9.06826 8.60936 8.12284 7.76864 8.13545 6.91203 6.15503 6.05355 11.1791 10.9041 8.27107 5.68646 5.55556 5.3351 4.60779 3.28474 3.0261 2.57143 2.51488 3.37582 2.26677 2.00032 1.5942
threshold=-0.22695468355932455 0.64987354830121502 15.500000000000002 0.64987354830121502 0.58216583101416164 0.70058932884324621 5568.3750000000009 127.93750000000001 645.40137649437509 300.50000000000006 2.5000000000000004 62.500000000000007 1.0000000180025095e-35 71.000000000000014 0.60980454008255491 0.53946920585801694 24.250000000000004 132.88882191297017 284.50000000000006 28.550000000000004 2.5000000000000004 0.53946920585801694 542.72857145000012 294.50000000000006 284.50000000000006 32.350000000000001 42.500000000000007 82.500000000000014 28.750000000000004 724.69375000000002
decision_type=2 2 2 2 2 2 2 2 2 2 2 2 2 2 2 2 2 2 2 2 2 2 2 2 2 2 2 2 2 2
left_child=1 6 -3 7 5 8 14 10 27 -4 11 19 18 28 15 17 -17 -1 21 20 24 -8 -22 -14 -2 26 -18 -5 -9 -19
right_child=3 2 9 4 -6 -7 12 13 -10 -11 -12 -13 23 -15 -16 16 25 29 -20 -21 22 -23 -24 -25 -26 -27 -28 -29 -30 -31
leaf_value=-0.062823714671063152 -0.46523214417793896 -0.33866897867580625 6.3891626494190366 8.82748547123931 -0.35577501880875134 -0.37629776161179679 0.059080837912413524 -0.037379607865515821 -0.89564529454427244 -0.50052632795146368 -0.34039822729501001 8.1880866685715912 5.7135147355333977 -0.43286749658216173 11.683929625601627 -0.3327069202646854 -0.86088888915750161 5.5927364926586876 3.555464030191652 -0.34039822729501001 -0.035042139515388725 -0.64907679167840615 -0.34039822729501001 -0.14817687313844261 2.9123531256584019 11.896063935696905 6.1981479043309502 4.2786728123332978 2.5731351380214531 10.644724873158889
leaf_weight=51 21 111 45 100 89 27 23 48 21 31 393 27 52 55 79 55 26 85 29 144 21 66 60 23 42 24 30 22 30 111
leaf_count=51 21 111 45 100 89 27 23 48 21 31 393 27 52 55 79 55 26 85 29 144 21 66 60 23 42 24 30 22 30 111
internal_value=-0.00397991 0.00212247 -0.00649733 -0.00864545 -0.00202703 0.00352941 0.00458716 -0.0106837 0.00702797 0.00552632 -0.0120339 -0.00852381 -0.00132124 -0.00349624 0.00706074 0.00549738 -0.00144444 0.0092915 -0.00584746 -0.01 -0.00583333 -0.00960674 -0.0109259 0.0058 0.000714286 0.005625 0.00214286 0.010082 0.00192308 0.0120918
internal_weight=1941 841 187 1100 259 170 654 841 143 76 708 315 193 133 461 382 135 247 118 288 144 89 81 75 63 80 56 122 78 196
internal_count=1941 841 187 1100 259 170 654 841 143 76 708 315 193 133 461 382 135 247 118 288 144 89 81 75 63 80 56 122 78 196
is_linear=0
shrinkage=0.03


Tree=42
num_leaves=31
num_cat=0
split_feature=11 13 49 13 10 13 2 10 13 37 19 39 13 13 46 33 48 1 30 13 19 19 18 8 44 57 13 45 16 48
split_gain=61.3302 18.4807 22.1924 16.0164 16.2383 11.7829 9.81164 9.30965 8.74608 8.34295 6.28002 6.01333 5.96679 10.885 10.4379 9.15023 5.19333 3.79144 3.42462 3.69721 3.29447 3.22086 6.52625 3.98963 5.36651 2.81667 2.66898 2.44878 2.399 2.17785
threshold=-0.22695468355932455 -0.75999367905021098 28.500000000000004 -0.75999367905021098 0.58216583101416164 -0.71351286834145922 5568.3750000000009 0.91037613702198772 -0.84196139870471931 70.32053571500002 8.5000000000000018 818.45323660625002 -0.79250516961884265 -0.84196139870471931 24.250000000000004 154.23571425000003 1.0000000180025095e-35 127.93750000000001 58.764285715000007 -0.85111654397324854 15.500000000000002 2.5000000000000004 62.500000000000007 2.5000000000000004 28.350000000000005 285.50000000000006 -0.81301226778969637 83.500000000000014 25.550000000000004 17.500000000000004
decision_type=2 2 2 2 2 2 2 2 2 2 2 2 2 2 2 2 2 2 2 2 2 2 2 2 2 2 2 2 2 2
left_child=1 6 20 7 5 9 12 18 17 28 11 -8 13 15 -15 29 -13 -9 21 -20 -3 22 23 24 -2 -16 -10 -12 -5 -1
right_child=3 2 -4 4 -6 -7 10 8 26 -11 27 16 -14 14 25 -17 -18 -19 19 -21 -22 -23 -24 -25 -26 -27 -28 -29 -30 -31
leaf_value=2.4083406309105673 0.60468162383810775 -0.32850890931553212 6.8984141224094015 9.4703916214435289 -0.34510176824448879 -0.36500882876344293 -0.47173349048780666 -0.33018628047615972 11.546254229292909 -0.79378719562472233 5.2958593625078292 4.0243551298578906 11.333411736833577 -0.32272571265674482 -0.4668267661228333 9.2491862275500587 -0.83615621108344995 -0.056317196254164793 0.027104759704898666 -0.50886127961484451 -0.32651819009015931 -0.33018628047615972 6.4373852696838716 -0.33018628047615972 -0.56828069872075249 4.7835230246468532 -0.45396005140093659 -0.095357537494997896 4.1503126279632987 -0.14988612451277389
leaf_weight=25 37 111 48 92 89 27 50 54 30 29 39 57 79 55 20 179 25 29 33 31 28 350 20 164 60 60 33 22 22 43
leaf_count=25 37 111 48 92 89 27 50 54 30 29 39 57 79 55 20 179 25 29 33 31 28 350 20 164 60 60 33 22 22 43
internal_value=-0.00411901 0.00197979 -0.0063369 -0.00878182 -0.00225869 0.00317647 0.0043578 -0.0107907 -0.00390411 0.00660839 -0.00132124 -0.005 0.00673536 0.00518325 -0.00166667 0.00892713 0 -0.0103012 -0.0122374 -0.005625 -0.0124101 -0.0129081 -0.010516 -0.0117816 -0.00695876 0.00525 0.00452381 0.00663934 0.0102632 -0.000441176
internal_weight=1941 841 187 1100 259 170 654 841 146 143 193 132 461 382 135 247 82 83 695 64 139 631 281 261 97 80 63 61 114 68
internal_count=1941 841 187 1100 259 170 654 841 146 143 193 132 461 382 135 247 82 83 695 64 139 631 281 261 97 80 63 61 114 68
is_linear=0
shrinkage=0.03


Tree=43
num_leaves=31
num_cat=0
split_feature=11 9 49 9 6 6 2 16 11 11 23 19 18 19 17 44 8 35 23 31 9 36 19 44 58 16 18 48 11 3
split_gain=59.22 16.854 21.7894 15.5845 15.0761 16.6504 12.5632 11.6034 15.7997 8.8582 8.55637 7.26068 8.30778 6.48 5.40754 4.93838 4.65816 4.41 3.80538 3.56267 4.99203 3.28474 3.14164 2.74635 2.325 2.24416 1.83832 1.75325 1.73495 1.60602
threshold=-0.22695468355932455 141.50000000000003 28.500000000000004 141.50000000000003 25.500000000000004 28.500000000000004 859.00000000000011 25.850000000000005 0.68322629814330826 0.032701564615071184 168.50000000000003 2.5000000000000004 62.500000000000007 8.5000000000000018 29.500000000000004 28.550000000000004 2.5000000000000004 674.48214285000006 156.50000000000003 436.81428570000008 143.50000000000003 542.72857145000012 15.500000000000002 28.750000000000004 1007.4500000000002 24.750000000000004 60.500000000000007 24.500000000000004 0.81241147629689003 6595772.5000000009
decision_type=2 2 2 2 2 2 2 2 2 2 2 2 2 2 2 2 2 2 2 2 2 2 2 2 2 2 2 2 2 2
left_child=1 2 22 7 10 6 -6 8 13 14 19 12 15 -2 -5 16 24 -15 -7 25 -21 -18 -1 29 -11 -3 -22 -27 -10 -16
right_child=3 4 -4 9 5 18 -8 -9 28 11 -12 -13 -14 17 23 -17 21 -19 -20 20 26 -23 -24 -25 -26 27 -28 -29 -30 -31
leaf_value=-0.31865364203606616 -0.35405856390053964 1.9285808005199898 6.69146169873712 -0.33727565398346493 5.9474530233231624 -0.024401758566182253 -0.40557696746378186 -0.34035488142124837 2.1379132200893478 8.1372531838602402 9.7988040061401005 -0.32028069206187493 7.7493225104239274 -0.54884373348287563 0.031099054310025093 -0.32028069206187493 -0.024085286915642996 9.6025177111592495 7.5261662071298083 -1.1041093744171737 6.5585646066804841 -0.32028069206187493 -0.31672264438745457 5.2184214083556011 -0.37750193330600668 -0.047765870261266059 2.4304709235982052 -1.1563429665837659 9.6055473770804447 -0.12468353433515152
leaf_weight=111 75 35 48 51 22 51 101 56 21 30 196 398 27 20 26 149 21 25 72 20 94 60 28 27 32 20 21 22 62 20
leaf_count=111 75 35 48 51 22 51 101 56 21 30 196 398 27 20 26 149 21 25 72 20 94 60 28 27 32 20 21 22 62 20
internal_value=-0.0042272 0.00176576 -0.00617647 -0.00880909 0.0040367 -0.00182927 -0.00963415 -0.00237452 0.000960591 -0.0107907 0.00757353 -0.0120711 -0.00869906 -0.006 -0.0033871 -0.0101712 -0.00618881 0.003 0.00597561 0.00339623 0.00633333 -0.0109259 -0.0121942 0.00184932 0 -0.00175325 0.00873913 -0.00642857 0.0110241 -0.0026087
internal_weight=1941 841 187 1100 654 246 123 259 203 841 408 717 319 120 124 292 143 45 123 212 135 81 139 73 62 77 115 42 83 46
internal_count=1941 841 187 1100 654 246 123 259 203 841 408 717 319 120 124 292 143 45 123 212 135 81 139 73 62 77 115 42 83 46
is_linear=0
shrinkage=0.03


Tree=44
num_leaves=31
num_cat=0
split_feature=11 9 19 9 10 6 6 2 6 36 40 23 17 19 18 57 14 8 31 23 40 40 26 36 27 15 43 40 30 27
split_gain=57.4244 16.4028 20.8201 15.3214 15.878 14.9957 16.1341 12.5632 11.5552 9.89931 8.6251 8.53365 7.5001 6.61779 8.55175 6.26566 4.37183 4.12182 3.84306 3.51506 3.44674 5.50175 3.13912 2.83183 2.38964 2.17928 2.07651 1.79105 1.74236 1.32002
threshold=-0.22695468355932455 141.50000000000003 15.500000000000002 141.50000000000003 0.58216583101416164 25.500000000000004 28.500000000000004 859.00000000000011 16.500000000000004 57.48125000000001 604.92879465125009 168.50000000000003 29.500000000000004 2.5000000000000004 62.500000000000007 309.50000000000006 28.550000000000004 2.5000000000000004 552.42142855000009 156.50000000000003 851.24558533750007 970.54954119583329 16.250000000000004 542.72857145000012 295.50000000000006 82.500000000000014 251.67678570000001 840.07456100208344 222.95625000000004 289.50000000000006
decision_type=2 2 2 2 2 2 2 2 2 2 2 2 2 2 2 2 2 2 2 2 2 2 2 2 2 2 2 2 2 2
left_child=1 2 -1 4 8 11 7 -7 -2 12 25 18 29 14 16 -4 17 24 26 -8 -20 -22 -14 -19 -11 -10 28 -13 -3 -5
right_child=3 5 15 9 -6 6 19 -9 10 13 -12 27 22 -15 -16 -17 -18 23 20 -21 21 -23 -24 -25 -26 -27 -28 -29 -30 -31
leaf_value=-0.30909403277498415 -0.34343680698352347 0.10196093136645799 4.7444654358469336 -0.43742644477400294 -0.32453806875451668 5.7690294326234683 -0.023669705809195418 -0.39340965843986841 8.7353359481894763 -0.44023664878050739 -0.79684619288057568 10.080078306702667 0.63534676745327201 -0.31067227130001868 7.51684283511121 -0.46932981102124427 -0.31067227130001868 -0.043390626826718161 7.7373466066049632 7.3003812209159147 -1.3869570869913845 7.2108140690761582 -0.21579290246213426 -0.31067227130001868 2.9640218290567271 3.961665852521719 2.7572363682801608 5.4606308098333374 -1.0115672325172849 -0.11466669932755977
leaf_weight=111 27 31 48 39 89 22 51 101 95 33 26 165 51 389 27 28 143 20 56 72 30 27 21 61 32 22 29 31 39 25
leaf_count=111 27 31 48 39 89 22 51 101 95 33 26 165 51 389 27 28 143 20 56 72 30 27 21 61 32 22 29 31 39 25
internal_value=-0.00424266 0.00165874 -0.00617647 -0.00875455 -0.00237452 0.00389908 -0.00195122 -0.00963415 0.003 -0.0107194 0.0063986 0.00742647 -0.00330882 -0.0121489 -0.00892405 0.00592105 -0.0104325 -0.00678082 0.00325472 0.00573171 0.0070354 0.00184211 0.00333333 -0.0112963 -0.00115385 0.00987179 -0.00106061 0.0119388 -0.00385714 -0.0107812
internal_weight=1941 841 187 1100 259 654 246 123 170 841 143 408 136 705 316 76 289 146 212 123 113 57 72 81 65 117 99 196 70 64
internal_count=1941 841 187 1100 259 654 246 123 170 841 143 408 136 705 316 76 289 146 212 123 113 57 72 81 65 117 99 196 70 64
is_linear=0
shrinkage=0.03


Tree=45
num_leaves=31
num_cat=0
split_feature=11 9 49 9 6 6 2 46 11 36 23 47 19 18 19 44 30 35 2 6 47 23 16 49 2 45 41 36 4 28
split_gain=54.9974 17.3868 19.9094 14.899 14.0698 16.1341 12.5632 10.5618 15.6939 9.89931 8.80286 7.31862 6.61779 7.41527 6.03984 4.93995 4.52779 4.29522 3.87799 3.64568 4.89196 3.51506 3.24747 3.14553 2.99221 2.76905 2.73895 2.6024 1.98198 1.85636
threshold=-0.22695468355932455 141.50000000000003 28.500000000000004 141.50000000000003 25.500000000000004 28.500000000000004 859.00000000000011 25.950000000000003 0.68322629814330826 57.48125000000001 183.50000000000003 21.500000000000004 2.5000000000000004 62.500000000000007 8.5000000000000018 28.550000000000004 530.72857140000008 658.6196428500001 5454.5000000000009 25.500000000000004 40.500000000000007 156.50000000000003 23.650000000000002 15.500000000000002 7080.2589285000004 85.500000000000014 286.99834563159067 910.72857145000012 3.5000000000000004 1006.5500000000001
decision_type=2 2 2 2 2 2 2 2 2 2 2 2 2 2 2 2 2 2 2 2 2 2 2 2 2 2 2 2 2 2
left_child=1 2 23 7 10 6 -6 8 14 11 16 -5 13 15 -2 19 22 -16 -18 28 27 -7 -3 -1 -20 26 -13 -21 -11 -24
right_child=3 4 -4 9 5 21 -8 -9 -10 12 -12 25 -14 -15 17 -17 18 -19 24 20 -22 -23 29 -25 -26 -27 -28 -29 -30 -31
leaf_value=-0.2998212117917346 -0.33344361363125785 2.1300501401609786 6.4265908134026208 -0.30716995562118177 5.5959585496447639 -0.022959614634919488 -0.38160736868667239 -0.31480192669188117 8.1558688478820631 -0.30135210316101813 9.702672318370567 5.7143163318611414 -0.30135210316101813 7.2913375500578734 -0.66441040302450649 -0.30135210316101813 7.5052262084068131 8.4082156210665069 -0.45835045242762074 -0.30135210316101813 7.599479639970677 7.0813697842884364 -0.50137472966528751 -0.29580017306088552 6.9488173225773027 -0.10931873352408572 -0.022124090619041057 0.061860198659146021 -0.43826040449363773 0.97003431400069073
leaf_weight=110 76 21 48 58 22 51 101 53 83 44 148 29 389 27 21 147 94 26 45 27 21 72 41 29 21 29 20 20 30 38
leaf_count=110 76 21 48 58 22 51 101 53 83 44 148 29 389 27 21 147 94 26 45 27 21 72 41 29 21 29 20 20 30 38
internal_value=-0.00436631 0.00140904 -0.00665775 -0.00878182 0.0037156 -0.00195122 -0.00963415 -0.00249035 0.000582524 -0.0107194 0.00713235 -0.00330882 -0.0121489 -0.00892405 -0.00621951 -0.0103287 0.00380769 0.00223404 0.0069375 -0.00633803 -0.00132353 0.00573171 -0.0012 -0.0124101 0.00136364 0.00269231 0.00704082 -0.00670213 -0.0109459 -0.00398734
internal_weight=1941 841 187 1100 654 246 123 259 206 841 408 136 705 316 123 289 260 47 160 142 68 123 100 139 66 78 49 47 74 79
internal_count=1941 841 187 1100 654 246 123 259 206 841 408 136 705 316 123 289 260 47 160 142 68 123 100 139 66 78 49 47 74 79
is_linear=0
shrinkage=0.03


Tree=46
num_leaves=31
num_cat=0
split_feature=11 9 49 9 10 6 6 18 6 23 36 9 6 10 36 27 2 30 18 23 2 2 16 56 16 16 27 10 28 10
split_gain=52.3582 17.2857 19.1367 16.2222 15.3707 14.5088 14.4225 14.3123 10.965 9.41156 6.98942 6.44256 9.76588 14.6723 6.32922 6.30536 6.18634 4.43892 3.67035 3.5745 3.31987 2.99221 2.90429 2.78409 2.49976 4.26685 1.97241 1.92 1.80359 1.6133
threshold=-0.16280825711808986 141.50000000000003 15.500000000000002 141.50000000000003 0.58216583101416164 25.500000000000004 28.500000000000004 42.500000000000007 16.500000000000004 183.50000000000003 57.48125000000001 149.50000000000003 25.500000000000004 0.29012925520284133 7.2553571430000003 294.50000000000006 7606.5000000000009 545.30000000000007 22.500000000000004 158.50000000000003 5454.5000000000009 7080.2589285000004 23.650000000000002 7.6500000000000012 24.150000000000002 24.750000000000004 295.50000000000006 -0.41248606129204546 1005.5500000000001 0.91037613702198772
decision_type=2 2 2 2 2 2 2 2 2 2 2 2 2 2 2 2 2 2 2 2 2 2 2 2 2 2 2 2 2 2
left_child=1 2 -1 4 8 9 7 -7 -2 17 16 12 29 27 -10 -4 18 22 -5 28 -19 -22 -3 -16 -24 -26 -15 -14 -8 -12
right_child=3 5 15 10 -6 6 19 -9 14 -11 11 -13 13 26 23 -17 -18 20 -20 -21 21 -23 24 -25 25 -27 -28 -29 -30 -31
leaf_value=-0.29251394902081718 -0.32036421473036625 1.8037630443585668 10.650008771435386 -0.094131228164088171 -0.30376608764212337 -0.37215947166489205 -0.62683612262293475 6.1688552804402095 -0.76042124201130734 9.4115921488194498 -0.29231154006618754 -0.29231154006618754 -0.28702619293961223 3.6329628178504034 -0.44567853325762596 -0.28398330974180974 -0.44752211521858937 7.3199624126742613 5.2071328575154041 7.1597148235722843 -0.44459993885479204 6.7403528028999826 -0.73497281672970693 9.1682412953792021 4.1558226718458879 -0.41913699987683056 11.883181002106101 -0.41155040738815668 0.4713408551087363 -0.65810393377649135
leaf_weight=117 26 23 34 41 84 105 21 24 30 148 176 374 48 29 22 45 39 93 26 68 45 21 22 88 21 55 26 27 40 23
leaf_count=117 26 23 34 41 84 105 21 24 30 148 176 374 48 29 22 45 39 93 26 68 45 21 22 88 21 55 26 27 40 23
internal_value=-0.00458269 0.000816327 -0.00704082 -0.00907932 -0.0024 0.00306122 -0.00255814 -0.00965116 0.00289157 0.0064486 -0.0111434 -0.0122262 -0.00916413 -0.00276923 0.00621429 0.00436709 -0.00396226 0.00321429 0.00156716 0.00453488 0.00650943 0.00136364 -0.0011157 0.00954545 -0.00336735 -0.000789474 0.009 -0.0114 -0.000737705 -0.0133417
internal_weight=1941 882 196 1059 250 686 258 129 166 428 809 703 329 130 140 79 106 280 67 129 159 66 121 110 98 76 55 75 61 199
internal_count=1941 882 196 1059 250 686 258 129 166 428 809 703 329 130 140 79 106 280 67 129 159 66 121 110 98 76 55 75 61 199
is_linear=0
shrinkage=0.03


Tree=47
num_leaves=31
num_cat=0
split_feature=11 9 49 9 10 9 2 20 40 10 9 9 9 9 46 34 27 27 9 30 9 51 57 56 46 44 26 29 9 1
split_gain=53.2443 16.7763 17.8219 14.675 14.4771 10.6667 8.19412 7.62093 7.13801 6.91628 13.4986 9.39861 6.90312 10.1714 9.24549 8.77659 6.20236 6.04943 4.46855 3.38675 3.0926 2.92415 2.75392 2.33236 2.26223 4.88167 2.1102 1.5822 2.22304 1.47628
threshold=-0.22695468355932455 141.50000000000003 15.500000000000002 141.50000000000003 0.58216583101416164 137.50000000000003 5527.0000000000009 1.0000000180025095e-35 593.73545387833349 0.72947329433276253 150.50000000000003 146.50000000000003 144.50000000000003 149.50000000000003 24.450000000000003 123.93750000000001 287.50000000000006 294.50000000000006 144.50000000000003 58.764285715000007 149.50000000000003 359.50000000000006 285.50000000000006 7.6500000000000012 25.950000000000003 28.350000000000005 20.050000000000004 0.95000000000000007 151.50000000000003 127.93750000000001
decision_type=2 2 2 2 2 2 2 2 2 2 2 2 2 2 2 2 2 2 2 2 2 2 2 2 2 2 2 2 2 2
left_child=1 2 -1 4 5 -2 12 16 23 19 11 18 -3 14 -14 27 20 -4 -11 24 -8 -21 -16 -7 -5 -26 -9 28 -15 -12
right_child=3 6 17 9 -6 8 7 26 -10 10 29 -13 13 15 22 -17 -18 -19 -20 21 -22 -23 -24 -25 25 -27 -28 -29 -30 -31
leaf_value=-0.28205115696735811 -0.31351946792316898 10.028781618044485 11.546473062148889 -0.28354219386420193 -0.29624488626186102 -0.43230817725989823 -0.54438145899548118 3.9671891782316115 -0.70263049138327049 0.67873295437572212 -0.28354219386420193 9.0979165678368918 -0.26898117165727181 1.5928489330629827 -0.40527546787066226 9.1900633012731578 3.6909561622103131 -0.27546381044955548 -0.77727452979639633 -0.039128677707709371 -0.062889362655459982 -0.46476821942626362 5.1828324346509769 8.7575250559991193 0.44137520698235672 -0.28354219386420193 -0.17325307171833712 2.0775015013836615 -0.22688840588434417 -0.13925104203368063
leaf_weight=110 27 79 32 474 89 22 71 53 27 24 94 48 66 23 20 148 25 45 29 38 23 26 48 94 27 55 25 23 50 26
leaf_count=110 27 79 32 474 89 22 71 53 27 24 94 48 66 23 20 148 25 45 29 38 23 26 48 94 27 55 25 23 50 26
internal_value=-0.00473725 0.000945303 -0.00697861 -0.00908182 -0.00283784 0.00229412 0.00321101 -0.00190355 0.00555944 -0.0110048 -0.00644796 0.00163366 0.00541575 0.00373016 -0.00291045 0.00737705 -0.00668067 0.00409091 -0.00707547 -0.012629 -0.0102128 -0.00609375 0.00485294 0.0087931 -0.0133813 -0.00878049 0.00538462 0.0003125 -0.00184932 -0.01325
internal_weight=1941 841 187 1100 259 170 654 197 143 841 221 101 457 378 134 244 119 77 53 620 94 64 68 116 556 82 78 96 73 120
internal_count=1941 841 187 1100 259 170 654 197 143 841 221 101 457 378 134 244 119 77 53 620 94 64 68 116 556 82 78 96 73 120
is_linear=0
shrinkage=0.03


Tree=48
num_leaves=31
num_cat=0
split_feature=11 12 19 6 12 10 6 17 6 53 40 10 12 6 27 6 31 31 40 40 20 12 56 46 44 27 16 6 56 41
split_gain=53.5343 16.1039 17.719 14.9842 14.2616 14.7843 14.1504 11.231 11.142 8.30686 7.82407 6.51035 13.8721 10.1863 6.15913 4.46855 4.44471 3.48053 3.0247 4.87853 2.91894 2.7773 2.29148 2.25353 4.88167 2.07202 1.85669 3.21249 1.84377 2.12246
threshold=-0.22695468355932455 0.64987354830121502 15.500000000000002 25.500000000000004 0.64987354830121502 0.47114434510950082 28.500000000000004 42.500000000000007 16.500000000000004 183.50000000000003 593.73545387833349 0.72947329433276253 0.53946920585801694 25.500000000000004 295.50000000000006 23.500000000000004 530.72857140000008 82.108035715000014 840.07456100208344 970.54954119583329 14.500000000000002 0.53946920585801694 17.450000000000003 25.950000000000003 28.350000000000005 304.50000000000006 23.750000000000004 21.500000000000004 7.6500000000000012 356.70279228116334
decision_type=2 2 2 2 2 2 2 2 2 2 2 2 2 2 2 2 2 2 2 2 2 2 2 2 2 2 2 2 2 2
left_child=1 3 -3 9 11 8 7 -5 -6 16 28 17 -13 15 -4 -14 26 23 -18 -20 22 -19 25 -2 -25 -8 -1 -28 -10 -30
right_child=4 2 14 6 5 -7 20 -9 10 -11 -12 12 13 -15 -16 -17 18 21 19 -21 -22 -23 -24 24 -26 -27 27 -29 29 -31
leaf_value=2.0151764563421515 -0.27503592804827587 -0.27358962225833738 10.049333478674773 -0.35092492832640726 -0.30411388388547395 -0.28735753967400518 4.3478485992784419 5.171350780240509 1.4924183683325378 8.8242089212031036 -0.68155157664177246 -0.27503592804827587 0.65837096574445053 9.3138628155622829 -0.26032662697920056 -0.7539562939025044 6.8740525028498816 -0.030566198611294695 -1.1720815084509897 6.4730858583732447 9.9305465204270114 -0.44900730170735187 -0.36093143052300519 0.42813395077288646 -0.27503592804827587 -0.082574112349528397 -0.61158834500289916 0.94456450401255942 10.08600296272332 2.233006588011194
leaf_weight=21 470 111 33 101 27 97 56 22 20 148 27 123 24 45 43 29 92 38 41 27 20 30 23 27 55 24 42 37 68 20
leaf_count=21 470 111 33 101 27 97 56 22 20 148 27 123 24 45 43 29 92 38 41 27 20 30 23 27 55 24 42 37 68 20
internal_value=-0.0047527 0.000945303 -0.00681818 0.00316514 -0.00910909 -0.00295367 -0.00268293 -0.00987805 0.00259259 0.00669118 0.00611111 -0.0110048 -0.00658371 0.00183673 0.00434211 -0.00707547 0.00346154 -0.0125806 0.0065625 0.00176471 0.0045122 -0.00617647 0.00247573 -0.0133696 -0.00878049 0.004875 -0.0015 -0.00360759 0.00972222 0.0115909
internal_weight=1941 841 187 654 1100 259 246 123 162 408 135 841 221 98 76 53 260 620 160 68 123 68 103 552 82 80 100 79 108 88
internal_count=1941 841 187 654 1100 259 246 123 162 408 135 841 221 98 76 53 260 620 160 68 123 68 103 552 82 80 100 79 108 88
is_linear=0
shrinkage=0.03


Tree=49
num_leaves=31
num_cat=0
split_feature=11 9 49 6 9 6 18 47 8 36 53 26 27 16 47 6 6 46 24 11 10 16 20 56 2 6 41 26 56 6
split_gain=50.7996 16.0296 17.8219 15.2954 13.6955 13.2073 11.231 9.14935 10.2051 8.9535 8.14472 6.8634 6.04943 5.65813 5.16206 8.91893 6.4352 4.28793 4.15226 4.11008 3.4062 3.29091 3.19678 2.88891 2.74052 2.91755 2.69608 2.49719 1.98274 1.82343
threshold=-0.22695468355932455 141.50000000000003 15.500000000000002 25.500000000000004 149.50000000000003 28.500000000000004 42.500000000000007 7.5000000000000009 3.5000000000000004 57.48125000000001 183.50000000000003 14.050000000000002 294.50000000000006 25.650000000000002 42.500000000000007 25.500000000000004 19.500000000000004 24.750000000000004 34.400000000000006 -0.58216583101416131 0.58216583101416164 23.750000000000004 14.500000000000002 6.4500000000000011 5454.5000000000009 22.500000000000004 308.23219882078104 10.950000000000001 17.450000000000003 21.500000000000004
decision_type=2 2 2 2 2 2 2 2 2 2 2 2 2 2 2 2 2 2 2 2 2 2 2 2 2 2 2 2 2 2
left_child=1 2 -1 10 7 6 -5 -2 11 26 19 14 -4 17 16 20 -9 -10 -19 24 -16 -21 28 -18 -3 -26 -6 -17 -7 -23
right_child=4 3 12 5 9 22 -8 8 13 -11 -12 -13 -14 -15 15 27 23 18 -20 21 -22 29 -24 -25 25 -27 -28 -29 -30 -31
leaf_value=-0.26538193359058726 -0.26638765215730453 6.5702290137351795 10.898598865924184 -0.34039718047661505 -0.12682243293122206 1.5199491134806302 5.0162102568332942 10.107339247902274 -0.31030590286166809 -0.26678485020682763 8.5594826535670112 -0.40668318612802318 -0.25939009732669283 -0.26675378641629838 0.30360802736382508 10.96214469054094 4.3227332934576062 7.8543637766787775 -0.33145553033284941 2.801316793208334 -0.46399567000649911 -0.35476977204635629 9.6326301248142006 -0.38244655150913759 -1.1768706629998775 6.498284949389566 0.040696533289276679 -0.66459666544805029 -0.35010348760731486 0.29343000705156613
leaf_weight=110 145 104 32 101 44 80 22 41 33 375 148 35 45 124 26 31 20 36 21 21 60 44 20 65 25 28 24 20 23 38
leaf_count=110 145 104 32 101 44 80 22 41 33 375 148 35 45 124 26 31 20 36 21 21 60 44 20 65 25 28 24 20 23 38
internal_value=-0.00478362 0.000766944 -0.00697861 0.00298165 -0.00902727 -0.00292683 -0.00987805 -0.00627854 -0.00439453 -0.0131038 0.00654412 -0.000805369 0.00409091 -0.00939252 0.000855513 -0.00317518 0.0052381 -0.00366667 0.00131579 0.00334615 -0.00906977 -0.00131068 0.00402439 0.000529412 0.00640127 0.000849057 -0.00308824 0.00676471 0.0018932 -0.00402439
internal_weight=1941 841 187 654 1100 246 123 657 512 443 408 298 77 214 263 137 126 90 57 260 86 103 123 85 157 53 68 51 103 82
internal_count=1941 841 187 654 1100 246 123 657 512 443 408 298 77 214 263 137 126 90 57 260 86 103 123 85 157 53 68 51 103 82
is_linear=0
shrinkage=0.03


Tree=50
num_leaves=31
num_cat=0
split_feature=11 9 49 6 6 9 36 18 47 8 26 23 46 47 6 6 54 4 31 10 20 9 56 41 36 47 10 56 28 57
split_gain=49.2659 16.0415 17.4809 14.7835 13.8846 12.8248 11.1015 9.80731 9.09692 9.89746 8.07652 7.2792 5.16199 4.80522 9.33738 6.49461 4.34603 8.00952 4.24588 3.22141 2.96238 2.90847 2.87563 2.68254 2.59983 2.36155 2.34504 2.27913 2.22017 1.84788
threshold=-0.290129255202841 141.50000000000003 28.500000000000004 25.500000000000004 28.500000000000004 149.50000000000003 57.48125000000001 42.500000000000007 7.5000000000000009 3.5000000000000004 14.050000000000002 183.50000000000003 25.350000000000005 42.500000000000007 25.500000000000004 19.500000000000004 34.400000000000006 4.5000000000000009 545.30000000000007 0.58216583101416164 14.500000000000002 143.50000000000003 6.4500000000000011 321.11657227109714 257.67857145000005 18.500000000000004 0.72947329433276253 17.450000000000003 1007.35 166.50000000000003
decision_type=2 2 2 2 2 2 2 2 2 2 2 2 2 2 2 2 2 2 2 2 2 2 2 2 2 2 2 2 2 2
left_child=1 2 25 11 7 8 23 -5 -2 10 13 18 16 15 19 -10 17 -11 29 -15 27 -20 -17 -7 -14 -1 -16 -6 -4 -3
right_child=5 3 28 4 20 6 -8 -9 9 12 -12 -13 24 14 26 22 -18 -19 21 -21 -22 -23 -24 -25 -26 -27 -28 -29 -30 -31
leaf_value=-0.43812427747802585 -0.25839602259258543 1.553873328057954 7.500358906451452 -0.3301852650623166 1.6894830601337298 -0.1239678440576636 -0.25878130470062283 4.3893668324290767 9.804119070465207 -0.33259123056338041 -0.5056981575052536 8.4724814836684423 -0.4338510135523278 0.29449978654291042 -0.32233903961719418 4.1930512946538778 -0.30289473688244256 9.388298179305453 -0.30856140140651489 -0.45007579990630414 9.3436512210697735 5.8896846343752598 -0.37097315496386357 0.052758873317532248 -0.25875117282380944 -0.25742047558286962 10.645467849824712 -0.33960038297909506 3.255433964267771 -0.61693282581022058
leaf_weight=26 149 28 24 97 76 63 376 20 41 20 40 148 20 26 21 20 42 28 30 62 20 127 67 21 113 105 32 21 23 55
leaf_count=26 149 28 24 97 76 63 376 20 41 20 40 148 20 26 21 20 42 28 30 62 20 127 67 21 113 105 32 21 23 55
internal_value=-0.00484544 0.0008625 -0.00707865 0.00313505 -0.00282051 -0.0088475 -0.0127174 -0.0101282 -0.00623348 -0.0043985 -0.00092233 0.0067268 -0.00921525 0.000947955 -0.00287234 0.00515625 -0.00366667 0.0025 0.0035 -0.00886364 0.00448718 0.00640127 0.000517241 -0.00285714 -0.0129699 -0.0127099 0.00707547 0.00231959 0.00861702 -0.00198795
internal_weight=1941 800 178 622 234 1141 460 117 681 532 309 388 223 269 141 128 90 48 240 88 117 157 87 84 133 131 53 97 47 83
internal_count=1941 800 178 622 234 1141 460 117 681 532 309 388 223 269 141 128 90 48 240 88 117 157 87 84 133 131 53 97 47 83
is_linear=0
shrinkage=0.03


Tree=51
num_leaves=31
num_cat=0
split_feature=11 12 49 6 6 12 23 18 47 8 26 23 16 37 47 6 6 31 37 10 37 40 6 27 47 18 57 10 27 6
split_gain=48.0186 16.1165 16.4502 14.7018 13.4017 12.2255 11.1199 9.80731 8.8539 9.4394 7.82907 7.1461 5.44488 8.90909 4.77938 8.68597 6.80756 3.52654 3.47553 3.22141 2.98998 2.96875 4.14982 2.55449 2.36155 2.34432 2.07568 2.01662 1.99622 1.84091
threshold=-0.290129255202841 0.64987354830121502 28.500000000000004 25.500000000000004 28.500000000000004 0.53946920585801694 26.000000000000004 42.500000000000007 7.5000000000000009 3.5000000000000004 14.050000000000002 183.50000000000003 25.350000000000005 2.5928571430000003 42.500000000000007 25.500000000000004 19.500000000000004 545.30000000000007 485.12589285000007 0.58216583101416164 833.9312500000002 830.56169397083352 22.500000000000004 294.50000000000006 18.500000000000004 17.500000000000004 276.50000000000006 0.72947329433276253 280.50000000000006 21.500000000000004
decision_type=2 2 2 2 2 2 2 2 2 2 2 2 2 2 2 2 2 2 2 2 2 2 2 2 2 2 2 2 2 2
left_child=1 3 24 11 7 6 -2 -5 -7 10 14 17 13 29 16 19 -10 28 -4 -16 -6 -19 -23 -18 -3 -8 -14 -17 -1 -11
right_child=5 2 18 4 20 8 25 -9 9 12 -12 -13 26 -15 15 27 23 21 -20 -21 -22 22 -24 -25 -26 -27 -28 -29 -30 -31
leaf_value=0.86080846883889928 -0.25101786555960415 -0.42498054915368505 -0.17021790046819377 -0.32027970711044712 0.12791838924974414 -0.25064414191480788 0.061092117507953562 4.2576858274562044 9.5099954983512536 9.106649233926289 -0.49052721278009592 8.2183070391583914 -0.26297166470658179 -0.38949018060453566 0.28566479294662256 -0.31266886842867847 -0.36306324973199977 6.3870072088577983 9.8988746631749631 -0.43657352590911502 7.8211911428031824 -0.88526394272849218 5.9724909153679686 6.4852490304005865 -0.24969786131538357 -0.15283981501690683 -0.25098863763909518 10.326103814329969 -0.63066416750765109 -0.046029792014334166
leaf_weight=51 395 26 20 97 82 149 30 20 41 22 40 148 24 44 26 21 66 86 27 62 35 30 41 21 105 35 111 32 32 22
leaf_count=51 395 26 20 97 82 149 30 20 41 22 40 148 24 44 26 21 66 86 27 62 35 30 41 21 105 35 111 32 32 22
internal_value=-0.00492272 0.0007125 -0.00724719 0.00299035 -0.00294872 -0.00887379 -0.0126522 -0.0101282 -0.00632159 -0.00451128 -0.0011165 0.00657216 -0.00921525 -0.00340909 0.000724907 -0.00308511 0.00492188 0.003375 0.00797872 -0.00886364 0.00423077 0.00601911 0.00147887 0.000172414 -0.0127099 -0.00115385 -0.013 0.00650943 -0.00162651 0.00613636
internal_weight=1941 800 178 622 234 1141 460 117 681 532 309 388 223 88 269 141 128 240 47 88 117 157 71 87 131 65 135 53 83 44
internal_count=1941 800 178 622 234 1141 460 117 681 532 309 388 223 88 269 141 128 240 47 88 117 157 71 87 131 65 135 53 83 44
is_linear=0
shrinkage=0.03


Tree=52
num_leaves=31
num_cat=0
split_feature=11 9 46 6 6 9 1 17 17 8 23 37 26 57 2 46 37 58 8 58 31 40 6 15 58 36 37 43 18 45
split_gain=47.2701 15.8142 16.4801 14.8593 12.9274 11.8071 11.7539 9.80731 9.51878 9.72537 7.36405 6.28793 6.20896 5.03718 6.27673 4.7917 9.64521 4.71256 4.08107 3.69231 3.50073 2.78922 4.14982 2.70441 4.81355 2.61303 2.52062 2.09623 2.04848 1.67348
threshold=-0.290129255202841 141.50000000000003 24.350000000000005 25.500000000000004 28.500000000000004 149.50000000000003 99.000000000000014 42.500000000000007 6.5000000000000009 3.5000000000000004 181.00000000000003 345.28125000000006 14.15 269.50000000000006 97.982142855000021 25.350000000000005 2.5928571430000003 1004.6500000000002 1.0000000180025095e-35 1007.4500000000002 552.42142855000009 830.56169397083352 22.500000000000004 77.500000000000014 1007.0500000000001 257.67857145000005 833.9312500000002 251.67678570000001 1.0000000180025095e-35 80.500000000000014
decision_type=2 2 2 2 2 2 2 2 2 2 2 2 2 2 2 2 2 2 2 2 2 2 2 2 2 2 2 2 2 2
left_child=1 2 -1 10 7 8 -7 -5 -2 12 20 -4 13 23 17 16 -11 -15 -19 -20 27 -22 -23 -10 29 -17 -6 -3 -8 -25
right_child=5 3 11 4 26 6 28 -9 9 15 -12 -13 -14 14 -16 25 -18 18 19 -21 21 22 -24 24 -26 -27 -28 -29 -30 -31
leaf_value=-0.2422069254759221 -0.24339474598667676 -0.44320594809942376 -0.66102468403067172 -0.3106713158971337 0.12408083757225143 -0.24348732959281602 0.049343343592767749 4.1299552526325183 -1.009735546378415 6.6775324484684226 7.6881642125205252 8.5959358689262935 -0.47581139639669279 -0.28080844168806313 8.165152340045875 -0.41330582401658505 -0.34897119100384821 -0.52419608324327649 9.1608276160268929 -0.22100325084853267 6.3377615447228361 -0.85870602444663802 5.793316187906929 -0.17707856641050121 -0.42864189314538775 -0.24345897850992232 7.5865554085190876 2.2475486200278771 -0.14051087992892292 4.5646696832102922
leaf_weight=121 126 53 20 97 82 372 33 20 20 42 152 37 42 36 41 20 49 28 52 26 83 30 41 24 39 116 35 29 55 20
leaf_count=121 126 53 20 97 82 372 33 20 20 42 152 37 42 36 41 20 49 28 52 26 83 30 41 24 39 116 35 29 55 20
internal_value=-0.00495363 0.0006375 -0.00724719 0.00289389 -0.00307692 -0.00887379 -0.012587 -0.0101282 -0.00636564 -0.00467568 0.00649485 0.00605263 -0.00137195 0.00020979 0.00319672 -0.00944934 -0.00412088 0.000211268 0.00339623 0.00692308 0.00317797 0.00584416 0.00147887 -0.00509709 -0.00271084 -0.0130147 0.00397436 -0.00182927 -0.00272727 0.00409091
internal_weight=1941 800 178 622 234 1141 460 117 681 555 388 57 328 286 183 227 91 142 106 78 236 154 71 103 83 136 117 82 88 44
internal_count=1941 800 178 622 234 1141 460 117 681 555 388 57 328 286 183 227 91 142 106 78 236 154 71 103 83 136 117 82 88 44
is_linear=0
shrinkage=0.03


Tree=53
num_leaves=31
num_cat=0
split_feature=11 9 49 9 10 9 36 40 40 9 9 46 34 49 18 47 44 20 57 37 26 45 38 45 56 49 57 54 14 40
split_gain=48.1784 16.3996 16.0577 13.4527 13.108 10.4494 7.83553 7.66268 7.52094 6.91809 9.25759 10.6049 7.01199 6.06341 7.66639 5.63823 4.70254 4.02395 5.69605 3.85714 3.63499 3.04023 4.59392 2.83932 2.80702 2.58686 2.40455 2.30648 2.14077 2.06127
threshold=-0.22695468355932455 141.50000000000003 28.500000000000004 141.50000000000003 0.47114434510950082 137.50000000000003 57.48125000000001 475.22768601247918 838.10141369375003 144.50000000000003 149.50000000000003 24.550000000000004 123.93750000000001 2.5000000000000004 62.500000000000007 15.500000000000002 28.550000000000004 1.0000000180025095e-35 287.50000000000006 485.12589285000007 7.8500000000000005 85.500000000000014 241.68013393750005 87.500000000000014 7.6500000000000012 15.500000000000002 285.50000000000006 344.15000000000003 27.950000000000003 378.07302828229172
decision_type=2 2 2 2 2 2 2 2 2 2 2 2 2 2 2 2 2 2 2 2 2 2 2 2 2 2 2 2 2 2
left_child=1 2 25 4 5 -2 15 24 9 -3 11 29 -12 14 16 -5 20 18 -10 -4 23 22 -17 -8 -7 -1 -13 -19 -25 -11
right_child=3 8 19 6 -6 7 13 -9 17 10 12 26 -14 -15 -16 21 -18 27 -20 -21 -22 -23 -24 28 -26 -27 -28 -29 -30 -31
leaf_value=-0.23497592876406487 -0.26052203852513939 8.8035339917546871 -0.16834524392217418 -0.23758261014797713 -0.23971741111565126 1.251491304104565 -0.2470790787596365 -0.42606717109430836 -0.56620873756770151 -0.32234374998339305 -0.015625968429580438 -0.39410029373417327 6.8739599225430243 -0.23618270970503155 6.5336116887068387 2.1481600157040006 -0.23618270970503155 -0.088340647812790385 4.1665934149149821 9.344030347211925 0.046204027354858963 -0.10787018731173102 -0.25390759405009822 -0.2361862729451539 8.5557958177813784 -0.23207149466291599 5.4842653068678082 3.3514889468721694 1.2457496657589886 -0.21385781896925185
leaf_weight=110 27 78 21 49 97 20 55 39 89 24 96 20 173 391 27 38 146 31 25 27 45 29 20 21 76 29 44 23 20 51
leaf_count=110 27 78 21 49 97 20 55 39 89 24 96 20 173 391 27 38 146 31 25 27 45 29 20 21 76 29 44 23 20 51
internal_value=-0.00503091 0.000374554 -0.00745989 -0.00916364 -0.00318533 0.00203704 -0.0110048 0.00544444 0.00261468 0.00450617 0.00294118 -0.00334532 0.00618959 -0.0122766 -0.00917197 -0.00441176 -0.0106098 -0.00285714 -0.00605263 0.0075 -0.00670213 0.000172414 0.00413793 -0.01 0.01 -0.0126259 0.005625 0.00388889 -0.00402439 -0.011
internal_weight=1941 841 187 1100 259 162 841 135 654 486 408 139 269 705 314 136 287 168 114 48 141 87 58 96 96 139 64 54 41 75
internal_count=1941 841 187 1100 259 162 841 135 654 486 408 139 269 705 314 136 287 168 114 48 141 87 58 96 96 139 64 54 41 75
is_linear=0
shrinkage=0.03


Tree=54
num_leaves=31
num_cat=0
split_feature=11 9 46 6 6 9 36 47 8 18 26 23 37 57 40 6 49 11 11 36 4 57 31 52 34 9 26 56 44 43
split_gain=46.864 15.5885 15.6053 14.3024 12.4615 12.3007 9.94574 8.9312 10.1881 8.32948 6.64665 6.57741 5.80903 4.42864 5.8769 5.55487 4.18946 3.9518 3.88886 3.66172 3.56698 3.29032 2.84535 2.56485 2.47231 2.72222 1.92282 1.89125 1.98616 1.86636
threshold=-0.290129255202841 141.50000000000003 24.350000000000005 25.500000000000004 28.500000000000004 149.50000000000003 12.693750000000003 6.5000000000000009 3.5000000000000004 42.500000000000007 14.050000000000002 181.00000000000003 345.28125000000006 269.50000000000006 5.052046131041668 25.500000000000004 36.500000000000007 0.68322629814330826 0.91037613702198772 542.72857145000012 3.5000000000000004 274.50000000000006 552.42142855000009 745.50000000000011 742.5562500000002 143.50000000000003 19.950000000000003 9.0500000000000025 28.750000000000004 251.67678570000001
decision_type=2 2 2 2 2 2 2 2 2 2 2 2 2 2 2 2 2 2 2 2 2 2 2 2 2 2 2 2 2 2
left_child=1 2 -1 11 9 7 -7 -2 10 -5 13 22 -4 20 15 18 19 -17 -15 21 -9 -10 29 -6 -24 -26 -23 -22 -29 -3
right_child=5 3 12 4 23 6 -8 8 16 -11 -12 -13 -14 14 -16 17 -18 -19 -20 -21 27 26 24 -25 25 -27 -28 28 -30 -31
leaf_value=-0.22789143984872248 -0.22898972519672325 -0.43554329636072847 -0.63518769243097517 -0.29493544185114212 0.45775503911003057 -0.072392946912318554 -0.22909722841388058 3.3517452306049429 0.35635450667287583 3.9297041198565399 -0.35000269142750706 7.2994354784236819 8.0577368824421463 -0.41241745344903574 8.0671979617334379 9.7562679706168343 3.2279700627890491 -0.31988339372594965 8.4826391724207415 -0.22905686918615992 -0.54195859563276794 -0.40260672664571129 6.425850349210747 8.0616919568041556 -0.81595858158620871 3.6236485162176706 -0.21529826878745878 0.060196878442143026 -0.96666146485423321 1.9160161416744028
leaf_weight=121 129 53 20 97 97 64 396 28 29 20 44 152 37 51 49 31 22 27 23 104 25 49 58 20 24 72 23 24 23 29
leaf_count=121 129 53 20 97 97 64 396 28 29 20 44 152 37 51 49 31 22 27 23 104 25 49 58 20 24 72 23 24 23 29
internal_value=-0.00515456 0.0004125 -0.00741573 0.00265273 -0.00320513 -0.00905784 -0.0128478 -0.0064978 -0.00483696 -0.0101282 -0.00143077 0.00618557 0.00552632 0.000266904 0.0030663 -0.000227273 -0.00971366 0.00672414 -0.00567568 -0.0110488 -0.0048 -0.0069802 0.00305085 0.00371795 0.00545455 0.0025 -0.0104167 -0.00833333 -0.00478723 -0.00146341
internal_weight=1941 800 178 622 234 1141 460 681 552 117 325 388 57 281 181 132 227 58 74 205 100 101 236 117 154 96 72 72 47 82
internal_count=1941 800 178 622 234 1141 460 681 552 117 325 388 57 281 181 132 227 58 74 205 100 101 236 117 154 96 72 72 47 82
is_linear=0
shrinkage=0.03


Tree=55
num_leaves=31
num_cat=0
split_feature=11 9 46 9 10 9 40 36 27 9 9 17 18 37 49 8 10 9 53 10 9 10 8 2 56 44 39 39 3 58
split_gain=47.0134 16.1147 14.7544 12.8776 12.0415 10.3454 8.7619 8.38545 7.98681 9.96783 11.6905 8.32948 7.88279 5.3491 5.16936 6.55234 6.33082 6.96756 4.90466 4.62691 5.95238 4.24075 3.82618 3.62975 2.80702 2.31841 1.8433 1.82976 1.75325 1.75208
threshold=-0.290129255202841 141.50000000000003 24.350000000000005 141.50000000000003 0.47114434510950082 137.50000000000003 475.22768601247918 122.85625 223.00000000000003 146.50000000000003 149.50000000000003 42.500000000000007 43.500000000000007 345.28125000000006 2.5000000000000004 3.5000000000000004 -0.41248606129204546 146.50000000000003 158.50000000000003 -0.32143946530316159 143.50000000000003 0.72947329433276253 5.5000000000000009 6001.0000000000009 7.6500000000000012 28.950000000000003 645.40245537500016 1013.0575893437501 6346132.7145000007 1005.5500000000001
decision_type=2 2 2 2 2 2 2 2 2 2 2 2 2 2 2 2 2 2 2 2 2 2 2 2 2 2 2 2 2 2
left_child=1 2 -1 4 5 -2 24 12 -3 19 11 -11 23 -4 15 16 -9 -18 29 20 -10 -19 -21 25 -7 -5 -20 -28 -8 -12
right_child=3 8 13 7 -6 6 28 14 9 10 18 -13 -14 -15 -16 -17 17 21 26 22 -22 -23 -24 -25 -26 -27 27 -29 -30 -31
leaf_value=-0.2210546966532608 -0.2442080783082852 4.0904161771828225 -0.61613206165804513 -0.12072266099785452 -0.23371551700103235 1.036430798936044 -0.71464084407375172 -0.60015619359765349 -0.96421675629507742 -0.28608737859560784 -0.67428708055018005 3.8118129962608438 6.4818360986245205 7.8160047759688833 -0.22222431156146419 -0.22222431156146419 -0.74890906617630637 -0.10203865274971746 0.017745515052387192 9.7499356010334601 3.5124399378584865 7.340017769621987 -0.25325594559237968 -0.22848665747568037 8.1270366005559325 0.22460854142935915 8.1191479823767505 3.200718718055493 0.41458236308425622 0.27326370468190775
leaf_weight=121 28 157 20 55 102 20 22 43 28 97 32 20 33 37 358 146 29 55 25 90 42 24 25 105 76 25 38 20 20 48
leaf_count=121 28 157 20 55 102 20 22 43 28 97 32 20 33 37 358 146 29 55 25 90 42 24 25 105 76 25 38 20 20 48
internal_value=-0.00520093 0.000375 -0.00758427 -0.00911043 -0.00335821 0.00162651 0.005 -0.0108763 0.00265273 0.000677419 -0.00289286 -0.0101282 -0.00577982 0.005 -0.0125725 -0.00964646 -0.0052649 -0.00138889 0.00230061 0.00608108 0 0.00322785 0.00978261 -0.00818919 0.01 -0.003375 0.00740964 0.0103448 -0.00642857 -0.003
internal_weight=1941 800 178 1141 268 166 138 873 622 465 280 117 218 57 655 297 151 108 163 185 70 79 115 185 96 80 83 58 42 80
internal_count=1941 800 178 1141 268 166 138 873 622 465 280 117 218 57 655 297 151 108 163 185 70 79 115 185 96 80 83 58 42 80
is_linear=0
shrinkage=0.03


Tree=56
num_leaves=31
num_cat=0
split_feature=11 9 46 6 9 6 36 17 8 17 53 2 2 6 10 10 37 46 37 11 6 20 57 2 2 1 46 24 27 53
split_gain=46.6807 15.6624 14.7544 14.222 12.294 12.0043 9.3419 8.8548 8.44877 8.32948 7.00201 6.29731 6.24353 6.91229 7.61832 7.06935 5.3491 4.21712 8.95474 3.25642 2.76385 2.70107 2.64863 2.35191 2.71195 2.26522 2.21273 1.88245 1.77846 1.68873
threshold=-0.290129255202841 141.50000000000003 24.350000000000005 25.500000000000004 149.50000000000003 28.500000000000004 12.693750000000003 6.5000000000000009 3.5000000000000004 42.500000000000007 181.00000000000003 7167.6875000000009 4990.3125000000009 25.500000000000004 0.47114434510950082 0.29012925520284133 345.28125000000006 25.350000000000005 2.5928571430000003 -0.58216583101416131 19.500000000000004 14.500000000000002 283.50000000000006 5454.5000000000009 6676.8125000000009 999.18750000000011 23.850000000000005 161.70000000000002 281.50000000000006 329.50000000000006
decision_type=2 2 2 2 2 2 2 2 2 2 2 2 2 2 2 2 2 2 2 2 2 2 2 2 2 2 2 2 2 2
left_child=1 2 -1 10 7 9 25 -2 11 -5 19 12 13 14 20 -15 -4 18 -10 23 -9 -7 -19 -3 -25 -6 -21 -28 -29 -12
right_child=4 3 16 5 6 21 -8 8 17 -11 29 -13 -14 15 -16 -17 -18 22 -20 26 -22 -23 -24 24 -26 -27 27 28 -30 -31
leaf_value=-0.21442305575366297 -0.21547100121317986 5.3993419693739035 -0.59764809980830358 -0.27750475723773954 0.090146549086253691 0.43582447679627251 -0.21555758221462024 9.0287158333175075 6.0437491784824537 3.6974586063730177 7.3821254730982435 -0.75566271166478993 6.4027696642993712 -0.3186986241904301 -0.37775018849021508 6.8293232609798178 7.5815246326898178 -0.22670405149100137 -0.31806102918139928 2.2234840522745167 -0.52353090283994963 8.2661462359037632 -0.21553129244104494 -1.1893877010287601 2.2437619493010095 -0.12796476542631438 -0.46134505638266149 1.735823172108685 -0.86950911640167816 2.5146029515997537
leaf_weight=121 126 100 20 97 22 97 396 22 42 20 128 55 47 29 83 72 37 24 49 21 20 20 112 33 20 42 21 21 20 24
leaf_count=121 126 100 20 97 22 97 396 22 42 20 128 55 47 29 83 72 37 24 49 21 20 20 112 33 20 42 21 21 20 24
internal_value=-0.00529366 0.0002625 -0.00758427 0.00250804 -0.00918931 -0.00333333 -0.0129783 -0.00662996 -0.005 -0.0101282 0.00603093 -0.00192073 -5.49451e-05 -0.00212389 -0.00684 0.00371287 0.005 -0.00944934 -0.00445055 0.00279661 0.00357143 0.00346154 -0.0127941 0.00539216 0.000283019 -0.00234375 -0.00198795 -0.00483871 -0.00109756 0.0110526
internal_weight=1941 800 178 622 1141 234 460 681 555 117 388 328 273 226 125 101 57 227 91 236 42 117 136 153 53 64 83 62 41 152
internal_count=1941 800 178 622 1141 234 460 681 555 117 388 328 273 226 125 101 57 227 91 236 42 117 136 153 53 64 83 62 41 152
is_linear=0
shrinkage=0.03


Tree=57
num_leaves=31
num_cat=0
split_feature=11 9 49 9 10 9 10 9 9 40 17 57 35 36 9 34 9 30 53 40 16 34 51 2 36 56 24 17 30 3
split_gain=45.9808 15.7365 14.8264 12.5832 11.3861 9.90047 8.14836 12.8662 9.20313 8.10792 7.34659 7.7995 5.36268 4.99025 4.85161 5.58222 4.73433 4.1752 4.13161 3.62937 2.87397 2.73639 2.53353 2.96882 2.49537 2.46711 2.025 1.85274 1.78759 1.75325
threshold=-0.290129255202841 141.50000000000003 28.500000000000004 141.50000000000003 0.47114434510950082 137.50000000000003 0.72947329433276253 149.50000000000003 146.50000000000003 475.22768601247918 12.500000000000002 287.50000000000006 522.16250000000014 248.08303570000001 144.50000000000003 182.19285710000003 151.50000000000003 58.764285715000007 174.50000000000003 840.07456100208344 23.850000000000005 683.04464285000006 359.50000000000006 7477.7500000000009 12.693750000000003 7.6500000000000012 632.05000000000007 18.500000000000004 815.06428575000007 6346132.7145000007
decision_type=2 2 2 2 2 2 2 2 2 2 2 2 2 2 2 2 2 2 2 2 2 2 2 2 2 2 2 2 2 2
left_child=1 2 27 4 5 -2 17 8 13 25 11 12 18 -8 -12 -16 26 -5 20 -18 -3 -20 23 -19 -9 -7 -17 -1 -4 -11
right_child=3 10 28 6 -6 9 7 24 -10 29 14 -13 -14 -15 15 16 19 22 21 -21 -22 -23 -24 -25 -26 -27 -28 -29 -30 -31
leaf_value=-0.37801457128420546 -0.23041770592264124 -0.1749308789725425 1.8726699527358368 -0.20909085474818165 -0.21990292994627134 0.87776010101079915 0.65794887280411218 -0.065197323348193087 7.7729672408782031 -0.82999569869370105 9.3894034711426873 2.8909300397149154 -0.28504554658705322 -0.6128877552204508 -0.11017452258808347 2.1108803836790719 6.8436399527625165 0.22170922814926852 3.0641116236902262 0.10736283806339315 5.4833465070932546 -0.1764274370769871 -0.54447153387955005 -0.23789128553047564 -0.20909085474818165 7.6517532200750011 -0.53570258052786512 -0.20799036408105309 10.603760520560144 0.32358592378966022
leaf_weight=26 28 26 27 556 102 20 27 24 48 22 44 67 59 30 140 20 125 23 24 33 27 37 35 22 108 76 20 105 20 20
leaf_count=26 28 26 27 556 102 20 27 24 48 22 44 67 59 30 140 20 125 23 24 33 27 37 35 22 108 76 20 105 20 20
internal_value=-0.00540185 0.0001125 -0.00775281 -0.00926819 -0.00358209 0.00126506 -0.0110137 -0.00626582 0.00157143 0.00456522 0.00236334 -0.00175 -0.00511561 -0.00657895 0.00494764 0.00372781 0.0069697 -0.012783 -0.00131579 0.0093038 0.00481132 -0.00663934 -0.006375 -0.00166667 -0.0125 0.009375 -0.00225 -0.0129389 0.00670213 -0.00642857
internal_weight=1941 800 178 1141 268 166 873 237 105 138 622 240 173 57 382 338 198 636 114 158 53 61 80 45 132 96 40 131 47 42
internal_count=1941 800 178 1141 268 166 873 237 105 138 622 240 173 57 382 338 198 636 114 158 53 61 80 45 132 96 40 131 47 42
is_linear=0
shrinkage=0.03


Tree=58
num_leaves=31
num_cat=0
split_feature=1 46 8 57 36 9 36 57 19 8 49 18 2 56 45 14 58 37 53 8 57 21 16 40 38 27 16 8 6 26
split_gain=43.2311 13.8535 14.4673 10.64 8.9458 8.4607 14.3588 7.56603 9.06779 8.03494 5.88141 6.38571 5.4999 5.1151 4.86576 3.77069 3.67021 3.36538 3.12918 2.7695 2.91483 2.73456 3.99059 2.60219 2.51589 3.85714 2.4641 2.34976 2.27977 2.42
threshold=3255.6250000000005 24.550000000000004 3.5000000000000004 55.000000000000007 273.36607145000005 141.50000000000003 57.48125000000001 305.50000000000006 36.500000000000007 1.5000000000000002 2.5000000000000004 63.500000000000007 6013.8333335000016 17.450000000000003 84.500000000000014 28.550000000000004 1004.35 719.56250000000011 141.50000000000003 2.5000000000000004 245.50000000000003 98.500000000000014 23.950000000000003 966.7769965270835 791.57388390000017 285.50000000000006 23.750000000000004 1.5000000000000002 16.500000000000004 9.1500000000000004
decision_type=2 2 2 2 2 2 2 2 2 2 2 2 2 2 2 2 2 2 2 2 2 2 2 2 2 2 2 2 2 2
left_child=5 2 3 -2 23 7 12 9 -9 16 11 15 14 24 21 19 -1 -15 28 -8 -21 -7 -23 -5 25 -4 -19 -14 -3 -30
right_child=1 18 13 4 -6 6 10 8 -10 -11 -12 -13 27 17 -16 -17 -18 26 -20 20 -22 22 -24 -25 -26 -27 -28 -29 29 -31
leaf_value=-0.036200502593993635 2.9836490626708416 -1.1194703465233669 8.9481190080168744 -0.20178586421104192 6.3048965569140574 10.377802861365591 -0.29139204796352147 -0.20082561252335518 7.1030974642404745 -0.2161293246882883 -0.20281812910573621 6.0876523738912853 -0.0046081409594039609 -0.31291866113947642 -0.088759599109260387 -0.20281812910573621 9.3434564174144725 4.1346049665674709 6.955352510322423 -0.015162566644236966 -0.20281812910573621 5.3907120114658564 -0.30878193433467116 -0.38389085943037887 8.1431756119812722 -0.24344078627475596 -1.1618877174485225 -0.26596196896793489 3.724471856380446 -0.16220140020232293
leaf_weight=29 40 31 21 196 25 20 65 105 28 95 391 23 23 35 50 146 40 39 136 22 63 21 32 22 68 27 26 72 25 25
leaf_count=29 40 31 21 196 25 20 65 105 28 95 391 23 23 35 50 146 40 39 136 22 63 21 32 22 68 27 26 72 25 25
internal_value=-0.00547913 0.000377095 -0.00237475 -0.00683746 -0.00919753 -0.00890204 -0.0103125 -0.00449495 -0.00981203 -0.000182927 -0.0123803 -0.00935737 -0.00357798 0.00347222 0.000609756 -0.0105405 0.0076087 -0.0015 0.00670507 -0.0072 -0.0107647 0.00554795 0.00198113 -0.0111468 0.00775862 0.0025 0.00253846 -0.009 0.00203704 0.006
internal_weight=1941 716 499 283 243 1225 928 297 133 164 710 319 218 216 123 296 69 100 217 150 85 73 53 218 116 48 65 95 81 50
internal_count=1941 716 499 283 243 1225 928 297 133 164 710 319 218 216 123 296 69 100 217 150 85 73 53 218 116 48 65 95 81 50
is_linear=0
shrinkage=0.03


Tree=59
num_leaves=31
num_cat=0
split_feature=11 12 6 49 12 6 11 11 16 17 4 49 49 18 41 44 8 18 53 40 40 16 20 37 57 56 48 58 46 56
split_gain=41.0819 15.1404 13.4421 12.9617 12.4671 12.0043 9.07184 8.85796 7.79509 7.4227 6.37052 6.62134 6.00524 5.7231 5.07675 3.96207 3.72615 3.59003 3.24573 3.14507 4.3395 5.59324 2.98409 2.41606 2.32143 2.21815 2.00016 1.91942 1.87549 1.86546
threshold=-0.290129255202841 0.64987354830121502 25.500000000000004 28.500000000000004 0.64987354830121502 28.500000000000004 0.032701564615071184 0.84874750804349197 25.650000000000002 42.500000000000007 17.500000000000004 8.5000000000000018 2.5000000000000004 62.500000000000007 339.22157483328903 28.550000000000004 2.5000000000000004 44.500000000000007 193.50000000000003 970.54954119583329 840.07456100208344 24.750000000000004 14.500000000000002 493.91875000000005 255.50000000000003 17.450000000000003 18.500000000000004 1007.4500000000002 25.550000000000004 18.150000000000002
decision_type=2 2 2 2 2 2 2 2 2 2 2 2 2 2 2 2 2 2 2 2 2 2 2 2 2 2 2 2 2 2
left_child=1 2 14 -3 6 9 17 10 -9 -4 -6 -12 13 15 18 16 27 -2 19 20 21 -1 25 -5 -18 26 -7 -8 -23 -22
right_child=4 3 5 23 7 22 12 8 -10 -11 11 -13 -14 -15 -16 -17 24 -19 -20 -21 29 28 -24 -25 -26 -27 -28 -29 -30 -31
leaf_value=3.4549138364822727 -0.16730988014022322 -0.19569707723229024 -0.26755602985401516 -0.15670272598141763 -0.22023191787433635 4.0751966557472272 5.2244894478439043 7.2031482692831279 -0.3580516018037152 3.5364060270167972 -0.22522485089388813 6.8401222843995253 -0.19673358523256412 5.905022802674547 8.7119877695349182 -0.19673358523256412 -0.45884093667388703 5.1169543013450465 5.7114599243255464 5.0258018366565667 -1.0625200954245275 -0.60500587381398618 7.6098443358920687 8.8873997134439087 -0.19669511857767866 -0.55424154856988028 -0.16478997231230066 -0.34282329818538138 0.98695503780150717 -0.19340132387144079
leaf_weight=68 132 131 97 21 116 48 30 52 20 20 44 36 400 27 92 148 28 24 85 28 23 40 20 26 52 21 28 32 21 31
leaf_count=68 132 131 97 21 116 48 30 52 20 20 44 36 400 27 92 148 28 24 85 28 23 40 20 26 52 21 28 32 21 31
internal_value=-0.00558733 -0.000375 0.0018328 -0.00808989 -0.00924189 -0.00384615 -0.0109794 -0.00358209 0.00541667 -0.010641 -0.00688776 -0.000375 -0.0124059 -0.00932177 0.00525773 -0.0105517 -0.00697183 -0.00442308 0.00334459 0.00135071 -8.19672e-05 0.00290698 0.00294872 0.00542553 -0.01125 0.000773196 0.00315789 -0.00145161 -0.00368852 -0.00722222
internal_weight=1941 800 622 178 1141 234 873 268 72 117 196 80 717 317 388 290 142 156 296 211 183 129 117 47 80 97 76 62 61 54
internal_count=1941 800 622 178 1141 234 873 268 72 117 196 80 717 317 388 290 142 156 296 211 183 129 117 47 80 97 76 62 61 54
is_linear=0
shrinkage=0.03


Tree=60
num_leaves=31
num_cat=0
split_feature=11 9 9 49 10 6 11 6 57 6 40 49 10 8 6 8 33 27 40 44 31 30 2 27 52 15 56 44 6 35
split_gain=39.6276 16.8541 15.3304 14.2569 12.1778 10.2197 10.9642 9.88562 9.11039 6.35181 6 5.4808 7.08749 6.08481 3.92704 3.69747 4.69333 3.47584 3.33673 3.22143 5.42973 3.20969 2.65098 2.49534 4.44598 3.76732 2.46711 2.33611 2.89276 2.1233
threshold=-0.065403129230142895 141.50000000000003 141.50000000000003 15.500000000000002 0.47114434510950082 25.500000000000004 -0.58216583101416131 16.500000000000004 284.50000000000006 28.500000000000004 475.22768601247918 2.5000000000000004 0.72947329433276253 4.5000000000000009 25.500000000000004 5.5000000000000009 617.91428570000005 300.50000000000006 840.07456100208344 33.45000000000001 225.70625000000004 58.764285715000007 6732.8571430000011 292.50000000000006 247.50000000000003 82.500000000000014 7.6500000000000012 28.550000000000004 24.500000000000004 380.0750000000001
decision_type=2 2 2 2 2 2 2 2 2 2 2 2 2 2 2 2 2 2 2 2 2 2 2 2 2 2 2 2 2 2
left_child=2 4 3 -1 7 6 18 -2 9 -7 26 12 27 14 -14 16 -5 23 -4 20 -10 -13 -20 24 25 -8 -9 28 -3 -11
right_child=1 11 5 15 -6 8 17 10 19 29 -12 21 13 -15 -16 -17 -18 -19 22 -21 -22 -23 -24 -25 -26 -27 -28 -29 -30 -31
leaf_value=-0.19721277101485227 -0.2107236608424447 -0.19083818748819131 6.1699911411544957 -0.4869617109931707 -0.20021500477100443 -0.25952934895839475 2.3899711331257616 0.53202832780869702 1.2094408860299029 3.4436010717737684 -0.52327123702725786 -0.1908315776755872 -0.62150634946358729 -0.24567944154561994 6.3219682661806118 7.8285887827674792 3.4552853234593424 -0.81027084366644997 -1.1760064455903463 6.9402763244982477 -0.28640824984148366 -0.12254465575904688 3.4831353965630325 1.7607916616321182 -0.85310355791071957 -0.18305573734089675 6.993196259662426 -0.1908315776755872 -0.19050584060359563 -0.32930191444089019
leaf_weight=129 25 35 222 30 82 100 35 20 37 41 32 408 23 33 36 27 25 22 48 28 45 23 20 20 21 68 76 144 61 25
leaf_count=129 25 35 222 30 82 100 35 20 37 41 32 408 23 33 36 27 25 22 48 28 45 23 20 20 21 68 76 144 61 25
internal_value=-0.00560278 -0.00976954 -0.001193 -0.00831754 -0.00274468 0.000860656 0.00361842 0.0022549 -0.00369565 -0.00813253 0.005625 -0.0119332 -0.00903614 -0.00195652 0.00381356 0.00146341 -0.003 -0.00253012 0.00713793 0.003 0 -0.0141647 0.00132353 -0.000833333 -0.00241935 0.000145631 0.009375 -0.01175 -0.008125 -0.000909091
internal_weight=1941 998 943 211 235 732 456 153 276 166 128 763 332 92 59 82 55 166 290 110 82 431 68 144 124 103 96 240 96 66
internal_count=1941 998 943 211 235 732 456 153 276 166 128 763 332 92 59 82 55 166 290 110 82 431 68 144 124 103 96 240 96 66
is_linear=0
shrinkage=0.03


Tree=61
num_leaves=31
num_cat=0
split_feature=1 12 12 49 10 6 6 6 11 33 49 10 36 36 41 16 6 31 17 38 27 44 38 12 42 44 6 56 27 36
split_gain=38.7033 17.2151 15.6189 14.5188 13.534 11.2617 10.1273 9.76408 8.34616 7.90901 7.02414 8.64091 6.00027 5.37543 5.10632 4.20159 3.73663 3.50521 3.40315 2.96809 2.94644 2.91919 3.17715 2.60417 2.9719 2.45765 2.89276 2.29794 1.98466 1.7602
threshold=610.92857145000005 0.64987354830121502 0.64987354830121502 15.500000000000002 0.47114434510950082 25.500000000000004 16.500000000000004 29.500000000000004 -0.58216583101416131 43.549107145000008 2.5000000000000004 0.72947329433276253 47.225000000000009 248.08303570000001 372.48408650258676 23.650000000000002 25.500000000000004 751.50892855000018 8.5000000000000018 749.40022320000014 280.50000000000006 30.250000000000004 768.35647321250019 0.60980454008255491 33.467857149999993 28.550000000000004 24.500000000000004 7.6500000000000012 298.50000000000006 924.44285715000012
decision_type=2 2 2 2 2 2 2 2 2 2 2 2 2 2 2 2 2 2 2 2 2 2 2 2 2 2 2 2 2 2
left_child=1 10 5 -4 6 8 -3 9 18 -7 11 25 -11 -13 27 -10 -15 -5 -2 28 23 22 -20 24 -17 26 -1 -8 -9 -28
right_child=2 4 3 17 -6 7 14 19 15 12 -12 13 -14 16 -16 20 -18 -19 21 -21 -22 -23 -24 -25 -26 -27 29 -29 -30 -31
leaf_value=-0.18511304186354555 1.6509940153159368 -0.20127901846084703 -0.20282298059672041 -0.17246403111046305 -0.19420855462787431 4.4754188360591591 0.51606747797443631 1.864041407436198 1.9002091574241173 -0.25462804289873808 -0.18510663034531957 5.0303200799039525 3.662795337500155 -0.5976983171735063 -0.86453763947191731 0.14551612367216024 0.77195540612055991 9.5933623437340856 0.20919418689495956 4.8326436983930314 -0.68556455654633863 8.2519854842873919 7.4973130701829858 1.7536482155619506 -0.41789483270561389 -0.18510663034531957 -0.27284282975159896 6.7160065950819501 -0.27091025068160146 0.055418911467375903
leaf_weight=35 92 24 129 51 89 30 20 27 31 129 430 33 23 30 22 35 35 29 49 32 54 66 83 20 25 140 31 82 35 30
leaf_count=35 92 24 129 51 89 30 20 27 31 129 430 33 23 30 22 35 35 29 49 32 54 66 83 20 25 140 31 82 35 30
internal_value=-0.00568006 -0.00978521 -0.00130851 -0.00854067 -0.00272152 0.000759234 0.00283784 -0.00402174 0.00365934 -0.00807692 -0.0119764 -0.00871257 -0.0108553 -0.00122449 0.00629032 -0.00172727 -0.00623077 0.0015 0.00672414 0.00382979 -0.00402985 0.00893939 0.00636364 -0.000375 -0.0035 -0.011822 -0.008125 0.00911765 0 -0.00418033
internal_weight=1941 1001 940 209 237 731 148 276 455 182 764 334 152 98 124 165 65 80 290 94 134 198 132 80 60 236 96 102 62 61
internal_count=1941 1001 940 209 237 731 148 276 455 182 764 334 152 98 124 165 65 80 290 94 134 198 132 80 60 236 96 102 62 61
is_linear=0
shrinkage=0.03


Tree=62
num_leaves=31
num_cat=0
split_feature=1 12 12 49 10 6 6 14 33 23 49 10 8 41 57 6 8 33 17 29 38 56 44 6 48 20 8 6 36 6
split_gain=36.1763 17.3944 14.8027 14.5188 12.9247 12.1675 10.1273 9.24903 10.639 6.85991 6.69018 7.94885 5.34513 5.10632 4.80753 4.56962 3.96 4.69333 3.36273 3.73095 3.23025 2.29794 2.29155 2.89276 2.28716 4.36987 2.00717 1.93503 1.7602 1.74661
threshold=610.92857145000005 0.64987354830121502 0.64987354830121502 15.500000000000002 0.47114434510950082 25.500000000000004 16.500000000000004 33.100000000000009 280.83571430000006 141.50000000000003 2.5000000000000004 0.72947329433276253 4.5000000000000009 372.48408650258676 62.500000000000007 25.500000000000004 5.5000000000000009 617.91428570000005 8.5000000000000018 0.25000000000000006 759.54754463750021 7.6500000000000012 28.550000000000004 24.500000000000004 44.500000000000007 28.500000000000004 1.5000000000000002 28.500000000000004 924.44285715000012 27.500000000000004
decision_type=2 2 2 2 2 2 2 2 2 2 2 2 2 2 2 2 2 2 2 2 2 2 2 2 2 2 2 2 2 2
left_child=1 10 5 -4 6 9 -3 8 29 14 11 22 15 21 -2 -13 17 -5 -11 -20 -21 -8 23 -1 26 -26 -16 -10 -25 -7
right_child=2 4 3 16 -6 7 13 -9 27 18 -12 12 -14 -15 24 -17 -18 -19 19 20 -22 -23 -24 28 25 -27 -28 -29 -30 -31
leaf_value=-0.17955965060763918 1.7261707085341005 -0.19524064790702161 -0.1967382911788188 -0.49255946254497679 -0.18838229798903811 6.3549290562292482 0.50058545363520468 4.7299527966684582 -0.24676599147824899 1.6014641948564585 -0.17955343143496 -0.57460452585212773 -0.24250728655793496 -0.83860151028776009 -0.059567140892980174 6.1091505560115751 9.1139993629923897 3.3568006846888756 7.0809832556727708 -0.59060039861354874 6.1747979614652637 6.5145263972294929 -0.17955343143496 -0.26465754485905107 3.3004273960210662 -0.45161047810758631 -0.54092782012877383 -0.12768735991041297 0.053756344123354789 -0.13567210401119381
leaf_weight=35 54 24 129 30 89 23 20 56 101 92 430 25 33 22 28 40 25 25 108 28 40 82 140 31 20 23 62 39 30 57
leaf_count=35 54 24 129 30 89 23 20 56 101 92 430 25 33 22 28 40 25 25 108 28 40 82 140 31 20 23 62 39 30 57
internal_value=-0.00572643 -0.0096953 -0.0015 -0.00854067 -0.00259494 0.000512996 0.00283784 -0.00445652 -0.00722727 0.00352747 -0.0118979 -0.00871257 -0.00153061 0.00629032 -0.000882353 0.00346154 0.0015 -0.003 0.00660448 0.00903409 0.00352941 0.00911765 -0.0116949 -0.008125 -0.00394737 0.00174419 -0.00666667 -0.0122143 -0.00418033 0.0015
internal_weight=1941 1001 940 209 237 731 148 276 220 455 764 334 98 124 187 65 80 55 268 176 68 102 236 96 133 43 90 140 61 80
internal_count=1941 1001 940 209 237 731 148 276 220 455 764 334 98 124 187 65 80 55 268 176 68 102 236 96 133 43 90 140 61 80
is_linear=0
shrinkage=0.03


Tree=63
num_leaves=31
num_cat=0
split_feature=1 54 8 9 36 10 37 16 17 49 52 8 35 6 38 6 59 41 9 49 9 6 9 41 39 57 41 57 18 53
split_gain=36.4286 10.96 10.7053 7.8946 15.5866 12.7245 11.8562 12.2452 5.77697 5.39834 5.11855 4.81925 6.16698 8.40616 4.64007 7.19655 4.42655 4.15863 3.33754 3.59434 3.21558 4.16667 3.35548 3.0471 2.93481 2.77895 2.48679 2.33156 2.15455 3.32051
threshold=3255.6250000000005 577.85000000000014 3.5000000000000004 141.50000000000003 89.406250000000014 0.44228869021900147 29.999107145000004 25.950000000000003 12.500000000000002 2.5000000000000004 761.00000000000011 3.5000000000000004 20.210714285000005 25.500000000000004 757.98973218750018 25.500000000000004 0.15000000000000005 306.08233714018155 143.50000000000003 1.5000000000000002 141.50000000000003 17.500000000000004 144.50000000000003 286.99834563159067 1021.0720982000001 251.50000000000003 204.67574043391906 292.50000000000006 43.500000000000007 126.50000000000001
decision_type=2 2 2 2 2 2 2 2 2 2 2 2 2 2 2 2 2 2 2 2 2 2 2 2 2 2 2 2 2 2
left_child=3 14 10 5 8 6 7 -1 27 11 26 12 13 -6 20 23 28 18 -4 -20 21 -2 -22 -16 -19 -13 -3 -5 29 -10
right_child=1 2 17 4 9 -7 -8 -9 16 -11 -12 25 -14 -15 15 -17 -18 24 19 -21 22 -23 -24 -25 -26 -27 -28 -29 -30 -31
leaf_value=6.2190086131487874 1.0313544549902462 -0.19028507720971166 -0.9437206067657038 -0.25307047757103418 -0.6827666693006913 -0.17398817068476011 -0.41051553751573239 -0.33108515519694176 -0.057919232609569986 -0.1741668284919112 4.410688842471207 -0.34080192143609539 -0.52360261982930578 3.5405204400054364 2.1106983288926511 -0.66648934124714199 -0.17721187800881949 7.544716737280007 -0.40352983610034926 5.0058346784071546 7.5118693521824955 -0.26618873348859595 0.047591092244231983 8.2812300922692508 -0.17217808459954995 -0.1741668284919112 -0.17192294363160981 -0.053305605749199993 8.7584755630062521 2.7834839315498527
leaf_weight=94 24 21 22 51 26 125 58 20 67 372 20 20 67 62 46 21 55 45 49 20 28 25 142 92 37 132 124 22 25 29
leaf_count=94 24 21 22 51 26 125 58 20 67 372 20 20 67 62 46 21 55 45 49 20 28 25 142 92 37 132 124 22 25 29
internal_value=-0.00571097 -0.000335196 -0.00426036 -0.00885306 -0.0102155 -0.00459596 0.000697674 0.00631579 -0.00379518 -0.01257 -0.00972727 -0.00962541 -0.00590323 -0.000681818 0.0031746 0.00707547 -0.000852273 0.000953757 -0.00346154 -0.000217391 0.000342466 -0.00642857 0.00229412 0.00956522 0.00585366 -0.0134211 -0.0116897 -0.0108904 0.00235537 0.0003125
internal_weight=1941 716 338 1225 928 297 172 114 249 679 165 307 155 88 378 159 176 173 91 69 219 49 170 138 82 152 145 73 121 96
internal_count=1941 716 338 1225 928 297 172 114 249 679 165 307 155 88 378 159 176 173 91 69 219 49 170 138 82 152 145 73 121 96
is_linear=0
shrinkage=0.03


Tree=64
num_leaves=31
num_cat=0
split_feature=11 13 13 6 49 6 10 6 36 40 17 41 49 48 8 10 6 52 54 37 56 17 14 40 6 36 31 6 22 49
split_gain=38.6855 12.4671 12.2756 12.9836 12.0101 11.5556 11.3861 9.90047 9.76629 7.08857 6.35475 5.43785 4.89474 4.82126 4.49864 6.22561 8.34314 3.28121 2.59634 2.41606 2.30537 2.26411 5.17944 4.46325 2.16657 2.12114 2.0887 1.97776 1.72616 1.67619
threshold=-0.290129255202841 -0.75999367905021098 -0.75999367905021098 25.500000000000004 28.500000000000004 28.500000000000004 0.47114434510950082 16.500000000000004 89.406250000000014 475.22768601247918 42.500000000000007 339.22157483328903 2.5000000000000004 43.500000000000007 3.5000000000000004 0.29012925520284133 25.500000000000004 745.50000000000011 14.050000000000002 493.91875000000005 7.6500000000000012 8.5000000000000018 30.750000000000004 970.54954119583329 17.500000000000004 317.07857140000004 319.89375000000001 28.500000000000004 657.50000000000011 7.5000000000000009
decision_type=2 2 2 2 2 2 2 2 2 2 2 2 2 2 2 2 2 2 2 2 2 2 2 2 2 2 2 2 2 2
left_child=2 8 3 11 24 10 7 -3 13 20 -5 21 14 18 15 -10 -17 -7 -2 -6 -9 23 26 -1 -4 -16 -23 -20 -13 -11
right_child=1 6 4 5 19 17 -8 9 12 29 -12 28 -14 -15 25 16 -18 -19 27 -21 -22 22 -24 -25 -26 -27 -28 -29 -30 -31
leaf_value=-0.82646551776682819 -0.048084783889710804 -0.18019089490066334 -0.29536357295200949 -0.2344285335584802 -0.17847734686262923 0.0119107999068558 -0.17751118392882417 0.29899763163168469 -0.50974309798579198 -0.77296795710711819 3.1831154438366789 7.8670973459986131 -0.16894182363715385 7.2725859239095643 -0.16894182363715385 -0.54720907360988991 5.2255642785447591 6.3722423693307695 -0.27332514020351123 8.0391245077212528 6.1999141237087469 -0.39717004907803927 5.0021619527100878 4.8682467875126649 -0.16676525532266151 -0.16894182363715385 1.9745209766370033 -0.021837201615270346 5.5006192127972486 -0.19343143225935736
leaf_weight=49 60 28 31 97 21 97 102 20 81 20 20 61 372 28 20 23 51 20 86 26 76 37 47 24 100 129 139 23 31 22
leaf_count=49 60 28 31 97 21 97 102 20 81 20 20 61 372 28 20 23 51 20 86 26 76 37 47 24 100 129 139 23 31 22
internal_value=-0.00569552 -0.00924189 -0.0006375 0.00135048 -0.00758427 -0.00423077 -0.00358209 0.00126506 -0.0109794 0.00456522 -0.0108974 0.00471649 -0.0126923 -0.00510152 -0.00986842 -0.00629032 0 0.0024359 -0.00701183 0.00542553 0.0090625 0.00273649 0.00423767 -0.00184932 -0.0122519 -0.0135906 0.001875 -0.00977064 0.011087 -0.00571429
internal_weight=1941 1141 800 622 178 234 268 166 873 138 117 388 676 197 304 155 74 117 169 47 96 296 223 73 131 149 176 109 92 42
internal_count=1941 1141 800 622 178 234 268 166 873 138 117 388 676 197 304 155 74 117 169 47 96 296 223 73 131 149 176 109 92 42
is_linear=0
shrinkage=0.03


Tree=65
num_leaves=31
num_cat=0
split_feature=11 9 8 9 36 10 9 40 17 8 8 17 49 44 9 27 9 48 57 9 27 47 15 56 30 19 47 30 27 9
split_gain=37.7196 11.3428 11.8175 11.0257 12.1012 10.9269 9.79975 8.06916 6.902 5.17398 10.1038 5.13843 4.87148 4.85538 4.78828 4.40197 4.2144 7.20389 4.04785 3.14663 2.72516 2.54548 2.48166 2.30537 2.26578 2.23818 2.23214 2.11124 1.88929 1.8375
threshold=-0.3520614488341256 141.50000000000003 4.5000000000000009 141.50000000000003 89.406250000000014 0.47114434510950082 137.50000000000003 475.22768601247918 12.500000000000002 1.0000000180025095e-35 3.5000000000000004 12.500000000000002 2.5000000000000004 28.550000000000004 144.50000000000003 223.00000000000003 146.50000000000003 35.500000000000007 285.50000000000006 148.50000000000003 294.50000000000006 7.5000000000000009 60.500000000000007 7.6500000000000012 830.63571430000013 87.500000000000014 44.500000000000007 843.57321430000013 300.50000000000006 146.50000000000003
decision_type=2 2 2 2 2 2 2 2 2 2 2 2 2 2 2 2 2 2 2 2 2 2 2 2 2 2 2 2 2 2
left_child=1 2 -1 5 11 6 -2 23 9 -3 29 -5 13 16 -10 24 -6 -18 -17 26 -4 22 -12 -8 -16 -21 -13 -20 -22 -11
right_child=3 8 20 4 12 -7 7 -9 14 10 21 19 -14 -15 15 18 17 -19 27 25 28 -23 -24 -25 -26 -27 -28 -29 -30 -31
leaf_value=-0.16176185208039495 -0.17478516805364344 9.1996430873333406 8.5946573193763278 -0.24883484027576383 -0.2182206389656024 -0.17218584841095944 0.29002770268273481 -0.48104899447720612 7.6536906548694583 -0.58041806337094437 1.6763717041743551 -0.1187876132543947 -0.16387356892803923 -0.16387356892803923 1.9152853473378935 -0.40002766875994944 -0.18872564138023379 5.3036822080427557 0.24975130209515328 -0.1546556717246409 -0.46394513918982161 3.8295159301741282 -0.6948253548133152 6.0139166999974858 6.2673270404643526 0.043019738857653457 9.1294275795830337 4.3835230917132151 0.034818676094491206 -0.19949025930097739
leaf_weight=95 29 20 29 69 71 107 20 45 42 20 76 24 372 148 87 70 44 42 76 89 24 21 35 76 57 24 21 27 21 60
leaf_count=95 29 20 29 69 71 107 20 45 42 20 76 24 372 148 87 70 44 42 76 89 24 21 35 76 57 24 21 27 21 60
internal_value=-0.00572643 -0.000513158 -0.00736686 -0.00908129 -0.0106858 -0.00384477 0.000882353 0.00414894 0.0014467 -0.00258621 -0.00396226 -0.00469163 -0.0126957 -0.00988525 0.00405292 0.0027918 -0.00621019 -0.00174419 -0.000433526 -0.00170886 0.00162162 0.00113636 -0.000675676 0.0090625 0.00666667 -0.00438053 0.005 0.00334951 -0.003 -0.012375
internal_weight=1941 760 169 1181 904 277 170 141 591 232 212 227 677 305 359 317 157 86 173 158 74 132 111 96 144 113 45 103 45 80
internal_count=1941 760 169 1181 904 277 170 141 591 232 212 227 677 305 359 317 157 86 173 158 74 132 111 96 144 113 45 103 45 80
is_linear=0
shrinkage=0.03


Tree=66
num_leaves=31
num_cat=0
split_feature=11 9 9 9 36 11 16 47 57 2 36 19 18 47 9 38 9 35 53 44 9 34 27 48 40 19 9 48 47 30
split_gain=37.3489 10.9542 11.8175 10.0032 12.1012 9.93394 7.79509 6.10762 5.65778 5.33402 4.9373 4.81373 5.04679 4.68022 4.27699 4.70534 6.54761 4.01115 4.35212 3.46591 3.25552 3.025 2.72516 2.49854 2.39736 2.3401 2.31429 4.40238 2.23214 1.93511
threshold=-0.3520614488341256 141.50000000000003 138.50000000000003 141.50000000000003 89.406250000000014 0.84874750804349197 25.650000000000002 12.500000000000002 287.50000000000006 6732.8571430000011 7.2553571430000003 2.5000000000000004 62.500000000000007 12.500000000000002 144.50000000000003 768.35647321250019 149.50000000000003 260.79285715000009 174.50000000000003 28.550000000000004 148.50000000000003 683.04464285000006 294.50000000000006 18.500000000000004 840.07456100208344 87.500000000000014 146.50000000000003 35.500000000000007 44.500000000000007 809.55000000000007
decision_type=2 2 2 2 2 2 2 2 2 2 2 2 2 2 2 2 2 2 2 2 2 2 2 2 2 2 2 2 2 2
left_child=1 2 22 5 13 9 -7 8 17 -2 -11 12 19 -5 -9 23 -17 18 -3 26 28 -20 -1 -16 -18 -22 -6 -28 -15 -19
right_child=3 7 -4 4 11 6 -8 14 -10 10 -12 -13 -14 20 15 16 24 29 21 -21 25 -23 -24 -25 -26 -27 27 -29 -30 -31
leaf_value=8.3368175997950384 -0.1698437555990347 5.0816027875326277 -0.1569089965179831 -0.2355916794485079 -0.17833682149518054 5.8334991989975613 -0.30851091738875697 7.4080035715462413 4.1604790446895432 -0.52393336193078255 6.1704000435467004 -0.15895736186019804 2.4523144387736022 -0.11522398485676276 1.6544574476972558 -0.20726576082519668 7.4430646144047259 -0.22133974615249868 2.0812531060224115 -0.15895736186019804 -0.15629819483934562 -0.11595892268950471 -0.2085448838357479 -0.48658665815736124 1.3583342578382729 0.041729146691923881 -0.18306387213882677 4.324103191673383 8.8555447521955397 -0.25678213505142616
leaf_weight=29 151 31 95 70 70 52 20 45 61 31 23 370 25 24 85 35 81 49 20 142 88 20 45 96 26 24 42 28 21 42
leaf_count=29 151 31 95 70 70 52 20 45 61 31 23 370 25 24 85 35 81 49 20 142 88 20 45 96 26 24 42 28 21 42
internal_value=-0.00581917 -0.000631579 -0.00736686 -0.00915749 -0.0106858 -0.00416968 0.00541667 0.00129442 -0.00262332 -0.00753659 0.000555556 -0.0126957 -0.00991857 -0.00469163 0.00366848 0.0024613 0.0065493 -0.00555556 -0.000211268 -0.0110638 -0.00181529 -0.00675 0.00162162 -0.000745856 0.0102336 -0.00455357 -0.00771429 -0.00385714 0.005 -0.00972527
internal_weight=1941 760 169 1181 904 277 72 591 223 205 54 677 307 227 368 323 142 162 71 282 157 40 74 181 107 112 140 70 45 91
internal_count=1941 760 169 1181 904 277 72 591 223 205 54 677 307 227 368 323 142 162 71 282 157 40 74 181 107 112 140 70 45 91
is_linear=0
shrinkage=0.03


Tree=67
num_leaves=31
num_cat=0
split_feature=1 46 9 36 10 37 16 9 9 9 46 18 17 49 44 9 48 59 31 2 18 27 18 51 53 33 9 56 46 37
split_gain=35.6877 10.4429 7.39813 15.9899 12.133 11.1189 11.648 6.86049 9.31182 10.6601 8.56004 5.35306 5.08008 5.01287 4.65454 4.2144 7.20389 4.17065 3.94737 3.3413 3.33947 2.90753 2.83465 2.2335 2.1069 1.95668 1.71883 1.62602 1.58308 1.65601
threshold=3330.3571425000005 24.550000000000004 141.50000000000003 89.406250000000014 0.44228869021900147 29.999107145000004 25.950000000000003 149.50000000000003 146.50000000000003 141.50000000000003 24.050000000000004 6.5000000000000009 12.500000000000002 2.5000000000000004 28.550000000000004 146.50000000000003 35.500000000000007 1.0000000180025095e-35 870.77857140000015 6566.2857145000007 43.500000000000007 292.50000000000006 1.0000000180025095e-35 883.50000000000011 126.50000000000001 15.237500000000002 139.50000000000003 14.750000000000002 25.350000000000005 507.66607145000006
decision_type=2 2 2 2 2 2 2 2 2 2 2 2 2 2 2 2 2 2 2 2 2 2 2 2 2 2 2 2 2 2
left_child=2 7 4 12 5 6 25 8 9 10 -2 22 21 14 15 -5 -17 20 28 27 24 -4 23 -11 -14 -1 -7 -9 29 -3
right_child=1 18 3 13 -6 26 -8 19 -10 11 -12 -13 17 -15 -16 16 -18 -19 -20 -21 -22 -23 -24 -25 -26 -27 -28 -29 -30 -31
leaf_value=5.985288042240299 -0.16969581046408885 -0.72209958272088615 -0.22274581344606967 -0.20632391515177892 -0.15806520136862287 -0.25763737794546843 -0.30332799855758746 -0.19190563218180728 -0.21466853121195797 5.0291201255845861 2.971046719719669 7.2248141609111221 -0.057281578681078638 -0.15418864100439211 -0.15418864100439211 -0.17757195597466197 5.0429254773447667 -0.17841664380719152 7.2357907423788328 -0.56436978731894794 8.2745048202494047 -0.036518525936537531 -0.92864678285033564 -0.72004199515376766 2.2691640561697728 0.63773612317124106 -0.47955744242891268 3.6459456517655098 2.6685563204702039 2.3702977488607591
leaf_weight=73 91 40 51 71 126 32 20 41 92 35 32 40 65 372 150 44 42 65 64 22 20 22 25 36 29 21 26 82 48 64
leaf_count=73 91 40 51 71 126 32 20 41 92 35 32 40 65 372 150 44 42 65 64 22 20 22 25 36 29 21 26 82 48 64
internal_value=-0.00585008 -0.000505618 -0.0089463 -0.0102632 -0.00483221 0.000348837 0.00578947 -0.00290323 -0.00517094 -0.00225869 -0.00865854 0.00352941 -0.00380952 -0.0126583 -0.00982085 -0.00621019 -0.00174419 -0.00108939 0.005 0.00258621 0.00236842 -0.0104795 -0.0003125 0.00274648 0 0.0102128 -0.0103448 0.0045122 0.00236842 0.000288462
internal_weight=1941 712 1229 931 298 172 114 496 351 259 123 136 252 679 307 157 86 179 216 145 114 73 96 71 94 94 58 123 152 104
internal_count=1941 712 1229 931 298 172 114 496 351 259 123 136 252 679 307 157 86 179 216 145 114 73 96 71 94 94 58 123 152 104
is_linear=0
shrinkage=0.03


Tree=68
num_leaves=31
num_cat=0
split_feature=1 46 8 57 36 9 36 2 57 49 44 2 17 31 53 28 21 8 23 48 40 27 36 9 48 54 56 18 36 45
split_gain=35.0347 10.9279 12.8789 9.1848 9.15468 6.96398 13.6965 10.549 7.68379 5.95244 5.25091 5.22075 4.90659 3.94737 3.47745 4.58296 3.47556 3.45812 3.13249 2.98495 2.75066 2.74139 2.52397 2.51689 3.96884 1.90155 2.54832 1.78637 1.67222 1.6041
threshold=3330.3571425000005 24.550000000000004 3.5000000000000004 55.000000000000007 455.96785715000004 140.50000000000003 93.970535715000025 6732.8571430000011 295.50000000000006 2.5000000000000004 28.550000000000004 4682.7410715000015 12.500000000000002 870.77857140000015 126.50000000000001 1006.1500000000002 4.5000000000000009 3.5000000000000004 189.00000000000003 43.500000000000007 966.7769965270835 292.50000000000006 728.71875000000011 146.50000000000003 40.500000000000007 756.85000000000014 11.250000000000002 1.0000000180025095e-35 620.72053570000014 69.500000000000014
decision_type=2 2 2 2 2 2 2 2 2 2 2 2 2 2 2 2 2 2 2 2 2 2 2 2 2 2 2 2 2 2
left_child=5 2 3 -2 20 7 12 8 16 10 17 18 21 -3 15 27 -1 23 25 -17 29 -7 -10 -8 -25 26 -4 -14 -19 -5
right_child=1 13 11 4 -6 6 9 -9 22 -11 -12 -13 14 -15 -16 19 -18 28 -20 -21 -22 -23 -24 24 -26 -27 -28 -29 -30 -31
leaf_value=5.4115418049698247 1.8940782389462065 1.2769413829667238 4.4595671208158922 -0.17016894104104202 4.9507559637612646 -0.30379728670949291 -0.3189810329841567 4.9211502349885556 -0.15671717900569901 -0.14956298177426033 -0.14956298177426033 -0.2236241424119931 -0.071733766046261568 7.0187170201074673 2.2010891344846799 -0.079296954426898589 -0.71718289283378278 -0.20866096896133671 8.0691147479464203 8.3122302031349946 -0.30262115608809659 -0.035422970158441341 -0.13499628279973155 -0.18552915485351343 4.8916377130244246 5.4095199676042922 -1.818831901305342 -0.18672271560550527 -0.1457492377893182 -0.28743508376068044
leaf_weight=36 40 152 21 176 23 65 43 46 105 369 150 101 32 64 31 58 21 20 45 22 22 22 37 40 34 26 22 55 43 20
leaf_count=36 40 152 21 176 23 65 43 46 105 369 150 101 32 64 31 58 21 20 45 22 22 22 37 40 34 26 22 55 43 20
internal_value=-0.00592736 -0.000632022 -0.00308468 -0.00731317 -0.00952282 -0.00899512 -0.010122 -0.00446939 -0.00746231 -0.012382 -0.00945455 0.00244186 -0.00457895 0.005 -0.0019697 -0.00368263 0.00184211 -0.006 0.00684211 0.0015 -0.011422 -0.0105172 -0.0111972 -0.00294872 0.000405405 0.00282609 -0.00104651 -0.00844828 -0.0116667 -0.012551
internal_weight=1941 712 496 281 241 1229 984 245 199 699 330 215 285 216 198 167 57 180 114 80 218 87 142 117 74 69 43 87 63 196
internal_count=1941 712 496 281 241 1229 984 245 199 699 330 215 285 216 198 167 57 180 114 80 218 87 142 117 74 69 43 87 63 196
is_linear=0
shrinkage=0.03


end of trees

feature_importances:
day=179
day_of_year=154
day_of_week=108
hour_cos=102
hour_sin=94
generation_lag_48=85
generation_rolling_mean_24=85
dew_point_2m=73
wind_direction_10m_lag1=72
DC_POWER=63
cloud_cover_lag1=61
wind_direction_10m=60
cloud_cover=57
cloud_cover_mid=57
DAILY_YIELD=56
day_sin=55
generation_lag_96=51
cloud_cover_mid_lag1=49
dew_point_2m_lag1=45
wind_speed_10m=40
cloud_cover_low=38
wind_speed_10m_lag1=37
surface_pressure_lag1=36
diffuse_radiation_lag1=31
temperature_2m_lag1=30
cloud_cover_low_lag1=28
surface_pressure=26
relative_humidity_2m=25
diffuse_radiation=25
generation_rolling_std_24=22
generation_lag_24=21
generation_lag_1=20
hour=19
temperature_2m=17
generation_lag_2=16
cloud_cover_high=14
relative_humidity_2m_lag1=13
generation_lag_12=12
day_cos=10
shortwave_radiation=9
generation_lag_8=9
generation_rolling_mean_4=8
generation_change_4=8
direct_normal_irradiance_lag1=8
direct_normal_irradiance=7
direct_radiation_lag1=7
TOTAL_YIELD=6
precipitation=5
shortwave_radiation_lag1=5
generation_rolling_mean_8=4
cloud_cover_high_lag1=3
precipitation_lag1=2
direct_radiation=1
generation_lag_4=1
generation_change_1=1

parameters:
[boosting: gbdt]
[objective: quantile]
[metric: quantile]
[tree_learner: serial]
[device_type: cpu]
[data_sample_strategy: bagging]
[data: ]
[valid: ]
[num_iterations: 500]
[learning_rate: 0.03]
[num_leaves: 31]
[num_threads: 2]
[seed: 42]
[deterministic: 0]
[force_col_wise: 0]
[force_row_wise: 0]
[histogram_pool_size: -1]
[max_depth: -1]
[min_data_in_leaf: 20]
[min_sum_hessian_in_leaf: 0.001]
[bagging_fraction: 0.8]
[pos_bagging_fraction: 1]
[neg_bagging_fraction: 1]
[bagging_freq: 0]
[bagging_seed: 400]
[bagging_by_query: 0]
[feature_fraction: 0.8]
[feature_fraction_bynode: 1]
[feature_fraction_seed: 30056]
[extra_trees: 0]
[extra_seed: 12879]
[early_stopping_round: 0]
[early_stopping_min_delta: 0]
[first_metric_only: 0]
[max_delta_step: 0]
[lambda_l1: 0]
[lambda_l2: 0]
[linear_lambda: 0]
[min_gain_to_split: 0]
[drop_rate: 0.1]
[max_drop: 50]
[skip_drop: 0.5]
[xgboost_dart_mode: 0]
[uniform_drop: 0]
[drop_seed: 17869]
[top_rate: 0.2]
[other_rate: 0.1]
[min_data_per_group: 100]
[max_cat_threshold: 32]
[cat_l2: 10]
[cat_smooth: 10]
[max_cat_to_onehot: 4]
[top_k: 20]
[monotone_constraints: ]
[monotone_constraints_method: basic]
[monotone_penalty: 0]
[feature_contri: ]
[forcedsplits_filename: ]
[refit_decay_rate: 0.9]
[cegb_tradeoff: 1]
[cegb_penalty_split: 0]
[cegb_penalty_feature_lazy: ]
[cegb_penalty_feature_coupled: ]
[path_smooth: 0]
[interaction_constraints: ]
[verbosity: -1]
[saved_feature_importance_type: 0]
[use_quantized_grad: 0]
[num_grad_quant_bins: 4]
[quant_train_renew_leaf: 0]
[stochastic_rounding: 1]
[linear_tree: 0]
[max_bin: 255]
[max_bin_by_feature: ]
[min_data_in_bin: 3]
[bin_construct_sample_cnt: 200000]
[data_random_seed: 175]
[is_enable_sparse: 1]
[enable_bundle: 1]
[use_missing: 1]
[zero_as_missing: 0]
[feature_pre_filter: 1]
[pre_partition: 0]
[two_round: 0]
[header: 0]
[label_column: ]
[weight_column: ]
[group_column: ]
[ignore_column: ]
[categorical_feature: ]
[forcedbins_filename: ]
[precise_float_parser: 0]
[parser_config_file: ]
[objective_seed: 16083]
[num_class: 1]
[is_unbalance: 0]
[scale_pos_weight: 1]
[sigmoid: 1]
[boost_from_average: 1]
[reg_sqrt: 0]
[alpha: 0.5]
[fair_c: 1]
[poisson_max_delta_step: 0.7]
[tweedie_variance_power: 1.5]
[lambdarank_truncation_level: 30]
[lambdarank_norm: 1]
[label_gain: ]
[lambdarank_position_bias_regularization: 0]
[eval_at: ]
[multi_error_top_k: 1]
[auc_mu_weights: ]
[num_machines: 1]
[local_listen_port: 12400]
[time_out: 120]
[machine_list_filename: ]
[machines: ]
[gpu_platform_id: -1]
[gpu_device_id: -1]
[gpu_use_dp: 0]
[num_gpu: 1]

end of parameters

pandas_categorical:[]
