tree
version=v4
num_class=1
num_tree_per_iteration=1
label_index=0
max_feature_idx=60
objective=quantile
feature_names=PLANT_ID DC_POWER DAILY_YIELD TOTAL_YIELD hour minute day month day_of_week day_of_year hour_sin hour_cos day_sin day_cos temperature_2m relative_humidity_2m dew_point_2m cloud_cover cloud_cover_low cloud_cover_mid cloud_cover_high shortwave_radiation direct_radiation diffuse_radiation direct_normal_irradiance global_tilted_irradiance wind_speed_10m wind_direction_10m surface_pressure precipitation generation_lag_1 generation_lag_2 generation_lag_4 generation_lag_8 generation_lag_12 generation_lag_24 generation_lag_48 generation_lag_96 generation_rolling_mean_4 generation_rolling_mean_8 generation_rolling_mean_24 generation_rolling_std_24 generation_change_1 generation_change_4 temperature_2m_lag1 relative_humidity_2m_lag1 dew_point_2m_lag1 cloud_cover_lag1 cloud_cover_low_lag1 cloud_cover_mid_lag1 cloud_cover_high_lag1 shortwave_radiation_lag1 direct_radiation_lag1 diffuse_radiation_lag1 direct_normal_irradiance_lag1 global_tilted_irradiance_lag1 wind_speed_10m_lag1 wind_direction_10m_lag1 surface_pressure_lag1 precipitation_lag1 is_daytime
feature_infos=none [0:14413.42857] [0:9163] [6190002:7757913.7139999997] [0:23] [0:45] [1:31] [5:6] [0:6] [137:158] [-1:1] [-1:1] [0.41105375468703509:0.70672655557761577] [-0.91161110719302396:-0.7074868024503348] [25.199999999999999:34.600000000000001] [50:99] [20.800000000000001:26.5] [0:100] [0:100] [0:100] [0:100] [0:958] [0:789] [0:375] [0:795.29999999999995] [0:958] [1.3:58.600000000000001] [7:356] [987.20000000000005:1009.6] [0:32.700000000000003] [0:1405.3] [0:1405.3] [0:1405.3] [0:1405.3] [0:1405.3] [0:1405.3] [0:1405.3] [0:1405.3] [0:1274.8656249999999] [0:1243.16316975] [0:1100.1531002083334] [0:596.18673098771092] [-1031.22:742.03392899999994] [-1163.6199999999999:796.08750000000009] [25.199999999999999:34.600000000000001] [50:99] [20.800000000000001:26.5] [0:100] [0:100] [0:100] [0:100] [0:958] [0:789] [0:375] [0:795.29999999999995] [0:958] [1.3:58.600000000000001] [7:356] [987.20000000000005:1009.6] [0:32.700000000000003] [0:1]
tree_sizes=2615 2710 2732 2748 2735 2740 2723 2733 2746 2748 2724 2733 2713 2763 2733 2745 2735 2727 2730 2735 2734 2747 2741 2727 2747 2744 2738 2759 2752 2734 2732 2721 2757 2729 2755 2746 2757 2752 2734 2733 2763 2769 2761 2747 2745 2763 2752 2742 2758 2752 2732 2755 2745 2774 2774 2751 2738 2786 2745 2759 2777 2758 2729 2767 2747 2772 2754 2755 2774 2756 2748 2757 2760 2779 2779 2774 2764 2755 2765 2749 2774 2779 2797 2763 2776 2778 2772 2780 2769 2781 2750 2762 2771 2787 2778 2784 2759 2768 2789 2758 2776 2767 2776 2766 2768 2772 2756 2776 2774 2805 2798 2802 2774 2778 2782 2782 2772 2783 2750 2780 2752 2766 2787 2774 2770 2789 2782 2762 2778 2791 2783 2795 2802 2774 2799 2795 2788 2794 2787 2780 2795 2782 2779 2791 2781 2796 2792 2766 2786 2788 2766 2761 2798 2798 2790 2779 2802 2805 2770 2791 2791 2792 2773 2774 2805 2751 2803 2808 2813 2805 2806 2796 2810 2798 2803 2808 2812 2798 2764 2765 2755 2791 2779 2801 2790 2770 2794 2793 2754 2801 2796 2784 2771 2810 2775 2799 2792 2797 2779 2786 2805 2795 2778 2804 2811 2783 2817 2760 2788 2777 2787 2803 2797 2799 2797 2779 2770 2807 2818 2797 2816 2802 2803 2775 2809 2796 2794 2792 2792 2821 2804 2828 2803 2803 2808 2786 2812 2809 2815 2804 2823 2817 2810 2817 2810 2803 2811 2815 2818 2802 2818 2830 2829 2789 2815 2803 2820 2807 2822 2787 2785 2821 2822 2790 2801 2810 2777 2766 2802 2802 2816 2830 2807 2805 2796 2800 2824 2783 2788 2818 2809 2805 2809 2812 2812 2830 2829 2808 2840 2824 2840 2808 2829 2841 2817 2825 2844 2816 2828 2819 2860 2839 2843 2804 2805 2840 2823 2809 2827 2839 2824 2812 2815 2797 2843 2817 2822 2835 2822 2838 2820 2831 2821 2827 2817 2838 2842 2846 2824 2832 2827 2842 2848 2819 2855 2812 2839

Tree=0
num_leaves=31
num_cat=0
split_feature=11 26 28 58 27 9 27 23 39 26 19 50 40 16 28 35 57 17 6 11 39 11 9 23 28 23 10 6 11 1
split_gain=31.215 5.6825 5.69886 4.56885 3.8873 3.14734 4.40238 2.58033 2.13158 1.89802 1.46612 1.86215 1.67008 3.73677 5.79886 1.4472 1.16667 0.710227 0.509215 0.453967 0.343914 0.227041 1.12505 0.150602 0.0397882 0.0355072 0.0272727 0.0126738 0.0361111 8.88178e-16
threshold=-0.84874750804349197 19.150000000000002 1007.6500000000002 1005.35 271.50000000000006 145.50000000000003 277.50000000000006 209.50000000000003 1021.0720982000001 11.750000000000002 1.0000000180025095e-35 1.0000000180025095e-35 5.9764508929166675 25.550000000000004 1006.6500000000002 108.81428570000001 286.50000000000006 46.500000000000007 18.500000000000004 -0.77259657388510616 947.83463543750008 0.93540483100319627 141.50000000000003 191.00000000000003 1004.6500000000002 174.50000000000003 0.81241147629689026 26.500000000000004 0.32143946530316164 7528.9375000000009
decision_type=2 2 2 2 2 2 2 2 2 2 2 2 2 2 2 2 2 2 2 2 2 2 2 2 2 2 2 2 2 2
left_child=1 2 4 -3 8 -4 -7 10 9 -1 11 12 13 14 17 -5 -8 -2 -6 -14 21 23 -23 27 -21 -20 -19 29 -29 -12
right_child=7 3 5 15 18 6 16 -9 -10 -11 20 -13 19 -15 -16 -17 -18 26 25 24 -22 22 -24 -25 -26 -27 -28 28 -30 -31
leaf_value=993.2916898501519 993.61032164707387 995.43775843745925 998.57176418866572 999.46936600775871 992.54772045851917 999.22662879951008 994.78542403657104 994.86234994924098 990.25643968901454 998.35376092994602 974.53981560170655 994.49641438176764 990.97028543649083 962.20232051555297 997.32034630577834 999.02138647129209 985.58806500250068 985.60460180149801 987.41629768717746 985.98340173739484 992.38714798592844 995.74407649791658 960.84556579589844 988.37656347274776 984.46310818324525 985.87332141896013 988.09349907935621 982.09371795047321 986.99073694938272 984.52140450288061
leaf_weight=21 20 26 32 29 29 28 21 36 21 32 725 27 30 102 35 22 21 24 20 23 22 34 121 25 248 49 20 52 20 26
leaf_count=21 20 26 32 29 29 28 21 36 21 32 725 27 30 102 35 22 21 24 20 23 22 34 121 25 248 49 20 52 20 26
internal_value=990.562 990.571 990.569 990.578 990.565 990.574 990.571 990.561 990.57 990.574 990.56 990.562 990.561 990.563 990.568 990.583 990.564 990.562 990.561 990.56 990.56 990.56 990.561 990.56 990.56 990.56 990.56 990.559 990.56 990.559
internal_weight=1941 351 274 77 172 102 70 1590 74 53 1554 529 502 201 99 51 42 64 98 301 1025 1003 155 848 271 69 44 823 72 751
internal_count=1941 351 274 77 172 102 70 1590 74 53 1554 529 502 201 99 51 42 64 98 301 1025 1003 155 848 271 69 44 823 72 751
is_linear=0
shrinkage=1


Tree=1
num_leaves=31
num_cat=0
split_feature=11 26 58 28 57 9 57 19 17 18 40 56 53 35 41 26 56 57 2 11 11 47 6 11 9 6 53 31 2 10
split_gain=29.2082 5.01319 6.03539 4.97438 3.83934 2.87159 3.64136 1.78988 1.83177 3.64657 4.20777 2.06289 1.5 1.4472 1.4077 0.85202 1.58584 0.818182 0.729167 0.722285 0.639178 1.14806 0.407889 0.237771 1.12505 0.149499 0.0418209 0.037013 0.0307692 0.0303922
threshold=-0.84874750804349197 19.150000000000002 1005.35 1007.6500000000002 264.50000000000006 145.50000000000003 270.50000000000006 1.0000000180025095e-35 29.500000000000004 41.500000000000007 14.929017856666649 8.9500000000000011 306.00000000000006 108.81428570000001 410.74604895387574 9.9500000000000011 11.65 286.50000000000006 1423.8125000000002 -0.77259657388510616 -0.70710678118654757 82.500000000000014 18.500000000000004 0.93540483100319627 141.50000000000003 19.500000000000004 191.00000000000003 859.97857140000008 5627.3035715000015 0.41248606129204562
decision_type=2 2 2 2 2 2 2 2 2 2 2 2 2 2 2 2 2 2 2 2 2 2 2 2 2 2 2 2 2 2
left_child=1 3 -3 4 12 -5 -7 8 19 10 11 -10 -1 -4 22 -11 -17 -8 -12 -2 21 28 -6 26 -25 -21 -22 -24 -9 -18
right_child=7 2 13 5 14 6 17 20 9 15 18 -13 -14 -15 -16 16 29 -19 -20 25 23 -23 27 24 -26 -27 -28 -29 -30 -31
leaf_value=9.020061318585272 0.768008073399989 4.7290598884370549 8.6397192316274545 7.7690454671072837 1.2127416654825913 8.4753530237627377 4.06320981832787 -4.4626246381661039 3.0928296701298521 -7.0078797849029897 -1.3168497191292248 7.2682169235023038 3.7792822053832085 8.2051790812548617 4.264566836710129 4.5501064471160397 -6.0842245268488853 -4.2763669257743899 3.0631766370684832 -0.86751972042769776 -14.270233064760143 2.6130840650497906 -4.5450258084710864 5.0261884070806042 -28.825366973876953 -10.996551261217437 -6.4049290136489514 -3.2263990045527819 -3.4802358634642143 -6.2960140878099882
leaf_weight=25 28 26 29 32 25 26 22 32 20 99 28 23 24 22 21 38 20 22 20 24 796 25 20 34 121 209 22 57 20 31
leaf_count=25 28 26 29 32 25 26 22 32 20 99 28 23 24 22 21 38 20 22 20 24 796 25 20 34 121 209 22 57 20 31
internal_value=-6.33701e-05 0.00776923 0.0145325 0.00586861 0.00275581 0.0111176 0.00771428 -0.00179245 -0.00038889 0.00130107 0.00623077 0.0130465 0.00985714 0.0205294 -7.31714e-05 -0.00108511 0.00104494 0.00245454 0.000124999 -0.0021954 -0.00251429 0.000116882 -0.00152941 -0.00272251 -0.00164516 -0.00274249 -0.00292665 -0.00261039 -0.00242308 -0.00241177
internal_weight=1941 351 77 274 172 102 70 1590 540 279 91 43 49 51 123 188 89 44 48 261 1050 77 102 973 155 233 818 77 52 51
internal_count=1941 351 77 274 172 102 70 1590 540 279 91 43 49 51 123 188 89 44 48 261 1050 77 102 973 155 233 818 77 52 51
is_linear=0
shrinkage=0.03


Tree=2
num_leaves=31
num_cat=0
split_feature=11 26 58 58 27 9 27 23 2 3 3 19 44 26 3 16 27 57 11 9 39 9 14 27 17 3 3 19 48 1
split_gain=27.1569 4.3858 5.26228 4.90466 2.58332 2.50383 4.90835 2.07812 2.01047 1.42094 1.38144 1.33935 1.42679 4.08131 2.32403 1.34102 4.61034 0.999114 0.952978 0.513126 0.338509 0.245697 1.7127 0.224532 0.168348 0.0356522 0.034127 0.0111283 0.035119 8.88178e-16
threshold=-0.84874750804349197 19.150000000000002 1005.35 1007.6500000000002 271.50000000000006 145.50000000000003 275.50000000000006 209.50000000000003 4798.0000000000009 6383439.2145000007 6397828.7855000012 1.0000000180025095e-35 29.250000000000004 11.850000000000003 6345689.8305000011 25.550000000000004 284.50000000000006 286.50000000000006 -0.77259657388510616 139.50000000000003 947.83463543750008 141.50000000000003 28.150000000000002 255.50000000000003 82.500000000000014 7186671.8750000009 6555405.9375000009 1.5000000000000002 37.500000000000007 999.18750000000011
decision_type=2 2 2 2 2 2 2 2 2 2 2 2 2 2 2 2 2 2 2 2 2 2 2 2 2 2 2 2 2 2
left_child=1 3 -3 4 8 -5 -7 11 9 -1 -4 12 13 15 -15 16 23 -8 -14 -6 21 22 -13 -2 25 -24 -21 28 -23 -29
right_child=7 2 10 5 19 6 17 -9 -10 -11 -12 20 18 14 -16 -17 -18 -19 -20 26 -22 27 24 -25 -26 -27 -28 29 -30 -31
leaf_value=7.4505665809410484 -14.810316924757098 4.5871880917839425 7.9669095145980036 7.4776242356667506 2.0539819514354405 8.0789146647770433 3.8751421212827948 4.0344104614518859 -0.19133563346717955 6.7821567035283028 8.4399168407522485 5.4796050417787736 0.46985218687006924 1.6204016627175255 5.3483457325552219 -26.774672431062399 7.3094784186744031 -4.2090509691598346 -5.0464261019659045 -4.8375178776997201 1.6915752285006032 -11.574394782998901 -10.387696267163989 -0.338163007093914 -0.38020407126210437 -5.8724133382057113 -7.1427403524755428 -27.960605964660644 -3.9194842462599278 -6.3792969754306039
leaf_weight=23 48 26 20 34 28 30 24 36 20 29 31 24 33 29 20 124 21 23 228 43 22 59 205 26 20 25 20 477 21 172
leaf_count=23 48 26 20 34 28 30 24 36 20 29 31 24 33 29 20 124 21 23 228 43 22 59 205 26 20 25 20 477 21 172
internal_value=-0.000125194 0.00742735 0.0137532 0.00564963 0.00233742 0.0105135 0.00751948 -0.00179245 0.00658333 0.00969231 0.0193529 -0.00195753 -0.00073157 0.000805969 0.00863265 -0.000945206 0.00173684 0.00146808 -0.00231035 -0.00102198 -0.00259024 -0.00267099 -0.00190511 -0.00178378 -0.00264 -0.00286957 -0.00252381 -0.00295885 -0.002625 -0.003
internal_weight=1941 351 77 274 163 111 77 1590 72 52 51 1554 529 268 49 219 95 47 261 91 1025 1003 274 74 250 230 63 729 80 649
internal_count=1941 351 77 274 163 111 77 1590 72 52 51 1554 529 268 49 219 95 47 261 91 1025 1003 274 74 250 230 63 729 80 649
is_linear=0
shrinkage=0.03


Tree=3
num_leaves=31
num_cat=0
split_feature=11 6 58 49 35 51 32 23 49 26 26 19 40 26 46 27 43 20 11 39 8 1 27 9 11 17 3 3 58 19
split_gain=26.5457 4.64728 5.24643 4.43007 4.13476 2.90147 2.19916 2.06713 1.95323 1.62041 2.37716 1.42232 1.3937 4.18294 1.56218 3.12554 1.35663 1.14115 0.450689 0.338509 0.326275 0.292105 0.26601 0.245697 1.11371 0.167045 0.046139 0.0354545 0.0309091 0.0111283
threshold=-0.84874750804349197 26.500000000000004 1005.9500000000002 28.500000000000004 88.262500000000003 585.50000000000011 843.57321430000013 209.50000000000003 45.500000000000007 19.150000000000002 15.550000000000002 1.0000000180025095e-35 11.987276785833325 11.850000000000003 25.550000000000004 284.50000000000006 156.30000000000004 1.0000000180025095e-35 -0.77259657388510616 947.83463543750008 2.5000000000000004 7682.1696430000011 250.00000000000003 141.50000000000003 0.93540483100319627 82.500000000000014 7311514.6430000011 7186671.8750000009 1007.35 1.5000000000000002
decision_type=2 2 2 2 2 2 2 2 2 2 2 2 2 2 2 2 2 2 2 2 2 2 2 2 2 2 2 2 2 2
left_child=1 2 8 4 5 -4 -5 11 20 10 -7 12 13 14 15 22 21 18 -14 23 -1 -3 -2 24 25 27 -20 -13 -16 -25
right_child=7 16 3 6 -6 9 -8 -9 -10 -11 -12 19 17 -15 28 -17 -18 -19 26 -21 -22 -23 -24 29 -26 -27 -28 -29 -30 -31
leaf_value=-28.358371031346557 -15.210636608223048 2.1930135437402507 7.1847470763011421 -0.31942944565423831 4.4239585669264718 7.1840536678405833 6.5961200520594057 3.9133781476083289 7.056700792992447 8.2002288484770851 7.6444023146100086 -9.6155180065201975 0.35847526968954868 4.4967469643869844 -27.732932904698192 4.3596020207135044 6.4507865631395216 2.0924549985428165 -5.3745183758371633 1.6408279716455854 0.96481842100701642 -2.9716353705602239 0.41665784759075775 -9.3616574295816406 4.7110146036148253 -0.36879794912424008 -14.901259069910711 -5.6962409380595416 -23.105925925631652 -13.500059544082264
leaf_weight=26 27 20 20 29 32 38 20 36 30 23 23 195 30 28 85 21 28 25 239 22 25 37 29 80 34 20 20 25 25 649
leaf_count=26 27 20 20 29 32 38 20 36 30 23 23 195 30 28 85 21 28 25 239 22 25 37 29 80 34 20 20 25 25 649
internal_value=-0.000125194 0.00734188 0.00929323 0.0120811 0.0148676 0.0177692 0.00434694 -0.00177359 0.00292593 0.0202143 0.0176557 -0.00193822 -0.000674859 0.00118605 -0.000433156 0.00284416 0.00123529 -0.00194905 -0.00248097 -0.00259024 -0.00064706 -0.00142105 -0.000857144 -0.00267099 -0.00190511 -0.002625 -0.00288417 -0.00286364 -0.00272727 -0.00295885
internal_weight=1941 351 266 185 136 104 49 1590 81 84 61 1554 529 215 187 77 85 314 289 1025 51 57 56 1003 274 240 259 220 110 729
internal_count=1941 351 266 185 136 104 49 1590 81 84 61 1554 529 215 187 77 85 314 289 1025 51 57 56 1003 274 240 259 220 110 729
is_linear=0
shrinkage=0.03


Tree=4
num_leaves=31
num_cat=0
split_feature=11 56 28 58 27 9 27 2 19 17 48 8 42 31 57 33 11 11 11 48 48 27 56 56 27 11 9 8 45 53
split_gain=25.4517 4.80894 5.27979 5.22725 2.83013 2.39671 3.80952 2.06251 1.69493 1.83177 2.51618 3.37101 4.06813 1.64404 1.16667 1.12842 1.11394 0.722285 0.691067 1.00329 0.566825 0.772262 0.50101 0.757961 0.315672 0.223425 1.12505 0.149499 0.118367 0.0439375
threshold=-0.84874750804349197 19.150000000000002 1007.6500000000002 1005.35 271.50000000000006 145.50000000000003 277.50000000000006 4798.0000000000009 1.0000000180025095e-35 29.500000000000004 41.500000000000007 3.5000000000000004 7.6392857144999899 958.43928570000014 286.50000000000006 88.262500000000003 -0.95642797789208678 -0.77259657388510616 -0.68322629814330815 52.000000000000007 1.0000000180025095e-35 285.50000000000006 9.9500000000000011 10.950000000000001 205.50000000000003 0.93540483100319627 141.50000000000003 1.0000000180025095e-35 79.500000000000014 191.00000000000003
decision_type=2 2 2 2 2 2 2 2 2 2 2 2 2 2 2 2 2 2 2 2 2 2 2 2 2 2 2 2 2 2
left_child=1 2 4 -3 7 -4 -7 13 9 17 11 12 -11 -1 -8 22 -5 -2 19 24 21 -6 -12 -24 -10 29 -27 -19 -25 -20
right_child=8 3 5 16 20 6 14 -9 18 10 15 -13 -14 -15 -16 -17 -18 27 25 -21 -22 -23 23 28 -26 26 -28 -29 -30 -31
leaf_value=7.2092398959774231 0.70451222342797371 4.7064607703594676 7.0947239878281971 8.0313568876659573 -3.7566803112139358 7.682447168462553 3.7923544836775593 -0.24770140209817129 0.48678571344927374 5.7410862278502499 -9.4854570012326747 -17.160874273236612 0.22801155283465327 4.6741573183911012 -4.7861226189138035 3.5492914915627489 6.9303039476057302 -0.79607351062899534 -13.852982523996172 1.9027041313319011 -3.4457034596538323 3.3064514447132969 6.8181547554163213 -6.6403801473870683 -5.4049814310040425 4.5696841655063816 -26.716785999398354 -11.422640265999249 -3.8520396730706201 -6.460371813044997
leaf_weight=22 28 25 32 24 20 28 21 20 20 37 93 30 27 32 21 20 23 24 788 20 56 27 23 29 47 34 121 209 20 20
leaf_count=22 28 25 32 24 20 28 21 20 20 37 93 30 27 32 21 20 23 24 788 20 56 27 23 29 47 34 121 209 20 20
internal_value=-0.00014065 0.00717094 0.0053871 0.0140833 0.00225424 0.0108235 0.00771428 0.00672973 -0.00175472 -0.00038889 0.00130107 0.00529787 0.0091875 0.00977778 0.002 -0.00072973 0.0199787 -0.0021954 -0.00245714 0.000103448 -0.000961166 0.00146808 -0.00154546 0.000333333 -0.00165672 -0.00268847 -0.00164516 -0.00274249 -0.00177551 -0.00288861
internal_weight=1941 351 279 72 177 102 70 74 1590 540 279 94 64 54 42 185 47 261 1050 87 103 47 165 72 67 963 155 233 49 808
internal_count=1941 351 279 72 177 102 70 74 1590 540 279 94 64 54 42 185 47 261 1050 87 103 47 165 72 67 963 155 233 49 808
is_linear=0
shrinkage=0.03


Tree=5
num_leaves=31
num_cat=0
split_feature=11 39 9 9 23 27 53 33 19 17 18 54 16 41 58 37 11 38 11 18 9 14 16 11 9 19 8 16 1 53
split_gain=24.2199 4.6753 3.91489 5.4475 3.65281 3.65765 5.02723 3.29319 1.65099 1.72083 2.87589 4.18899 5.12 1.12201 0.993586 0.732016 0.722285 0.534982 0.530903 0.664368 0.394288 0.759375 0.376529 0.172591 0.930257 1.25488 0.149499 0.133333 0.102439 0.0437089
threshold=-0.84874750804349197 535.46205358125019 141.50000000000003 145.50000000000003 196.50000000000003 264.50000000000006 270.00000000000006 952.86875000000009 1.0000000180025095e-35 29.500000000000004 41.500000000000007 14.050000000000002 25.550000000000004 378.99631519931017 1005.7500000000001 546.2437500000002 -0.77259657388510616 961.4747767875001 -0.68322629814330815 29.500000000000004 147.50000000000003 28.650000000000002 23.850000000000005 0.91037613702198772 141.50000000000003 24.500000000000004 1.0000000180025095e-35 23.550000000000004 6975.5357145000007 191.00000000000003
decision_type=2 2 2 2 2 2 2 2 2 2 2 2 2 2 2 2 2 2 2 2 2 2 2 2 2 2 2 2 2 2
left_child=1 -1 17 7 14 6 -6 13 9 16 11 12 -11 -4 -5 20 -2 -3 19 27 -12 -22 -16 29 25 -25 -18 -10 -13 -20
right_child=8 2 3 4 5 -7 -8 -9 18 10 15 28 -14 -15 22 -17 26 -19 23 -21 21 -23 -24 24 -26 -27 -28 -29 -30 -31
leaf_value=6.9701007713032572 0.6833768567251346 -2.4246960971743046 6.6923776716741363 7.3593576007167885 7.8130598777639397 0.0075786197270843259 4.0713005879303772 3.998763477793934 -0.090694340152737557 7.2406333210786054 -6.6209940863323506 -3.6154756075919163 1.1376917880271598 7.4134239002872633 -0.36368328716569231 3.4428127468158674 -0.77219130531012659 2.3538499581281997 -13.643590039929832 1.4360967399775229 3.8983875114896489 -4.5877134000872877 2.7122361276186231 5.4083394930517805 -25.915282419416403 -29.989898022208628 -11.079961058019272 -2.999570115228047 -0.64823966802248578 -6.2665606586536482
leaf_weight=20 28 44 21 21 31 31 35 25 20 25 104 21 25 20 42 20 24 24 758 27 24 40 37 20 144 21 209 40 20 20
leaf_count=20 28 44 21 21 31 31 35 25 20 25 104 21 25 20 42 20 24 24 758 27 24 40 37 20 144 21 209 40 20 20
internal_value=-0.00021793 0.00691453 0.00606344 0.00772243 0.00522335 0.00937113 0.0133636 0.0151818 -0.00179245 -0.000444445 0.00119355 0.00557143 0.0114 0.0204146 0.0012 -0.000925533 -0.0021954 -0.000352942 -0.00248572 -0.00024138 -0.00157143 0.000281249 -0.000341773 -0.00268847 -0.00186487 0.00212195 -0.00274249 -0.002 -0.00153659 -0.00288432
internal_weight=1941 351 331 263 197 97 66 66 1590 540 279 91 50 41 100 188 261 68 1050 87 168 64 79 963 185 41 233 60 41 778
internal_count=1941 351 331 263 197 97 66 66 1590 540 279 91 50 41 100 188 261 68 1050 87 168 64 79 963 185 41 233 60 41 778
is_linear=0
shrinkage=0.03


Tree=6
num_leaves=31
num_cat=0
split_feature=11 56 58 58 6 46 27 40 23 40 17 26 49 40 26 16 16 44 11 11 3 6 6 44 3 58 4 12 3 12
split_gain=22.7126 4.37332 5.57883 4.313 2.32941 2.29691 2.11641 1.61731 1.61079 1.36111 1.3195 1.23077 1.21506 1.43418 3.43121 1.65348 2.90159 1.11642 0.582305 0.567653 0.747036 0.494475 0.456549 1.24615 0.139394 0.0874401 0.0835214 0.396774 0.0346154 8.88178e-16
threshold=-0.84874750804349197 19.150000000000002 1005.35 1007.6500000000002 26.500000000000004 24.150000000000002 271.50000000000006 750.9202752952084 209.50000000000003 517.35282739743764 28.500000000000004 11.950000000000001 2.5000000000000004 11.987276785833325 11.850000000000003 25.550000000000004 25.350000000000005 27.950000000000003 -0.70710678118654757 -0.77259657388510616 6582678.2855000012 18.500000000000004 18.500000000000004 29.150000000000002 6619372.7500000009 1007.4500000000002 20.500000000000004 0.66285048286959747 6555405.9375000009 0.63670430569443026
decision_type=2 2 2 2 2 2 2 2 2 2 2 2 2 2 2 2 2 2 2 2 2 2 2 2 2 2 2 2 2 2
left_child=1 3 -3 6 5 -5 7 11 12 -7 -4 -1 13 14 15 16 17 -2 -14 20 -15 -8 23 -21 -19 -17 29 -28 -23 -20
right_child=8 2 10 4 -6 9 21 -9 -10 -11 -12 -13 18 19 -16 25 -18 24 26 22 -22 28 -24 -25 -26 -27 27 -29 -30 -31
leaf_value=3.1493140042775929 2.5431127096963895 4.3444862192271794 5.8925424559240493 7.0545199023111831 3.3872087149778891 2.5350074810933405 1.4600286967106024 -0.250099750072306 3.5862136760287204 6.7408762083395866 7.899067721458195 7.6713781169373663 1.3351646552642153 1.0710190011305443 3.7727520866797701 -25.983209661820954 6.5198737369136488 -14.356971540300034 -12.521509606044726 2.3748415214579839 -2.0750665115075435 -3.6493394437009901 -4.6801992301771724 -13.96933144579863 -2.3273043255497217 -3.6925119171872183 -25.137823946833912 1.2444832161827393 -6.9840562952617695 -13.673165937985907
leaf_weight=26 20 25 20 36 32 25 29 20 36 20 27 26 38 23 33 114 22 46 467 20 21 45 305 45 20 35 123 32 20 190
leaf_count=26 20 25 20 36 32 25 29 20 36 20 27 26 38 23 33 114 22 46 467 20 21 45 305 45 20 35 123 32 20 190
internal_value=-0.000248842 0.00665812 0.01325 0.00495699 0.00947788 0.0121852 0.00187952 0.00575 -0.00177359 0.00766667 0.0193404 0.00853846 -0.00191892 -0.00099716 0.000620689 -0.000548639 0.00227778 -0.000209303 -0.00268235 -0.00213044 0.00109091 -0.00108511 -0.00251351 -0.00023077 -0.00209091 -0.00259732 -0.00285222 -0.00222581 -0.00253846 -0.003
internal_weight=1941 351 72 279 113 81 166 72 1590 45 47 52 1554 704 290 257 108 86 850 414 44 94 370 65 66 149 812 155 65 657
internal_count=1941 351 72 279 113 81 166 72 1590 45 47 52 1554 704 290 257 108 86 850 414 44 94 370 65 66 149 812 155 65 657
is_linear=0
shrinkage=0.03


Tree=7
num_leaves=31
num_cat=0
split_feature=11 56 58 28 12 27 57 19 50 22 17 17 18 15 57 56 56 11 19 11 18 11 56 46 47 10 3 19 16 3
split_gain=23.3812 4.26065 5.57883 4.24848 2.358 3.58717 2.08053 1.43277 1.70025 1.35779 1.3195 1.27756 3.18274 1.27348 1.09984 0.727263 1.14806 1.92308 0.526068 0.517472 0.664368 0.38101 0.181734 0.831811 1.35422 0.135939 0.133333 0.110185 0.0484277 0.0433272
threshold=-0.84874750804349197 19.150000000000002 1005.35 1007.6500000000002 0.59608197715088396 267.50000000000006 263.50000000000006 1.0000000180025095e-35 1.0000000180025095e-35 751.50000000000011 28.500000000000004 37.500000000000007 41.500000000000007 78.500000000000014 286.50000000000006 8.9500000000000011 11.65 0.47114434510950071 13.500000000000002 -0.68322629814330815 29.500000000000004 -0.77259657388510616 8.8000000000000025 24.750000000000004 19.500000000000004 0.93540483100319627 6649575.2855000012 1.5000000000000002 23.250000000000004 7297707.3570000008
decision_type=2 2 2 2 2 2 2 2 2 2 2 2 2 2 2 2 2 2 2 2 2 2 2 2 2 2 2 2 2 2
left_child=1 3 -3 6 5 -5 13 8 11 18 -4 21 -13 -1 -7 -14 17 -17 -8 20 26 -2 23 24 -21 29 -9 -25 -24 -23
right_child=7 2 10 4 -6 14 9 19 -10 -11 -12 12 15 -15 -16 16 -18 -19 -20 22 -22 25 28 27 -26 -27 -28 -29 -30 -31
leaf_value=6.6498331125147097 0.26151955498144241 4.2141516326503643 5.7157661822463277 7.1905738016953196 6.4682531243365595 3.3126548453026294 -2.9484182686753564 -3.157401077230253 6.193083689543128 3.2376792070698706 7.6620956898144534 3.8007404735045087 -10.371993655851389 3.4338647614417321 -4.7188165233709993 5.0401002855654999 -6.0059890835800971 -7.4905805644084431 1.4162278358092828 5.1736917978016841 1.3529588981202716 -5.8129972285589133 -3.0799671060610092 -2.8344599745364887 -7.5065201171879909 -0.22788104847749091 0.23823079888846266 -16.84033221366689 -13.612641203624021 -23.370654567308055
leaf_weight=20 31 25 20 23 32 26 74 40 28 30 27 39 82 24 21 26 51 26 29 20 27 212 20 32 37 24 20 238 616 21
leaf_count=20 31 25 20 23 32 26 74 40 28 30 27 39 82 24 21 26 51 26 29 20 27 212 20 32 37 24 20 238 616 21
internal_value=-0.000264297 0.00674359 0.01325 0.00506452 0.00994118 0.00685714 0.00225424 -0.00181132 -0.000555556 0.000383458 0.0193404 -0.000949219 0.000749999 0.00790909 0.00210638 -0.000891893 0.000786407 0.00392308 -0.00125243 -0.00245714 -0.00024138 -0.00227083 -0.00265732 -0.00208257 0.00121053 -0.00264981 -0.002 -0.00277778 -0.00295283 -0.00287125
internal_weight=1941 351 72 279 102 70 177 1590 540 133 47 512 224 44 47 185 103 52 103 1050 87 288 963 327 57 257 60 270 636 233
internal_count=1941 351 72 279 102 70 177 1590 540 133 47 512 224 44 47 185 103 52 103 1050 87 288 963 327 57 257 60 270 636 233
is_linear=0
shrinkage=0.03


Tree=8
num_leaves=31
num_cat=0
split_feature=11 56 58 58 12 11 26 43 23 17 6 49 44 26 58 16 58 44 11 11 3 43 47 4 12 16 58 35 26 3
split_gain=22.3552 4.48747 5.57883 4.01687 2.1993 2.66051 1.94464 2.82001 1.62049 1.3195 1.1142 1.04748 1.32072 2.31555 1.75575 1.75006 1.98299 1.1732 0.571036 0.490253 0.654762 0.150617 0.145946 0.0739597 0.396774 0.0484779 0.0476889 0.131034 0.0465517 8.88178e-16
threshold=-0.84874750804349197 19.150000000000002 1005.35 1007.6500000000002 0.59608197715088396 -0.95642797789208678 14.350000000000003 156.30000000000004 209.50000000000003 28.500000000000004 18.500000000000004 2.5000000000000004 29.250000000000004 12.050000000000002 1005.1500000000002 25.550000000000004 1007.1500000000002 27.950000000000003 -0.70710678118654757 -0.77259657388510616 6397828.7855000012 156.30000000000004 54.500000000000007 20.500000000000004 0.66285048286959747 23.250000000000004 1007.4500000000002 20.210714285000005 7.4500000000000011 7008492.3750000009
decision_type=2 2 2 2 2 2 2 2 2 2 2 2 2 2 2 2 2 2 2 2 2 2 2 2 2 2 2 2 2 2
left_child=1 3 -3 6 5 -5 7 -1 11 -4 -8 12 13 15 -15 16 17 -2 -13 20 -14 -12 -19 25 -25 -20 -17 -28 -21 -27
right_child=8 2 9 4 -6 -7 10 -9 -10 -11 21 18 19 14 -16 26 -18 22 23 28 -22 -23 -24 24 -26 29 27 -29 -30 -31
leaf_value=5.9347608057592023 2.3116085744714474 4.0877270836708544 5.544293196778936 6.6062527795640058 6.4251922849346466 1.6125927182903859 3.705924300309785 -0.57017912550182481 3.327424257180895 7.4322328191200224 -3.0508004081707587 1.2545209486626818 1.0991284063900197 -1.1905078475036406 5.4565059847639077 -24.733719573058707 3.5811546349081311 -11.716342244987814 -2.9875680928791803 -1.3378185608428612 -0.58271571559352875 0.19782594040648505 -2.2854594953932268 -23.878479262018889 1.0519379657632069 -12.267532030351534 -1.5575238411607271 -20.486314556332626 -4.9032507668322065 -13.621879546784889
leaf_weight=31 20 25 20 38 36 39 27 27 36 27 61 38 20 23 31 130 36 54 20 20 22 20 20 123 32 461 20 38 270 176
leaf_count=31 20 25 20 38 36 39 27 27 36 27 61 38 20 23 31 130 36 54 20 20 22 20 20 123 32 461 20 38 270 176
internal_value=-0.000279753 0.00657265 0.01325 0.00484946 0.00921239 0.00635065 0.00187952 0.00631034 -0.00179245 0.0193404 -0.000500001 -0.00193822 -0.00108239 0.000145161 0.00588889 -0.000830189 0.00184615 -0.000446809 -0.00264706 -0.00245783 0.000571428 -0.00225926 -0.00218919 -0.00281527 -0.00222581 -0.00295434 -0.00268085 -0.00196552 -0.00289655 -0.003
internal_weight=1941 351 72 279 113 77 166 58 1590 47 108 1554 704 372 54 318 130 94 850 332 42 81 74 812 155 657 188 58 290 637
internal_count=1941 351 72 279 113 77 166 58 1590 47 108 1554 704 372 54 318 130 94 850 332 42 81 74 812 155 657 188 58 290 637
is_linear=0
shrinkage=0.03


Tree=9
num_leaves=31
num_cat=0
split_feature=23 26 41 16 23 46 34 37 31 57 19 2 56 43 10 17 10 26 38 27 10 45 56 46 12 3 26 26 49 3
split_gain=18.6081 4.39825 3.40812 6.46264 3.16472 2.62668 2.09016 1.88104 2.83766 1.5545 1.21911 1.45825 2.31949 2.02001 2.71752 1.907 2.54848 1.33416 1.09127 0.605086 0.410866 0.23262 0.230225 0.799658 1.33873 0.183618 0.146054 0.136508 0.0346301 0.0291667
threshold=164.50000000000003 22.150000000000002 377.72117884077096 23.150000000000002 291.00000000000006 24.450000000000003 620.29910715000017 791.23303570000019 545.30000000000007 290.50000000000006 1.0000000180025095e-35 5627.3035715000015 8.6500000000000004 118.20625000000001 0.93540483100319627 42.500000000000007 -0.097964660725097186 39.900000000000006 1017.3962053625002 264.50000000000006 0.68322629814330837 81.500000000000014 8.8000000000000025 24.750000000000004 0.64987354830121502 6292926.8395000007 8.4500000000000011 15.250000000000002 1.5000000000000002 6349833.5625000009
decision_type=2 2 2 2 2 2 2 2 2 2 2 2 2 2 2 2 2 2 2 2 2 2 2 2 2 2 2 2 2 2
left_child=10 2 4 -4 7 -5 -6 19 -9 18 11 12 20 14 15 16 -14 22 27 -2 -1 -17 23 24 -12 -21 28 -10 -25 -15
right_child=1 -3 3 5 6 -7 -8 8 9 -11 17 -13 13 29 -16 21 -18 -19 -20 25 -22 -23 -24 26 -26 -27 -28 -29 -30 -31
leaf_value=0.042926385734385161 4.0311193293654721 6.8012373473509475 -0.58322066376488368 6.6344340705675195 6.0421926834625008 3.1905699189528907 3.2325678444539445 3.5359587556407055 -0.044031886684268426 4.0385582491041356 -15.195622156776205 -18.106047177417366 1.4928640388748227 -3.3392247402053021 4.2694102178851612 0.16074933374139674 6.1557731550877897 4.7614611841361443 3.5558773452609937 -2.1316975149226001 -10.42142504140665 -12.933289098776619 -11.9339743105289 -13.554902109251271 4.603399642697779 -2.3588639063866323 -1.9177201159794584 -5.0310242433758745 -14.5835720177773 -2.4551109397074073
leaf_weight=31 32 32 32 32 21 22 31 21 20 37 31 160 33 20 20 22 22 24 36 33 121 29 630 26 26 68 23 43 235 28
leaf_count=31 32 32 32 32 21 22 31 21 20 37 31 160 33 20 20 22 22 24 36 33 121 29 630 26 26 68 23 43 235 28
internal_value=-0.000248842 0.00502174 0.00421963 0.00955814 0.00287719 0.0158889 0.00969231 0.00165517 0.00387898 0.00229412 -0.00188589 -0.000654322 0.000496932 0.00286207 0.00485714 0.0029434 0.00681818 -0.00248744 0.000333333 -0.000969926 -0.00221053 -0.00123529 -0.00266014 -0.00203226 0.00121053 -0.00210891 -0.0026831 -0.00204762 -0.00288506 -0.002375
internal_weight=1941 460 428 86 342 54 52 290 157 136 1481 486 326 174 126 106 55 995 99 133 152 51 971 341 57 101 284 63 261 48
internal_count=1941 460 428 86 342 54 52 290 157 136 1481 486 326 174 126 106 55 995 99 133 152 51 971 341 57 101 284 63 261 48
is_linear=0
shrinkage=0.03


Tree=10
num_leaves=31
num_cat=0
split_feature=11 56 58 28 12 57 57 19 17 15 12 26 10 57 48 41 48 8 34 2 57 11 50 32 11 12 19 42 10 37
split_gain=22.2545 4.48747 5.57883 4.63145 2.358 3.03945 2.33745 1.34795 1.3195 1.27348 1.25481 1.30603 2.04662 1.39739 2.12711 4.33766 1.65445 0.993118 0.877283 1.24085 0.819493 0.751038 1.10877 0.507419 0.181998 0.620128 0.921951 0.123626 0.118367 0.1
threshold=-0.84874750804349197 19.150000000000002 1005.35 1007.6500000000002 0.59608197715088396 267.50000000000006 263.50000000000006 1.0000000180025095e-35 28.500000000000004 78.500000000000014 0.53946920585801694 7.2000000000000002 -0.63405362205439475 255.50000000000003 44.500000000000007 17.281510316699386 19.500000000000004 2.5000000000000004 783.35535715000003 4941.9375000000009 286.50000000000006 -0.58216583101416131 99.500000000000014 312.25803570000005 0.91037613702198772 0.64987354830121502 24.500000000000004 14.958035949999998 0.72947329433276253 336.70000000000005
decision_type=2 2 2 2 2 2 2 2 2 2 2 2 2 2 2 2 2 2 2 2 2 2 2 2 2 2 2 2 2 2
left_child=1 3 -3 6 5 -5 9 10 -4 -1 -2 -12 -13 28 15 -15 -17 -16 27 -20 -7 22 23 -9 -23 -26 -27 -8 -14 -18
right_child=7 2 8 4 -6 20 18 21 -10 -11 11 12 13 14 17 16 29 -19 19 -21 -22 24 -24 -25 25 26 -28 -29 -30 -31
leaf_value=6.1469824147671979 -13.807011443495481 3.8222514356366446 5.178931378758544 6.6145614704782902 5.8984072442615112 2.9890946235178135 -1.6056309083070457 0.21377347864690427 7.0444119965031797 3.1447449327132522 -10.858952067190035 -4.8189067651313984 -13.512905586942733 5.5021980094471843 -3.9714526136304569 2.2223567483895357 -0.064474240042790745 4.4022975532483635 6.0945254850648798 -2.3906795405619383 -3.9762057230578893 -13.502541259779829 2.0422523221294333 -2.7654122004921864 -22.724617723625002 4.84487695194575 -27.328632609430016 -0.4538387576309072 -5.0772671692941111 -3.1322050311234992
leaf_weight=20 140 25 20 22 32 26 45 22 27 24 85 89 29 34 49 27 20 27 25 24 22 732 25 86 144 20 21 39 20 20
leaf_count=20 140 25 20 22 32 26 45 22 27 24 85 89 29 34 49 27 20 27 25 24 22 732 25 86 144 20 21 39 20 20
internal_value=-0.000264297 0.00657265 0.01325 0.00484946 0.00994118 0.00685714 0.00191525 -0.00177359 0.0193404 0.00790909 -0.000555556 0.000299999 0.00119048 0.00270796 0.00394915 0.00680198 0.00237313 0.000157894 -6.76699e-05 0.00312245 0.002625 -0.0024 -0.000293234 -0.00161111 -0.00270556 -0.00186487 0.00139024 -0.00192857 -0.00177551 -0.0015
internal_weight=1941 351 72 279 102 70 177 1590 47 44 540 400 315 226 177 101 67 76 133 49 48 1050 133 108 917 185 41 84 49 40
internal_count=1941 351 72 279 102 70 177 1590 47 44 540 400 315 226 177 101 67 76 133 49 48 1050 133 108 917 185 41 84 49 40
is_linear=0
shrinkage=0.03


Tree=11
num_leaves=31
num_cat=0
split_feature=23 35 56 58 23 17 52 16 36 23 32 19 30 17 18 8 14 31 18 38 56 44 20 31 1 8 9 14 16 46
split_gain=17.056 4.03265 4.20207 5.22754 2.91914 3.2515 5.02552 2.63656 1.54799 1.16667 0.982029 0.976055 1.2827 1.08953 2.60237 2.77778 2.4381 0.854118 0.807616 0.496915 0.396185 0.899661 0.378711 0.451765 0.359582 0.180769 0.161635 1.25688 0.130435 0.105769
threshold=160.50000000000003 340.78035715000004 19.150000000000002 1005.6500000000002 242.00000000000003 4.5000000000000009 727.00000000000011 24.650000000000002 647.7125000000002 202.00000000000003 1141.1357145000002 1.0000000180025095e-35 827.61190480000016 29.500000000000004 41.500000000000007 3.5000000000000004 28.950000000000003 545.30000000000007 6.5000000000000009 947.74196433750012 8.9500000000000011 28.550000000000004 99.500000000000014 1032.7062500000002 7585.0625000000009 1.0000000180025095e-35 141.50000000000003 28.150000000000002 24.550000000000004 24.950000000000003
decision_type=2 2 2 2 2 2 2 2 2 2 2 2 2 2 2 2 2 2 2 2 2 2 2 2 2 2 2 2 2 2
left_child=11 2 4 -4 5 6 -2 -6 17 -5 -8 13 26 24 15 16 -15 -7 19 -19 -16 -22 23 -3 25 -1 27 -13 -20 -23
right_child=1 22 3 9 7 8 10 -9 -10 -11 -12 12 -14 14 20 -17 -18 18 28 -21 21 29 -24 -25 -26 -27 -28 -29 -30 -31
leaf_value=-0.14898186285291387 5.9896810432505205 -3.6629369871249042 0.44567396749891552 5.2080150196114614 5.7665653673916122 2.2313846712764831 -2.6791430884867933 3.5036267870728999 5.8334329216384653 6.4734967321992318 5.4194798354984766 4.3266329341741967 4.1659791626321834 6.5499876055055548 -11.470897515004278 -20.42920324280681 0.31753861207476358 0.44033906759669805 -7.4036824806063048 3.1346989686724327 2.6624981174787012 -2.7332154671950253 1.9720246369700223 0.073540021003763126 0.11698388063952016 -13.67821764852841 -11.675571025102307 -9.7823107675239918 -0.12551395302650756 -4.5827634884783395
leaf_weight=20 30 60 22 21 24 20 25 33 20 21 21 24 25 28 80 24 20 38 69 20 22 39 20 25 20 188 705 221 23 33
leaf_count=20 30 60 22 21 24 20 25 33 20 21 21 24 25 28 80 24 20 38 69 20 22 39 20 25 20 188 705 221 23 33
internal_value=-0.000326121 0.0045 0.00591473 0.0129375 0.00452322 0.00320301 0.00844737 0.0106842 0.00110526 0.0191429 0.00221739 -0.0019648 -0.00250769 -0.000848102 0.000536585 0.00533333 0.0095 0.00017647 -0.000600001 0.00217241 -0.00144828 -0.00012766 -0.000714286 -0.00158824 -0.00234211 -0.00271154 -0.00268421 -0.00202041 -0.00234783 -0.00175
internal_weight=1941 492 387 64 323 266 76 57 190 42 46 1449 975 474 246 72 48 170 150 58 174 94 105 85 228 208 950 245 92 72
internal_count=1941 492 387 64 323 266 76 57 190 42 46 1449 975 474 246 72 48 170 150 58 174 94 105 85 228 208 950 245 92 72
is_linear=0
shrinkage=0.03


Tree=12
num_leaves=31
num_cat=0
split_feature=11 39 41 16 51 56 34 23 33 43 48 28 8 17 40 26 40 8 57 11 28 15 11 43 18 45 17 11 33 17
split_gain=20.9014 4.492 3.39029 5.36915 2.76908 1.57936 2.24279 2.14313 1.14168 0.892091 1.05866 1.30956 0.822822 0.933859 2.54779 2.17854 1.17977 3.00028 1.37592 0.822358 0.624176 0.595238 0.516231 1.12075 0.4 0.235052 0.4 0.198016 0.47343 0.137092
threshold=-0.77259657388510616 528.7965401562501 367.07584504266839 23.150000000000002 678.50000000000011 19.750000000000004 934.03482145000009 291.00000000000006 924.44285715000012 106.87142859999999 18.500000000000004 1007.6500000000002 3.5000000000000004 51.500000000000007 155.55468750020836 11.850000000000003 1.0000000180025095e-35 1.5000000000000002 284.50000000000006 -0.93540483100319605 1005.5500000000001 71.500000000000014 -0.58216583101416131 62.499999650000014 8.5000000000000018 59.500000000000007 37.500000000000007 -0.58216583101416131 154.23571425000003 65.500000000000014
decision_type=2 2 2 2 2 2 2 2 2 2 2 2 2 2 2 2 2 2 2 2 2 2 2 2 2 2 2 2 2 2
left_child=1 -1 5 24 -5 7 19 9 -6 25 11 -11 13 14 15 16 17 -2 -19 -7 -18 -9 23 -15 -4 -3 -27 28 -14 -24
right_child=12 2 3 4 8 6 -8 21 -10 10 -12 -13 27 22 -16 -17 20 18 -20 -21 -22 -23 29 -25 -26 26 -28 -29 -30 -31
leaf_value=5.4115477983585354 -23.722205603789771 -1.8980224148387361 3.5606667777176635 4.5846225809325096 6.2800531937416393 5.7295383826429083 7.0402889260400787 4.6195156965853723 5.57585978173553 0.8700209822651106 -0.31157350724312727 5.2762117417454126 0.10494983140333443 1.9128638978609225 -6.4581141826868151 5.0173542638267392 4.5697316553621565 1.813639784094538 6.4306294509311259 -3.1907248557337904 -11.330504921051348 1.7927597989307207 -3.1708548597764215 -1.7344783327901865 -27.921165240748437 1.5789069085143657 -7.1190921159171605 -17.017929812078609 -1.9144929948443503 -13.186327923353076
leaf_weight=33 37 57 20 25 31 21 22 21 20 30 30 22 23 20 209 32 20 23 21 20 71 21 56 33 20 20 20 589 49 325
leaf_count=33 37 57 20 25 31 21 22 21 20 30 30 22 23 20 209 32 20 23 21 20 71 21 56 33 20 20 20 589 49 325
internal_value=-0.000357033 0.00545266 0.004575 0.00889655 0.0135789 0.00280986 0.007 0.00161538 0.0175882 0.000184357 0.0024878 0.00507692 -0.0020252 -0.00140614 -0.000384989 0.002 0.00066279 0.0032963 0.00859091 0.00285366 -0.00168132 0.00771428 -0.00237788 0.000396226 -7.15256e-10 -0.00176289 -7.15256e-10 -0.00281846 -0.00133333 -0.00276378
internal_weight=1941 433 400 116 76 284 63 221 51 179 82 52 1508 847 413 204 172 81 44 41 91 42 434 53 40 97 40 661 72 381
internal_count=1941 433 400 116 76 284 63 221 51 179 82 52 1508 847 413 204 172 81 44 41 91 42 434 53 40 97 40 661 72 381
is_linear=0
shrinkage=0.03


Tree=13
num_leaves=31
num_cat=0
split_feature=11 31 6 6 10 46 23 57 15 18 43 19 19 57 57 14 1 44 11 17 10 47 6 10 11 12 19 31 19 12
split_gain=20.1716 4.38694 2.30133 4.82037 3.51852 2.84292 1.98579 1.42724 1.74545 1.16863 1.02859 0.927163 0.919061 0.74079 1.57309 4.42135 1.52093 0.617938 0.57276 1.19706 0.262483 0.197821 0.329861 0.554795 0.171841 0.620128 0.921951 0.145205 0.0406746 0.0324561
threshold=-0.88144907265856332 585.77500000000009 26.500000000000004 20.500000000000004 -0.16280825711808977 24.450000000000003 209.50000000000003 223.00000000000003 76.500000000000014 40.500000000000007 156.30000000000004 15.500000000000002 1.0000000180025095e-35 286.50000000000006 299.50000000000006 28.650000000000002 6068.5892855000011 29.050000000000004 -0.68322629814330815 82.500000000000014 0.98611507088852057 63.500000000000007 26.500000000000004 0.5277851165098012 0.91037613702198772 0.64987354830121502 24.500000000000004 443.67500000000001 1.5000000000000002 0.59608197715088396
decision_type=2 2 2 2 2 2 2 2 2 2 2 2 2 2 2 2 2 2 2 2 2 2 2 2 2 2 2 2 2 2
left_child=1 -1 3 7 -5 -6 12 8 -3 -8 -4 -9 13 20 15 -15 -16 -17 19 29 21 22 23 -2 -20 28 -27 -25 -26 -14
right_child=6 2 10 4 5 -7 9 11 -10 -11 -12 -13 18 14 16 17 -18 -19 24 -21 -22 -23 -24 27 25 26 -28 -29 -30 -31
leaf_value=6.2869252153831123 0.64365228602156499 7.1056245431802445 -3.1932307667555473 2.9399842010375288 5.6488410249078962 2.9192626762901912 -0.027007930887022483 -4.8459827034961895 5.0087033101991789 5.1217768606159684 5.0877933492435492 3.3011963809979066 -2.2241627851190651 6.2377105674031945 -12.849496104213626 1.8328068663761101 1.7127498541718158 -3.4409143877786583 -10.141380680995441 1.8536170449435845 2.58819369105453 0.029931109896681463 -10.267945564492445 -6.2474742015275586 -8.5966694518020947 4.4769870637946081 -25.544268642032041 -0.26201054597497092 -21.182074166800827 -6.6442363760739207
leaf_weight=29 25 22 42 30 38 20 29 36 33 22 25 35 20 21 109 24 20 35 770 25 20 26 190 53 21 20 21 20 123 37
leaf_count=29 25 22 42 30 38 20 29 36 33 22 25 35 20 21 109 24 20 35 770 25 20 26 190 53 21 20 21 20 123 37
internal_value=-0.000434313 0.00658064 0.00543416 0.00695327 0.0123409 0.0166552 -0.00176763 0.00319048 0.00681818 0.00405882 0.000582089 0.000380281 -0.0019557 -0.000955802 0.000444975 0.00375 -0.00160465 -0.000457628 -0.00247927 -7.31714e-05 -0.00183234 -0.00204459 -0.00227083 -0.000857144 -0.00268586 -0.00186487 0.00139024 -0.00217808 -0.00279167 -0.00247368
internal_weight=1941 310 281 214 88 58 1631 126 55 51 67 71 1580 543 209 80 129 59 1037 82 334 314 288 98 955 185 41 73 144 57
internal_count=1941 310 281 214 88 58 1631 126 55 51 67 71 1580 543 209 80 129 59 1037 82 334 314 288 98 955 185 41 73 144 57
is_linear=0
shrinkage=0.03


Tree=14
num_leaves=31
num_cat=0
split_feature=11 38 26 28 17 12 23 34 45 32 19 17 56 18 31 11 32 11 47 43 12 47 6 17 35 3 11 12 19 11
split_gain=21.3986 4.55056 2.46136 3.86413 3.3152 2.76573 1.86391 2.88095 1.32558 2.12751 0.972516 1.04132 1.54026 1.49107 2.87695 4.01654 0.755252 0.751038 0.926858 1.1946 0.664615 0.444181 0.344869 0.488225 0.409237 0.242647 0.181998 0.620128 0.921951 0.161905
threshold=-0.84874750804349197 587.48616077500014 19.150000000000002 1007.6500000000002 47.500000000000007 0.59608197715088396 185.50000000000003 450.00000000000006 59.500000000000007 952.86875000000009 1.0000000180025095e-35 29.500000000000004 8.6500000000000004 44.500000000000007 78.218750000000014 0.91037613702198772 1184.6642860000004 -0.58216583101416131 74.500000000000014 62.499999650000014 0.66285048286959747 63.500000000000007 26.500000000000004 15.500000000000002 737.0875000000002 6343678.5000000009 0.91037613702198772 0.64987354830121502 24.500000000000004 0.68322629814330826
decision_type=2 2 2 2 2 2 2 2 2 2 2 2 2 2 2 2 2 2 2 2 2 2 2 2 2 2 2 2 2 2
left_child=1 -1 3 8 -4 6 -5 -8 16 20 11 22 29 14 15 -14 -3 18 -12 -20 -10 25 23 24 -2 -15 -19 -28 -29 -13
right_child=10 2 4 5 -6 -7 7 -9 9 -11 17 12 13 21 -16 -17 -18 26 19 -21 -22 -23 -24 -25 -26 -27 27 28 -30 -31
leaf_value=5.0896575294052484 2.0244762704895169 -2.5583293266414575 5.8320374120152998 -0.83682471398544234 2.388273835210232 5.2739601834314485 2.7029450986167762 5.9221863340023582 4.0542574010493899 5.4652142543018432 -2.7138080164429468 -5.9151328848528175 6.0555092355522353 -0.30054119648847222 -0.67553724286385142 0.72055055083680264 2.0094227370170077 -12.209168346213598 1.83509466251528 -1.6162922857571174 -3.5168542219984502 2.7637027810610721 -17.754981455705479 -3.1125695407347336 -1.299451254463718 -3.8374559713690597 -20.546611941796801 4.3426774518807676 -24.77794058277108 -5.4021966037822962
leaf_weight=21 26 69 39 22 27 31 21 21 26 28 82 85 26 24 31 24 22 732 26 25 24 25 169 44 22 44 144 20 21 20
leaf_count=21 26 69 39 22 27 31 21 21 26 28 82 85 26 24 31 24 22 732 26 25 24 25 169 44 22 44 144 20 21 20
internal_value=-0.000387945 0.00631624 0.00545454 0.00415909 0.0106364 0.009 0.0054375 0.00914286 0.00143787 0.00430769 -0.00186793 -0.000833334 0.000440859 0.00217241 0.00514815 0.0096 -0.00102198 -0.0024 -0.000293234 0.00288235 0.000599999 -0.000419356 -0.0021954 -0.000717392 0.001375 -0.00167647 -0.00270556 -0.00186487 0.00139024 -0.00242857
internal_weight=1941 351 330 264 66 95 64 42 169 78 1590 540 279 174 81 50 91 1050 133 51 50 93 261 92 48 68 917 185 41 105
internal_count=1941 351 330 264 66 95 64 42 169 78 1590 540 279 174 81 50 91 1050 133 51 50 93 261 92 48 68 917 185 41 105
is_linear=0
shrinkage=0.03


Tree=15
num_leaves=31
num_cat=0
split_feature=11 38 9 9 10 43 45 52 11 18 19 43 19 17 48 8 3 32 56 56 2 32 58 21 56 8 19 14 56 6
split_gain=19.6037 4.72453 2.40545 4.3598 4.04722 2.19878 1.81054 2.9741 1.38944 1.29217 1.11111 0.930057 0.893443 1.10266 2.02052 2.53169 1.3268 0.725065 0.544292 1.18811 0.480208 0.475597 0.316239 0.836364 0.286364 0.219367 0.422684 1.21574 0.225367 0.166387
threshold=-0.84874750804349197 587.48616077500014 141.50000000000003 145.50000000000003 -0.16280825711808977 150.38750000000002 59.500000000000007 476.00000000000006 -0.68322629814330815 60.500000000000007 15.500000000000002 156.30000000000004 1.0000000180025095e-35 29.500000000000004 41.500000000000007 3.5000000000000004 6363513.2855000012 963.55000000000007 9.7500000000000018 10.750000000000002 2667.0714285000008 460.41696430000007 1007.0500000000001 474.00000000000006 17.250000000000004 2.5000000000000004 11.500000000000002 28.150000000000002 9.0500000000000025 18.500000000000004
decision_type=2 2 2 2 2 2 2 2 2 2 2 2 2 2 2 2 2 2 2 2 2 2 2 2 2 2 2 2 2 2
left_child=1 -1 10 4 -4 -6 11 17 9 21 -3 24 13 -10 15 16 -15 20 -16 -20 -8 -2 -23 -24 -5 26 27 -14 -29 -30
right_child=8 2 3 6 5 -7 7 -9 12 -11 -12 -13 25 14 18 -17 -18 -19 19 -21 -22 22 23 -25 -26 -27 -28 28 29 -31
leaf_value=4.9369678035230899 0.37956032457030436 -2.8096457233294303 2.4896212925246006 -3.2433762862587798 6.1327145016891658 5.1098622011098644 2.7448565440482082 5.6772412402046486 -7.3806354662400118 2.1404893530870801 2.5411996179013956 5.1387024343942045 4.212397128324346 1.9801068391622574 -5.9962451599140927 -19.420418599961298 5.281560752997331 5.3355722536115398 5.1210826317691591 -5.0402227458048632 -0.79999354692259605 -2.3280154678267846 -1.5023009766013116 0.66562327901686325 0.17511864736190338 -13.947168334454265 -10.564469483940631 -0.28107996192838536 -1.717006853438787 -9.3994229088690293
leaf_weight=21 22 40 24 35 21 22 29 28 213 23 32 29 20 29 93 27 21 28 23 57 22 74 23 22 20 535 251 38 20 99
leaf_count=21 22 40 24 35 21 22 29 28 213 23 32 29 20 29 93 27 21 28 23 57 22 74 23 22 20 535 251 38 20 99
internal_value=-0.000357033 0.00605983 0.00518182 0.00653488 0.0131194 0.0186279 0.00422513 0.00681308 -0.00177359 0.000841463 0.000333333 0.000928571 -0.00207433 -0.000991361 0.000359999 0.0044026 0.0084 0.00383544 -0.00143931 0.000374999 0.00170588 -0.000234043 -0.000983194 0.000999999 -0.00136364 -0.00259502 -0.00208879 -0.000966102 -0.0018535 -0.0024958
internal_weight=1941 351 330 258 67 43 191 107 1590 164 72 84 1426 463 250 77 50 79 173 80 51 141 119 45 55 963 428 177 157 119
internal_count=1941 351 330 258 67 43 191 107 1590 164 72 84 1426 463 250 77 50 79 173 80 51 141 119 45 55 963 428 177 157 119
is_linear=0
shrinkage=0.03


Tree=16
num_leaves=31
num_cat=0
split_feature=23 35 56 58 23 17 52 58 26 36 23 1 49 8 39 27 27 16 27 32 18 18 58 23 20 31 12 17 16 26
split_gain=15.6883 4.55517 4.38965 5.22754 2.60534 2.46654 4.80645 2.21499 1.60523 1.48669 1.16667 0.931497 0.88622 0.885252 1.51013 2.05309 3.56674 0.969697 0.955366 0.689068 0.674845 0.666416 0.723443 0.555007 0.504202 0.152941 0.134822 0.898535 0.128458 0.0483687
threshold=160.50000000000003 340.78035715000004 19.150000000000002 1005.6500000000002 242.00000000000003 4.5000000000000009 727.00000000000011 1008.0500000000001 39.900000000000006 647.7125000000002 202.00000000000003 6840.9553570000007 2.5000000000000004 3.5000000000000004 8.0703125002500027 301.50000000000006 284.50000000000006 25.550000000000004 250.00000000000003 1141.1357145000002 50.500000000000007 6.5000000000000009 1007.35 151.50000000000003 99.500000000000014 1085.9000000000003 0.66285048286959747 12.500000000000002 24.550000000000004 29.650000000000002
decision_type=2 2 2 2 2 2 2 2 2 2 2 2 2 2 2 2 2 2 2 2 2 2 2 2 2 2 2 2 2 2
left_child=8 2 4 -4 5 6 -2 -6 12 11 -5 -7 13 14 15 16 18 -18 -1 -8 -20 22 -13 -15 25 -3 29 -28 -23 -14
right_child=1 24 3 10 7 9 19 -9 -10 -11 -12 21 26 23 -16 -17 17 -19 20 -21 -22 28 -24 -25 -26 -27 27 -29 -30 -31
leaf_value=-14.36143503205213 5.106253523796652 -2.5946673751364764 -0.14978205521505686 4.3656507641434512 2.1024065732251844 1.6717158300186983 -2.7532969271376153 5.1253496858794101 3.9301923104951433 5.0887482108416817 5.6179991315819011 2.7233857331903124 -13.234978938862128 -12.855880169895729 -3.8250577233939485 -20.795350359700429 5.3580555931082419 4.934325880135555 2.690134367146336 4.610133973440651 -1.6411737595760769 -8.1645259588976185 -1.8689158883556678 0.25869135292423562 2.0878183640083119 -0.19214406491542027 3.4098044719506952 -10.598489429165038 -0.17725735548309116 -0.97428520917497718
leaf_weight=49 30 65 22 21 31 35 25 26 24 20 21 24 593 239 135 71 27 22 31 21 27 65 23 26 20 20 23 162 23 20
leaf_count=49 30 65 22 21 31 35 25 26 24 20 21 24 593 239 135 71 27 22 31 21 27 65 23 26 20 20 23 162 23 20
internal_value=-0.000372489 0.0042561 0.00575969 0.0129375 0.00433746 0.00309022 0.00765789 0.0101579 -0.0019441 0.00126316 0.0191429 0.00035294 -0.00207368 -0.00122967 -0.000265194 0.00122907 0.00315385 0.00985714 8.41114e-05 0.00156522 0.00268965 -0.000777778 0.00210638 -0.00254717 -0.00128572 -0.00229412 -0.00273684 -0.00202703 -0.00231818 -0.00295106
internal_weight=1941 492 387 64 323 266 76 57 1449 190 42 170 1425 627 362 227 156 49 107 46 58 135 47 265 105 85 798 185 88 613
internal_count=1941 492 387 64 323 266 76 57 1449 190 42 170 1425 627 362 227 156 49 107 46 58 135 47 265 105 85 798 185 88 613
is_linear=0
shrinkage=0.03


Tree=17
num_leaves=31
num_cat=0
split_feature=11 32 41 16 46 27 18 11 8 28 56 27 8 8 49 54 57 57 46 2 46 11 18 10 18 53 31 58 11 26
split_gain=20.2961 4.38782 2.98567 5.06152 3.12107 2.17837 1.42013 1.36604 1.89875 2.22561 2.29632 1.39039 0.929117 0.811249 0.828979 1.99305 1.98173 3.47042 1.0848 1.50083 2.25714 0.594177 0.400345 0.4 0.4 0.328468 0.328378 0.282888 0.0753433 0.118367
threshold=-0.77259657388510616 486.48303570000002 367.07584504266839 23.150000000000002 24.450000000000003 304.50000000000006 20.500000000000004 -0.88144907265856332 3.5000000000000004 1007.6500000000002 17.250000000000004 269.50000000000006 1.5000000000000002 3.5000000000000004 10.500000000000002 14.050000000000002 301.50000000000006 286.50000000000006 24.750000000000004 7080.2589285000004 24.350000000000005 -0.63405362205439475 32.500000000000007 0.22695468355932447 8.5000000000000018 163.50000000000003 1023.6214285000002 1006.9500000000002 -0.58216583101416131 12.050000000000002
decision_type=2 2 2 2 2 2 2 2 2 2 2 2 2 2 2 2 2 2 2 2 2 2 2 2 2 2 2 2 2 2
left_child=1 -1 5 24 -5 7 -6 8 11 10 -10 12 -3 14 15 16 17 18 19 20 -2 -16 26 -19 -4 28 -9 -20 29 -15
right_child=13 2 3 4 6 -7 -8 22 9 -11 -12 -13 -14 25 21 -17 -18 23 27 -21 -22 -23 -24 -25 -26 -27 -28 -29 -30 -31
leaf_value=4.6215401100724138 0.26409806227478383 2.5991783333046818 2.8085970352610947 5.1952655590160672 1.9836854119940408 4.1415450649532071 5.1811886626870614 -1.7425127346185934 -2.1506735545010729 4.808685219261295 5.8004726024719684 -12.971227492682479 -0.49010764051541966 -0.063919319897056265 0.88525572744392589 -3.546511847651983 -19.69535456325 5.2411409764774985 0.96021123418834164 -2.3036725942604797 7.060050120512277 -12.632038324756222 0.29825248544526739 5.5511931329146407 -26.577819176274453 0.0040387407400154542 0.014148093028833011 -7.9909467302319648 -15.366651356283784 -1.7599222292582617
leaf_weight=29 36 23 20 34 22 25 20 54 28 21 27 44 26 20 24 226 80 20 20 25 22 306 20 20 20 25 20 68 587 29
leaf_count=29 36 23 20 34 22 25 20 54 28 21 27 44 26 20 24 226 80 20 20 25 22 306 20 20 20 25 20 68 587 29
internal_value=-0.000341577 0.00538337 0.00457426 0.00863793 0.0131842 0.0029375 0.00771428 0.00213308 0.00374556 0.00726316 0.00409091 0.000870967 0.00434694 -0.00198541 -0.00137072 -0.00062089 0.00102062 0.00254502 0.00068421 0.00314458 0.0057931 -0.00254546 -0.000765958 0.0105 -7.15256e-10 -0.00277307 -0.00178378 -0.00163636 -0.00290566 -0.00177551
internal_weight=1941 433 404 116 76 288 42 263 169 76 55 93 49 1508 847 517 291 211 171 83 58 330 94 40 40 661 74 88 636 49
internal_count=1941 433 404 116 76 288 42 263 169 76 55 93 49 1508 847 517 291 211 171 83 58 330 94 40 40 661 74 88 636 49
is_linear=0
shrinkage=0.03


Tree=18
num_leaves=31
num_cat=0
split_feature=23 26 58 9 16 57 35 26 2 32 22 43 49 2 16 46 27 6 42 36 52 2 30 16 51 31 9 17 58 10
split_gain=15.3813 4.28696 3.8742 5.01076 5.04316 3.0026 2.4571 1.60523 1.225 1.16361 1.6703 1.28926 0.989547 1.00843 1.20819 1.4492 2.33754 1.46251 0.91276 0.66664 0.593939 0.336111 0.307074 0.244482 0.368421 0.165517 0.0916537 0.56669 0.072561 0.102439
threshold=160.50000000000003 22.150000000000002 1006.7500000000001 145.50000000000003 24.450000000000003 264.50000000000006 2.7142857145000003 39.900000000000006 3351.8571425000005 1133.0267855000004 60.000000000000007 -112.35089284999997 2.5000000000000004 5627.3035715000015 25.550000000000004 25.250000000000004 290.50000000000006 27.500000000000004 157.75000025000003 765.42142860000013 460.50000000000006 151.25000000000003 1012.8687500000002 23.750000000000004 601.50000000000011 404.08482145000005 140.50000000000003 12.500000000000002 1007.4500000000002 0.19509032201612816
decision_type=2 2 2 2 2 2 2 2 2 2 2 2 2 2 2 2 2 2 2 2 2 2 2 2 2 2 2 2 2 2
left_child=7 2 9 4 6 8 20 12 -5 10 -2 -11 13 14 15 17 -17 19 23 25 -4 28 -12 -7 -25 -1 27 -14 -16 -30
right_child=1 -3 3 5 -6 18 -8 -9 -10 11 22 -13 26 -15 21 16 -18 -19 -20 -21 -22 -23 -24 24 -26 -27 -28 -29 29 -31
leaf_value=-3.0232391026152214 2.5917686145057868 5.1398518460771587 4.7595578107404588 2.9718923431118673 1.0456778101040074 -3.5388807660396591 3.8285239046809605 3.6880401892316961 5.4158972193271602 4.4477384595834115 -2.4001525315851473 -0.1156820401583859 3.1364846534647928 -14.702709823793732 -20.116293909604359 -1.2839978617117584 5.265719169738464 2.1144096437923992 2.029927881203502 0.85236776606059161 4.6450904214062847 0.86544767260226763 0.099311435658817823 -1.9512689743793059 1.0700516276327003 -0.062001740300143826 -11.294299522712278 -9.92883122223318 -12.401504841054514 -0.4028769059078452
leaf_weight=96 25 32 24 20 29 36 20 24 20 20 117 21 23 213 119 25 23 36 20 34 20 20 31 21 36 20 613 162 21 20
leaf_count=96 25 32 24 20 29 36 20 24 20 20 117 21 23 213 119 25 23 36 20 34 20 20 31 21 36 20 613 162 21 20
internal_value=-0.000387945 0.00419512 0.00345652 0.00602439 0.0115161 0.00268627 0.0162187 -0.0019441 0.00975 0.000504672 -0.000572255 0.00504878 -0.00207368 -0.00118182 -0.000318841 0.00110256 0.00575 -9.67749e-05 0.00018584 -0.0014 0.0201818 -0.00216667 -0.00178378 -0.00106452 0.000157894 -0.00248276 -0.00277444 -0.00218919 -0.002625 -0.00153659
internal_weight=1941 492 460 246 93 153 64 1449 40 214 173 41 1425 627 414 234 48 186 113 150 44 180 148 93 57 116 798 185 160 41
internal_count=1941 492 460 246 93 153 64 1449 40 214 173 41 1425 627 414 234 48 186 113 150 44 180 148 93 57 116 798 185 160 41
is_linear=0
shrinkage=0.03


Tree=19
num_leaves=31
num_cat=0
split_feature=11 39 12 6 22 40 43 11 38 26 31 43 49 2 27 27 14 27 27 26 56 1 19 12 11 28 11 43 1 4
split_gain=19.888 5.2599 3.36783 4.94514 3.11191 5.55896 3.62335 1.18606 1.35021 0.963333 0.906676 0.866421 0.807094 0.800189 1.07729 1.65531 3.08819 0.760387 0.711433 0.634516 0.529132 0.637121 0.494422 0.383473 0.323239 0.296613 0.201124 0.408602 0.123077 0.0821176
threshold=-0.84874750804349197 535.46205358125019 0.64987354830121502 26.500000000000004 446.50000000000006 659.32626489020845 150.38750000000002 -0.70710678118654757 574.0040178500002 18.350000000000005 843.57321430000013 156.30000000000004 2.5000000000000004 5708.0000000000009 301.50000000000006 286.50000000000006 28.650000000000002 255.50000000000003 259.50000000000006 11.750000000000002 9.7500000000000018 3255.6250000000005 15.500000000000002 0.51018811501624672 0.91037613702198772 1007.35 -0.5277851165098012 62.499999650000014 9169.214285500002 20.500000000000004
decision_type=2 2 2 2 2 2 2 2 2 2 2 2 2 2 2 2 2 2 2 2 2 2 2 2 2 2 2 2 2 2
left_child=1 -1 3 4 10 6 -6 8 -2 -7 -3 28 13 14 15 17 -17 -9 -19 -12 24 -22 -4 -10 -20 -25 27 -14 -5 -28
right_child=7 2 22 11 5 9 -8 12 23 -11 19 -13 26 -15 -16 16 -18 18 20 -21 21 -23 -24 25 -26 -27 29 -29 -30 -31
leaf_value=4.3646022399113349 1.7446902599695204 4.5845995330337157 -2.879841242540409 -0.067986631223982838 5.9987841257855852 2.2960272555226591 3.7493065563333112 -9.2248553012115462 0.27618509048663881 3.6723397497652637 -1.0195363491715312 4.3473129872654299 0.29481522683013295 -15.64670257600562 -7.1700431002215046 5.2354900217893503 -0.55497631995285579 3.0316975850612113 -2.9230483326007644 3.2675418790713793 1.7318125449219928 -3.0559623510768419 1.774868041674315 -6.7096123554539622 1.6262081451004449 0.49633093464268219 -13.190531004760087 -2.294831138327289 -3.2037124235594181 -9.2280148368201793
leaf_weight=20 23 27 39 20 31 30 26 98 35 20 21 27 24 199 134 24 37 20 51 29 24 20 29 52 20 33 603 38 32 155
leaf_count=20 23 27 39 20 31 30 26 98 35 20 21 27 24 199 134 24 37 20 51 29 24 20 29 52 20 33 603 38 32 155
internal_value=-0.000403401 0.00605983 0.0051571 0.00669582 0.0093913 0.0127009 0.0191053 -0.00183019 0.000776223 0.0054 0.00479221 0.000417721 -0.00208777 -0.00127751 -0.00054673 0.000469387 0.00486885 -0.000682404 0.000777777 0.0024 -0.000130435 0.00245454 -0.000794118 -0.000500001 -0.0017324 -0.00158824 -0.00270732 -0.00106452 -0.00184615 -0.00284169
internal_weight=1941 351 331 263 184 107 57 1590 143 50 77 79 1447 627 428 294 61 233 135 50 115 44 68 120 71 85 820 62 52 758
internal_count=1941 351 331 263 184 107 57 1590 143 50 77 79 1447 627 428 294 61 233 135 50 115 44 68 120 71 85 820 62 52 758
is_linear=0
shrinkage=0.03


Tree=20
num_leaves=31
num_cat=0
split_feature=23 35 56 23 23 17 51 58 36 26 31 49 2 26 57 24 57 26 18 32 58 23 32 37 15 42 26 14 1 9
split_gain=14.6747 4.01399 4.31878 2.82692 2.74673 2.89097 3.87617 2.06227 1.70644 1.1188 0.914286 0.898319 0.846184 1.11711 0.980084 1.9197 2.24728 1.49227 0.797342 0.625 0.527473 0.404357 0.348593 0.492947 0.336188 0.181221 0.166072 0.161905 0.150617 0.148322
threshold=160.50000000000003 239.25000000000003 19.150000000000002 202.00000000000003 242.00000000000003 4.5000000000000009 920.00000000000011 1008.0500000000001 537.08571430000018 39.900000000000006 545.30000000000007 2.5000000000000004 5627.3035715000015 7.0000000000000009 301.50000000000006 14.250000000000002 293.50000000000006 11.850000000000003 6.5000000000000009 1120.2687500000002 1007.35 128.50000000000003 1133.0267855000004 317.07857140000004 81.500000000000014 -131.83214284999994 29.650000000000002 27.850000000000005 10297.687500000002 140.50000000000003
decision_type=2 2 2 2 2 2 2 2 2 2 2 2 2 2 2 2 2 2 2 2 2 2 2 2 2 2 2 2 2 2
left_child=9 2 4 -4 5 6 -2 -6 10 11 -7 12 13 27 15 16 17 24 20 -8 -12 -17 23 -3 -15 -14 29 -1 -25 -13
right_child=1 22 3 -5 7 8 19 -9 -10 -11 18 26 25 14 -16 21 -18 -19 -20 -21 -22 -23 -24 28 -26 -27 -28 -29 -30 -31
leaf_value=-1.6797386108672112 4.5562034865540983 1.9139479807345814 3.7180844994517654 4.8927536039823991 1.8122352088418225 1.430705298277851 -0.74023272686227137 4.5957097211058304 4.3085993323374838 3.506294987490322 2.2785684375204078 -5.9551900445371766 -6.2839544198471282 0.95412160909317001 -3.6067608311851069 -2.8270483166079692 5.0696210631813665 5.1066239774027347 -1.4778240219929473 4.2997039706394595 -1.3364617140730479 0.05955491957884812 0.75783855404375755 -2.8653060239939752 -2.7817183326496413 -14.878664664090824 -0.57603534485062946 -13.343738847138908 -0.32933826017753759 -11.724423505129407
leaf_weight=21 29 20 27 25 27 20 20 26 23 24 26 185 20 26 75 58 20 26 86 20 28 27 34 61 42 193 20 119 20 593
leaf_count=21 29 20 27 25 27 20 20 26 23 24 26 185 20 26 75 58 20 26 86 20 28 27 34 61 42 193 20 119 20 593
internal_value=-0.000403401 0.00407317 0.0057395 0.0137308 0.00437705 0.00307143 0.00830435 0.0105849 0.00109836 -0.0019234 -7.15256e-10 -0.00203158 -0.00118182 -0.000391305 0.000722627 0.00182412 0.00436842 0.00242553 -0.000857144 0.00225 0.002 -0.00158824 -0.000333334 -0.00121782 8.82346e-05 -0.00271831 -0.00269925 -0.00257143 -0.00225926 -0.00276864
internal_weight=1941 492 357 52 305 252 69 53 183 1449 160 1425 627 414 274 199 114 94 140 40 54 85 135 101 68 213 798 140 81 778
internal_count=1941 492 357 52 305 252 69 53 183 1449 160 1425 627 414 274 199 114 94 140 40 54 85 135 101 68 213 798 140 81 778
is_linear=0
shrinkage=0.03


Tree=21
num_leaves=31
num_cat=0
split_feature=11 32 41 16 54 56 1 56 16 32 19 57 40 9 57 16 30 56 18 1 14 11 43 38 16 18 20 1 57 9
split_gain=16.5086 4.07372 3.49892 4.76298 2.67814 1.5873 1.76564 1.38796 2.61206 1.11178 0.826035 0.937575 1.62476 2.31183 1.82249 0.886429 0.715505 0.696393 0.694623 0.605773 0.575002 0.456859 0.756303 0.429573 0.686422 0.4 0.365918 0.135484 0.117391 0.0985538
threshold=-0.77259657388510616 486.48303570000002 367.07584504266839 23.150000000000002 491.60000000000008 19.750000000000004 9225.4821430000029 15.250000000000002 24.250000000000004 1061.6517855000002 7.5000000000000009 299.50000000000006 152.95705605125002 140.50000000000003 293.50000000000006 25.050000000000004 859.97857140000008 9.7500000000000018 48.500000000000007 9859.2500000000018 28.050000000000004 -0.5277851165098012 62.499999650000014 961.4747767875001 23.650000000000002 8.5000000000000018 3.5000000000000004 2765.8571430000006 284.50000000000006 141.50000000000003
decision_type=2 2 2 2 2 2 2 2 2 2 2 2 2 2 2 2 2 2 2 2 2 2 2 2 2 2 2 2 2 2
left_child=1 -1 5 25 -5 7 -7 8 16 -6 11 12 13 -2 15 17 -3 20 -19 -10 -15 22 -12 -9 -25 -4 29 -22 -17 -14
right_child=10 2 3 4 9 6 -8 23 19 -11 21 -13 26 14 -16 28 -18 18 -20 -21 27 -23 -24 24 -26 -27 -28 -29 -30 -31
leaf_value=4.0551312371479398 7.0514584094328336 1.8672445014630623 2.2802801187274335 2.6375182840517706 4.7062063128018314 4.9876667326310944 0.7604903284993606 -2.4623463769423148 -0.49625139847182836 3.9710645105813285 0.92339283100860403 -8.1650390479183148 -0.33718315169175328 1.344884483337476 4.6811237428917352 -8.6313110848042829 4.4522129006995481 2.0723997448376323 0.25969654029777245 1.1544126294737134 -11.89250606006625 -13.585039664528491 -2.0260567964400646 -2.5846483909515063 1.3702451267686653 -25.61169319419162 0.015660945415833828 -0.0044908904631735559 -1.1552267403556971 -8.9531290177852991
leaf_weight=29 27 21 20 24 31 31 33 60 43 21 28 236 31 23 25 115 20 22 25 22 42 592 40 26 32 20 32 20 23 227
leaf_count=29 27 21 20 24 31 31 33 60 43 21 28 236 31 23 25 115 20 22 25 22 42 592 40 26 32 20 32 20 23 227
internal_value=-0.000403401 0.00475981 0.0039802 0.00837931 0.0127895 0.00220833 0.006375 0.00101786 0.00350943 0.0166154 -0.00188594 -0.00126651 -0.00064706 0.000819875 5.08467e-05 -0.000666667 0.00943902 0.00109091 0.00402128 -0.00023077 -0.000529412 -0.00268182 -0.000352942 -0.00122034 0.000620689 -7.15256e-10 -0.00227586 -0.00203226 -0.00234783 -0.00265116
internal_weight=1941 433 404 116 76 288 64 224 106 52 1508 848 612 322 295 270 41 132 47 65 85 660 68 118 58 40 290 62 138 258
internal_count=1941 433 404 116 76 288 64 224 106 52 1508 848 612 322 295 270 41 132 47 65 85 660 68 118 58 40 290 62 138 258
is_linear=0
shrinkage=0.03


Tree=22
num_leaves=31
num_cat=0
split_feature=11 26 17 28 11 57 8 57 57 1 23 53 8 17 34 26 58 57 6 17 57 28 33 41 3 17 56 6 1 3
split_gain=16.203 3.57398 5.30357 4.4403 1.9355 1.77087 1.76658 2.44403 1.6565 1.31688 0.901121 0.867594 0.733359 1.32096 2.1425 1.78068 2.4595 1.11646 1.27528 1.11364 0.695141 0.483254 0.823993 0.46038 0.314155 0.227733 0.18444 0.163014 0.147349 0.0439394
threshold=-0.88144907265856332 19.150000000000002 50.500000000000007 1007.6500000000002 -0.5277851165098012 323.50000000000006 3.5000000000000004 277.50000000000006 264.50000000000006 8900.7142860000022 263.50000000000006 306.00000000000006 3.5000000000000004 51.500000000000007 1.0000000180025095e-35 7.6500000000000012 1007.5500000000001 262.50000000000006 26.500000000000004 36.500000000000007 60.000000000000007 1006.9500000000002 350.39285715000005 403.68385731045549 6346132.7145000007 22.500000000000004 16.850000000000005 27.500000000000004 4523.3125000000009 7295183.5000000009
decision_type=2 2 2 2 2 2 2 2 2 2 2 2 2 2 2 2 2 2 2 2 2 2 2 2 2 2 2 2 2 2
left_child=1 3 9 8 5 10 7 -5 11 -3 20 -1 13 14 15 25 17 -17 19 -19 -2 28 24 26 -23 -6 -10 -15 -22 -16
right_child=4 2 -4 6 12 -7 -8 -9 23 -11 -12 -13 -14 27 29 16 -18 18 -20 -21 21 22 -24 -25 -26 -27 -28 -29 -30 -31
leaf_value=5.5858760004517389 0.60882622664068287 5.5421534663731915 1.5360241764397213 4.6276294989614151 -0.12732234187069566 1.0091786409201247 4.0948816803683528 -0.66080492059253404 -3.8122814581291569 3.647887729675094 1.7746401851608231 1.4854339630143474 -14.901335729239246 -10.486022472745514 -8.687162370963101 0.68593070108405307 -2.8629690392649221 6.875167912231138 4.7770987189991754 -0.060151888393989814 -1.5685116725460515 0.071848050165099223 1.5621005048607639 1.6456693992452707 -2.1806272670367943 -17.857137100534583 -0.06637816337845516 -3.0898076732162889 -2.3313384142210603 -14.691583859611455
leaf_weight=23 20 20 24 22 26 38 38 29 54 22 21 20 571 344 145 27 33 22 20 22 20 30 27 27 43 50 31 23 129 20
leaf_count=23 20 20 24 22 26 38 38 29 54 22 21 20 571 344 145 27 33 22 20 22 20 30 27 27 43 50 31 23 129 20
internal_value=-0.000480681 0.00580645 0.012 0.00413115 -0.00167566 0.000384146 0.00947191 0.00582353 0.00106452 0.0184286 -0.000413794 0.00606977 -0.00219417 -0.00156557 -0.000287672 0.0018 0.00401613 0.00656044 0.00871875 0.00586364 -0.000881042 -0.00131325 0.000299999 -0.000857144 -0.00135617 -0.00181579 -0.00194118 -0.00283651 -0.00239597 -0.00281818
internal_weight=1941 310 66 244 1631 328 89 51 155 42 290 43 1303 732 365 200 124 91 64 44 269 249 100 112 73 76 85 367 149 165
internal_count=1941 310 66 244 1631 328 89 51 155 42 290 43 1303 732 365 200 124 91 64 44 269 249 100 112 73 76 85 367 149 165
is_linear=0
shrinkage=0.03


Tree=23
num_leaves=31
num_cat=0
split_feature=11 56 58 28 9 27 57 11 27 8 11 1 9 3 33 19 8 27 32 48 16 28 53 41 57 1 15 11 9 19
split_gain=15.2245 3.0944 4.38394 3.46213 2.28758 2.32292 1.84201 1.79589 1.74775 1.20466 1.1536 0.997165 1.10095 1.81598 0.977208 0.94691 1.21009 1.04096 1.54965 2.38235 2.40998 1.44104 0.91483 0.664464 0.415534 0.228158 0.170354 0.168109 0.620128 0.921951
threshold=-0.84874750804349197 19.150000000000002 1005.35 1007.6500000000002 144.50000000000003 267.50000000000006 264.50000000000006 -0.58216583101416131 323.50000000000006 4.5000000000000009 -0.95642797789208678 7349.5982145000007 142.50000000000003 6347255.9645000007 455.33571430000006 1.0000000180025095e-35 3.5000000000000004 250.00000000000003 46.804464285000009 44.500000000000007 25.550000000000004 1006.9500000000002 306.00000000000006 403.68385731045549 275.50000000000006 8174.6250000000009 60.500000000000007 0.91037613702198772 141.50000000000003 24.500000000000004
decision_type=2 2 2 2 2 2 2 2 2 2 2 2 2 2 2 2 2 2 2 2 2 2 2 2 2 2 2 2 2 2
left_child=1 3 -3 6 -5 -6 22 8 11 -7 -4 12 -2 -14 -15 16 17 -9 19 20 21 -19 -1 25 -21 -8 -13 -17 29 -29
right_child=7 2 10 4 5 9 23 15 -10 -11 -12 26 13 14 -16 27 -18 18 -20 24 -22 -23 -24 -25 -26 -27 -28 28 -30 -31
leaf_value=5.1203358323392756 -3.8263784772574785 2.4878562559854864 4.6536026546688571 3.0523792696735805 4.4512887405066737 -0.72503908394259575 -0.038028510518821411 -13.991373147751025 0.97890335647888049 3.9644148761255611 3.7187965044744447 -0.25508371963363607 1.5556669522959672 -1.1872240392913047 1.9068835237908237 -9.6028836491592795 -12.712665813863937 2.2375667848315075 -5.4052675751587564 1.0330434290856103 -0.29031414380234766 4.0449649199601545 0.82431131354124554 2.1836225025043787 -3.9452844714970641 -1.5983849814667679 -1.4644137055030595 3.7312781742468903 -16.831756226902002 -21.205250531828515
leaf_weight=25 30 25 24 21 23 37 24 61 28 21 23 36 21 28 26 732 180 23 50 21 24 21 24 28 47 76 77 20 144 21
leaf_count=25 30 25 24 21 23 37 24 61 28 21 23 36 21 28 26 732 180 23 50 21 24 21 24 28 47 76 77 20 144 21
internal_value=-0.000449769 0.00520513 0.01075 0.00377419 0.00817647 0.00588889 0.00123729 -0.00169811 0.000658536 0.00268965 0.0161489 -0.000247707 0.00185714 0.0038 0.000888888 -0.00212947 -0.00096253 0.000400809 0.00151613 0.00317647 0.00714706 0.0113182 0.00618367 -0.000656251 -0.000794118 -0.0018 -0.00220354 -0.00267285 -0.00186487 0.00139024
internal_weight=1941 351 72 279 102 81 177 1590 246 58 47 218 105 75 54 1344 427 247 186 136 68 44 49 128 68 100 113 917 185 41
internal_count=1941 351 72 279 102 81 177 1590 246 58 47 218 105 75 54 1344 427 247 186 136 68 44 49 128 68 100 113 917 185 41
is_linear=0
shrinkage=0.03


Tree=24
num_leaves=31
num_cat=0
split_feature=11 56 17 58 11 27 3 42 27 23 41 49 8 41 27 27 27 27 46 18 1 3 58 20 37 17 3 4 17 3
split_gain=14.97 3.82165 5.26878 3.81463 1.9355 2.07361 1.6054 1.58988 0.97899 0.908386 0.793651 0.74422 1.14365 1.30954 2.31776 2.76005 1.15253 0.896365 0.609884 0.438312 0.387887 0.623032 1.03934 0.331572 0.319058 0.237863 0.142857 0.128538 0.601905 0.0424242
threshold=-0.88144907265856332 19.150000000000002 50.500000000000007 1007.6500000000002 -0.5277851165098012 323.50000000000006 6343678.5000000009 20.115178929999949 271.50000000000006 263.50000000000006 377.72117884077096 2.5000000000000004 3.5000000000000004 17.281510316699386 301.50000000000006 290.50000000000006 250.00000000000003 275.50000000000006 23.250000000000004 8.5000000000000018 7349.5982145000007 6363516.2500000009 1006.9500000000002 1.0000000180025095e-35 824.76250000000016 13.500000000000002 7171728.0000000009 21.500000000000004 11.500000000000002 7272772.5000000009
decision_type=2 2 2 2 2 2 2 2 2 2 2 2 2 2 2 2 2 2 2 2 2 2 2 2 2 2 2 2 2 2
left_child=1 3 -3 8 5 9 -5 -8 10 18 19 12 13 14 15 16 -6 -18 -2 -1 21 22 -20 29 -10 -26 -23 -13 -29 -15
right_child=4 2 -4 6 11 -7 7 -9 24 -11 -12 27 -14 23 -16 -17 17 -19 20 -21 -22 26 -24 -25 25 -27 -28 28 -30 -31
leaf_value=2.173330277892831 0.47010906363749677 4.4139978980273362 1.6370262576695327 4.3906146704452897 -11.135526532150189 1.0436392175181726 0.45415712296217037 3.7090906473182126 -1.5443997004225092 1.6747309496264784 3.6395744844807809 -11.357503478858513 -13.854278374773095 -4.9275816827939973 -17.641839851352859 4.5212410677846986 2.3658858081921781 -2.1852901525551474 -2.5042730944964657 -1.4329149751321792 -1.395825916297341 -1.4583867018126258 1.2999505059574259 0.18059151169435736 -0.87620889138543501 1.4114938603208216 -0.12002777274179582 3.1963699238999119 -16.326803540094943 -3.9754324220479185
leaf_weight=20 37 38 23 39 30 35 32 29 45 21 21 658 223 112 62 24 31 22 27 22 113 50 25 21 21 20 20 21 79 20
leaf_count=20 37 38 23 39 30 35 32 29 45 21 21 658 223 112 62 24 31 22 27 22 113 50 25 21 21 20 20 21 79 20
internal_value=-0.000527049 0.00551613 0.0122459 0.00386747 -0.00167566 0.000384146 0.0084 0.00536066 0.000825503 -0.000440274 0.00366667 -0.00219417 -0.00134862 -0.00020497 0.00161538 0.00428972 0.00169879 0.00435849 -0.000904412 0.00128571 -0.00146809 -0.000295083 0.00219231 -0.00221569 -0.00125581 0.000658536 -0.00214286 -0.00280211 -0.0018 -0.00277273
internal_weight=1941 310 61 249 1631 328 100 61 149 293 63 1303 545 322 169 107 83 53 272 42 235 122 52 153 86 41 70 758 100 132
internal_count=1941 310 61 249 1631 328 100 61 149 293 63 1303 545 322 169 107 83 53 272 42 235 122 52 153 86 41 70 758 100 132
is_linear=0
shrinkage=0.03


Tree=25
num_leaves=31
num_cat=0
split_feature=11 32 41 16 27 46 11 8 48 6 57 19 8 34 57 27 37 46 16 11 18 12 3 34 11 38 30 6 19 30
split_gain=14.5527 3.57391 2.4642 3.85929 2.68622 2.00119 1.35539 1.58677 2.30386 1.29639 1.20619 0.900358 0.826082 1.46157 1.85256 2.43432 1.90463 1.56076 2.05068 1.20178 1.11607 0.875 0.785455 0.442461 0.40367 0.265957 0.468085 0.218021 0.161538 0.0481851
threshold=-0.77259657388510616 486.48303570000002 377.72117884077096 23.150000000000002 304.50000000000006 24.450000000000003 -0.88144907265856332 3.5000000000000004 8.5000000000000018 2.5000000000000004 290.50000000000006 10.500000000000002 3.5000000000000004 1.0000000180025095e-35 301.50000000000006 250.00000000000003 226.47500000000002 23.950000000000003 25.550000000000004 -0.58216583101416131 48.500000000000007 0.59608197715088396 6405398.0000000009 863.11250000000007 -0.63405362205439475 850.58861612500016 966.0875000000002 18.500000000000004 3.5000000000000004 552.42142855000009
decision_type=2 2 2 2 2 2 2 2 2 2 2 2 2 2 2 2 2 2 2 2 2 2 2 2 2 2 2 2 2 2
left_child=1 -1 4 -4 6 -5 7 9 10 -3 -9 12 13 14 15 -2 17 -17 20 21 22 -14 -19 -11 -13 -8 -27 -15 -16 -26
right_child=11 2 3 5 -6 -7 25 8 -10 23 -12 24 19 27 28 16 -18 18 -20 -21 -22 -23 -24 -25 29 26 -28 -29 -30 -31
leaf_value=3.5232288639672462 -12.805722456827411 3.1634100761285011 -0.62145877143236861 4.2216972900088301 2.8060537101124408 2.4214892280843898 -1.0683725899717553 0.24404092959704959 4.294333819452989 -3.7135822201786812 5.3249109103033572 -0.068333026712688635 -1.434565908801384 -0.066180844882565759 -14.016277802380609 -1.5156821715914843 -3.4063497481771705 2.3754661447784984 3.8216638128669973 -12.130047745143152 0.93107565167295891 0.51926189892819807 4.7853454615062327 1.2541465229587454 -11.792687867334813 0.038986023578607559 -0.52413656299501654 -8.5922760277765313 -1.0066348912969825 -0.26457173287701358
leaf_weight=29 54 25 33 32 27 28 47 39 20 61 23 36 28 31 84 21 26 30 31 348 21 28 25 22 531 25 22 174 20 20
leaf_count=29 54 25 33 32 27 28 47 39 20 61 23 36 28 31 84 21 26 30 31 348 21 28 25 22 531 25 22 174 20 20
internal_value=-0.000434313 0.00441339 0.00368317 0.00796774 0.00240193 0.0125 0.00154225 0.003 0.00614634 0.00061111 0.00329032 -0.00182626 -0.00124104 -0.000446809 0.000846153 0.00248077 0.0044026 0.00590625 0.00737383 -0.00225743 0.0100263 0.00182143 0.0122727 -0.00119277 -0.00274446 -0.00140426 0.000191489 -0.00241463 -0.00242308 -0.00294555
internal_weight=1941 433 404 93 311 60 284 190 82 108 62 1508 921 517 312 208 154 128 107 404 76 56 55 83 587 94 47 205 104 551
internal_count=1941 433 404 93 311 60 284 190 82 108 62 1508 921 517 312 208 154 128 107 404 76 56 55 83 587 94 47 205 104 551
is_linear=0
shrinkage=0.03


Tree=26
num_leaves=31
num_cat=0
split_feature=11 56 17 57 15 23 47 56 11 11 1 48 16 9 6 40 10 11 46 26 15 17 3 3 31 24 3 23 2 17
split_gain=14.1145 3.3872 3.96963 2.63916 2.82661 2.54717 1.64516 3.47083 1.62426 1.51309 1.27555 0.726822 1.36825 0.706729 1.18395 3.3709 1.55222 0.547687 1.83595 0.536055 0.512246 0.977208 0.506207 0.69388 0.502811 0.440705 0.297458 0.1793 0.225 0.190268
threshold=-0.84874750804349197 19.150000000000002 50.500000000000007 264.50000000000006 66.500000000000014 253.50000000000003 4.5000000000000009 15.550000000000002 -0.5277851165098012 -0.95642797789208678 3717.0625000000005 52.000000000000007 24.250000000000004 149.50000000000003 26.500000000000004 1.0000000180025095e-35 0.77259657388510639 0.77259657388510627 24.650000000000002 12.350000000000003 59.500000000000007 34.500000000000007 6363516.2500000009 6312448.5835000006 958.43928570000014 770.30000000000007 6271605.6250000009 128.50000000000003 6658.5000000000009 1.5000000000000002
decision_type=2 2 2 2 2 2 2 2 2 2 2 2 2 2 2 2 2 2 2 2 2 2 2 2 2 2 2 2 2 2
left_child=1 3 9 4 -1 6 7 -5 10 -3 -2 22 -13 14 17 16 -16 27 -19 -20 -8 -22 23 26 -6 -9 -12 29 -29 -10
right_child=8 2 -4 5 24 -7 20 25 13 -11 11 12 -14 -15 15 -17 -18 18 19 -21 21 -23 -24 -25 -26 -27 -28 28 -30 -31
leaf_value=4.0974757050070902 1.1007023479678086 4.2530099438904543 2.3883618666282613 3.4360514375622784 3.8925613170180724 2.7940029611557216 -1.0369136529346721 2.404662745282963 -2.0371072878559788 3.4148445702961063 0.17655650615437762 1.495015768879473 -1.7362051165778336 -13.536441425902566 3.1989353195248489 -2.4904795171314928 4.1862426860493649 2.4862580722098557 -15.768647824603013 0.91176847852300225 2.2995069318662886 -4.6029229486442542 -1.2314339390944706 0.52148870328969832 1.5497402537401752 -2.9392143100279773 -3.3098585692686191 0.090785124347857613 -2.905494912594798 -11.694080999781587
leaf_weight=22 29 23 29 20 23 20 70 26 20 20 20 20 31 524 23 79 22 24 148 32 26 28 113 35 22 22 39 20 20 391
leaf_count=22 29 23 29 20 23 20 70 26 20 20 20 20 31 524 23 79 22 24 148 32 26 28 113 35 22 22 39 20 20 391
internal_value=-0.000496137 0.00494872 0.01075 0.00345161 0.00864179 0.00181132 0.000749999 0.0045 -0.00169811 0.0165349 0.000344947 -0.000325582 0.00288235 -0.00214812 -0.0015751 0.0011129 0.00766667 -0.00208397 -0.000794118 -0.00183333 -0.00130645 0.000888888 -0.00111594 0.000510638 0.00433333 0.000124999 -0.00147458 -0.00266741 -0.000750001 -0.00285402
internal_weight=1941 351 72 279 67 212 192 68 1590 43 287 258 51 1303 779 124 45 655 204 180 124 54 207 94 45 48 59 451 40 411
internal_count=1941 351 72 279 67 212 192 68 1590 43 287 258 51 1303 779 124 45 655 204 180 124 54 207 94 45 48 59 451 40 411
is_linear=0
shrinkage=0.03


Tree=27
num_leaves=31
num_cat=0
split_feature=11 56 17 28 11 27 9 46 57 19 8 39 27 57 16 15 20 28 33 15 41 3 27 2 35 37 31 10 17 3
split_gain=13.3484 4.15849 5.26878 3.28136 1.91011 1.68524 1.67852 1.74633 1.28489 0.929254 1.1982 1.21374 1.80284 2.56725 2.172 2.27673 0.804164 0.892139 1.47147 0.761552 0.69453 0.478632 0.370538 0.294302 0.273876 0.156177 0.0461832 0.0416667 0.0140069 0.034375
threshold=-0.88144907265856332 19.150000000000002 50.500000000000007 1007.6500000000002 -0.47114434510950048 323.50000000000006 147.50000000000003 24.450000000000003 264.50000000000006 4.5000000000000009 3.5000000000000004 8.0703125002500027 301.50000000000006 261.50000000000006 25.550000000000004 80.500000000000014 99.500000000000014 1007.0500000000001 350.39285715000005 78.500000000000014 403.68385731045549 6430623.0000000009 250.00000000000003 6955.2142855000011 198.09285715000001 958.43928570000014 287.46428570000006 0.93540483100319627 10.500000000000002 6610741.6340000005
decision_type=2 2 2 2 2 2 2 2 2 2 2 2 2 2 2 2 2 2 2 2 2 2 2 2 2 2 2 2 2 2
left_child=1 3 -3 8 5 16 7 -5 19 10 11 12 13 22 15 -15 17 23 21 -1 24 -19 -6 25 -10 -2 -12 -13 29 -11
right_child=4 2 -4 6 9 -7 -8 -9 20 28 26 27 -14 14 -16 -17 -18 18 -20 -21 -22 -23 -24 -25 -26 -27 -28 -29 -30 -31
leaf_value=5.0530117039911806 -2.0097670578646549 4.0158824816422269 1.4539887284022146 3.7761375612979942 -12.268989231157422 0.94978059152530847 1.6325594215732628 1.6452656637417427 -2.8106801201969716 -4.9298699414273415 -14.907812583505185 -8.1691889295350215 -16.219036887002765 0.1285376041745955 0.87778653488749903 4.1993759159849029 0.80376646289442022 0.043169577038435471 1.8316517552142797 2.1519888038721304 1.8600802023744032 -1.2014856454897875 0.87414882243900072 -0.1828341576889379 -0.02396403869780982 -0.24735985292103385 -6.2652498120861253 -0.13841222080824347 -13.076328212966239 -12.816048372181138
leaf_weight=22 134 38 23 34 49 39 32 23 65 44 242 100 76 29 38 32 28 39 30 21 28 42 38 35 24 22 20 20 554 20
leaf_count=22 134 38 23 34 49 39 32 23 65 44 242 100 76 29 38 32 28 39 30 21 28 42 38 35 24 22 20 20 554 20
internal_value=-0.000480681 0.00522581 0.0122459 0.00350602 -0.0015653 0.000333333 0.00812359 0.0112105 0.000937499 -0.00212044 -0.00132298 -0.00025131 0.000893129 0.00248387 0.00578788 0.00929508 -0.000363637 -0.00081457 0.00132432 0.00537209 -0.000692308 -0.000777778 -0.00127586 -0.00205759 -0.00198876 -0.00261539 -0.0028855 -0.00275 -0.00295146 -0.00253125
internal_weight=1941 310 61 249 1631 369 89 57 160 1262 644 382 262 186 99 61 330 302 111 43 117 81 87 191 89 156 262 120 618 64
internal_count=1941 310 61 249 1631 369 89 57 160 1262 644 382 262 186 99 61 330 302 111 43 117 81 87 191 89 156 262 120 618 64
is_linear=0
shrinkage=0.03


Tree=28
num_leaves=31
num_cat=0
split_feature=23 26 41 16 46 26 23 16 19 10 16 27 58 37 8 46 58 58 6 8 16 57 1 10 43 47 8 35 41 26
split_gain=11.3864 4.07424 2.7439 3.60682 2.43567 1.52842 1.39257 1.90817 1.12088 1.09534 1.99003 1.3441 1.39797 2.31888 3.22571 1.07951 1.23187 1.20718 0.857143 0.818182 0.793392 0.631169 0.683998 0.38785 1.18642 0.370939 0.238727 0.357897 0.16888 0.0481818
threshold=160.50000000000003 22.150000000000002 377.72117884077096 23.150000000000002 24.450000000000003 39.900000000000006 291.00000000000006 24.250000000000004 10.500000000000002 -0.79335334029123528 25.550000000000004 250.00000000000003 1004.6500000000002 1.0000000180025095e-35 2.5000000000000004 22.850000000000005 1006.7500000000001 1007.1500000000002 19.500000000000004 3.5000000000000004 23.750000000000004 270.50000000000006 6818.0982145000007 0.77259657388510639 152.38303570000002 12.500000000000002 3.5000000000000004 344.61875000000003 183.27565300365066 29.650000000000002
decision_type=2 2 2 2 2 2 2 2 2 2 2 2 2 2 2 2 2 2 2 2 2 2 2 2 2 2 2 2 2 2
left_child=5 2 6 -4 -5 8 15 -8 9 -1 11 -11 -13 14 18 -2 26 -18 -14 -16 -15 -19 -23 -22 -25 -24 -17 -28 -12 -10
right_child=1 -3 3 4 -6 -7 7 -9 29 10 28 12 13 20 19 16 17 21 -20 -21 23 22 25 24 -26 -27 27 -29 -30 -31
leaf_value=-10.270000079361598 2.2896059223827692 3.758719899237156 -0.56537597969069742 3.8637517844423859 1.6541434390463241 2.9525507579012311 3.7276589819190842 0.64536910007891279 -10.023746971435722 -11.664685444279051 -10.987566928244004 -5.6234773177669242 6.2120761714863155 0.35385752184670755 1.9397830553524085 -6.4012352099149918 1.521515190610252 3.4026708408290181 3.3928505701991147 -2.8227320442417909 -1.5976145974343281 1.1912648283363889 0.43847132298414371 0.98221407592471366 -1.7439667033320678 -1.36465909337195 0.021743809549159339 -0.41833583210238723 -1.1702252869112293 -0.46592958802870615
leaf_weight=253 38 32 33 32 23 24 20 32 530 63 237 55 21 25 22 72 20 20 21 22 52 23 33 27 40 56 21 37 37 20
leaf_count=253 38 32 33 32 23 24 20 32 530 63 237 55 21 25 22 72 20 20 21 22 52 23 33 27 40 56 21 37 37 20
internal_value=-0.000418857 0.00352439 0.00280435 0.00756818 0.0122727 -0.00175776 0.00167742 0.00623077 -0.00188421 -0.00121714 -0.000540194 0.000965517 0.0018421 0.00286956 0.00676744 0.000937499 0.000297872 0.00213158 0.0127143 0.00109091 0.000541666 0.00109091 0.000214285 -0.000478992 0.00102985 -0.000977529 -0.00184615 -0.000413794 -0.00245256 -0.00294546
internal_weight=1941 492 460 88 55 1449 372 52 1425 875 622 348 285 230 86 320 282 152 42 44 144 132 112 119 67 89 130 58 274 550
internal_count=1941 492 460 88 55 1449 372 52 1425 875 622 348 285 230 86 320 282 152 42 44 144 132 112 119 67 89 130 58 274 550
is_linear=0
shrinkage=0.03


Tree=29
num_leaves=31
num_cat=0
split_feature=21 57 40 21 30 8 52 28 38 18 15 24 6 44 3 33 37 16 30 8 9 15 18 30 57 4 17 30 43 15
split_gain=9.18977 6.82966 4.77824 2.68636 2.61297 1.00936 1.00156 1.04135 0.859091 0.855337 2.65021 1.59764 0.958764 1.95173 0.80373 0.576752 0.504552 0.398721 0.354046 0.344125 0.593363 2.09245 0.56 0.501217 0.625 0.355874 0.339567 0.2625 0.176426 0.170466
threshold=678.50000000000011 262.50000000000006 409.83102678479173 941.00000000000011 827.61190480000016 4.5000000000000009 1.5000000000000002 1007.7500000000001 727.04866071250024 37.500000000000007 71.500000000000014 345.25000000000006 26.500000000000004 28.550000000000004 6367151.2855000012 907.54285715000015 989.91250000000014 23.850000000000005 552.42142855000009 3.5000000000000004 141.50000000000003 81.500000000000014 28.500000000000004 613.01250000000016 259.50000000000006 19.500000000000004 41.500000000000007 1019.2357145000002 318.52321430000001 67.500000000000014
decision_type=2 2 2 2 2 2 2 2 2 2 2 2 2 2 2 2 2 2 2 2 2 2 2 2 2 2 2 2 2 2
left_child=4 -2 8 5 9 16 -6 27 -3 19 11 -11 18 -14 -7 -16 -4 -18 26 20 21 25 23 29 -25 -1 -12 -8 -21 -22
right_child=1 2 3 -5 6 14 7 -9 -10 10 12 -13 13 -15 15 -17 17 -19 -20 28 22 -23 -24 24 -26 -27 -28 -29 -30 -31
leaf_value=-4.4133713257475558 4.4320218450116107 3.10763394838445 -3.8524330447547337 2.8301991670639599 4.4097394073730882 2.0359908800728799 -1.301031152900372 2.0931725451206415 2.3224995964365664 1.5452044005672441 0.46118816368053017 -0.8382873213754598 2.8014266713643581 -3.4036252828731763 1.2879858169996894 -0.28542705479866898 -1.3016196168162748 1.6271815199831188 0.35871971524880325 -8.646380061433586 -0.12005344897385403 6.8769446265054217 1.4572160464990567 0.87735798724811576 -3.1327860118954609 0.139183118801228 -8.2134039434367736 0.18810203530536007 0.030430718413943205 -9.5940099182646339
leaf_weight=93 33 20 100 28 23 37 28 30 22 29 24 22 33 50 23 26 22 21 20 482 21 20 22 20 20 26 230 20 20 376
leaf_count=93 33 20 100 28 23 37 28 30 22 29 24 22 33 50 23 26 22 21 20 482 21 20 22 20 20 26 230 20 20 376
internal_value=-0.000496137 0.00404819 0.00261873 0.0010856 -0.00143381 1.30997e-05 0.00323762 0.00161538 0.012 -0.00174669 -0.00057353 0.00582353 -0.0014874 0.00133735 0.00258139 6.12238e-05 -0.00153147 0.00118605 -0.00234307 -0.00218182 -0.00169565 2.1582e-05 -0.00221569 -0.0024508 0.000749999 -0.0014874 -0.00264567 -0.001125 -0.00276096 -0.0027733
internal_weight=1941 332 299 257 1609 229 101 78 42 1508 408 51 357 83 86 49 143 43 274 1100 598 139 459 437 40 119 254 48 502 397
internal_count=1941 332 299 257 1609 229 101 78 42 1508 408 51 357 83 86 49 143 43 274 1100 598 139 459 437 40 119 254 48 502 397
is_linear=0
shrinkage=0.03


Tree=30
num_leaves=31
num_cat=0
split_feature=11 56 17 58 11 58 27 9 57 27 32 58 9 26 19 8 56 27 57 16 15 42 32 5 27 10 19 40 40 1
split_gain=13.1136 4.27393 5.26878 2.70169 1.8216 1.96315 1.69 2.7 1.54308 1.29519 0.966376 0.916368 1.79151 1.60702 0.876851 1.12782 0.932726 1.41784 2.44022 1.98669 2.29493 0.535714 0.521605 0.389812 0.369371 0.58072 0.302855 0.218985 0.231447 0.150617
threshold=-0.88144907265856332 19.150000000000002 50.500000000000007 1007.6500000000002 -0.47114434510950048 1002.6500000000002 265.50000000000006 145.50000000000003 264.50000000000006 323.50000000000006 952.86875000000009 1007.35 146.50000000000003 9.7500000000000018 4.5000000000000009 3.5000000000000004 14.050000000000002 301.50000000000006 261.50000000000006 25.550000000000004 80.500000000000014 20.115178929999949 1147.2705355000001 22.500000000000004 250.00000000000003 0.41248606129204562 51.500000000000007 932.19258433958328 994.2975446708333 11896.000000000002
decision_type=2 2 2 2 2 2 2 2 2 2 2 2 2 2 2 2 2 2 2 2 2 2 2 2 2 2 2 2 2 2
left_child=1 3 -3 8 5 -2 -5 -8 10 11 -1 26 13 -13 15 16 17 18 24 20 -20 -9 29 -21 -6 -26 27 -7 -29 -10
right_child=4 2 -4 6 14 9 7 21 22 -11 -12 12 -14 -15 -16 -17 -18 -19 19 23 -22 -23 -24 -25 25 -27 -28 28 -30 -31
leaf_value=1.5736254380283927 0.42495426788916946 3.6844699570526545 1.4777904281684477 3.5129756839407751 -12.372256590190798 -1.2469782677194849 3.5324618420359921 -1.0801770495252423 -1.621274105909229 0.90403932979954338 4.8229137945298755 -0.19795692376366622 -1.3942124336718615 3.1525459983382844 -10.942404535298495 -13.714566147155766 -8.0140519912529502 -14.814653858495934 0.02541883487883052 -0.95494771803711809 3.8875663212584501 2.5681105349939544 1.2999003284235169 4.2021622552128708 -5.7746167220739917 1.9699235807726354 0.50874447404227674 0.030010413998148921 -0.64075122958298947 -0.01424936275437055
leaf_weight=21 23 38 23 20 63 140 32 28 61 32 20 26 52 23 618 262 90 77 36 22 32 20 27 21 20 21 20 30 23 20
leaf_count=21 23 38 23 20 63 140 32 28 61 32 20 26 52 23 618 262 90 77 36 22 32 20 27 21 20 21 20 30 23 20
internal_value=-0.000527049 0.00512903 0.0122459 0.00338554 -0.00160209 0.000252032 0.0072 0.00525 0.000825503 -0.000312139 0.00578049 -0.00089809 0.00145544 0.00557143 -0.00214422 -0.00136957 -0.000329844 0.00049315 0.00174419 0.00483784 0.00802941 0.000749999 -0.00105556 -0.000209303 -0.00155769 0.000658536 -0.00201409 -0.00237824 -0.00073585 -0.00225926
internal_weight=1941 310 61 249 1631 369 100 80 149 346 41 314 101 49 1262 644 382 292 215 111 68 48 108 43 104 41 213 193 53 81
internal_count=1941 310 61 249 1631 369 100 80 149 346 41 314 101 49 1262 644 382 292 215 111 68 48 108 43 104 41 213 193 53 81
is_linear=0
shrinkage=0.03


Tree=31
num_leaves=31
num_cat=0
split_feature=53 10 56 6 6 1 16 17 26 41 40 19 15 10 16 27 15 47 58 58 14 51 6 38 41 1 22 26 38 41
split_gain=9.78539 4.36476 6.67786 2.20307 4.44071 2.63432 1.76003 1.65833 1.54533 1.39918 0.942857 0.929136 0.857143 0.82557 1.65739 1.28434 1.56012 1.12592 1.05437 1.41266 0.612019 0.657221 0.368182 0.363636 0.346999 0.27 0.26886 0.19274 0.138462 0.126387
threshold=160.50000000000003 -0.32143946530316159 19.150000000000002 26.500000000000004 20.500000000000004 8332.4285715000024 24.450000000000003 82.500000000000014 39.900000000000006 377.72117884077096 417.75673363791674 10.500000000000002 81.500000000000014 -0.63405362205439475 25.550000000000004 250.00000000000003 81.500000000000014 21.500000000000004 1006.35 1007.35 32.850000000000001 370.00000000000006 28.500000000000004 871.35580358750019 164.24625073734407 3803.0714285000008 594.50000000000011 29.650000000000002 1017.3962053625002 202.68631436028673
decision_type=2 2 2 2 2 2 2 2 2 2 2 2 2 2 2 2 2 2 2 2 2 2 2 2 2 2 2 2 2 2
left_child=8 20 3 4 7 -6 9 28 11 -7 -4 13 -9 26 15 -15 17 -17 -19 -20 21 -2 -5 -24 -16 -21 -1 -13 -3 -23
right_child=1 2 10 22 5 6 -8 12 -10 -11 -12 27 -14 14 24 16 -18 18 19 25 -22 29 23 -25 -26 -27 -28 -29 -30 -31
leaf_value=-8.5747015988014912 0.94947376554873997 -3.0568676990545551 2.7468606253329639 -19.564011665275505 3.2619468598042576 1.0932310294787875 0.33180478620817683 3.392435766041741 2.7189334249063246 3.6049813853210324 3.8627065003112095 -9.2167199392831094 1.9849530991644746 -10.714236171916451 -10.318729360210423 0.47690573139494485 3.7273184037666329 -6.8822551862938148 1.2844206797965663 0.0041629074350579883 1.1501321967701372 -0.2212023508731305 1.3306886489735013 -0.38456703492734856 0.50906426230605295 -2.8139999502171422 -0.01616632036435273 -0.17688003087657767 -3.2612675057647995 -1.4345056998554511
leaf_weight=293 26 45 22 36 20 22 28 21 24 26 20 531 21 61 232 34 37 81 38 20 22 25 22 22 21 30 27 20 20 94
leaf_count=293 26 45 22 36 20 22 28 21 24 26 20 531 21 61 232 34 37 81 38 20 22 25 22 22 21 30 27 20 20 94
internal_value=-0.000557961 0.00309756 0.00512308 0.00346643 0.00512808 0.0098125 0.00726316 0.000925233 -0.00179917 0.01075 0.0162857 -0.00192632 0.00557143 -0.00131808 -0.000617329 0.000887042 0.001875 0.000842364 -0.000159764 0.00211364 -0.000844312 -0.00155172 -0.000750001 0.00109091 -0.00240712 -0.0012 -0.00253125 -0.00289111 -0.00207692 -0.0024958
internal_weight=1941 492 325 283 203 96 76 107 1449 48 42 1425 42 874 554 301 240 203 169 88 167 145 80 44 253 50 320 551 65 119
internal_count=1941 492 325 283 203 96 76 107 1449 48 42 1425 42 874 554 301 240 203 169 88 167 145 80 44 253 50 320 551 65 119
is_linear=0
shrinkage=0.03


Tree=32
num_leaves=31
num_cat=0
split_feature=11 32 41 16 46 56 1 30 1 53 27 11 1 12 27 40 27 26 46 57 43 45 8 36 47 4 45 17 42 14
split_gain=11.1335 3.38511 2.57753 3.27864 1.37619 1.33997 2.08208 0.726162 1.05693 1.00018 0.864527 0.724427 1.14775 0.770904 1.06835 2.25928 3.18978 2.0455 1.09638 1.16393 0.522945 0.755462 0.514689 0.459988 0.269271 0.2625 0.157447 0.149718 0.131034 0.0415254
threshold=-0.77259657388510616 486.48303570000002 377.72117884077096 23.150000000000002 24.450000000000003 21.550000000000004 9225.4821430000029 863.11250000000007 7831.9821430000011 291.00000000000006 264.50000000000006 -0.47114434510950048 3803.0714285000008 0.53946920585801694 299.50000000000006 155.55468750020836 250.00000000000003 7.6500000000000012 24.750000000000004 285.50000000000006 -72.33571428499998 62.500000000000007 4.5000000000000009 529.67142855000009 18.500000000000004 2.5000000000000004 65.500000000000014 1.0000000180025095e-35 -15.237499999999999 27.650000000000002
decision_type=2 2 2 2 2 2 2 2 2 2 2 2 2 2 2 2 2 2 2 2 2 2 2 2 2 2 2 2 2 2
left_child=1 -1 5 -4 -5 7 -7 9 -9 26 -10 12 -2 -13 15 16 -15 25 -19 -20 21 -14 28 -21 -22 -18 -3 -17 -12 -26
right_child=11 2 3 4 -6 6 -8 8 10 -11 22 13 20 14 -16 27 17 18 19 23 24 -23 -24 -25 29 -27 -28 -29 -30 -31
leaf_value=2.7532386311938741 0.91403707700847103 -0.22500512512067963 -0.58872007022072737 3.4034502717121278 2.0621063859580309 4.3338080583814325 -0.2456016461826242 4.9735165955763296 1.9678607893895468 1.2392900122863504 -0.053347599769574518 -12.6685455345702 -0.77744993288692554 -10.083252344943359 -13.230611582103895 -1.1468677987221574 0.55090112029322424 3.9596052211562838 -1.59003421483295 3.6788441342957734 -0.021124850855764408 0.9685611697133969 0.70074623632523625 0.41787648172047498 -0.64493725904856969 -12.713192538290915 -1.4344799370760983 -7.8184935281892205 -1.5795159904602092 -1.754676448846584
leaf_weight=29 35 74 33 32 28 26 23 21 27 24 20 508 29 94 270 24 20 38 27 20 38 26 38 21 20 28 20 212 38 98
leaf_count=29 35 74 33 32 28 26 23 21 27 24 20 508 29 94 270 24 20 38 27 20 38 26 38 21 20 28 20 212 38 98
internal_value=-0.000588872 0.00365127 0.00294059 0.00732258 0.0115 0.00163022 0.00618367 0.000778625 0.00220833 -0.000966102 0.00114634 -0.00180637 -0.000317074 -0.00209667 -0.00148806 -0.000644629 0.00135484 0.00401299 0.00633962 0.00405882 -0.00115166 0.00136364 -0.000187501 0.0072439 -0.00203846 -0.001125 -0.0023617 -0.00274576 -0.00196552 -0.00274576
internal_weight=1941 433 404 93 60 311 49 262 144 118 123 1508 246 1262 754 484 248 154 106 68 211 55 96 41 156 48 94 236 58 118
internal_count=1941 433 404 93 60 311 49 262 144 118 123 1508 246 1262 754 484 248 154 106 68 211 55 96 41 156 48 94 236 58 118
is_linear=0
shrinkage=0.03


Tree=33
num_leaves=31
num_cat=0
split_feature=11 56 17 28 57 11 18 46 43 44 49 9 11 57 31 18 35 56 57 56 8 37 26 2 41 28 35 58 47 3
split_gain=11.4294 3.69479 4.39389 2.5722 1.39585 1.34817 1.8328 1.91836 1.3244 0.917397 0.884975 1.14011 3.52406 0.857679 1.44 0.839161 0.696341 1.27048 1.12249 1.0226 0.58906 0.537891 0.84736 0.631313 0.446972 0.4 0.273876 0.16381 0.0210179 0.0272727
threshold=-0.88144907265856332 19.150000000000002 50.500000000000007 1007.6500000000002 264.50000000000006 -0.5 63.500000000000007 24.250000000000004 8.2857143499999797 28.650000000000002 7.5000000000000009 141.50000000000003 0.84874750804349197 304.50000000000006 648.57142855000018 1.5000000000000002 1.0000000180025095e-35 8.6500000000000004 302.50000000000006 10.750000000000002 1.0000000180025095e-35 329.7044643000001 12.050000000000002 6883.7589285000004 403.68385731045549 1008.6500000000002 198.09285715000001 1007.7500000000001 10.500000000000002 6555405.9375000009
decision_type=2 2 2 2 2 2 2 2 2 2 2 2 2 2 2 2 2 2 2 2 2 2 2 2 2 2 2 2 2 2
left_child=1 3 -3 4 9 6 13 -8 -5 -1 11 12 20 21 -15 -10 17 27 19 -19 -7 22 -2 -23 26 -17 -6 -13 29 -12
right_child=5 2 -4 8 24 10 7 -9 15 -11 28 16 -14 14 -16 25 -18 18 -20 -21 -22 23 -24 -25 -26 -27 -28 -29 -30 -31
leaf_value=1.6591699532426654 2.2001750439954635 3.3360550580440917 1.2866143901224887 -0.0083305127830509834 -2.8001326466371501 0.43031012147901587 2.2040127501420779 -0.10300145987297903 2.0052737163640013 4.4484873045538862 -4.3399110953905096 -13.647406480875672 2.3973941177972118 -0.42188424702205868 0.45729142766419878 3.5299413850291335 -13.469714896983833 3.5313060843371962 -9.167987527252901 0.22664175131775058 -10.837146533991044 -0.7349533810855422 -0.48227517462376124 0.18423186938056882 1.5314756650447892 2.3509260823903535 -0.022512255540945582 -1.3664483762823068 -10.271232066397756 -15.347541852867785
leaf_weight=22 26 38 23 23 65 31 22 23 26 21 24 129 38 25 20 20 294 34 31 36 84 165 34 33 28 20 24 21 541 20
leaf_count=22 26 38 23 23 65 31 22 23 26 21 24 129 38 25 20 20 294 34 31 36 84 165 34 33 28 20 24 21 541 20
internal_value=-0.00063524 0.00464516 0.0112623 0.0030241 0.000749999 -0.00163887 1.72407e-05 0.00566667 0.00711236 0.00537209 -0.00208808 -0.00136676 0.000921568 -0.000821783 0.003 0.00927273 -0.00200918 -0.000848606 0.00175247 0.00385714 -0.00169565 -0.00148837 0.000999999 -0.00224242 -0.000948719 0.012 -0.00198876 -0.0026 -0.00294872 -0.00231818
internal_weight=1941 310 61 249 160 1631 348 45 89 43 1283 698 153 303 45 66 545 251 101 70 115 258 60 198 117 40 89 150 585 44
internal_count=1941 310 61 249 160 1631 348 45 89 43 1283 698 153 303 45 66 545 251 101 70 115 258 60 198 117 40 89 150 585 44
is_linear=0
shrinkage=0.03


Tree=34
num_leaves=31
num_cat=0
split_feature=11 56 20 28 11 57 16 43 1 57 44 28 9 21 19 9 11 10 56 36 1 57 57 20 48 2 37 48 4 33
split_gain=11.4294 3.16598 3.58227 2.42283 1.63444 1.8035 1.68713 1.3244 1.36566 1.28489 0.917397 0.787412 1.4654 1.4041 0.758728 0.899964 2.57459 0.817257 1.88292 0.999405 1.26276 0.589687 0.44602 0.386887 0.262796 0.216972 0.436364 0.157866 0.151807 0.127086
threshold=-0.88144907265856332 19.150000000000002 41.500000000000007 1007.6500000000002 -0.41248606129204524 323.50000000000006 24.350000000000005 8.2857143499999797 10542.169645000002 264.50000000000006 28.650000000000002 1006.9500000000002 145.50000000000003 408.50000000000006 4.5000000000000009 141.50000000000003 0.77259657388510627 0.58216583101416164 8.6500000000000004 609.95000000000016 149.50000000000003 291.50000000000006 289.50000000000006 99.500000000000014 30.500000000000004 6955.2142855000011 670.75178570000014 61.500000000000007 18.500000000000004 848.99285715000008
decision_type=2 2 2 2 2 2 2 2 2 2 2 2 2 2 2 2 2 2 2 2 2 2 2 2 2 2 2 2 2 2
left_child=1 3 -3 9 5 11 -7 -5 -9 10 -1 23 13 -13 15 16 28 -17 -19 20 -20 -18 29 25 -14 27 -27 -2 -6 -11
right_child=4 2 -4 7 14 6 -8 8 -10 22 -12 12 24 -15 -16 17 21 18 19 -21 -22 -23 -24 -25 -26 26 -28 -29 -30 -31
leaf_value=1.6093948546453887 -1.8206832802340125 3.2036154932691452 1.4794143163557938 -0.0080805973995608498 -10.078758421616358 0.99734725660136181 -1.5932472313159862 3.2648602112806824 2.5894002750667888 -0.52510802116636612 4.3150326854172674 0.08649562886380463 -0.10505188012525472 2.66884051781259 -11.358686078262588 -12.731996195559066 5.6276652694689995 -13.227387364071356 4.0659475745662093 -3.4316382168896706 0.070159601419067769 0.27550577733496762 0.6678894437430275 0.79710730991074064 -2.1451423738775923 -2.2088190906756675 0.22636692432529731 -0.36982350225205579 -0.33451232110920232 -2.8647588366653087
leaf_weight=22 145 39 22 23 63 23 22 30 36 38 21 27 34 25 600 326 23 99 24 23 23 20 35 25 43 24 20 22 20 44
leaf_count=22 145 39 22 23 63 23 22 30 36 38 21 27 34 25 600 326 23 99 24 23 23 20 35 25 43 24 20 22 20 44
internal_value=-0.00063524 0.00464516 0.0107705 0.00314458 -0.00163887 -7.15256e-10 0.00566667 0.00711236 0.00927273 0.000937499 0.00537209 -0.000698631 0.00118605 0.00507692 -0.00218919 -0.00145411 0.000809523 -0.0020303 -0.000337279 0.00342857 0.00593617 0.00676744 -0.000692308 -0.00172881 -0.00144156 -0.00214692 -0.000272728 -0.00264072 -0.00227711 -0.00190244
internal_weight=1941 310 61 249 1631 410 45 89 66 160 43 365 129 52 1221 621 126 495 169 70 47 43 117 236 77 211 44 167 83 82
internal_count=1941 310 61 249 1631 410 45 89 66 160 43 365 129 52 1221 621 126 495 169 70 47 43 117 236 77 211 44 167 83 82
is_linear=0
shrinkage=0.03


Tree=35
num_leaves=31
num_cat=0
split_feature=11 56 20 58 11 48 16 43 57 18 37 15 12 57 40 57 26 58 3 18 30 47 34 2 4 30 16 41 42 23
split_gain=10.9487 3.26681 3.58227 2.37434 1.70782 1.41657 1.64883 1.35398 1.23043 0.847177 0.741521 0.677352 0.638969 0.802696 1.35199 2.05901 1.71297 1.0951 0.984383 0.910084 0.595938 0.527056 1.28422 0.42482 0.338624 0.30244 0.27764 0.732466 0.133625 0.114502
threshold=-0.88144907265856332 19.150000000000002 41.500000000000007 1007.6500000000002 -0.41248606129204524 54.500000000000007 24.250000000000004 8.2857143499999797 264.50000000000006 1.5000000000000002 989.91250000000014 78.500000000000014 0.53946920585801694 302.50000000000006 155.55468750020836 250.00000000000003 7.8500000000000005 1007.4500000000002 6297804.0000000009 40.500000000000007 295.05803570000006 19.500000000000004 154.23571425000003 7241.5000000000009 2.5000000000000004 907.54285715000015 23.150000000000002 334.25102099474725 -147.57857140000002 181.00000000000003
decision_type=2 2 2 2 2 2 2 2 2 2 2 2 2 2 2 2 2 2 2 2 2 2 2 2 2 2 2 2 2 2
left_child=1 3 -3 8 5 20 -7 -5 11 -9 -11 -1 -6 14 15 -14 24 18 -18 -20 -2 22 -22 28 -17 -23 -10 -28 -24 -8
right_child=4 2 -4 7 12 6 29 9 26 10 -12 -13 13 -15 -16 16 17 -19 19 -21 21 25 23 -25 -26 -27 27 -29 -30 -31
leaf_value=4.4298255388237955 0.6832669200724526 3.1075070284710713 1.4350318868651193 0.59354872122297064 -12.491004253105539 0.99115273904747903 0.12602429584979333 2.6207498808699934 -3.7252056664294764 2.7564042565305993 3.1266163958831221 1.7654843536941232 -8.8990696637742399 -12.808112456561988 -6.2832507251195233 0.3768931409262159 0.19897881081807817 -0.11656940603213578 5.9521103796149442 0.85381259957240274 0.37996427507882891 -0.86211132843100879 -0.1998218150380065 0.02875025939223088 -12.187951102707686 1.5746223401454822 -0.17010767578825955 1.2099917664526245 -1.3503549990228021 -0.25316561910731622
leaf_weight=20 28 39 22 29 492 33 20 30 41 20 21 21 88 245 239 27 20 23 21 30 26 144 22 31 36 23 42 25 61 22
leaf_count=20 28 39 22 29 492 33 20 30 41 20 21 21 88 245 239 27 20 23 21 30 26 144 22 31 36 23 42 25 61 22
internal_value=-0.000619784 0.00454839 0.0107705 0.0030241 -0.00160209 7.317e-05 0.0038 0.0066 0.00062416 0.00883099 0.0116341 0.00504878 -0.00216462 -0.00160082 -0.000892563 0.000673469 0.00273248 0.00529787 0.00714084 0.00935294 -0.000761195 -0.00114332 0.000214285 -0.0011579 -0.00109524 -0.00228144 -0.00105556 0.000134328 -0.00227711 -0.000142858
internal_weight=1941 310 61 249 1631 410 75 100 149 71 41 41 1221 729 484 245 157 94 71 51 335 307 140 114 63 167 108 67 83 42
internal_count=1941 310 61 249 1631 410 75 100 149 71 41 41 1221 729 484 245 157 94 71 51 335 307 140 114 63 167 108 67 83 42
is_linear=0
shrinkage=0.03


Tree=36
num_leaves=31
num_cat=0
split_feature=11 41 1 38 16 39 27 11 1 37 27 37 20 9 27 34 27 58 26 47 28 31 44 30 43 6 38 37 1 4
split_gain=9.87797 2.05164 2.90043 2.64706 2.14981 1.41324 1.02751 0.994274 1.18661 0.881866 1.01629 1.46543 0.852958 0.677108 0.866393 1.35147 2.21534 1.48162 1.62709 0.709609 0.71984 0.586446 0.549184 0.743887 0.448106 0.738409 0.436364 0.3098 0.306818 0.230488
threshold=-0.77259657388510616 377.72117884077096 9881.2857145000016 587.48616077500014 23.250000000000004 993.67176346250005 304.50000000000006 -0.41248606129204524 3688.2142855000006 947.40625000000011 286.50000000000006 1028.3375000000003 3.5000000000000004 149.50000000000003 302.50000000000006 1.0000000180025095e-35 250.00000000000003 1007.6500000000002 7.8500000000000005 32.500000000000007 1006.6500000000002 927.76250000000016 30.250000000000004 669.85178570000005 106.87142859999999 20.500000000000004 885.03526787500016 794.49553570000012 7203.0625000000009 12.500000000000002
decision_type=2 2 2 2 2 2 2 2 2 2 2 2 2 2 2 2 2 2 2 2 2 2 2 2 2 2 2 2 2 2
left_child=1 3 -3 -1 -4 -6 9 8 12 24 11 -11 -2 14 15 16 -9 18 -18 -20 -21 -13 23 -10 28 26 -26 -24 -5 -12
right_child=7 2 4 6 5 -7 -8 13 22 10 29 21 -14 -15 -16 -17 17 -19 19 20 -22 -23 27 -25 25 -27 -28 -29 -30 -31
leaf_value=2.4043924783216695 -0.041359804355508713 2.815015353212067 -2.2883546373432302 0.018370577278441873 0.5388664343610593 3.0714086782465748 2.0773692331915896 -9.1238095950327658 -0.19322094525536151 2.9515329415169238 -3.7322523306240352 2.4598338403108109 0.66540655905627788 -12.116274125512373 -12.367672621153629 -7.4653242204357175 -0.31148538843002116 -0.79669963233075036 5.4605777128101636 0.24199480436583171 3.2865167912553486 -0.019879880154355267 -2.1506894079500292 0.27143793259046028 -1.7987377748199433 3.2037219027223758 3.7573190900987359 -0.12519452242584495 -0.92453528625387782 0.50556165131915576
leaf_weight=34 23 23 29 22 20 21 27 92 42 23 21 20 29 492 248 230 38 39 23 34 25 27 126 32 33 25 22 35 66 20
leaf_count=34 23 23 29 22 20 21 27 92 42 23 21 20 29 492 248 230 38 39 23 34 25 27 126 32 33 25 22 35 66 20
internal_value=-0.000619784 0.00337413 0.00732258 0.00229412 0.00428571 0.00870732 0.00141176 -0.00176658 -0.000177701 0.000870967 0.00294595 0.00514286 0.00392308 -0.00214005 -0.00155967 -0.000817049 0.000705179 0.00284906 0.0045 0.00687805 0.00513559 0.00210638 -0.00108511 0.00105405 -0.000500001 0.001125 -0.000818183 -0.00206832 -0.00197727 -0.000804879
internal_weight=1941 433 93 340 70 41 306 1508 287 279 111 70 52 1221 729 481 251 159 120 82 59 47 235 74 168 80 55 161 88 41
internal_count=1941 433 93 340 70 41 306 1508 287 279 111 70 52 1221 729 481 251 159 120 82 59 47 235 74 168 80 55 161 88 41
is_linear=0
shrinkage=0.03


Tree=37
num_leaves=31
num_cat=0
split_feature=11 56 17 28 11 57 16 30 1 57 28 9 52 23 41 9 57 54 28 10 10 6 18 15 47 3 1 2 1 32
split_gain=9.15786 2.85738 3.23039 2.7577 1.67134 1.40411 1.32964 1.28805 1.05844 0.938135 0.918069 1.73627 2.24429 0.773986 0.518998 0.48162 0.667293 1.00609 1.57391 2.04463 1.10769 1.47273 0.818182 0.791696 0.292208 0.253123 0.247354 0.154361 0.133946 0.128969
threshold=-0.88144907265856332 19.150000000000002 50.500000000000007 1007.6500000000002 -0.41248606129204524 323.50000000000006 24.350000000000005 863.11250000000007 10542.169645000002 264.50000000000006 1006.9500000000002 145.50000000000003 189.50000000000003 306.00000000000006 403.68385731045549 149.50000000000003 302.50000000000006 14.050000000000002 1005.7500000000001 0.5277851165098012 0.35206144883412577 26.500000000000004 43.500000000000007 81.500000000000014 32.500000000000007 7268744.8750000009 3178.6607145000003 6955.2142855000011 3255.6250000000005 1147.2705355000001
decision_type=2 2 2 2 2 2 2 2 2 2 2 2 2 2 2 2 2 2 2 2 2 2 2 2 2 2 2 2 2 2
left_child=1 3 -3 9 5 10 -7 -5 -9 13 25 12 -12 -1 29 16 17 18 19 23 -20 -22 -23 -6 -13 26 -2 -28 -19 -11
right_child=4 2 -4 7 15 6 -8 8 -10 14 11 24 -14 -15 -16 -17 -18 28 20 -21 21 22 -24 -25 -26 -27 27 -29 -30 -31
leaf_value=3.8972791250755754 0.14806761129507867 2.9592993761713364 1.1136696456302777 0.38306641315194068 0.80259396866689248 0.90729611708058289 -1.4886018149234037 3.0951317602169004 2.5769614081152445 -1.3323681058786885 -0.027941227384209979 -0.0016723980091776314 2.6159765857246198 -0.0025503566130706955 1.3759667486492262 -11.752785901747004 -12.052838904230518 -6.8589201780820055 -6.8800299556880633 -9.3885050676233224 -13.350331241936042 3.860561800269696 0.55500652684823826 5.7557236047979279 -3.3335404598202296 0.079634976132276006 -0.79686327034228732 -0.62622795688415389 -0.90344822426052729 -0.32652687362202598
leaf_weight=22 23 38 23 31 29 23 22 20 38 66 29 32 23 21 28 492 245 175 128 26 36 22 22 20 45 20 154 39 26 23
leaf_count=22 23 38 23 31 29 23 22 20 38 66 29 32 23 21 28 492 245 175 128 26 36 22 22 20 45 20 154 39 26 23
internal_value=-0.000758888 0.00396774 0.00978688 0.00254217 -0.00165727 -7.15256e-10 0.005 0.00677528 0.00941379 0.000187499 -0.000616439 0.0014186 0.00565385 0.00397674 -0.00120513 -0.00221376 -0.00172428 -0.00107851 7.42042e-05 0.0038 -0.00126923 0.0015 0.00518182 0.00740816 -0.00144156 -0.00172881 -0.00202778 -0.00237824 -0.00270149 -0.00232584
internal_weight=1941 310 61 249 1631 410 45 89 58 160 365 129 52 43 117 1221 729 484 283 75 208 80 44 49 77 236 216 193 201 89
internal_count=1941 310 61 249 1631 410 45 89 58 160 365 129 52 43 117 1221 729 484 283 75 208 80 44 49 77 236 216 193 201 89
is_linear=0
shrinkage=0.03


Tree=38
num_leaves=31
num_cat=0
split_feature=23 41 16 37 38 26 45 8 9 39 43 8 27 6 48 26 28 27 6 15 10 45 30 27 35 8 16 14 47 34
split_gain=7.24298 2.88306 3.00606 1.91505 2.23309 1.5772 1.29231 0.897118 1.15933 1.78576 1.53651 0.856831 1.21498 0.633497 0.665212 0.951082 0.933838 0.610423 0.511945 1.1512 0.508511 0.833045 1.32481 0.365174 0.35086 0.273456 0.409756 0.181423 0.158338 0.146365
threshold=151.50000000000003 377.72117884077096 23.150000000000002 934.96428575000016 624.00915178750017 39.900000000000006 60.500000000000007 3.5000000000000004 142.50000000000003 923.52656247500011 229.88392857000005 3.5000000000000004 287.50000000000006 17.500000000000004 52.000000000000007 8.2500000000000018 1006.35 175.50000000000003 20.500000000000004 81.500000000000014 0.58216583101416164 79.500000000000014 260.79285715000009 267.50000000000006 907.54285715000015 3.5000000000000004 25.950000000000003 31.850000000000005 22.500000000000004 152.01875000000004
decision_type=2 2 2 2 2 2 2 2 2 2 2 2 2 2 2 2 2 2 2 2 2 2 2 2 2 2 2 2 2 2
left_child=5 3 -3 7 -5 13 -4 17 -9 10 -10 23 -13 -1 18 -16 -17 -2 19 24 27 22 -22 -6 28 26 -23 -20 -15 -19
right_child=1 2 6 4 11 -7 -8 8 9 -11 -12 12 -14 14 15 16 -18 29 20 -21 21 25 -24 -25 -26 -27 -28 -29 -30 -31
leaf_value=-8.218817482372458 1.5928454662844336 -0.5448367222185081 2.7776279742097825 2.4765791034286688 1.5545049264062258 2.4290703847450588 2.6613298658020774 -0.22206524698803706 2.6195312281508794 -1.50368299363165 0.0094519386041361023 2.1430884249682167 0.0067006747029403875 -0.23271614100289384 -10.633979850545551 -2.7906596835579669 0.51496844368502936 -0.047575117859395617 -11.304159568680079 5.4056050895775352 0.68768746838085326 3.1031778371463061 -0.56907585761054913 -2.1712606317876433 0.19041295407772182 -6.6741128939090233 -13.622914745970354 -0.021470375722313306 -12.744768334339909 -2.3749481967840413
leaf_weight=486 36 33 21 23 27 24 39 44 35 33 28 29 31 37 39 30 36 43 408 24 22 20 28 34 25 96 21 20 69 100
leaf_count=486 36 33 21 23 27 24 39 44 35 33 28 29 31 37 39 30 36 43 408 24 22 20 28 34 25 96 21 20 69 100
internal_value=-0.00071252 0.00217986 0.007 0.00121166 0.00408333 -0.00187365 0.011 -8.46402e-05 0.00171428 0.0035625 0.00652381 0.00245454 0.005 -0.00200808 -0.00152572 0.000714285 0.00290909 -0.00149162 -0.00183117 -0.000290323 -0.00221951 -0.000914439 0.0024 -4.9181e-05 -0.00139695 -0.00212409 -7.31714e-05 -0.00278972 -0.00215094 -0.00237063
internal_weight=1941 556 93 463 144 1385 60 319 140 96 63 121 60 1361 875 105 66 179 770 155 615 187 50 61 131 137 41 428 106 143
internal_count=1941 556 93 463 144 1385 60 319 140 96 63 121 60 1361 875 105 66 179 770 155 615 187 50 61 131 137 41 428 106 143
is_linear=0
shrinkage=0.03


Tree=39
num_leaves=31
num_cat=0
split_feature=11 26 58 28 9 16 1 1 11 57 23 18 9 9 9 15 8 49 9 11 10 6 2 1 42 1 20 49 28 42
split_gain=9.49006 1.89389 2.89471 1.89478 1.59999 1.92604 1.225 1.15156 1.149 1.03336 0.812949 0.726717 1.91752 0.614596 0.85172 1.07751 0.551789 0.860145 0.751672 1.81819 0.816646 1.47908 0.699735 0.453477 0.329268 0.41957 0.312258 0.49 0.434409 0.452548
threshold=-0.84874750804349197 19.150000000000002 1005.5500000000001 1007.6500000000002 147.50000000000003 24.450000000000003 10542.169645000002 8900.7142860000022 -0.22695468355932455 264.50000000000006 270.00000000000006 40.500000000000007 145.50000000000003 143.50000000000003 145.50000000000003 65.500000000000014 3.5000000000000004 10.500000000000002 141.50000000000003 0.77259657388510627 0.58216583101416164 26.500000000000004 5306.3571430000011 3688.2142855000006 -85.633035750000047 9407.3660715000024 99.500000000000014 92.000000000000014 1007.0500000000001 36.331250015000002
decision_type=2 2 2 2 2 2 2 2 2 2 2 2 2 2 2 2 2 2 2 2 2 2 2 2 2 2 2 2 2 2
left_child=1 3 -3 9 5 6 -5 -4 11 10 -1 13 -13 -2 15 -15 17 18 19 -10 -20 -22 -21 -14 25 -11 28 -28 -16 -30
right_child=8 2 7 4 -6 -7 -8 -9 16 24 -12 12 23 14 26 -17 -18 -19 20 22 21 -23 -24 -25 -26 -27 27 -29 29 -31
leaf_value=4.0375104886392057 -5.6567537534689558 0.90017863969062184 3.3630004445579957 2.890480857276537 0.33384723552543988 0.66662198424539143 2.692191259635921 1.8960228726624322 -1.207195564105296 0.15677795233283165 0.30559307607363184 0.60317746462950794 0.090241309609070994 0.34024269030307869 -2.0143147955922376 -0.17602331787848036 -11.72951324411774 -11.732454376855038 -10.196609694667291 0.28153524002335178 -13.528157771853623 3.0169571502251498 5.2748899506633578 -0.10023816650651542 -2.015529585413057 -0.048753188095575703 1.2749344599153629 -3.8397383491732704 0.42525996737046518 -0.27594093089965793
leaf_weight=20 114 28 24 20 38 24 20 25 73 20 29 39 20 26 101 22 480 251 171 27 41 36 21 69 82 21 20 25 23 31
leaf_count=20 114 28 24 20 38 24 20 25 73 20 29 39 20 26 101 22 480 251 171 27 41 36 21 69 82 21 20 25 23 31
internal_value=-0.00071252 0.00375214 0.00790909 0.00258394 0.00582353 0.00871875 0.01275 0.0123061 -0.00169811 0.00066279 0.00434694 -0.000489797 0.00145312 -0.0011768 -0.00033871 0.00325 -0.00223636 -0.00164516 -0.000723578 0.00121488 -0.00166936 0.000896103 0.00575 -0.000977529 -0.000804879 0.00139024 -0.0012 0.000999999 -0.00183871 0.000333333
internal_weight=1941 351 77 274 102 64 40 49 1590 172 49 490 128 362 248 48 1100 620 369 121 248 77 48 89 123 41 200 45 155 54
internal_count=1941 351 77 274 102 64 40 49 1590 172 49 490 128 362 248 48 1100 620 369 121 248 77 48 89 123 41 200 45 155 54
is_linear=0
shrinkage=0.03


Tree=40
num_leaves=31
num_cat=0
split_feature=11 56 17 41 16 46 11 33 18 9 14 24 37 1 8 49 9 11 10 6 2 9 16 41 45 31 54 39 17 9
split_gain=9.21785 2.85738 3.23039 1.35743 1.98855 1.58275 1.18026 1.07543 0.771557 1.23008 0.966376 0.710453 0.634468 0.690963 0.551789 0.860145 0.751672 1.81819 0.816646 1.47908 0.699735 0.505484 0.610554 0.981885 0.529412 0.347826 0.288063 0.653706 0.285803 0.278108
threshold=-0.88144907265856332 19.150000000000002 50.500000000000007 377.72117884077096 23.150000000000002 24.450000000000003 -0.22695468355932455 498.2142857500001 40.500000000000007 145.50000000000003 30.950000000000003 277.35000000000008 906.81875000000014 8174.6250000000009 3.5000000000000004 10.500000000000002 141.50000000000003 0.77259657388510627 0.58216583101416164 26.500000000000004 5306.3571430000011 143.50000000000003 23.750000000000004 276.0346830634806 59.500000000000007 545.30000000000007 363.25000000000006 426.14944195625009 11.500000000000002 150.50000000000003
decision_type=2 2 2 2 2 2 2 2 2 2 2 2 2 2 2 2 2 2 2 2 2 2 2 2 2 2 2 2 2 2
left_child=1 3 -3 7 -5 -6 8 -1 21 10 -10 25 -9 -14 15 16 17 28 -18 -20 -19 -2 23 24 -23 -11 -24 -28 -8 -15
right_child=6 2 -4 4 5 -7 14 12 9 11 -12 -13 13 29 -16 -17 18 20 19 -21 -22 22 26 -25 -26 -27 27 -29 -30 -31
leaf_value=2.3472553831087684 -3.0330115439669774 2.7277378485607939 0.92013419246469574 -2.8186284998633946 2.8721165502350479 0.92862899597679638 0.57334461531759839 -0.15447146157418909 0.0021014467452272049 0.22620382959171417 2.5174193686050255 -2.1861468470521732 2.7765825813235301 -1.0732325109920522 -11.377627846794208 -11.380480745549386 -9.8907114038272734 0.27308918282265143 -13.122313038698016 2.9264484357183953 5.1166432521434535 -0.1612302808364745 -2.0888478486955764 0.89889557512439677 0.16163156227409498 -0.014198166957925383 0.13095722381298694 -1.0523511813993347 -9.2056498353523306 1.1196165320971418
leaf_weight=20 125 38 23 32 28 23 22 76 21 23 20 48 22 27 480 251 171 27 41 36 21 34 69 25 34 23 28 81 51 21
leaf_count=20 125 38 23 32 28 23 22 76 21 23 20 48 22 27 480 251 171 27 41 36 21 34 69 25 34 23 28 81 51 21
internal_value=-0.000774344 0.00396774 0.00978688 0.00254217 0.0056747 0.00935294 -0.00167566 0.000975903 -0.000514125 0.00144444 0.00578049 -0.000446809 8.21911e-05 0.00214286 -0.00223636 -0.00164516 -0.000723578 0.00121488 -0.00166936 0.000896103 0.00575 -0.00118182 -0.000453875 0.00151613 -0.000352942 0.00221739 -0.00148315 -0.000522936 -0.00176712 0.000124999
internal_weight=1941 310 61 249 83 51 1631 166 531 135 41 94 146 70 1100 620 369 121 248 77 48 396 271 93 68 46 178 109 73 48
internal_count=1941 310 61 249 83 51 1631 166 531 135 41 94 146 70 1100 620 369 121 248 77 48 396 271 93 68 46 178 109 73 48
is_linear=0
shrinkage=0.03


Tree=41
num_leaves=31
num_cat=0
split_feature=11 38 41 1 16 39 8 28 1 22 11 8 19 2 57 27 47 58 27 1 11 18 57 11 42 10 8 5 48 27
split_gain=9.20699 2.04008 2.64957 3.10642 1.86514 1.81934 1.08382 1.36984 1.0614 0.772176 0.619492 0.551789 0.848691 0.63767 0.895634 1.19299 0.934189 0.808081 0.611468 0.491124 0.894497 0.663477 0.516841 0.420481 0.422402 0.406226 0.353574 0.779221 0.232006 0.360023
threshold=-0.77259657388510616 566.45357143750016 377.72117884077096 9881.2857145000016 23.250000000000004 993.67176346250005 3.5000000000000004 1007.7500000000001 7867.9821430000011 3.5000000000000004 -0.22695468355932455 3.5000000000000004 10.500000000000002 7080.2589285000004 306.50000000000006 250.00000000000003 7.5000000000000009 1004.1500000000002 272.50000000000006 3688.2142855000006 -0.47114434510950048 40.500000000000007 44.500000000000007 -0.91037613702198739 -26.255357154999988 0.29012925520284133 1.0000000180025095e-35 22.500000000000004 52.000000000000007 285.50000000000006
decision_type=2 2 2 2 2 2 2 2 2 2 2 2 2 2 2 2 2 2 2 2 2 2 2 2 2 2 2 2 2 2
left_child=1 -1 6 -4 -5 -6 9 8 -8 -3 19 12 13 14 15 -12 -17 -18 -19 20 -2 -22 -21 24 -10 -20 27 -11 -24 -30
right_child=10 2 3 4 5 -7 7 -9 23 26 11 -13 -14 -15 -16 16 17 18 25 22 21 -23 28 -25 -26 -27 -28 -29 29 -31
leaf_value=1.9679291362340581 0.70201145814829313 3.7550863518812796 2.422452524777674 -2.3705796976327727 0.19969449239545348 2.7150565770941868 3.5516400311553897 2.2764071974252302 -0.052564174693019244 -0.75800660811375264 -9.323845441049766 -11.036299011390382 -11.039066323182904 -10.460195867760635 -11.673597534670744 -2.3203431788728341 -8.5282740217883433 3.8890764503814039 1.3892913550359076 0.20502543653712638 -4.2935853236846544 0.080747952071486814 -1.6802953492744863 -0.42999128790748103 0.70874299006689889 2.8300611770194894 -0.63090069866238274 2.1012903493516162 0.25091284251266044 -0.59424973889771904
leaf_weight=28 35 23 23 29 20 21 24 34 21 20 53 480 249 86 70 43 22 29 37 20 79 30 188 30 25 31 113 22 31 25
leaf_count=28 35 23 23 29 20 21 24 34 21 20 53 480 249 86 70 43 22 29 37 20 79 30 188 30 25 31 113 22 31 25
internal_value=-0.000758888 0.003097 0.00255555 0.007 0.00385714 0.00797561 0.00123077 0.00326866 0.0015 -0.000303372 -0.00186605 -0.00223636 -0.00164516 -0.00073585 -5.26323e-05 0.000906976 0.00218518 0.00355462 0.00473196 -0.000867648 0.000541666 -0.000798166 -0.00163636 -0.000236843 0.00156522 0.00317647 -0.00106452 0.00128571 -0.00201639 -0.000321429
internal_weight=1941 433 405 93 70 41 312 134 100 178 1508 1100 620 371 285 215 162 119 97 408 144 109 264 76 46 68 155 42 244 56
internal_count=1941 433 405 93 70 41 312 134 100 178 1508 1100 620 371 285 215 162 119 97 408 144 109 264 76 46 68 155 42 244 56
is_linear=0
shrinkage=0.03


Tree=42
num_leaves=31
num_cat=0
split_feature=11 26 58 28 1 46 23 11 18 54 57 23 57 8 47 40 46 46 36 26 2 34 54 13 57 36 41 30 42 32
split_gain=8.35092 2.46223 2.74805 1.88215 1.61897 1.5322 1.81828 1.12684 0.984963 1.025 0.898565 0.773986 0.663027 0.650233 0.854646 1.17387 1.32916 1.31148 0.875005 0.710357 0.549011 0.58002 1.1097 0.509866 0.788254 0.485541 0.274449 0.192767 0.145965 0.145946
threshold=-0.88144907265856332 19.150000000000002 1005.5500000000001 1007.6500000000002 8900.7142860000022 24.450000000000003 196.50000000000003 -0.47114434510950048 61.500000000000007 319.05000000000007 264.50000000000006 306.00000000000006 166.50000000000003 3.5000000000000004 67.500000000000014 323.40915921812501 24.750000000000004 23.950000000000003 436.81428570000008 12.050000000000002 7241.5000000000009 12.350000000000001 363.25000000000006 -0.82290644127870971 284.50000000000006 225.51875000000004 387.69339678466878 391.88125000000008 -29.257142845000001 1085.9000000000003
decision_type=2 2 2 2 2 2 2 2 2 2 2 2 2 2 2 2 2 2 2 2 2 2 2 2 2 2 2 2 2 2
left_child=1 3 -3 10 -4 6 -5 8 12 -10 11 -1 -2 14 15 16 17 -9 -19 23 21 22 -14 24 -18 -21 29 -15 -16 -12
right_child=7 2 4 5 -6 -7 -8 13 9 -11 26 -13 20 27 28 -17 19 18 -20 25 -22 -23 -24 -25 -26 -27 -28 -29 -30 -31
leaf_value=3.4219985175822814 0.307394793262941 -0.2238566128125816 3.2683033890146547 1.7401830219802217 1.7776583198077114 0.63527043436266073 2.4454498314497632 -15.011391827463818 1.0515481993948719 -0.097618089877155562 -2.5297087842630406 -0.035865837378327471 -1.8852251919980947 -9.9562488932538091 -2.6217001223854073 -6.5541251176334221 -4.624290434460403 0.58803167845353177 1.4868945372673488 2.5772396043942769 0.093732778818114038 -0.50606418563376943 1.3137690408707847 -11.260444655845852 2.7589091437252229 -0.38767242500656202 0.24470469905343659 -0.63701084622696635 -10.290448672730822 -0.51664737083723145
leaf_weight=22 35 21 22 33 23 33 23 20 29 27 54 21 43 533 25 133 38 22 39 20 26 185 24 106 23 23 38 20 260 20
leaf_count=22 35 21 22 33 23 33 23 20 29 27 54 21 43 533 25 133 38 22 39 20 26 185 24 106 23 23 38 20 260 20
internal_value=-0.000836168 0.00367742 0.00881818 0.00228688 0.013 0.00576404 0.00878571 -0.00169405 -0.000235773 0.00342857 0.000290322 0.00397674 -0.000891375 -0.00212044 -0.00151904 -0.000665095 0.000402061 0.00366667 0.00585246 -0.000857144 -0.0013813 -0.00180952 0.000582089 -0.00174252 0.000442622 0.00258139 -0.001125 -0.0028915 -0.00278947 -0.00218919
internal_weight=1941 310 66 244 45 89 56 1631 369 56 155 43 313 1262 709 424 291 81 61 210 278 252 67 167 61 43 112 553 285 74
internal_count=1941 310 66 244 45 89 56 1631 369 56 155 43 313 1262 709 424 291 81 61 210 278 252 67 167 61 43 112 553 285 74
is_linear=0
shrinkage=0.03


Tree=43
num_leaves=31
num_cat=0
split_feature=11 56 17 11 18 9 15 46 6 8 43 43 58 35 8 49 9 11 6 35 2 18 48 9 9 5 32 41 17 42
split_gain=8.42321 2.57198 2.88224 1.30068 1.50395 1.57765 1.18547 2.76656 1.56028 0.855156 1.04046 0.797079 0.781417 0.775758 0.591906 0.922681 0.689942 1.81819 0.80397 1.43891 0.699735 0.651855 0.502564 0.413084 0.58792 0.626832 0.351995 0.703301 0.285803 0.28341
threshold=-0.88144907265856332 19.150000000000002 50.500000000000007 -0.22695468355932455 40.500000000000007 145.50000000000003 59.500000000000007 24.550000000000004 20.500000000000004 3.5000000000000004 35.623214304999983 185.94910709999996 1006.85 545.30000000000007 3.5000000000000004 10.500000000000002 141.50000000000003 0.77259657388510627 26.500000000000004 1.0000000180025095e-35 5306.3571430000011 43.500000000000007 1.5000000000000002 143.50000000000003 145.50000000000003 22.500000000000004 443.67500000000001 219.70913002393488 11.500000000000002 29.003571425000004
decision_type=2 2 2 2 2 2 2 2 2 2 2 2 2 2 2 2 2 2 2 2 2 2 2 2 2 2 2 2 2 2
left_child=1 6 -3 4 23 12 9 8 -8 -1 -11 13 -6 -7 15 16 17 28 -18 21 -19 -20 -9 -2 25 -25 27 29 -5 -26
right_child=3 2 -4 14 5 11 7 22 -10 10 -12 -13 -14 -15 -16 -17 18 20 19 -21 -22 -23 -24 24 26 -27 -28 -29 -30 -31
leaf_value=-2.4360265649230954 -2.9091872482736778 2.5135671455120745 0.74567323447966105 0.52332580358892578 0.21460001847362442 0.01959361727893616 0.79705978537326561 -1.3616995165384047 2.6916848501267645 -0.088821627656633984 1.6188302889881778 -1.7120977583527655 2.2620401924834925 -0.052788413693470836 -10.406522574251055 -10.399180873305493 -11.272803916235796 0.25911482003121578 3.0829128412434486 -11.127790659435739 4.8282520698418363 0.05740696956141441 1.8689510069596309 -0.034346905425529921 0.065453829676321365 0.40527508945476076 -0.75885116126720242 0.4401773932199915 -8.2705589540697133 -2.488170964820144
leaf_weight=64 125 38 23 22 20 20 29 26 30 25 36 50 21 24 480 251 144 27 26 53 21 25 39 28 21 24 133 24 51 41
leaf_count=64 125 38 23 22 20 20 29 26 30 25 36 50 21 24 480 251 144 27 26 53 21 25 39 28 21 24 133 24 51 41
internal_value=-0.000758888 0.00377419 0.00929508 -0.00162048 -0.000401131 0.00233333 0.00242169 0.0045 0.00920339 0.000359999 0.00290164 0.000191489 0.0072439 0.00313636 -0.00220909 -0.00159677 -0.000642277 0.00121488 -0.00154839 0.000461538 0.00575 0.00405882 0.000230769 -0.00133333 -0.000675277 0.00219231 -0.00135617 0.000139534 -0.00176712 -0.00154839
internal_weight=1941 310 61 1631 531 135 249 124 59 125 61 94 41 44 1100 620 369 121 248 104 48 51 65 396 271 52 219 86 73 62
internal_count=1941 310 61 1631 531 135 249 124 59 125 61 94 41 44 1100 620 369 121 248 104 48 51 65 396 271 52 219 86 73 62
is_linear=0
shrinkage=0.03


Tree=44
num_leaves=31
num_cat=0
split_feature=11 26 17 57 53 53 11 18 17 9 43 8 24 14 9 57 11 35 43 27 20 32 2 15 11 6 40 6 3 57
split_gain=7.59544 1.8245 2.14773 1.56923 2.25808 1.409 1.34021 1.50395 1.16667 1.14252 0.729433 0.694229 0.790323 0.689954 0.657144 1.2131 2.26183 0.457619 0.371361 0.366667 0.325408 0.535714 0.345669 1.14545 0.317647 0.29093 0.701275 1.11111 0.486111 0.187394
threshold=-0.88144907265856332 19.150000000000002 50.500000000000007 264.50000000000006 270.00000000000006 235.50000000000003 -0.22695468355932455 40.500000000000007 28.500000000000004 145.50000000000003 241.68035725000001 4.5000000000000009 699.9000000000002 30.950000000000003 141.50000000000003 292.50000000000006 0.72947329433276265 545.30000000000007 382.72172620000003 271.50000000000006 99.500000000000014 450.00000000000006 7241.5000000000009 62.500000000000007 0.47114434510950071 26.500000000000004 1.0000000180025095e-35 29.500000000000004 6369944.2860000012 307.50000000000006
decision_type=2 2 2 2 2 2 2 2 2 2 2 2 2 2 2 2 2 2 2 2 2 2 2 2 2 2 2 2 2 2
left_child=1 3 8 4 -1 11 7 18 -3 13 17 19 -13 -9 15 16 24 -11 20 -5 22 -22 29 -24 -8 -16 27 28 -27 -2
right_child=6 2 -4 5 -6 -7 14 9 -10 10 -12 12 -14 -15 25 -17 -18 -19 -20 -21 21 -23 23 -25 -26 26 -28 -29 -30 -31
leaf_value=2.7961331844911923 -1.2326520890888142 1.4106432125117547 0.51716007621826499 0.8436073128161703 1.1628824039440511 1.8123196954414518 -8.3627488038041484 0.2063501411285843 3.1850077080174275 0.030786711747331226 -3.0040206468338777 -0.23190263946551204 1.826050021462797 2.2640991577525202 -10.087205447106328 -6.6746736278417238 3.9699321309344984 -0.060195060453785497 0.14871127392333824 -5.6042281298596972 0.56783217434037658 -0.18218202002736494 0.32986234267873393 -2.5359759687735957 0.59892830510996697 0.18771271239912721 -9.4764634575714055 -11.739210411173204 3.3937597035057374 -0.035241298495577764
leaf_weight=29 218 21 24 30 31 26 48 21 21 35 34 31 31 20 597 154 37 25 22 66 20 28 20 35 20 24 154 45 21 53
leaf_count=29 218 21 24 30 31 26 48 21 21 35 34 31 31 20 597 154 37 25 22 66 20 28 20 35 20 24 154 45 21 53
internal_value=-0.000820712 0.00348387 0.00790909 0.00228688 0.0065 0.000913043 -0.00163887 -0.000401131 0.012 0.00233333 0.000510638 -0.000151899 0.00232258 0.00651219 -0.00223636 -0.000915059 0.00157143 0.0025 -0.00133333 -0.00175 -0.00155615 0.000749999 -0.00189571 0.000272727 -0.00167647 -0.00264328 -0.00177049 0.000333333 0.00366667 -0.00233579
internal_weight=1941 310 66 244 60 184 1631 531 42 135 94 158 62 41 1100 259 105 60 396 96 374 48 326 55 68 841 244 90 45 271
internal_count=1941 310 66 244 60 184 1631 531 42 135 94 158 62 41 1100 259 105 60 396 96 374 48 326 55 68 841 244 90 45 271
is_linear=0
shrinkage=0.03


Tree=45
num_leaves=31
num_cat=0
split_feature=11 32 41 1 34 11 18 19 6 16 28 36 1 30 32 32 41 57 45 38 33 43 42 31 43 32 14 19 28 11
split_gain=6.19765 1.76464 2.10203 3.09732 1.44788 0.835263 0.612408 0.544615 0.620528 0.542918 0.951305 0.602469 0.517921 0.773355 1.11687 0.507664 0.987321 1.66715 0.664251 1.2484 0.487102 0.459574 0.433856 0.454395 0.318744 0.133509 0.129803 0.121466 0.245491 0.95088
threshold=-0.77259657388510616 486.48303570000002 377.72117884077096 9881.2857145000016 745.88750000000016 -0.22695468355932455 61.500000000000007 1.0000000180025095e-35 18.500000000000004 25.050000000000004 1006.35 705.46250000000009 5954.3125000000009 848.99285715000008 719.56250000000011 365.14464285000003 156.4577280086915 275.50000000000006 77.500000000000014 215.44352678750002 1190.0705355000002 130.42767870000009 -54.16339269999991 848.99285715000008 -472.76250001499994 966.0875000000002 32.250000000000007 10.500000000000002 1005.35 0.58216583101416119
decision_type=2 2 2 2 2 2 2 2 2 2 2 2 2 2 2 2 2 2 2 2 2 2 2 2 2 2 2 2 2 2
left_child=1 -1 6 -4 21 15 12 8 -7 10 11 -10 -3 25 -15 16 18 -18 19 -2 24 -5 -16 -24 -17 -14 -26 28 29 -9
right_child=5 2 3 4 -6 7 -8 27 9 -11 -12 -13 13 14 22 20 17 -19 -20 -21 -22 -23 23 -25 26 -27 -28 -29 -30 -31
leaf_value=1.6352516459699746 0.22425172487727585 3.0894572618177301 2.162927129088978 1.5948888150219773 2.6221540234169365 2.1138321052068183 2.4262193563182102 -10.842362979132266 -11.433841829239809 -5.0749738111928435 0.57079017021998291 0.32063658389716471 -0.44989208650012219 2.1139517651116102 0.36067489830338034 0.14786497088070114 0.47021594796704497 -0.16714680584152419 -2.6884585040466042 -1.7636855269340255 0.033211055959042148 -0.95870686398881677 0.81186843897007421 -0.4789969718768341 -1.0588182233015144 -0.084801294503771302 -2.3152116365538427 -9.8535030450263541 -6.9285054728953419 2.4027008116470578
leaf_weight=29 31 31 23 20 23 31 32 57 61 203 26 20 76 29 31 20 23 28 66 41 21 27 34 55 155 23 23 448 228 26
leaf_count=29 31 31 23 20 23 31 32 57 61 203 26 20 76 29 31 20 23 28 66 41 21 27 34 55 155 23 23 448 228 26
internal_value=-0.000897991 0.00226559 0.00175247 0.00570968 0.00257143 -0.00180637 0.000569131 -0.00223636 -0.00124047 -0.00164516 8.41114e-05 -0.00151852 0.000118279 -0.00033871 0.00102684 -0.00064706 0.000492063 0.00405882 -0.000826088 0.00116667 -0.00163014 -0.000446809 -0.000250001 -0.00131461 -0.00209091 -0.00239394 -0.00249438 -0.0026838 -0.0022283 -0.000831326
internal_weight=1941 433 404 93 70 1508 311 1100 341 310 107 81 279 248 149 408 189 51 138 72 219 47 120 89 198 99 178 759 311 83
internal_count=1941 433 404 93 70 1508 311 1100 341 310 107 81 279 248 149 408 189 51 138 72 219 47 120 89 198 99 178 759 311 83
is_linear=0
shrinkage=0.03


Tree=46
num_leaves=31
num_cat=0
split_feature=11 1 11 41 1 34 33 56 8 47 43 9 2 6 10 18 9 18 6 37 42 16 3 3 33 43 32 51 43 1
split_gain=5.63745 2.60945 1.3089 1.2564 2.06429 1.44788 1.14185 1.00775 0.736852 1.10686 0.858875 1.1607 1.75398 1.10017 1.94318 0.98 0.701929 1.97115 1.35647 1.15227 0.666858 0.538194 0.527498 0.650866 0.475983 0.459574 0.307289 0.741422 0.174081 0.0959502
threshold=-0.88144907265856332 5954.3125000000009 -0.3520614488341256 377.72117884077096 9881.2857145000016 745.88750000000016 476.62857140000006 23.200000000000003 3.5000000000000004 67.500000000000014 -21.244642849999988 140.50000000000003 5306.3571430000011 26.500000000000004 0.29012925520284133 43.500000000000007 145.50000000000003 40.500000000000007 22.500000000000004 760.9633928500001 253.82589285000003 24.650000000000002 6408833.3125000009 6686722.4375000009 1190.0705355000002 130.42767870000009 316.67142855000003 273.50000000000006 82.108035715000014 8003.7946430000011
decision_type=2 2 2 2 2 2 2 2 2 2 2 2 2 2 2 2 2 2 2 2 2 2 2 2 2 2 2 2 2 2
left_child=1 -1 7 6 -5 25 -3 16 9 10 -4 12 -12 21 -15 -16 17 18 29 -20 22 -13 -8 -24 26 -6 27 -18 -10 -2
right_child=2 3 8 4 5 -7 20 -9 28 -11 11 13 -14 14 15 -17 24 -19 19 -21 -22 -23 23 -25 -26 -27 -28 -29 -30 -31
leaf_value=3.0586502894431016 -4.7047797617763454 1.9272752936926649 -8.6665888119912733 2.0018653539404001 1.5470421505713194 2.5434894027144295 -0.25619059898873586 0.062710225365242622 -9.4244446645923325 -9.4289214060717743 -0.49399855472259402 0.1105537972329186 4.4728489549045216 -5.5989031621065788 3.0583776858989382 0.19024638729433216 -1.9337187014876633 1.3450508195998889 0.42923878410283395 -0.041766104038753631 2.0060311337905219 -10.139287372974634 2.095604162422315 -0.31383094653903015 0.214232141914035 -0.92994565806915552 -0.89834296372500655 1.0649407024105999 -1.0716526845894061 -1.1161708358367439
leaf_weight=26 77 20 88 20 20 23 77 29 495 263 36 36 29 38 25 25 48 35 24 20 30 124 35 32 21 27 146 20 22 30
leaf_count=26 77 20 88 20 20 23 77 29 495 263 36 36 29 38 25 25 48 35 24 20 30 124 35 32 21 27 146 20 22 30
internal_value=-0.000805256 0.00290323 -0.00151012 0.00207042 0.005 0.00257143 0.000711339 -0.000133334 -0.00203472 -0.00137349 -0.000381547 0.000354632 0.00392308 -0.000580646 0.00211364 0.006 -0.000505939 0.000870967 -0.000615895 0.00381818 -6.89662e-05 -0.0020625 -0.000916667 0.00102985 -0.00159575 -0.000446809 -0.00201869 -0.000352942 -0.00288395 -0.00243925
internal_weight=1941 310 1631 284 90 70 194 450 1181 664 401 313 65 248 88 50 421 186 151 44 174 160 144 67 235 47 214 68 517 107
internal_count=1941 310 1631 284 90 70 194 450 1181 664 401 313 65 248 88 50 421 186 151 44 174 160 144 67 235 47 214 68 517 107
is_linear=0
shrinkage=0.03


Tree=47
num_leaves=31
num_cat=0
split_feature=11 56 1 11 57 7 23 58 1 46 30 30 9 11 27 37 2 28 9 57 37 37 33 57 2 10 15 27 58 10
split_gain=5.67837 2.80346 3.45139 1.15558 1.14484 2.50252 0.850314 0.823647 0.713433 1.10871 0.591479 0.889474 0.573311 1.28231 2.1875 0.569164 0.502976 0.495837 1.24424 1.6 0.46298 0.460784 0.463831 0.388431 0.342857 0.279868 0.736145 1.11364 0.328262 0.63214
threshold=-0.84874750804349197 19.150000000000002 8900.7142860000022 -0.3520614488341256 264.50000000000006 5.5000000000000009 253.50000000000003 1002.6500000000002 3688.2142855000006 23.750000000000004 874.45000000000016 996.84553570000014 141.50000000000003 0.77259657388510627 305.50000000000006 952.86875000000009 5306.3571430000011 1007.0500000000001 144.50000000000003 297.50000000000006 906.81875000000014 824.76250000000016 958.43928570000014 307.50000000000006 1383.5000000000002 0.29012925520284133 79.500000000000014 276.50000000000006 1007.2500000000001 0.88144907265856365
decision_type=2 2 2 2 2 2 2 2 2 2 2 2 2 2 2 2 2 2 2 2 2 2 2 2 2 2 2 2 2 2
left_child=1 4 -3 7 5 -1 10 -2 9 -9 -6 -12 13 -5 16 -4 -15 -10 19 -19 -7 -13 -23 -11 -20 -14 27 -27 -28 -30
right_child=3 2 15 12 6 20 -8 8 17 23 11 21 25 14 -16 -17 -18 18 24 -21 -22 22 -24 -25 -26 26 28 -29 29 -31
leaf_value=2.380792663879864 0.085463267073420196 2.9519022138844564 1.1888877269985711 -5.9535128008560072 -0.59787635090593105 -0.14742094104126416 1.508983889687717 0.56197098836995585 -1.724864890740597 -0.7284812310278056 2.0594712358030818 -1.0927222194786139 -8.9237379354111663 0.35555022795506652 -13.127639233936046 -0.13554308247857336 4.3667061078829068 1.8174862127852269 -1.3279337305109569 -0.86944161294952849 2.5248046252776408 1.2543405357369708 -2.3482380785368639 0.36490919982963832 0.057273705932399964 0.65689656782724082 -8.8301814119044284 -0.21254129939424599 2.47904571042017 -1.4948729894331745
leaf_weight=20 27 31 21 187 59 26 20 23 178 37 35 47 532 27 42 20 21 20 64 20 21 26 25 20 20 22 252 22 23 53
leaf_count=20 27 31 21 187 59 26 20 23 178 37 35 47 532 27 42 20 21 20 64 20 21 26 25 20 20 22 252 22 23 53
internal_value=-0.000897991 0.00255555 0.00783333 -0.00166038 0.00119355 0.00461194 0.000113207 -0.000286064 -0.00064398 0.001875 -0.000500001 0.000609022 -0.00213633 -0.000942239 0.002 0.00212195 0.006375 -0.00131126 0.000145161 0.0045 0.000829787 -0.000857144 0.00111765 -0.000368422 -0.00192857 -0.00250221 -0.00187097 0.00177273 -0.00235976 -0.00063158
internal_weight=1941 351 72 1590 279 67 212 409 382 80 192 133 1181 277 90 41 48 302 124 40 47 98 51 57 84 904 372 44 328 76
internal_count=1941 351 72 1590 279 67 212 409 382 80 192 133 1181 277 90 41 48 302 124 40 47 98 51 57 84 904 372 44 328 76
is_linear=0
shrinkage=0.03


Tree=48
num_leaves=31
num_cat=0
split_feature=11 56 17 11 58 57 12 58 32 41 19 6 11 39 42 42 47 34 15 47 22 37 31 14 15 42 42 56 46 19
split_gain=6.12995 2.38056 2.24549 1.35745 1.16163 1.51986 1.24675 1.03274 0.618012 1.96187 0.603788 0.802596 1.06684 0.657051 0.498588 0.625 0.4765 0.461813 0.443556 1.02291 0.392593 0.361534 0.554241 0.340136 0.279497 0.268743 0.23223 0.173652 0.518199 0.167155
threshold=-0.88144907265856332 19.150000000000002 50.500000000000007 -0.3520614488341256 1007.6500000000002 277.50000000000006 0.59608197715088396 1002.6500000000002 380.0750000000001 218.88535465283988 1.0000000180025095e-35 22.500000000000004 0.77259657388510627 1.8306919643750004 33.467857149999993 4.009821450000012 49.500000000000007 5.9357142855000005 59.500000000000007 43.500000000000007 751.50000000000011 724.69375000000002 630.78839285000015 29.050000000000004 81.500000000000014 -152.91785714999997 117.60267854999996 11.850000000000003 24.450000000000003 4.5000000000000009
decision_type=2 2 2 2 2 2 2 2 2 2 2 2 2 2 2 2 2 2 2 2 2 2 2 2 2 2 2 2 2 2
left_child=1 4 -3 7 18 -6 -7 -2 9 14 11 12 13 -5 15 -9 -13 -10 20 -20 -1 -19 -23 -21 -18 -24 -16 28 -12 -30
right_child=3 2 -4 10 5 6 -8 8 17 -11 27 16 -14 -15 26 -17 24 21 19 23 -22 22 25 -25 -26 -27 -28 -29 29 -31
leaf_value=-3.0116085328530384 0.22256163562006737 2.1281249192231404 0.50781885204665278 -6.9114215991973751 2.1554056047307624 -0.4407177430942219 2.4642637089253929 -0.32013365409486866 1.364639632852652 0.97364485406893986 0.42493560859603369 -6.3316580899916008 1.2502506096658959 0.1978562083201201 -1.4583515371720539 0.4993010113953486 0.63851664798238528 -1.1288966758233385 1.8062216468355159 1.9925342369658789 0.3490438185146959 0.097053362521024533 0.015393047487553388 -1.8893084356740517 -0.95780994503675942 -0.45135249450554704 0.033655092966095541 -8.8628618180301562 -1.0538144982602957 -8.9168218620708384
leaf_weight=53 29 38 23 41 34 42 24 20 20 22 34 232 25 24 53 20 25 138 20 24 27 30 21 25 22 71 26 437 132 209
leaf_count=53 29 38 23 41 34 42 24 20 20 22 34 232 25 24 53 20 25 138 20 24 27 30 21 25 22 71 26 437 132 209
internal_value=-0.00086708 0.003 0.00831147 -0.00160209 0.00169879 0.0042 0.00154545 -0.000200001 -0.000577198 0.00104255 -0.00213633 -0.00113008 0.00133333 -0.000692308 -0.000478992 0.00225 -0.00192473 -0.00139286 2.01335e-05 0.00178261 -0.0015 -0.00173077 -0.000540984 -0.000551021 0.000829787 -0.00169565 -0.00186076 -0.0025936 -0.00212 -0.00247214
internal_weight=1941 310 61 1631 249 100 66 450 421 141 1181 369 90 65 119 40 279 280 149 69 80 260 122 49 47 92 79 812 375 341
internal_count=1941 310 61 1631 249 100 66 450 421 141 1181 369 90 65 119 40 279 280 149 69 80 260 122 49 47 92 79 812 375 341
is_linear=0
shrinkage=0.03


Tree=49
num_leaves=31
num_cat=0
split_feature=11 32 41 1 34 56 27 19 16 9 11 47 10 16 10 50 58 23 43 30 5 58 11 30 1 44 8 20 58 28
split_gain=5.55139 2.39133 1.99733 2.49329 1.44788 0.728954 1.14966 0.653982 0.80196 0.510356 2.03955 0.841232 0.799974 0.967447 1.12911 0.715388 0.484991 0.891373 0.459574 0.402759 0.442901 0.395751 0.317075 0.420584 0.312507 0.612813 0.264618 0.62616 0.227226 0.651042
threshold=-0.77259657388510616 486.48303570000002 377.72117884077096 9881.2857145000016 745.88750000000016 21.550000000000004 196.50000000000003 15.500000000000002 23.350000000000005 141.50000000000003 0.72947329433276265 27.500000000000004 0.58216583101416164 25.150000000000002 0.93540483100319627 3.5000000000000004 1006.7500000000001 215.50000000000003 130.42767870000009 907.54285715000015 22.500000000000004 1004.85 -0.5 509.62857145000004 4659.0000000000009 28.550000000000004 1.0000000180025095e-35 41.500000000000007 1007.2500000000001 1007.6500000000002
decision_type=2 2 2 2 2 2 2 2 2 2 2 2 2 2 2 2 2 2 2 2 2 2 2 2 2 2 2 2 2 2
left_child=1 -1 5 -4 18 16 -7 8 -2 10 26 -12 15 14 24 -11 21 19 -5 -18 -21 -3 23 -9 25 -14 27 -10 -15 -30
right_child=7 2 3 4 -6 6 -8 22 9 12 11 -13 13 28 -16 -17 17 -19 -20 20 -22 -23 -24 -25 -26 -27 -28 -29 29 -31
leaf_value=1.367296654730991 0.10235197486210543 0.015317850690760712 1.8995324439976151 1.4601906594648753 2.350721016284083 -1.0389406572232893 2.8625776841429986 0.51700731685232593 0.61153326513851247 -8.2220544410796812 4.1133152285828185 0.095036298465435057 -7.0251333968350842 -6.2583505952268421 0.32510713278678954 0.21925596158124061 -0.27606465382550033 1.7174717880279475 -0.95064600562879265 -0.24055988442961546 1.2121173959155673 -0.29682047340678486 -7.987567345357097 -0.059424052991147919 -0.49984393286977463 0.93639891816381104 -7.0610507362285961 -1.3588057038238468 2.5131679697476219 -2.5854039125128807
leaf_weight=29 26 25 23 20 23 21 28 20 22 448 22 37 24 89 27 20 50 38 27 22 25 102 454 42 36 22 128 27 24 40
leaf_count=29 26 25 23 20 23 21 28 20 22 448 22 37 24 89 27 20 50 38 27 22 25 102 454 42 36 22 128 27 24 40
internal_value=-0.00086708 0.00212702 0.0015297 0.0053871 0.00257143 0.000376205 0.00373469 -0.00172679 -0.00127621 -0.00141615 -0.000203391 0.00462712 -0.00180822 -0.000480917 0.0016789 -0.00255128 -0.000251909 0.000999999 -0.000446809 -0.000525774 0.00146808 -0.00158268 -0.00259302 -0.000580646 -7.31714e-05 0.00156522 -0.00181356 6.12238e-05 -0.00201961 -0.000656251
internal_weight=1941 433 404 93 70 311 49 1508 992 966 236 59 730 262 109 468 262 135 47 97 47 127 516 62 82 46 177 49 153 64
internal_count=1941 433 404 93 70 311 49 1508 992 966 236 59 730 262 109 468 262 135 47 97 47 127 516 62 82 46 177 49 153 64
is_linear=0
shrinkage=0.03


Tree=50
num_leaves=31
num_cat=0
split_feature=11 41 57 48 26 28 23 41 57 9 57 18 56 18 6 6 11 8 42 36 56 33 6 42 31 5 4 14 31 49
split_gain=5.55801 1.80554 2.0372 1.9206 1.68101 1.96169 0.904219 1.18161 0.764891 0.759337 1.09113 1.64597 1.92338 1.23073 0.937513 0.848945 1.83305 0.713296 1.51304 0.640457 0.622902 0.560977 0.557381 0.475437 0.544592 0.428571 0.391737 0.245455 0.204286 0.235539
threshold=-0.5 377.72117884077096 264.50000000000006 1.0000000180025095e-35 21.550000000000004 1005.5500000000001 291.00000000000006 298.27235369966968 60.000000000000007 149.50000000000003 302.50000000000006 28.500000000000004 7.6500000000000012 42.500000000000007 25.500000000000004 19.500000000000004 0.29012925520284111 5.5000000000000009 50.579464500000064 320.68660715000004 12.65 889.74196430000018 26.500000000000004 291.99642860000012 327.22857140000002 22.500000000000004 2.5000000000000004 28.750000000000004 177.27142855000002 50.500000000000007
decision_type=2 2 2 2 2 2 2 2 2 2 2 2 2 2 2 2 2 2 2 2 2 2 2 2 2 2 2 2 2 2
left_child=1 4 -3 -4 6 21 8 -8 -1 10 11 15 -13 22 -15 16 -2 19 -19 23 -18 -6 -14 24 -10 -5 -17 -16 -11 -30
right_child=9 2 3 25 5 -7 7 -9 17 28 -12 12 13 14 27 26 20 18 -20 -21 -22 -23 -24 -25 -26 -27 -28 -29 29 -31
leaf_value=1.6651026903902642 -5.7938112775397386 2.0944782600687648 1.3511469563988165 1.3989961489789298 -0.011160620820618694 2.0382601321560925 2.2133765564124621 -0.39109799105255122 0.66335238243514261 -8.432891537196241 -8.3939753100691608 -10.480793742286316 0.14658067697894081 0.23563992992089722 0.95816903957037192 0.36779786121868158 3.8709654598729211 0.50088064877300875 -1.3911051686283464 0.25579717719773865 0.11913625720709432 0.070798169656428586 2.519229042714882 0.95326902679551273 -0.70828882886743727 -1.7612565014598827 -8.2711769296805944 -1.5248946089325837 -2.272101889593281 0.097439956322372012
leaf_weight=22 52 22 23 21 37 27 31 21 20 448 255 48 20 26 20 20 23 40 29 22 20 21 23 20 275 27 236 24 48 20
leaf_count=22 52 22 23 21 37 27 31 21 20 448 255 48 20 26 20 20 23 40 29 22 20 21 23 20 275 27 236 24 48 20
internal_value=-0.000727976 0.00151368 0.0053871 0.00291549 0.000876105 0.00476471 0.000187499 0.00392308 -0.000266356 -0.00187763 -0.00127901 -0.000480469 0.00203106 0.00416814 0.00171428 -0.00163248 0.000789473 -0.000561577 0.00221739 -0.00113056 0.00537209 0.00165517 0.00816279 -0.00147619 -0.00177966 -0.000500001 -0.00253125 -0.000954546 -0.00276744 -0.00123529
internal_weight=1941 658 93 71 565 85 480 52 428 1283 767 512 161 113 70 351 95 406 69 337 43 58 43 315 295 48 256 44 516 68
internal_count=1941 658 93 71 565 85 480 52 428 1283 767 512 161 113 70 351 95 406 69 337 43 58 43 315 295 48 256 44 516 68
is_linear=0
shrinkage=0.03


Tree=51
num_leaves=31
num_cat=0
split_feature=11 56 50 58 57 11 12 16 18 28 12 12 12 27 10 27 56 28 3 18 43 18 32 43 48 54 28 4 33 33
split_gain=5.34707 2.12072 1.9381 1.27624 1.51986 1.26727 1.24675 1.10221 1.47461 0.808969 0.726935 0.96 0.708604 0.960487 1.06473 1.98777 1.32154 0.602466 0.950629 0.577361 0.542487 0.53494 0.902169 0.67712 0.442623 0.727971 0.42735 0.694444 0.285536 0.471506
threshold=-0.88144907265856332 19.150000000000002 32.500000000000007 1007.6500000000002 277.50000000000006 -0.22695468355932455 0.59608197715088396 24.250000000000004 40.500000000000007 1006.4500000000002 0.62334665204000361 0.59608197715088396 0.53946920585801694 302.50000000000006 -0.63405362205439475 250.00000000000003 7.0000000000000009 1007.35 6619372.7500000009 45.500000000000007 -165.55357145000002 1.5000000000000002 450.00000000000006 -227.33214289999998 54.500000000000007 277.35000000000008 1004.6500000000002 18.500000000000004 724.31875000000002 934.03482145000009
decision_type=2 2 2 2 2 2 2 2 2 2 2 2 2 2 2 2 2 2 2 2 2 2 2 2 2 2 2 2 2 2
left_child=1 3 -3 20 -5 7 -6 8 10 -10 11 21 -7 14 26 -16 -17 18 19 -18 -1 22 -2 -24 -9 -26 27 -14 -22 -30
right_child=5 2 -4 4 6 12 -8 24 9 -11 -12 -13 13 -15 15 16 17 -19 -20 -21 28 -23 23 -25 25 -27 -28 -29 29 -31
leaf_value=1.3619777435823841 0.83164959833086061 2.1293730419916748 1.0457398359114385 1.9760885747718768 -0.46035517510845875 -8.3349567139709801 2.2772189313643927 -0.96272737094123773 0.00015599560803078645 1.6099946423205529 -1.7324859082148714 0.19765180098677593 -7.5664524902761183 -8.3114701919970244 -8.025905323568459 -3.8017744904577588 0.6987913478056359 0.26043333777283645 5.4345079095732753 -1.5434026028160837 -0.8108856451418438 -1.818524522529525 0.22475853211960997 -1.099512841258981 0.19272629163243934 -1.9014413767442957 -11.249038214706129 0.62603946321348058 0.85447767943262587 -0.8723235548037489
leaf_weight=27 22 35 26 34 42 443 24 183 22 31 84 30 25 232 81 36 40 31 21 21 43 37 23 38 32 29 150 20 30 49
leaf_count=27 22 35 26 34 42 443 24 183 22 31 84 30 25 232 81 36 40 31 21 21 43 37 23 38 32 29 150 20 30 49
internal_value=-0.000805256 0.00280645 0.00781967 0.00157831 0.0042 -0.00149172 0.00154545 -0.000288136 0.000972125 0.00549057 -5.12828e-05 0.0012 -0.00207273 -0.00144749 -0.000600001 0.000782608 0.00283893 0.00443363 0.00578049 0.00388525 -0.000181209 -7.15256e-10 0.00133735 -0.000540984 -0.00177049 0.000442622 -0.00223077 0.000333333 -0.00103279 3.7974e-05
internal_weight=1941 310 61 249 100 1631 66 531 287 53 234 150 1100 657 425 230 149 113 82 61 149 120 83 61 244 61 195 45 122 79
internal_count=1941 310 61 249 100 1631 66 531 287 53 234 150 1100 657 425 230 149 113 82 61 149 120 83 61 244 61 195 45 122 79
is_linear=0
shrinkage=0.03


Tree=52
num_leaves=31
num_cat=0
split_feature=11 26 1 15 6 46 35 37 43 18 3 11 8 9 47 6 35 42 18 43 9 6 18 11 11 37 49 32 38 42
split_gain=5.6367 1.32563 2.48891 1.28569 2.25657 1.94805 1.16291 1.07571 1.06778 1.04274 0.971645 0.803554 0.83448 1.24062 2.36449 1.23927 1.8833 0.687217 0.620975 0.421705 0.526671 1.08316 0.712644 0.410256 0.366667 0.355786 0.257601 0.405093 0.273333 0.159596
threshold=-0.77259657388510616 19.150000000000002 8623.839285500002 59.500000000000007 20.500000000000004 24.150000000000002 123.93750000000001 812.55446430000006 106.87142859999999 3.5000000000000004 6343678.5000000009 -0.290129255202841 3.5000000000000004 140.50000000000003 19.500000000000004 26.500000000000004 1.0000000180025095e-35 253.82589285000003 43.500000000000007 -366.59553569999997 145.50000000000003 21.500000000000004 34.500000000000007 0.84874750804349197 -0.58216583101416131 462.90714285000007 35.500000000000007 266.13125000000008 210.27812500000002 -189.54107139999996
decision_type=2 2 2 2 2 2 2 2 2 2 2 2 2 2 2 2 2 2 2 2 2 2 2 2 2 2 2 2 2 2
left_child=1 3 9 17 7 -6 -4 -5 -9 -3 -7 19 13 14 -13 -15 18 25 -17 -2 21 22 -21 -16 -23 -1 28 -28 -22 -27
right_child=11 2 6 4 5 10 -8 8 -10 -11 -12 12 -14 15 23 16 -18 -19 -20 20 26 24 -24 -25 -26 29 27 -29 -30 -31
leaf_value=0.04658781486696114 0.50316258141400771 0.48753165250828978 1.7818410036981729 -0.65012224157750154 2.0346241675132331 1.4863426711638499 -0.34996250062284862 2.2191293545151756 -0.37044370075734179 2.6654598301348127 -0.13273107804357406 3.0700605156501326 -8.0577549536951825 -7.9238504110456933 -6.3749830235283387 2.7096982367045896 -9.2073312891118029 1.7067688746769063 0.29481899415042317 -4.8402100492605626 -0.62806946383807905 0.13829423337611607 0.24768254902021197 0.17254661881979069 0.15797981069656705 -0.03223951786558215 -2.2676332383288598 0.1037416096310295 -1.383264467122832 -2.0926540545405321
leaf_weight=37 38 20 28 59 33 20 29 25 20 21 22 36 499 420 52 27 55 20 26 62 27 20 25 26 24 20 21 27 123 79
leaf_count=37 38 20 28 59 33 20 29 25 20 21 22 36 499 420 52 27 55 20 26 62 27 20 25 26 24 20 21 27 123 79
internal_value=-0.000820712 0.0021963 0.00526531 0.00129851 0.00303352 0.007 0.00121053 0.000173076 0.00366667 0.0109024 0.00271428 -0.001687 -0.00207976 -0.00136449 0.00147368 -0.00197727 0.000888888 -0.000692308 0.00492453 -0.000465941 -0.000811551 0.000664121 -0.00127586 -0.00146154 0.0045 -0.00145588 -0.00178788 0.000124999 -0.0024 -0.00239394
internal_weight=1941 433 98 335 179 75 57 104 45 41 42 1508 1141 642 114 528 108 156 53 367 329 131 87 78 44 136 198 48 150 99
internal_count=1941 433 98 335 179 75 57 104 45 41 42 1508 1141 642 114 528 108 156 53 367 329 131 87 78 44 136 198 48 150 99
is_linear=0
shrinkage=0.03


Tree=53
num_leaves=31
num_cat=0
split_feature=11 56 1 11 58 57 9 9 57 34 57 26 36 10 10 38 16 45 5 1 32 32 43 34 33 1 43 9 26 42
split_gain=5.68454 2.03963 3.13766 1.16289 1.16163 1.51986 1.24675 0.665153 0.960184 1.24384 1.97326 1.40138 0.758395 1.12345 0.554895 0.533908 0.651398 1.51141 0.791264 0.480814 0.470272 0.814881 0.451336 0.435062 0.483882 0.649733 0.292899 0.275154 0.444444 0.273782
threshold=-0.88144907265856332 19.150000000000002 8623.839285500002 -0.290129255202841 1007.6500000000002 277.50000000000006 145.50000000000003 149.50000000000003 302.50000000000006 22.754464285000005 250.00000000000003 7.7500000000000009 177.85000000000002 -0.3520614488341256 0.5277851165098012 593.57566963750014 24.650000000000002 73.500000000000014 1.0000000180025095e-35 6307.3571425000009 389.65625000000006 274.78571430000005 -112.35089284999997 38.942857145000005 1056.7848215000001 7399.8392855000011 -350.97499999999997 140.50000000000003 14.750000000000002 14.958035949999998
decision_type=2 2 2 2 2 2 2 2 2 2 2 2 2 2 2 2 2 2 2 2 2 2 2 2 2 2 2 2 2 2
left_child=1 4 -3 15 22 -6 -7 8 9 10 -5 -12 -13 -14 -15 16 17 18 -2 -18 21 -20 -1 -17 26 -26 -25 28 -11 -24
right_child=3 2 -4 7 5 6 -8 -9 -10 27 11 12 13 14 -16 23 19 -19 20 -21 -22 -23 29 24 25 -27 -28 -29 -30 -31
leaf_value=1.5439167897873662 0.99259024267982909 2.5607455595839914 0.95408497746713694 -6.6114806076870822 1.8557671925033263 2.153172080679675 -0.43026452726648529 -7.6921405773298535 -7.8107750402545486 0.51515646384757341 -2.0765081179384914 0.47569645368026309 -2.5877393929599788 3.5412825163713011 2.5353342282961218 1.2269097994901961 -1.6944706551956514 0.23513915215798845 -0.095423007656340292 0.027947759713532409 -1.3222060220395326 0.78038212263530937 -1.2451743523431771 -0.012011038343909956 0.12368815066318158 -0.36114986206059452 -0.61639182984319751 -10.838060138622174 -5.9481877361800857 0.064718622870936854
leaf_weight=35 25 23 38 82 34 24 42 460 237 20 53 31 27 22 30 20 77 22 28 20 41 20 54 26 24 44 143 154 25 60
leaf_count=35 25 23 38 82 34 24 42 460 237 20 53 31 27 22 30 20 77 22 28 20 41 20 54 26 24 44 143 154 25 60
internal_value=-0.000820712 0.00290323 0.00781967 -0.00152851 0.00169879 0.0042 0.00154545 -0.00205346 -0.00145815 -0.000635136 0.000795918 0.00270552 0.00463636 0.00307595 0.00565385 -0.000306123 0.000733905 0.00207353 0.00068421 -0.00114433 -0.00064045 0.001375 2.01335e-05 -0.00124903 -0.0016076 0.000529411 -0.00246746 -0.00239699 -0.000333334 -0.000894738
internal_weight=1941 310 61 1631 249 100 66 1141 681 444 245 163 110 79 52 490 233 136 114 97 89 48 149 257 237 68 169 199 45 114
internal_count=1941 310 61 1631 249 100 66 1141 681 444 245 163 110 79 52 490 233 136 114 97 89 48 149 257 237 68 169 199 45 114
is_linear=0
shrinkage=0.03


Tree=54
num_leaves=31
num_cat=0
split_feature=11 26 28 11 41 57 34 9 27 34 27 56 14 30 27 23 6 15 34 3 11 42 6 39 23 31 43 34 27 50
split_gain=5.14856 1.8616 2.51999 1.81071 1.34046 2.46565 0.801834 0.713087 0.974494 1.26861 2.4075 1.6798 1.23796 0.695606 0.600164 0.753697 2.50754 0.57619 0.551378 0.547672 0.721171 0.511748 0.305023 0.795455 0.280189 0.184333 0.170455 0.436364 0.122066 0.16036
threshold=-0.47114434510950048 19.150000000000002 1005.5500000000001 -0.93540483100319605 371.04065667362403 264.50000000000006 882.94642855000006 149.50000000000003 302.50000000000006 22.754464285000005 250.00000000000003 7.0000000000000009 28.850000000000005 336.55982145000002 55.000000000000007 209.50000000000003 20.500000000000004 59.500000000000007 824.84375000000011 6610741.6340000005 0.84874750804349197 291.99642860000012 19.500000000000004 47.558593745375013 139.50000000000003 498.2142857500001 -227.33214289999998 1061.6517855000002 326.50000000000006 37.000000000000007
decision_type=2 2 2 2 2 2 2 2 2 2 2 2 2 2 2 2 2 2 2 2 2 2 2 2 2 2 2 2 2 2
left_child=1 4 6 -4 13 -6 24 8 9 10 -2 -12 19 -1 -15 21 18 -7 -17 20 -13 26 23 -11 -3 -9 27 -16 29 -28
right_child=7 2 3 -5 5 17 -8 25 -10 22 11 12 -14 14 15 16 -18 -19 -20 -21 -22 -23 -24 -25 -26 -27 28 -29 -30 -31
leaf_value=0.60747103970563809 -5.9903286014707744 0.029652599375927274 2.0978415797223802 0.23404774090037528 2.5913791715580285 -0.38950234969683639 0.053614443602307112 -7.401313573739384 -7.4005304642881526 0.49970176993214621 -3.8336673927357392 -0.1867217618314998 0.32398459166274229 0.29296945586770179 -1.2820477881231034 -1.0132985500722893 1.6910676882630973 1.2333378550344998 1.9654448002279727 4.9129802535538065 0.26990460657592474 0.85132142410111777 -10.130867436486643 -4.3018828799577866 -4.3761723791544416 -0.30182356213848688 -1.0066473249051309 0.097717166580217701 -0.0054647357476665104 -0.012717544871567109
leaf_weight=29 96 20 32 28 24 40 36 488 254 20 42 36 27 20 24 55 27 30 21 32 35 20 177 35 33 20 179 20 21 20
leaf_count=29 96 20 32 28 24 40 36 488 254 20 42 36 27 20 24 55 27 30 21 32 35 20 177 35 33 20 179 20 21 20
internal_value=-0.000820712 0.00128571 0.00424832 0.009 0.000452829 0.00370213 0.00104494 -0.00195404 -0.0013687 -0.000600001 0.000805969 0.00293023 0.00461538 -0.000247707 -0.000567568 -0.000829458 0.00136893 0.000857142 -0.00142105 0.0031165 0.00164789 -0.00162676 -0.00222414 -0.000272728 -0.00130189 -0.00282284 -0.00197727 -0.000272728 -0.00231818 -0.00254774
internal_weight=1941 679 149 60 530 94 89 1262 754 500 268 172 130 436 407 387 103 70 76 103 71 284 232 55 53 508 264 44 220 199
internal_count=1941 679 149 60 530 94 89 1262 754 500 268 172 130 436 407 387 103 70 76 103 71 284 232 55 53 508 264 44 220 199
is_linear=0
shrinkage=0.03


Tree=55
num_leaves=31
num_cat=0
split_feature=11 56 58 31 41 57 23 48 18 46 58 10 31 9 9 3 43 30 11 11 16 9 47 40 32 34 43 8 18 8
split_gain=5.17398 1.82412 2.52663 1.78985 1.48706 2.31371 0.753441 0.705275 0.603252 1.18573 2.05001 1.97045 0.572939 0.811768 1.51427 1.225 0.88511 0.746803 0.572879 0.612372 0.381927 0.347621 1.69514 2.16022 0.329509 0.27 0.240966 0.166706 0.317086 0.225
threshold=-0.58216583101416131 19.150000000000002 1005.5500000000001 719.56250000000011 371.04065667362403 264.50000000000006 100.50000000000001 1.0000000180025095e-35 28.500000000000004 24.950000000000003 1006.35 0.88144907265856365 870.77857140000015 141.50000000000003 145.50000000000003 6321775.2855000012 -260.02053569999993 971.00000000000011 -0.32143946530316164 0.72947329433276265 23.150000000000002 141.50000000000003 15.500000000000002 323.40915921812501 443.67500000000001 863.11250000000007 -117.96874999999999 3.5000000000000004 42.500000000000007 1.5000000000000002
decision_type=2 2 2 2 2 2 2 2 2 2 2 2 2 2 2 2 2 2 2 2 2 2 2 2 2 2 2 2 2 2
left_child=1 4 6 -4 12 -6 -3 -7 21 10 18 -12 13 -1 15 -15 -16 24 -10 -20 -9 22 23 -2 -18 -8 -14 28 29 -11
right_child=8 2 3 -5 5 7 25 20 9 27 11 -13 26 14 16 -17 17 -19 19 -21 -22 -23 -24 -25 -26 -27 -28 -29 -30 -31
leaf_value=-0.74611633615980932 3.5325595397826302 2.687449231538916 2.1923182374478061 0.80124033290432051 2.5136377964112904 1.2711474230854591 -3.9538549587285883 -3.3998027130341693 0.14190778149324737 -1.0044792541619336 0.054543048876535834 0.47325033920281684 -0.028431473202509043 1.5160409971026927 2.020277947347537 0.0060363678710668818 -0.010013286020588366 2.3511415481560429 -7.681697859113279 0.18462893591347657 1.1172797633594882 -5.7339433740263912 -5.7111704463753066 -1.0491704373784754 -0.9483331454513646 0.030851784245353623 -0.89198857950688304 -7.2125312059260471 -2.5414601712542133 1.4351900844477454
leaf_weight=58 27 21 20 39 24 20 30 28 24 20 24 20 38 20 20 20 33 20 86 21 23 663 165 43 70 20 93 130 101 20
leaf_count=58 27 21 20 39 24 20 30 28 24 20 24 20 38 20 20 20 33 20 86 21 23 663 165 43 70 20 93 130 101 20
internal_value=-0.000851624 0.00147236 0.00461538 0.00920339 0.00059743 0.00394737 0.000802816 0.00122535 -0.00188393 -0.000982063 0.000942856 0.00654545 -0.000258065 0.000609958 0.00159016 0.00675 0.000146852 -0.000804879 -0.000938932 -0.00187851 -0.00064706 -0.00233185 -0.00134043 0.00257143 -0.00183495 -0.0012 -0.00185496 -0.00222509 -0.00151064 0.000749999
internal_weight=1941 597 130 59 467 95 71 71 1344 446 175 44 372 241 183 40 143 123 131 107 51 898 235 70 103 50 131 271 141 40
internal_count=1941 597 130 59 467 95 71 71 1344 446 175 44 372 241 183 40 143 123 131 107 51 898 235 70 103 50 131 271 141 40
is_linear=0
shrinkage=0.03


Tree=56
num_leaves=31
num_cat=0
split_feature=11 1 11 8 1 57 6 21 9 6 8 17 9 4 10 6 53 48 18 29 3 9 8 3 6 43 18 24 9 45
split_gain=5.6039 1.81948 1.03437 0.947973 1.19495 1.10653 1.56995 1.0083 0.818182 0.780149 0.716291 1.07522 0.94426 1.57634 1.09347 1.91695 0.715135 0.542866 0.898442 1.35893 0.486195 0.366344 0.531388 0.344548 0.789216 0.508314 0.333333 0.293301 0.286213 0.225
threshold=-0.84874750804349197 5954.3125000000009 -0.290129255202841 3.5000000000000004 9110.1339285000013 269.50000000000006 20.500000000000004 928.50000000000011 143.50000000000003 30.500000000000004 3.5000000000000004 67.500000000000014 140.50000000000003 18.500000000000004 0.29012925520284133 26.500000000000004 215.50000000000003 52.000000000000007 73.500000000000014 1.0000000180025095e-35 6397828.7855000012 141.50000000000003 5.5000000000000009 6325356.9285000013 24.500000000000004 -370.93660714999993 43.500000000000007 589.20000000000016 141.50000000000003 80.500000000000014
decision_type=2 2 2 2 2 2 2 2 2 2 2 2 2 2 2 2 2 2 2 2 2 2 2 2 2 2 2 2 2 2
left_child=1 -1 9 5 8 6 20 16 -5 17 11 12 13 -4 28 -16 -6 21 19 -19 -3 -2 23 24 -23 -25 -17 -7 -14 -15
right_child=2 3 10 4 7 27 -8 -9 -10 -11 -12 -13 14 29 15 26 -18 18 -20 -21 -22 22 -24 25 -26 -27 -28 -29 -30 -31
leaf_value=2.2562162907089776 -4.5309992809938073 -0.94070947476778899 -1.2545890641696653 0.34986367723687056 -0.4438463568999958 0.29703061505058526 1.6574956879392155 1.8767634976579486 1.3507179085967349 0.13371499648781174 -7.1767563229813884 -7.0673186515769846 -0.11323651072319282 0.56661065449228798 -8.3778874640116889 2.6174421681869919 0.36195437852557316 0.54551196061990315 -0.35820566892485067 -0.084596450886096727 2.4908571466850007 0.36815729983690398 0.15439510753855015 1.6878452707969918 -1.2660375485166442 -0.40815632390430429 0.31221620540806716 -2.4637382067241762 -7.6778073872305139 3.7014843211269053
leaf_weight=31 77 23 42 22 50 20 24 23 22 22 499 254 27 20 67 24 24 25 38 33 38 28 22 21 23 160 24 74 164 20
leaf_count=31 77 23 42 22 50 20 24 23 22 22 499 254 27 20 67 24 24 25 38 33 38 28 22 21 23 160 24 74 164 20
internal_value=-0.0007898 0.00264102 -0.00154717 0.00196875 0.00380851 0.000519552 0.003 0.00194845 0.00790909 -0.000327395 -0.00202717 -0.00136449 -0.000371135 0.0024878 -0.00113726 0.00117391 0.000243243 -0.000611242 0.001375 0.00372414 0.000442622 -0.00118731 -0.000637796 -0.00106035 0.00111765 -0.00167403 0.00575 -0.0017234 -0.0025288 0.00675
internal_weight=1941 351 1590 320 141 179 85 97 44 449 1141 642 388 82 306 115 74 427 96 58 61 331 254 232 51 181 48 94 191 40
internal_count=1941 351 1590 320 141 179 85 97 44 449 1141 642 388 82 306 115 74 427 96 58 61 331 254 232 51 181 48 94 191 40
is_linear=0
shrinkage=0.03


Tree=57
num_leaves=31
num_cat=0
split_feature=11 56 1 41 57 11 9 27 34 26 57 36 10 54 48 32 48 1 11 1 9 14 32 30 57 48 17 4 16 34
split_gain=4.33365 2.54986 3.13766 1.24703 1.36056 1.08283 0.665153 0.966412 1.18474 1.86362 1.05547 0.734518 0.846075 0.664299 0.585971 0.542895 0.518153 0.467237 1.0073 0.642756 0.423286 0.706522 0.367275 0.342062 0.337782 0.414817 0.793651 0.323377 0.277323 0.263937
threshold=-0.88144907265856332 19.150000000000002 8623.839285500002 371.04065667362403 264.50000000000006 -0.290129255202841 149.50000000000003 302.50000000000006 1.0000000180025095e-35 7.7500000000000009 250.00000000000003 165.77142855000002 -0.3520614488341256 2.2500000000000004 1.0000000180025095e-35 674.48214285000006 39.500000000000007 3688.2142855000006 -0.47114434510950048 2800.0000000000005 140.50000000000003 29.450000000000003 1136.1008930000003 1069.7642860000003 56.500000000000007 52.000000000000007 70.500000000000014 1.5000000000000002 24.650000000000002 1160.0785715000004
decision_type=2 2 2 2 2 2 2 2 2 2 2 2 2 2 2 2 2 2 2 2 2 2 2 2 2 2 2 2 2 2
left_child=1 3 -3 15 -5 13 7 8 9 27 -11 -12 -13 -2 -6 -1 -14 18 19 -15 21 -10 -17 -16 -19 29 -27 -7 -20 -26
right_child=5 2 -4 4 14 6 -8 -9 20 10 11 12 16 17 23 22 -18 24 28 -21 -22 -23 -24 -25 25 26 -28 -29 -30 -31
leaf_value=1.4818617964283709 0.47339584674499002 2.3209177573796564 0.79055282878514754 2.4402917405964417 1.1767100954631551 0.25652229587329295 -6.8910108018422669 -6.9571889719852713 0.352331032608524 -2.8925616743090132 0.59542487855948001 -1.2513267693430175 4.1002845366760852 0.068708853863490446 0.22242984956490133 -0.14460194575451965 0.40703786766054995 0.0062999616270458768 0.032011916899112522 0.60768371468997173 -9.8216713204586767 -10.457682981168878 1.4894230368999368 -0.43163452341253594 -0.92988625236277389 0.2187719961505997 -0.088766797674586215 -7.6291570531271562 -1.4066621266658181 0.0013285420313980023
leaf_weight=39 24 23 38 23 20 22 460 238 20 28 28 23 20 22 20 88 31 22 31 21 162 26 28 31 223 21 42 83 36 48
leaf_count=39 24 23 38 23 20 22 460 238 20 28 28 23 20 22 20 88 31 22 31 21 162 26 28 31 223 21 42 83 36 48
internal_value=-0.000928903 0.00232258 0.00781967 0.000975903 0.00370213 -0.0015469 -0.00205346 -0.00145815 -0.000629798 0.000829787 0.00323077 0.00464706 0.00308108 -0.000367348 0.00164789 -0.00067742 0.00523529 -0.000618026 0.00109091 0.00467442 -0.00227885 0.000260869 -0.0017069 -5.88242e-05 -0.00114607 -0.00138323 0.000809523 -0.00214286 -0.00120896 -0.00189299
internal_weight=1941 310 61 249 94 1631 1141 681 443 235 130 102 74 490 71 155 51 466 110 43 208 46 116 51 356 334 63 105 67 271
internal_count=1941 310 61 249 94 1631 1141 681 443 235 130 102 74 490 71 155 51 466 110 43 208 46 116 51 356 334 63 105 67 271
is_linear=0
shrinkage=0.03


Tree=58
num_leaves=31
num_cat=0
split_feature=23 41 46 27 42 8 23 1 6 1 30 47 19 9 14 2 36 18 46 58 37 6 6 22 42 37 3 31 15 56
split_gain=4.01743 1.66552 1.86588 1.7762 1.51915 1.00666 1.18894 2.16321 1.52842 1.01291 0.740828 0.645464 0.597445 0.723252 1.23568 2.12593 0.803571 0.623167 0.705121 1.02745 1.06499 0.365025 0.790634 0.347826 0.327756 0.316427 0.225 0.162808 0.185813 0.448403
threshold=138.50000000000003 377.72117884077096 23.150000000000002 316.50000000000006 69.931250000000048 5.5000000000000009 202.00000000000003 5954.3125000000009 20.500000000000004 5978.4910715000015 635.83125000000007 86.500000000000014 4.5000000000000009 141.50000000000003 29.250000000000004 5306.3571430000011 765.42142860000013 19.500000000000004 25.050000000000004 1006.35 206.81785715000004 26.500000000000004 27.500000000000004 594.50000000000011 268.46964284999996 843.57321430000013 6337745.2855000012 460.41696430000007 77.500000000000014 12.050000000000002
decision_type=2 2 2 2 2 2 2 2 2 2 2 2 2 2 2 2 2 2 2 2 2 2 2 2 2 2 2 2 2 2
left_child=10 3 -3 5 26 6 11 -8 25 -7 12 24 13 14 15 16 -1 -15 19 -19 -21 -20 -23 -11 -2 -9 -4 28 29 -14
right_child=1 2 4 -5 -6 9 7 8 -10 23 -12 -13 27 17 -16 -17 -18 18 21 20 -22 22 -24 -25 -26 -27 -28 -29 -30 -31
leaf_value=-3.425691365057955 -0.74202828286687428 -0.35088789704064255 1.9784764288100942 0.52577240638139211 1.329087599274569 0.44399225680858651 2.3275208557265956 -0.38577323194192636 1.3115745640089764 -0.10674930357100811 0.058812258352360945 0.91191950707815772 0.21009996293932312 -6.701201955890598 -5.801221965527974 3.6780551089513414 0.30838341392448826 -8.6583522129928081 -6.8217425391453359 0.33553701476788239 -0.15632991320173087 2.3674001323501552 -7.3276953373036209 0.65984748580074526 0.65586275213362266 0.63977504997004941 1.3226358345018125 -0.11116094259183303 -6.1179717423564712 -7.3041091664315996
leaf_weight=36 239 32 20 37 21 20 23 62 25 23 32 26 37 239 52 25 20 33 118 32 27 26 54 23 20 33 20 20 493 73
leaf_count=36 239 32 20 37 21 20 23 62 25 23 32 26 37 239 52 25 20 33 118 32 27 26 54 23 20 33 20 20 493 73
internal_value=-0.000944359 0.00103846 0.00474193 0.00038983 0.00781967 -8.5021e-05 -0.000616823 0.00161538 -7.15256e-10 0.00336364 -0.00188383 -0.00173684 -0.00199611 -0.00136858 0.000609022 0.00292593 -0.000321429 -0.00186579 -0.000931035 0.00123913 0.00361017 -0.00193939 -0.000375001 0.000913043 -0.00218919 -0.00173684 0.01125 -0.00266292 -0.00275124 -0.00163636
internal_weight=1941 624 93 531 61 494 428 143 120 66 1317 285 1285 662 133 81 56 529 290 92 59 198 80 46 259 95 40 623 603 110
internal_count=1941 624 93 531 61 494 428 143 120 66 1317 285 1285 662 133 81 56 529 290 92 59 198 80 46 259 95 40 623 603 110
is_linear=0
shrinkage=0.03


Tree=59
num_leaves=31
num_cat=0
split_feature=11 41 1 56 50 16 41 27 23 12 27 48 56 58 26 11 6 4 23 14 8 17 38 42 46 37 2 2 8 33
split_gain=5.16994 1.7906 1.95473 1.93115 2.26166 1.40644 0.790483 0.791058 0.656117 0.655165 0.826818 1.27651 1.27353 1.01499 0.79948 0.795455 0.685055 1.0212 0.635854 1.02083 0.681339 0.984664 1.16684 0.459573 0.351687 0.20736 0.216435 0.132203 0.0972733 0.172291
threshold=-0.47114434510950048 377.72117884077096 9881.2857145000016 21.550000000000004 17.500000000000004 23.350000000000005 97.649698746984782 55.000000000000007 151.50000000000003 0.53946920585801694 302.50000000000006 19.500000000000004 7.0000000000000009 1006.35 9.9500000000000011 0.83146961230254512 19.500000000000004 19.500000000000004 291.00000000000006 30.250000000000004 5.5000000000000009 19.500000000000004 818.47857142500004 291.99642860000012 25.150000000000002 66.986607145000008 6883.7589285000004 6658.5000000000009 2.5000000000000004 476.62857140000006
decision_type=2 2 2 2 2 2 2 2 2 2 2 2 2 2 2 2 2 2 2 2 2 2 2 2 2 2 2 2 2 2
left_child=1 3 -3 6 -5 -4 -1 -8 -6 -2 11 16 -13 15 -15 -14 17 27 20 -20 23 22 -22 25 -16 -9 28 -11 -27 -30
right_child=9 2 5 4 8 -7 7 18 -10 10 -12 12 13 14 24 -17 -18 -19 19 -21 21 -23 -24 -25 -26 26 -28 -29 29 -31
leaf_value=0.58315028226751908 -6.0625258101217403 1.4015153604718686 -1.1450919133836854 1.9400435344346829 0.13909549318841621 1.2899183335871471 1.4488958921311295 -0.013090606422739967 -1.1626162566770308 -4.5080202676445777 -6.3814418316129986 -8.8495209598707181 -5.4627347889196596 1.5189459454453198 0.34347948095762004 0.29913191150675317 -5.5888161177308717 3.0394419218446282 -0.14397145867771724 2.1060156595891484 0.11377321204327362 -2.0670330251135112 -0.11420442543366316 0.48380455388884919 -0.21888362149923499 -2.5755935600889277 -0.093465741079303485 -0.76802745748187529 -0.0070195758727377745 -0.51425425803420555
leaf_weight=21 508 23 32 32 31 38 22 37 22 39 254 46 35 27 26 20 235 31 24 24 22 26 23 21 21 127 26 20 45 83
leaf_count=21 508 23 32 32 31 38 22 37 22 39 254 46 35 27 26 20 235 31 24 24 22 26 23 21 21 127 26 20 45 83
internal_value=-0.000913447 0.00119735 0.00506452 0.000583617 0.00476471 0.00257143 -0.000125749 -0.000375001 0.000962263 -0.00204913 -0.00148806 -0.000780001 0.00128571 0.00281395 0.00510811 -0.000272728 -0.00189231 0.000333333 -0.000641922 0.002625 -0.00102439 0.00164789 0.00433333 -0.00158407 0.00274468 -0.00186793 -0.00214591 -0.00198305 -0.00241177 -0.00182813
internal_weight=1941 679 93 586 85 70 501 480 53 1262 754 500 175 129 74 55 325 90 458 48 410 71 45 339 47 318 281 59 255 128
internal_count=1941 679 93 586 85 70 501 480 53 1262 754 500 175 129 74 55 325 90 458 48 410 71 45 339 47 318 281 59 255 128
is_linear=0
shrinkage=0.03


Tree=60
num_leaves=31
num_cat=0
split_feature=11 41 43 1 1 56 17 9 27 18 56 56 10 6 3 38 27 28 30 38 38 15 10 53 40 22 53 32 31 56
split_gain=4.61227 1.61894 1.86823 1.38498 1.06522 0.938004 1.57112 0.637177 0.874696 1.17708 1.57766 0.724078 0.979592 0.712393 1.22014 0.611154 0.571966 0.691473 0.982143 1.66546 0.658561 0.509804 0.4963 0.457074 0.315894 0.290179 0.642857 0.237911 0.184333 0.143694
threshold=-0.47114434510950048 377.72117884077096 59.470535700000035 3717.0625000000005 2800.0000000000005 21.550000000000004 50.500000000000007 149.50000000000003 302.50000000000006 28.500000000000004 7.6500000000000012 10.750000000000002 0.95642797789208711 19.500000000000004 6551800.5950000007 1114.6629464500004 44.500000000000007 1006.7500000000001 879.69017855000004 859.70520838750019 1066.0046874875002 83.500000000000014 0.35206144883412577 209.50000000000003 1.0000000180025095e-35 274.50000000000006 158.50000000000003 1133.0267855000004 498.2142857500001 18.650000000000002
decision_type=2 2 2 2 2 2 2 2 2 2 2 2 2 2 2 2 2 2 2 2 2 2 2 2 2 2 2 2 2 2
left_child=1 3 -3 4 -1 16 -7 8 9 13 -11 12 -12 14 -2 -4 -5 27 23 -20 -21 -8 -13 25 -15 -19 -27 29 -9 -18
right_child=7 2 15 5 -6 6 21 28 -10 10 11 22 -14 24 -16 -17 17 18 19 20 -22 -23 -24 -25 -26 26 -28 -29 -30 -31
leaf_value=0.029267651086283059 -0.47280300611329956 1.3554442012468446 -0.14600831681358858 1.5791611335729598 1.0579007915292544 1.3534613899575454 -6.2890659548380237 -6.2791041426839413 -6.1899985766646095 -8.5845051459525781 2.2319128206352978 -1.3699167783226274 0.16272841466800478 0.089737147331440267 2.8176906096700969 1.215689881412702 -1.1746898105867041 -1.9710592785875274 1.8593690458278274 -0.70781272202655376 0.77793814184577481 1.6006338475762143 0.28533378334114556 1.4698687273990927 -6.0188897141404496 0.069676511019701806 -0.15365192239354411 -0.060901060612163903 -0.13017316828657832 -0.36502355842818623
leaf_weight=23 60 37 34 20 23 28 26 488 254 49 28 26 21 24 33 22 141 65 23 26 21 25 31 26 228 21 42 36 20 40
leaf_count=23 60 37 34 20 23 28 26 488 254 49 28 26 21 24 33 22 141 65 23 26 21 25 31 26 228 21 42 36 20 40
internal_value=-0.000928903 0.0010648 0.00474193 0.000481228 0.00547826 5.55548e-05 0.00307595 -0.00200159 -0.00144828 -0.000720001 0.00145161 0.00350943 0.00618367 -0.00169565 0.000548386 0.00128571 -0.00046204 -0.000687076 0.000482142 0.00342857 0.000191489 -5.88242e-05 0.00121053 -0.000857144 -0.00252381 -0.00159375 -0.000142858 -0.00189401 -0.00282284 -0.00233702
internal_weight=1941 679 93 586 46 540 79 1262 754 500 155 106 49 345 93 56 461 441 224 70 47 51 57 154 252 128 63 217 508 181
internal_count=1941 679 93 586 46 540 79 1262 754 500 155 106 49 345 93 56 461 441 224 70 47 51 57 154 252 128 63 217 508 181
is_linear=0
shrinkage=0.03


Tree=61
num_leaves=31
num_cat=0
split_feature=11 41 43 1 41 27 11 27 16 38 3 43 49 2 56 36 57 2 27 17 33 1 30 2 16 10 17 33 42 53
split_gain=5.01171 1.66024 1.86823 1.14717 1.03984 1.23679 0.772958 1.20775 0.870659 0.611154 0.608615 0.605795 0.565324 0.690477 1.09674 1.1592 1.14032 1.00595 0.447006 0.4 0.395466 0.70235 0.347065 0.677662 0.317647 0.293672 0.265044 0.257331 0.163636 0.126393
threshold=-0.3520614488341256 377.72117884077096 59.470535700000035 3717.0625000000005 260.15625666338218 307.50000000000006 -0.77259657388510616 309.50000000000006 24.850000000000005 1114.6629464500004 6274687.1250000009 364.08125000000013 2.5000000000000004 5708.0000000000009 8.6500000000000004 609.95000000000016 294.50000000000006 25.205357145000004 60.000000000000007 88.500000000000014 791.23303570000019 7867.9821430000011 506.94375000000008 698.62500000000011 25.250000000000004 0.5277851165098012 20.500000000000004 952.86875000000009 201.58392870000009 126.50000000000001
decision_type=2 2 2 2 2 2 2 2 2 2 2 2 2 2 2 2 2 2 2 2 2 2 2 2 2 2 2 2 2 2
left_child=1 3 -3 4 5 -1 7 8 10 -4 -5 20 13 14 25 16 17 -16 -8 -10 28 -22 23 -20 -17 26 -2 -23 -12 -14
right_child=12 2 9 6 -6 -7 18 -9 19 -11 11 -13 29 -15 15 24 -18 -19 22 -21 21 27 -24 -25 -26 -27 -28 -29 -30 -31
leaf_value=-0.48764493528737507 -1.8425934198703222 1.3147808752094381 -0.14162806730918207 1.0404185447954437 1.4652160628408293 0.62615059379490479 0.042227342972442003 0.897879210884999 1.155376052679022 1.179219184970318 -0.48424522350105065 2.1612020288229958 -6.0042986925168886 -7.9909013610249069 1.8415794662597547 0.18763539142788435 -0.71590046078484182 2.2892832278384678 -1.7760750196026718 0.18320019326388559 1.7048161568014866 0.01254822036877655 -0.77559859191586511 0.28638213192840567 -3.6000108663790389 -7.6627766985804486 0.17677185725817998 -0.50953302759259267 -0.17611922127814686 -0.24309129788641226
leaf_weight=41 34 37 34 25 22 28 20 27 20 22 90 21 661 158 32 20 31 24 41 20 30 20 160 26 48 124 24 56 20 25
leaf_count=41 34 37 34 25 22 28 20 27 20 22 90 21 661 158 32 20 31 24 41 20 30 20 160 26 48 124 24 56 20 25
internal_value=-0.000913447 0.000986841 0.00474193 0.000463268 0.00359341 0.00178261 -3.12507e-05 0.000920972 0.000377483 0.00128571 -0.000251909 -0.00072152 -0.00213633 -0.00136364 -0.00059644 0.00125806 0.00355172 0.00610714 -0.0012996 0.0045 -0.00119445 0.000113207 -0.00167841 0.000134328 -0.00167647 -0.00217582 -0.000413794 -0.00142105 -0.00245455 -0.00269388
internal_weight=1941 760 93 667 91 69 576 329 302 56 262 237 1181 495 337 155 87 56 247 40 216 106 227 67 68 182 58 76 110 686
internal_count=1941 760 93 667 91 69 576 329 302 56 262 237 1181 495 337 155 87 56 247 40 216 106 227 67 68 182 58 76 110 686
is_linear=0
shrinkage=0.03


Tree=62
num_leaves=31
num_cat=0
split_feature=23 41 26 57 32 8 23 27 6 21 8 32 59 12 57 10 40 3 5 10 6 6 36 56 43 5 27 48 19 1
split_gain=4.19761 1.42411 2.17257 1.9214 1.58536 0.942502 1.13565 0.938028 1.01152 1.72968 0.9 0.689537 0.638857 0.613997 1.125 1.47857 2.0116 0.611729 0.419931 0.413425 0.851526 0.597475 1.44048 0.397816 0.389681 0.356333 0.777404 0.355519 0.344118 0.313636
threshold=126.50000000000001 365.34976399814411 17.650000000000002 263.50000000000006 174.48571430000004 3.5000000000000004 215.50000000000003 282.50000000000006 21.500000000000004 581.50000000000011 4.5000000000000009 362.47857145000006 3.6500000000000004 0.64987354830121502 294.50000000000006 0.5277851165098012 323.40915921812501 6312448.5835000006 22.500000000000004 0.29012925520284133 26.500000000000004 28.500000000000004 93.970535715000025 14.65 194.16785714500003 1.0000000180025095e-35 276.50000000000006 55.500000000000007 3.5000000000000004 999.18750000000011
decision_type=2 2 2 2 2 2 2 2 2 2 2 2 2 2 2 2 2 2 2 2 2 2 2 2 2 2 2 2 2 2
left_child=12 4 3 -3 -2 11 7 28 -9 -10 -8 -6 13 19 15 16 17 -15 -11 -1 -21 22 -22 24 -5 26 -13 -16 -7 -23
right_child=1 2 -4 23 5 6 10 8 9 18 -12 25 -14 14 27 -17 -18 -19 -20 20 21 29 -24 -25 -26 -27 -28 -29 -30 -31
leaf_value=-5.9146517563440355 0.71845576803135791 1.6668732426080612 1.7991890912265438 1.1541220838303674 0.49044078872292618 -3.1909019134876204 1.6211205539512736 -0.52860583112246506 0.72180421504209669 -0.039903752099464791 0.0023990163076055399 1.7348205732047479 0.45410493966233967 0.2338052818085799 -7.4837530756267849 -5.4576941142007858 -0.66065747489213222 3.4302508450937839 0.70345547561112931 -3.5576318468692616 -0.077007177370605751 -7.7072571672324575 2.4911123970546116 -1.1416676168478048 -3.1080956914057878 -0.93168391035350318 -1.6781801693946174 0.070302713924527513 0.10951297349195944 0.067248366723090341
leaf_weight=515 21 24 21 26 29 65 20 35 24 32 20 32 36 23 146 46 37 20 31 302 25 46 35 29 21 185 33 22 20 20
leaf_count=515 21 24 21 26 29 65 20 35 24 32 20 32 36 23 146 46 37 20 31 302 25 46 35 29 21 185 33 22 20 20
internal_value=-0.000928903 0.000997005 0.00394215 0.0021 0.00034552 2.2813e-05 0.00137247 0.00047826 0.00216393 0.00389655 0.006 -0.00117204 -0.00193951 -0.00205416 -0.000857144 0.00128571 0.00375 0.00816279 0.00128571 -0.00242736 -0.00173832 0.000333333 0.0025 -0.000236843 0.00146808 -0.00168 0.000230769 -0.00246429 -0.00194118 -0.00163636
internal_weight=1941 668 121 100 547 526 247 207 122 87 40 279 1273 1237 294 126 80 43 63 943 428 126 60 76 47 250 65 168 85 66
internal_count=1941 668 121 100 547 526 247 207 122 87 40 279 1273 1237 294 126 80 43 63 943 428 126 60 76 47 250 65 168 85 66
is_linear=0
shrinkage=0.03


Tree=63
num_leaves=31
num_cat=0
split_feature=1 38 41 57 22 43 56 1 9 6 4 36 49 30 1 32 38 41 1 53 17 5 19 19 18 30 6 41 6 3
split_gain=3.78168 1.68748 1.90188 2.21397 1.21432 0.989695 0.805717 1.07751 0.771497 1.07907 1.25252 0.686044 0.552273 0.549189 0.757805 0.54211 0.723443 0.515723 0.506554 1.24211 0.478139 0.436508 0.372024 0.541126 0.362699 0.347086 0.305768 0.806763 1.34444 0.311111
threshold=2928.5714285000004 215.44352678750002 367.07584504266839 263.50000000000006 757.50000000000011 467.06607135000007 23.200000000000003 8623.839285500002 141.50000000000003 17.500000000000004 19.500000000000004 765.42142860000013 5.5000000000000009 805.65625000000011 7831.9821430000011 751.50892855000018 788.45312501249998 272.73733998393732 5954.3125000000009 156.50000000000003 27.500000000000004 22.500000000000004 9.5000000000000018 13.500000000000002 65.000000000000014 287.46428570000006 26.500000000000004 1.0000000180025095e-35 29.500000000000004 6369944.2860000012
decision_type=2 2 2 2 2 2 2 2 2 2 2 2 2 2 2 2 2 2 2 2 2 2 2 2 2 2 2 2 2 2
left_child=8 -2 5 -4 21 6 13 -8 9 -1 11 22 -12 18 17 16 -16 -15 19 -3 -21 -5 -11 -24 -20 26 -10 28 29 -28
right_child=1 2 3 4 -6 -7 7 -9 25 10 12 -13 -14 14 15 -17 -18 -19 24 20 -22 -23 23 -25 -26 -27 27 -29 -30 -31
leaf_value=-6.6603546302406951 0.39181103607863071 -1.2121792729912595 1.749880309160555 0.12203962534018034 1.8265130933409395 0.19913045616571948 1.4159600951318154 -0.61014409497086919 -5.7714554849876833 -2.9028896157825899 3.0591731598434198 0.20371591281305113 0.4390578160807046 -0.50448326264618371 -0.32372732793877229 -0.37133004097509292 1.67353593956311 0.99550336212567003 -0.2413739329031698 0.027214978225119861 2.1121145316718133 -1.4835880348593291 0.25013606546210015 -2.0630550420722331 0.53786817831791367 0.13572172327411958 0.19766692185008342 -5.0854354412749574 -7.4854368327720442 2.4229427569745328
leaf_weight=109 27 95 30 30 23 24 26 22 628 70 24 27 20 23 23 100 24 20 172 22 20 33 22 20 22 20 24 175 45 21
leaf_count=109 27 95 30 30 23 24 26 22 628 70 24 27 20 23 23 100 24 20 172 22 20 33 22 20 22 20 24 175 45 21
internal_value=-0.000944359 0.000749999 0.000469675 0.00398276 0.00153488 -0.000217539 -0.000469245 0.00325 -0.00197925 -0.000636987 0.000770491 -0.0006259 0.00518182 -0.000811901 0.000473683 -0.000551021 0.00210638 0.00397674 -0.00154985 -0.000153285 0.00414286 -0.000619048 -0.00166072 0.000571428 -0.00253608 -0.00240854 -0.00249608 -0.00164151 0.000666666 0.00433333
internal_weight=1941 736 709 116 86 593 569 48 1205 292 183 139 44 521 190 147 47 43 331 137 42 63 112 42 194 913 893 265 90 45
internal_count=1941 736 709 116 86 593 569 48 1205 292 183 139 44 521 190 147 47 43 331 137 42 63 112 42 194 913 893 265 90 45
is_linear=0
shrinkage=0.03


Tree=64
num_leaves=31
num_cat=0
split_feature=11 41 57 26 21 3 38 41 38 49 8 28 32 27 13 27 48 56 6 3 58 11 5 41 32 20 23 30 31 2
split_gain=4.28855 1.80419 1.95 1.27227 1.20779 1.10146 0.892733 1.60772 0.755038 1.15779 0.686343 0.806665 0.63121 0.607764 0.586805 0.919678 1.05319 1.14629 1.01361 1.2846 0.864503 0.778302 0.558101 0.543478 0.419771 0.507872 0.191597 0.173034 0.326667 0.121569
threshold=-0.3520614488341256 371.04065667362403 263.50000000000006 22.150000000000002 931.50000000000011 6392911.9105000012 593.57566963750014 232.23546690007882 215.44352678750002 11.500000000000002 3.5000000000000004 1007.7500000000001 991.58571430000018 276.50000000000006 -0.84196139870471931 302.50000000000006 19.500000000000004 7.0000000000000009 19.500000000000004 6551800.5950000007 1006.35 0.83146961230254512 22.500000000000004 272.73733998393732 1147.2705355000001 3.5000000000000004 117.50000000000001 907.54285715000015 848.99285715000008 5454.5000000000009
decision_type=2 2 2 2 2 2 2 2 2 2 2 2 2 2 2 2 2 2 2 2 2 2 2 2 2 2 2 2 2 2
left_child=1 3 -3 6 12 -5 7 8 9 -1 27 24 -4 -10 26 16 18 -18 19 29 21 -19 -22 -7 25 -12 -2 -8 -29 -16
right_child=14 2 4 5 -6 23 10 -9 13 -11 11 -13 -14 -15 15 -17 17 20 -20 -21 22 -23 -24 -25 -26 -27 -28 28 -30 -31
leaf_value=0.48317136500769653 -5.6477839349885288 1.5643706360550038 0.12669344855290235 0.74077864982129005 1.7920425628141772 -0.06337239440980072 -0.71578358516769836 1.5012097282115773 0.087396902553327882 -0.444858545352593 -0.50108615440082427 1.0714683136942138 -3.1667551120537469 -0.71270869272883663 -1.1204643563068364 -5.6043767104530264 -7.8592252679964059 -4.7526038997998503 -6.5785912281567276 2.6527998414355491 0.095262906583844981 0.24966242203803241 1.9162093152014519 2.3523000813010913 0.54404942386895738 0.15618976721700265 -0.10827139170635075 2.7049180435148132 -0.90525416623225274 -0.05639992356427162
leaf_weight=25 456 24 29 21 21 23 140 35 35 22 85 37 30 78 31 244 43 33 216 30 38 20 30 23 26 31 20 25 50 20
leaf_count=25 456 24 29 21 21 23 140 35 35 22 85 37 30 78 31 244 43 33 216 30 38 20 30 23 26 31 20 25 50 20
internal_value=-0.000928903 0.000828947 0.0045 0.000246951 0.00225 0.00416418 -0.000198642 0.00146154 0.000187499 0.00338298 -0.00102031 0.000351955 5.08467e-05 -0.00114159 -0.00206012 -0.00151064 -0.000722343 0.00120732 -0.00178788 0.00107407 0.00270248 -0.000169812 0.00494118 0.00156522 -0.000676057 -0.00144828 -0.00287395 -0.00216279 -0.001 -0.00182353
internal_weight=1941 760 104 656 80 67 589 195 160 47 394 179 59 113 1181 705 461 164 297 81 121 53 68 46 142 116 476 215 75 51
internal_count=1941 760 104 656 80 67 589 195 160 47 394 179 59 113 1181 705 461 164 297 81 121 53 68 46 142 116 476 215 75 51
is_linear=0
shrinkage=0.03


Tree=65
num_leaves=31
num_cat=0
split_feature=11 11 1 25 42 8 25 15 47 1 31 23 49 2 56 36 57 2 10 23 9 16 1 16 10 8 42 42 44 11
split_gain=4.13106 1.02936 2.2861 0.846945 0.724824 0.919817 0.793495 0.964483 1.26654 0.712511 0.694992 0.680272 0.579758 0.742571 1.22386 1.31715 1.31705 0.952747 0.493544 0.419425 0.714105 0.39072 0.41957 0.317647 0.293672 0.375417 0.213246 0.398396 0.386297 0.543478
threshold=-0.3520614488341256 -0.91037613702198739 5954.3125000000009 102.50000000000001 180.03303565000002 3.5000000000000004 941.00000000000011 59.500000000000007 20.500000000000004 3717.0625000000005 198.09285715000001 140.50000000000003 2.5000000000000004 5708.0000000000009 8.6500000000000004 609.95000000000016 294.50000000000006 18.017857145000004 0.16280825711809008 209.50000000000003 148.50000000000003 23.150000000000002 8494.3571430000029 25.250000000000004 0.5277851165098012 2.5000000000000004 -93.948214199999924 -156.0124999999999 29.750000000000004 -0.68322629814330815
decision_type=2 2 2 2 2 2 2 2 2 2 2 2 2 2 2 2 2 2 2 2 2 2 2 2 2 2 2 2 2 2
left_child=1 2 -1 -3 6 -6 7 -4 -9 10 -5 -12 13 14 24 16 17 -16 -10 21 -21 22 -11 -17 25 -2 27 -23 29 -28
right_child=12 3 4 9 5 -7 -8 8 18 19 11 -13 -14 -15 15 23 -18 -19 -20 20 -22 26 -24 -25 -26 -27 28 -29 -30 -31
leaf_value=1.8120670764368474 0.10322007436109086 0.11665952065855538 -0.14669137627990916 -0.083253313089367426 1.2516215878921562 1.125628285165734 1.3365090081063771 1.2789520502935299 -0.28301192938766506 0.34800591364595651 0.82129829838567625 0.15184749470810999 -4.9571709433685003 -7.2615558223552945 1.8587230357454065 0.15546253057239509 -0.89933126726146528 1.6519599531682405 0.35551013727907776 1.7154328477784153 -0.10269387756516575 -4.7958621310076301 -0.29136666623162172 -3.6236679885733536 -6.9848894763537359 -6.6038713150856552 -0.89899809909868311 0.080388850047230814 -1.1018480298656685 0.12832424619450325
leaf_weight=20 31 37 76 25 29 22 24 21 48 20 21 28 686 158 30 20 31 26 29 26 27 38 21 48 124 27 23 27 175 23
leaf_count=20 31 37 76 25 29 22 24 21 48 20 21 28 686 158 30 20 31 26 29 26 27 38 21 48 124 27 23 27 175 23
internal_value=-0.000975271 0.000749999 0.00224163 -6.72105e-05 0.00145783 0.00464706 0.000636363 -6.89662e-05 0.00189796 -0.000422908 0.00227027 0.00434694 -0.00208552 -0.00130303 -0.000507419 0.00145161 0.00389655 0.00664286 0.000116882 -0.000947369 0.0015283 -0.00134862 0.00139024 -0.00167647 -0.00217582 -0.000413794 -0.00174126 -0.00023077 -0.00218552 0.000260869
internal_weight=1941 760 269 491 249 51 198 174 98 454 74 49 1181 495 337 155 87 56 77 380 53 327 41 68 182 58 286 65 221 46
internal_count=1941 760 269 491 249 51 198 174 98 454 74 49 1181 495 337 155 87 56 77 380 53 327 41 68 182 58 286 65 221 46
is_linear=0
shrinkage=0.03


Tree=66
num_leaves=31
num_cat=0
split_feature=11 41 1 30 34 9 43 57 43 48 16 9 11 57 43 31 30 20 5 37 1 37 43 28 41 1 48 15 3 58
split_gain=4.38077 1.76111 1.95473 1.72958 1.44788 0.966551 0.934401 1.09411 0.854617 0.995559 0.637121 0.473418 1.55379 2.52832 0.459574 0.438707 0.428638 0.648649 0.381454 0.880909 1.05013 0.9 0.467849 0.369122 0.275238 0.273529 0.23021 0.351933 0.601058 0.263616
threshold=-0.58216583101416131 377.72117884077096 9881.2857145000016 509.62857145000004 745.88750000000016 151.50000000000003 360.88482145000006 236.50000000000003 161.49285714500004 52.000000000000007 23.950000000000003 141.50000000000003 0.77259657388510627 294.50000000000006 130.42767870000009 683.04464285000006 211.71250000000003 3.5000000000000004 22.500000000000004 843.57321430000013 9030.0625000000018 1007.7687500000001 -235.35624999999996 1006.5500000000001 306.08233714018155 4071.3392855000006 37.500000000000007 82.500000000000014 6612719.7855000012 1007.2500000000001
decision_type=2 2 2 2 2 2 2 2 2 2 2 2 2 2 2 2 2 2 2 2 2 2 2 2 2 2 2 2 2 2
left_child=1 3 -3 5 14 10 18 -8 11 25 -1 12 -2 -14 -4 -9 26 -18 22 24 21 -21 -5 -22 -20 -10 -13 28 -28 -29
right_child=8 2 4 6 -6 -7 7 15 9 -11 -12 16 13 -15 -16 -17 17 -19 19 20 23 -23 -24 -25 -26 -27 27 29 -30 -31
leaf_value=-0.39271141884662886 -3.2411701768403938 1.1568207252945111 1.0629175124363672 0.026506465979612186 1.4742393507625309 1.8292504907469498 0.77925978071765212 1.6435543330617832 0.047313406567308182 0.10564681290738921 0.3881719885930705 -5.1567400117345663 2.6839721125577438 -3.4070560770860272 -1.1993400384496444 -0.54591661059920127 -1.3049874386895939 0.018539235947765725 -0.67216062153618505 1.7917057587843948 -1.2001580257380358 0.6735301610256047 -0.46728417039028919 0.37019368688297777 0.96246173819032599 -1.2077878373066189 -1.1216614399532905 -5.6766486085253716 0.56563890547013296 -0.83019058596255546
leaf_weight=20 202 23 20 33 23 23 20 22 20 27 24 620 37 53 27 27 74 37 75 20 26 20 150 23 21 31 33 144 20 46
leaf_count=20 202 23 20 33 23 23 20 22 20 27 24 620 37 53 27 27 74 37 75 20 26 20 150 23 21 31 33 144 20 46
internal_value=-0.00086708 0.00127136 0.00506452 0.000571428 0.00257143 0.0050597 -0.000116706 0.00308696 -0.00181697 0.00123077 0.00245454 -0.00200474 -0.000945206 0.00233333 -0.000446809 0.000673469 -0.00232238 -0.000567568 -0.000717392 0.000243243 0.00239326 0.006 -0.00168853 -0.000551021 -0.00175 -0.00123529 -0.00254809 -0.00176543 0.000396226 -0.00236842
internal_weight=1941 597 93 504 70 67 437 69 1344 78 44 1266 292 90 47 49 974 111 368 185 89 40 183 49 96 51 863 243 53 190
internal_count=1941 597 93 504 70 67 437 69 1344 78 44 1266 292 90 47 49 974 111 368 185 89 40 183 49 96 51 863 243 53 190
is_linear=0
shrinkage=0.03


Tree=67
num_leaves=31
num_cat=0
split_feature=11 41 46 1 46 1 28 46 14 42 9 57 4 49 33 17 10 57 53 47 48 18 9 26 10 31 30 37 17 30
split_gain=3.80439 1.59151 2.13336 1.37155 1.75855 0.842522 1.12441 1.57981 2.11765 1.08425 0.65676 1.49286 1.58662 0.625 0.553846 0.459574 0.449393 0.413069 0.435421 0.986508 0.366866 0.57533 0.278861 0.94214 0.73828 0.238762 0.23523 0.521376 0.570532 0.264332
threshold=-0.290129255202841 371.04065667362403 23.150000000000002 9881.2857145000016 24.550000000000004 4659.0000000000009 1005.5500000000001 24.950000000000003 31.350000000000005 300.95625000000007 141.50000000000003 294.50000000000006 19.500000000000004 5.5000000000000009 843.57321430000013 33.500000000000007 0.5277851165098012 37.500000000000007 215.50000000000003 43.500000000000007 29.500000000000004 31.500000000000004 149.50000000000003 8.6500000000000004 0.41248606129204562 776.64642855000011 805.65625000000011 674.48214285000006 4.5000000000000009 509.62857145000004
decision_type=2 2 2 2 2 2 2 2 2 2 2 2 2 2 2 2 2 2 2 2 2 2 2 2 2 2 2 2 2 2
left_child=1 5 -3 -4 -5 6 14 8 -8 17 11 12 16 -14 -1 -9 -2 -7 26 -20 -12 -22 23 -23 -25 -21 29 28 -28 -19
right_child=10 2 3 4 -6 9 7 15 -10 -11 20 -13 13 -15 -16 -17 -18 18 19 25 21 22 -24 24 -26 -27 27 -29 -30 -31
leaf_value=-0.66550872355744539 0.070815080614880913 -0.6665479189616681 1.652656462320389 1.1167876764134359 -0.74946091339019338 0.84126978537964214 1.293201460507245 0.27064633604017635 0.01953949046896419 0.72146273584178133 -5.0912176924013357 -5.6393271710673352 3.1483082314586492 0.57447697361513683 0.054106803350618397 -3.3934482328321307 -7.0777392280651847 -0.055834369695441657 0.54527435318338302 0.49053028733927179 0.069130502354840223 -5.2807991381133235 -5.4060609348771385 -6.012590487439982 0.81693551253851093 -2.1969358447352563 -0.7204451384357452 -0.18170421681846655 1.652721154848072 -0.4430255931773881
leaf_weight=45 39 33 22 26 23 25 34 20 34 35 574 152 20 20 20 27 37 54 34 23 26 92 118 20 43 36 21 96 26 166
leaf_count=45 39 33 22 26 23 25 34 20 34 35 574 152 20 20 20 27 37 54 34 23 26 92 118 20 43 36 21 96 26 166
internal_value=-0.000836168 0.000749999 0.00421154 0.00714084 0.00434694 0.000232758 0.002 0.00378261 0.00670588 -0.000383722 -0.00194829 -0.000649254 0.00191379 0.00675 -0.00115385 -0.000446809 -0.00063158 -0.000754678 -0.000960527 0.000870967 -0.00234708 -0.00149498 -0.0019011 -0.00106452 0.0017619 -0.00147458 -0.00142975 -0.000482518 0.00210638 -0.00204546
internal_weight=1941 800 104 71 49 696 180 115 68 516 1141 268 116 40 65 47 76 481 456 93 873 299 273 155 63 59 363 143 47 220
internal_count=1941 800 104 71 49 696 180 115 68 516 1141 268 116 40 65 47 76 481 456 93 873 299 273 155 63 59 363 143 47 220
is_linear=0
shrinkage=0.03


Tree=68
num_leaves=31
num_cat=0
split_feature=23 32 26 1 40 40 1 1 49 36 51 37 49 2 15 40 16 18 56 28 28 46 8 8 27 45 33 31 32 30
split_gain=2.95506 1.49615 1.31153 0.883735 1.45946 1.57143 0.817873 0.687356 1.08764 0.646751 0.612462 0.5227 0.513544 0.752821 0.661143 0.611377 1.29959 1.27781 0.897011 0.556025 0.318421 1.02932 0.304375 0.612377 0.272769 0.253378 0.248871 0.17638 0.173279 0.221849
threshold=126.50000000000001 174.48571430000004 23.200000000000003 11896.000000000002 742.78906250708349 583.395746511021 7203.0625000000009 5081.9285715000015 9.5000000000000018 344.61875000000003 928.50000000000011 651.56428570000014 11.500000000000002 7018.5000000000009 82.500000000000014 54.842745539791657 24.650000000000002 33.500000000000007 10.950000000000001 1005.0500000000001 1008.2500000000001 24.250000000000004 2.5000000000000004 1.5000000000000002 307.50000000000006 79.500000000000014 1230.1714290000002 421.1107143000001 980.58125000000007 902.08125000000007
decision_type=2 2 2 2 2 2 2 2 2 2 2 2 2 2 2 2 2 2 2 2 2 2 2 2 2 2 2 2 2 2
left_child=6 -2 3 7 5 -5 12 8 11 10 20 -3 13 14 15 16 25 -18 -19 -17 24 -22 23 -16 26 -1 28 -14 -9 -30
right_child=1 2 -4 4 -6 -7 -8 9 -10 -11 -12 -13 27 -15 22 19 17 18 -20 -21 21 -23 -24 -25 -26 -27 -28 -29 29 -31
leaf_value=-1.3719701019059756 0.60562783859315539 -1.1501450356120071 0.86856001182568487 0.37676162649337475 -1.4913034281131792 2.1340409718888389 2.1427963044009326 -0.74821817364920251 0.81581057756236663 1.4121136217309478 0.58131520017665506 0.1366544608889575 -4.9384811616292961 -5.400058662173171 -3.0934489293565735 0.052802889815552354 1.8736568583028497 -1.6247674977884652 0.12131704238093824 -4.0961956176495331 1.4662917976813681 -0.043042559569479215 -4.9672037774860902 1.6718057466366456 0.37685835681112856 0.088546063194253788 -0.027686886246501039 -0.0019229097599566768 0.00021525199911229365 -0.73683311646058047
leaf_weight=50 21 35 28 28 24 22 22 190 37 35 31 27 481 219 82 32 24 40 33 79 20 56 135 32 21 24 25 20 35 33
leaf_count=50 21 35 28 28 24 22 22 190 37 35 31 27 481 219 82 32 24 40 33 79 20 56 135 32 21 24 25 20 35 33
internal_value=-0.00106801 0.000547903 0.000292117 4.84581e-06 0.00308108 0.006 -0.00191595 -0.000412845 0.00184848 -0.000914799 -0.00124818 -0.000580646 -0.00201679 -0.00152 -0.000909605 8.51057e-05 0.00121053 0.00349484 0.00152055 -0.00164865 -0.00157895 0.000157894 -0.00203615 -0.000894738 -0.00201316 -0.00178378 -0.00225795 -0.00276048 -0.00253488 -0.00123529
internal_weight=1941 668 647 619 74 50 1273 545 99 446 411 62 1251 750 531 282 171 97 73 111 380 76 249 114 304 74 283 501 258 68
internal_count=1941 668 647 619 74 50 1273 545 99 446 411 62 1251 750 531 282 171 97 73 111 380 76 249 114 304 74 283 501 258 68
is_linear=0
shrinkage=0.03


Tree=69
num_leaves=31
num_cat=0
split_feature=1 41 57 22 48 9 34 9 57 8 53 1 56 8 42 6 10 6 9 8 37 37 56 32 5 5 10 27 17 32
split_gain=3.45963 1.30333 1.79263 1.4092 0.866663 2.06939 0.928254 0.775877 1.40702 1.63308 0.649454 1.47738 0.595238 0.537084 0.518273 0.413778 0.961728 1.69031 0.386358 0.426823 0.81043 0.506421 0.660445 0.664866 0.363636 0.302547 0.301724 0.254853 0.235539 0.210989
threshold=1215.7500000000002 365.34976399814411 263.50000000000006 751.50000000000011 45.500000000000007 145.50000000000003 977.2491071500001 141.50000000000003 294.50000000000006 1.5000000000000002 215.50000000000003 5954.3125000000009 13.350000000000003 3.5000000000000004 300.95625000000007 26.500000000000004 0.29012925520284133 28.500000000000004 141.50000000000003 5.5000000000000009 455.96785715000004 336.70000000000005 13.750000000000002 59.192857145000012 22.500000000000004 22.500000000000004 0.5277851165098012 295.50000000000006 46.500000000000007 991.58571430000018
decision_type=2 2 2 2 2 2 2 2 2 2 2 2 2 2 2 2 2 2 2 2 2 2 2 2 2 2 2 2 2 2
left_child=7 4 -3 29 10 12 -7 8 9 25 14 -12 -6 -13 18 -9 -17 24 -2 21 -21 22 23 -20 -18 -1 -11 -22 -24 -4
right_child=1 2 3 -5 5 6 -8 15 -10 26 11 13 -14 -15 -16 16 17 -19 19 20 27 -23 28 -25 -26 -27 -28 -29 -30 -31
leaf_value=0.50896462454486235 -3.0747008426423168 1.5056457644598951 0.0034252016574288545 1.5015011058078567 1.1166843630609393 -0.48495637098836741 2.1098938388704105 -4.8740421226648616 -6.8782548508581867 0.090032131405484481 1.1112390989459011 -0.88658018874795286 0.03760759214815735 0.019155495945685008 1.398723665864765 -6.1222588552935999 0.80552069199328002 -6.417920781035737 -0.21868920963679686 -1.7835773629968956 1.2541157424304019 -0.23217594919441922 -2.5150236788475535 0.74060673078542572 2.1014898671056148 3.1411152646600238 -7.4226612483901659 0.022412311226584845 0.10770045324909337 -3.1185001793498945
leaf_weight=22 104 31 35 27 21 76 22 578 142 29 24 35 21 34 23 141 22 47 21 23 23 222 48 20 22 23 35 20 20 30
leaf_count=22 104 31 35 27 21 76 22 578 142 29 24 35 21 34 23 141 22 47 21 23 23 222 48 20 22 23 35 20 20 30
internal_value=-0.000913447 0.000477272 0.00334146 0.00123913 1.18883e-05 0.00214286 -0.000244899 -0.00206692 -0.000609562 0.00195413 -0.000471638 0.00183871 0.00771428 -0.000391305 -0.00088168 -0.00251852 -0.00144828 0.000956043 -0.00108383 -0.000657431 0.00154545 -0.00109668 0.000577981 0.00358537 0.00518182 0.00633333 -0.001125 0.00397674 -0.00123529 -0.00115385
internal_weight=1941 880 123 92 757 140 98 1061 251 109 617 93 42 69 524 810 232 91 501 397 66 331 109 41 44 45 64 43 68 65
internal_count=1941 880 123 92 757 140 98 1061 251 109 617 93 42 69 524 810 232 91 501 397 66 331 109 41 44 45 64 43 68 65
is_linear=0
shrinkage=0.03


Tree=70
num_leaves=31
num_cat=0
split_feature=1 53 1 51 26 16 22 58 19 6 1 58 43 9 57 10 37 43 39 19 14 30 30 26 47 6 40 6 2 42
split_gain=3.48914 0.901123 2.26645 0.95081 1.06147 0.723164 0.59893 0.636967 1.23792 1.83488 1.60494 0.947694 0.598647 0.536524 1.103 1.18137 1.48221 0.489815 0.435772 0.41502 0.446827 0.388018 0.414735 0.564404 0.3663 0.345504 0.822893 1.34444 0.299172 0.258511
threshold=1215.7500000000002 215.50000000000003 5905.2767855000011 565.00000000000011 14.750000000000002 23.950000000000003 3.5000000000000004 1005.6500000000002 11.500000000000002 24.500000000000004 3803.0714285000008 1006.85 110.22857139999998 141.50000000000003 292.50000000000006 0.5277851165098012 51.664285715000005 335.93303570000006 826.81361607500014 3.5000000000000004 31.950000000000003 1150.1142860000002 271.42857145000005 17.650000000000002 71.500000000000014 26.500000000000004 1.0000000180025095e-35 29.500000000000004 5497.4285715000015 -12.044642850000001
decision_type=2 2 2 2 2 2 2 2 2 2 2 2 2 2 2 2 2 2 2 2 2 2 2 2 2 2 2 2 2 2
left_child=13 6 -3 -4 -5 -6 18 19 9 10 -9 29 -13 14 15 16 28 -14 -2 -8 24 22 -11 -24 -21 -15 27 -27 -1 -12
right_child=1 2 3 4 5 -7 7 8 -10 21 11 12 17 25 -16 -17 -18 -19 -20 20 -22 -23 23 -25 -26 26 -28 -29 -30 -31
leaf_value=1.8507795447355546 1.3111285040944778 1.6305669713938353 -1.0652674909299005 1.0940341578294035 -1.8989262831595539 0.22036585916769996 -5.5387448186391568 0.29419522887912097 -1.1321792869344491 0.047136988580535638 0.15368181067584064 1.052219811633653 0.0085447520630032772 -4.7278208589849164 -3.6789249238923749 -7.1999814109384612 -4.1286430966942307 1.0199578965438238 0.60294663008628901 -2.5134621174127534 0.050464582022159636 1.222340051899186 -0.75287732097836624 0.12697586474190106 0.14288856668980809 1.9068819675615412 -5.839591028758413 -6.232901057568883 2.6286276021672235 -1.0111026802280239
leaf_weight=21 23 27 41 34 32 27 105 24 82 29 20 24 30 578 150 35 20 24 26 52 24 26 134 30 39 45 142 45 25 27
leaf_count=21 23 27 41 34 32 27 105 24 82 29 20 24 30 578 150 35 20 24 26 52 24 26 134 30 39 45 142 45 25 27
internal_value=-0.00102164 0.000374999 0.00240373 0.000805969 0.00248387 5.08467e-05 -7.92775e-05 -0.000313434 0.000333333 0.00107609 0.00364429 0.00228 0.00430769 -0.00218002 -0.000968128 0.00145544 0.00381818 0.00255555 0.00312245 -0.00163636 -0.000391305 -0.000671234 -0.00113472 -0.00171951 -0.00135165 -0.00255556 -0.00157759 0.000666666 0.00678261 -0.00108511
internal_weight=1941 880 161 134 93 59 719 670 450 368 149 125 78 1061 251 101 66 54 49 220 115 219 193 164 91 810 232 90 46 47
internal_count=1941 880 161 134 93 59 719 670 450 368 149 125 78 1061 251 101 66 54 49 220 115 219 193 164 91 810 232 90 46 47
is_linear=0
shrinkage=0.03


Tree=71
num_leaves=31
num_cat=0
split_feature=11 56 1 11 1 1 17 15 41 39 41 9 57 11 57 27 43 47 43 28 21 3 6 44 6 10 48 48 32 3
split_gain=3.42816 1.72053 2.06231 0.958972 1.09504 0.909831 0.964142 0.768837 1.38717 1.06293 0.779459 0.6118 1.0431 1.31789 0.80303 0.606647 0.521739 0.612813 0.354772 0.350148 1.39547 0.34 0.249903 0.602292 0.493487 0.935924 0.238757 0.172028 0.156522 0.146667
threshold=-0.84874750804349197 19.150000000000002 9110.1339285000013 -0.19509032201612839 3717.0625000000005 2676.3571430000006 74.500000000000014 59.500000000000007 371.04065667362403 989.19564738750012 294.98287626897502 141.50000000000003 294.50000000000006 0.77259657388510627 284.50000000000006 292.50000000000006 156.30000000000004 10.500000000000002 43.635714299999982 1007.0500000000001 524.00000000000011 6327947.7855000012 26.500000000000004 28.650000000000002 29.500000000000004 0.29012925520284133 65.000000000000014 50.500000000000007 1184.6642860000004 6327947.7855000012
decision_type=2 2 2 2 2 2 2 2 2 2 2 2 2 2 2 2 2 2 2 2 2 2 2 2 2 2 2 2 2 2
left_child=1 7 -3 4 5 6 29 16 10 -10 -9 12 13 14 -5 -7 28 -18 22 26 21 -21 -13 24 25 -24 -6 -14 -1 -2
right_child=3 2 -4 11 19 15 -8 8 9 -11 -12 18 27 -15 -16 -17 17 -19 -20 20 -22 -23 23 -25 -26 -27 -28 -29 -30 -31
leaf_value=-0.1628946191660921 -0.80032459006375289 1.6281070518771266 0.024456004666280191 -6.9464588247190964 -0.98490202241422664 0.047732937004501527 0.43768783989221671 1.2297671663575191 0.96060615207044309 1.0646416536004721 -0.53811405464575379 -4.6886973871441917 -7.6568806249157921 2.3903918976225538 0.30990260073311371 0.29244985569843573 1.6185936560900873 -0.3111226622483419 0.16370601382866126 0.0035044697875672428 1.5723065930638247 -0.18574033369707521 -2.459248349246451 -6.118098095301491 -6.027119224399426 2.1778013572045052 -0.015745540001220009 -2.3102565698122444 -0.62430019776308077 -2.5149782682163182
leaf_weight=72 20 34 38 53 189 39 29 39 28 21 53 573 123 37 22 29 22 24 21 32 22 68 22 146 29 34 27 20 20 55
leaf_count=72 20 34 38 53 189 39 29 39 28 21 53 573 123 37 22 29 22 24 21 32 22 68 22 146 29 34 27 20 20 55
internal_value=-0.00106801 0.00161538 0.00575 -0.00166038 -0.000588236 0.00136046 -0.000403847 0.000548386 0.00210638 0.00618367 -6.52181e-05 -0.00216667 -0.000882354 0.00128571 -0.001 0.00405882 -0.00104348 0.00156522 -0.00256364 -0.00157988 -0.000295083 -0.0018 -0.00266418 -0.00183117 0.00017647 0.00182143 -0.00230556 -0.00258042 -0.00234783 -0.0022
internal_weight=1941 351 72 1590 510 172 104 279 141 49 92 1080 255 112 75 68 138 46 825 338 122 100 804 231 85 56 216 143 92 75
internal_count=1941 351 72 1590 510 172 104 279 141 49 92 1080 255 112 75 68 138 46 825 338 122 100 804 231 85 56 216 143 92 75
is_linear=0
shrinkage=0.03


Tree=72
num_leaves=31
num_cat=0
split_feature=1 41 57 24 3 26 18 8 53 1 12 27 2 27 3 26 40 5 2 15 47 3 18 43 8 57 3 14 1 57
split_gain=3.20017 1.24116 1.55501 0.969697 0.946077 2.06585 1.06669 0.75 0.667346 1.26923 0.489915 0.683355 0.858123 1.48387 1.00928 0.640152 0.581055 0.427664 0.41133 0.319677 0.394011 0.30322 0.384475 0.383394 0.2342 0.440559 0.519697 0.32391 0.2702 0.145782
threshold=1215.7500000000002 367.07584504266839 263.50000000000006 768.10000000000002 6346132.7145000007 22.150000000000002 34.500000000000007 1.5000000000000002 177.00000000000003 8232.2678570000007 0.53946920585801694 302.50000000000006 7031.0714285000004 269.50000000000006 6297804.0000000009 7.8500000000000005 177.24192708206252 22.500000000000004 7265.2857145000007 80.500000000000014 37.500000000000007 7673880.6430000011 65.000000000000014 1.0000000180025095e-35 3.5000000000000004 265.50000000000006 6435970.4285000013 32.850000000000001 10812.785715000002 312.50000000000006
decision_type=2 2 2 2 2 2 2 2 2 2 2 2 2 2 2 2 2 2 2 2 2 2 2 2 2 2 2 2 2 2
left_child=10 4 -3 17 5 6 8 -8 18 -10 -1 12 13 19 -15 -16 -17 -4 29 20 -12 22 24 -24 28 26 -26 -27 -6 -2
right_child=1 2 3 -5 21 -7 7 -9 9 -11 11 -13 -14 14 15 16 -18 -19 -20 -21 -22 -23 23 -25 25 27 -28 -29 -30 -31
leaf_value=-4.7190299830535807 -0.27358917131574195 1.4117952375113496 0.040311483929175579 1.5196113830562139 -0.68233583827121502 0.47685284544592682 -0.0080582101963355794 0.95023259262080917 0.68644670277827724 -0.02705281410073054 -8.1760060370823027 -4.6014025143399087 -7.0591178751657244 -0.35660928848839929 -2.363813700311717 2.8938896175965141 0.22393203417926399 -1.7364066840559611 0.072274050491078712 -3.4963400253342889 0.29723865189210347 0.11335731879185112 2.2521566470467991 -0.059578774911127654 -1.3771609949005452 -0.20301854540082975 0.17577018305399464 0.064081973972964099 0.20717186717844988 -1.0770013639409404
leaf_weight=423 89 30 31 22 191 20 24 24 27 39 20 228 127 32 22 38 28 35 25 116 27 22 20 38 20 118 22 38 23 22
leaf_count=423 89 30 31 22 191 20 24 24 27 39 20 228 127 32 22 38 28 35 25 116 27 22 20 38 20 118 22 38 23 22
internal_value=-0.00109892 0.000238636 0.00310169 0.00109091 -0.000204725 0.00122222 0.000479999 0.0045 -0.000475248 0.002 -0.00220829 -0.00168339 -0.00095122 -3.18028e-05 0.0025 0.00415909 0.00563636 -0.000727273 -0.00167647 -0.00189571 0.000191489 -0.000987806 -0.00114894 0.00113793 -0.00147087 -0.000727273 0.002 -0.00146154 -0.00215888 -0.00245946
internal_weight=1941 880 118 88 762 270 250 48 202 66 1061 638 410 283 120 88 66 66 136 163 47 492 470 58 412 198 42 156 214 111
internal_count=1941 880 118 88 762 270 250 48 202 66 1061 638 410 283 120 88 66 66 136 163 47 492 470 58 412 198 42 156 214 111
is_linear=0
shrinkage=0.03


Tree=73
num_leaves=31
num_cat=0
split_feature=11 41 57 27 1 1 17 42 3 9 27 47 56 56 6 49 46 17 1 11 56 3 23 23 34 51 37 6 37 58
split_gain=3.30272 1.62532 1.2751 1.11501 0.774959 1.37206 1.19364 0.761957 0.677352 0.639449 0.879873 0.912792 1.21211 0.820039 0.796502 0.731301 0.605496 0.825742 0.819305 0.584046 0.520608 0.546104 0.412926 0.32967 0.327228 0.3093 0.266327 0.185338 0.337898 0.874084
threshold=-0.19509032201612839 367.07584504266839 263.50000000000006 285.50000000000006 3717.0625000000005 3466.4732145000003 74.500000000000014 300.95625000000007 6406834.1430000011 149.50000000000003 302.50000000000006 12.500000000000002 7.0000000000000009 13.050000000000002 19.500000000000004 1.0000000180025095e-35 23.350000000000005 34.500000000000007 8494.3571430000029 -0.47114434510950048 8.9500000000000011 6370377.6250000009 291.00000000000006 62.500000000000007 1160.0785715000004 889.00000000000011 376.30446430000006 24.500000000000004 754.72142855000004 1006.0500000000001
decision_type=2 2 2 2 2 2 2 2 2 2 2 2 2 2 2 2 2 2 2 2 2 2 2 2 2 2 2 2 2 2
left_child=1 4 -3 26 5 6 19 16 -8 10 11 14 -13 15 -2 20 17 25 -19 -1 -14 -22 24 -21 27 -6 -4 28 -18 -30
right_child=9 2 3 -5 7 -7 8 -9 -10 -11 -12 12 13 -15 -16 -17 22 18 -20 23 21 -23 -24 -25 -26 -27 -28 -29 29 -31
leaf_value=0.054689765700202127 0.87256929933234983 1.3694413803860093 0.97604063655520401 0.17174916691593414 0.0057880293315760063 1.0804870880489992 0.6536391841983541 0.49105095839545343 0.01082000731163286 -4.5774590835619735 -4.4847072146964004 -2.4302691750265124 -1.4895000060915793 -2.9310317672050616 -7.1184313416652545 0.53428707227544558 -0.21902390249551817 2.0601966659740043 1.5519081926921015 0.015531487851312581 0.086928947392495987 2.253368523629065 1.1474561650502795 -2.2319840079793587 0.06022252445525212 -0.25007593889981017 -4.9570086649137197 -0.71027808783001878 -0.42047480041702734 0.4800339809717753
leaf_weight=24 37 30 20 38 29 20 20 37 21 435 230 69 24 31 167 32 148 21 26 21 35 20 31 70 39 37 29 121 41 38
leaf_count=24 37 30 20 38 29 20 20 37 21 435 230 69 24 31 167 32 148 21 26 21 35 20 31 70 39 37 29 121 41 38
internal_value=-0.00100618 0.00037979 0.00366667 0.00182759 -0.000137097 0.00160227 0.000653845 -0.000676057 0.00504878 -0.00211111 -0.00151163 -0.000686748 0.000696682 0.00228169 -0.00211765 0.00348649 -0.000966102 0.0009823 0.00402128 -0.000913044 0.00193671 0.00354545 -0.00149282 -0.00201099 -0.00175969 -0.00118182 -0.00116327 -0.00205172 -0.00154626 3.7974e-05
internal_weight=1941 861 117 87 744 176 156 568 41 1080 645 415 211 142 204 111 531 113 47 115 79 55 418 91 387 66 49 348 227 79
internal_count=1941 861 117 87 744 176 156 568 41 1080 645 415 211 142 204 111 531 113 47 115 79 55 418 91 387 66 49 348 227 79
is_linear=0
shrinkage=0.03


Tree=74
num_leaves=31
num_cat=0
split_feature=11 1 41 15 46 18 11 1 23 22 28 9 57 11 57 42 22 8 11 30 42 6 10 6 18 53 28 43 2 27
split_gain=3.21325 1.41288 1.25942 1.1364 1.25662 0.886364 0.825026 0.793356 0.822073 0.754385 0.678802 0.672387 1.19264 1.64487 0.80303 0.671797 0.636393 0.397866 0.597267 0.519317 0.369375 0.306811 0.705329 1.13636 0.363636 0.252701 0.639842 0.564706 0.306879 0.261826
threshold=-0.84874750804349197 5954.3125000000009 377.72117884077096 59.500000000000007 24.550000000000004 1.5000000000000002 -0.19509032201612839 3717.0625000000005 126.50000000000001 132.50000000000003 1007.2500000000001 141.50000000000003 294.50000000000006 0.77259657388510627 284.50000000000006 300.95625000000007 3.5000000000000004 3.5000000000000004 -0.95642797789208678 848.99285715000008 29.003571425000004 26.500000000000004 0.29012925520284133 28.500000000000004 43.500000000000007 151.50000000000003 1007.0500000000001 245.20982145000002 6955.2142855000011 239.50000000000003
decision_type=2 2 2 2 2 2 2 2 2 2 2 2 2 2 2 2 2 2 2 2 2 2 2 2 2 2 2 2 2 2
left_child=1 -1 15 5 -5 -4 7 8 10 -10 -2 12 13 14 -8 16 -3 -18 -19 -20 21 -13 -23 24 -24 29 28 -28 -27 -9
right_child=6 2 3 4 -6 -7 11 25 9 -11 -12 20 -14 -15 -16 -17 17 18 19 -21 -22 22 23 -25 -26 26 27 -29 -30 -31
leaf_value=1.4499361426343835 -1.4629223069873878 3.0677928510333379 1.1573115722376945 0.93783689778374169 0.054928461082783313 -4.0847976472669325 -6.560266783966699 -0.00057447709705363552 0.54651397016608028 0.003863989177980112 0.073604120621858365 -4.2051479820322673 -6.1328300559795919 2.2143322226441557 0.27684409775518454 1.2842547172978152 -0.688974546118169 -0.13184913653766059 -0.025198315883608699 0.44570456311366941 0.030848176781821248 -5.2450308418351712 1.836753734359365 -5.5730494353701232 0.029387679095766141 -1.8653719970792193 0.8848696980766706 -0.0078177122628177182 -0.013246145759552954 -1.011627237672075
leaf_weight=31 74 21 22 21 22 26 53 28 25 37 36 573 143 37 22 24 97 34 21 32 20 144 22 44 22 100 20 34 33 123
leaf_count=31 74 21 22 21 22 26 53 28 25 37 36 573 143 37 22 24 97 34 21 32 20 144 22 44 22 100 20 34 33 123
internal_value=-0.00106801 0.00152991 0.000937499 0.00392308 0.00746512 0.000749999 -0.00164151 -0.00064706 0.00101163 0.00377419 -0.000545455 -0.00211111 -0.000764707 0.00155357 -0.001 -0.000248909 -0.000804879 -0.00136957 0.000103448 0.00209434 -0.00252727 -0.00262733 -0.0017069 0.00040909 0.00381818 -0.00149112 -0.000754011 0.002 -0.00187218 -0.00240397
internal_weight=1941 351 320 91 43 48 1590 510 172 62 110 1080 255 112 75 229 205 184 87 53 825 805 232 88 44 338 187 54 133 151
internal_count=1941 351 320 91 43 48 1590 510 172 62 110 1080 255 112 75 229 205 184 87 53 825 805 232 88 44 338 187 54 133 151
is_linear=0
shrinkage=0.03


Tree=75
num_leaves=31
num_cat=0
split_feature=30 41 16 51 18 48 18 29 33 26 53 54 27 9 27 47 56 9 56 5 18 30 39 1 16 4 45 37 35 37
split_gain=3.41607 1.32044 1.54692 1.23554 1.02083 0.910199 1.48072 2.83393 0.853175 0.692112 1.00152 0.787091 0.723278 0.555381 0.782878 0.686061 1.07838 0.792068 0.731052 0.661541 0.689954 0.441112 0.714099 0.445588 0.633693 0.481733 0.473485 0.439234 0.747036 0.413547
threshold=136.00714285000001 367.07584504266839 23.350000000000005 579.50000000000011 3.5000000000000004 54.500000000000007 68.000000000000014 1.0000000180025095e-35 889.74196430000018 19.150000000000002 222.00000000000003 715.25000000000011 33.000000000000007 149.50000000000003 302.50000000000006 12.500000000000002 8.6500000000000004 140.50000000000003 13.050000000000002 22.500000000000004 40.500000000000007 882.94642855000006 762.08091519375023 4209.9732145000007 23.650000000000002 15.500000000000002 77.500000000000014 654.85714285000006 942.17857140000012 485.12589285000007
decision_type=2 2 2 2 2 2 2 2 2 2 2 2 2 2 2 2 2 2 2 2 2 2 2 2 2 2 2 2 2 2
left_child=13 5 29 -4 -5 9 7 -7 -8 12 11 27 -2 14 15 17 -17 -1 19 -18 -21 23 -23 24 -14 26 -26 28 -11 -3
right_child=1 2 3 4 -6 6 8 -9 -10 10 -12 -13 21 -15 -16 16 18 -19 -20 20 -22 22 -24 -25 25 -27 -28 -29 -30 -31
leaf_value=0.81483708980983793 0.088998161970332376 0.76448077879700715 0.014487640808307346 0.28619474176001525 0.9901953964297997 1.0068517394941283 -0.21776654466782533 -0.12943984309545761 2.0447607223614459 0.031810379340209909 0.39638140657481996 0.19518577430441708 1.4477111740756063 -4.313980871594147 -4.0666086852100669 -1.0121686038232685 0.35426253071819802 -6.651577852898594 -2.0090426136427988 3.0260764150892085 0.26815712051675367 1.4929407969883512 -0.18103316336985997 -0.50941405208617752 0.46749243273091873 -3.0592855926477358 -2.4763396454076934 -0.165254022113031 -0.97123096496664629 -0.52125141087264193
leaf_weight=37 20 22 20 24 24 20 43 28 20 23 20 33 20 430 233 104 43 162 27 20 21 22 85 232 20 63 24 51 21 29
leaf_count=37 20 22 20 24 24 20 43 28 20 23 20 33 20 430 233 104 43 162 27 20 21 22 85 232 20 63 24 51 21 29
internal_value=-0.00103709 0.000368055 0.00330252 0.00626471 0.008875 -0.000100672 0.0024054 0.006375 -0.000619048 -0.000539433 0.00125676 0.000281249 -0.00108642 -0.00216435 -0.00160897 -0.000826088 0.000348836 -0.00209548 0.0024054 0.00378571 0.00651219 -0.00132618 0.000364485 -0.00183008 -0.000401576 -0.00131776 0.00109091 -0.00110526 0.00109091 -0.00064706
internal_weight=1941 864 119 68 48 745 111 48 63 634 148 128 486 1077 647 414 215 199 111 84 41 466 107 359 127 107 44 95 44 51
internal_count=1941 864 119 68 48 745 111 48 63 634 148 128 486 1077 647 414 215 199 111 84 41 466 107 359 127 107 44 95 44 51
is_linear=0
shrinkage=0.03


Tree=76
num_leaves=31
num_cat=0
split_feature=11 37 46 31 43 41 27 22 30 48 36 8 46 3 11 9 57 11 45 41 49 47 46 8 2 6 40 6 58 41
split_gain=3.03129 1.25543 1.36369 1.03379 0.839223 0.876783 0.819048 0.697028 0.636064 1.08943 0.889902 0.604691 0.73194 0.6759 0.45501 0.556831 0.858145 1.26342 0.550952 1.14901 0.723568 0.62572 0.529412 0.327894 0.259259 0.257494 0.538393 0.9 0.36 0.201769
threshold=-0.58216583101416131 958.43928570000014 23.850000000000005 822.28571425000007 139.09107145000004 368.61601716782167 290.50000000000006 3.5000000000000004 522.16250000000014 17.500000000000004 344.61875000000003 3.5000000000000004 23.950000000000003 6372175.5000000009 -0.097964660725097338 141.50000000000003 302.50000000000006 0.77259657388510627 70.500000000000014 234.85851218711937 11.500000000000002 29.500000000000004 25.050000000000004 1.5000000000000002 5306.3571430000011 26.500000000000004 1.0000000180025095e-35 29.500000000000004 1007.2500000000001 316.62072752822831
decision_type=2 2 2 2 2 2 2 2 2 2 2 2 2 2 2 2 2 2 2 2 2 2 2 2 2 2 2 2 2 2
left_child=1 7 6 -4 5 -5 -3 -1 9 -9 11 -10 13 -13 18 16 17 23 29 20 21 -20 -23 -16 -19 -17 27 28 -27 -2
right_child=14 2 3 4 -6 -7 -8 8 10 -11 -12 12 -14 -15 15 25 -18 24 19 -21 -22 22 -24 -25 -26 26 -28 -29 -30 -31
leaf_value=1.7452422226282243 -1.2820479566672842 -0.75558844564057437 1.6095259917096978 0.022433697650381605 -0.68368511685280553 0.99498681935926425 0.55639678943253235 -0.093786472958770212 -1.0038664787965523 0.49285045399773597 1.1304798495308481 0.68108013509890231 -0.037935647584541245 -0.018041960083195772 0.11994981039760233 -4.1356636355793928 -7.4055745451702935 0.37505430721557176 0.18858926691567773 0.08188049294036831 -2.5290302010308316 0.019343302449905467 -3.1859728459213112 -8.1551707007875667 2.8737709298895937 0.0049707586507251765 -5.4770740291954834 -5.2895948679024389 2.2344866944062676 -0.24541269917603095
leaf_weight=23 109 43 31 26 23 21 27 32 162 23 38 27 86 35 31 554 107 27 21 22 72 34 34 54 21 25 134 45 20 34
leaf_count=23 109 43 31 26 23 21 27 32 162 23 38 27 86 35 31 554 107 27 21 22 72 34 34 54 21 25 134 45 20 34
internal_value=-0.00116074 0.00061809 0.00278947 0.0050198 0.003 0.00529787 -0.000428572 -0.000253522 -0.000543425 0.00245454 -0.00101724 -0.00154839 -0.000162163 0.00232258 -0.00195089 -0.00226326 -0.001 0.000609022 -0.000975461 0.000114753 -0.000763976 0.00104494 -0.000352942 -0.00158824 0.0045 -0.00265296 -0.00179464 -7.15256e-10 0.003 -0.00237063
internal_weight=1941 597 171 101 70 47 70 426 403 55 348 310 148 62 1344 1018 240 133 326 183 161 89 68 85 48 778 224 90 45 143
internal_count=1941 597 171 101 70 47 70 426 403 55 348 310 148 62 1344 1018 240 133 326 183 161 89 68 85 48 778 224 90 45 143
is_linear=0
shrinkage=0.03


Tree=77
num_leaves=31
num_cat=0
split_feature=11 37 46 1 40 39 1 1 17 38 36 37 8 9 57 6 10 48 8 36 57 8 47 37 1 17 32 6 37 33
split_gain=3.23762 1.90548 1.02377 1.18275 0.88937 1.56136 0.614918 1.21669 0.886217 1.50307 0.746506 0.543099 0.414343 0.790227 1.16959 0.486688 0.957118 0.329169 0.478139 0.317647 0.306763 0.336844 0.689855 0.317297 0.445157 0.280189 0.275597 0.408333 0.321111 0.117596
threshold=-0.16280825711808986 958.43928570000014 23.850000000000005 7831.9821430000011 750.9202752952084 960.54174112500016 3717.0625000000005 3425.1428570000003 74.500000000000014 163.1129464250001 344.61875000000003 1031.6000000000001 2.5000000000000004 140.50000000000003 292.50000000000006 26.500000000000004 0.29012925520284133 63.500000000000007 2.5000000000000004 742.5562500000002 39.500000000000007 5.5000000000000009 25.500000000000004 843.57321430000013 9225.4821430000029 18.500000000000004 211.71250000000003 21.500000000000004 177.95714285000003 582.78750000000002
decision_type=2 2 2 2 2 2 2 2 2 2 2 2 2 2 2 2 2 2 2 2 2 2 2 2 2 2 2 2 2 2
left_child=1 6 11 -4 5 -5 7 8 26 -10 17 -3 13 14 -2 -15 -17 20 -19 -16 -8 23 -23 -22 -25 -13 27 -1 -29 -12
right_child=12 2 3 4 -6 -7 10 -9 9 -11 29 25 -14 15 19 16 -18 18 -20 -21 21 22 -24 24 -26 -27 -28 28 -30 -31
leaf_value=-2.6043177896582148 2.3781834370655903 0.036978538650736158 1.5612402160527621 0.23237283395740621 -0.65884590626151174 0.94213902489691859 0.53567496447884799 0.83706219626850065 -0.89780816634342386 0.64294730807191136 1.0172489591522766 -0.59051802602420611 -4.0243168450464717 -3.7867868649264023 -1.499728565500033 -2.958606013164137 1.8792753853946853 -0.27957011538444032 0.51546152999298911 0.1066125677325494 -0.77840943941563667 0.040336807826209402 -1.3225024592814456 0.12298420024056851 -1.8055677273616113 0.33617918283554687 -2.1155883228044399 -0.15190297716943965 0.036183663742263956 0.79733905475335021
leaf_weight=27 38 20 21 35 23 23 27 23 23 22 20 33 587 313 48 31 22 28 27 20 274 35 34 27 25 20 49 25 20 21
leaf_count=27 38 20 21 35 23 23 27 23 23 22 20 33 587 313 48 31 22 28 27 20 274 35 34 27 25 20 49 25 20 21
internal_value=-0.00114529 0.000197278 0.003 0.00494118 0.0032963 0.00527586 -0.000496465 0.000968253 7.22884e-05 0.00366667 -0.00103089 0.000287671 -0.00226346 -0.0016017 0.000679245 -0.0022623 0.000396226 -0.00136478 0.000818181 -0.00167647 -0.00164929 -0.00186076 4.34775e-05 -0.0022638 -0.000115385 -0.00130189 -0.00126446 -8.3334e-05 0.00166667 0.00285366
internal_weight=1941 882 175 102 81 58 707 189 166 45 518 73 1059 472 106 366 53 477 55 68 422 395 69 326 52 53 121 72 45 41
internal_count=1941 882 175 102 81 58 707 189 166 45 518 73 1059 472 106 366 53 477 55 68 422 395 69 326 52 53 121 72 45 41
is_linear=0
shrinkage=0.03


Tree=78
num_leaves=31
num_cat=0
split_feature=30 41 46 43 23 58 43 12 27 47 27 37 6 8 32 43 23 8 17 46 19 40 20 17 44 2 1 32 16 37
split_gain=3.06818 1.07493 1.24024 1.13694 1.85204 0.879283 0.865801 0.799749 1.12734 1.23652 1.31474 1.14379 0.792068 0.740598 0.782764 0.735126 0.674268 0.808595 0.588352 1.08482 0.582759 0.705626 0.759946 0.818182 0.56358 0.499794 0.573099 2.08333 0.446253 0.390288
threshold=136.00714285000001 367.07584504266839 23.150000000000002 150.38750000000002 175.50000000000003 1002.5500000000001 -80.419642854999978 0.53946920585801694 302.50000000000006 12.500000000000002 250.00000000000003 77.07053571500002 19.500000000000004 3.5000000000000004 316.67142855000003 241.68035725000001 215.50000000000003 4.5000000000000009 43.500000000000007 24.650000000000002 16.500000000000004 50.822309027229174 2.5000000000000004 19.500000000000004 29.850000000000005 5921.7500000000009 8120.2589285000004 443.67500000000001 25.350000000000005 934.96428575000016
decision_type=2 2 2 2 2 2 2 2 2 2 2 2 2 2 2 2 2 2 2 2 2 2 2 2 2 2 2 2 2 2
left_child=7 5 -3 4 -4 6 -2 -1 9 12 -11 18 -9 14 15 24 20 -18 28 -20 21 -15 25 -24 -7 26 27 -23 -12 -16
right_child=1 2 3 -5 -6 13 -8 8 -10 10 11 -13 -14 16 29 -17 17 -19 19 -21 -22 22 23 -25 -26 -27 -28 -29 -30 -31
leaf_value=-3.9397620310275463 1.2777265961692719 -0.57683256294864338 0.0040378849300140088 0.011746112069631361 1.4588178405263101 -0.032541322640495363 0.0063680721820994863 0.68240219716645045 -3.6998110102349897 -3.5247545141846173 0.12442121973978817 -3.0193839250778285 -6.2169606913442248 0.14975295661261917 -0.97880511937541526 -0.40166594509180076 1.1638931868164291 0.00093271617998828263 -7.7752674464828324 1.1971811275365103 -0.99053708445178068 -0.09517412699363223 0.17534561712541313 -2.8401822499982115 0.34723457444450767 -1.5764022587185591 -0.043792032646120471 0.81459661408140827 1.1451332253947568 0.11988624309445658
leaf_weight=430 21 38 21 32 28 21 33 37 233 71 31 25 162 24 220 34 21 20 24 32 58 30 22 22 29 69 45 20 32 56
leaf_count=430 21 38 21 32 28 21 33 37 233 71 31 25 162 24 220 34 21 20 24 32 58 30 22 22 29 69 45 20 32 56
internal_value=-0.000928903 0.000402777 0.00305042 0.00514815 0.00802041 -2.01349e-05 0.00366667 -0.00199722 -0.00133076 -0.000391305 0.00118605 0.00283333 -0.00209548 -0.00030825 -0.00125 0.00128571 0.000716011 0.00431707 0.00405882 0.00182143 0.000206896 0.00087931 0.000317307 0.00381818 0.0036 -0.000621952 0.000789473 0.003 0.00604762 -0.00202174
internal_weight=1941 864 119 81 49 745 54 1077 647 414 215 144 199 691 360 84 331 41 119 56 290 232 208 44 50 164 95 50 63 276
internal_count=1941 864 119 81 49 745 54 1077 647 414 215 144 199 691 360 84 331 41 119 56 290 232 208 44 50 164 95 50 63 276
is_linear=0
shrinkage=0.03


Tree=79
num_leaves=31
num_cat=0
split_feature=11 26 3 48 9 9 18 6 42 9 57 11 27 2 28 17 37 43 6 40 6 18 37 56 46 30 30 27 2 47
split_gain=3.1951 1.63456 1.11571 1.44595 0.8206 1.46623 3.11274 0.791379 1.38779 0.715496 1.30409 1.48618 0.763229 0.703943 0.579806 0.548575 0.544866 0.728636 0.537241 1.08249 1.83696 0.42836 0.355227 0.339067 0.468225 0.377428 0.602692 0.429501 0.3 0.278261
threshold=-0.097964660725097338 21.550000000000004 6683015.9645000007 6.5000000000000009 141.50000000000003 145.50000000000003 40.500000000000007 22.500000000000004 23.605535711999924 141.50000000000003 294.50000000000006 0.77259657388510627 284.50000000000006 3887.5000000000005 1003.85 72.500000000000014 963.55000000000007 -74.85357142999996 26.500000000000004 0.29397321429166673 29.500000000000004 43.500000000000007 526.97500000000002 15.450000000000001 25.350000000000005 303.50089285000007 879.69017855000004 246.50000000000003 4171.9375000000009 34.500000000000007
decision_type=2 2 2 2 2 2 2 2 2 2 2 2 2 2 2 2 2 2 2 2 2 2 2 2 2 2 2 2 2 2
left_child=1 4 3 13 15 6 7 28 -9 10 11 12 -2 -3 -7 -1 23 -18 -11 20 21 -20 -10 24 25 27 -27 -16 -6 -19
right_child=9 2 -4 -5 5 14 -8 8 22 18 -12 -13 -14 -15 16 -17 17 29 19 -21 -22 -23 -24 -25 -26 26 -28 -29 -30 -31
leaf_value=-1.7897038539949417 -5.696963613243728 -0.28253402796897237 -0.065203090685480511 0.88691333922288995 0.79104265940444818 0.074569103855773769 1.0362519034319655 0.30449436517309686 0.057082828779930594 -3.7771448801445486 -6.2777890441158757 2.14430285556453 0.10403964822987197 0.057067420854382496 -1.1176424775408094 0.029131604278142716 1.2309938703299377 0.065653216066774461 1.6346513410596981 -5.3043189602694625 -4.8919846555831441 0.23261847527441154 -0.20968933655318026 -1.1007926279508442 -2.5470260541910688 -0.50039816808403292 0.30212799897255899 0.43982925841712661 -4.2514474737769348 -3.2424557984351319
leaf_weight=161 45 23 24 37 20 26 25 38 23 554 136 37 22 20 21 21 29 45 24 132 46 22 24 123 70 71 38 20 40 24
leaf_count=161 45 23 24 37 20 26 25 38 23 554 136 37 22 20 21 21 29 45 24 132 46 22 24 123 70 71 38 20 40 24
internal_value=-0.000897991 0.000380281 0.00392308 0.005625 -6.95978e-05 0.00043799 0.00282353 0.00113793 0.003 -0.00205698 -0.000625001 0.00190385 -0.000761195 0.00188372 -0.000430408 -0.00184615 -0.000687076 0.00128571 -0.00249872 -0.00125893 0.00123913 0.00547826 -0.000446809 -0.00125073 -0.000545455 0.000399999 -0.000522936 0.00285366 -0.0015 -0.000391305
internal_weight=1941 923 104 80 819 637 170 145 85 1018 240 104 67 43 467 182 441 98 778 224 92 46 47 343 220 150 109 41 60 69
internal_count=1941 923 104 80 819 637 170 145 85 1018 240 104 67 43 467 182 441 98 778 224 92 46 47 343 220 150 109 41 60 69
is_linear=0
shrinkage=0.03


Tree=80
num_leaves=31
num_cat=0
split_feature=11 41 1 1 41 11 41 54 23 18 16 46 12 6 10 42 57 28 11 57 5 8 41 37 38 37 31 30 1 1
split_gain=3.7302 0.989678 2.09558 1.09337 1.5616 1.02889 1.10719 1.42981 0.950341 0.892753 0.80587 1.60575 0.596122 0.840278 1.68519 0.524245 0.489153 0.404099 0.881354 1.06018 0.285714 0.284211 0.545924 0.264329 0.64328 0.237748 0.75 0.239567 0.221545 0.221543
threshold=-0.3520614488341256 365.34976399814411 9281.464285500002 4209.9732145000007 260.15625666338218 -0.77259657388510616 235.47822279231414 560.10000000000014 119.50000000000001 66.500000000000014 23.350000000000005 24.450000000000003 0.53946920585801694 26.500000000000004 0.097964660725097311 300.95625000000007 307.50000000000006 1005.7500000000001 0.77259657388510627 292.50000000000006 22.500000000000004 1.5000000000000002 289.6940167744109 663.8375000000002 812.88839286250015 766.22410715000012 683.04464285000006 802.69880950000004 610.92857145000005 7618.6696430000011
decision_type=2 2 2 2 2 2 2 2 2 2 2 2 2 2 2 2 2 2 2 2 2 2 2 2 2 2 2 2 2 2
left_child=1 3 -3 4 16 6 7 -5 12 15 -4 -12 -2 17 -15 23 -1 18 21 -20 -16 22 -14 24 -8 27 -27 -7 -19 -25
right_child=8 2 10 5 -6 25 9 -9 -10 -11 11 -13 13 14 20 -17 -18 28 19 -21 -22 -23 -24 29 -26 26 -28 -29 -30 -31
leaf_value=-0.35848354490445089 -3.6594671501496743 1.0452651502624513 -0.47751463297020486 0.26836245304790424 1.0622815801832726 -0.27406710690733688 -0.56246838942735555 -0.069338735347098487 0.125666115239738 1.4808182901699394 1.2520048890946054 -0.039731889883291398 -2.2203404927530559 -5.3116683937016127 0.10832566351122397 1.2874719342447478 0.38390831616056659 -3.5368450534218177 2.5588799763948198 -0.23020491283372807 1.3357859313919185 -6.3149747739235425 0.074416502425841913 0.19081495589103065 0.89043900467617265 0.12538768766502348 -0.25037778404210465 -0.02458447638483427 -0.10371939931168259 -0.3418744468070305
leaf_weight=54 460 23 45 22 27 153 38 27 20 25 20 33 51 52 28 22 30 311 24 34 28 114 25 24 32 20 30 28 34 107
leaf_count=54 460 23 45 22 27 153 38 27 20 25 20 33 51 52 28 22 30 311 24 34 28 114 25 24 32 20 30 28 34 107
internal_value=-0.000928903 0.000710526 0.00319835 0.000239436 0.00294595 -0.000329546 0.000838383 0.00495918 -0.00198391 2.41928e-05 0.00128571 0.00379245 -0.00209561 -0.00154494 0.000888888 -0.000578476 0.000928571 -0.0019882 -0.00106452 0.00217241 0.0045 -0.00205263 -0.00063158 -0.0010597 0.000428571 -0.00183117 -7.15256e-10 -0.00233702 -0.00265217 -0.00185496
internal_weight=1941 760 121 639 111 528 297 49 1181 248 98 53 1161 701 108 223 84 593 248 58 56 190 76 201 70 231 50 181 345 131
internal_count=1941 760 121 639 111 528 297 49 1181 248 98 53 1161 701 108 223 84 593 248 58 56 190 76 201 70 231 50 181 345 131
is_linear=0
shrinkage=0.03


Tree=81
num_leaves=31
num_cat=0
split_feature=30 9 33 59 58 53 26 30 33 31 41 27 30 43 23 9 27 37 27 47 49 9 27 34 5 31 24 5 37 11
split_gain=3.32831 1.12646 1.565 1.34771 0.915283 0.882995 0.934149 0.962032 1.27 0.946291 0.81 0.717693 0.589435 0.472952 0.467081 0.502867 0.562844 0.697166 0.817156 1.21012 1.59207 0.817021 0.734043 0.282353 0.252472 0.324279 0.171439 0.148591 0.116452 0.0458333
threshold=211.71250000000003 151.50000000000003 843.57321430000013 0.65000000000000002 1005.6500000000002 235.50000000000003 19.150000000000002 896.91428570000016 643.76428570000019 274.78571430000005 290.56407269502455 269.50000000000006 432.15714285000007 358.20714285000008 126.50000000000001 149.50000000000003 302.50000000000006 1.0000000180025095e-35 262.50000000000006 12.500000000000002 1.0000000180025095e-35 141.50000000000003 292.50000000000006 1147.2705355000001 22.500000000000004 703.81875000000014 759.30000000000007 37.500000000000007 1001.6499999500001 -0.097964660725097338
decision_type=2 2 2 2 2 2 2 2 2 2 2 2 2 2 2 2 2 2 2 2 2 2 2 2 2 2 2 2 2 2
left_child=14 4 12 10 23 6 7 9 -9 -6 -4 -10 -3 24 15 16 17 18 27 21 22 -20 -21 -2 -14 -26 -13 -1 -11 -18
right_child=1 2 3 -5 5 -7 -8 8 11 28 -12 26 13 -15 -16 -17 29 -19 19 20 -22 -23 -24 -25 25 -27 -28 -29 -30 -31
leaf_value=-2.0951053932626293 -3.5146089315151516 0.20227140452832654 0.59188869661880239 0.14729729352027812 0.27664651300262488 0.78471070714035573 0.21261504133377376 1.4181213372126937 1.319827832953562 -0.18195291480346862 2.6558413172706516 -2.6813994536105823 -0.20075688757507512 0.012453098229631863 0.15429254598902781 -3.5791260240744136 -2.0570995145319233 -3.3800301942061202 1.5518308858778413 -0.37201663740725821 1.5370184115878753 -5.8010554172788025 1.7073923696142883 0.0066078874643444637 0.30000759666275834 -2.12225984482559 -0.20583808474318652 -0.10710494458793234 -0.058830745273233759 -3.7053996732514691
leaf_weight=92 136 29 25 31 28 28 35 30 24 155 20 52 48 24 24 455 20 142 30 23 25 64 24 24 20 29 25 34 25 220
leaf_count=92 136 29 25 31 28 28 35 30 24 155 20 52 48 24 24 455 20 142 30 23 25 64 24 24 20 29 25 34 25 220
internal_value=-0.00111437 0.000388324 0.00217699 0.00568421 -0.000330962 0.000432835 4.81276e-05 -0.000433629 0.00158015 -0.00170192 0.009 -2.97037e-05 0.000399999 -0.000520662 -0.00214137 -0.00222941 -0.0017092 -0.00106452 -0.000226028 0.00115663 0.00408333 -0.00108511 0.000829787 -0.00225 -0.00145361 6.12238e-05 -0.00144156 -0.00204762 -0.0025 -0.002875
internal_weight=1941 788 226 76 562 402 374 339 131 208 45 101 150 121 1153 1129 674 434 292 166 72 94 47 160 97 49 77 126 180 240
internal_count=1941 788 226 76 562 402 374 339 131 208 45 101 150 121 1153 1129 674 434 292 166 72 94 47 160 97 49 77 126 180 240
is_linear=0
shrinkage=0.03


Tree=82
num_leaves=31
num_cat=0
split_feature=11 26 27 10 41 57 47 42 8 20 47 18 56 49 58 15 58 9 41 6 28 58 23 5 15 26 57 43 15 46
split_gain=3.40642 1.34457 1.21303 0.952381 0.690982 0.786858 0.585109 0.570773 0.511605 0.793648 0.639592 0.976332 0.630745 0.487715 0.684281 0.733426 1.40335 1.34514 0.810783 0.479117 0.453177 0.582001 0.459946 0.380952 0.363489 0.349451 0.311538 0.30912 0.355263 0.689655
threshold=-0.097964660725097338 22.150000000000002 196.50000000000003 -0.41248606129204546 371.04065667362403 264.50000000000006 4.5000000000000009 275.21696415000002 3.5000000000000004 1.0000000180025095e-35 12.500000000000002 42.500000000000007 7.7500000000000009 1.5000000000000002 1006.6500000000002 82.500000000000014 1005.6500000000002 144.50000000000003 300.30477659004856 19.500000000000004 1006.9500000000002 1007.2500000000001 209.50000000000003 22.500000000000004 62.500000000000007 9.9500000000000011 223.00000000000003 225.52678570000003 59.500000000000007 25.050000000000004
decision_type=2 2 2 2 2 2 2 2 2 2 2 2 2 2 2 2 2 2 2 2 2 2 2 2 2 2 2 2 2 2
left_child=1 4 -3 -4 7 -6 -7 13 9 10 19 12 -12 20 15 16 17 24 -19 -2 -1 -22 27 -8 -15 -13 -17 28 -23 -30
right_child=8 2 3 -5 5 6 23 -9 -10 -11 11 25 -14 14 -16 26 -18 18 -20 -21 21 22 -24 -25 -26 -27 -28 -29 29 -31
leaf_value=-2.6198480974084135 1.7299727273273406 -0.015015670882823942 0.25219979561705563 0.53868836563697198 1.4167285662378255 0.98216107612990577 0.10784825943627374 0.14459266066920762 -3.6114269710416123 -3.2245182564167245 -0.027224090083229593 -4.798671669847085 0.25085394161180807 0.040096951761794716 -0.63953394981643796 -2.6170264115848187 0.17490647636871018 1.2201381694195763 -0.030125552588792875 -4.8319287939847371 0.24343135967759999 -0.53200668949576357 0.94196981152331483 -2.9921862701593014 -2.7849951192229967 -0.021172730117001669 0.0040472840343825974 -0.082522131935094056 0.31564218969682201 -5.9283617645019566
leaf_weight=170 27 28 28 20 24 23 24 39 443 257 25 53 47 29 102 45 34 31 26 114 20 27 26 32 56 52 20 70 29 20
leaf_count=170 27 28 28 20 24 23 24 39 443 257 25 53 47 29 102 45 34 31 26 114 20 27 26 32 56 52 20 70 29 20
internal_value=-0.00103709 0.000282773 0.00410526 0.007 -6.02132e-05 0.00224272 0.000797468 -0.000379033 -0.00223379 -0.00164348 -0.00064151 0.000559321 0.00325 -0.000574469 0.000236151 0.00110788 0.00211364 0.000802816 0.00436842 -0.00214894 -0.00134254 -0.000343751 -0.000906977 -0.000857144 -0.00158824 -0.00128572 -0.00161539 -0.00156164 -0.000236843 0.00128571
internal_weight=1941 923 76 48 847 103 79 744 1018 575 318 177 72 705 343 241 176 142 57 141 362 192 172 56 85 105 65 146 76 49
internal_count=1941 923 76 48 847 103 79 744 1018 575 318 177 72 705 343 241 176 142 57 141 362 192 172 56 85 105 65 146 76 49
is_linear=0
shrinkage=0.03


Tree=83
num_leaves=31
num_cat=0
split_feature=1 56 20 27 41 15 46 48 18 8 54 42 41 9 27 48 56 36 47 6 4 5 22 17 31 23 32 48 27 39
split_gain=3.26912 1.09306 1.32545 0.824794 0.764301 1.04727 0.963211 0.70726 1.72728 0.713857 0.880279 0.687422 1.53061 0.505567 0.868523 1.47511 1.19675 1.07439 0.876155 0.483153 0.592416 0.421308 0.658833 0.407273 0.336076 0.331847 0.665472 0.2849 0.280189 0.268836
threshold=1784.5714285000001 21.550000000000004 3.5000000000000004 309.50000000000006 371.04065667362403 59.500000000000007 24.550000000000004 57.500000000000007 68.000000000000014 4.5000000000000009 16.900000000000002 -93.948214199999924 241.57196499926866 149.50000000000003 302.50000000000006 21.500000000000004 8.6500000000000004 609.95000000000016 48.500000000000007 19.500000000000004 20.500000000000004 22.500000000000004 371.50000000000006 4.5000000000000009 350.39285715000005 215.50000000000003 650.92142855000009 1.0000000180025095e-35 237.50000000000003 1081.3422991937503
decision_type=2 2 2 2 2 2 2 2 2 2 2 2 2 2 2 2 2 2 2 2 2 2 2 2 2 2 2 2 2 2
left_child=13 4 -3 27 7 23 -7 9 -9 10 -2 12 -11 14 15 19 -17 18 -18 20 -1 24 -23 -6 -13 29 -27 -4 -10 -12
right_child=1 2 3 -5 5 6 -8 8 28 11 25 21 -14 -15 -16 16 17 -19 -20 -21 -22 22 -24 -25 -26 26 -28 -29 -30 -31
leaf_value=-0.35902821345728925 0.26193105493072022 0.41776425890818386 0.54626774665893396 0.44795580752069752 1.0244641476034546 0.66314238414740789 0.46136719347982419 0.54317067761327331 0.0049813983817960129 0.14316922614181601 -0.90166108219884089 0.0779162794005058 -0.35220742255933918 -3.3618718593550829 -3.093925932531175 -3.0283972401006367 0.5765217222361666 -0.22825305515080774 1.3869948215804366 -3.7523139639887462 2.2779760151374777 -0.76367975429124213 0.65902760848918485 -3.2245024112856591 -0.13464710907886629 0.81396127515915007 -0.233997308934387 -0.68941688640654997 -1.5474154186678046 -0.32138737994469879
leaf_weight=59 20 24 27 23 22 23 26 35 20 21 240 20 28 446 241 51 30 33 23 210 20 37 32 28 59 20 39 25 33 26
leaf_count=59 20 24 27 23 22 23 26 35 20 21 240 20 28 446 241 51 30 33 23 210 20 37 32 28 59 20 39 25 33 26
internal_value=-0.00102164 0.000405796 0.00336364 0.0014 4.11451e-06 0.00245454 0.00557143 -0.000380953 0.00211364 -0.000785979 -0.0016087 0.000654822 0.00373469 -0.00208356 -0.00156072 -0.00074648 0.00181752 0.00397674 0.00662264 -0.00196194 3.7974e-05 -0.000364866 0.00134783 -0.000600001 -0.00186076 -0.00198462 5.08467e-05 -0.000692308 -0.00130189 -0.00243609
internal_weight=1941 828 99 75 729 99 49 630 88 542 345 197 49 1113 667 426 137 86 53 289 79 148 69 50 79 325 59 52 53 266
internal_count=1941 828 99 75 729 99 49 630 88 542 345 197 49 1113 667 426 137 86 53 289 79 148 69 50 79 325 59 52 53 266
is_linear=0
shrinkage=0.03


Tree=84
num_leaves=31
num_cat=0
split_feature=1 26 1 58 49 9 37 37 15 3 57 20 8 20 47 57 47 49 44 6 1 15 26 57 41 14 4 3 21 6
split_gain=3.78306 1.15126 2.00032 0.906341 0.988374 0.822804 1.17905 1.50798 1.64409 1.09048 1.08995 0.801328 0.512107 0.797939 0.636663 0.966759 0.858519 0.640906 0.503551 0.477485 0.468693 0.650061 0.397421 0.378925 0.372024 0.356431 0.327301 0.245245 0.267593 0.204173
threshold=595.90178570000012 22.150000000000002 5905.2767855000011 1005.5500000000001 51.500000000000007 147.50000000000003 1.0000000180025095e-35 824.76250000000016 62.500000000000007 6357482.3750000009 266.50000000000006 3.5000000000000004 3.5000000000000004 1.0000000180025095e-35 12.500000000000002 306.50000000000006 39.500000000000007 1.5000000000000002 33.350000000000001 19.500000000000004 4209.9732145000007 77.500000000000014 8.9500000000000011 269.50000000000006 272.73733998393732 30.450000000000003 4.5000000000000009 6341234.6250000009 420.50000000000006 17.500000000000004
decision_type=2 2 2 2 2 2 2 2 2 2 2 2 2 2 2 2 2 2 2 2 2 2 2 2 2 2 2 2 2 2
left_child=12 3 -3 4 29 6 10 11 9 -9 -5 25 13 14 19 16 17 -16 20 -1 21 -7 -18 27 -4 -8 -24 -22 -29 -2
right_child=1 2 24 5 -6 18 7 8 -10 -11 -12 -13 -14 -15 15 -17 22 -19 -20 -21 23 -23 26 -25 -26 -27 -28 28 -30 -31
leaf_value=1.6288919130714561 -0.02434363382067951 0.34334053596151565 -0.20024683933604828 0.59358426459241276 0.076998458903100239 0.28909652568013833 0.006626141574763213 0.65265023657276278 1.2509287640565256 -0.10075058365769683 0.066042630807262415 0.12923196872865714 -3.3820971171436129 -3.0269265529435705 2.203754566640828 -4.1994276170314127 -4.1088936114011529 0.14595863011435362 0.70155942596841925 -4.5350053762525544 -2.6760692728055169 -2.5279746393501106 0.83292751879312288 -2.8304822977890858 0.80687010498203515 -0.10313625447533721 -0.62498599759903006 -0.19164020964279593 0.11763955275886999 -3.9259170457461532
leaf_weight=27 87 30 20 21 32 34 26 31 34 44 20 38 429 253 23 49 26 25 36 112 20 30 33 99 28 121 20 30 24 139
leaf_count=27 87 30 20 21 32 34 26 31 34 44 20 38 429 253 23 49 26 25 36 112 20 30 33 99 28 121 20 30 24 139
internal_value=-0.000928903 0.000432203 0.00392308 0.000117782 -0.00137209 0.000749999 0.00174627 0.00108163 0.00388073 0.0014 0.00651219 -0.000567568 -0.00221765 -0.00162676 -0.000619048 0.000579545 0.00196063 0.005125 -0.000472528 -0.00213669 -0.000974684 0.00121875 3.7974e-05 -0.00178613 0.000124999 -0.00157143 0.0015283 -0.000162163 0.000888888 -0.0020708
internal_weight=1941 944 78 866 258 608 335 294 109 75 41 185 997 568 315 176 127 48 273 139 237 64 79 173 48 147 53 74 54 226
internal_count=1941 944 78 866 258 608 335 294 109 75 41 185 997 568 315 176 127 48 273 139 237 64 79 173 48 147 53 74 54 226
is_linear=0
shrinkage=0.03


Tree=85
num_leaves=31
num_cat=0
split_feature=11 26 1 41 15 33 54 45 48 18 9 14 9 6 10 28 11 19 34 26 41 18 58 1 30 54 24 1 38 36
split_gain=3.49498 0.828477 1.47384 0.62869 0.872482 0.992363 0.668044 1.63875 0.656021 1.32482 1.44799 0.57206 0.445969 0.430676 1.33929 0.479395 1.18276 1.098 0.374308 1.22726 0.372024 0.346667 0.333764 0.367009 0.878385 0.468874 0.859062 0.334091 0.309384 0.29632
threshold=-0.097964660725097338 22.150000000000002 5905.2767855000011 371.04065667362403 59.500000000000007 751.50892855000018 14.400000000000002 83.500000000000014 54.500000000000007 68.000000000000014 145.50000000000003 33.350000000000001 149.50000000000003 26.500000000000004 0.29012925520284133 1005.7500000000001 0.77259657388510627 17.500000000000004 1147.2705355000001 18.850000000000005 272.73733998393732 1.5000000000000002 1005.5500000000001 4209.9732145000007 225.70625000000004 432.00000000000006 589.20000000000016 8458.5000000000018 1085.7234375875003 452.99375000000003
decision_type=2 2 2 2 2 2 2 2 2 2 2 2 2 2 2 2 2 2 2 2 2 2 2 2 2 2 2 2 2 2
left_child=1 3 -3 6 21 -6 7 -1 11 10 -10 18 13 15 -15 16 -2 -18 22 -20 -4 -5 -8 24 -24 -25 27 -27 -28 -16
right_child=12 2 20 4 5 -7 8 -9 9 -11 -12 -13 -14 14 29 -17 17 -19 19 -21 -22 -23 23 25 -26 26 28 -29 -30 -31
leaf_value=0.45709220534202499 -1.3490260898935365 0.36480431046948791 -0.19423943415596348 0.78159293946628561 -0.091076694246038911 0.796073708831598 -1.6764316790391751 -2.6568092705461983 0.77193459179336843 -0.20931360534382693 0.036125833077411407 0.31949321081245774 -3.3339107812214137 -2.7671230317527264 1.0403685103331597 -3.0092860978466627 1.9374360123592582 -7.1368418562835698 -0.13667649241568069 0.1192946658894377 0.78266400183257656 -3.961409843258842 -0.91420793697039593 -0.96541582069073417 0.55366163786989253 0.11988095321817155 -0.77574646009607584 0.0084477456095252909 0.17403531917170323 3.4855006769882535
leaf_weight=22 145 28 20 24 21 32 148 34 21 56 25 29 409 54 20 310 38 20 47 21 28 26 50 105 37 20 85 24 20 22
leaf_count=22 145 28 20 24 21 32 148 34 21 56 25 29 409 54 20 310 38 20 47 21 28 26 50 105 37 20 85 24 20 22
internal_value=-0.00102164 0.000315276 0.00331579 4.60441e-05 0.00224272 0.00492453 -0.000258065 0.00289286 -0.000514536 0.00170588 0.00547826 -0.000901025 -0.00223379 -0.00171921 0.000124999 -0.00206433 -0.000931035 0.00268965 -0.0011149 0.000970588 0.000124999 -0.000600001 -0.00140491 -0.000888564 0.000793103 -0.00146457 -0.000382551 0.00313636 -0.00185714 0.00414286
internal_weight=1941 923 76 847 103 53 744 56 688 102 46 586 1018 609 96 513 203 58 557 68 48 50 489 341 87 254 149 44 105 42
internal_count=1941 923 76 847 103 53 744 56 688 102 46 586 1018 609 96 513 203 58 557 68 48 50 489 341 87 254 149 44 105 42
is_linear=0
shrinkage=0.03


Tree=86
num_leaves=31
num_cat=0
split_feature=23 23 26 47 42 23 41 8 42 22 36 43 54 31 8 9 11 2 6 40 31 48 43 6 42 3 58 6 41 27
split_gain=3.35264 1.60191 0.799351 1.5421 0.603692 0.475618 1.01145 0.55455 0.700132 1.22501 0.585001 0.598632 1.00121 0.872585 0.372558 0.458367 0.914956 0.703539 0.489703 0.989441 0.425342 0.355753 0.569164 0.508898 0.359091 0.339463 0.313416 0.312554 0.26098 0.265407
threshold=126.50000000000001 131.50000000000003 21.550000000000004 45.500000000000007 16.351785699999983 291.00000000000006 294.98287626897502 5.5000000000000009 -4.1758928499999959 594.50000000000011 344.61875000000003 -74.85357142999996 589.20000000000016 1032.7062500000002 3.5000000000000004 141.50000000000003 0.77259657388510627 5306.3571430000011 26.500000000000004 0.53958333333333341 455.33571430000006 45.500000000000007 190.87232143000003 27.500000000000004 103.79375000000006 7130318.0625000009 1007.2500000000001 28.500000000000004 410.74604895387574 323.50000000000006
decision_type=2 2 2 2 2 2 2 2 2 2 2 2 2 2 2 2 2 2 2 2 2 2 2 2 2 2 2 2 2 2
left_child=4 -2 5 -4 14 7 -7 10 9 -9 11 12 -3 -14 15 16 25 -18 20 26 -17 23 -23 24 -6 -1 -20 -12 29 -13
right_child=1 2 3 -5 21 6 -8 8 -10 -11 27 28 13 -15 -16 18 17 -19 19 -21 -22 22 -24 -25 -26 -27 -28 -29 -30 -31
leaf_value=-1.2024187453105855 0.12440019786969368 0.39976146964740794 0.34007912953909464 -0.12339157137780205 -1.7221545313408964 1.0841139515431784 -0.20016838632853393 -0.0040745868711257321 -0.14698689016401717 1.6850402428843221 1.1433396260760291 -0.51419203014193615 -0.876656880285269 0.16027300254095037 -3.0804178266028091 -3.3314699381668191 -0.038693495736711624 2.3711053759244525 0.025456388825759218 -3.677632105843013 0.58038737651237227 0.14758932959921853 -0.038027826104097329 0.21190887716051335 0.072989145253110468 0.2482579859645892 1.7377717317163124 -0.14157614165586924 0.6273000818152461 0.012603354600459001
leaf_weight=80 20 39 37 27 79 28 24 22 41 21 22 233 72 20 476 345 38 21 25 59 20 21 20 27 20 21 21 20 20 22
leaf_count=80 20 39 37 27 79 28 24 22 41 21 22 233 72 20 476 345 38 21 25 59 20 21 20 27 20 21 21 20 20 22
internal_value=-0.00108346 0.000637724 0.000379629 0.0035625 -0.00198665 3.08212e-05 0.00276923 -0.000236843 0.002 0.00467442 -0.000656251 -0.00100493 0.000664121 -0.00104348 -0.00224051 -0.00176191 -0.000375001 0.00259322 -0.00223404 -0.000428572 -0.00275343 -0.00030539 0.00212195 -0.00109524 -0.00209091 -0.00210891 0.00286956 0.00271428 -0.0018 -0.00205882
internal_weight=1941 668 648 64 1273 584 52 532 84 43 448 406 131 92 1106 630 160 59 470 105 365 167 41 126 99 101 46 42 275 255
internal_count=1941 668 648 64 1273 584 52 532 84 43 448 406 131 92 1106 630 160 59 470 105 365 167 41 126 99 101 46 42 275 255
is_linear=0
shrinkage=0.03


Tree=87
num_leaves=31
num_cat=0
split_feature=11 56 1 42 15 54 53 27 38 26 49 14 42 37 36 16 16 3 9 27 48 57 3 6 3 3 31 5 47 40
split_gain=3.38183 0.910562 1.18046 0.625132 0.403436 0.996056 0.572263 0.611921 0.598809 0.591756 0.788071 0.747891 0.691333 0.66746 0.54012 0.5635 0.458675 0.4 0.348991 0.49126 0.640071 0.769336 0.550106 0.404737 1.27944 0.280157 0.237863 0.213774 0.1375 0.128346
threshold=-0.097964660725097338 23.200000000000003 5806.6517855000011 300.95625000000007 82.500000000000014 14.400000000000002 235.50000000000003 324.50000000000006 912.02723222500015 17.650000000000002 14.500000000000002 32.150000000000013 1.4223214499999843 966.0875000000002 9.2428571430000002 24.950000000000003 23.150000000000002 6355305.6250000009 149.50000000000003 302.50000000000006 28.500000000000004 293.50000000000006 6327905.3125000009 19.500000000000004 6551800.5950000007 7218678.0000000009 919.35982145000014 37.500000000000007 62.500000000000007 1.0000000180025095e-35
decision_type=2 2 2 2 2 2 2 2 2 2 2 2 2 2 2 2 2 2 2 2 2 2 2 2 2 2 2 2 2 2
left_child=1 3 -3 4 5 -1 7 9 -8 14 11 -11 13 -13 15 25 -16 -17 19 20 23 22 -22 24 -2 -7 -4 -6 -24 -25
right_child=18 2 26 -5 27 6 8 -9 -10 10 -12 12 -14 -15 16 17 -18 -19 -20 -21 21 -23 28 29 -26 -27 -28 -29 -30 -31
leaf_value=0.25226948804194782 -0.4090363990671852 0.43246145997092167 -0.051294400070925644 0.90390904522440552 -0.99720361733787199 -0.50140181588089738 -0.0029264764595326918 0.093526058365470885 1.5988214390106719 -1.9989146230650559 0.089317177984517035 0.0080051318667115744 -0.14961772041786325 1.1756524347075359 -0.36907810578236461 0.087844265000235566 0.54547521142949684 -0.17885345013360965 -3.1414809229866867 -3.1089230646989487 0.063980077674226407 1.3085183220798897 -1.22605658966133 -0.096754425354247511 2.0449963731730127 -0.5747286805250339 1.7210449582828491 -1.4133326826205219 0.096391175060406981 -4.6811517694768749
leaf_weight=28 47 22 21 35 85 258 39 39 27 57 35 35 34 28 24 20 31 20 409 220 31 20 44 27 25 39 20 26 20 175
leaf_count=28 47 22 21 35 85 258 39 39 27 57 35 35 34 28 24 20 31 20 409 220 31 20 44 27 25 39 20 26 20 175
internal_value=-0.00112983 0.000185265 0.00366667 -6.97682e-05 -0.000236364 2.52094e-05 -0.000201167 -0.000483872 0.00245454 -0.000728056 0.000650793 -0.000272728 0.0013299 0.00319048 -0.00139286 -0.00184273 0.00136364 0.0015 -0.0023222 -0.001867 -0.00122622 0.000652173 -0.000473685 -0.0020146 -8.3334e-05 -0.00229293 0.000658536 -0.00191892 -0.0020625 -0.00270297
internal_weight=1941 923 63 860 825 714 686 620 66 581 189 154 97 63 392 337 55 40 1018 609 389 115 95 274 72 297 41 111 64 202
internal_count=1941 923 63 860 825 714 686 620 66 581 189 154 97 63 392 337 55 40 1018 609 389 115 95 274 72 297 41 111 64 202
is_linear=0
shrinkage=0.03


Tree=88
num_leaves=31
num_cat=0
split_feature=11 26 1 28 19 27 19 6 26 43 5 41 41 58 47 32 9 27 48 26 5 56 6 2 19 52 2 42 43 41
split_gain=4.03231 0.888771 1.05913 0.7053 0.954519 1.18112 0.856932 1.03189 1.17361 1.0933 1.02083 0.723511 1.02541 0.709211 0.561383 0.529603 0.379997 0.534907 0.710037 0.745304 0.563915 0.805664 0.400758 0.535808 0.344185 0.341346 0.33 0.326705 0.284161 0.230488
threshold=-0.097964660725097338 21.550000000000004 4586.2857140000006 1006.7500000000001 9.5000000000000018 292.50000000000006 17.500000000000004 23.500000000000004 13.750000000000002 -138.22946430699997 22.500000000000004 265.40411646992749 298.91126748988069 1009.0500000000001 45.500000000000007 1200.1604165000001 149.50000000000003 302.50000000000006 25.500000000000004 8.6500000000000004 1.0000000180025095e-35 10.750000000000002 19.500000000000004 6704.5625000000009 1.0000000180025095e-35 42.500000000000007 2305.5178570000003 76.321428549999965 197.54375000000002 342.88409186468016
decision_type=2 2 2 2 2 2 2 2 2 2 2 2 2 2 2 2 2 2 2 2 2 2 2 2 2 2 2 2 2 2
left_child=1 3 -3 4 15 11 7 8 10 -9 -5 28 -13 24 -4 25 17 18 22 -20 -21 -22 23 -2 -11 -1 -8 -16 -6 -14
right_child=16 2 14 6 5 -7 26 9 -10 13 -12 12 29 -15 27 -17 -18 -19 19 20 21 -23 -24 -25 -26 -27 -28 -29 -30 -31
leaf_value=0.12435332145546089 -0.16228556552419401 0.38523053004814334 0.23819190876766411 0.52873105872278392 -1.2134795400014395 0.23797696026951121 -2.1552461799302054 0.21194781310097038 -0.065133278839087497 -0.71918738637807322 1.1445497427290479 0.76204021480943207 -1.3445893311004828 0.087549442446223216 0.14944355061675235 1.1552932974170467 -3.0472364952970863 -3.0156553727579802 -4.4971510507624721 -0.018584229575479908 1.8474560675295302 0.044205465747584098 -3.4241133413284146 0.98928980942916411 0.34905766323916126 -2.6611738737107102 0.14077080723666077 -0.28041585287399157 0.086675929574221516 0.10906338088627819
leaf_weight=20 50 23 26 24 61 28 55 20 24 132 24 28 21 40 32 21 409 220 44 21 20 34 198 22 37 221 20 23 23 20
leaf_count=20 50 23 26 24 61 28 55 20 24 132 24 28 21 40 32 21 409 220 44 21 20 34 198 22 37 221 20 23 23 20
internal_value=-0.000990727 0.000445286 0.00305769 0.000113552 -0.000697518 0.0009779 0.00106915 0.00178405 0.00491667 0.000799126 0.007625 -5.88242e-05 0.00221739 0.000157894 0.00144444 -0.00185496 -0.00229273 -0.00181773 -0.0011491 0.000781512 0.0026 0.00422222 -0.002 -8.3334e-05 -0.000692308 -0.00225311 -0.0018 -0.000272728 -0.00192857 -0.000804879
internal_weight=1941 923 104 819 443 181 376 301 72 229 48 153 69 209 81 262 1018 609 389 119 75 54 270 72 169 241 75 55 84 41
internal_count=1941 923 104 819 443 181 376 301 72 229 48 153 69 209 81 262 1018 609 389 119 75 54 270 72 169 241 75 55 84 41
is_linear=0
shrinkage=0.03


Tree=89
num_leaves=31
num_cat=0
split_feature=11 26 30 17 26 22 14 21 41 57 17 17 8 31 3 42 14 9 27 4 10 17 36 9 3 37 46 1 36 21
split_gain=4.04125 0.974961 1.0084 0.607769 0.571232 1.4052 1.27158 1.47286 1.10979 0.910527 0.875758 0.796748 0.742881 0.816667 0.652587 0.497485 0.425386 0.412324 0.580411 0.77005 0.645315 0.377672 0.791469 0.482201 0.933638 0.376014 0.584907 0.515341 0.277452 0.212095
threshold=-0.097964660725097338 21.050000000000001 552.42142855000009 34.500000000000007 8.1500000000000004 132.50000000000003 31.650000000000002 568.50000000000011 273.68790880294563 264.50000000000006 34.500000000000007 24.500000000000004 5.5000000000000009 927.76250000000016 7008492.3750000009 59.68928585000004 26.450000000000003 149.50000000000003 302.50000000000006 2.5000000000000004 0.35206144883412577 30.500000000000004 157.14375000000004 140.50000000000003 6551800.5950000007 843.57321430000013 23.850000000000005 8174.6250000000009 20.210714285000005 158.50000000000003
decision_type=2 2 2 2 2 2 2 2 2 2 2 2 2 2 2 2 2 2 2 2 2 2 2 2 2 2 2 2 2 2
left_child=1 4 -3 -4 11 8 -7 10 14 -9 -8 -1 25 -14 15 29 -5 18 19 20 -2 23 -23 24 -21 28 -27 -28 -11 -6
right_child=17 2 3 16 5 6 7 9 -10 12 -12 -13 13 -15 -16 -17 -18 -19 -20 21 -22 22 -24 -25 -26 26 27 -29 -30 -31
leaf_value=0.34997437555916888 -0.021577934805177418 0.36421192001288183 0.17394852551671361 1.3911362233810753 -1.359951434099441 -1.3496170229043392 0.052990856094291286 0.84410948763090943 0.98974203775252612 -0.75170558929353026 0.19237050508212586 -2.4063506056282633 -0.095829388464624327 0.11390370683668573 0.15552490347251754 0.08152061711806817 -0.041343137991628726 -2.9558194004381737 -2.9251857115752409 -0.36705199298794849 0.94114474959684391 0.090339157581713819 -0.75560684080756868 -4.1789855301444128 1.6784937015285077 -0.26563241815380056 1.5988382474395728 -0.069207801672545907 -0.017077628061237169 0.049753290287690516
leaf_weight=25 30 35 32 22 41 165 20 30 33 105 24 98 30 30 23 26 31 409 220 34 29 23 66 184 23 48 20 39 26 20
leaf_count=25 30 35 32 22 41 165 20 30 33 105 24 98 30 30 23 26 31 409 220 34 29 23 66 184 23 48 20 39 26 20
internal_value=-0.000959815 0.000477789 0.003 0.00123529 0.000100871 0.000441176 -0.000262571 0.000709677 0.00308392 1.8292e-05 0.00586364 -0.00178049 -0.000483222 0.0025 0.00163636 0.000448275 -0.00073585 -0.00226326 -0.00176847 -0.00107198 0.00208475 -0.00163636 3.37071e-05 -0.00225311 0.000157894 -0.00123529 8.41114e-05 0.00208475 -0.00231298 -0.00103279
internal_weight=1941 923 120 85 803 680 537 372 143 328 44 123 298 60 110 87 53 1018 609 389 59 330 89 241 57 238 107 59 131 61
internal_count=1941 923 120 85 803 680 537 372 143 328 44 123 298 60 110 87 53 1018 609 389 59 330 89 241 57 238 107 59 131 61
is_linear=0
shrinkage=0.03


Tree=90
num_leaves=31
num_cat=0
split_feature=11 26 1 28 47 46 30 59 56 31 14 3 47 26 46 43 14 1 21 31 13 27 47 26 14 3 5 16 28 41
split_gain=3.76747 0.723142 1.16941 0.7053 0.988398 0.978731 1.1757 0.914764 0.964055 0.688863 0.835663 1.90143 0.681697 0.643161 0.835913 0.831448 0.468322 1.00833 0.625 0.46298 0.445969 0.627773 0.851615 0.907627 0.762367 0.444152 0.436289 0.649351 0.436364 0.401111
threshold=-0.097964660725097338 21.550000000000004 4586.2857140000006 1006.7500000000001 74.500000000000014 25.350000000000005 260.79285715000009 0.55000000000000016 14.750000000000002 501.55535715000002 31.950000000000003 6346132.7145000007 45.500000000000007 12.15 23.950000000000003 176.16696428500003 31.950000000000003 6886.6250000000009 755.00000000000011 460.41696430000007 -0.84196139870471931 302.50000000000006 12.500000000000002 7.7500000000000009 29.450000000000003 6381406.0000000009 37.500000000000007 24.950000000000003 1006.9500000000002 319.80748522806084
decision_type=2 2 2 2 2 2 2 2 2 2 2 2 2 2 2 2 2 2 2 2 2 2 2 2 2 2 2 2 2 2
left_child=1 3 -3 4 16 6 -5 8 19 -8 11 -11 -4 -12 25 -16 -1 18 -18 -6 -2 22 -22 -24 26 29 27 -25 -29 -15
right_child=20 2 12 5 7 -7 9 -9 -10 10 13 -13 -14 14 15 -17 17 -19 -20 -21 21 -23 23 24 -26 -27 -28 28 -30 -31
leaf_value=-1.9601522540839353 -2.8671448184250283 0.3638888399072045 0.22011979390424755 0.10231665724954457 -1.2627316590471924 -0.21685922428510285 -0.2231016352032904 -1.5842839697951832 0.098772236042363654 0.75898613593759068 -0.094791535779190569 0.095008248466109155 -0.036949171696494913 -0.25183660554030357 0.66041485002913902 -0.039723082946962023 0.30309349000440261 -0.19925111890745151 -0.38717261137428272 1.0067196757847487 -4.0019326237528192 -2.8374301402279838 -1.1097034998849327 0.37631692941250949 -5.2763019235816877 -0.4886164541941298 1.2626414825866596 -0.081258320070630316 0.26669214785281964 0.91537018888300081
leaf_weight=168 409 23 26 28 26 80 52 37 31 22 30 28 55 20 34 26 20 120 20 21 196 220 74 28 22 31 25 24 20 25
leaf_count=168 409 23 26 28 26 80 52 37 31 22 30 28 55 20 34 26 20 120 20 21 196 220 74 28 22 31 25 24 20 25
internal_value=-0.000975271 0.000412784 0.00276923 0.000113552 -0.000697518 0.00106915 0.00186486 0.00169565 0.00353846 0.00125373 0.002 0.0054 0.00107407 0.000975903 0.00185294 0.0045 -0.00153659 -0.000375001 0.00375 0.000829787 -0.00223379 -0.00171921 -0.000994859 0.000419688 0.00204202 -0.000236843 0.00318557 0.002 -0.000272728 0.00166667
internal_weight=1941 923 104 819 443 376 296 115 78 268 216 50 81 166 136 60 328 160 40 47 1018 609 389 193 119 76 97 72 44 45
internal_count=1941 923 104 819 443 376 296 115 78 268 216 50 81 166 136 60 328 160 40 47 1018 609 389 193 119 76 97 72 44 45
is_linear=0
shrinkage=0.03


Tree=91
num_leaves=31
num_cat=0
split_feature=11 26 58 34 1 41 57 48 3 54 45 20 38 57 47 11 37 12 27 41 27 56 47 50 38 46 31 12 3 24
split_gain=3.57625 0.731506 1.20417 1.07242 0.625 0.505713 0.886158 0.618705 1.14696 0.521233 1.01731 0.51526 0.922266 0.510571 1.2511 1.16655 1.15002 0.412324 0.580411 0.847176 1.21453 0.608007 0.573922 0.40794 0.37526 0.371235 0.64191 0.36609 0.655594 0.346773
threshold=-0.097964660725097338 21.050000000000001 1005.6500000000002 882.94642855000006 8048.5000000000009 371.04065667362403 264.50000000000006 54.500000000000007 6323211.1875000009 14.400000000000002 83.500000000000014 17.500000000000004 730.51383928750022 290.50000000000006 24.500000000000004 -0.3520614488341256 742.5562500000002 0.53946920585801694 302.50000000000006 96.430009159938578 255.50000000000003 7.0000000000000009 39.500000000000007 99.500000000000014 1066.0046874875002 23.050000000000004 1046.5857140000001 0.66285048286959747 6548161.1875000009 46.400000000000006
decision_type=2 2 2 2 2 2 2 2 2 2 2 2 2 2 2 2 2 2 2 2 2 2 2 2 2 2 2 2 2 2
left_child=1 5 3 -3 -4 7 -7 9 -9 10 -1 -10 -13 23 15 16 -15 -2 19 20 -19 -22 -23 24 -11 -8 -27 -21 -29 -25
right_child=17 2 4 -5 -6 6 25 8 11 13 -12 12 -14 14 -16 -17 -18 18 -20 27 21 22 -24 29 -26 26 -28 28 -30 -31
leaf_value=0.5748653411543454 -2.7811304738722775 -0.17933644980586702 1.0814999514302721 0.1149104752597648 0.18128748903402983 1.2077213503995083 -2.4068321641418331 0.50264930296263288 -0.34728065159660704 -0.67242342034864211 -2.2711893868872632 0.091741568424751688 -1.2959386024766117 0.29892262128041203 -1.1456304103690129 -1.3726469588889962 -0.0029404130222082936 -2.6072259216831353 -2.7523072360211445 -4.9276906903896505 -0.71827488125794681 2.5383038318348308 0.67868202325932814 -1.0179630588522026 0.031321478848170096 -0.9259440883307305 0.63676670084009745 -0.23693242838541637 1.016179468390594 0.67995947563931325
leaf_weight=20 409 49 20 31 20 24 21 22 40 294 32 21 23 32 89 20 25 69 220 166 30 29 43 21 39 26 32 30 22 22
leaf_count=20 409 49 20 31 20 24 21 22 40 294 32 21 23 32 89 20 25 69 220 166 30 29 43 21 39 26 32 30 22 22
internal_value=-0.00103709 0.000315276 0.0025 0.000374999 0.00675 -1.12087e-05 0.00195146 -0.000300001 0.00181132 -0.000676768 0.00219231 0.000214285 0.00245454 -0.00095203 0.000433734 0.00323377 0.00542105 -0.00226326 -0.00176847 -0.00107198 0.000508771 0.00258823 0.00408333 -0.00156383 -0.00191892 0.000417721 0.00165517 -0.00231193 -0.000115385 0.00118605
internal_weight=1941 923 120 80 40 803 103 700 106 594 52 84 44 542 166 77 57 1018 609 389 171 102 72 376 333 79 58 218 52 43
internal_count=1941 923 120 80 40 803 103 700 106 594 52 84 44 542 166 77 57 1018 609 389 171 102 72 376 333 79 58 218 52 43
is_linear=0
shrinkage=0.03


Tree=92
num_leaves=31
num_cat=0
split_feature=11 58 26 50 43 9 49 51 27 27 31 22 37 37 31 39 41 34 9 27 34 56 36 28 5 23 57 24 11 8
split_gain=3.95482 0.8831 1.2725 1.12141 1.11918 0.818918 1.43099 1.09687 1.73885 0.916667 1.40076 0.711154 0.661676 0.613015 0.71952 0.679412 0.520833 0.447251 0.445969 0.627773 0.808341 0.937863 0.955216 0.48 0.457789 0.410345 0.488516 0.709655 0.33033 0.444444
threshold=-0.097964660725097338 1005.6500000000002 22.150000000000002 99.500000000000014 -151.62767855000001 145.50000000000003 41.500000000000007 755.00000000000011 296.50000000000006 282.50000000000006 617.91428570000005 730.50000000000011 395.94910715000003 880.76160715000003 822.28571425000007 954.14276783750017 265.40411646992749 1184.6642860000004 149.50000000000003 302.50000000000006 1.0000000180025095e-35 8.2500000000000018 609.95000000000016 1006.5500000000001 22.500000000000004 62.500000000000007 292.50000000000006 356.70000000000005 0.84874750804349197 2.5000000000000004
decision_type=2 2 2 2 2 2 2 2 2 2 2 2 2 2 2 2 2 2 2 2 2 2 2 2 2 2 2 2 2 2
left_child=1 3 5 17 -5 6 7 8 9 10 -3 -9 -10 25 -15 -16 -6 -1 19 20 21 28 24 -24 -23 -7 -27 -28 -2 -30
right_child=18 2 -4 4 16 13 -8 11 12 -11 -12 -13 -14 14 15 -17 -18 -19 -20 -21 -22 22 23 -25 -26 26 27 -29 29 -31
leaf_value=-1.0896333694491389 -4.2889487725438613 0.35698046277286211 0.3046363505176426 1.500971588485047 -0.20372912604746057 0.058989871878286977 -3.30356537992833 -0.42513263124571493 -0.11318770786321841 1.2695019259532145 -0.094494171972719657 0.65142147874101841 0.071817674324026484 1.0853095838245455 -0.71626741097413227 0.19404943846546904 1.9106466617199764 0.041397557184328429 -2.6976965596561091 -2.6697380189405107 -4.1676700627729453 0.086035909515602513 0.84564932257873238 -2.9033813957496597 2.004597138308807 -0.99283044707140766 -2.8620469386966767 0.11939363593558136 1.1123079089309049 -3.8710086037503952
leaf_weight=243 66 24 21 21 24 35 38 40 29 22 20 25 28 36 33 35 24 22 409 220 177 27 20 30 24 153 21 29 25 20
leaf_count=243 66 24 21 21 24 35 38 40 29 22 20 25 28 36 33 35 24 22 409 220 177 27 20 30 24 153 21 29 25 20
internal_value=-0.000944359 0.000477789 0.00117657 -0.000754492 0.00265217 0.00090845 0.00230973 0.00338298 0.00504878 0.00836364 0.00586364 0.000230769 0.00121053 -1.75446e-05 0.00190385 8.82346e-05 0.000124999 -0.00164151 -0.00223379 -0.00171921 -0.000994859 0.000254716 0.00234653 -0.000600001 0.00523529 -0.000857144 -0.00137438 0.0012 -0.00164865 0.000333333
internal_weight=1941 923 589 334 69 568 226 188 123 66 44 65 57 342 104 68 48 265 1018 609 389 212 101 50 51 238 203 50 111 45
internal_count=1941 923 589 334 69 568 226 188 123 66 44 65 57 342 104 68 48 265 1018 609 389 212 101 50 51 238 203 50 111 45
is_linear=0
shrinkage=0.03


Tree=93
num_leaves=31
num_cat=0
split_feature=11 12 41 12 57 10 3 10 43 32 37 19 16 30 44 47 42 48 41 39 40 30 44 41 28 48 42 49 10 16
split_gain=3.17128 1.00057 1.5291 0.563127 0.988707 1.14536 1.5629 0.484339 0.910661 1.03526 1.49903 1.36641 1.03052 0.573684 1.5258 0.66163 0.490703 0.402116 0.377723 1.1033 0.371661 0.352779 0.347826 0.340275 0.398562 0.245792 0.272601 0.240946 0.514595 0.363636
threshold=-0.097964660725097338 0.43442111757849838 266.55042484316562 0.64987354830121502 294.50000000000006 0.19509032201612816 6551800.5950000007 -0.93540483100319605 -74.85357142999996 728.71875000000011 958.43928570000014 3.5000000000000004 23.850000000000005 336.55982145000002 29.850000000000005 32.500000000000007 275.21696415000002 45.500000000000007 323.80700466498757 770.03303570000014 320.47838542145843 724.31875000000002 32.650000000000013 373.65621477112137 1007.7500000000001 63.500000000000007 -122.83333335000002 2.5000000000000004 0.93540483100319627 25.650000000000002
decision_type=2 2 2 2 2 2 2 2 2 2 2 2 2 2 2 2 2 2 2 2 2 2 2 2 2 2 2 2 2 2
left_child=1 2 -1 27 5 6 20 -3 9 11 21 -9 -12 14 15 -10 18 -17 25 -20 -5 -11 -23 -21 -25 26 -15 28 -2 -30
right_child=3 7 -4 4 -6 -7 -8 8 13 10 12 -13 -14 16 -16 17 -18 -19 19 23 -22 22 -24 24 -26 -27 -28 -29 29 -31
leaf_value=-2.7041538738167654 -2.9635608777776943 -0.97766308080340991 0.24826584628695902 0.11483212856224925 -5.0479003135029723 -1.0694296792618068 2.0659525684058808 -0.29582152889551122 0.081046365120209518 -0.46926419726838703 0.078369812474540793 0.84638433091354559 0.953225301684406 -0.0074927383718580848 0.1600355661348431 -2.5032189114862771 0.37961347212143171 0.033854624823557784 2.2778734683774844 -0.72441922815355431 -0.50708045454511563 0.89282709842603747 -2.2343011023253121 -0.024808126416200279 0.63310362346633453 -0.017308058213253857 -0.14179433822833443 -2.225860539257734 0.097947018866678157 -4.1850917525386739
leaf_weight=21 294 77 27 21 136 36 27 25 20 64 22 27 20 37 33 57 39 27 23 48 20 23 23 51 23 33 203 440 22 22
leaf_count=21 294 77 27 21 136 36 27 25 20 64 22 27 20 37 33 57 39 27 23 48 20 23 23 51 23 33 203 440 22 22
internal_value=-0.000990727 0.000282773 0.0045 -0.00214538 -0.000875001 0.00132692 0.00361765 5.14279e-05 0.000270676 0.002 0.000749999 0.00565385 0.00557143 -0.000323233 0.00137956 -0.000403847 -0.000833699 -0.00157143 -0.00113397 0.000103448 -7.31714e-05 -0.00109091 0.000913043 -0.00103279 0.000243243 -0.00179121 -0.002125 -0.00253728 -0.00193491 0.00109091
internal_weight=1941 923 48 1018 240 104 68 875 798 204 152 52 42 594 137 104 457 84 418 145 41 110 46 122 74 273 240 778 338 44
internal_count=1941 923 48 1018 240 104 68 875 798 204 152 52 42 594 137 104 457 84 418 145 41 110 46 122 74 273 240 778 338 44
is_linear=0
shrinkage=0.03


Tree=94
num_leaves=31
num_cat=0
split_feature=11 26 16 48 14 30 34 9 27 17 26 36 17 6 3 25 10 43 15 49 43 8 46 42 43 42 3 42 41 5
split_gain=3.17921 1.07749 1.17878 0.907561 0.83252 2.13973 0.804267 0.593746 0.835792 1.14065 1.06123 0.734818 0.769318 0.553979 0.73498 0.492869 0.468369 0.637231 0.842557 1.5412 1.53841 0.881461 1.53417 0.563333 0.504202 0.3998 0.383069 0.345336 0.271007 0.233772
threshold=-0.097964660725097338 18.350000000000005 24.850000000000005 72.500000000000014 31.950000000000003 524.67857140000012 1174.6544645000001 149.50000000000003 302.50000000000006 24.500000000000004 7.7500000000000009 609.95000000000016 48.500000000000007 19.500000000000004 6551800.5950000007 895.00000000000011 -0.77259657388510594 241.68035725000001 59.500000000000007 17.500000000000004 -59.005357145000012 2.5000000000000004 24.950000000000003 31.059821405000015 -110.32499999999996 94.87767879999997 6328993.3125000009 275.21696415000002 291.7853384487251 37.500000000000007
decision_type=2 2 2 2 2 2 2 2 2 2 2 2 2 2 2 2 2 2 2 2 2 2 2 2 2 2 2 2 2 2
left_child=1 16 3 4 28 -6 15 8 9 13 -11 12 -12 14 -2 -7 -1 18 25 20 -20 26 -23 -24 -21 -18 -22 29 -3 -19
right_child=7 2 -4 -5 5 6 -8 -9 -10 10 11 -13 -14 -15 -16 -17 17 27 19 24 21 22 23 -25 -26 -27 -28 -29 -30 -31
leaf_value=-0.90234628686795382 -0.1619655480456659 -0.93930182588021527 0.36184760062608307 0.43755802759153445 0.11806685887115397 -0.80221941109488548 0.10189361582791172 -2.5499898466886939 -2.522870062194563 -4.6620471542076141 0.67978138045542902 -0.070411174973566318 0.78733238745707512 -3.5310510490387728 1.5804789606353369 0.2062695332069833 -0.55562287970977575 -0.09508119357196014 0.92200645207969911 0.99256428713317979 0.061148611056260238 0.58901184432854004 0.36086553421168116 -1.4972406252131698 -1.0859214879056973 0.51396256980258059 -0.12812978048035265 0.10052920875007429 0.027669315578825522 -0.0053193846735898331
leaf_weight=105 34 62 20 20 25 57 21 409 220 45 31 39 26 191 23 20 92 110 25 20 21 39 20 30 85 24 41 25 20 41
leaf_count=105 34 62 20 20 25 57 21 409 220 45 31 39 26 191 23 20 92 110 25 20 21 39 20 30 85 24 41 25 20 41
internal_value=-0.000959815 0.000315276 0.00202041 0.0014 0.000804877 0.00236585 0.000367346 -0.00211591 -0.00152217 -0.000686376 0.00146808 0.00325 0.00542105 -0.00191129 0.00068421 -0.00105195 -0.000300886 3.66485e-05 0.00070277 0.00159075 0.00330682 0.00216556 0.00407865 0.000599999 -0.00128572 -0.00144828 -0.000580646 -0.00146591 -0.00153659 -0.00200662
internal_weight=1941 923 245 225 205 123 98 1018 609 389 141 96 57 248 57 77 678 573 397 281 176 151 89 50 105 116 62 176 82 151
internal_count=1941 923 245 225 205 123 98 1018 609 389 141 96 57 248 57 77 678 573 397 281 176 151 89 50 105 116 62 176 82 151
is_linear=0
shrinkage=0.03


Tree=95
num_leaves=31
num_cat=0
split_feature=1 1 27 41 30 46 9 48 27 27 47 16 45 52 14 6 18 17 27 3 3 3 32 45 1 5 31 14 6 6
split_gain=2.72179 1.40252 1.1348 0.962569 1.00136 0.889535 0.626481 0.75542 1.29319 0.666711 0.85999 0.774994 0.68585 0.574882 0.496738 0.480648 0.453683 0.500448 0.505267 0.507466 0.83247 0.440569 0.485541 0.391507 0.389597 0.372151 0.322292 0.444444 0.292276 0.844983
threshold=2711.5625000000005 3717.0625000000005 267.50000000000006 367.07584504266839 1029.6071430000002 24.150000000000002 149.50000000000003 10.500000000000002 304.50000000000006 250.00000000000003 39.500000000000007 24.650000000000002 81.500000000000014 1.5000000000000002 33.350000000000001 25.500000000000004 63.500000000000007 47.500000000000007 285.50000000000006 6336208.6875000009 6279643.5715000005 6355305.6250000009 617.91428570000005 81.500000000000014 1242.6875000000002 1.0000000180025095e-35 154.23571425000003 30.250000000000004 19.500000000000004 18.500000000000004
decision_type=2 2 2 2 2 2 2 2 2 2 2 2 2 2 2 2 2 2 2 2 2 2 2 2 2 2 2 2 2 2
left_child=6 5 3 13 -5 -2 7 28 9 -9 23 -12 -13 -3 15 16 17 18 -4 20 -20 22 -15 -11 -10 -23 -8 -28 29 -1
right_child=1 2 14 4 -6 -7 26 8 24 10 11 12 -14 21 -16 -17 -18 -19 19 -21 -22 25 -24 -25 -26 -27 27 -29 -30 -31
leaf_value=-1.9004656156698798 0.14893533835132583 0.48661069079550257 -1.0988034666512401 0.77946625386433788 0.11442704788937637 0.08402209803199974 -2.4816158411550617 -2.0268460871547775 -2.6863034062263833 0.022410891644951657 -0.46223109042099253 1.1518851069207312 -0.35927373165128051 0.018923877917197459 0.043702456872491711 -0.90777663388550855 0.86394644945524368 -3.0981486976208346 -0.0079591757803925012 -0.023394416696266098 0.47105211122135765 0.036117414098842969 -0.28023026206977081 2.0971989038372048 0.012744778611021485 -0.17037463294865571 0.31718507833758086 -0.82562644583203615 -2.7499109866076918 0.3787163097431489
leaf_weight=131 25 27 84 23 22 43 436 64 129 20 30 25 24 20 31 119 30 74 27 66 32 22 23 23 20 84 20 25 214 28
leaf_count=131 25 27 84 23 22 43 436 64 129 20 30 25 24 20 31 119 30 74 27 66 32 22 23 23 20 84 20 25 214 28
internal_value=-0.00102164 0.000390957 -1.75446e-05 0.00175113 0.00566667 0.0045 -0.00191506 -0.00134746 -0.000313434 0.00135484 0.00265574 0.000797468 0.00312245 0.000749999 -0.000861772 -0.001125 -0.000507988 -0.000879859 -0.000129187 0.00108 0.00310169 2.01335e-05 0.00258139 0.00606977 -0.00239597 -0.00101887 -0.00275052 -0.000333334 -0.00227614 -0.00130189
internal_weight=1941 752 684 221 45 68 1189 708 335 186 122 79 49 176 463 432 313 283 209 125 59 149 43 43 149 106 481 45 373 159
internal_count=1941 752 684 221 45 68 1189 708 335 186 122 79 49 176 463 432 313 283 209 125 59 149 43 43 149 106 481 45 373 159
is_linear=0
shrinkage=0.03


Tree=96
num_leaves=31
num_cat=0
split_feature=30 9 40 9 33 39 18 9 27 34 27 28 57 20 27 3 18 46 3 30 3 3 22 32 30 1 11 46 28 16
split_gain=3.49057 0.730489 0.8022 1.4138 1.45496 1.00607 1.005 0.713356 1.00556 1.1269 0.865115 0.858413 0.712238 0.675854 1.02632 0.662828 1.29643 0.772631 0.641282 0.534028 0.424919 0.972526 0.625 0.514052 1.33472 0.624629 0.4 0.326075 0.316049 0.36633
threshold=136.00714285000001 141.50000000000003 726.98374254166663 144.50000000000003 843.57321430000013 1013.0575893437501 40.500000000000007 149.50000000000003 302.50000000000006 1.0000000180025095e-35 250.00000000000003 1007.85 316.50000000000006 1.0000000180025095e-35 209.00000000000003 6305566.0000000009 37.500000000000007 24.850000000000005 6375597.9465000005 907.54285715000015 6643394.2500000009 7268744.8750000009 51.000000000000007 688.90803570000014 787.69196430000011 2141.7142860000008 0.84874750804349197 24.150000000000002 1007.0500000000001 23.250000000000004
decision_type=2 2 2 2 2 2 2 2 2 2 2 2 2 2 2 2 2 2 2 2 2 2 2 2 2 2 2 2 2 2
left_child=7 12 3 6 20 -6 19 8 9 10 -1 15 -2 28 -15 26 -17 -18 -16 -3 23 22 -22 24 25 -5 -12 -11 29 -4
right_child=1 2 13 4 5 -7 -8 -9 -10 27 11 -13 -14 14 18 16 17 -19 -20 -21 21 -23 -24 -25 -26 -27 -28 -29 -30 -31
leaf_value=-2.0449039907110111 -1.56346531182962 -0.0057274417161523429 0.059947999147728283 0.074399591304448995 1.0957424644611329 -0.028098813048387343 0.79223255260406478 -2.4443277097363465 -2.0305921668114149 0.022968018935234834 -1.7014465708068223 -1.9944810149689394 0.062740250627413507 -0.018243455019089416 0.16016581610883618 1.9375172765427451 -0.29474283576017746 0.46472554781541003 0.10956159043107574 0.88858571063396685 0.12708262953449256 -0.54805916323261017 0.27441283883860085 -0.49368158284550467 0.52939073853212371 -0.44764431835685542 0.93927263434804109 -4.1053064976786553 0.054474304647668698 -4.3282194024229685
leaf_weight=85 163 21 33 22 37 20 21 430 233 22 20 24 29 47 21 31 26 29 37 22 20 29 20 71 24 98 20 157 27 102
leaf_count=85 163 21 33 22 37 20 21 430 233 22 20 24 29 47 21 31 26 29 37 22 20 29 20 71 24 98 20 157 27 102
internal_value=-0.000913447 0.000506944 0.000973214 0.00181481 0.00104692 0.00542105 0.00590625 -0.00205293 -0.00142349 -0.000536233 0.000829787 0.0022 -0.001125 -0.000303372 0.00157143 0.00319048 0.00467442 0.00190909 0.00424138 0.00327907 0.000169013 0.00221739 0.00525 -0.000488373 0.000541666 -0.000750001 -7.15256e-10 -0.00232961 -0.00151852 -0.00211111
internal_weight=1941 864 672 405 341 57 64 1077 647 414 235 150 192 267 105 126 86 55 58 43 284 69 40 215 144 120 40 179 162 135
internal_count=1941 864 672 405 341 57 64 1077 647 414 235 150 192 267 105 126 86 55 58 43 284 69 40 215 144 120 40 179 162 135
is_linear=0
shrinkage=0.03


Tree=97
num_leaves=31
num_cat=0
split_feature=1 54 52 53 40 22 47 18 43 25 12 57 4 34 34 30 47 32 38 38 18 25 17 44 45 30 49 35 26 27
split_gain=3.48734 1.08189 3.41116 0.868901 0.82735 1.24444 0.620564 1.59416 0.879304 0.8896 0.592775 1.49041 1.49669 0.438147 0.64029 0.467265 0.501084 1.14702 0.497013 0.977508 0.347447 0.33 0.446282 0.317572 0.425793 0.237965 0.234551 0.391421 0.647936 0.738409
threshold=1784.5714285000001 577.85000000000014 453.00000000000006 62.500000000000007 83.576383929145834 32.500000000000007 20.500000000000004 7.5000000000000009 -135.13035711999996 394.50000000000006 0.66285048286959747 295.50000000000006 18.500000000000004 1160.0785715000004 1211.8696430000002 896.91428570000016 17.500000000000004 830.63571430000013 1104.5341517500003 1153.7502232875001 55.500000000000007 565.00000000000011 31.500000000000004 29.750000000000004 81.500000000000014 728.71875000000011 2.5000000000000004 2.7142857145000003 8.6500000000000004 269.50000000000006
decision_type=2 2 2 2 2 2 2 2 2 2 2 2 2 2 2 2 2 2 2 2 2 2 2 2 2 2 2 2 2 2
left_child=10 2 3 4 5 -2 7 -5 9 -8 26 12 -12 15 -15 -3 17 -17 -19 -20 -13 23 -23 24 -10 -26 27 28 -1 -30
right_child=1 13 -4 6 -6 -7 8 -9 21 -11 11 20 -14 14 -16 16 -18 18 19 -21 -22 22 -24 -25 25 -27 -28 -29 29 -31
leaf_value=-1.8942399327951605 -2.1525945555159489 -0.57863168968578349 0.82220719051639235 -0.71717729360969695 0.40862229523678223 0.17932445415548556 0.80084485541825157 0.034477947893079078 0.069781851515003587 -0.070882714035069502 -2.965223775173663 -5.0348836168104496 1.6602873052634015 0.14072568289685991 -0.11412373647610273 1.168308294274045 -4.8728577801018318 -0.31521702384770467 1.4211408639645475 -0.22694152491334554 0.0063369214509913421 -0.14723246110030411 0.43972490900483735 -0.82733559639859799 -0.0011510777425737691 -0.7056898361724051 -1.9203882565482207 -3.3648740646643214 0.37894714716328287 -0.033078268478067448
leaf_weight=152 24 148 36 25 20 21 32 22 24 21 31 124 40 20 38 20 38 39 23 31 22 24 26 123 35 38 507 157 25 55
leaf_count=152 24 148 36 25 20 21 32 22 24 21 31 124 40 20 38 20 38 39 23 31 22 24 26 123 35 38 507 157 25 55
internal_value=-0.000959815 0.000514492 0.0014586 0.000724137 0.00392308 0.00166667 0.000162161 0.00338298 -0.000306502 0.00322641 -0.0020566 -0.00064977 0.00291549 -0.000731093 0.00165517 -0.00119398 -1.98683e-05 0.0009823 -0.000419356 0.00144444 -0.00238356 -0.001 0.0012 -0.0015 -0.000216496 -0.00135617 -0.00239732 -0.00184319 -0.00106035 0.001125
internal_weight=1941 828 471 435 65 45 370 47 323 53 1113 217 71 357 58 299 151 113 93 54 146 270 50 220 97 73 896 389 232 80
internal_count=1941 828 471 435 65 45 370 47 323 53 1113 217 71 357 58 299 151 113 93 54 146 270 50 220 97 73 896 389 232 80
is_linear=0
shrinkage=0.03


Tree=98
num_leaves=31
num_cat=0
split_feature=30 2 34 49 54 33 41 52 9 27 37 47 6 26 18 26 33 50 32 46 31 48 24 30 32 48 37 1 18 43
split_gain=3.24831 0.860527 1.62581 0.839485 0.98724 1.46449 0.803328 0.846433 0.799749 1.12734 1.07297 0.994455 1.25349 0.914068 1.77692 0.771366 0.754668 0.957553 0.863478 0.691333 0.64146 0.576773 0.491837 0.469565 0.65394 0.430364 0.287719 0.554113 0.258511 0.236889
threshold=136.00714285000001 4455.6250000000009 830.63571430000013 37.500000000000007 579.00000000000011 742.5562500000002 186.9998344627605 26.500000000000004 149.50000000000003 302.50000000000006 1.0000000180025095e-35 12.500000000000002 20.500000000000004 5.4500000000000011 29.500000000000004 21.650000000000002 522.16250000000014 37.000000000000007 572.8214286000001 24.650000000000002 156.64553570000001 19.500000000000004 14.950000000000001 907.54285715000015 805.65625000000011 43.500000000000007 350.39285715000005 5414.2142860000013 1.5000000000000002 -117.96874999999999
decision_type=2 2 2 2 2 2 2 2 2 2 2 2 2 2 2 2 2 2 2 2 2 2 2 2 2 2 2 2 2 2
left_child=8 2 3 4 5 16 -3 -8 9 10 11 12 -1 -13 -15 29 17 18 20 -16 -2 -22 -5 -6 -25 -21 -23 -28 -26 -9
right_child=1 6 -4 22 23 -7 7 15 -10 -11 -12 13 -14 14 19 -17 -18 -19 -20 25 21 26 -24 24 28 -27 27 -29 -30 -31
leaf_value=0.86917710333104237 0.035672123903226279 0.077596698733536681 2.2302680940067514 0.033357722474429426 -0.13920276077498994 0.37975176272888667 0.9783702627983728 -0.045050300933901992 -2.3120609155857959 -1.9460763632515001 -3.090104475770123 -1.968797785746653 -3.9245356550518489 0.70032189011500101 -1.5036709060315852 0.061670839902209888 -0.33766082845547996 0.1431972827994264 0.17571121553530203 0.035221667781408117 0.01534669054142008 -1.9960463005354212 -1.108915698765953 1.0613942091955364 0.11159384908644707 1.2314049855504516 0.68632977899603298 -0.81577558577366871 -2.3627169067105656 -0.80444969707709413
leaf_weight=30 21 23 22 31 46 20 31 171 430 233 122 35 99 31 34 21 24 24 37 32 20 41 79 22 20 31 21 33 27 130
leaf_count=30 21 23 22 31 46 20 31 171 430 233 122 35 99 31 34 21 24 24 37 32 20 41 79 22 20 31 21 33 27 130
internal_value=-0.000897991 0.000472222 0.00130328 0.000927038 0.00163483 0.00272614 -0.000606384 -0.000960341 -0.00199722 -0.00133076 -0.000391305 0.00059589 -0.00137209 0.00215337 0.00332812 -0.00141615 0.00202262 0.00263452 0.00185549 0.0013299 0.000749999 -0.000130435 -0.00136364 -0.000652175 0.000913043 0.00319048 -0.00110526 0.000333333 -0.00108511 -0.00180399
internal_weight=1941 864 488 466 356 241 376 353 1077 647 414 292 129 163 128 322 221 197 173 97 136 115 110 115 69 63 95 54 47 301
internal_count=1941 864 488 466 356 241 376 353 1077 647 414 292 129 163 128 322 221 197 173 97 136 115 110 115 69 63 95 54 47 301
is_linear=0
shrinkage=0.03


Tree=99
num_leaves=31
num_cat=0
split_feature=11 26 20 3 12 27 2 27 14 3 12 44 41 57 1 1 54 44 42 27 21 3 48 17 34 43 27 53 34 32
split_gain=3.43387 0.931789 0.993508 0.666667 0.620301 0.935724 0.95166 1.02698 1.09565 0.70957 0.669489 0.725037 0.500419 0.842456 0.506851 1.36905 0.736607 0.923229 0.491903 0.904673 0.48 0.414554 0.363732 1.17853 0.358192 0.63381 0.400622 0.294807 0.693711 0.298688
threshold=-0.19509032201612839 21.550000000000004 3.5000000000000004 6390518.0625000009 0.53946920585801694 302.50000000000006 7031.0714285000004 279.50000000000006 29.450000000000003 6551800.5950000007 0.55387244954848092 27.850000000000005 371.04065667362403 264.50000000000006 3717.0625000000005 3425.1428570000003 428.40000000000003 29.850000000000005 62.069643000000106 285.50000000000006 68.500000000000014 6332731.2855000012 52.000000000000007 70.500000000000014 1160.0785715000004 -172.588392857 55.000000000000007 151.50000000000003 118.98750000000003 1147.2705355000001
decision_type=2 2 2 2 2 2 2 2 2 2 2 2 2 2 2 2 2 2 2 2 2 2 2 2 2 2 2 2 2 2
left_child=1 12 -3 -4 -2 6 7 10 9 -9 -6 -12 14 -14 15 16 17 21 19 -15 -5 -1 24 -24 26 -26 -16 -28 -29 -30
right_child=4 2 3 20 5 -7 -8 8 -10 -11 11 -13 13 18 22 -17 -18 -19 -20 -21 -22 -23 23 -25 25 -27 27 28 29 -31
leaf_value=0.011638424305084485 -2.2068640594642996 0.15474456635893558 0.11731680962595806 1.4657443792846174 0.19274564727954294 -2.0242745102634108 -4.0565669221661951 0.26020251508559067 -5.240024568791668 2.1517148597390339 0.41594140586411593 -1.9870948465447087 1.0404350940662761 -1.1335889701549224 0.089647831373341286 0.13813692698365543 -1.3796151040519802 0.26659037519258677 -1.0269971764066981 0.62856879279798128 -0.20658360627500302 -1.8835829569947138 0.43645255326114735 -0.028235847960604132 0.11051271857810771 -0.49496804365465835 -1.6230361000750542 0.016403019135332705 -0.2242275704487342 0.12438559701925857
leaf_weight=20 435 27 25 20 28 230 128 47 21 22 24 145 24 31 21 21 44 35 24 21 30 41 25 53 22 25 93 36 182 41
leaf_count=20 435 27 25 20 28 230 128 47 21 22 24 145 24 31 21 21 44 35 24 21 30 41 25 53 22 25 93 36 182 41
internal_value=-0.000928903 0.00048432 0.00317647 0.0014 -0.00205556 -0.00146512 -0.000614459 0.000344947 0.003 0.00482609 -0.000868021 -0.00157988 0.000122529 0.0021 -0.000177542 0.00128571 0.000214285 0.0016875 0.000552631 0.00219231 -0.000600001 -0.000540984 -0.000650603 0.00123077 -0.001 0.00146808 -0.00131099 -0.00155114 -0.00103089 -0.00165471
internal_weight=1941 861 102 75 1080 645 415 287 90 69 197 169 759 100 659 161 140 96 76 52 50 61 498 78 420 47 373 352 259 223
internal_count=1941 861 102 75 1080 645 415 287 90 69 197 169 759 100 659 161 140 96 76 52 50 61 498 78 420 47 373 352 259 223
is_linear=0
shrinkage=0.03


Tree=100
num_leaves=31
num_cat=0
split_feature=1 56 56 30 15 49 9 57 48 48 9 9 14 16 26 10 53 1 8 42 36 37 37 1 20 26 57 53 8 14
split_gain=3.18615 0.855383 0.966519 0.597696 0.628728 0.670953 0.545959 0.723455 1.22569 1.23786 0.725214 0.70075 0.68087 0.846749 0.542301 0.554912 0.536943 0.804385 0.728005 1.00905 0.606502 0.557457 0.92971 1.37327 0.5 0.634615 0.431477 0.43022 0.36608 0.298832
threshold=2029.6428570000003 23.200000000000003 25.000000000000004 336.55982145000002 66.500000000000014 15.500000000000002 149.50000000000003 302.50000000000006 19.500000000000004 38.500000000000007 140.50000000000003 143.50000000000003 29.150000000000002 25.550000000000004 8.6500000000000004 0.88144907265856365 151.50000000000003 5081.9285715000015 5.5000000000000009 -15.965178584999991 719.56250000000011 843.57321430000013 1039.1839285000003 9318.714285500002 1.0000000180025095e-35 8.6500000000000004 267.50000000000006 117.50000000000001 2.5000000000000004 29.550000000000004
decision_type=2 2 2 2 2 2 2 2 2 2 2 2 2 2 2 2 2 2 2 2 2 2 2 2 2 2 2 2 2 2
left_child=6 3 -3 4 -2 28 7 8 10 11 12 -10 13 -1 -11 -16 24 -18 20 -20 21 29 23 -23 -5 -26 -24 -8 -6 -19
right_child=1 2 -4 16 5 -7 27 -9 9 14 -12 -13 -14 -15 15 -17 17 18 19 -21 -22 22 26 -25 25 -27 -28 -29 -30 -31
leaf_value=1.2420430350609197 0.056301222333063436 0.17221525028132462 0.088791036633234163 -1.3521811459278061 -0.08108296159904195 -1.6094016514441822 -2.1571740855807664 -1.7305597850249825 0.089109815089106495 -4.3129539902943961 -2.9725023359492289 0.65761681349636247 -3.199383019990147 -0.011436627681960007 -0.024194543387223436 1.2153128493154066 0.36849282930944977 0.026809585409612414 0.11644966000800476 -0.017569808472425282 0.84951871188742012 0.4918253214866975 0.15747550726352608 -0.058274248440551957 -2.038448460241773 0.072266035641081472 -0.17765686976095996 0.023125741770374901 0.24592848083879698 -0.28150016097660502
leaf_weight=25 21 23 38 96 20 24 435 247 29 44 203 22 29 21 40 22 35 31 35 38 26 35 26 41 22 26 61 20 29 177
leaf_count=25 21 23 38 96 20 24 435 247 29 44 203 22 29 21 40 22 35 31 35 38 26 35 26 41 22 26 61 20 29 177
internal_value=-0.000975271 0.000470149 0.00388525 0.00018977 0.00242553 0.00110959 -0.00199736 -0.00146041 -0.000724139 0.0013949 -0.00192086 0.00523529 0.000599999 0.00286956 -0.000452831 0.00135484 -0.000134053 0.000326732 -7.15256e-10 0.00275342 -0.000506298 -0.000816712 0.000496932 0.00292105 -0.00175 0.000749999 -0.00162069 -0.0028022 0.00312245 -0.00184615
internal_weight=1941 804 61 743 94 73 1137 682 435 157 278 51 75 46 106 62 649 505 470 73 397 371 163 76 144 48 87 455 49 208
internal_count=1941 804 61 743 94 73 1137 682 435 157 278 51 75 46 106 62 649 505 470 73 397 371 163 76 144 48 87 455 49 208
is_linear=0
shrinkage=0.03


Tree=101
num_leaves=31
num_cat=0
split_feature=11 1 41 14 19 9 11 10 16 53 37 1 43 9 36 43 14 1 30 8 43 16 32 1 48 32 33 27 35 58
split_gain=3.23995 1.5726 1.5044 1.35641 0.680259 1.21867 1.9788 1.09806 1.0163 0.672466 0.642334 1.60262 0.664346 1.00104 0.978933 0.555607 0.465608 0.439952 0.906261 0.411114 0.339968 0.826743 0.313469 0.225 0.210279 0.241553 0.420584 0.162679 0.139969 0.562017
threshold=-0.3520614488341256 3717.0625000000005 75.133575580880276 31.150000000000002 4.5000000000000009 141.50000000000003 0.81241147629689003 0.93540483100319627 25.050000000000004 126.50000000000001 833.9312500000002 5978.4910715000015 355.4169640500001 151.50000000000003 719.56250000000011 -376.21874999999994 28.650000000000002 9273.7857140000033 882.94642855000006 1.0000000180025095e-35 112.92946429999996 23.950000000000003 760.9633928500001 7585.0625000000009 54.500000000000007 989.91250000000014 1110.9294645000002 317.50000000000006 2.7142857145000003 1007.35
decision_type=2 2 2 2 2 2 2 2 2 2 2 2 2 2 2 2 2 2 2 2 2 2 2 2 2 2 2 2 2 2
left_child=1 2 -1 -4 5 6 19 28 -9 -6 12 -12 14 23 15 -3 -10 18 22 -2 21 -19 -13 -14 25 27 -27 -17 29 -7
right_child=4 10 3 -5 9 7 -8 8 16 -11 11 17 13 -15 -16 24 -18 20 -20 -21 -22 -23 -24 -25 -26 26 -28 -29 -30 -31
leaf_value=-1.2464899515940484 0.026350619381888995 0.11392816332373329 0.70982623150691315 0.048982995680319504 -1.8579306874688717 -2.5393210702306521 1.6463045495459241 0.14047079763806009 0.52173853693133521 0.050446882335315787 1.1647931840663401 -0.17297109378933931 0.019115213775488873 0.82281686498024498 0.91980283272761731 -0.57017231620665931 -3.5086533256176269 -0.38317751531374561 0.81640048593136572 -3.0491749101746484 -0.12600678189532433 0.51907485937372988 0.044932858411395819 -0.048748542998762731 -0.00841897024185022 -0.11382729109821275 0.05087668489084235 -0.87243340022035076 -2.5979580705061016 0.55493151400520335
leaf_weight=26 23 27 26 39 559 136 39 21 21 22 31 24 20 24 23 187 33 41 34 60 57 34 25 20 38 42 20 22 246 21
leaf_count=26 23 27 26 39 559 136 39 21 21 22 31 24 20 24 23 187 33 41 34 60 57 34 25 20 38 42 20 22 246 21
internal_value=-0.000975271 0.000552631 0.00425275 0.00669231 -0.00195851 -0.00125 0.00142623 -0.00193306 0.0014 -0.00269019 4.93266e-05 0.00126829 -0.000659575 0.00215625 -0.00116156 -0.00157143 -0.000777778 0.000348836 0.00206024 -0.00119277 -0.000727273 0.000599999 -0.000551021 -0.000750001 -0.00193204 -0.00222509 -0.000580646 -0.00271292 -0.00255335 -0.0018535
internal_weight=1941 760 91 65 1181 600 122 478 75 581 669 246 423 64 359 336 54 215 83 83 132 75 49 40 309 271 62 209 403 157
internal_count=1941 760 91 65 1181 600 122 478 75 581 669 246 423 64 359 336 54 215 83 83 132 75 49 40 309 271 62 209 403 157
is_linear=0
shrinkage=0.03


Tree=102
num_leaves=31
num_cat=0
split_feature=11 30 56 8 9 6 10 11 57 35 31 3 38 41 36 8 22 18 57 31 47 5 3 16 38 31 49 38 9 10
split_gain=2.87944 0.927435 1.55143 0.616453 0.717653 1.13601 1.78646 0.75859 0.743471 0.595491 0.5735 0.572024 0.559006 1.15257 0.492086 0.509224 0.704366 0.682902 1.00336 0.969305 0.698088 0.663868 0.420463 0.316552 0.54159 0.360294 0.640523 0.313215 0.271429 0.156459
threshold=-0.3520614488341256 476.62857140000006 20.150000000000002 3.5000000000000004 141.50000000000003 26.500000000000004 0.35206144883412577 0.77259657388510627 292.50000000000006 719.56250000000011 177.27142855000002 6405398.0000000009 215.44352678750002 71.674799548442124 344.61875000000003 3.5000000000000004 3.5000000000000004 29.500000000000004 290.50000000000006 927.76250000000016 25.500000000000004 22.500000000000004 7130318.0625000009 23.750000000000004 1062.6580357875002 775.09464285000013 2.5000000000000004 1085.7234375875003 145.50000000000003 0.95642797789208711
decision_type=2 2 2 2 2 2 2 2 2 2 2 2 2 2 2 2 2 2 2 2 2 2 2 2 2 2 2 2 2 2
left_child=1 2 9 4 7 10 -7 22 -9 12 -6 -8 13 -1 15 16 -3 18 27 20 21 -20 -2 -18 25 26 -25 -17 -14 -5
right_child=3 14 -4 29 5 6 11 8 -10 -11 -12 -13 28 -15 -16 17 23 -19 19 -21 -22 -23 -24 24 -26 -27 -28 -29 -30 -31
leaf_value=-1.2037230399881669 -0.32142899502406763 1.1186348191593549 0.19802050722964964 -1.8586036734398905 -2.1021242216569807 -1.9198777813118588 0.077193951403898328 1.838900459360014 -0.10902925104790825 1.2809263139298805 0.011387814755330048 1.7240644133202063 0.012436158580636235 0.29312293734714084 0.70066930724126442 -0.14710992008003562 -2.4692841673930088 0.13445852394872082 -0.021800148496616236 0.1032315571317233 -1.2291471275209385 0.11280508886786557 0.032074359198908949 -0.25146903937037113 0.53429773280812809 -0.1488415817078774 0.025428661014801363 0.10335931763451184 -0.94013885122637464 -1.7678861540483377
leaf_weight=23 90 36 24 438 356 64 28 33 26 20 26 20 32 22 39 88 124 25 25 31 32 22 21 32 23 68 36 20 38 79
leaf_count=23 90 36 24 438 356 64 28 33 26 20 26 20 32 22 39 88 124 25 25 31 32 22 21 32 23 68 36 20 38 79
internal_value=-0.00100618 0.00043421 0.0024717 -0.00193311 -0.00132831 -0.00190688 0.000749999 0.00035294 0.00310169 0.00122222 -0.00268586 0.005125 0.000391304 0.003 -0.000104826 -0.000330962 -0.00111912 0.000703703 0.000165137 0.00218182 0.000417721 0.00274468 -0.00110811 -0.00162191 -0.00073585 -0.00145588 8.82346e-05 -0.00188889 -0.00128572 -0.00270987
internal_weight=1941 760 159 1181 664 494 112 170 59 135 382 48 115 45 601 562 319 243 218 110 79 47 111 283 159 136 68 108 70 517
internal_count=1941 760 159 1181 664 494 112 170 59 135 382 48 115 45 601 562 319 243 218 110 79 47 111 283 159 136 68 108 70 517
is_linear=0
shrinkage=0.03


Tree=103
num_leaves=31
num_cat=0
split_feature=11 56 29 9 27 24 36 27 37 23 41 3 37 41 3 8 48 9 3 8 27 4 11 5 24 22 2 58 2 20
split_gain=3.1934 1.08278 0.788957 0.67182 0.853876 0.814709 1.07053 0.960317 1.92857 0.63163 0.732601 0.60255 0.585006 1.43106 1.01656 0.770147 0.654363 0.626087 0.601186 0.566961 0.506343 0.616537 0.588768 0.445323 0.422195 0.708053 0.420584 0.35513 0.314807 0.301967
threshold=-0.16280825711808986 23.200000000000003 1.7000000000000004 149.50000000000003 302.50000000000006 34.150000000000006 175.85000000000005 262.50000000000006 12.543750000000001 291.00000000000006 294.98287626897502 6346132.7145000007 794.49553570000012 213.26905334195325 6312448.5835000006 3.5000000000000004 34.500000000000007 143.50000000000003 6317460.5000000009 3.5000000000000004 269.50000000000006 4.5000000000000009 0.72947329433276265 22.500000000000004 168.80000000000004 34.000000000000007 2508.6785715000005 1005.6500000000002 6676.8125000000009 16.500000000000004
decision_type=2 2 2 2 2 2 2 2 2 2 2 2 2 2 2 2 2 2 2 2 2 2 2 2 2 2 2 2 2 2
left_child=1 9 -3 4 5 6 7 -2 -9 11 -11 12 14 -14 16 -16 -1 -15 -19 20 21 -8 -22 -24 25 26 -13 -26 29 -29
right_child=3 2 -4 -5 -6 -7 19 8 -10 10 -12 24 13 17 15 -17 -18 18 -20 -21 22 -23 23 -25 27 -27 -28 28 -30 -31
leaf_value=-0.87543345535655881 -0.64588911003329719 0.12791039955279976 0.14219472963214788 -1.9441320832387385 -1.8556381221178491 -4.2169486767352895 0.25384408852532742 1.3232501728843105 -0.010052586979132961 0.85684543877576969 -0.038614654000016353 -1.673198272618065 0.061487544170835316 -1.1593067299079913 -0.012706608634761699 0.25220932638485177 0.050864096594701855 1.0685426590248754 -0.017218667134400983 -3.462230655338451 -0.083244820626716509 -4.0282387730281366 0.019778640134297282 2.9213041908853588 -0.95347958196448945 0.08310057973818176 1.1657651725159566 -0.10020832947644588 0.11883011802002173 0.030840825489262553
leaf_weight=127 21 27 35 426 226 95 37 21 21 28 24 42 21 24 28 26 31 22 23 70 32 64 22 24 101 25 20 236 20 22
leaf_count=127 21 27 35 426 226 95 37 21 21 28 24 42 21 24 28 26 31 22 23 70 32 64 22 24 101 25 20 236 20 22
internal_value=-0.000897991 0.000435373 0.00425806 -0.0020085 -0.00138863 -0.000567568 0.000173076 0.00366667 0.00628571 0.000146341 0.00334615 -7.03132e-05 0.000973509 0.003 0.000113207 0.00366667 -0.00110127 0.000913043 0.003 -0.000710844 0.000184357 -0.00121782 0.002 0.00417391 -0.000746782 0.00113793 -0.000580646 -0.00117942 -0.0006259 -0.000906977
internal_weight=1941 882 62 1059 633 407 312 63 42 820 52 768 302 90 212 54 158 69 45 249 179 101 78 46 466 87 62 379 278 258
internal_count=1941 882 62 1059 633 407 312 63 42 820 52 768 302 90 212 54 158 69 45 249 179 101 78 46 466 87 62 379 278 258
is_linear=0
shrinkage=0.03


Tree=104
num_leaves=31
num_cat=0
split_feature=30 9 43 38 45 17 22 14 54 46 14 51 9 27 48 46 8 42 6 3 37 5 16 51 22 3 2 27 27 42
split_gain=3.45322 1.19408 1.24321 1.07318 1.01445 1.00595 0.885063 0.693939 0.846052 0.844587 0.721154 1.03125 0.6319 0.742859 0.893264 0.897614 0.575638 0.782609 0.549286 1.08715 0.539425 0.644317 0.463275 0.705676 1.05631 0.344164 0.633693 0.378411 0.273485 0.245187
threshold=136.00714285000001 151.50000000000003 -235.35624999999996 215.44352678750002 75.500000000000014 99.500000000000014 400.00000000000006 31.650000000000002 577.85000000000014 24.650000000000002 32.050000000000004 625.00000000000011 149.50000000000003 302.50000000000006 19.500000000000004 24.650000000000002 5.5000000000000009 -30.419642850000027 20.500000000000004 6551800.5950000007 12.543750000000001 22.500000000000004 24.850000000000005 344.00000000000006 5.5000000000000009 6370377.6250000009 6732.8571430000011 271.50000000000006 255.50000000000003 106.14375
decision_type=2 2 2 2 2 2 2 2 2 2 2 2 2 2 2 2 2 2 2 2 2 2 2 2 2 2 2 2 2 2
left_child=12 3 5 4 -2 -3 22 29 9 10 -9 -12 13 14 18 -16 25 -18 19 -1 21 28 23 24 -4 26 27 -10 -17 -5
right_child=1 2 6 7 -6 -7 -8 8 16 -11 11 -13 -14 -15 15 20 17 -19 -20 -21 -22 -23 -24 -25 -26 -27 -28 -29 -30 -31
leaf_value=-0.28392191851300086 0.060799009056633983 0.097956147963993961 -0.0051337473335373819 -1.1909379736688692 -0.46844068485411094 1.1422086957746884 0.10240817066724982 0.55661012930924136 0.77589038864197957 -0.025479472140383073 -2.6878269217790498 0.21996894943907616 -1.9367081360796057 -1.6401332293717574 -0.48863564965921391 -3.5984439785451894 0.12551358320150921 -0.025471335492994126 -2.8578864418310315 1.837810420964775 -0.21901410245725444 1.0159549434729185 -1.0716868877792021 -0.75538729132646931 0.31428641688980458 -0.28004227857060565 0.067593151465398377 -0.36001237847733342 0.55751304555094616 -0.033432570534306191
leaf_weight=55 28 32 39 141 25 24 31 24 24 30 22 32 430 233 48 20 23 23 171 32 22 42 69 33 28 106 20 83 24 27
leaf_count=55 28 32 39 141 25 24 31 24 24 30 22 32 430 233 48 20 23 23 171 32 22 42 69 33 28 106 20 83 24 27
internal_value=-0.000975271 0.000437499 0.00215625 -0.000286185 0.00379245 0.00610714 0.00105 -0.000675676 2.32551e-05 0.00227778 0.00392308 0.002 -0.00210864 -0.00151623 -0.000753624 0.00103846 -0.000849463 0.00221739 -0.00183721 0.000103448 0.00255555 0.00362791 0.000195266 0.0015 0.00326866 -0.00145494 -0.000401576 -0.00131776 0.00109091 -0.00228572
internal_weight=1941 864 256 608 53 56 200 555 387 108 78 54 1077 647 414 156 279 46 258 87 108 86 169 100 67 233 127 107 44 168
internal_count=1941 864 256 608 53 56 200 555 387 108 78 54 1077 647 414 156 279 46 258 87 108 86 169 100 67 233 127 107 44 168
is_linear=0
shrinkage=0.03


Tree=105
num_leaves=31
num_cat=0
split_feature=1 26 3 41 6 48 28 23 1 3 42 38 57 15 57 41 9 57 34 57 42 41 16 47 28 47 3 44 6 8
split_gain=4.15399 0.727293 1.15957 1.36297 0.624759 0.758825 2.79833 0.663671 1.0795 0.703247 0.565842 0.488611 0.956145 0.640212 0.582236 0.441958 0.406072 0.502568 0.758463 0.52784 0.400706 0.501791 0.369643 0.364154 0.360549 0.820259 0.761552 0.379447 0.345238 0.392157
threshold=1215.7500000000002 21.050000000000001 6375597.9465000005 326.18988363030729 24.500000000000004 40.500000000000007 1006.4500000000002 151.50000000000003 6362.4285715000005 6405398.0000000009 -145.95446449999994 712.7993303625002 289.50000000000006 62.500000000000007 273.50000000000006 291.7853384487251 149.50000000000003 302.50000000000006 1.0000000180025095e-35 262.50000000000006 253.82589285000003 85.556105629106582 25.550000000000004 84.500000000000014 1007.85 39.500000000000007 6349833.5625000009 28.450000000000003 22.500000000000004 2.5000000000000004
decision_type=2 2 2 2 2 2 2 2 2 2 2 2 2 2 2 2 2 2 2 2 2 2 2 2 2 2 2 2 2 2
left_child=16 4 -3 -4 5 7 23 15 9 -9 -6 -10 14 -14 -13 22 17 18 19 28 21 -12 -2 -7 25 26 -21 -27 -1 -30
right_child=1 2 3 -5 10 6 -8 8 11 -11 20 12 13 -15 -16 -17 -18 -19 -20 24 -22 -23 -24 -25 -26 27 -28 -29 29 -31
leaf_value=-2.6902313828045799 -1.7496796994502946 0.096909107509473569 -0.12335814375502233 0.21555540901599315 0.082569125996249021 -1.3292360778787047 0.57614638457496725 0.087755963277786009 -0.5521216376939766 0.18189245505140117 0.079107989242061569 0.38540027877911276 0.0063026120223866168 0.46086267127304037 -0.39138747475854285 0.099140055709662958 -1.8155177461051741 -1.8006899028432741 -3.0820740775420892 0.078715987787510169 0.5509942705489741 -0.64319332438499188 0.048201515429640004 0.03164731368312685 -1.3108626239103081 -0.97688113398473553 2.4226768790927311 0.7281839713772601 -2.6258117085634853 0.53218017729924039
leaf_weight=58 92 39 61 20 38 38 34 22 34 20 32 39 27 21 72 22 423 226 187 21 22 191 20 36 24 24 22 22 20 34
leaf_count=58 92 39 61 20 38 38 34 22 34 20 32 39 27 21 72 22 423 226 187 21 22 191 20 36 24 24 22 22 20 34
internal_value=-0.000944359 0.000579545 0.00275 0.000703703 0.000236841 0.00089937 0.00311111 0.000252032 0.00121277 0.00557143 -0.000879859 0.000264248 0.000962263 0.0045 -0.000567568 -0.00143284 -0.00220829 -0.00173041 -0.0011068 6.6666e-05 -0.00140816 -0.00178924 -0.00219643 -0.000162163 0.00151327 0.00239326 0.00537209 -0.000391305 -0.00139286 0.000333333
internal_weight=1941 880 120 81 760 477 108 369 235 42 283 193 159 48 111 134 1061 638 412 225 245 223 112 74 113 89 43 46 112 54
internal_count=1941 880 120 81 760 477 108 369 235 42 283 193 159 48 111 134 1061 638 412 225 245 223 112 74 113 89 43 46 112 54
is_linear=0
shrinkage=0.03


Tree=106
num_leaves=31
num_cat=0
split_feature=23 1 3 1 23 27 6 3 6 1 23 1 28 43 9 27 37 6 2 40 43 45 3 58 30 31 1 27 53 28
split_gain=3.50661 1.92671 1.26999 0.820822 0.714583 0.859275 0.665287 0.929075 1.15204 1.29342 0.738422 0.723916 0.703943 0.675274 0.644514 0.740716 0.949952 0.839976 1.28063 1.09942 0.594465 0.498296 0.492175 0.492092 0.423306 0.378261 0.9 0.328205 0.322729 0.429351
threshold=126.50000000000001 3717.0625000000005 6346132.7145000007 2029.6428570000003 62.500000000000007 276.50000000000006 26.500000000000004 6530118.7145000007 22.500000000000004 8992.2857140000033 184.50000000000003 6540.5000000000009 1008.35 -2.3616071429999992 149.50000000000003 302.50000000000006 1.0000000180025095e-35 19.500000000000004 5306.3571430000011 5.052046131041668 -306.09374999999994 52.500000000000007 6648918.7855000012 1007.2500000000001 271.42857145000005 889.74196430000018 9030.0625000000018 273.50000000000006 175.50000000000003 1006.9500000000002
decision_type=2 2 2 2 2 2 2 2 2 2 2 2 2 2 2 2 2 2 2 2 2 2 2 2 2 2 2 2 2 2
left_child=3 2 -2 14 5 -5 7 8 10 -10 27 -12 -11 -13 15 16 17 18 -1 23 -9 -8 -4 -19 -6 26 -15 -3 -22 -30
right_child=1 6 22 4 24 -7 21 20 9 12 11 13 -14 25 -16 -17 -18 19 -20 -21 28 -23 -24 -25 -26 -27 -28 -29 29 -31
leaf_value=-0.80181580780355999 0.41041520376826079 0.030247325077259257 -0.3990932457895503 -0.48635270852447365 0.17581891420954829 0.37996427205897748 1.1749441090164394 0.58438795531420151 0.093940498777489514 0.87899304625428998 0.43272967262357553 0.37898908414715188 -0.0140879599084788 -0.039047984790084332 -1.7935561453229798 -1.5133405567459217 -2.6914429070919632 0.061975483140756259 1.5382972998776705 -3.1801649200971043 -0.42913397641227213 -1.4213102561196662 0.076054776634794749 0.79507545697892035 -0.33840956362930713 -0.87503387881975547 0.96609785742903365 -4.8377273046746812 -0.16054026726278731 0.084758086389940798
leaf_weight=33 23 30 23 25 21 23 20 22 30 20 20 30 23 20 442 237 143 81 36 115 68 131 24 26 91 29 20 48 54 33
leaf_count=33 23 30 23 25 21 23 20 22 30 20 20 30 23 20 442 237 143 81 36 115 68 131 24 26 91 29 20 48 54 33
internal_value=-0.000897991 0.000862275 0.00557143 -0.00182168 0.000187499 0.00325 0.000311036 0.000892617 0.002 0.00521918 0.000807106 0.00229412 0.00188372 0.00124242 -0.00211051 -0.00152459 -0.000788019 0.000195876 0.00308696 -0.000702703 -0.000796611 -0.0014106 0.00274468 0.00148598 -0.001125 -0.000391305 0.0015 -0.00146154 -0.00145161 -0.00024138
internal_weight=1941 668 70 1273 160 48 598 447 270 73 197 119 43 99 1113 671 434 291 69 222 177 151 47 107 112 69 40 78 155 87
internal_count=1941 668 70 1273 160 48 598 447 270 73 197 119 43 99 1113 671 434 291 69 222 177 151 47 107 112 69 40 78 155 87
is_linear=0
shrinkage=0.03


Tree=107
num_leaves=31
num_cat=0
split_feature=11 57 41 43 34 12 57 4 57 11 34 41 48 17 27 11 51 48 34 27 5 49 32 16 6 26 34 31 49 10
split_gain=3.0192 1.20362 1.015 1.8302 0.770032 0.745249 1.02355 1.38846 0.716281 0.964286 0.702051 0.56358 0.52797 0.770006 0.959412 0.915196 0.675426 0.661407 0.495107 0.637295 0.498539 0.4 0.398245 0.598639 0.342914 0.291843 0.368969 0.283333 0.276448 0.315181
threshold=-0.097964660725097338 269.50000000000006 265.40411646992749 -254.28303560000003 833.9312500000002 0.64987354830121502 294.50000000000006 19.500000000000004 60.000000000000007 -0.5 455.33571430000006 332.17803101110945 52.000000000000007 41.500000000000007 285.50000000000006 -0.3520614488341256 565.00000000000011 68.000000000000014 1174.6544645000001 287.50000000000006 37.500000000000007 5.5000000000000009 274.78571430000005 24.950000000000003 18.500000000000004 14.350000000000003 1160.0785715000004 1061.6517855000002 1.5000000000000002 0.93540483100319627
decision_type=2 2 2 2 2 2 2 2 2 2 2 2 2 2 2 2 2 2 2 2 2 2 2 2 2 2 2 2 2 2
left_child=1 2 8 -4 10 28 7 -7 9 -1 11 -5 13 14 25 16 -16 -14 19 -18 -21 -9 23 -10 -8 -3 -27 -12 29 -2
right_child=5 12 3 4 -6 6 24 21 22 -11 27 -13 17 -15 15 -17 18 -19 -20 20 -22 -23 -24 -25 -26 26 -28 -29 -30 -31
leaf_value=0.048921441423593899 -2.5545353587693147 -8.2046664455166879e-05 0.86571179660953268 -0.17652553991334269 3.0888886050100406 -0.056827627696445185 -4.3970196483657311 1.7352876908406485 0.12371032173018887 -0.50575272610026845 -0.0095541025999203704 0.71117886061651825 0.37594243618837742 -1.0088359975574173 0.31433020302014675 -1.4142705916316916 0.49990744245459973 -0.18840801135320551 0.050602766012602982 -0.026207994345308322 1.6467248595196922 0.13560386911495065 -1.9874369507166318 -1.9707025180046198 0.058101820975976375 -3.5385613233629849 0.035074819601282468 0.13273840414952695 -1.394297227865926 -0.0026078045155706517
leaf_weight=27 270 32 23 21 24 64 114 20 27 36 34 29 34 116 39 41 23 40 22 79 25 20 58 22 22 130 21 20 466 42
leaf_count=27 270 32 23 21 24 64 114 20 27 36 34 29 34 116 39 41 23 40 22 79 25 20 58 22 22 130 21 20 466 42
internal_value=-0.000959815 0.000282773 0.00176635 0.00355629 0.00215625 -0.00208644 -0.000625001 0.00161538 0.00017647 0.00271428 0.00103846 0.0036 -0.000508306 -0.00084091 -0.00023301 0.00106113 0.00194681 0.00186486 0.00102684 0.000307086 -0.000692308 0.006 -0.00131776 0.000673469 -0.00233824 -0.00185246 -0.00240397 -0.00133333 -0.00253728 -0.00184615
internal_weight=1941 923 321 151 128 1018 240 104 170 63 104 50 602 528 412 229 188 74 149 127 104 40 107 49 136 183 151 54 778 312
internal_count=1941 923 321 151 128 1018 240 104 170 63 104 50 602 528 412 229 188 74 149 127 104 40 107 49 136 183 151 54 778 312
is_linear=0
shrinkage=0.03


Tree=108
num_leaves=31
num_cat=0
split_feature=1 1 57 36 37 1 3 43 47 43 41 6 6 4 35 57 26 5 16 38 27 28 30 37 36 30 45 49 34 2
split_gain=2.76999 0.936229 0.928273 0.963252 0.95122 0.875214 0.728448 0.69769 0.624046 0.602208 0.590769 0.488863 0.698096 0.855968 0.827672 1.14137 0.892036 0.636348 0.5 0.447552 0.330834 0.329986 0.594953 1.24626 0.314438 0.29632 0.29413 0.523108 0.306263 0.286279
threshold=2676.3571430000006 3717.0625000000005 55.000000000000007 320.68660715000004 794.49553570000012 3466.4732145000003 6284456.1430000011 -291.90089284999993 40.500000000000007 364.08125000000013 229.98588093690725 17.500000000000004 20.500000000000004 19.500000000000004 51.664285715000005 302.50000000000006 8.6500000000000004 22.500000000000004 26.050000000000004 163.1129464250001 326.50000000000006 1006.5500000000001 906.21875000000011 1121.111607 705.46250000000009 952.86875000000009 74.500000000000014 30.500000000000004 1184.6642860000004 6446.3750000000009
decision_type=2 2 2 2 2 2 2 2 2 2 2 2 2 2 2 2 2 2 2 2 2 2 2 2 2 2 2 2 2 2
left_child=11 5 10 4 20 8 -6 -8 -2 21 -3 19 13 24 15 16 18 -18 -14 -1 26 -9 -23 -24 -13 -5 28 -28 -4 -15
right_child=1 2 3 25 6 -7 7 9 -10 -11 -12 12 14 29 -16 -17 17 -19 -20 -21 -22 22 23 -25 -26 -27 27 -29 -30 -31
leaf_value=-1.7319037293558985 -0.012424035412801146 0.047453798180887553 -0.65380347086046375 0.028818960469280314 0.45233387559586624 0.81570172091760051 0.54886321197010179 -0.30491422508562099 0.046764861413719438 1.0242057409311993 1.4261062055872662 -0.37873071391091645 -2.4778992980062351 1.6457078147808704 -2.1821768058561171 -1.9109436278344523 0.027423917772918919 0.34932362942612238 0.18270252000907744 0.0012379553560297981 0.053178374815534328 -0.084662126770106677 0.11463696667347301 -0.11579185679917853 0.33378523728296938 0.89469742353780557 0.055214302013924549 -0.051784705492780574 -0.07462836743756375 0.34265274713133448
leaf_weight=396 25 27 219 20 29 20 33 71 27 20 25 102 45 21 314 127 31 30 30 33 26 49 34 25 33 22 23 38 23 23
leaf_count=396 25 27 219 20 29 20 33 71 27 20 25 102 45 21 314 127 31 30 30 33 26 49 34 25 33 22 23 38 23 23
internal_value=-0.00100618 0.000412698 7.01747e-05 -0.000246836 -0.000559323 0.00366667 0.000793103 0.000232758 0.00161538 -0.000437187 0.00392308 -0.00191139 -0.00145238 0.000184357 -0.00196014 -0.000718632 0.00119118 0.00388525 -0.001 -0.00272028 -0.00163222 -0.000988828 5.55548e-05 0.00208475 -0.001 0.00414286 -0.00191089 -4.9181e-05 -0.00238017 0.00381818
internal_weight=1941 756 684 632 590 72 261 232 52 199 52 1185 756 179 577 263 136 61 75 429 329 179 108 59 135 42 303 61 242 44
internal_count=1941 756 684 632 590 72 261 232 52 199 52 1185 756 179 577 263 136 61 75 429 329 179 108 59 135 42 303 61 242 44
is_linear=0
shrinkage=0.03


Tree=109
num_leaves=31
num_cat=0
split_feature=11 57 36 1 30 1 43 19 48 12 26 58 6 6 40 11 41 27 1 23 41 31 37 33 3 5 58 56 10 40
split_gain=3.13016 0.947135 0.68333 0.706387 0.657027 0.634921 0.629236 0.60307 0.51343 0.936309 1.03755 1.28833 0.557186 0.732927 0.705128 0.513262 0.836985 1.38226 0.804912 1.07299 0.542605 0.509064 0.413855 0.281771 0.273399 0.208117 0.161523 0.30138 0.716699 0.805218
threshold=-0.47114434510950048 60.000000000000007 320.68660715000004 3717.0625000000005 947.40625000000011 2676.3571430000006 -497.36785694999998 99.500000000000014 21.500000000000004 0.60980454008255491 8.6500000000000004 1005.6500000000002 26.500000000000004 28.500000000000004 0.53958333333333341 -0.77259657388510616 250.90870725776196 283.50000000000006 7682.1696430000011 189.00000000000003 387.69339678466878 1147.2705355000001 242.59285715000001 1110.9294645000002 6321504.0715000005 1.0000000180025095e-35 1005.4500000000002 14.050000000000002 0.032701564615071572 288.43623511854167
decision_type=2 2 2 2 2 2 2 2 2 2 2 2 2 2 2 2 2 2 2 2 2 2 2 2 2 2 2 2 2 2
left_child=1 7 3 5 -4 -3 -5 -1 26 12 24 -12 22 14 -14 16 17 -8 19 -18 25 -22 -10 -17 -11 -20 27 28 29 -2
right_child=8 2 4 6 -6 -7 15 -9 9 10 11 -13 13 -15 -16 23 18 -19 20 -21 21 -23 -24 -25 -26 -27 -28 -29 -30 -31
leaf_value=0.46984331114167754 1.9255851664536467 -0.0019779393073601683 -0.15241017533366805 0.26915482859606454 0.96407599666675559 0.62894102994936896 -1.5472144436549573 -0.042044950930607276 -1.6731501651601828 0.051805700261966736 -0.063826528718279735 0.27072108912641096 0.46312073003082294 -2.9139201554109877 -0.013580054812949065 -0.71478448659232829 1.1408056920903253 0.43993159211849886 -0.026928455301379849 -0.037086313956679211 -0.18579099254155118 0.50828626597523752 0.060211352700678698 -0.031181931493384909 -0.37751055524879296 -0.068411773931019368 -1.4636623072014174 -1.1414931418355785 -4.2237516015596963 -0.03874841945271644
leaf_weight=33 23 21 20 24 23 24 26 24 229 21 29 24 40 63 26 142 22 35 42 21 31 23 20 32 37 136 434 228 55 33
leaf_count=33 23 21 20 24 23 24 26 24 229 21 29 24 40 63 26 142 22 35 42 21 31 23 20 32 37 136 434 228 55 33
internal_value=-0.000975271 0.000667157 0.000327974 5.69941e-05 0.00397674 0.00366667 -0.000247192 0.00436842 -0.00185895 -0.00109816 0.00132432 0.00435849 -0.00180952 -0.000209303 0.002 -0.000470589 0.000214285 0.00339344 -0.00049091 0.00327907 -0.00118966 0.00144444 -0.00263855 -0.0017931 -0.00144828 -0.00198876 -0.00234023 -0.00184956 -0.000567568 0.00182143
internal_weight=1941 679 622 579 43 45 534 57 1262 489 111 53 378 129 66 510 336 61 275 43 232 54 249 174 58 178 773 339 111 56
internal_count=1941 679 622 579 43 45 534 57 1262 489 111 53 378 129 66 510 336 61 275 43 232 54 249 174 58 178 773 339 111 56
is_linear=0
shrinkage=0.03


Tree=110
num_leaves=31
num_cat=0
split_feature=1 1 1 8 12 35 6 40 42 47 12 3 6 43 40 33 40 54 43 42 3 42 48 27 42 42 17 43 42 57
split_gain=2.35615 0.982456 0.875214 0.625852 0.971278 1.16118 0.765245 1.7971 0.869867 0.624046 0.608285 0.815218 0.726174 0.722222 0.85873 0.782609 0.746401 1.25964 0.735632 0.673772 0.449362 0.43987 0.426643 0.305332 0.303308 0.285714 0.281104 0.184342 0.358605 0.174108
threshold=2676.3571430000006 3717.0625000000005 3466.4732145000003 3.5000000000000004 0.64987354830121502 987.0571428500001 26.500000000000004 0.53958333333333341 -29.257142845000001 40.500000000000007 0.64987354830121502 6274199.5000000009 25.500000000000004 -132.28571429999997 830.56169397083352 989.91250000000014 604.92879465125009 515.25000000000011 355.4169640500001 253.82589285000003 7130318.0625000009 29.003571425000004 56.500000000000007 274.50000000000006 -145.95446449999994 -85.633035750000047 43.500000000000007 241.68035725000001 31.921428600000031 159.50000000000003
decision_type=2 2 2 2 2 2 2 2 2 2 2 2 2 2 2 2 2 2 2 2 2 2 2 2 2 2 2 2 2 2
left_child=3 2 9 4 6 20 8 26 -1 -2 11 -3 13 14 -13 -16 17 18 27 24 22 29 23 -6 -14 -12 -8 28 -15 -5
right_child=1 10 -4 21 5 -7 7 -9 -10 -11 25 12 19 16 15 -17 -18 -19 -20 -21 -22 -23 -24 -25 -26 -27 -28 -29 -30 -31
leaf_value=0.10613292254034072 -0.03091954524889903 0.51314685248632208 0.77236243839159258 -1.633129000033964 0.16187005317622408 0.075019963952753552 0.66444067911177174 -1.4270152624535724 -1.676667173752179 0.066071773757506808 0.0015964389964415679 0.86524569026471987 0.0010291734768032477 -0.04114845555620654 -0.28408859965464534 0.04502198129289782 -0.19922070790426755 0.58002841596706911 0.1170850072012076 0.45093243478856099 0.64702915192523869 0.058101876981717697 0.41662710910141482 -0.72741911468545273 -0.92134231361489738 -1.6578890389742724 0.67351725098540205 -0.058718327542845318 0.59638983545928925 -1.5551385017988304
leaf_weight=26 25 34 20 21 20 20 20 62 355 27 32 32 33 33 23 23 88 30 29 23 29 31 28 82 138 112 26 34 20 465
leaf_count=26 25 34 20 21 20 20 20 62 355 27 32 32 33 33 23 23 88 30 29 23 29 31 28 82 138 112 26 34 20 465
internal_value=-0.000975271 0.000333333 0.00366667 -0.00181013 -0.00120359 0.00068715 -0.00189571 0.000333333 -0.00252756 0.00161538 -1.75446e-05 0.000444444 0.000142292 0.00103846 0.00353846 0.000913043 0.000205127 0.00152055 0.000103448 -0.00129897 -0.000169812 -0.00259381 -0.000923078 -0.00182353 -0.00194737 -0.00175 0.00482609 -0.00127586 -0.000169812 -0.00281482
internal_weight=1941 756 72 1185 668 179 489 108 381 52 684 540 506 312 78 46 234 146 116 194 159 517 130 102 171 144 46 87 53 486
internal_count=1941 756 72 1185 668 179 489 108 381 52 684 540 506 312 78 46 234 146 116 194 159 517 130 102 171 144 46 87 53 486
is_linear=0
shrinkage=0.03


Tree=111
num_leaves=31
num_cat=0
split_feature=1 57 41 18 9 21 38 9 35 19 11 23 1 40 53 1 51 32 2 21 19 19 28 16 28 1 52 49 44 57
split_gain=2.64349 0.964846 0.927382 2.02376 1.0002 0.996324 1.28419 0.718494 1.11604 0.719559 1.06702 0.602582 0.88205 0.625337 0.499512 0.357752 0.881633 0.342328 0.921951 0.444033 0.404204 0.72803 0.379484 0.499621 0.673544 0.623077 0.338546 0.326333 0.406101 0.654722
threshold=595.90178570000012 269.50000000000006 273.68790880294563 1.0000000180025095e-35 145.50000000000003 601.50000000000011 924.63995535000015 141.50000000000003 987.0571428500001 5.5000000000000009 0.81241147629689003 62.500000000000007 2010.8214285000001 990.9648685625001 235.50000000000003 5636.5446430000011 210.00000000000003 177.27142855000002 284.07142855000006 408.50000000000006 14.500000000000002 22.500000000000004 1006.7500000000001 23.350000000000005 1008.5500000000001 8494.3571430000029 755.50000000000011 1.5000000000000002 28.650000000000002 304.50000000000006
decision_type=2 2 2 2 2 2 2 2 2 2 2 2 2 2 2 2 2 2 2 2 2 2 2 2 2 2 2 2 2 2
left_child=7 2 4 -4 -2 -5 -7 8 9 10 -1 12 -3 14 17 -6 -17 18 -13 -19 22 -22 26 -24 25 -25 -21 28 29 -9
right_child=1 11 3 5 15 6 -8 27 -10 -11 -12 13 -14 -15 -16 16 -18 19 -20 20 21 -23 23 24 -26 -27 -28 -29 -30 -31
leaf_value=-0.64060766363689203 0.057122489456439218 -0.88101132447980879 2.078758274662722 -0.028780057469944751 -1.3092030480452399 0.90695018357874291 0.00075522414813451006 0.072869607364449418 0.063859767043734597 -4.2841401715842782 1.4754969709739281 -1.6688223448296253 0.13120277489688678 0.024350711263611657 0.056641856213374461 0.65515734227267897 -0.92297296803544004 -1.2214421769370039 0.28111087720911532 -1.7842965778373561 0.048731439969788279 -0.24734134957699994 -0.071233759875242081 1.0082475723421838 -0.010057015950252442 0.0017797637370920709 0.84383358186468593 -1.2057664823376018 -3.5260261189319957 -2.9804792295127474
leaf_weight=53 36 22 26 68 72 23 32 105 25 125 34 21 25 27 32 21 49 125 20 144 20 24 39 20 45 32 21 452 131 72
leaf_count=53 36 22 26 68 72 23 32 105 25 125 34 21 25 27 32 21 49 125 20 144 20 24 39 20 45 32 21 452 131 72
internal_value=-0.000959815 0.000177965 0.00149541 0.00324161 3.37071e-05 0.00163415 0.00463636 -0.00203711 -0.000594937 -0.00130189 0.000793103 -0.00052026 0.00274468 -0.000789474 -0.00101105 -0.00109859 0.000428571 -0.00123875 0.00139024 -0.00146809 -0.000913044 0.00177273 -0.00130565 -0.000132354 0.00102062 0.00334615 -0.00227273 -0.00248684 -0.00173377 -0.000796611
internal_weight=1941 944 327 149 178 123 55 997 237 212 87 617 47 570 543 142 70 511 41 470 345 44 301 136 97 52 165 760 308 177
internal_count=1941 944 327 149 178 123 55 997 237 212 87 617 47 570 543 142 70 511 41 470 345 44 301 136 97 52 165 760 308 177
is_linear=0
shrinkage=0.03


Tree=112
num_leaves=31
num_cat=0
split_feature=1 53 40 22 9 27 17 9 47 28 8 40 56 9 27 37 46 37 37 46 26 3 17 31 3 40 1 19 15 11
split_gain=3.06242 0.910594 0.82735 1.24444 0.778996 0.949853 1.11516 1.12325 0.813439 1.07143 0.633188 0.732389 0.727438 0.758727 0.886603 0.882325 0.967525 1.39099 0.698256 0.906932 0.602104 0.627346 0.482857 0.4 0.376529 0.376422 0.559036 0.352361 0.620062 0.280617
threshold=1784.5714285000001 62.500000000000007 83.576383929145834 32.500000000000007 149.50000000000003 302.50000000000006 12.500000000000002 140.50000000000003 39.500000000000007 1006.4500000000002 2.5000000000000004 50.822309027229174 21.550000000000004 148.50000000000003 272.50000000000006 462.90714285000007 24.550000000000004 626.98750000000007 880.76160715000003 24.750000000000004 8.6500000000000004 6610741.6340000005 24.500000000000004 719.56250000000011 6365409.4285000013 627.69765626125013 8793.6250000000018 2.5000000000000004 67.500000000000014 -0.77259657388510616
decision_type=2 2 2 2 2 2 2 2 2 2 2 2 2 2 2 2 2 2 2 2 2 2 2 2 2 2 2 2 2 2
left_child=4 2 3 -2 5 6 7 -1 9 22 18 -12 13 14 -13 -16 17 -17 27 24 -10 -22 -8 -14 -20 -19 -27 -3 -29 -15
right_child=1 10 -4 -5 -6 -7 8 -9 20 -11 11 12 23 29 15 16 -18 25 19 -21 21 -23 -24 -25 -26 26 -28 28 -30 -31
leaf_value=0.25369504692829092 -1.7308557578678798 -1.839450164787293 0.26741074015784244 0.2009176500086193 -1.4682367310652142 -1.1695934878674736 -0.12320597322512654 -3.1450474256113865 -4.2304029594531221 0.31323185691000799 0.1540157847556167 0.82735557722649122 0.73376670282773204 -0.0024477908992171817 -0.66095221777204161 0.37928343918477692 -0.25619925429410773 0.79937919243861777 0.074056291624701093 0.45212848063856059 -0.1982509916627444 1.1076636575309264 0.44627101724927354 0.01725980186547196 -1.1607713670684026 0.039196958317835782 -0.14956439204072339 0.031110947295985632 -0.66260382188497202 -0.77007748472980031
leaf_weight=36 24 113 20 21 446 241 45 170 53 35 23 20 20 101 53 20 27 27 37 22 41 21 25 20 42 33 34 40 41 90
leaf_count=36 24 113 20 21 446 241 45 170 53 35 23 20 20 101 53 20 27 27 37 22 41 21 25 20 42 33 34 40 41 90
internal_value=-0.00086708 0.000514492 0.00392308 0.00166667 -0.00189488 -0.00124588 -0.000394367 -0.00198058 0.00109091 0.003 0.000224115 0.000910256 0.000640449 0.000259259 0.00148598 0.000865979 0.00210638 0.00331579 -0.000864407 0.00115842 -0.000652175 0.00135484 0.000857142 0.0045 -0.000341773 0.00178723 0.000582089 -0.00191753 -0.000407408 -0.00111518
internal_weight=1941 828 65 45 1113 667 426 206 220 105 763 468 445 405 214 194 141 114 295 101 115 62 70 40 79 94 67 194 81 191
internal_count=1941 828 65 45 1113 667 426 206 220 105 763 468 445 405 214 194 141 114 295 101 115 62 70 40 79 94 67 194 81 191
is_linear=0
shrinkage=0.03


Tree=113
num_leaves=31
num_cat=0
split_feature=1 9 9 57 10 56 1 17 9 57 3 3 56 27 43 35 18 56 16 43 43 39 6 43 53 14 27 56 6 49
split_gain=3.62734 0.971782 1.63733 3.40123 1.04762 0.985713 0.896953 0.820264 0.748789 1.02939 0.991356 0.553009 0.541143 0.518561 0.489478 0.923328 0.907786 0.44896 0.472277 0.476136 0.668772 0.392586 0.625 0.385446 0.362319 0.530538 0.332731 0.328407 0.32414 0.278059
threshold=595.90178570000012 141.50000000000003 145.50000000000003 266.50000000000006 -0.097964660725097186 21.050000000000001 9110.1339285000013 74.500000000000014 141.50000000000003 294.50000000000006 7130318.0625000009 6323211.1875000009 25.000000000000004 285.50000000000006 -309.15982142999997 958.43928570000014 1.0000000180025095e-35 16.150000000000002 25.350000000000005 238.73392855000006 126.86875000000001 871.24040180625013 17.500000000000004 185.94910709999996 242.00000000000003 30.350000000000005 262.50000000000006 11.850000000000003 18.500000000000004 1.5000000000000002
decision_type=2 2 2 2 2 2 2 2 2 2 2 2 2 2 2 2 2 2 2 2 2 2 2 2 2 2 2 2 2 2
left_child=8 7 3 -3 13 14 12 21 9 10 26 -6 -7 -5 15 16 -4 18 19 20 24 -2 -23 -22 25 -16 -1 -28 -11 -10
right_child=1 2 5 4 11 6 -8 -9 29 28 -12 -13 -14 -15 17 -17 -18 -19 -20 -21 23 22 -24 -25 -26 -27 27 -29 -30 -31
leaf_value=-4.2170919324503728 -1.3748292852598509 0.52023742546577223 0.71381817321692331 -3.4754496962031229 0.65856914059998173 0.70410605167687623 -0.2358935555925101 0.023094702406286836 -2.0967991631003136 -4.1205281618007259 1.4637338143550709 0.0034600057283640743 0.13836208195295979 0.018218174769519164 0.0250125998889031 -1.6209379503773225 -0.5752857727152858 -0.4681388136603718 -1.7498440519462248 -0.025032612527885707 0.78302334743968294 0.062421249884707639 -12.289438095827858 0.041249149290761088 0.15309252820802111 -1.4511518918039812 0.075611707302190453 -0.084374941936193701 -0.2738736650465754 -1.1345056832314495
leaf_weight=23 149 25 23 48 31 29 29 20 308 111 24 35 23 40 28 21 20 133 69 70 23 20 20 24 23 41 27 29 23 452
leaf_count=23 149 25 23 48 31 29 29 20 308 111 24 35 23 40 28 21 20 133 69 70 23 20 20 24 23 41 27 29 23 452
internal_value=-0.000805256 0.000527542 0.00104082 0.00353631 0.00187013 0.000237409 0.0032963 -0.00127751 -0.0020672 -0.000594937 0.00166019 0.00472727 0.00565385 -0.000272728 -0.000284211 0.00215625 0.00467442 -0.000664234 2.1582e-05 0.000732057 0.0017482 -0.00188889 0.000749999 0.00465957 0.000260869 -0.000826088 3.7974e-05 0.00128571 -0.00232836 -0.00252632
internal_weight=1941 944 735 179 154 556 81 209 997 237 103 66 52 88 475 64 43 411 278 209 139 189 40 47 92 69 79 56 134 760
internal_count=1941 944 735 179 154 556 81 209 997 237 103 66 52 88 475 64 43 411 278 209 139 189 40 47 92 69 79 56 134 760
is_linear=0
shrinkage=0.03


Tree=114
num_leaves=31
num_cat=0
split_feature=23 6 1 28 19 3 3 15 27 57 30 1 9 27 17 6 53 31 26 14 47 3 3 1 3 41 56 32 18 42
split_gain=2.87245 1.09174 1.10653 1.05376 0.873387 0.697921 1.14477 0.731772 0.873019 0.81291 1.4632 0.691567 0.946945 1.12433 1.26194 1.12553 0.842059 1.13778 0.830283 0.946105 0.762016 0.760935 1.31272 0.559213 0.551315 0.545294 0.537735 0.479709 0.313498 0.308647
threshold=126.50000000000001 26.500000000000004 5081.9285715000015 1005.2500000000001 5.5000000000000009 6355305.6250000009 6335789.0625000009 64.500000000000014 273.50000000000006 290.50000000000006 879.69017855000004 2029.6428570000003 149.50000000000003 302.50000000000006 12.500000000000002 19.500000000000004 60.500000000000007 256.33482145000005 4.5500000000000007 29.250000000000004 39.500000000000007 6619372.7500000009 6312448.5835000006 12145.285710000002 6610741.6340000005 80.162940558285612 8.0500000000000025 1147.2705355000001 50.500000000000007 220.68839280000012
decision_type=2 2 2 2 2 2 2 2 2 2 2 2 2 2 2 2 2 2 2 2 2 2 2 2 2 2 2 2 2 2
left_child=11 2 3 -2 -5 6 7 8 -4 -10 -11 12 13 14 15 -1 17 -13 -16 20 21 22 -20 26 28 -18 -7 29 -22 -3
right_child=1 27 5 4 -6 23 -8 -9 9 10 -12 16 -14 -15 18 -17 25 -19 19 -21 24 -23 -24 -25 -26 -27 -28 -29 -30 -31
leaf_value=0.20482886760761104 -0.019435439052439069 -0.46182063978960597 0.84795396870168016 0.035557183507290389 1.1580261516293502 0.020128473392181413 0.025300443353815649 -0.71535570563008866 -0.15454515475174374 -0.0046808602658922893 0.63881194234513683 -0.88534796106506686 -1.4348595053388373 -1.1729231204994295 -3.3368213093487142 -3.0166608323461017 0.079795174570263014 0.28860089908253966 0.12890782626778005 -2.9020312857683113 -0.38402866033014232 0.033746267340097155 1.1476621876550694 0.2431415271724866 0.96447507160034007 -0.37144714867687978 -0.13306315487035891 0.29314172919684856 0.16434996319377862 0.53827909023414355
leaf_weight=36 31 124 23 30 32 24 28 31 58 33 21 25 442 237 35 172 27 20 27 38 27 24 26 27 23 88 166 20 26 20
leaf_count=36 31 124 23 30 32 24 28 31 58 33 21 25 442 237 35 172 27 20 27 38 27 24 26 27 23 88 166 20 26 20
internal_value=-0.000820712 0.000772454 0.00146428 0.00441935 0.00667742 0.00079562 0.00210309 0.00115663 0.00211111 0.00101786 0.00366667 -0.00165672 -0.00192183 -0.00121163 -0.000304148 -0.00199039 0.000187499 0.00366667 0.00124779 0.00202618 0.00307843 0.00518182 0.00718868 -0.000373273 0.000947368 -0.00117391 -0.000947369 -0.00135366 -0.00073585 -0.00195833
internal_weight=1941 668 504 93 62 411 194 166 135 112 54 1273 1113 671 434 208 160 45 226 191 153 77 53 217 76 115 190 164 53 144
internal_count=1941 668 504 93 62 411 194 166 135 112 54 1273 1113 671 434 208 160 45 226 191 153 77 53 217 76 115 190 164 53 144
is_linear=0
shrinkage=0.03


Tree=115
num_leaves=31
num_cat=0
split_feature=1 12 57 48 47 28 6 3 12 57 6 3 33 48 41 42 8 37 42 42 1 56 19 26 3 19 1 22 11 47
split_gain=2.76879 0.830472 0.951349 1.22459 0.974341 1.25404 0.952632 1.09048 0.726075 0.850708 0.951087 0.942922 1.7481 0.802867 0.778428 0.768254 0.812178 0.662802 0.65147 0.609677 0.575513 0.464419 0.923077 0.449872 0.477092 0.442379 0.657888 0.448773 0.384236 0.372506
threshold=2010.8214285000001 0.53946920585801694 302.50000000000006 19.500000000000004 39.500000000000007 1006.4500000000002 19.500000000000004 6548161.1875000009 0.64987354830121502 292.50000000000006 26.500000000000004 6392911.9105000012 859.97857140000008 27.500000000000004 371.04065667362403 -92.933928499999965 3.5000000000000004 239.25000000000003 54.971428550000006 46.069642850000015 7585.0625000000009 17.250000000000004 15.500000000000002 7.2000000000000002 6551800.5950000007 1.0000000180025095e-35 7943.5000000000009 1.0000000180025095e-35 0.97335555334614954 80.500000000000014
decision_type=2 2 2 2 2 2 2 2 2 2 2 2 2 2 2 2 2 2 2 2 2 2 2 2 2 2 2 2 2 2
left_child=1 -1 3 6 5 -5 7 -3 9 10 13 12 20 14 25 -15 18 -12 -17 -13 -11 -10 -23 -6 -25 26 -2 -27 -8 -4
right_child=8 2 29 4 23 -7 28 -9 21 11 17 19 -14 15 -16 16 -18 -19 -20 -21 -22 22 -24 24 -26 27 -28 -29 -30 -31
leaf_value=-1.2784792600467885 0.2444361404458176 -0.28875036712565638 -1.1320798090839548 0.048826563790120417 -3.7941264457132533 0.59919745001843316 -2.9261610073757183 1.101278842469529 -2.4881908410204097 -0.25030631089234251 0.058795021561272677 0.051327083235835881 0.61964751107252958 -0.1559542675443327 0.40881243708798998 0.58069246211362968 0.33249437082525091 -1.8968935612514035 -0.0060664915171213096 -0.15065377503517388 0.022783613482504177 -2.0575164111355111 0.053579058148895971 -0.1591644364080235 0.50338428530069046 0.63458962412643305 -0.09961275616390726 -0.081432023596341899 0.0047244129425921795 -0.033181864143042784
leaf_weight=454 20 44 224 29 29 22 182 31 93 26 35 35 21 30 32 27 35 126 34 27 24 52 26 47 28 23 39 103 21 22
leaf_count=454 20 44 224 29 29 22 182 31 93 26 35 35 21 30 32 27 35 126 34 27 24 52 26 47 28 23 39 103 21 22
internal_value=-0.000851624 -0.00180847 -0.00114433 -0.000297922 0.00183871 0.00523529 -0.00148921 0.0014 0.000490098 0.000956043 0.000392856 0.00309022 0.0054507 0.00128571 0.000179723 0.00319048 0.0045 -0.00150932 0.00240984 0.000387096 0.0024 -0.00124561 0.000461538 0.000173076 0.0014 -0.000567568 0.00157627 -0.00157143 -0.00255665 -0.00263415
internal_weight=1941 1133 679 433 155 51 278 75 808 637 504 133 71 343 217 126 96 161 61 62 50 171 78 104 75 185 59 126 203 246
internal_count=1941 1133 679 433 155 51 278 75 808 637 504 133 71 343 217 126 96 161 61 62 50 171 78 104 75 185 59 126 203 246
is_linear=0
shrinkage=0.03


Tree=116
num_leaves=31
num_cat=0
split_feature=11 6 27 35 19 6 56 40 57 26 17 31 3 37 37 5 9 14 15 39 41 57 42 3 41 9 23 51 47 26
split_gain=2.62859 0.765837 0.922217 1.79942 2.23139 1.11723 0.906925 0.802139 0.729162 0.957985 1.03266 1.07 0.593939 0.551632 1.52893 0.57539 0.532708 1.00087 0.517601 0.483296 0.683544 0.459811 0.433477 0.664359 0.634996 0.596979 0.425903 0.498764 0.373293 0.296296
threshold=-0.16280825711808986 17.500000000000004 302.50000000000006 202.51607145000003 1.5000000000000002 20.500000000000004 7.0000000000000009 558.60487352354187 309.50000000000006 5.3500000000000005 74.500000000000014 648.57142855000018 6298231.1875000009 958.43928570000014 1007.7687500000001 1.0000000180025095e-35 151.50000000000003 28.450000000000003 87.500000000000014 867.91908486250009 191.29453253894749 269.50000000000006 90.740178549999953 7238021.4465000005 308.23219882078104 143.50000000000003 242.00000000000003 928.50000000000011 40.500000000000007 10.65
decision_type=2 2 2 2 2 2 2 2 2 2 2 2 2 2 2 2 2 2 2 2 2 2 2 2 2 2 2 2 2 2
left_child=8 -2 3 4 6 7 -3 12 13 -10 11 -11 -5 15 -15 16 19 -18 22 20 -1 29 23 -17 25 -24 27 -16 -23 -8
right_child=1 2 -4 5 -6 -7 21 -9 9 10 -12 -13 -14 14 26 18 17 -19 -20 -21 -22 28 24 -25 -26 -27 -28 -29 -30 -31
leaf_value=0.056128275587620444 -1.3534593423772685 -1.6163884342094224 -1.1037730326119282 -0.022633692537216525 0.23375022298739906 -2.9693237077945094 -1.371199425927722 -6.480429623454758 -1.776533731137647 -0.0087113653643619716 0.088944883737580874 0.056723204857229544 1.3806385686221014 0.60105818490935714 -0.11320917703468752 -0.098661132454371789 -0.14979024999337059 1.8220166541719411 0.16135674068998604 0.089733371945576068 -1.4911580595053615 1.7207432121717421 0.032246022307739583 0.02168918499587132 1.0265309925987363 -0.28199106128093876 0.50472590504574111 0.057761049001197558 0.17967128012619205 0.2595074799339529
leaf_weight=25 387 57 204 20 25 215 27 24 22 43 28 24 24 31 77 281 22 20 23 34 54 20 27 34 35 49 21 32 29 27
leaf_count=25 387 57 204 20 25 215 27 24 22 43 28 24 24 31 77 281 22 20 23 34 54 20 27 34 35 49 21 32 29 27
internal_value=-0.000774344 -0.00178187 -0.00116964 -0.000435898 0.00186486 -0.00193993 0.000562499 0.00141176 0.000435373 0.00264102 0.00394737 0.00192537 0.00381818 9.80385e-05 0.00165838 -0.000317882 0.00125806 0.00414286 -0.000861916 0.00018584 -0.00110127 0.00224272 -0.00109859 -0.00166667 0.000513513 -0.00102632 0.000230769 -0.000522936 0.00434694 0.000333333
internal_weight=1941 1059 672 468 185 283 160 68 882 117 95 67 44 765 161 604 155 42 449 113 79 103 426 315 111 76 130 109 49 54
internal_count=1941 1059 672 468 185 283 160 68 882 117 95 67 44 765 161 604 155 42 449 113 79 103 426 315 111 76 130 109 49 54
is_linear=0
shrinkage=0.03


Tree=117
num_leaves=31
num_cat=0
split_feature=11 44 18 18 9 30 37 54 57 58 41 11 19 3 27 35 26 47 3 44 41 50 27 37 3 33 24 32 27 41
split_gain=2.88998 0.782084 0.723385 1.02221 1.4881 0.706145 1.37335 0.734956 1.57878 0.665021 0.582285 0.579329 0.523143 0.577184 0.494978 0.751346 0.984466 0.482444 0.611154 0.471191 0.800202 0.636135 0.695817 0.460019 0.798405 0.4 0.340136 0.595238 0.324086 0.484771
threshold=-0.16280825711808986 33.350000000000001 54.500000000000007 68.000000000000014 145.50000000000003 882.94642855000006 305.97500000000008 657.50000000000011 289.50000000000006 1008.2500000000001 234.85851218711937 -0.95642797789208678 2.5000000000000004 6242175.4285000013 302.50000000000006 12.312500000000002 7.0000000000000009 39.500000000000007 6551800.5950000007 30.050000000000004 267.43525081307399 2.5000000000000004 279.50000000000006 870.77857140000015 6363516.2500000009 791.23303570000019 757.10000000000014 1182.0312500000002 292.50000000000006 238.6661160492213
decision_type=2 2 2 2 2 2 2 2 2 2 2 2 2 2 2 2 2 2 2 2 2 2 2 2 2 2 2 2 2 2
left_child=1 2 5 4 -4 19 -7 8 11 12 -5 -8 13 -2 15 16 -15 -18 -19 20 21 22 -1 28 -25 -3 -9 -28 -21 -30
right_child=9 25 3 10 -6 6 7 26 -10 -11 -12 -13 -14 14 -16 -17 17 18 -20 23 -22 -23 -24 24 -26 -27 27 -29 29 -31
leaf_value=0.071100710033120892 0.40411641846518448 0.0099260941984523621 0.49429268210533917 -0.65583079303213021 0.030512752994436673 0.69685983277870289 0.16765497900380341 -1.9898293638912055 0.28046576096012821 0.027904905265806395 0.085720586810912394 -0.04802902312704381 -1.157538876795722 -2.0783414902041564 -2.25738812055905 -1.7212821518609362 0.2750721151518199 -0.24426935071911604 0.99916264548334077 -0.90098910460438852 0.23276380657309381 -0.7043057817388424 -0.49796149422113306 0.085438449156358898 -0.43558824850672284 0.94650153639187051 0.58302635584846985 -0.21695779238976481 0.027397766202368865 -0.039949348288809999
leaf_weight=24 24 20 20 41 28 29 38 56 22 35 35 31 590 52 138 138 26 34 22 164 36 78 22 34 39 20 21 21 45 58
leaf_count=24 24 20 20 41 28 29 38 56 22 35 35 31 590 52 138 138 26 34 22 164 36 78 22 34 39 20 21 21 45 58
internal_value=-0.00086708 0.00040136 0.00020665 0.00232258 0.00575 -0.000158775 0.00126605 0.000333333 0.00227472 -0.00192351 0.000157894 4.34775e-05 -0.0020625 -0.00127189 -0.00153659 -0.000794118 0.000805969 0.00285366 0.00128571 -0.000780001 0.000562499 -0.000580646 0.00221739 -0.00141177 0.000698629 0.0045 -0.00146939 0.000571428 -0.00198876 -0.000669904
internal_weight=1941 882 842 124 48 718 218 189 91 1059 76 69 1024 434 410 272 134 82 56 500 160 124 46 340 73 40 98 42 267 103
internal_count=1941 882 842 124 48 718 218 189 91 1059 76 69 1024 434 410 272 134 82 56 500 160 124 46 340 73 40 98 42 267 103
is_linear=0
shrinkage=0.03


Tree=118
num_leaves=31
num_cat=0
split_feature=11 6 6 10 34 20 17 24 2 49 8 9 40 57 14 33 49 57 34 39 32 33 1 34 34 3 23 10 57 36
split_gain=2.48286 0.807196 1.27128 1.16061 1.21681 1.54 1.10601 0.618426 0.732012 1.25188 0.986488 1.34246 1.38586 1.2581 0.753119 0.736532 0.60715 0.853743 1.0006 0.601667 0.579048 1.04472 0.550671 0.515377 0.852788 0.496674 0.483113 0.469014 0.668657 0.260685
threshold=-0.16280825711808986 17.500000000000004 20.500000000000004 0.72947329433276253 569.0883928500001 6.5000000000000009 62.500000000000007 14.950000000000001 4543.4285715000015 38.500000000000007 2.5000000000000004 144.50000000000003 586.32295386270846 309.50000000000006 32.45000000000001 59.192857145000012 13.500000000000002 207.50000000000003 870.77857140000015 921.8390996937502 769.4937500000002 350.39285715000005 9110.1339285000013 1160.0785715000004 1221.4714285000002 6551800.5950000007 121.50000000000001 0.93540483100319627 298.50000000000006 618.67410715000017
decision_type=2 2 2 2 2 2 2 2 2 2 2 2 2 2 2 2 2 2 2 2 2 2 2 2 2 2 2 2 2 2
left_child=7 -2 3 4 5 25 27 22 9 10 13 14 20 19 15 -12 23 -18 -19 -9 21 26 -1 -10 -25 29 -13 -4 -29 -3
right_child=1 2 6 -5 -6 -7 -8 8 16 -11 11 12 -14 -15 -16 -17 17 18 -20 -21 -22 -23 -24 24 -26 -27 -28 28 -30 -31
leaf_value=0.18428695276358459 -1.278129395802079 0.029503785099177879 -1.5790162206936043 -5.151068857781401 -3.5779237836845521 -0.20082467529272088 0.027067758107832202 -3.2207765384476184 -0.92648789027939027 -0.80178094027416003 0.063338992553924459 0.18836177344569333 1.2379495512840848 0.029622543964628503 0.014264940222399431 0.6630048890128265 -0.0435803863859313 1.3429207267073566 0.0046073521662885692 0.058806980194468665 -0.65821736601900271 0.48787299213455154 -0.40734958488331346 0.14588390658181574 -0.099113413155619293 1.6009470522024942 -0.11835446477328468 0.16071164842303373 -2.5243112147208913 0.50087391832810124
leaf_weight=39 387 20 418 42 25 25 32 100 180 89 28 38 21 35 30 27 37 20 28 20 38 20 23 21 34 22 54 35 32 21
leaf_count=39 387 20 418 42 25 25 32 100 180 89 28 38 21 35 30 27 37 20 28 20 38 20 23 21 34 22 54 35 32 21
internal_value=-0.000774344 -0.00175354 -0.001125 0.00125806 0.00284071 0.0045 -0.00183946 0.00040136 0.000182926 0.000899999 0.00159854 0.00274219 0.00121053 -0.000290323 0.00582353 0.00790909 -0.000937501 0.00123529 0.003875 -0.00175 0.000199999 0.00128571 0.00329032 -0.0017234 0.000818181 0.007 -6.52181e-05 -0.00219588 0.000134328 0.00504878
internal_weight=1941 1059 672 155 113 88 517 882 820 500 411 256 171 155 85 55 320 85 48 120 150 112 62 235 55 63 92 485 67 41
internal_count=1941 1059 672 155 113 88 517 882 820 500 411 256 171 155 85 55 320 85 48 120 150 112 62 235 55 63 92 485 67 41
is_linear=0
shrinkage=0.03


Tree=119
num_leaves=31
num_cat=0
split_feature=11 30 18 15 58 48 26 12 58 15 30 43 33 42 58 48 57 40 2 11 34 21 1 48 31 41 16 8 17 24
split_gain=2.5638 1.23849 1.06805 0.580834 1.32356 1.30019 0.821873 0.816244 2.09388 0.585008 0.553289 0.97652 1.1283 1.11916 0.87124 0.761545 0.524422 0.477461 0.41957 0.4 0.322395 0.343924 0.270374 0.259387 0.245671 0.708042 0.377368 0.228292 0.395598 1.00833
threshold=-0.58216583101416131 509.62857145000004 15.500000000000002 82.500000000000014 1008.2500000000001 28.500000000000004 8.2500000000000018 0.62334665204000361 1005.6500000000002 81.500000000000014 776.64642855000011 -117.96874999999999 373.31785715000007 -54.16339269999991 1007.6500000000002 52.000000000000007 275.50000000000006 28.019345238125002 118.14285715000001 -0.77259657388510616 830.63571430000013 119.50000000000001 6199.3125000000009 12.500000000000002 1110.9294645000002 383.55202852985121 23.250000000000004 1.5000000000000002 18.500000000000004 33.900000000000006
decision_type=2 2 2 2 2 2 2 2 2 2 2 2 2 2 2 2 2 2 2 2 2 2 2 2 2 2 2 2 2 2
left_child=1 2 19 4 5 9 -7 17 -9 27 15 13 -13 -12 24 22 -16 -8 -11 -1 21 -5 -3 -18 25 26 -14 28 29 -2
right_child=3 10 -4 20 -6 6 7 8 -10 18 11 12 14 -15 16 -17 23 -19 -20 -21 -22 -23 -24 -25 -26 -27 -28 -29 -30 -31
leaf_value=-0.0084754992459593684 0.18125036767411262 0.007873994261474308 0.50131788767953744 -1.0810131760510888 0.045472081758189231 -3.4379283024703482 0.064679169891941474 -0.22690018201550732 0.15589031762084923 -1.2701228389980022 0.56035453221351006 0.092674913463831471 0.38660570499251629 0.050159118332375532 0.35405256675792507 0.016521550644297556 0.45620231400794259 -1.6267223593920777 0.67846481393926827 0.14565608142855233 0.013926290121766223 0.13046951081466013 -0.24612365954821652 -0.22433994478826388 -0.30624370756125024 0.15672847640486728 -0.18330905043518064 -1.3799124169677315 -1.2065684776553458 -0.54461149795637476
leaf_weight=20 20 37 27 599 29 48 31 32 25 21 24 31 27 31 23 28 33 38 20 20 20 20 109 23 61 20 83 313 88 40
leaf_count=20 20 37 27 599 29 48 31 32 25 21 24 31 27 31 23 28 33 38 20 20 20 20 109 23 61 20 83 313 88 40
internal_value=-0.00086708 0.000768844 0.00461194 -0.00159375 -0.001 -0.00126923 0.000965517 0.00223809 0.00489474 -0.00204383 0.000283018 0.000960673 0.000289036 0.00463636 -0.000333334 -0.00110345 0.00231645 4.34775e-05 0.00139024 0.0015 -0.00224883 -0.00236995 -0.0019726 0.000749999 -0.00142932 -0.000692308 -0.00163636 -0.00234924 -0.00137838 0.000499999
internal_weight=1941 597 67 1344 705 676 174 126 57 502 530 356 301 55 270 174 79 69 41 40 639 619 146 56 191 130 110 461 148 60
internal_count=1941 597 67 1344 705 676 174 126 57 502 530 356 301 55 270 174 79 69 41 40 639 619 146 56 191 130 110 461 148 60
is_linear=0
shrinkage=0.03


Tree=120
num_leaves=31
num_cat=0
split_feature=1 58 28 53 40 22 9 27 10 26 27 3 3 36 58 2 37 46 1 58 23 26 58 20 9 14 53 11 9 32
split_gain=2.06698 1.33665 2.22017 0.841539 0.895853 0.942857 0.839933 0.941149 1.42764 1.17009 0.932714 0.627206 0.459988 0.456364 0.777502 0.5464 0.536262 1.27358 1.19975 1.02837 1.19289 1.0097 1.5985 0.583867 0.433047 0.681818 0.429545 0.402367 0.389486 0.40814
threshold=2010.8214285000001 1008.1500000000002 1008.35 62.500000000000007 64.633072919583341 32.500000000000007 149.50000000000003 302.50000000000006 -0.68322629814330782 7.0000000000000009 255.50000000000003 6551800.5950000007 7156256.0715000005 9.2428571430000002 1007.4500000000002 3887.5000000000005 824.76250000000016 23.850000000000005 9881.2857145000016 1006.0500000000001 202.00000000000003 18.650000000000002 1005.4500000000002 22.500000000000004 140.50000000000003 29.450000000000003 117.50000000000001 0.84874750804349197 151.50000000000003 760.9633928500001
decision_type=2 2 2 2 2 2 2 2 2 2 2 2 2 2 2 2 2 2 2 2 2 2 2 2 2 2 2 2 2 2
left_child=1 6 -3 4 5 -2 7 8 24 -10 -11 27 -13 16 15 -15 21 -18 19 -19 -21 28 23 -23 25 -1 -8 -12 -5 -30
right_child=3 2 -4 13 -6 -7 26 -9 9 10 11 12 -14 14 -16 -17 17 18 -20 20 -22 22 -24 -25 -26 -27 -28 -29 29 -31
leaf_value=0.0625816551534258 -1.6499545958687272 0.024891562911851562 -1.9115729940274275 -0.36601347874016199 0.22033368511143045 0.12410157352524914 -1.2726495793210624 -1.1353310440497215 -2.1491095875408348 -1.3757373752988289 0.033020175278918859 3.1091308068344112 0.1825039513478286 0.70105346586894612 -2.0587495230182902 0.075378907486442465 -0.018534335603042625 -0.063591437028227116 0.0070593126573749321 0.27719649246133704 0.84381298379776681 0.015955821079028955 0.28829653993771481 -1.2127490825951728 -2.7597085539998409 -6.016579011783592 0.20513709461818727 0.3230718584179792 0.010967106914251635 -0.58518176622225559
leaf_weight=20 22 23 24 232 20 20 420 234 73 43 41 20 21 21 24 20 106 22 79 35 23 33 27 38 141 24 20 29 60 26
leaf_count=20 22 23 24 232 20 20 420 234 73 43 41 20 21 21 24 20 106 22 79 35 23 33 27 38 141 24 20 29 60 26
internal_value=-0.000743432 -0.00157017 0.00338298 0.000415841 0.00377419 0.00128571 -0.00178453 -0.00109598 -0.00023301 0.00136123 0.00284416 0.0042973 0.0072439 0.000136729 0.00253846 0.00504878 -9.25117e-05 0.000962263 0.00266038 0.00525 0.00734483 -0.000764424 0.00189796 -0.000464789 -0.00218919 0.00040909 -0.00279546 0.00257143 -0.00158491 0.000139534
internal_weight=1941 1133 47 808 62 42 1086 646 412 227 154 111 41 746 65 41 681 265 159 80 58 416 98 71 185 44 440 70 318 86
internal_count=1941 1133 47 808 62 42 1086 646 412 227 154 111 41 746 65 41 681 265 159 80 58 416 98 71 185 44 440 70 318 86
is_linear=0
shrinkage=0.03


Tree=121
num_leaves=31
num_cat=0
split_feature=1 28 28 9 27 10 27 3 47 36 20 14 43 37 28 9 57 48 31 52 36 3 9 14 19 47 45 8 56 44
split_gain=1.86861 1.11529 2.28913 0.583927 0.893372 0.943043 0.981889 0.63542 1.0615 0.854398 0.519683 1.57763 1.5791 1.25404 1.14782 0.772636 1.49795 0.711633 1.52697 0.618944 0.602888 0.51793 0.463557 0.640244 0.425926 0.397465 0.635504 0.853186 0.346883 0.325123
threshold=1215.7500000000002 1008.1500000000002 1008.35 149.50000000000003 302.50000000000006 -0.68322629814330782 262.50000000000006 6297804.0000000009 39.500000000000007 643.42142855000009 1.0000000180025095e-35 32.550000000000004 -291.90089284999993 663.8375000000002 1006.9500000000002 144.50000000000003 274.50000000000006 57.500000000000007 705.31428570000014 1.5000000000000002 20.210714285000005 6281600.8570000008 140.50000000000003 29.450000000000003 15.500000000000002 41.500000000000007 62.500000000000007 3.5000000000000004 10.65 28.050000000000004
decision_type=2 2 2 2 2 2 2 2 2 2 2 2 2 2 2 2 2 2 2 2 2 2 2 2 2 2 2 2 2 2
left_child=1 3 -3 4 5 22 28 -8 9 -9 14 12 13 -12 20 16 -16 19 -19 -14 24 -17 23 -1 -2 26 -23 -28 29 -7
right_child=10 2 -4 -5 -6 6 7 8 -10 -11 11 -13 17 -15 15 21 -18 18 -20 -21 -22 25 -24 -25 -26 -27 27 -29 -30 -31
leaf_value=0.060704205498823799 -1.348978117802438 0.024144816024496012 -1.9097834502941435 -1.193598724038045 -1.5247625338056561 0.21635687650999322 -0.06148272957419252 1.5908393782772936 0.031094819900517112 1.5561442203996969 0.069818109559177222 0.10006882327288109 0.014550204628132482 0.61094079539840929 0.16678894050614548 0.22421641488024618 0.060475723252888997 0.065585396087998404 -0.15797565940072084 -0.034626912557965836 0.1828850376625249 -0.079641304069502761 -2.6739587145069672 -5.778535645243795 0.013901667720753538 -1.5679258574028405 0.11185036184021326 0.0081129368653297864 0.28816296516531958 -2.3279650088476807
leaf_weight=20 184 20 26 410 216 21 21 20 35 23 29 36 33 22 20 20 54 29 33 182 20 72 130 21 32 46 20 48 32 66
leaf_count=20 184 20 26 410 216 21 21 20 35 23 29 36 33 22 20 20 54 29 33 182 20 72 130 21 32 46 20 48 32 66
internal_value=-0.000851624 -0.00169934 0.00286956 -0.0019064 -0.00131405 -0.000455014 0.00085321 0.00306061 0.00430769 0.00746512 0.000170454 0.00103846 0.000384146 0.00523529 -0.000441861 0.000857142 0.00348649 -0.000509026 0.00232258 -0.00132558 -0.00198305 -8.73794e-05 -0.00212281 0.000658536 -0.00244445 -0.000580646 0.000214285 0.00229412 -0.000983194 -0.00196552
internal_weight=1941 1061 46 1015 605 389 218 99 78 43 880 364 328 51 516 280 74 277 62 215 236 206 171 41 216 186 140 68 119 87
internal_count=1941 1061 46 1015 605 389 218 99 78 43 880 364 328 51 516 280 74 277 62 215 236 206 171 41 216 186 140 68 119 87
is_linear=0
shrinkage=0.03


Tree=122
num_leaves=31
num_cat=0
split_feature=11 58 16 38 38 12 27 2 27 14 36 44 15 43 12 40 19 42 30 44 1 37 24 46 27 43 24 11 6 36
split_gain=2.53531 2.0941 2.44692 0.569519 1.74414 0.463107 0.625979 0.769761 0.665692 0.923077 0.853333 0.444898 0.652654 0.881838 1.22789 0.763562 0.92786 1.15772 1.10247 1.30747 1.30662 0.657675 1.22993 1.84091 0.938889 0.583333 0.525999 0.426667 0.407009 0.387821
threshold=-0.16280825711808986 1008.1500000000002 25.750000000000004 1153.7502232875001 1094.1707590000003 0.53946920585801694 302.50000000000006 7031.0714285000004 262.50000000000006 29.150000000000002 225.51875000000004 33.350000000000001 59.500000000000007 -387.14374999999995 0.58218302397213695 810.22783481458362 37.500000000000007 140.89910714999996 879.69017855000004 28.850000000000005 3226.2857145000003 177.95714285000003 342.35000000000008 24.850000000000005 297.50000000000006 97.362500000000011 2.2500000000000004 0.72947329433276265 27.500000000000004 771.57142855000018
decision_type=2 2 2 2 2 2 2 2 2 2 2 2 2 2 2 2 2 2 2 2 2 2 2 2 2 2 2 2 2 2
left_child=3 5 -3 4 11 -2 7 8 28 10 -10 12 -1 14 -14 16 17 18 19 20 -15 -21 23 -23 -24 -26 -18 -12 -7 -29
right_child=1 2 -4 -5 -6 6 -8 -9 9 -11 27 -13 13 15 -16 -17 26 -19 -20 21 -22 22 24 -25 25 -27 -28 29 -30 -31
leaf_value=-0.05877316826204157 -1.1742842759682892 -0.72444810284530814 0.038568596374819429 -0.31158021806908209 0.92736083930207391 -1.8691987193654782 -1.8944163562063254 -2.4717593996591947 0.71110335624704157 -0.15724914380098823 -0.36863477699839275 0.036918193666175339 0.91061895286062167 0.045232948346375215 -0.20178690769010835 -0.34373753200619955 0.95022328098460862 -0.15767148309981399 0.19879170466203944 -0.50602894493918604 0.19414056623642501 0.41666508659857926 -0.51484891080801576 -0.68753322790993421 9.0144595458067073e-05 0.06445346469173012 -0.03264350575789271 1.6114316594319886 0.34124463530479832 0.33630846846891765
leaf_weight=116 415 20 23 43 36 109 213 126 25 30 25 31 25 21 24 119 28 55 35 49 20 22 72 22 27 21 116 24 23 26
leaf_count=116 415 20 23 43 36 109 213 126 25 30 25 31 25 21 24 119 28 55 35 49 20 22 72 22 27 21 116 24 23 26
internal_value=-0.000820712 -0.0018102 0.00467442 0.000367346 0.000539928 -0.00208465 -0.00155241 -0.000835052 9.16023e-05 0.00161538 0.003 0.000250311 0.000108808 0.000475609 0.00434694 0.000163096 0.000688524 0.00153488 0.00229412 0.0016063 0.00651219 0.000661971 0.00157317 0.00586364 -7.15256e-10 0.00325 -0.00133333 0.0014 -0.00140909 0.003
internal_weight=1941 1059 43 882 839 1016 601 388 262 130 100 803 772 656 49 607 488 344 289 254 41 213 164 44 120 48 144 75 132 50
internal_count=1941 1059 43 882 839 1016 601 388 262 130 100 803 772 656 49 607 488 344 289 254 41 213 164 44 120 48 144 75 132 50
is_linear=0
shrinkage=0.03


Tree=123
num_leaves=31
num_cat=0
split_feature=11 58 16 56 45 1 48 9 27 34 26 36 19 36 36 32 44 22 6 9 42 26 40 1 26 31 43 30 24 47
split_gain=2.69619 2.0941 2.44692 0.754174 1.03954 0.856026 0.865801 0.463107 0.625979 1.03501 1.01749 0.912768 1.22463 0.525 0.436364 0.433593 1.8656 0.935065 0.620587 0.752511 0.678625 0.68311 0.791549 1.39469 0.901231 0.519231 1.16897 0.445716 0.328555 0.301786
threshold=-0.16280825711808986 1008.1500000000002 25.750000000000004 21.050000000000001 59.500000000000007 8900.7142860000022 15.500000000000002 149.50000000000003 302.50000000000006 54.513095235000002 7.7500000000000009 675.34464285000001 1.0000000180025095e-35 448.15714285000007 902.08125000000007 177.27142855000002 29.850000000000005 54.500000000000007 26.500000000000004 141.50000000000003 -156.0124999999999 8.5500000000000025 406.23630953270839 8827.3571430000029 18.650000000000002 582.78750000000002 -172.588392857 1150.1142860000002 759.30000000000007 18.500000000000004
decision_type=2 2 2 2 2 2 2 2 2 2 2 2 2 2 2 2 2 2 2 2 2 2 2 2 2 2 2 2 2 2
left_child=3 7 -3 15 -5 6 -6 8 9 10 -2 12 13 -12 -13 16 17 -1 19 29 -21 -22 23 -23 25 -24 -27 -28 -20 -17
right_child=1 2 -4 4 5 -7 -8 -9 -10 -11 11 14 -14 -15 -16 18 -18 -19 28 20 21 22 24 -25 -26 26 27 -29 -30 -31
leaf_value=-0.99777789503335901 -1.6402191727428388 -0.70271465975994896 0.037411538483574848 0.029595594818807903 -0.002209423112479876 -0.68435625733325223 0.57131175265301448 -1.1390557476892407 -1.8375838655201358 -2.3976066176694188 -0.037961361303681378 -1.4836457363189399 0.70882630027569049 0.343142974387661 0.26104201658107784 0.037520083429955768 0.28273048495340808 0.091945970492565185 -1.3578246181652498 -0.05826394226049527 -0.01117082842709217 0.086444450943273271 -0.20939771939119742 0.94877338609484552 0.018573972638060619 0.6430905997767653 -0.5675087286648689 0.34899460829614681 0.012217451665362674 -1.8035791061534963
leaf_weight=77 89 20 23 24 33 38 21 415 213 165 35 33 23 21 22 28 29 22 142 65 52 31 30 20 29 23 43 34 29 112
leaf_count=77 89 20 23 24 33 38 21 415 213 165 35 33 23 21 22 28 29 22 142 65 52 31 30 20 29 23 43 34 29 112
internal_value=-0.0007898 -0.0018102 0.00467442 0.000435373 0.00268965 0.00123913 0.00366667 -0.00208465 -0.00155241 -0.000835052 0.000497757 0.00214925 0.00421519 0.00182143 -0.000818183 9.39941e-05 0.0016875 -0.000272728 -0.000225706 0.00034047 0.00112844 0.00180916 0.00257143 0.00582353 0.0015283 0.000461538 0.0015 -0.000272728 -0.00177193 -0.0015
internal_weight=1941 1059 43 882 116 92 54 1016 601 388 223 134 79 56 55 766 128 99 638 467 327 262 210 51 159 130 100 77 171 140
internal_count=1941 1059 43 882 116 92 54 1016 601 388 223 134 79 56 55 766 128 99 638 467 327 262 210 51 159 130 100 77 171 140
is_linear=0
shrinkage=0.03


Tree=124
num_leaves=31
num_cat=0
split_feature=30 58 28 9 27 37 27 16 10 6 27 49 44 6 38 9 3 26 37 8 9 49 28 26 45 51 44 44 16 37
split_gain=1.99259 1.6408 2.74004 0.981073 1.26601 1.16816 0.89505 1.33636 0.89376 1.51279 1.07573 1.21963 0.745649 0.5025 0.972287 0.757394 0.915682 1.10401 0.815416 0.926383 0.658503 0.47362 0.879259 0.463706 0.584791 0.441618 1.02974 0.95037 2.15436 0.582898
threshold=131.17857145000002 1008.1500000000002 1008.35 149.50000000000003 302.50000000000006 1.0000000180025095e-35 323.50000000000006 24.950000000000003 -0.47114434510950048 19.500000000000004 262.50000000000006 1.0000000180025095e-35 33.350000000000001 26.500000000000004 274.45044642500011 141.50000000000003 6355305.6250000009 18.650000000000002 826.44732145000012 2.5000000000000004 143.50000000000003 13.500000000000002 1006.2500000000001 4.5500000000000007 83.500000000000014 365.50000000000006 27.550000000000004 30.050000000000004 24.850000000000005 977.2491071500001
decision_type=2 2 2 2 2 2 2 2 2 2 2 2 2 2 2 2 2 2 2 2 2 2 2 2 2 2 2 2 2 2
left_child=1 3 -3 4 5 8 12 -8 9 -1 23 -12 13 15 -15 21 17 18 20 -20 -17 -2 -23 -10 -25 26 -18 28 -28 -27
right_child=6 2 -4 -5 -6 -7 7 -9 10 -11 11 -13 -14 14 -16 16 25 -19 19 -21 -22 22 -24 24 -26 29 27 -29 -30 -31
leaf_value=0.055382262497949468 -5.3289005947049484 0.036289192329067597 -1.7999339814361139 -1.1374531960896055 -1.3721190298178798 -2.0075960339824634 0.23457408590120468 -1.6133055991707057 -2.7652588984631032 -2.3429349860233719 0.055074648788095613 2.0879912670510965 0.31584053189521655 0.085240339999241618 -2.545899968229218 0.34944368919622232 -0.050943215396305211 0.10788665109111578 0.11033252566107951 0.26952477403450781 -0.021491814793509634 0.050862958310759196 -0.033929386105112813 -0.0094718534349462202 0.36433444957129979 -0.050993335480969765 2.5036286112024313 -0.90856517172076579 0.0050529072608014921 0.017935289314081056
leaf_weight=31 99 23 25 414 219 119 33 22 26 85 41 27 37 27 137 35 54 30 22 24 49 34 45 43 20 90 20 22 31 57
leaf_count=31 99 23 25 414 219 119 33 22 26 85 41 27 37 27 137 35 54 30 22 24 49 34 45 43 20 90 20 22 31 57
internal_value=-0.000681608 -0.00154613 0.003875 -0.0018 -0.00103601 -1.53068e-05 0.000387096 0.00409091 0.00106593 -0.000931035 0.0025414 0.00538235 0.000136531 -6.18564e-05 -0.00153659 0.000333333 0.00100922 0.0028125 0.00161538 0.00482609 -0.000142858 -0.00131461 0.000417721 0.000370786 0.0017619 -4.37963e-05 0.00125197 0.00357534 0.00582353 -0.00116327
internal_weight=1941 1073 48 1025 611 392 868 55 273 116 157 68 813 776 164 612 434 160 130 46 84 178 79 89 63 274 127 73 51 147
internal_count=1941 1073 48 1025 611 392 868 55 273 116 157 68 813 776 164 612 434 160 130 46 84 178 79 89 63 274 127 73 51 147
is_linear=0
shrinkage=0.03


Tree=125
num_leaves=31
num_cat=0
split_feature=11 58 28 1 3 11 27 28 9 27 40 26 6 14 17 36 34 2 1 31 1 47 36 43 17 43 32 53 44 17
split_gain=2.04568 1.64869 2.71974 0.976085 0.82735 0.781839 0.955864 0.664154 0.63003 0.868203 1.20865 1.05013 0.935073 1.20301 0.521783 0.497577 0.530296 0.63658 0.612581 0.465997 0.611154 0.445345 0.946021 0.406068 0.406029 0.264221 0.565245 0.210304 0.200993 0.182979
threshold=-0.41248606129204524 1008.1500000000002 1008.35 3717.0625000000005 6648918.7855000012 -0.77259657388510616 309.50000000000006 1008.9500000000002 149.50000000000003 302.50000000000006 14.929017856666649 7.6500000000000012 19.500000000000004 29.450000000000003 34.500000000000007 719.56250000000011 783.35535715000003 4455.6250000000009 8900.7142860000022 703.81875000000014 8093.0000000000009 48.500000000000007 675.34464285000001 -313.46071406499999 32.500000000000007 -72.33571428499998 794.49553570000012 104.50000000000001 32.750000000000007 80.500000000000014
decision_type=2 2 2 2 2 2 2 2 2 2 2 2 2 2 2 2 2 2 2 2 2 2 2 2 2 2 2 2 2 2
left_child=3 8 -3 4 14 6 7 15 9 10 11 24 13 -12 -1 16 19 -18 -19 20 -5 22 -13 -10 -2 26 -7 -27 -20 -11
right_child=1 2 -4 5 -6 25 -8 -9 23 29 12 21 -14 -15 -16 -17 17 18 28 -21 -22 -23 -24 -25 -26 27 -28 -29 -30 -31
leaf_value=0.1976685204396624 0.63677706534905221 0.035200516559195573 -1.2008125258907303 -0.046725033894274584 0.054039744922129235 0.053659676821005954 0.099734915963493029 0.031339310095259004 0.087705403651094888 -1.3242096206857601 0.19600759849714022 0.36526316963295252 -1.9610716766896428 -5.4874880664850956 -0.029720752084652236 0.60425216819735827 1.3085951104978473 0.10874066934871816 -0.0087238954114290147 -0.083180988842620249 0.49623852472587837 0.80028561240604634 0.015658771838943798 -0.98921344746029694 -3.0018300664495428 0.018979377830991743 -0.14559606921088847 -0.33714511455234536 -0.41066149996585577 -0.042665412535515021
leaf_weight=23 31 23 33 34 20 20 30 26 20 215 38 30 211 32 22 25 29 32 26 162 22 36 23 454 55 25 43 145 36 20
leaf_count=23 31 23 33 34 20 20 30 26 20 215 38 30 211 32 22 25 29 32 26 162 22 36 23 454 55 25 43 145 36 20
internal_value=-0.000851624 -0.00159951 0.00342857 0.000416666 0.00392308 6.87016e-05 0.000838862 0.000443877 -0.0018412 -0.00126339 -0.000500001 0.00145714 -0.00171886 0.00128571 0.00166667 0.000114753 -0.000184751 0.00139024 0.000191489 -0.0010734 0.00128571 0.00374157 0.00549057 -0.00268355 -0.000906977 -0.00132618 0.000333333 -0.00194118 -0.00154839 -0.00274468
internal_weight=1941 1221 56 720 65 655 422 392 1165 691 456 175 281 70 45 366 341 123 94 218 56 89 53 474 86 233 63 170 62 235
internal_count=1941 1221 56 720 65 655 422 392 1165 691 456 175 281 70 45 366 341 123 94 218 56 89 53 474 86 233 63 170 62 235
is_linear=0
shrinkage=0.03


Tree=126
num_leaves=31
num_cat=0
split_feature=58 4 30 27 9 27 23 34 38 34 26 58 37 27 33 31 32 26 35 57 44 16 58 37 43 16 47 26 22 26
split_gain=1.92789 1.78007 1.62022 0.977363 0.94145 0.96108 0.912163 0.763543 0.827029 0.747754 0.816203 0.682067 0.608834 0.783914 1.56806 0.846886 0.745579 0.909626 0.73278 0.604174 0.595207 0.566933 0.54193 0.480507 0.919615 0.434121 0.426055 0.402123 0.374777 0.265031
threshold=1008.1500000000002 22.500000000000004 82.989285715000008 323.50000000000006 149.50000000000003 302.50000000000006 182.50000000000003 118.98750000000003 958.19843758750005 1.0000000180025095e-35 7.0000000000000009 1004.6500000000002 70.32053571500002 290.50000000000006 896.91428570000016 705.31428570000014 271.42857145000005 13.900000000000002 710.55000000000007 262.50000000000006 32.250000000000007 23.550000000000004 1008.4500000000002 958.43928570000014 -195.57142854999987 23.150000000000002 40.500000000000007 9.9500000000000011 5.5000000000000009 8.6500000000000004
decision_type=2 2 2 2 2 2 2 2 2 2 2 2 2 2 2 2 2 2 2 2 2 2 2 2 2 2 2 2 2 2
left_child=2 6 4 12 5 9 22 -8 -9 10 -1 -11 18 16 20 -16 17 -14 25 29 -15 -22 -2 28 -25 -4 -27 -21 -18 -12
right_child=1 -3 3 -5 -6 -7 7 8 -10 11 19 -13 13 14 15 -17 23 -19 -20 27 21 -23 -24 24 -26 26 -28 -29 -30 -31
leaf_value=-1.8810456961349127 0.021074440024773142 0.039691250488446413 0.023981744126884266 0.19817289373427896 -1.0736531967831087 -1.4141984469740301 0.068638911157160629 -0.060338354747521798 0.3798229317849891 0.031029072260437631 -0.93958018252340625 -2.2253782233870969 0.078775151555971645 -0.3520510072007268 0.096288826737595673 0.023920647879312321 0.708071696642255 -1.3972716295201446 -2.6698838526145905 0.30211160171109358 -0.0080280793027067109 0.025941308844614201 -1.2249708083716853 0.51437641617822405 -0.0168093046884637 0.059724240241232497 0.3794938324008259 0.7524131729860416 -0.43505537768725883 0.21873828601589795
leaf_weight=69 33 20 26 34 401 214 21 34 23 37 29 127 34 88 21 39 20 21 20 39 32 27 73 21 66 22 21 37 255 37
leaf_count=69 33 20 26 34 401 214 21 34 23 37 29 127 34 88 21 39 20 21 20 39 32 27 73 21 66 22 21 37 255 37
internal_value=-0.000758888 0.002 -0.0010829 -2.81132e-05 -0.00187879 -0.00111545 0.00107609 0.00353846 0.00173684 -0.000200001 0.000981042 -0.00171951 -0.000265078 -0.000596155 0.000913043 0.005 -0.00134532 0.00190909 0.00205618 0.00228169 -0.000755103 0.00157627 -0.00073585 -0.00183978 0.000103448 0.00352174 0.00537209 0.00410526 -0.00245455 0.000181817
internal_weight=1941 204 1737 747 990 589 184 78 57 375 211 164 713 624 207 60 417 55 89 142 147 59 106 362 87 69 43 76 275 66
internal_count=1941 204 1737 747 990 589 184 78 57 375 211 164 713 624 207 60 417 55 89 142 147 59 106 362 87 69 43 76 275 66
is_linear=0
shrinkage=0.03


Tree=127
num_leaves=31
num_cat=0
split_feature=11 58 17 8 17 1 1 51 16 54 28 58 15 35 11 1 3 36 3 19 44 16 8 57 9 17 17 31 1 2
split_gain=1.9668 2.02281 2.53846 0.926135 1.18182 0.915693 1.01731 0.836552 0.738547 0.873247 0.683119 1.10409 0.942857 0.625 0.538842 1.17399 0.88764 0.749306 0.668182 0.487921 1.07099 1.26172 0.869237 0.557918 0.901417 0.794864 1.28866 0.508597 0.446078 0.364912
threshold=-0.290129255202841 1008.1500000000002 15.500000000000002 4.5000000000000009 43.500000000000007 9110.1339285000013 7777.0714285000004 105.00000000000001 24.850000000000005 2.2500000000000004 1008.7500000000001 1005.5500000000001 64.500000000000014 791.23303570000019 -0.68322629814330815 5414.2142860000013 6281184.7500000009 737.0875000000002 7263999.1875000009 17.500000000000004 27.850000000000005 25.050000000000004 3.5000000000000004 307.50000000000006 140.50000000000003 20.500000000000004 42.500000000000007 152.01875000000004 10368.937500000002 5306.3571430000011
decision_type=2 2 2 2 2 2 2 2 2 2 2 2 2 2 2 2 2 2 2 2 2 2 2 2 2 2 2 2 2 2
left_child=3 19 -3 7 5 6 10 8 9 -1 11 13 -13 -5 15 -9 -17 18 -18 20 21 -2 23 24 29 -26 -27 -21 -7 -22
right_child=1 2 -4 4 -6 28 -8 14 -10 -11 -12 12 -14 -15 -16 16 17 -19 -20 27 22 -23 -24 -25 25 26 -28 -29 -30 -31
leaf_value=0.3453574925754051 0.11037082517905646 -0.68496864874845176 0.045539365555778061 0.012373552779592826 -1.955376518614764 -0.052331537177685371 0.22429538210033767 0.81559692097186243 -0.91142050832598143 0.045802019900190061 -0.27773539979386297 1.0843151228257892 0.083073552185917623 -0.2784374819162187 -0.50832521902073324 0.22296774751281104 -0.095753428364003176 0.56847469738411704 0.080503641688553271 -0.99668528168522041 0.1442064624260723 -0.41269077327036402 -1.8378985884245647 -1.4430685306786744 -2.8783954438543309 0.22646010368230304 -1.5668253293073655 0.078984849996265788 0.050341233209723127 0.9325816678788631
leaf_weight=28 21 22 26 20 36 26 26 32 23 22 22 22 20 20 149 28 240 20 24 342 27 39 295 76 116 35 75 29 42 38
leaf_count=28 21 22 26 20 36 26 26 32 23 22 22 22 20 20 149 28 240 20 24 342 27 39 295 76 116 35 75 29 42 38
internal_value=-0.000727976 -0.00152761 0.0045 0.000412499 0.002 0.00290909 0.00438461 -0.000243817 0.00275342 0.0048 0.00305769 0.00431707 0.00771428 0.000749999 -0.000687627 -3.48844e-05 -0.000596155 -0.00109859 -0.00152273 -0.00179232 -0.00133795 0.0025 -0.0016858 -0.000711172 -0.000113403 -0.00100885 0.000818181 -0.00267655 8.82346e-05 0.003
internal_weight=1941 1141 48 800 234 198 130 566 73 50 104 82 42 40 493 344 312 284 264 1093 722 60 662 367 291 226 110 371 68 65
internal_count=1941 1141 48 800 234 198 130 566 73 50 104 82 42 40 493 344 312 284 264 1093 722 60 662 367 291 226 110 371 68 65
is_linear=0
shrinkage=0.03


Tree=128
num_leaves=31
num_cat=0
split_feature=11 58 17 56 14 48 3 42 42 30 57 32 14 21 58 49 44 11 22 44 27 48 26 14 9 3 5 54 38 53
split_gain=1.91856 1.91513 2.94795 0.800378 1.41 0.663511 1.15124 0.848323 1.07381 0.622899 0.964812 0.876812 0.728763 0.575685 0.68957 0.568423 1.02325 1.43591 0.468024 1.66747 0.430672 0.798212 0.901365 0.811228 0.668303 0.744771 0.50381 0.419691 0.921659 0.518973
threshold=-0.16280825711808986 1008.1500000000002 15.500000000000002 21.050000000000001 32.550000000000004 52.000000000000007 6323211.1875000009 36.331250015000002 -47.023214279999955 802.69880950000004 264.50000000000006 719.56250000000011 31.850000000000005 68.500000000000014 1006.0500000000001 20.500000000000004 27.850000000000005 0.91037613702198772 60.000000000000007 29.850000000000005 302.50000000000006 24.500000000000004 8.6500000000000004 29.550000000000004 140.50000000000003 6551800.5950000007 22.500000000000004 757.10000000000014 1153.7502232875001 226.00000000000003
decision_type=2 2 2 2 2 2 2 2 2 2 2 2 2 2 2 2 2 2 2 2 2 2 2 2 2 2 2 2 2 2
left_child=3 15 -3 5 13 9 -7 8 -8 18 12 -12 -11 -5 -15 16 17 -2 19 -1 21 24 -23 26 25 -18 -24 29 -29 -13
right_child=1 2 -4 4 -6 6 7 -9 -10 10 11 27 -14 14 -16 -17 20 -19 -20 -21 -22 22 23 -25 -26 -27 -28 28 -30 -31
leaf_value=-0.64508124321175586 -1.1095384450901773 -0.6644195892859982 0.035374617441045128 0.91325386649950091 0.019508670241728854 0.29006049582331317 -0.061537603269342198 -1.0684247854667794 0.62777491584653533 0.2684356386889476 0.20631559726437337 -0.51967681471853844 0.90509271450830209 -0.037121596741309562 0.015075329808493357 -0.939493845756877 -0.12457624244908216 0.02595285439874119 -0.066870434038602197 0.04389013554358482 -1.7422620789600758 -2.590868895995436 0.048845446696196788 -2.5377317738870446 -1.9717964873955478 1.6818056746382513 0.64026025912670326 0.47706289426814374 -0.15130198225468022 0.052716584036749323
leaf_weight=89 41 22 21 22 25 25 26 46 21 27 32 93 20 48 21 328 43 20 274 22 192 40 40 20 235 22 35 31 25 35
leaf_count=89 41 22 21 22 25 25 26 46 21 27 32 93 20 48 21 328 43 20 274 22 192 40 40 20 235 22 35 31 25 35
internal_value=-0.000666152 -0.00152691 0.00467442 0.000367346 0.00268965 1.56651e-05 0.00208475 0.000548386 0.00338298 -0.000361112 0.000764258 -8.3334e-05 0.00465957 0.000956043 -0.000391305 -0.00178937 -0.00129942 0.00240984 -0.00112987 0.000513513 -0.00166029 -0.00113793 0.000777777 0.00236842 -0.002 0.000692307 0.0038 -0.000880435 0.00128571 -0.00182813
internal_weight=1941 1059 43 882 116 766 118 93 47 648 263 216 47 91 69 1016 688 61 385 111 627 435 135 95 300 65 75 184 56 128
internal_count=1941 1059 43 882 116 766 118 93 47 648 263 216 47 91 69 1016 688 61 385 111 627 435 135 95 300 65 75 184 56 128
is_linear=0
shrinkage=0.03


Tree=129
num_leaves=31
num_cat=0
split_feature=11 4 18 56 30 49 2 57 9 28 44 26 10 16 53 54 33 30 48 32 53 40 48 18 6 18 38 38 32 14
split_gain=1.67533 2.05028 2.04803 1.03056 1.42042 0.725032 1.01886 1.13071 0.963519 0.624026 0.608492 0.911263 0.688888 0.607769 0.518699 0.508065 0.521752 0.833401 1.03052 0.498113 0.412286 0.652729 0.550284 1.35396 0.440614 0.355412 0.411808 1.25357 0.728797 0.335432
threshold=-0.3520614488341256 22.500000000000004 27.500000000000004 21.050000000000001 524.67857140000012 2.5000000000000004 6049.6071430000011 314.00000000000006 149.50000000000003 1007.7500000000001 27.850000000000005 8.6500000000000004 0.84874750804349197 23.450000000000003 126.50000000000001 589.20000000000016 809.55000000000007 715.48750000000007 10.500000000000002 703.81875000000014 222.00000000000003 331.40621279581256 54.500000000000007 68.000000000000014 20.500000000000004 3.5000000000000004 1066.0046874875002 1153.7502232875001 674.48214285000006 30.450000000000003
decision_type=2 2 2 2 2 2 2 2 2 2 2 2 2 2 2 2 2 2 2 2 2 2 2 2 2 2 2 2 2 2
left_child=3 5 9 15 -5 6 7 8 10 -3 -2 -12 -13 -6 -7 16 20 -18 -19 -15 21 22 24 -24 -1 26 28 -28 -17 -26
right_child=1 2 -4 4 13 14 -8 -9 -10 -11 11 12 -14 19 -16 25 17 18 -20 -21 -22 -23 23 -25 29 -27 27 -29 -30 -31
leaf_value=-2.2481621265039049 0.51096302506219937 -0.40873908270531267 0.034313381141643687 0.33661298763925657 0.62900818603081809 -0.98335822705635245 -2.5229752313681306 -2.0277912385305874 -1.6012970677429887 0.043776464722035384 -1.3008665099826273 0.21399490125202655 0.14501668912248902 0.0053501849343550179 0.20054059090591861 0.32043778061946426 -0.55727800806116645 2.5065931977547136 0.06209623429182079 -0.37451088100274721 -0.10903208233883138 0.03042081187524218 0.36334120009843923 -0.24313080646574323 0.059454443215822501 -2.0138547465190619 0.61701110907537404 -0.17645934090697155 -0.25173471401651343 -0.0023604154323459622
leaf_weight=70 26 35 21 24 32 613 142 82 43 20 63 76 35 20 25 31 22 20 22 33 63 31 25 27 22 87 30 26 105 70
leaf_count=70 26 35 21 24 32 613 142 82 43 20 63 76 35 20 25 31 22 20 22 33 63 31 25 27 22 87 30 26 105 70
internal_value=-0.000743432 -0.00145047 0.00331579 0.000355262 0.00305505 -0.00177828 -0.000880086 4.61531e-05 0.00107407 0.000272727 0.00195 0.00131034 0.00294595 0.00123529 -0.00243574 -9.67749e-05 0.000629032 0.00309375 0.00557143 -0.00073585 0.000116882 0.000673469 8.41114e-05 0.00276923 -0.000777778 -0.00106452 -0.000343751 0.00182143 -0.00123529 0.000586956
internal_weight=1941 1181 76 760 109 1105 467 325 243 55 200 174 111 85 638 651 372 64 42 53 308 245 214 52 162 279 192 56 136 92
internal_count=1941 1181 76 760 109 1105 467 325 243 55 200 174 111 85 638 651 372 64 42 53 308 245 214 52 162 279 192 56 136 92
is_linear=0
shrinkage=0.03


Tree=130
num_leaves=31
num_cat=0
split_feature=11 58 17 10 54 34 33 31 6 6 16 9 27 34 27 28 31 47 48 28 32 48 28 17 37 16 41 28 41 4
split_gain=1.31022 0.887538 1.55925 0.702764 0.904144 0.847682 2.20721 0.717949 0.629645 1.17196 1.1445 0.620157 0.841755 1.15346 1.15579 0.529908 0.503373 0.431002 1.05413 0.412061 0.416998 0.59034 0.400069 0.338546 0.322062 0.337201 0.511968 0.822378 0.351764 0.297273
threshold=-0.16280825711808986 1008.1500000000002 15.500000000000002 -0.5 89.90000000000002 879.69017855000004 952.86875000000009 1126.2321430000002 20.500000000000004 23.500000000000004 23.350000000000005 149.50000000000003 302.50000000000006 54.513095235000002 262.50000000000006 1009.0500000000001 643.76428570000019 39.500000000000007 19.500000000000004 1008.4500000000002 742.5562500000002 24.500000000000004 1006.5500000000001 1.0000000180025095e-35 224.70000000000002 23.750000000000004 241.57196499926866 1006.5500000000001 371.04065667362403 2.5000000000000004
decision_type=2 2 2 2 2 2 2 2 2 2 2 2 2 2 2 2 2 2 2 2 2 2 2 2 2 2 2 2 2 2
left_child=3 11 -3 4 -1 8 -7 -8 24 10 -10 12 13 14 29 19 -12 18 -16 20 21 -11 -6 -15 -5 -26 27 -27 -28 -2
right_child=1 2 -4 5 22 6 7 -9 9 15 16 -13 -14 23 17 -17 -18 -19 -20 -21 -22 -23 -24 -25 25 26 28 -29 -30 -31
leaf_value=0.021742058592428389 0.18607901268939031 -0.64580029554907936 0.048459783913081318 -1.2366086574516653 -0.24516197063839737 0.51387003894002847 2.5040781721622087 -0.26722469734517201 -0.00084763785315477528 0.70132746275590174 0.47527783860630829 -0.93002951038293979 -1.4368640997278037 0.014238564795671378 0.32781873814166523 0.05512270016895196 0.21646643070673446 0.063928470649470381 1.1310741896697432 -0.099190462598739454 -0.016326421642393337 -0.70630391106413914 0.017512235663492415 -2.0896048361235202 -0.018409200884117599 0.18712697306295062 -0.058241292330278784 -0.32753416740308416 0.04442566554414986 -1.4007859809412446
leaf_weight=34 24 22 21 56 198 20 26 28 31 25 22 415 213 21 37 40 21 44 23 54 51 37 28 144 70 30 66 22 23 95
leaf_count=34 24 22 21 56 198 20 26 28 31 25 22 415 213 21 37 40 21 44 23 54 51 37 28 144 70 30 66 22 23 95
internal_value=-0.000928903 -0.00164023 0.00258139 -7.48306e-05 -0.00138462 0.000472668 0.00348649 0.000333333 6.56927e-05 0.00105694 0.0042973 -0.0018189 -0.001203 -0.000371135 0.00103587 -0.00010145 0.00746512 0.00334615 0.005 -0.000844312 0.00018584 0.00183871 -0.0020708 -0.00227273 -0.000977529 -0.000440759 0.000404255 0.00276923 -0.000977529 -0.000983194
internal_weight=1941 1059 43 882 260 622 74 54 548 281 74 1016 601 388 223 207 43 104 60 167 113 62 226 165 267 211 141 52 89 119
internal_count=1941 1059 43 882 260 622 74 54 548 281 74 1016 601 388 223 207 43 104 60 167 113 62 226 165 267 211 141 52 89 119
is_linear=0
shrinkage=0.03


Tree=131
num_leaves=31
num_cat=0
split_feature=1 11 58 49 14 28 52 26 54 43 6 58 6 19 38 39 3 15 55 54 38 19 6 5 36 2 42 53 17 3
split_gain=1.43448 0.806489 1.18715 0.836361 1.63641 0.718391 0.523587 0.867315 0.642267 0.638202 0.608952 0.715373 0.688592 0.823568 0.756453 0.778747 1.0587 0.897067 1.0614 0.761905 0.486043 0.466986 0.515889 0.599113 0.78725 0.439679 0.382596 0.374378 0.325247 0.248016
threshold=1661.0714285000001 0.91037613702198772 1008.2500000000001 17.500000000000004 28.050000000000004 1006.6500000000002 78.000000000000014 5.3500000000000005 59.250000000000007 -151.62767855000001 30.500000000000004 1006.0500000000001 26.500000000000004 37.500000000000007 1143.246875 365.92232143125005 6317460.5000000009 62.500000000000007 584.50000000000011 600.35000000000002 1017.3962053625002 1.0000000180025095e-35 23.500000000000004 1.0000000180025095e-35 177.85000000000002 228.81250000000003 103.79375000000006 117.50000000000001 49.500000000000007 6604160.8125000009
decision_type=2 2 2 2 2 2 2 2 2 2 2 2 2 2 2 2 2 2 2 2 2 2 2 2 2 2 2 2 2 2
left_child=1 21 3 4 -3 -6 7 -2 9 -9 11 -8 13 14 15 -13 19 20 -19 -17 -18 22 23 -1 -25 -10 -11 -23 -24 -30
right_child=6 2 -4 -5 5 -7 10 8 25 26 -12 12 -14 -15 -16 16 17 18 -20 -21 -22 27 28 24 -26 -27 -28 -29 29 -31
leaf_value=0.58774813096955714 -1.6265090023616329 0.057779660447588692 0.046703758823448537 -0.37754300214016423 0.88810249711952616 -0.25324561199856577 -0.097974849772833786 0.36649124716205289 0.060981806383022384 -0.045134606890467499 0.037473612614750976 -0.0095770643488716518 -0.97919024788830766 -0.81566832635351894 -0.17699535014434095 0.61576478363675846 -0.16126312110055829 0.018431891932534163 0.44808445655346557 0.4815154645243705 0.036957090153659541 -2.1530253726635942 -1.5403756023319382 0.67625115407824099 -1.0495576030611011 0.35814493493115984 0.077348390839494616 0.3610755045286817 -2.1323073380212687 0.97294619803408677
leaf_weight=22 33 21 22 90 20 96 240 26 31 52 38 39 104 39 27 21 37 32 25 27 21 558 145 21 41 21 27 20 24 21
leaf_count=22 33 21 22 90 20 96 240 26 31 52 38 39 104 39 27 21 37 32 25 27 21 558 145 21 41 21 27 20 24 21
internal_value=-0.000897991 -0.00161035 -0.000108434 -0.000753305 0.000722627 -0.000672415 3.57136e-05 0.00142105 0.00235032 0.000999999 -0.000369231 -0.00059804 0.000225806 0.00102985 0.00171616 0.00234653 0.00325767 0.00169565 0.00436842 0.007 -0.000931035 -0.0020493 -0.0010292 0.000928571 -0.000580646 0.00507692 -0.000341773 -0.00253287 -0.00189474 0.000333333
internal_weight=1941 1101 249 227 137 116 840 190 157 105 650 612 372 268 229 202 163 115 57 48 58 852 274 84 62 52 79 578 190 45
internal_count=1941 1101 249 227 137 116 840 190 157 105 650 612 372 268 229 202 163 115 57 48 58 852 274 84 62 52 79 578 190 45
is_linear=0
shrinkage=0.03


Tree=132
num_leaves=31
num_cat=0
split_feature=4 18 11 40 32 9 9 26 43 31 6 9 18 27 14 26 40 6 3 43 18 2 43 43 45 30 40 16 32 36
split_gain=1.53768 2.04803 1.60359 0.591374 1.18648 0.664057 0.839971 0.833439 0.563821 0.664866 0.512121 0.49683 0.589827 1.0983 0.693817 0.548471 0.832096 0.605413 0.402743 0.472444 0.485541 0.395932 0.423122 0.895061 0.985957 0.587121 0.366519 0.327257 0.301534 0.288658
threshold=22.500000000000004 27.500000000000004 -0.16280825711808986 838.10141369375003 1230.1714290000002 142.50000000000003 144.50000000000003 13.750000000000002 -245.18214284999996 552.42142855000009 24.500000000000004 149.50000000000003 4.5000000000000009 312.50000000000006 27.850000000000005 7.0000000000000009 0.38511904762499055 22.500000000000004 6281600.8570000008 368.35892860000007 14.500000000000002 5568.3750000000009 97.362500000000011 200.5267857 74.500000000000014 225.70625000000004 998.53958334375011 24.350000000000005 669.85178570000005 448.15714285000007
decision_type=2 2 2 2 2 2 2 2 2 2 2 2 2 2 2 2 2 2 2 2 2 2 2 2 2 2 2 2 2 2
left_child=2 10 3 4 5 -1 7 -7 9 -8 -2 12 27 14 -14 -16 29 -18 -10 21 -21 22 -20 24 -24 -26 28 -4 -5 -17
right_child=1 -3 11 26 -6 6 8 -9 18 -11 -12 -13 13 -15 15 16 17 -19 19 20 -22 -23 23 -25 25 -27 -28 -29 -30 -31
leaf_value=-0.031328490684670925 -0.35724973484846012 0.045738523960061186 -0.11257741245774992 0.0052519624360810539 2.0054440708983958 0.29160943465783207 -0.0098618489893894639 -0.011006835475583343 0.18368870924214234 0.48525618259455772 0.011210019003046365 -1.0775585845739288 0.20871306167990605 -1.0072086856272078 -1.8721287400612521 0.024428006439566507 0.21012673007839924 -1.7750926855517406 -0.13561167283541828 1.1192066412969313 -0.012981956779953599 0.006126806943010296 0.44823953828837054 -0.34860742811399176 -1.3193621169590075 0.0085324200391501074 0.0062765702535345948 -1.9707266178472871 -0.24155961370398843 0.81450919498402685
leaf_weight=201 33 21 38 36 20 32 21 22 22 20 22 394 25 107 55 29 27 51 98 20 23 26 28 103 31 24 25 216 130 41
leaf_count=201 33 21 38 36 20 32 21 22 22 20 22 394 25 107 55 29 27 51 98 20 23 26 28 103 31 24 25 216 130 41
internal_value=-0.00086708 0.00331579 -0.00103753 -0.000108844 0.000299565 8.49471e-05 0.000702127 0.00422222 0.000245192 0.00358537 0.000272727 -0.0018708 -0.00131919 -0.000492538 0.00068421 0.000103448 0.00105405 -0.00107692 -0.000120001 -0.00036544 0.00258139 -0.000774194 -0.00109859 -0.000258065 0.00206024 -0.000272728 -0.00158639 -0.00240945 -0.00209639 0.00342857
internal_weight=1941 76 1865 882 691 671 470 54 416 41 55 983 589 335 228 203 148 78 375 353 43 310 284 186 83 55 191 254 166 70
internal_count=1941 76 1865 882 691 671 470 54 416 41 55 983 589 335 228 203 148 78 375 353 43 310 284 186 83 55 191 254 166 70
is_linear=0
shrinkage=0.03


Tree=133
num_leaves=31
num_cat=0
split_feature=4 18 11 28 9 8 27 27 3 11 58 56 3 1 15 54 52 32 34 34 49 38 26 8 51 42 28 26 42 18
split_gain=1.50378 2.04803 1.46531 0.624026 0.6166 0.621037 0.815431 1.0035 1.16088 0.623068 0.5398 0.508933 0.913792 0.447991 0.360253 0.359224 0.57219 1.04348 0.50655 0.475524 0.531419 0.96575 0.925726 0.814815 0.493827 0.788159 0.454226 0.61244 0.512121 0.347395
threshold=22.500000000000004 27.500000000000004 -0.097964660725097338 1007.7500000000001 149.50000000000003 3.5000000000000004 310.50000000000006 277.50000000000006 6610741.6340000005 0.84874750804349197 1004.9500000000002 21.250000000000004 6390518.0625000009 12975.071425000002 93.500000000000014 589.20000000000016 390.50000000000006 870.77857140000015 843.57321430000013 737.0875000000002 11.500000000000002 215.44352678750002 12.65 2.5000000000000004 309.00000000000006 67.866964299999992 1006.35 12.950000000000001 1.0000000180025095e-35 3.5000000000000004
decision_type=2 2 2 2 2 2 2 2 2 2 2 2 2 2 2 2 2 2 2 2 2 2 2 2 2 2 2 2 2 2
left_child=2 3 11 -2 5 6 7 9 10 -4 -9 13 -13 15 -7 16 18 -18 19 20 21 22 23 -1 -23 -26 27 28 -22 -17
right_child=1 -3 4 -5 -6 14 -8 8 -10 -11 -12 12 -14 -15 -16 29 17 -19 -20 -21 26 24 -24 -25 25 -27 -28 -29 -30 -31
leaf_value=-3.4477302732251891 -0.34653224280300632 0.044366368241259356 -2.6355125209061794 0.039271963928187097 -1.0574209382166289 -1.7996045686710069 -1.5111657966579717 0.099205287653714044 1.3138624799706105 0.25172946449554479 -0.11434193705211507 0.0081829346114769431 -0.00041800699059495866 0.94246648541967082 0.012603774063042857 -0.0071232107414461758 -0.050410318534519924 0.18513921156449561 -0.44336155283831735 0.22730582793825621 0.4118603469429849 -0.38072463813913154 0.20884799565742967 0.13418386357527454 -0.022227206214244542 0.15445314471365915 -0.38361920290984608 -0.6203639800385875 -0.69255996220369076 -3.4156348760502278
leaf_weight=22 35 21 126 20 377 197 83 31 27 40 40 39 75 22 21 195 23 27 58 26 20 54 20 32 48 33 89 32 24 84
leaf_count=22 35 21 126 20 377 197 83 31 27 40 40 39 75 22 21 195 23 27 58 26 20 54 20 32 48 33 89 32 24 84
internal_value=-0.000820712 0.00331579 -0.000989277 0.000272727 -0.00182166 -0.00119469 -0.000406341 0.00040909 0.00281633 -0.00101205 0.000802816 -0.000139762 0.00173684 -0.000404203 -0.00244954 -0.000522237 -4.72448e-05 0.003 -0.000379913 -7.15256e-10 -0.000272728 0.000732057 0.00348649 0.00144444 -0.000777778 0.000703703 -0.00154546 0.000157894 0.00245454 -0.0013871
internal_weight=1941 76 1865 55 942 565 347 264 98 166 71 923 114 809 218 787 508 50 458 400 374 209 74 54 135 81 165 76 44 279
internal_count=1941 76 1865 55 942 565 347 264 98 166 71 923 114 809 218 787 508 50 458 400 374 209 74 54 135 81 165 76 44 279
is_linear=0
shrinkage=0.03


Tree=134
num_leaves=31
num_cat=0
split_feature=58 11 11 19 14 8 27 26 27 3 48 53 14 18 23 38 36 57 39 41 37 30 41 3 38 19 3 57 16 47
split_gain=1.02141 2.18944 1.10541 0.767572 1.13779 1.085 0.759975 1.06071 0.925794 0.836946 0.812088 0.754809 0.714522 0.661407 0.647712 0.703025 0.594343 0.586228 1.06571 1.56202 0.647358 0.553846 0.650266 0.921293 0.762096 0.666243 1.09091 0.545635 0.509145 0.500595
threshold=1008.1500000000002 0.93540483100319627 -0.097964660725097338 17.500000000000004 26.750000000000004 3.5000000000000004 310.50000000000006 14.050000000000002 269.50000000000006 6610741.6340000005 8.5000000000000018 183.50000000000003 30.150000000000002 42.500000000000007 138.50000000000003 351.27500000000003 344.61875000000003 290.50000000000006 859.89564731250005 252.41149309128915 989.91250000000014 1019.2357145000002 219.70913002393488 6390518.0625000009 877.69508928750008 11.500000000000002 6548168.5000000009 288.50000000000006 25.550000000000004 39.500000000000007
decision_type=2 2 2 2 2 2 2 2 2 2 2 2 2 2 2 2 2 2 2 2 2 2 2 2 2 2 2 2 2 2
left_child=2 11 12 4 -4 6 7 8 10 28 -6 -2 21 -12 -14 -16 17 20 -19 -20 -17 22 25 -24 -25 26 -1 -13 29 -10
right_child=1 -3 3 -5 5 -7 -8 -9 9 -11 13 27 14 -15 15 16 -18 18 19 -21 -22 -23 23 24 -26 -27 -28 -29 -30 -31
leaf_value=-0.038563344057818638 -0.68373459892178068 0.052134978761148108 0.029105967583066272 -0.77956179008984472 -3.7086125489588975 -1.5634580685810331 -1.4378438674244893 -2.9465387170213488 0.19257539863199186 1.8188783358418836 0.34543105134347185 0.36318804671341431 -0.59586950762943591 -2.0182164584926729 0.084699878141119428 -1.9037973699530713 0.50344106590392679 -0.0076744859857149593 0.074784032786192237 -0.0013219659328755299 0.025072295707392344 -0.6964598544787709 0.030015980424320028 -0.0015417726929655194 2.4240537050921134 -0.58399240862691648 0.039158526359607933 -0.012215278264696691 -0.043936263004722531 0.23992381690618983
leaf_weight=44 105 27 20 332 53 276 68 60 20 23 34 44 96 40 29 166 34 83 20 32 41 26 23 52 22 71 22 28 22 28
leaf_count=44 105 27 20 332 53 276 68 60 20 23 34 44 96 40 29 166 34 83 20 32 41 26 23 52 22 71 22 28 22 28
internal_value=-0.000743432 0.00126471 -0.000979275 -0.00164754 -0.00104348 -0.00126923 -0.000155173 0.000535714 0.0015 0.00377419 -0.000165355 5.08467e-05 -0.000122208 0.00186486 -0.000784432 -0.00025926 -0.000606384 -0.000982457 0.000555555 0.00392308 -0.00198551 0.00115385 0.00161538 0.00349484 0.00186486 0.000284671 0.00245454 0.00241667 0.00214286 0.003875
internal_weight=1941 204 1737 976 644 624 348 280 220 93 127 177 761 74 501 405 376 342 135 52 207 260 234 97 74 137 66 72 70 48
internal_count=1941 204 1737 976 644 624 348 280 220 93 127 177 761 74 501 405 376 342 135 52 207 260 234 97 74 137 66 72 70 48
is_linear=0
shrinkage=0.03


Tree=135
num_leaves=31
num_cat=0
split_feature=4 18 1 53 31 19 2 27 9 37 14 19 9 6 3 18 26 14 34 6 10 10 27 14 37 33 53 4 18 6
split_gain=1.41522 2.04803 1.82069 0.839661 0.969371 0.691949 0.959779 1.18634 0.935795 0.91344 1.45286 0.640244 0.637511 0.729209 0.980172 0.929756 0.808081 0.64507 0.616755 0.512121 0.49952 0.525625 0.426337 0.485541 0.472608 0.694337 0.341432 0.365868 0.402661 0.318627
threshold=22.500000000000004 27.500000000000004 1784.5714285000001 62.500000000000007 266.13125000000008 2.5000000000000004 6130.0000000000009 314.00000000000006 149.50000000000003 31.385714285000002 28.750000000000004 15.500000000000002 141.50000000000003 26.500000000000004 6355305.6250000009 10.500000000000002 9.7500000000000018 33.350000000000001 1150.1142860000002 24.500000000000004 0.72947329433276253 0.35206144883412577 166.50000000000003 28.650000000000002 870.77857140000015 942.17857140000012 126.50000000000001 21.500000000000004 1.5000000000000002 22.500000000000004
decision_type=2 2 2 2 2 2 2 2 2 2 2 2 2 2 2 2 2 2 2 2 2 2 2 2 2 2 2 2 2 2
left_child=2 19 5 4 11 6 7 8 9 10 20 -4 -5 14 15 18 -17 -15 -14 -2 21 -1 23 -16 -24 -26 27 -7 -29 -22
right_child=1 -3 3 12 -6 26 -8 -9 -10 -11 -12 -13 13 17 22 16 -18 -19 -20 -21 29 -23 24 -25 25 -27 -28 28 -30 -31
leaf_value=0.026183466477643132 -0.31274942181622073 0.043759017483301299 0.055197967718023926 -0.040169764375555223 0.28696004637168659 -1.0185632623316183 -2.4212388564540466 -1.7489366812717742 -1.3644339313275404 -1.2297783013609398 0.1494072471772141 -1.0930844265475113 -0.0013540160884375474 -1.1436008945765772 -0.058586390922948761 0.034794919299205439 0.32557431953925059 0.074834892342292889 0.0072926297241082474 0.0081315101522749199 -4.711513957826206 0.78425485021943864 -0.062478804816307486 0.52149198343889036 0.35502839244148354 -0.077046423185831339 0.42978524008758118 -1.0587887251292913 0.062879811055261664 0.48656704454557537
leaf_weight=38 33 21 20 166 24 533 125 81 39 27 34 21 76 154 23 30 36 40 21 22 26 29 115 20 39 43 20 23 28 34
leaf_count=38 33 21 20 166 24 533 125 81 39 27 34 21 76 154 23 30 36 40 21 22 26 29 115 20 39 43 20 23 28 34
internal_value=-0.000697064 0.00331579 -0.000860591 0.000188405 0.00346154 -0.00169817 -0.000782911 0.000116882 0.00122907 0.00210638 0.00296273 0.000658536 -9.04332e-05 0.000366833 0.00109429 0.00288957 0.00563636 -0.00114433 0.00102062 0.000272727 0.00148819 0.00326866 -0.000125001 0.00258139 -0.000715737 0.00102439 -0.00235431 -0.0024863 -5.88242e-05 -0.000500001
internal_weight=1941 76 1865 828 65 1037 433 308 227 188 161 41 763 597 403 163 66 194 97 55 127 67 240 43 197 82 604 584 51 60
internal_count=1941 76 1865 828 65 1037 433 308 227 188 161 41 763 597 403 163 66 194 97 55 127 67 240 43 197 82 604 584 51 60
is_linear=0
shrinkage=0.03


Tree=136
num_leaves=31
num_cat=0
split_feature=11 4 18 30 41 6 42 36 28 53 6 27 8 41 11 28 9 30 33 5 41 36 42 48 11 48 1 27 34 1
split_gain=1.52971 1.84907 2.04803 1.59956 1.22841 0.679772 0.831012 1.47588 0.819156 0.682446 0.631394 0.878226 0.897828 0.937662 0.876812 0.624026 0.623099 0.579829 0.774731 0.653656 0.579537 0.64105 0.655793 0.46947 0.427474 0.724769 0.405163 0.377302 0.521281 0.672974
threshold=-0.5 22.500000000000004 27.500000000000004 509.62857145000004 250.90870725776196 17.500000000000004 -1.0000000180025095e-35 193.94821430000002 1004.0500000000001 126.50000000000001 18.500000000000004 316.50000000000006 2.5000000000000004 80.162940558285612 0.16280825711809002 1007.7500000000001 150.50000000000003 715.48750000000007 362.47857145000006 22.500000000000004 211.91419700604902 20.210714285000005 385.45089300000012 56.500000000000007 0.93540483100319627 17.500000000000004 12975.071425000002 285.50000000000006 947.40625000000011 11694.589285000002
decision_type=2 2 2 2 2 2 2 2 2 2 2 2 2 2 2 2 2 2 2 2 2 2 2 2 2 2 2 2 2 2
left_child=3 5 15 4 16 9 -7 10 -9 -2 -8 12 14 -14 -12 -3 -1 -5 19 -19 -20 22 26 24 -10 -26 27 -22 29 -29
right_child=1 2 -4 17 -6 6 7 8 23 -11 11 -13 13 -15 -16 -17 -18 18 20 -21 21 -23 -24 -25 25 -27 -28 28 -30 -31
leaf_value=0.0038034616323794532 -0.83484839959290458 -0.30336693916173413 0.04244624695880226 -0.0473751219408605 0.68676091707094766 -1.613018065245279 0.30224029140282876 0.086037294629401961 -1.6182859637206073 0.02088236241550754 -1.1261722188321466 -1.8942224069941331 0.2274214128975667 -1.0283205221797708e-07 0.24188034501170172 0.036285810342938728 0.12405499280285924 -0.0084978168554265387 0.024023681098069852 0.14529640461204033 -0.14888478808659281 0.45771044901684649 0.091721687315103814 0.54448670914506614 0.079268206766124602 -0.2312318123039166 1.1491435556324598 -0.01337006887326775 0.29736557910119221 0.27220435494845813
leaf_weight=48 407 35 21 141 26 147 22 20 307 31 46 36 35 20 23 20 23 24 36 22 152 31 20 31 33 49 20 70 21 24
leaf_count=48 407 35 21 141 26 147 22 20 307 31 46 36 35 20 23 20 23 24 36 22 152 31 20 31 33 49 20 70 21 24
internal_value=-0.000619784 -0.00122292 0.00331579 0.00055623 0.0041134 -0.0015087 -0.000971392 -0.000491962 -0.00143182 -0.00245206 0.00178022 0.001125 0.00232258 0.00518182 4.34775e-05 0.000272727 0.00207042 -5.88242e-05 0.000499999 0.00417391 4.81276e-05 -0.000337279 -0.000752444 -0.00171429 -0.00199743 -7.31714e-05 -0.00111847 -0.00142697 -0.000130435 -0.00108511
internal_weight=1941 1283 76 658 97 1207 769 622 440 438 182 160 124 55 69 55 71 561 420 46 374 338 307 420 389 82 287 267 115 94
internal_count=1941 1283 76 658 97 1207 769 622 440 438 182 160 124 55 69 55 71 561 420 46 374 338 307 420 389 82 287 267 115 94
is_linear=0
shrinkage=0.03


Tree=137
num_leaves=31
num_cat=0
split_feature=30 4 20 27 16 9 9 3 26 57 2 58 10 48 40 15 56 36 9 5 40 28 29 41 8 10 8 3 30 43
split_gain=1.04161 1.14104 1.42274 0.998892 1.39434 1.10601 0.876275 0.788318 1.87661 0.755018 1.00052 0.723713 1.47659 0.806169 0.659318 0.794118 0.593135 0.78065 0.692544 0.740192 0.520155 1.23395 1.57341 0.42729 0.440458 0.389655 0.381349 0.349958 0.312258 0.407635
threshold=136.00714285000001 22.500000000000004 31.500000000000004 324.50000000000006 24.950000000000003 141.50000000000003 149.50000000000003 6355305.6250000009 18.650000000000002 302.50000000000006 6805.2500000000009 1004.9500000000002 0.032701564615071572 12.500000000000002 263.58444940604176 70.500000000000014 4.5500000000000007 177.85000000000002 147.50000000000003 22.500000000000004 756.01156995625013 1005.1500000000002 1.9500000000000004 387.69339678466878 1.5000000000000002 -0.68322629814330782 2.5000000000000004 7263999.1875000009 1117.3642855000003 368.35892860000007
decision_type=2 2 2 2 2 2 2 2 2 2 2 2 2 2 2 2 2 2 2 2 2 2 2 2 2 2 2 2 2 2
left_child=1 6 26 5 -5 -2 9 8 14 10 11 12 -1 -13 15 -7 -15 -18 -19 -20 21 22 -9 24 -16 -12 -3 -22 29 -23
right_child=3 2 -4 4 -6 7 -8 20 -10 -11 25 13 -14 16 23 -17 17 18 19 -21 27 28 -24 -25 -26 -27 -28 -29 -30 -31
leaf_value=0.40538909206027141 -0.20838413554664628 0.40122692772713897 0.021535555699905153 0.20272767668587294 -1.2746201754588569 0.12760045269885645 -1.0083979746984524 1.2258288137987705 0.21376701520654731 -1.0929539959838246 -1.7192701319876136 -1.5129048299424375 0.018289776980596691 -1.9561495359090091 0.029219564877986059 -0.055184657018185992 0.33610076439774217 -1.2163892312651328 -0.021123754130847393 1.2001882339610035 -0.50997167186893688 -0.02296076256886543 -0.11055279729955454 0.28912373626388821 -0.31585430813845622 0.014145902540767065 -0.17495429620151753 0.0051372287754400375 0.41220130210514044 0.21232008807809399
leaf_weight=20 181 20 20 29 22 27 398 26 35 208 113 79 36 20 33 24 27 25 23 20 125 164 20 25 76 32 36 29 28 20
leaf_count=20 181 20 20 29 22 27 398 26 35 208 113 79 36 20 33 24 27 25 23 20 125 164 20 25 76 32 36 29 28 20
internal_value=-0.0007898 -0.00141226 0.00213158 -1.38896e-05 0.00405882 -0.000269373 -0.00168132 0.000322784 0.00177273 -0.0009602 -0.000189874 0.000959999 0.00396428 9.27828e-05 0.000567567 0.00347059 0.00169565 0.00268421 0.000970588 0.00327907 -0.000451457 0.000372092 0.00482609 -0.000537314 -0.00134862 -0.00217241 -0.000321429 -0.00183117 -0.00059434 -0.00104348
internal_weight=1941 1077 76 864 51 813 1001 632 220 603 395 250 56 194 185 51 115 95 68 43 412 258 46 134 109 145 56 154 212 184
internal_count=1941 1077 76 864 51 813 1001 632 220 603 395 250 56 194 185 51 115 95 68 43 412 258 46 134 109 145 56 154 212 184
is_linear=0
shrinkage=0.03


Tree=138
num_leaves=31
num_cat=0
split_feature=11 28 28 49 45 26 12 57 27 11 52 30 21 57 57 30 37 31 35 56 12 57 5 51 16 57 36 38 38 38
split_gain=1.03493 1.34638 2.70433 0.553692 1.11803 2.025 0.897457 0.900936 1.0258 0.761905 0.496802 0.493241 1.0036 0.565994 0.561704 0.517702 0.480002 0.465416 0.453629 0.644466 0.792026 0.825264 0.64924 0.437279 0.963333 0.466084 0.608106 0.518622 0.615659 0.588803
threshold=-0.290129255202841 1008.1500000000002 1008.35 20.500000000000004 89.500000000000014 4.4500000000000011 0.64987354830121502 294.50000000000006 278.50000000000006 0.72947329433276265 1.5000000000000002 509.62857145000004 735.50000000000011 324.50000000000006 159.50000000000003 620.29910715000017 654.85714285000006 152.01875000000004 200.53750000000005 6.8500000000000005 0.53946920585801694 310.50000000000006 22.500000000000004 370.00000000000006 24.850000000000005 290.50000000000006 719.56250000000011 1058.2305804750001 668.43415177500015 1153.7502232875001
decision_type=2 2 2 2 2 2 2 2 2 2 2 2 2 2 2 2 2 2 2 2 2 2 2 2 2 2 2 2 2 2
left_child=10 3 -3 4 6 -6 18 8 9 -8 16 12 13 14 -12 -13 -1 -5 19 -2 -21 22 -22 24 -17 26 27 28 -25 -29
right_child=1 2 -4 17 5 -7 7 -9 -10 -11 11 15 -14 -15 -16 23 -18 -19 -20 20 21 -23 -24 25 -26 -27 -28 29 -30 -31
leaf_value=0.34047505433502079 -1.2296645370533166 0.065538588878085155 -1.4122561574106389 -0.67032064140809589 -0.38303829647255222 0.2166543663107609 -4.3606779489370044 -1.1309901548030681 0.15502007381087629 0.49756752531564202 0.037367336328131051 -0.46526895722625394 0.40284832836439027 0.1164429444306896 -0.0051622731046524787 0.028938110445353972 -0.039521329346497464 0.0628765971819224 -1.7257722474692632 -2.9597462783996495 0.031133877340985494 -0.78582537964362009 0.35038614759475689 0.38017217056713598 -0.042359816518321151 0.0041606967289946261 0.49481459952653017 0.13723587326651027 -0.29333613167817657 -1.2893709085755345
leaf_weight=23 103 20 32 322 20 20 36 98 40 27 20 71 20 23 141 20 21 30 248 49 35 25 36 22 30 119 23 39 192 36
leaf_count=23 103 20 32 322 20 20 36 98 40 27 20 71 20 23 141 20 21 30 248 49 35 25 36 22 30 119 23 39 192 36
internal_value=-0.0007898 -0.00136985 0.00334615 -0.00159504 -0.00112754 0.00375 -0.00140746 0.000283581 0.00224272 -0.000142858 3.74993e-05 -0.000142858 0.00111765 0.000423912 -0.00020497 -0.000608696 0.00313636 -0.00257386 -0.00209274 -0.00118548 0.000103448 0.0016875 0.00333803 -0.000255718 0.0024 -0.000563806 -0.00117308 -0.00154671 -0.00229907 0.000599999
internal_weight=1941 1141 52 1089 737 40 697 201 103 63 800 756 204 184 161 552 44 352 496 248 145 96 71 481 50 431 312 289 214 75
internal_count=1941 1141 52 1089 737 40 697 201 103 63 800 756 204 184 161 552 44 352 496 248 145 96 71 481 50 431 312 289 214 75
is_linear=0
shrinkage=0.03


Tree=139
num_leaves=31
num_cat=0
split_feature=4 18 23 28 49 12 46 17 30 51 16 28 53 23 3 58 56 23 56 24 40 5 41 16 25 24 43 3 4 18
split_gain=1.43711 2.04803 1.71028 0.624026 0.583753 1.06427 1.3339 1.31237 0.779424 0.567338 1.19456 0.812698 0.672203 1.09716 0.579871 0.598972 0.84375 1.15716 0.696023 0.814911 0.580718 0.444444 0.435662 1.03624 0.347587 0.528472 0.402269 0.62729 0.317023 0.3813
threshold=22.500000000000004 27.500000000000004 126.50000000000001 1007.7500000000001 2.5000000000000004 0.60980454008255491 25.150000000000002 15.500000000000002 503.98750000000007 414.50000000000006 24.250000000000004 1005.2500000000001 158.50000000000003 199.50000000000003 6363516.2500000009 1005.35 17.250000000000004 175.50000000000003 14.750000000000002 652.35000000000014 263.58444940604176 1.0000000180025095e-35 80.162940558285612 25.550000000000004 615.00000000000011 570.45000000000016 8.2857143499999797 7045264.0715000005 21.500000000000004 1.5000000000000002
decision_type=2 2 2 2 2 2 2 2 2 2 2 2 2 2 2 2 2 2 2 2 2 2 2 2 2 2 2 2 2 2
left_child=2 3 4 -2 5 22 21 -8 28 10 11 -4 -12 -14 15 -11 18 -18 19 20 -17 -7 23 -1 -16 -26 27 -27 -6 -30
right_child=1 -3 9 -5 8 6 7 -9 -10 14 12 -13 13 -15 24 16 17 -19 -20 -21 -22 -23 -24 -25 25 26 -28 -29 29 -31
leaf_value=0.19127619412606173 -0.27480237841563637 0.056690364303377511 0.11794581327811167 0.031445942739181235 -0.7556126543892403 0.35168321963878441 0.10427938345828125 0.0094890755671296102 0.4548001562899226 -0.13393208580196775 -0.87587905149288492 0.29333011086768512 0.031430779607079934 -0.055050006019071604 -0.36327110960338227 0.15087113485109152 0.023420676129889732 0.75273664156107267 -0.99933878375924867 0.47550938591458591 -0.16417132387987085 -0.18959108111217399 -2.0445730484720239 -1.1944244109764885 0.31819672816550076 -0.93782452998495658 -0.10782237905470961 0.013732672434931984 -1.0066062215004017 0.056333212763182185
leaf_weight=61 35 21 28 20 608 27 22 35 34 54 43 35 20 26 88 22 37 27 40 26 40 81 145 132 28 47 76 31 23 29
leaf_count=61 35 21 28 20 608 27 22 35 34 54 43 35 20 26 88 22 37 27 40 26 40 81 145 132 28 47 76 31 23 29
internal_value=-0.000727976 0.00331579 -0.000892762 0.000272727 -0.00157143 -0.000793241 0.00118182 0.00489474 -0.00213545 0.000323353 0.00193421 0.00509524 -0.000303372 0.00221739 -0.000151164 0.000902438 0.0016875 0.0045 0.000281249 0.00177273 -9.67749e-05 -0.000777778 -0.0017574 -0.000823835 -0.00111111 -0.000362638 -0.00105195 0.000461538 -0.00236364 -0.000115385
internal_weight=1941 76 1865 55 1197 503 165 57 694 668 152 63 89 46 516 246 192 64 128 88 62 108 338 193 270 182 154 78 660 52
internal_count=1941 76 1865 55 1197 503 165 57 694 668 152 63 89 46 516 246 192 64 128 88 62 108 338 193 270 182 154 78 660 52
is_linear=0
shrinkage=0.03


Tree=140
num_leaves=31
num_cat=0
split_feature=4 18 11 9 57 2 57 57 48 26 1 31 20 32 28 57 48 58 9 26 14 42 57 19 19 44 10 48 53 41
split_gain=1.40434 2.04803 1.65783 0.732321 0.759713 1.25718 1.40853 1.45166 0.674425 0.64605 0.645779 1.18775 1.36312 0.660866 0.624026 0.597213 0.509574 0.579213 0.833439 0.735319 1.19396 0.610207 0.625 0.504505 0.4194 0.407273 0.403614 0.392727 0.387947 0.365709
threshold=22.500000000000004 27.500000000000004 -0.290129255202841 149.50000000000003 302.50000000000006 6805.2500000000009 284.50000000000006 294.50000000000006 21.500000000000004 8.6500000000000004 3717.0625000000005 266.13125000000008 1.5000000000000002 1265.0857145000002 1007.7500000000001 37.500000000000007 77.500000000000014 1006.9500000000002 147.50000000000003 11.550000000000002 32.250000000000007 61.1151786 284.50000000000006 11.500000000000002 2.5000000000000004 28.150000000000002 -0.68322629814330782 52.000000000000007 117.50000000000001 202.68631436028673
decision_type=2 2 2 2 2 2 2 2 2 2 2 2 2 2 2 2 2 2 2 2 2 2 2 2 2 2 2 2 2 2
left_child=2 14 10 4 5 6 8 -8 -4 25 11 23 -13 15 -2 -12 17 24 19 27 -21 22 -22 -1 -17 -10 -7 -19 -5 -26
right_child=1 -3 3 28 -6 26 7 -9 9 -11 13 12 -14 -15 -16 16 -18 18 -20 20 21 -23 -24 -25 29 -27 -28 -29 -30 -31
leaf_value=0.024440685122406578 -0.2665583070631673 0.054989653374276186 -1.1612881267547401 -0.87774224097397524 -0.75889000509823734 -1.5972977400897801 0.55322228615300362 -0.01319853683142647 0.18582685857314787 0.16092445848485115 0.23221462606145954 -0.016201112265658971 0.30213895672244462 0.066598340017724938 0.030502564457005815 -1.5604841739467399 0.012398960525706075 -0.031971123647903159 -0.051382317342229825 0.64736743438654487 -0.017820182778191855 -0.048119616651459633 0.44970307455638736 -0.37449901567410304 0.036008638673157761 -2.0247475326406801 -0.0028954966778217566 0.024401328533076722 0.38338898881885419 -0.018732465624312772
leaf_weight=42 35 21 97 408 213 134 39 37 22 35 25 20 27 23 20 167 28 55 128 25 20 29 20 32 34 28 32 20 20 105
leaf_count=42 35 21 97 408 213 134 39 37 22 35 25 20 27 23 20 167 28 55 128 25 20 29 20 32 34 28 32 20 20 105
internal_value=-0.000681608 0.00331579 -0.000844505 -0.00161972 -0.000974883 -0.000240567 0.00106977 0.0045 -0.000362638 0.00158823 0.000187499 0.00220661 0.00593617 -0.000172313 0.000272727 -0.000347562 -0.000527734 -0.000711444 0.000232323 0.00161538 0.00338298 0.00134783 0.00375 -0.000162163 -0.00162745 -0.000600001 -0.00227711 -0.000600001 -0.00257944 -0.000410073
internal_weight=1941 76 1865 1065 637 424 258 76 182 85 800 121 47 679 55 656 631 603 297 169 94 69 40 74 306 50 166 75 428 139
internal_count=1941 76 1865 1065 637 424 258 76 182 85 800 121 47 679 55 656 631 603 297 169 94 69 40 74 306 50 166 75 428 139
is_linear=0
shrinkage=0.03


Tree=141
num_leaves=31
num_cat=0
split_feature=11 4 20 8 53 31 9 18 27 56 45 15 45 3 24 30 37 56 33 11 38 11 58 4 53 8 26 32 14 47
split_gain=1.13685 1.1768 1.42274 0.844726 0.828782 0.601186 0.570459 0.597871 1.01686 0.656275 1.20646 0.602552 0.79144 0.543718 1.1534 0.858755 1.18162 0.533333 0.430698 0.407868 1.1405 0.392111 0.38962 0.780515 0.387947 0.381349 0.362722 0.726608 0.33 0.292546
threshold=-0.290129255202841 22.500000000000004 31.500000000000004 3.5000000000000004 62.500000000000007 266.13125000000008 149.50000000000003 4.5000000000000009 312.50000000000006 4.5500000000000007 86.500000000000014 75.500000000000014 80.500000000000014 6397297.0895000007 759.30000000000007 498.2142857500001 329.7044643000001 8.2500000000000018 1221.4714285000002 -0.77259657388510616 818.47857142500004 -0.68322629814330815 1005.0500000000001 18.500000000000004 117.50000000000001 2.5000000000000004 14.950000000000001 980.58125000000007 29.950000000000003 51.500000000000007
decision_type=2 2 2 2 2 2 2 2 2 2 2 2 2 2 2 2 2 2 2 2 2 2 2 2 2 2 2 2 2 2
left_child=3 6 25 4 5 -1 7 22 9 -9 11 -11 17 14 15 16 -5 -13 26 20 -15 -17 23 -2 -8 -3 27 29 -21 -6
right_child=1 2 -4 13 18 -7 24 8 -10 10 -12 12 -14 19 -16 21 -18 -19 -20 28 -22 -23 -24 -25 -26 -27 -28 -29 -30 -31
leaf_value=-0.0254811906126057 -1.7576089626750122 0.37818845749774666 0.013305768475182856 -0.046157815874842266 -0.77515470702910982 0.27697812917282072 -0.85140997374475602 -1.7670155910515759 -0.61553746052390135 -4.6533129324102172 0.8275380090958 -3.318228458300486 -0.011325982468330855 0.3367821123254755 0.66480325856109079 -0.014275359197673872 0.29268146562013592 0.78700227083399343 0.56248672806772682 0.0030389761874984422 -0.0023530306386323682 0.0099299358092053685 -1.5611327048910768 0.044094221265919685 0.37188731915428824 -0.16398431863638768 -0.092870933489328275 0.37275873423293182 -0.13244329851253414 -0.002850288324873915
leaf_weight=23 59 20 20 23 58 22 408 37 113 36 26 20 93 20 20 97 28 40 20 20 65 23 186 27 20 36 200 25 55 101
leaf_count=23 59 20 20 23 58 22 408 37 113 36 26 20 93 20 20 97 28 40 20 20 65 23 186 27 20 36 200 25 55 101
internal_value=-0.00086708 -0.00147502 0.00213158 -7.15256e-10 -0.000861916 0.003 -0.0017324 -0.00116327 -0.000369864 0.000690475 0.00132558 0.000492063 0.00131372 0.00110256 0.00218325 0.00138596 0.00464706 0.004 -0.00129208 -0.000187501 0.00123529 -7.15256e-10 -0.00222794 -0.00055814 -0.00257944 -0.000321429 -0.00151563 -0.000554349 -0.0018 -0.00130189
internal_weight=1941 1141 76 800 449 45 1065 637 365 252 215 189 153 351 191 171 51 60 404 160 85 120 272 86 428 56 384 184 75 159
internal_count=1941 1141 76 800 449 45 1065 637 365 252 215 189 153 351 191 171 51 60 404 160 85 120 272 86 428 56 384 184 75 159
is_linear=0
shrinkage=0.03


Tree=142
num_leaves=31
num_cat=0
split_feature=4 18 1 6 6 2 22 58 48 19 3 33 57 27 45 31 9 57 27 28 10 27 19 3 17 42 8 6 5 27
split_gain=1.45916 2.04803 1.64645 0.689827 0.889256 1.52458 0.688182 0.85741 0.882894 0.816993 0.790685 0.824588 2.90329 0.905775 0.689597 0.825472 0.68843 1.17025 0.895626 0.624026 0.615692 0.802705 0.789753 0.541314 0.814777 1.35641 0.511138 0.4689 0.387821 0.318067
threshold=22.500000000000004 27.500000000000004 595.90178570000012 17.500000000000004 19.500000000000004 5306.3571430000011 3.5000000000000004 1005.5500000000001 65.000000000000014 37.500000000000007 6363516.2500000009 833.9312500000002 289.50000000000006 271.50000000000006 82.500000000000014 391.88125000000008 147.50000000000003 287.50000000000006 275.50000000000006 1007.7500000000001 -0.3520614488341256 312.50000000000006 1.5000000000000002 6643394.2500000009 15.500000000000002 62.069643000000106 3.5000000000000004 26.500000000000004 22.500000000000004 312.50000000000006
decision_type=2 2 2 2 2 2 2 2 2 2 2 2 2 2 2 2 2 2 2 2 2 2 2 2 2 2 2 2 2 2
left_child=2 19 3 -1 5 -5 14 8 -8 10 11 16 13 -13 -4 -16 17 18 -9 -2 -6 22 26 -12 -25 -26 27 -22 -29 -19
right_child=1 -3 6 4 20 -7 7 9 -10 -11 23 12 -14 -15 15 -17 -18 29 -20 -21 21 -23 -24 24 25 -27 -28 28 -30 -31
leaf_value=-0.81774151968706543 -0.25896073090552774 0.052940793254947452 0.67381273825834676 -1.4310535586683553 -1.7904511454323653 0.25392072076507161 -0.12419544509431082 0.32808367019748791 0.011648059281147602 -0.068616346964160191 -0.064258752180664166 0.48408402051149052 0.61551128985289272 -0.18450361324383996 -0.75606284789948197 0.15758731485449032 -0.57744340143876061 -0.01529777324361954 0.43893412782253427 0.02809367136067676 -0.75394888364356405 -0.66943067863807093 0.1128327931689701 -0.019655847711395627 0.17035453320934563 -0.25558070296919566 -1.1050673021708604 0.0039505364165176894 0.73324838856057273 0.026543182766014986
leaf_weight=336 35 21 20 59 226 35 230 33 29 102 155 20 21 33 25 28 54 39 20 20 38 92 25 47 39 26 60 26 24 23
leaf_count=336 35 21 20 59 226 35 230 33 29 102 155 20 21 33 25 28 54 39 20 20 38 92 25 47 39 26 60 26 24 23
internal_value=-0.000758888 0.00331579 -0.000924934 -0.00182736 -0.00120513 0.00146808 -4.44922e-05 -0.00027899 -0.00172587 0.000333333 0.000823529 0.00206173 0.0047027 0.000962263 0.00275342 0.000962263 0.000905325 0.00221739 0.00549057 0.000272727 -0.0017169 -0.00073585 0.000468207 -0.000303372 0.00128571 0.00346154 -0.000364866 0.00109091 0.003 -0.000580646
internal_weight=1941 76 1865 921 585 94 944 871 259 612 510 243 74 53 73 53 169 115 53 55 491 265 173 267 112 65 148 88 50 62
internal_count=1941 76 1865 921 585 94 944 871 259 612 510 243 74 53 73 53 169 115 53 55 491 265 173 267 112 65 148 88 50 62
is_linear=0
shrinkage=0.03


Tree=143
num_leaves=31
num_cat=0
split_feature=4 18 1 23 8 9 18 57 1 27 46 32 8 3 3 41 32 1 5 23 27 6 10 14 42 44 26 32 50 54
split_gain=1.51504 2.04803 1.39531 1.02951 0.863838 0.675497 0.92723 0.659733 0.808595 0.651855 0.561108 0.560499 0.541039 0.843956 0.537749 0.555984 1.08 0.677551 0.515677 0.655371 1.03052 0.512121 0.473469 0.462019 0.442547 0.402128 0.347353 0.616862 0.310676 0.604449
threshold=22.500000000000004 27.500000000000004 2010.8214285000001 62.500000000000007 3.5000000000000004 144.50000000000003 21.500000000000004 212.00000000000003 7311.1875000000009 276.50000000000006 24.650000000000002 1174.6544645000001 2.5000000000000004 7130318.0625000009 6397828.7855000012 211.91419700604902 509.62857145000004 11451.839285000002 1.0000000180025095e-35 184.50000000000003 267.50000000000006 24.500000000000004 0.77259657388510639 28.650000000000002 70.672321400000001 27.550000000000004 14.750000000000002 963.55000000000007 25.500000000000004 59.250000000000007
decision_type=2 2 2 2 2 2 2 2 2 2 2 2 2 2 2 2 2 2 2 2 2 2 2 2 2 2 2 2 2 2
left_child=2 21 5 9 18 6 12 8 -6 -4 22 14 13 -1 15 16 -9 24 19 -5 -21 -2 -8 -12 -17 -14 27 28 -20 -30
right_child=1 -3 3 4 7 -7 10 11 -10 -11 23 -13 25 -15 -16 17 -18 -19 26 20 -22 -23 -24 -25 -26 -27 -28 -29 29 -31
leaf_value=-0.009701409859860715 -0.25119190897836191 0.051352569457299026 -0.20230556571242478 -0.094362756942585016 0.058516060255749937 -0.6603661974580699 0.047961509434563183 -0.001025642688981051 -0.0017266002859843749 0.48975842459212326 0.51446297623942772 0.072047063203918418 0.03325699331877241 1.6186001848990399 -0.016742708769592995 -0.064197422966911846 0.060331960205745855 0.43074169217952746 -1.1424004375581374 2.1991320607664844 -1.313225051876147 0.0010863277891174001 -5.1445314428977387 0.1515549840065544 0.28924397515965461 -1.4516243313225632 -0.19342419308794875 0.37578608173800782 -1.63590345411125 0.039389348907258731
leaf_weight=70 33 21 25 59 21 677 20 30 20 26 32 29 20 21 116 57 20 25 66 22 20 22 29 20 35 168 168 22 25 22
leaf_count=70 33 21 25 59 21 677 20 30 20 26 32 29 20 21 116 57 20 25 66 22 20 22 29 20 35 168 168 22 25 22
internal_value=-0.000836168 0.00331579 -0.00100536 -6.68324e-05 -0.000344783 -0.0017228 -0.000710527 0.000739376 0.00431707 0.00405882 0.00175247 0.00026923 -0.00160215 0.000296703 -0.00013781 0.000952095 0.0036 -0.000179488 -0.00129208 0.000564356 0.00342857 0.000272727 -0.000551021 0.00392308 -0.00136957 -0.00252128 -0.00191089 -0.000777778 -0.00167257 0.000191489
internal_weight=1941 76 1865 808 757 1057 380 353 41 51 101 312 279 91 283 167 50 117 404 101 42 55 49 52 92 188 303 135 113 47
internal_count=1941 76 1865 808 757 1057 380 353 41 51 101 312 279 91 283 167 50 117 404 101 42 55 49 52 92 188 303 135 113 47
is_linear=0
shrinkage=0.03


Tree=144
num_leaves=31
num_cat=0
split_feature=4 48 11 6 42 42 12 41 26 56 29 53 12 35 50 12 44 56 6 40 27 43 40 38 16 11 26 41 37 42
split_gain=1.51504 1.55658 1.40922 0.952778 0.640121 0.648281 0.647677 0.667179 0.942157 1.15093 0.941985 1.05195 0.867708 1.20014 0.643017 0.6166 0.676205 1.6254 0.540918 1.15417 0.538928 0.484404 0.354789 0.330643 0.281363 0.425211 0.693032 0.253401 0.405927 0.42284
threshold=22.500000000000004 29.500000000000004 -0.097964660725097338 25.500000000000004 -156.0124999999999 -122.83333335000002 0.64987354830121502 277.74972145845237 18.650000000000002 12.15 0.25000000000000006 226.00000000000003 0.60980454008255491 32.322321430000009 3.5000000000000004 0.53946920585801694 27.850000000000005 4.5500000000000007 26.500000000000004 0.6507812500000002 323.50000000000006 378.09107145000002 788.88965774583346 1114.6629464500004 24.950000000000003 0.63405362205439486 7.8500000000000005 203.69147777579278 177.95714285000003 85.648214300000021
decision_type=2 2 2 2 2 2 2 2 2 2 2 2 2 2 2 2 2 2 2 2 2 2 2 2 2 2 2 2 2 2
left_child=2 3 4 -2 -1 -6 7 12 9 10 11 -9 21 -14 -10 -4 17 -17 24 -20 22 27 -8 -11 25 -18 -27 28 -7 -30
right_child=1 -3 15 -5 5 6 20 8 14 23 -12 -13 13 -15 -16 16 18 -19 19 -21 -22 -23 -24 -25 -26 26 -28 -29 29 -31
leaf_value=-0.024724888612684341 -0.24365615170901109 0.028157611154428365 -0.77746137043890939 0.074652168681026781 0.19711217407790654 -0.94211754541560788 -1.3821117054995753 1.1231561112458142 0.046859772273430564 -0.068386705655051658 -0.065426050946575179 0.013141627048482662 0.31156046908017804 -0.01475132125935027 1.4233179198157919 -0.32958280023204983 -1.7214583072023733 0.31638453697766572 0.43381404124933631 -3.9137513600317573 0.13411267883707542 0.089860153137682489 0.0014478187469844988 0.36451248167479344 -1.033639056771966 -3.0709070000911654 0.49080504791864282 -0.16055530324417724 0.026399708201735112 -1.0165521940895261
leaf_weight=133 36 20 377 20 39 48 136 28 25 101 21 22 25 23 26 24 103 21 49 43 20 26 20 32 266 23 36 100 73 25
leaf_count=133 36 20 377 20 39 48 136 28 25 101 21 22 25 23 26 24 103 21 49 43 20 26 20 32 266 23 36 100 73 25
internal_value=-0.000836168 0.00331579 -0.00100536 0.000749999 -0.000172265 0.000151898 -4.39421e-05 0.000443478 0.00158823 0.00067647 0.00376056 0.006 -0.000468751 0.00325 0.00523529 -0.00182166 -0.00119469 0.00233333 -0.0015 0.000586956 -0.00163636 -0.001125 -0.00223077 -0.000969926 -0.0019486 -0.000962964 0.0010678 -0.00153659 -0.000739727 0.000367346
internal_weight=1941 76 1865 56 923 790 751 575 255 204 71 50 320 48 51 942 565 45 520 92 176 272 156 133 428 162 59 246 146 98
internal_count=1941 76 1865 56 923 790 751 575 255 204 71 50 320 48 51 942 565 45 520 92 176 272 156 133 428 162 59 246 146 98
is_linear=0
shrinkage=0.03


Tree=145
num_leaves=31
num_cat=0
split_feature=26 10 49 12 42 18 38 16 2 24 59 40 44 57 37 47 49 18 56 36 6 3 20 58 26 49 37 37 43 18
split_gain=0.819838 0.996946 0.989493 0.646933 1.39215 0.624587 0.605118 0.546618 0.849398 0.68109 0.712363 0.543577 0.67413 0.523447 0.959871 1.17835 1.40606 1.53947 0.65319 0.590448 1.02572 0.556648 0.519231 0.457898 0.482256 0.4 0.39795 0.736364 0.449733 0.337381
threshold=4.5500000000000007 -0.5 38.500000000000007 0.67563126931585993 10.767857149999999 1.0000000180025095e-35 818.47857142500004 24.450000000000003 5507.0000000000009 75.200000000000017 1.0000000180025095e-35 922.01028770000005 32.250000000000007 302.50000000000006 226.47500000000002 70.500000000000014 1.0000000180025095e-35 28.500000000000004 21.550000000000004 365.14464285000003 22.500000000000004 6302351.5625000009 32.500000000000007 1008.9500000000002 6.3500000000000005 97.500000000000014 966.0875000000002 1039.1839285000003 -95.874106999999967 52.000000000000007
decision_type=2 2 2 2 2 2 2 2 2 2 2 2 2 2 2 2 2 2 2 2 2 2 2 2 2 2 2 2 2 2
left_child=-1 5 3 13 22 7 -4 9 -9 10 -2 -11 -13 14 15 16 19 -18 26 20 -3 -21 -5 24 -15 -8 29 -28 -29 -16
right_child=1 2 6 4 -6 -7 25 8 -10 11 -12 12 -14 23 18 -17 17 -19 -20 21 -22 -23 -24 -25 -26 -27 27 28 -30 -31
leaf_value=-0.57902013844086397 0.38893832656008459 -0.051319110324905638 -0.23634646715774074 0.23199809576298713 0.056189153871976649 -1.7713518931524102 -0.013764374807952447 0.018965005285076025 -1.669814557986302 -0.30362429534051338 -0.29316884237982294 0.12325837614238216 -0.001964554818609957 0.022059603865335849 -0.73804031766002698 -0.4963257602743309 0.3824411835385198 0.078550831194587167 0.31566874111593557 0.3679551209539168 0.6849850925666926 -0.11430043975992005 -0.31472282627848708 0.070418820831334134 -0.12350081049628034 2.0857668915074021 0.3245648010545929 0.052345353021889009 -0.16263042895161067 0.036261192200497457
leaf_weight=179 29 21 198 25 30 285 20 25 141 100 25 20 31 34 128 52 38 26 20 40 37 87 27 20 140 20 22 20 68 33
leaf_count=179 29 21 198 25 30 285 20 25 141 100 25 20 31 34 128 52 38 26 20 40 37 87 27 20 140 20 22 20 68 33
internal_value=-0.000897991 -0.000701476 -0.000151899 0.000317972 0.00285366 -0.00162805 -0.00186555 -0.000816712 -0.00209639 0.000219511 0.00311111 -0.00081457 0.00170588 5.34344e-05 0.000496621 0.00168438 0.00254217 0.006375 -0.000731959 0.00121622 0.00372414 7.08654e-05 -0.000115385 -0.00129897 -0.0017931 0.0015 -0.00111808 0.000272727 -0.000954546 -0.00206832
internal_weight=1941 1762 1106 868 82 656 238 371 166 205 54 151 51 786 592 301 249 64 291 185 58 127 52 194 174 40 271 110 88 161
internal_count=1941 1762 1106 868 82 656 238 371 166 205 54 151 51 786 592 301 249 64 291 185 58 127 52 194 174 40 271 110 88 161
is_linear=0
shrinkage=0.03


Tree=146
num_leaves=31
num_cat=0
split_feature=4 18 11 27 16 5 9 57 2 26 32 36 44 2 26 6 28 53 10 8 3 32 16 32 22 24 44 24 36 19
split_gain=1.33994 2.04803 1.61284 0.931843 1.16134 1.6875 0.791763 0.793994 1.23384 0.98644 1.07302 2.46434 1.02879 0.754704 0.652092 0.871474 0.624026 0.589513 0.560976 0.476765 0.737483 0.754962 0.901845 0.726651 0.712458 0.673845 0.634429 0.586446 0.573573 0.429501
threshold=22.500000000000004 27.500000000000004 -0.3520614488341256 309.50000000000006 24.550000000000004 22.500000000000004 149.50000000000003 302.50000000000006 6451.0000000000009 8.3500000000000032 20.210714285000005 320.68660715000004 27.850000000000005 51.428571430000012 11.050000000000002 20.500000000000004 1007.7500000000001 125.50000000000001 0.097964660725097311 3.5000000000000004 6392911.9105000012 620.29910715000017 24.450000000000003 1174.6544645000001 730.50000000000011 14.950000000000001 32.45000000000001 597.50000000000011 320.68660715000004 98.500000000000014
decision_type=2 2 2 2 2 2 2 2 2 2 2 2 2 2 2 2 2 2 2 2 2 2 2 2 2 2 2 2 2 2
left_child=2 16 3 19 5 -5 7 8 9 12 11 13 -4 -11 15 -10 -2 -8 -13 25 21 22 -21 -22 26 29 27 -23 -27 -1
right_child=1 -3 6 4 -6 -7 17 -9 14 10 -12 18 -14 -15 -16 -17 -18 -19 -20 20 23 24 -24 -25 -26 28 -28 -29 -30 -31
leaf_value=0.20347526627963694 -0.2292560731430085 0.046610739911223081 0.50845624383429056 0.013199383426836983 -0.025115892116195485 0.1401452074141214 -0.71315181256895632 -0.58950302498599416 0.31685978656221175 0.23458799958004711 -2.4681145584789062 -1.6843574399101036 -1.3401092348680645 0.21909187985679016 -1.3160844936560752 -1.6197201212467129 0.030212745797632508 0.28794312548279916 0.29408135172139016 0.40358278141340492 -0.026058793213320695 0.26606249480472205 -0.0080163580514053655 0.056523494069821129 0.57026343381981992 -0.098650966889167468 -0.24861667675581672 -0.0090176579273473379 0.24623323611687786 -0.087193175191024042
leaf_weight=20 35 21 22 24 45 24 421 217 20 20 21 23 93 21 152 31 20 23 41 24 115 20 22 20 20 313 41 27 24 21
leaf_count=20 35 21 22 24 45 24 421 217 20 20 21 23 93 21 152 31 20 23 41 24 115 20 22 20 20 313 41 27 24 21
internal_value=-0.000588872 0.00331579 -0.00074799 0.000315789 0.00312903 0.006375 -0.00147964 -0.000821483 -9.45953e-05 0.00135685 0.00319048 0.00442857 -0.000652175 0.0101707 -0.00181773 0.00111765 0.000272727 -0.00245946 0.000749999 -7.64625e-05 0.00084083 0.00225974 0.00547826 -0.000777778 0.000888888 -0.000777778 -0.000272728 0.00210638 -0.00121959 0.00285366
internal_weight=1941 76 1865 760 93 48 1105 661 444 241 126 105 115 41 203 51 55 444 64 667 289 154 46 135 108 378 88 47 337 41
internal_count=1941 76 1865 760 93 48 1105 661 444 241 126 105 115 41 203 51 55 444 64 667 289 154 46 135 108 378 88 47 337 41
is_linear=0
shrinkage=0.03


Tree=147
num_leaves=31
num_cat=0
split_feature=56 10 58 58 19 6 11 56 28 57 35 33 10 6 19 3 37 58 6 1 56 34 6 34 53 45 40 3 28 56
split_gain=1.05768 1.4779 1.18413 1.23774 1.21984 2.0173 2.06253 1.77393 1.59358 0.851426 0.784461 0.650715 0.625631 0.617231 0.633482 0.53668 0.617889 0.758604 0.768348 0.543311 0.459879 0.464426 0.667168 0.688095 0.728139 0.436136 0.370626 0.583867 0.344789 0.292174
threshold=4.5500000000000007 -0.5 1005.6500000000002 1005.7500000000001 1.5000000000000002 17.500000000000004 0.93540483100319627 17.250000000000004 1007.2500000000001 297.50000000000006 303.50089285000007 751.50892855000018 0.93540483100319627 20.500000000000004 1.0000000180025095e-35 6365332.0000000009 1007.7687500000001 1007.2500000000001 27.500000000000004 7867.9821430000011 11.850000000000003 715.48750000000007 16.500000000000004 989.91250000000014 126.50000000000001 58.500000000000007 922.01028770000005 6363516.2500000009 1008.85 11.65
decision_type=2 2 2 2 2 2 2 2 2 2 2 2 2 2 2 2 2 2 2 2 2 2 2 2 2 2 2 2 2 2
left_child=-1 13 10 -4 9 7 8 11 -7 12 -3 -6 15 14 -2 16 17 29 19 -19 -16 -22 23 24 -23 -17 -15 -28 -11 -5
right_child=1 2 3 4 5 6 -8 -9 -10 28 -12 -13 -14 26 20 25 -18 18 -20 -21 21 22 -24 -25 -26 -27 27 -29 -30 -31
leaf_value=-0.54025497991056948 0.064841255692457245 -0.23134536817621745 0.51886463529269988 -0.018580936782872745 -0.32035863847099671 0.084382118340860859 0.091630114010146965 0.2482623634570966 -0.99509279623953673 -0.5718860328284826 0.88834148313877082 0.028999553757573945 0.087104275570991124 -1.3434136248042341 0.026814377452601252 0.022744528236031371 -0.049006110652106416 0.12479040722409167 -1.790564879603233 0.63606323385515307 -1.6527357866066228 -0.5113913375789837 -4.3922341018367099 -0.086668972315578199 0.30610047922798683 -0.31551085097610748 0.029261243267774815 -0.36336525355764132 0.068563951917163468 0.3196264583659047
leaf_weight=179 26 307 22 21 101 27 35 31 38 121 20 25 37 279 43 36 33 26 21 20 124 20 44 28 22 139 33 38 20 25
leaf_count=179 26 307 22 21 101 27 35 31 38 121 20 25 37 279 43 36 33 26 21 20 124 20 44 28 22 139 33 38 20 25
internal_value=-0.00063524 -0.000412032 0.000257918 0.000894601 0.000690475 0.00236965 0.0057 0.000248407 0.00253846 -0.000174349 -0.00125688 -0.00133333 0.000603351 -0.00153881 -0.000557004 0.000177569 0.00152055 0.00257522 0.00461194 0.00678261 -0.000971531 -0.0014874 -0.000105264 0.00171428 0.00414286 -0.000942858 -0.0024 -0.000464789 -0.00214894 -0.000391305
internal_weight=1941 1762 1105 778 756 257 100 157 65 499 327 126 358 657 307 321 146 113 67 46 281 238 114 70 42 175 350 71 141 46
internal_count=1941 1762 1105 778 756 257 100 157 65 499 327 126 358 657 307 321 146 113 67 46 281 238 114 70 42 175 350 71 141 46
is_linear=0
shrinkage=0.03


Tree=148
num_leaves=31
num_cat=0
split_feature=30 6 6 17 36 2 36 50 40 43 16 38 37 34 28 40 27 19 51 20 9 27 5 36 18 56 56 34 37 37
split_gain=1.17513 1.42667 1.14838 1.98709 2.08432 1.35751 1.85483 1.10716 1.17026 0.987024 1.00455 1.37024 1.66728 0.980186 0.643321 0.562939 0.796742 0.76528 0.527103 0.483286 0.823802 0.466721 0.449584 0.402498 0.430384 0.38021 0.494868 0.515587 0.375535 0.514856
threshold=82.989285715000008 17.500000000000004 20.500000000000004 57.500000000000007 668.66428570000005 5306.3571430000011 122.85625 1.5000000000000002 25.363913689708337 -291.90089284999993 24.850000000000005 548.06607142500013 345.28125000000006 747.78750000000002 1006.2500000000001 8.8910342257499924 312.50000000000006 1.5000000000000002 275.00000000000006 39.500000000000007 141.50000000000003 307.50000000000006 1.0000000180025095e-35 620.72053570000014 39.500000000000007 11.050000000000002 14.750000000000002 910.72857145000012 1028.3375000000003 824.76250000000016
decision_type=2 2 2 2 2 2 2 2 2 2 2 2 2 2 2 2 2 2 2 2 2 2 2 2 2 2 2 2 2 2
left_child=1 -1 5 15 -5 22 -7 8 -2 13 11 12 -11 -9 -10 16 17 23 -16 20 -13 25 -3 24 -4 -20 28 -28 29 -27
right_child=7 2 3 4 -6 6 -8 9 14 10 -12 19 -14 -15 18 -17 -18 -19 21 -21 -22 -23 -24 -25 -26 26 27 -29 -30 -31
leaf_value=-0.5113802694971783 0.086488154757548064 0.43158929560987519 0.75574911577262149 -1.2110073980031797 0.047743419407013203 -0.021395204164244216 1.3313380791926011 0.0081825664628104866 -1.119145593985128 0.00016991872023015746 -0.24947931256210382 -0.26359650296386028 0.13838038738297032 0.32954404458742392 -0.4965180193926873 -1.2796267227352807 -1.0595406260471596 0.12020154752538025 -0.015167852318423013 -0.094146346060492409 0.22052164447282521 0.13024858887931076 -1.0617598865006759 -0.99260244958360411 -0.35648191093582587 0.27385006951333629 -0.049077609828571275 0.024205682048879577 -0.013786804171378368 0.52818911021429571
leaf_weight=378 24 25 24 27 20 29 28 27 196 34 89 24 35 39 52 229 88 25 35 78 27 25 69 62 29 43 82 53 20 25
leaf_count=378 24 25 24 27 20 29 28 27 196 34 89 24 35 39 52 229 88 25 35 78 27 25 69 62 29 43 82 53 20 25
internal_value=-0.000681608 -0.00137367 -0.000526718 -0.00121429 0.00465957 0.00176821 0.00542105 0.000105726 -0.00072973 0.00141926 0.000658536 0.00184848 0.00526087 0.00472727 -0.0010226 -0.00181838 -0.000763159 0.000642856 -0.000223881 2.32551e-05 0.00229412 0.000286218 -0.000446809 -0.000391305 0.0015283 -9.3024e-05 0.000363228 -0.000777778 0.00211364 0.00317647
internal_weight=1941 1033 655 504 47 151 57 908 555 353 287 198 69 66 531 457 228 140 335 129 51 283 94 115 53 258 223 135 88 68
internal_count=1941 1033 655 504 47 151 57 908 555 353 287 198 69 66 531 457 228 140 335 129 51 283 94 115 53 258 223 135 88 68
is_linear=0
shrinkage=0.03


Tree=149
num_leaves=31
num_cat=0
split_feature=1 58 17 49 44 56 36 26 3 41 18 36 18 8 18 49 42 18 33 19 43 45 8 27 14 3 28 26 33 43
split_gain=1.52405 1.87408 3.16905 0.829427 1.45032 1.35146 1.30662 0.8118 1.36585 1.06061 0.633052 0.749054 0.625401 1.50395 0.679123 1.15167 0.581033 0.618346 0.928885 0.909304 0.793541 0.560283 0.55723 0.569721 1.29945 0.543478 0.498913 0.542556 0.496611 0.697076
threshold=595.90178570000012 1008.1500000000002 15.500000000000002 20.500000000000004 27.850000000000005 4.5500000000000007 865.40000000000009 21.050000000000001 6390518.0625000009 272.73733998393732 54.500000000000007 452.99375000000003 44.500000000000007 3.5000000000000004 68.000000000000014 1.5000000000000002 253.82589285000003 1.0000000180025095e-35 585.77500000000009 14.500000000000002 -387.14374999999995 63.500000000000007 2.5000000000000004 304.50000000000006 28.350000000000005 6367151.2855000012 1005.7500000000001 17.550000000000004 582.78750000000002 225.52678570000003
decision_type=2 2 2 2 2 2 2 2 2 2 2 2 2 2 2 2 2 2 2 2 2 2 2 2 2 2 2 2 2 2
left_child=1 3 -3 4 5 -1 -7 12 9 -9 22 -12 16 14 15 -14 17 18 -2 20 -20 -21 23 24 -6 -18 -22 -28 29 -19
right_child=7 2 -4 -5 10 6 -8 8 -10 -11 11 -13 13 -15 -16 -17 25 28 19 21 26 -23 -24 -25 -26 -27 27 -29 -30 -31
leaf_value=-0.22611599836032836 -0.34984039036056874 -0.52435086307367718 0.13930481856550295 -0.45676951324676329 2.4283161217186966 0.13500037262056372 0.11710078975772695 0.031654716781221108 5.1054186365035972e-06 0.047334355089573281 -2.0017547089663248 0.35253497904796294 -0.48669341955248807 0.085890487435382329 -0.35510841189838466 0.13373685030066196 -0.066655026668733852 0.051792756819623115 0.24608785658962001 0.012847064044791197 -0.84377727744203823 0.41994383581006933 -1.2343358161663658 -1.0181096872182547 -0.027236604652108563 0.1136926002482799 -0.44456669028390389 0.04136897559411877 -0.65574770663362913 -0.033346762021712037
leaf_weight=20 68 22 20 307 20 21 20 20 81 22 22 39 26 31 60 27 23 119 21 27 51 32 311 64 131 23 31 38 166 78
leaf_count=20 68 22 20 307 20 21 20 20 81 22 22 39 26 31 60 27 23 119 21 27 51 32 311 64 131 23 31 38 166 78
internal_value=-0.000527049 -0.00134504 0.00485714 -0.0016178 -0.00100926 0.00339344 0.00651219 0.000336864 0.00260976 0.007 -0.00146678 0.00142623 -3.6548e-06 0.00179167 0.00018584 0.00266038 -0.000385525 -0.000622822 0.000470149 0.0015 0.000191489 0.00462712 -0.00180228 -0.000627908 0.000377483 0.00286956 -0.000750001 0.000913043 -0.00142975 -0.000411168
internal_weight=1941 997 42 955 648 61 41 944 123 42 587 61 821 144 113 53 677 631 268 200 141 59 526 215 151 46 120 69 363 197
internal_count=1941 997 42 955 648 61 41 944 123 42 587 61 821 144 113 53 677 631 268 200 141 59 526 215 151 46 120 69 363 197
is_linear=0
shrinkage=0.03


Tree=150
num_leaves=31
num_cat=0
split_feature=11 11 40 57 37 24 6 3 10 23 23 33 3 33 10 19 41 50 24 42 47 35 48 15 15 18 14 35 2 42
split_gain=1.9649 1.69549 2.81612 0.788575 1.37607 1.30716 1.35049 1.28444 0.852102 1.35088 0.823075 0.820389 1.65931 1.26731 1.29385 0.762698 0.754148 0.5625 0.556551 0.580014 0.54221 0.458433 0.438171 1.19883 0.921305 0.837561 0.41957 0.407732 0.4 0.305284
threshold=-0.16280825711808986 0.93540483100319627 29.206510417916657 290.50000000000006 322.52410715000002 342.35000000000008 20.500000000000004 6346132.7145000007 0.81241147629689026 133.50000000000003 215.50000000000003 859.97857140000008 6375597.9465000005 380.0750000000001 0.63405362205439497 15.500000000000002 344.65951327361932 37.000000000000007 757.10000000000014 -62.102678400000052 16.500000000000004 72.642857140000018 19.500000000000004 80.500000000000014 78.500000000000014 47.500000000000007 28.650000000000002 54.513095235000002 566.61607145000005 69.412500050000077
decision_type=2 2 2 2 2 2 2 2 2 2 2 2 2 2 2 2 2 2 2 2 2 2 2 2 2 2 2 2 2 2
left_child=3 22 20 5 29 6 8 -8 9 -1 18 13 -13 14 -6 -15 -12 -11 -7 -20 27 -22 -2 24 -24 -26 -23 -3 -16 -5
right_child=1 2 -4 4 11 10 7 -9 -10 17 16 12 -14 15 28 -17 -18 -19 19 -21 21 26 23 -25 25 -27 -28 -29 -30 -31
leaf_value=0.48727356451004311 -1.2412468100526513 0.12374557297155837 0.1740514742311928 -0.61835224491228835 0.039492368043561855 -0.13836512802186007 0.23137793546217397 0.067032008531822396 -0.82642356321238897 0.0091541911615149515 -0.17925461953884367 0.28869173058736719 0.014594062056565438 -0.057935658990447954 0.25387120214825187 0.01810444056566134 0.25371589088321872 -0.033143419613668922 0.079826028939373558 -0.10390252719152246 -0.24609667703342986 0.036449029092001234 -1.5418853079225359 -1.3485407607721791 0.24634309975580987 0.28020946154800935 -0.0033621660236635713 -0.42877951938321174 -0.040050147449689752 0.0012244682562256792
leaf_weight=33 500 21 28 52 25 243 20 25 46 20 26 30 39 60 20 21 34 80 25 42 98 20 36 252 24 37 21 22 20 21
leaf_count=33 500 21 28 52 25 243 20 25 46 20 26 30 39 60 20 21 34 80 25 42 98 20 36 252 24 37 21 22 20 21
internal_value=-0.000542505 -0.0014136 0.000999999 0.000503401 0.00179167 -0.000121213 0.0016875 0.00633333 0.000519552 0.00173684 -0.00121622 0.003 0.00569565 0.00172603 0.00484615 -0.000777778 0.002 -7.15256e-10 -0.00183871 0.000582089 -0.000362638 -0.00127338 -0.0020106 -0.00119484 0.00163917 0.00388525 0.00139024 0.00258139 0.0015 -0.00176712
internal_weight=1941 1059 210 882 288 594 224 45 179 133 370 215 69 146 65 81 60 100 310 67 182 139 849 349 97 61 41 43 40 73
internal_count=1941 1059 210 882 288 594 224 45 179 133 370 215 69 146 65 81 60 100 310 67 182 139 849 349 97 61 41 43 40 73
is_linear=0
shrinkage=0.03


Tree=151
num_leaves=31
num_cat=0
split_feature=1 6 6 47 34 17 57 37 18 9 1 1 1 1 49 14 28 30 41 28 43 9 42 3 14 27 21 20 4 5
split_gain=1.64141 0.984026 1.14919 1.35072 1.35256 0.891852 0.89012 1.38052 1.26984 2.4 0.833259 1.06456 1.01335 1.005 1.00054 0.773858 0.771627 0.654762 0.553571 0.552681 0.540932 1.58368 0.645432 0.50894 0.466667 0.771429 0.642857 0.423408 0.377747 0.446429
threshold=595.90178570000012 17.500000000000004 20.500000000000004 30.500000000000004 486.48303570000002 49.500000000000007 290.50000000000006 214.63750000000002 40.500000000000007 145.50000000000003 3717.0625000000005 5806.6517855000011 9110.1339285000013 8048.5000000000009 3.5000000000000004 32.350000000000001 1008.1500000000002 211.71250000000003 338.38551934775393 1007.2500000000001 -309.15982142999997 150.50000000000003 300.95625000000007 6551800.5950000007 30.450000000000003 205.50000000000003 383.50000000000006 6.5000000000000009 21.500000000000004 22.500000000000004
decision_type=2 2 2 2 2 2 2 2 2 2 2 2 2 2 2 2 2 2 2 2 2 2 2 2 2 2 2 2 2 2
left_child=1 28 3 4 23 16 8 -8 20 -10 14 -12 13 15 -9 -13 -4 -16 -14 -7 21 -2 -22 -3 25 -11 -27 -5 -1 -30
right_child=6 2 5 27 -6 19 7 10 9 24 11 12 18 -15 17 -17 -18 -19 -20 -21 22 -23 -24 -25 -26 26 -28 -29 29 -31
leaf_value=-0.80333699926566382 -2.0409422691068904 0.01938185716916729 -0.96846923420233511 0.24957542424077556 -0.55078281145103336 -0.41536143271051634 -0.77335060196205851 -0.00044889768083162575 0.23182790870865405 -4.0597315262473161 -0.29437684853286683 -0.054194006831954335 -0.038912678280295661 0.077478035905777315 0.041989732483758584 0.020689742641913311 0.028520252699535727 0.3002346104856376 0.024153810317872726 0.042928681472026463 -0.027148442751899191 0.33245656352078906 0.33686823430349971 1.5900793610905233 -1.1521573719419445 0.11745953403301329 -0.021849357136268462 -2.1055080497450231 -0.19376389712543665 0.0092166958752486657
leaf_weight=308 49 23 386 42 20 43 67 24 27 24 35 34 31 29 20 25 32 22 25 25 399 26 23 21 28 28 28 41 28 28
leaf_count=308 49 23 386 42 20 43 67 24 27 24 35 34 31 29 20 25 32 22 25 25 399 26 23 21 28 28 28 41 28 28
internal_value=-0.000496137 -0.00134504 -0.000630332 0.00169388 0.00496875 -0.00133333 0.000400423 0.00171154 -0.000246836 0.00233333 0.0027551 0.00169274 0.00283333 0.00484091 0.00563636 0.00259322 -0.00185168 0.00842857 -0.000321429 0.00185294 -0.000947687 0.0014 -0.00136493 0.00790909 0.000333333 0.0015 0.00342857 -0.000831326 -0.00258791 -0.000321429
internal_weight=1941 997 633 147 64 486 944 312 632 135 245 179 144 88 66 59 418 42 56 68 497 75 422 44 108 80 56 83 364 56
internal_count=1941 997 633 147 64 486 944 312 632 135 245 179 144 88 66 59 418 42 56 68 497 75 422 44 108 80 56 83 364 56
is_linear=0
shrinkage=0.03


Tree=152
num_leaves=31
num_cat=0
split_feature=26 58 18 28 18 27 27 43 21 24 56 45 27 27 2 15 8 19 21 3 8 24 2 10 26 2 10 46 26 33
split_gain=0.986912 0.952481 0.766082 1.34502 1.46104 0.681818 0.631516 0.704095 0.567393 1.14678 0.780126 0.828431 1.20098 1.4881 0.691398 0.60017 0.472004 0.828819 0.39932 0.75338 0.578571 0.38617 0.376872 0.693619 0.384127 0.347426 0.371095 0.380952 0.312778 0.309847
threshold=4.7500000000000009 1009.2500000000001 49.500000000000007 1006.4500000000002 73.500000000000014 283.50000000000006 207.50000000000003 -55.178571419999997 625.00000000000011 577.85000000000014 8.8000000000000025 86.500000000000014 312.50000000000006 277.50000000000006 6883.7589285000004 82.500000000000014 1.0000000180025095e-35 1.0000000180025095e-35 928.50000000000011 7218678.0000000009 3.5000000000000004 508.35000000000008 1303.3839285000001 -0.41248606129204546 8.2500000000000018 1619.0000000000002 0.91037613702198772 24.650000000000002 22.350000000000005 906.21875000000011
decision_type=2 2 2 2 2 2 2 2 2 2 2 2 2 2 2 2 2 2 2 2 2 2 2 2 2 2 2 2 2 2
left_child=-1 2 8 6 5 -5 -4 -8 10 21 11 15 13 -13 18 22 17 -12 19 28 -20 -10 24 -24 -2 26 27 -9 -11 -18
right_child=1 -3 3 4 -6 -7 7 25 9 14 16 12 -14 -15 -16 -17 29 -19 20 -21 -22 -23 23 -25 -26 -27 -28 -29 -30 -31
leaf_value=-0.46351982674196146 -0.10875651160389095 0.045787462778432826 -0.90208467314910257 0.070199532551628821 -0.19885220121065825 0.23771789841067065 0.8371731998482933 -4.7177726359640531 0.016605647780270849 -0.05991881314998488 0.094434013764156513 0.070629618266142058 -0.37603213190473878 0.50722485032358189 0.015299229691661444 -1.1690858164927938 -0.38810688626030176 -0.31662256031712294 -1.6415234564246233 0.082216795319309185 0.32478151202049516 0.2691330306202106 -0.69715900738034886 0.49364542214175344 0.013598436872214233 -0.9351605419006076 -0.2603691739437069 0.7611285694946115 0.0049686273735059031 -0.0015789676880689834
leaf_weight=213 70 25 56 24 28 20 20 21 20 169 33 28 20 20 24 66 680 76 35 22 28 27 26 22 20 28 26 21 20 53
leaf_count=213 70 25 56 24 28 20 20 21 20 169 33 28 20 20 24 66 680 76 35 22 28 27 26 22 20 28 26 21 20 53
internal_value=-0.000650696 -0.000413195 -0.000498533 0.00105738 0.0045 0.00790909 -0.000383722 0.00087931 -0.00075874 0.000304347 -0.00108797 0.000308823 0.00317647 0.00575 -0.000382551 -0.00064706 -0.00153919 0.000302752 -0.00081022 -0.00143602 0.00128571 0.00465957 0.00047826 0.002625 -0.000666667 -0.000187501 0.000970588 0.00271428 -0.00204762 -0.0018131
internal_weight=1941 1728 1703 244 72 44 172 116 1459 345 1114 272 68 48 298 204 842 109 274 211 63 47 138 48 90 96 68 42 189 733
internal_count=1941 1728 1703 244 72 44 172 116 1459 345 1114 272 68 48 298 204 842 109 274 211 63 47 138 48 90 96 68 42 189 733
is_linear=0
shrinkage=0.03


Tree=153
num_leaves=31
num_cat=0
split_feature=11 11 40 1 11 1 19 3 43 3 36 2 26 36 6 31 3 26 56 27 34 12 3 2 16 3 3 43 16 47
split_gain=1.37785 1.31934 2.90769 0.788012 1.52288 1.29727 0.687625 1.08436 0.680007 0.921053 0.748795 0.630043 1.57292 1.23676 0.499945 0.637634 0.467914 0.450611 1.21635 0.432178 0.475749 0.618947 0.36888 0.359763 0.397489 0.510032 0.425042 0.373307 0.324718 0.314356
threshold=-0.16280825711808986 0.93540483100319627 29.206510417916657 3717.0625000000005 -0.47114434510950048 2676.3571430000006 2.5000000000000004 6252645.0980000012 368.35892860000007 6309268.5270000007 719.56250000000011 6130.0000000000009 8.6500000000000004 515.81071430000009 21.500000000000004 178.02142855000002 6383439.2145000007 6.2500000000000009 4.6500000000000012 326.50000000000006 1160.0785715000004 0.56811179347017271 6548161.1875000009 6145.3839285000004 23.750000000000004 7218678.0000000009 6274687.1250000009 -74.85357142999996 24.350000000000005 31.500000000000004
decision_type=2 2 2 2 2 2 2 2 2 2 2 2 2 2 2 2 2 2 2 2 2 2 2 2 2 2 2 2 2 2
left_child=3 6 17 4 5 -1 7 -2 10 -10 19 12 -9 22 -6 -16 -11 18 -3 20 23 -22 -14 24 25 -5 -26 -28 -29 -30
right_child=1 2 -4 8 14 -7 -8 11 9 16 -12 -13 13 -15 15 -17 -18 -19 -20 -21 21 -23 -24 -25 26 -27 27 28 29 -31
leaf_value=0.015714148641881556 0.74543948992139886 -0.21065513897552304 0.17155209968308002 -0.43526381846414369 -0.0090825823365132344 0.26866797320716018 -1.3712996572841367 -0.92365333251716186 -0.49551421123643441 0.22840830749493549 0.38056659104316787 -1.9864795444922065 0.028907484044628517 -1.7469704973720339 0.076860607563586564 -0.17074436669535212 0.081116540199510825 -0.15904728785692332 0.1039608150198517 0.11497475077832069 -0.16731116642685734 0.025039658276036963 1.561955856802689 -0.72417859364523118 0.10829050436807029 0.066680356951656819 0.069737037498755691 -0.12261251810095339 0.0052813788482649641 -0.037123297761471857
leaf_weight=21 20 27 28 146 79 25 497 122 20 22 23 114 31 45 37 36 34 124 31 24 25 32 20 80 28 23 50 57 35 85
leaf_count=21 20 27 28 146 79 25 497 122 20 22 23 114 31 45 37 36 34 124 31 24 25 32 20 80 28 23 50 57 35 85
internal_value=-0.000542505 -0.00127196 0.000857142 0.000333333 0.002 0.00678261 -0.00179859 -0.000784092 -0.000149124 0.00252632 -0.000483553 -0.00119277 -0.000247707 0.002625 0.000552631 0.00234247 0.0045 -0.000527473 0.00165517 -0.000692308 -0.000860963 0.00173684 0.00582353 -0.00115476 -0.000806604 -0.00193491 -5.88242e-05 -0.000488987 -0.00113559 -0.000250001
internal_weight=1941 1059 210 882 198 46 849 352 684 76 608 332 218 96 152 73 56 182 58 585 561 57 51 504 424 169 255 227 177 120
internal_count=1941 1059 210 882 198 46 849 352 684 76 608 332 218 96 152 73 56 182 58 585 561 57 51 504 424 169 255 227 177 120
is_linear=0
shrinkage=0.03


Tree=154
num_leaves=31
num_cat=0
split_feature=11 11 40 57 47 9 6 10 34 42 19 23 51 58 42 31 3 6 41 41 42 17 40 3 42 37 37 37 42 17
split_gain=1.55859 1.31934 2.90769 1.01347 1.43247 0.893965 1.22338 1.14683 1.82103 0.858895 0.745939 0.735267 0.727576 0.664615 0.573848 1.07736 1.07888 0.868827 0.572024 0.523879 0.512783 0.467699 0.469712 0.427907 0.376812 0.698549 1.17285 0.641026 0.673193 0.362427
threshold=-0.16280825711808986 0.93540483100319627 29.206510417916657 290.50000000000006 24.500000000000004 141.50000000000003 17.500000000000004 0.72947329433276253 569.0883928500001 69.412500050000077 1.0000000180025095e-35 226.00000000000003 265.50000000000006 1006.7500000000001 -58.327678550000023 319.89375000000001 6406834.1430000011 21.500000000000004 336.58613312049175 206.1575795110173 -125.01339284999999 16.500000000000004 5.5314360118750008 6400478.3750000009 83.570535700000008 989.91250000000014 1144.1169645000002 1045.9026785000003 144.68660710000003 57.500000000000007
decision_type=2 2 2 2 2 2 2 2 2 2 2 2 2 2 2 2 2 2 2 2 2 2 2 2 2 2 2 2 2 2
left_child=3 5 21 12 9 6 -2 8 10 18 -8 20 14 -14 -1 17 -17 -16 19 -5 -6 -3 -23 -21 25 -15 -27 28 -26 -24
right_child=1 2 -4 4 11 -7 7 -9 -10 -11 -12 -13 13 24 15 16 -18 -19 -20 23 -22 22 29 -25 27 26 -28 -29 -30 -31
leaf_value=-0.74933911803742648 -2.7829882409305493 0.1254044367249027 0.16640553669258762 0.024508948637131715 0.0042870937736359327 -1.1495361906903012 0.7445104316596125 -3.7768978340381789 -3.0833367118760067 0.25544928786631454 0.06893864977369088 0.014370979761105296 -0.62654881153316377 -0.2326018370256491 -0.24689815018962813 0.0077962094737149806 1.3905616653453345 0.072245493321366747 0.070109256988108826 -0.031826284359586704 -0.30885436907986991 -0.17391781803695336 -2.0744465027269223 0.11884813097136317 1.9966562790012359 0.22376990304131839 -0.0052170091734587837 -0.024267520476285134 0.043205873543673494 0.022356903994463606
leaf_weight=21 79 39 28 21 23 644 27 42 25 27 32 27 234 85 47 22 25 29 20 23 127 102 20 20 22 24 29 26 30 21
leaf_count=21 79 39 28 21 23 644 27 42 25 27 32 27 234 85 47 22 25 29 20 23 127 102 20 20 22 24 29 26 30 21
internal_value=-0.000496137 -0.00127196 0.000857142 0.000435373 0.00189583 -0.00179859 -7.31714e-05 0.0017619 0.00378571 0.00456757 0.00666102 0.000220338 -0.000272728 -0.000866667 0.00158333 0.00236585 0.00593617 0.000157894 0.00307143 0.0016875 -0.000600001 -0.000527473 -0.00132168 -0.000209303 0.000333333 -0.000608696 0.00209434 0.002 0.00392308 0.00139024
internal_weight=1941 1059 210 882 288 849 205 126 84 111 59 177 594 450 144 123 47 76 84 64 150 182 143 43 216 138 53 78 52 41
internal_count=1941 1059 210 882 288 849 205 126 84 111 59 177 594 450 144 123 47 76 84 64 150 182 143 43 216 138 53 78 52 41
is_linear=0
shrinkage=0.03


Tree=155
num_leaves=31
num_cat=0
split_feature=1 49 44 47 58 8 27 56 26 57 33 3 54 8 18 36 27 16 30 41 31 40 2 38 5 16 3 47 58 15
split_gain=1.75655 0.866272 1.18821 0.753916 1.46884 0.946017 1.14923 1.19524 0.619002 0.541532 1.00839 1.99224 0.999805 0.991542 1.78889 0.768222 0.758253 1.07675 0.688495 0.626361 0.935614 0.876783 0.580808 0.443351 0.604543 0.4 0.384315 0.486343 0.728139 0.379073
threshold=595.90178570000012 20.500000000000004 26.750000000000004 7.5000000000000009 1008.1500000000002 3.5000000000000004 310.50000000000006 13.050000000000002 7.7500000000000009 290.50000000000006 859.97857140000008 6370377.6250000009 331.75000000000006 1.0000000180025095e-35 3.5000000000000004 719.56250000000011 262.50000000000006 24.450000000000003 907.54285715000015 265.40411646992749 843.57321430000013 681.82994790395844 5939.2857145000007 1032.1955357375002 1.0000000180025095e-35 24.550000000000004 6551800.5950000007 40.500000000000007 1005.85 87.500000000000014
decision_type=2 2 2 2 2 2 2 2 2 2 2 2 2 2 2 2 2 2 2 2 2 2 2 2 2 2 2 2 2 2
left_child=1 2 -1 -4 5 6 7 8 -5 12 13 -12 16 14 -11 23 19 -18 -15 29 21 -21 -13 -14 -25 -16 27 28 -10 -2
right_child=9 -3 3 4 -6 -7 -8 -9 26 10 11 22 15 18 25 -17 17 -19 -20 20 -22 -23 -24 24 -26 -27 -28 -29 -30 -31
leaf_value=0.048547071746857441 -0.13683550196035407 -0.35319928458629279 -0.71250325142808091 -0.018968331765939702 0.10845999617635341 -0.95740120077913871 -0.9043139278747987 -2.2837000918285444 0.048540651396761322 -3.9938027899143211 0.22174688314922988 0.20733017384001073 -0.16453492831502084 -0.028718325140558429 0.11331857417634723 0.37425430099351659 0.10890826872498971 0.058825252592720562 0.035667098134437997 0.011317210534866642 -0.26418249276094607 1.4447233202719076 -0.26827374605277743 0.072461557398332863 -0.034237320437033876 0.035482811410608897 0.88944202061802424 -0.031376383352588084 0.5723966546141489 0.049102799060634944
leaf_weight=24 84 313 163 36 20 212 67 51 22 23 32 22 273 152 20 26 21 30 20 26 34 21 23 24 63 20 38 31 20 30
leaf_count=24 84 313 163 36 20 212 67 51 22 23 32 22 273 152 20 26 21 30 20 26 34 21 23 24 63 20 38 31 20 30
internal_value=-0.000527049 -0.00140522 -0.000807018 -0.00104546 -0.000464789 -0.000798743 0.000396226 0.00154545 0.00291837 0.000400423 0.00142308 0.0044026 -0.000104431 0.000446808 0.00366667 -0.001057 0.00139024 0.00464706 -0.000732559 0.000538461 0.00255555 0.00529787 0.000333333 -0.00141667 0.000448275 0.0075 0.00402703 0.00275342 0.00485714 -0.000894738
internal_weight=1941 997 684 660 497 477 265 198 147 944 312 77 632 235 63 386 246 51 172 195 81 47 45 360 87 40 111 73 42 114
internal_count=1941 997 684 660 497 477 265 198 147 944 312 77 632 235 63 386 246 51 172 195 81 47 45 360 87 40 111 73 42 114
is_linear=0
shrinkage=0.03


Tree=156
num_leaves=31
num_cat=0
split_feature=11 40 49 18 11 15 11 6 36 33 49 18 16 48 36 34 12 3 37 37 57 43 32 3 8 33 43 8 40 42
split_gain=1.66201 1.1411 0.99227 1.00744 1.22433 1.25952 0.588889 1.12667 0.811914 1.34839 1.2526 0.956633 0.636751 0.630404 0.587778 0.533969 0.789586 0.719766 0.628721 0.744699 0.505869 0.563333 0.44971 0.342857 0.319023 0.352174 0.309116 0.291969 0.716955 0.275724
threshold=-0.77259657388510616 231.53467261937502 20.500000000000004 49.500000000000007 0.84874750804349197 68.500000000000014 0.93540483100319627 19.500000000000004 336.55982145000002 51.664285715000005 14.500000000000002 13.500000000000002 25.050000000000004 16.500000000000004 1134.6428570000003 783.35535715000003 0.46514529268026444 6302351.5625000009 1039.1839285000003 980.58125000000007 264.50000000000006 207.18571415 509.62857145000004 7045264.0715000005 5.5000000000000009 498.2142857500001 -335.59642864999995 1.5000000000000002 867.41514136666672 -219.11071399999989
decision_type=2 2 2 2 2 2 2 2 2 2 2 2 2 2 2 2 2 2 2 2 2 2 2 2 2 2 2 2 2 2
left_child=1 22 3 6 5 -5 8 -8 9 11 27 -2 -13 14 -9 18 -17 -18 19 20 21 -3 -1 -7 25 -22 -4 28 -11 -19
right_child=2 15 26 4 -6 23 7 13 -10 10 -12 12 -14 -15 -16 16 17 29 -20 -21 24 -23 -24 -25 -26 -27 -28 -29 -30 -31
leaf_value=0.024140443450197033 0.36750438415270603 0.13758422311317769 0.38804545615842972 0.10991901695105726 0.38679548419846271 -0.36928545910792726 0.55506012943623084 0.21039279936945124 -1.0088794629545212 -0.1204716322648194 0.052668736680639962 0.10143454849584575 -0.18533392385443717 -0.3276327969345364 -0.033991071316777852 0.80057629234579475 0.72135977507726845 -0.23424007938421015 -0.061702031829559321 0.039618043690705255 0.0075526210515855828 -0.27045339115507983 0.1050764097463496 0.066004051062659011 0.017576799879128285 -1.4160709594490366 -0.25498863583630893 -0.93732157441314901 0.094351597546035254 0.0070378391237552896
leaf_weight=20 27 30 21 20 21 84 20 25 297 62 21 46 74 55 20 20 24 22 60 20 20 20 21 21 25 72 430 244 20 79
leaf_count=20 27 30 21 20 21 84 20 25 297 62 21 46 74 55 20 20 24 22 60 20 20 20 21 21 25 72 430 244 20 79
internal_value=-0.000619784 0.00101848 -0.00109019 -0.000587513 0.00172603 0.000599999 -0.000958288 0.000999999 -0.00125537 -0.000510122 -0.00153026 0.00189796 0.000749999 -0.000300001 0.00233333 0.000520407 0.00196552 0.00108 -0.000327936 0.000529411 -0.000125749 0.0024 0.00578049 -0.000714286 -0.00120513 -0.00202174 -0.00226829 -0.00198773 -0.000439025 -2.97037e-05
internal_weight=1941 433 1508 1057 146 125 911 120 791 494 347 147 120 100 45 392 145 125 247 187 167 50 41 105 117 92 451 326 82 101
internal_count=1941 433 1508 1057 146 125 911 120 791 494 347 147 120 100 45 392 145 125 247 187 167 50 41 105 117 92 451 326 82 101
is_linear=0
shrinkage=0.03


Tree=157
num_leaves=31
num_cat=0
split_feature=11 11 40 28 6 9 49 48 18 39 3 51 24 9 48 26 5 14 31 30 40 40 40 51 49 19 3 26 8 14
split_gain=1.88436 1.17979 1.64759 0.757972 0.919638 0.803818 1.29658 0.770504 0.908206 0.769476 0.814545 1.03704 0.714846 0.48601 0.835385 1.43871 0.4827 0.571154 0.465463 0.502275 0.592177 0.463082 0.450344 0.545122 0.436036 0.745767 0.700358 0.376579 0.314103 0.300481
threshold=-0.16280825711808986 0.93540483100319627 34.380468749791667 1005.6500000000002 29.500000000000004 145.50000000000003 42.500000000000007 45.500000000000007 22.500000000000004 1058.8045386875003 6292926.8395000007 755.00000000000011 138.85000000000002 149.50000000000003 21.500000000000004 8.6500000000000004 1.0000000180025095e-35 26.850000000000005 1150.1142860000002 1150.1142860000002 922.01028770000005 2.1657738095833339 645.40137649437509 625.00000000000011 17.500000000000004 1.5000000000000002 6337680.7145000007 10.850000000000003 4.5000000000000009 31.950000000000003
decision_type=2 2 2 2 2 2 2 2 2 2 2 2 2 2 2 2 2 2 2 2 2 2 2 2 2 2 2 2 2 2
left_child=3 13 24 4 12 6 7 8 9 10 -5 -12 16 14 -2 -16 -1 -18 19 20 22 -17 23 -7 25 27 -27 -3 -14 -30
right_child=1 2 -4 5 -6 18 -8 -9 -10 -11 11 -13 28 -15 15 21 17 -19 -20 -21 -22 -23 -24 -25 -26 26 -28 -29 29 -31
leaf_value=1.2362625681557475 -0.97754290844108849 -0.71428639306634834 0.18781387974371516 0.00081862060587636074 0.031105769300269825 -0.015875886490177661 -1.8298397444319985 0.10899241606223388 -0.14136964131996893 -0.013730623148059113 0.070613018115642107 0.0028355359413966448 -1.5667359730195549 -1.4119351264234241 -1.2299009351995158 0.53792572715711029 0.073277240594181017 -0.065941325014855404 -0.17498876270229466 1.7945556365792557 0.063887437055795276 -0.0067172392351485151 -0.17367278189263916 0.025848491450654477 -0.13969594780729289 -0.0018260823770579221 0.1800216870443479 0.14637435952810268 -0.42740277214843164 0.049200131050635747
leaf_weight=23 327 41 25 25 22 172 33 38 39 26 36 27 156 338 102 59 32 33 37 23 23 23 43 42 74 21 23 26 20 32
leaf_count=23 327 41 25 25 22 172 33 38 39 26 36 27 156 338 102 59 32 33 37 23 23 23 43 42 74 21 23 26 20 32
internal_value=-0.000588872 -0.00144193 0.000571428 0.000435373 -0.00073585 0.00109574 0.00249107 0.00343979 0.0024902 0.0038421 0.00518182 0.007 -0.00117568 -0.00193993 -0.00135617 0.000260869 0.00109091 -0.00023077 0.00017647 0.000564356 0.000214285 0.00321951 -0.000198444 0.000364485 -0.000405406 0.000783783 0.00381818 -0.00120896 -0.00213462 -0.000115385
internal_weight=1941 1059 210 882 318 564 224 191 153 114 88 63 296 849 511 184 88 65 340 303 280 82 257 214 185 111 44 67 208 52
internal_count=1941 1059 210 882 318 564 224 191 153 114 88 63 296 849 511 184 88 65 340 303 280 82 257 214 185 111 44 67 208 52
is_linear=0
shrinkage=0.03


Tree=158
num_leaves=31
num_cat=0
split_feature=11 11 40 9 6 10 34 19 18 18 9 41 9 57 41 32 36 34 37 37 37 51 15 2 49 14 36 9 8 19
split_gain=1.95346 1.14823 1.58311 1.01269 1.34878 1.28571 2.01776 1.01085 0.719456 0.90237 1.25149 0.736988 0.72532 1.09474 1.20821 0.92803 0.770417 0.712954 0.576752 0.793415 1.02742 0.603049 1.00901 0.533684 0.518919 0.620032 0.541717 0.562908 0.384127 0.349949
threshold=-0.16280825711808986 0.93540483100319627 34.380468749791667 141.50000000000003 17.500000000000004 0.72947329433276253 569.0883928500001 1.0000000180025095e-35 52.000000000000007 68.000000000000014 145.50000000000003 232.23546690007882 141.50000000000003 290.50000000000006 316.62072752822831 794.49553570000012 9.2428571430000002 906.21875000000011 870.77857140000015 1039.1839285000003 977.2491071500001 362.00000000000006 72.500000000000014 2305.5178570000003 17.500000000000004 28.650000000000002 1121.111607 143.50000000000003 4.5000000000000009 15.500000000000002
decision_type=2 2 2 2 2 2 2 2 2 2 2 2 2 2 2 2 2 2 2 2 2 2 2 2 2 2 2 2 2 2
left_child=8 3 24 4 -2 6 7 -6 12 10 -10 -11 29 16 17 -16 18 -15 21 20 -20 22 -14 -18 25 26 27 -3 -21 -1
right_child=1 2 -4 -5 5 -7 -8 -9 9 11 -12 -13 13 14 15 -17 23 -19 19 28 -22 -23 -24 -25 -26 -27 -28 -29 -30 -31
leaf_value=-3.387006441938119 -2.6130826039096902 0.18915806035035024 0.1821794633514037 -1.0665935070985595 0.7449895997670799 -3.5768688100389214 -2.9365210767557053 0.08002956371501134 0.19026446030666549 -0.72071534372434287 0.024956273003347497 0.045801033855374658 0.14742227127232113 -0.01565591031648729 0.45914830663017558 0.0041195927261386883 0.38929993069538377 0.022551155500745119 -3.6486754240420136e-05 -0.020237130684896288 0.23504946352507564 -0.79988991813377408 -0.033473759015426943 0.036364431274450847 -0.13550506937307408 -2.0870304823337542 -0.0012537786430392001 0.1854854355126237 0.00052744357380984193 0.00010256963581845107
leaf_weight=93 79 27 25 644 27 42 25 32 24 40 32 36 36 63 20 24 25 30 34 60 23 141 69 32 74 26 36 22 21 79
leaf_count=93 79 27 25 644 27 42 25 32 24 40 32 36 36 63 20 24 25 30 34 60 23 141 69 32 74 26 36 22 21 79
internal_value=-0.000403401 -0.00127196 0.000714285 -0.00176325 7.317e-05 0.002 0.00414286 0.00716949 0.000639455 0.00268182 0.00557143 0.000552631 0.000279999 0.000788927 0.00313139 0.00722727 6.12238e-05 0.00119355 -0.000421876 0.00113043 0.0038421 -0.00129268 0.000428571 0.00331579 -0.000243244 0.00105405 0.00229412 0.00434694 -0.000777778 -0.00143023
internal_weight=1941 1059 210 849 205 126 84 59 882 132 56 76 750 578 137 44 441 93 384 138 57 246 105 57 185 111 85 49 81 172
internal_count=1941 1059 210 849 205 126 84 59 882 132 56 76 750 578 137 44 441 93 384 138 57 246 105 57 185 111 85 49 81 172
is_linear=0
shrinkage=0.03


Tree=159
num_leaves=31
num_cat=0
split_feature=1 11 10 28 26 12 8 27 27 2 47 26 27 12 3 26 12 33 1 1 26 44 16 6 43 12 49 19 49 28
split_gain=1.76313 1.25356 1.13095 0.976602 0.903856 0.690799 0.725402 0.693006 1.57715 0.760686 0.613806 0.500762 1.19091 0.74398 0.681015 1.2349 1.30593 0.856076 0.876556 0.784433 0.777525 0.735 0.77381 0.57479 0.603439 0.586446 0.560364 0.557724 0.487441 0.854785
threshold=595.90178570000012 0.93540483100319627 -0.29012925520284144 1007.7500000000001 6.4500000000000011 0.53946920585801694 3.5000000000000004 310.50000000000006 278.50000000000006 6852.5000000000009 27.500000000000004 5.3500000000000005 323.50000000000006 0.64987354830121502 6363516.2500000009 18.450000000000003 0.56811179347017271 617.91428570000005 7867.9821430000011 10871.321430000002 12.750000000000002 30.250000000000004 25.350000000000005 30.500000000000004 -338.26249999999993 0.52490632455031438 13.500000000000002 1.0000000180025095e-35 17.500000000000004 1006.9500000000002
decision_type=2 2 2 2 2 2 2 2 2 2 2 2 2 2 2 2 2 2 2 2 2 2 2 2 2 2 2 2 2 2
left_child=1 5 -3 28 -5 -1 7 8 10 -10 -7 -2 13 14 15 16 -13 18 -18 27 21 22 -16 24 25 -22 -15 -19 29 -4
right_child=11 2 3 4 -6 6 -8 -9 9 -11 -12 12 -14 26 20 -17 17 19 -20 -21 23 -23 -24 -25 -26 -27 -28 -29 -30 -31
leaf_value=-1.5267611457285155 -0.62848743395432494 0.20276248471616523 0.23306026528116353 0.055565965833080759 -0.0022154457525359042 -2.061280804503427 -0.96405182703994241 -1.2526152248971385 0.71732792252827615 -0.43858860833888902 0.13250548822077238 -0.19467156022512208 0.15188070054721864 -4.2528957845469595 0.18999524745237992 0.098292010806052446 0.029351201838438357 0.34113102867268796 0.80081157197543029 -0.02383660296708957 0.25048077754992892 -0.38958584421697079 -0.031130931574159852 0.017345912904370386 -0.14753785788144008 -0.039147994734434303 0.0044399608430838351 -0.014736553145194207 -0.14839548137583769 -0.039535134532041924
leaf_weight=309 65 20 27 21 22 86 182 65 59 25 61 87 47 106 39 39 31 21 22 27 20 40 21 21 238 27 73 20 69 51
leaf_count=309 65 20 27 21 22 86 182 65 59 25 61 87 47 106 39 39 31 21 22 27 20 40 21 21 238 27 73 20 69 51
internal_value=-0.000465225 -0.00134504 0.000714285 -7.15256e-10 0.00397674 -0.00189454 -0.00117992 -0.000263514 0.000506493 0.00378571 -0.00136735 0.000463982 0.000651876 0.000389422 0.000859111 0.00210121 0.00118269 0.00319835 0.0060566 0.000970588 0.000103448 0.0024 0.0045 -0.00064706 -0.001 0.00210638 -0.00132402 0.00358537 -0.00116327 0.000461538
internal_weight=1941 997 210 190 43 787 478 296 231 84 147 944 879 832 653 247 208 121 53 68 406 100 60 306 285 47 179 41 147 78
internal_count=1941 997 210 190 43 787 478 296 231 84 147 944 879 832 653 247 208 121 53 68 406 100 60 306 285 47 179 41 147 78
is_linear=0
shrinkage=0.03


Tree=160
num_leaves=31
num_cat=0
split_feature=1 11 10 6 26 9 6 11 10 27 47 43 56 24 43 48 27 42 27 56 57 17 33 8 34 26 5 23 45 1
split_gain=1.40221 1.19036 1.17907 0.890191 2.58309 0.610392 0.836158 1.16614 0.616117 0.573933 1.26349 1.09654 0.770285 1.05776 0.760215 0.762106 0.866393 0.653333 0.564257 1.18543 0.776882 0.559324 1.42263 0.552434 0.498701 0.473476 0.408559 0.853333 0.415975 0.288911
threshold=595.90178570000012 0.93540483100319627 -0.29012925520284144 22.500000000000004 6.4500000000000011 141.50000000000003 17.500000000000004 0.52778511650980109 0.5277851165098012 290.50000000000006 16.500000000000004 -176.81249999999994 15.550000000000002 14.400000000000002 238.73392855000006 40.500000000000007 266.50000000000006 -23.233035500000046 312.50000000000006 14.050000000000002 295.50000000000006 18.500000000000004 585.77500000000009 1.0000000180025095e-35 168.53125000000003 17.250000000000004 1.0000000180025095e-35 157.50000000000003 83.500000000000014 4408.0803570000007
decision_type=2 2 2 2 2 2 2 2 2 2 2 2 2 2 2 2 2 2 2 2 2 2 2 2 2 2 2 2 2 2
left_child=1 5 -3 -4 -5 6 -1 -8 -9 12 11 -11 13 -2 15 21 -17 -13 20 -20 -12 22 -15 -23 -21 -14 27 -27 29 -28
right_child=9 2 3 4 -6 -7 7 8 -10 10 18 17 25 14 -16 16 -18 -19 19 24 -22 23 -24 -25 -26 26 28 -29 -30 -31
leaf_value=-2.6246202727690253 0.31005132108602179 0.1966796101746803 -0.12278442678351795 0.079062883587989838 -0.0021489823799598269 -1.097578430723557 -0.10704962243841375 0.43427186759278652 -3.4316645062018458 0.0061278073123751447 0.02398410842366306 0.020194299026174443 -0.58671210755767145 0.37188658215639819 -0.021468507054567012 0.0061805443224081371 0.18477446389954252 0.23612033572945837 -0.50180289404642731 0.23663063133975124 -0.080047487392273409 0.34434596890649616 -0.023823809264725899 -0.71041704099291569 0.065607868175034847 -2.8993408922559096 0.064154679687254496 0.27123574124047994 0.018382848529796922 -0.4315114227400732
leaf_weight=74 25 20 110 21 59 595 58 39 21 36 31 20 110 25 106 30 23 30 60 20 93 30 29 59 22 20 22 30 22 101
leaf_count=74 25 20 110 21 59 595 58 39 21 36 31 20 110 25 106 30 23 30 60 20 93 30 29 59 22 20 22 30 22 101
internal_value=-0.000650696 -0.00143531 0.000571428 -0.000157895 0.00225 -0.00197078 -0.000500001 0.0010678 0.004 0.000177965 0.00123077 0.00432558 -0.000341773 0.000669724 0.000178807 0.00128571 0.00435849 0.0072 5.30966e-05 0.00170588 -0.00130645 0.000146852 0.00255555 -0.00131461 0.00557143 -0.00142623 -0.000538462 0.0018 -0.00134483 -0.00202439
internal_weight=1941 997 210 190 80 787 192 118 60 944 312 86 632 327 302 196 53 50 226 102 124 143 54 89 42 305 195 50 145 123
internal_count=1941 997 210 190 80 787 192 118 60 944 312 86 632 327 302 196 53 50 226 102 124 143 54 89 42 305 195 50 145 123
is_linear=0
shrinkage=0.03


Tree=161
num_leaves=31
num_cat=0
split_feature=1 6 6 11 35 17 3 42 27 14 27 26 37 44 15 48 17 11 18 48 27 6 6 3 19 43 37 46 47 42
split_gain=2.13987 0.924861 0.901215 1.12515 1.04533 1.02673 0.980711 0.781266 0.669445 1.29742 0.708353 1.24769 0.691679 1.87985 0.822686 0.620398 0.85163 0.643544 0.654906 0.602496 0.593451 0.622596 0.77962 0.572024 0.51349 0.449313 0.760707 0.446429 0.396355 0.380952
threshold=595.90178570000012 17.500000000000004 20.500000000000004 0.52778511650980109 191.55000000000004 49.500000000000007 6551800.5950000007 268.46964284999996 297.50000000000006 32.45000000000001 323.50000000000006 7.2000000000000002 77.07053571500002 29.250000000000004 60.500000000000007 59.000000000000007 76.500000000000014 -0.99465189230620688 1.5000000000000002 24.500000000000004 312.50000000000006 28.500000000000004 25.500000000000004 6369944.2860000012 11.500000000000002 -74.85357142999996 843.57321430000013 23.850000000000005 25.500000000000004 10.767857149999999
decision_type=2 2 2 2 2 2 2 2 2 2 2 2 2 2 2 2 2 2 2 2 2 2 2 2 2 2 2 2 2 2
left_child=1 -1 3 -3 5 20 19 8 12 10 28 -12 13 -2 -15 17 -17 29 25 -5 21 22 -4 -7 -13 26 -19 -9 -10 -14
right_child=7 2 4 6 -6 23 -8 27 9 -11 11 24 15 14 -16 16 -18 18 -20 -21 -22 -23 -24 -25 -26 -27 -28 -29 -30 -31
leaf_value=-0.36061995114834722 0.31579716281203501 -0.10383813376526026 -0.11104524412129585 -0.3326430998367304 -0.89113272294787205 -0.00030306370353695125 1.4547517841950564 0.036483292762883951 0.050149115259070468 0.0091411140625306635 -1.9759047346683363 0.19644033254964116 0.21878846689098386 0.26502379503506052 -0.023811951523947113 0.20493160144429204 -0.015363883237613183 -0.0050674995072009059 -0.087222961786759784 0.45448480276493414 -0.68004968235032237 -0.56380916912849244 0.21158344777991855 0.39756894403867443 0.070397503693999913 -0.02734595537716553 0.076437786900079144 0.058578942309760379 -0.29440554859471868 -0.020299880198908347
leaf_weight=364 24 58 53 34 229 20 23 28 30 36 20 22 21 33 41 25 37 81 243 32 81 37 38 28 21 125 39 28 69 21
leaf_count=364 24 58 53 34 229 20 23 28 30 36 20 22 21 33 41 25 37 81 243 32 81 37 38 28 21 125 39 28 69 21
internal_value=-0.000496137 -0.0014654 -0.000772513 0.00128571 -0.00139506 -8.17128e-05 0.00340449 0.000527542 0.00031081 0.00184848 0.000703703 0.00319048 -0.000130435 0.00220408 -0.000162163 -0.000516893 0.00232258 -0.000849057 -0.00115574 0.00154545 -0.000990431 0.000281249 0.00161538 0.003875 0.00606977 -6.12252e-05 0.00125 0.00396428 -0.000878789 0.00271428
internal_weight=1941 997 633 147 486 257 89 944 888 198 162 63 690 98 74 592 62 530 488 66 209 128 91 48 43 245 120 56 99 42
internal_count=1941 997 633 147 486 257 89 944 888 198 162 63 690 98 74 592 62 530 488 66 209 128 91 48 43 245 120 56 99 42
is_linear=0
shrinkage=0.03


Tree=162
num_leaves=31
num_cat=0
split_feature=11 1 11 40 1 11 2 42 6 26 19 3 2 26 3 53 44 8 11 44 33 56 33 43 1 43 38 37 56 14
split_gain=1.81218 1.70998 1.2287 1.57353 1.01155 0.943458 1.72538 0.747491 0.582906 1.40356 0.499541 1.14545 0.632771 1.13104 0.895129 0.5757 0.479433 0.445804 0.654245 0.585258 0.790924 0.530912 0.900901 0.560077 0.653923 0.43761 0.793651 0.43363 0.4 0.313498
threshold=-0.41248606129204524 3717.0625000000005 0.93540483100319627 28.019345238125002 2676.3571430000006 -0.77259657388510616 1383.5000000000002 59.68928585000004 22.500000000000004 6.4500000000000011 2.5000000000000004 6242175.4285000013 6049.6071430000011 8.6500000000000004 7192415.0000000009 126.50000000000001 28.650000000000002 3.5000000000000004 -0.84874750804349197 29.950000000000003 737.0875000000002 16.850000000000005 989.91250000000014 46.204464285000007 11451.839285000002 -72.33571428499998 699.99709822500017 167.00000000000003 10.750000000000002 28.550000000000004
decision_type=2 2 2 2 2 2 2 2 2 2 2 2 2 2 2 2 2 2 2 2 2 2 2 2 2 2 2 2 2 2
left_child=1 4 7 8 -1 6 -3 10 -4 -10 11 -2 13 -13 16 -12 28 19 21 20 -8 23 -23 -19 -25 26 -7 -21 -15 -11
right_child=2 5 3 -5 -6 25 17 -9 9 29 15 12 -14 14 -16 -17 -18 18 -20 27 -22 22 -24 24 -26 -27 -28 -29 -30 -31
leaf_value=0.022428076570327461 0.67808718153063796 0.086519530228022473 -0.12088957942109346 0.16562196436848325 0.13212832904621452 0.06801444747066808 -0.095189828749393982 0.081760225181117932 0.079096415580015192 0.012733949187047504 -1.034427494062508 -0.57804457555326905 -1.4312985871478074 1.115852823811222 0.27552572414864579 0.054879521844333021 -0.010945717282083456 -0.11795212713704169 -0.3418082912189806 0.30104868010524205 1.9121294368274346 0.40459332286842919 -0.014663918467952872 -0.013169183253370575 0.36993578419826123 -0.027991885604695815 -0.079541485187410235 -0.37327496463367937 -1.3223248363440572 -2.0111693871750971
leaf_weight=29 20 26 107 29 36 21 33 30 21 26 542 134 137 20 20 34 54 24 23 21 32 37 27 39 22 170 42 138 20 27
leaf_count=29 20 26 107 29 36 21 33 30 21 26 542 134 137 20 20 34 54 24 23 21 32 37 27 39 22 170 42 138 20 27
internal_value=-0.000527049 0.000666666 -0.00123096 0.000857142 0.00530769 0.000206106 0.00105213 -0.00166469 -0.000182321 0.00186486 -0.00180734 -0.001 -0.00136364 -0.000459678 0.00173684 -0.002375 0.000510638 0.000560605 0.0017093 -0.000321429 0.00207692 0.00243624 0.0045 0.000882352 0.00240984 -0.00132618 0.000809523 -0.00130189 0.003 -0.00073585
internal_weight=1941 720 1221 210 65 655 422 1011 181 74 981 405 385 248 114 576 94 396 172 224 65 149 64 85 61 233 63 159 40 53
internal_count=1941 720 1221 210 65 655 422 1011 181 74 981 405 385 248 114 576 94 396 172 224 65 149 64 85 61 233 63 159 40 53
is_linear=0
shrinkage=0.03


Tree=163
num_leaves=31
num_cat=0
split_feature=11 11 41 19 1 37 3 11 23 1 6 26 9 6 11 1 35 6 41 9 57 1 3 54 1 3 40 40 19 47
split_gain=1.61074 1.35468 1.69105 2.5729 0.83549 1.41669 1.19729 0.703496 0.693597 1.06522 0.664742 0.779546 0.647181 0.990941 0.937662 0.508321 0.441221 0.427408 0.423977 0.969697 0.769745 1.02686 0.857143 0.510083 0.962371 0.480159 0.4 0.389681 0.276007 0.461888
threshold=-0.16280825711808986 0.93540483100319627 40.495110729641475 3.5000000000000004 3717.0625000000005 383.01607145000008 6397828.7855000012 -0.77259657388510616 164.50000000000003 9110.1339285000013 22.500000000000004 7.5500000000000007 141.50000000000003 17.500000000000004 0.52778511650980109 2711.5625000000005 1019.2357145000002 21.500000000000004 255.44107604957972 146.50000000000003 264.50000000000006 9810.2410715000024 6400716.0625000009 757.10000000000014 10125.750000000002 7146727.0715000005 119.3981026795 26.337388392916672 2.5000000000000004 20.500000000000004
decision_type=2 2 2 2 2 2 2 2 2 2 2 2 2 2 2 2 2 2 2 2 2 2 2 2 2 2 2 2 2 2
left_child=4 12 10 -4 5 15 -7 8 9 -6 -3 -12 13 -2 -15 17 -9 -1 19 -10 21 -20 -23 25 -25 -22 -16 -19 29 -14
right_child=1 2 3 -5 7 6 -8 16 18 -11 11 -13 28 14 26 -17 -18 27 20 -21 23 22 -24 24 -26 -27 -28 -29 -30 -31
leaf_value=-0.38388302957663017 -2.3827973350247103 -0.13254604764552913 -0.59893671391350922 0.16462264292069781 0.097757978696053474 0.2057579653366087 0.0069955720241191626 -0.027628313830924588 0.1680086018651131 -0.16842847120893056 0.045126402111897126 -0.30028873345071344 -0.86603360168528176 -0.083502967571023795 0.2752163007426765 0.02130998492619059 0.021094333644945982 0.12927959293754576 -0.020487461275082029 -0.010350859702675472 -0.30614618286833772 0.37616822025218505 0.0078383906027084914 0.3481553281550816 -0.10600767044829362 0.010206892549140607 0.36226510089232306 -1.2595769565136525 -1.149402779791256 -0.10713570066593847
leaf_weight=54 79 92 20 33 23 26 34 242 33 23 29 36 118 66 36 37 20 26 36 33 144 21 21 23 41 24 24 21 369 157
leaf_count=54 79 92 20 33 23 26 34 242 33 23 29 36 118 66 36 37 20 26 36 33 144 21 21 23 41 24 24 21 369 157
internal_value=-0.000511593 -0.00130028 0.000857142 0.00549057 0.000435373 0.00215151 0.006 -6.14042e-05 0.000696682 0.00417391 -0.000707007 0.00161538 -0.00183392 -0.000365854 0.00128571 0.00047826 -0.00128244 -0.000623763 0.000271276 0.00245454 -0.000193549 0.00238461 0.00557143 -0.00106035 0.00121875 -0.00192857 0.004 0.00146808 -0.00230124 -0.00158182
internal_weight=1941 1059 210 53 882 198 60 684 422 46 157 65 849 205 126 138 262 101 376 66 310 78 42 232 64 168 60 47 644 275
internal_count=1941 1059 210 53 882 198 60 684 422 46 157 65 849 205 126 138 262 101 376 66 310 78 42 232 64 168 60 47 644 275
is_linear=0
shrinkage=0.03


Tree=164
num_leaves=31
num_cat=0
split_feature=1 6 47 28 57 8 56 42 1 23 43 56 32 8 1 57 42 37 6 30 42 8 24 31 43 30 37 1 19 3
split_gain=1.57284 0.97163 0.849482 1.63965 0.788787 1.23781 0.7918 0.657486 0.649105 0.945193 0.797283 0.624797 0.560358 0.541929 0.541384 0.572042 0.714514 0.568059 0.529939 0.577096 0.758953 0.812192 0.957257 1.45168 0.718012 0.842977 0.612495 0.475682 0.355227 0.329259
threshold=595.90178570000012 17.500000000000004 7.5000000000000009 1008.1500000000002 312.50000000000006 3.5000000000000004 13.050000000000002 340.65446449999996 3867.5833335000002 128.50000000000003 -1.3749999999999998 5.2500000000000009 1253.8767855000003 1.0000000180025095e-35 1970.2142855000002 307.50000000000006 -0.41339289999996248 70.32053571500002 26.500000000000004 620.29910715000017 193.08214285000005 4.5000000000000009 344.15000000000003 827.61190480000016 112.92946429999996 805.65625000000011 830.63571430000013 2800.0000000000005 92.000000000000014 6349833.5625000009
decision_type=2 2 2 2 2 2 2 2 2 2 2 2 2 2 2 2 2 2 2 2 2 2 2 2 2 2 2 2 2 2
left_child=1 -1 -3 4 5 6 13 8 9 14 27 -7 18 -4 17 16 -16 -2 19 26 21 22 23 -21 25 -23 -10 -11 -25 -15
right_child=7 2 3 -5 -6 11 -8 -9 12 10 -12 -13 -14 29 15 -17 -18 -19 -20 20 -22 24 -24 28 -26 -27 -28 -29 -30 -31
leaf_value=-0.34219828380189804 0.24136992428603155 -0.57336095488069805 -0.039878192250451173 0.14648930149902156 -0.62832077505736017 0.03991557211965209 -1.8333558320109655 0.058942978026594456 -0.055474010963980698 -0.1579744454062596 0.06611996937695791 -0.83768423857373864 0.17636934138985882 0.28268019182281495 -1.2231552569333914 0.25266345626663117 0.028722863511952537 -0.3906558494920932 -0.77401767748668659 0.24755987031856541 -0.075021377276003179 0.00045212531579054638 -0.016069984974495265 -0.28588621211749471 -0.0019124925330006137 0.61833973444358115 0.091694328806134581 0.17259601246164158 1.6599016710633745 0.42856109830404665
leaf_weight=364 36 159 29 22 124 20 36 32 107 20 26 116 26 60 28 23 38 74 144 30 47 20 142 24 35 26 20 23 23 67
leaf_count=364 36 159 29 22 124 20 36 32 107 20 26 116 26 60 28 23 38 74 144 30 47 20 142 24 35 26 20 23 23 67
internal_value=-0.000604328 -0.00143531 -0.000725119 -8.86083e-05 -0.000477877 0.000292682 0.00184375 0.000273304 0.000124999 0.00136567 0.0043913 -0.00189706 -0.000391305 0.00276923 0.000316582 0.00205618 0.000636363 -0.00109091 -0.000572816 -8.86083e-05 0.000544668 0.0011 0.000150684 0.00284416 0.00366667 0.00613043 -0.0018189 0.00188372 -0.000446809 0.00361417
internal_weight=1941 997 633 474 452 328 192 944 912 268 69 136 644 156 199 89 66 110 618 474 347 300 219 77 81 46 127 43 47 127
internal_count=1941 997 633 474 452 328 192 944 912 268 69 136 644 156 199 89 66 110 618 474 347 300 219 77 81 46 127 43 47 127
is_linear=0
shrinkage=0.03


Tree=165
num_leaves=31
num_cat=0
split_feature=11 11 41 26 8 58 16 27 58 49 53 26 9 48 26 22 38 9 21 37 58 5 16 26 36 47 24 46 5 16
split_gain=1.42691 1.54002 1.58838 2.28957 0.750901 1.08558 0.9 0.815971 0.942857 0.600677 0.932454 0.708493 0.566962 0.883193 1.64272 0.554906 0.819017 0.53605 0.533148 0.490746 0.953008 0.701754 0.487579 0.481772 0.480012 0.768254 0.45093 0.42643 0.392075 0.6
threshold=-0.16280825711808986 0.93540483100319627 40.495110729641475 7.9500000000000011 3.5000000000000004 1004.9500000000002 23.850000000000005 309.50000000000006 1006.85 15.500000000000002 209.50000000000003 9.1500000000000004 149.50000000000003 21.500000000000004 8.6500000000000004 613.50000000000011 894.15357137500007 141.50000000000003 884.50000000000011 214.63750000000002 1004.85 22.500000000000004 25.250000000000004 6.3500000000000005 520.4258928500002 47.500000000000007 2.2500000000000004 25.650000000000002 22.500000000000004 24.650000000000002
decision_type=2 2 2 2 2 2 2 2 2 2 2 2 2 2 2 2 2 2 2 2 2 2 2 2 2 2 2 2 2 2
left_child=4 12 22 -4 7 6 -6 17 -9 10 11 -7 13 -2 -15 28 -17 -1 -18 20 -19 -22 -3 -24 25 -16 -21 -25 -13 -30
right_child=1 2 3 -5 5 9 -8 8 -10 -11 -12 15 -14 14 24 16 18 19 -20 26 21 -23 23 27 -26 -27 -28 -29 29 -31
leaf_value=-13.173832606097825 -0.7414849874268894 -0.11339930275408829 0.18019600766244567 0.0036454923300560786 0.026336741298569638 0.22327385143837769 0.028883177543325322 0.13311445262177923 -0.0049675201948426537 -0.44396297901970327 0.19891194041840948 -0.023532906335373388 -1.1660994621684406 -1.0311879563555013 0.34508581419513379 0.9995266863981177 -0.15766983818697433 -0.45538011177783194 0.035679807182284286 0.12870349020910329 0.20388396048972388 -0.0031133339893542533 0.03830578378231949 0.27419988000449497 0.24739093674414536 0.73014746066430525 -0.017528598384794092 -0.2707938191811522 0.015615249708001291 -1.3564150175420686
leaf_weight=86 327 64 20 33 20 24 20 27 28 80 28 66 338 102 21 20 24 27 43 26 30 27 30 20 37 24 242 43 40 24
leaf_count=86 327 64 20 33 20 24 20 27 28 80 28 66 338 102 21 20 24 27 43 26 30 27 30 20 37 24 242 43 40 24
internal_value=-0.000557961 -0.00130028 0.000999999 0.00549057 0.000333333 0.00131877 0.006 -0.00044422 0.003 0.000782234 0.00146097 0.00085892 -0.00186926 -0.00123875 0.000423912 0.000317972 0.00217241 -0.000876713 0.000582089 -0.000357955 0.00164286 0.0038421 -0.000515924 0.000870967 0.00358537 0.00566667 -0.000985075 -0.000619048 -0.000923078 0.000749999
internal_weight=1941 1059 210 53 882 389 40 493 55 349 269 241 849 511 184 217 87 438 67 352 84 57 157 93 82 45 268 63 130 64
internal_count=1941 1059 210 53 882 389 40 493 55 349 269 241 849 511 184 217 87 438 67 352 84 57 157 93 82 45 268 63 130 64
is_linear=0
shrinkage=0.03


Tree=166
num_leaves=31
num_cat=0
split_feature=11 11 41 49 8 42 27 35 9 8 10 40 58 42 52 46 21 39 28 1 40 36 23 46 49 58 33 42 42 8
split_gain=1.15419 1.50233 1.58838 2.12275 0.723439 0.921959 0.818943 0.678576 0.647181 0.990941 0.892857 1.37619 0.690564 0.637411 0.908098 0.966376 0.780844 0.714073 0.547759 0.529331 0.921951 0.401167 0.383097 0.362554 0.337776 0.554994 0.317512 0.315743 0.532971 0.837404
threshold=-0.16280825711808986 0.93540483100319627 40.495110729641475 4.5000000000000009 3.5000000000000004 268.46964284999996 323.50000000000006 1046.5857140000001 141.50000000000003 4.5000000000000009 0.72947329433276253 558.60487352354187 1004.6500000000002 34.040178570000009 216.50000000000003 25.050000000000004 782.00000000000011 484.15223213750016 1007.7500000000001 8900.7142860000022 681.82994790395844 674.08928570000012 209.50000000000003 24.050000000000004 8.5000000000000018 1006.9500000000002 1190.0705355000002 -44.733035700000009 106.14375 2.5000000000000004
decision_type=2 2 2 2 2 2 2 2 2 2 2 2 2 2 2 2 2 2 2 2 2 2 2 2 2 2 2 2 2 2
left_child=4 8 18 -4 6 13 7 21 9 10 11 12 -2 14 15 -6 17 -16 24 -18 -21 23 -15 26 25 -3 -1 -25 29 -29
right_child=1 2 3 -5 5 -7 -8 -9 -10 -11 -12 -13 -14 22 16 -17 19 -19 -20 20 -22 -23 -24 27 -26 -27 -28 28 -30 -31
leaf_value=-0.096218855438042233 0.41362283707050856 0.073949025417871947 -0.44832991333868466 0.14459089137238609 0.092737347296588446 0.045279514207673233 0.083196574645515387 0.032520183186754592 -0.86271410965457185 -2.278802916837106 -3.2551845521355598 -4.0005592280457867 0.16452980715667639 -0.022073022541474425 0.052451869835182567 0.0056833886990601389 0.19422596806983405 -0.02101265473154873 0.040786529129573937 0.26295212614796343 -0.58068514505533908 0.27337538378917586 0.081214867555931047 -0.00528636358993048 -0.11365097376474584 -0.25616423019726636 0.032857562238029214 0.00024248121663164924 -0.034377297363813522 0.09473826463988258
leaf_weight=218 31 21 22 31 20 29 35 20 644 79 42 24 29 119 20 21 24 95 29 20 21 20 20 49 60 47 20 67 43 21
leaf_count=218 31 21 22 31 20 29 35 20 644 79 42 24 29 119 20 21 24 95 29 20 21 20 20 49 60 47 20 67 43 21
internal_value=-0.000604328 -0.00127196 0.000999999 0.00549057 0.000197278 0.00116452 -0.000565924 -0.000903931 -0.00183392 -0.000365854 0.00128571 0.00307143 0.0055 0.000749999 0.00175113 0.00578049 0.000833333 -0.000652175 -0.000515924 0.00346154 0.00139024 -0.00115069 -0.000841727 -0.00134928 -0.00135938 8.82346e-05 -0.00211765 -0.000333334 0.000435114 0.00177273
internal_weight=1941 1059 210 53 882 389 493 458 849 205 126 84 60 360 221 41 180 115 157 65 41 438 139 418 128 68 238 180 131 88
internal_count=1941 1059 210 53 882 389 493 458 849 205 126 84 60 360 221 41 180 115 157 65 41 438 139 418 128 68 238 180 131 88
is_linear=0
shrinkage=0.03


Tree=167
num_leaves=31
num_cat=0
split_feature=1 58 17 9 2 57 27 48 46 56 27 31 52 38 9 3 27 43 14 27 32 43 17 34 35 20 15 16 9 26
split_gain=1.00501 1.09622 2.12143 0.739441 0.714465 0.97319 1.01529 0.721154 0.684343 0.669203 0.75256 0.69965 0.535281 0.945624 0.533885 0.532234 0.509225 0.50381 0.498057 0.488784 0.382787 0.401499 0.377143 0.438312 0.341282 0.714286 0.339574 0.339545 0.429841 0.470016
threshold=595.90178570000012 1008.1500000000002 15.500000000000002 149.50000000000003 7031.0714285000004 304.50000000000006 269.50000000000006 49.500000000000007 23.750000000000004 5.3500000000000005 324.50000000000006 78.218750000000014 467.00000000000006 798.6803571375001 148.50000000000003 6290074.8570000008 57.500000000000007 -117.96874999999999 28.050000000000004 316.50000000000006 1253.8767855000003 335.93303570000006 1.5000000000000002 783.35535715000003 678.46428575000016 3.5000000000000004 80.500000000000014 24.950000000000003 156.50000000000003 13.350000000000003
decision_type=2 2 2 2 2 2 2 2 2 2 2 2 2 2 2 2 2 2 2 2 2 2 2 2 2 2 2 2 2 2
left_child=1 3 -3 4 5 6 14 -7 19 -10 11 -11 16 -14 18 -8 -13 -15 -1 20 21 24 -19 -24 -2 -26 -17 28 29 -18
right_child=8 2 -4 -5 -6 7 15 -9 9 10 -12 12 13 17 -16 26 27 22 -20 -21 -22 -23 23 -25 25 -27 -28 -29 -30 -31
leaf_value=0.20893401901566244 -0.031056908597293511 -0.42993558082066202 0.076428915387802471 -0.35664704530229208 -0.62955644295709212 -0.83524598918350046 -0.15517301395037778 0.01724548816124976 -0.097522099679136845 0.029485828685816742 0.14812667031704765 0.10270567937168794 0.40764668192603037 0.016436785222644176 0.42871795441568478 0.087404756422652455 0.011647368047716378 -1.8789959058392165 -1.4047724393867627 0.035432454045441646 0.24166514861379051 0.28218553010624603 -0.016931265413074034 0.123684591336017 -0.52472909561871051 0.42492481164937462 1.4676477297316428 -0.21687583953442641 0.022909409445728161 -0.1121694567583333
leaf_weight=21 192 22 20 387 151 143 25 27 69 29 27 20 31 30 23 43 98 33 97 25 22 34 22 20 35 28 38 59 21 149
leaf_count=21 192 22 20 387 151 143 25 27 69 29 27 20 31 30 23 43 98 33 97 25 22 34 22 20 35 28 38 59 21 149
internal_value=-0.000650696 -0.00131495 0.00342857 -0.00152356 -0.000834508 -0.000194245 0.0010081 -0.00194118 5.08467e-05 0.000651315 0.00100742 0.000749999 0.00047826 0.00207353 -0.000659575 0.00322641 -0.000146975 0.000714285 -0.00147458 -0.00103572 -0.00136013 -0.00165052 -0.000600001 0.00128571 -0.00205882 -0.000142858 0.00440741 -0.000431193 2.23873e-05 -0.000327936
internal_weight=1941 997 42 955 568 417 247 170 944 608 539 512 483 136 141 106 347 105 118 336 311 289 75 42 255 63 81 327 268 247
internal_count=1941 997 42 955 568 417 247 170 944 608 539 512 483 136 141 106 347 105 118 336 311 289 75 42 255 63 81 327 268 247
is_linear=0
shrinkage=0.03


Tree=168
num_leaves=31
num_cat=0
split_feature=11 11 10 49 19 3 6 46 56 21 45 57 30 23 31 19 2 57 26 31 56 41 39 9 41 35 36 8 3 3
split_gain=1.20931 1.28838 1.13095 0.955263 2.18155 1.09716 0.66108 0.643995 0.654175 0.876585 1.15759 0.789651 0.634921 0.520913 0.610012 0.499394 0.695957 1.05205 0.642996 0.484789 0.351847 0.560903 0.354824 0.325595 0.588295 0.602935 0.262589 0.348265 0.479167 0.247419
threshold=-0.097964660725097338 0.93540483100319627 -0.29012925520284144 17.500000000000004 1.5000000000000002 6337680.7145000007 30.500000000000004 23.750000000000004 5.3500000000000005 269.50000000000006 84.500000000000014 284.50000000000006 524.67857140000012 157.50000000000003 455.33571430000006 2.5000000000000004 6130.0000000000009 308.50000000000006 7.0000000000000009 460.41696430000007 17.250000000000004 255.44107604957972 580.19140624375007 149.50000000000003 265.40411646992749 154.23571425000003 674.08928570000012 4.5000000000000009 6540258.3215000005 6355305.6250000009
decision_type=2 2 2 2 2 2 2 2 2 2 2 2 2 2 2 2 2 2 2 2 2 2 2 2 2 2 2 2 2 2
left_child=6 15 -3 4 -4 -6 7 23 -9 10 11 -10 -8 29 -15 16 17 18 -2 -12 22 -22 -16 26 -25 -26 27 -1 -29 -11
right_child=1 2 3 -5 5 -7 12 8 9 13 19 -13 -14 14 20 -17 -18 -19 -20 -21 21 -23 -24 24 25 -27 -28 28 -30 -31
leaf_value=-2.9954188114679763 -0.42944724068365753 0.17119074959333933 -0.32267215365546986 -0.089923965885776627 0.0081494954232944044 0.11674322459734274 0.10287998881765736 -0.095236762028894778 0.024600866690234108 -0.0017215694728298758 -0.47003924581404122 0.15105136058369245 -0.0026890145021927249 0.053914947937722307 0.050888508926085443 -1.0593681686328777 -1.6254800477757017 -1.3308386252748685 0.4002583921474584 0.048211744063884017 0.1518437024280255 0.0070937533209726334 -0.0021488967062670387 -0.020432231887677354 -0.017463699597053982 2.9586167413316735 0.25874233028246568 0.038168374198955517 -0.016043270026161405 -0.73567607163588877
leaf_weight=153 45 20 68 76 20 26 24 71 25 46 34 34 21 20 33 471 110 75 107 23 28 61 123 41 25 23 20 25 23 70
leaf_count=153 45 20 68 76 20 26 24 71 25 46 34 34 21 20 33 471 110 75 107 23 28 61 123 41 25 23 20 25 23 70
internal_value=-0.000666152 -0.00137918 0.000714285 -7.15256e-10 0.00173684 0.00678261 0.000120259 -6.15041e-05 0.000538732 0.000923541 0.0032069 0.00615254 0.00366667 0.000228346 0.000962263 -0.00192327 -0.00104154 -9.25117e-05 0.0013421 0.000157894 0.00055102 0.00205618 -0.000307693 -0.00116129 0.000370786 0.002625 -0.00177828 -0.00210448 0.000124999 -0.00144828
internal_weight=1941 1018 210 190 114 46 923 878 568 497 116 59 45 381 265 808 337 227 152 57 245 89 156 310 89 48 221 201 48 116
internal_count=1941 1018 210 190 114 46 923 878 568 497 116 59 45 381 265 808 337 227 152 57 245 89 156 310 89 48 221 201 48 116
is_linear=0
shrinkage=0.03


Tree=169
num_leaves=31
num_cat=0
split_feature=11 11 10 26 6 27 14 28 9 31 41 14 9 24 48 32 30 6 6 10 37 48 27 46 6 39 27 21 11 26
split_gain=1.32154 1.25236 1.13095 1.0371 2.57143 0.612028 1.31142 0.839683 0.713731 0.674461 1.03766 1.63557 1.51073 1.06004 0.632291 0.763752 0.676692 0.528905 0.923983 1.02716 0.69852 0.546853 0.900899 0.682828 0.468492 0.441091 0.42726 0.400017 0.374072 0.274417
threshold=-0.097964660725097338 0.93540483100319627 -0.29012925520284144 6.2500000000000009 19.500000000000004 309.50000000000006 30.750000000000004 1007.1500000000002 141.50000000000003 874.45000000000016 265.40411646992749 29.550000000000004 144.50000000000003 453.60000000000008 1.0000000180025095e-35 509.62857145000004 902.08125000000007 17.500000000000004 20.500000000000004 0.72947329433276253 51.664285715000005 19.500000000000004 298.50000000000006 24.650000000000002 18.500000000000004 871.24040180625013 250.00000000000003 92.500000000000014 -0.99465189230620688 13.450000000000001
decision_type=2 2 2 2 2 2 2 2 2 2 2 2 2 2 2 2 2 2 2 2 2 2 2 2 2 2 2 2 2 2
left_child=5 17 -3 4 -4 8 27 -8 25 10 12 -12 13 -10 15 -13 -16 -2 19 20 24 -20 23 -23 -19 -1 -25 -7 -11 -14
right_child=1 2 3 -5 -6 6 7 -9 9 28 11 14 29 -15 16 -17 -18 18 21 -21 -22 22 -24 26 -26 -27 -28 -29 -30 -31
leaf_value=-2.992505353378121 -1.8847960567772857 0.16605502710553915 -0.13828936927615332 -0.019787758675638509 0.072928013932072641 0.36884895911488097 0.089317467171415796 0.04189917686185389 0.13309364853651434 0.186075121210729 0.17350202960416877 0.23949215537410981 -0.0091818386422372125 -0.016306264248577645 -0.030117797662594481 0.00099755925111117403 0.5576972855502772 0.01458608262592064 -0.71919680943659614 -3.1029290589236913 -1.9771716292689123 -1.9904864063382672 -1.0668706154188718 -0.28281844828610608 0.37448189601805704 0.0062053095080600055 0.71999748887648496 -0.36585513303812361 -0.026136409501702356 -0.044886680873095046
leaf_weight=122 295 20 28 134 28 21 20 36 25 38 29 29 86 21 56 27 20 26 220 39 22 24 83 23 33 38 43 44 184 127
leaf_count=122 295 20 28 134 28 21 20 36 25 38 29 29 86 21 56 27 20 26 220 39 22 24 83 23 33 38 43 44 184 127
internal_value=-0.000604328 -0.00134971 0.000714285 -7.15256e-10 0.00342857 0.000217767 0.00220661 0.00557143 -8.2295e-05 0.000364485 0.00107143 0.00296273 -0.000104248 0.00482609 0.00154545 0.00396428 -0.000236843 -0.00188614 -0.00130409 0.000999999 0.00292593 -0.00200763 -0.000745665 0.00133333 0.00462712 -0.001875 0.00290909 -0.000692308 -0.000972974 -0.00116901
internal_weight=1941 1018 210 190 56 923 121 56 802 642 420 161 259 46 132 56 76 808 513 120 81 393 173 90 59 160 66 65 222 213
internal_count=1941 1018 210 190 56 923 121 56 802 642 420 161 259 46 132 56 76 808 513 120 81 393 173 90 59 160 66 65 222 213
is_linear=0
shrinkage=0.03


Tree=170
num_leaves=31
num_cat=0
split_feature=1 6 6 17 58 10 28 35 26 19 9 48 17 32 18 3 35 45 27 2 41 41 18 4 5 37 57 42 43 43
split_gain=1.63507 0.891039 0.86019 1.45419 1.25334 1.1215 0.726935 1.07324 1.03895 0.99508 0.706239 1.67097 0.814059 1.01564 0.581378 0.732922 0.632411 0.544894 0.538843 1.05186 0.441638 1.15043 0.429137 0.377747 0.446429 0.365023 0.332016 0.330385 0.429125 0.826092
threshold=595.90178570000012 17.500000000000004 20.500000000000004 49.500000000000007 1007.2500000000001 0.72947329433276253 1006.0500000000001 809.55000000000007 22.150000000000002 3.5000000000000004 144.50000000000003 44.500000000000007 42.500000000000007 791.23303570000019 37.500000000000007 6551800.5950000007 775.09464285000013 93.500000000000014 297.50000000000006 6327.9285715000005 265.40411646992749 300.30477659004856 1.0000000180025095e-35 21.500000000000004 22.500000000000004 966.0875000000002 257.50000000000006 253.82589285000003 197.54375000000002 144.08779733500006
decision_type=2 2 2 2 2 2 2 2 2 2 2 2 2 2 2 2 2 2 2 2 2 2 2 2 2 2 2 2 2 2
left_child=1 23 5 17 26 14 9 8 10 25 11 12 13 -8 15 16 -3 -4 20 -20 -11 -22 -23 -1 -25 -2 -5 28 29 -12
right_child=6 2 3 4 -6 -7 7 -9 -10 18 27 -13 -14 -15 -16 -17 -18 -19 19 -21 21 22 -24 24 -26 -27 -28 -29 -30 -31
leaf_value=-0.56087803089857224 -3.2491640516991911 -0.83555474231305971 -0.45811025174929293 0.38357085002164509 0.043527384872861556 -3.0101609684201382 0.077829926671413183 0.040012108102644953 0.095358133742368997 -0.031901640221084805 -0.017849033707815549 0.082845751380513505 -0.6964831490734037 0.00054607622274267494 0.66593150329662409 1.2726568389214907 0.024446018829074646 0.020838322849377186 0.36107285549368368 -0.022512777496379231 0.37680177386970931 0.63242281236835929 -0.5951821564284856 -0.098614882400442944 0.028224513501409199 0.011993375826773669 -1.4476093002692392 0.23989286419781483 -0.17556912925238521 0.18457533497161896
leaf_weight=308 155 32 397 23 24 40 22 23 20 100 152 36 51 48 20 32 23 21 30 22 34 32 39 28 28 20 21 25 104 31
leaf_count=308 155 32 397 23 24 40 22 23 20 100 152 36 51 48 20 32 23 21 30 22 34 32 39 28 28 20 21 25 104 31
internal_value=-0.000557961 -0.00140522 -0.000725119 -0.00133333 0.00273529 0.00128571 0.000336864 0.00110156 0.00080368 -0.000569445 0.000518123 0.00215923 0.000471074 0.00257143 0.00288785 0.00182759 -0.000272728 -0.00199522 0.000618676 0.00334615 -7.31714e-05 0.00128571 -0.000887325 -0.00258791 -0.000321429 -0.00231429 -0.000272728 -0.000307693 -0.00059582 0.000278688
internal_weight=1941 997 633 486 68 147 944 512 489 432 469 157 121 70 107 87 55 418 257 52 205 105 71 364 56 175 44 312 287 183
internal_count=1941 997 633 486 68 147 944 512 489 432 469 157 121 70 107 87 55 418 257 52 205 105 71 364 56 175 44 312 287 183
is_linear=0
shrinkage=0.03


Tree=171
num_leaves=31
num_cat=0
split_feature=1 11 40 26 6 57 46 43 42 49 2 27 26 45 58 2 49 31 56 37 15 43 31 36 36 27 26 2 16 2
split_gain=1.59156 1.90778 2.50564 0.917234 1.72414 0.779086 1.62631 0.993187 0.649176 0.616591 0.683676 1.07233 0.792589 0.5625 0.401221 0.99406 0.749783 0.628706 0.510797 0.501816 0.692753 0.883678 0.698738 0.655204 0.578293 0.462803 0.406149 0.317012 0.281266 0.586081
threshold=595.90178570000012 0.93540483100319627 34.380468749791667 6.2500000000000009 19.500000000000004 312.50000000000006 24.850000000000005 31.913392849999955 300.95625000000007 1.5000000000000002 6130.0000000000009 308.50000000000006 7.0000000000000009 78.500000000000014 1005.6500000000002 6883.7589285000004 3.5000000000000004 78.218750000000014 21.250000000000004 824.76250000000016 62.500000000000007 150.38750000000002 1200.1604165000001 9.2428571430000002 847.42142855000009 297.50000000000006 12.950000000000001 5497.4285715000015 24.650000000000002 7322.7142855000011
decision_type=2 2 2 2 2 2 2 2 2 2 2 2 2 2 2 2 2 2 2 2 2 2 2 2 2 2 2 2 2 2
left_child=1 9 3 4 -3 8 7 -7 14 10 11 12 -1 -14 16 17 -2 -16 19 23 22 -22 -21 -19 -25 26 -18 -5 29 -28
right_child=5 2 -4 27 -6 6 -8 -9 -10 -11 -12 -13 13 -15 15 -17 25 18 -20 20 21 -23 -24 24 -26 -27 28 -29 -30 -31
leaf_value=-0.39252147277647392 -3.0440342187499039 -0.13231682545927564 0.15092059191073731 -0.086339898975046403 0.07823616560716054 0.011516078396691677 -0.22825776530532496 0.082597637470442992 0.10616342827933926 -0.99091640891136967 -1.8321935095213708 -1.2425788300686187 -2.4035000511247469 0.64595346319529878 0.028701696816902853 0.04342479335024714 0.9974314258339062 -0.031980921764762624 0.12059035714835659 -0.029640902764925762 1.2609737711831437 -0.01481089109266976 0.078195446292941256 0.1855922124965278 -0.47000030066264797 0.076454372371298568 -0.019154528857563614 0.017069371921240396 -0.75943979615657375 0.073985282975407574
leaf_weight=47 119 29 25 89 29 25 56 33 39 472 97 71 20 80 28 31 24 191 26 68 25 29 21 27 23 32 84 38 43 20
leaf_count=47 119 29 25 89 29 25 56 33 39 472 97 71 20 80 28 31 24 191 26 68 25 29 21 27 23 32 84 38 43 20
internal_value=-0.000418857 -0.00125477 0.00128571 8.10804e-05 0.0032069 0.000463982 0.00278947 0.00631034 0.000144578 -0.00193266 -0.000904763 2.75222e-05 0.0014898 0.003 -4.17201e-05 0.000518123 -0.000857144 0.000150684 -0.000146342 -0.000421876 0.000986013 0.00366667 -0.00064045 -0.00125726 0.0018 0.000251231 -0.000368422 -0.00134646 -0.000959184 -0.000115385
internal_weight=1941 997 210 185 58 944 114 58 830 787 315 218 147 100 791 469 322 438 410 384 143 54 89 241 50 203 171 127 147 104
internal_count=1941 997 210 185 58 944 114 58 830 787 315 218 147 100 791 469 322 438 410 384 143 54 89 241 50 203 171 127 147 104
is_linear=0
shrinkage=0.03


Tree=172
num_leaves=31
num_cat=0
split_feature=11 11 16 26 20 3 50 11 33 43 6 6 30 1 9 6 35 11 36 5 47 9 5 35 39 30 42 4 6 6
split_gain=1.64237 1.28298 1.71881 0.833995 1.34595 1.51114 0.985854 0.755424 0.535509 0.875197 0.7197 0.944142 0.619372 0.546815 0.466239 0.782966 0.71165 0.583364 0.420543 0.636842 0.801282 0.370131 0.41428 0.613363 1.03896 0.341536 0.335634 0.308516 0.485398 0.739203
threshold=-0.16280825711808986 0.93540483100319627 26.050000000000004 19.000000000000004 22.500000000000004 6397828.7855000012 3.5000000000000004 -0.84874750804349197 635.83125000000007 -112.35089284999997 20.500000000000004 23.500000000000004 879.69017855000004 6307.3571425000009 141.50000000000003 17.500000000000004 958.43928570000014 0.68322629814330826 1121.111607 37.500000000000007 18.500000000000004 137.50000000000003 1.0000000180025095e-35 20.210714285000005 776.91093752500012 260.79285715000009 -3.0071428644999973 17.500000000000004 26.500000000000004 28.500000000000004
decision_type=2 2 2 2 2 2 2 2 2 2 2 2 2 2 2 2 2 2 2 2 2 2 2 2 2 2 2 2 2 2
left_child=3 14 18 8 5 -5 -7 -6 9 -1 26 13 25 -12 15 -2 17 -17 19 20 -3 -10 23 -23 -25 -13 -11 28 -16 -30
right_child=1 2 -4 4 7 6 -8 -9 21 10 11 12 -14 -15 27 16 -18 -19 -20 -21 -22 22 -24 24 -26 -27 -28 -29 29 -31
leaf_value=0.069818940918001712 -2.0520426105932219 0.32528204624470841 0.0087346504067161417 0.10599191404769409 0.26558797020169633 -0.018004516318945809 0.082082516637172281 -0.053880697882467514 0.064150269925283124 0.054441277647573109 0.10000910496615369 0.093191855905971982 0.68236448117278214 0.062223438341474799 -1.0767475891024185 -1.6066710220974378 0.162159303564297 0.31178852865952306 -0.051423970674645943 0.098260158290156524 -0.038785237150631507 -0.017583404665400811 -0.069372380030585434 -0.37332788365896852 0.64841252196932264 -0.052333170438164725 -0.34129552899508392 -0.96255622252962558 0.59134982085183962 -0.39979184140282703
leaf_weight=32 79 20 33 29 34 39 20 57 20 36 20 37 23 23 246 71 20 35 44 35 78 28 235 20 35 85 109 302 46 50
leaf_count=32 79 20 33 29 34 39 20 57 20 36 20 37 23 23 246 71 20 35 44 35 78 28 235 20 35 85 109 302 46 50
internal_value=-0.000588872 -0.00138527 0.000714285 0.000367346 0.00219553 0.00484091 0.00208475 -0.000362638 -9.81515e-05 0.000698629 0.000243243 0.00146808 0.000310344 0.00537209 -0.00190459 -0.000658537 0.000809523 -0.000169812 -0.000457628 0.000383458 -0.000857144 -0.000958581 -0.00120755 0.000614457 0.00245454 -0.000540984 -0.00134483 -0.00230124 -0.00168421 0.000124999
internal_weight=1941 1059 210 882 179 88 59 91 703 365 333 188 145 43 849 205 126 106 177 133 98 338 318 83 55 122 145 644 342 96
internal_count=1941 1059 210 882 179 88 59 91 703 365 333 188 145 43 849 205 126 106 177 133 98 338 318 83 55 122 145 644 342 96
is_linear=0
shrinkage=0.03


Tree=173
num_leaves=31
num_cat=0
split_feature=1 6 47 28 21 42 24 22 41 44 26 1 53 39 38 28 36 16 1 34 47 18 36 57 36 47 17 43 33 32
split_gain=1.6319 0.846276 0.807578 1.14981 0.766558 0.801412 0.733053 0.610655 0.839499 0.794517 0.689346 0.965819 1.46298 1.3913 0.848435 0.474232 0.461475 0.491553 0.587762 0.442852 1.23862 0.49567 0.984848 0.771569 0.64519 0.52521 0.9 0.439547 0.411229 1.05895
threshold=595.90178570000012 17.500000000000004 7.5000000000000009 1008.1500000000002 37.500000000000007 268.46964284999996 579.00000000000011 41.000000000000007 94.82642610209318 29.750000000000004 17.650000000000002 6443.2857145000007 156.50000000000003 798.04531250625007 1051.7276785375002 1003.9500000000002 320.68660715000004 23.650000000000002 11694.589285000002 54.513095235000002 11.500000000000002 49.500000000000007 452.99375000000003 298.50000000000006 620.72053570000014 40.500000000000007 25.500000000000004 38.52678571499996 498.2142857500001 432.15714285000007
decision_type=2 2 2 2 2 2 2 2 2 2 2 2 2 2 2 2 2 2 2 2 2 2 2 2 2 2 2 2 2 2
left_child=1 -1 -3 15 27 7 -7 -6 9 -9 16 12 -12 -14 -13 -4 17 -10 28 20 -17 23 -23 24 25 26 -22 -2 29 -19
right_child=4 2 3 -5 5 6 -8 8 10 -11 11 14 13 -15 -16 19 -18 18 -20 -21 21 22 -24 -25 -26 -27 -28 -29 -30 -31
leaf_value=-0.29032125263102188 0.57969194313304928 -0.43472389036613085 0.12671048937758031 0.12028490049077585 -0.021714975815814719 -0.047467362383370897 0.26938509263368204 0.0085404517030960615 -1.1058261367321196 0.17798593986830893 -0.009164262788702698 -0.35991317773433401 0.08598408203442956 0.08749580820944107 0.036208395454796052 0.19590309078806853 0.17959840607654357 -0.087565492592494812 0.1291127734382341 -0.96502340006004483 -0.013408473301452431 -1.3709421533643211 0.334469041226299 -0.80666115765945545 -0.36875207335109489 -0.30421363305114807 1.1509473751245085 0.0063738992376550724 -0.1788223681516608 0.036630638266421919
leaf_weight=364 20 159 22 22 139 23 31 31 111 21 56 89 23 23 31 27 39 66 26 64 20 26 40 132 73 28 20 21 139 55
leaf_count=364 20 159 22 22 139 23 31 31 111 21 56 89 23 23 31 27 39 66 26 64 20 26 40 132 73 28 20 21 139 55
internal_value=-0.000588872 -0.00143531 -0.000772513 -0.000151899 0.000305084 0.000122923 0.00366667 -0.000102474 0.00025352 0.00392308 -3.64749e-05 0.00132432 0.00347059 0.00743478 -0.000500001 -0.000477877 -0.000729359 -0.00103527 -0.000377623 -0.000697675 -0.000295083 -0.000787611 0.00154545 -0.00135165 0.000191489 0.00229412 0.0045 0.00431707 -0.000807693 0.000471074
internal_weight=1941 997 633 474 944 903 54 849 710 52 658 222 102 46 120 452 436 397 286 430 366 339 66 273 141 68 40 41 260 121
internal_count=1941 997 633 474 944 903 54 849 710 52 658 222 102 46 120 452 436 397 286 430 366 339 66 273 141 68 40 41 260 121
is_linear=0
shrinkage=0.03


Tree=174
num_leaves=31
num_cat=0
split_feature=1 11 40 17 21 45 8 53 30 36 27 14 9 9 10 27 1 9 5 11 56 37 32 30 24 1 24 5 3 19
split_gain=1.88239 1.3279 3.00073 0.815851 0.70704 2.32288 0.62477 1.04979 1.23079 0.926356 0.947726 2.08333 0.610392 0.885553 1.11076 1.08333 0.525743 0.504404 0.492053 0.630542 0.487942 0.726316 0.473963 1.11955 0.569144 0.545779 0.482143 0.415584 0.351452 0.311658
threshold=595.90178570000012 0.93540483100319627 29.206510417916657 16.500000000000004 37.500000000000007 84.500000000000014 3.5000000000000004 151.50000000000003 516.83571430000018 177.85000000000002 309.50000000000006 30.950000000000003 141.50000000000003 139.50000000000003 0.72947329433276253 278.50000000000006 3717.0625000000005 145.50000000000003 37.500000000000007 -0.290129255202841 9.1500000000000004 298.25357145000004 769.4937500000002 902.08125000000007 766.80000000000007 6886.6250000000009 485.05000000000001 1.0000000180025095e-35 7263999.1875000009 1.0000000180025095e-35
decision_type=2 2 2 2 2 2 2 2 2 2 2 2 2 2 2 2 2 2 2 2 2 2 2 2 2 2 2 2 2 2
left_child=1 12 3 -3 5 -2 9 16 -9 10 17 -12 13 29 15 -15 20 -6 19 28 -8 -22 23 26 25 -24 -10 -27 -19 -1
right_child=4 2 -4 -5 6 -7 7 8 22 -11 11 -13 -14 14 -16 -17 -18 18 -20 -21 21 -23 24 -25 -26 27 -28 -29 -30 -31
leaf_value=0.0094626522715216023 0.69043709533276454 0.094400711223508987 0.13175841021631995 -0.030202994658068333 -7.3811611374119259 -0.57378404950702588 0.17840714683739142 0.13730885857572078 0.040709411971875109 0.2018704548176444 -0.069304550712428178 0.075890551151101146 -0.79179517414149214 -0.032587506531445237 -4.9286898358367424 0.40337931010588135 -0.090122271369991305 -0.012093667756601503 -0.032965826603168498 0.074860793333897127 -1.1321260797432036 0.027522882794455191 0.07787031794240655 0.3865020416661199 0.094414965855973476 0.0070680213322753512 -0.0095275215364902001 -0.30698576257202559 0.037914769808033273 -2.0718214390208578
leaf_weight=23 21 39 28 143 105 20 25 26 24 26 24 24 595 27 27 25 59 177 80 29 46 30 21 22 28 22 32 77 26 90
leaf_count=23 21 39 28 143 105 20 25 26 24 26 24 24 595 27 27 25 59 177 80 29 46 30 21 22 28 22 32 77 26 90
internal_value=-0.000496137 -0.00140522 0.000714285 -0.000692308 0.000463982 0.00431707 0.000289036 0.00115048 0.00235714 -0.000433809 -0.000741936 0.00325 -0.00197078 -0.000500001 0.00193671 0.0045 -0.000750001 -0.00120144 -0.000596155 0.000103448 0.000564356 -0.00063158 0.00164602 0.00353846 0.000648648 -0.000250001 0.00128571 -0.00118182 -0.000487685 -0.00220354
internal_weight=1941 997 210 182 944 41 903 412 252 491 465 48 787 192 79 52 160 417 312 232 101 76 226 78 148 120 56 99 203 113
internal_count=1941 997 210 182 944 41 903 412 252 491 465 48 787 192 79 52 160 417 312 232 101 76 226 78 148 120 56 99 203 113
is_linear=0
shrinkage=0.03


Tree=175
num_leaves=31
num_cat=0
split_feature=1 43 46 43 45 27 37 52 30 53 16 8 1 16 17 4 5 6 6 10 35 40 4 36 39 5 1 27 37 19
split_gain=1.94003 0.763641 1.37963 0.714318 0.728168 1.00059 1.72045 0.745903 1.04684 0.743095 0.992835 0.974649 0.900461 0.881322 1.42013 0.598118 1.57597 0.799194 0.640704 0.926781 0.625333 0.616575 0.750248 0.594228 0.593939 0.589808 0.703943 0.498996 0.423953 0.453653
threshold=595.90178570000012 368.35892860000007 23.350000000000005 238.73392855000006 82.500000000000014 309.50000000000006 395.94910715000003 42.500000000000007 198.09285715000001 154.50000000000003 24.850000000000005 4.5000000000000009 9273.7857140000033 24.050000000000004 8.5000000000000018 21.500000000000004 37.500000000000007 17.500000000000004 20.500000000000004 0.72947329433276253 191.55000000000004 484.95286459604171 2.5000000000000004 344.61875000000003 689.59843750625009 1.0000000180025095e-35 8793.6250000000018 314.00000000000006 20.210714285000005 1.0000000180025095e-35
decision_type=2 2 2 2 2 2 2 2 2 2 2 2 2 2 2 2 2 2 2 2 2 2 2 2 2 2 2 2 2 2
left_child=15 3 -3 4 5 7 -7 8 -2 -9 11 23 13 14 -13 17 -17 -1 19 21 27 22 -19 25 -4 26 -11 28 29 -20
right_child=1 2 24 -5 -6 6 -8 9 -10 10 -12 12 -14 -15 -16 16 -18 18 20 -21 -22 -23 -24 -25 -26 -27 -28 -29 -30 -31
leaf_value=-0.53068220846917202 0.31302541056168148 0.38165145732419464 0.044654627917102445 -0.049075232091974133 -0.013546928163632562 -0.028048938407456658 0.10351707955579478 -0.15578497539453526 -0.026713630783828532 0.96506697726304524 0.38389603821266849 0.076409284921310633 -0.01820905320849911 -0.0062592640284332883 0.077541672749490559 -0.056263585369950825 0.15356803055524321 0.064260804568785482 0.032184006710339857 -2.7555740385368601 -0.78110089085579359 -0.38892594274147035 0.57624630744402383 0.25524758217268123 -0.70430374767088266 -0.32361582899623453 -1.8412286238124043 -0.31977217119143059 -0.73330182895329132 0.35382996026122754
leaf_weight=308 27 21 33 144 134 27 31 145 24 20 20 20 46 25 22 119 39 36 89 40 177 23 28 21 22 139 23 91 25 22
leaf_count=308 27 21 33 144 134 27 31 145 24 20 20 20 46 25 22 119 39 36 89 40 177 23 28 21 22 139 23 91 25 22
internal_value=-0.000542505 0.000432203 0.00331579 0.000179723 0.000563535 0.00101695 0.00475862 0.000609022 0.00405882 0.000243243 0.00101786 0.000607594 0.00284071 0.0050597 0.00771428 -0.0014654 0.000227847 -0.00178427 -0.0010791 0.000779527 -0.00166337 0.00251724 0.00403125 -0.000635469 0.000818181 -0.00118681 0.00188372 -0.000621146 0.000529411 0.00132432
internal_weight=1941 944 76 868 724 590 58 532 51 481 336 316 113 67 42 997 158 839 531 127 404 87 64 203 55 182 43 227 136 111
internal_count=1941 944 76 868 724 590 58 532 51 481 336 316 113 67 42 997 158 839 531 127 404 87 64 203 55 182 43 227 136 111
is_linear=0
shrinkage=0.03


Tree=176
num_leaves=31
num_cat=0
split_feature=11 11 40 3 47 27 56 48 46 6 6 37 38 18 17 2 43 30 6 6 40 57 11 3 56 48 43 33 30 37
split_gain=2.18543 1.04653 0.949451 0.933055 1.08718 1.54385 1.16393 1.05201 1.04326 0.783378 0.702281 0.642857 0.621212 0.535436 0.636005 0.432838 0.749772 1.225 0.431532 0.683992 0.656643 1.08225 0.647789 0.778315 0.63749 0.583333 0.404461 0.249489 0.644275 0.283205
threshold=-0.19509032201612839 0.93540483100319627 29.206510417916657 6363516.2500000009 18.500000000000004 289.50000000000006 22.150000000000002 34.500000000000007 23.950000000000003 23.500000000000004 30.500000000000004 239.25000000000003 1066.0046874875002 49.500000000000007 16.500000000000004 6145.3839285000004 -125.80892835500003 776.64642855000011 17.500000000000004 20.500000000000004 1.2155877976249811 302.50000000000006 0.63405362205439486 7008492.3750000009 7.0000000000000009 24.500000000000004 368.35892860000007 942.17857140000012 1110.9294645000002 670.75178570000014
decision_type=2 2 2 2 2 2 2 2 2 2 2 2 2 2 2 2 2 2 2 2 2 2 2 2 2 2 2 2 2 2
left_child=3 18 13 4 5 8 7 -6 12 -7 15 -9 -1 14 -3 16 17 -5 -2 22 21 24 23 -20 -21 -24 27 28 29 -18
right_child=1 2 -4 10 6 9 -8 11 -10 -11 -12 -13 -14 -15 -16 -17 26 -19 19 20 -22 -23 25 -25 -26 -27 -28 -29 -30 -31
leaf_value=-2.9504557674558107 -1.4310593338611806 0.082155357214140023 0.12319861699317304 -0.011561369554287432 -0.083896359388096101 0.062532327171606686 0.048960748973836156 0.16439612221764138 0.027292174478460812 0.071117292305871535 0.067782650784436793 0.0028103199530848089 0.1973769066883439 0.0096125811201146962 -0.073658244947611556 -0.56627293160297254 -0.0086807875295001214 0.35899724936319016 -1.4619128237099086 -0.33490117612762743 -0.74998712713610149 -1.0040151972508726 -0.0037369281307073642 0.38013416846858028 0.59594380956962711 0.52526894571371197 0.50046266001449768 -0.50289659047119506 0.19742552062275193 -0.067526371165469862
leaf_weight=41 318 39 28 36 125 27 21 21 39 22 29 42 25 21 122 112 120 24 58 43 248 86 27 23 46 21 33 49 20 75
leaf_count=41 318 39 28 36 125 27 21 21 39 22 29 42 25 21 122 112 120 24 58 43 248 86 27 23 46 21 33 49 20 75
internal_value=-0.000573416 -0.00147222 0.000428571 0.000554006 0.00171074 0.00362338 0.000301435 -0.000446809 0.00157143 0.00802041 -0.000289157 0.00271428 -0.000727273 -0.000362638 -0.000950311 -0.000569297 -5.88242e-05 0.003 -0.00193104 -0.00142391 -0.00200709 -0.000600001 0.000488371 -0.00114815 0.0017191 0.00325 -0.000676768 -0.00106818 -0.000627908 -0.00115385
internal_weight=1941 1080 210 861 363 154 209 188 105 49 498 63 66 182 161 469 357 60 870 552 423 175 129 81 89 48 297 264 215 195
internal_count=1941 1080 210 861 363 154 209 188 105 49 498 63 66 182 161 469 357 60 870 552 423 175 129 81 89 48 297 264 215 195
is_linear=0
shrinkage=0.03


Tree=177
num_leaves=31
num_cat=0
split_feature=1 26 39 55 9 47 34 5 33 9 28 57 31 34 19 2 2 18 36 57 15 57 14 53 4 5 40 28 41 48
split_gain=2.32132 0.744953 1.39088 1.00694 0.843423 1.06169 1.32326 0.871162 1.12708 0.684741 0.897964 0.784542 0.68733 0.625023 0.61333 0.794202 1.20087 0.574813 1.14525 0.6477 0.61449 0.649436 0.491626 0.479779 0.415346 0.43573 0.401311 0.777056 0.964286 0.380436
threshold=610.92857145000005 21.550000000000004 437.33203125000006 770.50000000000011 147.50000000000003 18.500000000000004 457.11875000000003 1.0000000180025095e-35 996.84553570000014 141.50000000000003 1007.6500000000002 323.50000000000006 509.62857145000004 1174.6544645000001 17.500000000000004 7031.0714285000004 6784.1071430000011 49.500000000000007 452.99375000000003 299.50000000000006 87.500000000000014 284.50000000000006 28.650000000000002 191.00000000000003 21.500000000000004 22.500000000000004 821.52020090625012 1005.1500000000002 265.40411646992749 25.500000000000004
decision_type=2 2 2 2 2 2 2 2 2 2 2 2 2 2 2 2 2 2 2 2 2 2 2 2 2 2 2 2 2 2
left_child=14 4 -3 -4 5 6 -2 8 -8 11 -11 -7 -12 23 15 16 17 19 -19 20 21 29 -23 -9 -16 -26 27 28 -6 -1
right_child=1 2 3 -5 26 9 7 13 -10 10 12 -13 -14 -15 24 -17 -18 18 -20 -21 -22 22 -24 -25 25 -27 -28 -29 -30 -31
leaf_value=-0.61218151356601536 0.031363259984146769 0.057591966777865371 -0.0086231025542353023 0.073728593002711409 -0.15383966212130348 -1.7158781145181272 0.32571397709742561 -0.08604768423509912 0.0309905660338443 0.2600222903031929 -0.59260405459211218 0.07513154678859818 0.040941013996181823 0.028244123882747916 -0.38000932041482699 -0.38632804583687325 0.38938518923176968 -1.2663464124858779 0.28681822958662678 -0.34285243017964256 0.15910888169369322 0.75632109850609031 -0.010387552042927557 0.026101616300869154 -0.07483731026849709 0.037604153638049136 -0.7141751662655893 -0.020143368609422199 1.0436746670619046 0.11020398630180844
leaf_weight=110 28 21 53 32 21 130 23 90 24 20 31 22 34 22 283 201 22 26 41 133 31 21 41 23 24 27 81 258 27 41
leaf_count=110 28 21 53 32 21 130 23 90 24 20 31 22 34 22 283 201 22 26 41 133 31 21 41 23 24 27 81 258 27 41
internal_value=-0.000496137 0.000574467 0.0029434 0.00123529 0.000273381 0.00116107 0.00271428 0.00178022 0.00529787 -0.000215191 0.00194118 -0.00142105 0.000230769 0.000555555 -0.0015015 -0.000976013 -0.000296138 -0.000635136 0.00192537 -0.00109019 -0.000172132 -0.00074648 0.00183871 -0.000345133 -0.0025509 -5.88242e-05 -0.000751939 -0.000254903 0.00325 -0.00180795
internal_weight=1941 940 106 85 834 447 210 182 47 237 85 152 65 135 1001 667 466 444 67 377 244 213 62 113 334 51 387 306 48 151
internal_count=1941 940 106 85 834 447 210 182 47 237 85 152 65 135 1001 667 466 444 67 377 244 213 62 113 334 51 387 306 48 151
is_linear=0
shrinkage=0.03


Tree=178
num_leaves=31
num_cat=0
split_feature=55 57 57 3 47 5 41 15 27 55 28 58 30 42 58 28 44 49 39 21 9 36 46 8 17 47 17 36 36 3
split_gain=2.47547 1.21494 1.31742 1.37078 1.04136 1.22727 1.06206 0.763687 1.2362 0.865743 0.665875 0.938935 0.625 0.625 0.61069 2.09001 0.456217 0.69185 0.804568 1.14669 0.654536 0.93095 1.87689 0.757907 0.641326 0.97423 0.456589 0.521046 0.340336 0.330263
threshold=615.00000000000011 290.50000000000006 264.50000000000006 6400716.0625000009 45.500000000000007 37.500000000000007 241.57196499926866 70.500000000000014 312.50000000000006 269.50000000000006 1006.5500000000001 1007.35 910.72857145000012 -1.0000000180025095e-35 1008.1500000000002 1008.35 29.250000000000004 17.500000000000004 244.79129463750004 65.000000000000014 144.50000000000003 163.68839285000004 24.850000000000005 2.5000000000000004 49.500000000000007 70.500000000000014 12.500000000000002 571.36785715000008 2.7142857145000003 6587709.6785000013
decision_type=2 2 2 2 2 2 2 2 2 2 2 2 2 2 2 2 2 2 2 2 2 2 2 2 2 2 2 2 2 2
left_child=7 2 3 -2 5 6 -3 8 9 13 28 -12 -8 -1 16 -16 17 20 -19 -20 21 22 -9 26 -22 29 -23 -28 -4 -26
right_child=1 4 10 -5 -6 -7 12 14 -10 -11 11 -13 -14 -15 15 -17 -18 18 19 -21 24 23 -24 -25 25 -27 27 -29 -30 -31
leaf_value=-0.13410174249222084 0.22585350288223899 0.068180882528079953 -8.8869838485776338 -0.0045083283201031643 -1.3422453322996213 1.3868559204017967 -0.49815932480428937 -0.042357810326483128 0.069776477329207248 -0.038349997976408451 0.03448956351075453 -0.020198986882401813 0.010071973252754463 0.04276171260365412 0.071949968273432599 -0.65415944161508544 -0.45206149571748466 -0.28928941884758541 0.59564959257871442 -0.01244428488791777 -0.30735750258308697 0.06525847704150553 1.0073737094347568 -0.34122764874630235 0.053357229613699021 -0.68353659855191529 -1.1221994993136879 0.39178972081691271 0.014488643220772189 0.66458047291434574
leaf_weight=20 22 26 81 26 21 22 20 36 34 203 26 79 20 20 27 70 212 327 23 79 243 21 25 102 21 31 24 37 21 22
leaf_count=20 22 26 81 26 21 22 20 36 34 203 26 79 20 20 27 70 212 327 23 79 243 21 25 102 21 31 24 37 21 22
internal_value=-0.000449769 0.00178022 0.000647058 0.005125 0.00443119 0.00586364 0.00381818 -0.00096449 0.000465703 -0.000283951 -0.000391305 0.00128571 0.000749999 0.00375 -0.00126923 0.00102062 -0.00145387 -0.00118365 -0.00209091 0.000235293 -0.000491104 0.000673469 0.00388525 -0.000391305 -0.00139117 0.00105405 0.0017561 0.000442622 -0.00211765 0.00397674
internal_weight=1941 364 255 48 109 88 66 1577 277 243 207 105 40 40 1300 97 1203 991 429 102 562 245 61 184 317 74 82 61 102 43
internal_count=1941 364 255 48 109 88 66 1577 277 243 207 105 40 40 1300 97 1203 991 429 102 562 245 61 184 317 74 82 61 102 43
is_linear=0
shrinkage=0.03


Tree=179
num_leaves=31
num_cat=0
split_feature=23 1 3 58 58 41 6 1 4 19 32 30 40 48 38 38 44 46 58 26 6 37 8 3 43 12 44 4 27 30
split_gain=2.57062 1.17172 0.793651 0.786829 1.3493 1.72154 0.636694 0.768766 0.641126 0.693619 0.587778 0.57539 1.18528 0.662804 0.635552 1.42788 0.573057 0.585897 1.21049 0.777351 0.739026 0.554443 0.53776 0.978989 0.479348 1.26812 0.310513 0.307923 0.41564 0.257703
threshold=126.50000000000001 3717.0625000000005 6377960.2145000007 1006.7500000000001 1007.1500000000002 328.02841620502363 17.500000000000004 6307.3571425000009 22.500000000000004 1.5000000000000002 503.98750000000007 907.54285715000015 389.2106398874792 48.500000000000007 1032.1955357375002 1143.246875 27.550000000000004 24.750000000000004 1006.35 11.850000000000003 19.500000000000004 72.642857140000018 4.5000000000000009 6317460.5000000009 -235.35624999999996 0.53946920585801694 27.950000000000003 21.500000000000004 269.50000000000006 874.45000000000016
decision_type=2 2 2 2 2 2 2 2 2 2 2 2 2 2 2 2 2 2 2 2 2 2 2 2 2 2 2 2 2 2
left_child=6 2 -2 22 5 -5 7 27 16 -10 -4 13 -13 -6 -14 -16 -8 18 20 -20 21 -18 24 -24 25 -3 -22 -1 -29 -25
right_child=1 3 10 4 11 -7 8 -9 9 -11 -12 12 14 -15 15 -17 17 -19 19 -21 26 -23 23 29 -26 -27 -28 28 -30 -31
leaf_value=-0.34711444661352853 0.12024143129730584 0.15393942258566001 0.34362634468039732 0.038909613194289414 -0.02135810510033237 0.0063045483175712394 0.074143820619873554 0.39383758256111945 -0.76186476082071819 0.027605523065246995 -0.0093056612296332757 0.4523499680820311 -1.0105286688543744 0.06137608459623424 0.45498418683744268 -0.33205954784466618 0.26645991217619591 -0.17651756496890997 -0.00042746442772956944 0.065897729099090044 0.10531196016118292 -0.13558061168798818 0.18194389045049958 0.05512654299610692 -0.56189268753093491 -4.7612167485905346 -1.1161021735947168 0.026593933095082102 -0.081890487919768148 -0.34101186982059722
leaf_weight=397 25 21 25 24 114 29 22 25 26 22 20 28 29 20 26 22 31 484 23 20 20 21 25 28 184 25 126 29 27 23
leaf_count=397 25 21 25 24 114 29 22 25 26 22 20 28 29 20 26 22 31 484 23 20 20 21 25 28 184 25 126 29 27 23
internal_value=-0.000465225 0.00104192 0.00471428 0.000612039 0.00172603 0.0060566 -0.00125609 -0.00212134 -0.00073585 0.002625 0.00233333 0.00076569 0.00242857 -0.000537314 0.000506493 0.002625 -0.000951808 -0.00109655 0.000112032 0.00467442 -0.000878789 0.00219231 -0.000450981 0.00173684 -0.00117391 0.00156522 -0.0019726 -0.00240397 -0.000321429 -0.00064706
internal_weight=1941 668 70 598 292 53 1273 478 795 48 45 239 105 134 77 48 747 725 241 43 198 52 306 76 230 46 146 453 56 51
internal_count=1941 668 70 598 292 53 1273 478 795 48 45 239 105 134 77 48 747 725 241 43 198 52 306 76 230 46 146 453 56 51
is_linear=0
shrinkage=0.03


Tree=180
num_leaves=31
num_cat=0
split_feature=11 11 14 8 16 30 57 43 6 28 49 3 49 6 3 6 3 30 38 41 41 37 24 2 9 6 10 34 35 34
split_gain=2.57852 1.38982 1.1048 1.28395 0.859005 0.877372 1.70955 1.10204 0.707468 0.906395 1.13658 1.54199 1.92594 1.07648 1.1105 0.769688 0.692969 0.625 0.617647 0.577832 1.225 0.573072 0.631809 0.559294 0.512345 0.86412 0.829531 1.29136 0.59808 0.500886
threshold=-0.19509032201612839 0.93540483100319627 28.550000000000004 4.5000000000000009 25.350000000000005 225.70625000000004 246.50000000000003 -1.3749999999999998 26.500000000000004 1005.85 42.500000000000007 6323211.1875000009 2.5000000000000004 16.500000000000004 6346132.7145000007 28.500000000000004 6266552.3570000008 809.55000000000007 624.00915178750017 265.40411646992749 298.27235369966968 989.91250000000014 739.05000000000007 5921.7500000000009 141.50000000000003 17.500000000000004 0.72947329433276253 569.0883928500001 662.54285715000015 1174.6544645000001
decision_type=2 2 2 2 2 2 2 2 2 2 2 2 2 2 2 2 2 2 2 2 2 2 2 2 2 2 2 2 2 2
left_child=4 24 3 -3 5 6 -1 -8 9 13 11 16 18 14 -7 -10 -11 -18 -13 -16 -21 -20 -23 -17 25 -2 27 28 -27 -15
right_child=1 2 -4 -5 -6 8 7 -9 15 10 -12 12 -14 29 19 23 17 -19 21 20 -22 22 -24 -25 -26 26 -28 -29 -30 -31
leaf_value=-1.7075683694781536 -1.8535582424399601 0.016952418224151847 -0.22592678395575322 0.022233255279042581 -0.065207817915044916 0.058596918827372335 0.036373019938043941 0.14809999351703326 -7.6518823029463521 0.062878648556346534 -1.0124135236730429 0.032807728583022139 0.10269812891583531 -3.8309399729957043 -0.029271955718115562 0.084153865480125573 0.015748743198013667 0.43391461886526661 -0.022929745605119158 2.0189727500330967 -0.11639932269205241 0.027271385607574743 -0.0054457191473120583 -3.717483820347784 -0.586894065364025 0.24550537808825346 -2.5742924982703674 -2.5713606319549132 0.24929197456994051 0.093386753013853449
leaf_weight=20 81 103 81 26 75 21 25 24 79 31 46 28 20 116 68 74 20 20 59 20 20 20 29 24 660 33 45 25 26 22
leaf_count=20 81 103 81 26 75 21 25 24 79 31 46 28 20 116 68 74 20 20 59 20 20 20 29 24 660 33 45 25 26 22
internal_value=-0.000357033 -0.00133333 0.000857142 0.00258139 0.000867595 0.0011603 0.0043913 0.00740816 0.000849372 0.00138889 0.00260439 0.00347577 0.00180769 0.000146067 0.00211628 -0.000796611 0.00714084 0.00975 0.000529411 0.000888888 0.00375 -0.000500001 0.00189796 0.000979591 -0.00186207 -0.000571429 0.000953488 0.00271428 0.00513559 -0.00169565
internal_weight=1941 1080 210 129 861 786 69 49 717 540 273 227 156 267 129 177 71 40 136 108 40 108 49 98 870 210 129 84 59 138
internal_count=1941 1080 210 129 861 786 69 49 717 540 273 227 156 267 129 177 71 40 136 108 40 108 49 98 870 210 129 84 59 138
is_linear=0
shrinkage=0.03


Tree=181
num_leaves=31
num_cat=0
split_feature=1 58 17 46 28 1 41 18 36 49 22 26 3 40 34 14 42 3 1 5 32 12 46 18 27 27 33 38 28 3
split_gain=2.28057 1.08532 2.12143 0.869456 0.977815 1.27418 1.24625 0.988195 0.964629 0.904989 1.11696 0.8073 1.47448 0.700883 0.675712 0.65269 0.645777 0.740192 0.625 0.589825 0.759467 0.564547 0.80331 0.641083 0.753364 0.514372 0.496837 0.570532 0.434509 0.521587
threshold=610.92857145000005 1008.1500000000002 15.500000000000002 25.350000000000005 1005.6500000000002 5414.2142860000013 234.85851218711937 40.500000000000007 320.68660715000004 12.500000000000002 316.00000000000006 18.350000000000005 6372175.5000000009 821.52020090625012 907.54285715000015 32.45000000000001 -147.57857140000002 6390518.0625000009 2765.8571430000006 1.0000000180025095e-35 833.9312500000002 0.53946920585801694 24.150000000000002 4.5000000000000009 312.50000000000006 262.50000000000006 607.38125000000014 210.27812500000002 1007.5500000000001 6297804.0000000009
decision_type=2 2 2 2 2 2 2 2 2 2 2 2 2 2 2 2 2 2 2 2 2 2 2 2 2 2 2 2 2 2
left_child=1 21 -3 4 9 6 7 -6 11 15 13 16 -13 14 26 -2 17 -7 -9 20 -18 -1 -23 -24 25 -25 27 -11 29 -27
right_child=3 2 -4 -5 5 8 -8 18 -10 10 -12 12 -14 -15 -16 -17 19 -19 -20 -21 -22 22 23 24 -26 28 -28 -29 -30 -31
leaf_value=-0.26069106673412734 -1.0074383562832179 -0.40150155882029037 0.056939627665673322 -0.060306420352951626 0.029022850259593329 -0.0067085049658005044 0.456001274841977 0.067700021658153656 0.24312925676899796 -0.21987141960960749 0.072507686576504818 0.084558517923417523 -0.024133748763274787 -0.056735558829284001 1.6955890288753515 0.027096661519905491 -0.21532983782634832 0.049804478238023878 0.0073411142401726562 -0.035405508468861396 0.051138709731510731 0.058451874937332705 -0.46109196326553242 -0.079738522837707437 -0.25152683241338575 -0.1674497104511104 -0.11413661581163982 0.49776906332753429 -0.028643132814361923 0.6048418655343849
leaf_weight=388 151 22 20 103 58 23 24 20 29 21 36 24 33 42 23 35 31 20 20 171 23 38 218 99 104 24 27 26 30 58
leaf_count=388 151 22 20 103 58 23 24 20 29 21 36 24 33 42 23 35 31 20 20 171 23 38 218 99 104 24 27 26 30 58
internal_value=-0.000295209 -0.00129171 0.00342857 0.000765957 0.00108602 0.00197899 0.00462295 0.00312245 0.0010678 -9.14135e-05 0.00145714 0.000599999 0.0038421 0.000237409 0.00163917 -0.00154839 -8.9553e-05 0.00327907 0.00675 -0.000733334 0.002 -0.00149844 -0.000898425 -0.00119888 -0.000333334 0.000696682 0.000243243 0.00210638 0.00208928 0.00321951
internal_weight=1941 1001 42 940 837 476 122 98 354 361 175 325 57 139 97 186 268 43 40 225 54 959 571 533 315 211 74 47 112 82
internal_count=1941 1001 42 940 837 476 122 98 354 361 175 325 57 139 97 186 268 43 40 225 54 959 571 533 315 211 74 47 112 82
is_linear=0
shrinkage=0.03


Tree=182
num_leaves=31
num_cat=0
split_feature=23 32 26 11 40 8 53 18 52 2 2 19 26 10 1 57 58 37 37 17 6 5 2 28 11 43 33 19 32 27
split_gain=2.3157 1.25654 1.63695 1.0985 1.57353 0.918136 0.880834 0.873851 0.762698 0.639989 0.890422 0.792164 0.798327 1.03997 0.759222 0.637993 0.770569 0.9 0.672786 0.632392 0.602978 0.592742 0.934562 0.651879 0.781896 0.507692 0.478139 0.421883 0.805376 0.355974
threshold=138.50000000000003 362.47857145000006 16.250000000000004 0.93540483100319627 28.019345238125002 3.5000000000000004 209.50000000000003 49.500000000000007 467.00000000000006 7018.5000000000009 6784.1071430000011 11.500000000000002 10.65 0.93540483100319627 6307.3571425000009 290.50000000000006 1006.35 875.44642855000018 992.63571430000013 16.500000000000004 26.500000000000004 1.0000000180025095e-35 4259.8571425000009 1005.6500000000002 -0.93540483100319605 106.87142859999999 809.55000000000007 1.0000000180025095e-35 152.01875000000004 314.00000000000006
decision_type=2 2 2 2 2 2 2 2 2 2 2 2 2 2 2 2 2 2 2 2 2 2 2 2 2 2 2 2 2 2
left_child=3 2 -2 9 7 20 15 19 -8 10 11 12 29 27 -13 18 17 -17 -7 -5 21 22 -3 -23 26 -18 -25 28 -14 -1
right_child=1 5 -4 4 -6 6 8 -9 -10 -11 -12 14 13 -15 -16 16 25 -19 -20 -21 -22 23 -24 24 -26 -27 -28 -29 -30 -31
leaf_value=-0.0086445946347711387 -0.091811288216618575 -0.027941241194263354 0.054431214428858773 0.077284033856966389 0.12739846825501699 -1.5834271551688868 0.037826342619048978 0.02088249216196161 0.12213930759085054 -0.44450038871298714 0.051724782441238362 -0.96941768296821906 0.41489931889005521 0.17719526324554621 0.2391613392588138 0.17991988492719177 -0.028884446147508933 0.033356082406053388 0.035905929787725235 -0.064174219779759817 -14.464280608840728 -1.8487998473580591 1.2875527006335066 0.072029950628476294 -0.010127837548305912 0.091192899020279411 -1.8801691786564412e-05 -0.55791737485991111 -2.9079008663569557 -0.78718432290649532
leaf_weight=195 22 35 26 39 29 73 35 21 28 298 30 306 61 24 28 20 22 20 36 121 64 80 27 20 64 30 22 53 25 87
leaf_count=195 22 35 26 39 29 73 35 21 28 298 30 306 61 24 28 20 22 20 36 121 64 80 27 20 64 30 22 53 25 87
internal_value=-0.000418857 0.00108654 0.00575 -0.00113212 0.000857142 0.000697916 0.002 -0.000182321 0.00509524 -0.00150949 -0.00107169 -0.00126701 -0.000438203 0.00123313 -0.00237126 0.00102985 0.00286956 0.006 -0.000522936 -0.000937501 -0.000403847 0.000266128 0.00280645 -0.000580646 0.000962263 0.000461538 0.00414286 0.000237409 0.00153488 -0.00140426
internal_weight=1941 624 48 1317 210 576 264 181 63 1107 809 779 445 163 334 201 92 40 109 160 312 248 62 186 106 52 42 139 86 282
internal_count=1941 624 48 1317 210 576 264 181 63 1107 809 779 445 163 334 201 92 40 109 160 312 248 62 186 106 52 42 139 86 282
is_linear=0
shrinkage=0.03


Tree=183
num_leaves=31
num_cat=0
split_feature=1 11 18 16 27 42 28 36 5 36 47 8 45 11 58 19 48 9 35 57 1 45 56 58 8 11 35 4 32 8
split_gain=2.47973 1.02045 0.920095 0.860532 1.22807 1.83326 1.30345 0.913724 0.799165 0.786835 0.718873 0.697007 1.01024 0.99292 3.37305 0.73979 0.778556 0.675718 1.15273 0.558503 0.727047 1.24962 2.025 0.547497 0.517259 0.557868 0.471115 0.438312 0.425435 0.395062
threshold=610.92857145000005 0.91037613702198772 49.500000000000007 25.350000000000005 312.50000000000006 77.281250000000014 1007.1500000000002 320.68660715000004 37.500000000000007 1094.6750000000004 16.500000000000004 3.5000000000000004 69.500000000000014 -0.84874750804349197 1006.2500000000001 99.500000000000014 16.500000000000004 141.50000000000003 919.35982145000014 282.50000000000006 6362.4285715000005 66.500000000000014 19.450000000000003 1006.5500000000001 1.5000000000000002 -0.95642797789208678 678.46428575000016 15.500000000000002 776.64642855000011 2.5000000000000004
decision_type=2 2 2 2 2 2 2 2 2 2 2 2 2 2 2 2 2 2 2 2 2 2 2 2 2 2 2 2 2 2
left_child=1 17 8 4 7 6 -6 11 10 -10 -3 12 24 14 -13 16 -14 18 -1 23 21 22 -21 -15 25 -2 -27 -28 -16 -18
right_child=3 2 -4 -5 5 -7 -8 -9 9 -11 -12 13 15 19 28 -17 29 -19 -20 20 -22 -23 -24 -25 -26 26 27 -29 -30 -31
leaf_value=-0.85455311743057538 0.037567794075289998 0.044138981666031321 0.023151321700902186 -0.07250415772662637 0.14602002866131528 -0.0072987735425900889 0.057489102989280644 0.20845309371396586 0.17444208541846762 -0.030213112022197907 -0.045779295831248415 0.35013157521751775 0.33063036225506554 -0.56054440090001068 0.10178057502742235 -0.071354784358793957 -1.5417409301558671 -0.75142789666565135 0.050173038968001564 0.13596161148557426 -0.022442144410038715 -0.74116530596612762 0.00084071832688014541 0.0023276565171171269 -5.9256348674322874 -0.56823738866406437 0.22928625656826485 -0.053072654356856624 -0.00059325061345581168 0.029794317039415791
leaf_weight=153 35 42 29 92 28 21 30 36 30 21 127 26 35 67 29 25 27 569 30 20 32 25 20 22 113 81 20 22 80 54
leaf_count=153 35 42 29 92 28 21 30 36 30 21 127 26 35 67 29 25 27 569 30 20 32 25 20 22 113 81 20 22 80 54
internal_value=-0.000372489 -0.00141159 0.000253011 0.000734042 0.00103302 0.00459494 0.00734483 0.000667099 -0.000409092 0.00288235 -0.00140237 0.000437926 -0.000378641 0.00148598 0.00344444 0.00168085 0.00268965 -0.00196277 -0.00037705 6.45154e-05 0.00163917 0.00346154 0.00675 -0.00165169 -0.00145019 -0.000341773 -0.00129268 0.00128571 0.00112844 0.00107407
internal_weight=1941 1001 249 940 848 79 58 769 220 51 169 733 412 321 135 141 116 752 183 186 97 65 40 89 271 158 123 42 109 81
internal_count=1941 1001 249 940 848 79 58 769 220 51 169 733 412 321 135 141 116 752 183 186 97 65 40 89 271 158 123 42 109 81
is_linear=0
shrinkage=0.03


Tree=184
num_leaves=31
num_cat=0
split_feature=11 32 42 57 6 6 2 20 35 56 18 11 46 42 46 40 8 33 41 40 41 32 34 11 41 46 51 31 39 42
split_gain=2.00507 0.950713 1.42315 0.882353 0.821702 1.15554 1.49753 1.21383 1.11791 0.954167 0.890832 0.843088 0.840393 0.800754 0.788167 0.51724 0.536192 0.78537 0.722155 0.876783 0.541097 1.09411 0.549789 0.460932 0.683812 0.45045 0.444181 0.401329 1.18276 1.13758
threshold=-0.58216583101416131 450.00000000000006 85.648214300000021 279.50000000000006 17.500000000000004 19.500000000000004 5497.4285715000015 2.5000000000000004 202.51607145000003 10.400000000000002 56.500000000000007 0.9946518923062071 25.150000000000002 -29.257142845000001 24.250000000000004 196.04095982145836 3.5000000000000004 373.31785715000007 255.44107604957972 892.87946428750013 338.38551934775393 874.45000000000016 742.5562500000002 0.93540483100319627 44.025737949376811 25.150000000000002 884.50000000000011 1150.1142860000002 960.54174112500016 83.570535700000008
decision_type=2 2 2 2 2 2 2 2 2 2 2 2 2 2 2 2 2 2 2 2 2 2 2 2 2 2 2 2 2 2
left_child=1 2 3 -1 13 6 10 8 9 11 25 -7 -11 14 -2 -3 17 -17 19 -18 26 -22 -23 -15 -25 -6 -20 28 -19 -30
right_child=4 15 -4 -5 5 7 -8 -9 -10 12 -12 -13 -14 23 -16 16 18 27 20 -21 21 22 -24 24 -26 -27 -28 -29 29 -31
leaf_value=0.082912363176793846 0.33383888053976263 -0.031412857938780937 -0.62679346063343055 0.048866023339564427 -2.4947068297579729 -0.0462455159894666 0.20251322699904448 0.031104162283322231 -0.45864459317861811 0.27535369162471518 0.19842686650150157 0.040891990301610198 -0.17582617252637955 -1.1561596696439445 -1.0223848978173926 0.029085304567767898 0.34012192709968553 -0.31253073070604848 -0.065494444411831776 0.034731894029447347 0.2712228202240568 -0.46847521941476722 0.28606222883070093 -0.052296638682843823 0.054772969950857633 0.41619544577926676 0.031087964743184933 -0.56009592013011955 0.16422377865646687 -0.38403450943749506
leaf_weight=20 25 33 31 34 50 276 34 24 333 30 26 23 37 357 28 21 21 145 68 26 20 29 20 57 20 24 25 46 31 27
leaf_count=20 25 33 31 34 50 276 34 24 333 30 26 23 37 357 28 21 21 145 68 26 20 29 20 57 20 24 25 46 31 27
internal_value=-0.000326121 0.0011206 0.00405882 0.007 -0.000968751 -0.000409569 0.00214925 -0.000883818 -0.00111159 3.27862e-05 0.000299999 -0.000692308 0.00326866 -0.00195277 0.0015283 0.000632812 0.000883089 -7.15256e-10 0.00202392 0.00529787 0.00107407 0.00308696 0.000673469 -0.00237788 -0.000272728 -0.00137838 -0.000419356 -0.00046988 0.000103448 0.00372414
internal_weight=1941 597 85 54 1344 857 134 723 699 366 100 299 67 487 53 512 479 270 209 47 162 69 49 434 77 74 93 249 203 58
internal_count=1941 597 85 54 1344 857 134 723 699 366 100 299 67 487 53 512 479 270 209 47 162 69 49 434 77 74 93 249 203 58
is_linear=0
shrinkage=0.03


Tree=185
num_leaves=31
num_cat=0
split_feature=38 6 32 16 56 32 6 2 10 19 26 36 18 53 16 38 39 39 42 33 10 23 43 32 43 45 26 26 58 9
split_gain=2.18449 1.20281 0.919293 2.40444 1.68799 1.04274 0.90315 2.37258 1.10306 1.21761 0.993836 0.891046 0.84428 0.809296 0.80232 1.28798 0.916667 0.855385 1.28476 0.717703 0.672549 0.646375 0.823802 0.628608 0.680229 0.61553 0.606061 0.568182 0.525165 0.450233
threshold=163.1129464250001 17.500000000000004 365.14464285000003 24.350000000000005 15.450000000000001 256.33482145000005 19.500000000000004 5497.4285715000015 -0.47114434510950048 1.5000000000000002 10.65 873.19285715000012 14.500000000000002 154.50000000000003 23.550000000000004 692.57053571250015 617.53939733125014 859.89564731250005 -62.102678400000052 1019.2357145000002 0.77259657388510639 185.50000000000003 185.94910709999996 1253.8767855000003 326.64464265000004 83.500000000000014 12.350000000000003 13.450000000000001 1008.5500000000001 150.50000000000003
decision_type=2 2 2 2 2 2 2 2 2 2 2 2 2 2 2 2 2 2 2 2 2 2 2 2 2 2 2 2 2 2
left_child=1 -1 3 4 -2 -6 7 26 -8 10 -10 25 -13 -4 23 16 27 28 19 -19 -12 -20 -23 24 -15 -11 -3 -16 -17 -5
right_child=2 6 13 29 5 -7 8 -9 9 11 20 12 -14 14 15 17 -18 18 21 -21 -22 22 -24 -25 -26 -27 -28 -29 -30 -31
leaf_value=-0.2356611038215024 0.026285175040460192 -2.4198656151979647 -0.036738392586368386 -0.051461136762183474 0.046055003494678788 0.040028424511701563 -0.62773656839380276 0.35605957404975042 -0.24235534922861701 0.3181675841716517 -0.28213423932062892 0.020302273781422773 0.0418937971441284 -0.095767439117275949 0.091649559328040447 -0.22225352146402791 0.053787988627159153 0.20607801459883729 -0.69938581884341555 0.012306841355842708 0.21119065412304797 0.83703556233090481 -0.4430601843220644 0.33871200388443617 0.31224873805891773 -0.38561845361031843 0.32841256433795413 -0.098084474448283041 0.016511830705148018 0.052690329900832097
leaf_weight=400 36 40 170 50 20 21 199 25 237 22 30 24 23 153 22 82 22 33 35 24 21 27 24 20 22 26 48 22 27 36
leaf_count=400 36 40 170 50 20 21 199 25 237 22 30 24 23 153 22 82 22 33 35 24 21 27 24 20 22 26 48 22 27 36
internal_value=-0.000279753 -0.00116438 0.000865248 0.00288957 0.00674026 0.0109024 -0.000410073 0.00204425 -0.000886599 5.48296e-05 -0.000916667 0.003 0.00593617 0.000382137 0.000976607 0.00190566 0.00563636 0.000928571 0.00245454 0.00594737 0.00288235 0.000139534 0.00229412 -0.000538462 -0.00111429 0.000124999 -0.000272728 0.00313636 -0.0010734 -0.00055814
internal_weight=1941 1095 846 163 77 41 695 113 582 383 288 95 47 683 513 318 66 252 143 57 51 86 51 195 175 48 88 44 109 86
internal_count=1941 1095 846 163 77 41 695 113 582 383 288 95 47 683 513 318 66 252 143 57 51 86 51 195 175 48 88 44 109 86
is_linear=0
shrinkage=0.03


Tree=186
num_leaves=31
num_cat=0
split_feature=38 11 40 19 6 28 57 19 9 3 40 41 44 41 28 36 32 32 14 48 57 47 36 26 44 38 38 6 35 38
split_gain=1.92226 1.28482 2.01802 1.23589 1.09167 0.984459 0.898109 2.59049 1.03454 1.09623 1.9536 1.99481 0.843948 1.21345 0.772715 0.889422 0.648664 0.810965 0.589157 0.551616 0.999154 0.684332 0.825 0.649002 0.692641 0.542196 1.51498 0.516425 0.462299 0.629136
threshold=163.1129464250001 0.93540483100319627 34.380468749791667 1.0000000180025095e-35 17.500000000000004 1003.9500000000002 314.00000000000006 41.500000000000007 144.50000000000003 6377769.5180000011 617.0375372256251 279.95472478932305 32.150000000000013 257.1342189636942 1009.2500000000001 320.68660715000004 340.78035715000004 635.83125000000007 28.550000000000004 19.500000000000004 314.00000000000006 31.500000000000004 240.41785715000003 8.6500000000000004 28.650000000000002 1058.2305804750001 1127.3434523750002 22.500000000000004 509.62857145000004 1001.2850446625001
decision_type=2 2 2 2 2 2 2 2 2 2 2 2 2 2 2 2 2 2 2 2 2 2 2 2 2 2 2 2 2 2
left_child=1 4 18 14 -1 -6 8 -8 12 10 -10 -12 -5 -14 15 25 -11 -18 27 -7 21 22 -21 -23 -25 -2 -27 -3 29 -19
right_child=3 2 -4 6 5 19 7 -9 9 16 11 -13 13 -15 -16 -17 17 28 -20 20 -22 23 -24 24 -26 26 -28 -29 -30 -31
leaf_value=-1.1629178115005785 -0.028064744015806855 -0.012087514669420278 0.14624183279195258 -2.4572499181199889 0.079542998322111036 -0.2891525015762948 0.04388701753983125 -0.0050170664942642404 0.004840082484980985 0.34861154018252144 0.0058301870441973347 0.29644727396195608 0.054977798846957998 -1.3168391824734802 0.041187857390973574 0.16895175775036661 -0.031367814003309742 0.77892772301726798 -0.20163891545153528 0.52422466347214991 -0.55239529016749722 -2.1167421579274528 -0.23302393309210362 0.60464236990471953 -0.0053902875110328173 0.11498663211875292 -0.50169379977828688 0.039828428910256466 -0.031455533113061956 -0.059094422025551423
leaf_weight=323 236 68 25 84 27 261 22 31 36 39 20 22 28 40 23 44 57 36 73 24 106 40 20 40 44 24 45 44 37 22
leaf_count=323 236 68 25 84 27 261 22 31 36 39 20 22 28 40 23 44 57 36 73 24 106 40 20 40 44 24 45 44 37 22
internal_value=-0.000279753 -0.00110959 0.000999999 0.000794326 -0.00161017 -0.000811389 0.00181013 0.00549057 0.00134679 0.00246468 0.00546154 0.00985714 -0.00063158 0.00185294 -0.000500001 -0.000851004 0.00124084 0.000355262 -8.10818e-05 -0.00109346 -0.000153285 0.00128571 0.0045 0.000145161 0.00164286 -0.00142623 0.000913043 0.00128571 0.00205263 0.00372414
internal_weight=1941 1095 210 846 885 562 474 53 421 269 78 42 152 68 372 349 191 152 185 535 274 168 44 124 84 305 69 112 95 58
internal_count=1941 1095 210 846 885 562 474 53 421 269 78 42 152 68 372 349 191 152 185 535 274 168 44 124 84 305 69 112 95 58
is_linear=0
shrinkage=0.03


Tree=187
num_leaves=31
num_cat=0
split_feature=11 3 26 11 40 42 17 17 48 27 26 9 8 35 38 18 38 26 23 18 17 8 47 55 16 26 57 54 54 58
split_gain=2.10703 1.15117 1.36934 1.11571 1.58311 1.00086 0.937935 1.86636 1.26701 0.7788 0.930757 0.683232 1.04983 1.46373 0.666904 0.642756 0.614673 0.561404 0.532878 0.506363 0.578361 0.474395 0.543478 0.4072 0.651365 0.59034 0.304839 0.279233 1.00464 0.238185
threshold=-0.16280825711808986 6363516.2500000009 22.150000000000002 0.93540483100319627 34.380468749791667 253.82589285000003 18.500000000000004 12.500000000000002 52.000000000000007 314.00000000000006 14.050000000000002 141.50000000000003 1.5000000000000002 662.54285715000015 1062.6580357875002 68.000000000000014 574.0040178500002 12.550000000000002 275.00000000000006 49.500000000000007 16.500000000000004 5.5000000000000009 17.500000000000004 250.50000000000003 24.850000000000005 15.450000000000001 292.50000000000006 490.80000000000001 424.35000000000008 1003.9500000000002
decision_type=2 2 2 2 2 2 2 2 2 2 2 2 2 2 2 2 2 2 2 2 2 2 2 2 2 2 2 2 2 2
left_child=1 2 6 11 19 9 7 14 27 18 -11 12 13 17 16 -10 -1 -2 21 20 -5 23 -23 24 25 -3 -18 28 -8 -14
right_child=3 5 -4 4 -6 -7 8 -9 15 10 -12 -13 29 -15 -16 -17 26 -19 -20 -21 -22 22 -24 -25 -26 -27 -28 -29 -30 -31
leaf_value=0.048561972169807364 -2.306157091970352 0.32575571768644401 0.034182967865051976 0.071790601486598812 0.14185457780819402 0.0510642977439957 -0.43103122918972359 0.22339898160814467 0.14205726331652152 -0.19396813306770982 0.11633776784985914 -0.54129710291144084 0.0016704535955027393 0.053015948800456375 0.14425305291992183 0.0040537062881193494 -0.45723426802156614 0.54472469495942277 0.21788654967792334 0.028562835461288693 -0.052429953956342881 0.067119124834666768 -0.014974852730666129 -0.39726392879959438 -0.28087888736588773 -0.015398741442046334 0.02112473160641825 -3.524561026280709 0.03281578865009345 -1.3914949982160576
leaf_weight=20 32 25 22 39 25 35 77 37 21 27 23 644 25 27 39 22 42 25 39 21 125 23 23 237 42 37 20 50 21 96
leaf_count=20 32 25 22 39 25 35 77 37 21 27 23 644 25 27 39 22 42 25 39 21 125 23 23 237 42 37 20 50 21 96
internal_value=-0.000341577 0.000741496 0.00201348 -0.00124363 0.000714285 -0.000181997 0.00155587 0.00326582 0.000141361 -0.000542018 0.003 -0.00172792 -0.000219513 0.00235714 0.00146281 0.00467442 -7.31714e-05 -0.000368422 -0.000957747 -0.000243244 -0.000804879 -0.00129457 0.00156522 -0.00168035 -0.000115385 0.00183871 -0.00154839 -0.00117568 -0.000244899 -0.00200827
internal_weight=1941 882 371 1059 210 511 349 158 191 476 50 849 205 84 121 43 82 57 426 185 164 387 46 341 104 62 62 148 98 121
internal_count=1941 882 371 1059 210 511 349 158 191 476 50 849 205 84 121 43 82 57 426 185 164 387 46 341 104 62 62 148 98 121
is_linear=0
shrinkage=0.03


Tree=188
num_leaves=31
num_cat=0
split_feature=1 6 6 2 10 19 36 18 43 19 31 46 27 1 3 36 19 26 46 27 37 26 27 40 9 32 3 5 46 36
split_gain=1.83537 1.10003 0.949773 2.12211 1.06319 1.0756 0.938285 0.84428 0.81394 1.21815 0.910288 0.726332 1.28009 0.9 0.82996 0.800952 0.876623 2.22643 1.38615 0.98289 0.964846 0.696932 0.644737 0.629762 0.589423 0.5178 1.08889 0.458009 0.407867 0.365753
threshold=610.92857145000005 17.500000000000004 19.500000000000004 5497.4285715000015 -0.47114434510950048 1.5000000000000002 873.19285715000012 14.500000000000002 368.35892860000007 22.500000000000004 688.90803570000014 25.350000000000005 322.50000000000006 4209.9732145000007 6363516.2500000009 82.36875000000002 14.500000000000002 16.050000000000004 24.350000000000005 291.50000000000006 987.0571428500001 10.65 310.50000000000006 956.98038196875007 138.50000000000003 350.39285715000005 6430623.0000000009 22.500000000000004 24.850000000000005 826.04732145000014
decision_type=2 2 2 2 2 2 2 2 2 2 2 2 2 2 2 2 2 2 2 2 2 2 2 2 2 2 2 2 2 2
left_child=1 29 3 22 -4 21 -7 -8 11 10 -10 12 14 -14 15 16 18 -18 20 -20 23 -6 -3 -2 -16 26 -26 -23 -27 -1
right_child=8 2 4 -5 5 6 7 -9 9 -11 -12 -13 13 -15 24 -17 17 -19 19 -21 -22 27 -24 -25 25 28 -28 -29 -30 -31
leaf_value=-0.62402188405250558 -0.48058161383911702 0.28407924557304015 -0.6045692035605672 0.32528056456019522 -0.21946026840367239 -0.0048134825018359686 0.030820988877715675 0.038438351750634057 0.22817143813550619 0.051205615187233725 -0.64405260123288255 -0.39363282782389669 0.18054144824270918 0.09353556499017078 0.044520412740280089 0.43821402700274276 -0.46366810586904683 0.11553041103426537 0.088065456744533005 -0.027681816842081833 0.037049339776585866 -1.3127622193382671 -2.2613008640045305 0.020490989658226492 0.3368932219063997 -0.078480571605274912 -0.0074302066725801278 0.4296303155336253 0.036325103165311852 -0.011773376223219653
leaf_weight=267 120 38 205 26 204 36 24 23 24 21 31 93 20 20 32 20 27 33 29 21 30 22 38 20 30 270 60 20 39 98
leaf_count=267 120 38 205 26 204 36 24 23 24 21 31 93 20 20 32 20 27 33 29 21 30 22 38 20 30 270 60 20 39 98
internal_value=-0.00021793 -0.00111189 -0.000358491 0.00229412 -0.000865169 0.000191489 0.00314458 0.00593617 0.000734042 0.00371053 0.00136364 0.000472222 0.000774318 0.006 0.000488371 0.0017 0.00128571 0.0045 0.00040909 0.0048 -0.000882354 -0.000804879 -0.000236843 -0.00192857 -0.000354989 -0.000669174 0.00133333 0.00271428 -0.00125243 -0.00242466
internal_weight=1941 1001 636 102 534 329 83 47 940 76 55 864 771 40 731 300 280 60 220 50 170 246 76 140 431 399 90 42 309 365
internal_count=1941 1001 636 102 534 329 83 47 940 76 55 864 771 40 731 300 280 60 220 50 170 246 76 140 431 399 90 42 309 365
is_linear=0
shrinkage=0.03


Tree=189
num_leaves=31
num_cat=0
split_feature=11 11 40 1 1 9 5 31 16 26 48 16 42 42 48 23 2 38 57 8 46 26 28 31 16 27 18 17 43 42
split_gain=2.33042 0.956554 1.51992 0.822092 1.20043 0.805538 0.751111 0.689302 0.896485 0.648268 0.732364 0.824632 1.10873 0.631546 0.9 0.728896 0.963992 0.758965 0.662843 0.584475 1.13043 0.568103 0.891746 1.66401 0.556134 0.632814 0.469613 0.513922 0.442951 0.439904
threshold=-0.41248606129204524 0.93540483100319627 34.380468749791667 3717.0625000000005 3226.2857145000003 149.50000000000003 22.500000000000004 152.01875000000004 24.350000000000005 7.0000000000000009 24.500000000000004 24.550000000000004 -1.0000000180025095e-35 300.95625000000007 17.500000000000004 209.50000000000003 1771.8750000000002 848.72276786250029 39.500000000000007 3.5000000000000004 24.750000000000004 17.650000000000002 1004.1500000000002 724.31875000000002 24.550000000000004 314.00000000000006 49.500000000000007 16.500000000000004 -150.35803573500002 -54.16339269999991
decision_type=2 2 2 2 2 2 2 2 2 2 2 2 2 2 2 2 2 2 2 2 2 2 2 2 2 2 2 2 2 2
left_child=3 5 26 4 6 9 -1 -7 -9 -2 11 12 28 15 -15 18 -17 -18 -5 20 -19 -20 -23 -24 -12 -26 27 -3 -11 -25
right_child=1 2 -4 13 -6 7 -8 8 -10 10 24 -13 -14 14 -16 16 17 19 21 -21 -22 22 23 29 25 -27 -28 -29 -30 -31
leaf_value=-0.029301613267389934 -0.71630286626456396 0.068666549805469532 0.13653719840666489 0.11738369466349516 0.14739555969972146 -0.72461647412588415 0.03288657413342487 0.51600317759075287 -0.42226891735086114 -1.0209462219358645 -0.56301464346387697 -0.34074910808228182 0.041111740742292707 0.34785215147598086 0.0048249117837846954 0.062702899358745068 -0.17131709534742584 -1.7160191386704267 -0.026900869512016468 0.2046920583037154 0.10842189748601046 -0.18412228377074646 0.13434264932778994 0.022718723662376632 0.39968548304171653 -0.011387423018169017 0.028059151684146619 -0.037942417449544671 0.011860959098858082 -0.23560217534852845
leaf_weight=25 149 39 25 34 20 346 20 21 37 46 38 222 29 20 20 29 47 26 282 24 23 45 20 46 74 29 21 125 20 39
leaf_count=25 149 39 25 34 20 346 20 21 37 46 38 222 29 20 20 29 47 26 282 24 23 45 20 46 74 29 21 125 20 39
internal_value=-0.000187018 -0.000985259 0.000857142 0.00116667 0.00438461 -0.00136795 0.00166667 -0.00240594 0.000620689 -0.000677101 -0.000117905 -0.000917982 0.00142105 0.000847328 0.0045 0.000609755 0.00243624 0.00125 2.57504e-05 0.00316438 0.00128571 -0.000291667 0.0012 0.00271428 0.00168085 0.00282524 -8.10818e-05 -0.000621952 -0.000727273 0.000882352
internal_weight=1941 1221 210 720 65 1011 45 404 58 607 458 317 95 655 40 615 149 120 466 73 49 432 150 105 141 103 185 164 66 85
internal_count=1941 1221 210 720 65 1011 45 404 58 607 458 317 95 655 40 615 149 120 466 73 49 432 150 105 141 103 185 164 66 85
is_linear=0
shrinkage=0.03


Tree=190
num_leaves=31
num_cat=0
split_feature=11 9 26 1 37 24 3 30 41 11 27 18 41 16 46 42 37 44 15 27 1 11 5 8 28 47 56 48 46 18
split_gain=2.30962 0.853386 0.776559 0.66333 0.941513 0.954684 1.24004 0.834809 0.87188 2.29166 1.0338 0.733816 0.722294 0.729181 0.83194 0.617422 0.585242 0.57774 0.556208 1.15705 0.527288 0.521416 1.18371 0.422828 1.04712 2.00042 1.07143 0.860806 0.640786 0.45
threshold=-0.41248606129204524 149.50000000000003 4.3500000000000005 4693.3928570000007 329.7044643000001 599.60000000000002 6405398.0000000009 620.29910715000017 255.44107604957972 -0.84874750804349197 251.50000000000003 76.500000000000014 310.02323534944156 23.150000000000002 23.350000000000005 -160.51249995000003 856.6142857000001 32.150000000000013 87.500000000000014 312.50000000000006 9281.464285500002 0.93540483100319627 37.500000000000007 1.5000000000000002 1006.6500000000002 24.500000000000004 15.750000000000002 6.5000000000000009 23.850000000000005 36.500000000000007
decision_type=2 2 2 2 2 2 2 2 2 2 2 2 2 2 2 2 2 2 2 2 2 2 2 2 2 2 2 2 2 2
left_child=3 2 -2 4 -1 6 -6 17 9 -9 -11 12 -10 -14 -15 -16 -12 -5 23 -20 -17 -3 -23 24 25 26 -4 28 -25 -27
right_child=1 21 18 7 5 -7 -8 8 11 10 16 -13 13 14 15 20 -18 -19 19 -21 -22 22 -24 27 -26 29 -28 -29 -30 -31
leaf_value=-0.080406457724302688 -1.0082487398128419 -0.49673572161079121 0.33095282193239733 -0.061134005309074188 0.15106320843577561 0.0081036447314282185 0.030692128552434233 0.20686279800750521 -0.072600128546231518 0.013122322042224261 -0.38106468323828946 0.099676515934187845 -0.49046313625180438 0.20828451428169359 0.018060100014171455 0.030826687286073594 0.014377834504248635 0.071714318620104703 0.27498283350900704 -0.16330669212143387 -0.018369660375835824 -0.016690627289432328 0.062787417153658265 0.011954984785342234 -0.58623355563662582 -2.1021582210579042 0.0022725082066822398 0.011205105132505134 -0.66993014236270876 0.20475279430164439
leaf_weight=32 91 404 35 93 23 31 25 28 110 20 71 25 64 27 20 26 20 29 26 24 76 64 24 22 59 40 21 208 163 40
leaf_count=32 91 404 35 93 23 31 25 28 110 20 71 25 64 27 20 26 20 29 26 24 76 64 24 22 59 40 21 208 163 40
internal_value=-0.000264297 -0.00105897 -0.000407408 0.00108333 0.00321622 0.00497468 0.007625 0.000694581 0.00125051 0.00325899 0.00132432 0.000448275 6.50148e-05 0.00108451 0.0022349 0.00118033 -3.29677e-05 -0.00152459 -3.76183e-05 0.003 0.000235293 -0.00202439 6.81811e-05 -0.000295919 0.000846153 0.00229412 0.00664286 -0.000862596 -0.00235135 -0.000750001
internal_weight=1941 1221 729 720 111 79 48 609 487 139 111 348 323 213 149 122 91 122 638 50 102 492 88 588 195 136 56 393 185 80
internal_count=1941 1221 729 720 111 79 48 609 487 139 111 348 323 213 149 122 91 122 638 50 102 492 88 588 195 136 56 393 185 80
is_linear=0
shrinkage=0.03


Tree=191
num_leaves=31
num_cat=0
split_feature=1 43 27 42 9 9 9 20 44 9 4 56 27 28 42 8 46 31 23 54 56 35 53 48 8 47 39 32 5 14
split_gain=2.64801 0.928894 1.23327 1.11468 0.778659 0.670333 0.680305 1.75983 0.749394 0.832881 0.642857 0.594676 0.838713 0.938591 0.599671 0.674431 1.04462 0.959367 0.900291 0.837313 0.764631 0.737612 0.735225 0.567738 0.922266 0.566216 0.604725 0.733963 0.49648 0.543233
threshold=610.92857145000005 368.35892860000007 210.50000000000003 83.570535700000008 149.50000000000003 138.50000000000003 140.50000000000003 6.5000000000000009 28.750000000000004 147.50000000000003 18.500000000000004 5.3500000000000005 312.50000000000006 1006.85 352.31875000000002 4.5000000000000009 23.950000000000003 1012.8687500000002 211.00000000000003 280.55000000000001 20.450000000000003 613.01250000000016 164.50000000000003 40.500000000000007 2.5000000000000004 30.500000000000004 686.94754463750007 963.55000000000007 1.0000000180025095e-35 28.150000000000002
decision_type=2 2 2 2 2 2 2 2 2 2 2 2 2 2 2 2 2 2 2 2 2 2 2 2 2 2 2 2 2 2
left_child=4 11 -3 -4 5 -1 7 10 9 28 -7 -2 14 -14 15 18 20 -18 19 21 22 23 -17 -13 -25 -20 -27 -28 29 -8
right_child=1 2 3 -5 -6 6 8 -9 -10 -11 -12 12 13 -15 -16 16 17 -19 25 -21 -22 -23 -24 24 -26 26 27 -29 -30 -31
leaf_value=-1.6984306948125809 -0.45705991180667649 0.2155484745102037 0.054961567263002852 -1.0819790239730298 -0.17023073942057626 0.23524264932020975 0.23979897905120756 -0.58956609530045079 -0.58845578749638083 0.41258156093463039 0.46206886522157592 -0.039531602023829562 0.12858836476331734 0.033389189662765127 0.04624186756489386 0.072613809221238862 -0.024734730697003542 0.13654216101079034 0.048231228100438242 -0.37611558434290238 0.0088877333764845693 0.11056580738212222 0.03841812898819625 -0.70599518669432726 0.051573928233771042 0.099238521226235235 -0.99806829389634344 0.28749665619557396 -0.04394219907951627 -0.0091953029463108429
leaf_weight=90 66 20 20 36 398 28 21 46 136 56 28 61 26 42 21 21 82 26 22 268 35 34 23 23 21 26 47 20 162 36
leaf_count=90 66 20 20 36 398 28 21 46 136 56 28 61 26 42 21 21 82 26 22 268 35 34 23 23 21 26 47 20 162 36
internal_value=-0.00021793 0.000925531 0.00410526 0.00182143 -0.00129171 -0.000611941 -0.000192983 0.002 -0.000737227 0.000163636 0.00557143 0.000645833 0.00087218 0.00405882 0.000575342 0.000427362 0.00197326 5.55548e-05 -0.000126437 -0.000788699 0.00459494 0.00110072 0.00722727 -0.000142858 0.00245454 0.00221739 0.00119355 -0.000313434 -0.000671234 0.00173684
internal_weight=1941 940 76 56 1001 603 513 102 411 275 56 864 798 68 730 709 187 108 522 407 79 139 44 105 44 115 93 67 219 57
internal_count=1941 940 76 56 1001 603 513 102 411 275 56 864 798 68 730 709 187 108 522 407 79 139 44 105 44 115 93 67 219 57
is_linear=0
shrinkage=0.03


Tree=192
num_leaves=31
num_cat=0
split_feature=38 6 26 27 9 59 3 30 42 43 30 11 6 5 40 8 2 2 3 27 11 1 33 17 27 6 44 56 3 21
split_gain=2.54522 1.00196 1.05221 1.53271 1.32311 1.03001 1.52827 1.5041 1.36921 1.52727 0.985089 0.925653 0.901592 0.884971 1.91478 0.881833 0.78725 0.747595 0.875637 0.839683 0.722307 1.13757 1.02497 0.596492 0.965998 0.729402 0.602923 0.593489 0.853333 0.528852
threshold=163.1129464250001 26.500000000000004 9.7500000000000018 315.50000000000006 142.50000000000003 0.55000000000000016 6438395.6430000011 1008.5285715000001 -31.708035735000035 70.916071450000032 724.31875000000002 0.93540483100319627 17.500000000000004 37.500000000000007 4.2893229166666673 2.5000000000000004 2667.0714285000008 6566.2857145000007 6281600.8570000008 289.50000000000006 -0.58216583101416131 8048.5000000000009 950.34732145000009 7.5000000000000009 314.00000000000006 19.500000000000004 28.750000000000004 7.0000000000000009 6551800.5950000007 309.00000000000006
decision_type=2 2 2 2 2 2 2 2 2 2 2 2 2 2 2 2 2 2 2 2 2 2 2 2 2 2 2 2 2 2
left_child=11 2 29 4 15 6 7 8 10 -10 -6 12 -1 -13 -15 -4 -7 18 -17 -20 21 -8 -23 -14 25 -25 27 -27 -29 -2
right_child=1 -3 3 -5 5 16 20 -9 9 -11 -12 13 23 14 -16 17 -18 -19 19 -21 -22 22 -24 24 -26 26 -28 28 -30 -31
leaf_value=-1.0604184529682295 -0.24689836689840131 -0.036258642511043014 -6.0428345383926585 0.033558886754269934 0.013576499058830677 0.05002670019985702 0.089603907984982967 0.020427554856944218 1.0886397298960602 0.13799500083562186 0.032943437494371827 -0.0032613498599801814 -0.31179848273226607 -0.073957303972858629 0.14621973724401 -0.10385829577435714 -0.47651984868191988 -2.3849444558228403 0.07558004460954533 0.20488085203868434 -0.30922870529072444 0.015969363676339089 -0.60706700060239704 0.16214632339862936 -0.80375470432583229 -0.16183990451029867 -0.023426552077027873 0.030702433468400587 0.72493965430842677 0.034140046269470009
leaf_weight=323 59 208 82 31 33 21 20 43 20 22 21 152 144 23 35 22 41 23 21 24 38 26 31 41 127 59 111 50 30 60
leaf_count=323 59 208 82 31 33 21 20 43 20 22 21 152 144 23 35 22 41 23 21 24 38 26 31 41 127 59 111 50 30 60
internal_value=-0.000264297 0.00097163 0.00156113 0.00214451 0.00173361 0.00288608 0.00373228 0.00584892 0.0079375 0.012 0.00477778 -0.00121918 -0.00164407 0.000571428 0.00372414 -0.000383722 -0.000580646 0.00166667 0.00326866 0.00566667 0.00117391 0.00284416 0.00068421 -0.00091815 -0.000344498 0.000608247 -7.15256e-10 0.00131655 0.003 -0.000983194
internal_weight=1941 846 638 519 488 316 254 139 96 42 54 1095 885 210 58 172 62 90 67 45 115 77 57 562 418 291 250 139 80 119
internal_count=1941 846 638 519 488 316 254 139 96 42 54 1095 885 210 58 172 62 90 67 45 115 77 57 562 418 291 250 139 80 119
is_linear=0
shrinkage=0.03


Tree=193
num_leaves=31
num_cat=0
split_feature=30 57 58 30 51 37 1 36 57 14 4 5 4 42 32 36 46 5 19 31 35 42 44 14 1 36 17 56 37 17
split_gain=2.62433 0.857567 2.61777 0.909256 1.14425 0.799299 0.836783 0.783088 0.72 1.51643 0.683755 0.926669 0.751452 0.664752 0.994934 0.956213 0.577356 0.643752 0.540228 0.537106 0.802287 0.514918 0.491497 0.475419 0.452842 0.432198 0.419303 0.591279 0.366496 0.333207
threshold=71.721428570000015 312.50000000000006 1006.9500000000002 710.55000000000007 370.00000000000006 963.55000000000007 4209.9732145000007 1260.4625000000003 294.50000000000006 32.550000000000004 20.500000000000004 37.500000000000007 21.500000000000004 -122.83333335000002 989.91250000000014 715.48750000000007 24.750000000000004 22.500000000000004 2.5000000000000004 404.08482145000005 942.17857140000012 70.672321400000001 27.950000000000003 32.750000000000007 8093.0000000000009 515.81071430000009 49.500000000000007 9.9500000000000011 992.63571430000013 11.500000000000002
decision_type=2 2 2 2 2 2 2 2 2 2 2 2 2 2 2 2 2 2 2 2 2 2 2 2 2 2 2 2 2 2
left_child=7 3 -3 5 -5 6 19 10 13 -10 18 25 -13 14 -6 16 23 -18 22 21 -21 -2 -1 -15 -4 -12 -24 -28 -25 -27
right_child=1 2 24 4 8 -7 -8 -9 9 -11 11 12 -14 15 -16 -17 17 -19 -20 20 -22 -23 26 28 -26 29 27 -29 -30 -31
leaf_value=0.20277178452562905 -0.030484082063791874 0.039603475109446916 -0.072849548723321528 0.61973096489758706 -0.0082166114363860232 0.074430869338121056 -0.033115810254502893 0.0049022807505333804 -0.02346627537395847 0.22378212094356231 0.0139646720835472 -1.1027053392619892 0.13152522243099019 -1.2216481773959882 0.056302930757710944 0.19024342979702519 0.019242487993127052 -0.35424547924034944 -0.29025485492942071 0.02711880609848661 -0.71641260616462943 0.053125112447114486 -0.15698470737498973 -2.2182168401197235 0.048240363566336125 -0.12842584111874983 -0.96968241592139581 0.45134949340961661 0.023326628236758649 -0.031665744247260319
leaf_weight=42 143 34 53 38 32 35 168 20 29 31 20 20 38 117 25 20 25 22 424 29 20 22 228 28 22 57 25 41 31 102
leaf_count=42 143 34 53 38 32 35 168 20 29 31 20 20 38 117 25 20 25 22 424 29 20 22 228 28 22 57 25 41 31 102
internal_value=-0.000326121 0.000831168 0.00333027 0.000496932 0.00152261 -0.000482015 -0.000879582 -0.00137758 0.000999999 0.004 -0.00149549 -8.86083e-05 0.0032069 0.000399999 0.00331579 -0.000283951 -0.000847534 0.00210638 -0.00193421 0.000364485 0.00312245 -0.000454546 -0.00103572 -0.00163636 0.000199999 -0.00115643 -0.00146939 0.000636363 0.000559321 -0.00167925
internal_weight=1941 924 109 815 398 417 382 1017 360 60 997 237 58 300 57 243 223 47 760 214 49 165 336 176 75 179 294 66 59 159
internal_count=1941 924 109 815 398 417 382 1017 360 60 997 237 58 300 57 243 223 47 760 214 49 165 336 176 75 179 294 66 59 159
is_linear=0
shrinkage=0.03


Tree=194
num_leaves=31
num_cat=0
split_feature=1 37 38 37 27 32 37 44 46 47 27 56 47 56 6 6 10 17 58 49 5 18 3 16 39 39 54 21 46 15
split_gain=2.44089 0.9196 1.55701 1.13294 0.681055 1.56307 0.925612 1.1172 0.89561 0.6987 1.26055 1.66207 0.859524 0.833333 0.670198 0.86019 1.1215 0.661976 0.775624 0.647536 1.0918 0.564813 1.00413 0.557724 0.524919 1.18575 0.448052 0.438312 0.409756 0.393291
threshold=595.90178570000012 958.43928570000014 624.00915178750017 1001.6499999500001 288.50000000000006 989.91250000000014 70.32053571500002 29.250000000000004 23.350000000000005 18.500000000000004 309.50000000000006 14.050000000000002 6.5000000000000009 18.350000000000005 17.500000000000004 20.500000000000004 0.72947329433276253 49.500000000000007 1007.2500000000001 6.5000000000000009 22.500000000000004 27.500000000000004 6346132.7145000007 22.950000000000003 993.67176346250005 1074.1312500625002 210.50000000000003 158.50000000000003 24.350000000000005 85.500000000000014
decision_type=2 2 2 2 2 2 2 2 2 2 2 2 2 2 2 2 2 2 2 2 2 2 2 2 2 2 2 2 2 2
left_child=14 4 -3 -4 6 9 7 -2 23 12 -11 -12 -6 -14 -1 16 19 29 -19 20 -16 -8 -23 -9 -5 -26 27 -24 -21 -17
right_child=1 2 3 24 5 -7 21 8 -10 10 11 -13 13 -15 15 17 -18 18 -20 28 -22 22 26 -25 25 -27 -28 -29 -30 -31
leaf_value=-0.20010235146190386 0.4216650300807202 0.06488796144009934 0.041101333012497958 -0.38456612055751821 -0.0052471388263445606 0.12164624217321472 -0.07952304781514305 -1.2800459549349903 -1.7791492941047842 -2.4302872921991168 -0.25890674285419218 0.15494316946177564 0.018005632742952922 0.24159223653421011 0.41392632115207179 -0.60123685821226935 -2.2291079566175918 -0.29802538317104299 0.036640706767924622 0.0143411350014849 0.39125210045340542 0.022880699824963786 -0.055657371343326101 0.1788499665426577 0.077118908629039418 -0.27183738649116468 -0.53399348003179536 0.059694648335334187 -3.1073071457247243 -0.0015991604199124948
leaf_weight=364 21 23 26 69 30 26 265 20 34 81 59 35 30 24 34 273 40 44 24 20 32 33 22 21 26 33 46 20 21 145
leaf_count=364 21 23 26 69 30 26 265 20 34 81 59 35 30 24 34 273 40 44 24 20 32 33 22 21 26 33 46 20 21 145
internal_value=-0.000279753 0.000813559 0.00276271 0.00167532 0.000363754 0.00152632 -0.000323652 0.0023125 0.000599999 0.000822393 -0.000257144 0.00210638 0.00307143 0.00533333 -0.00131495 -0.000725119 0.00128571 -0.00133333 0.00141176 0.00288785 0.00472727 -0.000979275 0.000719008 0.00358537 0.000515624 0.00259322 -0.000954546 0.00128571 -7.31714e-05 -0.00177991
internal_weight=1941 944 177 154 767 285 482 96 75 259 175 94 84 54 997 633 147 486 68 107 66 386 121 41 128 59 88 42 41 418
internal_count=1941 944 177 154 767 285 482 96 75 259 175 94 84 54 997 633 147 486 68 107 66 386 121 41 128 59 88 42 41 418
is_linear=0
shrinkage=0.03


Tree=195
num_leaves=31
num_cat=0
split_feature=11 11 19 48 48 48 56 32 58 33 57 23 31 38 21 53 42 42 1 12 26 48 47 1 11 14 18 17 16 27
split_gain=2.61581 1.35468 0.915238 1.66577 0.817062 1.26458 0.779853 1.78311 0.912035 1.2207 0.627451 0.562588 0.803786 0.767509 1.51993 0.657778 0.618467 0.616328 0.561984 0.505194 0.44807 0.891267 0.768652 0.436369 0.480237 0.4 0.395062 0.351563 0.404344 0.34812
threshold=-0.16280825711808986 0.93540483100319627 1.5000000000000002 35.500000000000007 1.0000000180025095e-35 11.500000000000002 17.550000000000004 362.47857145000006 1005.35 942.17857140000012 214.50000000000003 215.50000000000003 1100.7142855000004 221.5270089200001 119.50000000000001 223.50000000000003 59.68928585000004 260.34285715000004 8402.5714285000013 0.53946920585801694 7.0000000000000009 24.500000000000004 38.500000000000007 11646.901785000002 -0.98611507088852035 32.150000000000013 1.0000000180025095e-35 49.500000000000007 24.650000000000002 279.50000000000006
decision_type=2 2 2 2 2 2 2 2 2 2 2 2 2 2 2 2 2 2 2 2 2 2 2 2 2 2 2 2 2 2
left_child=6 19 -3 4 -4 -6 11 -8 10 25 -9 13 15 14 16 -13 -1 23 -11 -2 -21 29 -23 -15 -25 -10 -17 -24 -29 -22
right_child=1 2 3 -5 5 -7 7 8 9 18 -12 12 -14 17 -16 26 -18 -19 -20 20 21 22 27 24 -26 -27 -28 28 -30 -31
leaf_value=-0.32819351267591729 -0.67091924714227147 -0.35101539611348509 -0.0431281412189254 0.044673867332005665 0.12762744057065809 -0.0010476727819759412 0.022337966504477991 0.013420935115079382 0.013908099959214257 0.032800198998513608 -0.41523922854556045 0.14948517960212981 0.097559354332467915 -0.029373068375816946 0.32416667398058074 0.053978102336139207 0.054781259233156479 0.15579147489723366 -0.38843325710860321 -0.85670831487934207 -0.77165936004657965 0.3430495849553083 -0.3738554398812623 -0.11995121747257226 1.6264133881258405 0.69130053534964142 -0.1912788699677932 -3.9745287175181652 0.5339189900599014 -0.011241657437172578
leaf_weight=55 338 75 45 24 38 28 37 34 20 30 102 26 24 295 31 27 21 21 39 129 106 22 34 22 24 20 54 21 36 163
leaf_count=55 338 75 45 24 38 28 37 34 20 30 102 26 24 295 31 27 21 21 39 129 106 22 34 22 24 20 54 21 36 163
internal_value=-0.000295209 -0.00130028 0.000857142 0.00233333 0.000783783 0.00290909 0.000911564 0.00221277 0.00128571 0.00333027 -0.000352942 0.000299999 0.00203817 -0.000185502 0.00204673 0.000925233 -0.000236843 -0.000845305 0.000913043 -0.00183392 -0.00123875 -0.000722514 0.00151327 -0.00115249 0.00156522 0.0075 -0.000407408 0.000296703 0.00173684 -0.00166171
internal_weight=1941 1059 210 135 111 66 882 282 245 109 136 600 131 469 107 107 76 362 69 849 511 382 113 341 46 40 81 91 57 269
internal_count=1941 1059 210 135 111 66 882 282 245 109 136 600 131 469 107 107 76 362 69 849 511 382 113 341 46 40 81 91 57 269
is_linear=0
shrinkage=0.03


Tree=196
num_leaves=31
num_cat=0
split_feature=1 11 6 18 40 42 21 37 1 46 28 23 41 41 42 42 42 35 6 6 27 43 43 15 37 44 1 44 57 5
split_gain=2.36473 1.25356 0.808235 0.763479 0.843755 0.707385 0.763032 0.654264 1.19476 1.02758 0.760419 0.711066 2.23475 0.881722 0.746249 0.731383 0.764091 0.681818 0.613385 0.601929 1.00833 0.561055 0.846125 0.5 0.489914 0.946753 0.484053 0.348674 0.452803 0.339285
threshold=595.90178570000012 0.93540483100319627 26.500000000000004 49.500000000000007 28.019345238125002 340.65446449999996 37.500000000000007 322.52410715000002 4659.0000000000009 24.350000000000005 1004.1500000000002 191.00000000000003 257.1342189636942 367.07584504266839 34.040178570000009 -169.67023794999997 -81.540178649999959 719.56250000000011 17.500000000000004 19.500000000000004 310.50000000000006 97.362500000000011 205.36785710000004 61.500000000000007 95.449107145000013 29.650000000000002 9490.6875000000018 28.750000000000004 311.50000000000006 1.0000000180025095e-35
decision_type=2 2 2 2 2 2 2 2 2 2 2 2 2 2 2 2 2 2 2 2 2 2 2 2 2 2 2 2 2 2
left_child=1 18 5 4 -3 6 -2 24 9 17 -10 14 -13 26 15 -12 -17 -9 -1 20 -20 -4 -23 -18 25 -8 -14 28 -21 -26
right_child=2 3 21 -5 -6 -7 7 8 10 -11 11 12 13 -15 -16 16 23 -19 19 27 -22 22 -24 -25 29 -27 -28 -29 -30 -31
leaf_value=-1.4291558183725879 0.34770297621795465 -0.017071173423539754 -0.2295247547497235 0.034552427512778393 0.11522188618813364 0.031401004532639512 0.051687033159165209 -0.013960795882180748 -0.1697842505984094 0.053573359684457943 -0.15712333284799582 0.18380759972957381 -0.17370169911808006 0.043768669103018826 -0.04088683344617608 0.04832309986567275 -0.18018374955065156 0.043748266546270391 0.19652212598156202 -0.0062649328552514634 -1.9781283753585868 0.22365003578353226 -0.27130236253660706 0.24927600963713228 0.028412376713484528 -0.016104072317629888 0.010406287822197574 -0.60775835212600426 -0.75673720072817463 -0.25312101332326747
leaf_weight=287 36 160 131 24 26 22 22 33 56 26 22 33 43 34 76 22 25 22 48 165 32 42 58 25 30 55 39 187 68 92
leaf_count=287 36 160 131 24 26 22 22 33 56 26 22 33 43 34 76 22 25 22 48 165 32 42 58 25 30 55 39 187 68 92
internal_value=-0.000326121 -0.00134504 0.000749999 0.000714285 6.45154e-05 0.00124965 0.00108104 0.000847328 0.00147368 0.00477778 0.000759999 0.00132602 0.00283893 0.00087931 -7.15256e-10 0.00178723 0.00325 0.00245454 -0.00189454 -0.00126 0.001125 -0.000792209 0.000899999 0.0012 -0.00058794 0.00128571 -0.000804879 -0.00171429 -0.000939915 -0.00177049
internal_weight=1941 997 944 210 186 713 691 655 456 81 375 319 149 116 170 94 72 55 787 500 80 231 100 50 199 77 82 420 233 122
internal_count=1941 997 944 210 186 713 691 655 456 81 375 319 149 116 170 94 72 55 787 500 80 231 100 50 199 77 82 420 233 122
is_linear=0
shrinkage=0.03


Tree=197
num_leaves=31
num_cat=0
split_feature=11 57 26 32 58 43 10 11 48 18 28 35 5 49 58 8 3 17 8 21 2 43 49 1 9 17 36 47 49 2
split_gain=3.14999 1.07942 1.39732 1.89442 1.20531 1.21598 1.77778 1.0047 0.931769 0.920095 0.840751 0.910728 0.799165 1.08624 0.710102 0.65416 1.06567 0.630299 0.603193 0.602063 0.634921 0.593965 0.777864 0.677352 0.62069 0.444444 0.339415 0.6905 0.379329 0.477958
threshold=-0.16280825711808986 290.50000000000006 14.65 365.14464285000003 1005.4500000000002 -176.81249999999994 -0.097964660725097186 0.91037613702198772 77.500000000000014 49.500000000000007 1006.0500000000001 662.54285715000015 37.500000000000007 4.5000000000000009 1009.2500000000001 3.5000000000000004 6315797.3750000009 26.500000000000004 3.5000000000000004 210.00000000000003 698.62500000000011 26.570535699999997 1.0000000180025095e-35 10154.991070000002 144.50000000000003 24.500000000000004 1.0000000180025095e-35 19.500000000000004 1.0000000180025095e-35 5339.4375000000009
decision_type=2 2 2 2 2 2 2 2 2 2 2 2 2 2 2 2 2 2 2 2 2 2 2 2 2 2 2 2 2 2
left_child=1 8 14 -4 25 -6 -7 26 10 12 19 15 17 -14 -3 16 -12 18 -9 20 -1 23 24 -17 -23 -5 27 -2 29 -28
right_child=7 2 3 4 5 6 -8 9 -10 -11 11 -13 13 -15 -16 21 -18 -19 -20 -21 -22 22 -24 -25 -26 -27 28 -29 -30 -31
leaf_value=-0.33486098507583567 -0.60328837431242888 -0.039501477302169623 0.035774333744403385 0.04049963531667311 -0.015976471937399216 0.42149183746370866 0.050676506782943338 0.22092145764421586 0.03267885996796057 0.037364234738624144 0.16497956016793736 0.030218039865244333 -0.038254269629627351 0.13786806500065243 0.059949583323243419 0.090030309470795905 -0.029303614051230394 -0.020645357001240892 -0.07479223223886737 -1.4636198936634761 0.26360376990338114 0.026517644568332652 -0.65704978962651073 0.014697467621139744 -0.045742343941411565 -0.56365301813170432 -0.0093452929238016687 0.47701912547842173 -0.63668083660145169 -0.75456782606051032
leaf_weight=20 49 89 36 24 22 20 25 38 33 29 35 21 29 22 24 20 127 96 35 171 36 29 52 21 29 48 162 34 480 85
leaf_count=20 49 89 36 24 22 20 25 38 33 29 35 21 29 22 24 20 127 96 35 171 36 29 52 21 29 48 162 34 480 85
internal_value=-0.000310665 0.0010136 0.00252083 0.0042 0.00261151 0.00550746 0.00833333 -0.0014136 0.000282828 0.000253011 -5.34831e-06 0.000952095 -0.000409092 0.00288235 -7.96467e-05 0.000546325 -0.000777778 -0.00140237 0.000698629 -0.0014141 0.00128571 0.00196689 0.000818181 0.00504878 0.0032069 -8.3334e-05 -0.00192593 -0.000108434 -0.00213343 -0.00117814
internal_weight=1941 882 288 175 139 67 45 1059 594 249 561 334 220 51 113 313 162 169 73 227 56 151 110 41 58 72 810 83 727 247
internal_count=1941 882 288 175 139 67 45 1059 594 249 561 334 220 51 113 313 162 169 73 227 56 151 110 41 58 72 810 83 727 247
is_linear=0
shrinkage=0.03


Tree=198
num_leaves=31
num_cat=0
split_feature=1 57 56 9 53 48 6 6 10 3 49 8 43 9 6 33 23 1 3 38 3 3 35 27 28 36 26 3 28 2
split_gain=2.52219 1.02706 2.1425 1.40675 1.08993 0.762274 0.751149 1.35987 1.46481 1.25303 1.00868 0.650132 1.05129 0.692797 0.675587 0.789833 0.616348 0.694623 0.56642 0.949069 0.593939 0.534865 0.52781 0.835708 0.846564 0.802661 0.546895 0.500024 0.497406 0.534028
threshold=595.90178570000012 312.50000000000006 14.050000000000002 151.50000000000003 155.50000000000003 77.500000000000014 17.500000000000004 20.500000000000004 0.72947329433276253 7130318.0625000009 6.5000000000000009 3.5000000000000004 373.60803570000002 141.50000000000003 26.500000000000004 266.13125000000008 215.50000000000003 9030.0625000000018 6302351.5625000009 594.28593750000016 6390518.0625000009 7238021.4465000005 202.51607145000003 312.50000000000006 1007.7500000000001 609.95000000000016 8.6500000000000004 6297804.0000000009 1004.9500000000002 6163.5000000000009
decision_type=2 2 2 2 2 2 2 2 2 2 2 2 2 2 2 2 2 2 2 2 2 2 2 2 2 2 2 2 2 2
left_child=6 5 4 -4 -3 11 -1 8 9 10 27 13 16 -2 15 -15 28 -18 -17 20 -20 -21 23 24 25 26 -9 -8 29 -13
right_child=1 2 3 -5 -6 -7 7 22 -10 -11 -12 12 -14 14 -16 18 17 -19 19 21 -22 -23 -24 -25 -26 -27 -28 -29 -30 -31
leaf_value=-0.17266848281972394 -9.1702551233208212 -0.34342346433385784 0.073882804286819093 0.0030293908208234685 0.064230890365842577 0.029879229060272367 0.056033709271028305 -0.13425239604256367 -2.0834531918371475 1.285233667321229 -2.2585467238039998 0.043780497765045626 0.16706760225118678 -0.018461911405586257 -0.98532494409532023 0.16743208853668645 0.0036434543529334715 0.13617401019080841 0.10006040032899698 -0.01544988638590233 0.423615077611673 0.10662328650447678 -0.45637383363694867 -0.10507389596458183 0.0870456044257749 -0.13163130715350291 0.58801864493507849 0.36357323956719656 -0.0016867871439256775 -0.39159326540795542
leaf_weight=364 95 47 26 21 20 34 26 27 40 20 32 22 27 70 91 22 25 22 20 99 24 20 224 97 28 76 34 29 238 21
leaf_count=364 95 47 26 21 20 34 26 27 40 20 32 22 27 70 91 22 25 22 20 99 24 20 224 97 28 76 34 29 238 21
internal_value=-0.000202474 0.000908898 0.00357895 0.00848936 0.000134328 0.000542168 -0.00125477 -0.000630332 0.00189796 0.00372897 0.00217241 0.000354271 0.00130986 -0.000414967 0.000208092 0.000999999 0.000841463 0.00402128 0.00202703 0.00141718 0.00518182 2.52094e-05 -0.00139506 -0.000480917 0.000818181 -0.000153285 0.00240984 0.00463636 0.000309608 0.00327907
internal_weight=1941 944 114 47 67 830 997 633 147 107 87 796 355 441 346 255 328 47 185 163 44 119 486 262 165 137 61 55 281 43
internal_count=1941 944 114 47 67 830 997 633 147 107 87 796 355 441 346 255 328 47 185 163 44 119 486 262 165 137 61 55 281 43
is_linear=0
shrinkage=0.03


Tree=199
num_leaves=31
num_cat=0
split_feature=11 11 14 18 16 27 11 11 45 45 31 48 5 37 51 35 37 3 28 3 36 43 41 5 6 6 11 5 3 36
split_gain=1.86878 2.1151 1.47724 1.46385 1.08948 1.74936 1.2344 0.993243 0.873273 1.12744 1.06985 0.990966 1.12687 1.23386 1.4511 1.21905 1.02577 0.884247 0.664592 0.969487 0.657539 0.637943 0.617394 0.569078 0.557068 0.772254 0.917057 0.668182 0.452759 0.622241
threshold=-0.032701564615071434 0.93540483100319627 28.450000000000003 31.500000000000004 25.350000000000005 309.50000000000006 -0.77259657388510616 -0.44228869021900113 69.500000000000014 84.500000000000014 161.45446430000001 1.0000000180025095e-35 1.0000000180025095e-35 424.6419643000001 760.50000000000011 776.64642855000011 645.58660715000008 6392911.9105000012 1008.2500000000001 6331529.0715000005 344.61875000000003 194.16785714500003 282.13686530638756 37.500000000000007 17.500000000000004 20.500000000000004 0.52778511650980109 22.500000000000004 6348568.4285000013 948.81964285000015
decision_type=2 2 2 2 2 2 2 2 2 2 2 2 2 2 2 2 2 2 2 2 2 2 2 2 2 2 2 2 2 2
left_child=4 24 3 28 5 8 -7 -8 11 10 -10 12 16 -14 15 -15 -1 -12 20 -20 -13 -11 -19 -4 -2 26 -26 -28 -3 -30
right_child=1 2 23 -5 -6 6 7 -9 9 21 17 18 13 14 -16 -17 -18 22 19 -21 -22 -23 -24 -25 25 -27 27 -29 29 -31
leaf_value=0.62140621864863477 -1.385757218776031 -0.034693217096355519 -0.05943148399191836 0.042869301519218569 -0.10773021518350154 0.13981902231691798 -0.01023884194077297 0.042878610157033002 0.065920608765882169 -0.11170892079911193 0.047238733659411836 -1.5133781929307888 -0.46118247113477984 0.027931941359582175 -0.0081734891207760653 0.03612985758336773 0.13651187591869246 -0.60510184694002112 0.1340335168379532 -0.0024531437988571498 0.17518896744291457 0.031002915761823666 0.037527561495456045 0.039020940596089675 -0.033247813761428893 -0.21091910188289539 0.36716009031112457 0.033912272229738333 0.36269630935562885 -0.018977561806361936
leaf_weight=27 280 32 70 35 104 30 37 27 27 54 39 188 70 35 71 21 39 36 22 47 29 23 38 27 54 373 27 33 20 26
leaf_count=27 280 32 70 35 104 30 37 27 27 54 39 188 70 35 71 21 39 36 22 47 29 23 38 27 54 373 27 33 20 26
internal_value=-0.000171562 -0.00109621 0.00157143 0.00390265 0.000765559 0.00111628 0.00497872 0.002625 0.000642297 0.00225346 0.00385714 5.46377e-06 0.0013346 0.000197969 0.00196063 0.00557143 0.00472727 0.00257522 -0.00121678 0.00134783 -0.00203226 -0.000662338 0.000648648 -0.00114433 -0.0018266 -0.00121355 0.000947368 0.0035 0.00161538 0.00352174
internal_weight=1941 977 210 113 964 860 94 64 766 217 140 549 263 197 127 56 66 113 286 69 217 77 74 97 767 487 114 60 78 46
internal_count=1941 977 210 113 964 860 94 64 766 217 140 549 263 197 127 56 66 113 286 69 217 77 74 97 767 487 114 60 78 46
is_linear=0
shrinkage=0.03


Tree=200
num_leaves=31
num_cat=0
split_feature=11 11 15 18 23 42 30 37 30 18 50 41 56 20 17 2 15 6 56 6 27 6 56 16 42 6 44 56 22 49
split_gain=1.86628 1.81925 1.48237 2.4358 0.825281 0.750718 0.719639 0.97887 0.841232 0.705266 2.51432 0.638807 0.615892 0.603894 0.599333 0.519865 0.695544 0.516948 0.495154 0.494254 0.81187 0.49 0.533333 0.486397 0.625663 0.640755 0.479182 0.590603 0.468327 0.634003
threshold=-0.032701564615071434 0.93540483100319627 86.500000000000014 31.500000000000004 211.00000000000003 352.31875000000002 509.62857145000004 613.01250000000016 432.15714285000007 36.500000000000007 29.500000000000004 291.7853384487251 22.150000000000002 1.0000000180025095e-35 62.500000000000007 5497.4285715000015 82.500000000000014 17.500000000000004 17.550000000000004 19.500000000000004 310.50000000000006 22.500000000000004 7.9500000000000011 24.350000000000005 -47.50624999999998 23.500000000000004 28.750000000000004 7.0000000000000009 60.000000000000007 42.500000000000007
decision_type=2 2 2 2 2 2 2 2 2 2 2 2 2 2 2 2 2 2 2 2 2 2 2 2 2 2 2 2 2 2
left_child=4 17 15 -4 5 6 7 9 -9 11 14 21 28 -13 -11 -3 -17 -2 -8 20 -19 -1 -23 24 25 -20 27 -21 -6 -30
right_child=1 2 3 -5 12 -7 18 8 -10 10 -12 13 -14 -15 -16 16 -18 19 23 26 -22 22 -24 -25 -26 -27 -28 -29 29 -31
leaf_value=-0.47473755404636714 -1.3441845022127501 -0.17857559435688083 -0.0039677467143608832 0.050960652203030039 0.077005580907493681 0.15032297353497842 -0.022572091112265845 0.016247175032591637 0.076382086856829415 0.021493859663822806 0.12925237034496836 -0.4171784897824824 0.077706088609460877 0.55858561621249136 -0.44936977051348603 0.12718646580287254 -0.35768041497960151 0.18396552621260298 -0.0084477841546943162 -0.17813226753716288 -1.8745790483110918 0.31662781129220585 -0.70520522782352901 0.019228159292132875 -0.025826861826486781 0.035997786731433043 -0.56717980696052117 0.054565473157355222 0.045368128789964317 -1.8755172494038639
leaf_weight=90 280 87 45 29 24 20 252 37 22 38 20 35 20 24 33 25 24 47 34 105 29 20 40 24 79 23 182 124 103 26
leaf_count=90 280 87 45 29 24 20 252 37 22 38 20 35 20 24 33 25 24 47 34 105 29 20 40 24 79 23 182 124 103 26
internal_value=-0.000264297 -0.00118833 0.00128571 0.0047027 0.000672198 0.000261693 0.00011284 0.00109471 0.00462712 0.000399999 0.00260439 -0.000559809 0.00254913 0.00208475 -4.22542e-05 -0.00057353 0.00189796 -0.00186571 -0.000742719 -0.00127515 0.000947368 -0.0016 0.000499999 0.000562499 -0.000132354 0.00226316 -0.00168613 -0.000772926 0.00190196 0.00118605
internal_weight=1941 977 210 74 964 791 771 359 59 300 91 209 173 59 71 136 49 767 412 487 76 150 60 160 136 57 411 229 153 129
internal_count=1941 977 210 74 964 791 771 359 59 300 91 209 173 59 71 136 49 767 412 487 76 150 60 160 136 57 411 229 153 129
is_linear=0
shrinkage=0.03


Tree=201
num_leaves=31
num_cat=0
split_feature=23 42 18 9 18 41 46 3 11 18 9 47 57 44 37 37 3 57 43 43 14 26 31 54 58 33 2 9 24 58
split_gain=1.83966 1.00665 0.919461 1.09528 1.19175 1.6993 0.870735 0.763036 0.862723 0.724765 1.24212 0.649266 0.768632 0.928887 0.875284 1.51732 0.687422 0.662612 0.63088 0.626823 0.625 0.615892 1.15205 0.67886 0.537521 0.494946 0.782534 0.480769 0.425553 0.354979
threshold=211.00000000000003 352.31875000000002 29.500000000000004 139.50000000000003 32.500000000000007 285.36449000222746 25.350000000000005 6348568.4285000013 0.93540483100319627 44.500000000000007 141.50000000000003 26.500000000000004 284.50000000000006 28.450000000000003 455.96785715000004 635.33125000000007 6323211.1875000009 287.50000000000006 144.08779733500006 -245.18214284999996 30.250000000000004 22.150000000000002 1136.1008930000003 483.25000000000006 1005.9500000000002 815.06428575000007 1771.8750000000002 146.50000000000003 763.65000000000009 1006.5500000000001
decision_type=2 2 2 2 2 2 2 2 2 2 2 2 2 2 2 2 2 2 2 2 2 2 2 2 2 2 2 2 2 2
left_child=1 2 11 -4 5 -5 7 9 18 -6 -11 12 13 24 17 -16 -17 -14 -9 -13 -20 22 23 25 -1 26 -2 -26 -15 -19
right_child=21 -3 3 4 6 -7 -8 8 -10 10 -12 19 14 28 15 16 -18 29 20 -21 -22 -23 -24 -25 27 -27 -28 -29 -30 -31
leaf_value=1.2634080372592975 0.17505710742227618 0.14581328432893104 0.096374179909320318 0.092725073312225112 -0.92617732602593505 -0.0073309548287739824 -0.19839013692929727 -0.38953961023331207 0.044889359626726591 -2.3104369783053169 0.070544617196417317 0.10426732009945321 0.68158333573998631 -0.53125632540762946 0.20823069885882001 0.090428544007358239 -0.004111577880141235 -0.52158992106542057 0.027978084688736082 -0.10820201398966647 -0.46511645105432031 0.075374905951179627 0.056002510426276658 -0.017733303294112181 -0.19953814256344643 1.4268188091928886 -0.68191884063124453 0.1848538214291934 0.016236967128102603 -0.011326843567452309
leaf_weight=21 20 20 21 26 22 22 160 149 22 28 30 29 27 300 25 27 70 94 20 437 20 20 21 42 26 23 47 26 41 105
leaf_count=21 20 20 21 26 22 22 160 149 22 28 30 29 27 300 25 27 70 94 20 437 20 20 21 42 26 23 47 26 41 105
internal_value=-0.000403401 -0.000692308 -0.000768879 0.000288461 6.01131e-06 0.0045 -0.000472285 0.000505154 -0.000440759 0.003 0.00475862 -0.00121661 -0.000677166 -0.00155073 0.000362068 0.00240984 0.000711339 -0.000743364 -0.00109524 -0.00209871 0.00225 0.00254913 0.00190196 0.000863636 0.00152055 0.00233333 0.00102985 -0.000115385 -0.00220821 -0.00134171
internal_weight=1941 1768 1748 520 499 48 451 291 211 80 58 1228 762 414 348 122 97 226 189 466 40 173 153 132 73 90 67 52 341 199
internal_count=1941 1768 1748 520 499 48 451 291 211 80 58 1228 762 414 348 122 97 226 189 466 40 173 153 132 73 90 67 52 341 199
is_linear=0
shrinkage=0.03


Tree=202
num_leaves=31
num_cat=0
split_feature=1 36 43 43 46 53 45 28 18 37 9 46 10 27 43 6 9 43 3 2 3 3 41 5 1 41 27 41 10 40
split_gain=1.66693 1.3692 0.857614 2.07237 0.677419 1.3983 1.84139 1.34726 0.657321 0.65625 0.632208 1.1564 0.580645 0.576438 0.757576 0.613588 1.15766 0.789397 0.998394 1.01638 0.847699 0.612332 0.685057 0.593939 0.47662 0.81 0.494794 0.383212 0.366414 0.997308
threshold=595.90178570000012 1257.2196430000001 368.35892860000007 399.29999985000012 25.350000000000005 64.000000000000014 86.500000000000014 1005.7500000000001 21.500000000000004 754.72142855000004 144.50000000000003 25.150000000000002 0.72947329433276253 306.50000000000006 190.87232143000003 26.500000000000004 144.50000000000003 -344.5714286999999 6595772.5000000009 7265.2857145000007 6331529.0715000005 6386244.4285000013 290.56407269502455 22.500000000000004 8525.1250000000018 271.87549080938328 277.50000000000006 202.68631436028673 -0.3520614488341256 4.5811755952708149
decision_type=2 2 2 2 2 2 2 2 2 2 2 2 2 2 2 2 2 2 2 2 2 2 2 2 2 2 2 2 2 2
left_child=1 8 4 -4 5 6 7 -2 -1 -5 11 12 -10 15 23 16 24 -18 19 20 -19 -22 -23 -15 27 -26 -27 -7 -12 -30
right_child=2 -3 3 9 -6 13 -8 -9 10 -11 28 -13 -14 14 -16 -17 17 18 -20 -21 21 22 -24 -25 25 26 -28 -29 29 -31
leaf_value=-0.12046629028664607 0.029782807082322029 0.0057012827414098712 0.63684318811617002 -0.077163351679512923 -0.23850031087166876 0.005116421542320216 -0.58199394317179165 0.10428890967645668 0.30018721157403272 0.052442882029203004 -0.97045712365854375 0.31094243999279114 -3.6265736406027669 0.026077538457787385 -0.0089645239751098265 -0.19381177840456451 0.096562392913805625 0.63861078275186156 -0.051273318251043844 0.028054793510991684 -0.0084433719499491348 -0.023313341545233648 1.3840142449171045 0.1336989328397698 0.13114138285152474 0.080920073665471381 -0.075450538223165553 -1.2940617980436562 -0.14278033529175022 0.022668886553604769
leaf_weight=597 39 23 20 32 93 32 22 20 31 24 62 22 31 24 22 157 41 21 69 20 32 28 23 20 20 27 53 105 211 20
leaf_count=597 39 23 20 32 93 32 22 20 31 24 62 22 31 24 22 157 41 21 69 20 32 28 23 20 20 27 53 105 211 20
internal_value=-0.000248842 -0.00110431 0.00065466 0.00371053 0.000387096 0.000677419 0.00440741 0.00716949 -0.00127515 0.000749999 -0.00029443 0.002 -9.67749e-05 0.000242074 0.00290909 -3.82173e-05 0.000503184 0.002 0.00119689 0.00280645 0.00161538 0.000253011 0.00229412 0.00518182 -0.000974684 0.000599999 -0.000750001 -0.00212409 -0.000952219 -0.000402598
internal_weight=1941 997 944 76 868 775 81 59 974 56 377 84 62 694 66 628 471 234 193 124 104 83 51 44 237 100 80 137 293 231
internal_count=1941 997 944 76 868 775 81 59 974 56 377 84 62 694 66 628 471 234 193 124 104 83 51 44 237 100 80 137 293 231
is_linear=0
shrinkage=0.03


Tree=203
num_leaves=31
num_cat=0
split_feature=11 11 45 41 19 6 16 32 37 18 18 11 41 42 20 3 49 2 36 42 42 15 3 3 58 1 6 32 46 17
split_gain=1.40311 1.84883 1.40802 1.07338 1.01791 1.20007 0.742286 1.08527 1.04554 1.18666 1.25641 0.792546 1.85811 0.802224 0.802328 0.694231 0.669603 0.763398 0.711852 0.663192 0.931464 0.6609 0.570917 0.814595 0.479148 0.648214 0.548847 0.51596 0.32131 0.308059
threshold=-0.032701564615071434 0.93540483100319627 91.500000000000014 11.039731521898657 1.5000000000000002 18.500000000000004 25.350000000000005 455.33571430000006 742.5562500000002 34.500000000000007 68.000000000000014 -0.84874750804349197 239.38885475742759 300.95625000000007 99.500000000000014 6670884.2500000009 1.0000000180025095e-35 6130.0000000000009 165.77142855000002 -122.83333335000002 -169.67023794999997 80.500000000000014 6331529.0715000005 6414403.3125000009 1007.6500000000002 12205.848215000002 24.500000000000004 1243.1750000000002 24.450000000000003 32.500000000000007
decision_type=2 2 2 2 2 2 2 2 2 2 2 2 2 2 2 2 2 2 2 2 2 2 2 2 2 2 2 2 2 2
left_child=6 16 3 -3 -5 -6 7 8 9 22 15 12 -9 14 24 -11 17 18 -2 20 -13 -20 -1 -24 27 26 -26 -14 -25 -8
right_child=1 2 -4 4 5 -7 29 11 -10 10 -12 19 13 -15 -16 -17 -18 -19 21 -21 -22 -23 23 28 25 -27 -28 -29 -30 -31
leaf_value=-0.20573924967469914 0.67523870007889253 -0.1395500117082478 0.038003781792191479 -0.68098470112125253 0.0020583840509963876 0.12035506757900394 0.042330292030295452 0.21367797521151727 0.012197246810899171 0.085527388081982791 -0.37727412682742523 -0.021707321294182347 -0.044983789109538014 0.23186106880216095 1.5175720945443052 0.015304104853302277 -0.52759813301187652 -1.4487728610047841 0.30757612727734041 -0.028606914935955362 0.088792619384306895 -0.11794245279057249 0.49382273158102191 0.0058648945126068422 0.025526813602067336 0.11199925619328091 -0.0087446871453702654 0.28285883562664232 -0.58443614554221057 -0.42716475393497627
leaf_weight=39 31 92 20 35 38 25 20 25 35 32 26 54 141 24 32 20 518 75 40 200 22 103 39 36 23 20 41 20 31 84
leaf_count=39 31 92 20 35 38 25 20 25 35 32 26 54 141 24 32 20 518 75 40 200 22 103 39 36 23 20 41 20 31 84
internal_value=-0.000264297 -0.00106551 0.00142857 0.000631578 0.00281633 0.00509524 0.000547717 0.000837209 0.00246512 0.00170852 0.00469231 0.000139534 0.0011411 0.000488371 3.24903e-05 0.00738461 -0.00174837 -0.00046988 0.000620689 -0.00104348 0.0013421 -0.000272728 0.000103448 0.00124528 -0.000551021 0.00128571 -0.000187501 -0.00150932 -0.000761195 -0.00184615
internal_weight=1941 977 210 190 98 63 964 860 258 223 78 602 326 301 277 52 767 249 174 276 76 143 145 106 245 84 64 161 67 104
internal_count=1941 977 210 190 98 63 964 860 258 223 78 602 326 301 277 52 767 249 174 276 76 143 145 106 245 84 64 161 67 104
is_linear=0
shrinkage=0.03


Tree=204
num_leaves=31
num_cat=0
split_feature=11 11 18 26 32 8 37 35 20 17 11 41 42 57 6 42 42 26 57 57 37 9 55 34 9 6 10 18 41 8
split_gain=1.51198 1.53124 1.52078 0.879377 1.00257 1.20209 1.3431 0.695616 1.16638 0.868637 0.688474 1.89619 0.824957 0.670841 0.641806 0.616545 0.931464 0.584737 0.798473 1.28833 0.552741 0.52722 0.673065 1.85094 0.895952 0.520791 0.793522 0.680162 0.442543 0.517354
threshold=-0.032701564615071434 0.93540483100319627 49.500000000000007 5.3500000000000005 455.33571430000006 1.0000000180025095e-35 742.5562500000002 72.642857140000018 31.500000000000004 18.500000000000004 -0.84874750804349197 239.38885475742759 300.95625000000007 57.500000000000007 17.500000000000004 -122.83333335000002 -169.67023794999997 13.250000000000002 279.50000000000006 261.50000000000006 446.27500000000003 142.50000000000003 935.50000000000011 879.69017855000004 145.50000000000003 20.500000000000004 0.72947329433276253 24.500000000000004 67.326895090339818 3.5000000000000004
decision_type=2 2 2 2 2 2 2 2 2 2 2 2 2 2 2 2 2 2 2 2 2 2 2 2 2 2 2 2 2 2
left_child=3 14 7 -1 5 -5 13 9 -9 -3 11 -6 21 -7 -2 16 -12 18 19 -15 -19 -13 23 24 -23 26 27 -16 29 -27
right_child=1 2 -4 4 10 6 -8 8 -10 -11 15 12 -14 17 25 -17 -18 20 -20 -21 -22 22 -24 -25 -26 28 -28 -29 -30 -31
leaf_value=-0.24626517867250258 -1.281170974027722 0.035593219757479706 0.042126336520158826 0.078777017362637078 0.20726763595517025 0.36734630347210739 0.015659196311315689 -0.0047330514550658542 0.068940798393599609 -0.079446162892946856 -0.021056101655355458 -1.1148629577717524 0.2249052367380974 -0.45349986235559808 0.014561726815749527 -0.027486819268174385 0.086128840802777246 -0.33752423909079715 -0.34690877881233873 0.018959589415705805 0.092086118477537504 0.058195933329272628 -0.41628559874269466 1.6790602947045947 -0.0054415863727918633 0.056489328132337584 -2.223294222935575 0.44590012142026592 -0.43859969130792537 -0.17118165186160728
leaf_weight=74 280 21 24 38 25 20 24 57 21 87 54 75 24 29 57 204 22 76 46 24 20 30 36 21 122 76 36 21 206 91
leaf_count=74 280 21 24 38 25 20 24 57 21 87 54 75 24 29 57 204 22 76 46 24 20 30 36 21 122 76 36 21 206 91
internal_value=-0.000295209 -0.00112692 0.00114286 0.000547717 0.000808988 0.00230686 0.00151883 0.000225806 0.00238461 -0.00133333 0.000132136 0.00105405 0.00040909 0.000767441 -0.00174837 -0.000964286 0.0013421 0.000230769 0.00184848 0.00435849 -0.0014375 -4.22542e-05 0.000732057 0.00150867 0.000355262 -0.00109035 0.00068421 0.00238461 -0.00163271 -0.000485031
internal_weight=1941 977 210 964 890 277 239 186 78 108 613 333 308 215 767 280 76 195 99 53 96 284 209 173 152 487 114 78 373 167
internal_count=1941 977 210 964 890 277 239 186 78 108 613 333 308 215 767 280 76 195 99 53 96 284 209 173 152 487 114 78 373 167
is_linear=0
shrinkage=0.03


Tree=205
num_leaves=31
num_cat=0
split_feature=1 11 18 40 6 56 56 9 27 39 9 3 6 46 39 28 1 3 6 35 23 14 47 6 27 40 8 47 3 46
split_gain=1.64541 1.15598 1.18955 0.772477 0.689984 0.542958 0.854998 0.892986 2.00246 1.68331 0.932336 0.478316 0.686457 0.647101 1.23347 0.765784 0.668745 1.27454 1.15964 0.59962 0.955598 0.504167 0.468098 0.411909 0.875212 0.444101 0.507789 0.58369 0.411106 0.584961
threshold=344.75000000000006 0.93540483100319627 49.500000000000007 34.380468749791667 17.500000000000004 5.3500000000000005 6.8500000000000005 139.50000000000003 306.50000000000006 871.24040180625013 141.50000000000003 6576492.3575000009 26.500000000000004 24.650000000000002 336.99877231875001 1005.7500000000001 9757.3839285000013 6323211.1875000009 23.500000000000004 161.45446430000001 181.00000000000003 28.050000000000004 16.500000000000004 19.500000000000004 310.50000000000006 34.380468749791667 3.5000000000000004 44.500000000000007 6643394.2500000009 23.450000000000003
decision_type=2 2 2 2 2 2 2 2 2 2 2 2 2 2 2 2 2 2 2 2 2 2 2 2 2 2 2 2 2 2
left_child=1 4 3 22 -1 -2 -7 8 9 -8 -9 12 13 14 -12 -15 18 -18 21 20 -14 -16 -3 24 -6 26 27 -25 -13 -30
right_child=5 2 -4 -5 23 6 7 10 -10 -11 11 28 19 15 16 -17 17 -19 -20 -21 -22 -23 -24 25 -26 -27 -28 -29 29 -31
leaf_value=-1.2892179170808562 -0.091960780131327455 0.028512149598164019 0.040862546424554065 0.12885824793799719 0.22062621933136833 0.03550316373765032 -1.2860360925573227 -6.6197692311794949 0.088424753970254816 0.2059990117174309 0.038950790809408165 -0.44250830754001069 0.22591213861679293 0.024724831179328711 0.090489589237354506 -0.018752252941646869 0.39834485820686183 0.0082017886190675227 0.032110448036583125 -0.37358589594584579 -1.2506665974910667 -0.027574802616200784 -0.027936447829781854 0.12045105175369551 -1.739063911671644 -0.39209367775628684 -0.16604620230575906 -0.40895089827181891 0.086668752901495602 -0.005843533225491554
leaf_weight=275 80 43 24 22 46 22 63 75 35 23 21 66 40 31 20 61 26 32 31 69 37 60 121 39 31 213 92 56 43 144
leaf_count=275 80 43 24 22 46 22 63 75 35 23 21 66 40 31 20 61 26 32 31 69 37 60 121 39 31 213 92 56 43 144
internal_value=-0.000372489 -0.00125364 0.000714285 -9.67749e-05 -0.00180319 0.00049336 0.000704115 0.000557582 0.00295041 0.000488371 0.000174602 0.000524228 0.00113551 0.002 0.003 -6.52181e-05 0.00214793 0.00475862 0.000783783 -0.000534247 0.00128571 -0.001125 -0.000804879 -0.00111321 0.000896103 -0.0015 -0.000433156 0.00110526 -0.000509882 0.000208555
internal_weight=1941 962 210 186 752 979 899 877 121 86 756 681 428 282 190 92 169 58 111 146 77 80 164 477 77 400 187 95 253 187
internal_count=1941 962 210 186 752 979 899 877 121 86 756 681 428 282 190 92 169 58 111 146 77 80 164 477 77 400 187 95 253 187
is_linear=0
shrinkage=0.03


Tree=206
num_leaves=31
num_cat=0
split_feature=1 11 9 6 26 31 49 53 57 42 42 30 17 36 51 38 37 26 50 26 17 5 35 14 17 27 14 56 2 1
split_gain=1.64439 0.812644 0.798053 0.728878 0.625153 0.796334 0.842203 0.832139 1.16513 1.05272 1.33636 0.920899 0.78634 0.733677 0.758514 0.846419 0.603571 0.552683 0.515706 0.747201 0.479353 0.509088 0.695544 0.446714 0.433607 0.552148 0.686763 0.670256 0.419048 0.388889
threshold=344.75000000000006 0.91037613702198772 156.50000000000003 17.500000000000004 5.3500000000000005 156.64553570000001 11.500000000000002 154.50000000000003 290.50000000000006 -79.941071300000019 -194.12053570000003 879.69017855000004 40.500000000000007 719.56250000000011 370.00000000000006 668.43415177500015 769.4937500000002 15.950000000000001 37.000000000000007 18.750000000000004 9.5000000000000018 37.500000000000007 72.642857140000018 31.650000000000002 8.5000000000000018 308.50000000000006 29.450000000000003 7.2000000000000002 97.982142855000021 6307.3571425000009
decision_type=2 2 2 2 2 2 2 2 2 2 2 2 2 2 2 2 2 2 2 2 2 2 2 2 2 2 2 2 2 2
left_child=1 3 20 -1 -2 6 12 18 13 10 -10 29 -6 14 -9 23 -13 24 -7 -20 -3 -22 -23 -16 -5 26 27 -26 -8 -11
right_child=4 2 -4 17 5 7 28 8 9 11 -12 16 -14 -15 15 -17 -18 -19 19 -21 21 22 -24 -25 25 -27 -28 -29 -30 -31
leaf_value=-1.3392187973414715 -0.20868741292058557 0.097680346585188677 0.046884863322319933 -0.48188093860060932 0.022306515307993137 -0.030856916697385193 -0.34150643029002004 0.025758828777098588 0.020655505295173817 0.049350450649352298 0.12858927363183462 0.00369901942297779 0.035493009135851572 0.13758550211011641 -0.024492532028503378 -0.034110500399821247 0.20476964706272976 0.00077854677677691934 0.27103215378669682 -0.0034453933468421532 -0.015753831180747201 -0.026182012040688925 0.066513824847196465 0.42263482455261747 -0.10732808574025911 -0.82438111244150714 -1.1350690242181749 0.24439187299250661 0.082180999580501679 -0.016997915282650527
leaf_weight=261 72 28 20 123 38 194 22 40 20 21 24 21 27 26 20 274 24 23 25 46 152 24 25 23 48 104 45 109 20 42
leaf_count=261 72 28 20 123 38 194 22 40 20 21 24 21 27 26 20 274 24 23 25 46 152 24 25 23 48 104 45 109 20 42
internal_value=-0.000341577 -0.00122245 0.000253011 -0.00173773 0.000524003 0.000737596 0.00316822 0.000412499 0.00109346 0.00331579 0.00722727 0.00172222 0.00530769 0.000211488 -0.000142858 -0.00063407 0.005 -0.00100885 -0.000962265 0.00122535 -0.000248909 -0.000761195 0.00189796 0.00327907 -0.00125175 -0.00064706 0.000267326 0.00120382 -0.000142858 -0.000619048
internal_weight=1941 962 249 713 979 907 107 800 535 152 44 108 65 383 357 317 45 452 265 71 229 201 49 43 429 306 202 157 42 63
internal_count=1941 962 249 713 979 907 107 800 535 152 44 108 65 383 357 317 45 452 265 71 229 201 49 43 429 306 202 157 42 63
is_linear=0
shrinkage=0.03


Tree=207
num_leaves=31
num_cat=0
split_feature=1 6 27 8 2 58 46 43 26 30 10 58 17 47 26 14 56 47 27 37 19 8 1 16 11 9 56 30 20 33
split_gain=1.64439 0.740545 0.680264 0.66629 1.58432 1.38013 0.666815 0.819156 0.901338 0.84931 1.05773 1.40244 0.839003 2.48551 0.65394 0.568625 0.899598 0.623446 0.793161 0.717258 0.880159 0.550069 0.821873 0.547916 0.521479 1.15304 0.499033 0.483753 0.481877 0.458104
threshold=344.75000000000006 17.500000000000004 22.500000000000004 2.5000000000000004 6494.0178570000007 1004.35 24.650000000000002 -238.00446428499995 18.450000000000003 1184.6642860000004 -0.5 1007.85 15.500000000000002 47.500000000000007 12.15 29.450000000000003 15.950000000000001 7.5000000000000009 302.50000000000006 242.59285715000001 1.5000000000000002 1.0000000180025095e-35 1557.1339285000001 24.650000000000002 0.91037613702198772 156.50000000000003 8.9500000000000011 870.77857140000015 3.5000000000000004 1126.2321430000002
decision_type=2 2 2 2 2 2 2 2 2 2 2 2 2 2 2 2 2 2 2 2 2 2 2 2 2 2 2 2 2 2
left_child=1 24 -2 21 5 -5 7 -7 9 10 -9 12 -12 -14 -13 16 17 -3 19 20 26 22 -4 -22 -1 -26 -19 -24 -6 -23
right_child=2 15 3 4 28 6 -8 8 -10 -11 11 14 13 -15 -16 -17 -18 18 -20 -21 23 29 27 -25 25 -27 -28 -29 -30 -31
leaf_value=-1.2990422334212273 0.20035587188833215 -0.34196306367960572 0.042951862739698164 0.056454904596302986 -0.53312552174968841 -0.3190930100488869 -0.0013528537522581282 -0.38715508015407235 0.050580519141403234 -2.6959873759135839 0.080390434914507425 -0.026603699780068123 0.24466476824802916 0.013633452048015771 0.44872188454860901 -1.0624629739668476 0.0020480990958824789 -0.034414079406195876 -0.065450219338176102 -1.0803412267706793 0.03148384768011437 -0.01903602162191681 -0.017356878770048823 0.21027860747787808 -0.026625732028499657 0.045478317422650336 0.4059496701560113 0.016177450029321465 0.0022238530057014107 0.26612581269666336
leaf_weight=261 20 112 28 22 92 40 144 22 30 23 34 47 21 25 22 77 20 85 164 32 29 236 79 27 71 20 64 37 37 20
leaf_count=261 20 112 28 22 92 40 144 22 30 23 34 47 21 25 22 77 20 85 164 32 29 236 79 27 71 20 64 37 37 20
internal_value=-0.000341577 -0.00122245 0.000524003 0.000409801 0.00107871 0.00195349 0.00155882 0.00245454 0.00316071 0.00241237 0.00314035 0.00404698 0.00675 0.0093913 0.000913043 -0.000590165 -0.000242027 -0.000485381 6.7331e-05 0.00117721 0.00182927 -0.000525001 0.000958333 0.00503571 -0.00231818 -0.000362638 0.00062416 -0.000155173 -0.00183721 -0.00135938
internal_weight=1941 962 979 959 559 430 408 264 224 194 171 149 80 46 69 610 533 513 401 237 205 400 144 56 352 91 149 116 129 256
internal_count=1941 962 979 959 559 430 408 264 224 194 171 149 80 46 69 610 533 513 401 237 205 400 144 56 352 91 149 116 129 256
is_linear=0
shrinkage=0.03


Tree=208
num_leaves=31
num_cat=0
split_feature=1 49 57 37 35 22 24 44 36 37 37 45 43 33 21 44 56 56 1 42 1 30 43 37 28 26 26 9 19 56
split_gain=1.75972 0.75072 0.749745 1.65649 1.376 0.745871 0.741974 0.7395 0.908226 0.787928 0.941476 0.713172 0.807412 0.702475 0.684384 0.56856 0.688948 1.31688 0.498701 0.462892 0.44971 0.423801 0.417298 0.659974 0.654496 0.413194 0.702056 0.590927 0.521058 0.498701
threshold=344.75000000000006 20.500000000000004 290.50000000000006 383.01607145000008 667.71160715000008 620.00000000000011 579.00000000000011 30.050000000000004 344.61875000000003 989.91250000000014 1045.9026785000003 75.500000000000014 -249.87767854999996 650.92142855000009 255.50000000000003 29.550000000000004 15.950000000000001 19.950000000000003 9859.2500000000018 61.1151786 9281.464285500002 76.585714285000009 161.49285714500004 771.57142855000018 1005.85 3.9500000000000006 5.5500000000000007 149.50000000000003 8.5000000000000018 4.5500000000000007
decision_type=2 2 2 2 2 2 2 2 2 2 2 2 2 2 2 2 2 2 2 2 2 2 2 2 2 2 2 2 2 2
left_child=1 15 7 21 5 6 14 11 9 -9 -11 13 -13 -2 -5 16 25 -18 -10 -16 -7 -4 -14 24 -24 -1 29 28 -28 -27
right_child=2 -3 3 4 -6 20 -8 8 18 10 -12 12 22 -15 19 -17 17 -19 -20 -21 -22 -23 23 -25 -26 26 27 -29 -30 -31
leaf_value=-0.38935152082750707 0.033084561560328442 -0.10502215375957144 0.027696543550725188 -0.33728408356753248 0.030984704546661954 0.26939931187090743 -0.024584180220094919 -0.46826055862158061 -0.23233491471302897 0.43641782539450502 -0.0042678285412980467 0.35434112612179386 -0.012323050270266046 -0.0032079210186755657 0.070152663803022403 -1.0588535042778746 0.023343935914157968 -0.097108521395006156 0.22494599090256143 0.0013876742804425288 0.029282966828851922 -0.19563539202028096 0.056725262945323082 -0.57865702608951963 0.0023600304937951995 -0.029448035419117998 -0.019775660046824992 -0.57608051035209162 0.02105826218373506 0.054043582294785612
leaf_weight=56 24 301 20 23 39 20 40 262 20 22 73 24 107 23 34 78 20 22 22 27 21 99 24 21 34 20 326 78 39 22
leaf_count=56 24 301 20 23 39 20 40 262 20 22 73 24 107 23 34 78 20 22 22 27 21 99 24 21 34 20 326 78 39 22
internal_value=-0.000248842 -0.00116008 0.000646577 0.00182972 0.00347059 0.00227273 0.0011129 6.40237e-05 -0.000744362 -0.00123529 0.00110526 0.00131907 0.000571428 0.00465957 0.00271428 -0.000594554 -0.000272728 0.00342857 0.00342857 0.00437705 0.00578049 -0.000983194 -9.67749e-05 0.00155696 0.0032069 -0.000560075 -0.000278351 -0.000629798 -0.000123288 0.00342857
internal_weight=1941 962 979 323 204 165 124 656 399 357 95 257 210 47 84 661 583 42 42 61 41 119 186 79 58 541 485 443 365 42
internal_count=1941 962 979 323 204 165 124 656 399 357 95 257 210 47 84 661 583 42 42 61 41 119 186 79 58 541 485 443 365 42
is_linear=0
shrinkage=0.03


Tree=209
num_leaves=31
num_cat=0
split_feature=1 11 45 5 35 26 57 37 35 33 23 3 8 26 10 42 31 58 44 6 44 58 10 42 54 43 24 22 38 31
split_gain=1.75972 1.17548 1.10626 0.829907 0.769838 0.683409 0.839962 1.34242 1.27887 0.909356 0.805461 0.94075 0.861295 0.788479 0.749467 1.13016 0.854398 0.70028 1.2964 0.681096 0.6644 0.654703 1.19048 0.624031 0.665686 0.612245 0.456197 0.952778 0.445889 0.417214
threshold=344.75000000000006 0.91037613702198772 91.500000000000014 37.500000000000007 72.642857140000018 5.3500000000000005 290.50000000000006 383.01607145000008 667.71160715000008 674.48214285000006 211.00000000000003 6414403.3125000009 1.5000000000000002 12.15 -0.5 -0.41339289999996248 906.21875000000011 1006.9500000000002 30.450000000000003 17.500000000000004 29.250000000000004 1004.4500000000002 0.72947329433276253 291.99642860000012 39.400000000000006 318.52321430000001 210.50000000000003 23.500000000000004 1104.5341517500003 1166.4571430000003
decision_type=2 2 2 2 2 2 2 2 2 2 2 2 2 2 2 2 2 2 2 2 2 2 2 2 2 2 2 2 2 2
left_child=1 19 3 -3 -5 -2 9 20 14 10 11 12 -7 -12 -9 16 -16 -14 -19 -1 -8 22 -21 24 -11 -17 27 -13 -26 -30
right_child=5 2 -4 4 -6 6 7 8 -10 23 13 26 17 -15 15 25 -18 18 -20 21 -22 -23 -24 -25 28 -27 -28 -29 29 -31
leaf_value=-1.2569203032774738 -0.20254709407870852 -0.010315319585283199 0.028895826909758081 -0.023598311192958923 0.08807305856668915 0.29037889434920955 0.022079816016457216 -0.030180061975943282 0.030055163410262334 1.549966499341044 -0.049828143447963033 -0.024205179274056819 -0.0017607273278444223 0.061879264776070309 0.076751885352493679 -0.0017325631990949748 0.43997184746086077 0.033610218723632401 -0.014189411400243691 0.084311549006016687 -0.40358913021891346 -0.11750774630999306 -2.6936995463493982 0.017612837082180761 -0.077362708713939438 0.035817103793489333 -0.78468160403523768 0.025082105344584479 0.091490420287481736 -0.78689981890858052
leaf_weight=261 72 171 25 25 28 26 21 36 39 22 23 36 51 26 23 49 20 22 32 36 79 389 27 21 224 21 61 20 21 34
leaf_count=261 72 171 25 25 28 26 21 36 39 22 23 36 51 26 23 49 20 22 32 36 79 389 27 21 224 21 61 20 21 34
internal_value=-0.000248842 -0.00116008 0.000614457 -5.35721e-05 0.00322641 0.000646577 0.0008699 0.00220833 0.00370213 0.000247172 0.00144444 0.000749999 0.00249618 0.00495918 0.00243624 0.00363717 0.00746512 0.00128571 0.00366667 -0.0017798 -0.000600001 -0.00107522 0.0017619 -0.000857144 -0.00120598 0.00128571 -0.00120513 0.000749999 -0.00160215 0.000818181
internal_weight=1941 962 249 224 53 979 907 288 188 619 297 248 131 49 149 113 43 105 54 713 100 452 63 322 301 70 117 56 279 55
internal_count=1941 962 249 224 53 979 907 288 188 619 297 248 131 49 149 113 43 105 54 713 100 452 63 322 301 70 117 56 279 55
is_linear=0
shrinkage=0.03


Tree=210
num_leaves=31
num_cat=0
split_feature=1 11 18 6 27 10 14 16 27 58 48 32 35 37 35 33 53 53 57 57 58 3 38 26 16 27 16 31 18 16
split_gain=1.36573 0.983132 0.833932 0.77828 0.695577 0.662628 0.787423 0.63455 1.00735 0.780599 0.773376 1.57826 0.964934 0.9 0.794801 0.854309 0.791806 1.19576 0.7875 1.94042 0.94478 0.737278 0.886774 0.536608 0.669485 0.529711 0.433634 0.686146 0.42939 0.703943
threshold=344.75000000000006 0.91037613702198772 49.500000000000007 17.500000000000004 22.500000000000004 0.032701564615071572 28.250000000000004 25.350000000000005 329.50000000000006 1003.6500000000002 1.0000000180025095e-35 365.14464285000003 280.83571430000006 298.25357145000004 140.54375000000002 674.48214285000006 175.50000000000003 213.00000000000003 279.50000000000006 263.50000000000006 1007.85 6363516.2500000009 606.21227677500008 15.950000000000001 24.350000000000005 281.50000000000006 23.750000000000004 658.6196428500001 27.500000000000004 24.650000000000002
decision_type=2 2 2 2 2 2 2 2 2 2 2 2 2 2 2 2 2 2 2 2 2 2 2 2 2 2 2 2 2 2
left_child=1 3 5 -1 -2 6 -3 8 9 -6 11 13 14 -11 15 18 21 -18 19 28 -21 22 -13 24 -5 -24 -20 -28 -12 -30
right_child=4 2 -4 23 7 -7 -8 -9 -10 10 12 16 -14 -15 -16 -17 17 -19 26 20 -22 -23 25 -25 -26 -27 27 -29 29 -31
leaf_value=-1.2192126941791495 0.17500359511755223 0.10364838571733154 0.046349399824873197 0.035296111595024701 -0.021461739642074575 -0.078740898513914137 -0.00506934441137379 -0.19647074346211216 0.10036140058203699 0.18561791029619751 -1.0099642444548669 0.072614773247806616 -0.48453028347144184 0.029414988607676003 1.3008580702665278 -0.024750860197098101 0.31306892059767222 -0.00077871037088548124 -0.011018752134517163 0.17087652717643853 0.015101077790223308 -0.22724913270714303 -1.3711063917566446 0.0035186617124721899 -0.19037566859497726 0.015205334187349491 -0.013293110188359068 0.16561088055486758 -0.27550648898974306 0.032641395800939201
leaf_weight=261 20 38 29 37 86 94 88 92 30 20 26 20 111 20 23 95 29 37 37 21 22 87 26 23 392 31 64 39 23 20
leaf_count=261 20 38 29 37 86 94 88 92 30 20 26 20 111 20 23 95 29 37 37 21 22 87 26 23 392 31 64 39 23 20
internal_value=-0.000326121 -0.0011289 0.000493975 -0.00169565 0.000462716 -0.000136364 0.00128571 0.000347236 0.000598615 0.000405017 0.000715046 0.002 -6.23772e-06 0.0075 0.000729729 0.000371757 0.00104348 0.00381818 0.00128571 0.00316071 0.00816279 -7.31714e-05 0.00206493 -0.000942479 -0.00118182 0.000157894 -0.000214286 0.000786407 4.34775e-05 0.00188372
internal_weight=1941 962 249 713 979 220 126 959 867 837 751 270 481 40 370 347 230 66 252 112 43 164 77 452 429 57 140 103 69 43
internal_count=1941 962 249 713 979 220 126 959 867 837 751 270 481 40 370 347 230 66 252 112 43 164 77 452 429 57 140 103 69 43
is_linear=0
shrinkage=0.03


Tree=211
num_leaves=31
num_cat=0
split_feature=30 6 6 57 26 8 28 45 56 28 8 41 42 14 37 28 58 45 44 39 4 56 30 56 43 44 54 52 35 17
split_gain=1.262 0.931956 0.949773 1.25982 1.01749 0.689253 1.01295 0.908734 0.882209 0.860003 0.729907 0.664182 0.707219 0.662879 0.631937 0.841671 0.568182 0.537476 0.92694 0.705493 0.450066 0.634921 0.448803 0.445233 0.543478 0.44185 0.40126 0.436364 0.398268 0.38234
threshold=58.764285715000007 17.500000000000004 19.500000000000004 288.50000000000006 12.550000000000002 3.5000000000000004 1004.9500000000002 63.500000000000007 19.450000000000003 1007.7500000000001 5.5000000000000009 235.47822279231414 34.040178570000009 29.750000000000004 110.75000000000001 1005.5500000000001 1006.4500000000002 62.500000000000007 31.850000000000005 960.54174112500016 21.500000000000004 17.950000000000003 327.22857140000002 11.750000000000002 -1.3749999999999998 29.550000000000004 741.80000000000007 745.50000000000011 783.35535715000003 49.500000000000007
decision_type=2 2 2 2 2 2 2 2 2 2 2 2 2 2 2 2 2 2 2 2 2 2 2 2 2 2 2 2 2 2
left_child=1 20 3 -3 -5 14 8 9 -7 10 26 12 -9 -14 15 28 -12 -16 19 22 -1 -22 23 -19 -25 29 -8 -28 -2 -4
right_child=5 2 25 4 -6 6 7 11 -10 -11 16 -13 13 -15 17 -17 -18 18 -20 -21 21 -23 -24 24 -26 -27 27 -29 -30 -31
leaf_value=-0.35509295476576008 0.14308758929316806 0.57460228329592744 -0.031736750602177406 -1.590867689651378 0.31887709388960717 0.024568825548942453 -1.1068697298321997 0.17038394765138243 0.0074071733611080284 0.18739215355046093 0.24694156869731018 -0.042005877815907526 0.0032033819188142672 -0.41841680984755214 -0.07247152739774565 0.044163118197935433 -0.00019746984021359315 -0.52731050969714888 0.025437876416783318 1.1247041398388238 -0.050841060563095272 0.018661656746152219 -0.018012069372369027 -0.014822260758601843 0.15467020940588366 -1.0534987130970503 0.032214084178862401 -0.049359479635899574 -1.6878900901259923 0.035317750979787857
leaf_weight=309 21 28 394 40 34 24 43 36 31 34 22 95 24 42 160 29 22 28 24 24 36 20 168 23 23 75 24 20 23 65
leaf_count=309 21 28 394 40 34 24 43 36 31 34 22 95 24 42 160 29 22 28 24 24 36 20 168 23 23 75 24 20 23 65
internal_value=-0.000310665 -0.00105195 -0.000358491 0.00229412 0.000243243 0.000478723 0.00138849 0.000812154 0.00518182 0.00245454 0.00135114 -0.000563452 0.00111765 -0.000727273 -0.000246655 0.00234247 0.0045 -0.000666667 0.000103448 -0.000406016 -0.00226027 0.000214285 -0.000892563 0.00105405 0.00286956 -0.000865169 -0.00024138 0.00177273 -0.000272728 -0.000516341
internal_weight=1941 1001 636 102 74 940 417 362 55 165 131 197 102 66 523 73 44 450 290 266 365 56 242 74 46 534 87 44 44 459
internal_count=1941 1001 636 102 74 940 417 362 55 165 131 197 102 66 523 73 44 450 290 266 365 56 242 74 46 534 87 44 44 459
is_linear=0
shrinkage=0.03


Tree=212
num_leaves=31
num_cat=0
split_feature=11 11 45 6 57 56 56 16 8 16 32 56 26 21 45 6 6 5 22 21 51 3 33 37 33 5 2 33 14 33
split_gain=1.81092 0.831277 1.70301 0.837341 0.633382 0.649209 0.819947 0.531511 0.525768 1.0655 0.872646 1.08788 0.867594 0.765136 0.867668 0.715211 0.911835 0.808595 0.56 0.680985 0.644183 0.746715 0.788897 0.542056 0.54 0.50149 0.64851 0.488994 0.666337 0.461869
threshold=1.0000000180025095e-35 0.91037613702198772 91.500000000000014 17.500000000000004 22.500000000000004 5.3500000000000005 6.8500000000000005 24.150000000000002 3.5000000000000004 24.650000000000002 168.53125000000003 11.750000000000002 15.750000000000002 322.50000000000006 66.500000000000014 26.500000000000004 25.500000000000004 22.500000000000004 424.00000000000006 508.00000000000006 648.50000000000011 6363516.2500000009 910.72857145000012 455.96785715000004 703.81875000000014 37.500000000000007 5497.4285715000015 910.72857145000012 33.100000000000009 617.91428570000005
decision_type=2 2 2 2 2 2 2 2 2 2 2 2 2 2 2 2 2 2 2 2 2 2 2 2 2 2 2 2 2 2
left_child=4 3 25 -2 -1 -6 -7 -5 10 13 11 -8 -13 -10 18 16 29 -18 19 -15 -20 22 -22 -11 -25 -3 -27 28 -23 -12
right_child=1 2 -4 7 5 6 8 -9 9 23 15 12 -14 14 -16 -17 17 -19 20 -21 21 27 -24 24 -26 26 -28 -29 -30 -31
leaf_value=0.41441750592001142 -1.1782639764868532 -0.0099440864124183004 0.033819054886432026 0.032181419156183617 -0.31775625788986472 0.027913329393281828 -0.36814547711467061 -0.089823490697165012 0.0091320518489448801 -0.47037542227557871 0.0016962891454636014 0.20128703780678656 0.061167701325030403 0.0011278993980454518 -0.85558238200014003 -4.7707742365450976 0.033883788689330258 -0.0014102825354551935 -0.58406514104323271 0.14176512360469465 0.0095096762165385214 0.035744058172481621 0.12818936350926377 0.057119586297774298 -0.033988161745843119 -0.031023558296937894 0.074778608643367703 -0.0065154229160286842 -0.012337628757689767 -0.036607054855578205
leaf_weight=20 259 171 25 30 71 22 25 418 26 58 100 23 20 21 28 82 21 20 22 29 31 21 28 24 25 23 30 50 23 195
leaf_count=20 259 171 25 30 71 22 25 418 26 58 100 23 20 21 28 82 21 20 22 29 31 21 28 24 25 23 30 50 23 195
internal_value=-0.000187018 -0.00111716 0.000373493 -0.00164215 0.000715735 0.000606217 0.000825503 -0.000857144 0.000681192 0.00150777 2.46906e-05 0.00317647 0.00606977 0.00248387 0.00198024 -0.000488039 0.000124999 0.00431707 0.0026 0.0054 0.0018 0.0024902 0.00513559 -0.00103738 0.00128571 -0.000455358 0.00209434 0.000829787 0.00313636 -0.000457628
internal_weight=1941 956 249 707 985 965 894 448 872 386 486 68 43 279 253 418 336 41 225 50 175 153 59 107 49 224 53 94 44 295
internal_count=1941 956 249 707 985 965 894 448 872 386 486 68 43 279 253 418 336 41 225 50 175 153 59 107 49 224 53 94 44 295
is_linear=0
shrinkage=0.03


Tree=213
num_leaves=31
num_cat=0
split_feature=1 19 3 27 57 3 14 26 56 33 42 24 19 37 1 42 18 40 33 37 8 24 32 18 30 30 3 3 48 3
split_gain=1.66373 0.591446 0.64098 1.39943 2.21743 0.821834 0.653069 0.565352 0.954343 0.562238 0.998646 0.868457 1.01308 0.739559 1.35982 0.71433 0.858115 0.728139 0.910763 0.642816 1.15095 0.528763 0.696882 0.529199 0.480237 0.471567 0.45 0.675 0.436487 0.393654
threshold=595.90178570000012 13.500000000000002 6551800.5950000007 277.50000000000006 290.50000000000006 6642431.2770000007 28.150000000000002 5.3500000000000005 6.7000000000000002 674.48214285000006 32.330357150000019 168.80000000000004 94.500000000000014 602.9000000000002 6443.2857145000007 322.36339284999997 1.0000000180025095e-35 922.01028770000005 1032.7062500000002 824.76250000000016 4.5000000000000009 469.80000000000007 635.83125000000007 48.500000000000007 389.65625000000006 848.99285715000008 6564649.5625000009 6359221.2145000007 77.500000000000014 6353144.6160000013
decision_type=2 2 2 2 2 2 2 2 2 2 2 2 2 2 2 2 2 2 2 2 2 2 2 2 2 2 2 2 2 2
left_child=1 2 29 6 -5 -6 -4 -2 -9 10 11 12 -10 26 -15 16 17 19 -19 25 -21 23 -23 -12 -25 -11 27 -13 -18 -1
right_child=7 -3 3 4 5 -7 -8 8 9 15 21 13 -14 14 -16 -17 28 18 -20 20 -22 22 -24 24 -26 -27 -28 -29 -30 -31
leaf_value=-0.0094605783893267608 -0.10381348738170904 -0.061768701538038408 0.2071683607563701 0.27964480644840445 0.1133319879423404 -0.27823189564327067 -0.50530347902754813 0.23009922400614816 0.45350539086102581 -0.41875052866089907 -0.0082302301080537151 -0.21328952162157186 -0.0037269400834061958 0.091127631898114916 0.015047214873328241 0.072964106231383219 -0.14115875512057885 0.15549337624048312 0.0015105971907106333 -1.2683489109225858 0.063598604084051921 0.19814068502741852 -0.0034854416477300698 0.044246836713102138 -0.16319649021155377 0.0038070796421496586 -0.52123848023434538 0.036993113714332858 0.016279407835100679 -0.29422778426821472
leaf_weight=258 65 365 26 34 33 63 117 25 34 68 94 40 22 23 39 22 175 20 37 23 39 22 41 24 22 35 30 20 24 101
leaf_count=258 65 365 26 34 33 63 117 25 34 68 94 40 22 23 39 22 175 20 37 23 39 22 41 24 22 35 30 20 24 101
internal_value=-0.000279753 -0.0011344 -0.000579115 0.000516483 0.00276923 0.000437499 -0.00153147 0.000622881 0.000822525 0.000653395 0.00145255 0.00291346 0.00610714 0.00173684 0.00425806 -8.80368e-05 -0.000363421 0.000918918 0.0038421 -9.09098e-05 0.00232258 -4.43357e-05 0.00223809 -0.00107143 0.00156522 -0.00154369 -7.15256e-10 0.0015 -0.00179397 -0.00141226
internal_weight=1941 997 632 273 130 96 143 944 879 854 411 208 56 152 62 443 421 222 57 165 62 203 63 140 46 103 90 60 199 359
internal_count=1941 997 632 273 130 96 143 944 879 854 411 208 56 152 62 443 421 222 57 165 62 203 63 140 46 103 90 60 199 359
is_linear=0
shrinkage=0.03


Tree=214
num_leaves=31
num_cat=0
split_feature=1 47 47 28 16 6 31 42 59 38 8 26 16 44 54 56 35 48 26 45 10 6 47 28 57 27 44 5 14 57
split_gain=1.66053 0.919694 2.03602 1.59558 1.15152 0.92052 1.13861 0.962971 0.862974 0.565385 0.572575 0.50747 0.6023 0.679337 0.764936 0.697016 1.08129 0.452886 0.512174 0.422178 1.80246 0.624201 0.592115 0.765807 0.554657 0.706928 0.521961 0.688978 0.622241 0.45986
threshold=595.90178570000012 18.500000000000004 15.500000000000002 1006.5500000000001 23.950000000000003 26.500000000000004 815.06428575000007 4.009821450000012 12.550000000000002 1104.5341517500003 5.5000000000000009 5.4500000000000011 23.750000000000004 32.250000000000007 342.35000000000008 14.15 703.81875000000014 5.5000000000000009 13.350000000000003 91.500000000000014 0.35206144883412577 17.500000000000004 6.5000000000000009 1003.9500000000002 302.50000000000006 293.50000000000006 29.550000000000004 37.500000000000007 28.550000000000004 334.00000000000006
decision_type=2 2 2 2 2 2 2 2 2 2 2 2 2 2 2 2 2 2 2 2 2 2 2 2 2 2 2 2 2 2
left_child=19 2 3 9 -4 6 -5 -8 11 10 -2 -3 -13 14 15 17 -17 -14 -19 21 -21 -1 -23 -24 25 26 27 -25 -29 -26
right_child=1 8 4 5 -6 -7 7 -9 -10 -11 -12 12 13 -15 -16 16 -18 18 -20 20 -22 22 23 24 29 -27 -28 28 -30 -31
leaf_value=-0.16089881888994029 -2.2351449993107817 -1.0348384224819227 0.19064000002366568 0.031757483895452104 0.013421738397726559 -0.024626908475571554 0.042882943467790258 -0.031789566081544408 0.013051941930483426 0.073311038487307217 0.0028888534568962286 -0.011689475671364828 -0.31512624024408925 0.044938828849423691 -0.028206591469129773 0.23328286801046005 -0.064473029823034336 0.019054725169994981 -0.96949539737749513 0.033824631697014523 -0.4556776438107813 -0.18207368853453995 0.065644179867363872 -0.0082300991035661672 -0.13140841523182603 0.14285936451170206 -0.69211654639929066 0.042694437497943279 0.34664408684312581 0.031685773560596146
leaf_weight=314 107 58 33 31 24 45 34 26 20 26 23 176 31 41 94 26 23 103 23 26 49 133 22 154 127 45 55 26 20 26
leaf_count=314 107 58 33 31 24 45 34 26 20 26 23 176 31 41 94 26 23 103 23 26 49 133 22 154 127 45 55 26 20 26
internal_value=-0.000310665 0.000591101 0.00181375 0.000801369 0.007 0.00317647 0.00491209 0.0025 -0.000126051 -0.00126923 -0.00207692 -0.000339131 -4.06197e-05 0.000695014 0.000199999 0.0012233 0.00434694 0.000248407 0.00104762 -0.00116449 0.000999999 -0.00134056 -0.000779606 -0.000284211 -0.00054967 0.000199999 -0.000411765 0.000299999 0.00352174 -0.00201961
internal_weight=1941 944 349 292 57 136 91 60 595 156 130 575 517 341 300 206 49 157 126 997 75 922 608 475 453 300 255 200 46 153
internal_count=1941 944 349 292 57 136 91 60 595 156 130 575 517 341 300 206 49 157 126 997 75 922 608 475 453 300 255 200 46 153
is_linear=0
shrinkage=0.03


Tree=215
num_leaves=31
num_cat=0
split_feature=56 27 36 11 44 3 3 28 49 56 21 33 8 34 58 6 2 58 3 9 52 39 33 56 15 43 10 47 1 1
split_gain=1.0866 0.876778 0.857982 1.38341 1.36087 0.911725 1.38318 1.0084 0.861851 0.923614 0.78524 1.36931 0.743066 0.944686 0.860849 0.989429 0.776315 0.851509 0.82323 0.741303 1.12898 0.670654 0.643827 0.655674 0.571033 0.566024 0.578293 0.56091 0.664729 0.609081
threshold=5.3500000000000005 346.00000000000006 63.264285715000007 0.91037613702198772 28.550000000000004 6411832.0715000005 6619372.7500000009 1007.4500000000002 4.5000000000000009 15.850000000000003 48.500000000000007 177.27142855000002 4.5000000000000009 1147.2705355000001 1006.5500000000001 18.500000000000004 6451.0000000000009 1006.2500000000001 6377769.5180000011 147.50000000000003 47.500000000000007 0.90691964287500004 316.67142855000003 14.15 70.500000000000014 -200.21071429999998 -0.9103761370219875 17.500000000000004 9281.464285500002 11694.589285000002
decision_type=2 2 2 2 2 2 2 2 2 2 2 2 2 2 2 2 2 2 2 2 2 2 2 2 2 2 2 2 2 2
left_child=-1 2 10 8 5 7 -7 -5 9 24 11 21 14 16 15 22 17 18 -14 -16 -21 -2 23 -12 -4 26 -24 28 -19 -30
right_child=1 -3 3 4 -6 6 -8 -9 -10 -11 12 -13 13 -15 19 -17 -18 27 -20 20 -22 -23 25 -25 -26 -27 -28 -29 29 -31
leaf_value=-0.063548234449446503 0.16535757753828137 0.04330374020708936 0.105113318320999 -0.021374643748925459 -0.22750834822313024 0.2057905875924721 0.0062341247911250047 0.10260713949819458 -0.81876318171704665 0.004132775562662362 -0.0020735329567074055 0.17521640015050854 0.10958252447786325 0.062184501591654381 0.020780317190768741 -1.7491136566548722 -0.31714509687520598 0.042860389560346171 0.011820380568900734 0.14691333198033632 -0.72907542153973803 -0.0061021600480670526 -0.2656133155839413 0.051779384718693949 -0.34239109284557667 -0.071717748393106448 0.016172160271294568 -0.030182162304866405 -0.072498962046989343 0.072697764783033941
leaf_weight=253 24 24 38 30 82 22 42 21 239 21 27 28 21 27 119 171 47 21 25 22 72 33 23 20 280 81 27 58 22 21
leaf_count=253 24 24 38 30 82 22 42 21 239 21 27 28 21 27 119 171 47 21 25 22 72 33 23 20 280 81 27 58 22 21
internal_value=-0.00021793 5.68713e-05 -2.52411e-05 -0.000754839 0.00141624 0.00352174 0.00590625 0.000529411 -0.00149481 -0.000522125 0.000610798 0.00335294 0.000320895 0.00171074 -0.000277581 -0.00119484 0.00104651 0.002 0.00547826 0.00122535 -0.000765958 0.00068421 0.000370786 0.00338298 -0.000924529 -0.000709924 0.0018 0.000688524 0.002625 0.000488371
internal_weight=1941 1688 1664 775 197 115 64 51 578 339 889 85 804 242 562 349 215 168 46 213 94 57 178 47 318 131 50 122 64 43
internal_count=1941 1688 1664 775 197 115 64 51 578 339 889 85 804 242 562 349 215 168 46 213 94 57 178 47 318 131 50 122 64 43
is_linear=0
shrinkage=0.03


Tree=216
num_leaves=31
num_cat=0
split_feature=55 8 41 39 26 9 45 26 26 56 16 28 1 43 41 43 57 58 39 2 37 18 18 57 54 26 26 3 57 48
split_gain=1.1171 1.03225 1.09104 0.9 0.750828 0.712599 1.28592 1.42941 0.964822 1.38884 0.70796 0.636025 1.10973 0.553748 0.503851 0.56358 0.494118 0.490246 0.938303 0.625 0.485703 0.466146 1.15804 0.482458 0.824859 0.843176 0.902451 0.658688 2.40803 0.574869
threshold=601.50000000000011 4.5000000000000009 248.55869741980896 854.17845981250014 4.3500000000000005 149.50000000000003 86.500000000000014 6.3500000000000005 17.750000000000004 18.750000000000004 23.750000000000004 1006.0500000000001 8402.5714285000013 126.86875000000001 326.18988363030729 139.09107145000004 312.50000000000006 1004.0500000000001 300.24821428125006 4990.3125000000009 72.642857140000018 56.500000000000007 68.000000000000014 299.50000000000006 14.250000000000002 7.8500000000000005 8.8000000000000025 6551800.5950000007 284.50000000000006 8.5000000000000018
decision_type=2 2 2 2 2 2 2 2 2 2 2 2 2 2 2 2 2 2 2 2 2 2 2 2 2 2 2 2 2 2
left_child=4 10 3 -3 -1 6 17 -8 13 -10 20 -12 -13 -7 -4 -16 -9 18 19 -6 -2 23 -23 24 25 -19 -27 29 -29 -28
right_child=1 2 14 -5 5 8 7 16 9 -11 11 12 -14 -15 15 -17 -18 21 -20 -21 -22 22 -24 -25 -26 26 27 28 -30 -31
leaf_value=-0.15309219817302414 0.079211993482072071 0.035002499787727036 -0.25560682267806084 0.080085639352583254 0.098215240080111788 -0.22050241408207943 0.04022998659359843 0.10221446988864351 0.024699069475251176 -0.0015476153696702699 -0.035032850905514293 0.090388587993512209 0.0019412018932437407 0.037436639971774849 0.10317357503969361 -0.00513476948903566 -0.11072712665837924 -0.22280636921164979 -1.0458463479330333 0.017310157046501202 -8.1181125611259795 0.213699824059469 -0.2861788290296115 -0.29115756525535846 -0.015294384417877144 0.079178567734257452 -0.20391547179516678 -0.5082754983068416 0.71439110666035721 0.22481462133149757
leaf_weight=171 40 20 42 20 20 368 34 30 37 129 34 22 39 66 29 21 21 46 37 20 101 40 36 152 219 22 38 26 20 41
leaf_count=171 40 20 42 20 20 368 34 30 37 129 34 22 39 66 29 21 21 46 37 20 101 40 36 152 219 22 38 26 20 41
internal_value=-0.000248842 0.00123913 0.00336364 0.0075 -0.000596949 -0.000368046 0.000216957 0.00370588 -0.00115 0.00079518 5.08467e-05 0.00205263 0.00388525 -0.00189401 0.00156522 0.0036 0.000529411 -0.000196653 0.00206493 0.00525 -0.00129787 -0.000468751 0.00173684 -0.000765958 -0.00023301 0.00119689 0.00230612 0.00132 0.00417391 -0.000341773
internal_weight=1941 368 132 40 1573 1402 802 85 600 166 236 95 61 434 92 50 51 717 77 40 141 640 76 564 412 193 147 125 46 79
internal_count=1941 368 132 40 1573 1402 802 85 600 166 236 95 61 434 92 50 51 717 77 40 141 640 76 564 412 193 147 125 46 79
is_linear=0
shrinkage=0.03


Tree=217
num_leaves=31
num_cat=0
split_feature=53 41 16 38 15 11 45 36 41 2 2 49 39 8 27 26 2 5 5 18 36 10 40 34 32 28 26 20 8 4
split_gain=1.38318 1.10793 0.69765 0.845272 1.27181 0.695378 2.10931 0.917873 0.700909 1.82028 2.04485 0.812479 1.43693 1.29683 0.744614 0.696599 0.68965 0.848663 0.568949 0.800455 0.642207 0.56448 0.556196 1.03081 1.04685 0.558027 0.478688 0.477198 0.707193 0.828355
threshold=154.50000000000003 186.9998344627605 23.750000000000004 687.18348215000026 63.500000000000007 0.91037613702198772 91.500000000000014 193.94821430000002 272.73733998393732 7018.5000000000009 6013.8333335000016 15.500000000000002 144.26696428812502 2.5000000000000004 283.50000000000006 12.350000000000003 5497.4285715000015 37.500000000000007 1.0000000180025095e-35 1.0000000180025095e-35 344.61875000000003 -0.9103761370219875 899.16287202500007 815.06428575000007 1136.1008930000003 1007.7500000000001 19.150000000000002 1.0000000180025095e-35 3.5000000000000004 4.5000000000000009
decision_type=2 2 2 2 2 2 2 2 2 2 2 2 2 2 2 2 2 2 2 2 2 2 2 2 2 2 2 2 2 2
left_child=5 -2 18 4 -4 7 16 8 11 10 21 12 13 15 -15 -1 -7 -18 19 -3 26 -10 23 25 -25 -5 -20 28 29 -9
right_child=1 2 3 22 -6 6 -8 27 9 -11 -12 -13 -14 14 -16 -17 17 -19 20 -21 -22 -23 -24 24 -26 -27 -28 -29 -30 -31
leaf_value=-0.88860125528435152 0.058813535515174258 0.13719575605805351 0.43037877006773168 -0.0091982012874017409 0.0026889343970840887 -0.011413362945340179 0.030258529198885997 0.058186014277518204 -0.19652519959459483 -0.040828470444639879 0.1833656070474052 -0.2904114025467085 -0.17919962889828045 0.20017954701904137 0.32636032423406325 0.19027254984809155 -0.0044042485902994269 0.084003884521508546 -1.0136491581889031 -0.0087795279612946139 0.18767119927977072 0.24830226414087672 -5.5514071355029166 0.0038832705340041906 1.57835838054982 0.0053867455845144265 0.0089030020969792893 -1.0760080125743208 -0.15470265147010481 -1.1137621585661648
leaf_weight=49 36 27 22 79 39 139 25 76 26 144 27 142 108 34 21 21 55 30 115 32 24 29 29 27 20 55 39 216 176 79
leaf_count=49 36 27 22 79 39 139 25 76 26 144 27 142 108 34 21 21 55 30 115 32 24 29 29 27 20 55 39 216 176 79
internal_value=-0.000202474 0.00108088 0.000720472 0.00176015 0.00486885 -0.00070222 0.000734939 -0.00101394 -0.00020466 0.00111504 0.00468293 -0.001 9.0128e-05 0.00228 0.00572727 -0.000428572 -0.000187501 0.00194118 -0.000468355 0.00208475 -0.00131461 0.00136364 0.000857142 0.00147514 0.00529787 0.000134328 -0.00202597 -0.00190311 -0.00118731 0.000290322
internal_weight=1941 544 508 271 61 1397 249 1148 601 226 82 375 233 125 55 70 224 85 237 59 178 55 210 181 47 134 154 547 331 155
internal_count=1941 544 508 271 61 1397 249 1148 601 226 82 375 233 125 55 70 224 85 237 59 178 55 210 181 47 134 154 547 331 155
is_linear=0
shrinkage=0.03


Tree=218
num_leaves=31
num_cat=0
split_feature=38 21 57 57 18 51 45 54 43 43 31 21 10 45 10 6 6 2 44 9 9 5 9 42 37 56 30 56 57 44
split_gain=2.023 1.32213 0.955823 2.05644 0.774235 0.900135 1.80402 0.825087 0.717836 0.815752 0.979592 0.874304 0.692712 0.662038 2.07692 0.99322 1.10481 2.70465 0.732127 0.626407 1.04697 0.617851 0.616928 0.498994 0.637244 0.486532 0.439547 0.436142 0.793847 0.415547
threshold=71.324107143375073 48.500000000000007 312.50000000000006 317.50000000000006 1.0000000180025095e-35 934.50000000000011 57.500000000000007 16.900000000000002 26.570535699999997 -132.28571429999997 589.3214286000001 750.50000000000011 -0.25881904510252113 91.500000000000014 0.35206144883412577 17.500000000000004 19.500000000000004 5497.4285715000015 28.750000000000004 141.50000000000003 143.50000000000003 22.500000000000004 156.50000000000003 6.9875000000000016 906.81875000000014 16.050000000000004 1069.7642860000003 10.400000000000002 304.50000000000006 28.550000000000004
decision_type=2 2 2 2 2 2 2 2 2 2 2 2 2 2 2 2 2 2 2 2 2 2 2 2 2 2 2 2 2 2
left_child=13 -2 4 -4 5 6 -3 -8 9 11 -11 25 22 15 -15 -1 17 -17 27 -14 -21 -5 -6 -22 -25 -9 -26 29 -29 -18
right_child=1 2 3 21 12 -7 7 8 -10 10 -12 -13 19 14 -16 16 18 -19 -20 20 23 -23 -24 24 26 -27 -28 28 -30 -31
leaf_value=-0.15352950952795413 0.091629033392226458 0.079349670646224321 0.19573899563618363 -0.051879294352474875 -1.9494664732006699 -0.43064233588808504 0.01463081920146941 0.0049230882094986007 -0.04366137225888482 0.061404421028553001 0.0095339132293221305 0.17505014612262521 -3.2435268981854142 0.028794563639863848 -0.34278775028098768 -0.0042987143020069302 -9.2848460305915471e-05 0.22573652910690695 -0.27735903677863816 0.13222756396056265 -0.0094599135138169251 0.016454154052873187 0.00066872879509699491 -0.0022889303403417411 0.097681966297282333 -0.20793986382485349 0.085225128738092501 0.37346275850806404 -0.52944961399286417 -0.28911910847067246
leaf_weight=318 34 34 23 32 123 37 26 27 76 21 28 25 58 26 52 79 187 23 199 44 77 36 22 95 20 72 21 39 28 59
leaf_count=318 34 34 23 32 123 37 26 27 76 21 28 25 58 26 52 79 187 23 199 44 77 36 22 95 20 72 21 39 28 59
internal_value=-0.000109738 0.000899033 0.000678929 0.00359341 0.000349875 0.00142196 0.00195146 0.00114545 0.000614457 0.00168208 0.00495918 0.000387096 -0.000456522 -0.0010396 0.00161538 -0.0012618 -0.000557004 0.00229412 -0.001125 0.000333333 0.000968871 0.000970588 -0.00217241 9.85908e-05 0.00119118 -0.000878789 0.00431707 -0.000220448 0.00192537 -0.000804879
internal_weight=1941 931 897 91 806 346 309 275 249 173 49 124 460 1010 78 932 614 102 512 315 257 68 145 213 136 99 41 313 67 246
internal_count=1941 931 897 91 806 346 309 275 249 173 49 124 460 1010 78 932 614 102 512 315 257 68 145 213 136 99 41 313 67 246
is_linear=0
shrinkage=0.03


Tree=219
num_leaves=31
num_cat=0
split_feature=1 11 9 18 32 32 41 27 5 16 6 16 51 30 42 3 10 40 8 3 18 6 10 10 26 8 36 40 58 43
split_gain=1.69224 1.5036 2.13669 1.18028 1.10828 2.10615 1.36018 1.0264 2.07865 2.48242 0.881943 0.828075 0.821368 0.942308 0.751186 0.694917 0.826289 0.825431 0.636102 0.930037 1.47267 0.632642 1.15807 0.664203 0.614109 0.976873 0.728763 0.58509 0.544474 1.08759
threshold=344.75000000000006 0.91037613702198772 156.50000000000003 1.0000000180025095e-35 365.14464285000003 260.79285715000009 186.9998344627605 309.50000000000006 22.500000000000004 24.550000000000004 17.500000000000004 23.350000000000005 934.50000000000011 874.45000000000016 253.82589285000003 6551800.5950000007 0.032701564615071572 16.316443451999994 2.5000000000000004 6348568.4285000013 29.500000000000004 20.500000000000004 0.72947329433276253 0.68322629814330837 4.5500000000000007 5.5000000000000009 373.31785715000007 320.47838542145843 1006.0500000000001 -110.32499999999996
decision_type=2 2 2 2 2 2 2 2 2 2 2 2 2 2 2 2 2 2 2 2 2 2 2 2 2 2 2 2 2 2
left_child=1 10 15 4 5 -2 -6 14 -9 -10 -1 12 13 -8 18 -3 17 -17 -5 20 -20 22 27 -23 -25 26 -26 -12 -13 -30
right_child=3 2 -4 7 6 -7 11 8 9 -11 21 28 -14 -15 -16 16 -18 -19 19 -21 -22 23 -24 24 25 -27 -28 -29 29 -31
leaf_value=-1.0710191275012868 0.0013366034836196829 -0.009920944542448901 0.053316714648316672 -0.39622643458304607 0.051948197201908332 0.32023203240960857 0.030227822313742977 -0.011998737439126517 0.16152387638611371 0.017321612918328819 0.17686002770005904 -0.052375525812468793 -0.58500337549678527 0.90708961788387499 0.127726670335154 0.066653467399525365 -0.045249254649769761 0.0021393681535381175 -0.011626177084199749 -0.0095386660035373244 0.042471840832525101 -0.31514409024481649 -2.0836231423966023 -0.097724263570061351 0.6669604336736874 -0.77958440144362684 0.0074643087856985811 0.021859697781220641 0.11914573738331938 -0.39171351656641695
leaf_weight=261 40 147 20 186 20 25 26 56 25 30 36 95 20 26 36 22 33 27 62 192 30 232 38 44 20 22 27 33 34 76
leaf_count=261 40 147 20 186 20 25 26 56 25 30 36 95 20 26 36 22 33 27 62 192 30 232 38 44 20 22 27 33 34 76
internal_value=-1.70023e-05 -0.000910604 0.00109638 0.000861082 0.00222099 0.00576923 0.00144444 6.32084e-05 0.00267567 0.00681818 -0.0016115 0.000898916 0.00366667 0.00565385 -0.000509882 0.000275108 0.0024878 0.00495918 -0.000829788 6.33796e-05 0.00254348 -0.000809735 0.00120561 -0.00143478 0.000451327 0.00221739 0.00465957 0.00352174 -7.31714e-05 0.00136364
internal_weight=1941 962 249 979 362 65 297 617 111 55 713 277 72 52 506 229 82 49 470 284 92 452 107 345 113 69 47 69 205 110
internal_count=1941 962 249 979 362 65 297 617 111 55 713 277 72 52 506 229 82 49 470 284 92 452 107 345 113 69 47 69 205 110
is_linear=0
shrinkage=0.03


Tree=220
num_leaves=31
num_cat=0
split_feature=56 28 41 3 6 8 2 23 42 57 19 33 56 11 19 11 6 3 19 45 16 34 27 28 10 17 8 10 57 57
split_gain=1.36441 1.87219 1.19653 0.967057 0.971645 0.852564 1.52604 0.747197 1.07474 0.771429 0.573061 1.29307 0.547098 0.690895 1.43964 1.24268 0.718717 0.630088 0.62011 0.977044 0.927389 0.633238 0.731625 1.10834 0.612813 0.588019 0.537063 0.933596 0.502723 0.477813
threshold=17.650000000000002 1005.4500000000002 192.62803308768471 6375597.9465000005 23.500000000000004 4.5000000000000009 6494.0178570000007 229.00000000000003 253.82589285000003 289.50000000000006 9.5000000000000018 952.86875000000009 4.3500000000000005 0.93540483100319627 1.5000000000000002 0.97335555334614954 18.500000000000004 6363516.2500000009 13.500000000000002 86.500000000000014 25.250000000000004 58.021428570000005 305.50000000000006 1006.5500000000001 0.63405362205439497 7.5000000000000009 1.5000000000000002 -0.97335555334614932 292.50000000000006 214.50000000000003
decision_type=2 2 2 2 2 2 2 2 2 2 2 2 2 2 2 2 2 2 2 2 2 2 2 2 2 2 2 2 2 2
left_child=7 5 -3 4 -4 29 -7 8 12 -9 11 -5 -1 17 -15 -16 -17 18 19 20 21 22 23 24 -14 28 27 -19 -23 -2
right_child=1 2 3 10 -6 6 -8 9 -10 -11 -12 -13 13 14 15 16 -18 26 -20 -21 -22 25 -24 -25 -26 -27 -28 -29 -30 -31
leaf_value=-0.14325351771736111 0.0006894080034926302 0.069872211459858669 0.021721567262835691 0.020444395934718623 0.54940800008582147 0.059794231640277667 -0.643175822067928 0.014026907670005969 0.22099427713220721 0.026971618503023532 -0.04314335638263754 -0.25264720464581897 0.082217184990680633 -0.2887498191056434 0.068803304000734505 -0.13508857080115877 0.0094549188062549062 0.26906105173005934 -0.68015780134495374 0.33758909726897329 -0.26712222527528601 -0.0058577047098805554 -0.00036145472654235247 0.22659132510556362 -3.1823266314024559 -0.44782692446205674 -0.31109271264993682 -0.015302951898298747 0.017980932204135047 -0.17209644828831547
leaf_weight=170 85 32 20 22 22 31 37 84 25 21 26 27 22 75 27 21 34 20 55 22 87 62 39 27 24 64 471 156 22 111
leaf_count=170 85 32 20 22 22 31 37 84 25 21 26 27 22 75 27 21 34 20 55 22 87 62 39 27 24 64 471 156 22 111
internal_value=-0.000171562 0.00135835 0.00404698 0.00264102 0.00628571 -0.000159092 0.00273529 -0.000585079 -0.000765285 0.00185714 0.000599999 0.0025102 -0.000875537 -0.000654724 0.00120382 0.00395122 0.00136364 -0.000927172 -2.83026e-05 0.000414633 2.59359e-05 0.000923076 0.002625 0.00439726 0.00156522 -0.000364866 -0.00151623 -0.000102273 0.00128571 -0.00116327
internal_weight=1941 413 149 117 42 264 68 1528 1423 105 75 49 1398 1228 157 82 55 1071 424 369 347 260 112 73 46 148 647 176 84 196
internal_count=1941 413 149 117 42 264 68 1528 1423 105 75 49 1398 1228 157 82 55 1071 424 369 347 260 112 73 46 148 647 176 84 196
is_linear=0
shrinkage=0.03


Tree=221
num_leaves=31
num_cat=0
split_feature=32 21 57 37 32 41 58 11 44 6 5 37 37 1 36 51 53 59 3 11 6 41 2 15 35 26 21 8 26 16
split_gain=1.7912 2.52575 1.12426 1.19474 1.662 1.11964 1.35346 1.0087 1.74448 1.06219 0.89933 0.822614 1.23391 0.957635 0.795099 0.800176 1.15901 0.758752 0.683085 0.596273 0.534553 1.56991 0.517048 0.575065 0.493851 0.659151 0.499057 0.461538 0.752272 0.455269
threshold=256.33482145000005 65.000000000000014 290.50000000000006 263.65982145000004 457.11875000000003 241.57196499926866 1005.1500000000002 0.91037613702198772 27.150000000000002 17.500000000000004 37.500000000000007 924.44285715000012 1039.1839285000003 9722.1250000000018 344.61875000000003 359.50000000000006 126.50000000000001 0.45000000000000007 6343678.5000000009 0.97335555334614954 19.500000000000004 156.4577280086915 5497.4285715000015 82.500000000000014 2.7142857145000003 16.250000000000004 272.50000000000006 5.5000000000000009 5.4500000000000011 24.650000000000002
decision_type=2 2 2 2 2 2 2 2 2 2 2 2 2 2 2 2 2 2 2 2 2 2 2 2 2 2 2 2 2 2
left_child=7 -2 11 -4 -5 6 -6 9 19 -1 -7 14 13 -13 15 16 -3 -18 -14 -9 21 -11 -10 -24 26 -26 27 28 -22 -30
right_child=1 2 3 4 5 10 -8 8 22 20 -12 12 18 -15 -16 -17 17 -19 -20 -21 24 -23 23 -25 25 -27 -28 -29 29 -31
leaf_value=-0.87687438674625517 0.43684463550041741 -0.30419223980785087 -0.97904783538804996 0.027196521606728689 0.012695677157144222 -0.014901902500029639 0.077521798786728907 0.028945303442284402 -0.064013012185932416 -0.0085057753298799672 0.029346248490210652 0.19808702594415012 0.020928552012073474 0.049873022801711277 0.082820801417620438 -0.66478795858429851 0.53193326619950254 -0.019352081628907471 -0.033436796979064071 0.0069733368849158595 -0.11730827051745969 0.17237183832502032 0.070244843424033448 -0.002405913834694972 -0.38317701384195046 0.0043799005727370019 0.17802711516704828 -0.70769153720516664 -0.0029270920534545555 0.20013269965649944
leaf_weight=336 21 47 30 27 27 79 23 21 124 67 30 30 26 28 38 232 29 21 72 25 73 34 31 48 202 28 20 50 42 80
leaf_count=336 21 47 30 27 27 79 23 21 124 67 30 30 26 28 38 232 29 21 72 25 73 34 31 48 202 28 20 50 42 80
internal_value=-0.000109738 0.00102632 0.000734776 0.00255555 0.00345161 0.00228302 0.006 -0.000840814 0.000855421 -0.00129399 0.000577981 -1.72091e-05 0.00180769 0.00527586 -0.000792916 -0.00126748 0.00102062 0.0042 -0.000244899 0.00613043 -0.000533558 0.00145544 -0.000339902 0.00155696 -0.000939395 -0.00195652 -5.66045e-05 -0.000428572 0.000230769 0.00167213
internal_weight=1941 760 739 216 186 159 50 1181 249 932 109 523 156 58 367 329 97 50 98 46 596 101 203 79 495 230 265 245 195 122
internal_count=1941 760 739 216 186 159 50 1181 249 932 109 523 156 58 367 329 97 50 98 46 596 101 203 79 495 230 265 245 195 122
is_linear=0
shrinkage=0.03


Tree=222
num_leaves=31
num_cat=0
split_feature=38 11 45 6 3 35 17 9 42 3 24 52 41 41 6 27 17 32 3 33 23 34 8 33 5 37 44 2 48 8
split_gain=1.32511 1.34637 1.46165 1.28113 0.962652 0.943401 1.48236 0.863537 0.869941 1.00342 0.975041 1.19686 0.815359 0.86037 0.799057 1.00695 0.792391 0.758642 0.739324 0.657027 0.632426 0.990797 0.781005 0.827663 1.10885 0.553206 0.48169 0.529359 0.486864 0.530086
threshold=68.50825892875001 0.93540483100319627 91.500000000000014 17.500000000000004 6438395.6430000011 72.642857140000018 57.500000000000007 137.50000000000003 -9.175892849999995 6313702.5715000005 382.85000000000008 424.00000000000006 325.17117887485921 199.45479814150647 19.500000000000004 307.50000000000006 69.500000000000014 1211.8696430000002 6249207.6250000009 833.9312500000002 226.00000000000003 607.38125000000014 4.5000000000000009 724.31875000000002 22.500000000000004 870.77857140000015 28.950000000000003 8019.8125000000009 16.500000000000004 5.5000000000000009
decision_type=2 2 2 2 2 2 2 2 2 2 2 2 2 2 2 2 2 2 2 2 2 2 2 2 2 2 2 2 2 2
left_child=1 3 5 -1 7 -3 -7 -2 12 18 -11 -12 13 -9 15 -5 25 20 -10 -13 22 -22 -6 24 -24 -14 27 28 -16 -30
right_child=4 2 -4 14 17 6 -8 8 9 10 11 19 16 -15 26 -17 -18 -19 -20 -21 21 -23 23 -25 -26 -27 -28 -29 29 -31
leaf_value=-0.84915181729877531 0.031306214285088604 -0.047166938176410614 0.030123715990744499 0.20963027044038296 -0.15974537200166153 -0.00031910163568333179 0.035564291858193361 0.034679068534110451 0.1368255966072896 0.020275293432374115 0.17971790710436231 -0.035103423796257346 -0.0096688550216874405 -0.22699191743772695 -0.27564350107499219 -0.80354526935215032 0.12882977917215366 0.20356645610227522 -0.0069726157401111882 0.034974570545782346 0.29102360669707089 -0.0028714616964335025 -0.10515509196604714 -0.037898068333102851 0.030340737085994315 0.027177760406130021 -0.85249348664836633 0.0070380590359325384 0.003595361830731537 -0.68837873983314068
leaf_weight=291 28 109 20 43 214 56 25 20 27 90 21 20 41 141 73 37 20 23 97 23 20 31 26 39 24 31 110 42 154 45
leaf_count=291 28 109 20 43 214 56 25 20 27 90 21 20 41 141 73 37 20 23 97 23 20 31 26 39 24 31 110 42 154 45
internal_value=-9.4282e-05 -0.000850747 0.00128571 -0.0014151 0.000717948 0.000473683 0.00292593 0.00150805 0.00123729 0.00239568 0.00401299 0.00684375 -3.55738e-05 -0.00132298 -0.000500001 0.00225 0.00221739 -0.000453582 0.000387096 0.00397674 -0.000796611 0.00229412 -0.00131683 0.00104494 0.0036 0.000749999 -0.00101887 -0.000420383 -0.000904412 -0.000135679
internal_weight=1941 1005 210 795 936 190 81 559 531 278 154 64 253 161 504 80 92 377 124 43 354 51 303 89 50 72 424 314 272 199
internal_count=1941 1005 210 795 936 190 81 559 531 278 154 64 253 161 504 80 92 377 124 43 354 51 303 89 50 72 424 314 272 199
is_linear=0
shrinkage=0.03


Tree=223
num_leaves=31
num_cat=0
split_feature=30 43 42 9 4 9 49 6 34 35 37 40 2 26 27 37 3 54 38 40 9 46 14 3 3 3 44 26 3 6
split_gain=1.47057 0.938288 0.951809 1.08788 0.92906 1.22622 0.982743 0.751033 0.663049 1.14405 1.225 0.77294 0.626015 0.586462 1.03765 1.20454 0.847085 0.963378 1.07492 1.07181 0.771426 0.710325 0.580645 0.566842 0.656671 0.499512 0.495575 0.800498 1.30731 0.758698
threshold=57.48125000000001 368.35892860000007 113.07410715000005 150.50000000000003 21.500000000000004 149.50000000000003 3.5000000000000004 17.500000000000004 1160.0785715000004 635.83125000000007 622.06428570000014 838.10141369375003 6049.6071430000011 9.4500000000000011 306.50000000000006 395.94910715000003 6435970.4285000013 582.30000000000007 1114.6629464500004 673.10022319583345 141.50000000000003 25.050000000000004 28.450000000000003 6341234.6250000009 6397828.7855000012 6387416.8750000009 29.550000000000004 12.550000000000002 6587709.6785000013 27.500000000000004
decision_type=2 2 2 2 2 2 2 2 2 2 2 2 2 2 2 2 2 2 2 2 2 2 2 2 2 2 2 2 2 2
left_child=4 8 -3 -4 5 7 -6 -1 11 -10 -11 13 -8 25 16 -16 17 19 -19 20 -15 23 -14 -22 -25 -2 27 29 -29 -9
right_child=1 2 3 -5 6 -7 12 26 9 10 -12 -13 22 14 15 -17 -18 18 -20 -21 21 -23 -24 24 -26 -27 -28 28 -30 -31
leaf_value=-1.0143483651902323 -0.025674987896944956 0.20816437327124418 -1.4560830697829321 0.13556170962661163 -0.29725858553301981 -0.2075877920307089 0.041376802692169819 -0.012641775674589352 -0.021516456492311195 0.0010975695267440696 0.067788073990493317 -0.26092904744694678 0.05050521067124223 -2.2263191044432631 -0.034502802871132408 0.055212914077533912 -0.010338802825847787 -0.038185982279050956 0.69395882078730831 0.35496444906981239 0.08363661957778197 -0.54392356490808913 -0.014317872782509181 -0.016067847318819946 0.017738069170288164 0.0028834955413208248 -0.73563360699483993 0.0077862837078859727 0.36764549256249285 0.28615922744655842
leaf_weight=74 74 29 24 23 70 334 26 297 30 20 20 136 31 22 23 37 178 91 20 32 31 22 31 32 22 78 38 44 25 27
leaf_count=74 74 29 24 23 70 334 26 297 30 20 20 136 31 22 23 37 178 91 20 32 31 22 31 32 22 78 38 44 25 27
internal_value=6.02775e-05 0.000908898 0.00410526 0.00146808 -0.00074323 -0.00114064 0.00136709 -0.000207922 0.000629032 0.00342857 0.00675 0.000383458 0.00347727 0.000806646 0.00129412 0.005 0.000799999 0.00185294 -0.000297298 0.0033354 0.00211628 0.00316822 0.00183871 0.00441176 0.00255555 -0.000828948 0.000271461 0.000587786 0.00352174 -3.70378e-05
internal_weight=1941 944 76 47 997 839 158 505 868 70 40 798 88 662 510 60 450 272 111 161 129 107 62 85 54 152 431 393 69 324
internal_count=1941 944 76 47 997 839 158 505 868 70 40 798 88 662 510 60 450 272 111 161 129 107 62 85 54 152 431 393 69 324
is_linear=0
shrinkage=0.03


Tree=224
num_leaves=31
num_cat=0
split_feature=1 11 12 43 6 6 10 46 38 37 58 45 45 36 37 43 23 57 33 40 57 24 28 40 3 28 10 11 10 48
split_gain=1.7555 1.3345 1.60283 0.801063 0.77828 0.718727 1.15807 0.654356 0.929074 1.60365 0.869953 0.690196 1.48765 0.686976 0.803029 1.41371 1.43761 0.618607 0.587778 0.58509 0.565237 1.16124 0.529681 0.608858 0.487464 0.470868 0.911247 0.465222 0.436526 0.429488
threshold=344.75000000000006 0.91037613702198772 0.43442111757849838 450.44285715000012 17.500000000000004 20.500000000000004 0.72947329433276253 25.350000000000005 221.5270089200001 329.7044643000001 1009.0500000000001 86.500000000000014 76.500000000000014 719.56250000000011 906.81875000000014 -86.894642849999983 168.50000000000003 166.50000000000003 906.21875000000011 320.47838542145843 287.50000000000006 715.25000000000011 1007.7500000000001 9.9206473222916696 6400478.3750000009 1005.5500000000001 0.032701564615071572 -0.99465189230620688 0.68322629814330837 65.000000000000014
decision_type=2 2 2 2 2 2 2 2 2 2 2 2 2 2 2 2 2 2 2 2 2 2 2 2 2 2 2 2 2 2
left_child=1 4 -3 7 -1 6 19 8 9 11 13 12 24 14 17 16 -16 -10 -18 -6 29 -22 25 -24 -2 26 -4 -17 -7 -19
right_child=3 2 22 -5 5 28 -8 -9 10 -11 -12 -13 -14 -15 15 27 18 20 -20 -21 21 -23 23 -25 -26 -27 -28 -29 -30 -31
leaf_value=-0.97844926747327532 -0.032125433698541664 0.049477929300092295 0.78963435655478131 0.028737861266591083 0.17203328531442472 -0.28215756335283015 -1.9991142879824921 -0.08703869617173593 0.041716632305579697 0.045017442225583112 0.015272655675935791 -0.26651290541372791 0.15892244701397132 0.13095830016759155 0.19838265452283382 0.22828404091611301 -0.2322425382388803 -0.93453149796806068 0.10231357677496539 0.0033888640006397592 -0.0020620675445531269 0.069486659768832545 0.082528327641687396 0.0015105705914609242 0.01910266541740124 -0.035469826727601128 -0.16183767521474535 -0.019035214542361237 -0.0092361002832748746 0.0070167224791677094
leaf_weight=261 31 20 23 32 36 232 38 107 40 22 38 22 21 21 20 23 20 230 25 33 167 21 22 37 28 119 28 87 113 24
leaf_count=261 31 20 23 32 36 232 38 107 40 22 38 22 21 21 20 23 20 230 25 33 167 21 22 37 28 119 28 87 113 24
internal_value=-0.000125194 -0.00103534 0.000855421 0.000769151 -0.00169565 -0.000942479 0.00120561 0.000611404 0.000892856 0.00329032 0.000477653 0.00170588 0.003 0.000230088 5.936e-05 0.0018 0.00530769 -0.000572615 0.00233333 0.00352174 -0.000895928 0.000351063 0.000144104 0.00259322 0.000559321 -0.000705883 0.00170588 -0.000272728 -0.0016087 -0.0018189
internal_weight=1941 962 249 979 713 452 107 947 840 124 716 102 80 678 657 175 65 482 45 69 442 188 229 59 59 170 51 110 345 254
internal_count=1941 962 249 979 713 452 107 947 840 124 716 102 80 678 657 175 65 482 45 69 442 188 229 59 59 170 51 110 345 254
is_linear=0
shrinkage=0.03


Tree=225
num_leaves=31
num_cat=0
split_feature=1 20 43 11 44 8 2 11 36 26 46 58 51 9 26 34 35 28 19 34 43 43 5 38 31 8 6 21 47 5
split_gain=1.94003 0.835593 0.780168 0.64802 1.66873 0.811006 0.773336 0.734411 1.40435 1.30662 0.532129 0.706557 0.839431 0.959549 2.00314 0.654136 1.07609 0.558442 0.537313 0.68837 0.863407 1.61311 0.796744 0.645234 1.08603 0.632218 0.60357 0.545905 0.509528 0.502729
threshold=344.75000000000006 63.000000000000007 450.44285715000012 0.91037613702198772 27.150000000000002 2.5000000000000004 8460.9285715000024 0.58216583101416119 728.71875000000011 9.8500000000000032 25.350000000000005 1009.0500000000001 146.50000000000003 154.50000000000003 11.65 1160.0785715000004 715.48750000000007 1003.6500000000002 1.0000000180025095e-35 1019.2357145000002 -112.35089284999997 -154.43928569999997 22.500000000000004 679.34531250000009 824.84375000000011 3.5000000000000004 22.500000000000004 884.50000000000011 32.500000000000007 22.500000000000004
decision_type=2 2 2 2 2 2 2 2 2 2 2 2 2 2 2 2 2 2 2 2 2 2 2 2 2 2 2 2 2 2
left_child=1 3 10 5 -5 7 -7 -1 9 -9 11 12 13 14 -2 17 -17 -14 25 20 21 22 -20 -22 -25 -19 -27 -28 -12 -15
right_child=2 -3 -4 4 -6 6 -8 8 -10 -11 28 -13 15 29 -16 16 -18 18 19 -21 23 -23 -24 24 -26 26 27 -29 -30 -31
leaf_value=-0.37649214520276292 8.3925263448290923e-06 -0.12832878511222068 0.027875725428594181 0.027778312366925108 -0.0012592377753495307 -0.33548649241174011 0.0014727239081870349 0.052930635081379719 -0.26916342663959952 0.46546832986534281 0.037683967021857258 0.01491255106110269 -0.50120097031791977 -0.036497732261921038 0.27595768376217883 -0.011300762152494129 0.039707616579483011 -0.90605703402980109 0.061515217614162516 -0.3057913474493813 -0.0093424022122297491 0.070764653460832744 -0.025757309505112323 0.15713226752810286 -0.010498965608388425 0.22908369969388151 -0.013723735462698314 0.018268242886708284 -0.51952183375604066 0.0055120417221324117
leaf_weight=104 27 191 32 33 171 351 24 20 47 21 20 43 51 32 26 36 33 149 38 32 82 21 36 31 56 21 64 28 87 34
leaf_count=104 27 191 32 33 171 351 24 20 47 21 20 43 51 32 26 36 33 149 38 32 82 21 36 31 56 21 64 28 87 34
internal_value=-0.000109738 -0.00106653 0.000830439 -0.00062646 0.000823529 -0.00114815 -0.00196 0.000437499 0.00245454 0.00651219 0.000674762 0.000928571 0.000726474 0.00305042 0.0060566 0.000318583 0.00308696 4.92539e-06 0.000279569 0.0011554 0.00165909 0.00394737 0.00186486 0.00037278 0.00217241 -0.000709924 0.0009823 -6.52181e-05 -0.00131776 0.000636363
internal_weight=1941 962 979 771 204 567 375 192 88 41 947 840 797 119 53 678 69 609 558 296 264 95 74 169 87 262 113 92 107 66
internal_count=1941 962 979 771 204 567 375 192 88 41 947 840 797 119 53 678 69 609 558 296 264 95 74 169 87 262 113 92 107 66
is_linear=0
shrinkage=0.03


Tree=226
num_leaves=31
num_cat=0
split_feature=38 6 6 2 11 9 43 51 27 37 43 43 3 35 32 57 16 21 2 36 6 57 17 26 16 56 19 57 37 6
split_gain=1.77214 0.905543 0.91899 1.28465 0.827162 2.15744 0.786932 0.59571 0.514446 0.519961 1.47084 1.32829 0.948387 0.900238 0.835566 1.2533 0.866563 0.968135 0.767674 0.764512 0.718085 0.631021 0.955516 0.774075 0.612379 0.590182 0.511605 0.509091 0.472774 0.44989
threshold=68.50825892875001 17.500000000000004 19.500000000000004 4.1428571430000014 0.91037613702198772 156.50000000000003 450.44285715000012 5.5000000000000009 28.500000000000004 833.9312500000002 -74.85357142999996 -154.43928569999997 6292926.8395000007 662.54285715000015 156.64553570000001 242.50000000000003 24.550000000000004 272.50000000000006 284.07142855000006 719.56250000000011 21.500000000000004 287.50000000000006 19.500000000000004 18.650000000000002 24.750000000000004 29.650000000000002 3.5000000000000004 310.50000000000006 242.59285715000001 23.500000000000004
decision_type=2 2 2 2 2 2 2 2 2 2 2 2 2 2 2 2 2 2 2 2 2 2 2 2 2 2 2 2 2 2
left_child=1 4 3 27 -1 -6 8 28 -2 14 11 13 -12 20 15 -10 17 25 -17 21 -11 -19 23 -23 -14 -16 -5 -3 29 -4
right_child=6 2 7 26 5 -7 -8 -9 9 10 12 -13 24 -15 16 18 -18 19 -20 -21 -22 22 -24 -25 -26 -27 -28 -29 -30 -31
leaf_value=-0.85095544599718265 0.062415069159337089 0.11000440742575639 0.011969647044522455 0.5784484051686053 -0.020505827447194529 0.047160242050081777 0.027039453665737869 -0.199139446713088 -1.8601398473576625 0.04261168143369623 0.10669357817458157 0.93038921945048103 -0.045908497294384815 0.059556696898051195 0.018522537407937207 0.039905364161922037 -0.35854934094817964 -0.71025927601961703 0.17640675357143998 0.14586974209820747 -0.32633096869090134 0.00098981245170175073 -0.71333533192690568 0.12777727008661613 0.028795166559063348 -0.00089577247621032202 0.22656043628563755 -1.46983539327931 -1.1758683797048399 -0.0041803280008831161
leaf_weight=277 22 20 100 25 71 20 32 114 23 20 20 24 103 23 35 37 156 175 21 22 27 41 67 30 32 26 22 35 51 270
leaf_count=277 22 20 100 25 71 20 32 114 23 20 20 24 103 23 35 37 156 175 21 22 27 41 67 30 32 26 22 35 51 270
internal_value=-0.000125194 -0.001 -0.000315542 0.00229412 -0.00218478 0.000296703 0.000814102 -0.000813085 0.000650442 0.000537414 0.00169879 0.00465957 -9.67749e-05 0.00257143 8.0568e-05 0.00292593 -0.000336957 0.00040909 0.00527586 -0.000223881 0.000191489 -0.000603835 0.000913043 0.00333803 -0.001 0.00388525 0.00593617 -0.000818183 -0.000292162 8.10804e-05
internal_weight=1941 1005 637 102 368 91 936 535 904 882 249 94 155 70 633 81 552 396 58 335 47 313 138 71 135 61 47 55 421 370
internal_count=1941 1005 637 102 368 91 936 535 904 882 249 94 155 70 633 81 552 396 58 335 47 313 138 71 135 61 47 55 421 370
is_linear=0
shrinkage=0.03


Tree=227
num_leaves=31
num_cat=0
split_feature=1 57 2 32 58 35 26 39 37 57 6 45 10 44 23 42 31 26 4 45 44 40 45 44 46 47 26 2 47 1
split_gain=2.13379 0.872621 1.33619 1.5013 0.744178 1.20506 1.05072 0.923134 1.14405 0.761552 0.680042 0.745612 1.45 0.597748 0.592167 0.771575 0.60467 0.573489 1.09951 0.551121 0.512253 0.487175 1.31939 0.478961 0.627286 0.710194 0.593346 0.456269 0.426394 0.415558
threshold=344.75000000000006 159.50000000000003 591.78571430000011 569.0883928500001 1005.6500000000002 794.49553570000012 20.700000000000006 289.84330356875006 197.62232145000004 295.50000000000006 17.500000000000004 91.500000000000014 0.47114434510950082 29.550000000000004 232.00000000000003 253.82589285000003 1012.8687500000002 12.550000000000002 19.500000000000004 80.500000000000014 28.450000000000003 50.822309027229174 77.500000000000014 28.550000000000004 24.750000000000004 19.500000000000004 7.8500000000000005 2610.3750000000005 40.500000000000007 7867.9821430000011
decision_type=2 2 2 2 2 2 2 2 2 2 2 2 2 2 2 2 2 2 2 2 2 2 2 2 2 2 2 2 2 2
left_child=10 2 -2 -4 7 6 14 8 -3 -8 11 -1 -13 17 15 21 27 23 19 -19 -5 22 -6 26 25 -25 -12 -16 -28 -23
right_child=1 4 3 20 5 -7 9 -9 -10 -11 13 12 -14 -15 16 -17 -18 18 -20 -21 -22 29 -24 24 -26 -27 28 -29 -30 -31
leaf_value=-0.14126537949109422 -0.0010146959051190556 -0.022323394947929443 0.35707873043287497 -0.119658754587171 0.17111450050712845 0.059402940522019616 0.0010940444595428185 -0.020830236456414623 0.15405252076608059 0.20576964216208629 -0.0017728941592042645 0.024972977113359218 -1.0726648048770384 -0.85628314239152403 0.025822844174773277 0.1952518945559405 0.39161023380024546 0.018977048555766044 0.85222795106056659 -0.068798800500269708 0.015830678116664134 -0.035441862373272924 -0.087413367184853555 -0.0080474940758922999 -0.31554598416537427 0.52732107763496938 0.25873621240685241 -0.36893820830564822 -0.035705418377267102 0.00095076414049124244
leaf_weight=303 41 35 21 22 31 34 21 256 21 22 173 20 29 75 20 26 20 31 22 28 23 131 50 26 166 21 33 23 35 182
leaf_count=303 41 35 21 22 31 34 21 256 21 22 173 20 29 75 20 26 20 31 22 28 23 131 50 26 166 21 33 23 35 182
internal_value=-9.4282e-05 0.000891726 0.0034486 0.00609091 0.000577981 0.00123214 0.000878326 -0.000596155 0.00289286 0.00537209 -0.00109771 -0.00214773 0.00128571 -0.000491804 0.00047826 7.14279e-05 0.00319048 -0.000140188 0.00218518 5.08467e-05 0.003 -0.000258884 0.00181481 -0.000555067 -0.00159155 0.00146808 0.000360995 0.00118605 0.00273529 -0.000795528
internal_weight=1941 979 107 66 872 560 526 312 56 43 962 352 49 610 483 420 63 535 81 59 45 394 81 454 213 47 241 43 68 313
internal_count=1941 979 107 66 872 560 526 312 56 43 962 352 49 610 483 420 63 535 81 59 45 394 81 454 213 47 241 43 68 313
is_linear=0
shrinkage=0.03


Tree=228
num_leaves=31
num_cat=0
split_feature=30 43 31 6 6 34 35 32 45 10 57 9 27 43 42 50 6 44 57 27 41 43 15 19 49 31 26 26 22 56
split_gain=1.78958 0.908624 1.33659 0.73765 0.717483 0.95804 1.18519 0.762131 0.715474 1.48922 0.673698 0.847899 1.08938 1.88328 1.50717 0.656824 0.704649 0.820843 0.63667 0.586585 0.574004 1.06394 0.966376 0.780341 0.759996 0.967867 0.474304 0.471342 0.461034 0.445575
threshold=57.48125000000001 378.09107145000002 715.48750000000007 17.500000000000004 26.500000000000004 1160.0785715000004 715.48750000000007 161.45446430000001 91.500000000000014 0.47114434510950082 277.50000000000006 141.50000000000003 262.50000000000006 -249.87767854999996 29.003571425000004 51.500000000000007 19.500000000000004 28.750000000000004 288.50000000000006 285.50000000000006 316.62072752822831 130.42767870000009 60.500000000000007 9.5000000000000018 45.500000000000007 694.38035715000012 12.950000000000001 12.550000000000002 49.000000000000007 10.400000000000002
decision_type=2 2 2 2 2 2 2 2 2 2 2 2 2 2 2 2 2 2 2 2 2 2 2 2 2 2 2 2 2 2
left_child=3 4 -3 8 5 10 -7 -6 -1 -10 11 -2 13 -13 -14 16 18 29 -5 -12 23 22 -22 -21 25 -25 28 -20 -15 -18
right_child=1 2 -4 15 7 6 -8 -9 9 -11 19 12 14 26 -16 -17 17 -19 27 20 21 -23 -24 24 -26 -27 -28 -29 -30 -31
leaf_value=-0.14285878112127667 -1.2981591076142849 0.17181654884005534 -0.11437965821205374 0.49009034213137193 0.22022653378400431 0.0050163389522922854 0.045205735646812864 -0.050820862598673737 0.02422378779995844 -1.035828044580644 -1.049681423659057 0.11400676453235674 0.010784924981783893 -0.10294783369536807 0.19132124190707245 0.0083061257554600029 -0.0068473432088046616 -0.33571730411171885 -1.17892082878219 -0.031487874913584755 0.0055767919862111529 -0.0030015642634823071 0.57686496025194423 0.018003770875861125 -0.6564179034167259 0.12897659023614355 -0.009661485350269533 0.23477660957996155 0.018273051271767392 0.12520856219838755
leaf_weight=314 31 35 33 28 27 27 27 188 20 31 77 39 37 32 25 31 267 189 25 95 21 27 20 33 32 20 83 26 35 66
leaf_count=314 31 35 33 28 27 27 27 188 20 31 77 39 37 32 25 31 267 189 25 95 21 27 20 33 32 20 83 26 35 66
internal_value=-0.00021793 0.00071822 0.00405882 -0.00110431 0.000458903 0.000948562 0.00477778 -0.00104651 -0.00217808 0.00111765 0.000607907 0.00168085 0.00225896 0.00112698 0.00570968 -0.000484178 -0.000703828 -0.00110345 0.00193671 -0.000323078 0.000387096 0.00273529 0.00578049 -0.000500001 0.00158823 0.00379245 -0.000400001 -5.88242e-05 0.00147761 -0.000207208
internal_weight=1941 944 68 997 876 661 54 215 365 51 607 282 251 189 62 632 601 522 79 325 248 68 41 180 85 53 150 51 67 333
internal_count=1941 944 68 997 876 661 54 215 365 51 607 282 251 189 62 632 601 522 79 325 248 68 41 180 85 53 150 51 67 333
is_linear=0
shrinkage=0.03


Tree=229
num_leaves=31
num_cat=0
split_feature=53 57 5 14 17 6 18 20 18 27 34 35 57 10 44 24 35 41 3 57 8 57 11 6 19 36 38 53 9 2
split_gain=1.72032 1.08403 0.850394 0.852774 1.01369 1.20065 0.752031 1.74545 1.03443 0.665092 0.630543 1.27201 0.556337 0.839007 0.502665 0.675336 0.636503 1.11019 0.491497 0.451556 0.438824 0.438006 0.481467 0.793586 0.892857 0.510479 0.492675 1.04391 0.916465 1.13948
threshold=154.50000000000003 312.50000000000006 1.0000000180025095e-35 29.750000000000004 17.500000000000004 23.500000000000004 29.500000000000004 29.500000000000004 54.500000000000007 255.50000000000003 1174.6544645000001 703.81875000000014 302.50000000000006 0.97335555334614954 33.350000000000001 577.85000000000014 594.59553570000014 252.41149309128915 6670884.2500000009 330.50000000000006 1.5000000000000002 19.000000000000004 0.91037613702198772 22.500000000000004 1.5000000000000002 163.68839285000004 221.5270089200001 83.000000000000014 144.50000000000003 6839.7857145000007
decision_type=2 2 2 2 2 2 2 2 2 2 2 2 2 2 2 2 2 2 2 2 2 2 2 2 2 2 2 2 2 2
left_child=6 2 3 -2 5 -5 21 9 -9 -8 14 -12 13 -11 15 16 17 -4 -10 -14 -19 -1 25 -24 -25 26 27 28 29 -23
right_child=1 -3 10 4 -6 -7 7 8 18 12 11 -13 19 -15 -16 -17 -18 20 -20 -21 -22 22 23 24 -26 -27 -28 -29 -30 -31
leaf_value=0.020985143412302752 0.021361096064691956 0.03707412476604971 0.11621927948710004 0.20998089368095885 -0.11657242242148436 0.13583404372136842 -0.37902746003771454 0.019962720523330757 0.082563106818847931 0.011143883559083186 -0.67545287202849313 0.039138317622590568 -0.018446988437869679 0.21513291844419963 0.69243413503139095 -0.037713665883886582 -0.39105734392404379 0.012144063826482481 -0.095369936352709697 0.021509714950241413 -0.014631105602039556 0.49754588416731416 -0.015065974887051848 -0.017456778681424569 0.038232356965620502 -0.28849982038802896 -0.014718596503713318 0.096979459659509354 -0.39269892250544686 -0.052061238617593771
leaf_weight=28 21 36 22 20 51 35 121 24 28 120 21 20 92 21 21 170 31 34 21 31 62 29 107 36 28 363 178 29 101 40
leaf_count=28 21 36 22 20 51 35 121 24 28 120 21 20 92 21 21 170 31 34 21 31 62 29 107 36 28 363 178 29 101 40
internal_value=-0.000295209 0.00113603 0.000779527 0.00290551 0.00181132 0.00463636 -0.000852542 0.000144104 0.00439726 -0.000662338 7.08654e-05 0.00358537 0.000181817 0.00146808 -0.000352942 -0.000648904 0.000825503 0.00183051 0.00189796 -0.00129268 0.000437499 -0.00133866 -0.00145225 -1.75446e-05 0.002625 -0.00178378 -0.00101061 1.50747e-05 -0.000882354 0.00178261
internal_weight=1941 544 508 127 106 55 1397 458 73 385 381 41 264 141 340 319 149 118 49 123 96 939 911 171 64 740 377 199 170 69
internal_count=1941 544 508 127 106 55 1397 458 73 385 381 41 264 141 340 319 149 118 49 123 96 939 911 171 64 740 377 199 170 69
is_linear=0
shrinkage=0.03


Tree=230
num_leaves=31
num_cat=0
split_feature=53 41 54 51 11 9 5 28 30 28 6 27 6 31 6 41 30 36 53 53 49 42 47 56 28 37 22 37 41 47
split_gain=1.95586 1.0129 1.44971 1.26212 1.00698 1.60283 0.86283 0.877099 0.834994 0.772453 0.900845 0.697757 0.696636 0.585833 1.32077 0.625 0.563333 0.546043 0.498371 0.655839 0.471336 0.970116 1.225 1.44138 0.778846 0.625 0.439617 0.433333 0.387953 0.379608
threshold=154.50000000000003 192.62803308768471 537.25000000000011 370.00000000000006 0.91037613702198772 156.50000000000003 1.0000000180025095e-35 1009.0500000000001 1150.1142860000002 1007.7500000000001 26.500000000000004 348.50000000000006 17.500000000000004 674.48214285000006 20.500000000000004 244.12330199190367 650.92142855000009 193.94821430000002 131.50000000000003 125.50000000000001 15.500000000000002 -0.41339289999996248 30.500000000000004 12.050000000000002 1006.5500000000001 41.13750000000001 767.50000000000011 677.43571430000009 239.38885475742759 11.500000000000002
decision_type=2 2 2 2 2 2 2 2 2 2 2 2 2 2 2 2 2 2 2 2 2 2 2 2 2 2 2 2 2 2
left_child=4 2 -2 16 11 9 8 13 12 29 -11 17 -5 14 -8 -16 -3 18 19 20 21 -1 24 -24 25 -23 28 -14 -15 -6
right_child=1 3 -4 6 5 -7 7 -9 -10 10 -12 -13 27 26 15 -17 -18 -19 -20 -21 -22 22 23 -25 -26 -27 -28 -29 -30 -31
leaf_value=-0.15940800268649916 -0.0077878500877770892 0.0022871831749118813 0.11499141225157267 0.099634382899899121 0.015407508268324259 0.046695456588991359 -0.032564307125836661 0.023408492583221752 0.23522584919330736 0.00051135074372435721 0.056890369157074384 0.022894735432557229 0.015394232583191851 0.0093721261637329384 0.047464186543621209 0.17748923317633508 0.026226582944807113 -0.32466596715461504 -0.033607638632843793 0.24685147427791335 -0.058477074126386128 1.084089940105375 -0.021431670176043131 0.14960316853700648 0.27337659941793913 -1.0193377387735785 0.0065409153407308173 -0.096747504462874306 -0.073557441275474422 -0.013941894196168187
leaf_weight=115 20 20 21 24 20 20 31 21 22 37 22 28 26 38 20 20 30 539 97 24 176 20 75 29 25 20 21 39 191 150
leaf_count=115 20 20 21 24 20 20 31 21 22 37 22 28 26 38 20 20 30 539 97 24 176 20 75 29 25 20 21 39 191 150
internal_value=-0.000279753 0.00124632 0.00578049 0.000876739 -0.000874016 0.000855421 0.000377483 -0.000368422 0.00267567 0.000144104 0.00310169 -0.00124913 0.00138202 -0.00075701 0.00164789 0.00525 0.0054 -0.00136607 -0.000728056 -0.000334711 -0.000586957 0.000169013 0.00161538 -0.000403847 0.00484615 0.00225 -0.00144 -0.00023077 -0.00182096 -0.000882354
internal_weight=1941 544 41 503 1397 249 453 342 111 229 59 1148 89 321 71 40 50 1120 581 484 460 284 169 104 65 40 250 65 229 170
internal_count=1941 544 41 503 1397 249 453 342 111 229 59 1148 89 321 71 40 50 1120 581 484 460 284 169 104 65 40 250 65 229 170
is_linear=0
shrinkage=0.03


Tree=231
num_leaves=31
num_cat=0
split_feature=38 50 46 27 11 12 51 42 49 34 34 37 21 28 1 6 51 16 14 3 34 48 36 8 30 17 28 48 56 48
split_gain=1.62544 1.01652 1.31187 0.996176 0.966861 1.18603 0.91285 1.10401 0.90791 0.827752 1.03285 0.782752 0.935753 0.598436 0.606707 0.579145 0.564439 0.803223 0.544443 0.523896 1.09717 0.905329 0.499922 0.493327 0.461385 0.445809 0.589067 0.434028 0.419328 0.436113
threshold=71.324107143375073 13.500000000000002 23.350000000000005 260.50000000000006 0.91037613702198772 0.43442111757849838 431.00000000000006 42.583928450000037 7.5000000000000009 1160.0785715000004 1253.8767855000003 635.33125000000007 153.50000000000003 1006.0500000000001 2189.1250000000005 16.500000000000004 275.00000000000006 24.850000000000005 29.250000000000004 6347255.9645000007 783.35535715000003 20.500000000000004 910.72857145000012 3.5000000000000004 1110.9294645000002 9.5000000000000018 1008.1500000000002 46.500000000000007 3.9500000000000006 21.500000000000004
decision_type=2 2 2 2 2 2 2 2 2 2 2 2 2 2 2 2 2 2 2 2 2 2 2 2 2 2 2 2 2 2
left_child=4 9 3 -3 8 -6 7 11 18 13 -11 12 -4 15 -15 -2 -16 19 22 20 21 -18 28 -21 -25 -7 27 -27 -1 -30
right_child=1 2 6 -5 5 25 -8 -9 -10 10 -12 -13 -14 14 16 -17 17 -19 -20 23 -22 -23 -24 24 -26 26 -28 -29 29 -31
leaf_value=-0.050306596341504244 0.0076818730544811163 0.0031308854610211131 0.050814380402341125 0.18806300492684108 0.045294592891321615 0.047910678427222894 -0.26593052769047515 -0.0016395216341917305 -0.73445015524233248 0.044724529095390118 -0.90822772163251508 -0.00065548533290650881 0.11639080135652856 0.088763108891607462 -0.033019177116775648 -0.46549962297667208 -0.011469477347922153 0.043441055073203449 -0.90307751935497405 -1.297284308375102 0.14946957677952191 0.026349461912671027 -0.87895557029624871 -0.002877198756977424 0.17859086715615821 -0.015698410026880848 0.05999447065370201 0.015267344935131195 -0.031012066278130357 0.10354086689084041
leaf_weight=32 38 35 32 34 20 28 64 60 337 34 22 34 30 22 63 181 58 34 78 68 23 22 50 50 27 160 21 20 135 129
leaf_count=32 38 35 32 34 20 28 64 60 337 34 22 34 30 22 63 181 58 34 78 68 23 22 50 50 27 160 21 20 135 129
internal_value=-0.000295209 0.000609022 0.0020865 0.00569565 -0.00112871 0.000493975 0.000954545 0.00219231 -0.00165966 -5.60755e-05 0.00342857 0.0041875 0.00619355 -0.000389079 0.000351498 -0.00163014 4.34775e-05 0.000617021 -0.00073585 2.41928e-05 0.00166019 -7.15256e-10 -0.000225434 -0.00113793 0.000506493 -0.000117905 -0.000611941 -0.00116667 0.000243243 0.000636363
internal_weight=1941 931 289 69 1010 249 220 156 761 642 56 96 62 586 367 219 345 282 424 248 103 80 346 145 77 229 201 180 296 264
internal_count=1941 931 289 69 1010 249 220 156 761 642 56 96 62 586 367 219 345 282 424 248 103 80 346 145 77 229 201 180 296 264
is_linear=0
shrinkage=0.03


Tree=232
num_leaves=31
num_cat=0
split_feature=23 23 5 21 39 18 50 11 8 11 2 23 28 27 41 36 8 47 9 16 4 5 2 49 44 32 17 24 57 44
split_gain=1.51966 1.10793 0.898294 1.19865 1.40661 0.834524 0.915004 0.89546 0.715893 0.711111 0.585261 0.562566 0.552687 0.60158 0.538526 1.3134 2.07357 1.02017 0.747597 1.22027 0.632316 0.715072 0.804138 0.594014 0.820765 0.434095 0.84139 0.43867 0.408716 0.4
threshold=154.50000000000003 158.50000000000003 1.0000000180025095e-35 423.50000000000006 867.91908486250009 49.500000000000007 31.500000000000004 0.84874750804349197 1.0000000180025095e-35 -0.93540483100319605 228.81250000000003 175.50000000000003 1008.2500000000001 285.50000000000006 286.99834563159067 9.2428571430000002 1.5000000000000002 15.500000000000002 144.50000000000003 25.150000000000002 21.500000000000004 22.500000000000004 6839.7857145000007 11.500000000000002 27.950000000000003 980.58125000000007 31.500000000000004 768.10000000000002 327.50000000000006 27.150000000000002
decision_type=2 2 2 2 2 2 2 2 2 2 2 2 2 2 2 2 2 2 2 2 2 2 2 2 2 2 2 2 2 2
left_child=5 -2 3 -3 -5 14 7 -7 9 -4 -8 -6 25 -14 20 16 -16 -18 19 -17 23 -22 -23 24 29 -10 27 -27 -26 -1
right_child=1 2 8 4 11 6 10 -9 12 -11 -12 -13 13 -15 15 18 17 -19 -20 -21 21 22 -24 -25 28 26 -28 -29 -30 -31
leaf_value=-0.034902722375647836 0.044440390168942454 0.025558978055293904 0.18242111694516888 -0.044951067584268242 0.014253326917195591 -0.1825141382303907 0.014199198429184622 0.051505479276353863 -0.025735128674767717 0.00084541277541959998 0.038736477961498483 0.22609289731828028 0.036071080119546579 -0.010921033516249913 0.24147774711983885 -0.063281702312522614 -0.24983780149478768 0.016921509873799562 -0.50248240139765044 0.025092259911970699 -0.014194112409209642 0.16368793731261699 -0.0029689287920434794 -0.18190321140851315 -0.023495391512842901 -1.1820778377633103 0.14486894170269443 0.019789501493760072 0.023162272409668769 0.455857405381484
leaf_weight=20 36 22 24 53 21 123 22 33 177 36 25 31 24 27 29 42 54 39 121 27 72 34 37 315 362 52 20 21 22 20
leaf_count=20 36 22 24 53 21 123 22 33 177 36 25 31 24 27 29 42 54 39 121 27 72 34 37 315 362 52 20 21 22 20
internal_value=-0.000264297 0.00108088 0.000720472 0.00290551 0.00157143 -0.000788118 0.000990147 -0.000115385 -7.87473e-06 0.003 0.00465957 0.00507692 -0.000570094 0.00229412 -0.00109045 -1.92315e-05 0.00240984 0.000225806 -0.00157895 0.000913043 -0.00146939 0.000356643 0.00249296 -0.00182273 -0.00108962 -0.00111111 0.000548386 -0.000945206 -0.00151563 0.003
internal_weight=1941 544 508 127 105 1397 203 156 381 60 47 52 321 51 1194 312 122 93 190 69 882 143 71 739 424 270 93 73 384 40
internal_count=1941 544 508 127 105 1397 203 156 381 60 47 52 321 51 1194 312 122 93 190 69 882 143 71 739 424 270 93 73 384 40
is_linear=0
shrinkage=0.03


Tree=233
num_leaves=31
num_cat=0
split_feature=53 34 23 57 32 31 5 24 17 58 56 57 5 11 45 27 36 28 14 27 31 29 36 34 4 9 57 27 1 37
split_gain=1.74149 1.08704 1.28762 0.920118 0.612088 1.2004 0.598935 0.848994 1.00611 0.670604 0.574798 0.619103 0.666667 0.57759 1.55986 0.577052 0.503343 0.498774 0.519324 0.502859 0.457284 0.437066 0.384984 0.437316 0.368336 0.832087 0.864055 1.63734 0.497309 1.22306
threshold=154.50000000000003 1147.2705355000001 159.50000000000003 312.50000000000006 1211.8696430000002 1126.2321430000002 1.0000000180025095e-35 341.15000000000003 17.500000000000004 1008.35 4.3500000000000005 45.500000000000007 22.500000000000004 0.91037613702198772 91.500000000000014 212.00000000000003 1163.8357145000002 1007.5500000000001 28.650000000000002 269.50000000000006 971.00000000000011 0.75000000000000011 910.72857145000012 980.58125000000007 17.500000000000004 144.50000000000003 294.50000000000006 279.50000000000006 3867.5833335000002 395.94910715000003
decision_type=2 2 2 2 2 2 2 2 2 2 2 2 2 2 2 2 2 2 2 2 2 2 2 2 2 2 2 2 2 2
left_child=10 3 -3 4 6 -6 7 -2 -9 -8 -1 12 -12 15 16 -13 17 18 19 -15 -11 22 23 24 28 26 27 -26 29 -17
right_child=1 2 -4 -5 5 -7 9 8 -10 20 11 13 -14 14 -16 21 -18 -19 -20 -21 -22 -23 -24 -25 25 -27 -28 -29 -30 -31
leaf_value=-0.1085417372015087 1.1241686071117394 0.041573855297317254 0.010340130771167235 0.027705203278160308 0.17414836566103339 -0.3701608139780303 -0.012531043787173034 0.1159001402197867 -0.14368465415819295 0.003742261674424879 -0.013467083777180151 -0.61335461525972379 0.34103357901098924 -0.01099325973765178 0.0256833134896596 0.012694817192834192 -0.0060438146092584308 0.085564215801777629 -0.17757733435746709 0.32099314182932753 0.19952862375672437 0.020547519360577051 -0.9938614549699627 -0.3096548708666137 -0.077945554724949573 -0.48466700018009234 -0.6509216459964593 0.042977320863683048 -0.13558741335588198 0.016893298969744574
leaf_weight=167 20 25 35 36 24 21 251 37 46 29 27 145 27 49 21 261 44 42 43 23 20 24 69 65 44 163 40 40 80 23
leaf_count=167 20 25 35 36 24 21 251 37 46 29 27 145 27 49 21 261 44 42 43 23 20 24 69 65 44 163 40 40 80 23
internal_value=-0.000248842 0.00119118 0.005 0.000719008 0.000348214 0.00366667 -2.23332e-05 0.00195146 0.000614457 -0.000700001 -0.000809593 -0.000585367 0.00255555 -0.000729593 0.000648648 -0.00105032 -0.00016418 0.000630573 -0.000391305 0.00116667 0.0025102 -0.000737949 -0.000859873 -0.000653632 -0.000419356 -0.001223 0.000629032 0.00235714 0.000214285 0.000802816
internal_weight=1941 544 60 484 448 45 403 103 83 300 1397 1230 54 1176 222 954 201 157 115 72 49 809 785 716 651 287 124 84 364 284
internal_count=1941 544 60 484 448 45 403 103 83 300 1397 1230 54 1176 222 954 201 157 115 72 49 809 785 716 651 287 124 84 364 284
is_linear=0
shrinkage=0.03


Tree=234
num_leaves=31
num_cat=0
split_feature=21 57 37 35 1 37 50 27 42 17 14 55 6 56 58 34 4 42 6 3 47 27 41 20 35 48 54 21 48 36
split_gain=1.89554 0.964251 2.17713 1.44274 0.906218 0.854479 1.19696 0.838761 1.81446 0.837481 1.18253 1.24717 0.657764 0.821471 0.64002 1.225 0.600364 0.589815 0.58117 0.833333 0.876587 0.525 0.503344 0.495442 0.484653 0.65035 0.471154 0.460092 1.02111 0.384341
threshold=26.500000000000004 290.50000000000006 424.6419643000001 667.71160715000008 12750.187500000002 214.63750000000002 37.000000000000007 264.50000000000006 -1.0000000180025095e-35 47.500000000000007 32.750000000000007 702.50000000000011 17.500000000000004 15.750000000000002 1006.85 1046.5857140000001 21.500000000000004 -29.257142845000001 20.500000000000004 6551800.5950000007 30.500000000000004 304.50000000000006 367.07584504266839 1.0000000180025095e-35 202.51607145000003 10.500000000000002 356.70000000000005 206.50000000000003 30.500000000000004 623.52857140000003
decision_type=2 2 2 2 2 2 2 2 2 2 2 2 2 2 2 2 2 2 2 2 2 2 2 2 2 2 2 2 2 2
left_child=12 4 23 9 5 6 7 -2 -9 10 11 -4 16 18 27 17 -1 -16 19 -14 -21 -18 -19 -3 25 -20 -11 28 -7 -27
right_child=1 2 3 -5 -6 14 -8 8 -10 26 -12 -13 13 -15 15 -17 21 22 24 20 -22 -23 -24 -25 -26 29 -28 -29 -30 -31
leaf_value=-0.17388082024442197 -0.026382223593320646 -0.40808774529739744 0.002416570515963036 0.030357754123712648 0.27243906657023315 -0.014733365952611942 0.17659224616055363 -0.25707827514866588 0.039460766163506071 0.0070275969135170828 0.0036996155595193274 0.22036984958806061 -0.011122274090346751 0.0028573815624939364 -0.36403840259514264 0.19352728155102145 0.0085069024893921017 -0.0022375364568711325 0.04813664820037037 1.0727578493812322 -0.52859375098736772 -0.044033965574731035 0.014713183571730562 0.012011289328112894 -0.25368378489075588 0.02290432615116807 -2.5618711469972366 -0.58123718629620302 0.053803941086314616 -0.027428337896395864
leaf_weight=316 68 85 34 36 29 41 39 48 29 40 40 20 90 22 52 20 35 85 32 24 21 21 23 37 174 108 25 196 20 131
leaf_count=316 68 85 34 36 29 41 39 48 29 40 40 20 90 22 52 20 35 85 32 24 21 21 23 37 174 108 25 196 20 131
internal_value=-0.000187018 0.000753877 0.00211041 0.00407692 9.2307e-05 -0.000149759 0.00156522 0.000310344 0.00245454 0.00284906 0.00465957 0.00755555 -0.00112115 -0.000508306 -0.000871854 0.000499999 -0.0021129 -0.000375001 -0.000724139 0.000999999 0.00433333 0.000749999 0.000888888 -0.00103279 -0.00124719 -0.000453875 0.000230769 -0.00183269 0.000442622 -0.000991633
internal_weight=1941 967 317 195 650 621 184 145 77 159 94 54 974 602 437 180 372 160 580 135 45 56 108 122 445 271 65 257 61 239
internal_count=1941 967 317 195 650 621 184 145 77 159 94 54 974 602 437 180 372 160 580 135 45 56 108 122 445 271 65 257 61 239
is_linear=0
shrinkage=0.03


Tree=235
num_leaves=31
num_cat=0
split_feature=30 57 33 9 11 18 6 9 6 26 3 26 40 49 3 3 24 3 38 41 40 41 18 46 30 47 38 44 17 27
split_gain=2.44653 0.904385 1.21602 1.33929 0.845669 1.28542 0.881176 0.81394 1.06918 1.20507 1.15998 0.752274 0.730519 0.81 0.674287 0.960672 0.982219 2.94522 1.47468 0.784461 1.06275 1.13575 0.701778 0.701299 0.669388 0.61419 0.574713 0.448997 0.441141 0.48787
threshold=58.764285715000007 312.50000000000006 147.41964285000003 151.50000000000003 0.91037613702198772 49.500000000000007 17.500000000000004 141.50000000000003 26.500000000000004 8.1500000000000004 7285498.0000000009 15.950000000000001 28.019345238125002 4.5000000000000009 7235758.0000000009 6408833.3125000009 541.00000000000011 6341234.6250000009 296.40892856250014 265.40411646992749 810.22783481458362 335.62918893161896 29.500000000000004 23.250000000000004 216.97946430000002 18.500000000000004 215.44352678750002 33.350000000000001 7.5000000000000009 307.50000000000006
decision_type=2 2 2 2 2 2 2 2 2 2 2 2 2 2 2 2 2 2 2 2 2 2 2 2 2 2 2 2 2 2
left_child=4 7 26 -4 6 12 -1 25 9 -9 14 28 -6 -14 15 16 18 23 -11 -17 21 -21 -20 -18 -10 -2 -3 -26 -8 -30
right_child=1 2 3 -5 5 -7 11 8 24 10 -12 -13 13 -15 -16 19 17 -19 22 20 -22 -23 -24 -25 27 -27 -28 -29 29 -31
leaf_value=-0.81436910432090459 0.01473184730736809 0.02902874740296996 0.078626221143313732 0.0052120970602307281 -0.010955731190316044 0.047446321956720307 -0.26594206660798647 -0.012005729455932789 0.018578985254165743 0.11716369136576181 -0.20216073714351152 0.0027716601156191185 -0.17605428410099427 0.08832436317906589 0.039174212858451019 -0.15362166429459087 0.06818652051651547 0.11349298525155453 -0.0047670077946255799 1.3568383318727315 -0.01865555140010312 0.0092842807835258525 0.020275735851861553 0.00098425318865828131 -1.5052752108651934 -1.1093085438367327 -0.33956791646352691 0.11011291049151847 0.015071500578100402 -0.64592317065309435
leaf_weight=274 33 29 24 32 175 29 116 51 34 23 32 25 20 25 29 67 24 25 54 23 21 34 31 42 141 135 25 31 224 113
leaf_count=274 33 29 24 32 175 29 116 51 34 23 32 25 20 25 29 67 24 25 54 23 21 34 31 42 141 135 25 31 224 113
internal_value=-0.000109738 0.000989361 0.00354545 0.00664286 -0.00114186 0.000373493 -0.00164362 0.000650602 0.00112387 0.00193421 0.00248148 -0.00086611 -0.000409092 0.003 0.00295174 0.00258139 0.00393467 0.00623077 0.002 0.000724137 0.00276923 0.00489474 0.00017647 0.00290909 -0.000669904 -0.00121429 0.000333333 -0.00143023 -0.0011457 -0.00059644
internal_weight=1941 940 110 56 1001 249 752 830 662 456 405 478 220 45 373 344 199 91 108 145 78 57 85 66 206 168 54 172 453 337
internal_count=1941 940 110 56 1001 249 752 830 662 456 405 478 220 45 373 344 199 91 108 145 78 57 85 66 206 168 54 172 453 337
is_linear=0
shrinkage=0.03


Tree=236
num_leaves=31
num_cat=0
split_feature=1 57 17 19 19 9 1 5 58 33 5 32 18 29 8 4 46 6 26 11 18 35 44 6 26 37 27 19 57 43
split_gain=2.47887 1.10135 2.03125 2.44275 0.965079 0.805878 0.807456 0.832035 0.777778 1.18433 1.00315 0.702559 0.73186 0.951178 0.70662 1.16469 0.761552 0.669298 0.779067 0.659996 1.39513 0.57568 0.535192 0.514584 0.494824 0.539421 0.601152 0.607268 0.49961 0.453648
threshold=344.75000000000006 290.50000000000006 8.5000000000000018 1.0000000180025095e-35 6.5000000000000009 141.50000000000003 11896.000000000002 22.500000000000004 1007.0500000000001 934.03482145000009 22.500000000000004 1211.8696430000002 48.500000000000007 1.0000000180025095e-35 1.5000000000000002 14.500000000000002 23.850000000000005 17.500000000000004 15.950000000000001 0.91037613702198772 35.500000000000007 32.322321430000009 28.550000000000004 24.500000000000004 3.9500000000000006 2.5928571430000003 312.50000000000006 1.5000000000000002 327.50000000000006 1.0000000180025095e-35
decision_type=2 2 2 2 2 2 2 2 2 2 2 2 2 2 2 2 2 2 2 2 2 2 2 2 2 2 2 2 2 2
left_child=17 5 3 -3 23 -2 11 -8 9 10 -6 12 14 -14 15 -7 -17 19 22 -1 -21 29 24 -4 -19 26 27 -26 -28 -16
right_child=1 2 4 -5 8 6 7 -9 -10 -11 -12 -13 13 -15 21 16 -18 18 -20 20 -22 -23 -24 -25 25 -27 28 -29 -30 -31
leaf_value=-0.81725988051536136 -1.5520119165265485 0.0016922079446926395 -0.030098666807705614 0.047209240182558759 0.022433465699024636 -0.0033449640593346533 0.29236513800272995 -0.0013163270284147635 -0.043798223092619638 -0.017544502519517009 0.39896515011716333 0.16806421848908462 0.10588473003063503 0.013468911810783567 0.036618433481752317 0.0089376487781054198 0.28509748702755311 -0.276338411227804 0.0026885103121505449 -0.011501572417278184 0.043300173245544402 -0.89223041965860117 -0.11552070491836892 0.013545789081911454 0.23662046715331811 -0.76540445305946037 -0.0073224437612503142 0.094580008137701024 0.036196192029771861 -0.003602214099650222
leaf_weight=261 78 31 75 26 35 80 28 27 50 21 34 26 22 65 21 21 22 36 23 69 22 151 338 51 90 29 40 33 21 115
leaf_count=261 78 31 75 26 35 80 28 27 50 21 34 26 22 65 21 21 22 36 23 69 22 151 338 51 90 29 40 33 21 115
internal_value=-0.000109738 0.000953013 0.002387 0.00752632 0.00128571 0.000246951 0.000633217 0.00409091 0.003 0.00466667 0.00656522 0.000269598 1.81079e-05 0.00251724 -0.000512196 0.00139024 0.00537209 -0.00119127 -0.000590165 -0.00223296 -3.29677e-05 -0.00132753 -0.000802386 -0.000619048 0.000253011 0.000802816 0.00140217 0.00260976 -0.00103279 8.82346e-05
internal_weight=1941 979 323 57 266 656 578 55 140 90 69 523 497 87 410 123 43 962 610 352 91 287 587 126 249 213 184 123 61 136
internal_count=1941 979 323 57 266 656 578 55 140 90 69 523 497 87 410 123 43 962 610 352 91 287 587 126 249 213 184 123 61 136
is_linear=0
shrinkage=0.03


Tree=237
num_leaves=31
num_cat=0
split_feature=1 56 45 1 6 26 11 18 44 18 30 28 38 30 42 1 37 32 16 8 2 31 50 47 30 30 44 5 37 31
split_gain=2.00547 0.853535 1.91872 0.87201 0.751844 0.751027 0.659996 1.39513 0.553879 0.535321 0.724262 0.986012 0.935014 0.877635 0.851375 0.732295 0.755208 0.9 0.720857 0.690499 1.40747 0.548859 0.535714 0.495672 0.494798 0.703943 0.448217 0.548859 0.446596 0.922004
threshold=344.75000000000006 21.050000000000001 59.500000000000007 4586.2857140000006 17.500000000000004 15.950000000000001 0.91037613702198772 35.500000000000007 28.550000000000004 48.500000000000007 848.99285715000008 1007.6500000000002 904.57098216250017 1160.0785715000004 -81.540178649999959 3867.5833335000002 455.96785715000004 486.48303570000002 23.950000000000003 1.5000000000000002 6013.8333335000016 848.99285715000008 50.500000000000007 63.500000000000007 787.69196430000011 980.58125000000007 28.250000000000004 1.0000000180025095e-35 870.77857140000015 724.31875000000002
decision_type=2 2 2 2 2 2 2 2 2 2 2 2 2 2 2 2 2 2 2 2 2 2 2 2 2 2 2 2 2 2
left_child=4 9 -3 -4 6 8 -1 -8 26 10 15 14 -13 -14 -12 16 19 -18 -11 20 -2 -16 -20 -10 -5 -26 27 -6 -17 -30
right_child=1 2 3 24 5 -7 7 -9 23 18 11 12 13 -15 21 28 17 -19 22 -21 -22 -23 -24 -25 25 -27 -28 -29 29 -31
leaf_value=-0.79274208409990055 -0.027500647007088007 0.13609403691974126 0.0085156833266575808 -0.011730904283922632 0.04813375590164079 0.0026078550027860284 -0.01115652524475984 0.042001168048178071 -0.17116022698882882 0.12063516122615432 0.15615548755128253 0.19804282287659991 -0.12273697363203298 0.45356201498525661 0.070466784114598821 -0.052518334822189414 0.14227998541669973 -0.009458445893184269 -0.0001630277827424776 -0.022518747760201602 0.23254223383429759 -0.37799222567064378 0.015273047347941703 0.02014869102929099 0.59748746911473904 -2.7331579415057292 0.033227493159461871 -0.097645478162461996 0.044005893424976315 -0.0083755562021106157
leaf_weight=261 42 24 22 33 33 23 69 22 300 20 37 21 24 22 33 215 20 20 84 126 24 94 21 38 20 23 122 94 20 34
leaf_count=261 42 24 22 33 33 23 69 22 300 20 37 21 24 22 33 215 20 20 84 126 24 94 21 38 20 23 122 94 20 34
internal_value=-0.000156106 0.000799795 0.00314754 0.00128571 -0.0011289 -0.000491804 -0.00223296 -3.29677e-05 -0.000700171 0.000465577 0.000155737 0.00154545 0.00461194 0.00221739 0.000292682 -0.000485031 0.000749999 0.0045 0.00228 -3.12507e-05 0.00245454 -0.000874016 0.00128571 -0.00149112 -0.000236843 0.00188372 0.000373493 -0.000874016 -0.00155019 0.000888888
internal_weight=1941 979 122 98 962 610 352 91 587 857 732 231 67 46 164 501 232 40 125 192 66 127 105 338 76 43 249 127 269 54
internal_count=1941 979 122 98 962 610 352 91 587 857 732 231 67 46 164 501 232 40 125 192 66 127 105 338 76 43 249 127 269 54
is_linear=0
shrinkage=0.03


Tree=238
num_leaves=31
num_cat=0
split_feature=22 32 58 2 35 41 32 38 18 27 48 3 30 38 42 5 56 38 19 10 14 56 36 51 14 47 44 40 14 30
split_gain=1.6406 2.15265 1.04811 1.20916 0.757559 0.837995 0.713306 1.05834 0.588067 0.759343 0.780303 0.677352 0.539349 1.13886 0.622222 0.75 0.444183 0.356634 0.460877 0.624956 0.486025 1.03936 0.626167 0.798426 0.486095 0.534026 0.960855 0.578704 0.452269 0.556234
threshold=256.50000000000006 362.47857145000006 1005.6500000000002 6883.7589285000004 340.78035715000004 250.90870725776196 1160.0785715000004 1166.7743303750001 48.500000000000007 194.50000000000003 52.000000000000007 6411832.0715000005 833.9312500000002 866.98883923750009 62.069643000000106 22.500000000000004 15.550000000000002 818.47857142500004 17.500000000000004 -0.98611507088852035 29.250000000000004 17.950000000000003 163.68839285000004 5.5000000000000009 28.450000000000003 43.500000000000007 28.250000000000004 9.9206473222916696 29.350000000000005 295.05803570000006
decision_type=2 2 2 2 2 2 2 2 2 2 2 2 2 2 2 2 2 2 2 2 2 2 2 2 2 2 2 2 2 2
left_child=8 -2 -3 4 5 -4 12 -8 17 -10 11 -11 -7 -14 15 -15 -12 18 20 -20 21 22 23 -1 25 26 -24 -28 -21 -30
right_child=1 2 3 -5 -6 6 7 -9 9 10 16 -13 13 14 -16 -17 -18 -19 19 28 -22 -23 24 -25 -26 -27 27 -29 29 -31
leaf_value=0.5955781300670685 0.1063237889704865 -0.053058928415829335 0.3453216831231628 0.030396436109275313 -4.2858273010270596 -0.011718839910681586 1.1151420564351164 -0.011569673607291223 -0.76738817381796776 0.019475070282955271 -0.0025367627676210419 0.043746100982184552 0.08846936484480751 0.070444819651970692 -0.34333391459650614 -0.50597163798385159 0.0092152141041485312 0.46916658004365824 0.020063889886458058 -0.056845111793267476 -0.099362441361942222 0.0034946860713652604 -0.021790258769330304 -0.0051730295801847371 -0.20170342909327293 -0.62766449844569283 0.088797473066082308 0.0075871429632978285 0.053990707490956226 -0.29205380701446493
leaf_weight=36 26 143 32 28 46 59 22 21 44 21 136 20 37 24 42 24 38 28 27 325 222 23 95 49 213 37 30 24 29 40
leaf_count=36 26 143 32 28 46 59 22 21 44 21 136 20 37 24 42 24 38 28 27 325 222 23 95 49 213 37 30 24 29 40
internal_value=-0.000187018 0.00128571 0.000828451 0.00174627 0.00120195 0.00182759 0.00119214 0.00467442 -0.00070355 0.000590733 0.00132558 0.00504878 0.000387096 0.00148819 -0.000333334 0.002 0.000448275 -0.000988116 -0.00106957 -0.00185986 -0.000613169 -0.000100592 -0.000396695 0.00194118 -0.000894738 0.000225806 0.00102684 0.00422222 -0.00216244 4.34775e-05
internal_weight=1941 504 478 335 307 261 229 43 1437 259 215 41 186 127 90 48 174 1178 1150 421 729 507 484 85 399 186 149 54 394 69
internal_count=1941 504 478 335 307 261 229 43 1437 259 215 41 186 127 90 48 174 1178 1150 421 729 507 484 85 399 186 149 54 394 69
is_linear=0
shrinkage=0.03


Tree=239
num_leaves=31
num_cat=0
split_feature=30 11 45 49 44 36 26 3 44 14 57 34 36 43 19 41 38 39 37 42 37 37 57 27 37 43 41 43 56 27
split_gain=1.67199 0.627723 1.70301 1.13562 0.620653 0.631693 0.592857 0.808251 0.718599 0.571343 1.46746 1.53339 0.802005 0.759338 0.820436 1.14405 0.725513 0.831103 0.991472 0.760433 0.723703 1.15817 0.600557 0.913871 0.545635 0.512951 0.580243 0.480645 1.05326 0.478266
threshold=58.764285715000007 0.91037613702198772 91.500000000000014 10.500000000000002 29.250000000000004 910.72857145000012 12.550000000000002 6587709.6785000013 28.750000000000004 32.150000000000013 290.50000000000006 1006.6687500000002 737.0875000000002 -129.76249999999996 17.500000000000004 328.86280383685556 215.44352678750002 120.73616071650001 197.62232145000004 69.412500050000077 924.44285715000012 1039.1839285000003 278.50000000000006 275.50000000000006 115.54821430000001 368.35892860000007 368.61601716782167 -122.56160714999999 15.65 304.50000000000006
decision_type=2 2 2 2 2 2 2 2 2 2 2 2 2 2 2 2 2 2 2 2 2 2 2 2 2 2 2 2 2 2
left_child=1 3 -3 4 5 6 8 -8 29 16 12 13 20 -12 15 -15 17 19 -19 24 -11 -22 23 25 -2 26 27 28 -18 -1
right_child=9 2 -4 -5 -6 -7 7 -9 -10 10 11 -13 -14 14 -16 -17 22 18 -20 -21 21 -23 -24 -25 -26 -27 -28 -29 -30 -31
leaf_value=0.014720169937210587 0.0069933134978607085 -0.0040464847727336327 0.018081226701453335 -0.63017729929725252 -0.8599959513510913 -0.78829898757319572 0.00066769051290609094 0.44190235243958792 -0.22794417089864125 -1.6191873130282592 -0.26800631748202602 0.1315672821236562 0.079183352731890727 -0.14765235198699067 0.15988938898846655 0.02030961594750727 0.13674240928759634 0.010702246089408106 0.34764236414403293 0.13181120145438735 0.23468599351609112 -0.0039636914208505359 -0.011927519114170809 0.037561155219492257 -0.41133237833338232 0.062867956851483109 0.025571628688932674 -0.025352801322481223 -0.024560888640192766 -0.61085792200967381
leaf_weight=133 28 224 25 299 89 50 34 22 70 99 24 20 20 28 22 32 28 26 20 21 23 68 214 22 44 25 20 108 48 55
leaf_count=133 28 224 25 299 89 50 34 22 70 99 24 20 20 28 22 32 28 26 20 21 23 68 214 22 44 25 20 108 48 55
internal_value=-7.88261e-05 -0.000932069 0.000373493 -0.00136436 -0.000417219 0.000131867 0.000630573 0.00342857 2.32551e-05 0.000829787 0.00182143 0.00438095 0.000285714 0.0029434 0.00431707 0.0025 0.000278145 0.00217986 0.00547826 0.000548386 -0.00031579 0.00161538 -0.000290323 0.000705179 -0.000916667 0.000144104 -0.000352942 -0.000880435 0.000947368 0.000989361
internal_weight=1941 1001 249 752 453 364 314 56 258 940 336 126 210 106 82 60 604 139 46 93 190 91 465 251 72 229 204 184 76 188
internal_count=1941 1001 249 752 453 364 314 56 258 940 336 126 210 106 82 60 604 139 46 93 190 91 465 251 72 229 204 184 76 188
is_linear=0
shrinkage=0.03


Tree=240
num_leaves=31
num_cat=0
split_feature=44 38 18 16 3 3 36 20 48 58 57 11 11 6 26 11 6 57 57 42 6 52 24 31 42 6 30 1 26 44
split_gain=1.32503 1.56345 0.685633 0.723285 1.04163 1.54638 0.864 0.760242 0.671066 0.692563 1.14688 0.930899 0.589286 0.640528 0.537344 0.5279 0.42189 0.414657 0.401254 0.415584 0.400758 0.338624 0.323239 0.319858 0.453842 0.270429 0.693108 1.27824 0.668353 0.482959
threshold=32.150000000000013 574.0040178500002 30.500000000000004 25.350000000000005 6348568.4285000013 6313702.5715000005 983.18571425000016 51.500000000000007 10.500000000000002 1005.6500000000002 289.50000000000006 -0.97335555334614932 0.63405362205439486 20.500000000000004 12.750000000000002 -0.95642797789208678 27.500000000000004 334.00000000000006 277.50000000000006 -54.900892850000012 27.500000000000004 613.50000000000011 579.00000000000011 623.15000000000009 -100.27678592000004 17.500000000000004 58.764285715000007 1495.6875000000002 6.2500000000000009 28.250000000000004
decision_type=2 2 2 2 2 2 2 2 2 2 2 2 2 2 2 2 2 2 2 2 2 2 2 2 2 2 2 2 2 2
left_child=2 -2 15 4 5 12 7 14 9 21 18 -12 13 -4 16 -1 -6 -5 20 -20 -11 -3 -10 24 -17 26 -26 -28 29 -27
right_child=1 8 3 17 6 -7 -8 -9 22 10 11 -13 -14 -15 -16 23 -18 -19 19 -21 -22 -23 -24 -25 25 28 27 -29 -30 -31
leaf_value=0.018835712629106879 0.074448012473685071 -0.096088401849524052 -0.11821914138745175 -0.092931211783641152 -0.0045861110152751426 0.019147202988772188 0.017193863595880016 0.052295503842950578 0.0080687902035219347 0.15316268800395583 0.015923501219106656 0.12218640534889413 0.38469476997423624 0.14179189895082309 -0.06692787755352006 0.090642710066533377 0.10838532873293694 0.043331843717355559 0.0079113401057397618 -0.78149686284319198 -0.86853417340502803 0.025479188000817801 -2.0615589560241316 -0.022623976737337972 -0.10321743377409288 0.0004960765485979478 0.019992100087479214 -0.0056668746539119989 -0.025250468969359938 0.047986067681468146
leaf_weight=31 30 36 33 145 63 29 20 30 20 24 25 31 21 23 131 25 26 22 28 44 20 27 51 107 283 58 21 86 420 31
leaf_count=31 30 36 33 145 63 29 20 30 20 24 25 31 21 23 131 25 26 22 28 44 20 27 51 107 283 58 21 86 420 31
internal_value=-0.000248842 0.00146428 -0.000607477 0.000259668 0.000989361 0.00350943 -7.15256e-10 -0.000480001 0.000823529 0.00159574 0.00258139 0.00610714 0.00128571 -0.000321429 -0.00109091 -0.00105085 0.000707864 -0.00138323 0.00087931 -0.000500001 0.00313636 -0.00109524 -0.0017324 -0.00116683 -0.000987014 -0.00109789 -0.00169231 0.000364485 -0.000642437 0.0017191
internal_weight=1941 336 1605 543 376 106 270 250 306 235 172 56 77 56 220 1062 89 167 116 72 44 63 71 1031 924 899 390 107 509 89
internal_count=1941 336 1605 543 376 106 270 250 306 235 172 56 77 56 220 1062 89 167 116 72 44 63 71 1031 924 899 390 107 509 89
is_linear=0
shrinkage=0.03


Tree=241
num_leaves=31
num_cat=0
split_feature=14 32 44 24 58 9 32 32 1 18 27 20 36 28 26 57 57 24 54 27 42 15 45 4 19 11 8 8 3 3
split_gain=1.72227 0.948615 1.06151 1.07143 0.870082 0.945899 1.12657 1.6369 1.81071 0.614054 0.742053 0.675066 0.648772 0.559158 1.2536 0.412769 0.504384 0.372638 0.692308 0.360352 0.436216 0.344722 0.328683 0.441392 0.430081 0.356467 0.312254 0.308768 0.352705 0.409425
threshold=31.650000000000002 617.91428570000005 31.850000000000005 694.95000000000016 1005.6500000000002 147.50000000000003 987.0571428500001 1085.9000000000003 9859.2500000000018 30.500000000000004 193.50000000000003 24.500000000000004 537.08571430000018 1006.9500000000002 11.550000000000002 302.50000000000006 334.00000000000006 1.0000000180025095e-35 135.65000000000001 295.50000000000006 -36.823214450000087 55.500000000000007 93.500000000000014 5.5000000000000009 3.5000000000000004 0.93540483100319627 3.5000000000000004 5.5000000000000009 7291043.3335000006 7227269.3570000008
decision_type=2 2 2 2 2 2 2 2 2 2 2 2 2 2 2 2 2 2 2 2 2 2 2 2 2 2 2 2 2 2
left_child=9 2 -2 -4 -3 6 13 -8 -9 22 -11 15 17 -6 -15 19 -17 -13 -19 20 -12 -7 23 -1 -25 27 -22 28 29 -26
right_child=1 4 3 -5 5 21 7 8 -10 10 11 12 -14 14 -16 16 -18 18 -20 -21 26 -23 -24 24 25 -27 -28 -29 -30 -31
leaf_value=-0.10489199029022879 -0.0060975016418484884 -0.063192505193798432 0.16741537457581698 0.000426729086299002 -0.34216529935791851 0.082046235060589168 0.074963298259820718 0.2359994586112848 -0.099996618419578687 -0.78578960655476626 0.034382728579450711 -0.080417763059797587 0.035646956879045004 -0.01623196858334475 0.12470961793769351 -0.019274217823093003 0.043697080089754557 0.017390354544626722 -0.0029887393287539371 0.1480072563484352 0.012512929494070334 -8.8007113887148485 0.017855297500758396 -0.023361015538200629 -0.00096749389548516512 0.0049140820018994608 -0.0072039389380693748 -0.22705351836404605 -0.28572923714843029 0.022670664640647004
leaf_weight=217 26 84 35 21 37 34 21 21 35 61 20 24 24 23 37 100 21 26 26 20 119 54 22 284 299 39 71 82 37 21
leaf_count=217 26 84 35 21 37 34 21 21 35 61 20 24 24 23 37 100 21 26 26 20 119 54 22 284 299 39 71 82 37 21
internal_value=-0.000264297 0.00141589 0.00431707 0.00664286 0.000728323 0.00158015 0.00286207 0.00557143 0.00289286 -0.000739591 0.000105468 0.000525498 0.0027 0.000711339 0.0025 -9.40178e-05 -0.0015124 0.0013421 0.00276923 0.000652173 0.000285714 -0.000954546 -0.00117183 -0.00125332 -0.000913387 -0.000364017 -0.000157895 -0.000608201 -0.000226891 9.37493e-05
internal_weight=1941 428 82 56 346 262 174 77 56 1513 512 451 100 97 60 351 121 76 52 230 210 88 1001 979 762 478 190 439 357 320
internal_count=1941 428 82 56 346 262 174 77 56 1513 512 451 100 97 60 351 121 76 52 230 210 88 1001 979 762 478 190 439 357 320
is_linear=0
shrinkage=0.03


Tree=242
num_leaves=31
num_cat=0
split_feature=14 39 57 41 6 41 18 27 57 8 56 5 12 5 30 23 39 16 15 15 11 10 2 19 44 44 19 41 16 37
split_gain=1.87139 1.05734 0.762812 0.869505 1.20333 0.883205 0.760065 0.680127 0.642145 0.609838 0.528685 0.688812 1.73077 0.46216 0.681818 0.474642 1.1396 0.490467 0.400666 0.654545 0.415708 0.38322 0.354175 0.57619 0.678802 0.585971 0.440941 0.512334 0.409264 0.970598
threshold=32.150000000000013 449.0063616062501 264.50000000000006 255.44107604957972 26.500000000000004 210.80515987203435 29.500000000000004 193.50000000000003 302.50000000000006 1.0000000180025095e-35 7.6500000000000012 37.500000000000007 0.56811179347017271 1.0000000180025095e-35 934.03482145000009 174.50000000000003 1036.1398437937503 24.350000000000005 75.500000000000014 81.500000000000014 -0.290129255202841 0.29012925520284133 22.535714285000001 7.5000000000000009 28.450000000000003 28.250000000000004 3.5000000000000004 80.162940558285612 24.350000000000005 667.80000000000007
decision_type=2 2 2 2 2 2 2 2 2 2 2 2 2 2 2 2 2 2 2 2 2 2 2 2 2 2 2 2 2 2
left_child=6 -2 -3 4 5 -4 22 -8 10 -10 -9 18 -13 14 -5 16 -15 -17 -12 -20 -21 -11 23 24 25 -1 27 -24 29 -28
right_child=1 2 3 13 -6 -7 7 8 9 21 11 12 -14 15 -16 17 -18 -19 19 20 -22 -23 26 -25 -26 -27 28 -29 -30 -31
leaf_value=-0.0029113553301864724 0.052669484043402069 0.18180745796813524 0.018489384584412894 -0.1458328308691263 -0.84454184656957243 0.21146510931825505 -0.75805947935434526 -3.4321748611644125 0.015561734554606854 0.00069331736224001082 -0.0052328262139417995 0.039893005439613917 0.41444535806155791 0.13898618013445624 0.11981816058889178 -0.96966493852745561 -0.44917643833997883 0.0023904194563392355 0.082791011669945735 0.15435424694106825 -0.0063568595404380548 -0.68545743937627468 0.13786272171937641 -0.19148552609124497 -0.40271063573747401 0.085980527754775146 0.0091999898870650399 -0.023973538128806978 -0.0060624463041740635 -0.010573597970134177
leaf_weight=51 21 21 26 22 30 24 65 43 38 28 68 52 20 27 33 82 25 25 45 20 79 98 29 199 47 20 129 250 284 40
leaf_count=51 21 21 26 22 30 24 65 43 38 28 68 52 20 27 33 82 25 25 45 20 79 98 29 199 47 20 129 250 284 40
internal_value=-0.000125194 0.00191071 0.00147619 0.00108163 0.00375 0.0066 -0.000551403 0.000345323 0.000727087 -0.000804879 0.00149541 0.00196479 0.0045 8.41114e-05 0.00245454 -0.00073585 0.00161538 -0.00187851 0.00110377 0.002 0.000636363 -0.00180952 -0.00102669 -0.00186435 -0.000203391 0.00164789 -0.000663935 -0.00160215 -8.60934e-05 0.00108284
internal_weight=1941 336 315 294 80 50 1605 556 491 164 327 284 72 214 55 159 52 107 212 144 99 126 1049 317 118 71 732 279 453 169
internal_count=1941 336 315 294 80 50 1605 556 491 164 327 284 72 214 55 159 52 107 212 144 99 126 1049 317 118 71 732 279 453 169
is_linear=0
shrinkage=0.03


Tree=243
num_leaves=31
num_cat=0
split_feature=53 38 31 22 36 8 22 41 56 46 5 43 19 48 43 18 27 45 40 36 43 32 53 49 45 12 57 26 44 1
split_gain=1.64681 0.876884 2.07471 0.686422 0.674077 0.62585 0.807018 0.796298 0.549538 0.424409 0.439301 0.404364 0.71189 0.622924 0.456269 0.355355 0.543119 0.814357 0.551087 0.469444 0.337789 0.426164 1.15011 0.362082 0.760604 0.470775 1.21001 0.516547 0.887472 0.392391
threshold=154.50000000000003 630.91160715000012 524.67857140000012 352.00000000000006 719.56250000000011 4.5000000000000009 753.50000000000011 248.55869741980896 3.8500000000000001 23.850000000000005 1.0000000180025095e-35 221.90714265 31.500000000000004 27.500000000000004 -74.85357142999996 48.500000000000007 200.50000000000003 78.500000000000014 2.4115699406249811 503.2214285500001 360.88482145000006 450.00000000000006 126.50000000000001 23.500000000000004 91.500000000000014 0.66285048286959747 288.50000000000006 5.5500000000000007 28.250000000000004 149.50000000000003
decision_type=2 2 2 2 2 2 2 2 2 2 2 2 2 2 2 2 2 2 2 2 2 2 2 2 2 2 2 2 2 2
left_child=8 2 3 -2 5 9 7 -7 -1 10 -3 12 13 14 -11 20 -17 -18 19 -19 21 22 23 24 25 27 -27 28 -10 -28
right_child=1 4 -4 -5 -6 6 -8 -9 15 11 -12 -13 -14 -15 -16 16 17 18 -20 -21 -22 -23 -24 -25 -26 26 29 -29 -30 -31
leaf_value=-0.27144129649313498 -0.19022845762358254 0.062047759511837573 0.18855245988415881 0.022585398209557357 0.13956473816320464 0.095469723005732809 0.17412861282408015 -0.0042934453652765069 -0.0033031881360443935 0.038227248308388334 -0.96833768950417543 -0.0065098160693396433 -0.24947220392725322 0.083003474814830419 -0.023043783716964902 -0.098650777447258975 -0.0048449547374139999 -0.90282942656959952 0.036625099418593383 0.2109341270073706 0.0095577324456418266 -0.24815554068336709 0.28805598561153284 -0.036746862924309717 0.14806802666591287 0.36487381737123337 -0.06621417093069501 -0.045837602734741675 0.050903737486929827 0.011450137129968471
leaf_weight=96 26 34 29 32 25 35 24 79 27 20 114 45 31 27 23 58 56 24 32 36 20 108 24 261 23 29 72 488 23 20
leaf_count=96 26 34 29 32 25 35 24 79 27 20 114 45 31 27 23 58 56 24 32 36 20 108 24 261 23 29 72 488 23 20
internal_value=-0.000264297 0.00113603 0.00389655 0.000620689 0.000610503 0.000333333 0.002 0.000947368 -0.000809593 -0.00044898 -0.00158108 0.000698629 0.00175247 0.00342857 0.00118605 -0.000647964 0.000495145 0.00145946 0.00319565 0.0015 -0.000863014 -0.000934884 -0.000735264 -0.000900319 -0.000536658 -0.000723825 0.000966941 -0.00110409 0.0018 -0.000717392
internal_weight=1941 544 87 58 457 432 138 114 1397 294 148 146 101 70 43 1301 206 148 92 60 1095 1075 967 943 682 659 121 538 50 92
internal_count=1941 544 87 58 457 432 138 114 1397 294 148 146 101 70 43 1301 206 148 92 60 1095 1075 967 943 682 659 121 538 50 92
is_linear=0
shrinkage=0.03


Tree=244
num_leaves=31
num_cat=0
split_feature=30 4 19 49 46 31 9 27 3 35 28 39 34 18 21 38 6 6 43 28 40 35 1 1 41 31 37 18 15 31
split_gain=1.72186 0.69008 1.69182 0.911836 0.686619 0.977117 0.745814 0.847857 0.754915 0.727702 0.911449 1.81269 1.05836 0.668936 0.665836 1.16896 1.01309 0.661654 1.06658 0.640219 0.635635 0.595238 0.527272 0.850599 0.77495 0.807041 0.960632 0.495513 0.740192 0.446037
threshold=58.764285715000007 21.500000000000004 51.500000000000007 10.500000000000002 25.350000000000005 88.262500000000003 141.50000000000003 306.50000000000006 7311514.6430000011 942.17857140000012 1004.9500000000002 828.32220980625004 630.78839285000015 31.500000000000004 272.50000000000006 360.04263392500008 26.500000000000004 28.500000000000004 150.38750000000002 1005.2500000000001 127.0889136886875 516.83571430000018 5414.2142860000013 7190.6309520000004 234.85851218711937 1200.1604165000001 578.90000000000009 17.500000000000004 87.500000000000014 950.34732145000009
decision_type=2 2 2 2 2 2 2 2 2 2 2 2 2 2 2 2 2 2 2 2 2 2 2 2 2 2 2 2 2 2
left_child=1 3 13 20 5 -2 7 29 9 10 11 12 -8 -3 -12 -16 22 -18 -19 -11 27 -13 -17 -24 -25 26 -26 28 -1 -7
right_child=4 2 -4 -5 -6 6 8 -9 -10 19 14 21 -14 -15 15 16 17 18 -20 -21 -22 -23 23 24 25 -27 -28 -29 -30 -31
leaf_value=0.11120966368800565 0.019466136851678771 -0.051125902798877701 0.018094094737215904 -0.14982528870600406 -0.0098577952661626674 -1.0787714762886045 0.014599638966763671 0.060007865042407578 -0.10705871891100004 -0.20088921256355541 -0.0056757059612824292 0.041075857350726011 0.27525731939577391 0.045312946021721735 0.76922286479581659 0.30717740700153168 -12.635853383339571 -0.39681191806172661 0.24115729890991108 0.0061556589393778572 -0.080399152683675451 -0.5783555148412598 -0.44867541007860501 0.023901570394702476 0.08061946461263933 0.020125795150437466 -0.0023061254349130613 -0.00092001898485883445 -0.0027496190746380609 0.017742696881951018
leaf_weight=20 24 101 29 341 92 114 20 39 46 52 49 21 21 28 20 24 56 51 26 34 192 21 24 21 30 23 95 267 23 37
leaf_count=20 24 101 29 341 92 114 20 39 46 52 49 21 21 28 20 24 56 51 26 34 192 21 24 21 30 23 95 267 23 37
internal_value=-0.000156106 -0.00102198 0.000797468 -0.00136299 0.000765957 0.00103302 0.000859223 -0.000789474 0.00135331 0.00164286 0.00207968 0.00495181 0.00943902 -0.000674419 0.00151074 0.00194595 0.00154286 -0.000518798 0.00128571 -0.000906977 -0.000549802 0.000571428 0.00280645 0.00228497 0.0030355 0.00227027 0.00132 0.000290322 0.00327907 -0.00180795
internal_weight=1941 1001 158 843 940 848 824 190 634 588 502 83 41 129 419 370 350 133 77 86 502 42 217 193 169 148 125 310 43 151
internal_count=1941 1001 158 843 940 848 824 190 634 588 502 83 41 129 419 370 350 133 77 86 502 42 217 193 169 148 125 310 43 151
is_linear=0
shrinkage=0.03


Tree=245
num_leaves=31
num_cat=0
split_feature=51 19 28 57 43 50 11 18 19 41 36 39 57 23 19 51 47 48 57 44 48 6 47 26 36 56 16 30 28 49
split_gain=2.17143 1.07832 1.22151 0.76795 1.08292 1.60952 0.690128 1.59338 0.692735 2.16628 0.666872 0.584993 0.607897 0.558216 0.981672 0.610304 0.461529 0.482143 0.455257 0.423507 0.649622 0.627262 0.449591 0.72 0.401535 0.459375 0.380981 0.928217 0.71959 0.55097
threshold=584.50000000000011 1.0000000180025095e-35 1003.9500000000002 290.50000000000006 -176.81249999999994 16.500000000000004 0.91037613702198772 49.500000000000007 51.500000000000007 20.722969356244157 758.0785714000001 1008.3181175437502 285.50000000000006 11.500000000000002 10.500000000000002 15.500000000000002 15.500000000000002 7.5000000000000009 269.50000000000006 28.450000000000003 63.500000000000007 26.500000000000004 43.500000000000007 5.4500000000000011 197.33750000000003 9.2500000000000018 24.150000000000002 147.41964285000003 1007.35 14.500000000000002
decision_type=2 2 2 2 2 2 2 2 2 2 2 2 2 2 2 2 2 2 2 2 2 2 2 2 2 2 2 2 2 2
left_child=6 10 -3 -4 -5 -6 13 8 16 -10 11 -2 18 14 19 -15 17 -8 -13 21 24 22 23 -1 25 -21 27 -17 29 -29
right_child=1 2 3 4 5 -7 7 -9 9 -11 -12 12 -14 15 -16 26 -18 -19 -20 20 -22 -23 -24 -25 -26 -27 -28 28 -30 -31
leaf_value=-0.70332086822102002 -0.077460696613271873 -3.6552061449927318 0.032801770043259106 0.017699422113238449 0.45358012160265615 0.017759623293512519 -0.012344957137744108 0.036424000616147839 -0.079648884662003719 0.015677744193216707 0.077776513353196935 0.18935827897748528 0.049524403264898133 0.0056021561576337147 -0.69374701779698356 0.16561335399161833 -0.015435525269246953 0.09471304801273675 -1.7503732572444859 -0.058914465165768204 0.36828055080044064 0.36057586794102081 -0.64191701492201736 0.043398076464190617 -0.19765068879719644 0.46366388532114822 -0.0063951540016829542 -0.079289112353007465 0.071018203542608405 0.0015119447800088907
leaf_weight=25 106 21 62 25 28 20 32 29 23 20 21 23 29 38 269 23 121 24 45 24 23 21 45 25 177 40 416 75 37 74
leaf_count=25 106 21 62 25 28 20 32 29 23 20 21 23 29 38 269 23 121 24 45 24 23 21 45 25 177 40 416 75 37 74
internal_value=-0.00021793 0.00181579 0.00373077 0.00477778 0.00686301 0.0095 -0.000713005 0.000734939 -0.000136364 0.00327907 0.000482142 -4.43357e-05 0.00163917 -0.000987806 -0.00161325 -0.000375566 -0.000966102 0.00128571 8.82346e-05 -0.00063158 -0.00129546 0.00087931 -0.000157895 0.0018 -0.00175519 0.000281249 -0.000600001 0.000444975 -0.000258065 -0.00118792
internal_weight=1941 380 156 135 73 48 1561 249 220 43 224 203 97 1312 649 663 177 56 68 380 264 116 95 50 241 64 625 209 186 149
internal_count=1941 380 156 135 73 48 1561 249 220 43 224 203 97 1312 649 663 177 56 68 380 264 116 95 50 241 64 625 209 186 149
is_linear=0
shrinkage=0.03


Tree=246
num_leaves=31
num_cat=0
split_feature=55 54 41 43 8 54 11 17 40 34 42 42 3 32 32 14 1 12 11 1 56 56 28 3 33 40 56 56 57 44
split_gain=1.63574 1.07927 0.972794 1.20536 0.820035 0.707843 0.674752 1.31211 1.95315 0.640197 0.5969 0.691651 0.933838 0.574041 0.565198 0.479522 0.422762 0.500547 0.45757 0.647492 0.440212 0.410034 0.549972 0.409756 0.4 0.396239 0.373115 0.540628 0.446268 0.711416
threshold=615.00000000000011 579.00000000000011 260.15625666338218 194.16785714500003 4.5000000000000009 759.30000000000007 0.91037613702198772 61.500000000000007 7.9590401786458154 1160.0785715000004 16.351785699999983 36.331250015000002 6387416.8750000009 674.48214285000006 1211.8696430000002 28.650000000000002 9810.2410715000024 0.53946920585801694 1.0000000180025095e-35 1407.2142860000001 8.4500000000000011 12.15 1007.0500000000001 6414269.8125000009 980.58125000000007 29.206510417916657 4.5500000000000007 5.9500000000000011 307.50000000000006 29.550000000000004
decision_type=2 2 2 2 2 2 2 2 2 2 2 2 2 2 2 2 2 2 2 2 2 2 2 2 2 2 2 2 2 2
left_child=6 2 -2 -4 9 13 10 15 23 14 16 12 -12 -6 -3 25 17 18 19 -1 -21 -13 -23 -9 -7 -8 -19 -28 29 -29
right_child=1 4 3 -5 5 24 7 8 -10 -11 11 21 -14 -15 -16 -17 -18 26 -20 20 -22 22 -24 -25 -26 -27 27 28 -30 -31
leaf_value=0.079701040717824037 0.10888741715480037 -0.85975990721269702 0.10030728321375029 -0.15915622464458656 0.13344662696334228 0.222211390705777 -0.0012541340914405477 -0.027027893473686001 0.018267967095118662 0.045525529274288656 -0.0064396374583317517 -0.0072574760146352137 0.13665883371151466 -0.0066196097813040616 0.18412661961168245 -1.0686707630071546 0.015307599600402701 -0.75184808418043991 -0.67360349285951426 0.0036109884059922007 -0.0038809438789494835 -0.0068648615715042986 0.067054007513467906 0.0071412353062109751 0.02898675679815475 0.1032918531646292 0.04915382259725963 0.0023223927858046791 -0.01438686197071804 -0.27104695197174411
leaf_weight=29 20 137 28 20 23 20 103 21 30 26 30 146 36 45 25 54 20 64 280 27 78 71 28 20 20 21 21 245 91 162
leaf_count=29 20 137 28 20 23 20 103 21 30 26 30 146 36 45 25 54 20 64 280 27 78 71 28 20 20 21 21 245 91 162
internal_value=-0.000279753 0.00153297 0.00494118 0.002625 0.000749999 0.00283333 -0.000698162 0.000734939 0.0041831 -0.000446809 -0.000966868 0.000183279 0.00290909 0.000970588 -0.00114815 -0.00064045 -0.00131858 -0.00140522 -0.0022029 -0.000761195 -0.00185714 -0.000551021 0.000939393 -7.31714e-05 0.006 0.000387096 -0.000838766 -0.000572255 -0.000771085 -0.000346438
internal_weight=1941 364 68 48 296 108 1577 249 71 188 1328 311 66 68 162 178 1017 997 414 134 105 245 99 41 40 124 583 519 498 407
internal_count=1941 364 68 48 296 108 1577 249 71 188 1328 311 66 68 162 178 1017 997 414 134 105 245 99 41 40 124 583 519 498 407
is_linear=0
shrinkage=0.03


Tree=247
num_leaves=31
num_cat=0
split_feature=51 49 28 43 44 9 43 41 36 11 27 36 19 51 54 44 28 28 47 47 36 18 14 39 56 8 56 6 26 19
split_gain=2.07006 1.12111 1.0841 0.975844 1.12847 0.958569 0.795085 0.755724 0.532303 0.494934 1.07963 0.921886 0.528673 0.805481 0.746351 0.539904 0.499256 1.17305 0.907407 0.47523 0.478636 0.508386 0.465749 0.653837 0.451619 0.498869 0.57688 0.432692 0.413017 0.786447
threshold=584.50000000000011 13.500000000000002 1006.5500000000001 185.94910709999996 32.550000000000004 151.50000000000003 -100.70892857149998 257.1342189636942 20.210714285000005 0.91037613702198772 235.50000000000003 952.09553570000014 16.500000000000004 98.500000000000014 18.850000000000005 31.950000000000003 1006.5500000000001 1006.7500000000001 25.500000000000004 8.5000000000000018 838.52857140000015 14.500000000000002 29.250000000000004 43.256584823062504 5.4500000000000011 5.5000000000000009 8.3500000000000032 26.500000000000004 12.950000000000001 42.500000000000007
decision_type=2 2 2 2 2 2 2 2 2 2 2 2 2 2 2 2 2 2 2 2 2 2 2 2 2 2 2 2 2 2
left_child=9 2 5 4 -4 8 -6 -3 -2 12 11 -11 15 -14 -15 16 22 18 -18 -19 21 -21 23 -1 -23 26 -26 -8 29 -16
right_child=1 7 3 -5 6 -7 27 -9 -10 10 -12 -13 13 14 28 -17 17 19 -20 20 -22 24 -24 -25 25 -27 -28 -29 -30 -31
leaf_value=-0.014590387938465836 -1.4440739257546458 0.11173520059134735 0.15069033272100268 -0.011010686962107233 0.073448073266752803 0.0094218192604814937 0.0017763723592667813 0.013784321534237625 0.084313000639114399 0.00048178464647918 -0.0021714590572908233 0.057214854389441266 -0.5448485809131024 0.2649561691043183 0.094586759066564816 0.026920624746525092 0.014088968690100337 -0.23097062359266246 -0.0016244282703530737 0.16845247206332184 -0.20194396372706452 -0.029068830666214809 -0.24740463537898755 0.056726705343193094 0.038135470705044819 -0.15867498053560863 0.0090230969499061741 -1.3344369324046959 -0.006839907588193442 -0.08947482816371144
leaf_weight=174 124 27 32 50 20 22 32 33 20 33 189 27 302 29 22 27 27 77 27 23 39 49 202 32 23 36 94 20 58 71
leaf_count=174 124 27 32 50 20 22 32 33 20 33 189 27 302 29 22 27 27 77 27 23 39 49 202 32 23 36 94 20 58 71
internal_value=-0.000248842 0.00173684 0.00103125 0.00284416 0.0045 -0.000650603 0.00241667 0.0055 -0.00154167 -0.000732224 0.000493975 0.004 -0.00096494 -0.00175519 -0.000166667 -0.000506025 -0.000646327 0.000113923 0.00422222 -0.000536658 6.81811e-05 0.000599999 -0.00138235 -0.000378641 0.000118811 0.000921568 0.00187179 0.000461538 -0.00101325 0.000225806
internal_weight=1941 380 320 154 104 166 72 60 144 1561 249 60 1312 482 180 830 803 395 54 341 264 225 408 206 202 153 117 52 151 93
internal_count=1941 380 320 154 104 166 72 60 144 1561 249 60 1312 482 180 830 803 395 54 341 264 225 408 206 202 153 117 52 151 93
is_linear=0
shrinkage=0.03


Tree=248
num_leaves=31
num_cat=0
split_feature=51 8 54 1 56 46 41 17 27 43 36 1 39 44 8 1 1 37 53 25 47 56 35 4 17 37 27 1 47 47
split_gain=2.85025 1.26981 1.34301 1.27551 0.816431 0.793052 0.786268 0.768008 0.75 0.570995 0.467343 0.4 0.357884 0.986923 0.512958 0.440131 0.666264 0.928798 0.814671 1.12161 0.579489 1.19979 0.727603 0.713009 0.565245 0.528321 0.533695 0.446594 0.365527 0.927223
threshold=625.00000000000011 4.5000000000000009 589.20000000000016 9273.7857140000033 38.350000000000001 23.850000000000005 326.18988363030729 17.500000000000004 277.50000000000006 378.09107145000002 344.61875000000003 8900.7142860000022 674.18270089375017 31.950000000000003 5.5000000000000009 310.39285715000005 1407.2142860000001 80.929464285000009 62.500000000000007 95.500000000000014 67.500000000000014 18.550000000000004 688.90803570000014 21.500000000000004 67.500000000000014 80.929464285000009 312.50000000000006 8680.0803570000007 7.5000000000000009 17.500000000000004
decision_type=2 2 2 2 2 2 2 2 2 2 2 2 2 2 2 2 2 2 2 2 2 2 2 2 2 2 2 2 2 2
left_child=4 2 11 7 9 10 -5 -3 -7 12 -4 -2 13 14 15 20 17 24 19 -18 21 22 25 -22 -17 26 28 -20 -1 -30
right_child=1 3 5 6 -6 8 -8 -9 -10 -11 -12 -13 -14 -15 -16 16 18 -19 27 -21 23 -23 -24 -25 -26 -27 -28 -29 29 -31
leaf_value=-0.093820379270362755 0.069496192067825369 0.057217193127653304 -2.8534289766896448 -0.3529793876491823 0.013684709687867757 0.17691526913156128 0.13066127723038198 0.0093812726005392325 -0.67214284595411644 0.014083626572336368 0.065978187220062517 0.061219084363964164 -0.0068899700511147067 0.067317717067783139 -0.15699715046899129 -0.070017531308822031 -0.031937476615018577 0.030109114273079558 -0.014319408490703425 0.10560300666274929 -0.14727296858828504 0.0048243704833358112 -0.12203334222189023 0.0039112901371139951 0.25692967123324056 -0.85814247367163976 -0.10191084712168118 0.078357209846851086 0.13009429714302312 0.029384769363714019
leaf_weight=49 20 38 116 29 28 24 35 30 24 34 20 20 126 20 202 43 31 35 187 26 215 22 164 38 20 43 72 20 46 164
leaf_count=49 20 38 116 29 28 24 35 30 24 34 20 20 126 20 202 43 31 35 187 26 215 22 164 38 20 43 72 20 46 164
internal_value=-3.24582e-05 0.00239326 0.00101786 0.00472727 -0.000577288 -6.52181e-05 0.0016875 0.00758823 0.00325 -0.000668594 -0.00123529 0.006 -0.000754433 -0.000616321 -0.000712419 -0.000472341 0.000397789 0.0025102 -0.000386364 0.00278947 -0.000859779 -0.000321429 -0.000602231 -0.00205138 0.000333333 0.000128342 0.000534742 -0.00126087 0.00116988 0.00171428
internal_weight=1941 356 224 132 1585 184 64 68 48 1557 136 40 1523 1397 1377 1175 362 98 264 57 813 560 538 253 63 374 331 207 259 210
internal_count=1941 356 224 132 1585 184 64 68 48 1557 136 40 1523 1397 1377 1175 362 98 264 57 813 560 538 253 63 374 331 207 259 210
is_linear=0
shrinkage=0.03


Tree=249
num_leaves=31
num_cat=0
split_feature=56 58 1 18 10 27 40 40 42 53 19 3 28 1 39 24 40 45 8 2 43 26 16 3 17 40 35 26 9 46
split_gain=2.36363 3.31432 1.81976 1.56816 2.18041 0.841611 1.11313 0.825 0.806881 0.90165 0.83225 0.549789 0.433417 0.533464 0.533371 0.779402 0.567726 0.557504 0.507821 1.22996 0.718744 0.705361 0.89275 0.657027 0.465838 1.18224 0.498411 1.45455 0.413413 0.406114
threshold=17.650000000000002 1005.35 8900.7142860000022 1.0000000180025095e-35 -0.3520614488341256 297.50000000000006 775.95531994583337 867.41514136666672 275.21696415000002 235.50000000000003 44.500000000000007 6406834.1430000011 1006.5500000000001 11959.142860000002 753.13627234375008 508.35000000000008 49.078050595833353 77.500000000000014 1.5000000000000002 6784.1071430000011 156.30000000000004 12.550000000000002 24.150000000000002 6297804.0000000009 17.500000000000004 5.5314360118750008 58.021428570000005 6.8500000000000005 151.50000000000003 25.950000000000003
decision_type=2 2 2 2 2 2 2 2 2 2 2 2 2 2 2 2 2 2 2 2 2 2 2 2 2 2 2 2 2 2
left_child=8 5 3 7 -5 -2 -7 -3 9 12 -11 -4 18 14 15 16 17 -14 19 21 -20 -1 -23 -24 25 -19 28 -28 -26 -18
right_child=1 2 11 4 -6 6 -8 -9 -10 10 -12 -13 13 -15 -16 -17 29 24 20 -21 -22 22 23 -25 26 -27 27 -29 -30 -31
leaf_value=-0.19859496697752799 -0.024722726131547856 0.010390275711783819 0.10745852122632669 -0.57398626173278477 0.06399636579093998 -0.0035502565937448054 0.014397732897454791 0.26830121646097116 0.19594885655368535 0.077506350449986147 -0.011969839601071586 -0.30759585780822779 0.19025608780689543 0.038317515841633523 -0.039375575860037267 0.040681796695667093 -0.06558296800407179 0.026087788712179743 -0.52457427439797 0.16433958024650883 0.089784231514928578 -0.013668352225299836 0.033672121632905685 0.78546951990858793 -0.0012265213816221197 -0.0092657517359647258 0.0077810512264625221 -0.10737109685053985 -0.10675777495327171 0.023367212289580889
leaf_weight=106 165 20 20 22 41 57 35 24 28 38 30 29 23 26 67 39 216 22 432 33 34 40 20 23 174 32 22 22 68 33
leaf_count=106 165 20 20 22 41 57 35 24 28 38 30 29 23 26 67 39 216 22 432 33 34 40 20 23 174 32 22 22 68 33
internal_value=-1.54631e-06 0.00201211 0.00546154 0.0076542 0.00461905 -8.17128e-05 0.00221739 0.012 -0.000545812 -0.000640001 0.00273529 0.000673469 -0.00080028 -0.000298388 -0.000451254 -0.000188941 -0.000450981 0.000305784 -0.00134302 -0.000162163 -0.00190558 -0.00109524 0.000975903 0.00397674 -7.15256e-10 0.00255555 -0.000482518 0.00245454 -0.00101653 -0.00155422
internal_weight=1941 413 156 107 63 257 92 44 1528 1500 68 49 1432 744 718 651 612 363 688 222 466 189 83 43 340 54 286 44 242 249
internal_count=1941 413 156 107 63 257 92 44 1528 1500 68 49 1432 744 718 651 612 363 688 222 466 189 83 43 340 54 286 44 242 249
is_linear=0
shrinkage=0.03


Tree=250
num_leaves=31
num_cat=0
split_feature=21 59 41 57 42 1 57 11 18 10 43 19 37 43 8 11 32 56 3 27 39 32 1 1 57 57 3 48 3 36
split_gain=1.81706 1.16329 1.0656 2.1101 1.5917 0.739519 0.716187 0.696815 2.06451 0.918242 0.621943 0.61395 0.601058 0.572808 0.68383 0.51998 0.585633 0.738294 0.634921 0.458009 0.449164 0.500713 0.427634 0.92112 0.585295 0.910108 1.21456 1.01887 0.67513 0.825
threshold=615.00000000000011 6.4500000000000011 252.41149309128915 285.50000000000006 300.95625000000007 7399.8392855000011 264.50000000000006 0.91037613702198772 49.500000000000007 -0.29012925520284144 368.35892860000007 20.500000000000004 861.71250000000009 112.92946429999996 5.5000000000000009 1.0000000180025095e-35 443.67500000000001 7.3500000000000005 6655586.9285000013 264.50000000000006 681.49107141875004 669.85178570000005 3867.5833335000002 3005.2142855000006 294.50000000000006 284.50000000000006 6587709.6785000013 14.500000000000002 6327905.3125000009 240.41785715000003
decision_type=2 2 2 2 2 2 2 2 2 2 2 2 2 2 2 2 2 2 2 2 2 2 2 2 2 2 2 2 2 2
left_child=1 7 3 12 6 -5 -4 10 9 -9 11 20 -2 14 -8 16 17 -13 -19 -12 21 22 23 24 25 27 -27 -1 29 -29
right_child=2 -3 4 5 -6 -7 13 8 -10 -11 19 15 -14 -15 -16 -17 -18 18 -20 -21 -22 -23 -24 -25 -26 26 -28 28 -30 -31
leaf_value=-0.20088358437374781 -2.1176576430663312 0.013627876347592301 0.17304873996904352 0.098263961886654122 0.18361677342437527 0.17186250656493493 -0.10158979333630702 0.089344901593243098 0.033325583852485741 -0.0032212453589451446 0.17851802271391143 -0.22074552174148462 0.085155472104032709 -0.16905797089628699 0.12259920176106513 -0.68448642915674041 -0.012412916039622333 0.34133545772683477 -0.083341837626074361 -0.0033183341449505295 -0.29434585716071882 0.037664619608130501 -0.0078060142748586758 0.1531623045633678 -0.095068826689417241 0.0027599443434503683 0.18747135834298301 0.29253679680423278 0.00011473555278178434 -0.026713928772004146
leaf_weight=159 33 28 39 20 20 27 98 38 29 182 20 35 20 75 32 209 115 24 21 22 62 27 77 25 281 42 22 20 115 24
leaf_count=159 33 28 39 20 20 27 98 38 29 182 20 35 20 75 32 209 115 24 21 22 62 27 77 25 281 42 22 20 115 24
internal_value=-4.79142e-05 -0.000488904 0.00186264 0.0045 0.000863636 0.00912766 0.000196721 -0.000598451 0.000855421 -0.000136364 -0.000876924 -0.000996821 0.000396226 -0.000512196 0.000692307 -0.0019604 -0.000846155 0.001125 0.00366667 0.00271428 -0.000540984 -0.000348486 -0.000490197 -0.000252908 -0.000466064 0.000298429 0.0035625 -0.000358491 0.00133962 0.0045
internal_weight=1941 1577 364 100 264 47 244 1549 249 220 1300 1258 53 205 130 404 195 80 45 42 854 792 765 688 663 382 64 318 159 44
internal_count=1941 1577 364 100 264 47 244 1549 249 220 1300 1258 53 205 130 404 195 80 45 42 854 792 765 688 663 382 64 318 159 44
is_linear=0
shrinkage=0.03


Tree=251
num_leaves=31
num_cat=0
split_feature=21 41 8 57 56 42 41 34 28 32 18 4 20 36 9 3 3 39 38 42 30 4 19 5 17 15 36 57 10 27
split_gain=2.04487 0.943258 0.918974 1.25826 0.810867 0.688212 0.727706 0.540077 0.527687 0.7548 0.394231 2.1129 0.503459 0.412032 0.869513 0.603679 1.03471 0.896768 1.52988 1.10738 0.530154 0.525487 0.872954 0.796169 1.09984 0.713068 0.940085 0.323882 0.923785 0.311111
threshold=584.50000000000011 192.62803308768471 3.5000000000000004 262.50000000000006 38.350000000000001 268.46964284999996 234.85851218711937 1046.5857140000001 1007.6500000000002 1174.6544645000001 49.500000000000007 1.5000000000000002 41.500000000000007 9.2428571430000002 137.50000000000003 6335789.0625000009 6428052.5625000009 645.40245537500016 197.33303571250002 -20.283035715000008 76.585714285000009 20.500000000000004 4.5000000000000009 37.500000000000007 32.500000000000007 86.500000000000014 824.19375000000014 278.50000000000006 0.72947329433276253 299.50000000000006
decision_type=2 2 2 2 2 2 2 2 2 2 2 2 2 2 2 2 2 2 2 2 2 2 2 2 2 2 2 2 2 2
left_child=4 -2 3 -3 10 6 -4 -5 9 -8 13 -12 27 14 -1 -16 17 18 -17 -20 -18 22 25 -23 -25 29 -27 -13 -29 -15
right_child=1 2 5 7 -6 -7 8 -9 -10 -11 11 12 -14 21 15 16 20 -19 19 -21 -22 23 -24 24 -26 26 -28 28 -30 -31
leaf_value=0.015338130894531659 0.048993112559376661 0.036209750437122733 0.069515163729211848 -1.5257683894208589 0.012433400119879911 0.16670541850856843 -0.0070466175708378768 0.14168536242882038 0.25172342454406382 0.27590366626816137 0.049473431146827423 -0.026033257692753581 0.018197335677284515 -0.0055110387774869431 -0.018719016024143685 -0.013286017948223112 0.023539844716318085 -0.0027452246693369878 0.091146854026002228 0.22757066399659984 -0.015260514402260802 -0.0026580982746805186 -0.18083131595820481 -0.19197531985797708 0.13642693426308575 0.17479154205151315 -0.0081103651956253419 0.20426474732743263 -0.19638326373559498 -0.54435227651304574
leaf_weight=20 30 22 28 120 28 22 79 26 31 22 26 110 37 180 117 34 25 36 20 23 161 165 313 28 25 35 36 27 43 72
leaf_count=20 30 22 28 120 28 22 79 26 31 22 26 110 37 180 117 34 25 36 20 23 161 165 313 28 25 35 36 27 43 72
internal_value=-7.88261e-05 0.00189474 0.00145714 -0.000142858 -0.000559258 0.00293407 0.00225 -0.00115069 0.00131818 0.000267326 -0.000651664 0.000456789 -0.000511521 -0.000860466 -0.000110092 -0.000403847 0.000311036 0.00257522 0.0044026 0.00816279 -0.00106452 -0.00124356 -0.00167925 2.75222e-05 0.00322641 -0.00058514 0.00207042 -0.00116667 0.000428571 -0.00133333
internal_weight=1941 380 350 168 1561 182 160 146 132 101 1533 243 217 1290 436 416 299 113 77 43 186 854 636 218 53 323 71 180 70 252
internal_count=1941 380 350 168 1561 182 160 146 132 101 1533 243 217 1290 436 416 299 113 77 43 186 854 636 218 53 323 71 180 70 252
is_linear=0
shrinkage=0.03


Tree=252
num_leaves=31
num_cat=0
split_feature=21 59 41 36 8 41 46 34 37 3 8 28 58 14 43 59 10 18 3 6 46 56 45 16 15 9 10 58 57 3
split_gain=1.60876 1.20565 1.06356 0.615251 0.767859 1.38474 0.708448 0.879339 0.633431 0.81166 0.406598 0.393924 0.95664 0.363271 0.540793 0.825862 0.731267 1.04098 0.923434 0.715271 0.68326 1.86609 0.627174 0.594828 0.816667 0.521669 0.766268 0.426349 0.453464 0.429501
threshold=584.50000000000011 6.4500000000000011 192.62803308768471 719.56250000000011 4.5000000000000009 248.55869741980896 23.950000000000003 952.86875000000009 791.23303570000019 6323211.1875000009 3.5000000000000004 1008.5500000000001 1008.2500000000001 28.750000000000004 194.16785714500003 0.45000000000000007 0.5277851165098012 49.500000000000007 6677004.8395000007 24.500000000000004 24.550000000000004 15.850000000000003 90.500000000000014 26.050000000000004 86.500000000000014 137.50000000000003 -0.52778511650980109 1007.4500000000002 304.50000000000006 6394710.7500000009
decision_type=2 2 2 2 2 2 2 2 2 2 2 2 2 2 2 2 2 2 2 2 2 2 2 2 2 2 2 2 2 2
left_child=1 11 -2 4 6 -6 10 -8 -7 -10 -4 12 13 14 15 16 17 20 -19 -18 21 -1 27 24 -21 26 -15 -22 29 -29
right_child=2 -3 3 -5 5 8 7 -9 9 -11 -12 -13 -14 25 -16 -17 19 18 -20 23 22 -23 -24 -25 -26 -27 -28 28 -30 -31
leaf_value=0.23147275011767904 0.047523319182594628 0.012060398116282817 -12.471691720840459 0.13652799136526039 0.15602958164364697 -0.0052211016820568439 -0.00033217845081804016 0.23254611484958529 0.15389815394616069 -0.00087632717427419836 0.12151054781292121 -0.0074854233966502697 0.088562654056601312 0.010922456156310755 0.10852799900783212 -0.10322658692418475 -0.67134765854889566 0.062663543411085584 -0.00043683009435926284 -0.013201571368555249 -0.054741370220310052 -0.019883927582284744 0.0078697725735112738 -0.61133880193073475 0.045660274953450243 -0.011192573819123064 -1.3801559449276586 -0.0012724065459782938 -0.0059463512645356251 0.15192467484047081
leaf_weight=28 30 28 107 24 29 27 42 20 20 46 35 88 38 25 39 120 203 29 20 40 131 38 20 23 24 569 27 21 30 20
leaf_count=28 30 28 107 24 29 27 42 20 20 46 35 88 38 25 39 120 203 29 20 40 131 38 20 23 24 569 27 21 30 20
internal_value=-0.000171562 -0.000597695 0.00157895 0.00111428 0.000773005 0.00265574 -0.000352942 0.00232258 0.000870967 0.00245454 -0.00152113 -0.000710373 -0.000591696 -0.000718551 -0.000290077 -0.00046988 -3.34935e-05 0.000916913 0.00495918 -0.00113793 0.000229166 0.00290909 -0.000567568 0.00113793 0.002625 -0.00126087 0.00161538 -0.00106931 0.000802816 0.00285366
internal_weight=1941 1561 380 350 326 122 204 62 93 66 142 1533 1445 1407 786 747 627 337 49 290 288 66 222 87 64 621 52 202 71 41
internal_count=1941 1561 380 350 326 122 204 62 93 66 142 1533 1445 1407 786 747 627 337 49 290 288 66 222 87 64 621 52 202 71 41
is_linear=0
shrinkage=0.03


Tree=253
num_leaves=31
num_cat=0
split_feature=30 21 11 9 6 44 48 47 14 34 27 35 14 6 19 27 26 58 58 33 45 34 41 11 38 58 28 37 35 17
split_gain=1.25337 0.898823 0.820896 1.18603 0.80444 0.734705 0.679124 0.659666 0.655429 0.598122 1.28333 1.14797 0.489956 0.623149 1.06331 1.65015 1.0719 0.896235 0.819214 0.80284 0.928146 0.7106 0.477428 0.413377 0.326416 0.319072 0.607303 0.347423 0.305436 0.535714
threshold=61.618750000000006 52.000000000000007 0.91037613702198772 156.50000000000003 17.500000000000004 28.450000000000003 63.500000000000007 43.500000000000007 28.150000000000002 1160.0785715000004 275.50000000000006 635.83125000000007 33.350000000000001 18.500000000000004 42.500000000000007 306.50000000000006 16.050000000000004 1006.5500000000001 1007.85 874.45000000000016 74.500000000000014 465.17500000000001 203.69147777579278 0.93540483100319627 1085.7234375875003 1008.35 1008.5500000000001 987.0571428500001 72.642857140000018 57.500000000000007
decision_type=2 2 2 2 2 2 2 2 2 2 2 2 2 2 2 2 2 2 2 2 2 2 2 2 2 2 2 2 2 2
left_child=2 -2 4 23 -1 7 -7 8 -6 12 -11 -12 13 14 15 16 -3 24 19 20 21 -19 -18 -4 -15 -20 -27 -28 -25 -30
right_child=1 9 3 -5 5 6 -8 -9 -10 10 11 -13 -14 17 -16 -17 22 18 25 -21 -22 -23 -24 28 -26 26 27 -29 29 -31
leaf_value=-0.60134626700144678 0.015305486904884161 0.09255004241218423 0.022307823998658178 0.031124439117168889 -0.014303250613578729 -0.057156148561231572 0.36789792748792222 -0.54224915622760461 0.042187387532679609 -0.38757476645389394 -0.049932568280188577 0.039024477377765043 0.20592899124223393 -0.76820194359771166 -0.0072089787718943909 0.10478395663209825 0.0098451472567924816 0.20393866122204385 -0.012007745836063831 -0.0060350449347770386 -0.0043676783481507451 0.026880941004621586 -0.0081057867198974544 -0.014370740728843281 0.12587270195322081 0.28461235358966025 -0.0051499938233244558 0.014905547470829084 -0.011970779152705512 0.010610426588602194
leaf_weight=276 37 35 36 20 45 328 23 46 38 22 23 25 37 180 136 38 24 25 49 36 30 21 83 113 21 26 62 26 56 24
leaf_count=276 37 35 36 20 45 328 23 46 38 22 23 25 37 180 136 38 24 25 49 36 30 21 83 113 21 26 62 26 56 24
internal_value=-0.000264297 0.00052564 -0.001 0.000493975 -0.00149206 -0.000750001 -0.00146154 0.00118605 0.00278313 0.00033704 0.003 0.00575 0.000112183 -4.54553e-05 0.000987341 0.0025 0.00101408 -0.000731093 0.000381817 0.00235714 0.00410526 0.00678261 -0.000476636 -0.000117905 -0.00225373 -0.000975461 -0.000105264 -0.00129546 -0.000668394 0.000749999
internal_weight=1941 936 1005 249 756 480 351 129 83 899 70 48 829 792 316 180 142 476 275 112 76 46 107 229 201 163 114 88 193 80
internal_count=1941 936 1005 249 756 480 351 129 83 899 70 48 829 792 316 180 142 476 275 112 76 46 107 229 201 163 114 88 193 80
is_linear=0
shrinkage=0.03


Tree=254
num_leaves=31
num_cat=0
split_feature=15 39 26 2 59 11 45 36 49 2 2 42 28 50 32 3 46 15 44 47 16 3 32 38 44 38 39 26 47 18
split_gain=1.32699 1.957 2.40833 1.21287 0.797511 0.699094 1.48916 1.10513 0.729232 0.694515 0.625 0.614326 0.584945 0.641201 0.920193 0.803279 0.667027 0.906531 0.581318 0.56448 0.514407 0.468302 0.703943 0.390966 1.27652 0.631613 0.527592 0.511062 0.605284 0.375758
threshold=61.500000000000007 712.92790178750022 18.650000000000002 6931.5267855000011 6.4500000000000011 0.91037613702198772 91.500000000000014 63.264285715000007 4.5000000000000009 7867.6428570000007 2091.1607145000003 253.82589285000003 1008.5500000000001 47.000000000000007 476.62857140000006 6406834.1430000011 23.750000000000004 63.500000000000007 28.450000000000003 43.500000000000007 25.750000000000004 6397828.7855000012 747.78750000000002 256.46272321250007 30.450000000000003 681.27633928750015 782.11194195625001 13.250000000000002 30.500000000000004 45.500000000000007
decision_type=2 2 2 2 2 2 2 2 2 2 2 2 2 2 2 2 2 2 2 2 2 2 2 2 2 2 2 2 2 2
left_child=1 2 10 11 5 7 9 12 18 -7 -1 -3 13 16 15 -15 -2 -18 19 20 -9 -16 -23 24 27 -25 -27 28 -19 -30
right_child=4 3 -4 -5 -6 6 -8 8 -10 -11 -12 -13 -14 14 21 -17 17 23 -20 -21 -22 22 -24 25 -26 26 -28 -29 29 -31
leaf_value=0.27516768530632751 -0.64425619389283784 -0.0040300276276188114 0.28407970900093915 0.032008779772356478 0.01123942156564758 -0.0024219946307096375 0.012691315369897585 -0.0090542133524579901 -0.50520897721755553 0.0015416096249494346 -0.34154519435007979 0.14988727403593924 -0.0062312981539839156 0.080104704439463256 -0.56548684759913259 0.15419425799258848 0.28128995148930208 0.18965860075388746 -0.057029593300139965 -0.51909594020479577 0.24742676637057295 -0.19922092910020087 1.536117624769979 -0.0088127829006605443 0.024822648884787694 0.095534134063874065 -0.007604873051769552 -0.34175203051444897 -0.2129664850465908 0.00012364420441790181
leaf_weight=20 66 191 20 20 28 196 25 37 311 28 20 25 103 25 30 36 34 38 244 45 32 23 20 117 23 23 51 55 31 24
leaf_count=20 66 191 20 20 28 196 25 37 311 28 20 25 103 25 30 36 34 38 244 45 32 23 20 117 23 23 51 55 31 24
internal_value=-0.000187018 0.00166216 0.0065 0.000432203 -0.000519758 -0.00060668 0.000855421 -0.000872808 -0.0017444 8.03564e-05 0.00225 -0.000222223 -3.86273e-05 0.000322147 0.00214925 0.00486885 -0.000207793 0.000257575 -0.00082123 0.000947368 0.00265217 -0.000123288 0.00188372 -0.000182321 0.000859648 -0.00111518 0.00105405 -0.000162163 0.00119355 -0.000818183
internal_weight=1941 296 60 236 1645 1617 249 1368 669 224 40 216 699 596 134 61 462 396 358 114 69 73 43 362 171 191 74 148 93 55
internal_count=1941 296 60 236 1645 1617 249 1368 669 224 40 216 699 596 134 61 462 396 358 114 69 73 43 362 171 191 74 148 93 55
is_linear=0
shrinkage=0.03


Tree=255
num_leaves=31
num_cat=0
split_feature=1 11 9 52 56 32 16 9 46 8 42 3 40 42 23 41 3 3 37 42 48 30 56 35 28 28 11 49 41 48
split_gain=1.22567 0.986939 1.10585 0.924117 0.74185 1.88876 1.03937 0.706488 0.731486 0.879339 0.605304 0.850915 0.541841 0.485152 0.717194 0.740192 0.621341 0.805545 1.22103 0.78739 0.61846 0.728139 0.70028 0.473709 1.04143 0.48 0.423819 0.400758 0.380952 0.374723
threshold=610.92857145000005 0.91037613702198772 156.50000000000003 1.5000000000000002 17.650000000000002 362.47857145000006 23.350000000000005 149.50000000000003 24.450000000000003 1.5000000000000002 9.3982142850000017 6405398.0000000009 28.019345238125002 275.21696415000002 291.00000000000006 291.7853384487251 6548168.5000000009 6313702.5715000005 88.262500000000003 -31.708035735000035 15.500000000000002 787.69196430000011 12.450000000000001 662.54285715000015 1005.35 1004.1500000000002 -0.97335555334614932 4.5000000000000009 330.75093737038446 21.500000000000004
decision_type=2 2 2 2 2 2 2 2 2 2 2 2 2 2 2 2 2 2 2 2 2 2 2 2 2 2 2 2 2 2
left_child=1 7 12 10 13 -6 -7 8 9 -1 -2 -12 -3 14 16 -16 17 -5 -19 -20 21 -21 -22 26 25 -25 -8 -14 -11 -10
right_child=3 2 -4 4 5 6 23 -9 29 28 11 -13 27 -15 15 -17 -18 18 19 20 22 -23 -24 24 -26 -27 -28 -29 -30 -31
leaf_value=0.015745156217833973 0.012564677091969605 -0.001786656727393139 0.030218026057961044 -0.034095128977633206 0.039309819538694106 0.041777937342728937 0.18352978779418938 -0.48004678153528335 -0.15111467269540105 0.031493249343105024 -0.4331455470713706 0.027398347559668267 -0.14992418360547724 0.1728192725682722 0.38048143578454358 -0.0031927236610148567 -0.033190149097774388 0.22104826072279785 -0.030792865169741026 0.032022247503146514 -0.0065580924001464747 0.014023852151117247 0.14361096113804159 0.0037350106261645278 0.076128513738772288 -0.92163790746278362 -0.013390197405979892 0.031213759416854021 -0.071238123621189822 -0.00011741028605853403
leaf_weight=20 26 185 20 150 35 31 23 294 246 21 28 33 20 27 20 23 197 26 67 20 30 22 21 20 20 30 91 24 21 150
leaf_count=20 26 185 20 150 35 31 23 294 246 21 28 33 20 27 20 23 197 26 67 20 30 22 21 20 20 30 91 24 21 150
internal_value=-0.000171562 -0.000902099 0.000734939 0.000606382 0.000305978 0.00168 0.000627906 -0.00144415 -0.000707424 0.00232258 0.00355172 0.00191803 0.000144104 -0.000263682 -0.000447917 0.00327907 -0.000748594 3.57136e-05 0.00135484 0.000374999 0.00216129 0.00485714 -5.88242e-05 -0.000228262 0.00171428 -0.000600001 -0.00142105 0.00313636 -0.000142858 -0.00118182
internal_weight=1941 1001 249 940 853 250 215 752 458 62 87 61 229 603 576 43 533 336 186 160 93 42 51 184 70 50 114 44 42 396
internal_count=1941 1001 249 940 853 250 215 752 458 62 87 61 229 603 576 43 533 336 186 160 93 42 51 184 70 50 114 44 42 396
is_linear=0
shrinkage=0.03


Tree=256
num_leaves=31
num_cat=0
split_feature=56 58 57 31 41 34 31 43 18 30 26 27 6 26 42 18 17 53 40 56 16 2 6 37 16 48 19 2 43 50
split_gain=1.58788 1.71566 1.37209 1.77588 1.06187 0.887331 1.35132 1.3144 0.581363 0.498113 0.488666 1.34521 1.08774 0.854768 0.482711 0.50644 0.742424 0.363702 0.373846 0.363743 0.430207 0.892352 0.516056 0.632122 1.04096 0.430701 0.469069 0.560023 0.41894 0.753667
threshold=17.650000000000002 1005.5500000000001 195.50000000000003 620.29910715000017 228.18783373420047 794.49553570000012 630.78839285000015 -296.25535714999995 6.5000000000000009 848.99285715000008 5.0500000000000007 37.500000000000007 29.500000000000004 5.5500000000000007 275.21696415000002 77.500000000000014 97.500000000000014 235.50000000000003 622.61681546041677 14.950000000000001 24.350000000000005 6013.8333335000016 20.500000000000004 523.18035715000008 23.250000000000004 1.5000000000000002 1.5000000000000002 8019.8125000000009 8.2857143499999797 13.500000000000002
decision_type=2 2 2 2 2 2 2 2 2 2 2 2 2 2 2 2 2 2 2 2 2 2 2 2 2 2 2 2 2 2
left_child=10 5 -3 8 -5 -2 7 -7 -4 -8 12 -12 -1 -13 15 17 -17 19 -19 20 21 22 -15 24 -24 -22 -27 28 -28 -30
right_child=1 2 3 4 -6 6 9 -9 -10 -11 11 13 -14 14 -16 16 -18 18 -20 -21 25 -23 23 -25 -26 26 27 -29 29 -31
leaf_value=-0.063297717979418036 -0.013216516808600195 -0.0057338027688797408 0.29296112017590165 0.060963266279136522 0.00089573103949993618 -0.04391249135300708 -0.91691546609726482 0.023208183919253101 0.024989518090733121 0.089779686535826186 0.033042947555156868 0.03665710210211675 0.0091190998470114127 -1.0077678607032019 0.1642378982619381 0.041153618776130968 -0.08378844190036229 0.03999048357945393 -0.0043883839989229435 -0.15527561697775483 -0.20110395163310885 0.012299872304692245 0.023192534909262246 -0.0038598787702851562 0.12012762064719257 -0.010742076546839213 -0.033766743657219066 0.099256344734944324 -0.014993194337433166 0.098109759629972676
leaf_weight=208 171 20 29 22 50 22 33 23 23 20 20 32 25 94 28 33 33 24 26 253 142 33 29 38 20 314 98 33 22 23
leaf_count=208 171 20 29 22 50 22 33 23 23 20 20 32 25 94 28 33 33 24 26 253 142 33 29 38 20 314 98 33 22 23
internal_value=-1.54631e-06 0.00164891 0.00429167 0.00546774 0.00241667 0.0002342 0.0025102 0.00633333 0.00969231 -0.00073585 -0.000447645 -0.000220078 -0.00171245 -0.000341177 -0.000465809 -0.000555556 0.002 -0.000702351 0.0018 -0.000816197 -0.000517731 0.000644859 -0.000182321 0.00148276 0.00373469 -0.000911393 -0.000489797 0.000749999 -6.29378e-05 0.00233333
internal_weight=1941 413 144 124 72 269 98 45 52 53 1528 1295 233 1275 1243 1215 66 1149 50 1099 846 214 181 87 49 632 490 176 143 45
internal_count=1941 413 144 124 72 269 98 45 52 53 1528 1295 233 1275 1243 1215 66 1149 50 1099 846 214 181 87 49 632 490 176 143 45
is_linear=0
shrinkage=0.03


Tree=257
num_leaves=31
num_cat=0
split_feature=56 34 35 31 28 41 10 37 31 19 11 48 17 42 53 10 44 17 47 11 35 15 26 8 19 43 18 28 10 1
split_gain=1.2222 1.06673 1.15422 1.11468 0.870912 1.73202 0.761657 0.67677 1.21416 0.543478 0.533333 0.506656 0.693619 0.532234 0.355156 0.663947 0.427473 0.774499 1.16203 1.10857 0.486934 1.57351 0.434371 0.444858 0.539216 0.759467 0.498305 0.430717 0.412698 0.385132
threshold=17.650000000000002 958.43928570000014 715.48750000000007 630.78839285000015 1003.7500000000001 189.12428150228416 -0.5 20.210714285000005 630.78839285000015 5.5000000000000009 -0.97335555334614932 89.500000000000014 99.500000000000014 275.21696415000002 235.50000000000003 1.0000000180025095e-35 28.750000000000004 17.500000000000004 7.5000000000000009 0.81241147629689003 58.021428570000005 83.500000000000014 5.4500000000000011 3.5000000000000004 1.0000000180025095e-35 43.635714299999982 43.500000000000007 1004.1500000000002 -0.41248606129204546 131.50000000000003
decision_type=2 2 2 2 2 2 2 2 2 2 2 2 2 2 2 2 2 2 2 2 2 2 2 2 2 2 2 2 2 2
left_child=11 4 6 -4 -2 -6 -3 -7 9 -9 -10 13 -13 14 16 -16 17 18 -1 -20 22 -22 -19 24 26 -26 -24 -18 -23 -29
right_child=1 2 3 -5 5 7 -8 8 10 -11 -12 12 -14 -15 15 -17 27 20 19 -21 21 28 23 -25 25 -27 -28 29 -30 -31
leaf_value=-0.09651604769965319 -0.022771242296981967 -0.011305794207816163 0.024379069216968887 0.015058004733802593 0.082146479587612925 -0.12659129526135823 0.23905888166411851 0.015000394209288725 0.08773115756776137 0.017253821469616435 -0.12693780929204146 0.042645819961871376 -0.05929147920807043 0.16270755744336718 -0.0056359749915412052 0.038024285423384756 0.010158597843693834 -0.40222902698528334 0.12255214854878024 0.026086135169254412 0.40131910530612774 -0.58242470831614768 0.04884760569874718 -0.3609112797869331 -0.11016476526629403 0.012016882948253604 0.14101863903188838 -0.16017159015984522 0.0013046461021180471 -0.0031816032143557002
leaf_weight=52 137 37 21 24 28 35 25 23 20 23 40 22 26 27 32 25 27 143 23 43 25 39 28 108 81 21 57 246 24 479
leaf_count=52 137 37 21 24 28 35 25 23 20 23 40 22 26 27 32 25 27 143 23 43 25 39 28 108 81 21 57 246 24 479
internal_value=-1.70023e-05 0.00143099 0.00400935 0.00766667 0.000529411 0.00197041 0.00135484 0.000617021 0.00181132 0.00547826 -0.001 -0.000408378 0.002625 -0.000506757 -0.000584309 0.00173684 -0.000679084 -0.000111802 0.00208475 0.00472727 -0.000604563 0.00143182 -0.0010137 -0.000355933 0.000529411 -0.000941177 0.00229412 -0.00116489 -0.00109524 -0.00130345
internal_weight=1941 413 107 45 306 169 62 141 106 46 60 1528 48 1480 1453 57 1396 644 118 66 526 88 438 295 187 102 85 752 63 725
internal_count=1941 413 107 45 306 169 62 141 106 46 60 1528 48 1480 1453 57 1396 644 118 66 526 88 438 295 187 102 85 752 63 725
is_linear=0
shrinkage=0.03


Tree=258
num_leaves=31
num_cat=0
split_feature=56 37 32 2 23 4 27 14 48 46 46 10 26 26 42 8 43 42 23 10 6 14 11 26 49 3 57 57 43 50
split_gain=1.3288 1.27381 2.60684 1.26087 1.24143 1.10979 0.552962 0.731429 0.53323 0.905357 0.571365 0.732958 0.768189 1.1283 0.802452 0.648652 1.97458 1.61286 0.644995 0.528226 0.434437 0.857981 0.642097 0.637043 0.513677 0.4992 0.471834 0.621489 0.454083 1.20361
threshold=17.650000000000002 298.25357145000004 362.47857145000006 6883.7589285000004 154.50000000000003 21.500000000000004 300.50000000000006 32.650000000000013 89.500000000000014 24.950000000000003 24.550000000000004 0.72947329433276253 8.6500000000000004 7.2000000000000002 253.82589285000003 1.5000000000000002 -83.609821449999956 -37.261607099999985 215.50000000000003 -0.72947329433276231 22.500000000000004 28.550000000000004 0.96592582628906831 6.8500000000000005 2.5000000000000004 6377769.5180000011 311.50000000000006 263.50000000000006 8.2857143499999797 47.000000000000007
decision_type=2 2 2 2 2 2 2 2 2 2 2 2 2 2 2 2 2 2 2 2 2 2 2 2 2 2 2 2 2 2
left_child=8 5 -3 6 -5 -2 7 -4 10 -10 11 12 13 -1 15 16 17 -14 -17 -12 23 22 26 -21 -23 -26 27 -22 -25 -30
right_child=1 2 3 4 -6 -7 -8 -9 9 -11 19 -13 14 -15 -16 18 -18 -19 -20 20 21 24 -24 28 25 -27 -28 -29 29 -31
leaf_value=0.0062950071942793652 -0.026772181256724068 0.043128841017397453 -0.020512713729666638 0.0042951465829062941 0.038035475778138983 0.014682874515657291 0.17920711250908558 0.046963913575892163 -0.065103256687159383 0.045502744440862546 -0.18925363969314724 -0.026249762331236343 0.058197346164535355 0.27888557889224913 0.16461992297864136 -0.2861401535951949 -0.020340747194652873 0.019822776452535291 0.23322216721253014 -0.14997563945263356 -0.0045164607958235077 -0.027414605114368436 0.02436494624376678 -0.014324455417280701 -0.059361096024526029 0.12544887271764446 -0.24297890444388454 0.18691748219500814 -0.0037115417814784146 0.075878634083208302
leaf_weight=30 144 33 100 31 21 20 24 40 28 20 156 72 22 26 25 216 63 21 37 168 37 201 37 158 21 23 57 38 37 35
leaf_count=30 144 33 100 31 21 20 24 40 28 20 156 72 22 26 25 216 63 21 37 168 37 201 37 158 21 23 57 38 37 35
internal_value=-7.88261e-05 0.00143099 0.00278313 0.00158333 0.00565385 -0.000621952 0.000292682 -0.000428572 -0.000486912 0.002625 -0.000587839 0.000222656 0.000681817 0.00396428 0.000203124 -0.000158775 0.00181132 0.00676744 -0.00098419 -0.00101653 -0.00070936 -2.89862e-05 0.00161538 -0.00141709 -0.00116327 0.00177273 0.000636363 0.0022 -0.000391305 0.00158333
internal_weight=1941 413 249 216 52 164 164 140 1528 48 1480 512 440 56 384 359 106 43 253 968 812 414 169 398 245 44 132 75 230 72
internal_count=1941 413 249 216 52 164 164 140 1528 48 1480 512 440 56 384 359 106 43 253 968 812 414 169 398 245 44 132 75 230 72
is_linear=0
shrinkage=0.03


Tree=259
num_leaves=31
num_cat=0
split_feature=16 27 17 49 30 48 41 30 58 11 47 17 16 43 34 27 5 43 51 47 45 39 57 36 26 39 47 1 43 30
split_gain=1.67548 1.56881 1.77512 1.0918 1.5 0.914619 1.30787 0.9 0.865889 0.789072 1.16618 1.87609 0.739148 0.969697 0.83396 0.703232 0.689768 1.0006 0.586667 0.568858 0.532792 1.20045 0.464463 0.516278 0.463141 0.455276 0.739001 0.445402 0.437607 0.378127
threshold=24.250000000000004 290.50000000000006 7.5000000000000009 14.500000000000002 350.39285715000005 77.500000000000014 261.34067348340949 859.97857140000008 1006.7500000000001 0.91037613702198772 50.500000000000007 81.500000000000014 23.550000000000004 -77.130357149999966 539.01428575000011 315.50000000000006 1.0000000180025095e-35 -151.62767855000001 835.50000000000011 15.500000000000002 71.500000000000014 103.14140624937501 346.00000000000006 163.68839285000004 14.950000000000001 13.743526785812502 30.500000000000004 10325.285710000002 8.2857143499999797 1136.1008930000003
decision_type=2 2 2 2 2 2 2 2 2 2 2 2 2 2 2 2 2 2 2 2 2 2 2 2 2 2 2 2 2 2
left_child=1 8 7 15 -5 9 -7 -3 16 22 19 -12 27 -14 -15 18 17 -1 -4 -11 -18 -22 23 25 -19 26 -2 -10 -28 -27
right_child=5 2 3 4 -6 6 -8 -9 12 10 11 -13 13 14 -16 -17 20 24 -20 -21 21 -23 -24 -25 -26 29 28 -29 -30 -31
leaf_value=0.13301235319498461 0.56072682456055334 0.023945405480556375 -2.0634571904912185 -0.00071438257428136579 0.44035128599807044 0.00049927175544600948 0.021929983749058503 0.0091937686058639612 -0.48767571693470291 0.04860792393185711 0.044196467025619884 -0.0018643662864970803 0.15026563475503962 0.13739740219239577 -0.04196847847578615 0.0036818812916899731 -1.2016368252650482 0.31086299098875986 0.029956338382971567 -0.01589755605742536 -0.056742544442369848 0.1831820661901464 0.023791289601099715 -0.14750593335250875 -0.54149811328416109 -0.0056193953532124577 -0.47900886606419785 0.18032805189751164 0.041657807644295247 0.069645952894403104
leaf_weight=20 30 20 55 27 27 58 20 20 31 55 24 27 22 38 28 24 134 25 20 105 79 29 27 462 39 380 45 29 20 21
leaf_count=20 30 20 55 27 27 58 20 20 31 55 24 27 22 38 28 24 134 25 20 105 79 29 27 462 39 380 45 29 20 21
internal_value=-0.000125194 0.00109295 0.00337306 0.00190196 0.00533333 -0.000762952 0.00238461 0.009 0.000164556 -0.000968228 0.000696682 0.00464706 0.00206757 0.00381818 0.002 3.03023e-05 -0.000699387 0.00164286 -0.0014 -0.000562501 -0.0015124 5.55548e-05 -0.00132487 -0.00143424 -0.000187501 -0.000762097 0.00110526 -0.000500001 -0.000692308 -0.00120449
internal_weight=1941 667 193 153 54 1274 78 40 474 1196 211 51 148 88 66 99 326 84 75 160 242 108 985 958 64 496 95 60 65 401
internal_count=1941 667 193 153 54 1274 78 40 474 1196 211 51 148 88 66 99 326 84 75 160 242 108 985 958 64 496 95 60 65 401
is_linear=0
shrinkage=0.03


Tree=260
num_leaves=31
num_cat=0
split_feature=15 41 11 48 32 34 41 48 46 34 37 52 35 30 13 16 30 38 41 35 56 23 56 27 6 44 49 59 57 28
split_gain=1.69426 1.26788 1.64984 0.81368 0.911319 0.717539 0.682269 1.69784 1.38073 1.25616 1.5224 1.28723 1.45248 0.671329 0.835227 1.19714 0.650869 1.46782 0.643752 0.641026 0.578821 0.559431 0.443983 0.376923 0.371209 0.353353 1.46783 0.59793 0.458833 0.643752
threshold=63.500000000000007 255.44107604957972 -0.88144907265856332 18.500000000000004 602.9000000000002 1160.0785715000004 265.40411646992749 77.500000000000014 24.550000000000004 996.84553570000014 41.13750000000001 216.50000000000003 582.78750000000002 991.58571430000018 -0.79250516961884265 25.350000000000005 1150.1142860000002 1153.7502232875001 307.4985923256034 751.50892855000018 14.65 140.50000000000003 4.3500000000000005 292.50000000000006 25.500000000000004 27.850000000000005 15.500000000000002 0.15000000000000005 329.50000000000006 1007.35
decision_type=2 2 2 2 2 2 2 2 2 2 2 2 2 2 2 2 2 2 2 2 2 2 2 2 2 2 2 2 2 2
left_child=1 2 -1 4 -3 19 21 8 9 10 -8 12 -12 14 -10 -16 20 -18 -13 23 -6 22 24 -4 -2 26 -24 -28 -27 -30
right_child=6 3 5 -5 16 -7 7 -9 13 -11 11 18 -14 -15 15 -17 17 -19 -20 -21 -22 -23 25 -25 -26 28 27 -29 29 -31
leaf_value=0.39768417607423689 -0.15023673989470218 0.018272440084861712 -0.029061614271023495 -0.37550345706284483 0.030924556442963696 0.044153075698992822 -0.038660824642681453 0.035594003929976914 -0.15507888792006025 -0.26141759342130394 0.23395398000520706 -0.08082681105731164 0.1939325698013171 0.050703641004599821 -0.083684410260433842 0.072257122869327631 0.32568535970591966 -0.36218335078171388 0.023587510907048394 -1.0586570012522454 -0.045796163123229955 -0.051753572301490407 0.15386516776527284 0.065604942355012047 0.0029443326948735845 -0.0042001722397905098 0.03401919920672429 -0.0061524397735388137 0.039090282127929712 -1.2090993854656664
leaf_weight=26 133 20 32 62 29 37 46 24 176 34 20 22 27 22 67 21 26 24 25 26 90 102 41 20 31 550 21 140 25 22
leaf_count=26 133 20 32 62 29 37 46 24 176 34 20 22 27 22 67 21 26 24 25 26 90 102 41 20 31 550 21 140 25 22
internal_value=-1.70023e-05 0.0017449 0.00402128 0.000466135 0.00144444 0.00247826 -0.00046288 0.000471074 6.52167e-05 0.00217241 0.00342857 0.00561702 0.00912766 -0.00121678 -0.00163636 0.000749999 0.00072781 0.0036 0.00210638 0.000846153 -0.000478992 -0.000887325 -0.000663552 0.00276923 -0.00208537 -0.000371715 0.000712871 -0.00057764 -0.000738694 0.00210638
internal_weight=1941 392 141 251 189 115 1549 484 460 174 140 94 47 286 264 88 169 50 47 78 119 1065 963 52 164 799 202 161 597 47
internal_count=1941 392 141 251 189 115 1549 484 460 174 140 94 47 286 264 88 169 50 47 78 119 1065 963 52 164 799 202 161 597 47
is_linear=0
shrinkage=0.03


Tree=261
num_leaves=31
num_cat=0
split_feature=30 27 34 17 43 36 38 32 43 57 1 57 43 20 30 14 32 53 12 6 26 11 46 36 11 3 48 14 2 11
split_gain=1.51285 0.918575 1.56924 1.01958 1.12247 0.857022 0.740054 1.14532 1.09412 0.495713 0.490106 0.426882 0.875688 1.20333 0.374488 0.709482 0.378296 0.44723 0.389248 0.754237 0.574219 0.887656 0.580645 0.506217 0.722021 0.644871 0.516304 0.473485 0.381724 0.381377
threshold=602.9000000000002 292.50000000000006 989.91250000000014 47.500000000000007 100.28482140000001 719.56250000000011 722.07410713750016 607.38125000000014 358.20714285000008 346.00000000000006 12913.053570000002 308.50000000000006 4.4241071499999416 19.500000000000004 509.62857145000004 31.950000000000003 443.67500000000001 125.50000000000001 0.60980454008255491 22.500000000000004 7.7500000000000009 0.63405362205439486 24.750000000000004 32.322321430000009 0.91037613702198772 6430623.0000000009 63.500000000000007 26.550000000000004 7122.5000000000009 -0.16280825711808986
decision_type=2 2 2 2 2 2 2 2 2 2 2 2 2 2 2 2 2 2 2 2 2 2 2 2 2 2 2 2 2 2
left_child=9 5 3 4 -3 6 7 8 -2 11 -8 14 -13 -14 15 16 17 18 23 20 -20 28 -23 25 26 29 -25 -28 -22 -1
right_child=1 2 -4 -5 -6 -7 10 -9 -10 -11 -12 12 13 -15 -16 -17 -18 -19 19 -21 21 22 -24 24 -26 -27 27 -29 -30 -31
leaf_value=0.10687536883657844 -0.025796705677369455 -0.029630945895625354 0.056156351296616218 -1.8172066627052841 0.03425456486685019 0.15455074282111739 -0.010710593640008256 0.010982446172619406 0.034093307600831291 0.032619932348230421 0.37758916033075163 -0.085282000829499396 -0.14625306110877603 0.023027965164416082 -0.39153582208798365 0.071847488051954608 -0.19693398173140908 0.13154475804174218 -0.54111307127801378 0.071916403648274133 0.0020954778587342232 0.054857532773905933 0.044666467597162446 -0.41650155312619508 0.0028883433791697067 -0.005418010125439859 -0.47869900245975833 0.10164011961602369 -0.19184882630618078 -0.010689929278298186
leaf_weight=38 31 26 32 39 34 23 277 20 20 22 22 222 30 20 50 35 72 35 93 36 75 31 31 332 133 56 24 20 41 21
leaf_count=38 31 26 32 39 34 23 277 20 20 22 22 222 30 20 50 35 72 35 93 36 75 31 31 332 133 56 24 20 41 21
internal_value=-0.00014065 0.00123664 0.00341221 0.00154545 0.004 0.00051145 0.000162161 0.00291549 0.000529411 -0.000649965 -0.00049164 -0.000720431 -0.00178677 0.0018 -0.000462156 -0.000343896 -0.00048555 -0.000329193 -0.000454351 0.000420195 -0.000121772 0.000876404 0.00377419 -0.000884616 -0.00129077 0.000913043 -0.00196277 0.00109091 -0.000672415 0.00310169
internal_weight=1941 524 131 99 60 393 370 71 51 1417 299 1395 272 50 1123 1073 1038 966 931 307 271 178 62 624 509 115 376 44 116 59
internal_count=1941 524 131 99 60 393 370 71 51 1417 299 1395 272 50 1123 1073 1038 966 931 307 271 178 62 624 509 115 376 44 116 59
is_linear=0
shrinkage=0.03


Tree=262
num_leaves=31
num_cat=0
split_feature=31 31 3 27 3 18 42 54 1 31 30 30 18 42 22 28 6 1 58 58 14 6 10 49 10 4 19 42 2 34
split_gain=1.48176 1.5964 1.93348 1.23592 0.625 0.621631 0.566874 0.471251 0.423029 0.487151 0.601886 1.38554 1.30998 0.50212 1.16955 0.466519 0.330412 1.01538 0.865322 0.955026 0.609708 0.567075 0.471022 0.938531 0.757596 0.468497 0.420195 0.605534 0.465383 0.884002
threshold=501.55535715000002 607.38125000000014 6367151.2855000012 309.50000000000006 6643394.2500000009 89.500000000000014 300.95625000000007 777.55000000000007 12975.071425000002 1166.4571430000003 848.99285715000008 966.0875000000002 1.0000000180025095e-35 -44.733035700000009 274.50000000000006 1007.7500000000001 17.500000000000004 131.50000000000003 1005.5500000000001 1004.5500000000001 28.550000000000004 3.5000000000000004 0.81241147629689026 3.5000000000000004 0.68322629814330837 21.500000000000004 3.5000000000000004 16.351785699999983 540.58035715000017 140.54375000000002
decision_type=2 2 2 2 2 2 2 2 2 2 2 2 2 2 2 2 2 2 2 2 2 2 2 2 2 2 2 2 2 2
left_child=5 2 -2 6 -4 16 7 8 9 10 13 12 -12 -3 -15 -13 17 25 19 21 22 -19 23 24 -18 -1 -22 28 -28 -30
right_child=1 3 4 -5 -6 -7 -8 -9 -10 -11 11 15 -14 14 -16 -17 20 18 -20 -21 26 -23 -24 -25 -26 -27 27 -29 29 -31
leaf_value=-0.33090980658065478 0.045340765838699441 -0.32761780990982348 -0.19133386065329233 0.053979409586182449 0.15298361287081161 0.033250672104798158 0.15187341758272582 0.075335097699375977 0.36626148552083149 -0.15706297251363113 0.1913240939245161 -0.64840595247662569 0.030620004208732628 0.0091784988189800177 -0.12331128247539332 0.041105970124007116 -0.0061743209149817879 0.014873678182371664 -0.040781851587198492 0.097050118266360341 -0.023399803492494108 -0.0022160061410341227 -0.026169552384750099 0.04336370582849871 0.034310128295350788 0.00029215630934160025 -0.91444571788072049 0.25044684155369901 0.010125145480344676 -0.0047720950371687026
leaf_weight=263 36 126 20 37 20 32 23 26 22 58 29 74 38 22 37 28 123 25 56 21 386 29 78 32 30 55 47 29 36 103
leaf_count=263 36 126 20 37 20 32 23 26 22 58 29 74 38 22 37 28 123 25 56 21 386 29 78 32 30 55 47 29 36 103
internal_value=-1.70023e-05 0.00122819 0.00528947 0.000634615 0.000749999 -0.000568774 0.000229813 -7.15256e-10 -0.000235024 -0.000451457 -3.3899e-05 0.00126035 0.00461194 -0.00121622 0.0010678 -0.000941177 -0.00066946 -0.00132962 0.000893129 0.003 -0.00032639 0.000888888 0.000878326 0.0017027 0.000725489 -0.00224528 -0.000853578 0.000209302 -0.000419356 0.000453237
internal_weight=1941 596 76 520 40 1345 483 460 434 412 354 169 67 185 59 102 1313 449 131 75 864 54 263 185 153 318 601 215 186 139
internal_count=1941 596 76 520 40 1345 483 460 434 412 354 169 67 185 59 102 1313 449 131 75 864 54 263 185 153 318 601 215 186 139
is_linear=0
shrinkage=0.03


Tree=263
num_leaves=31
num_cat=0
split_feature=11 56 1 30 3 5 43 36 16 9 56 19 8 49 18 17 42 19 19 11 36 41 4 40 17 3 27 57 56 18
split_gain=1.42104 1.24215 1.79633 0.930769 1.20714 0.816355 1.03879 0.885652 0.921376 0.774101 1.52801 0.680828 0.675 0.651968 0.724811 1.42135 1.39655 0.466294 0.849572 1.16878 0.757098 0.760861 0.723261 0.71134 0.983542 0.704625 0.608165 0.477922 0.640927 0.599913
threshold=-0.5 18.350000000000005 9110.1339285000013 787.69196430000011 6679062.4375000009 1.0000000180025095e-35 79.241071430000019 320.68660715000004 23.650000000000002 156.50000000000003 15.750000000000002 1.0000000180025095e-35 4.5000000000000009 42.500000000000007 68.000000000000014 18.500000000000004 59.68928585000004 11.500000000000002 3.5000000000000004 0.58216583101416119 12.312500000000002 293.41350313936806 21.500000000000004 0.38511904762499055 17.500000000000004 6551800.5950000007 307.50000000000006 301.50000000000006 7.0000000000000009 38.500000000000007
decision_type=2 2 2 2 2 2 2 2 2 2 2 2 2 2 2 2 2 2 2 2 2 2 2 2 2 2 2 2 2 2
left_child=1 5 3 4 12 6 11 8 -7 17 -11 -1 -3 14 15 -10 -17 18 23 26 21 -19 -22 24 -2 -21 -20 28 -26 -30
right_child=9 2 -4 -5 -6 7 -8 -9 13 10 -12 -13 -14 -15 -16 16 -18 20 19 25 22 -23 -24 -25 27 -27 -28 -29 29 -31
leaf_value=0.11509706742845195 0.026745064219891652 -0.0055033199703235225 -0.17384512086869947 0.055479821970800251 0.030906715292737499 -0.76377249858887553 -0.00019435434328802243 0.15327635432244918 -0.0020745386635713271 -0.084471571537419146 0.012350493397007504 0.29245476267274112 0.014317458907119406 -0.43173144661997509 -1.3176624140898554 0.30396670370935969 0.0028094825265849517 -0.041081797943931034 -0.070744673388970558 0.0038763179033878569 -0.31479774417974715 0.17253181467215981 0.0023200401429035646 -0.020785093772540269 -0.057019645572536311 0.068129890980112975 0.22454346623261726 -0.44665522354368026 0.4722059390910171 0.14516117985152688
leaf_weight=27 22 40 65 39 21 108 60 32 80 57 36 24 20 55 29 29 29 67 88 38 259 38 53 365 46 22 20 94 25 53
leaf_count=27 22 40 65 39 21 108 60 32 80 57 36 24 20 55 29 29 29 67 88 38 259 38 53 365 46 22 20 94 25 53
internal_value=0.000106645 0.00124012 0.00332432 0.0055 0.00366667 0.000424946 0.00267567 -0.000265194 -0.000727273 -0.000474669 0.00216129 0.00582353 0.0015 0.000378378 0.00131138 0.00221739 0.0057931 -0.000680673 -0.000244503 0.00164286 -0.00148921 0.000714285 -0.00223077 -0.000768596 0.000499999 0.005 -0.000222223 -0.000110092 0.0011129 0.00276923
internal_weight=1941 658 185 120 81 473 111 362 330 1283 93 51 60 222 167 138 58 1190 773 168 417 105 312 605 240 60 108 218 124 78
internal_count=1941 658 185 120 81 473 111 362 330 1283 93 51 60 222 167 138 58 1190 773 168 417 105 312 605 240 60 108 218 124 78
is_linear=0
shrinkage=0.03


Tree=264
num_leaves=31
num_cat=0
split_feature=26 8 41 15 37 30 12 22 23 18 32 49 4 39 37 31 49 44 44 16 27 2 12 16 47 43 45 5 27 50
split_gain=1.49125 1.10626 1.85635 1.16229 1.02947 1.16768 0.980659 0.963578 0.944302 0.725044 0.683825 0.56682 0.857143 0.464464 0.702338 0.738916 0.457965 0.627893 0.801219 1.48399 0.644102 0.529342 0.518976 0.515045 0.464675 0.432984 0.625 0.425817 0.414766 0.60376
threshold=17.650000000000002 3.5000000000000004 186.9998344627605 78.500000000000014 619.63571430000013 980.58125000000007 0.66285048286959747 400.00000000000006 215.50000000000003 89.500000000000014 678.46428575000016 52.500000000000007 15.500000000000002 686.94754463750007 824.76250000000016 1006.6687500000002 11.500000000000002 28.450000000000003 28.250000000000004 25.850000000000005 261.50000000000006 4.1428571430000014 0.67563126931585993 25.550000000000004 46.500000000000007 -90.129464270000042 59.500000000000007 1.0000000180025095e-35 266.50000000000006 51.500000000000007
decision_type=2 2 2 2 2 2 2 2 2 2 2 2 2 2 2 2 2 2 2 2 2 2 2 2 2 2 2 2 2 2
left_child=8 4 -3 7 11 6 -6 -4 9 16 -9 -2 -13 -10 -15 -16 17 18 27 24 -19 -18 -22 -24 -20 -12 -27 -1 29 -23
right_child=1 2 3 -5 5 -7 -8 10 13 -11 25 12 -14 14 15 -17 21 20 19 -21 22 28 23 -25 -26 26 -28 -29 -30 -31
leaf_value=0.035691848175002275 -0.31719784951863439 0.037552609709361633 -0.087889356954610656 0.012911913431724372 0.15767493464439897 -4.3674684813162568 0.02953566284733718 0.063314924593161154 0.21978983392207277 0.028433988506101786 -0.010854591562233892 -1.0631502677047375 0.01325099937161084 -0.19487181112794227 -0.0011908972883071444 0.14728123481775504 -0.45742518863372011 -0.38015357975133207 0.18762413038840384 0.048257789591777144 -0.003409160491960599 -0.16312644214322011 0.10496846054301941 -0.057999234527098632 -0.95329433997804247 0.058448236297897721 -0.0099030350436819549 -0.034017479880275425 -0.17632759111164475 0.033817476458396951
leaf_weight=32 82 20 46 31 31 24 35 23 28 36 39 21 21 44 29 27 163 155 37 27 546 37 29 25 20 20 20 93 136 64
leaf_count=32 82 20 46 31 31 24 35 23 28 36 39 21 21 44 29 27 163 155 37 27 546 37 29 25 20 20 20 93 136 64
internal_value=0.000122101 0.00172155 0.00333166 0.00236313 0.000224298 0.00266667 0.00472727 0.00125676 -0.00031021 -0.000535715 0.00288235 -0.00154839 0.00128571 0.00215625 0.0012 0.00342857 -0.000646628 -0.000292532 0.00116268 0.00342857 -0.000695365 -0.0015 -0.000250001 0.00255555 0.00068421 0.00155696 0.00375 -0.000360001 -0.000594937 0.000861385
internal_weight=1941 413 199 179 214 90 66 148 1528 1400 102 124 42 128 100 56 1364 964 209 84 755 400 600 54 57 79 40 125 237 101
internal_count=1941 413 199 179 214 90 66 148 1528 1400 102 124 42 128 100 56 1364 964 209 84 755 400 600 54 57 79 40 125 237 101
is_linear=0
shrinkage=0.03


Tree=265
num_leaves=31
num_cat=0
split_feature=11 26 3 21 28 1 11 18 27 33 33 31 1 30 31 31 17 26 23 37 33 37 28 30 12 57 57 26 12 3
split_gain=1.30526 0.850463 1.47174 0.876217 0.990949 1.21581 0.781467 1.18922 0.914653 0.77724 1.13345 1.19899 0.747181 0.775949 0.957763 2.78004 0.744828 0.713479 0.727951 0.67496 0.579626 0.495661 0.880067 0.500595 0.465802 0.400998 0.765357 1.18847 0.662054 0.648803
threshold=-0.032701564615071434 17.650000000000002 6271605.6250000009 65.000000000000014 1003.7500000000001 7399.8392855000011 0.60876142900872032 49.500000000000007 195.50000000000003 906.21875000000011 751.50892855000018 316.67142855000003 1407.2142860000001 863.11250000000007 848.99285715000008 776.64642855000011 54.500000000000007 12.950000000000001 291.00000000000006 80.929464285000009 950.34732145000009 1039.1839285000003 1007.6500000000002 1023.6214285000002 0.48030317736429479 303.50000000000006 257.50000000000006 6.1000000000000005 0.59608197715088396 6365332.0000000009
decision_type=2 2 2 2 2 2 2 2 2 2 2 2 2 2 2 2 2 2 2 2 2 2 2 2 2 2 2 2 2 2
left_child=1 12 -3 -4 -5 9 -2 25 -9 10 11 -6 16 17 15 -15 19 18 24 -1 -7 22 23 -16 -14 26 29 -28 -29 -8
right_child=6 2 3 4 5 20 7 8 -10 -11 -12 -13 13 14 21 -17 -18 -19 -20 -21 -22 -23 -24 -25 -26 -27 27 28 -30 -31
leaf_value=-0.091697969581380906 -0.12574848758502633 0.12471209289751393 0.085280051093527154 -0.15479436845779135 -0.0013524608215043266 0.052286966785820906 0.038443911587778143 0.014360320568460868 0.024790297817305611 0.14053548657838041 -0.71351963574379862 0.05817838366884133 0.0033289935153676714 -0.045025730601199215 0.093468934947279564 1.6472427156484646 0.12891633224125973 -0.059623682108806253 0.27786349829566198 0.030747065314551944 -0.24994397734179741 -0.3527849289445234 0.14421960775489087 -1.1716431771457361 -0.0037623937259209724 -0.053132564378151823 0.028753520416458758 -0.16047599235559015 0.066280069887560342 -0.022003169252918661
leaf_weight=38 426 21 28 56 20 39 26 20 59 32 22 23 22 25 24 23 27 174 21 22 53 33 27 56 178 164 26 69 72 115
leaf_count=38 426 21 28 56 20 39 26 20 59 32 22 23 22 25 24 23 27 174 21 22 53 33 27 56 178 164 26 69 72 115
internal_value=7.57334e-05 0.00085892 0.00220408 0.00161538 0.00104082 0.00207936 -0.000697032 4.90011e-05 0.0034557 0.00442268 0.00253846 0.00537209 0.000268656 -0.000118354 0.00146808 0.005125 0.00286207 -0.000873418 0.000257918 0.000999999 -0.000391305 0.000214285 0.00120561 -0.000375001 -0.000300001 -0.000521187 0.000116882 0.00149102 0.000404255 -0.00151064
internal_weight=1941 964 294 273 245 189 977 551 79 97 65 43 670 583 188 48 87 395 221 60 92 140 107 80 200 472 308 167 141 141
internal_count=1941 964 294 273 245 189 977 551 79 97 65 43 670 583 188 48 87 395 221 60 92 140 107 80 200 472 308 167 141 141
is_linear=0
shrinkage=0.03


Tree=266
num_leaves=31
num_cat=0
split_feature=26 58 1 17 49 35 10 3 3 28 28 10 56 57 21 27 23 22 22 1 37 6 28 42 32 3 43 1 2 4
split_gain=1.26696 1.67576 1.15093 2.68899 1.01335 0.949275 0.899189 0.698063 0.678981 0.512313 0.942514 1.54243 0.98975 1.04435 0.882005 0.686422 0.526693 0.431622 1.17226 0.43936 0.744945 0.685079 0.968889 0.426023 0.836237 0.416788 0.414737 0.625 0.340977 0.328748
threshold=17.650000000000002 1005.35 8900.7142860000022 9.5000000000000018 51.500000000000007 476.62857140000006 -0.3520614488341256 6372175.5000000009 6406834.1430000011 1006.2500000000001 1006.85 0.68322629814330837 13.550000000000002 271.50000000000006 6.5000000000000009 285.50000000000006 215.50000000000003 84.000000000000014 47.500000000000007 310.39285715000005 70.32053571500002 17.500000000000004 1003.9500000000002 -83.294642849999988 742.5562500000002 6662970.0000000009 358.20714285000008 8120.2589285000004 2274.7678570000003 19.500000000000004
decision_type=2 2 2 2 2 2 2 2 2 2 2 2 2 2 2 2 2 2 2 2 2 2 2 2 2 2 2 2 2 2
left_child=9 4 3 -3 23 8 -6 -4 -5 17 11 12 -11 -14 -13 -15 26 18 19 21 -21 -1 -23 24 -2 -8 -12 -28 -18 -24
right_child=1 2 7 5 6 -7 25 -9 -10 10 16 14 13 15 -16 -17 28 -19 -20 20 -22 22 29 -25 -26 -27 27 -29 -30 -31
leaf_value=-0.50492050049104276 0.010006653400561002 0.088611724596028063 0.10419750194925295 0.0063158014324049098 0.029955153423904934 -0.015428611694641822 -0.017537029763941024 -0.34239481826550922 0.061205358908113378 -0.13927927359612513 -0.0038528014616041485 0.051558648459789518 0.070345808019425971 -0.39255266447217291 0.0010814052747307214 0.053832862460926625 0.13192221960501507 -1.2218383602309562 0.016194097419338881 0.10010526966269762 -0.0087688485174280632 0.05050464617133972 -0.28121489465121646 -0.22725288088128839 -1.1889446691354648 0.0026908031692639274 0.010615935150172154 -0.0048786552524663932 0.0033376356133437216 0.012010363441145616
leaf_weight=177 21 29 24 21 26 26 28 35 26 72 574 31 21 26 20 32 22 152 48 20 54 20 125 134 20 23 20 20 42 52
leaf_count=177 21 29 24 21 26 26 28 35 26 72 574 31 21 26 20 32 22 152 48 20 54 20 125 134 20 23 20 20 42 52
internal_value=2.93656e-05 0.00150363 0.00389441 0.00582353 -2.38102e-05 0.00275342 0.00284416 0.000559321 0.00529787 -0.000369111 0.000102272 0.00190099 0.000377483 0.0026962 0.00641176 0.000620689 -0.000433629 -0.00100926 -0.000580646 -0.00105804 0.00105405 -0.00147594 -0.000258884 -0.00128572 0.00139024 0.000529411 -0.000703584 0.00225 0.00215625 -0.000966102
internal_weight=1941 413 161 102 252 73 77 59 47 1528 880 202 151 79 51 58 678 648 496 448 74 374 197 175 41 51 614 40 64 177
internal_count=1941 413 161 102 252 73 77 59 47 1528 880 202 151 79 51 58 678 648 496 448 74 374 197 175 41 51 614 40 64 177
is_linear=0
shrinkage=0.03


Tree=267
num_leaves=31
num_cat=0
split_feature=56 58 32 39 8 1 18 17 53 40 40 1 4 43 51 42 32 5 56 56 34 34 3 11 58 47 18 18 8 36
split_gain=2.07205 1.62489 1.13796 2.46951 0.865385 0.820093 2.37327 0.832345 0.714992 0.663637 1.50557 0.645295 0.599649 0.594605 0.917805 0.581069 0.54 0.478139 0.428127 0.395252 0.350563 0.755296 1.225 0.331797 0.330729 1.58623 0.548319 0.4467 0.4 0.392157
threshold=17.650000000000002 1005.35 208.85267855000004 419.65390624375004 1.5000000000000002 8900.7142860000022 1.0000000180025095e-35 4.5000000000000009 235.50000000000003 851.24558533750007 772.78441219791682 7777.0714285000004 12.500000000000002 373.60803570000002 427.00000000000006 241.75 1069.7642860000003 22.500000000000004 16.950000000000003 3.2500000000000004 966.0875000000002 815.06428575000007 6535156.0000000009 0.91037613702198772 1004.9500000000002 32.500000000000007 36.500000000000007 7.5000000000000009 1.5000000000000002 579.43571430000009
decision_type=2 2 2 2 2 2 2 2 2 2 2 2 2 2 2 2 2 2 2 2 2 2 2 2 2 2 2 2 2 2
left_child=8 2 23 -4 -5 6 7 -3 13 10 -6 -10 -8 15 -15 18 -7 -13 19 -1 21 24 -23 -2 25 28 -27 -26 -21 -28
right_child=1 5 3 4 9 16 12 -9 11 -11 -12 17 -14 14 -16 -17 -18 -19 -20 20 -22 22 -24 -25 27 26 29 -29 -30 -31
leaf_value=-0.31311176726986434 -0.49705181346195837 0.13104107434112175 0.0066076345501138592 -9.1992537469958027 -0.014828025570773114 0.10107157689077306 0.031175098662080816 0.030875182351123857 0.89588359625718217 -0.16598754740623739 0.043210638953708788 0.032400310606369963 -0.003286799571433532 0.039838470772095326 -0.32445614156973401 0.091737474164383132 -0.19796601457305782 -0.15538302445389135 -0.34944089353037011 0.048087817302953285 -0.36341546975863925 0.172123967365471 -0.2279906450237866 0.0028077692791778695 -0.039649049912975701 -0.72457414378378715 -0.21058351342238266 -0.0011256915200831309 0.0043308723925483501 0.36142638090041329
leaf_weight=55 72 23 20 40 31 24 34 21 21 47 26 27 29 24 29 20 25 28 89 20 45 20 20 21 359 58 48 625 20 20
leaf_count=55 72 23 20 40 31 24 34 21 21 47 26 27 29 24 29 20 25 28 89 20 45 20 20 21 359 58 48 625 20 20
internal_value=0.000199381 0.00208475 0.000618676 0.00212195 0.000749999 0.0045 0.00597196 0.0113182 -0.00031021 0.00219231 0.00436842 0.00252632 0.00223809 -0.000458678 0.00266038 -0.000576841 0.00128571 0.000818181 -0.000650472 -0.000511629 -0.00040081 -0.000302522 0.00375 -0.00203226 -0.000443479 0.00079518 -0.000857144 -0.00065244 0.006 0.000970588
internal_weight=1941 413 257 164 144 156 107 44 1528 104 57 76 63 1452 53 1399 49 55 1379 1290 1235 1190 40 93 1150 166 126 984 40 68
internal_count=1941 413 257 164 144 156 107 44 1528 104 57 76 63 1452 53 1399 49 55 1379 1290 1235 1190 40 93 1150 166 126 984 40 68
is_linear=0
shrinkage=0.03


Tree=268
num_leaves=31
num_cat=0
split_feature=34 27 38 16 37 57 43 2 11 17 40 36 19 2 19 19 43 43 28 22 37 18 27 27 43 1 43 43 48 17
split_gain=1.18863 1.65198 2.29334 1.00278 1.95048 0.748371 1.28036 1.07016 0.652724 1.63559 2.44782 0.870866 1.21823 1.05004 0.654221 1.27997 0.764251 0.754851 0.726093 0.596681 0.936146 0.595214 0.695018 1.10946 0.591982 0.584445 0.673441 0.951936 0.630582 0.55102
threshold=794.49553570000012 289.50000000000006 952.23571425000023 24.250000000000004 670.75178570000014 276.50000000000006 -235.35624999999996 7477.7500000000009 0.91037613702198772 77.500000000000014 7.9590401786458154 63.264285715000007 1.0000000180025095e-35 6130.0000000000009 1.5000000000000002 42.500000000000007 -221.03303572999999 221.90714265 1006.5500000000001 149.50000000000003 485.12589285000007 43.500000000000007 256.50000000000006 264.50000000000006 70.916071450000032 8332.4285715000024 -120.60982145000001 -1.0000000180025095e-35 28.500000000000004 24.500000000000004
decision_type=2 2 2 2 2 2 2 2 2 2 2 2 2 2 2 2 2 2 2 2 2 2 2 2 2 2 2 2 2 2
left_child=8 5 3 4 -3 6 7 -2 11 -10 -11 14 13 21 18 16 -16 25 -1 -20 -21 22 -13 -24 -8 26 -18 -28 29 -29
right_child=1 2 -4 -5 -6 -7 24 -9 9 10 -12 12 -14 -15 15 -17 17 -19 19 20 -22 -23 23 -25 -26 -27 27 28 -30 -31
leaf_value=-2.7230706535949123 0.16810660489065776 0.046531869115821106 0.11204402513290687 -0.23961011105566671 -0.0022544974968829777 -0.45106009207539954 -0.71183431603109215 -0.61989220724269756 -0.0014615011199243051 0.00046095392789179482 0.017286565406806894 -0.058271033187428843 -0.33754017011971366 -1.3025079023671253 -0.26679582919782341 -0.003198200782802143 0.066992942899634714 -0.0079550924701842635 -0.0042813234300767217 0.062341371344246083 0.0027479273868018174 -0.13754077276388524 0.1056164542620522 0.033047146223348742 0.053656217337841115 0.15636379810242598 -0.25204125498858954 0.011633569519986101 0.077554484864861425 -0.11159623781474505
leaf_weight=88 34 25 22 36 35 86 57 21 184 37 28 31 419 63 28 147 21 36 67 25 121 84 27 61 32 23 22 21 32 28
leaf_count=88 34 25 22 36 35 86 57 21 184 37 28 31 419 63 28 147 21 36 67 25 121 84 27 61 32 23 22 21 32 28
internal_value=0.000153013 0.00174138 0.00462712 0.002625 0.005 0.000260869 0.00158333 0.00518182 -0.000193974 0.00121687 0.00530769 -0.000455358 -0.00120438 0.000383458 0.000323216 0.00118994 0.0026872 0.00339344 -0.000707642 0.000239436 0.00131507 0.0014335 0.00279832 0.00415909 -0.00064045 0.00434694 0.00353226 0.00253398 0.00403704 0.00189796
internal_weight=1941 348 118 96 60 230 144 55 1593 249 65 1344 685 266 659 358 211 183 301 213 146 203 119 88 89 147 124 103 81 49
internal_count=1941 348 118 96 60 230 144 55 1593 249 65 1344 685 266 659 358 211 183 301 213 146 203 119 88 89 147 124 103 81 49
is_linear=0
shrinkage=0.03


Tree=269
num_leaves=31
num_cat=0
split_feature=26 3 14 49 8 56 43 26 48 14 38 41 16 41 1 1 43 4 26 6 5 41 43 20 40 1 27 57 23 1
split_gain=1.87323 1.55676 0.829535 0.900293 1.10579 1.05615 1.01731 0.873271 0.688763 0.92234 0.640442 0.937057 0.73519 0.607254 0.553964 0.737185 0.600824 0.551484 0.946178 0.678135 0.777891 0.860922 0.618444 0.547247 0.539309 1.25731 0.534028 0.406134 0.35331 0.333387
threshold=17.650000000000002 6271605.6250000009 25.950000000000003 51.500000000000007 4.5000000000000009 19.950000000000003 -221.03303572999999 24.450000000000003 89.500000000000014 26.550000000000004 846.86339287500016 267.43525081307399 23.050000000000004 183.27565300365066 11959.142860000002 10542.169645000002 130.42767870000009 20.500000000000004 6.1000000000000005 25.500000000000004 37.500000000000007 168.28084209658743 373.60803570000002 2.5000000000000004 750.9202752952084 5499.2857145000007 286.50000000000006 346.00000000000006 66.500000000000014 10003.151785500002
decision_type=2 2 2 2 2 2 2 2 2 2 2 2 2 2 2 2 2 2 2 2 2 2 2 2 2 2 2 2 2 2
left_child=8 -2 -3 4 13 6 -6 -5 10 -10 17 -12 -13 -4 15 16 -14 22 -19 20 21 -20 27 -7 -15 -26 -23 29 -9 -1
right_child=1 2 3 7 5 23 -8 28 9 -11 11 12 14 24 -16 -17 -18 18 19 -21 -22 26 -24 -25 25 -27 -28 -29 -30 -31
leaf_value=-0.0094854152353105858 0.089659994279326666 -0.28243895255088325 0.038270705697541901 0.014690272693087677 0.024270567634525893 -0.023258966188057222 0.02059900814720618 0.037728098683885984 -0.090135102538464518 0.052279805171083542 0.5172248105579037 -1.0346568514977939 -0.0073134930008288673 -0.050703080306406786 0.07357094791727338 -1.2205249163512146 0.7699765701411041 0.02028991171885185 -0.045001489373858006 -0.64536375989819195 0.37298053498548867 0.016264177315534433 0.0046293272285489245 0.046132747866789302 0.038015753361827401 -0.63326178059187177 -0.048355190459435843 0.033081455464731707 -0.0027346621863366567 0.082262890472762737
leaf_weight=1013 24 32 25 20 20 43 32 21 20 27 20 50 30 90 23 29 26 26 53 60 27 22 34 23 20 43 21 26 20 21
leaf_count=1013 24 32 25 20 20 43 32 21 20 27 20 50 30 90 23 29 26 26 53 60 27 22 34 23 20 43 21 26 20 21
internal_value=0.000292117 0.00208475 0.00162725 0.00204202 0.00135811 0.00361017 0.00680769 0.00536066 -0.000192409 0.00338298 -0.000305875 0.00138202 0.000607594 -0.000134832 0.002 0.000882352 0.00289286 -0.000536455 0.000875597 0.000114753 0.00139024 0.000124999 -0.000806216 0.00109091 -0.000843138 0.00128571 0.00327907 -0.000933963 0.00285366 -0.00102708
internal_weight=1941 413 389 357 296 118 52 61 1528 47 1481 178 158 178 108 85 56 1303 209 183 123 96 1094 66 153 63 43 1060 41 1034
internal_count=1941 413 389 357 296 118 52 61 1528 47 1481 178 158 178 108 85 56 1303 209 183 123 96 1094 66 153 63 43 1060 41 1034
is_linear=0
shrinkage=0.03


Tree=270
num_leaves=31
num_cat=0
split_feature=44 18 41 47 27 8 36 1 1 16 50 43 39 40 8 18 40 36 28 40 42 20 21 43 36 48 9 27 28 3
split_gain=1.6126 0.993966 1.74819 0.913419 1.39302 1.48305 0.945378 0.78438 0.886663 0.824916 0.70492 0.661638 0.50875 0.788718 0.573614 0.589706 1.20808 1.61953 1.69514 0.629875 0.568213 0.553013 0.500673 0.494247 0.455228 0.561274 0.658626 0.615356 0.54697 0.625
threshold=32.150000000000013 75.500000000000014 271.87549080938328 47.500000000000007 285.50000000000006 1.5000000000000002 344.61875000000003 9318.714285500002 8525.1250000000018 24.050000000000004 28.500000000000004 368.35892860000007 592.03549106875005 775.95531994583337 5.5000000000000009 1.0000000180025095e-35 7.9590401786458154 674.08928570000012 1005.0500000000001 49.078050595833353 -1.0000000180025095e-35 54.500000000000007 832.50000000000011 -120.60982145000001 812.55446430000006 43.500000000000007 147.50000000000003 257.50000000000006 1006.9500000000002 6365332.0000000009
decision_type=2 2 2 2 2 2 2 2 2 2 2 2 2 2 2 2 2 2 2 2 2 2 2 2 2 2 2 2 2 2
left_child=1 11 10 4 5 -2 -7 8 22 -9 -3 12 13 14 15 16 -1 18 20 21 -18 24 23 -6 25 27 -27 -17 29 -29
right_child=3 2 -4 -5 7 6 -8 9 -10 -11 -12 -13 -14 -15 -16 19 17 -19 -20 -21 -22 -23 -24 -25 -26 26 -28 28 -30 -31
leaf_value=-0.017102767299084606 0.058477312878086378 -0.17446418208363829 0.038944678532892296 -1.6383398664519062 0.0055779850732189454 -1.242806105312857 0.1544657152050995 -0.15271600046095718 0.15653833760489785 0.13639137838662727 0.023814811502406219 0.040732101040846694 -0.024048731451323285 0.031626616001347189 -0.099355583853787413 0.00052165684745879802 0.0094688397250297165 0.021038092958541373 -0.030308423489406506 -0.045268128475389587 0.019507643356983993 -0.058810564214300379 0.011709649214118604 0.055049517581290806 -0.0055205247868589363 -0.018211790298141173 0.29223286158362943 0.036096647519712775 0.13985435574954003 0.47793456919971844
leaf_weight=53 32 49 27 29 20 102 24 33 20 27 24 43 195 39 193 57 35 28 123 277 34 104 22 27 135 66 35 20 48 20
leaf_count=53 32 49 27 29 20 102 24 33 20 27 24 43 195 39 193 57 35 28 123 277 34 104 22 27 135 66 35 20 48 20
internal_value=0.000199381 -0.000196262 0.0027 0.00208928 0.00257003 0.000607594 -0.000857144 0.00465101 0.0064382 0.002 0.000287671 -0.000388705 -0.000496581 -0.000277033 -0.000410424 -0.000130435 0.00106593 0.00204545 0.0010625 -0.000559056 0.00482609 9.27828e-05 0.00482609 0.00657447 0.000622047 0.00139024 -0.000326733 0.00258621 0.00415909 0.00675
internal_weight=1941 1605 100 336 307 158 126 149 89 60 73 1505 1462 1267 1228 1035 273 220 192 762 69 485 69 47 381 246 101 145 88 40
internal_count=1941 1605 100 336 307 158 126 149 89 60 73 1505 1462 1267 1228 1035 273 220 192 762 69 485 69 47 381 246 101 145 88 40
is_linear=0
shrinkage=0.03


Tree=271
num_leaves=31
num_cat=0
split_feature=44 27 42 59 11 47 10 42 18 43 26 57 35 56 36 48 5 39 42 57 57 35 36 24 9 27 53 58 3 37
split_gain=1.74105 0.954992 0.879462 0.863958 0.852708 2.0492 1.76008 0.810632 0.749727 0.696283 0.617132 0.609962 0.852661 0.558769 0.508583 0.537248 1.18519 0.494449 0.972738 0.612793 1.41472 1.29271 0.564712 1.03369 0.808925 0.566933 0.525224 0.68309 0.489812 0.480002
threshold=32.150000000000013 297.50000000000006 291.99642860000012 12.550000000000002 0.91037613702198772 50.500000000000007 -0.13052619222005163 54.971428550000006 49.500000000000007 368.35892860000007 5.4500000000000011 264.50000000000006 662.54285715000015 5.9500000000000011 946.56428570000014 77.500000000000014 22.500000000000004 598.08292412500009 -110.05803595 295.50000000000006 285.50000000000006 934.03482145000009 63.264285715000007 165.40000000000003 144.50000000000003 275.50000000000006 73.500000000000014 1005.4500000000002 6587709.6785000013 677.43571430000009
decision_type=2 2 2 2 2 2 2 2 2 2 2 2 2 2 2 2 2 2 2 2 2 2 2 2 2 2 2 2 2 2
left_child=3 2 11 4 9 -6 -7 -3 -8 10 -1 -2 -13 -12 15 17 -17 18 -15 20 22 28 23 26 25 -24 27 -20 -22 -11
right_child=1 7 -4 -5 5 6 8 -9 -10 29 13 12 -14 14 -16 16 -18 -19 19 -21 21 -23 24 -25 -26 -27 -28 -29 -30 -31
leaf_value=-0.41945687303726459 0.082318828405529496 0.0017253707467806206 0.18281254570384853 0.0098925017599400759 -0.0063476501094058271 0.032371803923012921 -0.0012715841889547716 0.053640302460474271 0.046656636777616126 0.039510159407223001 0.13678567985538931 -0.0019227076772773456 0.015746250291181516 0.12155465055087603 -0.6094446064455612 0.063298411985349676 -0.13282936448249458 -0.030691172441606584 -0.28516150512293503 -0.096954813861448053 -0.01368575837790781 0.032762985058900171 -0.042029844585245731 -0.0044723895052882516 -0.53954996814743938 0.035641343249842271 0.16367295782023492 0.090966183894348587 0.075204988476837709 -0.0014418026561810419
leaf_weight=198 20 36 20 20 164 24 40 23 21 23 26 203 34 24 70 27 27 174 36 241 36 20 32 97 175 27 29 31 22 21
leaf_count=198 20 36 20 20 164 24 40 23 21 23 26 203 34 24 70 27 27 174 36 241 36 20 32 97 175 27 29 31 22 21
internal_value=0.000214837 0.00217857 0.00144043 -0.000196262 -0.000274449 0.00133735 0.00511765 0.00564407 0.00240984 -0.000574851 -0.000701239 0.000968871 0.000544303 -0.000422304 -0.000528091 -0.00035471 0.00255555 -0.000521187 -0.000194806 -0.00038606 0.00020792 0.00392308 -0.000470727 0.000730569 -0.00146154 0.00157627 0.0029375 0.00147761 0.00165517 0.00313636
internal_weight=1941 336 277 1605 1585 249 85 59 61 1336 1292 257 237 1094 1068 998 54 944 770 746 505 78 427 193 234 59 96 67 58 44
internal_count=1941 336 277 1605 1585 249 85 59 61 1336 1292 257 237 1094 1068 998 54 944 770 746 505 78 427 193 234 59 96 67 58 44
is_linear=0
shrinkage=0.03


Tree=272
num_leaves=31
num_cat=0
split_feature=26 27 8 17 33 2 53 9 43 48 14 29 41 14 17 45 58 27 35 9 17 17 10 37 37 6 32 34 35 37
split_gain=1.43697 1.52998 1.26113 1.29036 1.96699 1.37288 0.735225 0.704188 0.899107 0.63683 0.92234 0.648152 0.561496 1.35088 0.550138 1.25952 0.56204 0.517467 0.559353 1.42403 1.32645 1.26226 1.12395 1.13283 0.661043 0.695652 0.512212 0.49916 0.492407 1.20373
threshold=17.650000000000002 309.50000000000006 4.5000000000000009 8.5000000000000018 952.86875000000009 6601.5535715000015 100.50000000000001 145.50000000000003 -176.81249999999994 89.500000000000014 26.550000000000004 1.0000000180025095e-35 173.77638705366465 25.750000000000004 99.500000000000014 76.500000000000014 1008.9500000000002 312.50000000000006 202.51607145000003 140.50000000000003 10.500000000000002 18.500000000000004 0.22695468355932447 569.85000000000002 115.54821430000001 17.500000000000004 1160.0785715000004 457.11875000000003 1133.0267855000004 103.99821430000001
decision_type=2 2 2 2 2 2 2 2 2 2 2 2 2 2 2 2 2 2 2 2 2 2 2 2 2 2 2 2 2 2
left_child=9 2 7 4 -4 -5 -3 -2 -9 11 -11 14 13 -10 16 -16 17 18 21 20 -20 22 26 -24 25 -23 27 -1 -21 -30
right_child=1 6 3 5 -6 -7 -8 8 12 10 -12 -13 -14 -15 15 -17 -18 -19 19 28 -22 24 23 -25 -26 -27 -28 -29 29 -31
leaf_value=0.18674512134545376 -4.3216523029085838 0.0056138435974384627 0.060354472395217983 0.057186783532415623 0.008477472709718787 -0.28118106642744656 0.14937755054683635 0.090306218868572763 -0.27771324056446589 -0.089545192910711252 0.048025377416416333 -0.11543432619111176 -0.0030269151681362673 0.0061660002504320671 -0.019610650464183983 0.084173690258406333 0.0056570912337482347 -0.037744592100341194 0.030825580962622293 -0.16839740926644758 0.0023047624055568985 -0.14294054666253414 0.075265936467762168 0.003340507416613625 -0.16097778358871614 0.021543953516954734 0.15557552299711377 -1.7230245700944666 -0.082284024907402373 0.039848917181749745
leaf_weight=35 53 23 23 34 25 42 21 37 28 20 27 223 89 38 28 20 49 204 26 281 48 72 39 23 132 184 23 33 39 22
leaf_count=35 53 23 23 34 25 42 21 37 28 20 27 223 89 38 28 20 49 204 26 281 48 72 39 23 132 184 23 33 39 22
internal_value=0.000369397 0.00193947 0.00130894 0.00377419 0.007625 0.0013421 0.00722727 6.12238e-05 0.000906249 -5.49745e-05 0.00338298 -0.000164079 -9.67749e-05 0.002 0.000100158 0.00325 -2.47941e-05 -0.000157623 0.000134796 -0.000692308 0.00308108 0.000770794 0.00307843 0.00619355 -0.000139176 0.000749999 0.000956043 -0.000352942 -0.00150877 0.000934426
internal_weight=1941 413 369 124 48 76 44 245 192 1528 47 1481 155 66 1258 48 1210 1161 957 416 74 541 153 62 388 256 91 68 342 61
internal_count=1941 413 369 124 48 76 44 245 192 1528 47 1481 155 66 1258 48 1210 1161 957 416 74 541 153 62 388 256 91 68 342 61
is_linear=0
shrinkage=0.03


Tree=273
num_leaves=31
num_cat=0
split_feature=14 59 40 30 43 32 38 27 39 3 18 28 8 3 11 17 10 19 11 36 27 51 14 57 57 40 44 17 37 27
split_gain=1.14304 1.01947 0.724081 0.9199 0.9 0.887746 2.025 0.665139 0.72 1.01423 0.621593 1.29711 0.621542 0.500925 0.434556 0.880553 0.671916 0.635709 0.980344 0.622191 0.549111 0.543439 0.688002 0.637594 1.00124 1.04495 1.01941 0.951055 0.74055 0.675088
threshold=32.150000000000013 6.4500000000000011 406.23630953270839 705.31428570000014 210.59375000000003 1211.8696430000002 1153.7502232875001 285.50000000000006 859.89564731250005 6317460.5000000009 89.500000000000014 1005.2500000000001 1.5000000000000002 6587869.5715000005 0.91037613702198772 50.500000000000007 -0.13052619222005163 18.500000000000004 1.0000000180025095e-35 1044.8741070000003 37.500000000000007 565.00000000000011 31.650000000000002 294.50000000000006 285.50000000000006 246.46584821789585 28.450000000000003 25.500000000000004 455.96785715000004 257.50000000000006
decision_type=2 2 2 2 2 2 2 2 2 2 2 2 2 2 2 2 2 2 2 2 2 2 2 2 2 2 2 2 2 2
left_child=1 10 3 -2 -5 7 -7 12 -9 -10 14 -12 -4 -11 17 -16 -17 21 20 -18 -19 22 23 24 26 -26 27 -1 -25 -28
right_child=2 -3 5 4 -6 6 -8 8 9 13 11 -13 -14 -15 15 16 19 18 -20 -21 -22 -23 -24 28 25 -27 29 -29 -30 -31
leaf_value=0.056397909848763 0.0093590774907661191 0.0072006736722011831 0.035407060447857408 0.22182577901223136 0.011757427562478133 0.37641861139466937 -0.28682216765145424 -0.0074205944605275215 0.10929959951216899 -0.0034812561481245572 -0.48870878434475939 0.029691649700490166 -2.0141100804164251 0.01269839485820415 -0.0067353276576846898 0.02292887821253084 -0.0025832553446974672 0.019286178539479431 -0.53768236798279367 0.0038703518945730447 -0.0029624764622087595 -0.13263935575189034 0.0938533220081956 -0.24349956927521052 0.018284680904320071 0.017181903639133887 -0.29954957148669448 0.01526112929102055 0.02613476419774299 0.0016157329593510163
leaf_weight=33 27 28 25 20 20 20 20 44 22 23 29 20 91 24 162 22 37 32 201 20 171 103 32 276 29 33 116 58 20 183
leaf_count=33 27 28 25 20 20 20 20 44 22 23 29 20 91 24 162 22 37 32 201 20 171 103 32 276 29 33 116 58 20 183
internal_value=0.000230293 -0.000102804 0.00182143 0.00461194 0.0075 0.00112639 0.00525 0.000406113 0.00204425 0.00395652 -0.000203552 0.00312245 -0.00118966 0.00146808 -0.00031021 0.00085892 0.0034557 -0.000529138 -0.00151485 0.00173684 -4.43357e-05 -7.81434e-05 0.000192307 8.02068e-06 0.000716813 0.00425806 0.000153845 0.00293407 -0.00107433 -0.000692308
internal_weight=1941 1605 336 67 40 269 40 229 113 69 1577 49 116 47 1528 241 79 1287 404 57 203 883 780 748 452 62 390 91 296 299
internal_count=1941 1605 336 67 40 269 40 229 113 69 1577 49 116 47 1528 241 79 1287 404 57 203 883 780 748 452 62 390 91 296 299
is_linear=0
shrinkage=0.03


Tree=274
num_leaves=31
num_cat=0
split_feature=43 31 42 32 53 18 58 59 17 11 4 19 27 35 16 27 42 34 6 56 3 35 17 18 16 40 1 3 16 48
split_gain=0.904665 0.903921 0.689954 0.680555 1.19688 0.496722 1.33333 0.611323 0.620265 0.956721 0.785923 0.926383 0.721551 1.0092 1.16923 1.1036 0.808802 0.936561 0.958234 0.926173 1.59978 0.615747 0.722648 0.878902 1.32143 1.68449 0.990431 0.932023 0.835393 0.614673
threshold=355.4169640500001 683.04464285000006 133.59285735000006 1211.8696430000002 185.50000000000003 89.500000000000014 1005.2500000000001 6.4500000000000011 38.500000000000007 0.91037613702198772 21.500000000000004 51.500000000000007 314.00000000000006 51.664285715000005 23.250000000000004 270.50000000000006 69.931250000000048 389.65625000000006 22.500000000000004 4.9500000000000011 6363513.2855000012 196.90000000000001 31.500000000000004 1.0000000180025095e-35 24.350000000000005 593.73545387833349 2800.0000000000005 7215652.6250000009 23.850000000000005 44.500000000000007
decision_type=2 2 2 2 2 2 2 2 2 2 2 2 2 2 2 2 2 2 2 2 2 2 2 2 2 2 2 2 2 2
left_child=3 2 -2 5 -5 7 -7 8 12 -10 29 -12 13 14 -1 -15 17 18 -16 -20 -21 -17 23 24 25 -23 -27 -26 -28 -11
right_child=1 -3 -4 4 -6 6 -8 -9 9 10 11 -13 -14 15 16 21 -18 -19 19 20 -22 22 -24 -25 27 26 28 -29 -30 -31
leaf_value=-1.4324097315806599 0.044621944642050736 0.0062213778860767946 0.0095575658020659801 0.52732195775379553 -0.0075606316331318923 -0.49979400616312769 0.0288009002094755 0.0062756561104485332 -0.023866455091787649 -0.0092265904654587876 0.015830714073044289 0.010871386371255105 -0.077975322097826552 -0.61788339630263467 -0.097671518122205522 -0.27970051106973559 -0.0006374959817786772 0.16146689094467065 0.2168807596522932 0.17894985834962268 -0.016693142780170409 0.026299047091711995 0.060601654936169209 -0.41570259025523348 -0.052353271444447298 -0.12042121971830273 0.012140748821525162 0.046814378196158017 0.061450820597870812 0.01198343244542836
leaf_weight=42 20 51 21 28 22 30 20 23 692 62 24 22 67 164 52 35 39 27 29 26 35 20 27 103 114 23 46 27 30 20
leaf_count=42 20 51 21 28 22 30 20 23 692 62 24 22 67 164 52 35 39 27 29 26 35 20 27 103 114 23 46 27 30 20
internal_value=0.000292117 0.00319565 0.00651219 0.000147647 0.0036 5.16947e-05 0.003 -3.25908e-05 -9.73356e-05 -0.000695123 0.0016875 0.00482609 0.000443708 0.000682955 0.00228 5.09266e-06 0.00320192 0.00410059 0.00312676 0.005 0.00290164 0.000811764 0.00115385 0.000801652 0.00173077 0.00405882 0.00245454 -0.000234043 0.00410526 -7.31714e-05
internal_weight=1941 92 41 1849 50 1799 50 1749 1726 820 128 46 906 839 250 589 208 169 142 90 61 425 390 363 260 119 99 141 76 82
internal_count=1941 92 41 1849 50 1799 50 1749 1726 820 128 46 906 839 250 589 208 169 142 90 61 425 390 363 260 119 99 141 76 82
is_linear=0
shrinkage=0.03


Tree=275
num_leaves=31
num_cat=0
split_feature=46 4 42 18 27 37 49 57 33 33 51 51 3 56 39 53 37 16 49 14 9 27 26 19 36 14 26 33 5 33
split_gain=1.05524 0.956275 0.854645 0.844564 0.75877 0.968045 0.979389 0.964286 0.745229 1.05543 1.16252 1 0.625 0.563903 0.536564 0.513818 0.699436 0.594791 0.483396 0.488561 1.15562 0.725387 0.719072 0.700316 0.724674 0.441258 0.423375 0.694005 0.795978 0.619096
threshold=24.750000000000004 21.500000000000004 352.31875000000002 89.500000000000014 288.50000000000006 424.6419643000001 14.500000000000002 295.50000000000006 751.50892855000018 552.42142855000009 365.50000000000006 733.00000000000011 6677004.8395000007 14.250000000000002 707.09854910625006 178.50000000000003 1007.7687500000001 23.450000000000003 14.500000000000002 28.550000000000004 144.50000000000003 286.50000000000006 5.0500000000000007 3.5000000000000004 630.78839285000015 29.250000000000004 7.7500000000000009 1.0000000180025095e-35 37.500000000000007 222.95625000000004
decision_type=2 2 2 2 2 2 2 2 2 2 2 2 2 2 2 2 2 2 2 2 2 2 2 2 2 2 2 2 2 2
left_child=1 2 4 18 8 7 15 -6 9 13 -11 -12 -5 26 -8 16 17 -7 19 22 21 -21 -2 24 -24 -23 -1 28 -28 -29
right_child=3 -3 -4 12 5 6 14 -9 -10 10 11 -13 -14 -15 -16 -17 -18 -19 -20 20 -22 25 23 -25 -26 -27 27 29 -30 -31
leaf_value=-0.60563898134133898 -0.0091025793162712778 0.020875565098285444 0.049551262072381037 0.064252414321468623 0.0073541768000427252 0.047793759112968369 0.20247634330132799 -0.095321920600829141 -0.13574552699041062 0.15550850641600522 -1.274759793457241 0.35549161844256655 -0.067364898884404625 -0.19558686444346529 0.032078070663129545 -0.0041017684114342447 -0.0031569268561999616 0.0032960671885680741 -0.01351893038450319 0.02039740171440655 -0.10301167751146582 0.085694235376883518 0.19609844370716673 0.048270019274010249 -0.01681106075418709 -0.67474029847373829 0.025417611245750066 -0.04224751160586214 0.044706862566452947 0.058287033896887837
leaf_weight=55 66 34 22 20 21 23 20 100 215 28 25 20 20 115 33 50 20 33 328 31 282 49 41 29 76 25 49 48 20 43
leaf_count=55 66 34 22 20 21 23 20 100 215 28 25 20 20 115 33 50 20 33 328 31 282 49 41 29 76 25 49 48 20 43
internal_value=0.000183925 0.000880903 0.000702127 -0.000518098 0.000562091 0.0018 0.00320112 -0.000272728 -3.88357e-05 0.000722084 0.0039863 0.000999999 0.00375 -7.15256e-10 0.00662264 0.0017619 0.00331579 0.00503571 -0.000702266 -0.000195326 -0.000829458 0.00185714 0.000962263 0.00213699 0.00110256 0.000243243 0.000906976 0.0016875 0.00395652 -3.29677e-05
internal_weight=1941 974 940 967 918 300 179 121 618 403 73 45 40 330 53 126 76 56 927 599 387 105 212 146 117 74 215 160 69 91
internal_count=1941 974 940 967 918 300 179 121 618 403 73 45 40 330 53 126 76 56 927 599 387 105 212 146 117 74 215 160 69 91
is_linear=0
shrinkage=0.03


Tree=276
num_leaves=31
num_cat=0
split_feature=11 41 57 38 31 47 43 56 57 3 46 43 23 18 44 35 46 8 42 8 27 46 8 16 11 27 40 56 41 8
split_gain=1.54984 1.86828 1.3241 0.971313 0.987722 1.72306 0.817438 0.677086 0.76303 1.06482 0.524696 0.672163 0.808595 0.475009 0.9 0.51741 0.994852 1.11299 0.342917 0.614164 0.664666 0.328897 0.446269 0.383678 0.884345 0.490912 0.413195 0.490511 0.807375 0.584001
threshold=-0.84874750804349197 245.43031381086146 285.50000000000006 788.45312501249998 874.45000000000016 18.500000000000004 -138.22946430699997 3.8500000000000001 45.500000000000007 6438432.1250000009 23.250000000000004 110.22857139999998 183.50000000000003 89.500000000000014 26.550000000000004 1126.2321430000002 24.750000000000004 2.5000000000000004 -125.01339284999999 1.5000000000000002 292.50000000000006 23.750000000000004 4.5000000000000009 24.350000000000005 0.58216583101416119 275.50000000000006 163.08173363083336 10.400000000000002 178.72524419210751 5.5000000000000009
decision_type=2 2 2 2 2 2 2 2 2 2 2 2 2 2 2 2 2 2 2 2 2 2 2 2 2 2 2 2 2 2
left_child=1 2 -1 -3 5 -5 -6 -2 9 -9 -8 12 -12 15 -15 18 17 -17 19 -10 -21 22 -20 24 25 -23 27 28 -25 -29
right_child=7 3 -4 4 6 -7 10 8 13 -11 11 -13 -14 14 -16 16 -18 -19 21 20 -22 23 -24 26 -26 -27 -28 29 -30 -31
leaf_value=0.0037099993880460292 -0.19710621229184469 -0.026903720809245909 0.61483458749024189 0.11218646837593094 0.081743787748153718 0.0051927686822328669 -0.81298211404908816 0.15081703117649675 0.12467082262387254 -0.082124401587624185 -0.28641506827174812 -0.087491705074548509 0.061334191686791543 -0.090146335899376054 0.039986900522336867 0.16068008889608709 -0.10289096002800123 0.0018991298397365995 -0.16023590484983843 -1.882043436978728 0.010812469941900535 -0.58071713267339176 0.0088994799844917365 -0.0044084569477129531 0.017372404282266406 0.0019351753594969751 -0.067717190650012804 0.033786514635827242 0.018091906775551399 -0.40108932318831808
leaf_weight=21 96 55 20 22 38 35 65 29 20 28 20 54 21 20 20 21 44 36 151 31 22 35 24 393 22 102 249 181 24 42
leaf_count=21 96 55 20 22 38 35 65 29 20 28 20 54 21 20 20 21 44 36 151 31 22 35 24 393 22 102 249 181 24 42
internal_value=0.000153013 0.00195726 0.00797561 0.00116129 0.00194118 0.00542105 0.000939393 -0.000245284 -8.83541e-05 0.00331579 -7.15256e-10 0.00142105 0.00431707 -0.000223383 0.003 -0.000315677 0.00175247 0.00436842 -0.000476853 0.00152055 -0.000169812 -0.000596076 -0.0018 -0.000395039 0.000962263 6.56927e-05 -0.000637796 -0.000234376 -0.000841727 0.000901345
internal_weight=1941 351 41 310 255 57 198 1590 1494 57 160 95 41 1437 40 1397 101 57 1296 73 53 1223 175 1048 159 137 889 640 417 223
internal_count=1941 351 41 310 255 57 198 1590 1494 57 160 95 41 1437 40 1397 101 57 1296 73 53 1223 175 1048 159 137 889 640 417 223
is_linear=0
shrinkage=0.03


Tree=277
num_leaves=31
num_cat=0
split_feature=43 16 39 30 6 30 14 32 3 18 3 6 59 39 37 57 31 1 29 11 14 56 37 47 47 57 5 6 58 56
split_gain=1.08737 1.01348 0.898451 0.836653 0.786231 0.962971 1.36611 1.60714 0.843108 0.726933 0.66012 0.872098 0.657211 0.515723 0.504167 0.492849 0.781897 1.01009 0.646341 0.843564 0.83285 1.29106 0.991425 0.866149 0.84889 1.10855 0.83115 0.806058 0.591721 0.7318
threshold=355.4169640500001 23.450000000000003 598.08292412500009 724.31875000000002 26.500000000000004 766.22410715000012 32.650000000000013 1085.9000000000003 6542759.0000000009 89.500000000000014 6397828.7855000012 20.500000000000004 1.9500000000000004 884.64999995000005 401.97678570000005 308.50000000000006 154.23571425000003 3988.4107145000003 1.0000000180025095e-35 0.91037613702198772 29.250000000000004 17.950000000000003 177.95714285000003 7.5000000000000009 38.500000000000007 304.50000000000006 22.500000000000004 22.500000000000004 1007.35 10.65
decision_type=2 2 2 2 2 2 2 2 2 2 2 2 2 2 2 2 2 2 2 2 2 2 2 2 2 2 2 2 2 2
left_child=3 -2 -3 9 5 -5 8 -8 10 12 11 -7 15 -13 -6 18 -17 -18 20 -20 21 22 23 27 25 26 -25 -1 29 -26
right_child=1 2 -4 4 14 6 7 -9 -10 -11 -12 13 -14 -15 -16 16 17 -19 19 -21 -22 -23 -24 24 28 -27 -28 -29 -30 -31
leaf_value=0.025856570290127764 0.035501347166644021 0.0075926090112921792 -0.11281244840470728 0.053664455467257725 0.11698733815260434 -2.6160896050372173 0.18213298480442569 0.036749389672893484 -0.13613101819461523 0.024137305384168924 0.053014445070495797 0.014609429875729003 0.0064508222415098262 0.044848266887359552 -5.3068688502126182 -0.052904189274860083 0.18364896816113421 -0.044754365499247793 -0.36489417941339242 0.0059885750263350118 -0.0030953737466370727 0.0046734511269450113 -0.83145370152468845 0.022118388231576892 -0.041571520810598249 -0.79744409339511879 0.23242613211749932 -0.090932669015055825 0.026990373968263238 0.067612937255096983
leaf_weight=23 26 34 32 21 20 51 28 35 70 33 26 20 29 23 60 240 21 26 209 36 402 21 54 69 85 20 70 66 22 69
leaf_count=23 26 34 32 21 20 51 28 35 70 33 26 20 29 23 60 240 21 26 209 36 402 21 54 69 85 20 70 66 22 69
internal_value=0.000338485 0.00352174 0.00154545 0.000180097 0.00149152 0.00225547 0.00174308 0.00557143 0.000473683 -0.000130435 0.002 0.000829787 -0.000229823 0.00397674 -0.001125 -0.000320308 -0.00143206 0.00210638 -4.18855e-05 -0.00140816 0.000329633 0.0011483 0.000828451 0.00131604 0.00201492 0.00360377 0.00455396 -0.00131461 0.000579545 -7.79228e-05
internal_weight=1941 92 66 1849 354 274 253 63 190 1495 120 94 1462 43 80 1433 287 47 1146 245 901 499 478 424 335 159 139 89 176 154
internal_count=1941 92 66 1849 354 274 253 63 190 1495 120 94 1462 43 80 1433 287 47 1146 245 901 499 478 424 335 159 139 89 176 154
is_linear=0
shrinkage=0.03


Tree=278
num_leaves=31
num_cat=0
split_feature=56 10 1 30 14 1 1 57 11 49 4 3 21 3 24 33 40 9 36 1 6 3 37 41 45 48 58 16 57 9
split_gain=1.09052 1.26928 1.01279 1.53061 0.680501 1.44069 0.701874 0.554394 0.973165 1.34406 1.62378 1.85046 0.578786 0.52236 0.483117 0.464545 0.868173 0.691388 1.08911 1.54887 1.06668 0.971645 0.865195 0.816133 0.722785 0.669862 0.869551 1.01831 0.636704 0.625
threshold=21.550000000000004 -0.5 9110.1339285000013 578.6142857000001 32.850000000000001 9318.714285500002 12145.285710000002 299.50000000000006 0.91037613702198772 4.5000000000000009 1.0000000180025095e-35 6654819.7500000009 490.50000000000006 6304285.0000000009 757.10000000000014 766.22410715000012 817.70736608333357 144.50000000000003 32.322321430000009 1407.2142860000001 22.500000000000004 6595772.5000000009 2.5928571430000003 178.72524419210751 78.500000000000014 16.500000000000004 1006.35 25.050000000000004 263.50000000000006 155.50000000000003
decision_type=2 2 2 2 2 2 2 2 2 2 2 2 2 2 2 2 2 2 2 2 2 2 2 2 2 2 2 2 2 2
left_child=4 -2 3 -3 6 -6 7 8 15 13 -11 -12 -9 -10 -7 16 17 20 19 21 22 -19 23 -1 -25 -20 -27 -28 -29 -21
right_child=1 2 -4 -5 5 14 -8 12 9 10 11 -13 -14 -15 -16 -17 -18 18 25 29 -22 -23 -24 24 -26 26 27 28 -30 -31
leaf_value=-0.0011214357318857385 -0.0013143876291215818 0.006427526014688714 -0.5409601231851896 0.11282820289568063 0.060723927562035956 -1.3156832284614859 0.23522733132641732 -0.009367211694067859 0.33178142787829468 -0.0030988845262728115 0.053014239492315797 0.021472169892909308 0.0076111440191226863 -0.046753121517388106 0.016464718541170542 -0.0048113859624587061 0.029312377853753992 0.14820944969235345 -0.43127353008509356 -0.024946831017653142 0.055999446223359853 0.012902230855189526 -0.057730396416870076 0.0087498586144374602 0.051697730510608039 -0.50419082825928241 0.078437267737919966 -0.31526045675184539 0.12001560238717887 0.024542568267136342
leaf_weight=60 58 28 25 21 39 31 33 388 21 20 24 22 23 69 35 234 29 22 187 128 32 20 129 34 22 78 24 45 28 32
leaf_count=60 58 28 25 21 39 31 33 388 21 20 24 22 23 69 35 234 29 22 187 128 32 20 129 34 22 78 24 45 28 32
internal_value=0.000276661 0.00290909 0.00551351 0.00802041 8.45764e-05 0.00242857 -5.98599e-05 -0.000145423 0.000166666 0.00238461 0.00563636 0.00873913 -0.00110219 -7.15256e-10 -0.000272728 -0.00014674 0.000172413 -3.5679e-06 -0.000606384 0.00115842 0.00122383 0.00628571 0.00055102 0.00243103 0.00503571 -0.00159116 -0.000257144 0.00163917 -0.000123288 -0.000187501
internal_weight=1941 132 74 49 1809 105 1704 1671 1260 156 66 46 411 90 66 1104 870 841 564 202 277 42 245 116 56 362 175 97 73 160
internal_count=1941 132 74 49 1809 105 1704 1671 1260 156 66 46 411 90 66 1104 870 841 564 202 277 42 245 116 56 362 175 97 73 160
is_linear=0
shrinkage=0.03


Tree=279
num_leaves=31
num_cat=0
split_feature=11 8 41 57 38 38 41 5 22 49 49 3 5 26 48 11 43 8 57 56 48 36 39 49 41 43 35 35 40 15
split_gain=0.94618 1.10472 1.0777 0.966716 0.788782 1.45193 1.93193 0.873509 1.43425 0.611052 0.656856 0.966954 0.478139 0.471444 0.479709 0.877935 0.697959 1.03371 0.453856 0.386252 0.364457 0.377634 0.95317 1.62037 0.6183 1.14388 0.501054 1.06421 0.433278 0.37199
threshold=-0.81241147629688992 2.5000000000000004 247.57024980728929 309.50000000000006 788.45312501249998 902.82433036250006 344.65951327361932 1.0000000180025095e-35 753.50000000000011 83.000000000000014 96.000000000000014 6390086.0980000012 22.500000000000004 3.8500000000000001 49.500000000000007 0.91037613702198772 161.49285714500004 2.5000000000000004 270.50000000000006 13.250000000000002 45.500000000000007 177.85000000000002 5.9328125000000016 12.500000000000002 276.0346830634806 -8.8357142930000077 787.69196430000011 950.34732145000009 739.63370535000001 60.500000000000007
decision_type=2 2 2 2 2 2 2 2 2 2 2 2 2 2 2 2 2 2 2 2 2 2 2 2 2 2 2 2 2 2
left_child=1 3 -3 18 -4 6 -6 -7 -9 13 12 -12 -11 -2 20 16 -16 -18 19 -1 21 22 23 -15 29 26 -26 -28 -29 -24
right_child=9 2 4 -5 5 7 -8 8 -10 10 11 -13 -14 14 15 -17 17 -19 -20 -21 -22 -23 24 -25 25 -27 27 28 -30 -31
leaf_value=-0.023737859049039252 -0.42629737981995713 0.25376380878343802 -0.011560586870226024 0.026168511810261412 0.062712018104713274 0.24909057241739394 0.05619922292586297 -1.5253461087017275 0.14857447268338905 0.025288496290477365 0.0067230101140012257 -0.0095929262566023174 0.025285055455645536 0.57054041918720577 -0.0052072387942922235 0.034081595866432945 -0.015097074710675378 0.10220688224475108 -6.7150943235215479 0.30457530354581835 -0.61640469303572964 -0.009053952739581107 0.0083321065372583287 -0.67736143941709326 -0.50301394385935816 0.0079029918176178951 0.028598127419292903 -0.1022041306345 0.0096743704104091197 -0.0055522245043054322
leaf_weight=32 80 26 34 21 25 32 21 67 23 20 20 63 22 36 134 26 25 21 72 39 50 574 31 27 39 33 31 54 38 225
leaf_count=32 80 26 34 21 25 32 21 67 23 20 20 63 22 36 134 26 25 21 72 39 50 574 31 27 39 33 31 54 38 225
internal_value=0.000122101 0.00143877 0.00278947 -0.000439025 0.0020495 0.00289286 0.00743478 0.00118033 -0.000333334 -0.000211105 0.0018 0.000253011 0.00485714 -0.000387641 -0.000254465 0.00107767 0.000333333 0.00352174 -0.00132168 0.000380281 -0.000495607 -0.000380515 0.000210116 0.00366667 -0.000272728 0.000999999 -3.70378e-05 0.000902438 -0.000717392 -0.00124219
internal_weight=1941 392 228 164 202 168 46 122 90 1549 125 83 42 1424 1344 206 180 46 143 71 1138 1088 514 63 451 195 162 123 92 256
internal_count=1941 392 228 164 202 168 46 122 90 1549 125 83 42 1424 1344 206 180 46 143 71 1138 1088 514 63 451 195 162 123 92 256
is_linear=0
shrinkage=0.03


Tree=280
num_leaves=31
num_cat=0
split_feature=1 25 28 11 17 4 6 3 28 15 42 33 2 40 38 46 15 28 27 1 49 33 33 42 27 2 28 16 57 6
split_gain=0.948831 1.21008 0.994532 0.963461 1.46961 1.09585 1.08599 1.00119 0.915144 0.627785 0.509755 0.681057 0.81185 0.72482 1.16667 0.515548 0.574274 0.653666 0.986752 0.918367 0.68156 0.711366 1.17156 0.596825 0.506057 0.682665 0.78498 0.774704 0.609375 0.606015
threshold=131.50000000000003 52.000000000000007 1007.2500000000001 0.91037613702198772 50.500000000000007 1.0000000180025095e-35 17.500000000000004 6548161.1875000009 1003.9500000000002 84.500000000000014 352.31875000000002 751.50892855000018 3433.7142855000006 775.95531994583337 594.28593750000016 25.250000000000004 85.500000000000014 1007.6500000000002 281.50000000000006 8680.0803570000007 1.5000000000000002 303.50089285000007 174.48571430000004 -45.249999999999993 308.50000000000006 5497.4285715000015 1006.7500000000001 24.850000000000005 269.50000000000006 24.500000000000004
decision_type=2 2 2 2 2 2 2 2 2 2 2 2 2 2 2 2 2 2 2 2 2 2 2 2 2 2 2 2 2 2
left_child=3 2 9 6 -5 -6 -1 -7 -8 -2 11 13 -13 15 -15 16 17 20 -19 -20 -3 22 -22 -23 25 26 27 -10 -28 -27
right_child=1 10 -4 4 5 7 8 -9 24 -11 -12 12 -14 14 -16 -17 -18 18 19 -21 21 23 -24 -25 -26 29 28 -29 -30 -31
leaf_value=-0.48403716028334076 0.19287841906240721 -0.50247572012338326 -0.23170891342088062 -0.0094156303824438764 -0.0018789794965164569 0.033288442054738472 0.026335126806275377 0.016657613763040296 -0.38106575075353111 0.013261974526580024 0.092133385523439831 0.035434754797395981 -0.0075696437071281191 0.066733959813789351 -0.00070031322989878907 -0.016587215282256408 0.03280347615159443 0.029982001095709164 -0.0039019628478597587 0.044664586575597805 -0.0008830827974020117 0.010299197982762113 0.12669941540257731 -0.01186604527346689 -0.47433525750215311 0.0027025220140580613 -0.29886332806414656 0.52218442163190748 0.23033278108959659 -0.63304075188509634
leaf_weight=253 29 94 20 162 27 32 25 28 33 33 28 36 328 21 21 89 29 37 70 28 31 31 26 53 114 82 39 36 25 81
leaf_count=253 29 94 20 162 27 32 25 28 33 33 28 36 328 21 21 89 29 37 70 28 31 31 26 53 114 82 39 36 25 81
internal_value=0.000183925 0.0008247 0.00431707 -0.000502669 0.00109638 0.00424138 -0.0010814 0.0065 -0.000172415 0.00619355 0.000514099 0.000389261 -0.000609891 0.00107547 0.00485714 0.000749999 0.00121053 0.000891891 0.00255555 0.000979591 -6.38305e-05 0.00125532 0.0038421 -0.000500001 -0.000512196 0.000141891 0.00173684 0.00395652 -0.000656251 -0.00115951
internal_weight=1941 1004 82 937 249 87 688 60 435 62 922 894 364 530 42 488 399 370 135 98 235 141 57 84 410 296 133 69 64 163
internal_count=1941 1004 82 937 249 87 688 60 435 62 922 894 364 530 42 488 399 370 135 98 235 141 57 84 410 296 133 69 64 163
is_linear=0
shrinkage=0.03


Tree=281
num_leaves=31
num_cat=0
split_feature=11 21 8 35 19 42 47 58 45 3 9 30 11 27 3 50 46 48 37 42 42 43 8 26 48 19 26 36 34 44
split_gain=1.29429 0.949913 1.26432 1.00086 1.16023 1.18693 1.27511 0.963948 1.24952 0.882452 0.776729 1.01156 0.752018 1.00671 1.12247 0.864665 1.01283 1.04416 0.7474 0.855556 0.792909 0.520721 0.416793 0.894783 0.39551 0.375136 0.691592 0.406843 0.904615 0.395343
threshold=1.0000000180025095e-35 52.000000000000007 2.5000000000000004 344.61875000000003 42.500000000000007 38.242857145000009 57.500000000000007 1006.6500000000002 84.500000000000014 6286248.8125000009 148.50000000000003 833.9312500000002 0.91037613702198772 235.50000000000003 6619372.7500000009 11.500000000000002 24.250000000000004 63.500000000000007 469.59285715000004 90.740178549999953 207.59732140000008 -83.609821449999956 5.5000000000000009 20.850000000000005 30.500000000000004 6.5000000000000009 15.750000000000002 165.77142855000002 154.23571425000003 28.450000000000003
decision_type=2 2 2 2 2 2 2 2 2 2 2 2 2 2 2 2 2 2 2 2 2 2 2 2 2 2 2 2 2 2
left_child=1 7 -3 4 5 6 10 8 -1 -5 11 -4 15 14 -14 16 -2 25 19 -7 -20 -12 24 -24 -11 26 27 28 -18 -29
right_child=12 2 3 9 -6 18 -8 -9 -10 22 21 -13 13 -15 -16 -17 17 -19 20 -21 -22 -23 23 -25 -26 -27 -28 29 -30 -31
leaf_value=0.30978155076149683 0.015918889477593293 -0.0030771667089049635 0.01449490790399509 0.027431203191205424 -0.4609256931857979 0.012297213497014344 0.26442977913687832 -0.089967015812482481 0.012664599569710231 -0.66957155199988561 0.27450678078343022 0.28517673102187174 0.062921272922735222 -0.0015016789935767758 -0.0021342695884297796 -0.47169303994488676 0.75513818474771244 0.045066540155257663 -0.069072130594016928 0.04804872814257851 0.064419645827149208 0.0048994846188752834 0.033173063801143356 -0.0014918939701175228 0.0071584024939720893 -0.44515257086457105 0.021870132811864798 -0.00086583559072051625 -0.66444319107963223 -0.07637930123985226
leaf_weight=23 38 359 27 21 42 30 20 21 34 102 20 26 34 189 26 220 26 34 61 33 27 54 25 21 39 101 20 82 24 162
leaf_count=23 38 359 27 21 42 30 20 21 34 102 20 26 34 189 26 220 26 34 61 33 27 54 25 21 39 101 20 82 24 162
internal_value=-1.70023e-05 0.000746192 0.000472987 0.00137956 0.00238235 0.00304027 0.00495918 0.00392308 0.00594737 -0.000259616 0.00385039 0.00662264 -0.000803348 0.000614457 0.004 -0.00130269 -0.000597537 -0.000995546 0.00117218 0.00366667 -0.000613637 0.00186486 -0.000914439 0.00156522 -0.0017234 -0.00140964 -0.00089809 -0.00126531 0.0012 -0.00177049
internal_weight=1941 985 907 548 340 298 147 78 57 208 127 53 956 249 60 707 487 449 151 63 88 74 187 46 141 415 314 294 50 244
internal_count=1941 985 907 548 340 298 147 78 57 208 127 53 956 249 60 707 487 449 151 63 88 74 187 46 141 415 314 294 50 244
is_linear=0
shrinkage=0.03


Tree=282
num_leaves=31
num_cat=0
split_feature=1 14 11 18 28 56 22 33 2 28 58 1 22 17 20 20 2 47 50 19 31 3 57 9 28 14 5 15 1 57
split_gain=1.16771 0.945085 0.66689 0.991678 0.604849 0.922137 0.763226 0.682282 0.910278 0.612528 0.652364 0.627351 0.725072 1.46518 0.590131 0.505121 0.492946 0.919914 0.579899 0.669948 0.565385 0.564706 0.492634 0.468773 0.686759 0.63919 0.808595 0.426055 0.421948 0.406338
threshold=131.50000000000003 26.350000000000005 0.68322629814330826 49.500000000000007 1004.5500000000001 21.250000000000004 562.00000000000011 678.46428575000016 6291.4375000000009 1008.5500000000001 1008.35 1407.2142860000001 76.500000000000014 32.500000000000007 15.500000000000002 1.0000000180025095e-35 4455.6250000000009 18.500000000000004 13.500000000000002 44.500000000000007 874.45000000000016 6328993.3125000009 302.50000000000006 141.50000000000003 1007.4500000000002 28.550000000000004 22.500000000000004 80.500000000000014 5954.3125000000009 290.50000000000006
decision_type=2 2 2 2 2 2 2 2 2 2 2 2 2 2 2 2 2 2 2 2 2 2 2 2 2 2 2 2 2 2
left_child=2 -2 15 22 7 9 -7 8 -3 10 11 12 13 -6 27 -1 17 20 -19 28 -13 -22 23 -4 -25 26 -26 -5 -20 -18
right_child=1 4 3 14 5 6 -8 -9 -10 -11 -12 16 -14 -15 -16 -17 29 18 19 -21 21 -23 -24 24 25 -27 -28 -29 -30 -31
leaf_value=-0.013954036631110734 0.028684956108261238 -0.0061864975141270985 0.25065992297947121 0.29140766894100079 0.046161261403800766 0.0072523750284394202 0.098558405329791432 -0.067968113030201324 0.051311227475357955 -0.009901124510554065 0.48771372252044626 0.094737513987851685 -0.0049750873447371264 0.0058810052874707659 -0.0016065309148925334 -0.53003123231579796 -0.066031397496699146 -0.078800579189300266 8.8852706333063526e-05 -0.0067414988232735009 0.054573444071412194 -0.098929091556503784 -0.038229760401536132 -0.0086434006687126017 -0.00099671814420050002 -0.0029124109312136785 0.40210449919422403 0.045182444046178299 0.10530798885050298 0.012182859642335838
leaf_weight=275 26 32 46 22 21 25 31 117 29 118 29 26 36 40 24 172 154 136 22 43 20 34 153 131 20 52 21 21 28 37
leaf_count=275 26 32 46 22 21 25 31 117 29 118 29 26 36 40 24 172 154 136 22 43 20 34 153 131 20 52 21 21 28 37
internal_value=-0.000125194 0.000585657 -0.000886874 -0.00012245 0.000435582 0.000787499 0.0045 -0.00114607 0.00142623 0.000508064 0.000881788 0.000668341 0.00287629 0.00486885 0.00326866 -0.00172483 0.000239999 0.000980582 1.30997e-05 0.00183871 0.00375 0.002 -0.000659575 0.00011111 -0.000455358 0.00151613 0.00431707 0.00537209 0.0042 -0.000958116
internal_weight=1941 1004 937 490 978 800 56 178 61 744 626 597 97 61 67 447 500 309 229 93 80 54 423 270 224 93 41 43 50 191
internal_count=1941 1004 937 490 978 800 56 178 61 744 626 597 97 61 67 447 500 309 229 93 80 54 423 270 224 93 41 43 50 191
is_linear=0
shrinkage=0.03


Tree=283
num_leaves=31
num_cat=0
split_feature=11 8 14 40 57 16 2 27 57 8 46 18 38 52 31 33 58 57 45 42 11 20 16 18 5 26 50 42 40 45
split_gain=1.56458 0.917063 1.18871 0.991418 0.977368 0.92943 0.767325 0.800476 0.652933 1.08995 0.709336 0.939078 0.926282 0.834941 0.770127 1.20536 0.763229 0.538439 0.846612 0.533333 0.520174 0.596509 0.605803 0.563747 0.832661 0.502532 0.499643 0.498696 1.20692 0.432692
threshold=1.0000000180025095e-35 2.5000000000000004 26.350000000000005 799.4922246875002 317.50000000000006 23.250000000000004 6676.8125000000009 276.50000000000006 303.50000000000006 5.5000000000000009 25.150000000000002 31.500000000000004 256.46272321250007 394.50000000000006 870.77857140000015 719.56250000000011 1005.5500000000001 309.50000000000006 73.500000000000014 39.992857160000014 0.68322629814330826 1.5000000000000002 24.250000000000004 49.500000000000007 1.0000000180025095e-35 15.950000000000001 1.5000000000000002 62.069643000000106 659.32626489020845 66.500000000000014
decision_type=2 2 2 2 2 2 2 2 2 2 2 2 2 2 2 2 2 2 2 2 2 2 2 2 2 2 2 2 2 2
left_child=1 2 -1 4 8 -5 17 -8 10 -10 11 13 -13 16 15 -15 -3 -4 -19 -14 21 22 -2 -22 -25 -24 -7 28 -16 -28
right_child=20 3 6 5 -6 26 7 -9 9 -11 -12 12 19 14 27 -17 -18 18 -20 -21 23 -23 25 24 -26 -27 29 -29 -30 -31
leaf_value=0.013395076644362527 0.010675323261015461 0.01380168600263091 -0.03317334241397802 0.051521796717483408 -0.020223730778967823 -1.0866909936474574 0.10720712746656418 -0.00059337688092564434 0.042780070594869997 0.0094294720718596167 -0.010394165535221036 0.043907376096190887 0.18942034347967215 0.035186994006093583 0.26523704853293806 0.10036455282434474 -0.64514012514113239 0.033189370957622692 -0.0079112495397588318 0.0089149969510359511 -0.0032300846974807778 -0.51147695435009322 -0.056053054485579665 0.090373807332606276 0.0043811930637715881 0.0066957886445645652 0.049866199567884469 -0.92384467786164259 -0.10856123872585539 -0.020991646791541606
leaf_weight=22 28 22 279 27 46 89 25 35 21 20 45 24 24 28 29 20 45 24 28 30 423 170 233 20 47 35 20 26 24 32
leaf_count=22 28 22 279 27 46 89 25 35 21 20 45 24 24 28 29 20 45 24 28 30 423 170 233 20 47 35 20 26 24 32
internal_value=-1.54631e-06 0.000837563 -0.00023971 0.00161538 0.00242079 -0.000321429 -0.000621484 0.0025 0.00294972 0.00651219 0.00248896 0.00306618 0.00584615 0.00194845 0.00337795 0.006375 -0.000761195 -0.00118731 0.00161538 0.00366667 -0.00086611 -0.00158369 -0.000770271 -0.000183674 0.00237313 -0.00120896 -0.00129787 0.00155696 0.00322641 0.00103846
internal_weight=1941 985 413 572 404 168 391 60 358 41 317 272 78 194 127 48 67 331 52 54 956 466 296 490 67 268 141 79 53 52
internal_count=1941 985 413 572 404 168 391 60 358 41 317 272 78 194 127 48 67 331 52 54 956 466 296 490 67 268 141 79 53 52
is_linear=0
shrinkage=0.03


Tree=284
num_leaves=31
num_cat=0
split_feature=21 14 57 34 41 49 36 37 37 56 48 41 43 39 36 9 41 2 9 11 3 3 57 57 57 27 3 4 37 23
split_gain=1.28995 0.853956 0.92498 1.27157 0.841691 0.759442 0.582444 0.954006 0.999745 0.580341 0.65369 1.80716 0.557162 0.679049 0.976614 0.690095 0.741098 2.10729 0.66835 0.781319 0.807285 0.560295 0.690638 0.670072 1.08885 0.971645 0.90363 0.778315 0.518666 2.06843
threshold=585.50000000000011 29.750000000000004 290.50000000000006 947.40625000000011 338.38551934775393 17.500000000000004 344.61875000000003 924.44285715000012 1039.1839285000003 3.8500000000000001 77.500000000000014 271.87549080938328 368.35892860000007 592.03549106875005 47.225000000000009 148.50000000000003 276.0346830634806 6955.2142855000011 149.50000000000003 0.91037613702198772 6381406.0000000009 6551800.5950000007 239.50000000000003 272.50000000000006 288.50000000000006 278.50000000000006 7115883.0625000009 4.5000000000000009 298.25357145000004 133.50000000000003
decision_type=2 2 2 2 2 2 2 2 2 2 2 2 2 2 2 2 2 2 2 2 2 2 2 2 2 2 2 2 2 2
left_child=9 -2 6 4 5 -4 7 -3 -9 -1 12 -12 13 14 15 16 -11 -18 21 -20 -21 22 -16 27 25 -25 -26 -23 -17 -30
right_child=1 2 3 -5 -6 -7 -8 8 -10 10 11 -13 -14 -15 18 28 17 -19 19 20 -22 23 -24 24 26 -27 -28 -29 29 -31
leaf_value=-0.0990144080275423 0.052073787795428213 -1.4547128700447549 -0.27840895482432926 0.062057092698259923 0.03556458180898827 0.10099718416002797 0.12278395123478776 0.20672850689018721 -0.010693524359893064 -0.0050346138594269448 -0.0047194925409814069 0.04320720384787527 0.020657876376031205 -0.02038308468422504 0.39013827523232419 0.0094654901560747816 0.035252239927541444 -0.044175449908370426 -0.4414532564241232 0.018235484469317508 -0.0011408582466088464 0.49744477182068841 -0.033831201358033011 0.023467374575240667 0.13272218846409317 0.83226225704024237 -0.069105376036034505 -0.57594017499487504 0.11580644525248554 -0.0012773760580259822
leaf_weight=100 20 108 37 24 31 21 30 29 76 130 58 21 40 159 21 97 20 64 238 21 66 23 262 20 34 22 47 58 33 31
leaf_count=100 20 108 37 24 31 21 30 29 76 130 58 21 40 159 21 97 20 64 238 21 66 23 262 20 34 22 47 58 33 31
internal_value=-0.000109738 0.00146808 0.00112921 0.00337168 0.0017191 -0.000413794 8.6419e-05 -0.000464789 0.00157143 -0.000488819 -0.000337885 0.00231645 -0.000489178 -0.000592868 -0.000346252 0.000919999 -0.000196262 0.002 -0.000931035 -0.00198462 0.000448275 -0.000227927 -0.00109187 0.000970588 0.00236585 0.00628571 0.000333333 -0.00114815 0.00240373 0.0045
internal_weight=1941 376 356 113 89 58 243 213 105 1565 1465 79 1386 1346 1187 375 214 84 812 325 87 487 283 204 123 42 81 81 161 64
internal_count=1941 376 356 113 89 58 243 213 105 1565 1465 79 1386 1346 1187 375 214 84 812 325 87 487 283 204 123 42 81 81 161 64
is_linear=0
shrinkage=0.03


Tree=285
num_leaves=31
num_cat=0
split_feature=25 8 42 1 11 18 16 31 36 33 43 41 18 41 11 36 32 50 35 42 53 34 42 47 26 56 49 14 44 5
split_gain=1.56218 1.20632 1.50624 0.798075 0.959927 0.886525 0.633734 0.923011 0.579882 0.535714 0.486248 0.485541 0.484661 1.46712 0.371005 0.656955 0.81198 0.580629 1.25952 0.525651 1.04493 0.712644 0.512954 0.600756 0.705481 0.490909 0.484732 0.426345 0.5276 0.557706
threshold=615.00000000000011 3.5000000000000004 268.46964284999996 9318.714285500002 -0.84874750804349197 1.0000000180025095e-35 23.750000000000004 809.55000000000007 154.23571425000003 703.81875000000014 368.35892860000007 232.23546690007882 77.500000000000014 271.87549080938328 0.91037613702198772 163.68839285000004 457.11875000000003 58.000000000000007 95.449107145000013 -30.000892899999993 118.50000000000001 775.09464285000013 -1.0000000180025095e-35 25.500000000000004 9.3500000000000032 12.750000000000002 7.5000000000000009 28.650000000000002 28.250000000000004 22.500000000000004
decision_type=2 2 2 2 2 2 2 2 2 2 2 2 2 2 2 2 2 2 2 2 2 2 2 2 2 2 2 2 2 2
left_child=10 6 3 4 5 -3 8 -8 -2 -5 12 -12 14 -14 15 16 19 27 -19 20 21 -1 -21 -24 -25 -26 -17 28 -16 -30
right_child=1 2 -4 9 -6 -7 7 -9 -10 -11 11 -13 13 -15 17 26 -18 18 -20 22 -22 -23 23 24 25 -27 -28 -29 29 -31
leaf_value=0.018260533624411733 -14.328337975596305 0.36959354378805137 0.093015363507924081 0.2477137819137144 0.0020562493450578508 0.009696580030985176 0.98546331966937983 -0.0097750779437598585 0.11910046833675837 -0.012991345020647719 -0.003197353865707095 0.35176661200884779 -0.0038407423233360171 0.041910987732439009 -0.01106236905496392 -0.024124019100053566 -0.0083289121806257149 -0.0032907378402494856 0.036923629022690793 -0.0055098321697902766 0.13207776713478597 -0.22167358472918622 0.16642148558614436 -0.41094075765132093 0.095062355661542711 -0.00052517073472150991 -0.39832092005368452 -0.02937935242111888 -0.0032575615281678432 0.32528146420763526
leaf_weight=27 88 20 22 20 39 27 20 44 20 64 23 20 65 21 60 320 229 28 20 80 30 31 65 101 44 66 219 61 28 39
leaf_count=27 88 20 22 20 39 27 20 44 20 64 23 20 65 21 60 320 229 28 20 80 30 31 65 101 44 66 219 61 28 39
internal_value=-0.000156106 0.00161538 0.00325 0.00229412 0.00432558 0.00721277 -0.000209303 0.00215625 -0.00161111 0.000214285 -0.000564998 0.00258139 -0.000653195 0.00153488 -0.00078315 -0.00099505 -0.000369986 0.000305084 0.00325 0.000378378 0.00245454 0.000103448 -0.000134832 0.00047826 -0.000298579 0.00136364 -0.00177551 -0.000446809 0.000543306 0.00237313
internal_weight=1941 364 192 170 86 47 172 64 108 84 1577 43 1534 86 1448 1212 673 236 48 444 88 58 356 276 211 110 539 188 127 67
internal_count=1941 364 192 170 86 47 172 64 108 84 1577 43 1534 86 1448 1212 673 236 48 444 88 58 356 276 211 110 539 188 127 67
is_linear=0
shrinkage=0.03


Tree=286
num_leaves=31
num_cat=0
split_feature=21 57 8 42 15 36 32 33 56 1 1 37 35 16 52 52 3 14 4 20 8 6 35 19 48 3 40 40 28 56
split_gain=2.02868 1.61538 1.26059 1.38738 0.815708 0.523112 0.489057 0.647097 0.630208 0.463131 1.10629 1.11607 0.991071 1.04762 0.599855 0.584559 1.03052 0.515164 0.484245 0.574178 0.503203 0.491639 0.549679 0.474742 0.546135 0.720238 0.328335 0.92803 0.308699 0.389423
threshold=615.00000000000011 304.50000000000006 3.5000000000000004 268.46964284999996 62.500000000000007 154.23571425000003 1174.6544645000001 683.04464285000006 19.150000000000002 131.50000000000003 1407.2142860000001 150.99375000000003 882.94642855000006 24.950000000000003 216.50000000000003 149.50000000000003 6346132.7145000007 26.350000000000005 20.500000000000004 1.0000000180025095e-35 5.5000000000000009 19.500000000000004 2.7142857145000003 1.5000000000000002 6.5000000000000009 6438395.6430000011 41.177566965416666 14.929017856666649 1008.5500000000001 8.4500000000000011
decision_type=2 2 2 2 2 2 2 2 2 2 2 2 2 2 2 2 2 2 2 2 2 2 2 2 2 2 2 2 2 2
left_child=9 2 4 6 5 -2 7 -4 -9 18 11 12 13 -11 15 17 -17 -12 19 20 21 -1 -23 -20 26 -26 27 -25 29 -19
right_child=1 -3 3 -5 -6 -7 -8 8 -10 10 14 -13 -14 -15 -16 16 -18 28 23 -21 -22 22 -24 24 25 -27 -28 -29 -30 -31
leaf_value=0.028818484409255322 -1.1689525924476916 0.32912472065577303 0.064705865111491373 0.095823312273181166 0.15588975697089835 0.11552745428665755 0.23028621856820197 -0.36457107362525437 0.0086679920012916276 0.079767245889545743 0.0099089612141126868 0.032763057231984402 -0.21178581667962848 -0.01456352605471457 -0.0080997260004493712 -0.006469697126568111 0.18102314730615421 0.014923479421521661 -0.43374952400285849 -0.1297199133628551 -0.085248196292192241 0.0026695492374799574 -0.049748890200883293 -0.0016616302363142805 -0.0053506169150757711 0.039302545187155744 -0.045526177855221152 0.047151684715056964 -0.42768042853211169 -0.002926694152007019
leaf_weight=41 119 28 34 20 24 20 23 64 32 33 21 28 37 42 184 20 22 64 77 265 96 176 118 20 24 32 64 24 45 144
leaf_count=41 119 28 34 20 24 20 23 64 32 33 21 28 37 42 184 20 22 64 77 265 96 176 118 20 24 32 64 24 45 144
internal_value=-0.000156106 0.00186264 0.00128571 0.00306936 -0.000607363 -0.00148921 0.00209804 0.00138461 0.000124999 -0.000622068 -7.15256e-10 0.00235714 0.00101786 0.003 -0.000660001 0.000132911 0.00342857 -0.000372263 -0.00104696 -0.00144828 -0.000772623 -0.000223881 -0.000653062 0.000112032 0.00102439 0.00342857 -0.000222223 0.00177273 -0.000747036 -0.000259616
internal_weight=1941 364 336 173 163 139 153 130 96 1577 640 140 112 75 500 316 42 274 937 696 431 335 294 241 164 56 108 44 253 208
internal_count=1941 364 336 173 163 139 153 130 96 1577 640 140 112 75 500 316 42 274 937 696 431 335 294 241 164 56 108 44 253 208
is_linear=0
shrinkage=0.03


Tree=287
num_leaves=31
num_cat=0
split_feature=21 24 48 42 18 4 41 40 31 20 42 42 26 51 1 39 8 37 38 42 37 41 41 9 39 58 36 37 26 19
split_gain=2.241 1.04576 1.02849 0.849234 0.681083 0.939309 0.740478 1.65209 0.660662 0.444444 0.402381 0.646261 1.02028 0.388704 0.81318 0.519298 0.375724 0.410933 0.39674 1.05692 1.96563 0.431993 0.611137 0.52043 0.476262 0.435855 0.473617 0.493532 0.61588 0.665413
threshold=615.00000000000011 579.00000000000011 12.500000000000002 137.06160715000007 49.500000000000007 1.5000000000000002 232.23546690007882 288.43623511854167 870.77857140000015 47.000000000000007 -83.294642849999988 -251.40089284999993 17.650000000000002 934.50000000000011 10571.285715000002 786.72578125000007 5.5000000000000009 455.96785715000004 373.59107142500005 -30.000892899999993 197.62232145000004 199.45479814150647 142.77334004653298 146.50000000000003 48.51607142937501 1005.35 1163.8357145000002 424.6419643000001 6.7000000000000002 1.0000000180025095e-35
decision_type=2 2 2 2 2 2 2 2 2 2 2 2 2 2 2 2 2 2 2 2 2 2 2 2 2 2 2 2 2 2
left_child=4 8 3 10 16 -6 -7 -8 -2 -9 11 -3 -13 14 15 -12 18 -18 19 20 -1 22 25 24 -23 -21 27 28 -27 -30
right_child=1 2 -4 -5 5 6 7 9 -10 -11 13 12 -14 -15 -16 -17 17 -19 -20 21 -22 23 -24 -25 -26 26 -28 -29 29 -31
leaf_value=-0.042778599574117643 0.41278804006145847 -1.2902060073312074 -0.091321204455802246 0.091737266353121474 0.044846058246824805 -0.0053848411663346817 0.039474588724671737 -0.31370267945464259 0.025279304289233598 0.0097347879862372203 0.0099227796894641018 0.027921167229600443 0.10440144807666402 -0.41140042785566205 0.25334771086643842 -0.31977970955350615 -0.091658416802766013 0.059486413557498979 -0.0066571484660375695 -0.037424857866196759 0.047952922676845915 -0.012931771465437645 0.027226906321308392 -0.37522637106941281 0.023205796816578909 -0.0006717978639627102 -0.016484468856313505 -0.23119934165571426 0.013469308306796764 0.092003147877700434
leaf_weight=38 31 27 65 39 26 167 21 25 37 20 20 29 24 26 29 37 186 27 236 148 22 82 30 128 38 185 39 33 74 52
leaf_count=38 31 27 65 39 26 167 21 25 37 20 20 29 24 26 29 37 186 27 236 148 22 82 30 128 38 185 39 33 74 52
internal_value=-9.4282e-05 0.00202747 0.00125676 0.0021948 -0.000584021 0.000822393 0.000218883 0.00290909 0.00538235 -0.000333334 0.001375 0.003 0.00492453 0.000214285 0.00118605 -0.000894738 -0.000860395 -0.00201409 -0.00063801 -0.000341773 0.0035 -0.0006267 -0.000165776 -0.00166936 -0.000250001 -0.000401131 0.000133159 0.000488371 0.00085852 0.00247619
internal_weight=1941 364 296 231 1577 259 233 66 68 45 192 80 53 112 86 57 1318 213 1105 869 60 809 561 248 120 531 383 344 311 126
internal_count=1941 364 296 231 1577 259 233 66 68 45 192 80 53 112 86 57 1318 213 1105 869 60 809 561 248 120 531 383 344 311 126
is_linear=0
shrinkage=0.03


Tree=288
num_leaves=31
num_cat=0
split_feature=21 19 57 1 8 34 1 1 1 18 41 10 21 11 27 36 34 56 57 27 37 9 11 26 17 18 27 19 50 5
split_gain=1.94991 1.15165 0.942587 1.52381 0.988565 0.968894 0.767612 1.01165 0.703247 0.555381 1.21006 0.605341 1.19048 0.554384 0.781535 0.427781 0.565836 0.481466 0.439253 0.700539 1.14509 1.15353 1.59354 0.684534 0.643752 0.517522 0.59034 0.37425 0.348948 0.327797
threshold=584.50000000000011 19.500000000000004 264.50000000000006 10154.991070000002 4.5000000000000009 1046.5857140000001 9318.714285500002 7034.8214285000004 8900.7142860000022 77.500000000000014 271.87549080938328 -0.99465189230620688 147.50000000000003 0.91037613702198772 235.50000000000003 384.05892855000008 827.61190480000016 3.8500000000000001 288.50000000000006 262.50000000000006 197.62232145000004 147.50000000000003 0.22695468355932433 7.2000000000000002 57.500000000000007 1.0000000180025095e-35 38.500000000000007 40.500000000000007 53.000000000000007 1.0000000180025095e-35
decision_type=2 2 2 2 2 2 2 2 2 2 2 2 2 2 2 2 2 2 2 2 2 2 2 2 2 2 2 2 2 2
left_child=9 2 3 -2 5 -4 7 -6 -7 11 -11 12 -1 15 27 16 17 -13 19 25 21 22 -21 24 -20 26 -19 -15 -16 -17
right_child=1 -3 4 -5 6 8 -8 -9 -10 10 -12 13 -14 14 28 29 -18 18 23 20 -22 -23 -24 -25 -26 -27 -28 -29 -30 -31
leaf_value=0.023217044779393872 -0.0059597882849226711 0.33359218965683185 -0.92699496451830476 1.2817835692400577 0.00062628501484674826 0.29621443525243335 -0.00042323670112128875 0.029681781772136082 -0.87658434230282722 -0.0034570959254939877 0.035464315360747414 -0.79091390250640914 -0.18261305027933433 0.070462558681530618 -0.0089257422582048815 -0.030142872725512446 -0.0053221757234350204 0.017359103188697794 0.15996794389645239 0.058415068660455059 -0.0039848631318747411 -0.049303143021121966 0.023339158644897686 -0.0085813225653950699 -1.0304684817260068 -0.01556398411902218 -0.0065560877175226224 0.0066613448929187177 0.0017288681017869703 -0.15126747075222655
leaf_weight=27 21 36 144 21 29 20 54 33 22 65 22 54 36 26 164 104 122 25 25 22 75 31 31 175 22 166 37 21 25 286
leaf_count=27 21 36 144 21 29 20 54 33 22 65 22 54 36 26 164 104 122 25 25 22 75 31 31 175 22 166 37 21 25 286
internal_value=-3.24582e-05 0.00189474 0.00136046 0.00557143 0.000774834 -0.000580646 0.00294828 0.00522581 0.00342857 -0.000501602 0.00182759 -0.000639078 0.00223809 -0.000767541 0.000559321 -0.00103404 -0.000630574 -0.000285069 -4.43357e-05 0.000565891 0.00209434 0.0045 0.00718868 -0.00110811 0.00210638 -0.000500001 0.00183871 0.00402128 -0.000301588 -0.00184615
internal_weight=1941 380 344 42 302 186 116 62 42 1561 87 1474 63 1411 236 1175 785 663 609 387 159 84 53 222 47 228 62 47 189 390
internal_count=1941 380 344 42 302 186 116 62 42 1561 87 1474 63 1411 236 1175 785 663 609 387 159 84 53 222 47 228 62 47 189 390
is_linear=0
shrinkage=0.03


Tree=289
num_leaves=31
num_cat=0
split_feature=14 27 41 33 1 1 10 43 27 27 34 20 50 27 27 45 14 27 36 5 2 41 41 33 42 45 42 32 9 38
split_gain=1.10929 1.19694 1.04342 0.587151 0.919817 0.546698 0.541179 0.901458 0.512901 0.745795 0.581944 0.490338 0.662443 0.728139 0.6285 0.738518 1.55361 0.711567 1.10968 0.777778 0.568982 0.503067 1.22613 0.441424 0.428783 0.889257 0.661172 0.567662 0.427907 0.421296
threshold=32.45000000000001 285.50000000000006 245.43031381086146 791.23303570000019 9722.1250000000018 11959.142860000002 -0.99465189230620688 -191.45357145 348.50000000000006 314.00000000000006 58.021428570000005 83.500000000000014 50.500000000000007 259.50000000000006 260.50000000000006 90.500000000000014 26.550000000000004 282.50000000000006 768.03125000000011 37.500000000000007 422.12500000000006 1.8866903139430924 47.754784182249928 683.04464285000006 -26.255357154999988 75.500000000000014 -125.01339284999999 384.05892855000008 148.50000000000003 1058.2305804750001
decision_type=2 2 2 2 2 2 2 2 2 2 2 2 2 2 2 2 2 2 2 2 2 2 2 2 2 2 2 2 2 2
left_child=5 23 -3 -4 -5 6 7 28 9 10 11 12 14 -14 15 -8 -17 18 19 20 -16 -13 -23 -2 25 27 -27 -12 -1 -25
right_child=1 2 3 4 -6 -7 8 -9 -10 -11 24 21 13 -15 17 16 -18 -19 -20 -21 -22 22 -24 29 -26 26 -28 -29 -30 -31
leaf_value=-0.3595505455430793 0.030203212041190742 0.49528292506160371 -0.0022784425810419536 0.029603275785383684 0.034849197932457346 0.19708738204516285 -0.039014340667255162 0.014847519958902497 0.050386572744437565 -0.013537899111209452 0.14518929441127451 -0.58766613077579233 0.10524124193631688 -0.27435807298281717 0.074224649886003122 -0.073253463529199314 0.036357321367616283 -0.0057805357528202712 -0.12874447669048261 0.1237835296766838 -0.00025536303753769072 0.014540673404121336 -0.0068457421503168936 -0.93653273034192441 -0.013142577901319749 -0.0035213088177611499 0.069019340865888568 -0.11019691973051253 0.028019185162735976 0.064672835841098994
leaf_weight=23 23 24 42 22 29 20 196 20 28 216 25 82 22 20 34 43 25 198 37 21 29 29 52 52 363 28 24 138 20 56
leaf_count=23 23 24 42 22 29 20 196 20 28 216 25 82 22 20 34 43 25 198 37 21 29 29 52 52 363 28 24 138 20 56
internal_value=-0.000156106 0.00171774 0.00392308 0.00248387 0.00464706 -0.000430597 -0.00048954 0.00223809 -0.000596274 -0.00066751 -0.000408493 0.000121827 0.000503999 0.00414286 0.000241852 -0.00084091 0.00185294 0.00113793 0.00295041 0.00485714 0.00319048 -0.00134356 0.000333333 -0.000251909 -0.00113149 -6.97682e-05 0.00334615 -0.00115951 -0.000209303 -0.00105556
internal_weight=1941 248 117 93 51 1693 1673 63 1610 1582 1366 788 625 42 583 264 68 319 121 84 63 163 81 131 578 215 52 163 43 108
internal_count=1941 248 117 93 51 1693 1673 63 1610 1582 1366 788 625 42 583 264 68 319 121 84 63 163 81 131 578 215 52 163 43 108
is_linear=0
shrinkage=0.03


Tree=290
num_leaves=31
num_cat=0
split_feature=32 39 52 10 16 18 21 40 19 47 52 45 8 34 6 31 6 19 19 44 49 15 19 41 30 46 26 40 27 29
split_gain=1.12073 1.17657 0.929714 0.55127 1.10455 0.629803 0.707564 1.51023 0.615442 0.569891 0.442639 0.483056 0.596804 0.41223 0.924758 0.393007 0.388623 0.372441 0.46632 0.426678 0.857352 0.802778 0.461897 0.909626 0.518954 0.368989 0.348151 0.393781 0.337931 0.396068
threshold=1147.2705355000001 1114.9291295000003 707.50000000000011 -0.99465189230620688 24.650000000000002 48.500000000000007 709.00000000000011 406.23630953270839 47.500000000000007 51.500000000000007 424.00000000000006 61.500000000000007 5.5000000000000009 991.58571430000018 26.500000000000004 662.54285715000015 29.500000000000004 26.500000000000004 86.500000000000014 28.450000000000003 1.0000000180025095e-35 86.500000000000014 9.5000000000000018 54.1152402669533 787.69196430000011 24.050000000000004 9.3500000000000032 99.856212797229176 269.50000000000006 0.25000000000000006
decision_type=2 2 2 2 2 2 2 2 2 2 2 2 2 2 2 2 2 2 2 2 2 2 2 2 2 2 2 2 2 2
left_child=3 2 -2 4 -1 6 10 -8 9 -7 11 -5 17 16 -15 26 25 19 -19 20 21 -13 24 -24 -21 -9 -11 -28 29 -20
right_child=1 -3 -4 5 -6 8 7 13 -10 15 -12 12 -14 14 -16 -17 -18 18 28 22 -22 -23 23 -25 -26 -27 27 -29 -30 -31
leaf_value=0.021917048099747802 0.011110027865791463 -0.18653651406326643 0.96112193900301046 0.0048392996064801968 -0.21250860367970939 0.030274214363285409 0.38641176876718641 -1.4333813260755148 0.0040894576834953891 -0.17464541044287771 -0.12409774902698487 0.010984841054697271 -0.062221440013633555 0.078613449734369498 -8.0154774758071738 0.04599647948604451 0.029527123042407111 -0.042500889692670997 0.031577548924104068 -0.016272585885221062 -0.0065071956470717437 0.13523454108445152 -0.84163774192731788 0.098658677849243565 0.0069636731291200004 0.019242969300752626 0.0076700950286809066 -0.31732604116175855 -0.40407950844617369 -0.0018203049507662498
leaf_weight=27 32 34 22 23 33 34 34 89 25 45 87 36 195 39 22 37 21 189 47 371 143 24 21 34 24 28 98 29 29 69
leaf_count=27 32 34 22 23 33 34 34 89 25 45 87 36 195 39 22 37 21 189 47 371 143 24 21 34 24 28 98 29 29 69
internal_value=-0.000171562 0.00313636 0.00588889 -0.000328657 0.0025 -0.000423314 -0.000659017 0.00086266 0.00091791 0.000456789 -0.000933437 -0.000784233 -0.000868021 -0.000135679 0.00191803 -0.000129187 -0.00104348 -0.00056839 -0.00138323 -0.000151609 0.000990147 0.004 -0.000666667 0.00190909 -0.00102532 -0.00171795 -0.000732559 7.08654e-05 -0.000103449 0.000620689
internal_weight=1941 88 54 1853 60 1793 1525 233 268 243 1292 1205 1182 199 61 209 138 987 334 653 203 60 450 55 395 117 172 127 145 116
internal_count=1941 88 54 1853 60 1793 1525 233 268 243 1292 1205 1182 199 61 209 138 987 334 653 203 60 450 55 395 117 172 127 145 116
is_linear=0
shrinkage=0.03


Tree=291
num_leaves=31
num_cat=0
split_feature=14 34 42 18 11 53 46 28 37 11 11 42 24 43 18 16 33 28 43 11 50 40 10 49 19 3 47 27 30 27
split_gain=1.23438 1.06675 0.918344 0.835242 0.941491 0.599123 0.547465 1.08047 1.00869 0.981417 0.745499 0.544237 0.907355 0.534371 1.17232 1.55574 2.14923 0.6545 0.631169 0.505063 0.934274 0.692308 0.400909 0.5 0.609504 0.70581 0.545347 0.466108 0.443972 0.500433
threshold=32.45000000000001 200.53750000000005 269.33392855 48.500000000000007 0.91037613702198772 235.50000000000003 25.350000000000005 1006.35 523.18035715000008 0.47114434510950071 -0.77259657388510616 -62.102678400000052 757.10000000000014 -83.609821449999956 1.0000000180025095e-35 24.250000000000004 751.50892855000018 1006.1500000000002 -157.78749999999999 0.91037613702198772 53.000000000000007 7.9590401786458154 0.91037613702198772 83.000000000000014 23.500000000000004 6610741.6340000005 32.500000000000007 346.00000000000006 919.35982145000014 272.50000000000006
decision_type=2 2 2 2 2 2 2 2 2 2 2 2 2 2 2 2 2 2 2 2 2 2 2 2 2 2 2 2 2 2
left_child=3 -2 5 13 6 11 7 10 9 -9 -5 12 -3 14 15 16 18 -17 -1 22 -21 -22 27 24 25 26 -24 28 -15 -30
right_child=1 2 -4 4 -6 -7 -8 8 -10 -11 -12 -13 -14 19 -16 17 -18 -19 -20 20 21 -23 23 -25 -26 -27 -28 -29 29 -31
leaf_value=0.12532160422116026 0.36394582421357663 -0.019395975925166006 0.14422799766703706 0.044133470778555138 0.020906499901098129 0.21094229072491316 -0.44269718525521429 0.12006698853441335 -0.0039539578147197709 0.0077527369299359022 -0.034746289885863604 -0.021988742694523316 0.10178228664796896 -0.018330607007329955 -0.58001225824697566 -0.18527971064667709 -0.0030647922555813046 0.024548900420437877 0.017863925639394776 -0.015548137632749252 -0.0003697765874229254 0.024066238789953912 0.12995322815408938 0.012495059894896748 -0.57585193763931908 0.22902589355922401 -0.71426327490410646 0.044145827224438064 0.069349101821240849 -2.4208627132252016
leaf_weight=22 21 41 20 30 29 21 33 20 24 21 122 111 34 631 105 57 39 23 20 168 26 26 26 20 59 38 57 20 42 35
leaf_count=22 21 41 20 30 29 21 33 20 24 21 122 111 34 631 105 57 39 23 20 168 26 26 26 20 59 38 57 20 42 35
internal_value=-1.70023e-05 0.00195968 0.00136123 -0.000306557 0.00119355 0.000768115 0.000599999 0.00114746 0.00438461 0.0072439 -0.000236843 0.000225806 0.0022 -0.000602547 0.000609022 0.00221739 0.00514815 -0.000750001 0.00985714 -0.000883276 0.00040909 0.00392308 -0.00118966 -7.15256e-10 -0.000500001 0.000719008 -0.000831326 -0.00151648 -0.00164407 0.000506493
internal_weight=1941 248 227 1693 279 207 250 217 65 41 152 186 75 1414 266 161 81 80 42 1148 220 52 928 200 180 121 83 728 708 77
internal_count=1941 248 227 1693 279 207 250 217 65 41 152 186 75 1414 266 161 81 80 42 1148 220 52 928 200 180 121 83 728 708 77
is_linear=0
shrinkage=0.03


Tree=292
num_leaves=31
num_cat=0
split_feature=11 26 38 30 56 19 43 41 28 32 33 26 59 32 20 42 30 3 48 3 27 26 41 3 8 16 36 11 11 3
split_gain=1.71531 1.03333 0.680818 1.30965 0.631659 0.610166 1.38389 0.784725 0.552812 0.656671 0.520155 0.628205 0.473466 0.429501 0.403708 0.37633 0.718238 0.902275 0.59002 0.544054 1.2248 0.521632 1.32593 0.618032 1.06824 0.711642 0.831697 0.526281 0.379836 0.407732
threshold=-0.95642797789208678 20.700000000000006 1177.4243303750002 1150.1142860000002 3.8500000000000001 86.500000000000014 -145.89285719999995 211.91419700604902 1003.6500000000002 1174.6544645000001 971.00000000000011 14.65 0.65000000000000002 465.17500000000001 99.500000000000014 103.79375000000006 848.99285715000008 6363516.2500000009 6.5000000000000009 7235758.0000000009 275.50000000000006 7.3500000000000005 27.616168649120539 6353144.6160000013 4.5000000000000009 24.650000000000002 47.225000000000009 0.77259657388510627 0.91037613702198772 6551800.5950000007
decision_type=2 2 2 2 2 2 2 2 2 2 2 2 2 2 2 2 2 2 2 2 2 2 2 2 2 2 2 2 2 2
left_child=1 2 3 10 -2 8 -7 14 -6 12 11 -1 15 -14 -8 16 18 -18 19 -10 -21 22 28 24 25 -23 -27 -28 -20 -30
right_child=4 -3 -4 -5 5 6 7 -9 9 -11 -12 -13 13 -15 -16 -17 17 -19 21 20 -22 23 -24 -25 -26 26 27 -29 29 -31
leaf_value=0.035969771818082773 -0.040883503028152274 0.35302728809475942 -0.55794702585597833 0.40994056339020812 -0.037421398251772313 0.19422617200545231 -0.00074588952414044894 -0.026108732051290221 -0.010057291210821755 0.051267982375336342 0.023749398234807644 -0.62560944549828912 0.048598907483837397 -1.0425168682958617 0.014847835779513204 -0.0068690288603843828 0.098648986312219022 -0.1975178370065574 -0.043773231491085786 -0.12079375917560979 0.034070951882838499 -0.0011519831043031996 0.072722562676018815 -0.012918436126889921 -0.045944640467532542 0.088571676944846245 -0.7181845979373005 0.38047758037387353 -0.0030010801872363572 0.041414631836824874
leaf_weight=39 100 31 24 30 145 20 33 49 404 29 23 39 20 21 24 105 32 29 107 30 32 53 38 325 43 22 20 31 22 21
leaf_count=39 100 31 24 30 145 20 33 49 404 29 23 39 20 21 24 105 32 29 107 30 32 53 38 325 43 22 20 31 22 21
internal_value=-9.4282e-05 0.00264516 0.00164516 0.00249618 -0.000384616 -0.000244714 0.0017619 0.000396226 -0.000410073 -0.000225434 0.000861385 -0.000307693 -0.000321034 0.00285366 0.00278947 -0.000420092 -0.000270472 0.00290164 -0.000439025 -0.0012618 0.00135484 0.000123166 0.00146808 -0.000388665 0.00108284 0.00247619 0.00439726 0.00229412 0.000199999 0.00258139
internal_weight=1941 186 155 131 1755 1655 126 106 1529 1384 101 78 1355 41 57 1314 1209 61 1148 466 62 682 188 494 169 126 73 51 150 43
internal_count=1941 186 155 131 1755 1655 126 106 1529 1384 101 78 1355 41 57 1314 1209 61 1148 466 62 682 188 494 169 126 73 51 150 43
is_linear=0
shrinkage=0.03


Tree=293
num_leaves=31
num_cat=0
split_feature=21 54 1 30 38 48 28 16 43 56 26 37 41 18 27 51 27 41 40 28 19 16 37 41 31 10 37 5 49 45
split_gain=1.07083 0.985847 1.76087 0.664429 1.71905 0.636088 0.808173 0.560495 0.879657 0.52166 0.464563 0.649731 0.784739 1.61354 0.547635 0.452174 0.39177 0.40383 0.953553 0.642248 0.913354 0.465905 0.616413 0.472692 0.384119 0.373246 0.874126 0.371929 0.371448 0.355664
threshold=697.50000000000011 579.00000000000011 9110.1339285000013 1150.1142860000002 1153.7502232875001 89.500000000000014 1005.2500000000001 23.750000000000004 -125.80892835500003 3.8500000000000001 7.4500000000000011 578.90000000000009 27.616168649120539 21.500000000000004 282.50000000000006 838.00000000000011 312.50000000000006 38.682646649059592 5.5314360118750008 1005.4500000000002 1.0000000180025095e-35 23.550000000000004 670.75178570000014 265.40411646992749 989.91250000000014 -0.97335555334614932 342.19910715000009 1.0000000180025095e-35 1.0000000180025095e-35 86.500000000000014
decision_type=2 2 2 2 2 2 2 2 2 2 2 2 2 2 2 2 2 2 2 2 2 2 2 2 2 2 2 2 2 2
left_child=5 2 -2 7 -5 9 -7 -3 -9 -1 11 12 27 14 -14 -10 17 18 19 28 -21 22 23 -19 25 26 -23 -11 -12 -29
right_child=1 3 -4 4 -6 6 -8 8 15 10 16 -13 13 -15 -16 -17 -18 21 -20 20 -22 24 -24 -25 -26 -27 -28 29 -30 -31
leaf_value=-0.039656997937307786 0.3178368283636423 -0.013788418882914363 -0.0036281350762621327 0.25851510173498321 -0.31804894064250039 -0.033890165922728741 0.03696496254745428 0.098378571314030563 0.53626812590848039 0.038639289878208971 0.017198719011045065 -0.72005325238786522 0.015736231681867413 0.11577013027231914 -0.046308762492745757 -2.7520960570897359 -0.0083305379303319129 -0.00064649105451747844 0.11122034117775349 -0.002092547261062068 0.078069789919240018 -0.030999434792485191 -0.32544554441134249 0.82537378264452554 0.041018847031270296 -0.010822291757854244 0.04427371979691419 -0.026719248442166325 -0.24199064158724976 0.01965161822358449
leaf_weight=100 23 135 23 32 28 32 20 25 20 45 27 40 32 26 31 26 147 37 22 66 20 110 24 33 20 560 20 75 80 62
leaf_count=100 23 135 23 32 28 32 20 25 20 45 27 40 32 26 31 26 147 37 22 66 20 110 24 33 20 560 20 75 80 62
internal_value=-0.000187018 0.00142308 0.00547826 0.000721804 0.0035 -0.000495397 0.00276923 -8.73794e-05 0.00207042 -0.000603044 -0.00046107 0.000569131 0.00109594 0.00340449 0.000809523 -0.000391305 -0.00073585 -0.000526988 0.000627906 -4.66328e-05 0.00188372 -0.000835822 0.00114894 0.00257143 -0.00109859 -0.00121739 0.000230769 -3.29677e-05 -0.00159813 -0.00081022
internal_weight=1941 312 46 266 60 1629 52 206 71 1577 1477 311 271 89 63 46 1166 1019 215 193 86 804 94 70 710 690 130 182 107 137
internal_count=1941 312 46 266 60 1629 52 206 71 1577 1477 311 271 89 63 46 1166 1019 215 193 86 804 94 70 710 690 130 182 107 137
is_linear=0
shrinkage=0.03


Tree=294
num_leaves=31
num_cat=0
split_feature=38 46 22 38 27 39 43 18 4 11 6 10 11 6 11 50 14 27 4 27 3 5 28 33 33 28 27 41 4 27
split_gain=1.40307 1.05125 0.84375 1.83529 0.741859 0.52151 0.520836 0.528764 0.753463 0.434766 1.54134 0.486511 0.364056 0.910069 0.75692 1.40833 0.96886 0.455674 0.523963 0.696312 0.679135 0.451602 0.478482 0.394823 0.372496 0.338468 0.33083 0.320531 0.454668 0.39596
threshold=958.19843758750005 22.850000000000005 713.50000000000011 1127.3434523750002 285.50000000000006 993.67176346250005 450.44285715000012 89.500000000000014 5.5000000000000009 0.91037613702198772 2.5000000000000004 -0.29012925520284144 1.0000000180025095e-35 17.500000000000004 -0.19509032201612839 51.500000000000007 30.350000000000005 308.50000000000006 17.500000000000004 274.50000000000006 7218678.0000000009 1.0000000180025095e-35 1006.35 1184.6642860000004 977.2491071500001 1007.0500000000001 337.00000000000006 24.532156709635256 1.0000000180025095e-35 302.50000000000006
decision_type=2 2 2 2 2 2 2 2 2 2 2 2 2 2 2 2 2 2 2 2 2 2 2 2 2 2 2 2 2 2
left_child=6 -2 4 -4 5 -3 7 9 -9 12 -11 -12 14 -14 23 16 -16 18 21 -20 -21 -15 -23 24 -1 -24 -19 28 -13 -30
right_child=1 2 3 -5 -6 -7 -8 8 -10 10 11 27 13 17 15 -17 -18 26 19 20 -22 22 25 -25 -26 -27 -28 -29 29 -31
leaf_value=-0.002294512779647013 -0.46817280539921752 0.036142635656526478 0.16206575810110155 0.0061460037166961475 0.068167230784038968 -1.670733587481892 0.33290147579680279 -0.061616018646808074 0.038690805809103106 0.013951908865333852 0.024846384550167067 -0.0093200439969771346 -0.41966114415628242 0.086232855256109894 -0.053862496934502478 0.10369127637375966 0.042945508203006799 -0.53764607512025797 -0.7437710554762027 -0.0031478446770144362 0.033048253579427478 -0.96148908509841657 0.37755976403171049 0.013687945174129201 -0.010198686916727491 -0.023748003495954059 0.023838636610877307 -0.0033875276468909861 0.15831074880652812 -0.010530821516973729
leaf_weight=528 40 34 26 34 33 33 21 20 22 26 36 62 241 31 76 24 20 93 101 102 21 35 22 26 74 21 22 51 36 30
leaf_count=528 40 34 26 34 33 33 21 20 22 26 36 62 241 31 76 24 20 93 101 102 21 35 22 26 74 21 22 51 36 30
internal_value=-0.000279753 0.0021 0.0031875 0.006 0.0015 -0.000313434 -0.000553131 -0.000610466 0.00271428 -0.000693684 0.000485476 -0.000348838 -0.000891441 -0.00138897 -0.000433156 0.00175 0.000124999 -0.000589286 -2.70277e-05 -0.000857144 0.000658536 0.0016789 0.000461538 -0.000850319 -0.00100665 0.00258139 -0.00221739 -0.000988828 -0.000187501 0.00154545
internal_weight=1941 200 160 60 100 67 1741 1720 42 1678 241 215 1437 689 748 120 96 448 333 224 123 109 78 628 602 43 115 179 128 66
internal_count=1941 200 160 60 100 67 1741 1720 42 1678 241 215 1437 689 748 120 96 448 333 224 123 109 78 628 602 43 115 179 128 66
is_linear=0
shrinkage=0.03


Tree=295
num_leaves=31
num_cat=0
split_feature=38 46 9 5 34 18 5 36 11 50 16 19 11 58 33 11 34 49 47 47 18 31 17 36 49 39 18 36 27 57
split_gain=1.49567 0.72 0.748772 0.813698 0.710941 0.537809 0.857143 0.439732 0.485536 0.666667 1.00087 0.511354 0.580373 0.825856 1.11835 0.569497 0.929339 0.545975 0.501193 0.485541 0.320513 0.318557 0.451217 0.443348 0.558839 0.733782 1.12096 0.743876 0.552972 0.786602
threshold=958.19843758750005 22.850000000000005 147.50000000000003 1.0000000180025095e-35 794.49553570000012 89.500000000000014 22.500000000000004 1163.8357145000002 0.91037613702198772 58.000000000000007 24.650000000000002 23.500000000000004 -0.032701564615071434 1005.85 678.46428575000016 -0.93540483100319605 594.59553570000014 97.500000000000014 15.500000000000002 8.5000000000000018 39.500000000000007 674.48214285000006 74.500000000000014 336.55982145000002 14.500000000000002 5.9328125000000016 46.500000000000007 165.77142855000002 270.50000000000006 278.50000000000006
decision_type=2 2 2 2 2 2 2 2 2 2 2 2 2 2 2 2 2 2 2 2 2 2 2 2 2 2 2 2 2 2
left_child=5 -2 3 -3 -5 7 -7 8 11 18 -11 15 13 14 17 16 -1 -13 19 -10 -20 22 23 24 25 26 27 -17 -27 -30
right_child=1 2 -4 4 -6 6 -8 -9 9 10 -12 12 -14 -15 -16 21 -18 -19 20 -21 -22 -23 -24 -25 -26 28 -28 -29 29 -31
leaf_value=0.31162012215747287 -0.45412762123723965 0.25021911232109889 0.034779404930911507 -0.0033743159081402957 0.052267903215666579 0.047840246681705265 -0.086436081831321468 -0.0071019907430915387 -0.037068258886464367 -0.00028856286869641392 0.039513381527599263 0.11323199797143264 -0.41192509358426899 -0.039452749810262693 -0.004018463764419793 0.50974686154788207 -0.018407336636092907 -0.0020907342340394717 -0.019016250802022183 0.05787221763153335 0.025708524682009775 -0.0079729485079483992 -0.04053694432747186 -0.018459445349039202 0.027675290369245018 -0.2634819380757219 -0.48052020507023074 0.0006652719529018805 0.032465473672128618 -0.003384927259826866
leaf_weight=42 40 24 67 32 37 21 21 73 23 22 20 36 178 96 47 38 20 26 78 20 26 143 77 289 40 86 24 25 58 212
leaf_count=42 40 24 67 32 37 21 21 73 23 22 20 36 178 96 47 38 20 26 78 20 26 143 77 289 40 86 24 25 58 212
internal_value=-0.000357033 0.0021 0.003 0.00474193 0.00308696 -0.000639288 0.00271428 -0.00072219 -0.000619927 0.000809523 0.00414286 -0.000807934 -0.00174674 -0.000658537 0.00112844 -0.000466794 0.00232258 0.00377419 -0.000142858 0.00258139 -0.00126923 -0.00064113 -0.000420495 -0.000202073 0.000354037 4.74033e-05 0.00251724 0.00461905 -0.00055618 0.00011111
internal_weight=1941 200 160 93 69 1741 42 1699 1626 189 42 1437 383 205 109 1054 62 62 147 43 104 992 849 772 483 443 87 63 356 270
internal_count=1941 200 160 93 69 1741 42 1699 1626 189 42 1437 383 205 109 1054 62 62 147 43 104 992 849 772 483 443 87 63 356 270
is_linear=0
shrinkage=0.03


Tree=296
num_leaves=31
num_cat=0
split_feature=38 1 30 21 39 22 1 30 26 27 38 44 19 31 36 11 10 20 29 26 16 19 38 14 26 14 9 38 11 58
split_gain=1.42677 0.796694 0.543055 0.695065 1.33267 0.516853 0.467157 0.458009 0.433872 0.844176 0.472642 0.667557 1.30959 0.610632 0.409816 0.509148 0.432568 0.420279 0.697816 0.53538 0.552681 0.454762 0.398341 0.557233 0.81 0.57353 0.481916 0.889237 0.718248 0.613946
threshold=958.19843758750005 7893.5714285000004 1259.0250000000003 889.00000000000011 1076.4545759375003 557.00000000000011 11694.589285000002 1069.7642860000003 3.8500000000000001 28.500000000000004 704.4584821000002 31.850000000000005 11.500000000000002 602.9000000000002 1163.8357145000002 0.91037613702198772 -0.29012925520284144 54.500000000000007 0.65000000000000002 5.5500000000000007 25.950000000000003 16.500000000000004 256.46272321250007 30.250000000000004 15.250000000000002 29.250000000000004 144.50000000000003 0.67857142862500008 0.68322629814330826 1005.6500000000002
decision_type=2 2 2 2 2 2 2 2 2 2 2 2 2 2 2 2 2 2 2 2 2 2 2 2 2 2 2 2 2 2
left_child=6 -2 3 5 -5 7 8 -3 -1 -10 11 14 13 -13 15 17 -17 18 19 20 -11 22 23 25 -25 26 27 28 -21 -30
right_child=1 2 -4 4 -6 -7 -8 -9 9 10 -12 12 -14 -15 -16 16 -18 -19 -20 21 -22 -23 -24 24 -26 -27 -28 -29 29 -31
leaf_value=-0.24614726024814942 0.58036980566119234 0.19338695928204955 -1.2256192934806587 0.21004881054666313 -0.018404536797085584 -0.87074773653122917 1.0020619813388956 -0.064757982129903968 0.010353577996993362 -0.076364343806900215 -0.0077420444609049722 -0.0043979875674449234 0.32288611002209783 0.091627970361977756 -0.0053673717752130293 0.024717375095240073 0.00032560013406834475 -0.050498704253581495 0.080861729584640524 -0.0085359305287267834 0.10876074919531632 -0.3045392305317785 -0.010000099941159975 0.043220848789984653 -0.0014028425952566821 -0.26889480420671236 -0.043368697591437848 0.02896986843611174 0.43760743581258171 0.0035764268503340447
leaf_weight=100 28 20 24 23 33 50 23 22 28 43 220 34 25 24 67 35 152 216 24 67 25 130 128 25 20 121 160 25 21 28
leaf_count=100 28 20 24 23 33 50 23 22 28 43 220 34 25 24 67 35 152 216 24 67 25 130 128 25 20 121 160 25 21 28
internal_value=-0.000449769 0.00195 0.00118605 0.00186486 0.0045 0.000260869 -0.000725446 0.00271428 -0.000782306 -0.000663783 -0.000754718 -0.000547446 0.00206024 -0.000413794 -0.000715618 -0.000590165 0.000850267 -0.00085092 -0.00053978 -0.000692308 0.00185294 -0.000931035 -0.000579833 -0.000173448 0.003 -0.000511849 0.000189368 0.00146808 0.000362068 0.00312245
internal_weight=1941 200 172 148 56 92 1741 42 1718 1618 1590 1370 83 58 1287 1220 187 1033 817 793 68 725 595 467 45 422 301 141 116 49
internal_count=1941 200 172 148 56 92 1741 42 1718 1618 1590 1370 83 58 1287 1220 187 1033 817 793 68 725 595 467 45 422 301 141 116 49
is_linear=0
shrinkage=0.03


Tree=297
num_leaves=31
num_cat=0
split_feature=38 48 52 24 53 36 11 17 40 47 60 49 32 9 44 47 37 49 35 47 43 22 11 37 58 14 47 48 53 46
split_gain=1.05456 0.819161 0.88758 1.35493 0.757556 0.497427 0.620805 0.667913 1.47384 0.603757 0.582977 0.861123 0.854802 1.01267 0.681688 0.749787 0.678038 0.64768 0.682832 1.05799 0.736383 0.635897 0.881633 0.815919 0.823452 0.568609 0.485541 0.45191 0.42517 0.410919
threshold=961.4747767875001 8.5000000000000018 759.00000000000011 757.10000000000014 189.00000000000003 1163.8357145000002 0.91037613702198772 49.500000000000007 11.987276785833325 15.500000000000002 1.0000000180025095e-35 6.5000000000000009 384.05892855000008 156.50000000000003 28.450000000000003 43.500000000000007 824.76250000000016 1.5000000000000002 1136.1008930000003 24.500000000000004 -95.874106999999967 60.000000000000007 1.0000000180025095e-35 64.175000000000011 1005.85 28.150000000000002 8.5000000000000018 15.500000000000002 253.50000000000003 22.850000000000005
decision_type=2 2 2 2 2 2 2 2 2 2 2 2 2 2 2 2 2 2 2 2 2 2 2 2 2 2 2 2 2 2
left_child=5 2 3 4 -2 6 10 9 -9 26 11 14 16 29 15 25 17 -12 19 20 -19 22 23 -21 27 -1 -8 -25 -3 -14
right_child=1 28 -4 -5 -6 -7 7 8 -10 -11 12 -13 13 -15 -16 -17 -18 18 -20 21 -22 -23 -24 24 -26 -27 -28 -29 -30 -31
leaf_value=0.0084993724356528903 -1.7765235064056522 -0.33913457072354869 -0.12399154314808231 0.30519080325280451 0.047299216691108592 -0.0040250597207298049 -0.03596597912389609 0.0043058090538536644 0.019191726657071539 -0.026978844671798573 -0.0095249648934683517 -0.34736650727670765 0.027499172859523635 0.0079820746268908661 -0.024203878781536386 -0.37987921697075588 0.20113238520246077 0.036412376938309468 -0.015351805668689969 0.077919394654354532 0.018532944602804698 -0.003560403331824019 -0.42990524018935605 0.016351140758093168 -0.56967491331242237 0.038544020682394417 0.056126283098565266 0.0061581082304488031 0.027562475809434724 -0.0050291884344781691
leaf_weight=38 31 49 32 27 36 73 23 48 28 78 130 268 21 28 233 43 24 27 27 29 24 31 27 21 25 32 20 23 21 424
leaf_count=38 31 49 32 27 36 73 23 48 28 78 130 268 21 28 233 43 24 27 27 29 24 31 27 21 25 32 20 23 21 424
internal_value=-0.000341577 0.0017449 0.00319048 0.00465957 0.00237313 -0.000575932 -0.000470096 0.00111167 0.00331579 -0.000272728 -0.000681357 -0.00138762 -0.000177701 -0.00103383 -0.000398845 0.00151327 0.000865979 0.000543955 0.00148718 0.00207246 0.00582353 0.000846153 0.0018 0.00312245 0.00134783 0.00342857 0.00258139 0.00381818 -0.000857144 -0.00138202
internal_weight=1941 196 126 94 67 1745 1672 197 76 121 1475 614 861 473 346 113 388 364 234 207 51 156 125 98 69 70 43 44 70 445
internal_count=1941 196 126 94 67 1745 1672 197 76 121 1475 614 861 473 346 113 388 364 234 207 51 156 125 98 69 70 43 44 70 445
is_linear=0
shrinkage=0.03


Tree=298
num_leaves=31
num_cat=0
split_feature=38 38 22 23 5 27 18 4 36 36 28 26 23 53 57 27 57 18 40 27 37 36 27 14 11 45 57 26 43 42
split_gain=0.90551 0.963785 0.7139 1.02302 0.75 0.533922 0.512255 0.753463 0.472205 0.420404 1.1717 0.389181 1.09713 0.43427 0.431956 0.431395 0.413762 0.420924 1.14894 0.849784 0.946541 0.751316 0.546663 0.510235 0.593939 0.381624 0.402242 0.630091 0.377451 0.568182
threshold=961.4747767875001 1153.7502232875001 713.50000000000011 234.00000000000003 22.500000000000004 287.50000000000006 89.500000000000014 5.5000000000000009 1163.8357145000002 1066.3357145000002 1006.9500000000002 22.150000000000002 202.00000000000003 198.50000000000003 308.50000000000006 348.50000000000006 306.50000000000006 30.500000000000004 698.30427827708354 255.50000000000003 2.5928571430000003 344.61875000000003 28.500000000000004 28.650000000000002 0.68322629814330826 89.500000000000014 259.50000000000006 4.1500000000000012 152.38303570000002 77.281250000000014
decision_type=2 2 2 2 2 2 2 2 2 2 2 2 2 2 2 2 2 2 2 2 2 2 2 2 2 2 2 2 2 2
left_child=6 2 3 5 -4 -2 8 -8 9 11 -11 13 -13 14 16 28 17 22 19 -19 21 -21 -1 24 -23 26 -24 -28 -16 -30
right_child=1 -3 4 -5 -6 -7 7 -9 -10 10 -12 12 -14 -15 15 -17 -18 18 -20 20 -22 23 25 -25 -26 -27 27 -29 29 -31
leaf_value=0.0054048304018119355 -1.124463124386087 -0.29058580927544475 0.22725535053748175 0.20174333624278457 0.048707855743722453 0.045429985533579291 -0.061341687763492657 0.039265461117077016 -0.0039043079291078983 -0.049757942921946539 0.1067696260102677 -0.0026170193304519301 0.29939874273490202 -0.017584554195264841 -0.060159632111571021 0.035290290221044858 0.014444202471759043 -0.11492119807423833 0.033352581726979427 0.053752581616941436 -0.0073643984230465529 -1.0998952224538812 -0.013751889029204219 -0.54967936407920026 0.38971867868993804 0.041876542074655611 0.029902414089748808 -0.0075452681232262408 0.12288825744125338 -0.46571887583688942
leaf_weight=36 49 44 24 30 24 25 20 22 73 23 30 62 20 117 187 23 36 101 20 21 68 20 216 23 24 27 26 506 22 22
leaf_count=36 49 44 24 30 24 25 20 22 73 23 30 62 20 117 187 23 36 101 20 21 68 20 216 23 24 27 26 506 22 22
internal_value=-0.000341577 0.00159184 0.00272368 0.00132692 0.00575 -0.000567568 -0.00055874 0.00271428 -0.00063946 -0.000533743 0.00209434 -0.000622068 0.00139024 -0.000732442 -0.000583455 -0.00170079 -0.000330962 -0.000435662 0.000574007 3.50187e-05 0.00142308 0.00347727 -0.000780519 0.00192537 0.00381818 -0.000948388 -0.00107487 -0.00063158 -0.00209091 0.00040909
internal_weight=1941 196 152 104 48 74 1745 42 1703 1630 53 1577 82 1495 1378 254 1124 1088 277 257 156 88 811 67 44 775 748 532 231 44
internal_count=1941 196 152 104 48 74 1745 42 1703 1630 53 1577 82 1495 1378 254 1124 1088 277 257 156 88 811 67 44 775 748 532 231 44
is_linear=0
shrinkage=0.03


Tree=299
num_leaves=31
num_cat=0
split_feature=38 30 43 18 28 36 11 17 11 28 1 32 37 50 46 50 8 1 8 3 3 24 50 20 41 27 15 3 17 52
split_gain=0.948026 0.801484 0.748616 1.13751 0.629181 0.548043 0.641929 0.822936 0.690958 0.69151 0.620706 1.23409 1.22155 0.90532 0.705874 0.665459 0.807742 0.783072 0.642222 0.768254 0.630241 0.631431 0.527111 1.25884 0.890602 0.766355 0.497799 0.577618 0.451532 0.435164
threshold=961.4747767875001 1023.6214285000002 -238.00446428499995 1.5000000000000002 1007.6500000000002 1163.8357145000002 0.91037613702198772 49.500000000000007 0.98611507088852057 1006.7500000000001 131.50000000000003 384.05892855000008 812.55446430000006 11.500000000000002 24.250000000000004 37.000000000000007 4.5000000000000009 791.07142855000018 1.0000000180025095e-35 6414403.3125000009 6345689.8305000011 363.25000000000006 9.0000000000000018 37.000000000000007 260.15625666338218 39.500000000000007 78.500000000000014 7256375.0000000009 16.500000000000004 728.50000000000011
decision_type=2 2 2 2 2 2 2 2 2 2 2 2 2 2 2 2 2 2 2 2 2 2 2 2 2 2 2 2 2 2
left_child=5 2 -2 -4 29 6 10 28 9 -9 13 12 15 14 -1 16 -12 -18 -17 -20 -19 -22 -13 24 -24 -25 -16 -28 -8 -3
right_child=1 4 3 -5 -6 -7 7 8 -10 -11 11 22 -14 -15 26 18 17 20 19 -21 21 -23 23 25 -26 -27 27 -29 -30 -31
leaf_value=0.01135770411536101 -0.049316908522092105 -1.0716104890084586 0.32028141535888638 0.00096754952504101029 0.2057324657427996 -0.0037871786912345102 0.034272832250500991 0.0082400340617668228 -0.00070332688232746326 0.036391279570098939 -0.0075618466522876559 -0.0068527038836593591 0.19999573112493152 -0.37170873159038331 -0.52726370905234399 0.027149679444563545 0.026868343434549694 -0.0071605915750646634 0.015698458950892065 0.011369671648006788 -0.033567953730381551 0.17767886246907955 -0.11484960215584977 0.0015463816643422692 0.10998654926215454 -0.02029861226677622 -0.016691606536210473 0.032627129952048098 -0.022496166038503053 0.023693947591463999
leaf_weight=37 21 58 20 23 35 73 39 31 24 21 131 304 21 211 78 30 20 35 21 24 22 21 25 25 37 82 304 47 82 39
leaf_count=37 21 58 20 23 35 73 39 31 24 21 131 304 21 211 78 30 20 35 21 24 22 21 25 25 37 82 304 47 82 39
internal_value=-0.000233386 0.0017449 0.0045 0.00676744 0.00040909 -0.000455588 -0.000344498 0.00126396 0.00371053 0.00565385 -0.000559323 7.51808e-06 0.00143077 -0.00122747 -0.000489271 0.000947368 0.000144104 0.00220408 0.0034 0.00566667 0.000846153 0.00327907 -0.000970402 0.00037278 0.00377419 -0.00159813 -0.000832169 -0.000350428 -0.000272728 -0.000835052
internal_weight=1941 196 64 43 132 1745 1672 197 76 52 1475 798 325 677 466 304 229 98 75 45 78 43 473 169 62 107 429 351 121 97
internal_count=1941 196 64 43 132 1745 1672 197 76 52 1475 798 325 677 466 304 229 98 75 45 78 43 473 169 62 107 429 351 121 97
is_linear=0
shrinkage=0.03


Tree=300
num_leaves=31
num_cat=0
split_feature=38 38 38 53 3 48 14 43 42 33 42 33 18 43 51 58 57 57 11 17 46 36 47 47 48 37 6 2 11 17
split_gain=0.820728 0.963785 0.967105 0.748303 0.801798 0.510888 0.936643 0.538221 0.804762 0.448236 0.416844 0.372414 0.546416 1.0017 1.4779 1.32385 0.52041 0.470512 0.982561 0.345174 0.402909 0.383461 0.395457 0.495868 1.00043 0.705594 0.626813 0.552506 0.530514 0.509804
threshold=961.4747767875001 1153.7502232875001 1114.6629464500004 235.50000000000003 6636077.7320000008 89.500000000000014 26.550000000000004 373.60803570000002 113.07410715000005 1184.6642860000004 -119.65624999999999 907.54285715000015 1.0000000180025095e-35 -105.81517854999991 147.50000000000003 1005.5500000000001 346.00000000000006 307.50000000000006 0.91037613702198772 92.500000000000014 23.850000000000005 1163.8357145000002 7.5000000000000009 32.500000000000007 29.500000000000004 345.28125000000006 17.500000000000004 8269.7500000000018 0.88144907265856365 23.500000000000004
decision_type=2 2 2 2 2 2 2 2 2 2 2 2 2 2 2 2 2 2 2 2 2 2 2 2 2 2 2 2 2 2
left_child=5 2 3 4 10 7 -7 9 -9 11 -2 12 13 14 -1 -16 19 18 -15 20 -14 22 -22 24 25 26 -24 29 -25 -28
right_child=1 -3 -4 -5 -6 6 -8 8 -10 -11 -12 -13 16 17 15 -17 -18 -19 -20 -21 21 -23 23 28 -26 -27 27 -29 -30 -31
leaf_value=0.10615069036767016 0.065451920695463114 -0.28257905342492723 0.21808852193555725 0.15741260433838089 0.13553730564877206 -0.082120590328005894 0.053411299004692991 0.19399579622480426 -0.0043098078821945055 0.0038741071276327077 -1.7561957737739644 -0.013507617257670973 -0.045677655782346671 -0.0076194617387182204 -0.0058835480414809599 0.052260113003701182 0.034732329710499825 -0.79769246542576078 0.0097108234488209478 -0.05068051259173921 -0.35164148193832079 -0.0045595306262865027 -0.70010074762174812 -0.011842523919790616 0.039766453601018457 -0.055544762802615756 0.055159822581881325 -0.011081859476760381 0.026368391292657795 0.67416148931218889
leaf_weight=21 22 44 24 26 26 21 20 21 35 30 54 105 117 228 63 39 23 59 24 125 88 56 25 370 25 60 78 25 63 24
leaf_count=21 22 44 24 26 26 21 20 21 35 30 54 105 117 228 63 39 23 59 24 125 88 56 25 370 25 60 78 25 63 24
internal_value=-0.000248842 0.00159184 0.00272368 0.0016875 0.000529411 -0.000455588 0.00285366 -0.000535212 0.00235714 -0.000633496 -0.00102632 -0.000700866 -0.000580966 0.000317972 0.00260976 0.00111765 -0.00094254 -0.000588425 -2.38102e-05 -0.00103977 -0.000841032 -0.000604423 -0.000427441 -0.000179105 0.00092405 0.000254716 0.0013421 0.00219685 -0.000782911 0.00317647
internal_weight=1941 196 152 128 102 1745 41 1704 56 1648 76 1618 1513 434 123 102 1079 311 252 1056 931 814 758 670 237 212 152 127 433 102
internal_count=1941 196 152 128 102 1745 41 1704 56 1648 76 1618 1513 434 123 102 1079 311 252 1056 931 814 758 670 237 212 152 127 433 102
is_linear=0
shrinkage=0.03


Tree=301
num_leaves=31
num_cat=0
split_feature=32 2 1 43 49 19 57 49 29 1 21 57 15 11 19 19 26 19 44 46 48 43 10 57 11 57 28 9 3 26
split_gain=0.988158 0.687959 0.706522 0.587339 1.07802 1.27427 0.753796 0.649351 0.809157 0.498701 0.451794 0.389092 0.540316 0.518153 0.991832 0.473797 0.633415 1.06898 0.626199 0.815533 0.501736 0.516691 0.397218 0.392169 0.364892 0.364783 0.419604 0.640433 0.475904 0.729293
threshold=1147.2705355000001 5041.9791665000002 8623.839285500002 8.2857143499999797 6.5000000000000009 42.500000000000007 209.00000000000003 17.500000000000004 1.0000000180025095e-35 10952.571425000002 52.000000000000007 307.50000000000006 74.500000000000014 0.91037613702198772 40.500000000000007 16.500000000000004 11.050000000000002 9.5000000000000018 28.450000000000003 25.050000000000004 77.500000000000014 -321.88392859999993 -0.99465189230620688 334.00000000000006 0.98611507088852057 260.50000000000006 1006.5500000000001 143.50000000000003 6400716.0625000009 12.750000000000002
decision_type=2 2 2 2 2 2 2 2 2 2 2 2 2 2 2 2 2 2 2 2 2 2 2 2 2 2 2 2 2 2
left_child=3 9 -3 11 25 7 10 -6 -9 -2 -7 13 -13 15 -15 16 17 18 19 -1 21 -17 -18 -14 -16 -5 -27 -28 29 -29
right_child=1 2 -4 4 5 6 -8 8 -10 -11 -12 12 23 14 24 20 22 -19 -20 -21 -22 -23 -24 -25 -26 26 27 28 -30 -31
leaf_value=-0.75603691878677715 1.0496972906856783 0.04093180268964796 -0.10729187543889748 -0.027067063047246188 0.0084412850117101448 0.015456092042893462 -1.7760791981158295 0.18095242375724307 0.024093257933591562 0.0055670613338898983 -0.00037127050352511303 0.00057876758402712581 -0.10564313968013302 -0.0015645169668579723 0.014872605130139025 0.067891621988485154 0.016315882975939354 0.095570393305441315 -0.025221176411218814 0.14363488911213482 0.0025735001685330242 -0.29133216386395078 -0.011958191965598965 0.020006087352462162 0.0015019249232511847 -0.016378594620562723 0.0057951136908702136 -0.0064886547307322533 -0.0085814084746913509 0.097761041438621188
leaf_weight=34 20 20 26 53 44 21 48 30 26 22 46 21 189 132 32 25 36 24 84 41 32 231 387 32 21 74 33 55 58 44
leaf_count=34 20 20 26 53 44 21 48 30 26 22 46 21 189 132 32 25 36 24 84 41 32 231 387 32 21 74 33 55 58 44
internal_value=-0.000310665 0.00279545 0.000260869 -0.000458177 0.000383458 0.00202326 -0.000130435 0.0045 0.00664286 0.00557143 0.00192537 -0.000797124 -0.0018843 -0.000553291 0.000891891 -0.00085235 -0.000376238 0.00109836 0.000207546 0.0022 -0.00185417 -0.00229688 -0.00101419 -0.00232127 0.00435849 -0.000728707 -0.000272728 0.000473683 -0.000324841 0.000939393
internal_weight=1941 88 46 1853 532 215 115 100 56 42 67 1321 242 1079 185 894 606 183 159 75 288 256 423 221 53 317 264 190 157 99
internal_count=1941 88 46 1853 532 215 115 100 56 42 67 1321 242 1079 185 894 606 183 159 75 288 256 423 221 53 317 264 190 157 99
is_linear=0
shrinkage=0.03


Tree=302
num_leaves=31
num_cat=0
split_feature=32 17 26 27 18 11 41 41 30 43 15 26 57 38 10 9 17 16 57 27 43 31 1 2 27 2 41 3 10 10
split_gain=0.760691 0.732601 0.523172 0.792152 0.687694 1.37564 0.74848 1.50814 0.722447 0.600556 0.586871 0.561609 0.516085 0.45191 0.432692 0.411297 1.11938 0.907786 0.48193 1.1702 0.381006 0.31598 0.91746 0.220831 0.518109 0.601535 0.903257 0.471014 0.352755 0.299209
threshold=1211.8696430000002 8.5000000000000018 4.7500000000000009 38.500000000000007 49.500000000000007 0.91037613702198772 227.64303600054251 306.08233714018155 1150.1142860000002 434.09285710000012 82.500000000000014 17.250000000000004 341.50000000000006 594.28593750000016 0.29012925520284133 140.50000000000003 10.500000000000002 24.750000000000004 292.50000000000006 287.50000000000006 112.92946429999996 161.45446430000001 149.50000000000003 7867.6428570000007 270.50000000000006 8269.7500000000018 351.50893269089016 6386244.4285000013 -0.70710678118654735 -0.63405362205439475
decision_type=2 2 2 2 2 2 2 2 2 2 2 2 2 2 2 2 2 2 2 2 2 2 2 2 2 2 2 2 2 2
left_child=2 -2 10 13 8 6 21 -8 9 12 14 -10 15 -4 -1 16 17 -5 19 -18 -20 22 -6 28 -25 26 -26 -27 -17 -30
right_child=1 -3 3 4 5 -7 7 -9 11 -11 -12 -13 -14 -15 -16 23 18 -19 20 -21 -22 -23 -24 24 25 27 -28 -29 29 -31
leaf_value=0.016887323730936963 0.046328489373996945 -0.046874818713651678 0.014992406831059341 0.030036232061623654 -0.29958461242173284 0.018742067061707925 0.034654903546942638 -0.19120946196493474 -0.0032878943619751122 0.27316846191964939 -0.23283622112416713 0.18700731291502554 0.034474477273245548 -0.0003075872778967255 -0.0027873601472065889 -0.028435785665769726 -0.62348688843737121 0.00062207191196538719 -0.18122527701679725 0.51276107297828866 0.11807854445662271 -0.013327585374289568 0.038531150604406213 -0.49311820680277563 0.069895973414869764 -0.015290874838889376 -0.062188555993313868 0.02449002977400332 0.027656308433232465 -0.0058317476041019872
leaf_weight=20 28 24 21 23 70 29 35 29 35 20 161 22 22 23 32 220 32 20 134 25 24 59 20 57 31 39 20 30 30 606
leaf_count=20 28 24 21 23 70 29 35 29 35 20 161 22 22 23 32 220 32 20 134 25 24 59 20 57 31 39 20 30 30 606
internal_value=-0.000233386 0.00334615 -0.000331922 -0.000153939 -0.00026103 0.00121488 0.000380281 0.00309375 -0.000517986 -0.000659416 -0.0017324 0.00278947 -0.000738005 0.00381818 0.00103846 -0.000815648 0.000255813 0.00467442 -0.000627908 0.00173684 -0.00148101 -0.000785236 0.000333333 -0.00108325 -0.000118645 0.000999999 0.00347059 -0.000826088 -0.00128271 -0.000924529
internal_weight=1941 52 1889 1676 1632 242 213 64 1390 1333 213 57 1313 44 52 1291 258 43 215 57 158 149 90 1033 177 120 51 69 856 636
internal_count=1941 52 1889 1676 1632 242 213 64 1390 1333 213 57 1313 44 52 1291 258 43 215 57 158 149 90 1033 177 120 51 69 856 636
is_linear=0
shrinkage=0.03


Tree=303
num_leaves=31
num_cat=0
split_feature=36 22 26 57 38 56 56 1 30 11 18 49 19 18 44 57 57 44 14 27 17 38 46 30 19 36 11 45 3 14
split_gain=0.567643 0.840679 1.02352 0.780827 0.956996 0.751676 0.668519 0.634584 0.814815 0.62764 1.07863 0.907962 0.730235 0.620222 0.607485 0.57548 1.38301 0.5625 0.487573 0.479167 0.467208 0.41531 0.579545 0.438959 0.4 0.364215 0.650112 0.921248 0.495423 0.357379
threshold=63.264285715000007 76.500000000000014 5.3500000000000005 285.50000000000006 961.4747767875001 18.850000000000005 7.3500000000000005 960.68750000000011 57.48125000000001 0.91037613702198772 54.500000000000007 78.500000000000014 11.500000000000002 45.500000000000007 27.850000000000005 306.50000000000006 317.50000000000006 28.950000000000003 32.650000000000013 264.50000000000006 54.500000000000007 526.00200891250017 23.250000000000004 287.46428570000006 1.5000000000000002 838.52857140000015 0.63405362205439486 85.500000000000014 6319815.9285000013 28.150000000000002
decision_type=2 2 2 2 2 2 2 2 2 2 2 2 2 2 2 2 2 2 2 2 2 2 2 2 2 2 2 2 2 2
left_child=1 2 -1 13 15 -6 -4 8 17 12 11 -11 14 -3 -2 18 24 19 -5 -8 -9 23 -23 -22 -17 26 -16 28 -28 -15
right_child=9 3 6 4 5 -7 7 20 -10 10 -12 -13 -14 29 25 16 -18 -19 -20 -21 21 22 -24 -25 -26 -27 27 -29 -30 -31
leaf_value=-0.38551437596716898 0.077271661011771992 -0.012893534807109249 0.15800505173144092 -0.0078149447122116134 0.1094555438353715 -0.0012299726854255273 0.040538562573762586 -0.44940265116740752 0.025522507171801118 -0.00081188234633633124 0.014388255108551908 0.0060900468039342985 -0.32985636841894311 -0.00073770805359336391 -0.018023567053792031 0.0032257728844033531 -0.0051768052630907207 0.058003873523421311 0.072033454853403386 -0.25284909832635166 0.0079129761366474628 0.0042748450831800585 -0.021291462787355765 0.0087022893510009906 0.26497340806206232 -0.10595011730628724 0.13029810686661494 0.1760924916403947 -0.034988890992905065 0.082345408256735933
leaf_weight=51 26 285 20 149 37 22 25 27 27 208 21 20 257 27 230 20 45 24 35 23 36 32 34 22 20 99 21 20 53 25
leaf_count=51 26 285 20 149 37 22 25 27 27 208 21 20 257 27 230 20 45 24 35 23 36 32 34 22 20 99 21 20 53 25
internal_value=-0.000279753 0.000225151 0.00148598 -0.000383459 0.000658536 0.00411864 0.00222222 0.0018 0.00366667 -0.000801048 0.000493975 -0.000105264 -0.00125779 -0.00139763 -0.00052784 -0.000100372 0.00194118 0.002 -0.00104348 0.000124999 0.000576158 0.00135484 -0.000272728 0.0032069 0.006 -0.000801419 -0.000314816 0.00178723 0.000243243 0.00161538
internal_weight=1941 986 321 665 328 59 270 250 99 955 249 228 706 337 449 269 85 72 184 48 151 124 66 58 40 423 324 94 74 52
internal_count=1941 986 321 665 328 59 270 250 99 955 249 228 706 337 449 269 85 72 184 48 151 124 66 58 40 423 324 94 74 52
is_linear=0
shrinkage=0.03


Tree=304
num_leaves=31
num_cat=0
split_feature=44 18 11 1 5 28 49 43 47 8 19 40 10 16 27 43 44 46 31 31 42 32 2 33 40 27 27 43 42 43
split_gain=0.502038 0.420645 0.651721 0.592978 0.56718 0.564331 0.499786 0.627489 0.48619 0.65674 0.649154 0.573751 0.46823 0.761974 0.565385 0.477513 0.439298 0.435038 0.498398 0.456813 0.490876 1.08 0.426383 0.4 0.369242 0.898478 0.696198 0.494726 0.733333 0.757576
threshold=33.350000000000001 49.500000000000007 0.68322629814330826 457.29464285000006 1.0000000180025095e-35 1006.35 86.500000000000014 -129.76249999999996 43.500000000000007 1.5000000000000002 9.5000000000000018 750.9202752952084 -0.41248606129204546 25.450000000000003 159.50000000000003 156.30000000000004 28.550000000000004 25.050000000000004 174.48571430000004 350.39285715000005 77.281250000000014 776.64642855000011 1346.5714285000001 791.23303570000019 0.13184523810416668 302.50000000000006 270.50000000000006 97.362500000000011 73.558928549999976 147.71339286499997
decision_type=2 2 2 2 2 2 2 2 2 2 2 2 2 2 2 2 2 2 2 2 2 2 2 2 2 2 2 2 2 2
left_child=1 6 3 -3 -4 -6 8 -8 9 10 16 -10 -9 14 15 -14 -1 18 -5 -20 21 -21 -18 -2 25 -11 -26 -28 29 -29
right_child=23 2 4 17 5 -7 7 12 11 24 -12 -13 13 -15 -16 -17 22 -19 19 20 -22 -23 -24 -25 26 -27 27 28 -30 -31
leaf_value=0.0295417748160457 -0.069524236328655328 -0.29600376521024835 0.086133595751835018 0.036256935524995315 -0.0041423979137522335 0.013584742746913092 0.10008591690397617 -0.083743333987558288 -0.026597030064905172 0.0504768075211737 0.089375326273757077 0.002202704459357802 -0.56468057894938872 -0.4853040231145912 0.017861647042516551 0.014305246531967956 -0.48414395111003622 -0.69246411578380496 -0.0074286225079069684 0.097970022724044731 -0.34282427114163755 -0.0038330895547722486 0.023786305069914644 0.44692517728084369 -0.098813889973392771 -0.45661764876863248 -0.003638105208728184 0.15737220247137751 -0.0057914604593804061 0.0083409449349152974
leaf_weight=31 20 64 20 20 24 23 20 30 432 79 24 26 27 28 30 21 36 21 22 20 23 30 121 20 218 51 350 22 44 44
leaf_count=31 20 64 20 20 24 23 20 30 432 79 24 26 27 28 30 21 36 21 22 20 23 30 121 20 218 51 350 22 44 44
internal_value=-0.000326121 -0.000396108 0.000707864 -0.000150001 0.00326866 0.00146808 -0.0005765 0.00103846 -0.000746956 -0.000382354 0.00110377 -0.00155895 0.000308823 0.00124528 0.00276923 0.000749999 0.000510638 0.000970588 0.00169565 0.000789473 0.00193151 0.0036 -0.000133759 0.003 -0.000772278 0.000692307 -0.0010531 -0.000391305 0.00136364 0.00336364
internal_weight=1941 1901 267 200 67 47 1634 156 1478 1020 212 458 136 106 78 48 188 136 115 95 73 50 157 40 808 130 678 460 110 66
internal_count=1941 1901 267 200 67 47 1634 156 1478 1020 212 458 136 106 78 48 188 136 115 95 73 50 157 40 808 130 678 460 110 66
is_linear=0
shrinkage=0.03


Tree=305
num_leaves=31
num_cat=0
split_feature=43 43 43 26 18 41 57 32 44 40 26 3 56 56 48 36 32 45 51 37 1 6 37 11 47 40 49 28 32 1
split_gain=0.715072 0.746053 0.65625 0.590505 0.567883 0.801335 0.495394 0.519192 0.514286 0.478139 0.44434 0.587778 0.433917 0.577745 0.315479 0.289624 1.42022 1.6133 0.861329 0.467498 0.61402 0.610317 0.729397 0.454524 0.6318 0.688095 0.590159 0.437471 0.517196 0.618087
threshold=368.35892860000007 399.29999985000012 450.44285715000012 3.8500000000000001 77.500000000000014 271.87549080938328 45.500000000000007 1265.0857145000002 28.050000000000004 246.46584821789585 4.2500000000000009 6387416.8750000009 5.3500000000000005 5.9500000000000011 68.000000000000014 63.264285715000007 168.53125000000003 72.500000000000014 5.5000000000000009 523.18035715000008 2862.0000000000005 26.500000000000004 626.98750000000007 0.91037613702198772 50.500000000000007 5.052046131041668 11.500000000000002 1006.9500000000002 658.6196428500001 9859.2500000000018
decision_type=2 2 2 2 2 2 2 2 2 2 2 2 2 2 2 2 2 2 2 2 2 2 2 2 2 2 2 2 2 2
left_child=3 -2 -3 -1 6 -6 8 10 9 -5 11 -8 -12 -14 15 16 17 -15 -19 -18 -21 22 -22 26 -25 -26 -17 -24 -29 -30
right_child=1 2 -4 4 5 -7 7 -9 -10 -11 12 -13 13 14 -16 23 19 18 -20 20 21 -23 27 24 25 -27 -28 28 29 -31
leaf_value=-0.20137011779591546 0.3122573082391773 -0.97522597723597215 0.027343736800818148 0.027849773181343018 -0.00097206119711896598 0.033709051108725394 -0.0060842719209565008 0.079925238131598658 -0.0068055785764520125 -0.017295544543927035 -0.01066466495666216 0.10845609634193508 0.1030461432884006 0.13258802531933725 -0.036078998148193715 -0.011713234308033194 -0.021401506280093897 0.041367401365185748 -0.0011448834303149271 0.021499345734783869 0.080550444081720268 -0.7680683746171777 -0.0052727075143070472 -0.012041005313946751 0.00023003268518561893 0.012503487959499288 -0.31216424399814252 -0.01545829566304821 0.022534970763981896 0.063794143317567387
leaf_weight=99 20 24 32 20 57 25 20 21 30 22 93 25 20 27 49 350 199 23 82 24 38 86 125 134 28 20 154 21 22 51
leaf_count=99 20 24 32 20 57 25 20 21 30 22 93 25 20 27 49 350 199 23 82 24 38 86 125 134 28 20 154 21 22 51
internal_value=-0.000326121 0.00252632 0.000749999 -0.00044236 -0.000315969 0.00212195 -0.00043468 -0.000543425 0.002 0.00414286 -0.00060528 0.00233333 -0.000690816 -0.000563662 -0.000634334 -0.000550579 -0.000120345 0.00268182 0.000999999 -0.000773852 -0.000138965 -0.000463558 0.000268482 -0.000988339 0.000296703 0.00325 -0.00145238 -0.000397261 0.00114894 0.00234247
internal_weight=1941 76 56 1865 1766 82 1684 1612 72 42 1591 45 1546 1453 1433 1384 698 132 105 566 367 343 257 686 182 48 504 219 94 73
internal_count=1941 76 56 1865 1766 82 1684 1612 72 42 1591 45 1546 1453 1433 1384 698 132 105 566 367 343 257 686 182 48 504 219 94 73
is_linear=0
shrinkage=0.03


Tree=306
num_leaves=31
num_cat=0
split_feature=14 33 20 48 41 58 18 58 23 41 57 3 40 30 27 46 21 3 36 34 6 40 47 57 43 6 3 32 44 56
split_gain=0.531567 0.65744 0.585615 1.13426 0.895831 1.20345 0.55075 0.793981 0.457551 1.63202 0.475377 0.409661 0.385965 0.323239 0.319511 0.372503 0.701373 1 0.543958 0.454192 0.530704 0.68132 0.853733 0.828064 0.682344 0.865277 0.509814 0.479931 0.418283 0.407744
threshold=33.100000000000009 791.23303570000019 99.500000000000014 1.0000000180025095e-35 47.754784182249928 1002.4000000000001 89.500000000000014 1005.2500000000001 226.00000000000003 260.15625666338218 346.00000000000006 6571864.5715000005 393.22343750143756 822.28571425000007 314.00000000000006 23.750000000000004 758.50000000000011 6408833.3125000009 1001.6499999500001 980.58125000000007 17.500000000000004 0.29397321429166673 38.500000000000007 270.50000000000006 -105.81517854999991 24.500000000000004 6363513.2855000012 623.15000000000009 28.550000000000004 8.9500000000000011
decision_type=2 2 2 2 2 2 2 2 2 2 2 2 2 2 2 2 2 2 2 2 2 2 2 2 2 2 2 2 2 2
left_child=2 -2 6 4 -4 -6 8 -8 10 -10 14 -11 -7 -5 15 18 19 -18 -1 20 27 22 26 -23 25 -25 -22 -17 -26 -24
right_child=1 -3 3 13 5 12 7 -9 9 11 -12 -13 -14 -15 -16 16 17 -19 -20 -21 21 23 29 24 28 -27 -28 -29 -30 -31
leaf_value=-0.049042938705449075 -0.038001274449726154 0.15836157087604347 0.01366904880843565 -0.0045937986342815366 0.013915898428355944 -0.16099120794464197 -0.32131448277093111 0.028101193917919074 0.25352263392796426 -0.071219930523631542 0.023960229994771237 0.027804825847220205 0.56576574200070351 0.14663472641843875 -0.013247594708819404 -0.017170133609547056 0.46388503477912157 -0.011738587428711689 0.0044697542180943024 -0.29699437356107566 0.12123270720801044 -0.03142188773411677 -0.62580809961002537 0.0076850658172303039 0.019637499289509076 0.034001016782505479 0.0038126354925796407 0.011822790781441734 -0.0014232339824926841 0.26845934851544662
leaf_weight=217 28 32 24 51 32 33 27 21 20 47 23 29 24 20 199 270 32 32 20 67 29 178 42 37 37 26 36 29 228 51
leaf_count=217 28 32 24 51 32 33 27 21 20 47 23 29 24 20 199 270 32 32 20 67 29 178 42 37 37 26 36 29 228 51
internal_value=-0.000279753 0.0025 -0.000368422 0.00123913 0.00310619 0.0017191 -0.000542723 0.002625 -0.000634931 0.001375 -0.000759177 -0.00063158 -0.000894738 -0.0017324 -0.00082353 -0.000655899 -0.000422304 0.002625 -0.00173418 -0.000611651 -0.000445484 2.71077e-05 0.00174683 -0.000509882 0.000384146 0.00319048 0.00438461 -0.00149498 -0.00028302 -9.67749e-05
internal_weight=1941 60 1881 184 113 89 1697 48 1649 96 1553 76 57 71 1530 1331 1094 64 237 1030 963 664 158 506 328 63 65 299 265 93
internal_count=1941 60 1881 184 113 89 1697 48 1649 96 1553 76 57 71 1530 1331 1094 64 237 1030 963 664 158 506 328 63 65 299 265 93
is_linear=0
shrinkage=0.03


Tree=307
num_leaves=31
num_cat=0
split_feature=1 31 3 58 28 4 19 28 56 41 50 33 28 32 4 24 33 33 3 48 10 40 9 3 3 30 31 45 30 16
split_gain=0.723736 1.13327 1.25097 1.11955 0.949097 0.770074 1.2838 1.5744 0.587964 0.840257 0.566685 0.566071 0.531628 0.520699 0.507519 0.494454 0.805218 0.495298 0.398748 0.401111 0.385714 0.385099 0.525733 0.667523 0.703375 0.555769 0.494042 0.881495 0.457589 0.475435
threshold=277.58928570000006 161.45446430000001 6383439.2145000007 1007.1500000000002 1005.4500000000002 20.500000000000004 47.500000000000007 1006.35 17.550000000000004 178.72524419210751 1.0000000180025095e-35 1184.6642860000004 1003.9500000000002 389.65625000000006 1.5000000000000002 692.45000000000016 950.34732145000009 569.0883928500001 6335789.0625000009 21.500000000000004 0.29012925520284133 838.10141369375003 150.50000000000003 6387416.8750000009 6649575.2855000012 747.78750000000002 662.54285715000015 65.500000000000014 874.45000000000016 23.150000000000002
decision_type=2 2 2 2 2 2 2 2 2 2 2 2 2 2 2 2 2 2 2 2 2 2 2 2 2 2 2 2 2 2
left_child=5 2 18 4 -4 10 -7 -8 21 -10 12 13 -1 -11 20 17 -17 -15 19 -2 -12 22 26 -24 25 -25 -3 28 -28 -30
right_child=1 8 3 -5 -6 6 7 -9 9 11 14 -13 -14 15 -16 16 -18 -19 -20 -21 -22 -23 23 24 -26 -27 27 -29 29 -31
leaf_value=0.024745644174026193 -0.018449686962633813 -0.0092405585622817293 0.027015097346853045 -0.0038645582315307045 0.024023540824723851 -0.0028711574110151647 -0.00062050159063076682 0.029241111257649655 0.076789184389946502 0.024142861007809231 0.0013112210729980004 0.0089159580450214725 -0.0067961957421862609 0.014704279142274767 -0.40016349684347591 0.16411905771947807 -0.21464572937138465 -0.038297962676327929 -0.30947048721633869 0.11704938236869683 -0.087210162223860438 -1.4854610230559588 -0.01009344155721062 0.14923167879678345 -0.0011632966613677428 1.215679601954667 -0.056084026742156519 0.027677670399359793 -1.0555953650715155 0.047236371279816947
leaf_weight=28 20 135 27 22 29 193 27 21 26 32 35 39 417 31 210 23 33 110 26 25 21 74 56 32 42 20 52 20 40 75
leaf_count=28 20 135 27 22 29 193 27 21 26 32 35 39 417 31 210 23 33 110 26 25 21 74 56 32 42 20 52 20 40 75
internal_value=-0.00014065 0.000427704 0.00283893 0.00546154 0.00771428 -0.000731093 0.000734439 0.005125 -7.15256e-10 0.00108163 -0.00122785 0.000582089 -0.000573034 1.30997e-05 -0.00232331 -0.000563452 0.00182143 -0.00151064 -4.22542e-05 0.00166667 0.000214285 -0.000582418 -0.00026695 0.0012 0.00274468 0.00507692 -0.000950311 4.81276e-05 -0.000664671 0.000391304
internal_weight=1941 989 149 78 56 952 241 48 840 294 711 268 445 229 266 197 56 141 71 45 56 546 472 150 94 52 322 187 167 115
internal_count=1941 989 149 78 56 952 241 48 840 294 711 268 445 229 266 197 56 141 71 45 56 546 472 150 94 52 322 187 167 115
is_linear=0
shrinkage=0.03


Tree=308
num_leaves=31
num_cat=0
split_feature=49 36 26 1 3 48 41 49 46 46 46 48 17 41 10 17 17 3 8 3 3 56 42 41 46 40 40 37 3 10
split_gain=0.522414 1.08849 0.617925 0.621545 0.673193 0.414693 0.985284 0.526831 0.428922 0.407627 0.590313 0.754643 0.736932 0.792112 0.983315 0.490284 0.960395 0.667361 0.568516 0.868325 1.44048 0.521904 0.44989 0.665605 0.559552 0.491156 0.762764 0.403354 0.475955 0.4
threshold=86.500000000000014 598.20000000000016 7.2000000000000002 5172.8125000000009 6414269.8125000009 77.500000000000014 261.34067348340949 31.500000000000004 22.550000000000004 23.750000000000004 24.550000000000004 7.5000000000000009 51.500000000000007 192.62803308768471 0.5277851165098012 49.500000000000007 65.500000000000014 6571864.5715000005 5.5000000000000009 6319815.9285000013 6297804.0000000009 4.2500000000000009 137.06160715000007 291.7853384487251 24.350000000000005 701.27533479791668 553.79285715145841 856.6142857000001 6335789.0625000009 0.58216583101416164
decision_type=2 2 2 2 2 2 2 2 2 2 2 2 2 2 2 2 2 2 2 2 2 2 2 2 2 2 2 2 2 2
left_child=5 2 -2 4 -4 7 -7 8 -1 27 12 -12 13 14 -11 18 17 29 19 20 -13 -21 23 -15 25 26 -25 -10 -29 -17
right_child=1 -3 3 -5 -6 6 -8 -9 9 10 11 15 -14 22 -16 16 -18 -19 -20 21 -22 -23 -24 24 -26 -27 -28 28 -30 -31
leaf_value=0.014044589366911492 -0.018379659929905034 0.0045631817372237208 0.087593074064875792 -0.00047527942869109754 0.0086581593912701312 -0.0096016622140414343 0.020618231272577968 -0.020743823431388666 -0.0094253066289404011 0.097418145825323377 -0.042680690753912447 -0.0028960200771000135 -0.025402130037380833 -0.038856876681559474 -0.00013429509746833509 0.13853954031877597 -0.0056211131138554447 0.15307911223633344 -0.20700491400048551 0.0093129289298918786 0.33003234317455554 -0.0068251679153557903 0.36458563099653796 -0.0025983858606235775 0.05614368647858247 -0.17562494492148084 0.037634211597499426 0.015999056991598943 -0.050153858640628581 -0.054060928709158892
leaf_weight=28 36 23 22 61 30 63 20 258 195 28 288 35 61 86 25 20 61 32 96 22 25 200 23 22 33 35 27 20 46 20
leaf_count=28 36 23 22 61 30 63 20 258 195 28 288 35 61 86 25 20 61 32 96 22 25 200 23 22 33 35 27 20 46 20
internal_value=-0.00021793 0.00136046 0.000422818 0.00151327 0.00392308 -0.000371397 0.00169879 -0.00047331 -0.0002479 -0.000321429 -7.63835e-05 -0.000521903 0.000970588 0.00162366 0.00492453 0.000170254 0.00173684 0.00408333 -0.000380953 0.000297872 0.0035 -0.000567568 0.000849557 0.000399014 0.00187179 0.000571428 0.0025102 -0.00139081 0.000636363 0.0015
internal_weight=1941 172 149 113 52 1769 83 1686 1428 1400 1139 799 340 279 53 511 133 72 378 282 60 222 226 203 117 84 49 261 66 40
internal_count=1941 172 149 113 52 1769 83 1686 1428 1400 1139 799 340 279 53 511 133 72 378 282 60 222 226 203 117 84 49 261 66 40
is_linear=0
shrinkage=0.03


Tree=309
num_leaves=31
num_cat=0
split_feature=48 41 45 45 26 27 14 57 28 19 11 3 2 41 37 3 47 37 37 9 21 21 21 21 36 15 31 51 42 32
split_gain=0.432347 1.05013 0.461871 0.570529 0.531949 0.545459 0.345517 1.22466 0.432681 0.345008 0.553682 0.880476 0.836427 1.93684 0.337786 0.440245 0.605354 0.337354 0.454363 0.599003 0.86453 0.662378 0.56087 0.50119 0.4629 0.623843 0.451128 0.359298 0.303826 0.282992
threshold=77.500000000000014 271.87549080938328 93.500000000000014 87.500000000000014 2.8500000000000001 346.00000000000006 32.350000000000001 304.50000000000006 1005.1500000000002 1.5000000000000002 0.96592582628906831 6381406.0000000009 18.017857145000004 60.300962510962385 966.0875000000002 6595772.5000000009 6.5000000000000009 963.55000000000007 20.210714285000005 143.50000000000003 37.500000000000007 150.00000000000003 283.00000000000006 558.00000000000011 650.49285710000015 80.500000000000014 134.97767855000004 368.50000000000006 -110.05803595 1190.0705355000002
decision_type=2 2 2 2 2 2 2 2 2 2 2 2 2 2 2 2 2 2 2 2 2 2 2 2 2 2 2 2 2 2
left_child=2 -2 3 4 -1 6 9 8 -8 28 12 -12 -11 -14 29 16 -16 18 24 26 -21 -22 -23 27 -15 -26 -20 -24 -6 -10
right_child=1 -3 -4 -5 5 -7 7 -9 14 10 11 -13 13 17 15 -17 -18 -19 19 20 21 22 23 -25 25 -27 -28 -29 -30 -31
leaf_value=0.0044946915324576928 -0.0096016717130456009 0.032788794728224088 0.0020645862093375367 -0.025694729797601835 0.033534910343970964 0.02564698895573549 0.093842092080985554 0.16499055987518113 -0.2767201589990233 -0.3479037772688619 -0.0039218049895549398 0.013921570324748861 0.12673310361155876 -0.03597535358970054 0.13245582232382347 -0.019859556206159704 -0.010842273964542869 -0.023331131071025656 0.007232388187718642 0.036750619301550054 -0.0096203897661105101 0.056619984309746872 0.0061816409441164807 0.012101149838186028 -0.17047759641353846 0.11944251616880035 -0.0062422504641731135 -0.24493408283462026 -0.0095836409357677749 0.040395488939380282
leaf_weight=20 67 24 22 213 33 20 36 29 101 140 25 35 28 115 35 33 22 41 30 20 43 37 25 25 22 32 84 32 532 20
leaf_count=20 67 24 22 213 33 20 36 29 101 140 25 35 28 115 35 33 22 41 30 20 43 37 25 25 22 32 84 32 532 20
internal_value=-0.000403401 0.00161538 -0.000502703 -0.000554705 -0.00036223 -0.000423198 -0.000485715 0.00047826 -0.000206478 -0.000690532 -0.000261581 0.0025 -0.000507419 3.37071e-05 -0.000725119 0.000666666 0.00226316 -0.000391305 -0.000161291 0.000547297 0.00161538 0.000888888 0.00204202 0.000658536 -0.00140237 0.000888888 -0.0011579 -0.000894738 -0.00124779 -0.00176033
internal_weight=1941 91 1850 1828 1615 1595 1575 276 247 1299 734 60 674 534 211 90 57 506 465 296 182 162 119 82 169 54 114 57 565 121
internal_count=1941 91 1850 1828 1615 1595 1575 276 247 1299 734 60 674 534 211 90 57 506 465 296 182 162 119 82 169 54 114 57 565 121
is_linear=0
shrinkage=0.03


Tree=310
num_leaves=31
num_cat=0
split_feature=49 11 57 11 42 21 57 48 47 49 2 8 28 33 42 57 3 27 27 56 9 28 37 14 27 14 14 34 39 42
split_gain=0.542472 2.13828 0.865201 0.894604 0.81721 0.537836 1.17206 0.595742 0.627778 0.958865 0.555606 0.472753 0.555767 0.72868 0.471205 0.563261 0.437846 0.423987 0.487566 0.657754 0.488427 0.55471 0.758665 0.925681 0.564204 0.688095 0.375367 0.360298 0.379487 0.324423
threshold=78.500000000000014 0.91037613702198772 168.50000000000003 -0.032701564615071434 54.971428550000006 678.50000000000011 304.50000000000006 77.500000000000014 97.500000000000014 24.500000000000004 6883.7589285000004 2.5000000000000004 1005.1500000000002 617.91428570000005 94.87767879999997 346.00000000000006 6412542.2145000007 315.50000000000006 256.50000000000006 10.750000000000002 139.50000000000003 1006.85 2.5928571430000003 28.550000000000004 303.50000000000006 28.350000000000005 28.350000000000005 607.38125000000014 1104.2571429375002 6.9875000000000016
decision_type=2 2 2 2 2 2 2 2 2 2 2 2 2 2 2 2 2 2 2 2 2 2 2 2 2 2 2 2 2 2
left_child=5 2 3 4 16 7 10 14 9 -9 11 -7 -13 -14 15 17 -2 18 -1 20 -20 22 23 -22 26 -26 -23 -15 -29 -19
right_child=1 -3 -4 -5 -6 6 -8 8 -10 -11 -12 12 13 27 -16 -17 -18 29 19 -21 21 24 -24 -25 25 -27 -28 28 -30 -31
leaf_value=-0.025857371163881534 0.0057022732792818397 0.0097542589259564209 -0.048592246328477917 -0.25228332331064207 -0.0023041250257440321 -0.081132791864696574 0.20889630250579919 0.00099278031058569688 -0.071830874552448451 0.018344819114331379 0.03319157393605289 0.14433045400970226 0.22243100743588881 0.0024122479263158163 -0.008231933840107732 0.02448455779919418 0.44106771471084366 -0.16017182017807113 -0.43503137404266284 -0.0045512238196053351 0.013961142201164361 0.022929546231462442 -0.56273834271214751 0.021545707431037418 -0.0076624010295442161 0.11218786868335497 -0.0040352988043883273 -0.029775966109389821 0.0052240224192222524 0.0043637686062112588
leaf_weight=315 21 20 66 25 26 92 24 27 35 20 24 28 29 31 88 21 26 144 38 452 38 36 20 20 28 20 88 74 30 35
leaf_count=315 21 20 66 25 26 92 24 27 35 20 24 28 29 31 88 21 26 144 38 452 38 36 20 20 28 20 88 74 30 35
internal_value=-0.000310665 0.00123913 0.000109755 0.00189796 0.00357534 -0.000472966 0.000614457 -0.000726317 0.0017561 0.00402128 0.000116882 -0.000253522 0.000593749 -7.31714e-05 -0.000877886 -0.000729084 0.00593617 -0.000811994 -0.000582939 -0.000162163 0.000958333 0.00144 0.00353846 0.00527586 0.000488371 0.00325 -0.000580646 -0.001 -0.00184615 -0.00216201
internal_weight=1941 184 164 98 73 1757 332 1425 82 47 308 284 192 164 1343 1255 47 1234 1055 740 288 250 78 58 172 48 124 135 104 179
internal_count=1941 184 164 98 73 1757 332 1425 82 47 308 284 192 164 1343 1255 47 1234 1055 740 288 250 78 58 172 48 124 135 104 179
is_linear=0
shrinkage=0.03


Tree=311
num_leaves=31
num_cat=0
split_feature=11 47 36 1 50 36 8 42 37 41 14 50 31 11 8 57 27 37 17 27 44 48 30 41 26 56 56 9 44 15
split_gain=0.488164 2.05843 0.980544 1.1173 1.54692 0.80365 0.765622 0.964348 0.847039 1.00052 0.689686 0.686649 0.542504 0.526863 0.492781 0.502389 0.532773 0.425996 0.419758 0.385951 1.37744 0.466344 0.770519 0.65183 0.348351 0.515979 0.568116 0.444529 0.397919 0.828033
threshold=0.91037613702198772 50.500000000000007 63.264285715000007 1495.6875000000002 51.500000000000007 1073.4616070000002 5.5000000000000009 61.1151786 455.96785715000004 294.98287626897502 30.350000000000005 27.500000000000004 7.2553571430000003 0.97335555334614954 5.5000000000000009 190.50000000000003 255.50000000000003 75.516071430000011 9.5000000000000018 304.50000000000006 31.750000000000004 52.000000000000007 830.63571430000013 227.64303600054251 15.850000000000003 10.950000000000001 8.9500000000000011 145.50000000000003 28.450000000000003 87.500000000000014
decision_type=2 2 2 2 2 2 2 2 2 2 2 2 2 2 2 2 2 2 2 2 2 2 2 2 2 2 2 2 2 2
left_child=2 18 3 4 10 13 19 8 -8 -10 12 14 -1 -3 15 -4 -17 24 -2 21 -21 -5 23 -23 25 26 28 -27 29 -18
right_child=1 5 11 6 -6 -7 7 -9 9 -11 -12 -13 -14 -15 -16 16 17 -19 -20 20 -22 22 -24 -25 -26 27 -28 -29 -30 -31
leaf_value=0.0200516806404103 0.033057600277982047 0.031614895334721033 0.024412760752508415 -0.0065626380943361075 0.065323143725741106 0.0025071108321740982 -0.20317951454424416 -0.03704200789824158 0.1093616041798659 0.011602106453665825 0.019970070437451238 -0.29575131064709792 -0.15099707496633863 -0.000873879406703671 -0.078765910401043013 -0.43098425802841667 0.024143040679025115 -0.74717634513785358 -0.01441812160842137 -0.0029984726472095952 0.2124005053160008 -0.00075304432374590218 -0.18960550063333234 0.10525755855688845 0.032106044405851117 0.0070211882619589565 0.55409570127314367 -0.98061518281503723 -0.0049421920991819263 -0.076266081631238686
leaf_weight=51 28 35 27 506 36 21 20 45 25 34 30 190 72 29 95 86 40 37 136 64 23 33 27 20 21 47 30 65 37 31
leaf_count=51 28 35 27 506 36 21 20 45 25 34 30 190 72 29 95 86 40 37 136 64 23 33 27 20 21 47 30 65 37 31
internal_value=-0.000264297 0.000975903 -0.000446809 0.000164299 0.00223809 0.00476471 -0.000327479 0.00183871 0.00383544 0.00564407 0.000921568 -0.00130028 -7.31714e-05 0.00309375 -0.000732559 -0.000292162 -0.000563452 1.94798e-05 -0.000987806 -0.000726598 0.00113793 -0.00100341 0.001125 0.00322641 0.000431734 0.000119999 0.00134783 -0.00139286 0.000333333 0.00164789
internal_weight=1941 249 1692 986 189 85 797 124 79 59 153 706 123 64 516 421 394 308 164 673 87 586 80 53 271 250 138 112 108 71
internal_count=1941 249 1692 986 189 85 797 124 79 59 153 706 123 64 516 421 394 308 164 673 87 586 80 53 271 250 138 112 108 71
is_linear=0
shrinkage=0.03


Tree=312
num_leaves=31
num_cat=0
split_feature=11 23 45 11 47 28 50 2 28 28 47 5 30 17 18 26 17 17 40 8 46 5 23 2 58 30 10 16 54 54
split_gain=0.609283 0.834053 0.935455 0.785676 1.70118 1.10269 0.677926 0.638937 1.12201 0.568308 0.563963 0.527493 1.07002 1.01933 0.564089 0.51545 0.835775 1.08088 0.462263 0.713809 0.605366 0.699702 0.896231 0.429762 0.425785 0.418414 0.372821 0.348407 0.315057 0.372099
threshold=1.0000000180025095e-35 60.500000000000007 83.500000000000014 0.91037613702198772 50.500000000000007 1006.9500000000002 11.500000000000002 7992.0000000000009 1005.4500000000002 1003.9500000000002 63.500000000000007 1.0000000180025095e-35 1150.1142860000002 86.500000000000014 1.0000000180025095e-35 19.000000000000004 47.500000000000007 30.500000000000004 384.66335565791672 2.5000000000000004 25.050000000000004 22.500000000000004 182.50000000000003 6327.9285715000005 1005.85 208.85267855000004 -0.63405362205439475 24.550000000000004 754.45000000000016 765.20000000000016
decision_type=2 2 2 2 2 2 2 2 2 2 2 2 2 2 2 2 2 2 2 2 2 2 2 2 2 2 2 2 2 2
left_child=1 2 -1 6 -5 27 9 11 -9 -2 -11 12 13 14 23 18 17 26 19 -13 21 -21 -23 -3 25 -4 -17 -6 -20 -30
right_child=3 7 24 4 5 -7 -8 8 -10 10 -12 15 -14 -15 -16 16 -18 -19 28 20 -22 22 -24 -25 -26 -27 -28 -29 29 -31
leaf_value=0.15986902558773353 0.022957950617019756 0.04502666274852845 0.019861953794937305 -0.0062553466843855675 0.0016680483289596558 0.028229948134516285 -0.29896688381419273 -1.5730485936777692 0.043758208933978068 -0.020103582204717998 0.021474275513071853 -0.042887051446874845 0.22233613773189159 0.89169673751631107 -0.013886292528105344 0.0018444453500924068 -0.025539014729888947 0.2367278902115359 -0.021800395518473504 -0.0046416984676012352 -0.0067277166968497618 0.10691405137050174 0.080386474877400929 -0.0040067736147867362 -0.32391151216987607 -0.0012280773816384569 -0.013772581151834188 -0.00069438785552065224 0.036479068055309746 -1.1228298872245324
leaf_weight=29 28 35 25 164 21 35 220 20 21 421 38 81 24 28 108 24 42 24 236 30 43 33 26 21 28 22 27 29 26 32
leaf_count=29 28 35 25 164 21 35 220 20 21 421 38 81 24 28 108 24 42 24 236 30 43 33 26 21 28 22 27 29 26 32
internal_value=-0.000295209 0.000228426 0.00276923 -0.000834729 0.000614457 0.00405882 -0.00134512 -7.15104e-05 0.00358537 -0.00072074 -0.000973857 -0.000250001 0.00102778 0.000281249 -0.000621952 -0.000692308 0.00110256 0.003 -0.00110651 -4.22542e-05 0.00131818 0.00273034 0.00462712 0.00182143 0.000999999 0.00274468 0.000529411 0.0012 -0.00187755 0.000103448
internal_weight=1941 985 104 956 249 85 707 881 41 487 459 840 216 192 164 624 117 75 507 213 132 89 59 56 75 47 51 50 294 58
internal_count=1941 985 104 956 249 85 707 881 41 487 459 840 216 192 164 624 117 75 507 213 132 89 59 56 75 47 51 50 294 58
is_linear=0
shrinkage=0.03


Tree=313
num_leaves=31
num_cat=0
split_feature=46 4 48 9 11 59 6 41 49 56 35 14 43 57 11 17 3 6 22 6 51 14 10 42 14 41 11 9 15 42
split_gain=0.609848 1.71848 0.551612 0.87733 0.97507 0.764466 0.528246 1.01429 1.1088 0.659526 0.6075 0.799212 0.555262 0.377485 0.333051 0.558037 0.4 0.327688 0.496324 0.317952 0.419192 0.391561 0.3136 0.700983 0.394522 0.796324 0.351504 0.980335 0.391376 0.562637
threshold=24.750000000000004 21.500000000000004 19.500000000000004 144.50000000000003 0.13052619222005149 0.65000000000000002 22.500000000000004 168.28084209658743 1.0000000180025095e-35 11.15 874.45000000000016 32.850000000000001 368.35892860000007 341.50000000000006 0.88144907265856365 49.500000000000007 6677004.8395000007 28.500000000000004 424.00000000000006 26.500000000000004 454.50000000000006 28.550000000000004 -0.97335555334614932 -45.249999999999993 32.350000000000001 257.1342189636942 0.68322629814330826 142.50000000000003 83.500000000000014 9.3982142850000017
decision_type=2 2 2 2 2 2 2 2 2 2 2 2 2 2 2 2 2 2 2 2 2 2 2 2 2 2 2 2 2 2
left_child=1 6 -2 4 -4 13 12 -8 9 -9 11 -10 22 14 19 -16 -17 -11 -19 20 -5 -21 23 -1 26 -26 28 -28 -24 -30
right_child=2 -3 3 5 -6 -7 7 8 10 17 -12 -13 -14 -15 15 16 -18 18 -20 21 -22 -23 24 -25 25 -27 27 -29 29 -31
leaf_value=0.004751003809804563 -0.012466882806595671 0.010060712455773101 0.11796673275031287 -0.29428682239448878 0.025064300999303839 0.029654441135892232 0.090657450281362323 0.0041912309073349543 0.017791237431530767 -0.044142448405870012 -0.00071722830239502231 0.0051749613048123685 0.22325052145237803 0.024021858798858386 -0.06949074022729565 0.049018099297901428 -0.0015141740008472954 0.021736265862220765 -0.049112828020962104 0.016610123168623241 0.00096574365069421241 -0.791704313774516 -0.032878319043087342 -0.0011146068223696574 0.29184991298603374 -0.015807915159874737 0.46137979073759183 -0.12046825343156997 -0.22691788304135097 0.012729679468043313
leaf_weight=21 499 34 21 166 30 24 25 20 21 148 30 29 28 20 49 20 20 20 48 34 32 52 287 46 20 48 26 43 52 28
leaf_count=21 499 34 21 166 30 24 25 20 21 148 30 29 28 20 49 20 20 20 48 34 32 52 287 46 20 48 26 43 52 28
internal_value=-0.000449769 8.00814e-05 -0.000983455 -0.00024359 0.00347059 -0.000697842 -0.000159575 0.00078299 0.000322784 -0.000711865 0.003375 0.0054 -0.000696161 -0.00101527 -0.00123056 0.000370786 0.003 -0.00119445 0.000529411 -0.0017324 -0.00239394 -0.000209303 -0.000898425 0.00102985 -0.00115476 0.000970588 -0.00148624 0.00047826 -0.00185559 -7.15256e-10
internal_weight=1941 974 967 468 51 417 940 341 316 236 80 50 599 393 373 89 40 216 68 284 198 86 571 67 504 68 436 69 367 80
internal_count=1941 974 967 468 51 417 940 341 316 236 80 50 599 393 373 89 40 216 68 284 198 86 571 67 504 68 436 69 367 80
is_linear=0
shrinkage=0.03


Tree=314
num_leaves=31
num_cat=0
split_feature=27 14 34 27 43 21 51 32 11 50 10 43 39 3 34 49 31 14 35 17 43 59 47 10 17 17 49 3 12 33
split_gain=0.581979 0.625946 1.02598 0.550758 0.748722 0.791136 0.593939 0.450665 0.405004 1.90986 1.33333 0.512167 0.791063 0.492257 0.636885 1.12768 0.645448 0.424876 0.309072 0.304348 0.256143 0.251304 1.28467 0.275516 0.668182 0.4 0.32584 0.365048 0.348424 0.321497
threshold=346.00000000000006 32.350000000000001 200.53750000000005 285.50000000000006 139.09107145000004 800.50000000000011 926.50000000000011 1238.6660715000003 0.91037613702198772 58.000000000000007 -1.0000000180025095e-35 -105.81517854999991 208.73035714750003 6428052.5625000009 719.56250000000011 13.500000000000002 365.14464285000003 28.650000000000002 1200.1604165000001 9.5000000000000018 164.41250001500001 0.65000000000000002 95.500000000000014 0.91037613702198772 32.500000000000007 23.500000000000004 7.5000000000000009 6271605.6250000009 0.67563126931585993 843.57321430000013
decision_type=2 2 2 2 2 2 2 2 2 2 2 2 2 2 2 2 2 2 2 2 2 2 2 2 2 2 2 2 2 2
left_child=1 8 -3 7 5 -5 -7 20 11 17 -11 12 -1 14 -14 16 -16 19 21 -10 -4 23 -23 26 25 -25 27 -13 -29 -28
right_child=-2 2 3 4 -6 6 -8 -9 9 10 -12 18 13 -15 15 -17 -18 -19 -20 -21 -22 22 -24 24 -26 -27 29 28 -30 -31
leaf_value=0.017257493242220753 0.022094440400883888 0.17186376015986099 -0.47813606748526283 0.070437575351780982 -0.0039918866455486111 -0.04193778665743246 0.13956033529032533 0.072758561803317995 0.063383797612685006 0.020511017013589015 0.0034511071362209613 0.0040330582937564948 -0.031103106691294784 -0.014427446314455692 0.0041087678734138145 0.084114567626909803 -0.084173011691635283 -0.0052072251165094646 0.00013042486908151126 -0.0014308751982960964 0.17903715647262392 0.092700475591041068 -0.028824538238733592 0.0040002593015047603 -0.0072772019310543825 0.12815317303353718 -0.19330731546598162 -0.014753284072187872 0.024469186692508207 0.0044454408514954793
leaf_weight=31 32 25 86 25 42 33 22 20 25 24 24 50 38 118 20 25 37 61 23 115 23 22 85 20 176 20 273 399 24 23
leaf_count=31 32 25 86 25 42 33 22 20 25 24 24 50 38 118 20 25 37 61 23 115 23 22 85 20 176 20 273 399 24 23
internal_value=-0.000449769 -0.000517025 0.000804347 0.000227091 0.00167213 0.003375 0.00136364 -0.00113954 -0.000740356 0.000373493 0.00575 -0.000940752 0.0002342 -0.000352942 0.000999999 0.0024878 0.000157894 -0.000910448 -0.00122422 -7.15256e-10 -0.00189908 -0.0012967 8.41114e-05 -0.0014467 -0.000500001 0.003 -0.00171261 -0.0012241 -0.00151064 -0.00249324
internal_weight=1941 1909 276 251 122 80 55 129 1633 249 48 1384 269 238 120 82 57 201 1115 140 109 1092 107 985 216 40 769 473 423 296
internal_count=1941 1909 276 251 122 80 55 129 1633 249 48 1384 269 238 120 82 57 201 1115 140 109 1092 107 985 216 40 769 473 423 296
is_linear=0
shrinkage=0.03


Tree=315
num_leaves=31
num_cat=0
split_feature=46 4 37 31 10 48 45 31 38 42 48 57 17 53 57 6 59 48 5 10 46 37 37 38 1 31 3 16 23 45
split_gain=0.610104 1.30514 0.754823 1.25275 0.683836 0.923382 0.763126 0.971645 0.641901 0.61179 0.598841 0.528431 0.754865 0.52236 0.537616 1.43027 0.469897 0.498535 0.595238 0.398452 0.598045 0.349007 1.38953 1.06004 0.283599 0.750137 0.279694 0.994286 0.226348 0.221496
threshold=24.750000000000004 21.500000000000004 987.0571428500001 688.90803570000014 -0.95642797789208689 1.0000000180025095e-35 69.500000000000014 82.108035715000014 1001.2850446625001 87.707142850000039 19.500000000000004 287.50000000000006 4.5000000000000009 270.00000000000006 329.50000000000006 25.500000000000004 0.65000000000000002 22.500000000000004 22.500000000000004 -0.70710678118654735 24.650000000000002 434.79285715000003 654.85714285000006 705.83973213750016 10481.785715000002 1117.3642855000003 6311028.1875000009 25.350000000000005 193.50000000000003 87.500000000000014
decision_type=2 2 2 2 2 2 2 2 2 2 2 2 2 2 2 2 2 2 2 2 2 2 2 2 2 2 2 2 2 2
left_child=1 2 4 -4 5 6 -1 -8 -5 -10 29 19 -13 14 16 -16 17 18 -12 -6 24 -14 23 -23 -21 -26 27 -19 -24 -2
right_child=10 -3 3 8 11 -7 7 -9 9 -11 13 12 21 -15 15 -17 -18 26 -20 20 -22 22 28 -25 25 -27 -28 -29 -30 -31
leaf_value=0.00047073782146004803 -0.010374244076248868 0.0091435605716922372 0.21936650426991253 -0.40110544585899333 -0.23741392453742938 -0.62586259087044349 0.0038935169771393201 0.05435322712928934 0.12847956506401242 -0.021156182158154246 -0.020841767380833463 0.0035629584502771964 -0.048009943603474534 0.041778701064575666 0.026175544221330563 -0.33182166204658609 0.025983793634084231 0.25524092653982844 0.36100317812354138 -0.013661986423577617 0.40271000005247864 0.07034635152612663 -0.003207887039476616 -0.0018321937682338361 1.4584551486605071 -2.054987227159665 -0.0075343699667434552 -0.46921324177682011 -0.00066896633761407125 -0.02187477716884199
leaf_weight=36 399 34 33 46 117 48 20 22 34 21 21 26 81 20 21 28 24 21 21 242 22 25 48 21 31 28 283 29 39 100
leaf_count=36 399 34 33 46 117 48 20 22 34 21 21 26 81 20 21 28 24 21 21 242 22 25 48 21 31 28 283 29 39 100
internal_value=-0.000480681 4.92806e-05 -0.000159575 0.00192537 -0.000506204 0.00152381 0.00353846 0.00628571 0.000267326 0.00245454 -0.00101448 -0.000882354 0.000249999 -0.00024359 -0.000455358 0.0025102 -0.00081955 -0.00108 0.002 -0.0015 -0.000956657 -0.000336449 0.000609022 0.00482609 -0.00130565 0.000559321 -0.00146847 0.000599999 -0.00162069 -0.00173748
internal_weight=1941 974 940 134 806 126 78 42 101 55 967 680 240 468 448 49 399 375 42 440 323 214 133 46 301 59 333 50 87 499
internal_count=1941 974 940 134 806 126 78 42 101 55 967 680 240 468 448 49 399 375 42 440 323 214 133 46 301 59 333 50 87 499
is_linear=0
shrinkage=0.03


Tree=316
num_leaves=31
num_cat=0
split_feature=1 8 17 17 57 36 32 1 57 14 32 10 37 8 48 16 10 36 28 47 18 58 17 43 50 5 44 27 37 5
split_gain=0.699222 0.65465 1.34211 1.83681 0.718337 0.694892 0.529036 0.949108 0.48 0.422622 0.5 0.31541 0.813829 0.727448 0.427348 0.489991 0.775641 0.412088 0.327299 0.683606 0.418734 0.434384 0.652661 0.425492 0.330256 0.58307 0.423478 0.642601 0.684072 0.755315
threshold=12975.071425000002 1.0000000180025095e-35 44.500000000000007 32.500000000000007 294.50000000000006 880.81428570000014 1147.2705355000001 7777.0714285000004 274.50000000000006 29.850000000000005 530.72857140000008 -0.97335555334614932 336.70000000000005 1.5000000000000002 49.500000000000007 24.950000000000003 0.29012925520284133 754.41517855000018 1006.5500000000001 1.0000000180025095e-35 1.0000000180025095e-35 1004.9500000000002 16.500000000000004 38.52678571499996 13.500000000000002 22.500000000000004 28.450000000000003 304.50000000000006 313.22053570000008 22.500000000000004
decision_type=2 2 2 2 2 2 2 2 2 2 2 2 2 2 2 2 2 2 2 2 2 2 2 2 2 2 2 2 2 2
left_child=1 2 3 4 -1 9 11 -8 -9 -4 -11 12 13 -3 18 -16 -17 -18 20 -20 21 22 -13 -24 26 -26 27 28 29 -21
right_child=-2 6 5 -5 -6 -7 7 8 -10 10 -12 14 -14 -15 15 16 17 -19 19 24 -22 -23 23 -25 25 -27 -28 -29 -30 -31
leaf_value=0.039272989445089987 0.22480601415147025 0.06998316509699512 -0.3718721147470273 0.21119162992872731 -0.6341560960691166 0.0045975055324339138 0.92166070504414188 0.18792214392955983 -0.033365315978583825 0.0054692352552368597 -0.30833529086117017 0.026161433510429356 0.014591386997337509 -0.14414993806565957 -0.0050693198531111313 0.019945979490562663 0.036511526323468921 -0.16459558146785055 0.003823328889536575 -0.0029927187371900951 -0.077287200671551551 -0.0063331582224017092 -0.019313164679601539 0.013350711563342723 -0.0062048547537618473 0.12206411369021866 -0.0074007644238274989 -0.02395993498417626 -0.69597840833956037 0.35539202877707399
leaf_weight=39 24 20 98 24 33 20 21 20 30 36 36 28 20 81 146 26 28 24 26 30 380 144 62 20 29 30 362 53 20 31
leaf_count=39 24 20 98 24 33 20 21 20 30 36 36 28 20 81 146 26 28 24 26 30 380 144 62 20 29 30 362 53 20 31
internal_value=-0.000588872 -0.000652583 0.000671328 0.0035625 0.00116667 -0.000789474 -0.000884734 0.00164789 -0.000600001 -0.00141177 0.000333333 -0.001 0.000471074 -0.000623763 -0.0011237 8.03564e-05 0.002 -0.000115385 -0.00134568 -0.000831326 -0.00181704 -0.000874016 0.000545454 -0.000804879 -0.00105405 0.0010678 -0.00130645 0.000134328 0.00181481 0.00339344
internal_weight=1941 1917 286 96 72 190 1631 71 50 170 72 1560 121 101 1439 224 78 52 1215 581 634 254 110 82 555 59 496 134 81 61
internal_count=1941 1917 286 96 72 190 1631 71 50 170 72 1560 121 101 1439 224 78 52 1215 581 634 254 110 82 555 59 496 134 81 61
is_linear=0
shrinkage=0.03


Tree=317
num_leaves=31
num_cat=0
split_feature=1 11 47 4 47 36 1 53 43 9 2 19 27 33 9 43 43 36 11 8 36 37 58 14 31 54 44 33 44 44
split_gain=0.669807 0.621844 1.81359 0.896464 0.604596 0.530071 0.805721 1.04806 0.612256 0.926282 0.763405 0.600131 0.537041 0.507804 1.10758 0.489546 1.14669 0.474695 0.565207 0.591098 0.446853 0.437253 0.789126 0.740192 0.43006 0.401762 0.393352 0.388431 0.374795 0.50017
threshold=12975.071425000002 0.91037613702198772 50.500000000000007 1.0000000180025095e-35 93.500000000000014 63.264285715000007 1557.1339285000001 117.50000000000001 -200.21071429999998 140.50000000000003 7918.0000000000009 11.500000000000002 285.50000000000006 896.91428570000016 145.50000000000003 97.362500000000011 221.90714265 838.52857140000015 0.60876142900872032 1.5000000000000002 26.812500000000004 987.0571428500001 1007.0500000000001 32.650000000000013 742.5562500000002 271.30000000000007 28.050000000000004 996.84553570000014 28.550000000000004 28.250000000000004
decision_type=2 2 2 2 2 2 2 2 2 2 2 2 2 2 2 2 2 2 2 2 2 2 2 2 2 2 2 2 2 2
left_child=1 5 28 -4 -5 6 7 8 -1 -10 20 17 21 15 27 -14 24 18 26 -20 -11 25 -23 -24 -17 -8 -7 -15 29 -3
right_child=-2 2 3 4 -6 11 12 -9 9 10 -12 -13 13 14 -16 16 -18 -19 19 -21 -22 22 23 -25 -26 -27 -28 -29 -30 -31
leaf_value=-0.17655170207158041 0.21806183372692664 -0.004412298261346463 -0.00083571249451069461 0.027283900780230446 0.010145027180031968 0.11748531405053791 -0.0020772691852557527 0.081851988209238669 0.013596641717509295 -0.0079893277277443119 0.038038578609906989 -0.27526738033906267 -0.0058256586472702513 0.1319656701488211 0.16453532784479125 0.12781932739619542 -0.0089469104513548205 -0.066118555022182057 0.022758071640573141 0.0018402769723277134 0.021352159509192919 -0.32941100657984257 0.080713434808070597 -0.0063464646355192679 0.099338993298044062 -0.039513407002307897 -0.020243474949283947 -0.0067258865166503314 -0.35191432242659892 0.11767250341041188
leaf_weight=46 24 57 24 29 32 20 140 23 24 54 21 257 103 20 31 32 96 108 29 82 29 31 20 23 24 211 207 37 73 34
leaf_count=46 24 57 24 29 32 20 140 23 24 54 21 257 103 20 31 32 96 108 29 82 29 31 20 23 24 211 207 37 73 34
internal_value=-0.000480681 -0.000543037 0.000855421 0.00441176 0.00634426 -0.000751799 -0.000295338 0.00141624 0.000620689 0.0016875 0.000461538 -0.00137838 -0.000734376 0.000148687 0.00211364 -0.000529412 0.000552631 -0.000713005 -0.000159764 0.00159459 -0.000831326 -0.00144706 0.000648648 0.00327907 0.00396428 -0.00188889 -0.00101762 -0.000368422 -0.000987806 0.000296703
internal_weight=1941 1917 249 85 61 1668 965 197 174 128 104 703 768 343 88 255 152 446 338 111 83 425 74 43 56 351 227 57 164 91
internal_count=1941 1917 249 85 61 1668 965 197 174 128 104 703 768 343 88 255 152 446 338 111 83 425 74 43 56 351 227 57 164 91
is_linear=0
shrinkage=0.03


Tree=318
num_leaves=31
num_cat=0
split_feature=11 47 11 23 41 27 3 28 47 47 2 19 19 2 45 41 41 46 8 6 32 38 28 27 41 5 3 3 3 40
split_gain=0.773975 1.25843 0.826448 0.729346 1.35862 0.587899 0.562542 0.49025 0.482788 0.481379 0.43589 0.860345 0.999986 0.752018 1.23554 0.649691 0.783906 0.981324 0.926817 0.640558 0.594147 0.567913 0.479167 0.478646 0.440018 0.378788 0.358473 0.326795 0.324081 0.790455
threshold=0.91037613702198772 50.500000000000007 0.97335555334614954 226.00000000000003 238.6661160492213 348.50000000000006 6548161.1875000009 1008.0500000000001 15.500000000000002 7.5000000000000009 0.56250000000000011 3.5000000000000004 4.5000000000000009 336.25000000000006 84.500000000000014 265.40411646992749 283.34254602456753 24.750000000000004 1.5000000000000002 26.500000000000004 1253.8767855000003 274.45044642500011 1005.85 303.50000000000006 337.32860797504355 1.0000000180025095e-35 6610741.6340000005 6284456.1430000011 6392911.9105000012 775.95531994583337
decision_type=2 2 2 2 2 2 2 2 2 2 2 2 2 2 2 2 2 2 2 2 2 2 2 2 2 2 2 2 2 2
left_child=3 8 6 5 -5 10 -3 25 9 -2 19 20 21 14 -14 27 -17 18 -18 -1 28 -13 -16 26 -20 -6 -21 -15 29 -12
right_child=1 2 -4 4 7 -7 -8 -9 -10 -11 11 12 13 15 22 16 17 -19 24 23 -22 -23 -24 -25 -26 -27 -28 -29 -30 -31
leaf_value=-0.33978838565697933 -0.036477827136621295 0.044541146951948163 0.0003856346377468918 0.19396709495053671 0.22707954374542497 0.015620650475559427 0.012751706087332242 0.011347795681533034 -0.01865801039097802 0.0073276645134032195 -0.0048314744613567181 0.026706219609737462 0.17480093322391813 0.072907751289186334 0.019801373004559645 0.061778228025054158 0.065428105740226478 -0.037062465872838062 0.017762015393003816 -0.00035689120355424483 0.11732146941950311 0.0038958817801943279 -0.44912221624050669 -0.78682362329293876 -0.11573616570358589 -0.048137729938003207 0.51579462653045605 -0.027758654427903186 -0.030040778878356197 0.022028271519387518
leaf_weight=312 22 26 39 21 22 28 20 27 108 34 287 26 20 20 25 25 30 72 32 29 24 23 23 22 52 66 22 146 272 66
leaf_count=312 22 26 39 21 22 28 20 27 108 34 287 26 20 20 25 25 30 72 32 29 24 23 23 22 52 66 22 146 272 66
internal_value=-0.000465225 0.00109638 0.00405882 -0.000695036 0.00141176 -0.000879178 0.00678261 0.000130434 -0.000439025 0.00182143 -0.000958116 -0.000664043 0.000279352 -0.00016854 0.00273529 -0.000692308 0.000412322 -0.000258065 0.00147368 -0.00183117 -0.00138213 0.00434694 0.000124999 0.000698629 -0.000142858 -0.000954546 0.00229412 -0.00209639 -0.00156 -0.000960341
internal_weight=1941 249 85 1692 136 1556 46 115 164 56 1528 1143 494 445 68 377 211 186 114 385 649 49 48 73 84 88 51 166 625 353
internal_count=1941 249 85 1692 136 1556 46 115 164 56 1528 1143 494 445 68 377 211 186 114 385 649 49 48 73 84 88 51 166 625 353
is_linear=0
shrinkage=0.03


Tree=319
num_leaves=31
num_cat=0
split_feature=11 47 8 47 57 36 44 5 26 26 56 57 18 41 14 10 28 44 16 16 32 40 43 5 34 2 57 35 47 10
split_gain=0.620226 0.732671 0.612454 1.42601 2.35485 0.520088 0.51052 0.679595 0.757202 0.493207 1.4815 0.457131 0.498193 0.537778 0.358098 0.351333 0.720044 0.497281 0.444086 0.747318 0.52929 0.487964 0.503019 0.404104 0.691993 0.576376 0.420916 0.443898 0.658173 0.373109
threshold=0.91037613702198772 84.500000000000014 1.0000000180025095e-35 75.500000000000014 312.50000000000006 964.94107145000009 28.750000000000004 22.500000000000004 6.7000000000000002 12.65 16.250000000000004 308.50000000000006 86.500000000000014 199.45479814150647 29.650000000000002 0.93540483100319627 1005.4500000000002 28.450000000000003 24.750000000000004 23.750000000000004 1253.8767855000003 838.10141369375003 -328.25803569999999 1.0000000180025095e-35 678.46428575000016 1078.2142855000002 292.50000000000006 787.69196430000011 9.5000000000000018 0.13052619222005177
decision_type=2 2 2 2 2 2 2 2 2 2 2 2 2 2 2 2 2 2 2 2 2 2 2 2 2 2 2 2 2 2
left_child=2 6 3 4 9 -3 7 -2 -9 -1 -11 12 15 -14 -5 18 -17 -18 19 20 -4 22 -21 24 25 -24 27 29 -29 -25
right_child=1 5 11 14 -6 -7 -8 8 -10 10 -12 -13 13 -15 -16 16 17 -19 -20 21 -22 -23 23 26 -26 -27 -28 28 -30 -31
leaf_value=-0.54199481813828831 -0.0033248454224577783 0.010829218391446929 -0.019463237591231704 -0.50357572618156177 0.071001576294630192 0.00085894683413279633 -0.0067261742966079566 -0.086799104061448168 0.11714164139090794 0.15925886513307355 -0.13358596434912706 -0.054935042451231569 -0.20078628632588308 0.15561451527105094 -0.0018151160898075493 -0.50735159212305214 0.023811546274103753 0.00086672778769108475 -0.013789815304771641 0.079601310353621002 0.21695208358399223 -0.034431698365697677 0.088885674711665544 -0.0071443940675018228 0.046458814714872343 -0.069596212858667669 -0.0089248525799760399 -0.10634972054437637 0.013379306515507372 0.0028169275867806678
leaf_weight=27 72 32 284 75 33 25 41 24 55 21 48 209 25 20 44 46 33 45 377 22 20 78 20 53 21 31 39 20 32 69
leaf_count=27 72 32 284 75 33 25 41 24 55 21 48 209 25 20 44 46 33 45 377 22 20 78 20 53 21 31 39 20 32 69
internal_value=-0.000542505 0.000855421 -0.000748228 0.000629032 0.00281395 0.0038421 -3.12507e-05 0.000774834 0.0026962 0.000437499 0.00178261 -0.000984765 -0.000765183 0.00233333 -0.0017395 -0.000882354 0.000629032 0.00238461 -0.00105816 -0.000605226 -0.00171711 0.000272727 0.000811074 0.000473683 0.00241667 0.000529411 -0.000183099 0.000448275 0.00276923 -0.000540984
internal_weight=1941 249 1692 248 129 57 192 151 79 96 69 1444 1235 45 119 1190 124 78 1066 689 304 385 307 285 72 51 213 174 52 122
internal_count=1941 249 1692 248 129 57 192 151 79 96 69 1444 1235 45 119 1190 124 78 1066 689 304 385 307 285 72 51 213 174 52 122
is_linear=0
shrinkage=0.03


Tree=320
num_leaves=31
num_cat=0
split_feature=11 48 37 37 17 49 44 27 31 46 37 23 34 4 34 2 28 28 47 47 46 50 1 31 42 40 6 2 3 24
split_gain=0.471451 0.700826 0.557959 0.994312 1.1585 0.653159 0.757669 0.588091 0.630803 0.547779 0.442697 0.820312 0.9 0.427739 0.866275 0.410939 0.628153 0.555769 0.472452 0.397371 0.572217 0.409902 0.397071 0.537922 0.601906 0.389708 0.565355 0.338468 0.337744 0.315104
threshold=0.91037613702198772 54.500000000000007 14.437500000000002 91.033928570000015 91.500000000000014 1.5000000000000002 27.850000000000005 265.50000000000006 7.2553571430000003 24.650000000000002 989.91250000000014 226.00000000000003 613.01250000000016 20.500000000000004 9.5491071430000023 6591.5000000000009 1006.85 1006.6500000000002 24.500000000000004 15.500000000000002 25.750000000000004 58.000000000000007 3717.0625000000005 450.00000000000006 66.011607150000017 611.33055059166679 25.500000000000004 5339.4375000000009 6266055.5355000012 311.85000000000008
decision_type=2 2 2 2 2 2 2 2 2 2 2 2 2 2 2 2 2 2 2 2 2 2 2 2 2 2 2 2 2 2
left_child=2 9 5 4 7 6 -1 -4 -9 -2 22 25 -13 -7 -15 16 17 18 27 20 -11 -21 23 24 29 -12 -27 -8 -24 -5
right_child=1 -3 3 10 -6 13 15 8 -10 19 11 12 -14 14 -16 -17 -18 -19 -20 21 -22 -23 28 -25 -26 26 -28 -29 -30 -31
leaf_value=0.072475095934784364 0.0081902329838069651 0.013260467379744328 -0.12238050052747527 -0.039041003054742972 0.039366152972771538 -0.16000336230035359 0.7077758535863069 0.043356650403170445 -0.0073920856635100824 -0.038090472779095386 -0.11247210850387708 0.18761193392795633 -0.0079625991687030072 -0.18738075087745348 0.038811569071302676 -0.7262199412847854 -0.039150711562435297 0.013808022635897225 -0.32579741151904967 -0.0065225861731502853 0.0027362684194368291 0.018058478749973145 0.00029109024164508055 0.012671861052357057 0.18596145018464355 -0.01796933490678964 0.36341373388856069 -0.0047657711846391575 -0.0047404945480793506 0.00073086929235104158
leaf_weight=23 37 20 24 128 20 319 22 22 31 29 52 20 20 51 24 62 111 26 61 120 21 22 34 25 20 47 29 21 436 64
leaf_count=23 37 20 24 128 20 319 22 22 31 29 52 20 20 51 24 62 111 26 61 120 21 22 34 25 20 47 29 21 436 64
internal_value=-0.000604328 0.000614457 -0.000783689 -0.000314816 0.00256701 -0.00141667 -0.000423314 0.000896103 0.00266038 0.000144104 -0.000634286 0.000749999 0.0045 -0.00223858 -0.000200001 -0.000821783 -0.000261412 0.00115385 0.000173076 -0.000500001 0.0018 -0.00130986 -0.000963226 3.7974e-05 -0.000452831 -0.000421876 0.000947368 0.00258139 -0.00146809 -0.000968751
internal_weight=1941 249 1692 972 97 720 326 77 53 229 875 168 40 394 75 303 241 130 104 192 50 142 707 237 212 128 76 43 470 192
internal_count=1941 249 1692 972 97 720 326 77 53 229 875 168 40 394 75 303 241 130 104 192 50 142 707 237 212 128 76 43 470 192
is_linear=0
shrinkage=0.03


Tree=321
num_leaves=31
num_cat=0
split_feature=11 48 46 36 1 17 28 26 37 59 20 57 8 2 58 34 43 43 43 54 52 18 49 13 48 45 37 24 40 28
split_gain=0.493161 0.974298 0.56721 0.493119 1.43078 1.08945 1.41582 0.963347 0.823529 1.58949 0.609204 0.545221 0.746019 0.822358 0.429801 0.48087 0.40487 0.400149 0.79507 0.884965 0.794948 0.587778 0.384066 0.350579 0.559702 0.465219 0.30557 0.290758 0.406326 0.611413
threshold=0.91037613702198772 49.500000000000007 24.650000000000002 63.264285715000007 1557.1339285000001 12.500000000000002 1007.35 8.6500000000000004 95.449107145000013 1.0000000180025095e-35 30.500000000000004 184.50000000000003 1.0000000180025095e-35 5497.4285715000015 1006.7500000000001 1046.5857140000001 147.71339286499997 20.585714150000058 147.71339286499997 363.25000000000006 563.50000000000011 48.500000000000007 3.5000000000000004 -0.78189831331727877 14.500000000000002 84.500000000000014 80.929464285000009 627.25000000000011 810.22783481458362 1005.7500000000001
decision_type=2 2 2 2 2 2 2 2 2 2 2 2 2 2 2 2 2 2 2 2 2 2 2 2 2 2 2 2 2 2
left_child=3 2 -2 4 5 26 7 -7 9 -9 11 -5 13 -13 22 17 -14 -16 19 -19 -21 -20 -6 24 25 -4 -1 28 29 -24
right_child=1 -3 23 10 14 6 -8 8 -10 -11 -12 12 16 -15 15 -17 -18 18 21 20 -22 -23 27 -25 -26 -27 -28 -29 -30 -31
leaf_value=-0.43596481981192053 0.0079445259942927549 0.017932897480342207 0.0010958401644148743 0.016556698333762221 -0.41098935039889173 -0.0043333919246115972 -0.72206729028061134 0.061891713357189966 0.0039048158408720199 0.0023338768676951145 -0.25653686030682865 0.015358879365429028 -0.03010150330617711 -0.53105289960244251 -0.020374136136518877 0.11324741061938735 0.1627508988366608 -0.010793035402566651 -0.0034976591138436101 0.14885279526477985 0.0037657147287177882 0.015574233779783042 0.0062816827238647488 -0.21857013936251354 -0.0041571416549782822 0.0026235973764544137 0.0066731990358416754 0.065023651325375575 -0.011112945470526841 -0.0064802058523731037
leaf_weight=36 37 26 29 29 202 23 24 29 35 21 176 21 430 20 60 20 30 30 150 21 20 30 112 59 74 24 29 29 66 49
leaf_count=36 37 26 29 29 202 23 24 29 35 21 176 21 430 20 60 20 30 30 150 21 20 30 112 59 74 24 29 29 66 49
internal_value=-0.000511593 0.000734939 9.41697e-05 -0.000695036 -0.000261664 0.00202538 0.00359091 0.00505555 0.00652941 0.009 -0.00130028 -0.000792454 -0.00102395 0.00285366 -0.0008327 -9.06416e-06 -0.00136957 -0.000299036 0.000227091 0.00291549 0.00578049 -0.000833334 -0.00142795 -0.000580646 0.000307086 0.00266038 -0.00115385 -0.000656251 -0.00101762 -0.00020497
internal_weight=1941 249 223 1692 986 197 132 108 85 50 706 530 501 41 789 331 460 311 251 71 41 180 458 186 127 53 65 256 227 161
internal_count=1941 249 223 1692 986 197 132 108 85 50 706 530 501 41 789 331 460 311 251 71 41 180 458 186 127 53 65 256 227 161
is_linear=0
shrinkage=0.03


Tree=322
num_leaves=31
num_cat=0
split_feature=27 46 4 18 5 18 35 28 41 43 43 35 46 42 11 12 29 5 23 17 33 6 6 36 38 40 41 48 43 31
split_gain=0.463522 0.401565 0.654826 0.460628 0.625 0.401282 1.06341 0.65603 0.944813 0.653445 1.07703 1.02564 0.575 0.562542 0.53231 0.653992 0.512222 0.495201 0.449658 0.470171 0.399765 0.538001 0.799111 0.850971 0.87286 0.689954 0.650637 1.06824 0.393048 0.310524
threshold=348.50000000000006 24.750000000000004 21.500000000000004 89.500000000000014 22.500000000000004 1.0000000180025095e-35 650.92142855000009 1006.2500000000001 186.9998344627605 -72.33571428499998 -182.99999999999997 833.9312500000002 23.050000000000004 12.099107000000005 0.68322629814330826 0.64987354830121502 0.8500000000000002 22.500000000000004 232.00000000000003 4.5000000000000009 843.57321430000013 17.500000000000004 23.500000000000004 365.14464285000003 14.469419643750058 0.13184523810416668 78.249917408804905 14.500000000000002 -1.3749999999999998 950.34732145000009
decision_type=2 2 2 2 2 2 2 2 2 2 2 2 2 2 2 2 2 2 2 2 2 2 2 2 2 2 2 2 2 2
left_child=1 2 5 20 -5 6 12 14 17 10 11 -8 13 -1 -7 -16 29 -9 19 -10 21 -3 23 24 25 -23 27 -24 -11 -14
right_child=-2 3 -4 4 -6 7 9 8 18 28 -12 -13 16 -15 15 -17 -18 -19 -20 -21 -22 22 26 -25 -26 -27 -28 -29 -30 -31
leaf_value=-0.0032552323228248526 0.012146976612413953 -0.016811293739854554 0.007926408866259985 0.048947077250371847 -0.073994354890751693 -0.45452930380900669 0.073724675569399739 0.018995308515963757 0.1125390649766841 -0.060487748391191039 0.024450359784638411 -0.01439645440264177 -0.1486299024514878 0.47702038155624704 -0.058811883336865475 0.45848749887408247 0.023874970465858895 0.098186759780808791 0.0055836639438611281 -0.01032019706733968 0.0072773785617057272 0.0048171095293686713 0.086567059608742752 -0.0038575189102837528 -0.00039005593712012308 0.3514760755758497 -0.12468130857808275 -0.0092423900322116982 0.0034725553921885789 -0.0038124100502961926
leaf_weight=26 28 315 34 20 20 282 26 27 29 24 35 39 110 20 26 22 20 23 24 105 27 21 24 90 25 20 177 204 44 54
leaf_count=26 28 315 34 20 20 282 26 27 29 24 35 39 110 20 26 22 20 23 24 105 27 21 24 90 25 20 177 204 44 54
internal_value=-0.000403401 -0.000459488 -3.09286e-05 -0.000900319 0.00225 -0.000179488 0.000542713 -0.000713755 0.000605769 0.00235714 0.0039 0.00161538 -0.000782609 0.00221739 -0.00154546 0.001375 -0.00153261 0.0042 -0.000531646 -0.00120896 -0.00103987 -0.00115069 -0.000593584 0.00123077 0.00381818 0.00651219 -0.0012963 -0.000236843 8.82346e-05 -0.00208537
internal_weight=1941 1913 970 943 40 936 398 538 208 168 100 65 230 46 330 48 184 50 158 134 903 876 561 156 66 41 405 228 68 164
internal_count=1941 1913 970 943 40 936 398 538 208 168 100 65 230 46 330 48 184 50 158 134 903 876 561 156 66 41 405 228 68 164
is_linear=0
shrinkage=0.03


Tree=323
num_leaves=31
num_cat=0
split_feature=26 31 1 42 42 32 16 36 41 40 2 2 14 2 32 1 37 19 36 47 12 26 26 19 19 2 44 6 36 34
split_gain=0.42661 0.836237 0.850218 0.518153 0.356822 0.559624 0.554948 0.615405 0.539414 0.986017 1.06961 0.936564 0.480392 0.51602 0.381513 0.728008 0.380685 0.478609 0.66783 0.729433 0.509247 0.653507 0.968402 0.577428 0.48505 0.5 0.477518 0.590162 0.503085 0.332097
threshold=21.900000000000002 222.95625000000004 9030.0625000000018 33.467857149999993 109.24732150000001 1253.8767855000003 23.250000000000004 63.264285715000007 321.11657227109714 622.61681546041677 3277.7857145000003 6955.2142855000011 27.150000000000002 7992.0000000000009 373.31785715000007 396.07142855000006 29.999107145000004 11.500000000000002 826.04732145000014 61.500000000000007 0.58218302397213695 4.3500000000000005 5.5500000000000007 3.5000000000000004 4.5000000000000009 7122.5000000000009 28.650000000000002 26.500000000000004 609.95000000000016 927.76250000000016
decision_type=2 2 2 2 2 2 2 2 2 2 2 2 2 2 2 2 2 2 2 2 2 2 2 2 2 2 2 2 2 2
left_child=4 -2 3 -3 5 6 -1 8 12 10 -10 -12 -8 -14 15 -11 17 20 -19 -20 26 -22 -23 -24 -25 -26 27 -9 -29 -6
right_child=1 2 -4 -5 29 -7 7 16 9 14 11 -13 13 -15 -16 -17 -18 18 19 -21 21 22 23 24 25 -27 -28 28 -30 -31
leaf_value=-0.040914250585028906 -0.044386808137437825 0.0050085641217362219 -0.093407900979443959 0.25014126482703447 -0.016899994953913918 0.22198020870856683 0.04682945592985871 -0.085372792008655149 -0.00054052308399569365 -0.26759789380230609 0.21550565755819776 0.005944299807157688 -0.0020798898507123106 0.052800326891711637 -0.036696258129590979 0.016783245480530836 -0.39352815794687035 -0.14216981713957552 -0.029205906475444625 0.010297454168442691 -0.44155492698782023 0.013354645240928508 -0.0035670266626302081 0.025283574091945014 0.011655201316924452 -0.015908548648836871 -0.95070589103586722 0.52706558940648573 -0.0029996502861172436 0.0029476107421398442
leaf_weight=101 30 31 31 20 138 20 27 35 39 20 33 20 438 21 36 23 73 233 34 60 37 24 142 22 25 25 103 26 43 31
leaf_count=101 30 31 31 20 138 20 27 35 39 20 33 20 438 21 36 23 73 233 34 60 37 24 142 22 25 25 103 26 43 31
internal_value=-0.000511593 0.00128571 0.00285366 0.00523529 -0.000621652 -0.000487953 -0.000548781 -0.000407408 0.000287671 0.00173684 0.00384783 0.00662264 -0.000222223 -0.000450981 -0.00072152 0.00118605 -0.000925171 -0.000737949 -0.00162385 0.000510638 -0.00013693 0.00070909 0.00128571 0.000644859 0.00283333 0.0012 -0.00126087 0.000173076 0.00178261 -0.00193491
internal_weight=1941 112 82 51 1829 1660 1640 1539 657 171 92 53 486 459 79 43 882 809 327 94 482 275 238 214 72 50 207 104 69 169
internal_count=1941 112 82 51 1829 1660 1640 1539 657 171 92 53 486 459 79 43 882 809 327 94 482 275 238 214 72 50 207 104 69 169
is_linear=0
shrinkage=0.03


Tree=324
num_leaves=31
num_cat=0
split_feature=11 47 36 1 57 50 2 28 18 26 53 36 28 1 44 5 26 44 27 36 28 57 6 9 27 11 5 1 38 41
split_gain=0.540666 1.01365 0.702654 0.566666 0.887002 0.877654 0.708465 1.64476 0.930853 0.520879 0.60779 0.563072 0.700379 0.860119 0.458195 0.55754 0.633381 0.429184 0.536206 0.622813 0.916017 0.611021 0.52059 0.419048 0.413054 0.386772 0.373333 0.877604 0.471702 0.955554
threshold=0.91037613702198772 84.500000000000014 964.94107145000009 277.58928570000006 25.500000000000004 11.500000000000002 7360.6875000000009 1005.7500000000001 30.500000000000004 22.150000000000002 202.00000000000003 20.210714285000005 1007.35 6675.8571430000011 28.750000000000004 22.500000000000004 6.7000000000000002 29.550000000000004 300.50000000000006 216.54821430000001 1005.6500000000002 334.00000000000006 27.500000000000004 140.50000000000003 274.50000000000006 0.68322629814330826 1.0000000180025095e-35 11539.080355000002 606.21227677500008 232.23546690007882
decision_type=2 2 2 2 2 2 2 2 2 2 2 2 2 2 2 2 2 2 2 2 2 2 2 2 2 2 2 2 2 2
left_child=3 14 -3 5 -5 17 9 8 -8 11 -11 26 13 -13 15 -2 -17 18 19 20 23 -20 24 -1 -21 -26 27 28 29 -6
right_child=1 2 -4 4 6 -7 7 -9 -10 10 -12 12 -14 -15 -16 16 -18 -19 21 22 -22 -23 -24 -25 25 -27 -28 -29 -30 -31
leaf_value=0.014389660031251554 -0.0025038853655240632 0.013130934131670786 -0.00023381500234490052 0.03545207948702405 -0.0058644371001980054 -0.25367158289898545 -0.14161391318210814 0.029852174181004231 0.017034052307621304 -0.0013326105261639205 0.1375120166454277 0.085505782098842548 -0.081528341654878711 -0.0077756356991081346 -0.0092675146306721665 -0.083689482910882143 0.11194826712900424 -0.4708074840746877 -0.33239958092724303 -0.33003143407852414 0.26867666308023941 0.0066079122825560112 0.20418872723420908 -0.52703318329933013 -0.0051346583951924702 0.18920784180848788 -0.0047468928432489611 0.31449119515004115 -0.0094260722710203457 0.3637417659664634
leaf_weight=20 72 32 25 25 51 220 61 26 22 43 24 21 40 27 41 24 55 78 106 93 35 20 35 22 46 28 525 20 81 23
leaf_count=20 72 32 25 25 51 220 61 26 22 43 24 21 40 27 41 24 55 78 106 93 35 20 35 22 46 28 525 20 81 23
internal_value=-0.000449769 0.000855421 0.00436842 -0.000641845 -0.000178969 -0.00129303 -0.000323652 0.00195413 -0.000108434 -0.000614036 0.00192537 -0.00082995 0.00143182 0.003875 -0.000187501 0.000576158 0.00231645 -0.00057764 -0.000185186 0.000548386 0.00284416 -0.00180952 -0.000326733 -0.000142858 -0.00102395 0.000648648 -0.00111429 8.57136e-05 -0.00067742 0.00105405
internal_weight=1941 249 57 1692 989 703 964 109 83 855 67 788 88 48 192 151 79 483 405 279 77 126 202 42 167 74 700 175 155 74
internal_count=1941 249 57 1692 989 703 964 109 83 855 67 788 88 48 192 151 79 483 405 279 77 126 202 42 167 74 700 175 155 74
is_linear=0
shrinkage=0.03


Tree=325
num_leaves=31
num_cat=0
split_feature=10 44 19 10 47 37 10 34 34 37 33 45 2 20 44 42 28 48 48 57 27 47 24 24 18 1 37 37 9 2
split_gain=0.597084 1.21239 1.15038 0.475155 0.92847 1.00468 0.483747 0.621261 0.940585 0.599734 1.13761 1.02617 0.473469 0.436467 0.427702 0.390269 0.384177 0.795691 0.800265 0.70028 0.390603 0.380458 0.372718 0.878431 0.359577 0.357653 0.435224 0.712599 0.485465 0.665546
threshold=0.25881904510252091 26.650000000000002 55.500000000000007 0.097964660725097311 50.500000000000007 958.43928570000014 -0.97335555334614932 1160.0785715000004 1211.8696430000002 41.13750000000001 751.50892855000018 69.500000000000014 7167.6875000000009 54.500000000000007 33.45000000000001 91.945535700000036 1006.5500000000001 23.500000000000004 19.500000000000004 338.50000000000006 298.50000000000006 49.500000000000007 570.45000000000016 317.65000000000003 50.500000000000007 12859.571430000002 214.63750000000002 20.210714285000005 144.50000000000003 6591.5000000000009
decision_type=2 2 2 2 2 2 2 2 2 2 2 2 2 2 2 2 2 2 2 2 2 2 2 2 2 2 2 2 2 2
left_child=1 2 -1 6 5 -5 9 14 -9 -3 11 -11 -10 15 25 16 24 18 22 20 21 -19 23 -18 -2 26 27 28 29 -8
right_child=13 3 -4 4 -6 -7 7 8 12 10 -12 -13 -14 -15 -16 -17 17 19 -20 -21 -22 -23 -24 -25 -26 -27 -28 -29 -30 -31
leaf_value=0.023659866738280633 -0.34408554351489112 -0.28560091966488299 0.00024967947846317977 -0.309911736413155 0.013479315675124778 0.16591941564656726 0.039203596350019583 0.066262559170548352 -0.034477358833388594 0.0018196219440163443 -0.59484027680063223 0.050320749207251776 0.0038500219521961821 -0.07986352937950511 0.16231637053345729 -0.011891897680865224 -0.0078617533883059299 -0.004232945879093653 0.20070807708776819 0.010397652561924752 -0.27423528737563402 0.018273339075009994 -0.00095833078415387407 0.045110068716419136 -0.00020915755954137343 0.21743997931805401 -0.022160840948611035 0.13957905654987102 -0.0089606857431677994 -0.0039850964725910484
leaf_weight=29 124 55 30 46 20 21 55 25 29 36 24 31 20 172 26 86 30 81 28 20 81 42 29 21 91 21 324 31 228 85
leaf_count=29 124 55 30 46 20 21 55 25 29 36 24 31 20 172 26 86 30 81 28 20 81 42 29 21 91 21 324 31 228 85
internal_value=-0.000511593 -6.86627e-05 0.00411864 -0.000298051 0.00182759 0.000134328 -0.000484849 -0.000760664 0.00186486 0.00110959 0.00260439 0.00461194 -0.000551021 -0.00113665 -0.00101299 -0.000772513 -0.000477149 0.00016265 0.00227778 -0.000857144 -0.00138235 -0.000317074 0.000749999 0.00229412 -0.00146512 -0.00114516 -0.00125726 -0.000593986 -0.000961957 0.000428571
internal_weight=1941 1136 59 1077 87 67 990 844 74 146 91 67 49 805 770 633 547 332 108 224 204 123 80 51 215 744 723 399 368 140
internal_count=1941 1136 59 1077 87 67 990 844 74 146 91 67 49 805 770 633 547 332 108 224 204 123 80 51 215 744 723 399 368 140
is_linear=0
shrinkage=0.03


Tree=326
num_leaves=31
num_cat=0
split_feature=10 37 44 34 34 48 3 37 53 43 28 26 10 9 20 56 26 48 17 42 3 48 9 48 49 56 22 37 10 6
split_gain=0.680994 0.815601 1.02529 0.662781 0.826512 0.58883 0.548605 0.513601 0.43573 0.420215 0.414079 0.39198 0.328847 0.651579 0.397235 0.678462 0.9 0.485147 0.840215 0.675922 0.541581 0.595238 0.516696 0.81 0.487134 0.409273 0.770848 0.378382 0.421137 0.540499
threshold=-0.97335555334614932 41.13750000000001 29.550000000000004 1160.0785715000004 1211.8696430000002 89.500000000000014 6677004.8395000007 383.01607145000008 161.50000000000003 -1.3749999999999998 1005.5500000000001 3.8500000000000001 -0.41248606129204546 145.50000000000003 99.500000000000014 19.950000000000003 7.3500000000000005 1.5000000000000002 4.5000000000000009 85.648214300000021 6259065.5000000009 36.500000000000007 139.50000000000003 21.500000000000004 75.500000000000014 6.8500000000000005 42.500000000000007 971.00000000000011 -0.32143946530316159 26.500000000000004
decision_type=2 2 2 2 2 2 2 2 2 2 2 2 2 2 2 2 2 2 2 2 2 2 2 2 2 2 2 2 2 2
left_child=1 -1 -3 5 -5 9 -7 10 -6 -2 -4 -11 13 -13 17 16 -16 -14 -19 20 21 -20 23 -22 25 26 -24 28 -27 -30
right_child=3 2 7 4 8 6 -8 -9 -10 11 -12 12 14 -15 15 -17 -18 18 19 -21 22 -23 24 -25 -26 27 -28 -29 29 -31
leaf_value=-0.27703289207493648 -0.016106145587752543 0.048126841078144904 -0.55365797893745483 0.064274682395430896 0.0037822244620192504 0.081338141644485343 -0.034860058735307883 0.014974127050827403 -0.35965091827891005 -0.17440867786351594 0.0037214729201673386 0.00038301574949280571 -0.012325242246227764 -0.19903642612159764 -0.0023851145043055017 -0.014345307379394434 0.1521266233365067 1.7168344149089225 -9.1913320878643642e-05 -0.025267975043608538 -0.077114484557674792 0.0062966961043383011 -0.0012457457227574061 0.16700024399736341 0.0077951062748226711 0.019357346911210643 0.094297441060825923 0.1318626156833167 -0.0084446748322389038 -0.0023819127067905622
leaf_weight=55 324 23 25 25 27 24 25 22 24 100 21 117 128 158 20 25 20 20 21 107 25 21 125 20 21 20 24 20 212 142
leaf_count=55 324 23 25 25 27 24 25 22 24 100 21 117 128 158 20 25 20 20 21 107 25 21 125 20 21 20 24 20 212 142
internal_value=-0.000449769 0.00152055 0.00326374 -0.000610029 0.00213158 -0.00073124 0.0025102 0.00141176 -5.88242e-05 -0.000826348 -0.000391305 -0.000592868 -0.000447834 -0.00136364 -0.000188466 0.00207692 0.0045 -0.000350994 -6.94095e-05 -0.000229552 0.00013364 0.00342857 -9.35968e-05 0.003 -0.000340426 -0.000513813 0.000825503 -0.00102031 -0.00123529 -0.00147458
internal_weight=1941 146 91 1795 76 1719 49 68 51 1670 46 1346 1246 275 971 65 40 906 778 758 651 42 609 45 564 543 149 394 374 354
internal_count=1941 146 91 1795 76 1719 49 68 51 1670 46 1346 1246 275 971 65 40 906 778 758 651 42 609 45 564 543 149 394 374 354
is_linear=0
shrinkage=0.03


Tree=327
num_leaves=31
num_cat=0
split_feature=59 11 47 36 49 47 48 10 28 17 47 33 20 59 39 34 34 2 27 56 41 9 44 49 18 46 1 37 26 36
split_gain=0.961111 0.575511 1.58425 1.04189 0.7176 0.488386 0.482143 0.437725 0.873034 0.621811 0.419048 0.401803 0.393382 0.638137 1.6 0.42781 0.569574 0.452174 0.360026 0.365564 0.769925 0.288128 0.55701 0.265505 0.471457 0.347057 0.350649 0.325036 0.418453 0.486924
threshold=12.550000000000002 0.91037613702198772 50.500000000000007 1073.4616070000002 43.500000000000007 15.500000000000002 7.5000000000000009 -0.97335555334614932 1006.1500000000002 12.500000000000002 99.500000000000014 552.42142855000009 54.500000000000007 0.65000000000000002 739.32656250625007 1160.0785715000004 1200.1604165000001 7167.6875000000009 348.50000000000006 20.050000000000004 244.12330199190367 151.50000000000003 27.850000000000005 5.5000000000000009 21.500000000000004 24.550000000000004 3625.6875000000005 110.75000000000001 9.9500000000000011 154.23571425000003
decision_type=2 2 2 2 2 2 2 2 2 2 2 2 2 2 2 2 2 2 2 2 2 2 2 2 2 2 2 2 2 2
left_child=1 7 5 4 -4 6 -3 8 9 -1 -6 -11 13 15 -15 18 -17 -18 19 21 -21 22 -9 27 25 26 -25 28 -24 -30
right_child=-2 2 3 -5 10 -7 -8 12 -10 11 -12 -13 -14 14 -16 16 17 -19 -20 20 -22 -23 23 24 -26 -27 -28 -29 29 -31
leaf_value=-0.35792713959712202 0.014492035939620784 -0.0056698506406287659 0.02730556855693014 0.0043263681775661646 -0.0084476491613662379 -0.016073087249614926 0.0076249521809327965 0.013925936212341549 0.024559391725122681 -0.00042344494329848195 0.0079574867050637502 0.036372424343386528 -0.034636771526643968 0.095982044511923548 -2.6652552157705092 0.064489558978547648 -0.036898539373411469 0.0036210545597692156 0.010123095356749733 0.16300711932074133 -0.0011822565771586421 -0.17177910503231372 -0.0085017972536432802 0.039585124103052163 0.12321848452570902 -0.10502978057263 -0.0052014475096065519 -0.014020581004119374 0.12561132823477542 -0.0032852972377135376
leaf_weight=58 20 32 22 21 22 108 24 30 23 34 20 28 288 20 20 21 26 20 20 20 56 129 162 22 35 78 42 352 32 156
leaf_count=58 20 32 22 21 22 108 24 30 23 34 20 28 288 20 20 21 26 20 20 20 56 129 162 22 35 78 42 352 32 156
internal_value=-0.000542505 -0.00061062 0.000734939 0.00405882 0.00215625 -0.000987806 0.00128571 -0.000811005 0.000776223 -0.000250001 -0.000142858 0.00183871 -0.000959451 -0.00072764 0.003 -0.000851791 0.00147761 -0.000391305 -0.000989419 -0.00106104 0.000947368 -0.00120809 -0.0010198 -0.001157 -0.000118645 -0.000887325 0.000749999 -0.0014188 -0.000771429 0.000191489
internal_weight=1941 1921 249 85 64 164 56 1672 143 120 42 62 1529 1241 40 1201 67 46 1134 1114 76 1038 909 879 177 142 64 702 350 188
internal_count=1941 1921 249 85 64 164 56 1672 143 120 42 62 1529 1241 40 1201 67 46 1134 1114 76 1038 909 879 177 142 64 702 350 188
is_linear=0
shrinkage=0.03


Tree=328
num_leaves=31
num_cat=0
split_feature=11 49 10 14 44 34 57 37 18 58 36 47 50 48 48 29 43 53 17 57 44 46 11 29 50 15 58 16 45 14
split_gain=0.645091 1.55576 0.692275 0.708334 0.780996 0.592485 0.611688 0.71243 0.580398 0.498701 0.465802 0.502314 0.508417 0.453173 0.426491 0.519697 0.405054 0.940572 0.469197 0.598481 0.365068 1.26532 0.283333 0.262019 0.255888 0.549773 0.4 0.333008 0.377436 0.694231
threshold=0.91037613702198772 78.500000000000014 -0.97335555334614932 28.950000000000003 30.450000000000003 1160.0785715000004 275.50000000000006 751.50892855000018 49.500000000000007 1004.9500000000002 657.11250000000007 15.500000000000002 58.000000000000007 7.5000000000000009 89.500000000000014 0.65000000000000002 368.35892860000007 195.50000000000003 72.500000000000014 346.00000000000006 27.850000000000005 24.950000000000003 0.3826834323650895 4.3500000000000005 1.5000000000000002 61.500000000000007 1005.5500000000001 24.850000000000005 83.500000000000014 29.250000000000004
decision_type=2 2 2 2 2 2 2 2 2 2 2 2 2 2 2 2 2 2 2 2 2 2 2 2 2 2 2 2 2 2
left_child=2 8 3 -1 -5 14 -7 -8 10 -6 -2 13 -13 -12 16 -16 18 -18 19 20 21 -4 -23 -20 -22 26 -26 -27 29 -29
right_child=1 -3 5 4 9 6 7 -9 -10 -11 11 12 -14 -15 15 -17 17 -19 23 -21 24 22 -24 -25 25 27 -28 28 -30 -31
leaf_value=0.026743267064293284 0.084223973553647066 0.0078542001649318568 0.11633524345391708 -0.090161664493497426 0.00046070234126329042 -1.5410244079366744 0.017750114899271901 -0.0022270832769169684 0.011374318867103423 0.025234838928706746 -0.020454774605365527 -0.01423332992851414 0.01253887744913635 0.0077202654156948627 -0.16262334571430048 0.051842155544405286 -0.0034356029994179224 0.1504866146540331 -0.11644941824612556 0.0094263813718577262 -0.0073466966198286639 0.012905673996638738 -0.30551566932911406 0.0050610830774573323 -0.00082500901526966653 -1.3663472021858649 0.73816154497787323 0.16813609495288429 -0.310369733349868 -0.014454063258945282
leaf_weight=33 22 20 20 71 20 27 27 22 29 22 28 104 23 23 20 22 50 23 304 21 770 20 34 23 20 48 20 20 23 32
leaf_count=33 22 20 20 71 20 27 27 22 29 22 28 104 23 23 20 22 50 23 304 21 770 20 34 23 20 48 20 20 23 32
internal_value=-0.000449769 0.000975903 -0.000659575 0.00131507 0.00018584 -0.000846055 0.00173684 0.00373469 0.000275108 0.00342857 -0.000300001 -0.000808989 -0.0018189 0.00170588 -0.000979593 0.002 -0.00106723 0.00110959 -0.0011845 -0.000869651 -0.000974181 0.00105405 -0.00133333 -0.00217431 -0.00113505 -5.52154e-05 0.003 -0.00104878 0.000199999 0.00161538
internal_weight=1941 249 1692 146 113 1546 76 49 229 42 200 178 127 51 1470 42 1428 73 1355 1028 1007 74 54 327 933 163 40 123 75 52
internal_count=1941 249 1692 146 113 1546 76 49 229 42 200 178 127 51 1470 42 1428 73 1355 1028 1007 74 54 327 933 163 40 123 75 52
is_linear=0
shrinkage=0.03


Tree=329
num_leaves=31
num_cat=0
split_feature=10 37 23 2 1 34 11 49 2 2 48 1 27 47 50 43 50 34 10 58 50 50 42 35 27 41 18 18 41 32
split_gain=0.649319 0.815601 1.49142 0.552334 0.702119 0.465136 0.526673 1.14559 0.50299 0.948805 0.498217 0.461852 0.463682 0.458157 0.533113 0.382998 1.14038 1.29811 0.853615 1.35227 0.50451 0.564072 0.416251 0.718085 0.381101 0.491494 0.577544 1.16642 0.373048 0.36478
threshold=-0.97335555334614932 41.13750000000001 72.000000000000014 6931.5267855000011 1290.6875000000002 1160.0785715000004 0.91037613702198772 78.500000000000014 6784.1071430000011 7477.7500000000009 49.500000000000007 12975.071425000002 346.00000000000006 15.500000000000002 58.000000000000007 8.2857143499999797 13.500000000000002 208.85267855000004 0.63405362205439497 1005.6500000000002 15.500000000000002 9.0000000000000018 -19.441071429999997 607.38125000000014 301.50000000000006 203.69147777579278 39.500000000000007 21.500000000000004 173.77638705366465 72.642857140000018
decision_type=2 2 2 2 2 2 2 2 2 2 2 2 2 2 2 2 2 2 2 2 2 2 2 2 2 2 2 2 2 2
left_child=1 -1 -3 -4 -5 6 11 10 -7 -10 13 12 15 -8 -15 20 -17 18 -18 -20 21 24 23 -22 25 26 27 28 -2 -21
right_child=5 2 3 4 -6 8 7 -9 9 -11 -12 -13 -14 14 -16 16 17 -19 19 29 22 -23 -24 -25 -26 -27 -28 -29 -30 -31
leaf_value=-0.26949339878042999 -0.011811594398872041 0.019772403173044007 -0.005337938400656419 0.024687021220660039 -0.71582814623428126 -0.025571336535468059 0.0029873750341782657 0.0076185741599839006 0.049051809772023697 -0.0031236863333408763 0.015592744724177141 0.17852361192029825 0.0084061181516415836 -0.0074473912168945148 0.0078573920251484176 -0.0038421720465364761 0.16803997873113899 -0.0057782723134354357 0.047470864419536518 0.0011905717869440449 -0.066085617116115616 0.048097309051235 -0.22350267592142858 0.14101601487559481 -0.32027079004814124 -0.010210111545577993 -0.01420738013550916 0.50940717440248406 0.037689676818201054 -0.011456404990070725
leaf_weight=55 48 20 20 31 20 32 56 20 21 23 26 24 32 119 28 337 23 68 33 24 27 22 254 20 127 285 73 21 23 29
leaf_count=55 48 20 20 31 20 32 56 20 21 23 26 24 32 119 28 337 23 68 33 24 27 22 254 20 127 285 73 21 23 29
internal_value=-0.000403401 0.00152055 0.00326374 0.00122535 0.00288235 -0.000559889 -0.000661432 0.000614457 0.00173684 0.00381818 1.30997e-05 -0.000877552 -0.000946059 -0.000487685 -0.00136735 -0.00102687 -0.000373542 0.00157627 0.0036055 0.00223256 -0.0014 -0.000896495 -0.00240199 0.000191489 -0.00107626 -0.000666667 0.000636363 0.00221739 0.000380281 -0.00073585
internal_weight=1941 146 91 71 51 1795 1719 249 76 44 229 1470 1446 203 147 1414 514 177 109 86 900 599 301 47 577 450 165 92 71 53
internal_count=1941 146 91 71 51 1795 1719 249 76 44 229 1470 1446 203 147 1414 514 177 109 86 900 599 301 47 577 450 165 92 71 53
is_linear=0
shrinkage=0.03


Tree=330
num_leaves=31
num_cat=0
split_feature=10 16 25 34 20 11 47 28 47 16 27 47 1 19 28 38 19 32 18 32 1 15 57 27 9 35 16 18 48 32
split_gain=0.649319 0.800139 0.991837 0.63876 0.671202 0.646704 0.982815 1.02252 0.564089 0.55102 0.45635 0.398268 0.39333 1.00741 0.554447 0.877205 0.542157 0.468262 0.381083 1.01331 0.447585 0.542481 0.375362 0.456375 0.419397 0.40999 0.395422 0.373234 0.334821 0.334528
threshold=-0.97335555334614932 24.650000000000002 147.50000000000003 1160.0785715000004 1.0000000180025095e-35 0.91037613702198772 50.500000000000007 1006.9500000000002 15.500000000000002 24.150000000000002 346.00000000000006 1.5000000000000002 131.50000000000003 9.5000000000000018 1007.0500000000001 727.04866071250024 10.500000000000002 980.58125000000007 15.500000000000002 222.95625000000004 1875.4375000000002 67.500000000000014 308.50000000000006 278.50000000000006 144.50000000000003 578.6142857000001 25.450000000000003 85.500000000000014 7.5000000000000009 174.48571430000004
decision_type=2 2 2 2 2 2 2 2 2 2 2 2 2 2 2 2 2 2 2 2 2 2 2 2 2 2 2 2 2 2
left_child=1 2 -1 5 11 10 8 -8 28 -4 12 -5 16 -14 15 18 22 -17 20 -20 -15 -22 23 -2 25 -25 -27 -18 -7 -3
right_child=3 29 9 4 -6 6 7 -9 -10 -11 -12 -13 13 14 -16 17 27 -19 19 -21 21 -23 -24 24 -26 26 -28 -29 -30 -31
leaf_value=0.020783935533605611 -0.013943386034141001 0.008650893153401425 -0.025159382276592111 0.029334694436042894 0.039844213036027303 -0.0049757331342740237 0.00039867490121773484 0.01957956695077788 -0.014940472997764218 0.047455771718340131 0.0081539346070921698 -2.4342783338813634 -0.0054562707340020918 0.015617170412330801 -0.035739520493078276 -0.012557413449952887 -0.23850968561083527 0.032591109438414645 0.026360911843365819 0.14856110793956528 0.68248251491097145 -0.012253723537489878 -0.3481716347791356 0.35412317623564254 -0.0159678648691793 0.014762250764803579 -0.0035266052761838093 -0.013241659196924951 0.0070749744020089395 -0.23752761102302497
leaf_weight=35 166 27 21 21 32 32 50 35 108 28 32 23 525 21 64 64 229 34 31 20 21 32 82 24 57 22 24 22 24 35
leaf_count=35 166 27 21 21 32 32 50 35 108 28 32 23 525 21 64 64 229 34 31 20 21 32 82 24 57 22 24 22 24 35
internal_value=-0.000403401 0.00152055 0.00342857 -0.000559889 0.00213158 -0.000678884 0.000734939 0.00335294 -0.000621952 0.000673469 -0.000918368 -0.000272728 -0.000997219 -0.000561577 0.000867595 0.00157399 -0.0015623 -0.000551021 0.00324 0.00523529 0.00186486 0.000396226 -0.000840001 -0.000337885 0.00101575 0.00257143 0.000913043 -0.00264143 0.00182143 -0.00106452
internal_weight=1941 146 84 1795 76 1719 249 85 164 49 1470 44 1438 812 287 223 626 98 125 51 74 53 375 293 127 70 46 251 56 62
internal_count=1941 146 84 1795 76 1719 249 85 164 49 1470 44 1438 812 287 223 626 98 125 51 74 53 375 293 127 70 46 251 56 62
is_linear=0
shrinkage=0.03


Tree=331
num_leaves=31
num_cat=0
split_feature=59 42 42 37 30 58 35 11 49 18 11 3 21 19 31 15 33 18 19 38 40 28 36 36 8 28 17 50 30 28
split_gain=0.550117 0.451864 0.467366 0.567187 1.04003 0.66381 0.849724 0.540232 1.14559 0.659612 0.512 0.594266 0.480034 1.28303 1.07303 0.911133 0.464599 0.459536 0.5995 0.392878 0.414436 0.451702 0.39006 0.456269 0.364498 1.04155 0.362921 0.533113 0.357204 0.326067
threshold=12.550000000000002 -251.40089284999993 -16.302678594999986 42.992857145000009 154.23571425000003 1005.6500000000002 607.38125000000014 0.91037613702198772 78.500000000000014 49.500000000000007 -0.77259657388510616 6406834.1430000011 14.500000000000002 3.5000000000000004 44.249107145000004 61.500000000000007 623.15000000000009 89.500000000000014 10.500000000000002 871.35580358750019 149.41090029727084 1005.9500000000002 267.70982145000011 786.20446430000004 1.0000000180025095e-35 1007.0500000000001 16.500000000000004 58.000000000000007 800.00000000000011 1007.85
decision_type=2 2 2 2 2 2 2 2 2 2 2 2 2 2 2 2 2 2 2 2 2 2 2 2 2 2 2 2 2 2
left_child=1 -1 3 -3 -5 16 10 12 9 26 11 28 17 22 -15 -16 -6 18 24 20 21 -17 29 -24 25 -4 -9 -28 -7 -14
right_child=-2 2 7 4 5 6 -8 8 -10 -11 -12 -13 13 14 15 19 -18 -19 -20 -21 -22 -23 23 -25 -26 -27 27 -29 -30 -31
leaf_value=-0.058384589051530163 0.0059001413955191992 -0.32565605370303408 0.23798850225603851 0.015585121702571782 0.039139091819103584 -0.30976574188892825 0.046532719614270621 0.0038307760217918163 0.0073205142726647911 0.0099779199508416676 -0.0069064153930489163 0.091234930319440591 -0.022803274981227417 0.011953975514137917 0.14822932016882004 0.0097797604341227588 -0.074654412428169573 0.014492574600035089 -0.21972541018363603 0.043640488847502837 -0.019957361017580357 -0.006622782361199237 0.2501401927540749 -0.044766762527708344 -0.010017482138903407 -0.53253033534983596 -0.0083005985431794226 0.0074370823593309541 0.033654887602333455 -0.00226995804594819
leaf_weight=63 20 64 23 43 29 23 20 53 20 29 25 39 180 36 28 20 103 20 250 31 70 54 20 23 335 22 119 28 38 113
leaf_count=63 20 64 23 43 29 23 20 53 20 29 25 39 180 36 28 20 103 20 250 31 70 54 20 23 335 22 119 28 38 113
internal_value=-0.000449769 -0.000501302 -0.000416578 0.000515624 0.00103125 0.0003574 0.00175862 -0.000659431 0.000614457 1.30997e-05 0.000839999 0.0018 -0.000918368 -0.000286957 0.0013933 0.000546797 -0.00118182 -0.00147692 -0.00161905 -0.000257144 -0.000916667 0.000648648 -0.00148214 0.00118605 -0.000868422 0.00166667 -0.000600001 -0.00136735 -4.9181e-05 -0.00187372
internal_weight=1941 1921 1858 384 320 277 145 1474 249 229 125 100 1225 575 239 203 132 650 630 175 144 74 336 43 380 45 200 147 61 293
internal_count=1941 1921 1858 384 320 277 145 1474 249 229 125 100 1225 575 239 203 132 650 630 175 144 74 336 43 380 45 200 147 61 293
is_linear=0
shrinkage=0.03


Tree=332
num_leaves=31
num_cat=0
split_feature=10 16 37 14 34 30 2 32 49 41 40 28 56 32 43 29 44 56 28 45 32 28 49 17 17 10 5 5 17 26
split_gain=0.842279 0.932396 0.670635 0.972222 0.439618 0.826121 0.951452 0.334528 0.333377 1.11476 1.96599 0.431252 0.396291 0.760404 1.04096 0.351497 0.72803 0.309817 0.30301 0.585522 0.403381 0.407912 0.307885 0.68154 1.19669 0.546637 0.569164 0.498701 0.359063 0.444232
threshold=-0.97335555334614932 24.650000000000002 342.19910715000009 29.850000000000005 1184.6642860000004 640.62500000000011 6784.1071430000011 174.48571430000004 78.500000000000014 47.754784182249928 1.0000000180025095e-35 1003.6500000000002 19.850000000000005 688.90803570000014 20.585714150000058 0.65000000000000002 27.050000000000004 24.450000000000003 1006.5500000000001 91.500000000000014 1136.1008930000003 1004.0500000000001 46.500000000000007 48.500000000000007 57.500000000000007 0.58216583101416164 22.500000000000004 22.500000000000004 43.500000000000007 7.3500000000000005
decision_type=2 2 2 2 2 2 2 2 2 2 2 2 2 2 2 2 2 2 2 2 2 2 2 2 2 2 2 2 2 2
left_child=1 2 3 -1 8 -6 -7 -3 11 10 -10 -2 15 14 -14 18 -17 -11 20 22 21 -13 23 28 27 26 -26 -25 29 -20
right_child=4 7 -4 -5 5 6 -8 -9 9 17 -12 12 13 -15 -16 16 -18 -19 19 -21 -22 -23 -24 24 25 -27 -28 -29 -30 -31
leaf_value=0.037581635833440374 -0.084491001891815909 0.0079238127077222303 0.014730914636978705 -0.75350263072250434 -0.0053228831804643852 -0.20874846238658112 0.048141163970577674 -0.23086933634341134 -0.055359768304644771 -0.0092267217428200505 0.021740416533454612 0.018689527194875846 -0.00015515810763673879 -0.0046525864115440525 0.13965739509631472 0.053449519281128982 -0.25750558906848914 0.00044617969334059316 0.0010818468106504697 0.013423674677045664 0.13005987821154308 -0.028599118645888672 -0.020728303030001904 0.0051366611637605718 -0.0026307420905704528 -0.0074778391877754601 0.12124284056762993 0.10711514540435357 -0.27567049264370797 -0.010048852777807447
leaf_weight=35 106 27 21 28 21 21 20 35 28 87 21 33 29 45 20 20 24 34 115 20 31 491 49 22 20 55 21 20 71 371
leaf_count=35 106 27 21 28 21 21 20 35 28 87 21 33 29 45 20 20 24 34 115 20 31 491 49 22 20 55 21 20 71 371
internal_value=-0.000465225 0.00172603 0.00378571 0.00223809 -0.000643455 0.00183871 0.00431707 -0.00106452 -0.000732257 0.000529411 0.00434694 -0.000869482 -0.000735073 0.00114894 0.00373469 -0.000865004 0.00177273 -0.00101653 -0.000952995 -0.000565446 -0.00148649 -0.00168321 -0.000701614 -0.000539569 0.00134783 -0.000500001 0.00212195 0.00557143 -0.00100718 -0.00071605
internal_weight=1941 146 84 63 1795 62 41 62 1733 170 49 1563 1457 94 49 1363 44 121 1319 764 555 524 744 695 138 96 41 42 557 486
internal_count=1941 146 84 63 1795 62 41 62 1733 170 49 1563 1457 94 49 1363 44 121 1319 764 555 524 744 695 138 96 41 42 557 486
is_linear=0
shrinkage=0.03


Tree=333
num_leaves=31
num_cat=0
split_feature=42 1 1 28 11 49 43 37 50 45 46 48 23 34 34 49 3 8 2 2 33 43 51 9 34 42 37 37 37 8
split_gain=0.468473 0.474237 1.26436 0.877508 0.849299 1.14559 0.81435 0.782248 0.721737 0.546623 0.529927 0.737225 0.519178 0.444384 0.568049 0.443228 0.433929 0.364961 0.456269 0.34632 0.33947 0.578033 0.581553 0.603835 0.392235 0.472202 0.689368 0.748927 0.452548 0.330263
threshold=-251.40089284999993 131.50000000000003 1495.6875000000002 1007.35 0.91037613702198772 78.500000000000014 -161.47232139999997 55.597916665000007 11.500000000000002 91.500000000000014 24.250000000000004 63.500000000000007 60.500000000000007 1160.0785715000004 1211.8696430000002 7.5000000000000009 6419368.4375000009 1.0000000180025095e-35 5442.6964285000004 6784.1071430000011 678.46428575000016 -182.99999999999997 695.00000000000011 147.50000000000003 198.09285715000001 69.412500050000077 329.7044643000001 578.90000000000009 802.69880950000004 3.5000000000000004
decision_type=2 2 2 2 2 2 2 2 2 2 2 2 2 2 2 2 2 2 2 2 2 2 2 2 2 2 2 2 2 2
left_child=-1 4 3 6 8 9 7 -3 10 -6 -2 17 16 20 -15 -8 -4 18 -12 -16 21 -14 24 -24 25 26 -23 -28 -29 -17
right_child=1 2 12 -5 5 -7 15 -9 -10 -11 11 -13 13 14 19 29 -18 -19 -20 -21 -22 22 23 -25 -26 -27 27 28 -30 -31
leaf_value=-0.014992361615597657 0.011491610225551988 -0.37307398088936716 0.099101733764546493 -0.3541845873543315 -0.0016803343955252513 0.0085303923868905347 0.048942912743361031 0.020651594593472811 -0.21620743192896483 0.0038895699000158742 0.089439906838527927 0.037317428548386704 0.025792723211438457 0.075122044259369608 -0.20747919587215247 0.013286264074277502 -0.0007324656011677644 -0.03267031269974937 -0.11052240449139718 0.023422489186595275 -0.010984332171029211 -0.011658833599165787 0.16321916634661271 -0.0026865171168019911 -0.020843501436951201 -0.012291548956565656 0.10612247195931829 -0.0053231640048468087 0.0010786378246789464 0.028856677059329035
leaf_weight=65 37 25 20 21 204 20 25 29 217 25 20 34 25 20 20 21 28 357 23 22 310 55 29 20 69 95 29 31 23 22
leaf_count=65 37 25 20 21 204 20 25 29 217 25 20 34 25 20 20 21 28 357 23 22 310 55 29 20 69 95 29 31 23 22
internal_value=-0.000496137 -0.000409382 6.70919e-05 0.00266433 -0.000886874 0.000614457 0.00363934 0.000888888 -0.00143023 1.30997e-05 -0.000770701 -0.00106452 -0.000399498 -0.000593584 0.00183871 0.00582353 0.002625 -0.001425 0.00118605 -0.000142858 -0.000813412 -0.000207448 -0.000521368 0.0025102 -0.00101325 -0.000424893 0.000695651 0.00242169 0.000333333 0.00397674
internal_weight=1941 1876 939 143 937 249 122 54 688 229 471 434 796 748 62 68 48 400 43 42 686 376 351 49 302 233 138 83 54 43
internal_count=1941 1876 939 143 937 249 122 54 688 229 471 434 796 748 62 68 48 400 43 42 686 376 351 49 302 233 138 83 54 43
is_linear=0
shrinkage=0.03


Tree=334
num_leaves=31
num_cat=0
split_feature=11 49 2 44 11 43 26 35 28 19 8 34 16 17 26 49 42 2 58 42 24 3 31 37 47 3 11 46 4 28
split_gain=0.44784 1.14559 0.702659 0.820109 1.06871 0.475292 0.927468 0.572745 1.27144 0.914432 0.501989 0.808417 0.929714 0.468424 0.453202 0.444963 0.41806 0.406836 0.527713 0.758698 0.495346 0.51962 0.349949 0.283094 0.408239 0.338775 0.402392 0.413001 0.323746 0.240167
threshold=0.91037613702198772 78.500000000000014 0.56250000000000011 26.850000000000005 -0.22695468355932455 -74.85357142999996 11.050000000000002 613.01250000000016 1006.1500000000002 47.500000000000007 3.5000000000000004 874.45000000000016 24.750000000000004 69.500000000000014 22.150000000000002 1.0000000180025095e-35 57.616964200000048 422.12500000000006 1004.9500000000002 -1.0000000180025095e-35 271.30000000000007 6636077.7320000008 950.34732145000009 103.99821430000001 15.500000000000002 6348568.4285000013 0.98611507088852057 25.150000000000002 22.500000000000004 1006.9500000000002
decision_type=2 2 2 2 2 2 2 2 2 2 2 2 2 2 2 2 2 2 2 2 2 2 2 2 2 2 2 2 2 2
left_child=2 23 15 4 16 6 -5 22 9 10 -9 12 -12 14 17 29 -4 20 19 -19 21 -7 -8 24 28 -26 27 -27 -2 -1
right_child=1 -3 3 5 -6 13 7 8 -10 -11 11 -13 -14 -15 -16 -17 -18 18 -20 -21 -22 -23 -24 -25 25 26 -28 -29 -30 -31
leaf_value=0.002721669799620022 0.033724632172434363 0.0082744806152838194 0.14256874812196307 0.076211530671782754 0.020689617808383302 -0.0053585021901320865 -0.017079710752904289 -0.70692343226062282 0.024571929438300309 0.012525763121404767 0.045267121327868448 -0.029274835680019495 -0.098503347815140863 -0.01067587196349017 0.10618703501571461 -0.28311842890742084 -0.94526403903275003 -0.16703561501397732 -0.0058584397522894278 0.031464216379780183 0.091938514435156701 0.0055419330088958465 0.011053439412459603 -0.46635787643438059 -0.0037246348667298638 -0.0029677136645067776 -0.0051671275008737605 0.02173397286464843 -0.0011100111518869782 -0.39380344915607896
leaf_weight=101 26 20 26 23 21 62 92 76 32 20 32 45 22 181 23 247 20 21 478 38 23 22 41 25 63 24 40 31 20 46
leaf_count=101 26 20 26 23 21 62 92 76 32 20 32 45 22 181 23 247 20 21 478 38 23 22 41 25 63 24 40 31 20 46
internal_value=-0.000573416 0.000614457 -0.000748228 -0.000411403 0.00282089 -0.000587328 0.000289817 -8.3334e-05 0.000832598 -7.69238e-05 -0.000771429 0.000636363 0.00311111 -0.000983491 -0.000616193 -0.00185787 0.000260869 -0.000763976 -0.00110056 0.00157627 0.000925233 -0.000142858 -0.00164662 1.30997e-05 0.000382352 -0.000341773 0.000789473 0.00245454 0.00286956 -0.000551021
internal_weight=1941 249 1692 1298 67 1231 383 360 227 195 175 99 54 848 667 394 46 644 537 59 107 84 133 229 204 158 95 55 46 147
internal_count=1941 249 1692 1298 67 1231 383 360 227 195 175 99 54 848 667 394 46 644 537 59 107 84 133 229 204 158 95 55 46 147
is_linear=0
shrinkage=0.03


Tree=335
num_leaves=31
num_cat=0
split_feature=46 11 49 35 37 20 35 31 15 58 37 26 43 9 32 26 9 5 49 37 58 40 26 46 48 58 41 58 36 26
split_gain=0.600302 0.919785 1.31483 0.870278 1.01888 1.19118 1.09891 0.828409 1.86699 0.831957 0.543642 0.476735 0.425621 0.848853 0.507627 0.428783 0.399238 0.633658 0.379656 0.311962 0.289467 0.294293 0.322314 0.259893 0.623994 0.228313 0.212093 0.423913 0.301346 0.577491
threshold=24.850000000000005 0.93540483100319627 52.500000000000007 594.59553570000014 26.812500000000004 2.5000000000000004 751.50892855000018 156.64553570000001 75.500000000000014 1006.5500000000001 342.19910715000009 10.950000000000001 8.2857143499999797 155.50000000000003 1230.1714290000002 22.150000000000002 141.50000000000003 37.500000000000007 14.500000000000002 820.66428570000005 1006.35 206.61171874762499 4.0500000000000007 24.650000000000002 29.500000000000004 1005.0500000000001 80.162940558285612 1008.35 623.52857140000003 3.9500000000000006
decision_type=2 2 2 2 2 2 2 2 2 2 2 2 2 2 2 2 2 2 2 2 2 2 2 2 2 2 2 2 2 2
left_child=1 3 -3 12 11 7 -7 8 -6 19 -8 -5 14 15 23 16 -14 -18 25 -9 -20 22 -22 -1 -25 -2 27 28 29 -27
right_child=18 2 -4 4 5 6 10 9 -10 -11 -12 -13 13 -15 -16 -17 17 -19 20 -21 21 -23 -24 24 -26 26 -28 -29 -30 -31
leaf_value=-0.0428586632924116 0.086885678320423182 -0.032454358124179586 0.0077988789048207396 0.012894389730070954 0.020676491976256213 0.062262032911841535 0.00099255249815142338 -0.53918703052938821 -0.66132922782779668 0.04214409268388674 0.035996207681952649 -0.34965948875561603 -0.029691159325867963 0.053058773792761103 0.12615603538047174 0.11416214468654651 -0.0025974151216338372 0.098758451349206813 -0.10325439805488634 0.010334806938251133 0.0037605898166212241 0.041957190315077213 -0.01970068243484431 -0.31980149288175574 0.42377460361011382 -0.43152551026038172 -0.0041847852967215179 0.098172224911573527 -0.0037762476737250076 0.069858374580632709
leaf_weight=249 32 26 22 25 23 22 30 87 25 25 23 73 91 21 21 32 146 39 185 20 30 24 82 31 23 31 235 23 164 81
leaf_count=249 32 26 22 25 23 22 30 87 25 25 23 73 91 21 21 32 146 39 185 20 30 24 82 31 23 31 235 23 164 81
internal_value=-0.000666152 -0.000182164 0.003875 -0.000375746 0.000824362 0.00182353 0.005 0.000499999 0.003875 -0.000727273 0.00266038 -0.00177551 -0.0010245 -0.000264438 -0.0017963 -0.000662338 -0.00104348 -0.000243244 -0.00124126 -0.00187851 -0.00206542 -0.00101471 -0.00166072 -0.00210891 -0.000222223 -0.000773852 -0.000921349 -0.000391305 -0.000717392 0.000482142
internal_weight=1941 1054 48 1006 353 255 75 180 48 132 53 98 653 329 324 308 276 185 887 107 321 136 112 303 54 566 534 299 276 112
internal_count=1941 1054 48 1006 353 255 75 180 48 132 53 98 653 329 324 308 276 185 887 107 321 136 112 303 54 566 534 299 276 112
is_linear=0
shrinkage=0.03


Tree=336
num_leaves=31
num_cat=0
split_feature=43 54 16 34 8 11 49 48 57 46 14 43 2 22 48 54 3 8 43 43 43 42 42 19 3 19 14 57 9 6
split_gain=0.709635 1.0002 1.18916 0.829804 0.94902 0.825653 1.65061 0.786835 0.559952 0.517869 0.682331 0.450203 0.793145 0.434401 0.561975 1.48664 0.403994 0.389526 1.45728 0.527005 0.667321 1.81218 0.484908 0.435236 0.376957 0.334563 0.382228 0.382504 0.393202 0.508134
threshold=-74.85357142999996 543.85000000000002 24.650000000000002 882.94642855000006 3.5000000000000004 0.91037613702198772 78.500000000000014 1.0000000180025095e-35 292.50000000000006 25.050000000000004 28.350000000000005 8.2857143499999797 37.437500000000007 600.50000000000011 1.0000000180025095e-35 765.20000000000016 6419368.4375000009 5.5000000000000009 132.42499998550002 139.09107145000004 197.54375000000002 67.866964299999992 70.672321400000001 22.500000000000004 6387345.5625000009 13.500000000000002 29.250000000000004 308.50000000000006 140.50000000000003 27.500000000000004
decision_type=2 2 2 2 2 2 2 2 2 2 2 2 2 2 2 2 2 2 2 2 2 2 2 2 2 2 2 2 2 2
left_child=1 2 3 4 7 11 8 -1 9 -7 -11 25 -13 -3 15 -15 -5 19 -19 -14 21 -21 23 -22 -12 26 27 28 -2 -30
right_child=5 13 -4 16 -6 6 -8 -9 -10 10 24 12 17 14 -16 -17 -18 18 -20 20 22 -23 -24 -25 -26 -27 -28 -29 29 -31
leaf_value=0.062183057168027106 0.043093693605612798 -0.035572360536027137 -0.0072486281068800144 0.0092563649746768666 0.049694695368254847 -0.0045224781002637347 0.0077922798296806827 -0.014731983717896989 -0.0020805496467720961 0.013899607115002849 0.073036165273973178 0.011975530425930907 -0.0096767632156839999 0.31763127312228123 -0.023124822395493461 -0.048393552050175974 -0.11233889447221836 0.061463681508562878 -0.0060167719105415612 -0.0058225187947423358 -0.0041935000362846577 1.2699312983006226 -0.0064102710032276286 0.13014819352184182 -0.0065436059683082253 -0.21104564145148721 -0.3837104225644426 -0.26823461459065945 -0.0091360707118788142 0.12536238786541515
leaf_weight=30 44 87 93 23 34 47 20 21 106 28 23 35 150 21 38 20 27 28 52 48 69 22 137 27 25 253 110 94 191 38
leaf_count=30 44 87 93 23 34 47 20 21 106 28 23 35 150 21 38 20 27 28 52 48 69 22 137 27 25 253 110 94 191 38
internal_value=-0.000557961 0.000578679 0.00186842 0.00366667 0.00547059 -0.000847447 0.000734939 0.00288235 1.30997e-05 0.00139024 0.00292105 -0.001151 -0.000517606 -0.00119277 0.000417721 0.00285366 0.000599999 -0.000804879 0.001125 -0.0011457 -0.000425743 0.00214286 -0.00119743 0.000437499 0.000749999 -0.00164384 -0.0011761 -0.000711172 -0.000142858 -0.000641922
internal_weight=1941 394 228 135 85 1547 249 51 229 123 76 1298 568 166 79 41 50 533 80 453 303 70 233 96 48 730 477 367 273 229
internal_count=1941 394 228 135 85 1547 249 51 229 123 76 1298 568 166 79 41 50 533 80 453 303 70 233 96 48 730 477 367 273 229
is_linear=0
shrinkage=0.03


end of trees

feature_importances:
hour_cos=477
wind_direction_10m=398
DC_POWER=391
TOTAL_YIELD=372
wind_direction_10m_lag1=360
day=337
wind_speed_10m=317
day_of_year=301
generation_change_4=291
generation_rolling_std_24=281
generation_lag_96=275
wind_speed_10m_lag1=256
cloud_cover_low=253
generation_change_1=248
day_of_week=247
surface_pressure=242
cloud_cover=217
dew_point_2m=213
surface_pressure_lag1=211
generation_lag_48=202
cloud_cover_mid=200
cloud_cover_low_lag1=194
hour_sin=192
DAILY_YIELD=190
generation_lag_4=189
cloud_cover_lag1=189
generation_lag_1=188
generation_rolling_mean_24=171
temperature_2m=166
dew_point_2m_lag1=160
cloud_cover_mid_lag1=156
generation_lag_2=153
generation_lag_12=149
generation_rolling_mean_4=149
temperature_2m_lag1=148
minute=140
diffuse_radiation=136
generation_lag_8=131
generation_lag_24=118
relative_humidity_2m=105
relative_humidity_2m_lag1=103
diffuse_radiation_lag1=99
hour=93
generation_rolling_mean_8=85
day_sin=75
shortwave_radiation=74
cloud_cover_high=68
direct_normal_irradiance=67
direct_radiation=60
direct_normal_irradiance_lag1=59
shortwave_radiation_lag1=58
cloud_cover_high_lag1=57
direct_radiation_lag1=33
precipitation_lag1=24
precipitation=16
global_tilted_irradiance=10
global_tilted_irradiance_lag1=9
day_cos=5
month=1
is_daytime=1

parameters:
[boosting: gbdt]
[objective: quantile]
[metric: quantile]
[tree_learner: serial]
[device_type: cpu]
[data_sample_strategy: bagging]
[data: ]
[valid: ]
[num_iterations: 500]
[learning_rate: 0.03]
[num_leaves: 31]
[num_threads: 2]
[seed: 42]
[deterministic: 0]
[force_col_wise: 0]
[force_row_wise: 0]
[histogram_pool_size: -1]
[max_depth: -1]
[min_data_in_leaf: 20]
[min_sum_hessian_in_leaf: 0.001]
[bagging_fraction: 0.8]
[pos_bagging_fraction: 1]
[neg_bagging_fraction: 1]
[bagging_freq: 0]
[bagging_seed: 400]
[bagging_by_query: 0]
[feature_fraction: 0.8]
[feature_fraction_bynode: 1]
[feature_fraction_seed: 30056]
[extra_trees: 0]
[extra_seed: 12879]
[early_stopping_round: 0]
[early_stopping_min_delta: 0]
[first_metric_only: 0]
[max_delta_step: 0]
[lambda_l1: 0]
[lambda_l2: 0]
[linear_lambda: 0]
[min_gain_to_split: 0]
[drop_rate: 0.1]
[max_drop: 50]
[skip_drop: 0.5]
[xgboost_dart_mode: 0]
[uniform_drop: 0]
[drop_seed: 17869]
[top_rate: 0.2]
[other_rate: 0.1]
[min_data_per_group: 100]
[max_cat_threshold: 32]
[cat_l2: 10]
[cat_smooth: 10]
[max_cat_to_onehot: 4]
[top_k: 20]
[monotone_constraints: ]
[monotone_constraints_method: basic]
[monotone_penalty: 0]
[feature_contri: ]
[forcedsplits_filename: ]
[refit_decay_rate: 0.9]
[cegb_tradeoff: 1]
[cegb_penalty_split: 0]
[cegb_penalty_feature_lazy: ]
[cegb_penalty_feature_coupled: ]
[path_smooth: 0]
[interaction_constraints: ]
[verbosity: -1]
[saved_feature_importance_type: 0]
[use_quantized_grad: 0]
[num_grad_quant_bins: 4]
[quant_train_renew_leaf: 0]
[stochastic_rounding: 1]
[linear_tree: 0]
[max_bin: 255]
[max_bin_by_feature: ]
[min_data_in_bin: 3]
[bin_construct_sample_cnt: 200000]
[data_random_seed: 175]
[is_enable_sparse: 1]
[enable_bundle: 1]
[use_missing: 1]
[zero_as_missing: 0]
[feature_pre_filter: 1]
[pre_partition: 0]
[two_round: 0]
[header: 0]
[label_column: ]
[weight_column: ]
[group_column: ]
[ignore_column: ]
[categorical_feature: ]
[forcedbins_filename: ]
[precise_float_parser: 0]
[parser_config_file: ]
[objective_seed: 16083]
[num_class: 1]
[is_unbalance: 0]
[scale_pos_weight: 1]
[sigmoid: 1]
[boost_from_average: 1]
[reg_sqrt: 0]
[alpha: 0.9]
[fair_c: 1]
[poisson_max_delta_step: 0.7]
[tweedie_variance_power: 1.5]
[lambdarank_truncation_level: 30]
[lambdarank_norm: 1]
[label_gain: ]
[lambdarank_position_bias_regularization: 0]
[eval_at: ]
[multi_error_top_k: 1]
[auc_mu_weights: ]
[num_machines: 1]
[local_listen_port: 12400]
[time_out: 120]
[machine_list_filename: ]
[machines: ]
[gpu_platform_id: -1]
[gpu_device_id: -1]
[gpu_use_dp: 0]
[num_gpu: 1]

end of parameters

pandas_categorical:[]
