tree
version=v4
num_class=1
num_tree_per_iteration=1
label_index=0
max_feature_idx=60
objective=quantile
feature_names=PLANT_ID DC_POWER DAILY_YIELD TOTAL_YIELD hour minute day month day_of_week day_of_year hour_sin hour_cos day_sin day_cos temperature_2m relative_humidity_2m dew_point_2m cloud_cover cloud_cover_low cloud_cover_mid cloud_cover_high shortwave_radiation direct_radiation diffuse_radiation direct_normal_irradiance global_tilted_irradiance wind_speed_10m wind_direction_10m surface_pressure precipitation generation_lag_1 generation_lag_2 generation_lag_4 generation_lag_8 generation_lag_12 generation_lag_24 generation_lag_48 generation_lag_96 generation_rolling_mean_4 generation_rolling_mean_8 generation_rolling_mean_24 generation_rolling_std_24 generation_change_1 generation_change_4 temperature_2m_lag1 relative_humidity_2m_lag1 dew_point_2m_lag1 cloud_cover_lag1 cloud_cover_low_lag1 cloud_cover_mid_lag1 cloud_cover_high_lag1 shortwave_radiation_lag1 direct_radiation_lag1 diffuse_radiation_lag1 direct_normal_irradiance_lag1 global_tilted_irradiance_lag1 wind_speed_10m_lag1 wind_direction_10m_lag1 surface_pressure_lag1 precipitation_lag1 is_daytime
feature_infos=none [0:14413.42857] [0:9163] [6190002:7757913.7139999997] [0:23] [0:45] [1:31] [5:6] [0:6] [137:158] [-1:1] [-1:1] [0.41105375468703509:0.70672655557761577] [-0.91161110719302396:-0.7074868024503348] [25.199999999999999:34.600000000000001] [50:99] [20.800000000000001:26.5] [0:100] [0:100] [0:100] [0:100] [0:958] [0:789] [0:375] [0:795.29999999999995] [0:958] [1.3:58.600000000000001] [7:356] [987.20000000000005:1009.6] [0:32.700000000000003] [0:1405.3] [0:1405.3] [0:1405.3] [0:1405.3] [0:1405.3] [0:1405.3] [0:1405.3] [0:1405.3] [0:1274.8656249999999] [0:1243.16316975] [0:1100.1531002083334] [0:596.18673098771092] [-1031.22:742.03392899999994] [-1163.6199999999999:796.08750000000009] [25.199999999999999:34.600000000000001] [50:99] [20.800000000000001:26.5] [0:100] [0:100] [0:100] [0:100] [0:958] [0:789] [0:375] [0:795.29999999999995] [0:958] [1.3:58.600000000000001] [7:356] [987.20000000000005:1009.6] [0:32.700000000000003] [0:1]
tree_sizes=2363 2300 2639 2093 2550 2494 2562 2715 2690 2683 2744 2708 2691 2685 2707 2687 2712 2700 2687 2706 2704 2691 2695 2734 2723 2700 2700 2721 2692 2705 2702 2705 2716 2704 2724 2707 2694 2720 2702 2696 2716 2730 2732 2711 2711 2720 2741 2746 2736 2686 2721 2695 2741 2727 2732 2743 2717 2725 2747 2746 2720 2722 2755 2725 2758 2738 2745 2710 2730 2731 2717 2735 2711 2729 2741 2748 2735 2748 2745 2754 2732 2744 2750 2719 2739 2743 2760 2751 2705 2742 2747 2774 2739 2758 2757 2695 2768 2760 2744 2747 2747 2772 2752 2757 2741 2727 2753 2763 2759 2744 2748 2740 2758

Tree=0
num_leaves=28
num_cat=0
split_feature=11 46 48 47 8 16 9 56 11 57 49 17 6 58 36 46 4 57 51 8 4 22 1 10 32 1 20
split_gain=315.471 6.28417 10.2445 13.2658 12.15 5.54664 15.3338 15.7359 2.28209 2.21944 6.39068 7.88222 2.16804 1.2 1.14545 1.06522 0.990408 1.62963 2.9037 0.759804 0.57563 0.399438 0.394671 0.174522 0.173154 0.0479798 0.047619
threshold=-0.032701564615071434 23.850000000000005 7.5000000000000009 34.500000000000007 3.5000000000000004 24.750000000000004 141.50000000000003 11.65 -0.097964660725097338 263.50000000000006 1.0000000180025095e-35 21.500000000000004 26.500000000000004 1006.4500000000002 248.08303570000001 23.650000000000002 14.500000000000002 290.50000000000006 363.50000000000006 2.5000000000000004 16.500000000000004 1.0000000180025095e-35 75.214285715000017 -0.97335555334614932 1230.1714290000002 920.75000000000011 78.500000000000014
decision_type=2 2 2 2 2 2 2 2 2 2 2 2 2 2 2 2 2 2 2 2 2 2 2 2 2 2 2
left_child=1 2 16 4 13 6 7 14 20 10 11 19 23 -4 -2 -5 24 18 -18 -7 25 -12 26 -8 -1 -3 -11
right_child=5 8 3 15 -6 9 12 -9 -10 22 21 -13 -14 -15 -16 -17 17 -19 -20 -21 -22 -23 -24 -25 -26 -27 -28
leaf_value=65.44460597991943 40.103418502807614 39.409882850646973 36.970855979919435 60.971231346130367 61.559284629821775 36.970855979919435 37.133927407264707 36.970855979919435 38.314427375793457 36.970855979919435 36.970855979919435 47.070570030212401 37.051855981349945 36.970855979919435 61.928605613708498 56.387605247497561 49.544471855163572 47.608856163024903 45.635177421569821 36.970855979919435 41.531981163024902 36.970855979919435 37.432855968475344 36.970855979919435 63.358641929626465 56.071856346130375 36.970855979919435
leaf_weight=129 20 20 40 49 20 20 20 31 31 400 158 35 29 20 35 23 24 44 30 31 39 20 21 137 20 475 20
leaf_count=129 20 20 40 49 20 20 20 31 31 400 158 35 29 20 35 23 24 44 30 31 39 20 21 137 20 475 20
internal_value=38.1143 38.1265 38.1236 38.1174 38.109 38.1023 38.1059 38.1164 38.1285 38.1009 38.103 38.1097 38.1011 38.1023 38.126 38.1268 38.1273 38.125 38.1215 38.1022 38.1289 38.0998 38.0996 38.0997 38.1289 38.1292 38.0994
internal_weight=1941 964 399 152 80 977 272 86 565 705 264 86 186 60 55 72 247 98 54 51 534 178 441 157 149 495 420
internal_count=1941 964 399 152 80 977 272 86 565 705 264 86 186 60 55 72 247 98 54 51 534 178 441 157 149 495 420
is_linear=0
shrinkage=1


Tree=1
num_leaves=26
num_cat=0
split_feature=11 9 57 17 15 56 9 6 16 28 6 6 2 11 10 18 2 11 1 28 1 57 36 10 1
split_gain=313.839 6.08598 22.6071 8.11906 5.30139 7.01147 9.36542 11.2515 11.7578 4.2836 3.04295 14.0443 8.30106 2.94089 2.28913 1.8647 2.5513 1.41644 1.08444 0.680272 0.296735 0.400742 0.267792 0.454212 0.0429078
threshold=-0.032701564615071434 141.50000000000003 287.50000000000006 37.500000000000007 84.500000000000014 12.250000000000002 149.50000000000003 27.500000000000004 24.650000000000002 1005.9500000000002 27.500000000000004 28.500000000000004 3277.7857145000003 0.032701564615071184 0.58216583101416164 4.5000000000000009 0.56250000000000011 -0.097964660725097338 1686.6428575000002 1007.2500000000001 1686.6428575000002 271.50000000000006 197.33750000000003 0.97335555334614954 1875.4375000000002
decision_type=2 2 2 2 2 2 2 2 2 2 2 2 2 2 2 2 2 2 2 2 2 2 2 2 2
left_child=1 2 3 -1 5 6 7 8 9 14 17 12 -12 -7 -2 -10 19 20 -4 -17 21 -3 23 -6 -13
right_child=4 10 18 -5 22 13 -8 -9 15 -11 11 24 -14 -15 -16 16 -18 -19 -20 -21 -22 -23 -24 -25 -26
leaf_value=-1.109125679397583 24.62622203178406 3.1077907527923583 2.5479322414398191 3.4643444011688231 -1.109125679397583 -0.12333960549831388 -1.109125679397583 29.29931173210144 -1.109125679397583 -1.109125679397583 13.386639359664919 1.7846353008270264 -1.109125679397583 -1.109125679397583 0.74624892539978016 -1.109125679397583 -0.10682986078262327 0.23469220161437987 18.192415842819212 -1.109125679397583 20.873612742233274 1.4325149917602538 -1.109125679397583 -1.109125679397583 15.575787186813354
leaf_weight=42 26 27 20 23 21 20 100 25 65 20 20 20 27 227 20 21 24 23 131 28 488 22 349 31 121
leaf_count=42 26 27 20 23 21 20 100 25 65 20 20 20 27 227 20 21 24 23 131 28 488 22 349 31 121
internal_value=-6.95518e-05 0.0120747 0.00763889 -0.00715385 -0.0120522 -0.0102083 -0.00734043 -0.00399563 -0.00632353 0.00409091 0.0133556 0.0100532 -0.00414894 -0.0140283 0.00913043 -0.0113043 -0.0080137 0.0144643 0.0140066 -0.0119388 0.0147765 0.012551 -0.0147007 -0.0126923 0.0147872
internal_weight=1941 964 216 65 977 576 329 229 204 66 748 188 47 247 46 138 73 560 151 49 537 49 401 52 141
internal_count=1941 964 216 65 977 576 329 229 204 66 748 188 47 247 46 138 73 560 151 49 537 49 401 52 141
is_linear=0
shrinkage=0.03


Tree=2
num_leaves=30
num_cat=0
split_feature=11 9 27 15 44 57 9 19 26 58 11 36 11 46 18 24 2 1 35 11 58 48 36 20 2 11 1 1 27
split_gain=309.01 6.04021 23.266 5.12629 6.72023 9.17883 12.2036 10.4924 5.31225 4.06925 2.79182 1.89388 1.71322 1.78618 3.37656 6.8837 1.5307 1.03404 0.658293 0.646154 0.6318 0.699889 0.340882 0.558313 0.172414 0.148718 0.109091 0.0636157 0.109091
threshold=-0.032701564615071434 141.50000000000003 284.50000000000006 84.500000000000014 28.750000000000004 290.50000000000006 141.50000000000003 1.0000000180025095e-35 10.750000000000002 1003.6500000000002 0.032701564615071184 380.0750000000001 -0.097964660725097338 23.750000000000004 8.5000000000000018 613.85000000000002 6757.7857145000007 4640.2142855000011 1133.0267855000004 0.3826834323650895 1004.2500000000001 30.500000000000004 225.51875000000004 21.500000000000004 313.00000000000006 0.52778511650980109 9273.7857140000033 2010.8214285000001 283.50000000000006
decision_type=2 2 2 2 2 2 2 2 2 2 2 2 2 2 2 2 2 2 2 2 2 2 2 2 2 2 2 2 2
left_child=1 2 17 4 5 6 11 8 -8 -4 -6 -2 13 14 16 26 -3 -1 27 -7 -12 -22 23 -5 -11 -9 -16 28 -15
right_child=3 12 9 22 10 19 7 25 -10 24 20 -13 -14 18 15 -17 -18 -19 -20 -21 21 -23 -24 -25 -26 -27 -28 -29 -30
leaf_value=-1.0758519090156555 1.9391087839622496 24.303712105327605 0.83517826720046995 -1.0758519090156555 -0.14671117772555348 -1.0758519090156555 -1.0758519090156555 -1.0758519090156555 14.898475080333709 5.5896968801078799 -1.0758519090156555 22.799640571025847 0.2276514355659485 2.6008605870323178 15.175833878093719 -1.0758519090156555 8.6465811139640802 -1.0758519090156555 3.2323178611965182 -1.0758519090156555 -1.0758519090156555 -1.0758519090156555 -1.0758519090156555 -1.0758519090156555 20.109322200542451 -1.0758519090156555 19.883486768108366 18.118823427349088 2.2522386127681733
leaf_weight=20 20 148 24 26 23 20 23 20 21 20 20 29 31 33 24 30 34 27 22 84 237 21 339 36 125 58 20 384 22
leaf_count=20 20 148 24 26 23 20 23 20 21 20 20 29 31 33 24 30 34 27 22 84 237 21 339 36 125 58 20 384 22
internal_value=-0.000131376 0.0119191 0.0075 -0.0120215 -0.0102083 -0.00681818 -0.00254386 -0.00762295 0.00409091 0.0126923 -0.0133056 0.010102 0.0131952 0.0134937 0.0114844 0.00608108 0.0136813 -0.0111702 0.0146095 -0.0138462 -0.0141367 -0.0145349 -0.0146259 -0.0125806 0.0145862 -0.0142308 0.0136364 0.0148633 0.0139091
internal_weight=1941 964 216 977 576 275 171 122 44 169 301 49 748 717 256 74 182 47 461 104 278 258 401 62 145 78 44 439 55
internal_count=1941 964 216 977 576 275 171 122 44 169 301 49 748 717 256 74 182 47 461 104 278 258 401 62 145 78 44 439 55
is_linear=0
shrinkage=0.03


Tree=3
num_leaves=24
num_cat=0
split_feature=11 46 57 9 6 6 6 6 56 57 46 58 31 27 1 11 1 30 47 11 35 35 1
split_gain=307.395 5.9395 8.48778 21.304 8.2189 8.76202 5.13125 13.0561 14.5862 8.26718 4.39941 4.17916 2.37862 2.35875 2.20808 2.06906 1.51654 1.18842 1.16753 1.86667 0.862613 0.0230952 0.025
threshold=-0.032701564615071434 23.750000000000004 286.50000000000006 141.50000000000003 27.500000000000004 28.500000000000004 18.500000000000004 20.500000000000004 11.65 251.50000000000003 25.150000000000002 1003.85 9.5491071430000023 295.50000000000006 131.50000000000003 0.55557023301960229 2627.5714285000008 26.812500000000004 50.500000000000007 0.68322629814330826 1120.2687500000002 889.74196430000018 3803.0714285000008
decision_type=2 2 2 2 2 2 2 2 2 2 2 2 2 2 2 2 2 2 2 2 2 2 2
left_child=1 2 3 -1 16 -6 17 8 15 10 -9 13 -13 -3 18 -8 -5 -2 -11 -20 21 -14 -23
right_child=6 11 -4 4 5 -7 7 9 -10 14 -12 12 20 -15 -16 -17 -18 -19 19 -21 -22 22 -24
leaf_value=-1.0435763517451857 -1.0435763517451857 -0.38353567415222145 21.358586308863945 2.7988186551774215 -1.0435763517451857 26.397776841838187 0.27434432881084436 -1.0435763517451857 -1.0435763517451857 -1.0435763517451857 1.4400571351932907 0.22232186961078654 17.424041802104302 3.4515569907029344 -0.2653635085416412 21.459258531629448 20.947767265910453 -0.37591669071441647 -1.0435763517451857 -1.0435763517451857 1.8107809791381453 2.4307547161076832 11.377714016276665
leaf_weight=39 386 20 121 20 32 20 20 30 36 338 37 30 485 23 24 38 107 20 20 28 27 20 20
leaf_count=39 386 20 121 20 32 20 20 30 36 338 37 30 485 23 24 38 107 20 20 28 27 20 20
internal_value=-0.000193199 0.0118257 0.00862832 0.00509174 0.00946927 -0.000576923 -0.0120522 -0.0102189 0 -0.0122327 -0.00246269 0.01356 0.0142268 0.00453488 -0.0138293 0.00931034 0.0135827 -0.0146305 -0.0143782 -0.01 0.0146739 0.0149429 0.01425
internal_weight=1941 964 339 218 179 52 977 571 94 477 67 625 582 43 410 58 127 406 386 48 552 525 40
internal_count=1941 964 339 218 179 52 977 571 94 477 67 625 582 43 410 58 127 406 386 48 552 525 40
is_linear=0
shrinkage=0.03


Tree=4
num_leaves=29
num_cat=0
split_feature=11 58 9 57 47 15 44 47 37 10 46 48 11 46 10 56 9 37 1 11 2 11 40 2 45 10 10 2
split_gain=304.996 6.30539 11.145 13.2713 14.6762 5.00612 6.79013 7.10073 8.76302 7.33117 3.9963 6.5625 3.19579 2.9547 3.11817 2.15629 4.42428 1.4961 1.48421 1.15343 1.13956 0.78 0.304762 0.302459 0.258753 0.189247 0.0452381 0.0444751
threshold=-0.032701564615071434 1005.9500000000002 149.50000000000003 287.50000000000006 9.5000000000000018 84.500000000000014 28.550000000000004 80.500000000000014 2.5928571430000003 0.81241147629689026 23.150000000000002 8.5000000000000018 -0.290129255202841 25.050000000000004 0.81241147629689026 11.050000000000002 141.50000000000003 41.13750000000001 209.36607145000002 -0.16280825711808986 25.205357145000004 0.91037613702198772 669.15040924854179 6805.2500000000009 93.500000000000014 -0.81241147629689037 0.58216583101416164 7322.7142855000011
decision_type=2 2 2 2 2 2 2 2 2 2 2 2 2 2 2 2 2 2 2 2 2 2 2 2 2 2 2 2
left_child=1 2 3 4 17 6 7 8 9 21 11 -3 -5 14 15 16 -8 -1 -17 27 -12 -2 -6 -9 25 -7 -15 -4
right_child=5 10 19 12 22 24 13 23 -10 -11 20 -13 -14 26 -16 18 -18 -19 -20 -21 -22 -23 -24 -25 -26 -27 -28 -29
leaf_value=13.902494985535371 17.908350477256796 28.484586089707051 15.493257271684818 15.663888059027499 -1.0122690611928302 -1.0122690611928302 1.6970952416063156 -1.0122690611928302 -1.0122690611928302 -1.0122690611928302 0.39243960650524173 -1.0122690611928302 0.47382896912626304 -1.0122690611928302 5.1651948639900418 -1.0122690611928302 -1.0122690611928302 1.7564575497640011 -0.23407435394550033 0.48453429725577851 18.764625431280919 18.566132122508606 -1.0320702815206193 -1.0122690611928302 -1.0122690611928302 -1.0122690611928302 -1.0122690611928302 9.2948303438745974
leaf_weight=20 24 28 161 79 28 20 31 41 29 33 21 20 24 190 20 94 28 35 20 26 470 26 32 20 29 352 20 20
leaf_count=20 24 28 161 79 28 20 31 41 29 33 21 20 24 190 20 94 28 35 20 26 470 26 32 20 29 352 20 20
internal_value=-0.000239567 0.0117324 0.009 0.00426606 -0.00273913 -0.0120522 -0.0102604 -0.00528902 -0.000803571 0.00415663 0.0138868 0.005625 0.0120874 -0.0123945 -0.00971503 -0.0110116 -0.00635593 0.00845455 -0.0134211 0.0139855 0.0146945 0.0114 -0.013 -0.0135246 -0.0146259 -0.0148387 -0.0148571 0.0148343
internal_weight=1941 964 425 218 115 977 576 173 112 83 539 48 103 403 193 173 59 55 114 207 491 50 60 61 401 372 210 181
internal_count=1941 964 425 218 115 977 576 173 112 83 539 48 103 403 193 173 59 55 114 207 491 50 60 61 401 372 210 181
is_linear=0
shrinkage=0.03


Tree=5
num_leaves=28
num_cat=0
split_feature=1 9 27 11 9 27 17 37 16 15 2 27 58 41 18 11 46 18 32 1 11 33 37 11 30 18 1
split_gain=299.181 5.65665 22.3159 5.40052 4.60968 10.9909 9.88789 7.36836 12.0333 6.63929 3.53369 4.49387 3.27262 2.4381 2.15111 1.99038 1.72069 8.83065 0.687324 0.681818 0.64178 0.387416 0.254348 0.235714 0.190029 0.222222 0.189583
threshold=610.92857145000005 141.50000000000003 284.50000000000006 1.0000000180025095e-35 149.50000000000003 290.50000000000006 7.5000000000000009 1.0000000180025095e-35 25.650000000000002 78.500000000000014 6974.9285715000015 269.50000000000006 1003.6500000000002 319.80748522806084 3.5000000000000004 0.63405362205439486 23.150000000000002 8.5000000000000018 147.41964285000003 4961.9821430000011 0.16280825711809002 1238.6660715000003 263.65982145000004 0.44228869021900113 196.90000000000001 23.500000000000004 28.142857145000004
decision_type=2 2 2 2 2 2 2 2 2 2 2 2 2 2 2 2 2 2 2 2 2 2 2 2 2 2 2
left_child=3 2 19 14 5 6 -5 8 9 -8 16 -12 -4 -13 -1 -11 17 -3 -14 -2 -7 24 -9 -10 25 -18 -6
right_child=1 10 12 4 26 20 7 22 23 15 11 13 18 -15 -16 -17 21 -19 -20 -21 -22 -23 -24 -25 -26 -27 -28
leaf_value=-0.26853496359939338 -0.98190098935704517 24.617805587680895 0.82559809705004139 -0.98190098935704517 -0.98190098935704517 -0.98190098935704517 -0.98190098935704517 -0.98190098935704517 -0.98190098935704517 4.9296971324707464 -0.0062008431873749716 9.2006422276025539 4.9890979383073955 0.25256202575406944 0.11532712822494964 20.23074229692347 1.0685377439344932 -0.98190098935704517 18.507125511702171 -0.98190098935704517 -0.98190098935704517 16.266920341488099 -0.98190098935704517 -0.98190098935704517 18.611697706550498 1.9734103418768938 -0.64878635245900451
leaf_weight=20 20 73 23 82 364 23 33 20 20 26 37 64 20 20 25 46 36 20 122 24 274 20 26 22 425 36 20
leaf_count=20 20 73 23 82 364 23 33 20 20 26 37 64 20 20 25 46 36 20 122 24 274 20 26 22 425 36 20
internal_value=-0.000409583 0.0117447 0.00739234 -0.0118232 -0.0123013 -0.0105944 -0.00627273 -0.00256477 0.000714286 0.00614286 0.0129891 0.00830579 0.0124545 0.0121429 -0.00166667 0.01125 0.013918 0.0101613 0.0141549 -0.0115909 -0.014596 0.0145938 -0.0130435 -0.0128571 0.0147586 0.0133333 -0.0148437
internal_weight=1941 940 209 1001 956 572 275 193 147 105 731 121 165 84 45 72 610 93 142 44 297 517 46 42 497 72 384
internal_count=1941 940 209 1001 956 572 275 193 147 105 731 121 165 84 45 72 610 93 142 44 297 517 46 42 497 72 384
is_linear=0
shrinkage=0.03


Tree=6
num_leaves=29
num_cat=0
split_feature=11 11 46 18 17 58 15 14 6 56 12 6 46 36 54 12 30 15 4 58 40 26 10 36 20 3 26 18
split_gain=293.131 7.60202 5.88066 9.72122 16.7541 5.71552 4.88738 6.12049 6.93528 3.7548 5.60383 14.2397 5.33432 3.67579 3.10022 2.45305 1.67064 1.58046 1.25349 1.10602 0.988773 1.89269 0.404381 0.340882 0.558313 0.311538 0.127804 0.243763
threshold=-0.032701564615071434 -0.22695468355932455 23.750000000000004 7.5000000000000009 34.500000000000007 1006.9500000000002 84.500000000000014 27.950000000000003 18.500000000000004 12.250000000000002 0.53946920585801694 27.500000000000004 24.450000000000003 197.33750000000003 14.400000000000002 0.62334665204000361 44.249107145000004 83.500000000000014 21.500000000000004 1003.9500000000002 756.01156995625013 17.450000000000003 -0.9103761370219875 225.51875000000004 21.500000000000004 6325356.9285000013 6.3500000000000005 16.500000000000004
decision_type=2 2 2 2 2 2 2 2 2 2 2 2 2 2 2 2 2 2 2 2 2 2 2 2 2 2 2 2
left_child=1 2 3 20 5 -5 7 8 -2 10 -9 12 -12 -14 17 -16 -11 -3 -15 -4 -1 -22 -21 24 -8 -23 27 -24
right_child=6 14 19 4 -6 -7 23 9 -10 16 11 -13 13 18 15 -17 -18 -19 -20 22 21 25 26 -25 -26 -27 -28 -29
leaf_value=21.955896786261405 -0.95244395967633388 2.8621892826696378 2.9089156460696013 -0.95244395967633388 19.103993359338315 8.1932200599621385 -0.95244395967633388 -0.95244395967633388 17.086396015265571 -0.95244395967633388 14.518406877480437 27.828400340491882 -0.54912206727425472 -0.95244395967633388 0.40656348016574406 -0.97165114339428937 -0.30903247077494811 0.36661877820140787 -0.95244395967633388 4.4899250237855322 9.5895868857524089 10.338186727295533 11.44823969735752 -0.95244395967633388 -0.95244395967633388 17.847293444998716 17.92606100875242 1.9560661055227075
leaf_weight=111 22 25 27 39 53 29 26 96 20 203 26 25 29 99 36 29 26 33 30 33 28 20 38 339 36 45 395 23
leaf_count=111 22 25 27 39 53 29 26 96 20 203 26 25 29 99 36 29 26 33 30 33 28 20 38 339 36 45 395 23
internal_value=-0.000502318 0.0112344 0.0122533 0.00909231 0.00235537 -0.0075 -0.0120829 -0.0103125 0.000714286 -0.0111798 -0.009 -0.00624402 -0.00913043 -0.0112025 0.00426829 -0.000230769 -0.014083 0.00931034 -0.0133721 0.0142442 0.0130882 0.0108065 0.0145706 -0.0146259 -0.0125806 0.0136154 0.0148026 0.0135246
internal_weight=1941 964 841 325 121 68 977 576 42 534 305 209 184 158 123 65 229 58 129 516 204 93 489 401 62 65 456 61
internal_count=1941 964 841 325 121 68 977 576 42 534 305 209 184 158 123 65 229 58 129 516 204 93 489 401 62 65 456 61
is_linear=0
shrinkage=0.03


Tree=7
num_leaves=31
num_cat=0
split_feature=11 11 46 18 17 28 15 44 12 6 10 11 54 12 16 56 12 28 15 11 16 10 2 10 39 36 20 57 57 2
split_gain=289.999 7.2662 5.90396 9.19573 16.7541 6.07143 4.77007 5.70114 6.66471 7.36364 4.55285 3.47486 3.10022 2.45305 2.41949 5.09697 5.73409 1.89512 1.58046 1.43636 1.2146 0.74052 0.66282 0.406157 0.391176 0.340882 0.558313 0.313651 0.52521 0.0348485
threshold=-0.032701564615071434 -0.22695468355932455 23.750000000000004 7.5000000000000009 34.500000000000007 1006.9500000000002 84.500000000000014 28.550000000000004 0.64987354830121502 26.500000000000004 0.68322629814330837 0.032701564615071184 14.400000000000002 0.62334665204000361 24.750000000000004 11.65 0.64987354830121502 1003.85 83.500000000000014 0.29012925520284111 23.650000000000002 0.81241147629689026 6757.7857145000007 -0.9103761370219875 1097.0387277062503 225.51875000000004 21.500000000000004 312.50000000000006 324.50000000000006 5893.6428570000007
decision_type=2 2 2 2 2 2 2 2 2 2 2 2 2 2 2 2 2 2 2 2 2 2 2 2 2 2 2 2 2 2
left_child=1 2 3 20 5 -5 7 8 9 19 -10 -9 18 -14 15 16 -13 -4 -3 -2 22 -16 24 -19 -1 26 -8 -25 -29 -17
right_child=6 12 17 4 -6 -7 25 11 10 -11 -12 14 13 -15 21 29 -18 23 -20 -21 -22 -23 -24 27 -26 -27 -28 28 -30 -31
leaf_value=20.407470099444843 -0.75714316081473743 2.7763236041895487 2.5451303205799891 -0.92387064088604387 18.53087355855817 9.2062987328214767 -0.92387064088604387 -0.079611327630569939 24.875388577623806 3.4969891547615868 -0.76804930227512436 -0.92387064088604387 0.39436657576077172 -0.94250160909246061 -0.92387064088604387 -0.92387064088604387 11.91239763981665 4.355227273071967 0.35562021485536544 -0.92387064088604387 8.3346553359832001 -0.92387064088604387 7.866203698208551 17.108415912925885 24.437303005321322 -0.92387064088604387 -0.92387064088604387 4.5140392118622605 10.750690745145997 -0.92387064088604387
leaf_weight=133 20 25 22 40 53 28 26 24 20 33 21 24 36 29 249 20 20 31 33 79 25 20 26 395 20 339 36 28 40 46
leaf_count=133 20 25 22 40 53 28 26 24 20 33 21 24 36 29 249 20 20 31 33 79 25 20 26 395 20 339 36 28 40 46
internal_value=-0.000595054 0.0110788 0.0120749 0.00890769 0.00235537 -0.0075 -0.0121136 -0.0103646 -0.00580925 -0.00909091 0.0047561 -0.0123201 0.00426829 -0.000230769 -0.0130211 -0.00927273 -0.00136364 0.0140698 0.00931034 -0.0131818 0.0127941 -0.0145539 0.0136592 0.0144534 0.0144118 -0.0146259 -0.0125806 0.014676 0.0127941 -0.0145455
internal_weight=1941 964 841 325 121 68 977 576 173 132 41 403 123 65 379 110 44 516 58 99 204 269 179 494 153 401 62 463 68 66
internal_count=1941 964 841 325 121 68 977 576 173 132 41 403 123 65 379 110 44 516 58 99 204 269 179 494 153 401 62 463 68 66
is_linear=0
shrinkage=0.03


Tree=8
num_leaves=31
num_cat=0
split_feature=11 11 46 18 17 58 6 6 56 48 12 17 10 58 8 41 20 58 6 16 44 56 40 41 3 10 12 18 37 21
split_gain=283.109 10.3404 5.33174 8.93846 16.7541 5.71552 4.67948 12.8985 12.9029 4.02115 3.35467 2.71954 2.46773 2.13301 1.86778 1.4208 2.18394 1.34337 1.51351 1.15761 0.676131 5.50198 0.642779 1.16206 0.451334 0.340808 0.312572 0.719697 0.254348 0.18995
threshold=1.0000000180025095e-35 -0.22695468355932455 23.750000000000004 7.5000000000000009 34.500000000000007 1006.9500000000002 18.500000000000004 20.500000000000004 11.65 62.500000000000007 0.62334665204000361 27.500000000000004 0.91037613702198772 1007.0500000000001 2.5000000000000004 336.58613312049175 19.500000000000004 1004.85 17.500000000000004 23.650000000000002 28.450000000000003 8.8000000000000025 877.42354912291682 231.06806279970689 6386244.4285000013 -0.9103761370219875 0.68821212559966971 5.5000000000000009 613.01250000000016 14.500000000000002
decision_type=2 2 2 2 2 2 2 2 2 2 2 2 2 2 2 2 2 2 2 2 2 2 2 2 2 2 2 2 2 2
left_child=1 2 3 19 5 -5 29 8 11 12 15 -8 20 -14 -12 16 24 18 28 22 21 -9 -1 -24 -3 -19 -27 -28 -4 -2
right_child=6 10 17 4 -6 -7 7 9 -10 -11 14 -13 13 -15 -16 -17 -18 25 -20 -21 -22 -23 23 -25 -26 26 27 -29 -30 -31
leaf_value=20.342050798635182 -0.89615452165946263 1.0142130142727903 8.0063590529630435 -0.89615452165946263 17.974947351801422 7.6712344961786298 22.860465060173425 -0.89615452165946263 -0.89615452165946263 -0.79108380657777089 -1.0375507556187242 0.55661402045654151 -0.38065904685172341 -0.89615452165946263 0.18163096153058461 -0.062922481377799919 0.11786109025630011 5.195543838849634 1.1478228109097439 8.084615675903704 -0.89615452165946263 2.4602610906017137 17.479305484390988 10.283591502465175 1.4525774034910783 15.704353964151675 20.306027144718517 1.3621479329908399 14.831906931901745 -0.75548776380454652
leaf_weight=133 378 26 20 39 53 29 28 116 34 26 20 30 22 26 25 21 29 20 24 25 254 22 24 22 23 366 38 22 26 20
leaf_count=133 378 26 20 39 53 29 28 116 34 26 20 30 22 26 25 21 29 20 24 25 254 22 24 22 23 366 38 22 26 20
internal_value=-0.000734158 0.0105533 0.0118252 0.00881538 0.00235537 -0.0075 -0.012364 -0.0105914 -0.000326087 -0.012618 0.003125 0.00827586 -0.0132955 -0.006875 -0.00366667 0.00621212 0.00807692 0.0137209 0.00985714 0.0126471 -0.0140816 -0.0123913 0.0134916 0.0104348 0.0119388 0.0143274 0.014507 0.0125 0.0130435 -0.0148492
internal_weight=1941 985 841 325 121 68 956 558 92 466 144 58 440 48 45 99 78 516 70 204 392 138 179 46 49 446 426 60 46 398
internal_count=1941 985 841 325 121 68 956 558 92 466 144 58 440 48 45 99 78 516 70 204 392 138 179 46 49 446 426 60 46 398
is_linear=0
shrinkage=0.03


Tree=9
num_leaves=31
num_cat=0
split_feature=31 42 4 46 48 47 6 6 56 57 41 4 46 12 17 10 46 46 8 46 4 6 12 54 8 31 2 4 31 34
split_gain=249.154 26.0968 10.58 5.43038 8.42902 15.3603 5.27659 13.3374 12.6117 7.32769 4.93814 4.80571 4.62261 3.17844 2.58721 2.47783 3.92001 2.06148 1.88123 1.50893 1.35149 1.89804 0.601124 1.61024 0.692281 0.687904 0.466667 0.222892 0.19005 0.168
threshold=78.218750000000014 7.6392857144999899 16.500000000000004 23.750000000000004 8.5000000000000018 34.500000000000007 18.500000000000004 20.500000000000004 11.65 251.50000000000003 356.70279228116334 3.5000000000000004 23.150000000000002 0.64987354830121502 27.500000000000004 0.84874750804349197 25.550000000000004 25.150000000000002 2.5000000000000004 24.450000000000003 14.500000000000002 23.500000000000004 0.62334665204000361 631.10000000000014 5.5000000000000009 154.23571425000003 6566.2857145000007 15.500000000000002 14.437500000000002 1029.6071430000002
decision_type=2 2 2 2 2 2 2 2 2 2 2 2 2 2 2 2 2 2 2 2 2 2 2 2 2 2 2 2 2 2
left_child=1 6 3 4 20 12 28 8 14 11 13 -9 -6 19 -8 -11 -17 -13 -3 -4 29 26 25 24 -24 -5 -22 -27 -1 -2
right_child=2 18 10 22 5 -7 7 9 -10 15 -12 17 -14 -15 -16 16 -18 -19 -20 -21 21 -23 23 -25 -26 27 -28 -29 -30 -31
leaf_value=-0.86926988600967869 21.770740211305348 0.12188233101981893 1.7427973546529694 1.9258733032958542 -0.86926988600967869 18.097371092660286 22.174651108368224 13.929174138681025 -0.86926988600967869 -0.86926988600967869 -0.43035079614445337 -0.86926988600967869 7.1589524142046468 -0.88310003815112514 0.68166342766045418 8.5630195367790343 -0.86926988600967869 -0.14130970282565058 0.98155218482361073 0.41595886263826182 9.7375505185332276 1.9279588800581522 18.482945699852817 2.1037829376033308 5.4232970750214831 16.527163599267368 7.2137741324594522 8.6584572537478746 -0.82148134587028088 21.762231498735748
leaf_weight=382 105 29 36 20 32 56 28 20 32 343 22 23 39 23 31 21 36 27 37 28 20 20 80 24 27 296 28 36 20 20
leaf_count=382 105 29 36 20 32 56 28 20 32 343 22 23 39 23 31 21 36 27 37 28 20 20 80 24 27 296 28 36 20 20
internal_value=-0.000857805 -0.0109767 0.0105592 0.0117497 0.00871875 0.00271654 -0.0122274 -0.0103476 0.000164835 -0.012383 0.00178899 -0.00342857 -0.0065493 0.005 0.00838983 -0.01395 -0.00815789 -0.0084 0.00727273 0.0084375 0.0126684 0.00926471 0.0137578 0.0120229 0.0135981 0.0144034 0.0125 0.0147289 -0.0148507 0.01452
internal_weight=1941 1029 912 803 320 127 963 561 91 470 109 70 71 87 59 400 57 50 66 64 193 68 483 131 107 352 48 332 402 125
internal_count=1941 1029 912 803 320 127 963 561 91 470 109 70 71 87 59 400 57 50 66 64 193 68 483 131 107 352 48 332 402 125
is_linear=0
shrinkage=0.03


Tree=10
num_leaves=31
num_cat=0
split_feature=11 11 12 12 28 12 57 17 56 56 34 11 41 29 46 45 48 48 53 12 36 14 10 57 4 10 10 57 21 15
split_gain=271.672 7.70371 5.9999 16.9536 7.45119 4.38491 10.584 9.40179 8.46772 12.9277 4.17032 3.48503 3.08448 2.58776 2.49039 2.45165 7.09647 2.42673 2.07308 1.86912 1.87208 1.41515 1.23419 0.821407 0.719957 0.613155 0.276923 0.230769 0.189583 0.0487125
threshold=-0.097964660725097338 1.0000000180025095e-35 0.64987354830121502 0.66285048286959747 1003.4500000000002 0.53946920585801694 290.50000000000006 7.5000000000000009 7.2000000000000002 12.350000000000003 2.7142857145000003 -0.41248606129204524 280.8678309905435 0.25000000000000006 24.850000000000005 59.500000000000007 8.5000000000000018 1.0000000180025095e-35 164.50000000000003 0.62334665204000361 9.2428571430000002 28.150000000000002 0.84874750804349197 290.50000000000006 15.500000000000002 0.95642797789208711 -0.13052619222005163 262.50000000000006 19.500000000000004 61.500000000000007
decision_type=2 2 2 2 2 2 2 2 2 2 2 2 2 2 2 2 2 2 2 2 2 2 2 2 2 2 2 2 2 2
left_child=2 19 11 -4 -5 28 7 -7 21 10 22 15 13 27 23 16 18 -14 -1 20 -2 -9 26 -6 29 -8 -10 -13 -3 -17
right_child=1 5 3 4 14 6 25 8 9 -11 -12 12 17 -15 -16 24 -18 -19 -20 -21 -22 -23 -24 -25 -26 -27 -28 -29 -30 -31
leaf_value=5.2071512160262357 0.28040447828544135 -0.84319178942938833 -0.84319178942938833 -1.0834444218259844 17.282862017735692 -0.84319178942938833 -0.84319178942938833 -0.87326066398783719 10.2039722255659 -0.84319178942938833 -0.84319178942938833 2.1583059854135351 1.624779601899784 0.50097668364361803 0.72529677037574936 17.949062888750696 -0.84319178942938833 -0.69454385421546583 19.637687327050138 -0.89413771918477458 -0.0593480691207003 -0.84319178942938833 6.6747167287275371 14.748209841625465 6.2349725661238917 -0.84319178942938833 15.381550007636138 3.704353815033103 -0.64844539742629459 16.24266544733041
leaf_weight=20 22 364 29 20 23 81 275 27 20 31 22 26 29 28 26 67 36 22 110 20 20 40 20 108 30 24 32 52 20 297
leaf_count=20 22 364 29 20 23 81 275 27 20 31 22 26 29 28 26 67 36 22 110 20 20 40 20 108 30 24 32 52 20 297
internal_value=-0.00101236 -0.0116994 0.0107746 0.00626214 0.00974576 -0.012364 -0.0106993 -0.00642857 -0.0028125 0.0018 0.00734043 0.0120711 0.00812102 0.0110377 0.0119427 0.0131786 0.0101205 0.00205882 0.0133846 -0.00145161 0.00214286 -0.0114179 0.0108333 0.013626 0.014467 -0.0145987 0.0132692 0.0138462 -0.0148437 0.0148352
internal_weight=1941 1018 923 206 177 956 572 273 192 125 94 717 157 106 157 560 166 51 130 62 42 67 72 131 394 299 52 78 384 364
internal_count=1941 1018 923 206 177 956 572 273 192 125 94 717 157 106 157 560 166 51 130 62 42 67 72 131 394 299 52 78 384 364
is_linear=0
shrinkage=0.03


Tree=11
num_leaves=31
num_cat=0
split_feature=1 9 27 6 6 24 16 9 56 10 1 10 8 16 1 17 49 57 8 31 10 6 14 47 4 40 10 21 23 1
split_gain=270.581 6.96682 18.7759 5.92412 12.894 5.63333 5.37077 11.4705 12.7075 4.77609 3.66238 3.57775 7.5891 3.45392 2.50306 2.31724 2.14971 8.34533 6.41898 1.60714 1.34895 1.10119 0.905295 0.713513 0.55662 0.921951 0.144997 0.0476744 0.040099 0.0311321
threshold=610.92857145000005 141.50000000000003 287.50000000000006 27.500000000000004 28.500000000000004 415.65000000000003 24.750000000000004 141.50000000000003 11.65 0.16280825711809008 127.93750000000001 -0.88144907265856332 3.5000000000000004 24.550000000000004 209.36607145000002 27.500000000000004 1.0000000180025095e-35 251.50000000000003 2.5000000000000004 211.71250000000003 0.95642797789208711 26.500000000000004 31.150000000000002 48.500000000000007 13.500000000000002 870.59410466666679 0.98611507088852057 52.000000000000007 230.50000000000003 1784.5714285000001
decision_type=2 2 2 2 2 2 2 2 2 2 2 2 2 2 2 2 2 2 2 2 2 2 2 2 2 2 2 2 2 2
left_child=6 2 5 11 9 -2 7 8 15 -5 21 12 29 22 16 -1 17 18 -8 -6 27 -9 -4 -19 -21 -26 -18 -13 -24 -3
right_child=1 3 13 4 19 -7 14 10 -10 -11 -12 20 -14 -15 -16 -17 26 23 -20 24 -22 -23 28 -25 25 -27 -28 -29 -30 -31
leaf_value=21.203292408350194 2.8481980532517914 1.8888602723621364 3.9394176838569419 -1.5155994714619869 0.39322599439115646 -1.050941089171205 -0.81789603574650682 -0.81789603574650682 -0.82257067590483435 4.4547776320515258 -0.037454754089607363 14.299463256607661 -0.39239225803465144 0.50510986865311236 -0.11300401014674286 1.1798990239219325 -0.81789603574650682 -0.81789603574650682 6.9843252892221104 13.572926817955908 0.83152493221203594 -0.82032603578942209 15.892649846948224 -0.82104815719895752 1.3825198494884963 9.0586412942899468 -0.81789603574650682 17.449841976326585 16.261388804186542 7.5073151689530908
leaf_weight=28 20 20 21 26 28 40 28 148 31 20 25 20 29 27 29 30 426 165 25 71 33 20 81 20 20 21 26 410 20 33
leaf_count=28 20 20 21 26 28 40 28 148 31 20 25 20 29 27 29 30 426 165 25 71 33 20 81 20 20 21 26 410 20 33
internal_value=-0.00105873 0.0105 0.00566986 0.011881 0.00725806 -0.0085 -0.0119131 -0.00840426 0.000505618 -0.00652174 -0.012513 0.0134587 0.00768293 0.0113758 -0.0132893 0.0087931 -0.0136522 -0.0113445 -0.000849057 0.0117857 0.0144816 -0.0141071 0.0135246 -0.0143514 0.0133929 0.0106098 -0.0148673 0.0149302 0.014703 0.014434
internal_weight=1941 940 209 731 186 60 1001 282 89 46 193 545 82 149 719 58 690 238 53 140 463 168 122 185 112 41 452 430 101 53
internal_count=1941 940 209 731 186 60 1001 282 89 46 193 545 82 149 719 58 690 238 53 140 463 168 122 185 112 41 452 430 101 53
is_linear=0
shrinkage=0.03


Tree=12
num_leaves=31
num_cat=0
split_feature=1 58 47 8 57 16 9 56 48 1 41 46 18 53 26 1 17 57 9 9 58 44 31 9 8 16 30 40 28 52
split_gain=263.597 6.63262 10.6322 11.7626 7.39501 5.55583 11.4705 12.7075 5.11737 3.66238 3.29633 3.22459 7.46667 2.74757 2.66284 2.55168 2.31724 1.72973 4.9844 8.69928 1.15201 1.01186 0.910154 0.905524 1.86667 0.85119 0.46861 0.640244 0.365195 0.309783
threshold=610.92857145000005 1006.0500000000001 68.500000000000014 2.5000000000000004 265.50000000000006 24.750000000000004 141.50000000000003 11.65 7.5000000000000009 127.93750000000001 294.98287626897502 23.150000000000002 8.5000000000000018 59.500000000000007 6.7000000000000002 209.36607145000002 27.500000000000004 259.50000000000006 149.50000000000003 148.50000000000003 1005.4500000000002 28.450000000000003 134.97767855000004 138.50000000000003 5.5000000000000009 24.650000000000002 222.95625000000004 33.226326885145838 1005.5500000000001 172.50000000000003
decision_type=2 2 2 2 2 2 2 2 2 2 2 2 2 2 2 2 2 2 2 2 2 2 2 2 2 2 2 2 2 2
left_child=5 2 3 8 -5 6 7 16 -2 25 28 12 -3 14 -13 17 -1 18 19 21 -12 -7 -4 24 -15 -8 27 -25 -6 -24
right_child=1 11 22 4 10 15 9 -9 -10 -11 20 13 -14 23 -16 -17 -18 -19 -20 -21 -22 -23 29 26 -26 -27 -28 -29 -30 -31
leaf_value=20.567193636099692 5.2190888943054929 23.300463684577679 0.70209494748247125 -0.596795455933811 7.2875701070246173 -0.79335915467411156 -0.79335915467411156 -0.79789355562768938 -0.86282600776581064 -0.036331111466919093 0.92388107747145476 -0.016387293942667219 -1.4557721833325565 17.502100901260121 4.6018514622988018 -0.10961388984234059 1.1445020532042744 -0.79335915467411156 -0.79335915467411156 19.331836477697291 -0.15659269908043696 -0.79335915467411156 13.506223775459375 2.7801235460526055 1.5422798380817977 -0.79335915467411156 16.811015590831637 5.3647125100682054 11.622321996277673 7.5179196957308401
leaf_weight=28 32 28 20 35 77 33 143 31 44 25 26 22 20 28 21 29 30 442 156 23 20 36 114 21 20 25 341 20 27 24
leaf_count=28 32 28 20 35 77 33 143 31 44 25 26 22 20 28 21 29 30 442 156 23 20 36 114 21 20 25 341 20 27 24
internal_value=-0.00125966 0.0101489 0.0073389 0.00362069 0.0077027 -0.011973 -0.00840426 0.000505618 -0.00631579 -0.012513 0.0106 0.0124088 0.005 0.0131607 0.00593023 -0.0133727 0.0087931 -0.0137391 -0.0117339 -0.00619565 0.00391304 -0.0115217 0.013481 0.0138837 0.01 -0.0141071 0.0143717 0.0113415 0.0135577 0.0143478
internal_weight=1941 940 419 261 185 1001 282 89 76 193 150 521 48 473 43 719 58 690 248 92 46 69 158 430 48 168 382 41 104 138
internal_count=1941 940 419 261 185 1001 282 89 76 193 150 521 48 473 43 719 58 690 248 92 46 69 158 430 48 168 382 41 104 138
is_linear=0
shrinkage=0.03


Tree=13
num_leaves=31
num_cat=0
split_feature=1 58 6 6 57 16 12 56 47 11 1 32 46 18 53 36 18 46 17 57 12 6 6 44 46 31 37 12 3 10
split_gain=258.346 7.0882 11.7946 10.9665 6.17652 5.46291 11.4705 12.7075 4.8 3.8974 3.66238 3.27234 3.12512 7.46667 2.87946 2.83527 2.46567 2.42881 2.31724 1.75257 4.73389 8.77123 1.10119 1.02511 0.972131 0.625 0.473469 0.415575 0.625 0.354775
threshold=610.92857145000005 1006.0500000000001 18.500000000000004 20.500000000000004 265.50000000000006 24.750000000000004 0.64987354830121502 11.65 46.500000000000007 -0.41248606129204524 127.93750000000001 380.0750000000001 23.150000000000002 8.5000000000000018 107.50000000000001 29.999107145000004 23.500000000000004 24.450000000000003 27.500000000000004 259.50000000000006 0.53946920585801694 27.500000000000004 26.500000000000004 28.450000000000003 23.850000000000005 242.59285715000001 91.033928570000015 0.68821212559966971 6284456.1430000011 0.98611507088852057
decision_type=2 2 2 2 2 2 2 2 2 2 2 2 2 2 2 2 2 2 2 2 2 2 2 2 2 2 2 2 2 2
left_child=5 2 9 8 -5 6 10 18 -4 -2 22 -6 13 -3 16 -7 -14 25 -8 20 -17 23 -1 -22 -13 -11 -18 -16 -29 -21
right_child=1 12 3 4 11 15 7 -9 -10 17 -12 24 14 -15 27 19 26 -19 -20 29 21 -23 -24 -25 -26 -27 -28 28 -30 -31
leaf_value=-0.76955838003388821 14.781020190005428 22.601449774040351 -0.99352807626309447 -1.2705466807631505 -0.044705129961267784 -0.058662897290335712 19.950177827016699 -0.77395674895885869 9.5405152094038677 0.82438477401238297 -0.03524117812291145 12.139460298711054 0.74692208434641905 -1.4120990178325799 15.978635709160464 -0.76955838003388821 0.96926219292512705 0.17361685294247309 1.110166991608146 -0.76955838003388821 -0.76955838003388821 18.751881383366374 -0.77191548007551614 -0.76955838003388821 1.848984260833892 4.3964833003980601 3.6528307675547329 19.448266770058094 12.111156134988578 -0.76955838003388821
leaf_weight=148 148 28 40 20 22 22 28 31 20 20 25 57 38 20 346 159 20 35 30 421 33 23 20 37 37 20 29 20 20 24
leaf_count=148 148 28 40 20 22 22 28 31 20 20 25 57 38 20 346 159 20 35 30 421 33 23 20 37 37 20 29 20 20 24
internal_value=-0.00133694 0.00995745 0.00705251 0.00168367 0.00639706 -0.0119431 -0.00840426 0.000505618 -0.009 0.0117713 -0.012513 0.00905172 0.0122937 0.005 0.0130338 -0.013331 0.00810345 0.0062 0.0087931 -0.0136657 -0.0116667 -0.00629032 -0.0141071 -0.0115714 0.0114894 0.01125 0.012551 0.0141451 0.01125 -0.0147978
internal_weight=1941 940 419 196 136 1001 282 89 60 223 193 116 521 48 473 719 87 75 58 697 252 93 168 70 94 40 49 386 40 445
internal_count=1941 940 419 196 136 1001 282 89 60 223 193 116 521 48 473 719 87 75 58 697 252 93 168 70 94 40 49 386 40 445
is_linear=0
shrinkage=0.03


Tree=14
num_leaves=31
num_cat=0
split_feature=11 11 16 18 6 6 56 56 28 49 48 19 49 17 54 28 6 23 54 48 42 28 49 44 26 12 2 16 3 21
split_gain=250.946 11.5154 5.19725 17.3774 4.51526 12.092 12.3358 4.14322 5.21368 4.34603 3.97611 3.51545 3.30183 3.15402 2.97619 2.4402 7.20474 4.5782 2.9037 1.81363 1.37407 1.72857 1.25011 2.30181 3.70991 1.1843 1.67619 0.875214 0.597468 0.427387
threshold=1.0000000180025095e-35 -0.47114434510950048 23.150000000000002 8.5000000000000018 18.500000000000004 20.500000000000004 11.65 20.250000000000004 1004.9500000000002 1.5000000000000002 62.500000000000007 6.5000000000000009 15.500000000000002 27.500000000000004 147.05000000000004 1005.9500000000002 18.500000000000004 163.50000000000003 720.30000000000007 18.500000000000004 24.63660700000003 1005.5500000000001 1.0000000180025095e-35 28.450000000000003 8.6500000000000004 0.68821212559966971 1991.4285715000003 25.050000000000004 6320405.9375000009 14.500000000000002
decision_type=2 2 2 2 2 2 2 2 2 2 2 2 2 2 2 2 2 2 2 2 2 2 2 2 2 2 2 2 2 2
left_child=1 2 3 28 29 6 13 8 9 -3 22 20 -13 -6 -11 16 -4 18 -18 -14 21 -10 23 24 -7 -17 -27 -25 -1 -2
right_child=4 7 15 -5 5 10 -8 -9 11 14 -12 12 19 -15 -16 25 17 -19 -20 -21 -22 -23 -24 27 -26 26 -28 -29 -30 -31
leaf_value=17.818405515730685 -0.74647162863287153 -1.2324302803402558 14.403087363812897 -0.73067718055050357 19.351672492206202 -0.74647162863287153 -0.74647162863287153 2.5483524243356075 3.4168430581995142 1.6442447098039121 -0.64443394668057563 -0.28700252194082904 0.93738835554223643 0.30358133428586964 -0.29528945348662494 15.907757647841592 1.7282310602786013 -1.7403714341900944 13.445497614170689 -0.014604808406388087 3.5432458445280903 0.45843241526492551 -0.74647162863287153 -0.74761482215306108 2.6287151183285684 8.252445693527207 16.74651849288864 -0.74647162863287153 19.580103438959881 -0.61926686258681651
leaf_weight=20 378 20 118 36 28 40 34 30 20 30 26 29 29 30 40 329 30 21 24 21 51 36 232 30 21 20 22 117 59 20
leaf_count=20 378 20 118 36 28 40 34 30 20 30 26 29 29 30 40 329 30 21 24 21 51 36 232 30 21 20 22 117 59 20
internal_value=-0.00138331 0.00924365 0.0114212 0.0056087 -0.0123326 -0.0105914 -0.000652174 0.00441176 0.00326087 -0.00266667 -0.0125536 0.00612903 0.00132911 0.00775862 0.000857143 0.0126064 0.00987047 0.0026 0.00722222 0.006 0.0096729 0.00642857 -0.0132273 -0.0115385 -0.00663934 0.0140296 0.00928571 -0.0135714 0.013481 -0.0147739
internal_weight=1941 985 679 115 956 558 92 306 276 90 466 186 79 58 70 564 193 75 54 50 107 56 440 208 61 371 42 147 79 398
internal_count=1941 985 679 115 956 558 92 306 276 90 466 186 79 58 70 564 193 75 54 50 107 56 440 208 61 371 42 147 79 398
is_linear=0
shrinkage=0.03


Tree=15
num_leaves=31
num_cat=0
split_feature=11 11 11 46 48 6 6 56 48 17 56 58 48 19 24 58 6 53 10 9 40 48 14 42 9 2 33 11 56 3
split_gain=246.359 6.9934 6.55923 5.3091 17.0835 4.51526 12.092 12.3358 3.97611 3.15402 2.64308 3.77698 4.22649 3.3025 2.86052 2.25175 8.4257 4.85514 1.96364 1.95161 1.89394 1.6993 1.6 1.28926 1.10274 1.67619 1.02461 0.694141 4.35694 0.589474
threshold=-0.097964660725097338 1.0000000180025095e-35 -0.5 23.150000000000002 8.5000000000000018 18.500000000000004 20.500000000000004 11.65 62.500000000000007 27.500000000000004 20.350000000000005 1004.9500000000002 4.5000000000000009 6.5000000000000009 200.45000000000002 1005.9500000000002 18.500000000000004 163.50000000000003 0.91037613702198772 147.50000000000003 881.97760418333348 40.500000000000007 28.950000000000003 33.467857149999993 138.50000000000003 2193.2142855000006 766.22410715000012 0.88144907265856365 10.850000000000003 6321775.2855000012
decision_type=2 2 2 2 2 2 2 2 2 2 2 2 2 2 2 2 2 2 2 2 2 2 2 2 2 2 2 2 2 2
left_child=2 19 3 4 29 -3 7 9 18 -7 11 12 -4 26 23 16 -5 20 27 -2 -18 -20 -14 -15 25 -17 -13 -8 -29 -1
right_child=1 5 10 15 -6 6 8 -9 -10 -11 -12 13 22 14 -16 24 17 -19 21 -21 -22 -23 -24 -25 -26 -27 -28 28 -30 -31
leaf_value=18.749559683871396 -0.20161835903153552 -0.72407747977388548 1.0650700972476377 13.97099474289851 -0.70875686513398839 18.771122317440014 -0.72407747977388548 -0.72407747977388548 -0.6251009282801584 0.29447389425729359 3.8805382796326806 4.0507156196875851 -0.20947777627314507 1.0613304985215062 -0.22514247951465691 8.0048723227213916 0.55002452132926216 -1.6881602911643914 -0.36050197121117966 0.083357929306251466 8.8251531361669873 -0.73399710130216334 -1.0330792247702847 0.44332493653945682 15.761757218211029 15.943611939012287 1.3284831162773016 -0.72407747977388548 -0.72407747977388548 18.931319550459843
leaf_weight=20 31 398 31 112 36 28 250 34 26 30 25 82 20 21 26 20 20 21 26 31 24 22 20 20 327 22 20 116 26 56
leaf_count=20 31 398 31 112 36 28 250 34 26 30 25 82 20 21 26 20 20 21 26 31 24 22 20 20 327 22 20 116 26 56
internal_value=-0.00152241 -0.0116994 0.00970206 0.011307 0.00535714 -0.0123326 -0.0105914 -0.000652174 -0.0125536 0.00775862 0.00571698 0.00475 -0.00105634 0.00718935 0.00201493 0.0125275 0.00974576 0.00115385 -0.0132273 -0.00193548 0.00681818 -0.0075 -0.0075 0.00695122 0.0138618 0.00928571 0.0105882 -0.0139286 -0.0122535 0.0134211
internal_weight=1941 1018 923 658 112 956 558 92 466 58 265 240 71 169 67 546 177 65 440 62 44 48 40 41 369 42 102 392 142 76
internal_count=1941 1018 923 658 112 956 558 92 466 58 265 240 71 169 67 546 177 65 440 62 44 48 40 41 369 42 102 392 142 76
is_linear=0
shrinkage=0.03


Tree=16
num_leaves=31
num_cat=0
split_feature=1 58 6 47 27 16 12 56 23 1 46 18 12 31 36 17 56 6 37 56 49 27 8 56 19 6 12 45 16 44
split_gain=242.135 7.83548 11.6969 11.0103 5.30217 5.27942 11.4705 11.1708 3.82465 3.66238 3.19667 6.5625 3.14726 3.30624 2.79082 2.71954 2.61948 2.45455 2.27658 1.97592 1.9623 6.93122 4.96074 1.94444 1.77408 1.10119 0.834661 2.37537 0.826403 0.438312
threshold=610.92857145000005 1006.0500000000001 18.500000000000004 9.5000000000000018 287.50000000000006 24.750000000000004 0.64987354830121502 11.65 116.50000000000001 127.93750000000001 23.150000000000002 8.5000000000000018 0.43442111757849838 271.42857145000005 29.999107145000004 27.500000000000004 17.650000000000002 22.500000000000004 239.25000000000003 7.9500000000000011 1.0000000180025095e-35 251.50000000000003 2.5000000000000004 4.1500000000000012 36.500000000000007 26.500000000000004 0.67563126931585993 64.500000000000014 25.250000000000004 29.650000000000002
decision_type=2 2 2 2 2 2 2 2 2 2 2 2 2 2 2 2 2 2 2 2 2 2 2 2 2 2 2 2 2 2
left_child=5 2 12 16 17 6 9 15 19 25 11 -10 -2 24 -7 -8 18 -5 -4 23 21 22 -16 -3 -14 -1 -12 -28 -23 -21
right_child=1 8 3 4 -6 14 7 -9 10 -11 26 -13 13 -15 20 -17 -18 -19 -20 29 -22 28 -24 -25 -26 -27 27 -29 -30 -31
leaf_value=-0.70235515538066884 0.32927131682240712 1.2638509954411472 1.8338277348641578 -0.944987721703895 1.1859962142695686 -0.065205211320679163 18.20798864791681 -0.70662157323789021 20.796491731626126 -0.032504560417234526 14.925746750791346 -1.3265530259270679 -0.20319344298495109 12.746503423181727 -0.70235515538066884 1.058920325003607 8.5603985420819768 -0.9027505248546579 -0.33246870759165831 4.4486199010760732 -0.70235515538066884 -0.70235515538066884 5.5751448655568963 -0.14111588472213796 0.95345868674309286 -0.70460724661544227 15.465303580841919 3.7743266175097672 -0.70235515538066884 1.7116504186600372
leaf_weight=148 26 24 23 44 38 22 28 31 28 25 324 20 20 151 31 30 40 22 29 22 456 26 25 21 26 20 40 22 159 20
leaf_count=148 26 24 23 44 38 22 28 31 28 25 324 20 20 151 31 30 40 22 29 22 456 26 25 21 26 20 40 22 159 20
internal_value=-0.00161515 0.00931915 0.00626492 0.000918367 -0.00576923 -0.0118831 -0.00840426 0.000505618 0.0117754 -0.012513 0.0129263 0.005625 0.0109641 0.0122589 -0.0132476 0.00827586 0.00847826 -0.0109091 0.00403846 0.00603448 -0.0135796 -0.01139 -0.00214286 0.00166667 0.00521739 -0.0141071 0.0138342 0.0106452 -0.0141892 0.0107143
internal_weight=1941 940 419 196 104 1001 282 89 521 193 434 48 223 197 719 58 92 66 52 87 697 241 56 45 46 168 386 62 185 42
internal_count=1941 940 419 196 104 1001 282 89 521 193 434 48 223 197 719 58 92 66 52 87 697 241 56 45 46 168 386 62 185 42
is_linear=0
shrinkage=0.03


Tree=17
num_leaves=31
num_cat=0
split_feature=11 11 11 46 48 16 12 56 27 27 41 28 26 18 4 6 58 57 49 18 6 12 26 12 25 33 58 47 8 49
split_gain=241.011 7.67759 6.39793 5.41714 15.2505 4.49051 12.3347 11.3411 3.50394 12.4691 3.74702 3.31787 2.98759 2.71515 2.27273 5.37416 2.1819 1.97307 5.70389 7.65459 1.69878 1.65708 3.94565 1.6129 1.0936 0.877922 0.798526 0.512718 0.486275 0.347727
threshold=-0.097964660725097338 -0.5277851165098012 1.0000000180025095e-35 23.150000000000002 8.5000000000000018 24.750000000000004 0.64987354830121502 11.65 209.00000000000003 262.50000000000006 321.11657227109714 1003.1500000000002 6.7000000000000002 24.500000000000004 13.500000000000002 27.500000000000004 1003.85 263.50000000000006 1.0000000180025095e-35 21.500000000000004 27.500000000000004 0.64987354830121502 10.750000000000002 0.56811179347017271 58.000000000000007 906.21875000000011 1005.1500000000002 48.500000000000007 2.5000000000000004 31.500000000000004
decision_type=2 2 2 2 2 2 2 2 2 2 2 2 2 2 2 2 2 2 2 2 2 2 2 2 2 2 2 2 2 2
left_child=1 3 23 4 26 6 20 13 24 -10 11 -11 -13 -8 21 16 -16 18 19 28 -4 -5 -23 -2 -3 27 -1 -14 -7 -18
right_child=2 8 5 14 -6 17 7 -9 9 10 -12 12 25 -15 15 -17 29 -19 -20 -21 -22 22 -24 -25 -26 -27 -28 -29 -30 -31
leaf_value=16.191004527493313 0.082813347766684295 0.50131419734177629 -0.68128450071924873 15.198579138153718 -0.65914452752885189 -0.68128450071924873 17.66174898847931 -0.68308560596158974 -0.7651094933053515 -0.66868415715698459 -0.16503280547586158 0.5465162009469009 3.792952274681189 1.0095465687338381 6.8610872638029106 -0.94129826828630059 11.875612254957659 -0.68128450071924873 -0.68128450071924873 4.6334450325300596 -0.68346902921697894 -0.14453686109271416 17.442837682134964 -0.19459467144807235 5.0521403457242151 2.8122734316272044 19.136413134306906 4.9479232156551767 -0.68128450071924873 9.6071450644362244
leaf_weight=22 31 21 154 304 36 20 28 28 41 20 21 25 70 27 20 24 68 434 176 35 23 23 69 31 37 21 52 29 31 20
leaf_count=22 31 21 154 304 36 20 28 28 41 20 21 25 70 27 20 24 68 434 176 35 23 23 69 31 37 21 52 29 31 20
internal_value=-0.00169243 0.00940953 -0.0117583 0.0112382 0.00518182 -0.012364 -0.009 0.000542169 0.00531579 0.00363436 0.00693548 0.00845455 0.0100345 0.00845455 0.0125 0.00909091 0.0119444 -0.0136207 -0.0115649 -0.00523256 -0.0134746 0.0136364 0.0101087 -0.00241935 0.0118966 0.012 0.012973 0.0131818 -0.0126471 0.0139773
internal_weight=1941 923 1018 638 110 956 260 83 285 227 186 165 145 55 528 132 108 696 262 86 177 396 92 62 58 120 74 99 51 88
internal_count=1941 923 1018 638 110 956 260 83 285 227 186 165 145 55 528 132 108 696 262 86 177 396 92 62 58 120 74 99 51 88
is_linear=0
shrinkage=0.03


Tree=18
num_leaves=31
num_cat=0
split_feature=30 58 6 17 42 6 27 6 6 56 57 30 26 16 23 21 46 18 17 41 10 46 9 9 15 42 28 32 31 28
split_gain=231.245 9.09121 13.247 9.8574 8.41525 5.76979 6.51885 5.1868 12.2765 12.5478 6.66766 4.59809 4.57619 3.77009 5.70562 3.5503 3.06329 6.5625 3.00055 2.87234 2.04036 4.28571 1.96881 1.49745 2.63425 1.33822 0.818182 0.626065 0.424138 0.400216
threshold=61.618750000000006 1005.9500000000002 18.500000000000004 9.5000000000000018 1.0000000180025095e-35 28.500000000000004 287.50000000000006 18.500000000000004 20.500000000000004 11.65 251.50000000000003 222.95625000000004 10.65 24.450000000000003 181.00000000000003 129.50000000000003 23.150000000000002 8.5000000000000018 27.500000000000004 231.06806279970689 0.84874750804349197 25.550000000000004 149.50000000000003 138.50000000000003 64.500000000000014 -54.16339269999991 1007.1500000000002 260.79285715000009 44.249107145000004 1006.4500000000002
decision_type=2 2 2 2 2 2 2 2 2 2 2 2 2 2 2 2 2 2 2 2 2 2 2 2 2 2 2 2 2 2
left_child=4 2 13 19 7 6 -5 -1 9 18 12 22 -10 27 15 -15 17 -13 -9 -4 28 -22 26 24 -18 -21 -3 -2 -12 -6
right_child=1 11 3 5 29 -7 -8 8 10 -11 20 16 -14 14 -16 -17 23 -19 -20 25 21 -23 -24 -25 -26 -27 -28 -29 -30 -31
leaf_value=-0.6608459656976714 1.1809948222079107 1.7618236223796804 12.452699091335766 -0.93432466665430813 -0.074176224232997426 1.6953671846664442 8.842463326297537 17.131896518824931 -0.81692509366774224 -0.6608459656976714 -0.6608459656976714 19.598504585648133 2.8104785419305012 1.1101739434148499 13.76813439493035 -0.4813718189401629 16.896870616110018 -1.2669820993233902 0.37867288539680893 1.3794448573995532 7.1013666416641179 -0.6608459656976714 -0.042213913284771962 13.958520187215621 1.0780526029471775 -0.065471557351866633 1.9455824067896155 11.611872690007631 -0.44663891481715451 0.47297647008216753
leaf_weight=396 20 22 30 60 22 27 22 28 40 34 328 28 30 20 38 23 26 20 31 31 21 35 24 352 21 33 22 117 20 20
leaf_count=396 20 22 30 60 22 27 22 28 40 34 328 28 30 20 38 23 26 20 31 31 21 35 24 352 21 33 22 117 20 20
internal_value=-0.00172334 0.00900641 0.00573634 0.000221675 -0.0117164 -0.00591743 -0.00987805 -0.0122897 -0.0104497 -0.000483871 -0.0124051 0.0116796 -0.00385714 0.0108716 0.00574074 -0.00174419 0.0127852 0.005625 0.00788136 0.00734043 -0.0138861 -0.00857143 0.00441176 0.0136466 0.00861702 0.00375 0.00818182 0.0139051 -0.0147414 0.00142857
internal_weight=1941 936 421 203 1005 109 82 963 567 93 474 515 70 218 81 43 447 48 59 94 404 56 68 399 47 64 44 137 348 42
internal_count=1941 936 421 203 1005 109 82 963 567 93 474 515 70 218 81 43 447 48 59 94 404 56 68 399 47 64 44 137 348 42
is_linear=0
shrinkage=0.03


Tree=19
num_leaves=31
num_cat=0
split_feature=1 11 16 12 56 46 48 27 27 19 56 1 1 10 11 45 12 18 17 49 27 11 43 1 6 10 58 23 6 1
split_gain=234.901 8.85359 5.27942 11.4705 11.1708 5.00472 15.2505 4.66255 13.823 3.7626 5.72944 3.66238 3.11669 2.95457 2.81211 2.96977 3.65152 3.84927 2.71954 2.10165 6.4209 5.00087 1.37894 1.27895 1.10119 0.948068 0.798526 0.759442 0.53672 0.436364
threshold=610.92857145000005 -0.5277851165098012 24.750000000000004 0.64987354830121502 11.65 23.150000000000002 8.5000000000000018 209.00000000000003 262.50000000000006 6.5000000000000009 20.250000000000004 127.93750000000001 99.000000000000014 -0.9103761370219875 -0.88144907265856332 59.500000000000007 0.64987354830121502 1.5000000000000002 27.500000000000004 1.0000000180025095e-35 251.50000000000003 0.60876142900872032 -321.88392859999993 1290.6875000000002 26.500000000000004 0.93540483100319627 1005.1500000000002 48.500000000000007 27.500000000000004 2711.5625000000005
decision_type=2 2 2 2 2 2 2 2 2 2 2 2 2 2 2 2 2 2 2 2 2 2 2 2 2 2 2 2 2 2
left_child=2 5 3 11 18 6 26 27 29 22 13 24 19 -11 -7 -16 28 -18 -5 20 21 -4 -10 -24 -1 -22 -2 -3 -17 -9
right_child=1 7 12 4 -6 14 -8 8 9 10 -12 -13 -14 -15 15 16 17 -19 -20 -21 25 -23 23 -25 -26 -27 -28 -29 -30 -31
leaf_value=-0.64102058672674123 15.484725489781042 0.5444296128376519 -0.74516032195558635 16.617939623260181 -0.64510497889097562 17.594538248783909 -0.61134045170335705 -0.41991519757115808 0.7732692252820168 -0.8474312772620386 4.2143201786474114 -0.031788537310727845 -0.18632151805147529 0.28406231632736451 2.531415394238794 11.801026606835149 10.419920257464065 -0.3610627881908185 0.98550613162957912 -0.64102058672674123 -0.64102058672674123 2.726164185672586 0.74438416501765226 4.0389231762169047 -0.64313957936953947 -0.65010857153899915 17.990294524047201 4.3676091243431561 4.9871616199969164 -0.83123930717998695
leaf_weight=148 22 21 27 28 31 239 36 20 26 25 20 25 39 33 31 159 26 37 30 445 157 28 20 76 20 23 52 37 36 24
leaf_count=148 22 21 27 28 31 239 36 20 26 25 20 25 39 33 31 159 26 37 30 445 157 28 20 76 20 23 52 37 36 24
internal_value=-0.00176971 0.009 -0.0118831 -0.00840426 0.000505618 0.0110031 0.00518182 0.00476821 0.00295082 0.0063 0.00115385 -0.012513 -0.0132476 -0.00362069 0.0122159 0.0102249 0.0112791 0.005 0.00827586 -0.0137206 -0.0114255 -0.00245455 0.00959016 0.01125 -0.0141071 -0.0141667 0.012973 0.0124138 0.0133077 -0.0122727
internal_weight=1941 940 1001 282 89 638 110 302 244 200 78 193 719 58 528 289 258 63 58 680 235 55 122 96 168 180 74 58 195 44
internal_count=1941 940 1001 282 89 638 110 302 244 200 78 193 719 58 528 289 258 63 58 680 235 55 122 96 168 180 74 58 195 44
is_linear=0
shrinkage=0.03


Tree=20
num_leaves=31
num_cat=0
split_feature=1 1 9 27 16 9 56 27 57 18 23 17 1 9 9 1 17 57 49 57 8 9 4 1 32 20 4 41 16 47
split_gain=230.613 7.90345 5.82611 15.452 5.27942 11.4705 11.1708 3.95241 6.86832 3.74756 5.69052 3.6756 3.66238 3.39598 16.7857 3.11669 2.71954 2.12055 2.10165 7.61967 4.46493 2.08009 1.73868 1.52474 1.01466 0.905881 0.882532 1.52771 0.85119 0.712088
threshold=610.92857145000005 3330.3571425000005 141.50000000000003 284.50000000000006 24.750000000000004 141.50000000000003 11.65 210.50000000000003 262.50000000000006 1.5000000000000002 206.00000000000003 25.500000000000004 127.93750000000001 148.50000000000003 149.50000000000003 99.000000000000014 27.500000000000004 297.50000000000006 1.0000000180025095e-35 251.50000000000003 2.5000000000000004 143.50000000000003 15.500000000000002 1606.8125000000002 303.50089285000007 1.0000000180025095e-35 13.500000000000002 255.44107604957972 24.650000000000002 47.500000000000007
decision_type=2 2 2 2 2 2 2 2 2 2 2 2 2 2 2 2 2 2 2 2 2 2 2 2 2 2 2 2 2 2
left_child=4 7 3 -3 5 6 16 -2 -9 -5 -11 17 28 25 -15 18 -1 21 19 20 -6 -10 24 -13 -16 -4 -26 -28 -7 -21
right_child=1 2 13 9 15 12 -8 8 11 10 -12 23 -14 14 22 -17 -18 -19 -20 29 -22 -23 -24 -25 26 -27 27 -29 -30 -31
leaf_value=16.119401434562377 2.3496563522786746 -0.59300023815225633 14.477388951716627 12.10325595928682 -0.72278836439411598 -0.621789969124939 -0.62575182952424635 -0.53847064665966105 -1.1618260632973785 -1.1733432020283145 19.926213457094732 0.49464422063937247 -0.030834881191406111 -1.3625849633982006 4.5655751337282071 -0.18073187250993103 0.95594094768069193 0.66806483966584485 -0.621789969124939 -0.621789969124939 5.1027878867861958 0.069773397000268175 5.7150274164493338 5.2571173097413935 14.084139128502208 7.3030421617523178 16.521319892800886 1.910277904424281 -0.621789969124939 -0.63060531439282907
leaf_weight=28 50 28 233 66 28 143 31 28 21 25 29 28 25 37 29 39 30 29 445 162 25 33 27 39 163 24 28 23 25 20
leaf_count=28 50 28 233 66 28 143 31 28 21 25 29 28 25 37 29 39 30 29 445 162 25 33 27 39 163 24 28 23 25 20
internal_value=-0.00186244 0.00880851 0.0103652 0.00506757 -0.0118831 -0.00840426 0.000505618 0.00394737 0.00185393 0.00975 0.00388889 0.0044 -0.012513 0.0117553 0.00962541 -0.0132476 0.00827586 0.000180723 -0.0137206 -0.0114255 -0.00141509 -0.00333333 0.0122222 0.00962687 0.0130247 0.0142996 0.0137383 0.0102941 -0.0141071 -0.0143407
internal_weight=1941 940 712 148 1001 282 89 228 178 120 54 150 193 564 307 719 58 83 680 235 53 54 270 67 243 257 214 51 168 182
internal_count=1941 940 712 148 1001 282 89 228 178 120 54 150 193 564 307 719 58 83 680 235 53 54 270 67 243 257 214 51 168 182
is_linear=0
shrinkage=0.03


Tree=21
num_leaves=31
num_cat=0
split_feature=11 11 1 9 27 6 6 6 6 56 57 26 16 57 57 41 17 28 56 10 27 9 33 10 47 10 33 1 33 30
split_gain=228.727 7.82372 7.15008 4.77883 12.9531 7.98454 11.3575 4.60265 12.8957 12.5478 6.98633 4.68065 4.06957 3.5384 12.4788 3.32727 3.00055 2.88835 3.20631 2.4799 2.07885 1.79193 2.11542 1.22001 1.12645 1.86667 0.99631 0.707089 0.274796 0.244565
threshold=-0.097964660725097338 -0.5277851165098012 131.50000000000003 141.50000000000003 289.50000000000006 27.500000000000004 28.500000000000004 18.500000000000004 20.500000000000004 11.65 251.50000000000003 10.65 23.750000000000004 209.00000000000003 261.50000000000006 321.11657227109714 27.500000000000004 1003.1500000000002 7.6500000000000012 -0.47114434510950048 314.00000000000006 147.50000000000003 498.2142857500001 0.95642797789208711 50.500000000000007 0.47114434510950082 889.74196430000018 1361.4285715000003 1230.1714290000002 613.01250000000016
decision_type=2 2 2 2 2 2 2 2 2 2 2 2 2 2 2 2 2 2 2 2 2 2 2 2 2 2 2 2 2 2
left_child=1 3 7 4 12 28 -7 -2 9 16 11 -10 -1 23 -15 17 -9 -16 -19 -8 -6 -4 -23 -3 -12 -26 27 -20 -5 -21
right_child=2 13 21 5 20 6 19 8 10 -11 24 -13 -14 14 15 -17 -18 18 26 29 -22 22 -24 -25 25 -27 -28 -29 -30 -31
leaf_value=-0.57521023100768864 -0.60313627005119075 4.2448658501866259 -0.2767154887995571 14.253153038758308 14.648027883445224 -1.3217074144962546 1.7097200363404159 15.635819391525505 -0.77489977363016904 -0.60313627005119075 -0.60313627005119075 2.6660629110342318 13.751764157700121 -0.77318650681820189 -0.56031617222586316 -0.33626568409805468 0.40519701551045512 -0.056345311434527617 0.95841240302837427 6.9234496988632799 7.6695230619653971 -0.036299642173496773 0.303613495701966 0.24053831541756476 -0.60313627005119075 -0.60313627005119075 1.6470617855996506 3.8915317798053439 12.890637961161858 12.172933029099045
leaf_weight=26 391 40 38 348 74 31 24 28 37 34 338 30 20 38 20 21 31 25 20 24 22 22 21 22 28 20 22 77 24 45
leaf_count=26 391 40 38 348 74 31 24 28 37 34 338 30 20 38 20 21 31 25 20 24 22 22 21 22 28 20 22 77 24 45
internal_value=-0.00189335 0.00892199 -0.0116994 0.010768 0.00591549 0.0121573 0.00556452 -0.0124386 -0.0106593 -0.000483871 -0.0127483 -0.00380597 -0.00717391 0.00478947 0.00302691 0.00624324 0.00788136 0.00768293 0.00916667 0.0108065 0.0121875 -0.00314815 0.00104651 0.011129 -0.0143005 -0.01 0.0112185 0.0125258 0.0143548 0.0136957
internal_weight=1941 923 1018 638 142 496 124 937 546 93 453 67 46 285 223 185 59 164 144 93 96 81 43 62 386 48 119 97 372 69
internal_count=1941 923 1018 638 142 496 124 937 546 93 453 67 46 285 223 185 59 164 144 93 96 81 43 62 386 48 119 97 372 69
is_linear=0
shrinkage=0.03


Tree=22
num_leaves=31
num_cat=0
split_feature=11 11 16 17 56 37 46 48 11 11 11 9 57 57 58 6 43 57 57 2 9 18 48 57 6 21 32 32 37 48
split_gain=224.466 8.8887 5.77746 7.53585 5.88117 10.1681 5.11761 13.9562 4.01008 3.66426 3.50933 3.24 2.87934 10.3583 2.69288 4.96276 2.5488 2.68938 3.76271 3.74625 2.45944 3.98916 4.33462 2.18106 7.86778 1.76434 1.70605 1.6011 1.22241 0.894287
threshold=-0.065403129230142895 -0.5 25.050000000000004 72.500000000000014 11.050000000000002 26.812500000000004 23.150000000000002 8.5000000000000018 0.097964660725097227 0.60876142900872032 -0.84874750804349197 147.50000000000003 209.00000000000003 261.50000000000006 1008.1500000000002 27.500000000000004 194.16785714500003 278.50000000000006 298.50000000000006 7422.6875000000009 143.50000000000003 1.5000000000000002 44.500000000000007 247.50000000000003 26.500000000000004 52.000000000000007 280.83571430000006 26.812500000000004 745.88750000000016 23.500000000000004
decision_type=2 2 2 2 2 2 2 2 2 2 2 2 2 2 2 2 2 2 2 2 2 2 2 2 2 2 2 2 2 2
left_child=1 6 3 4 5 9 7 28 11 -2 -8 -6 25 -14 15 20 17 -15 19 -19 21 -12 -23 24 -4 -3 29 -5 -1 -20
right_child=2 12 23 27 8 -7 10 -9 -10 -11 14 -13 13 16 -16 -17 -18 18 26 -21 -22 22 -24 -25 -26 -27 -28 -29 -30 -31
leaf_value=16.617097569101112 -0.58504218194965496 0.088647550147103182 -0.58504218194965496 -0.58504218194965496 -0.26834508819956931 -0.58504218194965496 16.101947714531434 -0.55795392407745803 -0.58504218194965496 15.166744809779738 8.8667353549679557 0.33089302918933339 -0.74999091161365572 5.27898552345704 11.140383560484013 -0.79644305668525306 5.4280696364216272 -0.55677311526809203 -0.027707403382727199 1.0727776276928394 8.6225581656461738 -1.068612805300694 12.82346096212544 -0.58504218194965496 2.2678744453333555 3.6013548873492773 2.1344342755082693 -0.39775904512131871 12.63611547116739 1.3035092717256282
leaf_weight=45 43 26 101 161 25 34 272 36 89 42 36 20 38 37 57 36 27 33 20 20 99 26 20 439 24 40 21 20 31 23
leaf_count=45 43 26 101 161 25 34 272 36 89 42 36 20 38 37 57 36 27 33 20 20 99 26 20 439 24 40 21 20 31 23
internal_value=-0.002017 0.00847826 -0.0119339 -0.0093318 -0.00598814 -0.00113445 0.0103951 0.00455357 -0.0102985 0.00441176 0.0115934 -0.003 0.00405263 0.00239726 0.00919708 0.00767281 0.00538674 0.0038961 0.00166667 -0.00424528 0.00969613 0.00585366 0 -0.0139362 -0.01044 0.00954545 0.0065625 -0.0140055 0.0118421 0.00313953
internal_weight=1941 943 998 434 253 119 658 112 134 85 546 45 285 219 274 217 181 154 117 53 181 82 46 564 125 66 64 181 76 43
internal_count=1941 943 998 434 253 119 658 112 134 85 546 45 285 219 274 217 181 154 117 53 181 82 46 564 125 66 64 181 76 43
is_linear=0
shrinkage=0.03


Tree=23
num_leaves=31
num_cat=0
split_feature=11 11 16 19 14 36 9 27 8 1 16 9 9 14 11 56 37 11 26 46 57 27 28 41 46 19 11 3 29 11
split_gain=218.865 10.0632 5.60529 6.9399 7.53068 4.57397 4.20992 15.895 3.68762 4.28624 3.63 3.18166 12.4676 2.99444 2.80014 4.40098 7.13082 4.00334 2.88782 2.50098 2.18106 6.18626 1.7168 1.73531 2.97739 1.62037 1.44414 1.92156 1.11116 0.761905
threshold=-0.065403129230142895 -0.41248606129204524 25.050000000000004 10.500000000000002 27.950000000000003 43.549107145000008 141.50000000000003 289.50000000000006 2.5000000000000004 3425.1428570000003 23.750000000000004 148.50000000000003 149.50000000000003 31.150000000000002 0.032701564615071184 12.550000000000002 2.5928571430000003 0.60876142900872032 9.2500000000000018 23.750000000000004 247.50000000000003 225.50000000000003 1003.9500000000002 314.26711831322893 25.150000000000002 11.500000000000002 -0.77259657388510616 6404049.7860000012 1.0000000180025095e-35 -0.68322629814330815
decision_type=2 2 2 2 2 2 2 2 2 2 2 2 2 2 2 2 2 2 2 2 2 2 2 2 2 2 2 2 2 2
left_child=1 6 3 4 -2 -5 7 10 -8 -10 -1 29 -13 -9 -6 16 17 18 -16 -3 21 -4 -21 24 28 -26 -14 -28 -24 -11
right_child=2 19 20 5 14 -7 8 13 9 11 -12 12 26 -15 15 -17 -18 -19 -20 22 -22 -23 23 -25 25 -27 27 -29 -30 -31
leaf_value=-0.67293288366880366 10.893810157258198 -0.73284998597179496 -0.56749091649116545 -0.24913908032140375 0.12825519257022708 -0.56749091649116545 11.374897603638797 1.6287315099038544 -0.19379785848337008 17.362639827166486 12.856152801533174 -1.2629473667685112 12.900212102742671 12.269498435444703 -0.73410151496277432 -0.56749091649116545 -0.56749091649116545 16.536977554344414 13.930347486540368 -0.045873886458254839 -0.56749091649116545 0.14109375315108524 3.4049847864404765 -0.21024723138085941 -0.08601364304783729 0.32459444241981 1.2063787470840888 6.4969973042727442 1.2593665895612596 4.0882539182026756
leaf_weight=30 20 33 93 31 22 191 210 20 23 100 20 34 104 90 23 68 38 21 20 33 439 32 54 20 36 27 23 31 20 35
leaf_count=30 20 33 93 31 22 191 210 20 23 100 20 34 104 90 23 68 38 21 20 33 439 32 54 20 36 27 23 31 20 35
internal_value=-0.00217156 0.00819194 -0.0119639 -0.00940092 -0.00551887 -0.0131081 0.00991667 0.005625 0.0111429 0.00925714 -0.0084 0.0101376 0.00765625 0.012 -0.00734375 -0.00864706 -0.00470588 0.00140625 -0.00383721 0.00262332 -0.0139362 -0.01044 0.00394737 0.00525478 0.00645985 0.00166667 0.0112025 0.00722222 0.0105405 0.0136667
internal_weight=1941 943 998 434 212 222 720 160 560 350 50 327 192 110 192 170 102 64 43 223 564 125 190 157 137 63 158 54 74 135
internal_count=1941 943 998 434 212 222 720 160 560 350 50 327 192 110 192 170 102 64 43 223 564 125 190 157 137 63 158 54 74 135
is_linear=0
shrinkage=0.03


Tree=24
num_leaves=31
num_cat=0
split_feature=11 11 6 6 9 27 15 56 58 17 26 10 27 27 41 17 58 45 22 33 30 11 51 18 56 36 35 1 1 51
split_gain=214.822 14.6077 5.51951 9.70707 8.11302 14.4373 4.44211 5.91905 8.33281 8.60649 7.84394 12.7424 3.70968 6.5267 3.64546 3.52917 3.38162 3.75852 2.92344 2.85393 2.28344 2.19481 1.95161 1.92857 1.46325 1.45552 1.20525 1.1938 1.14035 1.12096
threshold=1.0000000180025095e-35 -0.47114434510950048 27.500000000000004 28.500000000000004 141.50000000000003 289.50000000000006 84.500000000000014 12.250000000000002 1005.5500000000001 46.500000000000007 10.65 -0.29012925520284144 209.00000000000003 262.50000000000006 345.84987370642074 43.500000000000007 1003.4500000000002 81.500000000000014 223.00000000000003 874.45000000000016 211.71250000000003 -0.77259657388510616 58.000000000000007 47.500000000000007 12.750000000000002 199.40714285000004 524.67857140000012 2141.7142860000008 99.000000000000014 770.50000000000011
decision_type=2 2 2 2 2 2 2 2 2 2 2 2 2 2 2 2 2 2 2 2 2 2 2 2 2 2 2 2 2 2
left_child=1 2 4 -4 5 15 7 8 9 -2 25 -12 22 27 16 -1 -15 19 -7 20 24 -5 -3 -11 -18 -10 -6 -14 -9 -28
right_child=6 12 3 21 26 18 -8 28 10 23 11 -13 13 14 -16 -17 17 -19 -20 -21 -22 -23 -24 -25 -26 -27 29 -29 -30 -31
leaf_value=-0.52102731984507011 13.942764791099718 0.042278480926117079 -1.2274291533359878 11.773115970272189 13.605925491771268 5.3292924094546184 -0.55046618899643041 -0.55046618899643041 -0.55756752781434449 -0.63174711808040451 -0.55046618899643041 18.119577837891853 -0.26900337374405708 -0.52542727700729674 -0.24761997085277598 12.470468217487179 5.9466057996468127 -0.078043359820574379 12.070107711761331 -0.098907095671052325 3.1149279803580892 1.8572950105852033 3.6615072218307554 -0.73025468889536393 0.21328648166498132 -0.55046618899643041 7.7049839482368574 -0.79813505615296687 -0.24246745798530439 6.2944743685015281
leaf_weight=28 35 31 33 63 309 20 400 208 21 21 33 33 21 28 23 20 26 22 83 21 46 36 31 21 35 164 63 22 20 24
leaf_count=28 35 31 33 63 309 20 400 208 21 21 33 33 21 28 23 20 26 22 83 21 46 36 31 21 35 164 63 22 20 24
internal_value=-0.00223338 0.00759898 0.0100515 0.00454545 0.0113803 0.00546358 -0.012364 -0.0106295 -0.00804878 0.000584416 -0.0106972 -0.00181818 0.00215686 0.000491803 0.00276119 -0.008125 0.00421348 0.006 0.0117961 0.00796875 0.00995327 0.00924242 0.00870968 -0.00857143 0.00614754 -0.0138649 0.0136364 -0.0101163 -0.0143421 0.0105172
internal_weight=1941 985 679 132 547 151 956 556 328 77 251 66 306 244 201 48 178 150 103 128 107 99 62 42 61 185 396 43 228 87
internal_count=1941 985 679 132 547 151 956 556 328 77 251 66 306 244 201 48 178 150 103 128 107 99 62 42 61 185 396 43 228 87
is_linear=0
shrinkage=0.03


Tree=25
num_leaves=31
num_cat=0
split_feature=11 11 1 6 6 12 27 6 6 26 57 4 16 17 57 57 19 12 51 15 27 4 27 42 57 2 46 32 8 15
split_gain=212.654 9.86896 5.91664 4.7857 10.6667 6.52294 14.5228 4.30506 11.2568 9.75497 6.40289 4.37639 3.47553 3.30189 2.80954 10.3111 3.02458 2.52191 2.34096 2.28791 2.1039 1.9928 1.84859 2.35628 1.72039 1.60282 1.5166 1.3241 1.18423 0.88475
threshold=-0.065403129230142895 -0.5 131.50000000000003 27.500000000000004 28.500000000000004 0.64987354830121502 289.50000000000006 18.500000000000004 20.500000000000004 10.850000000000003 251.50000000000003 3.5000000000000004 23.750000000000004 30.500000000000004 209.00000000000003 261.50000000000006 6.5000000000000009 0.56811179347017271 52.000000000000007 71.500000000000014 314.00000000000006 13.500000000000002 278.50000000000006 49.727678949999913 300.50000000000006 5708.0000000000009 25.150000000000002 33.306250000000006 3.5000000000000004 79.500000000000014
decision_type=2 2 2 2 2 2 2 2 2 2 2 2 2 2 2 2 2 2 2 2 2 2 2 2 2 2 2 2 2 2
left_child=1 3 7 5 -5 25 12 -2 9 13 11 -10 -7 -9 18 -16 22 -4 -3 -18 -8 -6 -17 24 -24 -1 -13 -21 -27 -12
right_child=2 14 17 4 21 6 20 8 10 -11 29 26 -14 -15 15 16 19 -19 -20 27 -22 -23 23 -25 -26 28 -28 -29 -30 -31
leaf_value=13.295958975998984 -0.53395220332653748 0.033358415020035177 0.06467866561631716 -1.1906062787359082 8.3058801972168723 -0.50539650024971805 12.679490689548233 14.354111493046185 10.319393106829697 -0.53395220332653748 -0.53395220332653748 -0.72894755460172855 12.096354170962563 0.22642568341734978 -0.72199345016264427 5.3775179895573544 -0.69696029498826928 -0.24019137172719274 3.6490022481230526 -0.027292255588982677 7.1056812621124621 1.4891672814365693 -0.1179190522788528 3.2791494345876098 0.70454863703897763 10.709828160523966 -0.69694632087331243 4.3156068908024867 5.6683901428575645 -0.53395220332653748
leaf_weight=293 390 32 32 32 69 27 77 25 20 39 74 22 20 28 38 40 27 31 34 20 22 27 27 20 26 57 25 21 34 312
leaf_count=293 390 32 32 32 69 27 77 25 20 39 74 22 20 28 38 40 27 31 34 20 22 27 27 20 26 57 25 21 34 312
internal_value=-0.00234158 0.00787381 -0.011994 0.00989362 0.0046875 0.0111509 0.00575342 -0.0125936 -0.0108716 -0.00130435 -0.0128146 -0.00425373 -0.00797872 0.00707547 0.00321053 0.00157534 0.00455801 -0.00309524 0.00863636 -0.000441176 0.0122727 0.0096875 0.00756637 0.00472603 0.00141509 0.0132031 -0.00925532 0.00402439 0.00972527 -0.0143005
internal_weight=1941 943 998 658 128 530 146 935 545 92 453 67 47 53 285 219 181 63 66 68 99 96 113 73 53 384 47 41 91 386
internal_count=1941 943 998 658 128 530 146 935 545 92 453 67 47 53 285 219 181 63 66 68 99 96 113 73 53 384 47 41 91 386
is_linear=0
shrinkage=0.03


Tree=26
num_leaves=31
num_cat=0
split_feature=11 11 1 46 48 6 6 56 57 4 17 4 6 57 57 41 2 34 15 48 39 9 51 56 9 37 46 30 47 10
split_gain=209.262 10.2246 5.91664 4.94024 13.2436 4.30506 11.2568 11.2399 6.40289 4.37639 4.11954 3.94003 3.48527 2.76386 9.97471 3.48923 2.96196 3.61023 3.77186 2.53519 3 2.52191 2.12849 1.75982 3.95214 1.51831 1.5166 1.31191 1.12645 1.86667
threshold=-0.065403129230142895 -0.5277851165098012 131.50000000000003 23.150000000000002 8.5000000000000018 18.500000000000004 20.500000000000004 11.65 251.50000000000003 3.5000000000000004 27.500000000000004 13.500000000000002 27.500000000000004 209.00000000000003 261.50000000000006 319.80748522806084 7167.6875000000009 902.08125000000007 81.500000000000014 1.0000000180025095e-35 931.08314730000006 147.50000000000003 52.000000000000007 8.3500000000000032 143.50000000000003 745.88750000000016 25.150000000000002 225.70625000000004 50.500000000000007 0.47114434510950082
decision_type=2 2 2 2 2 2 2 2 2 2 2 2 2 2 2 2 2 2 2 2 2 2 2 2 2 2 2 2 2 2
left_child=1 3 5 4 25 -2 7 10 9 -8 -7 23 19 22 -15 16 17 18 27 -13 -21 -4 -3 24 -5 -1 -11 -16 -10 -30
right_child=2 13 21 11 -6 6 8 -9 28 26 -12 12 -14 14 15 -17 -18 -19 -20 20 -22 -23 -24 -25 -26 -27 -28 -29 29 -31
leaf_value=15.14655620792818 -0.51793363722674135 0.03235766256943421 -0.23298563057537697 -0.81335513291675332 -0.49023460524222651 13.36672685033164 10.009811313624805 -0.51985513952040541 -0.51793363722674135 -0.70707912796367667 -0.078573862355295107 9.3855943343316781 -1.1219854595226604 -0.75253120096349846 1.0320317665778824 -0.37284252299695814 3.64804060186525 -0.48875564984742981 -0.13169933288836838 -0.9087690764959504 8.7315995242711359 0.062738305647827716 3.7462910165579819 12.989241006570223 8.0793078299269165 11.3772668768766 -0.67603793124711298 4.7526158723254799 -0.51793363722674135 -0.51793363722674135
leaf_weight=43 390 32 31 20 36 28 20 34 338 22 30 60 24 40 49 22 46 21 20 24 24 32 37 324 52 31 25 38 28 20
leaf_count=43 390 32 31 20 36 28 20 34 338 22 30 60 24 40 49 22 46 21 20 24 24 32 37 324 52 31 25 38 28 20
internal_value=-0.00241886 0.00771474 -0.011994 0.00987461 0.00409091 -0.0125936 -0.0108716 -0.00130435 -0.0128146 -0.00425373 0.00672414 0.0110795 0.00659091 0.00319672 0.00165254 0.00443878 0.00586207 0.00351562 0.00574766 0.00888889 0.00375 -0.00309524 0.00847826 0.0125758 0.00833333 0.0113514 -0.00925532 0.00844828 -0.0143005 -0.01
internal_weight=1941 943 998 638 110 935 545 92 453 67 58 528 132 305 236 196 174 128 107 108 48 63 69 396 72 74 47 87 386 48
internal_count=1941 943 998 638 110 935 545 92 453 67 58 528 132 305 236 196 174 128 107 108 48 63 69 396 72 74 47 87 386 48
is_linear=0
shrinkage=0.03


Tree=27
num_leaves=31
num_cat=0
split_feature=11 11 16 19 14 46 48 10 11 56 37 11 58 17 57 36 6 48 48 57 6 41 2 6 56 28 37 20 27 48
split_gain=207.204 9.6567 5.56597 7.71343 7.40951 4.62415 13.2436 4.34912 3.41447 3.6851 6.21054 3.74524 3.38255 4.17886 4.96072 3.25981 3.18561 2.61225 3.025 1.95421 6.87211 1.86139 2.432 2.33546 1.63636 4.22632 1.51831 1.03521 1.23742 1.015
threshold=-0.065403129230142895 -0.5277851165098012 25.050000000000004 10.500000000000002 27.950000000000003 23.150000000000002 8.5000000000000018 -0.47114434510950048 0.097964660725097227 12.550000000000002 2.5928571430000003 0.60876142900872032 1004.9500000000002 93.500000000000014 283.50000000000006 43.549107145000008 27.500000000000004 1.5000000000000002 56.500000000000007 247.50000000000003 26.500000000000004 314.26711831322893 7167.6875000000009 28.500000000000004 8.3500000000000032 1007.4500000000002 745.88750000000016 16.500000000000004 281.50000000000006 16.500000000000004
decision_type=2 2 2 2 2 2 2 2 2 2 2 2 2 2 2 2 2 2 2 2 2 2 2 2 2 2 2 2 2 2
left_child=1 5 3 4 -2 6 26 16 -6 10 11 -10 13 14 -3 -5 17 -7 -19 20 -4 22 23 27 25 -9 -1 28 -14 -29
right_child=2 12 19 15 8 7 -8 24 9 -11 -12 -13 21 -15 -16 -17 -18 18 -20 -21 -22 -23 -24 -25 -26 -27 -28 29 -30 -31
leaf_value=14.692159521690336 10.364372646375527 -0.76424817026072778 -0.5023956281099391 -0.23821339331012681 0.016838031781781202 8.1272480884463132 -0.47552756708495969 -0.72204796279833994 -0.49739731015579092 -0.5023956281099391 -0.5023956281099391 14.790960133679757 4.1595439372229128 4.0378463825422921 0.43838065752333971 -0.5023956281099391 -1.0883258957369806 -1.133271634888914 10.289987330442136 -0.5023956281099391 1.3676747617170562 -0.21511768679710258 4.2362334559399972 -0.19894595177875488 12.599563776373113 8.3387971354988473 11.035948870570301 0.23760582354907556 1.0023367097334297 -0.05622900571412117
leaf_weight=43 20 35 101 31 35 68 36 29 39 59 38 21 44 33 38 191 24 20 20 439 24 22 26 29 324 43 31 21 35 22
leaf_count=43 20 35 101 31 35 68 36 29 39 59 38 21 44 33 38 191 24 20 20 439 24 22 26 29 324 43 31 21 35 22
internal_value=-0.00249614 0.00758749 -0.012024 -0.00947005 -0.00537736 0.00968652 0.00409091 0.0108523 -0.0071875 -0.00907643 -0.0055102 0.0005 0.00319672 -0.00113208 -0.00513699 -0.0133784 0.00613636 0.00833333 0.00225 -0.0139894 -0.01068 0.00550251 0.00652542 0.00506623 0.0124242 0.00833333 0.0113514 0.00688525 0.00892405 0.00313953
internal_weight=1941 943 998 434 212 638 110 528 192 157 98 60 305 106 73 222 132 108 40 564 125 199 177 151 396 72 74 122 79 43
internal_count=1941 943 998 434 212 638 110 528 192 157 98 60 305 106 73 222 132 108 40 564 125 199 177 151 396 72 74 122 79 43
is_linear=0
shrinkage=0.03


Tree=28
num_leaves=31
num_cat=0
split_feature=1 58 17 8 9 23 1 6 6 56 57 4 6 37 6 6 17 17 39 17 40 2 22 8 35 24 46 16 16 9
split_gain=205.55 9.92077 11.5903 7.97982 5.93665 5.53488 5.17434 4.1404 11.0695 11.0701 6.40289 4.37639 3.78155 4.25533 3.40763 6.50709 3.30508 2.5098 2.32752 2.6831 2.92739 2.31317 2.05278 1.72242 1.68439 1.54259 1.5166 1.32679 1.27249 1.17687
threshold=610.92857145000005 1005.9500000000002 50.500000000000007 2.5000000000000004 142.50000000000003 114.50000000000001 131.50000000000003 18.500000000000004 20.500000000000004 10.850000000000003 251.50000000000003 3.5000000000000004 28.500000000000004 719.56250000000011 27.500000000000004 28.500000000000004 11.500000000000002 30.500000000000004 162.24497767687504 88.500000000000014 583.395746511021 6291.4375000000009 42.500000000000007 2.5000000000000004 991.58571430000018 554.00000000000011 25.150000000000002 25.050000000000004 24.150000000000002 139.50000000000003
decision_type=2 2 2 2 2 2 2 2 2 2 2 2 2 2 2 2 2 2 2 2 2 2 2 2 2 2 2 2 2 2
left_child=6 2 3 16 25 22 7 -1 9 17 11 -10 13 -6 29 -16 -2 -9 -4 20 -20 -14 23 -3 27 -5 -13 -8 -17 -7
right_child=1 5 18 4 12 14 24 8 10 -11 -12 26 21 -15 15 28 -18 -19 19 -21 -22 -23 -24 -25 -26 -27 -28 -29 -30 -31
leaf_value=-0.4873237592666409 0.015587541794199352 0.042747707344839792 0.19372187423713577 0.67921557179765435 -0.73604992174316808 7.9227135132980031 0.026398541931995929 13.712994434201912 9.6684867313645491 -0.487266114197831 -0.4873237592666409 -0.68057430627269044 -0.043281933050488136 5.1287878410264325 -1.0283198404922904 10.562999081269108 -0.74132072515290592 0.95404191825421547 12.814614484579611 9.1535038142919678 0.85083083510890545 2.7191894873268594 -0.22455463374331672 3.0920551282694029 -0.22650120261156906 10.297542464536367 -0.64068492446640135 -0.21042900271550563 3.2994150140230034 11.693809981203939
leaf_weight=391 20 27 34 20 47 62 23 24 20 42 386 22 27 22 25 50 39 27 20 95 33 23 23 30 21 34 25 20 21 288
leaf_count=391 20 27 34 20 47 62 23 24 20 42 386 22 27 22 25 50 39 27 20 95 33 23 23 30 21 34 25 20 21 288
internal_value=-0.0025425 0.00753191 0.00405797 -0.000387931 0.00286127 0.0102662 -0.012003 -0.0125667 -0.0108791 -0.00145161 -0.0128146 -0.00425373 -0.000882353 -0.00543478 0.0115695 0.0065625 -0.00991525 0.00794118 0.00972527 0.0113514 0.0059434 0.0054 0.003 0.00605263 -0.00375 0.0111111 -0.00925532 -0.000348837 0.0111972 0.0129429
internal_weight=1941 940 414 232 173 526 1001 937 546 93 453 67 119 69 446 96 59 51 182 148 53 50 80 57 64 54 47 43 71 350
internal_count=1941 940 414 232 173 526 1001 937 546 93 453 67 119 69 446 96 59 51 182 148 53 50 80 57 64 54 47 43 71 350
is_linear=0
shrinkage=0.03


Tree=29
num_leaves=31
num_cat=0
split_feature=30 4 28 6 57 37 6 42 6 6 56 57 6 48 58 4 9 16 41 36 41 31 46 47 16 4 56 41 32 29
split_gain=191.896 12.2393 6.15659 10.7985 8.09058 6.27458 5.80007 5.14141 4.68716 10.5572 10.8691 6.06328 4.36566 5.05455 6.04531 4.32143 3.92802 3.38489 3.17579 2.71493 2.54018 2.33659 1.7037 1.6 1.50553 3.26769 1.45039 1.38926 1.2779 1.24444
threshold=44.249107145000004 16.500000000000004 1005.9500000000002 18.500000000000004 265.50000000000006 342.19910715000009 22.500000000000004 7.6392857144999899 18.500000000000004 20.500000000000004 10.850000000000003 251.50000000000003 27.500000000000004 7.5000000000000009 1008.0500000000001 3.5000000000000004 147.50000000000003 24.250000000000004 234.85851218711937 496.49107145000005 255.44107604957972 662.54285715000015 25.150000000000002 24.500000000000004 25.050000000000004 17.500000000000004 15.950000000000001 346.54394520017365 43.549107145000008 0.35000000000000003
decision_type=2 2 2 2 2 2 2 2 2 2 2 2 2 2 2 2 2 2 2 2 2 2 2 2 2 2 2 2 2 2
left_child=7 2 3 17 -5 -6 -7 8 -1 10 19 15 18 -14 23 -11 27 -2 28 -10 -8 -19 -17 -15 25 -13 -18 -3 -4 -23
right_child=1 16 12 4 5 6 20 -9 9 11 -12 24 13 14 -16 22 26 21 -20 -21 -22 29 -24 -25 -26 -27 -28 -29 -30 -31
leaf_value=-0.47270404648864167 8.7232185381064387 -0.21018795544523611 0.3531881796917079 -0.74836947812649612 12.524417538809836 -0.82733109618151146 6.9900977052338975 0.013847130316852335 0.30276305015805799 9.3784321294236115 -0.4726481307718961 -0.47180198025188808 9.9586946409208874 -0.2720647972846868 4.4195657756685929 -0.65144387156456374 0.4978580313688642 -0.047401712181263066 13.202764945743452 12.667367705708401 -0.22947813004453671 10.539512653621635 -0.54691225452486714 -0.38078737528099438 -0.47270404648864167 -0.47270404648864167 -0.038817030016505889 -0.53646191942894272 5.4078454603939026 8.192524401056442
leaf_weight=399 104 33 33 29 32 36 37 26 26 20 41 23 41 20 34 23 24 32 232 25 27 21 27 20 314 59 34 23 122 24
leaf_count=399 104 33 33 29 32 36 37 26 26 20 41 23 41 20 34 23 24 32 232 25 27 21 27 20 314 59 34 23 122 24
internal_value=-0.00269706 0.00685804 0.00810427 0.005 -0.000652174 0.0025 -0.0012 -0.0120092 -0.0123668 -0.0105914 -0.00130435 -0.0124249 0.0102191 0.00508696 0.000405405 -0.00428571 -0.00236842 0.0100276 0.0117442 0.00794118 0.00421875 0.00525974 -0.009 -0.0075 -0.0138636 -0.0102439 0.00310345 -0.00803571 0.00841935 0.00966667
internal_weight=1941 958 844 342 161 132 100 983 957 558 92 466 502 115 74 70 114 181 387 51 64 77 50 40 396 82 58 56 155 45
internal_count=1941 958 844 342 161 132 100 983 957 558 92 466 502 115 74 70 114 181 387 51 64 77 50 40 396 82 58 56 155 45
is_linear=0
shrinkage=0.03


Tree=30
num_leaves=31
num_cat=0
split_feature=11 11 1 20 58 8 54 6 6 56 57 4 16 31 6 6 54 36 57 44 43 49 14 37 43 35 9 46 24 10
split_gain=199.133 9.4295 6.78199 5.04586 7.63594 6.14534 4.15032 4.1404 11.0695 11.0701 6.40289 4.37639 3.45513 3.3164 3.2702 6.125 4.07187 2.71493 1.82037 1.71946 2.46499 1.74545 1.69741 1.94142 1.86699 1.61928 1.5232 1.5166 1.36134 1.04804
threshold=-0.097964660725097338 -0.47114434510950048 131.50000000000003 54.500000000000007 1005.9500000000002 2.5000000000000004 200.45000000000002 18.500000000000004 20.500000000000004 10.850000000000003 251.50000000000003 3.5000000000000004 23.550000000000004 648.57142855000018 27.500000000000004 28.500000000000004 292.40000000000003 496.49107145000005 265.50000000000006 29.050000000000004 31.913392849999955 15.500000000000002 30.950000000000003 70.32053571500002 -240.14642859999992 539.01428575000011 147.50000000000003 25.150000000000002 560.10000000000014 0.84874750804349197
decision_type=2 2 2 2 2 2 2 2 2 2 2 2 2 2 2 2 2 2 2 2 2 2 2 2 2 2 2 2 2 2
left_child=1 3 7 4 5 12 19 -2 9 17 11 -10 -1 -7 16 -16 -6 -9 -15 20 -3 -22 23 -8 -25 -18 -4 -13 -17 -12
right_child=2 6 26 -5 14 13 22 8 10 -11 29 27 -14 18 15 28 25 -19 -20 -21 21 -23 -24 24 -26 -27 -28 -29 -30 -31
leaf_value=-0.42644321540249336 -0.4585229250939824 4.9964197525134164 -0.2013985936666591 9.6083880404189426 -0.85588524871390748 -0.7869178669283764 0.20627043371993337 0.29368015865331654 9.0970791655409027 -0.4584686868487392 -0.4585229250939824 -0.64061376093757283 9.3337442641818864 4.8779669107161858 -1.0860300596962627 1.3972412571146344 11.899692253652058 12.287346674537147 11.437158849415868 2.1440338818320406 -0.23910308956300155 0.13383622125718148 0.39069321042291233 -0.33811178713908246 -0.70922744339618471 3.4790307627120653 0.00060519362930197215 -0.60505700909666338 10.234762737513554 -0.4585229250939824
leaf_weight=22 391 24 38 113 21 34 20 26 20 42 335 22 26 34 24 21 249 25 63 51 22 33 46 23 25 21 43 25 51 51
leaf_count=22 391 24 38 113 21 34 20 26 20 42 335 22 26 34 24 21 249 25 63 51 22 33 46 23 25 21 43 25 51 51
internal_value=-0.00269706 0.00739437 -0.0118468 0.00921208 0.00805654 0.00293296 0.00233607 -0.0125667 -0.0108791 -0.00145161 -0.0128146 -0.00425373 -0.00625 0.00629771 0.0104264 0.005625 0.0120103 0.00794118 0.00912371 0.006 0.00322785 -0.000272727 -0.00184211 -0.00485294 -0.008125 0.013 -0.00351852 -0.00925532 0.01 -0.0143005
internal_weight=1941 923 1018 679 566 179 244 937 546 93 453 67 48 131 387 96 291 51 97 130 79 55 114 68 48 270 81 47 72 386
internal_count=1941 923 1018 679 566 179 244 937 546 93 453 67 48 131 387 96 291 51 97 130 79 55 114 68 48 270 81 47 72 386
is_linear=0
shrinkage=0.03


Tree=31
num_leaves=31
num_cat=0
split_feature=1 28 17 48 1 38 16 3 53 6 6 56 27 26 6 53 36 17 52 20 27 26 51 2 10 16 41 28 19 38
split_gain=193.656 8.60718 12.7868 8.05167 6.34663 6.32343 4.87265 5.33528 4.15075 4.1404 11.0695 11.0701 4.82624 3.94758 3.42553 6.57329 2.71493 2.56558 2.13539 2.13135 2.7007 2.00129 2 1.82911 1.41129 3.27586 1.4072 1.65111 1.57467 1.12025
threshold=710.26785715000017 1005.9500000000002 49.500000000000007 1.5000000000000002 131.50000000000003 438.01406250000019 23.750000000000004 6411832.0715000005 116.50000000000001 18.500000000000004 20.500000000000004 10.850000000000003 251.50000000000003 10.750000000000002 27.500000000000004 189.00000000000003 496.49107145000005 99.500000000000014 42.500000000000007 25.500000000000004 287.50000000000006 17.650000000000002 52.000000000000007 7477.7500000000009 0.81241147629689026 25.550000000000004 234.85851218711937 1007.85 1.0000000180025095e-35 727.04866071250024
decision_type=2 2 2 2 2 2 2 2 2 2 2 2 2 2 2 2 2 2 2 2 2 2 2 2 2 2 2 2 2 2
left_child=4 2 3 5 9 -2 -5 -8 18 -1 11 16 13 -12 26 -16 -11 19 22 -4 -21 -7 -3 -6 -14 -26 27 28 -10 -23
right_child=1 8 17 6 23 21 7 -9 14 10 12 -13 24 -15 15 -17 -18 -19 -20 20 -22 29 -24 -25 25 -27 -28 -29 -30 -31
leaf_value=-0.44476723734116291 -0.18256369198527062 0.062713433244844685 8.4740391743517289 -0.70231453130821631 -0.0092322330529134421 0.50498909739105979 2.7501559016170707 -0.47804232228567556 0.38032067858072111 0.28486975389371683 -0.66771803881303327 -0.44471462624327701 -0.44476723734116291 1.8267701898910795 7.7077346293957243 -0.31811593071054628 11.918726274301033 8.3289505025074444 -0.17015645962820855 -0.24948444366688391 5.2657645394419434 2.0288079789879867 1.961095371387289 -0.19757035114035396 2.0575921939796662 -0.44476723734116291 12.449691229761587 7.9386662767977825 6.5370412021639277 12.209436146182007
leaf_weight=391 40 30 24 44 51 38 20 22 22 26 39 42 325 31 57 31 25 93 29 32 29 28 45 25 20 38 232 30 37 45
leaf_count=391 40 30 24 44 51 38 20 22 22 26 39 42 325 31 57 31 25 93 29 32 29 28 45 25 20 38 232 30 37 45
internal_value=-0.00282071 0.00707974 0.00386747 -0.000696203 -0.0118904 0.00347682 -0.00802326 -0.000714286 0.00967836 -0.0125667 -0.0108791 -0.00145161 -0.0128146 -0.00557143 0.0110391 0.00579545 0.00794118 0.00994382 0.00432692 0.00617647 0.00319672 0.00716216 0.007 -0.00355263 -0.0141384 -0.00982759 0.0124766 0.00926966 0.00635593 0.0100685
internal_weight=1941 928 415 237 1013 151 86 42 513 937 546 93 453 70 409 88 51 178 104 85 61 111 75 76 383 58 321 89 59 73
internal_count=1941 928 415 237 1013 151 86 42 513 937 546 93 453 70 409 88 51 178 104 85 61 111 75 76 383 58 321 89 59 73
is_linear=0
shrinkage=0.03


Tree=32
num_leaves=31
num_cat=0
split_feature=11 1 11 46 48 16 12 26 2 52 33 59 41 17 48 46 12 33 52 27 57 12 18 51 52 32 37 45 18 28
split_gain=192.186 10.055 7.92493 4.36195 14.0604 3.87422 11.7336 10.2882 3.53582 3.09541 4.20992 3.98584 2.77263 2.42 2.33749 2.40833 2.28838 2.73438 2.5019 2.24176 1.80751 4.9725 6.34326 1.78906 1.61611 1.89601 1.225 1.05733 0.840638 1.52781
threshold=-0.16280825711808986 131.50000000000003 -0.68322629814330815 23.150000000000002 8.5000000000000018 24.750000000000004 0.64987354830121502 10.850000000000003 5098.0000000000009 163.00000000000003 12.350000000000001 0.25000000000000006 315.65477591651131 30.500000000000004 1.0000000180025095e-35 23.750000000000004 0.56811179347017271 498.2142857500001 76.500000000000014 288.50000000000006 259.50000000000006 0.53946920585801694 21.500000000000004 774.00000000000011 42.500000000000007 43.549107145000008 507.66607145000006 64.500000000000014 4.5000000000000009 1008.35
decision_type=2 2 2 2 2 2 2 2 2 2 2 2 2 2 2 2 2 2 2 2 2 2 2 2 2 2 2 2 2 2
left_child=2 5 3 4 -1 6 -2 13 28 10 11 24 14 -8 27 -16 17 -3 -18 23 21 -7 -23 -10 25 -4 -17 -11 -5 -30
right_child=1 16 9 8 -6 20 7 -9 19 12 -12 -13 -14 -15 15 26 18 -19 -20 -21 -22 22 -24 -25 -26 -27 -28 -29 29 -31
leaf_value=12.987649855647888 -0.43142422022092808 -0.065551632471064103 0.63041384717557603 12.368891566143308 -0.38270830157270752 -0.43142422022092808 12.269949394462857 -0.43521619204330686 8.2766871980939101 4.2681911457141277 5.0443461600521537 -0.23709454793825102 -1.0156326225893386 1.0871335136046236 -0.7665749814305991 -0.19307832587137824 -0.08769830485045986 0.29098466498987291 -0.39813565154349806 12.625397499723116 -0.43142422022092808 -0.43142422022092808 2.7038365598085421 -0.40753416813713439 -0.073895909546133107 2.6521269908322362 3.7096872832525873 0.048732496638969565 8.3370017734987769 12.152206824293343
leaf_weight=68 170 36 40 141 36 155 25 33 22 56 90 23 21 25 20 20 25 28 33 23 437 57 35 39 29 28 20 20 121 65
leaf_count=68 170 36 40 141 36 155 25 33 22 56 90 23 21 25 20 20 25 28 33 23 437 57 35 39 29 28 20 20 121 65
internal_value=-0.0029289 -0.0115439 0.00741497 0.00981553 0.00432692 -0.0125987 -0.00942688 -0.000180723 0.0112044 0.00404632 0.00642857 0.00275 0.000859873 0.0084 0.00242647 -0.002 -0.00344262 0.00046875 -0.00775862 0.00571429 -0.0137719 -0.0117206 -0.00619565 0.00270492 0.00541237 0.00794118 0.00225 0.00592105 0.0126147 0.0112903
internal_weight=1941 1059 882 515 104 937 253 83 411 367 210 120 157 50 136 60 122 64 58 84 684 247 92 61 97 68 40 76 327 186
internal_count=1941 1059 882 515 104 937 253 83 411 367 210 120 157 50 136 60 122 64 58 84 684 247 92 61 97 68 40 76 327 186
is_linear=0
shrinkage=0.03


Tree=33
num_leaves=31
num_cat=0
split_feature=11 11 11 6 6 9 57 6 16 11 57 4 16 41 4 52 33 29 41 48 6 52 6 51 46 47 35 32 45 16
split_gain=190.008 9.18964 7.2977 5.44233 10.83 4.829 10.0951 3.9535 9.78093 9.68 5.28787 3.33064 3.26884 3.7664 4.96067 3.09541 4.20992 3.40278 2.77263 2.33749 2.56647 2.22222 1.93243 3.37153 1.87234 1.52024 1.36608 1.09714 1.05733 1.01015
threshold=-0.16280825711808986 1.0000000180025095e-35 -0.68322629814330815 27.500000000000004 28.500000000000004 141.50000000000003 289.50000000000006 18.500000000000004 24.450000000000003 0.47114434510950071 251.50000000000003 3.5000000000000004 25.050000000000004 97.649698746984782 3.5000000000000004 163.00000000000003 12.350000000000001 0.15000000000000005 315.65477591651131 1.0000000180025095e-35 22.500000000000004 42.500000000000007 26.500000000000004 152.00000000000003 25.150000000000002 17.500000000000004 539.01428575000011 43.549107145000008 64.500000000000014 24.450000000000003
decision_type=2 2 2 2 2 2 2 2 2 2 2 2 2 2 2 2 2 2 2 2 2 2 2 2 2 2 2 2 2 2
left_child=2 22 3 5 -5 6 -1 -3 9 -9 11 -10 13 14 -12 16 17 21 19 28 -21 27 23 -2 -13 -6 -7 -4 -17 -8
right_child=1 7 15 4 25 26 29 8 10 -11 12 24 -14 -15 -16 18 -18 -19 -20 20 -22 -23 -24 -25 -26 -27 -28 -29 -30 -31
leaf_value=-0.37122705252552629 -0.040692619221437236 -0.41848149361430026 0.75716171083680706 -1.0332980573113206 9.8633795964522371 11.997824819159007 11.246407548304203 -0.44446200106526984 8.6882485880836864 10.833168582022289 -0.41825094884854574 -0.6347437710420144 -0.41848149361430026 -0.41848149361430026 11.193066004238117 4.1401454113427043 4.8930157752505892 -0.1872831741328882 -0.98516364391165867 -0.68795202965891578 3.5481697366789819 -0.11480898083048188 0.11150847868959005 -0.17969917105983832 -0.64798885445362875 2.6025647173166964 10.642577958670696 2.6845756438325266 0.047270521739800696 6.3811219080348627
leaf_weight=39 47 398 35 25 46 263 54 25 20 25 28 22 318 70 25 56 90 30 21 37 23 30 25 31 25 29 37 25 20 22
leaf_count=39 47 398 35 25 46 263 54 25 20 25 28 22 318 70 25 56 90 30 21 37 23 30 25 31 25 29 37 25 20 22
internal_value=-0.00300618 -0.0115722 0.00727891 0.00958252 0.0033 0.0110964 0.00586957 -0.0124895 -0.0108602 0.0018 -0.0121063 -0.00425373 -0.0132993 -0.00914634 -0.00311321 0.00404632 0.00642857 0.00275 0.000859873 0.00242647 -0.002 0.00566667 -0.00305825 -0.00538462 -0.00861702 0.009 0.0131 0.009 0.00592105 0.0122368
internal_weight=1941 1059 882 515 100 415 115 956 558 50 508 67 441 123 53 367 210 120 157 136 60 90 103 78 47 75 300 60 76 76
internal_count=1941 1059 882 515 100 415 115 956 558 50 508 67 441 123 53 367 210 120 157 136 60 90 103 78 47 75 300 60 76 76
is_linear=0
shrinkage=0.03


Tree=34
num_leaves=31
num_cat=0
split_feature=11 1 11 45 48 46 11 9 16 11 9 10 28 24 58 57 46 9 33 55 57 57 40 57 35 16 16 26 33 32
split_gain=188.071 10.055 6.63714 3.98468 7.5662 7.90678 4.24038 3.7606 9.76043 9.97361 9.17651 8.1 2.9461 4.0035 2.99602 4.28782 2.447 2.28838 2.73438 2.37069 1.9506 3.76717 1.92308 1.81942 1.74341 1.8433 1.72581 2.29241 1.50353 1.41463
threshold=-0.16280825711808986 131.50000000000003 -0.68322629814330815 62.500000000000007 8.5000000000000018 23.150000000000002 -0.91037613702198739 149.50000000000003 24.450000000000003 0.47114434510950071 148.50000000000003 0.22695468355932447 1008.6500000000002 147.05000000000004 1005.6500000000002 262.50000000000006 25.350000000000005 147.50000000000003 498.2142857500001 147.50000000000003 296.50000000000006 278.50000000000006 877.42354912291682 232.00000000000003 225.70625000000004 23.850000000000005 24.750000000000004 7.9500000000000011 58.021428570000005 889.74196430000018
decision_type=2 2 2 2 2 2 2 2 2 2 2 2 2 2 2 2 2 2 2 2 2 2 2 2 2 2 2 2 2 2
left_child=2 7 3 4 24 -6 -7 8 9 -2 23 -12 13 28 15 -15 -16 19 -19 -3 21 -17 -23 -10 -1 29 27 -25 -4 -26
right_child=1 17 12 -5 5 6 -8 -9 10 -11 11 -13 -14 14 16 20 -18 18 -20 -21 -22 22 -24 26 25 -27 -28 -29 -30 -31
leaf_value=11.127324247058096 -0.42637768462706055 -0.031540836904568541 0.36960325658145443 10.425887620400879 -0.3600902409497605 17.33170576360293 -0.63675944751369506 -0.40592704880587127 -0.40592704880587127 10.50817352456162 -0.4079824716693855 23.354645679621104 3.6525425258797757 -0.68198741482534841 5.0767459850025514 3.7350991148902626 -0.13896614154168646 -0.062364304920289049 0.28685972026404732 -0.43801737612215691 1.5023812170226261 -0.86150330418475829 0.018308290365308153 -0.40505896089919297 3.9824618527898297 0.24414007128979279 -0.40592704880587127 -0.40776961331121131 4.9418729327393489 11.27557510709361
leaf_weight=103 26 22 32 228 36 40 25 376 32 25 20 20 39 29 83 21 43 36 28 36 29 26 26 27 23 25 373 38 39 35
leaf_count=103 26 22 32 228 36 40 25 376 32 25 20 20 39 29 83 21 43 36 28 36 29 26 26 27 23 25 373 38 39 35
internal_value=-0.00302164 -0.0115439 0.00721088 0.00940777 0.00705575 0.000445545 0.00669231 -0.0125987 -0.0110428 0.00147059 -0.0122941 0.0015 0.00412807 0.00320122 0.00145914 -0.00171756 0.0047619 -0.00344262 0.00046875 -0.00775862 0.00117647 -0.00143836 -0.00576923 -0.0134681 0.0106452 0.00740964 -0.0139726 -0.00946154 0.00950704 0.0103448
internal_weight=1941 1059 882 515 287 101 65 937 561 51 510 40 367 328 257 131 126 122 64 58 102 73 52 470 186 83 438 65 71 58
internal_count=1941 1059 882 515 287 101 65 937 561 51 510 40 367 328 257 131 126 122 64 58 102 73 52 470 186 83 438 65 71 58
is_linear=0
shrinkage=0.03


Tree=35
num_leaves=31
num_cat=0
split_feature=11 11 11 6 6 12 57 6 16 11 57 4 16 10 22 32 41 21 11 46 46 12 16 37 41 2 22 16 47 35
split_gain=184 9.76601 7.17685 5.45748 10.4533 5.26832 9.26401 3.9535 9.78093 9.68 5.28787 3.33064 3.26884 4.55097 2.72915 3.71364 2.52909 2.62763 2.3861 2.06066 1.87234 1.77443 1.47005 1.7305 1.6 1.4269 1.38889 2.73667 1.30256 1.29519
threshold=-0.16280825711808986 1.0000000180025095e-35 -0.68322629814330815 27.500000000000004 28.500000000000004 0.64987354830121502 289.50000000000006 18.500000000000004 24.450000000000003 0.47114434510950071 251.50000000000003 3.5000000000000004 25.050000000000004 0.81241147629689026 163.00000000000003 43.549107145000008 296.06888206640434 359.50000000000006 0.88144907265856365 23.850000000000005 25.150000000000002 0.59608197715088396 23.750000000000004 622.06428570000014 219.70913002393488 7167.6875000000009 76.500000000000014 25.150000000000002 17.500000000000004 280.83571430000006
decision_type=2 2 2 2 2 2 2 2 2 2 2 2 2 2 2 2 2 2 2 2 2 2 2 2 2 2 2 2 2 2
left_child=2 19 3 5 -5 29 -7 -3 9 -9 11 -10 13 18 15 21 17 -16 -12 -2 -13 -4 24 25 -19 -24 27 -21 -6 -1
right_child=1 7 14 4 28 6 -8 8 10 -11 12 20 -14 -15 16 -17 -18 22 -20 26 -22 -23 23 -25 -26 -27 -28 -29 -30 -31
leaf_value=11.776197073188779 -0.44891228112413334 -0.39374923734169509 -0.19170856948929269 -0.99149640836348829 9.2441800305467829 -0.3492875337212677 10.129358002244416 -0.41833681049449989 7.7269617600525429 10.192928318824773 -0.39374923734169509 -0.60352364644657785 -0.39374923734169509 0.73087929689631748 -0.63797703304464137 3.4565225774306132 -0.47140976912774774 -0.78058431148444518 -0.39290719207221714 0.5573625162761251 -0.61637137735584369 1.0430408114391752 -0.36586766432036993 4.715389540181488 2.8876530934361271 3.086052783190981 -0.14832155340213682 -0.14777775523627953 2.4050139202135017 9.581743315302214
leaf_weight=223 22 398 34 25 46 39 76 25 20 25 79 22 318 21 24 132 32 20 23 26 25 29 23 33 20 20 27 28 29 77
leaf_count=223 22 398 34 25 46 39 76 25 20 25 79 22 318 21 24 132 32 20 23 26 25 29 23 33 20 20 27 28 29 77
internal_value=-0.00311437 -0.0115439 0.0070068 0.00929126 0.003 0.0108072 0.00534783 -0.0124895 -0.0108602 0.0018 -0.0121063 -0.00425373 -0.0132993 -0.00914634 0.00380109 0.00623077 0.00104651 0.00278571 -0.0117647 -0.00276699 -0.00861702 0.000238095 0.00465517 0.00710526 0 0.00313953 -0.000555556 0.00222222 0.0086 0.0129
internal_weight=1941 1059 882 515 100 415 115 956 558 50 508 67 441 123 367 195 172 140 102 103 47 63 116 76 40 43 81 54 75 300
internal_count=1941 1059 882 515 100 415 115 956 558 50 508 67 441 123 367 195 172 140 102 103 47 63 116 76 40 43 81 54 75 300
is_linear=0
shrinkage=0.03


Tree=36
num_leaves=31
num_cat=0
split_feature=11 11 1 6 6 9 27 6 6 26 57 36 57 57 27 18 4 38 21 16 18 46 46 20 39 33 35 47 37 3
split_gain=178.764 9.06138 6.74518 4.96386 10.4533 4.59383 9.97399 3.94103 10.5368 10.194 6.48856 3.59195 3.4421 3.51042 9.08733 4.029 3.33064 3.15093 3.07012 3.025 2.08521 1.91496 1.87234 1.77584 1.67348 1.5008 1.42275 1.30256 1.2803 1.46667
threshold=-0.097964660725097338 -0.68322629814330815 127.93750000000001 27.500000000000004 28.500000000000004 141.50000000000003 289.50000000000006 18.500000000000004 20.500000000000004 10.850000000000003 251.50000000000003 496.49107145000005 330.50000000000006 209.00000000000003 262.50000000000006 25.500000000000004 3.5000000000000004 417.12812500000013 52.000000000000007 23.750000000000004 1.0000000180025095e-35 24.950000000000003 25.150000000000002 1.0000000180025095e-35 739.32656250625007 498.2142857500001 539.01428575000011 17.500000000000004 163.95267855000003 6392911.9105000012
decision_type=2 2 2 2 2 2 2 2 2 2 2 2 2 2 2 2 2 2 2 2 2 2 2 2 2 2 2 2 2 2
left_child=1 3 7 5 -5 6 19 -2 9 11 16 -9 13 18 -15 17 -10 28 -3 -1 23 -17 -18 24 -19 -4 -7 -6 -16 -30
right_child=2 12 25 4 27 26 -8 8 10 -11 -12 -13 -14 14 15 21 22 20 -20 -21 -22 -23 -24 -25 -26 -27 -28 -29 29 -31
leaf_value=-0.33880890770962963 -0.38193676022144429 -0.071003088481517262 -0.14558127683301705 -0.96175151611258358 8.9668546296303795 10.981438809128985 9.751217886247213 -0.071375248047707063 7.4951529072509668 -0.38191790515755186 -0.38193676022144429 10.881213008700119 3.9812304070240194 -0.68691915131399184 0.066712049667239232 8.5975767071492228 -0.58541793705318046 2.555888329962567 2.5860038954774209 8.9393256060628108 -0.10082086226713045 0.20259717470844377 -0.59788023603516827 6.588738660242667 -1.0225811416172983 0.0064429240605458384 9.6975810672387013 2.332863502607097 -0.3339511589090351 -0.25763700812649948
leaf_weight=20 389 21 50 25 46 263 75 29 20 39 383 25 25 53 22 56 22 24 62 20 33 25 25 23 20 36 37 29 24 20
leaf_count=20 389 21 50 25 46 263 75 29 20 39 383 25 25 53 22 56 22 24 62 20 33 25 25 23 20 36 37 29 24 20
internal_value=-0.00320711 0.00635428 -0.0118762 0.009 0.003 0.0104458 0.00534783 -0.012618 -0.0109669 -0.00177419 -0.0128667 0.00666667 0.00301471 0.0023107 0.0008 0.00321862 -0.00425373 0.000542169 0.00777108 -0.00675 0.0039 0.0087037 -0.00861702 0.0069403 0.00340909 -0.00383721 0.0124 0.0086 -0.00454545 -0.0075
internal_weight=1941 923 1018 515 100 415 115 932 543 93 450 54 408 383 300 247 67 166 83 40 100 81 47 67 44 86 300 75 66 44
internal_count=1941 923 1018 515 100 415 115 932 543 93 450 54 408 383 300 247 67 166 83 40 100 81 47 67 44 86 300 75 66 44
is_linear=0
shrinkage=0.03


Tree=37
num_leaves=31
num_cat=0
split_feature=11 1 11 6 6 9 57 6 6 56 57 4 47 22 32 29 41 35 57 9 6 52 35 46 3 46 58 35 16 45
split_gain=176.763 10.4949 6.75821 5.27211 10.0833 4.46447 9.26401 3.94103 10.5368 10.4527 6.48856 3.33064 2.94553 2.93831 3.52541 2.52254 2.30251 2.43117 2.18531 3.44802 2.16251 2.76796 2.44087 1.87234 1.62726 1.40121 2.10974 1.37156 1.23556 1.19908
threshold=-0.16280825711808986 127.93750000000001 -0.68322629814330815 27.500000000000004 28.500000000000004 141.50000000000003 289.50000000000006 18.500000000000004 20.500000000000004 10.850000000000003 251.50000000000003 3.5000000000000004 30.500000000000004 163.00000000000003 43.549107145000008 1.0000000180025095e-35 296.06888206640434 827.61190480000016 285.50000000000006 143.50000000000003 26.500000000000004 76.500000000000014 582.78750000000002 25.150000000000002 7008492.3750000009 23.050000000000004 1008.2500000000001 539.01428575000011 24.450000000000003 86.500000000000014
decision_type=2 2 2 2 2 2 2 2 2 2 2 2 2 2 2 2 2 2 2 2 2 2 2 2 2 2 2 2 2 2
left_child=2 7 3 5 -5 6 -1 -2 9 12 11 -10 -9 14 15 -4 17 18 19 -15 21 22 -3 -13 -16 -6 -27 29 -8 -7
right_child=1 20 13 4 25 27 28 8 10 -11 -12 23 -14 16 24 -17 -18 -19 -20 -21 -22 -23 -24 -25 -26 26 -28 -29 -30 -31
leaf_value=-0.32864464047834069 -0.37047865741480096 -0.15682113832199562 0.51445664573113614 -0.93289897062920601 11.830420460998305 11.052844026113165 9.9787783177885832 11.915967312389535 7.2702983200334392 -0.37044427915229683 -0.37047865741480096 -0.5678553989415851 0.079492211341610358 -0.69723945899873163 3.6750408781620836 -0.18359784517415703 -0.48905412146237803 2.5353854728802099 1.7881049320131122 1.2917760278263173 0.070061918816265056 -0.34646360690421424 0.238138892875985 -0.57994382895411334 0.62374115514230988 0.54448525977370188 9.3299393676301783 9.4066536352215397 5.2804943455270408 2.8230335927364796
leaf_weight=39 389 38 37 25 20 243 54 24 20 42 383 22 27 22 103 26 32 52 36 30 33 35 21 25 29 35 20 37 22 20
leaf_count=39 389 38 37 25 20 243 54 24 20 42 383 22 27 22 103 26 32 52 36 30 33 35 21 25 29 35 20 37 22 20
internal_value=-0.00325348 -0.0115156 0.00666667 0.0088835 0.0027 0.0103735 0.00534783 -0.012618 -0.0109669 -0.00177419 -0.0128667 -0.00425373 0.00735294 0.00355586 0.00607692 0.000238095 0.000697674 0.00235714 -0.000681818 -0.00461538 -0.0034252 -0.00574468 -0.00177966 -0.00861702 0.00886364 0.0082 0.00572727 0.0123 0.0114474 0.0130608
internal_weight=1941 1059 882 515 100 415 115 932 543 93 450 67 51 367 195 63 172 140 88 52 127 94 59 47 132 75 55 300 76 263
internal_count=1941 1059 882 515 100 415 115 932 543 93 450 67 51 367 195 63 172 140 88 52 127 94 59 47 132 75 55 300 76 263
is_linear=0
shrinkage=0.03


Tree=38
num_leaves=31
num_cat=0
split_feature=1 1 23 49 6 6 19 27 43 58 6 45 6 16 27 35 26 36 35 22 47 39 41 6 47 41 41 8 15 28
split_gain=170.86 8.9632 7.14317 6.97623 5.5234 9.1482 4.74724 5.8206 4.50518 4.26176 7.49796 4.14338 3.96387 10.9198 4.28595 5.11836 10.3712 4.16174 3.05281 2.61911 2.92838 2.03254 1.93258 1.89411 1.73463 1.64432 1.55832 2.23676 2.04901 1.2197
threshold=872.12500000000011 99.000000000000014 164.50000000000003 58.500000000000007 27.500000000000004 28.500000000000004 6.5000000000000009 269.50000000000006 110.22857139999998 1005.85 18.500000000000004 78.500000000000014 18.500000000000004 24.450000000000003 263.50000000000006 12.312500000000002 8.6500000000000004 248.08303570000001 754.41517855000018 42.500000000000007 16.500000000000004 289.84330356875006 228.18783373420047 19.500000000000004 17.500000000000004 255.44107604957972 367.07584504266839 2.5000000000000004 83.500000000000014 1006.6500000000002
decision_type=2 2 2 2 2 2 2 2 2 2 2 2 2 2 2 2 2 2 2 2 2 2 2 2 2 2 2 2 2 2
left_child=1 12 3 6 9 -6 7 11 18 10 -4 -2 -1 17 15 16 29 -14 22 -8 -21 -5 -9 -16 -7 -20 27 -3 -29 -15
right_child=2 26 4 21 5 24 19 8 -10 -11 -12 -13 13 14 23 -17 -18 -19 25 20 -22 -23 -24 -25 -26 -27 -28 28 -30 -31
leaf_value=-0.35936429769235695 -0.71010436065154803 -0.16368110879171613 7.509040606998389 0.27379800716977909 -0.9049120015103298 9.4861097538445236 0.94213085483101944 2.2960984028193985 4.9220042233628885 10.730556395612854 -0.31878530126399046 2.3995034533494977 -0.35918239236437288 -0.46151054669662211 -0.35898801562664612 -0.35936429769235695 20.467183051634802 8.6284214914328494 6.7513778205227553 0.075349164370463767 -0.57825222000496224 7.7741599239345645 -1.0955679126228017 -0.35936429769235695 1.2025690484167944 0.46904065254434496 -0.46288263098107008 0.28440119748285486 -0.064168361677411662 -0.35936429769235695
leaf_weight=387 38 40 86 24 24 39 28 24 75 252 34 23 20 21 30 93 22 27 35 27 53 62 29 304 25 30 21 22 23 23
leaf_count=387 38 40 86 24 24 39 28 24 75 252 34 23 20 21 30 93 22 27 35 27 53 62 29 304 25 30 21 22 23 23
internal_value=-0.0033153 -0.0116602 0.00617841 0.00348214 0.00880435 0.00204545 0.00165746 0.00389764 0.00645078 0.0104032 0.00575 -0.00418033 -0.0126052 -0.0109444 -0.0122617 -0.00820755 -0.00181818 0.00287234 0.00279661 -0.00361111 -0.006375 0.0111628 -0.00254717 -0.0141916 0.00796875 0.00715385 -0.00339623 -0.00158824 0.003 -0.0102273
internal_weight=1941 1033 908 448 460 88 362 254 193 372 120 61 927 540 493 159 66 47 118 108 80 86 53 334 64 65 106 85 45 44
internal_count=1941 1033 908 448 460 88 362 254 193 372 120 61 927 540 493 159 66 47 118 108 80 86 53 334 64 65 106 85 45 44
is_linear=0
shrinkage=0.03


Tree=39
num_leaves=31
num_cat=0
split_feature=11 11 6 6 9 27 16 16 6 44 37 26 57 57 6 41 51 44 2 45 22 28 57 6 11 26 36 33 8 42
split_gain=170.802 13.1775 7.04861 7.73571 5.39435 13.0592 3.63 3.62755 7.05003 6.83787 4.14103 5.67336 3.44487 4.04785 5.30053 3.98371 3.9306 2.87863 2.52176 2.69068 1.92682 4.65266 1.9265 5.69414 1.90011 2.32 1.62178 1.37524 1.64804 1.27717
threshold=1.0000000180025095e-35 -0.41248606129204524 27.500000000000004 28.500000000000004 141.50000000000003 289.50000000000006 23.750000000000004 25.050000000000004 18.500000000000004 27.950000000000003 20.210714285000005 12.550000000000002 298.50000000000006 209.00000000000003 20.500000000000004 345.84987370642074 58.000000000000007 31.150000000000002 6163.5000000000009 87.500000000000014 601.50000000000011 1008.6500000000002 247.50000000000003 26.500000000000004 0.63405362205439486 9.2500000000000018 122.85625 1182.0312500000002 3.5000000000000004 24.63660700000003
decision_type=2 2 2 2 2 2 2 2 2 2 2 2 2 2 2 2 2 2 2 2 2 2 2 2 2 2 2 2 2 2
left_child=1 2 4 -4 5 6 -1 8 26 -10 11 24 13 16 -15 -16 -3 -7 19 -6 21 -5 23 -9 25 -11 -2 28 -20 -14
right_child=7 12 3 20 18 17 -8 22 9 10 -12 -13 29 14 15 -17 -18 -19 27 -21 -22 -23 -24 -25 -26 -27 -28 -29 -30 -31
leaf_value=-0.41553763418754341 -0.18293098158021862 -0.068456402190556889 -0.87776464146501998 -0.64245597747088878 8.6127477384081548 0.88860351701981644 8.3590884852268932 -0.34858336876158619 7.3523010702856011 -0.44766523029572347 -0.34858336876158619 -0.35057712893919507 0.43750106135462857 -0.55749951886971227 0.2018895070596026 -0.44899615205163795 2.5955862574786956 7.5476241175895113 7.7066006367366882 0.77889542810715562 9.5270092182052686 7.2818965681381007 -0.34858336876158619 0.93961846018098127 10.208067239536229 7.757236767534665 -0.34858336876158619 -0.82630480599745737 0.96085364293066078 0.01374145404314504
leaf_weight=30 20 30 35 37 322 23 20 99 20 26 59 42 40 44 72 25 27 87 34 23 48 20 435 24 21 28 182 21 20 27
leaf_count=30 20 30 35 37 322 23 20 99 20 26 59 42 40 44 72 25 27 87 34 23 48 20 435 24 21 28 182 21 20 27
internal_value=-0.00333076 0.00543655 0.00754167 0.0015 0.009 0.0043125 -0.0084 -0.012364 -0.0101759 -0.00612245 -0.00801136 -0.00474359 -0.000283019 -0.00227273 -0.005 -0.00108247 0.00447368 0.0100909 0.0107857 0.0118696 0.00557143 0.00184211 -0.0139247 -0.0106098 0.0002 -0.00277778 -0.0141089 0.0058 0.00833333 0.00559701
internal_weight=1941 985 720 140 580 160 50 956 398 196 176 117 265 198 141 97 57 110 420 345 105 57 558 123 75 54 202 75 54 67
internal_count=1941 985 720 140 580 160 50 956 398 196 176 117 265 198 141 97 57 110 420 345 105 57 558 123 75 54 202 75 54 67
is_linear=0
shrinkage=0.03


Tree=40
num_leaves=31
num_cat=0
split_feature=11 11 6 6 9 27 16 6 14 37 56 16 27 27 6 41 23 46 16 41 2 45 6 18 27 6 26 36 33 22
split_gain=168.472 14.4505 5.93297 7.63889 5.47416 12.0154 3.62755 7.05003 8.12764 3.92604 5.59302 3.52917 3.07259 3.06104 5.60844 3.81788 3.20002 2.7465 2.51767 3.28601 2.35044 2.61206 2.06832 4.42951 1.84362 5.77083 1.65632 1.62178 1.44897 1.38129
threshold=1.0000000180025095e-35 -0.47114434510950048 27.500000000000004 28.500000000000004 141.50000000000003 289.50000000000006 25.050000000000004 18.500000000000004 27.950000000000003 20.210714285000005 12.550000000000002 23.750000000000004 300.50000000000006 209.00000000000003 20.500000000000004 345.84987370642074 46.000000000000007 24.150000000000002 24.850000000000005 265.40411646992749 6163.5000000000009 87.500000000000014 19.500000000000004 29.500000000000004 247.50000000000003 26.500000000000004 18.450000000000003 122.85625 1182.0312500000002 601.50000000000011
decision_type=2 2 2 2 2 2 2 2 2 2 2 2 2 2 2 2 2 2 2 2 2 2 2 2 2 2 2 2 2 2
left_child=1 2 4 -4 5 11 7 27 -9 10 22 -1 13 16 -15 18 -3 -7 19 -16 21 -6 -10 -24 25 -8 29 -2 -22 -5
right_child=6 12 3 26 20 17 24 8 9 -11 -12 -13 -14 14 15 -17 -18 -19 -20 -21 28 -23 23 -25 -26 -27 -28 -29 -30 -31
leaf_value=-0.31679699436229042 -0.17744305213281203 -0.070374598669721497 -0.85143170222106934 1.1857656562884165 8.5514280978299411 8.6994830526644868 -0.33812586769873865 7.1317320381770326 6.4798552922359818 -0.33812586769873865 -0.34005981507101918 8.1083158306700849 0.33369920683461024 -0.55218353207391691 5.4085629625189693 -0.37581757645230884 2.5871769127665365 3.823459288305207 -0.24927190524494988 -0.020193789682103221 4.2917191275417581 0.51001083597235231 -0.4725685926078238 19.546925542899672 -0.33812586769873865 0.91142990637555144 -0.63575494034030822 -0.33812586769873865 -0.8015156618175342 11.335600665073608
leaf_weight=28 20 27 33 43 311 62 103 20 28 59 43 20 76 52 33 26 35 41 21 36 44 20 22 24 431 24 20 182 21 36
leaf_count=28 20 27 33 43 311 62 103 20 28 59 43 20 76 52 33 26 35 41 21 36 44 20 22 24 431 24 20 182 21 36
internal_value=-0.00339258 0.00531472 0.00775405 0.00204545 0.00913163 0.00427152 -0.012364 -0.0101759 -0.00612245 -0.00818182 -0.005 -0.008125 -9.80392e-05 -0.00182609 -0.00392857 -0.000258621 0.00387097 0.0100485 0.00266667 0.00543478 0.0109848 0.0120091 0 -0.00391304 -0.0139247 -0.010748 0.00621212 -0.0141089 0.00576923 0.00816456
internal_weight=1941 985 679 132 547 151 956 398 196 176 117 48 306 230 168 116 62 103 90 69 396 331 74 46 558 127 99 202 65 79
internal_count=1941 985 679 132 547 151 956 398 196 176 117 48 306 230 168 116 62 103 90 69 396 331 74 46 558 127 99 202 65 79
is_linear=0
shrinkage=0.03


Tree=41
num_leaves=31
num_cat=0
split_feature=1 11 28 48 16 12 16 12 11 10 41 58 14 57 29 11 37 18 36 26 18 8 48 27 11 47 35 21 2 8
split_gain=167.951 15.8655 4.83955 5.20644 9.93624 3.34498 9.92316 9.31786 8.2438 8.1 3.1431 3.21948 5.24795 5.03838 3.5481 2.27372 3.06429 2.18482 2.00006 1.91285 2.27664 3.48338 1.89394 1.72531 4.04358 1.26512 2.15557 1.38198 1.225 1.1948
threshold=99.000000000000014 -0.58216583101416131 1008.2500000000001 10.500000000000002 23.150000000000002 0.53946920585801694 24.450000000000003 0.55387244954848092 0.47114434510950071 0.22695468355932447 367.07584504266839 1004.9500000000002 27.750000000000004 296.50000000000006 0.15000000000000005 -0.84874750804349197 342.19910715000009 24.500000000000004 177.85000000000002 4.6500000000000012 12.500000000000002 2.5000000000000004 16.500000000000004 272.50000000000006 0.91037613702198772 82.500000000000014 38.178571425000008 565.00000000000011 7308.1875000000009 2.5000000000000004
decision_type=2 2 2 2 2 2 2 2 2 2 2 2 2 2 2 2 2 2 2 2 2 2 2 2 2 2 2 2 2 2
left_child=5 2 3 15 -5 -1 8 9 -7 -8 11 12 28 -14 18 -2 -17 22 19 -13 29 -22 -6 24 -9 26 27 -19 -3 -21
right_child=1 10 -4 4 17 6 7 23 -10 -11 -12 14 13 -15 -16 16 -18 25 -20 20 21 -23 -24 -25 -26 -27 -28 -29 -30 -31
leaf_value=-0.32798209166777642 9.7429566306290756 0.089057512276614112 9.0568137096984298 -0.30699606622650494 6.3887082800088359 -0.3518390917856285 -0.33307112638209641 -0.32798209166777642 8.4437347389311856 20.927890267908452 -0.29566242924660741 -0.069668888813473939 -0.54362189034689423 0.13580283525297854 -0.14218953090707032 10.259312657926078 1.4307111129289534 2.9391537935913097 -0.35600135138224143 1.7977940662641338 0.16199746019533576 3.1581825005342736 -0.74362958710927951 -0.32798209166777642 -0.25850478903228474 8.7898447046902781 -2.0691977628369376 13.317503273628208 3.4639707627047684 -0.024812023348798107
leaf_weight=372 179 20 115 37 20 23 20 102 25 20 24 24 69 32 31 26 84 30 20 41 34 65 24 335 30 29 22 31 20 37
leaf_count=372 179 20 115 37 20 23 20 102 25 20 24 24 69 32 31 26 84 30 20 41 34 65 24 335 30 29 22 31 20 37
internal_value=-0.00340804 0.00502959 0.00816583 0.00684647 0.00303109 -0.0126375 -0.0111622 -0.0123964 0.001875 0.0015 0.000539568 0.00118321 -0.00244681 -0.00608911 0.00321429 0.00939446 0.006 0.00634615 0.00454751 0.00544776 0.00652542 0.00954545 0.000681818 -0.0135867 -0.0106818 0.00857143 0.00668675 0.00959016 0.00675 0.00269231
internal_weight=1941 1014 597 482 193 927 555 507 48 40 417 393 141 101 252 289 110 156 221 201 177 99 44 467 132 112 83 61 40 78
internal_count=1941 1014 597 482 193 927 555 507 48 40 417 393 141 101 252 289 110 156 221 201 177 99 44 467 132 112 83 61 40 78
is_linear=0
shrinkage=0.03


Tree=42
num_leaves=31
num_cat=0
split_feature=11 11 11 28 48 16 57 13 57 13 36 49 40 26 23 41 8 46 37 29 10 8 14 18 8 37 44 21 41 26
split_gain=162.829 9.78868 7.49231 4.39816 7.028 9.59013 3.99883 4.27464 3.36802 9.11693 8.7447 5.63562 4.96203 11.0683 3.01983 2.71076 2.57555 2.38964 2.31228 3.05374 2.22952 2.0348 2.53546 2.07202 2.05714 1.93252 1.7637 1.66795 1.6182 1.51515
threshold=-0.16280825711808986 0.065403129230142756 -0.68322629814330815 1008.1500000000002 5.5000000000000009 23.150000000000002 296.50000000000006 -0.75999367905021098 289.50000000000006 -0.75999367905021098 184.83125000000004 1.0000000180025095e-35 61.848363094374982 10.65 202.00000000000003 279.95472478932305 3.5000000000000004 23.750000000000004 267.70982145000011 1.0000000180025095e-35 0.35206144883412577 2.5000000000000004 28.750000000000004 29.500000000000004 4.5000000000000009 870.77857140000015 33.45000000000001 577.00000000000011 240.40408207183438 9.1500000000000004
decision_type=2 2 2 2 2 2 2 2 2 2 2 2 2 2 2 2 2 2 2 2 2 2 2 2 2 2 2 2 2 2
left_child=2 21 3 4 25 -6 7 15 9 11 -11 12 13 -3 17 18 -17 -7 19 -4 -12 22 -2 24 -23 -1 28 -20 -27 -8
right_child=1 8 6 -5 5 14 29 -9 -10 10 20 -13 -14 -15 -16 16 -18 -19 27 -21 -22 23 -24 -25 -26 26 -28 -29 -30 -31
leaf_value=9.7214439042117977 -0.085684219663688221 -0.31814262891774314 2.1861943179300631 9.3388023979170942 -0.29033348098874845 4.5115567982388347 0.43675040555763128 -0.53929828801241697 -0.31814262891774314 -0.31814262891774314 10.704519515868563 -0.31814262891774314 -0.31986588682742573 14.930618011283947 9.0645946580361034 0.93392034115855593 -1.1804266759608912 -1.5656324982587444 3.8159394738706247 -0.23533404629075091 0.24760039781692086 -0.26279119212157576 -0.26912298385822325 0.42134679737692143 -0.0013087966795343319 2.2090004775139063 -0.21121556520349941 0.14798559977406511 10.383751019418554 2.1876594736614203
leaf_weight=135 26 50 38 107 38 33 27 30 376 37 23 332 49 29 77 28 24 32 75 36 20 20 37 24 36 25 21 37 47 72
leaf_count=135 26 50 38 107 38 33 27 30 376 37 23 332 49 29 77 28 24 32 75 36 20 20 37 24 36 25 21 37 47 72
internal_value=-0.00367079 -0.0116006 0.00585034 0.00818447 0.00676471 0.00233333 0.00257493 0.000671642 -0.0127402 -0.0112222 -0.001875 -0.0128478 -0.0075 -0.0028481 0.00591549 0.00201681 -0.00403846 0.00115385 0.00370968 -0.000405405 0.00732558 -0.0043007 -0.00833333 -0.001125 -0.00428571 0.0102632 0.00693548 0.00642857 0.00916667 0.00772727
internal_weight=1941 1059 882 515 408 180 367 268 916 540 80 460 128 79 142 238 52 65 186 74 43 143 63 80 56 228 93 112 72 99
internal_count=1941 1059 882 515 408 180 367 268 916 540 80 460 128 79 142 238 52 65 186 74 43 143 63 80 56 228 93 112 72 99
is_linear=0
shrinkage=0.03


Tree=43
num_leaves=31
num_cat=0
split_feature=1 11 11 6 6 9 53 6 16 11 16 41 6 47 38 46 6 16 58 58 14 9 11 47 8 6 41 45 56 47
split_gain=156.419 10.5417 8.30063 6.39402 8.33333 4.5712 8.92577 3.44802 9.97923 6.74853 2.85329 6.52791 9.99547 4.60126 2.134 2.02786 4.44698 4.32965 3.21013 2.19048 3.06667 3.8295 2.09259 2.00238 1.86862 2.6376 2.71939 1.76095 2.00951 1.74017
threshold=1215.7500000000002 0.065403129230142756 -0.68322629814330815 27.500000000000004 28.500000000000004 141.50000000000003 191.00000000000003 18.500000000000004 24.450000000000003 0.52778511650980109 25.550000000000004 96.430009159938578 27.500000000000004 18.500000000000004 829.90513391250022 24.050000000000004 18.500000000000004 24.450000000000003 1005.7500000000001 1008.7500000000001 27.550000000000004 145.50000000000003 -0.5 16.500000000000004 2.5000000000000004 16.500000000000004 348.92297936723918 86.500000000000014 16.250000000000004 68.500000000000014
decision_type=2 2 2 2 2 2 2 2 2 2 2 2 2 2 2 2 2 2 2 2 2 2 2 2 2 2 2 2 2 2
left_child=1 24 3 5 -5 6 -2 -3 9 -9 11 12 13 -10 -8 16 -4 -17 23 20 -19 -22 -23 -18 29 -26 -27 28 -7 -1
right_child=2 7 15 4 -6 27 14 8 10 -11 -12 -13 -14 -15 -16 17 18 19 -20 -21 21 22 -24 -25 25 26 -28 -29 -30 -31
leaf_value=-0.45818411865093056 -0.2693318169531182 -0.30859835005021091 2.5179729688578547 -0.80796886473797969 4.939408427013154 9.7463964357853392 10.524389946467387 -0.32223872735202491 1.1101549950172092 8.4794165454452415 -0.30859835005021091 -0.30859835005021091 17.884762528236909 -0.3918866893953355 3.8358894160992256 4.3623939045731941 -0.38716074257334909 3.7014612896545058 7.8030646952304572 3.0709944307078172 0.7924588186027075 0.28359696258587264 -0.23959365050473905 -0.58499474987950906 -0.15307939352903266 0.21846389674997624 -0.29218858060501446 2.192540178479677 7.8328910686867896 -0.091303793117180024
leaf_weight=42 29 381 45 25 75 149 47 22 20 23 253 131 24 62 39 65 42 23 24 23 42 22 51 28 22 34 20 20 131 27
leaf_count=42 29 381 45 25 75 149 47 22 20 23 253 131 24 62 39 65 42 23 24 23 42 22 51 28 22 34 20 20 131 27
internal_value=-0.00379444 -0.0115504 0.00555682 0.00800971 0.0012 0.0096506 0.00456522 -0.0127402 -0.0111869 0.00233333 -0.0124286 -0.0100633 -0.0045283 -0.0095122 0.0094186 0.00209589 -0.000755396 0.00384956 -0.00446809 0.00121118 -0.000217391 -0.00221739 -0.00636986 -0.00771429 -0.00403448 -0.000789474 0.00277778 0.0116 0.0122143 -0.0076087
internal_weight=1941 1061 880 515 100 415 115 916 535 45 490 237 106 82 86 365 139 226 94 161 138 115 73 70 145 76 54 300 280 69
internal_count=1941 1061 880 515 100 415 115 916 535 45 490 237 106 82 86 365 139 226 94 161 138 115 73 70 145 76 54 300 280 69
is_linear=0
shrinkage=0.03


Tree=44
num_leaves=31
num_cat=0
split_feature=11 11 11 6 6 9 53 27 6 46 11 57 4 57 6 24 15 46 18 40 46 10 18 46 19 24 6 46 22 51
split_gain=152.628 11.2216 8.49247 6.1771 8.33333 4.78265 9.25645 6.51636 3.55235 8.98098 7.60014 5.78804 3.24664 3.18993 2.41652 2.57406 3.97727 2.26411 3.48594 2.72428 2.25459 3.13433 3.61869 1.99275 1.93515 3.27325 2.62953 2.61497 2.34411 2.13481
threshold=-0.16280825711808986 0.065403129230142756 -0.68322629814330815 27.500000000000004 28.500000000000004 141.50000000000003 206.00000000000003 295.50000000000006 18.500000000000004 24.450000000000003 0.52778511650980109 251.50000000000003 3.5000000000000004 325.50000000000006 28.500000000000004 14.400000000000002 83.500000000000014 23.750000000000004 3.5000000000000004 928.42316468541674 25.050000000000004 -0.41248606129204546 43.500000000000007 25.150000000000002 2.5000000000000004 147.05000000000004 24.500000000000004 24.350000000000005 230.00000000000003 58.000000000000007
decision_type=2 2 2 2 2 2 2 2 2 2 2 2 2 2 2 2 2 2 2 2 2 2 2 2 2 2 2 2 2 2
left_child=2 14 3 5 -5 6 7 -1 -3 10 -10 12 -11 17 15 16 -2 18 -4 24 21 -13 -23 -14 26 29 -19 -28 -27 -26
right_child=1 8 13 4 -6 -7 -8 -9 9 11 -12 20 23 -15 -16 -17 -18 19 -20 -21 -22 22 -24 -25 25 28 27 -29 -30 -31
leaf_value=-0.28099622530145379 0.44056691846825763 -0.29934039954870456 0.49091814535434619 -0.78372979879584026 4.7912261742027589 8.6582590704891622 9.7275799536207614 2.6703299667216385 -0.3125715655314642 4.7703443036638156 8.2250340490818843 -0.29934039954870456 -0.51909001477301453 3.233796399549675 0.11218557781007518 -0.26485842345698896 -0.11086828052366039 2.5505465867849413 -0.65732401791133621 8.1077065288337966 -0.29934039954870456 9.3607444719274593 -0.29690177033562642 -0.70945856760892756 -0.11578259575817497 -0.7951322020528484 4.170722837222149 -0.17101147421719076 0.12630364087000487 3.6303181505833959
leaf_weight=28 22 381 62 25 75 300 65 22 25 20 23 64 22 31 20 73 28 49 28 23 305 21 31 24 21 33 21 49 27 23
leaf_count=28 22 381 62 25 75 300 65 22 25 20 23 64 22 31 20 73 28 49 28 23 305 21 31 24 21 33 21 49 27 23
internal_value=-0.00380989 -0.0114873 0.00540816 0.0078932 0.0012 0.00950602 0.00430435 -0.0054 -0.0127074 -0.0111308 0.00125 -0.0123511 -0.00409091 0.00192098 -0.00367133 -0.0052439 0 0.00107143 -0.003 0.00256098 -0.0136461 -0.0100862 -0.00461538 -0.00847826 0.00154709 -0.00144231 0.00415966 0.000428571 -0.006 0.00477273
internal_weight=1941 1059 882 515 100 415 115 50 916 535 48 487 66 367 143 123 50 336 90 246 421 116 52 46 223 104 119 70 60 44
internal_count=1941 1059 882 515 100 415 115 50 916 535 48 487 66 367 143 123 50 336 90 246 421 116 52 46 223 104 119 70 60 44
is_linear=0
shrinkage=0.03


Tree=45
num_leaves=31
num_cat=0
split_feature=1 11 6 6 9 57 6 6 14 57 19 57 27 6 21 41 16 44 46 4 46 41 11 45 46 33 51 3 27 35
split_gain=151.015 15.0436 6.4837 7.09343 4.93115 11.0899 3.74554 9.48314 6.6071 5.82241 3.54299 3.41267 3.09845 5.37357 4.65455 3.41545 4.05448 3.00009 2.87234 2.68214 2.15804 3.00942 2.15365 2.19429 1.87234 1.63902 1.57993 1.52804 1.44336 1.37147
threshold=99.000000000000014 -0.47114434510950048 27.500000000000004 28.500000000000004 141.50000000000003 289.50000000000006 18.500000000000004 20.500000000000004 28.250000000000004 251.50000000000003 3.5000000000000004 298.50000000000006 209.00000000000003 20.500000000000004 52.000000000000007 285.36449000222746 24.850000000000005 31.150000000000002 23.750000000000004 3.5000000000000004 23.050000000000004 260.15625666338218 -0.68322629814330815 86.500000000000014 25.150000000000002 653.90714285000013 365.50000000000006 6283254.6430000011 282.50000000000006 280.83571430000006
decision_type=2 2 2 2 2 2 2 2 2 2 2 2 2 2 2 2 2 2 2 2 2 2 2 2 2 2 2 2 2 2
left_child=6 2 4 -4 5 18 -1 8 -8 19 -10 12 14 -14 -3 16 25 -7 -2 -9 -5 -22 23 29 -21 -15 -17 -19 -24 -6
right_child=1 11 3 20 22 17 7 9 10 -11 -12 -13 13 15 -16 26 -18 27 -20 24 21 -23 28 -25 -26 -27 -28 -29 -30 -31
leaf_value=-0.29036018756224341 -0.27256633854241019 -0.1115405371178219 -0.76021790483196505 10.017755430095386 8.9350660829101649 -1.7588677313720171 8.5096314225354597 4.6272339745539011 -0.2914596025690685 -0.29036018756224341 -0.28571839643643299 0.1187774481693654 -0.48955938521956771 12.930445734982859 2.1898602735271546 -0.024085883719235889 -0.24031360428243725 2.7443918060396673 2.2606144984585663 -0.50351731432982405 2.9792764539161096 -0.70120173791428442 1.4158091791365393 1.8670162010106104 -0.51561177369184152 1.8608487875369728 -0.69180670226461694 7.6902644383939256 4.6978638843306255 6.9018133820174086
leaf_weight=387 27 30 33 20 203 20 24 20 29 381 39 83 58 21 36 34 22 30 20 22 40 39 57 20 25 20 31 54 39 77
leaf_count=387 27 30 33 20 203 20 24 20 29 381 39 83 58 21 36 34 22 30 20 22 40 39 57 20 25 20 31 54 39 77
internal_value=-0.00391808 0.00408284 0.00664948 0.000681818 0.00808958 0.00347682 -0.0126699 -0.0110556 -0.00228261 -0.0128571 -0.00705882 -0.0011194 -0.00285714 -0.00483871 0.00272727 -0.00140625 0.00357143 0.00894231 -0.00861702 -0.00470149 0.00469697 0.00246835 0.00984848 0.0111 -0.00861702 0.00914634 -0.00623077 0.0114286 0.0059375 0.0117857
internal_weight=1941 1014 679 132 547 151 927 540 92 448 68 335 252 186 66 128 63 104 47 67 99 79 396 300 47 41 65 84 96 280
internal_count=1941 1014 679 132 547 151 927 540 92 448 68 335 252 186 66 128 63 104 47 67 99 79 396 300 47 41 65 84 96 280
is_linear=0
shrinkage=0.03


Tree=46
num_leaves=31
num_cat=0
split_feature=11 11 6 6 28 56 9 6 16 11 57 54 44 57 9 11 9 56 37 54 29 41 46 58 9 33 8 57 16 10
split_gain=149.911 12.8319 6.19888 7.09343 4.73636 4.74234 4.65266 3.5511 8.09 6.57984 4.62732 3.34308 4.54335 3.28798 3.22183 3.20665 3.15074 2.71078 2.21385 2.49664 3.51362 2.18634 2.15804 3.27681 2.15516 1.98247 2.29822 1.9439 1.93423 2.40928
threshold=1.0000000180025095e-35 -0.47114434510950048 27.500000000000004 28.500000000000004 1007.5500000000001 9.4500000000000011 143.50000000000003 18.500000000000004 24.450000000000003 0.52778511650980109 251.50000000000003 458.00000000000006 32.250000000000007 298.50000000000006 141.50000000000003 0.097964660725097227 141.50000000000003 10.750000000000002 395.94910715000003 328.85000000000008 1.0000000180025095e-35 266.55042484316562 23.050000000000004 1008.2500000000001 149.50000000000003 996.84553570000014 4.5000000000000009 274.50000000000006 25.050000000000004 -0.41248606129204546
decision_type=2 2 2 2 2 2 2 2 2 2 2 2 2 2 2 2 2 2 2 2 2 2 2 2 2 2 2 2 2 2
left_child=1 2 4 -4 5 6 -1 -2 9 -9 17 -7 14 16 -13 -12 -3 -10 19 20 24 -16 -5 -24 -18 -14 -27 -6 29 -17
right_child=7 13 3 22 27 11 -8 8 10 -11 15 12 25 -15 21 28 18 -19 -20 -21 -22 -23 23 -25 -26 26 -28 -29 -30 -31
leaf_value=-1.3612518270084142 -0.28164938193537614 -0.53303840528919666 -0.7374113676870061 9.717222767192526 2.2416800812420261 7.0111146596943836 1.4234721092656628 -0.30779043936838396 -0.53619864930981542 7.9868545795025216 -0.053651857873884247 -0.25481418526259014 7.5581520243360636 0.19312037331846846 -0.091230337031802264 -0.28164938193537614 2.4083343809755791 1.3290128037723408 1.2008365022431542 -0.29065681508568275 -0.15048029947380526 5.531531641512081 -0.66735346349624702 6.6260157540739657 -0.053941264641445164 -0.26438934838613787 10.294479440333273 8.9782576397484757 -0.28164938193537614 -0.27870808335097386
leaf_weight=20 398 36 33 20 27 125 37 27 37 23 24 32 64 77 29 59 31 30 33 49 48 30 51 28 32 25 28 130 307 51
leaf_count=20 398 36 33 20 27 125 37 27 37 23 24 32 64 77 29 59 31 30 33 49 48 30 51 28 32 25 28 130 307 51
internal_value=-0.00399536 0.00421827 0.00651694 0.000681818 0.00792505 0.00615385 -0.00184211 -0.0124582 -0.010914 0.0006 -0.0120472 0.00752252 0.00519231 -0.000882353 0.000164835 -0.0131633 -0.00268559 -0.00470149 -0.0011658 -0.002625 -0.000135135 0.00432203 0.00469697 0.00246835 0.00452381 0.00910256 0.00481132 0.0123248 -0.013777 -0.0103636
internal_weight=1941 985 679 132 547 390 57 956 558 50 508 333 208 306 91 441 229 67 193 160 111 59 99 79 63 117 53 157 417 110
internal_count=1941 985 679 132 547 390 57 956 558 50 508 333 208 306 91 441 229 67 193 160 111 59 99 79 63 117 53 157 417 110
is_linear=0
shrinkage=0.03


Tree=47
num_leaves=31
num_cat=0
split_feature=1 11 28 47 54 46 57 37 23 57 56 46 47 18 27 27 20 27 58 27 37 34 29 2 36 42 57 9 11 36
split_gain=147.566 14.6152 5.53406 4.71025 4.94095 6.18674 4.42413 5.03653 3.64139 3.29114 3.12975 8.88292 5.47843 4.64014 2.94029 2.90971 2.76569 2.72952 2.71736 5.20427 4.12667 2.52639 2.32182 3.38832 2.4571 1.95525 1.91399 3.25387 2.99359 2.08321
threshold=75.214285715000017 -0.47114434510950048 1008.2500000000001 82.500000000000014 766.80000000000007 23.550000000000004 297.50000000000006 239.25000000000003 202.00000000000003 298.50000000000006 12.250000000000002 24.450000000000003 50.500000000000007 55.500000000000007 276.50000000000006 294.50000000000006 13.500000000000002 288.50000000000006 1004.9500000000002 209.00000000000003 385.97142855000004 202.51607145000003 1.0000000180025095e-35 6566.2857145000007 29.999107145000004 18.551785725000006 271.50000000000006 149.50000000000003 0.91037613702198772 303.93839285000007
decision_type=2 2 2 2 2 2 2 2 2 2 2 2 2 2 2 2 2 2 2 2 2 2 2 2 2 2 2 2 2 2
left_child=10 2 3 4 5 6 7 -2 16 15 11 12 -1 26 -9 18 17 -7 19 -3 22 -5 23 24 -20 -16 27 28 29 -13
right_child=1 9 -4 21 -6 8 -8 14 -10 -11 -12 13 -14 -15 25 -17 -18 -19 20 -21 -22 -23 -24 -25 -26 -27 -28 -29 -30 -31
leaf_value=7.4184670759913303 3.3797098829893524 0.3334490830292331 6.4660556296218914 0.49261585292388416 11.682748474921089 1.3711150039599369 7.8100969642029723 -0.66064507500061487 7.8639243823870784 0.10028555128329415 -0.27319990047731485 -0.38014981266751646 -0.27600914752973987 -0.26829354242680409 0.81887214551047094 -0.47015864821456582 -1.9794259863068311 7.9883435746931344 2.4157344914326857 -0.44037952918276935 1.7689982288435684 8.3330917934445292 -0.29446574850132884 -0.32802800905132817 -0.081930119295887213 -0.71354177390750961 -0.27319990047731485 -0.27319990047731485 -0.22774583699192055 -0.29017219127935479
leaf_weight=26 33 25 129 23 50 88 25 38 89 86 358 34 20 30 22 29 39 37 44 59 26 83 21 30 20 23 264 104 38 48
leaf_count=26 33 25 129 23 50 88 25 38 89 86 358 34 20 30 22 29 39 37 44 59 26 83 21 30 20 23 264 104 38 48
internal_value=-0.00402628 0.003842 0.00638439 0.00507273 0.00371622 0.00258883 -0.00244681 -0.00491379 0.00539526 -0.00123529 -0.0127223 -0.0113298 0.00130435 -0.0124517 -0.00885542 -0.00295276 0.0027439 0.00492 -0.0018 -0.00607143 0.000744681 0.0107547 -0.00169565 0.000319149 0.00421875 -0.00366667 -0.0131557 -0.0111161 -0.00775 -0.0109756
internal_weight=1941 1019 679 550 444 394 141 116 253 340 922 564 46 518 83 254 164 125 225 84 141 106 115 94 64 45 488 224 120 82
internal_count=1941 1019 679 550 444 394 141 116 253 340 922 564 46 518 83 254 164 125 225 84 141 106 115 94 64 45 488 224 120 82
is_linear=0
shrinkage=0.03


Tree=48
num_leaves=31
num_cat=0
split_feature=11 11 6 6 12 57 57 12 6 16 11 57 46 44 37 17 16 10 4 35 57 56 41 12 35 19 47 6 48 34
split_gain=145.371 14.8616 6.11878 6.82828 4.4312 10.7285 3.93524 3.72315 3.34524 9.09824 6.0123 5.26657 2.87234 2.83663 2.75803 2.61818 2.3718 2.90694 3.20822 2.31002 3.19335 3.65799 1.94133 2.66476 2.64988 3.85333 2.38423 1.93333 2.56647 1.81892
threshold=0.065403129230142756 -0.47114434510950048 27.500000000000004 28.500000000000004 0.64987354830121502 289.50000000000006 298.50000000000006 0.64987354830121502 18.500000000000004 24.450000000000003 0.52778511650980109 251.50000000000003 23.750000000000004 31.150000000000002 395.94910715000003 24.500000000000004 25.050000000000004 -0.41248606129204546 3.5000000000000004 524.67857140000012 266.50000000000006 8.5500000000000025 356.70279228116334 0.60980454008255491 582.78750000000002 31.500000000000004 44.500000000000007 4.5000000000000009 1.0000000180025095e-35 134.97767855000004
decision_type=2 2 2 2 2 2 2 2 2 2 2 2 2 2 2 2 2 2 2 2 2 2 2 2 2 2 2 2 2 2
left_child=1 2 4 -4 19 12 7 14 -2 10 -10 15 -6 -7 22 -11 17 -13 -19 20 21 -1 23 24 26 -26 -3 -21 -29 -23
right_child=8 6 3 -5 5 13 -8 -9 9 11 -12 16 -14 -15 -16 -17 -18 18 -20 27 -22 29 -24 -25 25 -27 -28 28 -30 -31
leaf_value=-0.59634857861764767 -0.26500390346299546 0.59865659622072287 -0.69546967440637752 2.5672065667455581 -0.23593270622086843 -1.6058813650313994 0.097276984744794959 -0.4542071315119422 -0.28377694282503463 -0.51121870716191464 7.5246949298377066 -0.26494862652783524 1.8555338249167204 6.5182904512759405 1.1029774537849175 1.3753451961122269 -0.26500390346299546 -0.2622175033597805 4.3630366261630131 7.6867043881634158 8.3787854470569272 0.64511168040071987 -0.32558216353953157 2.0403542277739271 -0.26369233375496332 1.0376233737790235 -0.19404721008026923 5.9758267739655464 -1.5026490155990779 7.6280066509154674
leaf_weight=27 381 22 33 99 27 20 88 42 22 36 23 59 20 84 34 30 312 28 25 27 172 31 27 26 30 20 57 37 23 79
leaf_count=27 381 22 33 99 27 20 88 42 22 36 23 59 20 84 34 30 312 28 25 27 172 31 27 26 30 20 57 37 23 79
internal_value=-0.0040881 0.00367317 0.00625184 0.000454545 0.00765082 0.00327815 -0.00138728 -0.00325581 -0.0127729 -0.011243 0.00166667 -0.0124286 -0.00861702 0.00865385 -0.00166667 -0.00454545 -0.0136557 -0.00991071 -0.00481132 0.00931818 0.010534 0.00711679 -0.00313187 -0.00183871 -0.00360465 0.0018 -0.00702532 0.005 0.002 0.00954545
internal_weight=1941 1025 679 132 547 151 346 258 916 535 45 490 47 104 216 66 424 112 53 396 309 137 182 155 129 50 79 87 60 110
internal_count=1941 1025 679 132 547 151 346 258 916 535 45 490 47 104 216 66 424 112 53 396 309 137 182 155 129 50 79 87 60 110
is_linear=0
shrinkage=0.03


Tree=49
num_leaves=31
num_cat=0
split_feature=1 11 6 6 28 56 9 6 6 56 27 47 27 54 46 14 32 46 26 41 16 27 18 27 28 6 56 9 26 45
split_gain=140.825 13.9437 6.42927 6.31313 4.28296 4.81949 4.24203 3.5211 8.49665 8.97359 4.33439 4.29773 3.35823 3.28676 4.03198 3.05712 2.76637 2.72563 2.59909 2.20581 2.5602 3.12204 4.22754 3.72415 2.37533 2.82577 2.18312 1.99833 1.91286 2.19877
threshold=75.214285715000017 -0.47114434510950048 27.500000000000004 28.500000000000004 1007.5500000000001 9.4500000000000011 143.50000000000003 18.500000000000004 20.500000000000004 11.65 251.50000000000003 27.500000000000004 274.50000000000006 261.7000000000001 22.850000000000005 32.45000000000001 815.06428575000007 23.750000000000004 10.750000000000002 367.07584504266839 25.050000000000004 262.50000000000006 15.500000000000002 209.00000000000003 1005.85 24.500000000000004 20.450000000000003 145.50000000000003 18.450000000000003 57.500000000000007
decision_type=2 2 2 2 2 2 2 2 2 2 2 2 2 2 2 2 2 2 2 2 2 2 2 2 2 2 2 2 2 2
left_child=7 2 4 -4 5 6 -2 -1 9 11 18 -9 -6 -7 -15 16 -16 -3 -10 20 21 23 27 -19 -22 -26 -18 -23 29 -5
right_child=1 17 3 28 12 13 -8 8 10 -11 -12 -13 -14 14 15 -17 26 19 -20 -21 24 22 -24 -25 25 -27 -28 -29 -30 -31
leaf_value=-0.25705378635910558 -1.3083850814936655 -0.51021024201829779 -0.67460558417418615 10.961589462566595 1.7293086094880441 7.5267640800846625 1.3466361199879542 8.4342726270863331 -0.49607096287728286 -0.2570198529359089 -0.25705378635910558 -0.54388215242712701 8.2833521621837818 -0.21010322653468652 4.4875619724967351 7.5217100744983378 -0.52016631829450033 0.587196101918526 0.28376248694496015 -0.12157539063422508 -0.20422802799422679 -0.17803816560627733 5.2152463427952327 -0.6412106408559759 0.13501333766847526 -0.14345518886366959 3.9146707668180816 0.22637606141918637 -1.0733551222221174 0.75174140069835604
leaf_weight=383 20 48 33 23 28 75 37 28 39 34 378 29 129 22 86 73 55 22 31 22 22 41 48 21 34 39 22 43 20 56
leaf_count=383 20 48 33 23 28 75 37 28 39 34 378 29 129 22 86 73 55 22 31 22 22 41 48 21 34 39 22 43 20 56
internal_value=-0.0042272 0.00345927 0.00594256 0 0.0073766 0.00569231 -0.00236842 -0.0127223 -0.0111596 -0.0028022 -0.0128571 0.00447368 0.0115605 0.00707207 0.00546512 0.00661017 0.00432515 -0.0015 -0.006 -0.000410959 0.000333333 0.00248571 0.00477273 -0.00453488 -0.00363158 -0.0010274 0.000194805 0.000714286 0.00378788 0.00588608
internal_weight=1941 1019 679 132 547 390 57 922 539 91 448 57 157 333 258 236 163 340 70 292 270 175 132 43 95 73 77 84 99 79
internal_count=1941 1019 679 132 547 390 57 922 539 91 448 57 157 333 258 236 163 340 70 292 270 175 132 43 95 73 77 84 99 79
is_linear=0
shrinkage=0.03


Tree=50
num_leaves=31
num_cat=0
split_feature=11 11 11 6 6 57 9 9 53 6 46 11 57 6 26 57 41 8 41 29 46 46 10 18 18 28 46 56 56 6
split_gain=139.942 10.9453 6.76153 4.73579 7.33696 4.64892 3.6125 3.44624 9.5319 3.24403 8.33052 6.79308 5.333 2.88095 2.61818 2.59184 2.5794 2.93906 2.69787 3.05758 2.91266 2.02351 2.78021 3.00606 2.01018 1.86389 2.10329 1.86374 2.5167 2.48428
threshold=-0.19509032201612839 0.065403129230142756 -0.72947329433276253 27.500000000000004 28.500000000000004 297.50000000000006 141.50000000000003 141.50000000000003 206.00000000000003 18.500000000000004 24.450000000000003 0.52778511650980109 251.50000000000003 18.500000000000004 10.65 302.50000000000006 264.25137051453595 2.5000000000000004 128.73723449807568 1.0000000180025095e-35 23.550000000000004 25.050000000000004 -0.41248606129204546 43.500000000000007 26.500000000000004 1008.7500000000001 24.650000000000002 8.5500000000000025 16.250000000000004 25.500000000000004
decision_type=2 2 2 2 2 2 2 2 2 2 2 2 2 2 2 2 2 2 2 2 2 2 2 2 2 2 2 2 2 2
left_child=2 15 3 7 -5 6 -4 8 13 -3 11 -11 14 -1 -12 24 18 -18 19 -8 -20 22 -14 -24 -2 26 -7 -9 -29 -30
right_child=1 9 5 4 -6 25 16 27 -10 10 12 -13 21 -15 -16 -17 17 -19 20 -21 -22 -23 23 -25 -26 -27 -28 28 29 -31
leaf_value=1.0973864345995434 -0.152608335819927 -0.24934217276833245 -0.42293391205658509 -0.65436741664896048 4.3963495209551837 4.1821477890006991 1.975093200810655 1.1130000949459304 8.28647039362437 -0.26096925260422804 -0.49622327127018878 7.0459259031299872 -0.24933161875413201 -0.22167033673466183 1.2745000228263241 0.033465898842423611 2.2596272996330535 -0.73447928059984091 -0.31244319511542756 -0.41714580845225324 3.6930942472204911 -0.24934217276833245 8.4559075351063804 -0.24663936466821396 -0.06381951768450364 3.8162420791276692 -0.13915153319775952 9.607751955953356 7.3042950803293767 -0.36803068418868062
leaf_weight=21 83 381 33 23 69 52 32 35 64 25 36 23 64 21 30 40 23 43 31 35 89 305 21 31 41 22 27 123 98 20
leaf_count=21 83 381 33 23 69 52 32 35 64 25 36 23 64 21 30 40 23 43 31 35 89 305 21 31 41 22 27 123 98 20
internal_value=-0.00433539 -0.0115278 0.00468641 0.00708861 0.000978261 0.00174419 -0.00020979 0.00856021 0.00396226 -0.0128057 -0.0112991 0.000625 -0.0124743 -0.00714286 -0.00454545 -0.00439024 0.00100791 -0.00409091 0.00280749 -0.00201493 0.0055 -0.0137173 -0.0103448 -0.00519231 -0.00653226 0.00727723 0.00512658 0.0103261 0.0112656 0.00813559
internal_weight=1941 1080 861 474 92 387 286 382 106 916 535 48 487 42 66 164 253 66 187 67 120 421 116 52 124 101 79 276 241 118
internal_count=1941 1080 861 474 92 387 286 382 106 916 535 48 487 42 66 164 253 66 187 67 120 421 116 52 124 101 79 276 241 118
is_linear=0
shrinkage=0.03


Tree=51
num_leaves=31
num_cat=0
split_feature=11 11 6 6 12 27 57 57 12 11 49 40 56 23 18 16 12 57 56 56 37 37 28 54 28 8 39 33 41 23
split_gain=139.019 13.626 6.23948 6.31313 4.45848 10.1371 3.38614 3.24599 7.9192 5.34104 4.55265 4.82868 10.8628 3.11179 3.67984 3.09474 3.08969 2.88836 3.92231 3.31664 2.69367 2.01608 2.98446 2.25517 2.00924 3.69538 1.97607 1.94514 1.77472 1.78676
threshold=0.032701564615071184 -0.47114434510950048 27.500000000000004 28.500000000000004 0.64987354830121502 284.50000000000006 298.50000000000006 290.50000000000006 0.64987354830121502 0.81241147629689003 1.0000000180025095e-35 61.848363094374982 10.65 206.00000000000003 1.5000000000000002 24.350000000000005 0.64987354830121502 282.50000000000006 8.5500000000000025 16.250000000000004 395.94910715000003 651.56428570000014 1006.7500000000001 560.10000000000014 1006.35 2.5000000000000004 854.17845981250014 1056.7848215000001 286.49197483746383 185.50000000000003
decision_type=2 2 2 2 2 2 2 2 2 2 2 2 2 2 2 2 2 2 2 2 2 2 2 2 2 2 2 2 2 2
left_child=1 2 4 -4 17 -6 16 8 10 15 11 12 -2 14 -7 -10 20 18 -1 -20 24 23 -23 -5 -3 -26 -15 -19 -21 -30
right_child=7 6 3 21 5 13 -8 -9 9 -11 -12 -13 -14 26 -16 -17 -18 27 19 28 -22 22 -24 -25 25 -27 -28 -29 29 -31
leaf_value=-0.27005042825837677 -0.2418619075852825 -0.10709980246453767 -0.63473639414949168 0.22858631504432564 -0.21502022663262196 4.632666023246399 0.07735980789830918 -0.2418619075852825 -0.2531401750261012 8.2022303090531903 -0.2418619075852825 -0.2435354426861554 14.218100702240477 10.731103891583258 -2.2967838466122146 -0.2418619075852825 -0.45254603011907035 7.9642503738018657 6.3555090315226321 1.3040635751348661 1.0723935403167626 -1.1210110245591525 6.4092324955524163 10.500851293060942 -0.17406958967570033 3.2960885543107765 2.0635217028496959 7.866445189433092 6.2864567622603875 2.254832276013198
leaf_weight=37 51 99 33 24 24 30 84 381 30 25 343 52 28 45 32 27 39 112 89 74 33 27 21 27 37 33 20 33 27 24
leaf_count=37 51 99 33 24 24 30 84 381 30 25 343 52 28 45 32 27 39 112 89 74 33 27 21 27 37 33 20 33 27 24
internal_value=-0.00431994 0.00343625 0.0058542 0 0.00726691 0.00288079 -0.00161538 -0.0126307 -0.0111691 -0.00256098 -0.0126582 -0.00790076 -0.00322785 0.00625984 0.00145161 -0.00763158 -0.00342324 0.00893939 0.00699203 0.0085514 -0.00193069 0.00378788 -0.000625 0.00794118 -0.00346154 0.000428571 0.0108462 0.0123103 0.0054 0.00970588
internal_weight=1941 1004 679 132 547 151 325 937 556 82 474 131 79 127 62 57 241 396 251 214 202 99 48 51 169 70 65 145 125 51
internal_count=1941 1004 679 132 547 151 325 937 556 82 474 131 79 127 62 57 241 396 251 214 202 99 48 51 169 70 65 145 125 51
is_linear=0
shrinkage=0.03


Tree=52
num_leaves=31
num_cat=0
split_feature=11 11 6 6 57 9 9 27 23 57 9 36 49 17 35 40 57 11 26 57 57 6 50 35 21 46 44 26 54 54
split_gain=138.061 12.8806 5.02959 8.34568 4.08523 4.44914 4.07102 8.04609 6.68982 3.05402 7.45172 7.88051 4.24101 4.82235 5.62516 2.6276 2.42476 2.29368 2.27547 2.37587 4.27689 2.90801 5.08255 3.7719 2.73864 1.99436 2.45181 1.94613 1.96472 2.94907
threshold=0.032701564615071184 -0.63405362205439475 27.500000000000004 28.500000000000004 297.50000000000006 141.50000000000003 141.50000000000003 292.50000000000006 229.00000000000003 290.50000000000006 141.50000000000003 184.83125000000004 1.0000000180025095e-35 24.500000000000004 1.0000000180025095e-35 956.98038196875007 282.50000000000006 0.72947329433276265 17.950000000000003 278.50000000000006 269.50000000000006 24.500000000000004 16.500000000000004 607.38125000000014 273.50000000000006 25.050000000000004 30.950000000000003 8.5500000000000025 570.45000000000016 772.4000000000002
decision_type=2 2 2 2 2 2 2 2 2 2 2 2 2 2 2 2 2 2 2 2 2 2 2 2 2 2 2 2 2 2
left_child=1 2 6 -4 5 -3 7 8 -1 10 11 -2 13 -12 -15 18 27 -13 19 20 21 22 -7 -24 -21 26 -6 -8 -29 -30
right_child=9 4 3 -5 25 15 16 -9 -10 -11 12 17 -14 14 -16 -17 -18 -19 -20 24 -22 -23 23 -25 -26 -27 -28 28 29 -31
leaf_value=-0.32916866265604583 -0.24554596977531817 -0.44863894778386076 -0.61569430232500699 3.8685314251724048 2.9722989570162137 2.4969458358333902 -0.23357379544532136 6.3541484725956501 6.6870284725078335 -0.23460605035772403 -0.23460605035772403 -0.24971950811488031 -0.23460605035772403 8.0741040712027221 -0.23622937940557073 6.177747166200545 8.9986387633033598 9.2246371907164946 -0.2831723492381073 0.0073006052770256957 2.899913637764219 -0.5386369711721225 -0.162440963129862 1.781195668445839 -0.7092319081079097 -0.042894546769030484 0.10628076448336543 5.7946515176463942 1.1957077967987424 8.8460397933121833
leaf_weight=30 39 48 27 81 42 25 23 70 24 381 76 20 343 34 21 24 118 23 37 25 46 32 35 25 33 49 27 105 54 24
leaf_count=30 39 48 27 81 42 25 23 70 24 381 76 20 343 34 21 24 118 23 37 25 46 32 35 25 33 49 27 105 54 24
internal_value=-0.00441267 0.00331673 0.00636691 0.000555556 -0.00046875 -0.00218182 0.00776786 0.00314516 -0.00555556 -0.0126948 -0.011277 -0.00292683 -0.0127215 -0.00812977 -0.00136364 -0.000744681 0.00953704 0.00593023 -0.00162791 -0.000475113 0.00138037 -0.00166667 0.00123529 -0.0035 -0.00568966 0.00432203 0.0076087 0.00757282 0.00860656 0.005
internal_weight=1941 1004 556 108 448 330 448 124 54 937 556 82 474 131 55 282 324 43 258 221 163 117 85 60 58 118 69 206 183 78
internal_count=1941 1004 556 108 448 330 448 124 54 937 556 82 474 131 55 282 324 43 258 221 163 117 85 60 58 118 69 206 183 78
is_linear=0
shrinkage=0.03


Tree=53
num_leaves=31
num_cat=0
split_feature=11 11 24 53 57 9 40 38 58 34 26 47 38 37 57 9 44 9 10 9 48 18 49 16 21 34 47 9 37 37
split_gain=134.727 11.8379 5.25878 6.42716 6.81032 10.919 5.20778 4.36862 4.00229 3.98271 3.71224 3.44871 3.05755 3.52842 2.88104 7.55277 7.40698 5.40455 9.025 4.98958 2.66984 2.63097 2.3822 2.36034 2.23292 2.07879 1.99837 1.91967 1.81085 1.71828
threshold=-0.22695468355932455 0.065403129230142756 766.80000000000007 204.50000000000003 288.50000000000006 141.50000000000003 772.78441219791682 912.02723222500015 1008.5500000000001 182.19285710000003 17.550000000000004 59.500000000000007 675.86696428750008 191.55000000000004 289.50000000000006 149.50000000000003 27.850000000000005 148.50000000000003 0.22695468355932447 140.50000000000003 1.0000000180025095e-35 29.500000000000004 28.500000000000004 23.950000000000003 871.50000000000011 678.46428575000016 46.500000000000007 148.50000000000003 322.52410715000002 163.95267855000003
decision_type=2 2 2 2 2 2 2 2 2 2 2 2 2 2 2 2 2 2 2 2 2 2 2 2 2 2 2 2 2 2
left_child=2 21 3 4 5 -1 9 -5 12 11 -8 27 13 -6 15 16 -3 19 -19 -18 -12 29 23 -9 -11 -14 -23 -7 -13 -2
right_child=1 14 -4 7 8 6 10 22 -10 24 20 28 25 -15 -16 -17 17 18 -20 -21 -22 26 -24 -25 -26 -27 -28 -29 -30 -31
leaf_value=-0.36124074209341656 -0.082824026104711665 4.2463080531319646 10.829022863237883 7.7365660448072653 4.8980672432821395 3.9641281896365044 -0.86248246627349301 -0.59555639639721025 6.3862425479454226 6.957882334696456 9.0100461051373486 -0.77860052871538099 2.1818794971461331 -0.19243448501253624 -0.22756786884699232 -0.22756786884699232 -0.2240311738987584 -0.27456525923037367 18.253181087218437 -0.22756786884699232 -0.27467717876096426 0.47412409088235485 -0.95740854080875804 5.362786919956517 2.5434589597878059 5.9005284562286038 -0.27844061405553971 0.64397394221949666 0.051642157461308499 -0.22241518309663022
leaf_weight=47 101 21 60 117 20 33 55 20 51 50 28 27 22 77 376 282 38 20 20 159 35 26 22 29 21 48 31 43 36 26
leaf_count=47 101 21 60 117 20 33 55 20 51 50 28 27 22 77 376 282 38 20 20 159 35 26 22 29 21 48 31 43 36 26
internal_value=-0.00459815 -0.0115091 0.00444114 0.00378361 0.00225126 -0.0002 0.0017378 0.00861702 0.00646789 0.00457143 -0.00330508 0.00161871 0.00422156 0.000773196 -0.0129039 -0.0115 -0.0077907 -0.0093038 0.00075 -0.0113452 0.00166667 -0.00456522 0.00274648 0.00642857 0.0103521 0.009 0.000789474 0.00592105 -0.00357143 -0.0069685
internal_weight=1941 1100 841 781 593 375 328 188 218 210 118 139 167 97 916 540 258 237 40 197 63 184 71 49 71 70 57 76 63 127
internal_count=1941 1100 841 781 593 375 328 188 218 210 118 139 167 97 916 540 258 237 40 197 63 184 71 49 71 70 57 76 63 127
is_linear=0
shrinkage=0.03


Tree=54
num_leaves=31
num_cat=0
split_feature=11 11 11 6 6 9 53 57 9 56 6 6 16 11 57 56 18 16 18 8 6 41 33 8 47 16 41 4 6 3
split_gain=132.503 11.5626 5.65848 4.17945 7.01449 3.54241 8.13007 3.53134 3.05474 3.053 2.88095 2.76126 7.74735 4.69444 4.41648 2.53369 2.31818 2.30589 2.2861 2.77592 2.229 2.17909 4.4808 4.28417 3.10753 1.89875 2.55577 2.88325 1.89156 1.71531
threshold=-0.22695468355932455 0.065403129230142756 -0.72947329433276253 27.500000000000004 28.500000000000004 141.50000000000003 206.00000000000003 297.50000000000006 141.50000000000003 8.5500000000000025 18.500000000000004 18.500000000000004 24.450000000000003 0.47114434510950071 251.50000000000003 16.250000000000004 21.500000000000004 25.050000000000004 29.500000000000004 2.5000000000000004 25.500000000000004 218.88535465283988 41.775000000000013 2.5000000000000004 62.500000000000007 25.050000000000004 97.649698746984782 3.5000000000000004 28.500000000000004 6349833.5625000009
decision_type=2 2 2 2 2 2 2 2 2 2 2 2 2 2 2 2 2 2 2 2 2 2 2 2 2 2 2 2 2 2
left_child=2 18 3 5 -5 6 10 8 -4 -7 -1 -3 13 -13 16 -11 -14 -9 28 -20 29 22 24 -23 -10 26 27 -16 -2 -17
right_child=1 11 7 4 -6 9 -8 17 21 15 -12 12 14 -15 25 20 -18 -19 19 -21 -22 23 -24 -25 -26 -27 -28 -29 -30 -31
leaf_value=0.66940402177191005 -0.14772928638259536 -0.22074083278158255 -0.38308300575342497 -0.67352724204889092 3.8512442456714484 1.0931695540848239 7.3884441326425794 3.8593483945698681 1.0264310758604573 8.6746249498448051 -0.18785733769115945 -0.2379893913888507 -0.48814346407158926 6.8563548517472839 -0.21811910892446756 5.8118881072396213 0.2671877881663911 -0.12373921218429387 -0.33838559130727713 0.68156327570570363 -0.48572061325009425 2.7605517609476897 4.6712360851567087 -0.83660799228528815 -0.13268487616745289 -0.22074083278158255 -0.22068753077490316 8.3203821147445112 0.018004470464045016 6.9057678639820104
leaf_weight=21 107 381 31 23 69 35 64 74 38 123 21 20 32 25 28 28 34 23 24 33 20 38 65 65 33 312 62 22 20 70
leaf_count=21 107 381 31 23 69 35 64 74 38 123 21 20 32 25 28 28 34 23 24 33 20 38 65 65 33 312 62 22 20 70
internal_value=-0.00473725 -0.0115909 0.00422711 0.00639241 0.000652174 0.00777487 0.00311321 0.00143052 -0.000333333 0.00956522 -0.00714286 -0.0129694 -0.0115794 0.000333333 -0.0126735 0.0107676 -0.00545455 0.00634021 -0.00472826 0.000263158 0.00762712 0.0008159 0.00330882 -0.00247573 -0.00190141 -0.0137972 -0.0104464 -0.0054 -0.0069685 0.0094898
internal_weight=1941 1100 841 474 92 382 106 367 270 276 42 916 535 45 490 241 66 97 184 57 118 239 136 103 71 424 112 50 127 98
internal_count=1941 1100 841 474 92 382 106 367 270 276 42 916 535 45 490 241 66 97 184 57 118 239 136 103 71 424 112 50 127 98
is_linear=0
shrinkage=0.03


Tree=55
num_leaves=31
num_cat=0
split_feature=30 11 11 58 48 16 48 11 57 44 44 58 27 18 58 57 9 36 49 17 10 10 37 23 46 16 43 19 3 44
split_gain=129.443 8.52827 6.5801 3.67663 6.32681 8.77256 4.21685 4.48544 4.14848 2.99221 2.89956 3.31078 3.08167 4.10063 2.80242 2.69689 7.07828 6.4633 4.6168 4.43419 4.94216 3.39135 2.46878 2.17347 2.60486 2.06558 1.87294 1.76024 1.75 1.73333
threshold=71.721428570000015 -0.68322629814330815 0.065403129230142756 1008.2500000000001 5.5000000000000009 23.150000000000002 75.500000000000014 -0.93540483100319605 269.50000000000006 31.950000000000003 27.150000000000002 1004.9500000000002 209.00000000000003 4.5000000000000009 1006.9500000000002 289.50000000000006 141.50000000000003 184.83125000000004 1.0000000180025095e-35 24.500000000000004 0.19509032201612816 0.35206144883412577 730.56428570000014 121.50000000000001 23.550000000000004 24.650000000000002 -132.28571429999997 3.5000000000000004 6654819.7500000009 33.250000000000007
decision_type=2 2 2 2 2 2 2 2 2 2 2 2 2 2 2 2 2 2 2 2 2 2 2 2 2 2 2 2 2 2
left_child=2 3 -1 4 22 -6 7 -7 -5 14 -3 12 -12 26 -9 16 17 -4 19 -18 -21 -19 -2 -13 -25 28 27 -14 -26 -24
right_child=1 10 15 8 5 6 -8 9 -10 -11 11 23 13 -15 -16 -17 18 21 -20 20 -22 -23 29 24 25 -27 -28 -29 -30 -31
leaf_value=-0.065912389035641603 7.1555463320269137 2.7886738097683983 -0.21389651106405425 -0.44564264503913364 -0.18222161756042465 6.0934620341701473 6.0368879553014994 8.0860697238417956 7.7772343629595513 -2.0042663870452815 0.89124218213639261 -0.079149285181932497 -0.54506151343389908 -0.53454472365494721 -1.3931780307017618 -0.21411860779813507 -0.21411860779813507 7.618769104274727 -0.21411860779813507 -0.21428491432324531 7.276269882805094 -0.23023442699184607 5.6123792290981669 -1.3506775456289204 5.4760494096612371 0.0079208897924559086 0.50926948563428731 0.0002738693007330539 1.531877988600876 -0.58720679219977678
leaf_weight=101 106 33 37 20 37 45 25 30 88 22 20 123 21 36 25 376 74 23 332 20 34 20 90 24 50 39 21 22 20 27
leaf_count=101 106 33 37 20 37 45 25 30 88 22 20 123 21 36 25 376 74 23 332 20 34 20 90 24 50 39 21 22 20 27
internal_value=-0.00478362 0.00334416 -0.0121681 0.00591262 0.00460688 0.00048913 0.00377551 0.00147541 0.0108333 -0.00292208 0.000110024 -0.000638298 -0.00475 -0.0069 0.000818182 -0.0129694 -0.0116111 -0.003375 -0.0130435 -0.00820313 -0.00166667 0.00453488 0.00800448 0.00128906 0.00394737 0.00591743 -0.00234375 -0.00593023 0.009 0.005
internal_weight=1941 924 1017 515 407 184 147 122 108 77 409 376 120 100 55 916 540 80 460 128 54 43 223 256 133 109 64 43 70 117
internal_count=1941 924 1017 515 407 184 147 122 108 77 409 376 120 100 55 916 540 80 460 128 54 43 223 256 133 109 64 43 70 117
is_linear=0
shrinkage=0.03


Tree=56
num_leaves=31
num_cat=0
split_feature=1 11 6 6 9 57 11 52 6 6 57 17 44 46 9 48 27 47 11 17 6 18 40 15 29 48 35 49 43 54
split_gain=129.274 12.3751 4.68962 6.53086 3.52739 7.2825 3.34349 3.15324 3.03006 6.98896 4.78576 3.69867 4.12842 2.56098 2.51093 2.58065 2.41383 2.63969 2.99844 2.37042 2.23214 2.058 2.0403 1.99481 1.97885 1.89922 1.70306 1.65733 1.58025 1.50274
threshold=99.000000000000014 -0.63405362205439475 27.500000000000004 28.500000000000004 141.50000000000003 289.50000000000006 -0.290129255202841 146.50000000000003 18.500000000000004 20.500000000000004 251.50000000000003 11.500000000000002 28.050000000000004 23.750000000000004 150.50000000000003 1.0000000180025095e-35 277.50000000000006 8.5000000000000018 -0.88144907265856332 24.500000000000004 22.500000000000004 68.000000000000014 781.94635417708332 70.500000000000014 1.0000000180025095e-35 32.500000000000007 211.71250000000003 19.500000000000004 -43.441071000000072 14.400000000000002
decision_type=2 2 2 2 2 2 2 2 2 2 2 2 2 2 2 2 2 2 2 2 2 2 2 2 2 2 2 2 2 2
left_child=8 2 4 -4 5 13 7 21 -1 11 19 -10 -13 -2 15 -9 17 -6 -19 -11 -17 24 29 -24 25 -3 -18 -7 -5 -8
right_child=1 6 3 28 16 27 22 14 9 10 -12 12 -14 -15 -16 20 26 18 -20 -21 -22 -23 23 -25 -26 -27 -28 -29 -30 -31
leaf_value=-0.20769504956419102 -0.15888476203759605 2.496788844848528 -0.64785477626061139 -0.20289804717853713 -0.57983329430580965 6.6131395244994069 -0.041982025448288142 2.1784647677753379 6.625114489445485 -0.46707560191549752 -0.20769504956419102 4.553039924103131 -0.23335581320293272 0.73132383596119155 -0.76893758907785981 -0.54014936316861395 9.0829494760517377 6.2382949565676462 0.77946600645021413 0.34292118937942334 1.8210786665065253 6.8281812758113061 -0.28044146134663916 0.71501066059004614 -0.12359020380584923 0.086071239131546795 4.9093662723343332 1.7872455109051566 4.8541261582187376 -0.18753036004141857
leaf_weight=387 21 36 27 27 23 45 68 48 20 36 381 20 52 20 26 21 97 95 56 31 24 20 22 20 40 29 53 38 54 104
leaf_count=387 21 36 27 27 23 45 68 48 20 36 381 20 52 20 26 21 97 95 56 31 24 20 22 20 40 29 53 38 54 104
internal_value=-0.00479907 0.00260355 0.00561151 0 0.00696429 0.00266129 -0.00104803 0.00135246 -0.0128964 -0.0114444 -0.0129911 -0.00391304 -0.00708333 -0.00768293 -0.00214286 0.00016129 0.00861111 0.0062069 0.00764901 -0.00559701 -0.005 0.00468 -0.00378505 0.00214286 0.003 0.00623077 0.0114 0.00777108 0.00425926 -0.00523256
internal_weight=1941 1014 556 108 448 124 458 244 927 540 448 92 72 41 119 93 324 174 151 67 45 125 214 42 105 65 150 83 81 172
internal_count=1941 1014 556 108 448 124 458 244 927 540 448 92 72 41 119 93 324 174 151 67 45 125 214 42 105 65 150 83 81 172
is_linear=0
shrinkage=0.03


Tree=57
num_leaves=31
num_cat=0
split_feature=1 11 27 57 50 54 58 11 11 56 16 18 17 57 9 27 2 16 16 44 29 57 32 40 27 57 44 18 16 1
split_gain=130.263 12.2812 3.40553 4.605 4.21438 4.07228 4.36976 3.36888 2.9494 2.66905 7.75188 5.65368 5.33968 2.5346 2.91784 2.40497 2.40073 3.03481 2.18182 1.76499 1.52975 3.16783 2.1 2.07745 2.03649 4.37723 1.48265 1.44856 1.98529 1.63556
threshold=99.000000000000014 -0.68322629814330815 282.50000000000006 237.50000000000003 1.5000000000000002 763.65000000000009 1006.2500000000001 -0.22695468355932455 -0.88144907265856332 12.250000000000002 24.450000000000003 55.500000000000007 46.500000000000007 296.50000000000006 141.50000000000003 316.50000000000006 4543.4285715000015 23.550000000000004 25.050000000000004 32.250000000000007 1.0000000180025095e-35 278.50000000000006 256.33482145000005 944.82105654375016 269.50000000000006 209.00000000000003 30.950000000000003 29.500000000000004 25.150000000000002 457.29464285000006
decision_type=2 2 2 2 2 2 2 2 2 2 2 2 2 2 2 2 2 2 2 2 2 2 2 2 2 2 2 2 2 2
left_child=9 2 3 8 -4 6 -5 13 -2 10 12 -12 -1 14 -3 19 17 -8 26 -6 21 24 -22 -23 25 -16 -15 29 -29 -9
right_child=1 7 4 5 15 -7 16 27 -10 -11 11 -13 -14 18 20 -17 -18 -19 -20 -21 22 23 -24 -25 -26 -27 -28 28 -30 -31
leaf_value=6.1430655016713622 6.2291690722859165 -0.3263036463508267 7.4549801088875238 -0.17198842617248405 -4.0053154562133999 7.279751055728469 -0.38505351064553633 -0.034746311168589929 0.75608202625670795 -0.20146419807726529 -0.20146419807726529 -0.049115675734612126 -0.20699841477054257 4.6546088102204228 1.7972072502892 3.4230184526179652 -0.68017464737482081 3.7577220300122631 -0.11060497997372749 2.4340782933444323 -0.21818741352377372 -1.0004986812395866 1.3737463423879475 2.8700918829659856 5.9537106438126779 -0.81710340519643743 0.46520239995478446 0.68510546076558088 -0.18343357057192286 -0.15954979220296905
leaf_weight=24 67 25 158 30 20 37 34 38 36 360 492 30 21 39 23 27 28 39 22 39 40 40 30 23 36 21 27 34 20 81
leaf_count=24 67 25 158 30 20 37 34 38 36 360 492 30 21 39 23 27 28 39 22 39 40 40 30 23 36 21 27 34 20 81
internal_value=-0.00476816 0.00266272 0.00591262 0.00359779 0.00848361 0.000535714 -0.00194656 -0.000691383 0.00859223 -0.0128964 -0.0116138 -0.0126437 0.000333333 0.00110429 -0.000504202 0.00313953 0.0010396 0.00390411 0.00545455 -0.000254237 0.000633803 0.00241259 -0.003 -0.00261905 0.006375 0.00204545 0.00818182 -0.00407514 0 -0.00592437
internal_weight=1941 1014 515 271 244 168 131 499 103 927 567 522 45 326 238 86 101 73 88 59 213 143 70 63 80 44 66 173 54 119
internal_count=1941 1014 515 271 244 168 131 499 103 927 567 522 45 326 238 86 101 73 88 59 213 143 70 63 80 44 66 173 54 119
is_linear=0
shrinkage=0.03


Tree=58
num_leaves=31
num_cat=0
split_feature=1 1 58 48 3 57 48 53 6 16 57 6 2 46 16 41 18 27 37 36 16 15 56 3 36 30 30 46 9 3
split_gain=128.781 10.5302 4.2032 6.65673 6.09333 3.89366 3.26491 3.10385 3.03006 7.07987 4.11132 2.57936 3.03266 2.56047 2.25892 3.05247 2.22028 2.16499 3.49138 1.99468 1.99212 3.73087 3.5819 2.2811 1.96923 1.93659 1.82323 1.74545 1.72999 1.72342
threshold=99.000000000000014 5114.3750000000009 1008.1500000000002 5.5000000000000009 6386244.4285000013 275.50000000000006 79.500000000000014 193.50000000000003 18.500000000000004 24.450000000000003 251.50000000000003 29.500000000000004 7452.5892855000011 23.750000000000004 25.050000000000004 97.649698746984782 43.500000000000007 266.50000000000006 651.56428570000014 248.08303570000001 25.050000000000004 86.500000000000014 12.250000000000002 6542759.0000000009 774.33125000000007 327.22857140000002 942.17857140000012 25.150000000000002 147.50000000000003 6363516.2500000009
decision_type=2 2 2 2 2 2 2 2 2 2 2 2 2 2 2 2 2 2 2 2 2 2 2 2 2 2 2 2 2 2
left_child=8 7 3 11 17 -4 26 13 -1 19 16 12 -3 25 15 24 27 -5 -19 -10 22 28 -15 29 -12 -2 -6 -11 -22 -24
right_child=1 2 5 4 6 -7 -8 -9 9 10 14 -13 -14 20 -16 -17 -18 18 -20 -21 21 -23 23 -25 -26 -27 -28 -29 -30 -31
leaf_value=-0.19542027213494731 -0.87199397475479368 6.1040884337110892 -0.43106279876821757 -1.0875556558129937 3.9619614970301438 6.2642298947184027 7.5104596342203616 1.6369098682984327 -0.29743191481855497 -0.4687048405442234 -0.050971268149195038 -0.40509759898484615 -0.93163706964290582 6.3135459014484558 -0.19542027213494731 -0.19536856918846832 1.2540994680353343 4.4363562316957594 -0.85079497279367233 4.4973067322730822 -0.051301543382005259 0.42172118084287941 -0.026981443840680013 -0.25976185730409007 -0.1928771999935458 -0.4011520137685825 -0.21280119096984895 -0.27780062043479087 -0.24535847520386567 0.4382848437986257
leaf_weight=387 33 208 25 37 66 101 25 28 20 24 32 32 20 43 313 61 23 20 29 27 45 20 67 70 20 35 33 20 37 40
leaf_count=387 33 208 25 37 66 101 25 28 20 24 32 32 20 43 313 61 23 20 29 27 45 20 67 70 20 35 33 20 37 40
internal_value=-0.00481453 0.00257396 0.00513423 0.00382979 -0.000142857 0.01 0.0041129 -0.00107656 -0.0128964 -0.0114444 -0.0125051 0.00703846 0.00815789 -0.00176923 -0.0135915 -0.00995575 -0.00559701 -0.00627907 -0.00214286 -0.000319149 -0.000652174 -0.00411765 0.000954545 -0.000932203 -0.00461538 -0.00705882 0.00166667 -0.00954545 -0.00695122 0.00182243
internal_weight=1941 1014 596 470 210 126 124 418 927 540 493 260 228 390 426 113 67 86 49 47 322 102 220 177 52 68 99 44 82 107
internal_count=1941 1014 596 470 210 126 124 418 927 540 493 260 228 390 426 113 67 86 49 47 322 102 220 177 52 68 99 44 82 107
is_linear=0
shrinkage=0.03


Tree=59
num_leaves=31
num_cat=0
split_feature=1 11 6 6 27 57 54 16 43 12 53 56 1 6 16 11 57 27 57 17 56 40 16 41 4 8 26 2 37 57
split_gain=124.825 12.2482 3.9211 5.51087 3.59528 8.37996 4.25558 4.10985 7.16106 3.14865 7.68756 3.20603 3.16905 2.89649 7.07987 5.27801 4.11132 2.50232 2.94652 2.37042 2.35319 2.30104 2.25892 3.05247 3.46566 2.06704 1.94185 1.49148 1.62025 1.35562
threshold=99.000000000000014 -0.72947329433276253 27.500000000000004 28.500000000000004 262.50000000000006 209.00000000000003 51.300000000000004 25.050000000000004 -93.274999999999935 0.64987354830121502 206.00000000000003 8.5500000000000025 9644.2857145000016 18.500000000000004 24.450000000000003 0.41248606129204546 251.50000000000003 275.50000000000006 287.50000000000006 24.500000000000004 16.250000000000004 739.63370535000001 25.050000000000004 97.649698746984782 3.5000000000000004 1.5000000000000002 12.750000000000002 462.81250000000006 336.70000000000005 322.50000000000006
decision_type=2 2 2 2 2 2 2 2 2 2 2 2 2 2 2 2 2 2 2 2 2 2 2 2 2 2 2 2 2 2
left_child=13 2 9 -4 5 6 -3 8 17 11 12 -2 -11 -1 15 -15 19 -6 -19 -16 -13 -20 23 24 -18 -22 -10 -28 -29 -9
right_child=1 4 3 -5 7 -7 -8 29 26 10 -12 20 -14 14 16 -17 22 18 21 -21 25 -23 -24 -25 -26 -27 27 28 -30 -31
leaf_value=-0.1895576639708989 0.65286708985491027 -0.10423739079062741 -0.61048349192433149 3.3555564220638883 0.52884641191688841 -0.53243457088356538 1.6924340304404335 -0.28430308662023862 5.2929680500051282 0.073917586986999018 6.4917349970973817 7.6409850157944046 -0.18387159220125376 -0.38444485473368889 -0.43295826269938797 4.8413742012056966 -0.18906468149029262 -0.75280768984473856 -0.30204658190411299 0.34701149825340211 -0.024313899649467317 0.7397991325173936 -0.1895576639708989 -0.18950751211281427 4.9356098612996666 5.7449363211767155 -0.25552997027588614 1.7100640409960717 0.65745707399316866 0.0027184201620041558
leaf_weight=387 35 56 23 69 27 69 44 44 62 20 64 123 22 20 36 27 28 47 32 31 28 46 313 61 24 90 20 20 49 24
leaf_count=387 35 56 23 69 27 69 44 44 62 20 64 123 22 20 36 27 28 47 32 31 28 46 313 61 24 90 20 20 49 24
internal_value=-0.00490726 0.00236686 0.00588608 0.000326087 -0.000722222 -0.00434911 0.0012 0.000929919 0.00242574 0.00722513 0.00283019 0.00891304 -0.00714286 -0.0128641 -0.0114444 -0.000319149 -0.0125051 -0.00217105 -0.00396 -0.00559701 0.0101452 -0.000384615 -0.0135915 -0.00995575 -0.00461538 0.00711864 0.00705298 0.00421348 0.00630435 -0.00573529
internal_weight=1941 1014 474 92 540 169 100 371 303 382 106 276 42 927 540 47 493 152 125 67 241 78 426 113 52 118 151 89 69 68
internal_count=1941 1014 474 92 540 169 100 371 303 382 106 276 42 927 540 47 493 152 125 67 241 78 426 113 52 118 151 89 69 68
is_linear=0
shrinkage=0.03


Tree=60
num_leaves=31
num_cat=0
split_feature=11 11 11 48 52 56 28 57 57 9 44 6 10 6 57 57 57 17 14 6 51 51 48 35 37 14 6 2 44 8
split_gain=122.616 7.9111 6.22522 3.68692 6.3323 3.37048 3.49937 3.13938 3.01703 7.08667 6.3123 4.62828 8.1 4.83519 2.74023 5.21124 4.7527 4.9161 2.604 2.50646 2.69317 2.36455 2.3184 2.42321 2.26555 2.17019 2.05662 1.96414 2.68777 1.94986
threshold=-0.16280825711808986 0.065403129230142756 -0.72947329433276253 3.5000000000000004 642.00000000000011 12.15 1008.2500000000001 237.50000000000003 289.50000000000006 149.50000000000003 27.850000000000005 27.500000000000004 0.22695468355932447 19.500000000000004 269.50000000000006 209.00000000000003 278.50000000000006 63.500000000000007 31.650000000000002 28.500000000000004 129.50000000000003 58.000000000000007 22.500000000000004 824.84375000000011 691.54285715000015 28.350000000000005 27.500000000000004 5292.1428575000009 33.45000000000001 1.0000000180025095e-35
decision_type=2 2 2 2 2 2 2 2 2 2 2 2 2 2 2 2 2 2 2 2 2 2 2 2 2 2 2 2 2 2
left_child=2 19 3 24 5 6 7 -5 9 10 -3 13 -13 -12 15 21 -16 18 22 20 -2 -4 23 -18 -1 -23 -7 28 -26 -19
right_child=1 8 14 4 -6 26 -8 -9 -10 -11 11 12 -14 -15 16 -17 17 29 -20 -21 -22 25 -24 -25 27 -27 -28 -29 -30 -31
leaf_value=6.9835489852548536 -0.037694232231568738 3.5095935255110002 -0.1953772363718187 3.963688371436866 -0.20090100747471587 5.6194305891757566 6.5125943103470609 -0.87316830351910701 -0.18387093405177196 -0.18387093405177196 -0.18044700285400744 -0.22946056283011249 17.42243443007473 -0.18387093405177196 4.9024489953618779 -0.56581405800581819 -0.85024591997072108 0.083187359421434043 0.63773336177337225 0.070891656304685288 -0.19349730690678349 2.4200222530914992 0.069254895313559647 -0.048350530346500303 6.2855861721260311 0.15711158431372324 0.0040426834355599796 0.0080266898483887412 -0.87675048667304623 5.9192337775484418
leaf_weight=81 63 21 25 20 41 104 30 38 376 282 38 20 20 159 46 63 38 28 57 20 60 24 38 27 76 31 22 39 23 31
leaf_count=81 63 21 25 20 41 104 30 38 376 282 38 20 20 159 46 63 38 28 57 20 60 24 38 27 76 31 22 39 23 31
internal_value=-0.00503091 -0.0119122 0.00323129 0.00556962 0.00311765 0.00518692 0.000681818 -0.00362069 -0.0129367 -0.0115 -0.00790698 -0.0093038 0 -0.0111929 0.000514706 -0.00283217 0.00232075 0.000479452 -0.00225 -0.00534965 -0.00695122 0.00225 -0.00509709 -0.00853846 0.00842466 0.00572727 0.00833333 0.00608696 0.00833333 0.00788136
internal_weight=1941 1059 882 474 255 214 88 58 916 540 258 237 40 197 408 143 265 219 160 143 123 80 103 65 219 55 126 138 99 59
internal_count=1941 1059 882 474 255 214 88 58 916 540 258 237 40 197 408 143 265 219 160 143 123 80 103 65 219 55 126 138 99 59
is_linear=0
shrinkage=0.03


Tree=61
num_leaves=31
num_cat=0
split_feature=11 1 27 12 28 10 47 37 46 57 12 44 6 10 6 48 44 48 16 27 27 57 21 44 28 28 41 27 51 41
split_gain=120.46 11.1728 4.94049 6.54326 3.70315 3.23592 3.8205 3.2657 3.23339 3.01703 7.08667 6.3123 4.62828 8.1 4.83519 2.96256 3.52917 2.90081 4.48954 2.46095 2.41475 3.59546 3.1906 2.30805 2.20119 2.11125 2.025 1.9103 1.79147 1.45648
threshold=0.065403129230142756 5141.5535715000015 282.50000000000006 0.64987354830121502 1007.5500000000001 0.44228869021900147 88.500000000000014 499.42767855000005 23.550000000000004 289.50000000000006 0.53946920585801694 27.850000000000005 27.500000000000004 0.22695468355932447 19.500000000000004 40.500000000000007 32.45000000000001 37.500000000000007 24.950000000000003 264.50000000000006 210.50000000000003 261.50000000000006 52.000000000000007 32.95000000000001 1003.6500000000002 1006.5500000000001 279.95472478932305 292.50000000000006 879.00000000000011 345.84987370642074
decision_type=2 2 2 2 2 2 2 2 2 2 2 2 2 2 2 2 2 2 2 2 2 2 2 2 2 2 2 2 2 2
left_child=1 17 3 5 15 6 7 -3 -9 10 -2 -12 14 -14 -13 16 27 20 19 -19 22 -22 -1 -18 -23 26 -10 -4 -27 -26
right_child=9 2 4 -5 -6 -7 -8 8 25 -11 11 12 13 -15 -16 -17 23 18 -20 -21 21 24 -24 -25 29 28 -28 -29 -30 -31
leaf_value=-0.099727329736093107 -0.1783548060302188 6.4458432072117215 -2.3161591674429998 -0.13933165294057762 6.1219873283656199 -0.20926248713099538 5.9045034831782246 -0.58614195694236004 3.0307156873188745 -0.1783548060302188 3.404305719745671 -0.1750335927683872 -0.22257674594520913 16.89976139717249 -0.1783548060302188 8.0048245181966777 6.4737632405674663 -0.061949767853711389 -0.17534224279121796 4.7749316006941509 -0.49948711201688389 -0.34589913151489798 1.4118258084989863 -0.85044797207285561 -0.0062069549553703494 6.4098210724806153 -2.5943292857849642 3.0497754228065901 0.0077858891529365331 -0.060623333937891419
leaf_weight=31 282 47 31 22 113 67 64 29 20 376 21 38 20 20 159 22 53 22 32 49 35 35 40 21 157 25 20 37 21 32
leaf_count=31 282 47 31 22 113 67 64 29 20 376 21 38 20 20 159 22 53 22 32 49 35 35 40 21 157 25 20 37 21 32
internal_value=-0.00503091 0.00203415 0.00471284 0.00214286 0.00763538 0.00332765 0.00504425 0.00259259 -0.000130435 -0.0129367 -0.0115 -0.00790698 -0.0093038 0 -0.0111929 0.0047561 0.00316901 -0.00162818 0.00276699 0.00697183 -0.003 -0.00434363 0.00190141 0.0077027 -0.00294643 0.0027907 -0.00225 -0.00176471 0.00717391 -0.00166667
internal_weight=1941 1025 592 315 277 293 226 162 115 916 540 258 237 40 197 164 142 433 103 71 330 259 71 74 224 86 40 68 46 189
internal_count=1941 1025 592 315 277 293 226 162 115 916 540 258 237 40 197 164 142 433 103 71 330 259 71 74 224 86 40 68 46 189
is_linear=0
shrinkage=0.03


Tree=62
num_leaves=31
num_cat=0
split_feature=1 1 27 12 50 3 54 16 15 6 16 57 6 44 10 1 48 27 57 57 34 16 10 4 43 36 37 50 53 53
split_gain=116.205 10.6479 4.7016 6.38624 4.0452 3.16325 3.99589 3.75935 3.02051 2.76594 7.07987 4.66156 2.64968 3.99674 2.53326 2.05789 2.39459 2.37339 3.43173 3.16766 3.39231 2.02303 3.02365 2.76385 2.01481 1.99468 1.97497 2.82093 2.43728 1.88957
threshold=99.000000000000014 5141.5535715000015 282.50000000000006 0.64987354830121502 1.0000000180025095e-35 6381406.0000000009 763.65000000000009 23.550000000000004 69.500000000000014 18.500000000000004 24.450000000000003 251.50000000000003 16.500000000000004 32.150000000000013 0.19509032201612816 1242.6875000000002 68.000000000000014 210.50000000000003 261.50000000000006 281.50000000000006 794.49553570000012 25.050000000000004 -0.41248606129204546 3.5000000000000004 -1.3749999999999998 248.08303570000001 505.52142855000005 99.500000000000014 202.00000000000003 160.50000000000003
decision_type=2 2 2 2 2 2 2 2 2 2 2 2 2 2 2 2 2 2 2 2 2 2 2 2 2 2 2 2 2 2
left_child=9 15 3 5 29 6 7 -3 -9 -1 25 14 -6 -14 -12 -2 17 24 -19 20 -20 22 -13 -24 -17 -11 -7 28 -28 -4
right_child=1 2 4 -5 12 26 -8 8 -10 10 11 21 13 -15 -16 16 -18 18 19 -21 -22 -23 23 -25 -26 -27 27 -29 -30 -31
leaf_value=-0.17300416184931225 -0.084964733581699745 -0.82140126809011216 2.3943384518614161 -0.13515170335236029 5.8974493671689698 5.7788381592955522 8.1112510105094628 4.9238650478228703 -1.4147530401450377 -0.26105901609051818 -0.43952987335595622 -0.17250162275806907 -3.259841702723024 4.0890252379662728 0.011389883054520097 2.988969307656971 2.9767891035798009 -0.47472185119140448 3.6463030526732649 -0.14333320191501328 -0.66530777902730687 -0.17300416184931225 -0.17252596884312413 2.5599868157412256 -0.005870925188737601 4.2278107221373906 -0.41160804426603359 5.6262651003123105 5.2388757070513767 6.9969435438021454
leaf_weight=387 138 46 39 22 30 34 20 37 28 20 32 58 20 51 35 20 24 30 32 124 20 313 28 27 34 27 55 31 42 137
leaf_count=387 138 46 39 22 30 34 20 37 28 20 32 58 20 51 35 20 24 30 32 124 20 313 28 27 34 27 55 31 42 137
internal_value=-0.00515456 0.00186391 0.00445946 0.00195238 0.00731047 0.00312287 -0.000343511 -0.00256757 0.00207692 -0.0128317 -0.0114444 -0.0125051 0.00252475 -0.000633803 -0.00514925 -0.00177725 -0.000316901 -0.00115385 -0.00262136 -0.00102273 0.00519231 -0.013662 -0.0102212 -0.00518182 0.00444444 -0.000319149 0.00592593 0.00421875 0.00170103 0.0100568
internal_weight=1941 1014 592 315 277 293 131 111 65 927 540 493 101 71 67 422 284 260 206 176 52 426 113 55 54 47 162 128 97 176
internal_count=1941 1014 592 315 277 293 131 111 65 927 540 493 101 71 67 422 284 260 206 176 52 426 113 55 54 47 162 128 97 176
is_linear=0
shrinkage=0.03


Tree=63
num_leaves=31
num_cat=0
split_feature=1 1 57 9 58 3 54 46 15 6 16 57 10 16 10 18 37 6 54 52 58 36 57 18 46 6 57 57 2 33
split_gain=113.834 9.96702 4.30718 6.30845 4.40465 2.90706 3.19236 3.06401 3.17593 2.8592 7.00934 4.58475 2.53326 2.25892 2.71346 2.892 2.13452 3.13674 2.11398 3.20232 4.03319 1.99468 1.92893 1.9128 4.56692 3.05791 2.37685 4.02322 3.23033 1.8375
threshold=99.000000000000014 5141.5535715000015 282.50000000000006 141.50000000000003 1007.5500000000001 6381406.0000000009 757.10000000000014 23.550000000000004 69.500000000000014 18.500000000000004 24.450000000000003 251.50000000000003 0.19509032201612816 25.050000000000004 -0.41248606129204546 43.500000000000007 619.63571430000013 24.500000000000004 765.20000000000016 613.50000000000011 1006.85 248.08303570000001 297.50000000000006 36.500000000000007 24.950000000000003 18.500000000000004 209.00000000000003 262.50000000000006 76.866071430000019 545.30000000000007
decision_type=2 2 2 2 2 2 2 2 2 2 2 2 2 2 2 2 2 2 2 2 2 2 2 2 2 2 2 2 2 2
left_child=9 23 3 -3 18 6 7 -5 -9 -1 21 12 -12 14 -13 -16 -7 29 19 20 22 -11 -4 26 25 -25 28 -28 -2 -18
right_child=1 2 4 5 -6 16 -8 8 -10 10 11 13 -14 -15 15 -17 17 -19 -20 -21 -22 -23 -24 24 -26 -27 27 -29 -30 -31
leaf_value=-0.16781403699383288 -0.17747433489726908 -0.1310971522517895 2.36170365321474 -0.5723585059876366 6.0554139593056817 5.5607508455585544 7.8445764948531629 4.4730844879700076 -1.3755670261974535 -0.25322724560780263 -0.42634397715527755 -0.16732657407532703 0.01104818656288451 -0.16781403699383288 6.8068440075226837 -0.16735018977783039 -0.10105579061137404 -0.53904676530219564 7.8501922847132182 -1.5797350168068987 -3.3159898185462646 4.1009764004732689 6.7722236531457565 -0.04121453661389559 -0.19817540505111253 7.505654051222141 -0.47026084312063532 -0.086279395700791489 0.87804418204332046 4.9356449808974601
leaf_weight=387 21 22 42 43 121 54 23 36 27 20 32 58 35 313 21 34 20 30 22 37 23 27 32 28 41 39 33 212 48 60
leaf_count=387 21 22 42 43 121 54 23 36 27 20 32 58 35 313 21 34 20 30 22 37 23 27 32 28 41 39 33 212 48 60
internal_value=-0.00520093 0.00174556 0.00425676 0.00185714 0.00698556 0.00302048 -0.000348837 -0.00254717 0.00166667 -0.0127994 -0.0113889 -0.0124442 -0.00514925 -0.0135915 -0.00995575 -0.00518182 0.00567073 0.00327273 0.00365385 0.00223881 0.00510309 -0.000319149 0.00851351 -0.00177725 0.00166667 0.00649254 -0.00296178 -0.00434694 0.00195652 0.006375
internal_weight=1941 1014 592 315 277 293 129 106 63 927 540 493 67 426 113 55 164 110 156 134 97 47 74 422 108 67 314 245 69 80
internal_count=1941 1014 592 315 277 293 129 106 63 927 540 493 67 426 113 55 164 110 156 134 97 47 74 422 108 67 314 245 69 80
is_linear=0
shrinkage=0.03


Tree=64
num_leaves=31
num_cat=0
split_feature=11 11 38 48 57 13 48 48 11 57 13 47 37 16 2 38 37 10 11 6 56 46 27 27 27 38 15 27 8 17
split_gain=112.532 10.0573 4.64514 4.91037 4.55743 5.93117 4.59214 3.31303 3.16579 3.11357 7.32822 5.6041 5.63241 6.01598 6.91073 2.7948 2.98554 2.62132 2.26212 2.19324 2.13578 2.55498 2.43653 4.2765 3.31692 3.04102 4.00613 3.38363 2.45878 2.05326
threshold=0.065403129230142756 -0.84874750804349197 919.88370530000009 1.5000000000000002 297.50000000000006 -0.75999367905021098 68.000000000000014 41.500000000000007 -0.95642797789208678 289.50000000000006 -0.84196139870471931 7.5000000000000009 1.0000000180025095e-35 25.650000000000002 6993.1696430000011 303.44441965000004 350.39285715000005 0.72947329433276253 -0.16280825711808986 16.500000000000004 21.550000000000004 23.050000000000004 267.50000000000006 278.50000000000006 209.00000000000003 390.83861606250008 65.500000000000014 288.50000000000006 2.5000000000000004 10.500000000000002
decision_type=2 2 2 2 2 2 2 2 2 2 2 2 2 2 2 2 2 2 2 2 2 2 2 2 2 2 2 2 2 2
left_child=1 2 -1 -4 5 18 15 8 29 10 -2 -12 13 14 17 16 -6 -13 20 -17 21 -3 24 -24 28 -25 27 -27 -23 -5
right_child=9 4 3 7 6 -7 -8 -9 -10 -11 11 12 -14 -15 -16 19 -18 -19 -20 -21 -22 22 23 25 -26 26 -28 -29 -30 -31
leaf_value=5.7683916528564172 -0.16277961588401788 4.0012324372286772 6.7161841278916414 2.7212054825369285 0.029552143204297242 -0.34627745900679813 5.3300522269135113 6.3217525511716017 -1.0039891989275516 -0.16277961588401788 -0.16277961588401788 5.9250406487155161 -0.34661614903826882 -0.16277961588401788 -0.1627931792406728 4.096009718012307 -0.22750393760889182 -0.18885448580832911 -0.051181585083364067 0.42336294781485734 -1.0969478125793539 -0.15661102724269568 3.8321222557429171 -0.511947400320788 -0.69371032588149806 -1.2455229729970807 2.9566426211915902 5.1629434876374809 1.6980258690857764 -0.16016099895463287
leaf_weight=168 282 28 83 25 60 69 31 22 25 376 82 49 38 36 21 26 21 32 85 40 23 31 54 30 58 41 24 21 32 28
leaf_count=168 282 28 83 25 60 69 31 22 25 376 82 49 38 36 21 26 21 32 85 40 23 31 54 30 58 41 24 21 32 28
internal_value=-0.00526275 0.00156585 0.00568376 0.00237705 -0.000578635 -0.00205645 0.00353933 -0.0021 -0.005 -0.0129039 -0.0114444 -0.0077907 -0.00477273 -0.00195652 0.00176471 0.00132653 -0.00240741 0.00574074 -0.000737705 0.00590909 0.000350877 0.000987461 0.000154639 0.00247059 -0.00309917 -0.000775862 0.00209302 -0.00193548 0.00166667 -0.000849057
internal_weight=1941 1025 351 183 674 496 178 100 78 916 540 258 176 138 102 147 81 81 427 66 342 319 291 170 121 116 86 62 63 53
internal_count=1941 1025 351 183 674 496 178 100 78 916 540 258 176 138 102 147 81 81 427 66 342 319 291 170 121 116 86 62 63 53
is_linear=0
shrinkage=0.03


Tree=65
num_leaves=31
num_cat=0
split_feature=11 11 57 9 24 32 27 48 57 9 44 9 10 9 11 8 17 27 48 48 28 8 54 47 1 47 20 47 25 57
split_gain=114.011 10.1971 3.20779 3.6053 3.11707 4.80533 3.25871 2.95155 2.92201 6.84915 6.40576 4.02881 7.225 4.07369 2.8151 2.66493 3.37163 2.8623 2.46156 2.37478 2.72781 2.28528 2.86013 2.50359 1.82169 1.76156 1.72941 1.67889 2.52083 1.52282
threshold=0.065403129230142756 -0.68322629814330815 297.50000000000006 141.50000000000003 766.80000000000007 833.9312500000002 201.50000000000003 41.500000000000007 289.50000000000006 149.50000000000003 27.850000000000005 148.50000000000003 0.22695468355932447 140.50000000000003 -0.88144907265856332 1.0000000180025095e-35 64.500000000000014 304.50000000000006 22.500000000000004 1.5000000000000002 1008.1500000000002 3.5000000000000004 606.35000000000002 17.500000000000004 1077.4285715000003 10.500000000000002 22.500000000000004 47.500000000000007 154.50000000000003 278.50000000000006
decision_type=2 2 2 2 2 2 2 2 2 2 2 2 2 2 2 2 2 2 2 2 2 2 2 2 2 2 2 2 2 2
left_child=1 4 3 26 5 7 -7 14 9 10 -2 13 -13 -12 -1 -4 17 -17 -19 -16 -21 22 -8 -23 27 -24 -3 28 -5 -26
right_child=8 2 15 24 -6 6 21 -9 -10 -11 11 12 -14 -15 19 16 -18 18 -20 20 -22 23 25 -25 29 -27 -28 -29 -30 -31
leaf_value=6.5167586690643748 2.8745617150135154 -0.40005100348075673 -0.43149324322951088 0.11882389010215567 8.3888885140804526 3.7834873821714177 0.73973758315273919 6.3898143041403941 -0.15789622740749734 -0.15789622740749734 -0.15129216765964332 -0.19806345773766681 16.306052620725186 -0.15789622740749734 5.4706018192028676 0.61164437946547645 4.2618953511984046 -0.1481515247757369 0.1654737978357283 -1.1686826445587075 2.1163969499720854 2.4114127453661114 -0.65993988779786261 -0.66152101268168051 0.35994899385779605 -0.52637958987652489 -0.030697974256625144 -0.12335461313678983 -0.19701421703717928 -0.28416089447653597
leaf_weight=99 21 34 20 24 60 37 37 44 376 282 38 20 20 159 34 24 30 33 26 42 24 52 24 29 157 33 20 34 24 84
leaf_count=99 21 34 20 24 60 37 37 44 376 282 38 20 20 159 34 24 30 33 26 42 24 52 24 29 157 33 20 34 24 84
internal_value=-0.00527821 0.00159512 -0.00141176 -0.00282493 0.00457282 0.00372527 0.000424528 0.00660494 -0.0129694 -0.0115556 -0.00802326 -0.00943038 -0.00075 -0.0111929 0.00505025 0.00259398 0.00438053 0.00126506 -0.00228814 0.0015 -0.00181818 -0.00128571 -0.00446809 0.00240741 -0.00162539 -0.00868421 -0.01 -0.0054878 -0.001875 -0.000311203
internal_weight=1941 1025 510 377 515 455 212 243 916 540 258 237 40 197 199 133 113 83 59 100 66 175 94 81 323 57 54 82 48 241
internal_count=1941 1025 510 377 515 455 212 243 916 540 258 237 40 197 199 133 113 83 59 100 66 175 94 81 323 57 54 82 48 241
is_linear=0
shrinkage=0.03


Tree=66
num_leaves=31
num_cat=0
split_feature=11 1 27 50 9 34 38 36 57 9 44 9 9 26 2 58 29 44 40 57 58 27 29 48 16 11 40 37 21 38
split_gain=111.785 9.59619 4.40183 4.46335 4.0312 2.91853 2.98066 3.23002 2.82851 6.61569 5.39081 4.02881 4.07369 3.025 2.54537 2.42424 2.19743 3.8582 2.0506 1.80167 3.07194 3.08594 2.12362 3.239 5.25974 2.53891 2.95017 1.76441 1.50601 2.25226
threshold=0.065403129230142756 5141.5535715000015 282.50000000000006 1.0000000180025095e-35 141.50000000000003 178.02142855000002 919.88370530000009 2.7142857145000003 289.50000000000006 149.50000000000003 27.850000000000005 148.50000000000003 140.50000000000003 12.050000000000002 6676.8125000000009 1007.0500000000001 0.25000000000000006 32.150000000000013 524.23742560083349 297.50000000000006 1004.9500000000002 210.50000000000003 1.0000000180025095e-35 15.500000000000002 25.150000000000002 -0.22695468355932455 701.27533479791668 769.4937500000002 400.50000000000006 1027.8495536000003
decision_type=2 2 2 2 2 2 2 2 2 2 2 2 2 2 2 2 2 2 2 2 2 2 2 2 2 2 2 2 2 2
left_child=1 19 4 15 -3 -6 14 28 9 10 -2 12 -12 -13 -7 27 17 -5 -19 20 21 -1 23 25 -25 26 -22 -4 -8 -30
right_child=8 2 3 16 5 6 7 -9 -10 -11 11 13 -14 -15 -16 -17 -18 18 -20 -21 22 -23 -24 24 -26 -27 -28 -29 29 -31
leaf_value=0.21403071653204586 2.7883248635631106 -0.11224022075340762 6.5230301819138372 -2.4082774482689335 -0.55155199097924423 5.1220380780269608 4.974518024792876 5.776046300635131 -0.15315934058527242 -0.15315934058527242 -0.14675340262985404 11.115309741757313 -0.15315934058527242 -0.14945364274765408 0.4044047853017057 6.028687215418393 4.8706846859903266 9.4934933743608756 -0.70998225064557907 0.019357272341195681 1.7674334959401423 -0.29770371584387478 -0.14285837556578257 7.1547222921974578 -0.20545279248505566 -0.094176432567979473 -0.90461983554319203 1.3016970769695735 -1.214082177339743 0.028528213223609641
leaf_weight=28 21 22 28 23 58 75 20 26 376 282 38 20 159 20 28 110 23 27 28 123 26 75 34 35 20 52 40 38 35 51
leaf_count=28 21 22 28 23 58 75 20 26 376 282 38 20 159 20 28 110 23 27 28 123 26 75 34 35 20 52 40 38 35 51
internal_value=-0.0053864 0.00141951 0.00390203 0.00666065 0.00147619 0.00240614 0.00389362 0.000909091 -0.0130022 -0.0116111 -0.00813953 -0.00943038 -0.0111929 -0.00075 0.00771845 0.00954545 0.00163366 -0.000769231 0.00354545 -0.0019746 -0.00319355 -0.00742718 -0.00108696 0.000260116 0.00627273 -0.00254237 0.00136364 0.005 -0.00141509 -0.00313953
internal_weight=1941 1025 592 277 315 293 235 132 916 540 258 237 197 40 103 176 101 78 55 433 310 103 207 173 55 118 66 66 106 86
internal_count=1941 1025 592 277 315 293 235 132 916 540 258 237 197 40 103 176 101 78 55 433 310 103 207 173 55 118 66 66 106 86
is_linear=0
shrinkage=0.03


Tree=67
num_leaves=31
num_cat=0
split_feature=1 1 27 9 28 10 38 2 38 48 54 28 52 16 9 26 47 42 24 41 58 29 57 27 43 42 57 57 57 43
split_gain=110.677 10.6067 4.40183 4.0312 4.02584 3.20695 3.25304 3.64595 3.47106 2.81066 3.95824 3.11469 3.61095 2.45992 6.72535 6.76875 3.39261 2.35479 2.35577 1.73028 1.7039 2.76919 2.2674 2.14041 4.52899 2.03119 1.99577 4.375 1.86023 1.715
threshold=1.0000000180025095e-35 5141.5535715000015 282.50000000000006 141.50000000000003 1007.5500000000001 0.44228869021900147 968.29107142500004 6163.5000000000009 1019.6669642875 40.500000000000007 765.20000000000016 1006.85 613.50000000000011 24.750000000000004 141.50000000000003 10.850000000000003 27.500000000000004 -46.157142935000003 752.1500000000002 231.06806279970689 1005.7500000000001 1.0000000180025095e-35 300.50000000000006 210.50000000000003 -1.3749999999999998 70.672321400000001 262.50000000000006 274.50000000000006 315.50000000000006 -132.28571429999997
decision_type=2 2 2 2 2 2 2 2 2 2 2 2 2 2 2 2 2 2 2 2 2 2 2 2 2 2 2 2 2 2
left_child=13 20 3 -3 9 6 7 -5 -8 10 11 12 -4 14 15 16 -1 -10 -19 -9 22 25 23 24 -2 -22 -25 -28 -24 -29
right_child=1 2 4 5 -6 -7 8 19 17 -11 -12 -13 -14 -15 -16 -17 -18 18 -20 -21 21 -23 28 26 -26 -27 27 29 -30 -31
leaf_value=6.4338288349442241 2.0727017356046371 -0.1088730141308054 3.3267930654601363 5.6699103651618517 5.1141852331804341 -0.46630192830893402 -1.1734625555803002 7.766060247059265 4.5487483291697943 7.0205507839089343 7.9839348651002346 -3.7619314509250277 -1.866943769357482 -0.14856456036771426 -0.14856456036771426 -0.30782930094794808 -1.1867455423503566 -0.51587086562787665 5.7715248353271607 -1.357911821349377 0.00062492506246581315 -0.13964250606265693 0.52565406486815214 -0.2783876179278672 -0.16472557578379252 2.8303203437205702 0.16015319180685092 -0.34013864219683387 -0.2418263634606464 -0.046482259003989834
leaf_weight=25 23 22 58 66 113 67 28 20 37 22 26 21 37 669 158 32 23 32 20 23 128 39 29 41 27 29 24 56 21 25
leaf_count=25 23 22 58 66 113 67 28 20 37 22 26 21 37 669 158 32 23 32 20 23 128 39 29 41 27 29 24 56 21 25
internal_value=-0.00543277 0.0012766 0.00390203 0.00147619 0.00666065 0.00240614 0.00411504 0.00784404 0.000641026 0.00365854 0.00211268 -0.000258621 0.00205263 -0.0130816 -0.0104622 -0.003375 0.00375 0.00353933 -0.000576923 0.00104651 -0.00223982 -0.000153061 -0.00390244 -0.00535714 0 0.0016242 -0.00719178 -0.005 0.0018 -0.00833333
internal_weight=1941 1034 592 315 277 293 226 109 117 164 142 116 95 907 238 80 48 89 52 43 442 196 246 196 50 157 146 105 50 81
internal_count=1941 1034 592 315 277 293 226 109 117 164 142 116 95 907 238 80 48 89 52 43 442 196 246 196 50 157 146 105 50 81
is_linear=0
shrinkage=0.03


Tree=68
num_leaves=31
num_cat=0
split_feature=1 1 27 50 9 15 44 47 27 37 28 34 38 24 2 29 44 57 8 40 53 53 18 46 20 8 37 31 9 37
split_gain=107.128 9.63903 4.85366 4.087 3.72718 2.55376 3.8917 4.62371 4.56353 6.07477 4.2188 2.44376 3.54609 3.19284 2.94782 2.19743 3.8582 2.07508 2.37042 2.0506 1.83609 1.99643 1.76684 4.36148 3.05329 1.97096 2.368 1.98752 1.80953 1.9618
threshold=1.0000000180025095e-35 5141.5535715000015 282.50000000000006 1.0000000180025095e-35 141.50000000000003 84.500000000000014 28.650000000000002 65.500000000000014 284.50000000000006 2.5928571430000003 1007.0500000000001 178.02142855000002 919.88370530000009 763.65000000000009 6163.5000000000009 0.25000000000000006 32.150000000000013 237.50000000000003 3.5000000000000004 524.23742560083349 160.50000000000003 229.00000000000003 39.500000000000007 24.950000000000003 19.500000000000004 4.5000000000000009 91.033928570000015 432.15714285000007 145.50000000000003 267.70982145000011
decision_type=2 2 2 2 2 2 2 2 2 2 2 2 2 2 2 2 2 2 2 2 2 2 2 2 2 2 2 2 2 2
left_child=5 22 4 20 -3 6 7 8 9 10 -1 -6 14 17 -13 16 -5 -14 -19 -18 -4 -22 25 24 -24 28 -27 -28 -2 -30
right_child=1 2 3 15 11 -7 -8 -9 -10 -11 -12 12 13 -15 -16 -17 19 18 -20 -21 21 -23 23 -25 -26 26 27 -29 29 -31
leaf_value=4.0098501424726258 -0.36594508448021373 -0.10560682370688124 1.7430672832323033 -2.2359764564522946 -0.52101637340060158 -0.14410762355668283 -0.14410762355668283 -0.14410762355668283 -0.70420894436333159 -0.14363478452573217 -0.32144192569781777 4.7982796247312951 3.1684212911156511 7.6250745576314589 0.68824449177139424 4.5139476218933501 9.2646968862107713 -0.55314258643110203 0.39008493660437121 -0.70955911096480229 6.7813127798677133 3.2269892734963319 5.7232201262834286 -0.20649947165587804 -0.072011841418813338 0.093237031235758536 -0.120676661006313 0.60564639037730894 -0.13423587508424908 0.29149980882154503
leaf_weight=59 57 22 39 23 58 388 302 76 34 26 22 65 36 29 38 23 27 36 31 28 107 30 44 33 23 41 73 23 94 54
leaf_count=59 57 22 39 23 58 388 302 76 34 26 22 65 36 29 38 23 27 36 31 28 107 30 44 33 23 41 73 23 94 54
internal_value=-0.00555641 0.00104449 0.0035473 0.00644404 0.001 -0.0130816 -0.0117052 -0.00864055 -0.00542553 -0.00238318 0.00166667 0.0018942 0.00325532 0 0.00742718 0.00163366 -0.000769231 -0.00247573 -0.00559701 0.00354545 0.00920455 0.0108394 -0.00230769 0.0012 0.00559701 -0.00333333 -0.000547445 -0.003125 -0.00519512 -0.00344595
internal_weight=1941 1034 592 277 315 907 519 217 141 107 81 293 235 132 103 101 78 103 67 55 176 137 442 100 67 342 137 96 205 148
internal_count=1941 1034 592 277 315 907 519 217 141 107 81 293 235 132 103 101 78 103 67 55 176 137 442 100 67 342 137 96 205 148
is_linear=0
shrinkage=0.03


Tree=69
num_leaves=31
num_cat=0
split_feature=1 1 27 50 9 16 56 28 10 6 44 10 6 37 1 35 58 45 37 57 27 10 18 8 16 48 19 27 19 30
split_gain=108.112 8.18188 4.83039 3.90504 3.6678 2.63947 6.29734 6.7194 3.29472 2.57303 3.42452 2.55982 3.64473 3.79964 2.37576 2.12793 1.90947 1.857 1.76441 1.48806 7.29769 3.59284 2.76739 3.64319 1.75819 1.48148 1.4596 1.37499 1.58662 1.96238
threshold=75.214285715000017 5141.5535715000015 282.50000000000006 1.0000000180025095e-35 141.50000000000003 24.750000000000004 11.050000000000002 1005.4500000000002 0.5277851165098012 16.500000000000004 32.150000000000013 0.44228869021900147 25.500000000000004 499.42767855000005 8494.3571430000029 7.2553571430000003 1007.0500000000001 82.500000000000014 769.4937500000002 261.50000000000006 210.50000000000003 0.95642797789208711 40.500000000000007 2.5000000000000004 24.550000000000004 1.5000000000000002 47.500000000000007 270.50000000000006 14.500000000000002 156.64553570000001
decision_type=2 2 2 2 2 2 2 2 2 2 2 2 2 2 2 2 2 2 2 2 2 2 2 2 2 2 2 2 2 2
left_child=5 19 4 16 -3 6 7 8 -1 -5 -11 12 15 -14 -15 -6 18 26 -4 20 21 25 27 24 -24 -2 -17 -21 -29 -30
right_child=1 2 3 9 11 -7 -8 -9 -10 10 -12 -13 13 14 -16 17 -18 -19 -20 22 -22 -23 23 -25 -26 -27 -28 28 29 -31
leaf_value=5.7697889040978732 -0.035771388422486013 -0.1024386189956748 6.2593155038874668 4.8643896282814572 6.0451589144835829 -0.13978439484998234 -0.13978439484998234 -0.13978439484998234 -0.64330217111156363 -3.1218864286988026 3.5921878121759527 -0.43668237925764969 5.1467952042985514 1.1985071809941252 -0.57200670494649442 1.274411146051762 5.5442765111599686 -1.1550141738578164 1.0127178418962206 0.051857538426897172 -0.41402925513823491 -0.10562680529853792 4.8038427000097546 7.6989634142329937 -0.31678821522481088 1.8796285177057512 5.1563131341697943 -0.17658641684985241 -0.097827490942097667 0.56949228396734497
leaf_weight=29 24 22 28 30 49 677 144 52 20 20 51 67 30 22 33 50 110 20 38 21 53 31 20 21 21 30 22 153 20 33
leaf_count=29 24 22 28 30 49 677 144 52 20 20 51 67 30 22 33 50 110 20 38 21 53 31 20 21 21 30 22 153 20 33
internal_value=-0.00557187 0.0011629 0.00344595 0.00633574 0.000904762 -0.0130152 -0.0103469 -0.00460396 0.00336735 0.00163366 -0.00147887 0.00179181 0.00331858 -0.00158824 -0.00627273 0.0062766 0.00903409 0.00358696 0.005 -0.00200234 -0.00456522 0.000882353 -0.000778547 0.00483871 -0.000365854 0.00555556 0.00583333 -0.00231278 -0.00305825 0.00141509
internal_weight=1941 1019 592 277 315 922 245 101 49 101 71 293 226 85 55 141 176 92 66 427 138 85 289 62 41 54 72 227 206 53
internal_count=1941 1019 592 277 315 922 245 101 49 101 71 293 226 85 55 141 176 92 66 427 138 85 289 62 41 54 72 227 206 53
is_linear=0
shrinkage=0.03


Tree=70
num_leaves=31
num_cat=0
split_feature=1 1 27 9 58 48 54 6 34 53 16 9 26 47 53 48 35 38 37 14 58 9 19 57 27 43 57 57 9 33
split_gain=107.663 8.03038 4.63966 3.6678 2.91902 2.9007 3.39766 2.68029 3.74559 3.49215 2.63947 6.2691 6.91611 3.39261 2.38063 2.66931 2.04824 1.99187 1.94317 1.78135 1.55416 3.03291 2.26093 2.03727 2.01346 3.3912 2.61996 3.8983 1.79502 1.75812
threshold=75.214285715000017 5141.5535715000015 282.50000000000006 141.50000000000003 1007.4500000000002 40.500000000000007 765.20000000000016 25.500000000000004 182.19285710000003 185.50000000000003 24.750000000000004 141.50000000000003 10.850000000000003 27.500000000000004 222.00000000000003 1.5000000000000002 630.78839285000015 947.74196433750012 742.5562500000002 31.650000000000002 1005.7500000000001 146.50000000000003 3.5000000000000004 300.50000000000006 210.50000000000003 -1.3749999999999998 262.50000000000006 274.50000000000006 139.50000000000003 874.45000000000016
decision_type=2 2 2 2 2 2 2 2 2 2 2 2 2 2 2 2 2 2 2 2 2 2 2 2 2 2 2 2 2 2
left_child=10 20 3 -3 5 6 14 8 -5 -9 11 12 13 -1 15 18 17 -10 -4 -6 23 22 -22 24 25 -2 -26 -28 -25 -29
right_child=1 2 4 7 19 -7 -8 9 16 -11 -12 -13 -14 -15 -16 -17 -18 -19 -20 -21 21 -23 -24 28 26 -27 27 29 -30 -31
leaf_value=5.9474247984987834 1.9581589042578531 -0.099365460425804547 3.297123287912771 -0.63573467097771752 1.4438920585561981 6.5285841428864266 7.2293534111231859 1.8435667364894606 5.0430063625308579 -0.47106707796865183 -0.13559086300448286 -0.13559086300448286 -0.27102096478792015 -1.1275208822397984 3.3505604010392585 -2.9397158369210605 -0.81826149424098271 2.9769077881788575 -1.2799816528452197 6.5776856692718306 1.7145933780916169 -0.1082677737346377 -0.0073149572360399866 -0.13111708393551791 -0.37351989882073788 -0.1547911840754542 0.1583362083638698 -0.15117861841471719 1.8995889982843217 -0.90312805199382062
leaf_weight=25 21 22 20 39 36 22 23 65 53 45 677 164 33 23 41 22 23 68 29 84 47 106 39 26 39 26 24 56 22 21
leaf_count=25 21 22 20 39 36 22 23 65 53 45 677 164 33 23 41 22 23 68 29 84 47 106 39 26 39 26 24 56 22 21
internal_value=-0.00558733 0.00113346 0.00339527 0.000904762 0.00622744 0.00353503 0.00188889 0.00179181 0.00401639 -0.00190909 -0.0130152 -0.0103469 -0.00351852 0.00375 -0.000267857 -0.00359155 0.00625 0.00780992 0.000306122 0.00975 -0.00200234 0 0.00418605 -0.0036383 -0.00505348 0.000319149 -0.00685714 -0.00430693 0.001875 -0.0075974
internal_weight=1941 1019 592 315 277 157 135 293 183 110 922 245 81 48 112 71 144 121 49 120 427 192 86 235 187 47 140 101 48 77
internal_count=1941 1019 592 315 277 157 135 293 183 110 922 245 81 48 112 71 144 121 49 120 427 192 86 235 187 47 140 101 48 77
is_linear=0
shrinkage=0.03


Tree=71
num_leaves=31
num_cat=0
split_feature=11 11 27 50 22 15 56 49 37 11 24 38 11 48 21 3 19 18 57 27 57 10 57 32 37 9 44 28 53 47
split_gain=107.845 7.83944 4.60707 5.26138 3.67767 2.73191 4.60711 6.94583 6.74486 3.41231 2.7064 3.5197 3.13276 2.43284 1.86531 1.75113 1.72101 3.24142 2.68183 5.13719 3.48795 3.47435 2.95096 3.65497 2.72265 2.06081 1.99249 1.90259 1.69783 2.79134
threshold=0.065403129230142756 -0.63405362205439475 282.50000000000006 1.5000000000000002 3.5000000000000004 82.500000000000014 11.050000000000002 13.500000000000002 2.5928571430000003 0.3826834323650895 774.55000000000007 919.88370530000009 -0.88144907265856332 40.500000000000007 735.50000000000011 6619372.7500000009 58.500000000000007 1.5000000000000002 261.50000000000006 197.50000000000003 278.50000000000006 -0.97335555334614932 287.50000000000006 724.31875000000002 336.70000000000005 139.50000000000003 28.450000000000003 1007.35 242.00000000000003 6.5000000000000009
decision_type=2 2 2 2 2 2 2 2 2 2 2 2 2 2 2 2 2 2 2 2 2 2 2 2 2 2 2 2 2 2
left_child=1 2 4 -4 -1 6 7 8 9 -2 11 12 -6 14 -5 -11 18 -18 19 26 21 -20 -22 24 25 -24 -3 -27 29 -13
right_child=5 16 3 13 10 -7 -8 -9 -10 15 -12 28 -14 -15 -16 -17 17 -19 20 -21 22 -23 23 -25 -26 27 -28 -29 -30 -31
leaf_value=5.7125139561731482 -0.66089404636720539 1.0150775491159709 5.1097569598523078 -1.5978794745869436 3.955136305328792 -0.13152313711434838 -0.13152313711434838 -0.13152313711434838 -0.13107711393336841 5.319417252113694 5.1770134292772862 -0.54071449145904005 -0.12682219786117116 5.3488447551962919 2.1326219181913633 -0.11438533173440457 -0.10052442424372771 2.4995890376532515 -0.049845687331242061 -0.40120388698185616 -0.41659710004269074 3.6199610486842584 -0.44652599184304798 4.3261201072694746 -0.33488297088668673 0.22865820097113895 -0.16258798581104789 -0.022762936263231302 2.2749863400498578 -0.29907300941598153
leaf_weight=23 20 23 170 29 47 524 213 70 30 37 20 41 82 22 46 22 34 30 26 59 55 53 24 21 47 41 22 34 29 47
leaf_count=23 20 23 170 29 47 524 213 70 30 37 20 41 82 22 46 22 34 30 26 59 55 53 24 21 47 41 22 34 29 47
internal_value=-0.00558733 0.00109756 0.00350719 0.00634831 0.000882353 -0.0130677 -0.0111735 -0.0076257 -0.00288991 0.00170886 -0.000112782 -0.00097561 0.00244186 0.000773196 -0.0018 0.00533898 -0.00175906 0.0028125 -0.00248148 -0.00663462 -0.00104651 0.00436709 -0.00297297 -0.000988024 -0.00267123 0.000151515 0.001 0.0026 -0.00474359 -0.00681818
internal_weight=1941 1025 556 267 289 916 392 179 109 79 266 246 129 97 75 59 469 64 405 104 301 79 222 167 146 99 45 75 117 88
internal_count=1941 1025 556 267 289 916 392 179 109 79 266 246 129 97 75 59 469 64 405 104 301 79 222 167 146 99 45 75 117 88
is_linear=0
shrinkage=0.03


Tree=72
num_leaves=31
num_cat=0
split_feature=1 23 27 50 25 26 24 16 3 16 12 26 50 47 47 28 27 57 15 14 57 38 38 1 37 53 12 40 33 45
split_gain=105.902 6.79088 4.165 5.34491 3.94614 3.92594 3.15774 3.44337 3.9745 3.04279 7.09972 7.64777 3.0416 3.13413 2.62871 2.26186 2.5539 4.86937 4.59382 2.08333 1.74455 1.68566 2.75 2.10938 1.63436 1.56018 1.9281 1.46311 2.09489 2.51369
threshold=99.000000000000014 161.50000000000003 282.50000000000006 1.5000000000000002 400.50000000000006 38.350000000000001 772.4000000000002 23.550000000000004 6381406.0000000009 24.750000000000004 0.64987354830121502 10.850000000000003 13.500000000000002 64.500000000000014 27.500000000000004 1003.6500000000002 262.50000000000006 275.50000000000006 78.500000000000014 29.650000000000002 293.50000000000006 968.29107142500004 1040.9241072125003 9225.4821430000029 754.72142855000004 229.00000000000003 0.55387244954848092 956.98038196875007 766.22410715000012 72.500000000000014
decision_type=2 2 2 2 2 2 2 2 2 2 2 2 2 2 2 2 2 2 2 2 2 2 2 2 2 2 2 2 2 2
left_child=9 5 4 25 19 12 7 8 -6 10 -1 14 13 15 -12 -2 18 -18 -17 -3 -5 23 -23 -9 -22 26 -4 28 29 -19
right_child=1 2 3 20 6 -7 -8 21 -10 -11 11 -13 -14 -15 -16 16 17 27 -20 -21 24 22 -24 -25 -26 -27 -28 -29 -30 -31
leaf_value=-0.12757744300091792 -0.27748530338121752 6.5307442623995726 2.6984124012860651 -2.4271984668936382 -0.89415595663598568 4.303645544326745 5.021703026398967 0.096795645187780791 1.4197401958770786 -0.12757744300091792 5.6094195369804094 -0.25039242284300178 -0.22293186370612927 2.5402626033992077 -1.0892773670335985 -0.50562632764624926 2.7278408655112569 0.13129876283684275 0.46102051329676386 2.1121698606950772 5.1608930101882651 -2.0215749877497897 7.3554271166843135 4.2422698856179046 -0.24259774291344285 3.5044658148118342 6.996986880346288 3.2928797994655712 -0.8635362974327262 -0.096315348880134474
leaf_weight=165 21 24 21 22 44 28 28 40 27 680 25 33 151 27 24 37 56 67 21 24 22 22 22 24 36 34 90 27 41 58
leaf_count=165 21 24 21 22 44 28 28 40 27 680 25 33 151 27 24 37 56 67 21 24 22 22 22 24 36 34 90 27 41 58
internal_value=-0.00566461 0.0010355 0.003625 0.0066 0.001 -0.00129213 -0.000797101 -0.00226257 -0.00739437 -0.0129935 -0.0101417 -0.00292683 -0.00189723 -0.000380282 0.00459184 -0.00118902 -0.000537459 0.000783133 -0.0062069 0.00875 0.000375 0.00111111 -0.00340909 0.00421875 0.00310345 0.0100345 0.0117568 -0.00147668 -0.00253012 -0.0006
internal_weight=1941 1014 480 225 255 534 207 179 71 927 247 82 506 355 49 328 307 249 58 48 80 108 44 64 58 145 111 193 166 125
internal_count=1941 1014 480 225 255 534 207 179 71 927 247 82 506 355 49 328 307 249 58 48 80 108 44 64 58 145 111 193 166 125
is_linear=0
shrinkage=0.03


Tree=73
num_leaves=31
num_cat=0
split_feature=11 11 38 18 18 16 9 26 27 27 47 46 8 58 9 27 58 11 16 10 27 39 57 37 16 41 23 23 57 27
split_gain=105.405 7.80638 4.76798 6.26129 3.89548 3.60575 5.8523 7.83425 3.34848 3.89289 2.94696 2.91253 3.66199 2.87811 2.79646 3.97841 2.22548 2.18268 2.05923 1.99568 2.98599 2.46758 1.98182 1.90526 1.9626 2.10303 1.85507 1.63618 2.31445 1.53604
threshold=0.032701564615071184 -0.84874750804349197 919.88370530000009 1.5000000000000002 44.500000000000007 24.750000000000004 141.50000000000003 10.850000000000003 262.50000000000006 323.50000000000006 30.500000000000004 23.050000000000004 4.5000000000000009 1004.35 145.50000000000003 267.50000000000006 1007.0500000000001 0.13052619222005149 24.650000000000002 -0.77259657388510594 278.50000000000006 598.08292412500009 306.50000000000006 91.033928570000015 24.650000000000002 293.41350313936806 173.50000000000003 242.00000000000003 267.50000000000006 212.00000000000003
decision_type=2 2 2 2 2 2 2 2 2 2 2 2 2 2 2 2 2 2 2 2 2 2 2 2 2 2 2 2 2 2
left_child=1 2 22 16 11 6 7 10 13 18 -2 -3 14 -6 -13 29 26 -8 -10 21 -21 -17 -1 -14 25 -25 -4 28 -5 -16
right_child=5 4 3 27 8 -7 17 -9 9 -11 -12 12 23 -15 15 19 -18 -19 -20 20 -22 -23 -24 24 -26 -27 -28 -29 -30 -31
leaf_value=5.2532582914348378 5.3923027576280465 1.8585382103824315 4.8701261616174385 -0.069694852735984789 2.4185681624264639 -0.12375011971089037 -0.11303751837951073 -0.23424931544383043 5.2492221041454705 -0.18143358611929455 -1.405045286150995 -0.38020448842352356 0.21785949205689953 -0.74881015527930905 -0.11524595086068586 -0.054141216979542717 9.3073315215522072 -0.12375011971089037 0.058064615229085063 6.9091593783694565 -0.7908884011548204 3.7440681236909437 2.0684009516648554 1.0365335802538145 -0.11971495677875169 -0.44858735471618921 -1.1098793410601637 3.9051340495091131 -0.353328521758068 -0.55503156405367693
leaf_weight=143 26 37 27 31 20 683 22 34 49 22 21 78 39 29 65 23 38 151 22 25 32 21 25 68 49 28 23 28 36 46
leaf_count=143 26 37 27 31 20 683 22 34 49 22 21 78 39 29 65 23 38 151 22 25 32 21 25 68 49 28 23 28 36 46
internal_value=-0.00561824 0.00113546 0.00474359 0.00139344 -0.000803982 -0.0128549 -0.00980315 -0.00314815 0.00359155 0.00693548 0.00478723 -0.00202544 -0.00265823 -0.0027551 -0.00475862 -0.0029717 0.00715909 -0.0129191 0.0103521 0.00133663 -0.00236842 0.00613636 0.00839286 0.000652174 -0.000931034 0.0015625 0.003 -0.00394737 -0.00649254 -0.00689189
internal_weight=1941 1004 351 183 653 937 254 81 142 93 47 511 474 49 290 212 88 173 71 101 57 44 168 184 145 96 50 95 67 111
internal_count=1941 1004 351 183 653 937 254 81 142 93 47 511 474 49 290 212 88 173 71 101 57 44 168 184 145 96 50 95 67 111
is_linear=0
shrinkage=0.03


Tree=74
num_leaves=31
num_cat=0
split_feature=1 11 38 18 18 40 47 16 9 26 47 27 6 14 26 46 57 27 49 57 40 42 14 48 8 26 26 8 53 6
split_gain=105.907 7.71552 4.74806 5.88281 3.33342 3.65795 4.32143 2.80062 6.22428 6.91611 3.39261 2.73373 2.60591 2.59319 3.47103 2.19481 1.94518 2.45542 2.21993 1.89203 1.75901 2.04645 1.78518 1.69342 1.92799 1.54366 1.91087 3.42929 3.2732 1.50457
threshold=61.571428570000002 -0.84874750804349197 919.88370530000009 1.5000000000000002 44.500000000000007 81.056138392291672 74.500000000000014 24.750000000000004 141.50000000000003 10.850000000000003 27.500000000000004 264.50000000000006 20.500000000000004 31.150000000000002 9.4500000000000011 24.950000000000003 323.50000000000006 180.00000000000003 83.000000000000014 306.50000000000006 11.987276785833325 -38.291071450000047 29.850000000000005 45.500000000000007 3.5000000000000004 21.450000000000003 17.750000000000004 2.5000000000000004 165.50000000000003 26.500000000000004
decision_type=2 2 2 2 2 2 2 2 2 2 2 2 2 2 2 2 2 2 2 2 2 2 2 2 2 2 2 2 2 2
left_child=7 2 19 12 13 6 15 8 9 10 -1 -7 -4 16 -15 -6 17 18 -3 -2 -19 22 -22 24 -5 26 27 -16 -28 -10
right_child=1 4 3 23 5 11 -8 -9 29 -11 -12 -13 -14 14 25 -17 -18 20 -20 -21 21 -23 -24 -25 -26 -27 28 -29 -30 -31
leaf_value=5.2793678681421543 5.0956605426917942 0.65373841318770476 -0.35051145264409056 -0.30575664328162205 4.9913693579901857 0.51154015033758515 -0.32502932335571338 -0.12003761611956366 -0.12003761611956366 -0.23147451550500606 -1.178448093740476 4.4271765280861555 7.6994201761803263 2.9075202085002942 1.7336855316861839 -0.36429294760268377 0.68151085419194568 0.0058787924418024469 -0.11178857233486496 2.0063489231149081 -0.24495580798132721 -0.22358217970252722 0.015723918485079053 5.114079305368219 0.81311109886168309 -0.94432922720552803 3.205499540134308 -0.9833985065722638 -1.4775848527034454 -0.11644308921707387
leaf_weight=25 143 39 26 52 28 30 20 674 142 33 23 42 62 21 30 22 33 24 49 25 20 111 43 21 22 22 47 68 24 20
leaf_count=25 143 39 26 52 28 30 20 674 142 33 23 42 62 21 30 22 33 24 49 25 20 111 43 21 22 22 47 68 24 20
internal_value=-0.00566461 0.000966797 0.00457265 0.00122951 -0.000913819 0.00316901 -0.00171429 -0.0130698 -0.0103086 -0.00351852 0.00375 0.00791667 0.00681818 -0.00200565 0.000566038 0.003 -0.00371473 -0.00451049 -0.000340909 0.00821429 -0.00636364 -0.00741379 -0.00309524 -0.00394737 -0.00608108 -0.000706806 0.000266272 -0.00244898 0.00401408 -0.0137037
internal_weight=1941 1024 351 183 673 142 70 917 243 81 48 72 88 531 212 50 319 286 88 168 198 174 63 95 74 191 169 98 71 162
internal_count=1941 1024 351 183 673 142 70 917 243 81 48 72 88 531 212 50 319 286 88 168 198 174 63 95 74 191 169 98 71 162
is_linear=0
shrinkage=0.03


Tree=75
num_leaves=31
num_cat=0
split_feature=1 11 24 38 11 15 44 47 27 8 27 37 15 35 57 8 9 21 1 44 9 27 16 37 56 26 26 16 26 32
split_gain=100.898 7.57824 4.05972 5.72901 3.05515 2.96844 4.31556 5.28907 4.33385 6.12891 2.83336 4.2819 3.21992 2.39065 2.15781 2.01459 2.66321 2.30905 1.95327 2.97957 2.50563 2.61594 2.59195 2.12108 1.90636 2.15554 1.83134 4.75255 2.45578 2.40501
threshold=61.571428570000002 -0.63405362205439475 766.80000000000007 919.88370530000009 -0.88144907265856332 84.500000000000014 28.650000000000002 65.500000000000014 284.50000000000006 3.5000000000000004 265.50000000000006 462.90714285000007 63.500000000000007 239.25000000000003 304.50000000000006 3.5000000000000004 153.50000000000003 830.50000000000011 1784.5714285000001 27.150000000000002 150.50000000000003 209.00000000000003 23.750000000000004 622.06428570000014 12.250000000000002 14.850000000000003 14.950000000000001 24.750000000000004 8.3500000000000032 653.90714285000013
decision_type=2 2 2 2 2 2 2 2 2 2 2 2 2 2 2 2 2 2 2 2 2 2 2 2 2 2 2 2 2 2
left_child=5 2 3 4 14 6 7 8 9 13 -6 -12 -13 -1 -2 16 -5 -17 24 -20 22 -22 -21 26 -3 -26 27 -24 -29 -28
right_child=1 18 -4 15 10 -7 -8 -9 -10 -11 11 12 -14 -15 -16 17 -18 -19 19 20 21 -23 23 -25 25 -27 29 28 -30 -31
leaf_value=3.0651646765304492 5.8619906313275054 -0.011377879060640125 6.5655397964618469 -0.43454880038002686 -0.24666061105189738 -0.11643648763597675 -0.11643648763597675 -0.11643648763597675 -0.65973476881842597 -0.57943379910641368 4.8221331243817254 -0.86353175397002446 2.1512406162561795 -0.11599121447138402 0.94772159397944733 -1.0660676172490355 2.604238254291531 6.0007727998336984 2.2828496496227761 -0.31704497196184434 0.23297182773876784 -0.380842255312907 6.0831288148088358 1.9191072322753864 -0.12867097918999149 -0.10397193518237521 -0.26582168911373572 0.74518812976533355 -0.62253101387424636 0.71819376095870779
leaf_weight=50 107 70 60 70 57 390 310 76 34 31 28 54 53 26 24 35 31 37 26 41 23 46 23 22 42 80 25 28 21 21
leaf_count=50 107 70 60 70 57 390 310 76 34 31 28 54 53 26 24 35 31 37 26 41 23 46 23 22 42 80 25 28 21 21
internal_value=-0.00571097 0.000761719 0.0031295 0.0022379 0.00459752 -0.0129389 -0.0114706 -0.00822581 -0.00478723 -0.00182243 0.0021875 0.00455556 0.00182243 0.00276316 0.00812977 -0.00216763 -0.00490099 0.00166667 -0.00205128 -0.000434783 -0.00144 -0.00630435 0.000414365 0.00235714 -0.004375 -0.00663934 0.000762712 0.00375 -0.00153061 -0.00391304
internal_weight=1941 1024 556 496 323 917 527 217 141 107 192 135 107 76 131 173 101 72 468 276 250 69 181 140 192 122 118 72 49 46
internal_count=1941 1024 556 496 323 917 527 217 141 107 192 135 107 76 131 173 101 72 468 276 250 69 181 140 192 122 118 72 49 46
is_linear=0
shrinkage=0.03


Tree=76
num_leaves=31
num_cat=0
split_feature=11 11 24 26 56 26 36 26 15 57 9 36 18 46 14 58 3 9 32 11 42 26 26 40 11 41 9 26 43 9
split_gain=101.644 7.33008 4.54082 3.76776 4.49167 4.07547 3.77594 2.81525 2.66525 3.54483 5.38285 8.24923 5.86612 4.48959 2.6336 2.39965 2.64761 2.34563 2.10619 2.23094 1.63879 1.58142 2.62106 3.20287 2.89 1.87705 1.78042 1.56341 1.52687 1.91593
threshold=0.065403129230142756 -0.290129255202841 766.80000000000007 15.950000000000001 8.5500000000000025 16.450000000000003 719.56250000000011 7.0000000000000009 84.500000000000014 289.50000000000006 141.50000000000003 184.83125000000004 29.500000000000004 24.950000000000003 30.650000000000002 1006.9500000000002 6331529.0715000005 139.50000000000003 859.97857140000008 -0.88144907265856332 36.331250015000002 17.050000000000004 17.550000000000004 854.74579614791685 -0.84874750804349197 249.39165732094168 149.50000000000003 13.750000000000002 126.86875000000001 148.50000000000003
decision_type=2 2 2 2 2 2 2 2 2 2 2 2 2 2 2 2 2 2 2 2 2 2 2 2 2 2 2 2 2 2
left_child=1 2 3 4 7 -5 18 14 9 10 11 -2 -12 -14 -1 16 17 -7 19 -6 -9 -18 -23 24 -24 -26 -25 -20 -21 -30
right_child=8 -3 -4 5 6 15 -8 20 -10 -11 12 -13 13 -15 -16 -17 21 -19 27 28 -22 22 23 26 25 -27 -28 -29 29 -31
leaf_value=-0.084787960770958071 -0.27208145264679673 -0.072090136765631738 6.3685736025679915 -0.71197800347584628 7.8053485226956454 0.26010086447465763 -0.81463554604516186 -0.031573744092487456 -0.11294339300689744 -0.11294339300689744 -0.11294339300689744 4.1060601730911079 -0.10945670191148235 7.7469668224150379 2.4123285405743053 -0.81555873298558079 2.5804648401246504 -1.2892414144514384 -0.1277031579200974 3.2253909760355044 -0.64592838047353951 -0.73138715794988407 3.1473329209896956 2.9646705601988286 0.28985001408285055 -1.4177678595394185 6.4412925095976448 2.5261111066627846 1.9585256983072337 -0.1078318184801003
leaf_weight=49 34 225 60 28 62 39 23 25 388 196 209 38 28 23 20 40 21 44 28 25 30 28 50 31 24 26 26 29 57 35
leaf_count=49 34 225 60 28 62 39 23 25 388 196 209 38 28 23 20 40 21 44 28 25 30 28 50 31 24 26 26 29 57 35
internal_value=-0.0057728 0.000717073 0.0020625 0.00141892 0.00348564 -0.000798319 0.00573359 -0.00120968 -0.0130349 -0.0116477 -0.00975904 -0.0025 -0.0117692 -0.00264706 0.00282609 0.000136778 0.00108997 -0.00343373 0.00686441 0.00846369 -0.00627273 0.00291262 0.00202703 0.00353503 0.0003 -0.0048 0.00921053 0.00184211 0.00602564 0.00423913
internal_weight=1941 1025 800 740 383 357 259 124 916 528 332 72 260 51 69 329 289 83 236 179 55 206 185 157 100 50 57 57 117 92
internal_count=1941 1025 800 740 383 357 259 124 916 528 332 72 260 51 69 329 289 83 236 179 55 206 185 157 100 50 57 57 117 92
is_linear=0
shrinkage=0.03


Tree=77
num_leaves=31
num_cat=0
split_feature=1 11 38 18 57 9 48 16 9 36 47 53 38 37 6 6 50 38 15 20 10 57 57 9 40 57 15 6 49 57
split_gain=97.6242 7.7778 4.23724 5.85539 3.24003 4.5129 2.76277 2.73464 6.22428 4.24723 7.08482 2.54325 2.39182 2.71334 2.3878 2.331 2.18053 2.11971 1.99481 1.77008 1.94897 2.46999 4.32294 4.04601 2.22095 1.55371 1.5383 1.50457 1.34147 4.14155
threshold=61.571428570000002 -0.84874750804349197 919.88370530000009 1.5000000000000002 297.50000000000006 141.50000000000003 68.000000000000014 24.750000000000004 141.50000000000003 71.721428570000015 47.500000000000007 204.50000000000003 303.44441965000004 115.54821430000001 20.500000000000004 16.500000000000004 16.500000000000004 1027.8495536000003 79.500000000000014 2.5000000000000004 -0.97335555334614932 278.50000000000006 265.50000000000006 148.50000000000003 944.82105654375016 306.50000000000006 58.500000000000007 26.500000000000004 1.0000000180025095e-35 251.50000000000003
decision_type=2 2 2 2 2 2 2 2 2 2 2 2 2 2 2 2 2 2 2 2 2 2 2 2 2 2 2 2 2 2
left_child=7 2 25 14 5 -3 12 8 9 -1 -11 16 13 18 -4 -14 19 -5 -6 20 -7 22 23 -22 -23 -2 -19 -10 29 -9
right_child=1 4 3 17 6 11 -8 28 27 10 -12 -13 15 -15 -16 -17 -18 26 -20 -21 21 24 -24 -25 -26 -27 -28 -29 -30 -31
leaf_value=-0.26391900906739285 4.767878219793988 -0.25824924082459177 -0.30418298580969289 -1.0114613590786909 0.62234152005076881 -0.076600305441673053 4.0216089013278848 -0.36032913317329185 -0.10955509121669053 4.9047399108287904 -0.81756703174019729 2.6516081360913999 2.8730632629306205 -0.11512255795028124 7.1859200528564173 0.11056052909309443 -0.15723062464887763 -0.080615150636787189 -0.09153823959069686 2.1284107364197511 1.1698321213486069 -0.71400369150596588 4.0818461561927322 -0.85538260365237029 2.3542435859061506 1.8233068199723867 6.9867114618558022 -0.10617300085413788 -0.10955509121669053 -0.10955509121669053
leaf_weight=25 143 66 26 36 20 51 31 53 142 32 24 32 26 39 62 40 116 29 22 23 21 66 59 29 32 25 30 20 439 182
leaf_count=25 143 66 26 36 20 51 31 53 142 32 24 32 26 39 62 40 116 29 22 23 21 66 59 29 32 25 30 20 439 182
internal_value=-0.00592736 0.000439453 0.00405983 0.000901639 -0.00144874 -0.00269697 0.00202247 -0.0130371 -0.0103086 -0.00351852 0.00107143 -0.00157343 0.000306122 -0.00314815 0.00647727 0.00454545 -0.00222922 -0.00426316 0.00214286 -0.000800712 -0.00151163 -0.000217391 0.00288991 -0.0036 -0.00367347 0.0075 -0.000762712 -0.0137037 -0.0140208 -0.0121915
internal_weight=1941 1024 351 183 673 495 178 917 243 81 56 429 147 81 88 66 397 95 42 281 258 207 109 50 98 168 59 162 674 235
internal_count=1941 1024 351 183 673 495 178 917 243 81 56 429 147 81 88 66 397 95 42 281 258 207 109 50 98 168 59 162 674 235
is_linear=0
shrinkage=0.03


Tree=78
num_leaves=31
num_cat=0
split_feature=1 24 42 53 38 27 12 38 37 6 16 27 10 8 58 34 16 15 21 28 2 20 27 41 8 41 8 46 42 43
split_gain=98.086 6.59105 5.76285 3.06907 4.8382 3.67104 3.65893 3.21733 2.68714 2.62629 6.07442 3.22599 4.4356 6.95292 6.62647 2.13972 3.18678 2.48566 2.99549 2.10893 3.88303 2.38274 2.10527 2.0945 1.89949 1.88695 1.81481 1.70638 1.65754 2.21499
threshold=1.0000000180025095e-35 763.65000000000009 169.00625000000002 204.50000000000003 912.02723222500015 288.50000000000006 0.64987354830121502 367.28482142500008 350.39285715000005 18.500000000000004 24.450000000000003 271.50000000000006 -0.41248606129204546 3.5000000000000004 1006.7500000000001 787.69196430000011 24.750000000000004 85.500000000000014 146.50000000000003 1007.5500000000001 5792.1250000000009 3.5000000000000004 209.00000000000003 219.70913002393488 1.0000000180025095e-35 248.55869741980896 2.5000000000000004 24.050000000000004 225.01250000000002 399.29999985000012
decision_type=2 2 2 2 2 2 2 2 2 2 2 2 2 2 2 2 2 2 2 2 2 2 2 2 2 2 2 2 2 2
left_child=9 2 3 5 -5 6 15 8 24 -1 27 12 -12 14 -14 16 17 18 -2 20 -9 -22 -18 -17 -7 -20 -3 -11 -4 -30
right_child=1 26 28 4 -6 7 -8 19 -10 10 11 -13 13 -15 -16 23 22 -19 25 -21 21 -23 -24 -25 -26 -27 -28 -29 29 -31
leaf_value=-0.10626843848018981 3.8755260910435965 4.3331973202650635 5.345665102772502 3.8976654609913508 -0.7917146166282989 -0.37545430547151043 -0.16397223491424595 -0.74215620138968774 -0.36302862957647786 -0.21891915791110136 -0.10626843848018981 -0.10626843848018981 12.938354071556228 -0.10626843848018981 -0.56649664867470018 4.6232311662362351 0.023513319468724488 -0.12583719929757961 2.9160552181890913 2.9574806465394179 0.44293053562270585 5.0243773776459557 -0.33271018943542657 -0.44570132812236923 0.051993146131342552 -0.065827293079752561 6.683817649016194 3.895832079412354 0.3026991220409212 4.2345568228516761
leaf_weight=376 30 27 39 89 57 21 60 35 37 25 86 282 26 61 30 20 43 25 35 50 27 23 66 98 78 53 48 21 53 20
leaf_count=376 30 27 39 89 57 21 60 35 37 25 86 282 26 61 30 20 43 25 35 50 27 23 66 98 78 53 48 21 53 20
internal_value=-0.00588099 0.000435203 -0.000234619 -0.00108028 0.00287671 -0.00190442 -0.00362791 0.000830258 -0.00242647 -0.0130816 -0.0117232 -0.0127113 -0.00982759 -0.00602564 0.00160714 -0.00251351 -0.000952381 0.00199301 0.00381356 0.00411111 0.00123529 0.0066 -0.00481651 -0.00584746 0.000151515 0.00102273 0.009 -0.00130435 0.00616071 0.00349315
internal_weight=1941 1034 959 847 146 701 430 271 136 907 531 485 203 117 56 370 252 143 118 135 85 50 109 118 99 88 75 46 112 73
internal_count=1941 1034 959 847 146 701 430 271 136 907 531 485 203 117 56 370 252 143 118 135 85 50 109 118 99 88 75 46 112 73
is_linear=0
shrinkage=0.03


Tree=79
num_leaves=31
num_cat=0
split_feature=11 11 38 18 18 27 27 57 9 10 26 6 6 27 58 35 23 3 3 44 48 44 6 57 47 57 40 14 27 33
split_gain=100.134 6.36182 4.011 5.85539 3.92823 2.53589 3.45066 2.42822 5.78812 4.63195 9.02333 3.66764 2.3878 2.28167 2.00772 3.97741 2.7378 2.63269 2.50555 2.41828 1.83866 1.65241 1.47479 1.47433 1.44559 1.87963 1.67112 2.11417 2.40736 2.66688
threshold=0.032701564615071184 -0.84874750804349197 919.88370530000009 1.5000000000000002 44.500000000000007 262.50000000000006 323.50000000000006 290.50000000000006 149.50000000000003 -0.41248606129204546 7.2000000000000002 19.500000000000004 20.500000000000004 209.00000000000003 1005.6500000000002 545.30000000000007 149.50000000000003 6363516.2500000009 7133413.6250000009 30.650000000000002 45.500000000000007 28.450000000000003 25.500000000000004 306.50000000000006 33.500000000000007 323.50000000000006 33.226326885145838 31.250000000000004 288.50000000000006 1046.5857140000001
decision_type=2 2 2 2 2 2 2 2 2 2 2 2 2 2 2 2 2 2 2 2 2 2 2 2 2 2 2 2 2 2
left_child=1 2 23 12 14 13 22 8 9 11 -11 -2 -4 -6 15 -3 18 -18 19 -17 -5 -12 -7 -1 26 -26 -16 -28 29 -29
right_child=7 4 3 20 5 6 -8 -9 -10 10 21 -13 -14 -15 24 16 17 -19 -20 -21 -22 -23 -24 -25 25 -27 27 28 -30 -31
leaf_value=4.5612088482854682 -0.061516184197781404 -0.28184554668219691 -0.27204943396513326 -0.19184113617958404 1.5982131342700625 4.5437065987283525 -0.23855571878357706 -0.10308038532578412 -0.10308038532578412 -0.11930538420856984 0.32463567647729008 -0.10308038532578412 6.8138478815365291 -0.80896526645866373 1.0096867046623828 0.098087074648490785 -1.3051702207316771 3.5220798272544744 -0.46759068026200201 -0.18462146823922876 4.5288459902233784 14.409692322601197 0.022700315507462321 1.7908723014149064 -0.16753695759875845 0.50568754438912178 -0.16125132412044907 0.69164856949587372 3.9328890474554883 -2.3752155266182249
leaf_weight=143 25 73 26 74 25 48 22 381 290 64 41 115 62 24 24 33 20 32 36 58 21 21 23 25 87 21 41 36 29 21
leaf_count=143 25 73 26 74 25 48 22 381 290 64 41 115 62 24 24 33 20 32 36 58 21 21 23 25 87 21 41 36 29 21
internal_value=-0.00586553 0.000717131 0.00397436 0.000901639 -0.00103369 0.00338028 0.00629032 -0.0129189 -0.0116547 -0.00845865 -0.00428571 -0.0122143 0.00647727 -0.00214286 -0.00226027 -0.00416667 -0.00175978 0.00403846 -0.00413386 -0.00148352 -0.00426316 0.00387097 0.00950704 0.00732143 -0.000405405 -0.00305556 0.00149007 0.00011811 0.0027907 -0.000789474
internal_weight=1941 1004 351 183 653 142 93 937 556 266 126 140 88 49 511 252 179 52 127 91 95 62 71 168 259 108 151 127 86 57
internal_count=1941 1004 351 183 653 142 93 937 556 266 126 140 88 49 511 252 179 52 127 91 95 62 71 168 259 108 151 127 86 57
is_linear=0
shrinkage=0.03


Tree=80
num_leaves=31
num_cat=0
split_feature=1 11 38 18 18 57 6 6 16 11 57 35 26 8 12 8 30 43 6 28 37 14 41 38 45 2 56 35 16 38
split_gain=99.8081 6.93142 4.011 5.16125 3.86241 2.65941 3.38 2.45935 5.91838 5.48184 3.93535 4.15514 8.61903 2.40623 2.61788 2.40109 2.39341 2.21612 2.17922 1.82107 1.78497 2.19277 2.54782 1.75451 1.9008 1.71567 3.02506 2.28083 1.9852 1.67619
threshold=61.571428570000002 -0.84874750804349197 919.88370530000009 1.5000000000000002 44.500000000000007 261.50000000000006 4.5000000000000009 18.500000000000004 24.450000000000003 0.41248606129204546 263.50000000000006 1.0000000180025095e-35 8.6500000000000004 4.5000000000000009 0.64987354830121502 1.0000000180025095e-35 124.98125000000002 257.68303567000004 20.500000000000004 1006.35 91.033928570000015 31.350000000000005 294.98287626897502 1027.8495536000003 58.500000000000007 6601.5535715000015 18.350000000000005 617.91428570000005 23.950000000000003 91.608482137500019
decision_type=2 2 2 2 2 2 2 2 2 2 2 2 2 2 2 2 2 2 2 2 2 2 2 2 2 2 2 2 2 2
left_child=7 2 -2 18 13 6 -6 -1 9 -9 11 12 -10 14 16 -7 19 25 -4 -3 29 -22 -23 -5 -25 27 28 -18 -27 -15
right_child=1 4 3 23 5 15 -8 8 10 -11 -12 -13 -14 20 -16 -17 17 -19 -20 -21 21 22 -24 24 -26 26 -28 -29 -30 -31
leaf_value=-0.099987973766010596 3.5895558122533031 -0.1213751641746897 -0.26388795094618045 -0.95161084572209365 2.1432605263331141 -0.12724418003924498 -0.95700229332093467 -0.36978398961796816 -0.27312932045816907 3.2697890885611001 -0.099987973766010596 -0.099987973766010596 13.602445603013715 -0.011039069199632826 -0.23712723015196074 3.5285234090483839 -0.011313647491407437 -0.80089522975079463 6.6094324450904338 -0.045516727441681129 -0.11775517854045993 1.7581167270187517 -0.81160803677111271 -0.12297037905765697 6.4392115313122895 -1.0638839983471526 1.6716096266454041 3.4291320002279986 -0.1788592181936422 1.0378365931130227
leaf_weight=379 168 46 26 36 25 20 25 20 43 27 337 89 22 22 54 72 58 40 62 26 68 67 20 28 31 26 26 27 31 20
leaf_count=379 168 46 26 36 25 20 25 20 43 27 337 89 22 22 54 72 58 40 62 26 68 67 20 28 31 26 26 27 31 20
internal_value=-0.00588099 0.000556641 0.00397436 0.000901639 -0.00122585 0.00316901 -0.0024 -0.0130698 -0.0117658 -0.00159574 -0.0127393 -0.00876623 -0.003 -0.00240113 -0.0039521 0.00619565 -0.00278571 -0.00115385 0.00613636 -0.0075 0.000228426 -0.00125806 0.00189655 -0.00394737 -0.000762712 0.000357143 -0.00271084 0.00335294 -0.00657895 0.00571429
internal_weight=1941 1024 351 183 673 142 50 917 538 47 491 154 65 531 334 92 280 208 88 72 197 155 87 95 59 168 83 85 57 42
internal_count=1941 1024 351 183 673 142 50 917 538 47 491 154 65 531 334 92 280 208 88 72 197 155 87 95 59 168 83 85 57 42
is_linear=0
shrinkage=0.03


Tree=81
num_leaves=31
num_cat=0
split_feature=11 11 39 24 23 15 56 19 37 11 57 58 9 26 11 39 27 57 9 14 16 31 41 39 9 17 23 58 56 11
split_gain=96.6846 6.75033 3.58507 4.35216 3.1745 2.72574 3.84093 6.54111 6.41053 2.87086 2.72019 4.0173 2.72704 2.86672 2.27811 2.25927 2.80333 2.10959 2.10622 1.83115 2.97427 1.8293 2.20755 2.10042 1.68269 1.64091 1.60444 1.50765 1.44366 1.31388
threshold=0.032701564615071184 -0.84874750804349197 906.47232144375005 763.65000000000009 202.00000000000003 82.500000000000014 11.050000000000002 10.500000000000002 2.5928571430000003 0.44228869021900113 297.50000000000006 1005.6500000000002 145.50000000000003 11.550000000000002 -0.93540483100319605 692.83203125000011 288.50000000000006 312.50000000000006 139.50000000000003 32.150000000000013 24.250000000000004 356.12678570000008 207.35764367468065 756.13415178750006 142.50000000000003 38.500000000000007 232.00000000000003 1005.5500000000001 16.250000000000004 0.16280825711809002
decision_type=2 2 2 2 2 2 2 2 2 2 2 2 2 2 2 2 2 2 2 2 2 2 2 2 2 2 2 2 2 2
left_child=1 2 14 27 10 6 7 8 9 -2 11 21 24 -14 28 -16 -17 -12 -19 20 -15 -3 -23 -24 -13 -20 -6 -4 -1 -8
right_child=5 4 3 -5 26 -7 29 -9 -10 -11 17 12 13 19 15 16 -18 18 25 -21 -22 22 23 -25 -26 -27 -28 -29 -30 -31
leaf_value=6.351809769879182 -0.43661496442765696 -0.19721760845139272 1.3671736006212569 5.9435477434968496 4.0275564480087089 -0.096988334553030284 -0.067281832662016372 -0.096988334553030284 -0.096556419583375339 4.0844153815207322 0.44969565467433403 -0.029601734511999139 -0.52601198730630438 5.3131463075586431 4.745242131753364 -1.2319943667526239 4.7520959104763074 -0.52950199395449027 -0.064489033705026622 -1.3049198619695799 -0.058117949048496272 3.5439578669130616 -0.096823721060956131 -1.3746569545211229 3.7621588742212619 0.99672054254359344 0.24050687251316843 -0.34016801801348606 3.0139825003258549 -0.096988334553030284
leaf_weight=70 21 100 24 50 25 528 37 75 29 55 64 24 55 22 34 30 20 35 36 27 53 31 53 39 39 30 20 85 38 192
leaf_count=70 21 100 24 50 25 528 37 75 29 55 64 24 55 22 34 30 20 35 36 27 53 31 53 39 39 30 20 85 38 192
internal_value=-0.00602009 0.000448207 0.00380342 0.000471698 -0.00135528 -0.0129509 -0.0111125 -0.00783333 -0.003 0.00157895 -0.00192434 -0.00314898 -0.000272727 -0.00238854 0.0065625 0.00285714 -0.0012 0.00136364 -0.00133663 0.000588235 0.003 -0.00598655 -0.00353659 -0.00586957 0.005 0.00181818 0.00633333 -0.00288991 0.00944444 -0.01369
internal_weight=1941 1004 351 159 653 937 409 180 105 76 608 443 220 157 192 84 50 165 101 102 75 223 123 92 63 66 45 109 108 229
internal_count=1941 1004 351 159 653 937 409 180 105 76 608 443 220 157 192 84 50 165 101 102 75 223 123 92 63 66 45 109 108 229
is_linear=0
shrinkage=0.03


Tree=82
num_leaves=31
num_cat=0
split_feature=11 11 38 18 23 15 56 49 37 11 57 58 9 26 9 23 57 9 57 57 26 16 38 41 53 10 38 6 17 3
split_gain=96.6846 6.08002 4.19389 5.3755 3.09908 2.72574 3.84093 6.53687 6.59597 3.1746 2.55935 4.01988 2.58781 3.06861 2.28961 2.16117 2.10959 2.10622 2.00178 1.90943 1.87553 2.158 1.82404 2.61831 2.32727 1.69271 1.68713 1.68269 1.64091 1.49552
threshold=0.032701564615071184 -0.84874750804349197 912.02723222500015 1.5000000000000002 202.00000000000003 82.500000000000014 11.050000000000002 13.500000000000002 2.5928571430000003 0.3826834323650895 297.50000000000006 1005.6500000000002 145.50000000000003 11.550000000000002 143.50000000000003 242.00000000000003 312.50000000000006 139.50000000000003 270.50000000000006 304.50000000000006 17.350000000000005 24.250000000000004 316.81629463750005 207.35764367468065 118.50000000000001 -0.097964660725097186 672.58035713750007 21.500000000000004 38.500000000000007 6619372.7500000009
decision_type=2 2 2 2 2 2 2 2 2 2 2 2 2 2 2 2 2 2 2 2 2 2 2 2 2 2 2 2 2 2
left_child=1 2 19 14 10 6 7 8 9 -2 11 22 27 -14 -4 18 -12 -18 -5 -1 21 -15 -3 -24 -25 -16 -6 -13 -19 -11
right_child=5 4 3 15 26 -7 -8 -9 -10 29 16 12 13 20 25 -17 17 28 -20 -21 -22 -23 23 24 -26 -27 -28 -29 -30 -31
leaf_value=4.5160491596534884 -0.58923019337773519 -0.1922802597998752 -0.34105987265002907 -0.067366295841184975 3.6195628620664881 -0.094078684516439373 -0.094078684516439373 -0.094078684516439373 -0.093684988353958415 3.966203181211184 0.43620478503410426 -0.028713682476639163 -0.51023162768711527 4.5874403474344794 3.3737931654514033 1.7011036484829241 -0.51361693413585496 -0.062554362693875307 -0.39341360286003046 0.20428245414315199 -1.2657722661104924 0.0073674928508756917 3.3600787163918415 0.049285969290602569 -0.58487268294529404 7.4561078487239865 2.3020651495928042 3.6492941079946228 0.96681892626728594 -0.13079652100059158
leaf_weight=136 20 81 25 39 22 528 229 70 31 37 64 24 55 20 39 29 35 36 30 28 33 49 32 22 88 25 23 39 30 22
leaf_count=136 20 81 25 39 22 528 229 70 31 37 64 24 55 20 39 29 35 36 30 28 33 49 32 22 88 25 23 39 30 22
internal_value=-0.00602009 0.000448207 0.00363248 0.000561497 -0.0012634 -0.0129509 -0.0111125 -0.00783333 -0.00327273 0.00132911 -0.00182566 -0.00301354 -0.000136364 -0.00219745 0.00589888 -0.00428571 0.00136364 -0.00133663 -0.00717391 0.00713415 0.000882353 0.00369565 -0.00585202 -0.00380282 -0.006 0.00890625 0.00633333 0.005 0.00181818 0.00483051
internal_weight=1941 1004 351 187 653 937 409 180 110 79 608 443 220 157 89 98 165 101 69 164 102 69 223 142 110 64 45 63 66 59
internal_count=1941 1004 351 187 653 937 409 180 110 79 608 443 220 157 89 98 165 101 69 164 102 69 223 142 110 64 45 63 66 59
is_linear=0
shrinkage=0.03


Tree=83
num_leaves=31
num_cat=0
split_feature=1 23 27 50 56 15 17 50 20 41 16 56 28 10 8 17 47 44 15 32 1 58 33 56 35 28 34 14 56 57
split_gain=97.7233 5.93606 4.98334 5.07648 3.9321 3.25427 5.41888 3.08156 3.52755 2.52776 2.38295 6.14038 6.19849 3.9488 2.24883 3.86465 2.21511 2.19253 1.95217 1.92 1.82263 2.50745 1.73611 1.45564 1.75754 1.94992 1.65859 1.32964 1.27859 1.27826
threshold=61.571428570000002 161.50000000000003 282.50000000000006 1.5000000000000002 36.100000000000001 59.500000000000007 10.500000000000002 9.0000000000000018 1.0000000180025095e-35 323.80700466498757 24.750000000000004 11.050000000000002 1005.4500000000002 0.5277851165098012 2.5000000000000004 38.500000000000007 99.500000000000014 31.050000000000004 55.500000000000007 815.06428575000007 8232.2678570000007 1007.0500000000001 585.77500000000009 18.350000000000005 245.86875000000003 1008.0500000000001 1032.7062500000002 30.750000000000004 4.2500000000000009 44.500000000000007
decision_type=2 2 2 2 2 2 2 2 2 2 2 2 2 2 2 2 2 2 2 2 2 2 2 2 2 2 2 2 2 2
left_child=10 4 5 20 7 6 18 8 9 14 11 12 13 -1 17 23 -7 -2 -3 -5 -4 -22 -23 24 25 -16 -26 -10 -9 -30
right_child=1 2 3 19 -6 16 -8 28 27 -11 -12 -13 -14 -15 15 -17 -18 -19 -20 -21 21 22 -24 -25 26 -27 -28 -29 29 -31
leaf_value=4.1222992791743955 -0.18678296837539579 5.0709642607192968 3.648926994647693 3.1414035573664285 3.018675180964002 0.012018235556497529 -0.47171904138294535 0.00074937571214278792 1.1288622368306114 -0.22621653125096597 -0.0912563239809462 -0.0912563239809462 -0.0912563239809462 -1.0310660338828581 0.84656981913312845 4.5001131550306672 3.1679572284925972 0.19334606196929655 -0.17077123379112891 -1.7965588509669141 -0.65674846844372892 1.3018741351396947 7.0324408748955465 0.62047837952863871 -0.68335578008362285 -0.078070831328099069 -0.13828421237830341 0.09224433252479286 -0.036903991315046056 -0.2580639893089523
leaf_weight=29 70 20 59 50 32 93 40 23 22 46 674 142 52 20 23 33 51 27 51 30 26 24 36 38 21 31 20 23 20 115
leaf_count=29 70 20 59 50 32 93 40 23 22 46 674 142 52 20 23 33 51 27 51 30 26 24 36 38 21 31 20 23 20 115
internal_value=-0.00598918 0.000380859 0.0028125 0.00606667 -0.00176471 -5.88235e-05 -0.00391892 -0.00240234 -0.000847458 -0.00199029 -0.0131025 -0.0105556 -0.00490099 0.0027551 -0.000855513 0.00126506 0.00291667 -0.00448454 0.00105634 0 0.00941379 0.00662791 0.01 -0.00101504 -0.003 0.000555556 -0.00768293 0.007 -0.00588608 -0.007
internal_weight=1941 1024 480 225 544 255 111 512 354 309 917 243 101 49 263 166 144 97 71 80 145 86 60 133 95 54 41 45 158 135
internal_count=1941 1024 480 225 544 255 111 512 354 309 917 243 101 49 263 166 144 97 71 80 145 86 60 133 95 54 41 45 158 135
is_linear=0
shrinkage=0.03


Tree=84
num_leaves=31
num_cat=0
split_feature=1 23 57 19 26 24 24 23 16 38 16 9 26 47 40 43 47 37 14 46 16 9 6 19 14 53 58 37 38 6
split_gain=97.7392 6.02506 4.55452 4.13175 3.53595 3.23307 4.57167 3.86383 2.87874 2.42525 2.35612 5.3917 5.98092 3.4371 2.34222 2.42409 2.08696 1.8 1.56863 1.53938 3.40751 3.53468 4.03998 3.11386 2.14056 1.90533 1.76976 1.72279 1.51339 1.50816
threshold=75.214285715000017 161.50000000000003 288.50000000000006 1.0000000180025095e-35 38.350000000000001 344.15000000000003 763.65000000000009 235.50000000000003 24.050000000000004 968.29107142500004 24.750000000000004 141.50000000000003 10.850000000000003 27.500000000000004 959.3269965333335 -387.14374999999995 6.5000000000000009 742.5562500000002 32.750000000000007 23.750000000000004 24.350000000000005 144.50000000000003 18.500000000000004 1.5000000000000002 27.550000000000004 151.50000000000003 1008.9500000000002 77.07053571500002 757.98973218750018 26.500000000000004
decision_type=2 2 2 2 2 2 2 2 2 2 2 2 2 2 2 2 2 2 2 2 2 2 2 2 2 2 2 2 2 2
left_child=10 4 5 -4 14 9 7 8 16 28 11 12 13 -1 15 -2 -7 -5 -8 25 23 22 27 -21 -23 -17 -26 -22 -3 -13
right_child=1 2 3 17 -6 6 18 -9 -10 -11 -12 29 -14 -15 -16 19 -18 -19 -20 20 21 24 -24 -25 26 -27 -28 -29 -30 -31
leaf_value=4.1781768529530146 -0.62028321564867661 1.4411724519691838 5.2584871230734178 3.6105475793806407 3.3953775974547784 -0.29690341497830786 0.025310933829658211 7.5292497501177724 -0.023659174159283793 -1.0157984635248716 -0.08851863426151782 -0.08851863426151782 -0.22677823251821297 -1.469497203742349 5.0451387170541686 -0.41794661598571792 -0.58384581475747488 0.065179363360354611 6.1957492994477485 3.053732824973761 0.058924508333706896 0.00080548582111833239 1.7283583636033748 -0.0025596616080861877 -0.17452957340323913 -0.0018653722564023977 0.91293949287418619 -1.0309556534529554 5.0191037231317752 -0.085238006609841738
leaf_weight=25 27 38 62 30 28 23 20 27 65 24 677 144 33 23 36 51 69 60 34 28 22 32 27 63 149 33 22 21 28 20
leaf_count=25 27 38 62 30 28 23 20 27 65 24 677 144 33 23 36 51 69 60 34 28 22 32 27 63 149 33 22 21 28 20
internal_value=-0.00603555 0.000368008 0.0028125 0.00710526 -0.00180891 0.000823171 -0.0010084 -0.00326087 -0.00506369 0.00566667 -0.0131128 -0.0105918 -0.00425926 0.0025 -0.00237769 -0.00293684 -0.00847826 0.003 0.00666667 -0.00241071 -0.00156593 -0.00324176 0.00257143 0.00346154 -0.00524631 -0.00607143 -0.00657895 -0.00313953 0.00863636 -0.0137195
internal_weight=1941 1019 480 152 539 328 238 184 157 90 922 245 81 48 511 475 92 90 54 448 364 273 70 91 203 84 171 43 66 164
internal_count=1941 1019 480 152 539 328 238 184 157 90 922 245 81 48 511 475 92 90 54 448 364 273 70 91 203 84 171 43 66 164
is_linear=0
shrinkage=0.03


Tree=85
num_leaves=31
num_cat=0
split_feature=1 11 18 39 23 41 3 30 16 56 28 10 26 58 28 48 38 38 32 33 53 32 50 16 40 32 30 30 37 14
split_gain=96.8873 6.23712 3.30594 4.98067 3.19976 2.71546 2.92427 2.73144 2.35612 5.55488 5.69859 3.49138 2.23214 2.00119 2.13333 1.85677 1.90507 1.68713 1.62696 2.44846 1.83048 2.20801 1.59095 2.5546 1.79207 1.55417 1.45838 2.08489 1.46529 2.02809
threshold=75.214285715000017 -0.84874750804349197 1.5000000000000002 814.61171879375013 202.00000000000003 293.41350313936806 6419368.4375000009 143.83750000000003 24.750000000000004 11.050000000000002 1005.4500000000002 0.5277851165098012 12.250000000000002 1008.4500000000002 1006.9500000000002 31.500000000000004 1027.8495536000003 672.58035713750007 389.65625000000006 77.07053571500002 165.50000000000003 824.84375000000011 31.500000000000004 25.050000000000004 23.752418155770815 486.48303570000002 365.14464285000003 503.98750000000007 766.22410715000012 31.350000000000005
decision_type=2 2 2 2 2 2 2 2 2 2 2 2 2 2 2 2 2 2 2 2 2 2 2 2 2 2 2 2 2 2
left_child=8 2 -2 13 5 6 18 12 9 10 11 -1 -8 14 -4 16 -5 -6 19 22 -20 -22 23 -3 -25 -7 -9 -28 29 -29
right_child=1 4 3 15 17 25 7 26 -10 -11 -12 -13 -14 -15 -16 -17 -18 -19 20 -21 21 -23 -24 24 -26 -27 27 28 -30 -31
leaf_value=3.873284995210573 3.8782110251731159 3.2699649092534457 3.9092365689654285 -1.0075189821940504 3.332946912387142 -0.063028295383067034 0.19388591840346364 0.27369448924278966 -0.085863075233672287 -0.085863075233672287 -0.085863075233672287 -0.95604913675410197 -0.092571211424793493 6.4462214590707738 -0.71613383170819966 1.32704112676806 -0.094469317303370395 2.0965816546525549 0.52534283101116674 -0.85124689830497413 0.041336179505739208 -1.4246798588985543 -0.49530090693820295 -0.097436237872530529 -0.39824638942709367 -0.75985069370561342 -0.33027238649661333 1.3040638194476968 -0.70453768488630997 4.0322345824188153
leaf_weight=29 157 35 40 36 22 92 21 52 677 144 52 20 24 24 20 32 42 23 85 20 20 22 32 30 22 41 37 34 29 27
leaf_count=29 157 35 40 36 22 92 21 52 677 144 52 20 24 24 20 32 42 23 85 20 20 22 32 30 22 41 37 34 29 27
internal_value=-0.00606646 0.000309127 0.00354701 0.000927835 -0.00139222 -0.00195024 -0.000918367 0.00160714 -0.0131128 -0.0105918 -0.00519802 0.00214286 -0.005 0.00642857 0.0035 -0.00327273 -0.00576923 0.00633333 -0.00304511 -0.00528777 -0.000590551 -0.00571429 -0.00365546 -0.00155172 -0.00576923 -0.00575188 0.00326816 0.00153543 0.004 0.00663934
internal_weight=1941 1019 351 194 668 623 490 224 922 245 101 49 45 84 60 110 78 45 266 139 127 42 119 87 52 133 179 127 90 61
internal_count=1941 1019 351 194 668 623 490 224 922 245 101 49 45 84 60 110 78 45 266 139 127 42 119 87 52 133 179 127 90 61
is_linear=0
shrinkage=0.03


Tree=86
num_leaves=31
num_cat=0
split_feature=11 24 42 16 19 37 56 36 26 56 23 30 42 46 48 42 50 19 44 40 56 16 35 10 6 16 27 30 36 43
split_gain=97.232 5.30231 4.22445 2.93389 4.72613 3.80925 6.25922 3.46733 2.99891 2.62698 2.75898 3.54329 2.72222 2.33964 2.34883 1.90139 2.19492 2.04044 1.81598 1.80459 2.75581 5.05082 2.95338 2.79225 2.29748 2.25763 1.7335 1.70068 1.62353 1.5381
threshold=1.0000000180025095e-35 763.65000000000009 169.00625000000002 25.050000000000004 10.500000000000002 20.210714285000005 12.550000000000002 598.20000000000016 9.2500000000000018 36.100000000000001 177.00000000000003 942.17857140000012 -47.023214279999955 23.750000000000004 1.0000000180025095e-35 -219.11071399999989 13.500000000000002 31.500000000000004 32.650000000000013 952.28456100416668 15.050000000000002 24.650000000000002 710.55000000000007 0.68322629814330837 23.500000000000004 25.450000000000003 285.50000000000006 356.12678570000008 74.478571430000002 358.20714285000008
decision_type=2 2 2 2 2 2 2 2 2 2 2 2 2 2 2 2 2 2 2 2 2 2 2 2 2 2 2 2 2 2
left_child=1 2 9 4 5 6 7 8 -2 10 13 15 -13 14 27 -12 26 -18 -3 20 21 23 -22 -15 25 -23 -17 -1 -6 -4
right_child=3 18 29 -5 28 -7 -8 -9 -10 -11 11 12 -14 19 -16 16 17 -19 -20 -21 22 24 -24 -25 -26 -27 -28 -29 -30 -31
leaf_value=-0.57887919836804858 -0.43045435303634955 1.1227627817301322 2.0731654562522608 -0.083287182976662114 -0.034242382102728626 -0.08290529769905558 -0.080105177604886127 5.2287523305308197 3.9366329975081054 2.1350524181494426 -0.050873712617507748 1.0924935908907696 -0.56988575187699364 -0.034064004848483001 -0.45811453779914652 1.834972628665609 -0.84013536633217145 1.4627624000019124 5.3920866216193826 5.2956421332836419 -0.61678316278008993 -0.17295958091581751 -0.034772569190197514 4.1777977932209636 -0.11629557520820789 0.55500526392742211 2.9943523840737587 0.028987863612111368 -0.083287182976662114 3.9671276949369179
leaf_weight=21 40 21 74 558 20 53 52 28 21 27 36 27 54 24 62 40 35 24 54 20 57 42 89 35 75 36 45 49 184 38
leaf_count=21 40 21 74 558 20 53 52 28 21 27 36 27 54 24 62 40 35 24 54 20 57 42 89 35 75 36 45 49 184 38
internal_value=-0.00608192 0.000532995 -9.89011e-05 -0.0128975 -0.0109296 -0.00757732 -0.005 -0.000168539 -0.00418033 -0.000864662 -0.00118677 0.00132184 -0.00388889 -0.00247059 -0.00590909 0.00366667 0.00520833 0.000762712 0.0082 -0.00126984 -0.00175978 0.000424528 -0.00493151 0.00788136 -0.00245098 0.00115385 0.00829412 -0.00214286 -0.0141176 0.00535714
internal_weight=1941 985 910 956 398 194 141 89 61 798 771 261 81 510 132 180 144 59 75 378 358 212 146 59 153 78 85 70 204 112
internal_count=1941 985 910 956 398 194 141 89 61 798 771 261 81 510 132 180 144 59 75 378 358 212 146 59 153 78 85 70 204 112
is_linear=0
shrinkage=0.03


Tree=87
num_leaves=31
num_cat=0
split_feature=1 11 57 14 23 48 16 9 26 47 49 31 1 3 3 45 45 41 38 36 15 16 37 27 46 54 51 53 11 27
split_gain=95.1092 5.25589 3.62119 3.95572 3.15413 3.08385 2.67442 6.17033 5.56497 3.1434 2.55089 2.15255 2.12734 3.05897 2.33384 1.88662 1.84219 1.79668 1.68713 1.683 1.64869 1.61692 2.05769 1.58569 2.31646 3.98055 2.08816 2.29339 1.59801 1.57341
threshold=99.000000000000014 -0.84874750804349197 283.50000000000006 29.650000000000002 202.00000000000003 10.500000000000002 24.750000000000004 141.50000000000003 10.850000000000003 27.500000000000004 15.500000000000002 843.57321430000013 2010.8214285000001 6419368.4375000009 6595772.5000000009 55.500000000000007 59.500000000000007 201.54060052432433 672.58035713750007 52.21696428500001 71.500000000000014 23.750000000000004 20.210714285000005 269.50000000000006 24.650000000000002 466.75000000000006 565.00000000000011 165.50000000000003 -0.44228869021900113 312.50000000000006
decision_type=2 2 2 2 2 2 2 2 2 2 2 2 2 2 2 2 2 2 2 2 2 2 2 2 2 2 2 2 2 2
left_child=6 2 3 -2 12 -5 7 8 9 -1 15 -12 19 23 -15 -4 -7 20 -6 21 -16 -3 -23 28 25 -25 -27 -28 -14 -26
right_child=1 4 10 5 18 16 -8 -9 -10 -11 11 -13 13 14 17 -17 -18 -19 -20 -21 -22 22 -24 24 29 26 27 -29 -30 -31
leaf_value=3.8185340075828615 3.5059658513839325 -0.73326292223520773 1.5828745149279517 0.85046471688288705 3.1661017832543936 -0.32558677996366675 -0.080788567487362253 -0.080788567487362253 -0.21491183435468472 -1.1746321185271438 2.6946505161334242 -1.1015493351370047 -1.1685744483699181 1.7796924837117307 3.6860566254244977 6.0009012727854456 -0.051878404241246581 -0.20444469847171801 1.9898013330129196 -0.22416681583052214 0.013263876897668182 0.04971067234454473 -0.038388638554364113 4.0134142553642391 -0.69368018440262036 -0.4076924447486322 1.8511812364837503 -1.4229423647271966 0.011775707010860765 -0.20679252193830619
leaf_weight=25 57 26 25 80 22 29 680 165 33 24 25 21 44 44 22 86 28 90 23 22 35 21 130 22 20 20 48 28 20 26
leaf_count=25 57 26 25 80 22 29 680 165 33 24 25 21 44 44 22 86 28 90 23 22 35 21 130 22 20 20 48 28 20 26
internal_value=-0.00611283 0.000236686 0.00320513 0.000463918 -0.00133484 -0.00229927 -0.0130583 -0.0103846 -0.00365854 0.0027551 0.00659236 0.000652174 -0.0018932 -0.000680191 0.00212042 0.00905405 -0.00763158 0.000306122 0.00633333 -0.00444724 0.00447368 -0.00347458 -0.00228477 -0.00302632 -0.00146341 0.000762712 -0.001875 0.000394737 -0.00703125 -0.00717391
internal_weight=1941 1014 351 194 663 137 927 247 82 49 157 46 618 419 191 111 57 147 45 199 57 177 151 228 164 118 96 76 64 46
internal_count=1941 1014 351 194 663 137 927 247 82 49 157 46 618 419 191 111 57 147 45 199 57 177 151 228 164 118 96 76 64 46
is_linear=0
shrinkage=0.03


Tree=88
num_leaves=31
num_cat=0
split_feature=11 1 27 54 19 43 16 9 26 47 48 16 1 58 37 43 27 18 27 58 8 45 38 6 30 6 39 28 54 33
split_gain=93.6395 5.29835 4.04061 2.86494 2.68366 2.973 2.57491 6.883 5.70214 3.0551 2.50781 2.50626 2.47148 2.66682 3.59402 1.99062 1.95082 1.87505 1.80835 2.00848 1.80131 1.8442 1.65215 1.58049 1.50783 1.3545 1.35387 1.2398 1.23151 1.35333
threshold=0.065403129230142756 5141.5535715000015 283.50000000000006 765.20000000000016 58.500000000000007 4.4241071499999416 24.750000000000004 141.50000000000003 10.850000000000003 30.500000000000004 1.5000000000000002 23.650000000000002 7203.0625000000009 1008.2500000000001 649.3285714000001 247.72499985000005 296.50000000000006 6.5000000000000009 278.50000000000006 1005.2500000000001 2.5000000000000004 74.500000000000014 734.8078124875002 26.500000000000004 822.28571425000007 21.500000000000004 886.38872765000008 1006.1500000000002 657.50000000000011 225.70625000000004
decision_type=2 2 2 2 2 2 2 2 2 2 2 2 2 2 2 2 2 2 2 2 2 2 2 2 2 2 2 2 2 2
left_child=1 4 10 12 15 -6 7 8 9 -2 18 17 28 14 -14 -1 -16 -12 19 -3 -13 -22 -23 -9 -15 -19 -24 -21 29 -4
right_child=6 2 3 -5 5 -7 -8 23 -10 -11 11 20 13 24 16 -17 -18 25 -20 27 21 22 26 -25 -26 -27 -28 -29 -30 -31
leaf_value=-0.10143328484126982 3.5948229212831087 0.45692419621725772 1.7384643793642418 5.4331583924279006 0.44563008632946888 -0.071089468531486663 -0.078364910462741383 -0.078364910462741383 -0.23852146134068505 -1.5856470789436428 1.0473591045650181 -0.6241349723559767 4.3490808484628651 0.8634071804902248 -3.3563292700519889 0.7475589506243463 1.834740469906228 -0.037521601353710708 -0.11046412602825512 6.2428658574657208 3.3882734607511349 -1.2650928151115983 4.2127520984688536 -0.07527816180176887 5.1725533318010628 -0.55635393225433705 -0.63247737719034369 0.99402360508607157 0.74659439265249605 3.4892208191002485
leaf_weight=347 26 34 21 32 33 29 674 144 31 21 22 43 39 23 49 24 29 36 28 21 21 21 21 20 25 27 22 28 21 29
leaf_count=347 26 34 21 32 33 29 674 144 31 21 22 43 39 23 49 24 29 36 28 21 21 21 21 20 25 27 22 28 21 29
internal_value=-0.00609737 0.000131707 0.00197635 0.00470149 -0.0023903 0.0033871 -0.0130677 -0.0104132 -0.00307692 0.00351064 -0.000277778 -0.0021831 0.00355932 0.00154545 -0.000897436 -0.0033558 -0.00461538 -0.00617647 0.00337838 0.00560241 0.00046875 0.003 0.00046875 -0.0139024 0.0075 -0.00880952 0.00383721 0.0094898 0.00823944 0.0108
internal_weight=1941 1025 592 268 433 62 916 242 78 47 324 213 236 165 117 371 78 85 111 83 128 85 64 164 48 63 43 49 71 50
internal_count=1941 1025 592 268 433 62 916 242 78 47 324 213 236 165 117 371 78 85 111 83 128 85 64 164 48 63 43 49 71 50
is_linear=0
shrinkage=0.03


Tree=89
num_leaves=31
num_cat=0
split_feature=1 11 39 18 53 38 57 9 44 9 10 9 47 3 27 43 46 41 3 28 1 11 56 39 37 38 30 45 26 8
split_gain=94.3097 6.14601 3.91347 4.15454 2.99365 2.50403 2.19659 5.55462 4.77771 3.77253 8.1 3.13833 3.27468 2.03884 2.53924 2.86145 2.66944 4.00719 1.93789 1.90966 2.48473 1.83748 2.74123 2.35156 1.58916 2.01367 1.76034 1.57494 1.47585 1.53831
threshold=75.214285715000017 -0.84874750804349197 886.38872765000008 1.5000000000000002 204.50000000000003 1027.8495536000003 289.50000000000006 149.50000000000003 27.850000000000005 148.50000000000003 0.22695468355932447 140.50000000000003 12.500000000000002 6321504.0715000005 262.50000000000006 355.4169640500001 25.050000000000004 78.249917408804905 7179908.6875000009 1007.0500000000001 10812.785715000002 -0.91037613702198739 16.250000000000004 692.83203125000011 469.59285715000004 601.95691965000015 260.79285715000009 58.500000000000007 17.950000000000003 2.5000000000000004
decision_type=2 2 2 2 2 2 2 2 2 2 2 2 2 2 2 2 2 2 2 2 2 2 2 2 2 2 2 2 2 2
left_child=6 2 18 19 13 -5 7 8 -1 11 -11 12 -10 24 -15 16 17 -16 21 20 -4 22 -2 -23 25 26 -3 -7 -19 -30
right_child=1 4 3 5 -6 27 -8 -9 9 10 -12 -13 -14 14 15 -17 -18 28 -20 -21 -22 23 -24 -25 -26 -27 -28 -29 29 -31
leaf_value=2.119957993704793 4.8542684938839011 -0.0166104190023065 2.5243958350751283 -1.04943180155607 2.7018921234407389 -0.09491521711667697 -0.076013963148859151 -0.076013963148859151 2.9384911977846206 -0.11520532590611016 13.518367522041823 -0.084632391259470557 -0.072863967826329853 -0.17071552434346274 6.6927256869036755 2.0793355808087743 -0.10557886024722662 -0.083882179292742193 5.2695733218570009 6.3332645795600451 -0.93995463426649617 2.7678430379126655 0.8207531486323193 -1.2257860660502631 -0.53969058212521681 1.3591743055342007 -0.31993001565582485 6.0317230380372662 -0.083985582467264022 0.773841569667159
leaf_weight=21 76 53 34 25 39 28 377 282 20 20 20 160 22 141 21 22 55 135 21 26 25 23 38 24 65 20 28 31 33 56
leaf_count=21 76 53 34 25 39 28 377 282 20 20 20 160 22 141 21 22 55 135 21 26 25 23 38 24 65 20 28 31 33 56
internal_value=-0.00612828 0.000161923 0.00337607 8.87574e-05 -0.00152695 -0.00464286 -0.0130803 -0.0118624 -0.00872624 -0.00991736 -0.0015 -0.0115842 -0.00428571 -0.00202703 -0.00100432 0.000465839 -0.0003 0.00104082 0.00642857 0.00476471 0.00177966 0.00531056 0.00736842 0.000319149 -0.00487952 -0.00252475 -0.00462963 -0.00127119 -0.000133929 0.00286517
internal_weight=1941 1019 351 169 668 84 922 545 263 242 40 202 42 629 463 322 300 245 182 85 59 161 114 47 166 101 81 59 224 89
internal_count=1941 1019 351 169 668 84 922 545 263 242 40 202 42 629 463 322 300 245 182 85 59 161 114 47 166 101 81 59 224 89
is_linear=0
shrinkage=0.03


Tree=90
num_leaves=31
num_cat=0
split_feature=1 11 27 14 48 16 13 26 47 53 19 33 16 14 1 13 54 19 42 59 1 27 40 28 41 13 11 36 43 41
split_gain=93.0997 5.62721 3.74264 3.76805 2.97677 2.59057 5.82214 5.34343 3.4371 2.4801 2.38636 2.03247 1.99763 1.86463 1.81804 3.06818 2.63181 3.07123 2.28857 2.25368 2.13333 2.10438 2.06787 1.82936 2.32504 2.16044 1.61973 1.52072 1.87596 1.71268
threshold=75.214285715000017 -0.84874750804349197 283.50000000000006 29.650000000000002 10.500000000000002 24.750000000000004 -0.75999367905021098 10.850000000000003 27.500000000000004 204.50000000000003 1.0000000180025095e-35 769.4937500000002 23.550000000000004 32.45000000000001 1784.5714285000001 -0.71351286834145922 147.05000000000004 3.5000000000000004 101.02857140000003 1.0000000180025095e-35 4451.8571430000011 236.50000000000003 899.16287202500007 1005.6500000000002 227.64303600054251 -0.80287751089053416 -0.97335555334614932 52.21696428500001 -291.90089284999993 314.26711831322893
decision_type=2 2 2 2 2 2 2 2 2 2 2 2 2 2 2 2 2 2 2 2 2 2 2 2 2 2 2 2 2 2
left_child=5 2 3 11 -5 6 -1 8 -8 14 -4 -2 -6 -12 27 16 20 18 19 23 -16 -22 -19 24 -18 -25 -15 28 -3 -30
right_child=1 9 10 4 12 -7 7 -9 -10 -11 13 -13 -14 26 15 -17 17 22 -20 -21 21 -23 -24 25 -26 -27 -28 -29 29 -31
leaf_value=-0.073733544254393379 3.3860293126303178 -0.15936435794673556 5.6655887527993185 0.71191080515286898 -0.29628110208362629 -0.073733544254393379 3.5079785637833414 -0.19876986374603953 -1.298469835274457 2.6208353597375162 -1.0529585694701022 0.078581540015418339 -0.015796099522086136 1.4594153202565951 1.6993415141556376 2.7785657716928278 1.1566788869061051 -0.53838040962765377 0.75538874772380948 -1.3734928117989584 -0.77677690169708968 2.1075105328872517 0.42667337678012668 -0.38199486920073128 -0.67014377112232237 1.2832659998280558 4.0605212233532679 -0.1497982823334604 -0.0631452868329761 0.015486332963094042
leaf_weight=164 31 34 70 82 33 677 25 33 23 39 26 25 26 35 32 20 22 67 52 20 23 25 21 71 46 44 23 25 88 39
leaf_count=164 31 34 70 82 33 677 25 33 23 39 26 25 26 35 32 20 22 67 52 20 23 25 21 71 46 44 23 25 88 39
internal_value=-0.00620556 4.41609e-05 0.00311966 0.000380711 -0.00223404 -0.0131128 -0.0104694 -0.00388889 0.0025 -0.00157186 0.00662338 0.00696429 -0.00737288 0.00321429 -0.00202703 -0.000981941 -0.00152482 -0.00266764 -0.001 -0.00243842 0.003375 -0.000625 -0.0075 -0.00139344 -0.00529412 0.000913043 0.0062069 -0.00451613 -0.0034472 -0.00177165
internal_weight=1941 1019 351 197 141 922 245 81 48 668 154 56 59 84 629 443 423 343 255 203 80 48 88 183 68 115 58 186 161 127
internal_count=1941 1019 351 197 141 922 245 81 48 668 154 56 59 84 629 443 423 343 255 203 80 48 88 183 68 115 58 186 161 127
is_linear=0
shrinkage=0.03


Tree=91
num_leaves=31
num_cat=0
split_feature=11 11 57 14 48 49 15 56 49 37 11 53 45 31 27 27 49 46 54 28 28 47 28 45 33 35 56 3 57 57
split_gain=92.9092 5.40772 3.99591 4.33272 3.1869 2.55089 2.48519 4.14621 6.32874 6.14563 2.94546 2.46929 2.21243 2.15255 2.11733 3.23647 2.85185 3.28818 5.63025 3.19013 2.91002 2.17992 1.95562 1.88662 1.88142 1.80235 1.70252 1.65832 1.65851 2.40215
threshold=0.065403129230142756 -0.84874750804349197 283.50000000000006 29.650000000000002 10.500000000000002 15.500000000000002 82.500000000000014 11.050000000000002 13.500000000000002 2.5928571430000003 0.3826834323650895 204.50000000000003 59.500000000000007 843.57321430000013 262.50000000000006 209.00000000000003 61.000000000000007 24.950000000000003 265.35000000000008 1008.7500000000001 1003.6500000000002 51.500000000000007 1004.2500000000001 55.500000000000007 769.4937500000002 522.16250000000014 8.3500000000000032 6362173.5625000009 278.50000000000006 288.50000000000006
decision_type=2 2 2 2 2 2 2 2 2 2 2 2 2 2 2 2 2 2 2 2 2 2 2 2 2 2 2 2 2 2
left_child=1 2 3 24 -5 23 7 8 9 10 -2 14 -6 -7 15 -3 17 18 -16 26 -20 22 -22 -4 -1 -12 -19 -24 -29 -30
right_child=6 11 5 4 12 13 -8 -9 -10 -11 25 -13 -14 -15 16 -17 -18 19 20 -21 21 -23 27 -25 -26 -27 -28 28 29 -31
leaf_value=3.2844484332514092 -0.54127420999876874 -0.019505043904693549 1.3934761130405888 0.69055348099828162 -0.28739266902111754 2.4827610937217877 -0.07152153792676158 -0.07152153792676158 -0.07152153792676158 -0.070879925685122733 5.6672377164391534 2.5422102989453914 -0.051735242356946855 -1.0604733580492973 3.8066559860097366 -0.37483806983491541 2.1815420512474515 -0.079015960392857354 -0.42133356516972548 0.76212662956108945 1.1578812155919391 -0.76455954509793056 -0.16001639675144957 5.4444560759506038 0.65981501839860301 -0.15467495580668231 -0.24413280182502717 0.99919711393681265 -0.93595115941767149 0.098734351426247716
leaf_weight=31 20 98 25 80 29 25 524 213 70 30 39 39 28 21 45 76 30 38 38 21 26 25 86 86 26 20 31 42 36 43
leaf_count=31 20 98 25 80 29 25 524 213 70 30 39 39 28 21 45 76 30 38 38 21 26 25 86 86 26 20 31 42 36 43
internal_value=-0.00619011 1.46341e-05 0.00303419 0.000154639 -0.00273723 0.00659236 -0.0131332 -0.0113265 -0.00796089 -0.00344037 0.000949367 -0.00155786 -0.00815789 0.000652174 -0.00200787 -0.00482759 -0.000943601 -0.00156613 -0.000219941 -0.00666667 -0.00172297 -0.000581395 0.000321888 0.00905405 0.00710526 0.00432203 -0.00978261 -0.000652174 0.00161157 -0.000949367
internal_weight=1941 1025 351 194 137 157 916 392 179 109 79 674 57 46 635 174 461 431 341 90 296 258 233 111 57 59 69 207 121 79
internal_count=1941 1025 351 194 137 157 916 392 179 109 79 674 57 46 635 174 461 431 341 90 296 258 233 111 57 59 69 207 121 79
is_linear=0
shrinkage=0.03


Tree=92
num_leaves=31
num_cat=0
split_feature=11 11 57 9 23 6 11 24 15 8 46 56 28 46 49 37 3 27 44 30 39 41 49 10 31 43 11 23 46 34
split_gain=88.5783 6.39524 3.60584 3.05404 2.97514 3.17867 2.7923 2.53678 3.09281 2.65467 2.53311 6.86374 7.0976 2.89366 2.39937 2.31769 2.29818 2.05339 2.0296 2.01827 2.00075 2.56474 1.93539 1.82314 1.94104 1.77723 1.6771 1.6449 1.58336 2.9632
threshold=0.065403129230142756 -0.290129255202841 288.50000000000006 141.50000000000003 161.50000000000003 16.500000000000004 -0.93540483100319605 763.65000000000009 59.500000000000007 3.5000000000000004 24.750000000000004 11.65 1005.4500000000002 24.050000000000004 1.0000000180025095e-35 742.5562500000002 6381406.0000000009 197.50000000000003 27.450000000000003 455.33571430000006 628.62544646250012 218.88535465283988 3.5000000000000004 0.44228869021900147 455.33571430000006 -12.312499999999998 -0.70710678118654757 263.50000000000006 24.950000000000003 274.78571430000005
decision_type=2 2 2 2 2 2 2 2 2 2 2 2 2 2 2 2 2 2 2 2 2 2 2 2 2 2 2 2 2 2
left_child=1 2 3 6 5 -4 -1 8 9 -5 11 12 13 -2 -6 -16 -11 23 -3 -19 26 -22 -7 27 -25 -23 -21 -10 29 -20
right_child=10 18 4 7 14 22 -8 -9 17 16 -12 -13 -14 -15 15 -17 -18 19 28 20 21 25 -24 24 -26 -27 -28 -29 -30 -31
leaf_value=0.007558705881529678 -1.272922796070876 0.0098857350410403912 2.2180110325287705 -0.71124737888644141 4.551490130016175 0.17584639974142163 -0.41567725246661602 4.8379980602561066 3.0987923089866865 -1.2644074145564264 -0.069375891788958727 -0.069375891788958727 -0.069375891788958727 3.0144119432321359 3.1485960610635297 0.0096728283615368574 2.1536404815596244 -0.18510294720283296 1.2705519718651797 3.3523341432703262 4.7893977405936647 -1.1680975230615731 -0.74931234194169516 0.29823255719634911 -1.1349312270279739 0.10472729602813842 0.15560296134354332 0.39817401754160525 -0.10904443054840943 -0.10141784342593667
leaf_weight=22 20 33 30 36 63 52 34 51 40 21 670 144 55 27 31 58 23 55 27 21 21 38 44 25 22 48 38 27 66 99
leaf_count=22 20 33 30 36 63 52 34 51 40 21 670 144 55 27 31 58 23 55 27 21 21 38 44 25 22 48 38 27 66 99
internal_value=-0.00619011 -0.000131707 0.001125 -0.000344828 0.00388489 0.00047619 -0.00696429 0.000450644 -0.000325301 -0.005625 -0.0129694 -0.0103659 -0.00441176 0.00414894 0.00671053 0.00353933 -0.000681818 0.000940299 -0.0046 -0.000746606 0.000903614 -0.00154206 -0.0021875 0.00421053 -0.000319149 -0.00383721 0.00533898 0.00738806 -0.00578125 -0.00380952
internal_weight=1941 1025 800 522 278 126 56 466 415 80 916 246 102 47 152 89 44 335 225 221 166 107 96 114 47 86 59 67 192 126
internal_count=1941 1025 800 522 278 126 56 466 415 80 916 246 102 47 152 89 44 335 225 221 166 107 96 114 47 86 59 67 192 126
is_linear=0
shrinkage=0.03


Tree=93
num_leaves=31
num_cat=0
split_feature=11 11 57 12 16 47 37 11 19 53 3 1 56 27 16 16 21 27 5 41 17 40 16 27 27 37 47 26 21 53
split_gain=89.9394 6.26989 3.3989 3.19039 2.82103 6.58958 5.72181 2.77593 2.66476 2.65257 2.12626 3.1556 2.45505 2.38033 1.92588 1.77159 2.61363 3.30293 2.84706 2.15625 1.82469 1.82246 1.76 1.73028 1.55769 1.55366 1.90035 1.52221 1.88126 1.44703
threshold=0.065403129230142756 -0.84874750804349197 283.50000000000006 0.53946920585801694 24.750000000000004 65.500000000000014 1.0000000180025095e-35 0.83146961230254512 1.0000000180025095e-35 204.50000000000003 6320405.9375000009 1046.2053570000003 12.750000000000002 325.50000000000006 23.250000000000004 24.850000000000005 156.00000000000003 265.50000000000006 22.500000000000004 273.68790880294563 32.500000000000007 944.82105654375016 23.950000000000003 274.50000000000006 269.50000000000006 719.56250000000011 17.500000000000004 14.450000000000001 400.50000000000006 174.50000000000003
decision_type=2 2 2 2 2 2 2 2 2 2 2 2 2 2 2 2 2 2 2 2 2 2 2 2 2 2 2 2 2 2
left_child=1 2 3 27 5 6 7 24 29 10 22 12 -12 15 -5 16 -13 -18 21 -20 -17 -19 -3 -16 -2 -10 -27 28 -1 -4
right_child=4 9 8 14 -6 -7 -8 -9 25 -11 11 13 -14 -15 23 20 17 18 19 -21 -22 -23 -24 -25 -26 26 -28 -29 -30 -31
leaf_value=3.4127035537267929 -0.065209874943709348 -0.48517715052327387 2.4317474857650119 -0.21201991397134232 -0.067294615035289967 -0.067294615035289967 -0.067028571508250215 2.9239795849351706 3.3393255992400355 2.3714861081451213 -0.0051008424530672508 1.6753077469959969 -0.130883289385338 1.6587966711392559 -0.56782582722397701 0.077977666032945189 -0.46244163136871141 -0.31400960564806835 2.4978638915804012 -0.079555102358981319 -0.50160036910324435 2.4483607783097692 -0.05569457622481877 5.8150784831266886 0.24575189562775884 2.3524478859973863 -2.0407193650894975 3.0801589110147982 -1.6989180355406222 5.7382569377772352
leaf_weight=22 26 72 22 49 674 127 40 23 22 39 43 35 62 33 23 29 46 62 61 24 54 23 91 20 26 25 36 53 27 52
leaf_count=22 26 72 22 49 674 127 40 23 22 39 43 35 62 33 23 29 46 62 61 24 54 23 91 20 26 25 36 53 27 52
internal_value=-0.00623648 -0.000131707 0.00311966 0.000463918 -0.0130677 -0.0102893 -0.00508696 -0.0002 0.00640127 -0.00182493 -0.00229134 -0.00127119 -0.00585714 4.08719e-05 -0.00358696 -0.000718563 0.000537849 -0.000694444 0.00123529 0.00511765 -0.00451807 -0.00264706 -0.0052454 0.00104651 -0.00403846 0.00271084 0.000245902 0.00411765 0.000306122 0.0105405
internal_weight=1941 1025 351 194 916 242 115 75 157 674 635 472 105 367 92 334 251 216 170 85 83 85 163 43 52 83 61 102 49 74
internal_count=1941 1025 351 194 916 242 115 75 157 674 635 472 105 367 92 334 251 216 170 85 83 85 163 43 52 83 61 102 49 74
is_linear=0
shrinkage=0.03


Tree=94
num_leaves=31
num_cat=0
split_feature=11 11 57 14 23 19 16 16 17 37 53 33 49 42 40 33 43 35 19 16 6 16 25 26 58 41 58 19 53 11
split_gain=91.6236 5.61942 3.18364 3.3536 2.95015 2.91646 2.84653 2.63884 5.93954 5.86463 2.52965 2.29909 2.10249 3.16853 2.34623 2.23832 2.19408 2.16813 1.95145 2.53796 3.52182 2.73393 2.051 1.97639 1.94493 2.49952 1.72428 1.72024 1.44703 1.3913
threshold=0.065403129230142756 -0.84874750804349197 283.50000000000006 29.650000000000002 185.50000000000003 1.0000000180025095e-35 23.550000000000004 24.750000000000004 39.500000000000007 1.0000000180025095e-35 204.50000000000003 769.4937500000002 58.500000000000007 157.75000025000003 944.82105654375016 287.46428570000006 -165.55357145000002 859.97857140000008 1.5000000000000002 23.550000000000004 23.500000000000004 24.950000000000003 206.50000000000003 13.450000000000001 1007.7500000000001 330.75093737038446 1005.2500000000001 92.000000000000014 174.50000000000003 0.81241147629689003
decision_type=2 2 2 2 2 2 2 2 2 2 2 2 2 2 2 2 2 2 2 2 2 2 2 2 2 2 2 2 2 2
left_child=1 2 3 11 -5 28 -6 8 9 29 12 -1 13 14 16 27 -3 18 19 -18 -21 23 -20 -22 25 -7 -16 -14 -4 -2
right_child=7 10 5 4 6 24 -8 -9 -10 -11 -12 -13 15 -15 26 -17 17 -19 22 20 21 -23 -24 -25 -26 -27 -28 -29 -30 -31
leaf_value=3.0005464436538203 -0.16315958627538871 -0.1466696402319547 2.3587950611920596 0.70171039168719973 -0.54933333489550951 1.7950945647856564 -0.075264037853957008 -0.065275776584231282 -0.065275776584231282 -0.065017714363002715 2.3003415249007659 0.62097960188913248 0.045399658282296751 1.7108606986247052 -0.62128006188444129 1.8312569711819657 -0.40715441797954438 0.042154565434104931 -0.099918973179082951 1.4043231994944732 3.8258014497222224 -0.23980606932383919 -0.65456433331239705 -0.2158719452318911 4.1119946270939369 -2.2157368096297136 4.7888371637594771 -0.17732452171659338 5.566109229643919 2.8362601973871153
leaf_weight=31 23 130 22 56 34 43 47 674 167 29 39 26 24 36 24 27 31 36 73 31 29 53 56 20 20 20 33 32 52 23
leaf_count=31 23 130 22 56 34 43 47 674 167 29 39 26 24 36 24 27 31 36 73 31 29 53 56 20 20 20 33 32 52 23
internal_value=-0.00620556 -4.39024e-05 0.00303419 0.000463918 -0.00208029 0.00621019 -0.00574074 -0.0131004 -0.0104132 -0.0034 -0.00164688 0.00657895 -0.00210236 -0.00277174 -0.00337209 0.0023494 -0.00408497 -0.00278116 -0.00363481 -0.00146341 0.000338346 -0.00235294 -0.00639535 0.0027551 0.0023494 -0.000238095 0.00236842 -0.00107143 0.0105405 0.00326087
internal_weight=1941 1025 351 194 137 157 81 916 242 75 674 57 635 552 516 83 459 329 293 164 133 102 129 49 83 63 57 56 74 46
internal_count=1941 1025 351 194 137 157 81 916 242 75 674 57 635 552 516 83 459 329 293 164 133 102 129 49 83 63 57 56 74 46
is_linear=0
shrinkage=0.03


Tree=95
num_leaves=31
num_cat=0
split_feature=1 1 54 6 23 16 47 2 48 40 27 23 16 24 6 1 6 43 27 16 6 43 1 39 1 16 41 28 28 46
split_gain=89.7261 5.03002 3.70795 3.16245 3.06539 2.98772 6.74074 4.72282 3.23346 2.81367 2.39839 5.07571 3.19 5.05556 2.75939 2.62592 2.16873 2.09234 2.01092 1.9781 2.52083 1.83566 1.71796 2.00381 1.8748 1.606 2.8 1.63435 1.52381 1.45385
threshold=61.571428570000002 1784.5714285000001 765.20000000000016 16.500000000000004 245.00000000000003 24.750000000000004 65.500000000000014 6993.1696430000011 38.500000000000007 854.74579614791685 288.50000000000006 181.00000000000003 23.750000000000004 738.35000000000014 18.500000000000004 8458.5000000000018 11.000000000000002 29.864285729999999 284.50000000000006 24.550000000000004 26.500000000000004 -182.99999999999997 8402.5714285000013 902.61026785000013 2928.5714285000004 24.250000000000004 293.41350313936806 1008.35 1005.35 24.050000000000004
decision_type=2 2 2 2 2 2 2 2 2 2 2 2 2 2 2 2 2 2 2 2 2 2 2 2 2 2 2 2 2 2
left_child=5 -2 3 9 10 6 7 8 -1 16 12 25 13 -5 -13 19 22 -17 -4 21 -21 -14 24 -24 -3 26 28 -27 -12 -23
right_child=1 2 18 4 -6 -7 -8 -9 -10 -11 11 14 15 -15 -16 17 -18 -19 -20 20 -22 29 23 -25 -26 27 -28 -29 -30 -31
leaf_value=2.3113716356811307 -0.070064624405072981 0.033508640067122994 1.8859560917221545 -0.41480856333531674 7.0853915897282587 -0.063317503286704338 -0.063317503286704338 -0.063067182932112636 -0.65275508455786735 3.7917320747968768 -0.29636880839820434 -0.0065424637704063569 -0.059286639968989759 0.88185381184288125 4.8126069684766781 -3.8597061829648429 2.6930775103550593 -0.09130558610650269 4.5308297242106779 0.53025555933172941 -0.65667634317983636 1.2840016705894859 2.9105300503442071 -1.0777792634512149 -0.6040257043789421 -0.66087012425669656 -0.76884138705892802 -0.0010202440173935655 3.6467220557391111 3.5486741464555482
leaf_weight=44 196 23 34 91 20 674 126 43 30 29 21 32 22 26 49 25 40 27 32 24 24 26 41 24 88 28 30 21 21 30
leaf_count=44 196 23 34 91 20 674 126 43 30 29 21 32 22 26 49 25 40 27 32 24 24 26 41 24 88 28 30 21 21 30
internal_value=-0.00622102 -0.000117187 0.000905797 0.000314961 -0.00101547 -0.0130371 -0.0101852 -0.005 -0.000405405 0.00312245 -0.00147887 0.0010396 -0.00320339 -0.00705128 0.00685185 -0.000674157 0.00194444 -0.00634615 0.00772727 0.00166667 -0.003125 0.00461538 0.000511364 0.00438462 -0.00175676 -0.00285124 0 -0.00704082 0.005 0.0075
internal_weight=1941 1024 828 762 517 917 243 117 74 245 497 202 295 117 81 178 216 52 66 126 48 78 176 65 111 121 72 49 42 56
internal_count=1941 1024 828 762 517 917 243 117 74 245 497 202 295 117 81 178 216 52 66 126 48 78 176 65 111 121 72 49 42 56
is_linear=0
shrinkage=0.03


Tree=96
num_leaves=31
num_cat=0
split_feature=1 11 57 14 19 16 9 11 41 8 48 27 16 46 48 27 16 33 6 14 8 3 28 32 2 28 40 31 1 48
split_gain=91.8683 4.96489 3.14339 3.52535 2.63492 2.61956 5.14403 3.85802 2.61766 2.56848 2.47765 2.37723 3.515 3.41535 3.28008 2.89616 2.3193 2.29909 2.06198 1.99129 1.95843 1.9539 1.94842 1.8196 1.77935 2.23825 3.61595 1.74306 1.53062 1.52474
threshold=61.571428570000002 -0.84874750804349197 283.50000000000006 29.650000000000002 1.0000000180025095e-35 24.750000000000004 141.50000000000003 0.81241147629689003 293.41350313936806 1.0000000180025095e-35 6.5000000000000009 287.50000000000006 23.750000000000004 23.250000000000004 55.500000000000007 283.50000000000006 23.550000000000004 769.4937500000002 26.500000000000004 31.350000000000005 1.0000000180025095e-35 6614176.8570000017 1006.5500000000001 486.48303570000002 7167.6875000000009 1006.5500000000001 33.226326885145838 1069.7642860000003 8827.3571430000029 1.5000000000000002
decision_type=2 2 2 2 2 2 2 2 2 2 2 2 2 2 2 2 2 2 2 2 2 2 2 2 2 2 2 2 2 2
left_child=5 2 3 17 -4 6 7 -1 9 22 27 12 13 -11 19 24 -12 -2 -8 -13 -10 23 -3 -22 25 -14 -27 -5 -6 -15
right_child=1 8 4 10 28 -7 18 -9 20 11 16 14 15 29 -16 -17 -18 -19 -20 -21 21 -23 -24 -25 -26 26 -28 -29 -30 -31
leaf_value=-0.29625519841916015 2.9300711282782785 -0.46750461478730926 4.7015539507569812 4.1443822614910824 2.2246859348813848 -0.061417978188103205 -0.061417978188103205 2.4011352941092525 0.025766746433724244 2.4512010293591118 -0.22657543026876498 -0.062304463541899224 -0.09481946525155828 -0.72790883027132602 3.4077210689564321 -0.29317391875817517 0.033857455658758223 0.62757728834990978 -0.057318142917627497 1.5867195423699183 -0.0032631777902547921 -0.35231071684731974 -0.11378977115920236 -0.75469341582124294 1.6625672998026004 5.4175002197183248 -0.020201739095639937 -0.56892128517238916 -0.094123419547709655 -0.98800863447127463
leaf_weight=54 31 25 74 35 37 674 142 27 26 20 42 70 85 28 27 22 27 26 20 59 50 41 47 26 29 25 54 33 46 39
leaf_count=54 31 25 74 35 37 674 142 27 26 20 42 70 85 28 27 22 27 26 20 59 50 41 47 26 29 25 54 33 46 39
internal_value=-0.00620556 -2.92969e-05 0.00286325 0.000309278 0.00601911 -0.0131025 -0.0104321 -0.00425926 -0.00153789 -0.000566038 -0.00229927 0.000262009 -0.00129139 -0.00637931 0.00326923 0.000767442 -0.00630435 0.00657895 -0.0135185 0.00127907 -0.00513986 -0.00679487 -0.00583333 -0.00394737 0.00194301 0.000731707 0.00436709 0.00176471 0.0023494 -0.00962687
internal_weight=1941 1024 351 194 157 917 243 81 673 530 137 458 302 87 156 215 69 57 162 129 143 117 72 76 193 164 79 68 83 67
internal_count=1941 1024 351 194 157 917 243 81 673 530 137 458 302 87 156 215 69 57 162 129 143 117 72 76 193 164 79 68 83 67
is_linear=0
shrinkage=0.03


Tree=97
num_leaves=31
num_cat=0
split_feature=1 54 53 32 16 12 36 47 19 19 35 12 47 19 37 45 44 16 12 16 3 30 39 19 30 28 34 43 43 37
split_gain=90.8998 4.51436 3.56407 5.06769 3.49118 7.03491 4.71488 4.33929 3.4845 2.72768 3.36376 4.16572 2.61517 2.47103 2.13528 3.09156 1.95485 2.34324 4.17446 2.10495 1.98343 1.90931 1.9067 1.99626 1.82651 1.8087 1.80008 2.30742 2.20317 1.6548
threshold=28.142857145000004 766.80000000000007 202.00000000000003 833.9312500000002 24.750000000000004 0.64987354830121502 71.721428570000015 47.500000000000007 58.500000000000007 37.500000000000007 5.9357142855000005 0.67563126931585993 6.5000000000000009 15.500000000000002 502.52142855000005 63.500000000000007 32.350000000000001 23.650000000000002 0.60980454008255491 24.750000000000004 6422269.8570000008 1023.6214285000002 484.15223213750016 92.000000000000014 809.55000000000007 1008.7500000000001 833.9312500000002 -286.88035714999995 -8.8357142930000077 663.8375000000002
decision_type=2 2 2 2 2 2 2 2 2 2 2 2 2 2 2 2 2 2 2 2 2 2 2 2 2 2 2 2 2 2
left_child=4 2 8 -4 5 -1 -7 -8 9 10 11 16 14 26 15 -12 17 -2 19 25 -21 24 23 -10 -5 -19 -14 -28 -29 -24
right_child=1 -3 3 21 -6 6 7 -9 22 -11 12 -13 13 -15 -16 -17 -18 18 -20 20 -22 -23 29 -25 -26 -27 27 28 -30 -31
leaf_value=-0.05957543884246011 -0.076673947848376084 3.9002440581878579 2.8087262168666656 -0.45254527344844175 -0.05957543884246011 -0.29728132204521474 3.0267014620719452 -0.72507935744347041 0.1371569744645133 -0.85178823221149624 5.2031147243128739 -0.31606795362217327 -0.28028491445459003 0.022333664720326218 -1.4369998058937574 -0.016910610258916881 4.8435361958933703 5.8841675399460289 2.8022009606483622 -0.14719276915479568 0.0067515998824518421 -0.87678998824652965 3.4364167166490369 -0.10686900595041862 2.3718129551659715 -0.021018597623137791 -0.44509993408616749 0.066277368385302265 -0.21535135030976274 1.460895857283059
leaf_weight=161 37 60 103 29 671 24 32 24 22 37 20 24 82 42 79 35 33 20 38 60 41 38 23 35 27 26 37 28 23 30
leaf_count=161 37 60 103 29 671 24 32 24 22 37 20 24 82 42 79 35 33 20 38 60 41 38 23 35 27 26 37 28 23 30
internal_value=-0.00609737 1.45773e-05 -0.000479876 0.00312183 -0.0129934 -0.00989627 -0.002625 0.00214286 -0.00139896 -0.00222054 -0.001752 0.000698925 -0.00372832 -0.00580189 -0.000447761 0.00409091 0.00182353 0.000810811 0.00218919 -0.000102041 -0.00252475 -0.00191489 0.00354545 -0.000263158 0.00160714 0.00521739 -0.00741176 -0.00443182 -0.000294118 0.00764151
internal_weight=1941 1029 969 197 912 241 80 56 772 662 625 279 346 212 134 55 255 222 185 147 101 94 110 57 56 46 170 88 51 53
internal_count=1941 1029 969 197 912 241 80 56 772 662 625 279 346 212 134 55 255 222 185 147 101 94 110 57 56 46 170 88 51 53
is_linear=0
shrinkage=0.03


Tree=98
num_leaves=31
num_cat=0
split_feature=1 54 16 9 15 42 56 28 26 20 5 42 27 19 6 27 27 53 43 20 27 23 4 28 6 27 21 33 23 34
split_gain=91.0983 4.35105 4.05775 7.78241 4.5375 2.95318 2.65812 2.74919 1.95268 1.7741 1.76087 1.69525 1.67957 2.24044 2.63913 2.1696 2.29213 1.87703 1.76689 1.68056 1.62177 2.79774 2.75033 1.61925 1.52189 1.37619 1.3751 1.28666 1.74873 1.38306
threshold=28.142857145000004 766.80000000000007 24.750000000000004 141.50000000000003 79.500000000000014 169.00625000000002 36.100000000000001 1003.6500000000002 10.850000000000003 69.500000000000014 22.500000000000004 322.36339284999997 288.50000000000006 2.5000000000000004 16.500000000000004 209.00000000000003 262.50000000000006 177.00000000000003 49.03750000000003 47.000000000000007 281.50000000000006 209.50000000000003 8.5000000000000018 1005.2500000000001 21.500000000000004 284.50000000000006 581.50000000000011 455.33571430000006 185.50000000000003 1150.1142860000002
decision_type=2 2 2 2 2 2 2 2 2 2 2 2 2 2 2 2 2 2 2 2 2 2 2 2 2 2 2 2 2 2
left_child=2 5 3 4 8 6 7 9 -1 -2 -11 -7 15 17 -15 23 19 -14 -16 -17 22 26 -18 -9 -5 -3 -22 -24 29 -29
right_child=1 25 -4 24 -6 11 -8 12 -10 10 -12 -13 13 14 18 16 20 -19 -20 -21 21 -23 27 -25 -26 -27 -28 28 -30 -31
leaf_value=-0.092623241104192289 -0.41026676642932797 1.8167780639074322 -0.057788175677186304 -0.057788175677186304 2.3915729105030175 2.6914851392670411 1.6061907602321395 1.692940191998324 -0.27203213227425505 0.089707277462944754 -0.67901056405094495 -0.018736530696940007 0.023001298851992542 1.4520271457500542 -0.0070138548016166168 -0.37203731851030752 4.3821524529818019 4.4429203543936682 -0.32861878990806187 -0.015532726861277268 -0.96126054124508054 3.4532177393476124 -0.12601904614172879 0.00046409391806184974 -0.053811335464824875 4.1368508922160139 -0.4033534573022689 0.017192073439919638 -0.21234362338923674 -1.1236982541559779
leaf_weight=32 35 32 671 121 20 79 27 24 28 23 23 35 66 37 79 72 31 43 51 24 34 20 25 92 40 28 22 72 34 21
leaf_count=32 35 32 671 121 20 79 27 24 28 23 23 35 66 37 79 72 31 43 51 24 34 20 25 92 40 28 22 72 34 21
internal_value=-0.00595827 0.00016035 -0.0128618 -0.00952282 -0.001875 -0.000325077 -0.000929825 -0.00123188 -0.006 -0.00648148 -0.0026087 0.00421053 -0.000662651 0.00119565 -0.000988024 -0.00175159 -0.00291549 0.00454128 -0.003 -0.006875 -0.00144788 -0.00513158 8.19672e-05 0.00181034 -0.013323 0.008 -0.00857143 -0.00157895 -0.000354331 0.00177419
internal_weight=1941 1029 912 241 80 969 855 828 60 81 46 114 747 276 167 471 355 109 130 96 259 76 183 116 161 60 56 152 127 93
internal_count=1941 1029 912 241 80 969 855 828 60 81 46 114 747 276 167 471 355 109 130 96 259 76 183 116 161 60 56 152 127 93
is_linear=0
shrinkage=0.03


Tree=99
num_leaves=31
num_cat=0
split_feature=1 11 16 17 36 41 3 8 27 14 11 33 57 57 3 37 49 12 31 54 50 26 58 57 58 50 5 56 21 16
split_gain=92.1651 4.5506 3.08082 6.42892 5.60331 2.38254 3.3436 2.31093 2.20616 3.00626 2.1888 2.11541 2.02009 1.99662 2.10984 1.92037 3.07855 2.34375 1.75776 3.15923 2.11765 1.82926 3.13692 1.58962 1.56525 1.54378 2.39409 1.52635 1.83962 1.71172
threshold=1.0000000180025095e-35 -0.84874750804349197 24.750000000000004 39.500000000000007 57.48125000000001 272.73733998393732 6419368.4375000009 1.0000000180025095e-35 277.50000000000006 29.650000000000002 0.81241147629689003 769.4937500000002 287.50000000000006 281.50000000000006 7235758.0000000009 649.3285714000001 27.500000000000004 0.55387244954848092 678.46428575000016 646.15000000000009 31.500000000000004 16.850000000000005 1007.35 302.50000000000006 1005.7500000000001 37.000000000000007 22.500000000000004 15.950000000000001 875.00000000000011 23.550000000000004
decision_type=2 2 2 2 2 2 2 2 2 2 2 2 2 2 2 2 2 2 2 2 2 2 2 2 2 2 2 2 2 2
left_child=2 8 3 4 -1 6 18 -8 9 11 -6 -2 13 14 25 -10 17 -17 20 -20 21 22 24 -7 -3 26 -9 28 29 -11
right_child=1 5 -4 -5 10 23 7 12 15 27 -12 -13 -14 -15 -16 16 -18 -19 19 -21 -22 -23 -24 -25 -26 -27 -28 -29 -30 -31
leaf_value=-0.23351876504772362 2.7475539129514877 -0.0074941258510600201 -0.056054530406870716 -0.056054530406870716 -0.055359948335498135 -0.10443874274026811 -0.48084323996490408 -0.061892941746656688 4.3150958668414683 -0.67248768826819483 3.7114655653741133 -0.0098638618822758407 1.5259852916243106 -0.2023548392332164 -0.13045675814077071 -0.18634281369929198 -2.0631630410129502 3.7472257877645805 1.3283654043265585 -0.48868417688807075 -0.3138043087172957 -0.98334674965525171 -0.11918767765821932 0.0097197804831064254 3.1776665051866635 1.1814510051128133 1.888659979873144 -0.83192907086547296 3.0610866427335406 0.23190160919399203
leaf_weight=26 31 23 669 165 26 162 24 29 42 22 21 25 67 22 33 32 20 96 25 39 51 32 69 34 29 23 21 34 20 29
leaf_count=26 31 23 669 165 26 162 24 29 42 22 21 25 67 22 33 32 20 96 25 39 51 32 69 34 29 23 21 34 20 29
internal_value=-0.00603555 8.70406e-05 -0.0130154 -0.010084 -0.00267123 -0.00133968 -0.000215606 0.00253425 0.00286325 0.000279503 0.00351064 0.00589286 0.00361538 0.00140625 0.00311321 0.00505263 0.00344595 0.00515625 -0.00246269 0.001875 -0.00382353 -0.00205882 -0.000371901 -0.00413265 0.00519231 0.0059589 0.003 -0.00271429 -0.000211268 -0.00323529
internal_weight=1941 1034 907 238 73 683 487 219 351 161 47 56 195 128 106 190 148 128 268 64 204 153 121 196 52 73 50 105 71 51
internal_count=1941 1034 907 238 73 683 487 219 351 161 47 56 195 128 106 190 148 128 268 64 204 153 121 196 52 73 50 105 71 51
is_linear=0
shrinkage=0.03


Tree=100
num_leaves=31
num_cat=0
split_feature=1 1 54 16 17 37 57 53 53 14 1 48 57 26 8 19 37 43 42 57 18 18 46 20 57 9 36 9 1 9
split_gain=86.8709 5.00293 3.28606 3.21619 6.66228 5.60721 2.56878 2.48465 2.27999 2.22873 1.94261 1.90299 1.8774 1.84304 1.64369 1.60798 1.48531 1.96065 1.3669 2.81299 1.27292 1.25017 3.61152 3.35317 1.25072 1.51094 2.2819 1.89428 1.62883 1.51411
threshold=28.142857145000004 5141.5535715000015 765.20000000000016 24.750000000000004 39.500000000000007 2.5928571430000003 288.50000000000006 177.00000000000003 253.50000000000003 27.450000000000003 6975.5357145000007 1.5000000000000002 285.50000000000006 10.750000000000002 3.5000000000000004 3.5000000000000004 502.52142855000005 59.470535700000035 5.3044642850000061 271.50000000000006 50.500000000000007 40.500000000000007 24.950000000000003 9.0000000000000018 163.50000000000003 138.50000000000003 29.999107145000004 143.50000000000003 3005.2142855000006 148.50000000000003
decision_type=2 2 2 2 2 2 2 2 2 2 2 2 2 2 2 2 2 2 2 2 2 2 2 2 2 2 2 2 2 2
left_child=3 21 6 4 5 -1 8 10 9 -3 -8 16 -4 -10 18 -9 -11 -18 19 -13 -6 24 23 -23 -2 -26 27 -27 -29 -30
right_child=1 2 12 -5 20 -7 7 15 13 11 -12 14 -14 -15 -16 -17 17 -19 -20 -21 -22 22 -24 -25 25 26 -28 28 29 -31
leaf_value=1.5915398686523132 0.012714376782416251 2.4347598670341939 3.1871856287082627 -0.054372894494664599 -0.054372894494664599 -0.082196551109012 1.193859772209769 4.3945987428659317 -0.45011115625326847 5.2780424267265662 -1.3321485842762364 0.038664868228119147 3.8540554417196073 4.8482472770067204 -0.17970190185382479 1.154410826929136 -1.5644717348904777 0.68373836284381462 -0.40199010671588836 -0.80958605244726112 -0.050515359488674007 4.2525446676447487 -0.11377736046495897 -0.043375307887514078 0.011200797485462566 -0.25869758749105393 -0.088114242512752947 0.0024447477722135602 -0.22824955260857221 -0.37786358367008382
leaf_weight=46 56 30 29 671 120 29 28 56 20 29 39 20 32 43 76 46 27 21 74 22 46 35 33 28 30 54 34 100 27 40
leaf_count=46 56 30 29 671 120 29 28 56 20 29 39 20 32 43 76 46 27 21 74 22 46 35 33 28 30 54 34 100 27 40
internal_value=-0.00625193 -0.000276968 0.00152027 -0.0129934 -0.0100207 -0.0026 0.000762712 0.00381657 -0.000662983 -0.00175585 -0.000671642 -0.00262082 0.00811475 0.00452381 -0.00421875 0.00676471 0.00136364 -0.001875 -0.00646552 -0.00214286 -0.0133735 -0.00271167 0.0003125 0.00452381 -0.00356305 -0.00436842 -0.00511765 -0.00400452 -0.00242515 -0.00604478
internal_weight=1941 1029 592 912 241 75 531 169 362 299 67 269 61 63 192 102 77 48 116 42 166 437 96 63 341 285 255 221 167 67
internal_count=1941 1029 592 912 241 75 531 169 362 299 67 269 61 63 192 102 77 48 116 42 166 437 96 63 341 285 255 221 167 67
is_linear=0
shrinkage=0.03


Tree=101
num_leaves=31
num_cat=0
split_feature=1 11 16 9 26 47 27 14 19 24 16 41 8 36 58 5 59 58 39 36 17 47 53 33 37 19 37 41 23 15
split_gain=88.1729 5.4184 2.83204 6.32515 4.60208 3.4371 2.18444 2.86757 2.76385 2.11618 3.21361 1.70629 2.53333 2.47255 2.42564 2.16655 2.17105 2.07736 2.02957 1.95929 1.79237 1.91406 1.78711 1.7047 1.69042 1.58027 1.51801 1.42909 2.79458 2.01492
threshold=28.142857145000004 -0.84874750804349197 24.750000000000004 141.50000000000003 10.850000000000003 27.500000000000004 283.50000000000006 29.650000000000002 1.0000000180025095e-35 739.05000000000007 23.550000000000004 293.41350313936806 1.0000000180025095e-35 455.96785715000004 1006.5500000000001 22.500000000000004 0.15000000000000005 1008.0500000000001 359.61841518500006 12.693750000000003 62.500000000000007 46.500000000000007 166.50000000000003 769.4937500000002 730.56428570000014 1.0000000180025095e-35 674.48214285000006 214.89006445814223 60.500000000000007 67.500000000000014
decision_type=2 2 2 2 2 2 2 2 2 2 2 2 2 2 2 2 2 2 2 2 2 2 2 2 2 2 2 2 2 2
left_child=2 6 3 4 5 -1 7 23 -8 10 -9 12 14 15 -3 17 20 24 19 -13 21 22 -17 -2 27 -5 -10 28 -14 -29
right_child=1 11 -4 25 -6 -7 8 9 26 -11 -12 18 13 -15 -16 16 -18 -19 -20 -21 -22 -23 -24 -25 -26 -27 -28 29 -30 -31
leaf_value=3.1199080906101093 2.6446151446776298 -0.5198175920038145 -0.052741707659824659 -0.048999898704013785 -0.17240320032080422 -1.1449767773456887 4.2249068002694878 -0.42021435788130151 3.1500315146584401 0.36199215632759774 0.14083783434555414 0.0096388374830925719 -0.035406314266094509 -0.52885963065396036 -0.065313155876874154 0.66322621195850162 -0.11113900641911315 -0.39322533887982558 -0.22957235648800092 -0.036354265264410164 2.6159986189319362 -0.16392699933070987 -0.7405626498348481 0.0039353886617902846 -0.76896926815484101 -0.052741707659824659 -0.02245838627177477 -0.30771564493578457 2.2681629703568738 0.33988631061592883
leaf_weight=25 31 25 671 26 32 23 70 38 20 55 48 41 43 23 47 91 44 36 83 24 29 22 23 25 35 135 64 33 51 28
leaf_count=25 31 25 671 26 32 23 70 38 20 55 48 41 43 23 47 91 44 36 83 24 29 22 23 25 35 135 64 33 51 28
internal_value=-0.00626739 -0.000247813 -0.0130592 -0.0102697 -0.003375 0.0025 0.00277778 0.000685279 0.00545455 -0.00159574 -0.00453488 -0.00181416 -0.00101887 -0.000196507 -0.00625 0.000310345 0.00251196 -0.00172566 -0.00466216 -0.000692308 0.00409091 0.00264706 0.00421053 0.00642857 -0.000473684 -0.0136957 0.00178571 0.000870968 0.00319149 -0.00270492
internal_weight=1941 1029 912 241 80 48 351 197 154 141 86 678 530 458 72 435 209 226 148 65 165 136 114 56 190 161 84 155 94 61
internal_count=1941 1029 912 241 80 48 351 197 154 141 86 678 530 458 72 435 209 226 148 65 165 136 114 56 190 161 84 155 94 61
is_linear=0
shrinkage=0.03


Tree=102
num_leaves=31
num_cat=0
split_feature=1 11 16 9 56 47 18 48 32 15 53 50 17 59 28 27 27 16 10 31 3 1 31 49 16 47 27 28 31 56
split_gain=86.1778 5.95309 2.83204 6.32515 4.30591 3.04611 2.24678 2.95272 2.22857 1.85111 1.80532 2.11581 3.04893 2.54458 2.07599 2.49964 3.50475 2.75372 4.28983 1.72927 1.66667 1.66594 2.85792 1.65565 1.62149 2.45786 1.71317 2.1979 1.61514 1.47552
threshold=28.142857145000004 -0.84874750804349197 24.750000000000004 141.50000000000003 10.850000000000003 30.500000000000004 1.5000000000000002 31.500000000000004 919.35982145000014 59.500000000000007 204.50000000000003 9.0000000000000018 63.500000000000007 6.4500000000000011 1003.6500000000002 262.50000000000006 180.00000000000003 24.950000000000003 0.77259657388510639 809.55000000000007 6365409.4285000013 11766.125000000002 1012.8687500000002 1.0000000180025095e-35 24.550000000000004 1.0000000180025095e-35 290.50000000000006 1005.1500000000002 737.0875000000002 14.050000000000002
decision_type=2 2 2 2 2 2 2 2 2 2 2 2 2 2 2 2 2 2 2 2 2 2 2 2 2 2 2 2 2 2
left_child=2 6 3 4 5 -1 9 19 -9 21 11 12 14 28 -3 16 -16 18 24 29 -19 22 -2 -5 25 -17 27 -27 -13 -8
right_child=1 10 -4 23 -6 -7 7 8 -10 -11 -12 13 -14 -15 15 17 -18 20 -20 -21 -22 -23 -24 -25 -26 26 -28 -29 -30 -31
leaf_value=3.2425445037634111 -0.086914740259505824 -0.19535591495047314 -0.05115945643002992 -0.047529901742893371 -0.15219298911923507 -1.3310998753211281 3.4334607731584006 6.1376578990430914 -0.013115700014112733 3.2153143809019071 1.5215096307475231 -0.19474579232921627 1.412708227010375 0.78141815117511093 0.25882174789294482 2.1366157757882882 -0.35689601016371064 -0.17819293678850201 5.4672455775828208 -0.1539216700969564 -0.021982073346978586 -1.7053519687304526 3.8032679428064009 -0.05115945643002992 0.020204806378582772 0.011761509830778465 0.0077923117440333554 -0.98328852386760834 0.052141224160732233 -0.23879839716562515
leaf_weight=24 32 22 671 25 34 22 20 30 26 77 39 161 35 23 21 40 47 30 26 87 30 23 25 136 33 21 64 57 29 31
leaf_count=24 32 22 671 25 34 22 20 30 26 77 39 161 35 23 21 40 47 30 26 87 30 23 25 136 33 21 64 57 29 31
internal_value=-0.00634467 -0.000393586 -0.0130592 -0.0102697 -0.003375 0.0026087 0.00277778 0.000618557 0.00642857 0.00544586 -0.0020354 -0.00241784 -0.00119718 -0.00485915 -0.00195652 -0.00142276 -0.00661765 -0.000249169 0.00118257 -0.00173913 -0.006 0.00225 0.005 -0.0136957 -0.000209302 -0.00131868 -0.00316901 -0.00615385 -0.006 0.00264706
internal_weight=1941 1029 912 241 80 46 351 194 56 157 678 639 426 213 391 369 68 301 241 138 60 80 57 161 215 182 142 78 190 51
internal_count=1941 1029 912 241 80 46 351 194 56 157 678 639 426 213 391 369 68 301 241 138 60 80 57 161 215 182 142 78 190 51
is_linear=0
shrinkage=0.03


Tree=103
num_leaves=31
num_cat=0
split_feature=11 11 16 9 26 47 18 48 57 9 27 48 9 35 35 41 34 48 30 42 15 24 23 49 42 30 30 23 23 42
split_gain=86.6654 5.44122 2.75491 6.65235 3.70625 2.71663 2.07243 2.95272 1.80019 4.84332 3.38052 2.81667 2.3872 3.8156 2.61531 2.54356 3.79118 2.29241 2.0299 1.86397 1.63637 1.71541 1.58943 1.58583 1.51482 1.44702 1.41675 2.38429 1.43786 1.3575
threshold=0.065403129230142756 -0.84874750804349197 24.750000000000004 141.50000000000003 10.850000000000003 27.500000000000004 1.5000000000000002 31.500000000000004 297.50000000000006 141.50000000000003 312.50000000000006 25.500000000000004 145.50000000000003 32.322321430000009 745.88750000000016 214.89006445814223 787.69196430000011 16.500000000000004 450.00000000000006 -47.023214279999955 59.500000000000007 766.80000000000007 202.00000000000003 1.0000000180025095e-35 133.59285735000006 996.84553570000014 658.6196428500001 238.00000000000003 193.50000000000003 40.766071450000005
decision_type=2 2 2 2 2 2 2 2 2 2 2 2 2 2 2 2 2 2 2 2 2 2 2 2 2 2 2 2 2 2
left_child=1 6 3 4 5 -2 20 26 9 -3 11 -10 13 -11 24 -16 -17 -12 -18 -15 21 -1 -22 -5 -14 -9 -8 28 -28 -19
right_child=2 8 -4 23 -6 -7 7 25 10 12 17 -13 14 19 15 16 18 29 -20 -21 22 -23 -24 -25 -26 -27 27 -29 -30 -31
leaf_value=-0.58423307405560077 2.9290345127789044 -0.23198508759558503 -0.049624672737129019 -0.046104004690606569 -0.16762626651191395 -1.2911668790614943 1.3052196487511656 5.3450360523101219 0.0070592493493233906 3.0247276379080388 0.47504949086701143 3.3258026308653954 -0.19290170567503309 0.050183586069878314 3.7948026244552415 0.063054902975778329 -0.011400704112655617 -0.098803035512616849 -1.370944334499413 -0.10010622849944419 4.2249020836269393 2.3012072524336338 1.9713652693367243 -0.049624672737129019 1.7892468721107746 0.058901442000369134 -0.052868057595171741 1.8720237450461974 -0.74356517479139927 -0.081605461333825249
leaf_weight=38 25 69 674 26 31 22 28 33 60 28 20 20 193 33 20 41 29 44 22 41 43 42 34 138 20 23 38 28 44 34
leaf_count=38 25 69 674 26 31 22 28 33 60 28 20 20 193 33 20 41 29 44 22 41 43 42 34 138 20 23 38 28 44 34
internal_value=-0.00632921 -0.000336585 -0.0130349 -0.0102893 -0.00307692 0.00223404 0.00269231 0.000618557 -0.00191395 -0.00284274 0.000674157 0.00525 -0.00165105 0.00235294 -0.00290769 0.000803571 -0.00130435 -0.00306122 -0.00676471 -0.00121622 0.00525478 0.00225 0.00837662 -0.0137195 -0.00485915 0.00642857 -0.00173913 -0.00327273 -0.00585366 -0.00538462
internal_weight=1941 1025 916 242 78 47 351 194 674 496 178 80 427 102 325 112 92 98 51 74 157 80 77 164 213 56 138 110 82 78
internal_count=1941 1025 916 242 78 47 351 194 674 496 178 80 427 102 325 112 92 98 51 74 157 80 77 164 213 56 138 110 82 78
is_linear=0
shrinkage=0.03


Tree=104
num_leaves=31
num_cat=0
split_feature=1 30 24 32 16 9 36 47 23 3 33 39 9 3 21 50 47 57 33 27 27 34 27 10 3 37 22 22 42 34
split_gain=87.4234 5.30742 3.08499 2.87097 2.64913 5.87385 3.80952 5.18006 2.139 2.40796 2.10072 2.88891 1.9889 2.06289 1.95603 1.84141 2.89141 1.78241 1.69059 1.58647 3.09368 3.12361 3.07979 1.8925 1.55081 1.53526 2.2059 1.46387 1.40224 1.39538
threshold=28.142857145000004 506.94375000000008 763.65000000000009 906.21875000000011 24.750000000000004 141.50000000000003 71.721428570000015 47.500000000000007 204.50000000000003 6328993.3125000009 530.72857140000008 598.08292412500009 148.50000000000003 6404049.7860000012 331.50000000000006 16.500000000000004 70.500000000000014 285.50000000000006 996.84553570000014 262.50000000000006 281.50000000000006 572.8214286000001 201.50000000000003 -0.99465189230620688 6298367.9285000013 766.22410715000012 592.50000000000011 460.50000000000006 -51.848214285000005 38.942857145000005
decision_type=2 2 2 2 2 2 2 2 2 2 2 2 2 2 2 2 2 2 2 2 2 2 2 2 2 2 2 2 2 2
left_child=4 15 3 8 5 6 -1 -8 9 24 11 29 27 -14 -5 16 19 -4 -12 22 21 -21 -2 -22 -3 26 -16 -10 -25 -11
right_child=1 2 17 14 -6 -7 7 -9 12 10 18 -13 13 -15 25 -17 -18 -19 -20 20 23 -23 -24 28 -26 -27 -28 -29 -30 -31
leaf_value=-0.25596378525236996 0.051276808064142157 0.015985427110052148 2.5436499617858841 2.1682766857685407 -0.048135932555015151 -0.048135932555015151 2.6138491046188381 -0.63071019658232952 4.0463364903577386 -0.073860271135600897 2.3420701964014379 -1.3271187836609595 -0.73566336119278541 4.463959438394661 -1.0354032310794616 -0.07928230415410667 1.3918664861520125 3.4085161995634019 -0.022346951621358357 3.3905960845016327 0.0068474718688436376 -0.013992269446738483 -0.34584710873541963 -0.010196221253456485 -0.9814193779011714 -0.65428924774659603 0.48983191877501553 2.55595500965768 -0.12797417744197959 1.6608666925274929
leaf_weight=24 24 35 37 23 671 161 32 24 31 42 53 20 20 23 25 149 21 34 26 39 22 44 31 30 33 98 36 29 81 23
leaf_count=24 24 35 37 23 671 161 32 24 31 42 53 20 20 23 25 149 21 34 26 39 22 44 31 30 33 98 36 29 81 23
internal_value=-0.00632921 -0.000335277 0.00153061 0.000725338 -0.0130921 -0.0103942 -0.00375 0.000535714 0.00237313 0.000775862 0.0027439 -0.000529412 0.00597087 0.00104651 -0.00230769 -0.00282313 -0.00143836 0.00739437 0.00626582 -0.00226937 -0.00111111 0.00343373 -0.00681818 -0.00394737 -0.00397059 -0.00349057 0.000245902 0.0095 -0.00554054 0.00253846
internal_weight=1941 1029 588 517 912 241 80 56 335 232 164 85 103 43 182 441 292 71 79 271 216 83 55 133 68 159 61 60 111 65
internal_count=1941 1029 588 517 912 241 80 56 335 232 164 85 103 43 182 441 292 71 79 271 216 83 55 133 68 159 61 60 111 65
is_linear=0
shrinkage=0.03


Tree=105
num_leaves=31
num_cat=0
split_feature=1 1 16 9 26 47 21 57 15 48 23 1 31 53 32 21 56 19 1 39 1 3 23 8 57 9 48 57 56 38
split_gain=84.9917 4.73224 2.83204 6.32515 4.60208 2.85548 2.15138 2.2002 2.51894 2.72239 2.23512 1.82516 1.94216 1.79739 3.32945 1.76654 2.25494 1.58027 1.53064 1.52867 2.50745 1.4694 1.50533 1.25807 1.15759 3.08519 4.00476 1.09113 1.06542 2.89062
threshold=28.142857145000004 5141.5535715000015 24.750000000000004 141.50000000000003 10.850000000000003 30.500000000000004 937.50000000000011 291.50000000000006 59.500000000000007 1.5000000000000002 182.50000000000003 7203.0625000000009 833.9312500000002 202.00000000000003 833.9312500000002 826.00000000000011 15.950000000000001 1.0000000180025095e-35 10812.785715000002 1037.8937500312502 6645.5000000000009 6328993.3125000009 187.50000000000003 1.0000000180025095e-35 259.50000000000006 149.50000000000003 30.500000000000004 218.50000000000003 12.250000000000002 59.376785716250005
decision_type=2 2 2 2 2 2 2 2 2 2 2 2 2 2 2 2 2 2 2 2 2 2 2 2 2 2 2 2 2 2
left_child=2 28 3 4 5 -1 7 8 15 19 11 -9 -13 21 -15 -3 -17 -5 -18 20 -10 -11 -23 -12 25 26 -4 -16 -2 -30
right_child=1 6 24 17 -6 -7 -8 10 9 13 23 12 -14 14 27 16 18 -19 -20 -21 -22 22 -24 -25 -26 -27 -28 -29 29 -31
leaf_value=2.5354336314802741 -0.0056697192305756516 -0.92229923907445677 -0.1275781335243793 -0.043276806573237916 -0.14899223076841958 -1.2335105667921791 3.2946048101070753 1.1116596288088731 -0.075210536203886985 -0.77589293095765655 0.89189649340216981 -2.0432481657361858 0.94076891058964118 5.2004452315988363 2.244779595045332 0.64718966372494036 -0.015739016647745466 -0.046691854578364694 -1.5198817989513878 -1.0674570264689294 2.8194913706736031 0.17449358304968882 -2.4172103942351129 3.6381051206622268 -0.046691854578364694 -0.046691854578364694 1.3558973541050976 -1.1301131272665634 -0.1218209783766116 -0.042287164868559227
leaf_weight=26 150 32 63 26 32 22 39 32 26 31 29 23 20 38 20 25 23 135 20 25 60 58 22 47 428 153 27 22 33 254
leaf_count=26 150 32 63 26 32 22 39 32 26 31 29 23 20 38 20 25 23 135 20 25 60 58 22 47 428 153 27 22 33 254
internal_value=-0.00639104 -0.00048105 -0.0130592 -0.0102697 -0.003375 0.0025 0.00126689 0.000786618 -0.000373134 0.000993377 0.00387417 0.0002 -0.00383721 -0.00117801 0.00225 -0.0045 -0.00176471 -0.0136957 -0.00593023 0.00472973 0.00662791 -0.00364865 -0.0015 0.0075 -0.0140611 -0.0124074 -0.008 -0.00357143 -0.00284897 -0.00391986
internal_weight=1941 1029 912 241 80 48 592 553 402 302 151 75 43 191 80 100 68 161 43 111 86 111 80 76 671 243 90 42 437 287
internal_count=1941 1029 912 241 80 48 592 553 402 302 151 75 43 191 80 100 68 161 43 111 86 111 80 76 671 243 90 42 437 287
is_linear=0
shrinkage=0.03


Tree=106
num_leaves=31
num_cat=0
split_feature=1 54 16 9 26 30 9 24 18 47 32 32 53 50 28 14 49 24 49 31 35 28 26 36 8 50 24 46 8 27
split_gain=84.1552 3.99304 3.02106 6.79314 4.03333 2.65428 3.1731 3.13019 2.56805 2.44928 2.26288 2.56086 3.01819 1.69936 3.31195 2.21607 1.65565 1.65376 2.07223 1.90004 1.49529 1.48585 1.6461 1.44683 2.3174 2.07385 2.16477 2.59049 1.43437 2.10583
threshold=28.142857145000004 766.80000000000007 24.750000000000004 141.50000000000003 10.850000000000003 225.70625000000004 137.50000000000003 2.2500000000000004 44.500000000000007 27.500000000000004 350.39285715000005 783.35535715000003 218.00000000000003 17.500000000000004 1008.5500000000001 27.550000000000004 1.0000000180025095e-35 535.15000000000009 1.0000000180025095e-35 747.78750000000002 191.55000000000004 1008.1500000000002 14.950000000000001 35.900000000000013 2.5000000000000004 9.0000000000000018 328.85000000000008 25.050000000000004 3.5000000000000004 275.50000000000006
decision_type=2 2 2 2 2 2 2 2 2 2 2 2 2 2 2 2 2 2 2 2 2 2 2 2 2 2 2 2 2 2
left_child=2 5 3 4 9 23 -7 -8 10 -1 -9 12 17 14 -10 -15 -5 21 19 -19 -3 22 -12 24 -2 26 27 -26 -13 -30
right_child=1 20 -4 16 -6 6 7 8 13 -11 11 28 -14 15 -16 -17 -18 18 -20 -21 -22 -23 -24 -25 25 -27 -28 -29 29 -31
leaf_value=2.6866849953125653 -0.085175143887969221 4.0547989543887883 -0.045291098941013748 -0.041978502376040776 -0.14452246384536699 2.5096131196977147 1.9978793764010117 -0.37306459161263889 3.289299690606629 -0.9760328484926043 -2.5121360257421652 -0.39998802991484822 5.0001130880766125 1.9500118498032923 -0.10037168587886924 -1.0077684944826306 -0.045291098941013748 1.5676621653421074 -0.087470238306531542 0.028304065564581149 0.067265869203430376 0.92482971075635079 -0.043497246174673376 -0.053832596886830189 0.16070889963438781 -0.078711597394454311 -0.2180037367298763 -0.023133248951399885 1.8492104917054359 -0.33023715110883356
leaf_weight=25 100 29 671 25 32 37 43 65 44 23 22 124 30 24 21 22 136 25 58 23 31 21 42 52 31 23 25 22 32 83
leaf_count=25 100 29 671 25 32 37 43 65 44 23 22 124 30 24 21 22 136 25 58 23 31 21 42 52 31 23 25 22 32 83
internal_value=-0.00639104 -0.000510204 -0.0130263 -0.0101452 -0.003 -0.000975232 -4.18994e-05 -0.0005081 -0.00103774 0.0025 -0.00191429 -0.00117391 0.00115385 0.00310811 0.00623077 -0.00130435 -0.0136957 -0.000235602 0.00226415 0.006875 0.007 -0.00335294 -0.005625 -0.0036166 -0.00246269 0.000742574 0.00307692 0.00650943 -0.00332636 -0.000913043
internal_weight=1941 1029 912 241 80 969 716 679 636 48 525 460 221 111 65 46 161 191 106 48 60 85 64 253 201 101 78 53 239 115
internal_count=1941 1029 912 241 80 969 716 679 636 48 525 460 221 111 65 46 161 191 106 48 60 85 64 253 201 101 78 53 239 115
is_linear=0
shrinkage=0.03


Tree=107
num_leaves=31
num_cat=0
split_feature=11 24 42 16 12 11 56 12 36 6 57 32 3 18 38 56 16 58 43 19 18 6 12 5 18 58 27 26 39 31
split_gain=84.2381 4.01562 3.56707 2.941 6.42563 2.9376 2.45806 2.35652 2.11759 2.0667 1.91969 1.76119 1.60303 1.52516 2.72617 3.46876 1.55926 1.52453 2.34798 2.84073 2.50061 2.17914 2.22937 1.8191 2.31803 1.85582 1.4731 1.30791 1.29168 1.57148
threshold=0.065403129230142756 763.65000000000009 169.00625000000002 24.750000000000004 0.64987354830121502 0.83146961230254512 36.100000000000001 0.70058932884324621 758.0785714000001 26.500000000000004 285.50000000000006 977.2491071500001 6281600.8570000008 44.500000000000007 234.04732142500004 12.750000000000002 24.450000000000003 1004.9500000000002 231.49821449999999 1.5000000000000002 18.500000000000004 17.500000000000004 0.46514529268026444 22.500000000000004 24.500000000000004 1008.6500000000002 275.50000000000006 18.350000000000005 1009.1806919937502 859.97857140000008
decision_type=2 2 2 2 2 2 2 2 2 2 2 2 2 2 2 2 2 2 2 2 2 2 2 2 2 2 2 2 2 2
left_child=1 2 6 4 9 26 7 8 13 -2 -3 -4 -9 17 15 -15 -16 21 23 20 -20 22 -1 25 28 27 -6 -19 29 -25
right_child=3 10 11 -5 5 -7 -8 12 -10 -11 -12 -13 -14 14 16 -17 -18 18 19 -21 -22 -23 -24 24 -26 -27 -28 -29 -30 -31
leaf_value=-0.28883905008114164 -0.043932365972783334 1.2427334332777003 1.8489881635202106 -0.043932365972783334 -0.41546586242253081 1.8403158502895485 0.96850386806396616 -0.057204242004824574 -0.95343671644507921 -0.040719147304759555 3.180208843546966 -0.56757301825310713 1.4334580818044276 0.16207350160426642 3.2279275662200408 -0.14943958329992882 0.72537155457422386 -0.069487212360191411 0.9330548247419258 -2.2625132983528817 -0.30514616682339296 -0.19090698022350799 0.10446286122666379 -0.011946282539868881 1.2944580926979585 0.099734268019928254 -0.0033034396962767359 0.4539669082962618 -0.42602892787097701 4.0431060719635852
leaf_weight=28 144 41 87 674 20 25 27 20 20 20 34 25 24 31 26 25 53 136 24 29 39 84 35 104 27 26 33 33 22 25
leaf_count=28 144 41 87 674 20 25 27 20 20 20 34 25 24 31 26 25 53 136 24 29 39 84 35 104 27 26 33 33 22 25
internal_value=-0.00639104 -0.000482927 -0.00101053 -0.0130022 -0.0101653 -0.00307692 -0.00168258 -0.00197904 -0.00236636 -0.0135366 0.0062 0.00401786 0.00477273 -0.00210843 0.000777778 -0.00428571 0.00436709 -0.0027451 -0.00190323 -0.00619565 -0.00261905 -0.00540816 -0.00119048 -0.000844504 0.00134831 -0.00284615 -0.00707547 -0.00399408 -9.93377e-05 0.00104651
internal_weight=1941 1025 950 916 242 78 838 811 767 164 75 112 44 747 135 56 79 612 465 92 63 147 63 373 178 195 53 169 151 129
internal_count=1941 1025 950 916 242 78 838 811 767 164 75 112 44 747 135 56 79 612 465 92 63 147 63 373 178 195 53 169 151 129
is_linear=0
shrinkage=0.03


Tree=108
num_leaves=31
num_cat=0
split_feature=11 11 16 17 2 18 38 38 47 18 26 3 40 26 27 35 30 16 3 58 39 37 21 41 35 26 49 58 43 57
split_gain=84.6794 3.68164 2.75491 5.96694 3.07998 2.58898 3.47938 2.67731 2.29017 1.92857 1.89738 1.66329 2.04974 2.27471 2.53623 2.42058 3.49078 1.72308 1.67838 1.63252 2.32173 1.47205 2.71974 1.44 1.4215 1.40192 1.33032 1.29657 1.28852 1.27367
threshold=0.065403129230142756 -0.84874750804349197 24.750000000000004 77.500000000000014 6993.1696430000011 1.5000000000000002 912.02723222500015 1027.8495536000003 18.500000000000004 20.500000000000004 15.950000000000001 6365409.4285000013 928.42316468541674 12.750000000000002 260.50000000000006 545.30000000000007 667.71160715000008 24.850000000000005 7256375.0000000009 1007.0500000000001 1008.3181175437502 446.27500000000003 427.00000000000006 183.27565300365066 802.69880950000004 7.2000000000000002 15.500000000000002 1005.6500000000002 70.916071450000032 259.50000000000006
decision_type=2 2 2 2 2 2 2 2 2 2 2 2 2 2 2 2 2 2 2 2 2 2 2 2 2 2 2 2 2 2
left_child=1 5 3 4 8 19 9 -8 -2 -7 -9 21 13 14 -13 28 18 23 24 20 27 22 26 -16 -17 -10 -3 -1 -15 -4
right_child=2 11 29 -5 -6 6 7 10 25 -11 -12 12 -14 15 17 16 -18 -19 -20 -21 -22 -23 -24 -25 -26 -27 -28 -29 -30 -31
leaf_value=2.7754894229518161 1.8138582997168486 -0.10146129522356204 -0.042614394993599834 -0.042614394993599834 -0.041105940685938015 -0.064004703253723955 -0.94413904527435744 1.278197073349628 -0.61475244917689231 4.8574221324858771 -0.068758257642778708 -0.068655502735154805 2.0731157452978821 -0.40039657179297883 3.6090333240461541 -0.062501387011174137 3.0635809752355692 0.003319734385672781 -0.51275778105870706 3.6529234072661629 -0.91901117949459832 -0.60432744642040459 0.52630850567201826 2.0855467444024525 0.003226871222741927 -0.02764016842001446 0.024611896395623063 0.24499255320310453 -0.069802813045740486 -0.042614394993599834
leaf_weight=24 27 102 243 121 42 54 39 32 20 42 27 54 42 42 25 28 21 39 20 71 35 110 33 20 59 32 26 27 53 431
leaf_count=24 27 102 243 121 42 54 39 32 20 42 27 54 42 42 25 28 21 39 20 71 35 110 33 20 59 32 26 27 53 431
internal_value=-0.00640649 -0.000482927 -0.0130349 -0.0102893 -0.00557851 0.00200855 -0.000309278 -0.00428571 -0.00208861 0.00375 -0.000254237 -0.00178042 -0.000558313 -0.00128809 0.00173913 -0.00316143 -0.00046875 0.005 -0.00266355 0.00487261 0.00209302 -0.00359779 -0.00177019 0.009 -0.000862069 -0.00576923 -0.00375 0.00617647 -0.00678947 -0.0140208
internal_weight=1941 1025 916 242 121 351 194 98 79 96 59 674 403 361 138 223 128 84 107 157 86 271 161 45 87 52 128 51 95 674
internal_count=1941 1025 916 242 121 351 194 98 79 96 59 674 403 361 138 223 128 84 107 157 86 271 161 45 87 52 128 51 95 674
is_linear=0
shrinkage=0.03


Tree=109
num_leaves=31
num_cat=0
split_feature=1 16 6 4 24 17 40 20 12 58 35 11 6 58 58 56 45 26 41 43 1 27 19 30 57 21 57 21 4 30
split_gain=81.2848 3.62476 6.46175 3.46159 3.26484 2.30658 3.66403 4.25782 4.85221 2.33791 2.27085 2.23795 2.14001 2.03371 2.16257 1.99365 2.91803 1.9073 1.88781 1.76778 2.18395 2.4817 2.90496 1.75401 1.74595 1.96881 1.49538 1.49292 1.4732 1.45455
threshold=28.142857145000004 24.750000000000004 18.500000000000004 2.5000000000000004 763.65000000000009 43.500000000000007 854.74579614791685 13.500000000000002 0.62334665204000361 1008.1500000000002 177.27142855000002 -0.91037613702198739 19.500000000000004 1007.7500000000001 1003.85 18.350000000000005 58.500000000000007 7.0000000000000009 316.62072752822831 -296.25535714999995 8623.839285500002 268.50000000000006 1.0000000180025095e-35 280.83571430000006 275.50000000000006 474.00000000000006 239.50000000000003 808.50000000000011 16.500000000000004 791.23303570000019
decision_type=2 2 2 2 2 2 2 2 2 2 2 2 2 2 2 2 2 2 2 2 2 2 2 2 2 2 2 2 2 2
left_child=1 2 -1 -4 5 9 7 8 23 13 -6 -9 -5 14 -2 19 -17 -13 -18 -16 21 26 -23 -7 -11 -26 -21 -22 -19 -27
right_child=4 -3 3 12 10 6 -8 11 -10 24 -12 17 -14 -15 15 16 18 28 -20 20 27 22 -24 -25 25 29 -28 -29 -30 -31
leaf_value=-0.041335963143791843 -0.22751475619396533 -0.041335963143791843 0.015654700943336413 -0.0023751314527880002 3.6700470740770967 -0.4548663360855657 2.9800240001565177 0.91001977449143168 3.3142056939742077 -0.65346207108314613 0.02061611353290118 0.029946688581350862 -0.18038947763926597 -0.62453586656529003 -0.21373199993794492 -1.928049418789016 2.2594450152341574 -0.47038116547870912 -0.083255664872144447 -3.0405403263599194e-05 -0.57458243508169304 2.1359146843339616 -0.028050343356318057 0.61031096782983918 -0.14575481736730594 0.48577346269451649 -0.44312515263299951 -0.050581899424090963 0.005844399843707446 4.0757986895501963
leaf_weight=113 38 671 26 33 36 20 29 65 63 24 39 43 69 40 50 24 53 133 24 24 24 40 54 37 24 22 26 49 26 22
leaf_count=113 38 671 26 33 36 20 29 65 63 24 39 43 69 40 50 24 53 133 24 24 24 40 54 37 24 22 26 49 26 22
internal_value=-0.00640649 -0.0129276 -0.00977178 -0.00515625 -0.000626822 -0.00110063 0.000576923 -0.000193798 0.0045 -0.00239777 0.0054 -0.00230337 -0.00764706 -0.00329596 -0.0026601 -0.00195652 0.00163366 -0.00386139 0.00448052 -0.00331461 -0.00214286 0 0.00287234 -0.00184211 0.00195652 0.00441176 -0.0054 -0.00636986 -0.00537736 0.00818182
internal_weight=1941 912 241 128 1029 954 416 387 120 538 75 267 102 446 406 368 101 202 77 267 217 144 94 57 92 68 50 73 159 44
internal_count=1941 912 241 128 1029 954 416 387 120 538 75 267 102 446 406 368 101 202 77 267 217 144 94 57 92 68 50 73 159 44
is_linear=0
shrinkage=0.03


Tree=110
num_leaves=31
num_cat=0
split_feature=1 16 6 2 54 42 3 42 46 23 39 42 42 8 35 28 46 57 12 48 26 3 12 1 40 56 3 26 30 33
split_gain=85.4264 3.40161 6.46175 4.32217 3.1957 2.36133 2.36944 2.31375 2.09546 2.32898 2.08792 2.81894 2.00168 1.95721 1.81626 1.78303 2.06782 1.51195 4.02963 3.53103 3.69523 1.49101 1.44069 1.74164 1.37127 1.88659 1.67903 2.04328 1.68681 1.50167
threshold=28.142857145000004 24.750000000000004 18.500000000000004 6993.1696430000011 766.80000000000007 169.00625000000002 6365409.4285000013 322.36339284999997 23.550000000000004 175.50000000000003 824.38716518125011 32.330357150000019 -102.75535714999998 2.5000000000000004 191.55000000000004 1004.2500000000001 24.550000000000004 259.50000000000006 0.53946920585801694 6.5000000000000009 7.0000000000000009 6377769.5180000011 0.52490632455031438 3005.2142855000006 928.42316468541674 12.750000000000002 6679062.4375000009 8.6500000000000004 751.50892855000018 208.85267855000004
decision_type=2 2 2 2 2 2 2 2 2 2 2 2 2 2 2 2 2 2 2 2 2 2 2 2 2 2 2 2 2 2
left_child=1 2 -1 15 5 6 8 -7 -2 12 11 -11 -10 -14 -6 -4 -17 18 -3 -20 -21 -8 -15 -24 25 26 28 -28 -23 -27
right_child=4 17 3 -5 14 7 21 -9 9 10 -12 -13 13 22 -16 16 -18 -19 19 20 -22 24 23 -25 -26 29 27 -29 -30 -31
leaf_value=-0.040095884249478089 -0.66917806099886401 -0.040095884249478089 -0.090694808169730468 -0.034912849463600515 3.6180596060104175 1.9741492400667424 1.0781718258061836 -0.34573167615017153 0.56188501429711391 4.0896367560093383 -0.081481333775731177 -0.1441870511469375 -0.27421186696502559 -0.13158331772843851 0.019997630126913465 1.7253486999769829 -0.18632641575468384 -0.040095884249478089 -0.24758109756102481 -0.98548113669014548 0.44744660272345071 0.043992466121293886 -0.052245883465432068 0.89041172897988419 2.8906232801518228 -0.14807242043063445 0.016833372905004466 1.7945199755894794 -2.4745534018706099 -0.022588458644414382
leaf_weight=113 76 153 35 43 29 79 29 35 27 24 35 20 71 23 31 24 26 428 32 22 36 79 40 27 37 62 31 21 21 232
leaf_count=113 76 153 35 43 29 79 29 35 27 24 35 20 71 23 31 24 26 428 32 22 36 79 40 27 37 62 31 21 21 232
internal_value=-0.00614374 -0.0128289 -0.00977178 -0.00515625 -0.000218659 -0.000634675 -0.00117544 0.00342105 -0.00310496 -0.00185393 0.00246835 0.00681818 -0.00367021 -0.00493789 0.0065 -0.00123529 0.0024 -0.013927 -0.012037 -0.007 -0.00258621 0.000117187 -0.002 0.000223881 -0.000279503 -0.00073991 0.00197368 0.00634615 -0.0003 -0.00214286
internal_weight=1941 912 241 128 1029 969 855 114 343 267 79 44 188 161 60 85 50 671 243 90 58 512 90 67 483 446 152 52 100 294
internal_count=1941 912 241 128 1029 969 855 114 343 267 79 44 188 161 60 85 50 671 243 90 58 512 90 67 483 446 152 52 100 294
is_linear=0
shrinkage=0.03


Tree=111
num_leaves=31
num_cat=0
split_feature=1 54 16 9 15 53 38 48 53 11 52 3 35 57 41 16 44 3 32 6 51 1 26 57 9 18 48 39 19 49
split_gain=85.1836 3.3076 3.07541 7.27784 3.0375 2.17614 3.69787 2.8307 2.06324 2.10029 2.55837 2.05976 1.81626 1.70481 2.22876 1.90802 2.51312 2.0513 1.6993 1.65862 1.64068 1.67176 1.63207 1.38858 3.70082 3.83391 1.38857 1.32987 1.3117 1.31488
threshold=28.142857145000004 766.80000000000007 24.750000000000004 141.50000000000003 79.500000000000014 202.00000000000003 912.02723222500015 31.500000000000004 193.50000000000003 -0.91037613702198739 745.50000000000011 6365409.4285000013 191.55000000000004 265.50000000000006 249.39165732094168 24.650000000000002 30.450000000000003 6595772.5000000009 919.35982145000014 27.500000000000004 770.50000000000011 7638.4375000000009 14.450000000000001 259.50000000000006 149.50000000000003 21.500000000000004 6.5000000000000009 859.89564731250005 15.500000000000002 3.5000000000000004
decision_type=2 2 2 2 2 2 2 2 2 2 2 2 2 2 2 2 2 2 2 2 2 2 2 2 2 2 2 2 2 2
left_child=2 5 3 4 26 8 7 -7 9 10 27 20 -3 19 15 16 -15 -18 -10 -13 21 28 -8 24 25 -4 -1 -2 29 -11
right_child=1 12 23 -5 -6 6 22 -9 18 11 -12 13 -14 14 -16 -17 17 -19 -20 -21 -22 -23 -24 -25 -26 -27 -28 -29 -30 -31
leaf_value=-0.045279999134465038 3.5960961239905029 3.5095178178301079 -0.11112814190028149 -0.03889300772199375 1.7292788745915577 0.69375480182533344 -0.95669719885385918 4.4692082014994732 -0.3292977201528936 -0.073952066990101734 -1.9867018006206529 -0.026532278633594045 0.019397701223106197 3.1847327698852927 -0.023852986250239898 -0.044936391166546415 2.3263282578558302 -0.10867126407132729 -0.44721527872666311 -0.45700528809713631 -2.4902824946267752 0.13821239229210391 0.013502119483573017 -0.03889300772199375 -0.03889300772199375 0.051292576486456624 -0.92532615353827985 0.032582773517751559 0.016141358469498924 -0.20207629689609619
leaf_weight=25 30 29 55 161 20 84 29 39 26 120 22 116 31 27 97 57 21 44 22 21 20 35 45 428 153 35 35 33 33 48
leaf_count=25 30 29 55 161 20 84 29 39 26 120 22 116 31 27 97 57 21 44 22 21 20 35 45 428 153 35 35 33 33 48
internal_value=-0.00625193 -0.000335277 -0.0129276 -0.0100207 -0.002625 -0.000758514 0.00205584 0.0052439 -0.00147668 -0.00107735 0.00335294 -0.00166667 0.0065 -0.000274151 0.00121951 0.00352349 0.00619565 0.003 -0.0075 -0.0029562 -0.00375 -0.00305085 -0.00324324 -0.0139717 -0.0121605 -0.00733333 -0.006 0.00642857 -0.00410448 -0.00517857
internal_weight=1941 1029 912 241 80 969 197 123 772 724 85 639 60 383 246 149 92 65 48 137 256 236 74 671 243 90 60 63 201 168
internal_count=1941 1029 912 241 80 969 197 123 772 724 85 639 60 383 246 149 92 65 48 137 256 236 74 671 243 90 60 63 201 168
is_linear=0
shrinkage=0.03


Tree=112
num_leaves=31
num_cat=0
split_feature=1 11 16 9 26 47 38 26 35 25 32 3 40 3 37 5 50 32 27 43 38 28 9 57 57 57 9 17 33 57
split_gain=87.618 3.35511 2.88467 6.79314 3.16875 2.42439 2.24244 3.46866 2.09464 2.01018 1.88929 1.66145 1.47394 1.72236 1.66996 1.64909 1.87419 2.10101 1.56411 1.69419 1.4269 1.39204 1.82496 3.36625 1.49374 1.38858 3.70082 3.61912 1.16687 1.19421
threshold=28.142857145000004 -0.88144907265856332 24.750000000000004 141.50000000000003 10.850000000000003 30.500000000000004 919.88370530000009 13.900000000000002 128.83750000000003 924.50000000000011 980.58125000000007 6365409.4285000013 928.42316468541674 7318003.3125000009 654.85714285000006 22.500000000000004 50.500000000000007 274.78571430000005 56.500000000000007 -227.33214289999998 339.30245535000012 1003.4500000000002 146.50000000000003 314.00000000000006 302.50000000000006 259.50000000000006 149.50000000000003 45.500000000000007 991.58571430000018 304.50000000000006
decision_type=2 2 2 2 2 2 2 2 2 2 2 2 2 2 2 2 2 2 2 2 2 2 2 2 2 2 2 2 2 2
left_child=2 6 3 4 5 -1 28 -8 9 10 -9 21 13 15 -14 18 17 -17 -13 -20 -18 -3 23 24 -23 26 27 -4 29 -2
right_child=1 11 25 -5 -6 -7 7 8 -10 -11 -12 12 14 -15 -16 16 20 -19 19 -21 -22 22 -24 -25 -26 -27 -28 -29 -30 -31
leaf_value=2.2741226197941828 3.3770472888948868 -0.43803410341908805 -0.26482428933435526 -0.03772621749033394 -0.11215615352551052 -1.1362272078361462 -0.87009095298453076 1.5899367998459371 -0.30930938149581266 3.8796959672815956 -0.052668639987227102 0.17465305172314066 3.7816384558211009 -0.16763682099587299 -0.047548379204208686 0.19219004930058012 -0.18384425269661533 0.018000899735530002 -0.29304462953402904 -0.045429368081529212 0.42232580394404606 0.0048941172456227373 -0.17077377451770501 -0.18753330410644736 0.99340934427872241 -0.03772621749033394 -0.03772621749033394 4.7996023424111556 -0.74061732086757159 -0.45717206760201462
leaf_weight=26 99 24 69 161 32 22 33 20 49 31 36 20 22 37 23 40 20 74 43 130 23 117 97 29 20 428 153 21 20 22
leaf_count=26 99 24 69 161 32 22 33 20 49 31 36 20 22 37 23 40 20 74 43 130 23 117 97 29 20 428 153 21 20 22
internal_value=-0.00619011 -0.000189504 -0.0129605 -0.0101452 -0.003 0.001875 0.00241935 8.87574e-05 0.00220588 0.005 0.00160714 -0.00131433 -0.000138889 -0.000736434 0.005 -8.57143e-05 0.00219745 0.00421053 -0.00194301 -0.00286127 -0.00313953 -0.00308362 -0.00245247 -0.000542169 0.00142336 -0.0139717 -0.0121605 -0.00733333 0.00521277 0.00632231
internal_weight=1941 1029 912 241 80 48 310 169 136 87 56 719 432 387 45 350 157 114 193 173 43 287 263 166 137 671 243 90 141 121
internal_count=1941 1029 912 241 80 48 310 169 136 87 56 719 432 387 45 350 157 114 193 173 43 287 263 166 137 671 243 90 141 121
is_linear=0
shrinkage=0.03


end of trees

feature_importances:
hour_cos=226
day=211
wind_direction_10m_lag1=204
dew_point_2m=163
wind_direction_10m=147
day_of_year=144
DC_POWER=136
dew_point_2m_lag1=98
wind_speed_10m_lag1=97
wind_speed_10m=83
generation_lag_96=82
cloud_cover_low_lag1=82
surface_pressure_lag1=76
cloud_cover_low=75
generation_rolling_std_24=75
cloud_cover_lag1=73
hour_sin=71
surface_pressure=68
day_of_week=61
day_sin=59
cloud_cover=57
TOTAL_YIELD=50
generation_rolling_mean_4=48
generation_lag_48=46
temperature_2m_lag1=46
diffuse_radiation_lag1=45
cloud_cover_mid=44
diffuse_radiation=44
relative_humidity_2m=43
generation_lag_24=43
DAILY_YIELD=40
temperature_2m=39
generation_lag_8=38
generation_rolling_mean_24=37
cloud_cover_mid_lag1=36
direct_normal_irradiance_lag1=36
hour=35
generation_lag_4=35
generation_lag_1=34
generation_change_4=33
generation_change_1=32
direct_normal_irradiance=31
shortwave_radiation=28
relative_humidity_2m_lag1=26
generation_lag_2=24
generation_rolling_mean_8=24
cloud_cover_high_lag1=22
cloud_cover_high=20
generation_lag_12=19
precipitation=16
shortwave_radiation_lag1=16
direct_radiation=13
direct_radiation_lag1=13
day_cos=7
minute=6
global_tilted_irradiance=5
precipitation_lag1=4
global_tilted_irradiance_lag1=1

parameters:
[boosting: gbdt]
[objective: quantile]
[metric: quantile]
[tree_learner: serial]
[device_type: cpu]
[data_sample_strategy: bagging]
[data: ]
[valid: ]
[num_iterations: 500]
[learning_rate: 0.03]
[num_leaves: 31]
[num_threads: 2]
[seed: 42]
[deterministic: 0]
[force_col_wise: 0]
[force_row_wise: 0]
[histogram_pool_size: -1]
[max_depth: -1]
[min_data_in_leaf: 20]
[min_sum_hessian_in_leaf: 0.001]
[bagging_fraction: 0.8]
[pos_bagging_fraction: 1]
[neg_bagging_fraction: 1]
[bagging_freq: 0]
[bagging_seed: 400]
[bagging_by_query: 0]
[feature_fraction: 0.8]
[feature_fraction_bynode: 1]
[feature_fraction_seed: 30056]
[extra_trees: 0]
[extra_seed: 12879]
[early_stopping_round: 0]
[early_stopping_min_delta: 0]
[first_metric_only: 0]
[max_delta_step: 0]
[lambda_l1: 0]
[lambda_l2: 0]
[linear_lambda: 0]
[min_gain_to_split: 0]
[drop_rate: 0.1]
[max_drop: 50]
[skip_drop: 0.5]
[xgboost_dart_mode: 0]
[uniform_drop: 0]
[drop_seed: 17869]
[top_rate: 0.2]
[other_rate: 0.1]
[min_data_per_group: 100]
[max_cat_threshold: 32]
[cat_l2: 10]
[cat_smooth: 10]
[max_cat_to_onehot: 4]
[top_k: 20]
[monotone_constraints: ]
[monotone_constraints_method: basic]
[monotone_penalty: 0]
[feature_contri: ]
[forcedsplits_filename: ]
[refit_decay_rate: 0.9]
[cegb_tradeoff: 1]
[cegb_penalty_split: 0]
[cegb_penalty_feature_lazy: ]
[cegb_penalty_feature_coupled: ]
[path_smooth: 0]
[interaction_constraints: ]
[verbosity: -1]
[saved_feature_importance_type: 0]
[use_quantized_grad: 0]
[num_grad_quant_bins: 4]
[quant_train_renew_leaf: 0]
[stochastic_rounding: 1]
[linear_tree: 0]
[max_bin: 255]
[max_bin_by_feature: ]
[min_data_in_bin: 3]
[bin_construct_sample_cnt: 200000]
[data_random_seed: 175]
[is_enable_sparse: 1]
[enable_bundle: 1]
[use_missing: 1]
[zero_as_missing: 0]
[feature_pre_filter: 1]
[pre_partition: 0]
[two_round: 0]
[header: 0]
[label_column: ]
[weight_column: ]
[group_column: ]
[ignore_column: ]
[categorical_feature: ]
[forcedbins_filename: ]
[precise_float_parser: 0]
[parser_config_file: ]
[objective_seed: 16083]
[num_class: 1]
[is_unbalance: 0]
[scale_pos_weight: 1]
[sigmoid: 1]
[boost_from_average: 1]
[reg_sqrt: 0]
[alpha: 0.5]
[fair_c: 1]
[poisson_max_delta_step: 0.7]
[tweedie_variance_power: 1.5]
[lambdarank_truncation_level: 30]
[lambdarank_norm: 1]
[label_gain: ]
[lambdarank_position_bias_regularization: 0]
[eval_at: ]
[multi_error_top_k: 1]
[auc_mu_weights: ]
[num_machines: 1]
[local_listen_port: 12400]
[time_out: 120]
[machine_list_filename: ]
[machines: ]
[gpu_platform_id: -1]
[gpu_device_id: -1]
[gpu_use_dp: 0]
[num_gpu: 1]

end of parameters

pandas_categorical:[]
