tree
version=v4
num_class=1
num_tree_per_iteration=1
label_index=0
max_feature_idx=60
objective=regression
feature_names=PLANT_ID DC_POWER DAILY_YIELD TOTAL_YIELD hour minute day month day_of_week day_of_year hour_sin hour_cos day_sin day_cos temperature_2m relative_humidity_2m dew_point_2m cloud_cover cloud_cover_low cloud_cover_mid cloud_cover_high shortwave_radiation direct_radiation diffuse_radiation direct_normal_irradiance global_tilted_irradiance wind_speed_10m wind_direction_10m surface_pressure precipitation generation_lag_1 generation_lag_2 generation_lag_4 generation_lag_8 generation_lag_12 generation_lag_24 generation_lag_48 generation_lag_96 generation_rolling_mean_4 generation_rolling_mean_8 generation_rolling_mean_24 generation_rolling_std_24 generation_change_1 generation_change_4 temperature_2m_lag1 relative_humidity_2m_lag1 dew_point_2m_lag1 cloud_cover_lag1 cloud_cover_low_lag1 cloud_cover_mid_lag1 cloud_cover_high_lag1 shortwave_radiation_lag1 direct_radiation_lag1 diffuse_radiation_lag1 direct_normal_irradiance_lag1 global_tilted_irradiance_lag1 wind_speed_10m_lag1 wind_direction_10m_lag1 surface_pressure_lag1 precipitation_lag1 is_daytime
feature_infos=none [0:14413.42857] [0:9163] [6190002:7757913.7139999997] [0:23] [0:45] [1:31] [5:6] [0:6] [137:158] [-1:1] [-1:1] [0.41105375468703509:0.70672655557761577] [-0.91161110719302385:-0.7074868024503348] [25.199999999999999:34.600000000000001] [50:99] [20.800000000000001:26.5] [0:100] [0:100] [0:100] [0:100] [0:958] [0:789] [0:375] [0:795.29999999999995] [0:958] [1.3:58.600000000000001] [7:356] [987.20000000000005:1009.6] [0:32.700000000000003] [0:1405.3] [0:1405.3] [0:1405.3] [0:1405.3] [0:1405.3] [0:1405.3] [0:1405.3] [0:1405.3] [0:1274.8656249999999] [0:1243.16316975] [0:1100.1531002083334] [0:596.18673098771092] [-1031.22:742.03392899999994] [-1163.6199999999999:796.08750000000009] [25.199999999999999:34.600000000000001] [50:99] [20.800000000000001:26.5] [0:100] [0:100] [0:100] [0:100] [0:958] [0:789] [0:375] [0:795.29999999999995] [0:958] [1.3:58.600000000000001] [7:356] [987.20000000000005:1009.6] [0:32.700000000000003] [0:1]
tree_sizes=2709 2748 2741 2725 2746 2718 2717 2741 2738 2721 2745 2713 2716 2721 2722 2729 2711 2703 2675 2715 2728 2700 2682 2694 2706 2698 2693 2680 2685 2688 2698 2673 2698 2674 2670 2670 2660 2655 2671 2643 2647 2646 2636 2643 2636 2641 2639 2621 2650 2637 2634 2634 2603 2629 2614 2614 2637 2629 2615 2622 2621 2622 2616 2611 2643 2597 2637 2642 2639 2634 2646 2620 2638 2629 2625 2649 2640 2640 2636 2651 2646 2637 2645 2637 2668 2640 2654 2642 2642 2646 2651

Tree=0
num_leaves=31
num_cat=0
split_feature=11 9 6 49 6 11 19 8 57 27 40 18 40 11 23 26 16 43 41 10 51 15 9 16 11 35 15 14 45 20
split_gain=1.15174e+08 1.086e+07 1.58902e+07 1.50464e+07 1.34074e+07 7.70001e+06 7.2147e+06 9.29816e+06 8.72064e+06 1.09561e+07 7.88613e+06 5.55569e+06 4.58286e+06 4.37423e+06 3.53448e+06 2.69168e+06 2.68665e+06 2.68624e+06 2.03336e+06 1.76667e+06 1.70785e+06 2.06239e+06 1.52898e+06 4.43304e+06 4.16027e+06 1.13778e+06 1.23188e+06 954314 870062 853845
threshold=-0.47114434510950048 141.50000000000003 26.500000000000004 3.5000000000000004 28.500000000000004 -0.84874750804349197 2.5000000000000004 3.5000000000000004 304.50000000000006 276.50000000000006 2.822730654854158 42.500000000000007 301.76767113014586 -0.2269546835593246 191.00000000000003 8.8000000000000025 24.150000000000002 20.585714150000062 247.57024980728934 0.44228869021900152 549.00000000000011 69.500000000000014 141.50000000000003 24.750000000000004 0.63405362205439486 225.70625000000004 76.500000000000014 32.150000000000013 81.500000000000014 1.0000000180025095e-35
decision_type=2 2 2 2 2 2 2 2 2 2 2 2 2 2 2 2 2 2 2 2 2 2 2 2 2 2 2 2 2 2
left_child=1 3 5 -1 19 25 7 8 9 10 11 -2 15 29 -5 -11 -6 -9 -16 -4 21 -7 23 24 -15 26 -3 -22 -17 -8
right_child=6 2 4 14 16 20 13 17 -10 12 -12 -13 -14 22 18 28 -18 -19 -20 -21 27 -23 -24 -25 -26 -27 -28 -29 -30 -31
leaf_value=306.07387641258305 333.58876940695581 338.15967306255158 306.10246023110165 317.16140654869145 330.28945967285915 333.31512220240285 310.20786754521157 306.90560838277037 306.63231043447672 321.03490405353881 307.91554858447921 314.90779769700765 314.57689167414645 310.43908724526557 335.52210328341579 328.72762510509557 319.80573004171697 317.54496097750729 324.84791023082795 316.78259320623937 318.60396728820865 325.26644053515622 306.50132324532984 306.35622610991203 327.77904222459858 330.48691515353585 332.1965328273086 326.30486208522723 336.61330068052018 316.28954616261501
leaf_weight=56 23 107 46 30 66 49 31 194 68 21 88 38 22 33 29 20 33 24 36 20 30 69 477 106 20 36 44 28 34 63
leaf_count=56 23 107 46 30 66 49 31 194 68 21 88 38 22 33 29 20 33 24 36 20 30 69 477 106 20 36 44 28 34 63
internal_value=315.54 325.503 327.532 318.408 319.812 331.041 310.18 312.837 316.142 318.77 313.662 321.951 326.617 308.243 325.679 330.149 326.795 308.077 329.61 309.339 326.537 328.609 307.351 309.898 316.982 335.279 336.422 322.322 333.693 314.284
internal_weight=1941 679 528 151 165 363 1262 532 314 246 149 61 97 730 95 75 99 218 65 66 176 118 636 159 53 187 151 58 54 94
internal_count=1941 679 528 151 165 363 1262 532 314 246 149 61 97 730 95 75 99 218 65 66 176 118 636 159 53 187 151 58 54 94
is_linear=0
shrinkage=1


Tree=1
num_leaves=31
num_cat=0
split_feature=11 9 6 19 6 11 19 57 2 26 17 11 14 28 16 36 17 18 39 6 10 51 15 9 16 37 35 15 50 47
split_gain=1.08367e+08 1.02181e+07 1.49511e+07 1.41746e+07 1.2615e+07 7.24494e+06 6.78831e+06 8.14515e+06 1.18158e+07 1.27603e+07 4.36499e+06 4.13324e+06 3.76668e+06 3.01668e+06 2.52787e+06 2.2657e+06 2.67443e+06 1.99566e+06 2.01807e+06 1.93622e+06 1.66226e+06 1.60691e+06 1.9405e+06 1.53549e+06 4.27395e+06 4.42798e+06 1.07054e+06 1.15907e+06 938300 928670
threshold=-0.47114434510950048 141.50000000000003 26.500000000000004 3.5000000000000004 28.500000000000004 -0.84874750804349197 2.5000000000000004 302.50000000000006 5708.0000000000009 7.6500000000000012 29.500000000000004 -0.19509032201612839 31.750000000000004 1005.4500000000002 24.150000000000002 902.08125000000007 42.500000000000007 3.5000000000000004 776.91093752500012 26.500000000000004 0.44228869021900152 549.00000000000011 69.500000000000014 141.50000000000003 24.750000000000004 5.3535714285000013 225.70625000000004 76.500000000000014 1.0000000180025095e-35 16.500000000000004
decision_type=2 2 2 2 2 2 2 2 2 2 2 2 2 2 2 2 2 2 2 2 2 2 2 2 2 2 2 2 2 2
left_child=1 3 5 -1 20 26 7 8 9 29 13 28 -5 -11 -6 16 -12 18 -14 -18 -4 22 -7 24 25 -13 27 -3 -8 -2
right_child=6 2 4 12 14 21 11 -9 -10 10 15 23 17 -15 -16 -17 19 -19 -20 -21 -22 -23 -24 -25 -26 -27 -28 -29 -30 -31
leaf_value=-9.1895686503819061 0.2607676025390625 21.941007325359593 -9.1544896067743728 -0.73005491837211278 14.306899538907137 17.241792708416373 -5.7081941555878695 -8.3851117561413684 -7.8124956432465575 8.669784045219421 21.55750231342931 11.814995373812588 2.9373125757489884 -6.709903567054055 4.1376820441267705 3.3115916318893435 3.6510714782368052 21.268888366699219 14.982134417872274 15.212426998615264 1.2052391960620878 6.5781151638359852 9.4345711985878307 -8.8747532080785394 -8.9083372069304829 -5.9045902872085572 14.498431562185287 16.156761058460582 0.33879592272142567 -6.4047792974898687
leaf_weight=56 25 107 46 23 66 49 34 156 124 24 31 22 21 22 33 20 22 20 31 32 20 58 69 466 106 30 36 44 72 76
leaf_count=56 25 107 46 23 66 49 34 156 124 24 31 22 21 22 33 20 22 20 31 32 20 58 69 466 106 30 36 44 72 76
internal_value=3.93814e-08 9.6639 11.632 2.78212 4.14423 15.0355 -5.19952 -2.62214 -0.231119 3.4994 9.02048 -7.07782 9.83912 1.31428 10.9172 12.3965 14.5342 13.2154 10.1179 10.5022 -6.01518 10.6668 12.6766 -8.00822 -5.45248 1.59216 19.1472 20.2555 -1.6008 -4.75489
internal_weight=1941 679 528 151 165 363 1262 532 376 252 151 730 95 46 99 105 85 72 52 54 66 176 118 624 158 52 187 151 106 101
internal_count=1941 679 528 151 165 363 1262 532 376 252 151 730 95 46 99 105 85 72 52 54 66 176 118 624 158 52 187 151 106 101
is_linear=0
shrinkage=0.03


Tree=2
num_leaves=31
num_cat=0
split_feature=11 9 19 35 19 8 57 2 27 58 58 9 9 11 11 14 20 9 42 18 39 9 16 37 8 11 34 50 38 34
split_gain=1.01963e+08 9.61425e+06 1.33368e+07 6.84044e+06 6.38712e+06 8.3125e+06 7.7599e+06 1.19437e+07 8.80576e+06 5.6224e+06 6.25985e+06 5.61198e+06 1.46666e+07 3.88896e+06 3.81039e+06 3.54407e+06 3.2121e+06 3.33579e+06 2.39552e+06 1.87772e+06 1.8988e+06 1.44474e+06 4.02136e+06 4.16628e+06 1.41084e+06 1.31263e+06 1.28397e+06 882846 757608 666562
threshold=-0.47114434510950048 141.50000000000003 3.5000000000000004 455.33571430000006 2.5000000000000004 3.5000000000000004 304.50000000000006 5708.0000000000009 250.00000000000003 1004.2500000000001 1008.0500000000001 147.50000000000003 149.50000000000003 -0.19509032201612839 -0.84874750804349197 31.750000000000004 1.0000000180025095e-35 147.50000000000003 21.533035705000007 3.5000000000000004 776.91093752500012 141.50000000000003 24.750000000000004 5.3535714285000013 1.0000000180025095e-35 -0.81241147629688992 319.89375000000001 1.0000000180025095e-35 978.85937492500011 1076.825
decision_type=2 2 2 2 2 2 2 2 2 2 2 2 2 2 2 2 2 2 2 2 2 2 2 2 2 2 2 2 2 2
left_child=1 2 -1 11 5 6 7 8 -2 -10 -11 24 26 27 28 -4 17 29 -7 20 -17 22 23 -15 -3 -26 -13 -6 -14 -5
right_child=4 3 15 16 13 18 -8 -9 9 10 -12 12 14 21 -16 19 -18 -19 -20 -21 -22 -23 -24 -25 25 -27 -28 -29 -30 -31
leaf_value=-8.9138813945225319 -5.1438557109832761 11.426802603149413 -0.70815343442170509 2.6523424431234597 -5.5369483982815453 -8.1501580418262272 -8.3889817125657018 -7.4209818976266035 0.30364127797238966 18.287778940200806 0.21823980851606889 1.169082088926807 18.869778367054611 11.460545737526633 8.4295741303761798 2.8491932351248606 10.481383054054389 -6.5923114988803864 1.8969992923736572 20.63082096862793 14.532670547731461 -8.6085105389279875 -8.6410865879058836 -5.7274524011611936 21.288704008214612 14.453919423421222 -8.8597406005859369 0.32863203547894954 14.259163399272493 10.304941041128975
leaf_weight=56 40 25 23 20 34 194 68 70 34 80 22 20 79 22 72 21 59 30 24 20 31 466 106 30 85 36 27 72 54 21
leaf_count=56 40 25 23 20 34 194 68 70 34 80 22 20 79 22 72 21 59 30 24 20 31 466 106 30 85 36 27 72 54 21
internal_value=7.78241e-08 9.37399 2.69866 11.283 -5.04353 -2.54348 0.581126 3.06067 7.22951 10.8687 14.3904 13.2346 10.523 -6.86549 13.9885 9.54394 5.30833 1.0096 -7.04405 12.8189 9.81434 -7.76797 -5.2889 1.54439 17.9147 19.2552 -4.59216 -1.55278 16.9978 6.57197
internal_weight=1941 679 151 528 1262 532 314 246 176 136 102 398 252 730 205 95 130 71 218 72 52 624 158 52 146 121 47 106 133 41
internal_count=1941 679 151 528 1262 532 314 246 176 136 102 398 252 730 205 95 130 71 218 72 52 624 158 52 146 121 47 106 133 41
is_linear=0
shrinkage=0.03


Tree=3
num_leaves=31
num_cat=0
split_feature=11 9 6 49 6 19 8 27 57 53 11 11 40 43 17 37 27 35 9 6 11 51 15 33 15 9 26 53 41 6
split_gain=9.60289e+07 8.79845e+06 1.38056e+07 1.26437e+07 1.18685e+07 5.84766e+06 7.1515e+06 6.10283e+06 1.00353e+07 4.98292e+06 4.94466e+06 4.82283e+06 3.94976e+06 2.84118e+06 2.75893e+06 2.66297e+06 2.60427e+06 2.00783e+06 1.94084e+06 6.11286e+06 7.21431e+06 1.44219e+06 1.37204e+06 998641 1.11585e+06 994917 903136 847055 844688 731687
threshold=-0.5277851165098012 141.50000000000003 26.500000000000004 3.5000000000000004 28.500000000000004 1.0000000180025095e-35 3.5000000000000004 264.50000000000006 306.50000000000006 62.500000000000007 -0.2269546835593246 -0.84874750804349197 0.38511904762499055 82.108035715000014 50.500000000000007 715.48750000000007 250.00000000000003 274.78571430000005 141.50000000000003 18.500000000000004 0.77259657388510627 549.00000000000011 69.500000000000014 1133.0267855000004 76.500000000000014 144.50000000000003 14.750000000000002 191.00000000000003 219.7091300239349 22.500000000000004
decision_type=2 2 2 2 2 2 2 2 2 2 2 2 2 2 2 2 2 2 2 2 2 2 2 2 2 2 2 2 2 2
left_child=1 3 11 -1 26 6 7 12 9 14 25 23 16 -8 -9 27 -2 -6 19 -12 -21 22 -13 24 -3 -7 -4 -5 -17 -23
right_child=5 2 4 15 17 10 13 8 -10 -11 18 21 -14 -15 -16 28 -18 -19 -20 20 -22 29 -24 -25 -26 -27 -28 -29 -30 -31
leaf_value=-8.6485460159013865 -3.4832036972045897 20.622901715365323 -0.92267019903659819 0.59063552856445312 13.375246041339375 -3.8566984090265235 -7.8648634193420399 19.258475494384765 -7.3151839510599768 -1.4699652113233292 -8.2565536336201006 16.775963983950408 -7.8299162889208107 3.4587210199107292 6.6216959782268683 19.736190605163575 11.64306337738037 3.3013921362161636 -7.8383578815769184 -4.2786245100838798 16.623324483788529 2.9542815327644347 9.7834684211867202 12.696397724681431 15.217824609375 1.4564270017984546 -8.6682512555803566 8.7402886605262751 11.306246019446331 10.092684512819563
leaf_weight=53 21 110 20 22 69 53 150 48 36 21 123 46 70 23 23 20 20 24 571 42 23 24 56 27 50 79 42 24 23 28
leaf_count=53 21 110 20 22 69 53 150 48 36 21 123 46 70 23 23 20 20 24 571 42 23 24 56 27 50 79 42 24 23 28
internal_value=-5.56631e-08 9.53611 11.4211 2.9518 3.99745 -4.66926 -1.71376 1.64899 6.1132 11.3678 -6.03588 14.7955 -3.49892 -6.35942 15.1649 9.85987 3.89546 10.7755 -6.96788 -4.32405 3.11745 10.8641 12.9369 18.0332 18.9338 -0.676873 -6.16968 4.84263 15.2272 6.79804
internal_weight=1941 638 496 142 155 1303 412 239 128 92 891 341 111 173 71 89 41 93 759 188 65 154 102 187 160 132 62 46 43 52
internal_count=1941 638 496 142 155 1303 412 239 128 92 891 341 111 173 71 89 41 93 759 188 65 154 102 187 160 132 62 46 43 52
is_linear=0
shrinkage=0.03


Tree=4
num_leaves=31
num_cat=0
split_feature=11 9 19 35 19 8 57 2 27 58 58 9 9 11 11 53 20 9 43 8 9 46 37 11 10 48 39 50 10 38
split_gain=9.0393e+07 8.52014e+06 1.18484e+07 6.07771e+06 5.70327e+06 7.3821e+06 6.9325e+06 1.06486e+07 7.81699e+06 5.2036e+06 5.53835e+06 4.95836e+06 1.29744e+07 3.44977e+06 3.42728e+06 3.00094e+06 2.89276e+06 2.97172e+06 2.17662e+06 1.3082e+06 1.29138e+06 3.50905e+06 4.28513e+06 1.16792e+06 1.15563e+06 844339 1.18653e+06 807990 785683 697879
threshold=-0.47114434510950048 141.50000000000003 3.5000000000000004 455.33571430000006 2.5000000000000004 3.5000000000000004 304.50000000000006 5708.0000000000009 250.00000000000003 1004.2500000000001 1008.0500000000001 147.50000000000003 149.50000000000003 -0.19509032201612839 -0.84874750804349197 191.00000000000003 1.0000000180025095e-35 147.50000000000003 20.585714150000062 1.0000000180025095e-35 141.50000000000003 24.750000000000004 5.3535714285000013 -0.77259657388510616 0.44228869021900152 3.5000000000000004 864.60412945625001 1.0000000180025095e-35 -0.1628082571180898 978.85937492500011
decision_type=2 2 2 2 2 2 2 2 2 2 2 2 2 2 2 2 2 2 2 2 2 2 2 2 2 2 2 2 2 2
left_child=1 2 -1 11 5 6 7 8 -2 -10 -11 19 24 27 29 -4 17 -5 -7 -3 21 22 -15 28 -13 26 -17 -6 -21 -14
right_child=4 3 15 16 13 18 -8 -9 9 10 -12 12 14 20 -16 25 -18 -19 -20 23 -22 -23 -24 -25 -26 -27 -28 -29 -30 -31
leaf_value=-8.4032709993634906 -4.8198175891041748 10.614516105651855 1.3329136350077966 6.1621192604157979 -5.2782181692123409 -7.6819296033603619 -7.9202000444075633 -6.9952656244550431 0.1030150050275466 17.320884060859679 0.32454949899153274 -8.3511134507921003 17.824154019899005 11.892872074672153 7.9014016720652585 5.6499137132064154 9.9006974165318375 -6.2630311595797536 1.8951658940315246 15.437550962888276 -8.1151044761469446 -8.0632268563832081 -5.7763816127777101 13.019500994682312 1.1633315306603909 17.635782187325614 15.641086017608641 0.33318331857522332 21.608079852764423 13.399016764958699
leaf_weight=56 40 25 31 41 34 194 68 70 34 80 22 27 79 21 72 23 59 30 24 26 466 107 30 30 20 21 20 72 65 54
leaf_count=56 40 25 31 41 34 194 68 70 34 80 22 27 79 21 72 23 59 30 24 26 466 107 30 30 20 21 20 72 65 54
internal_value=8.68164e-08 8.82614 2.54211 10.6233 -4.74877 -2.38634 0.558212 2.90184 6.83819 10.267 13.655 12.4628 9.91406 -6.47043 13.1734 8.99412 4.99152 0.912056 -6.62757 16.862 -7.32042 -4.97662 1.49919 18.1528 -4.30241 12.705 10.297 -1.4667 19.8451 16.0275
internal_weight=1941 679 151 528 1262 532 314 246 176 136 102 398 252 730 205 95 130 71 218 146 624 158 51 121 47 64 43 106 91 133
internal_count=1941 679 151 528 1262 532 314 246 176 136 102 398 252 730 205 95 130 71 218 146 624 158 51 121 47 64 43 106 91 133
is_linear=0
shrinkage=0.03


Tree=5
num_leaves=31
num_cat=0
split_feature=11 9 49 19 2 16 2 35 28 9 9 11 11 50 37 11 9 9 9 11 40 46 46 8 41 9 24 14 41 39
split_gain=8.51229e+07 7.80076e+06 1.12251e+07 5.19809e+06 6.96492e+06 9.28867e+06 6.46298e+06 5.07943e+06 4.90739e+06 4.57936e+06 1.34954e+07 4.37384e+06 3.3508e+06 2.4936e+06 2.38933e+06 2.31877e+06 2.14246e+06 1.731e+06 5.42507e+06 6.51632e+06 1.37448e+06 1.55764e+06 1.2869e+06 1.20306e+06 940642 897538 861350 786679 784640 667044
threshold=-0.5277851165098012 141.50000000000003 3.5000000000000004 1.0000000180025095e-35 5792.1250000000009 25.550000000000004 141.71428575000002 455.33571430000006 1006.35 147.50000000000003 149.50000000000003 -0.2269546835593246 0.68322629814330826 34.500000000000007 715.48750000000007 -0.84874750804349197 147.50000000000003 141.50000000000003 139.50000000000003 0.77259657388510627 1.0000000180025095e-35 25.050000000000004 24.650000000000002 1.0000000180025095e-35 377.72117884077096 144.50000000000003 719.90000000000009 32.150000000000013 219.7091300239349 894.34676343750004
decision_type=2 2 2 2 2 2 2 2 2 2 2 2 2 2 2 2 2 2 2 2 2 2 2 2 2 2 2 2 2 2
left_child=1 2 -1 4 5 8 -7 9 12 23 -11 25 22 16 27 29 -9 18 -13 -20 -10 -22 -2 -3 -25 -5 -18 -4 -16 -12
right_child=3 7 14 11 -6 6 -8 13 20 10 15 17 -14 -15 28 -17 26 -19 19 -21 21 -23 -24 24 -26 -27 -28 -29 -30 -31
leaf_value=-8.1517305251787295 -7.5349871275501865 10.587510876655578 1.0941830503023586 -3.6646148283976427 -7.4862383660816008 -7.6654277791295726 10.848585504055022 7.2723010857899979 15.527556969324747 -4.9166131594975786 17.222182541823969 -7.7690063744928768 10.330732443874533 13.160412827597723 18.717385551452637 8.5597964649824867 2.1473072596958702 -7.3832409132341157 -4.0831597314562114 15.78192877728006 12.906515609077784 1.4590441446304321 1.9522380078922619 16.167767521363718 21.995943654378255 1.3818012238152417 -6.4451301520849968 9.0082051695585239 10.592600913669752 12.852675404268151
leaf_weight=53 31 24 26 53 126 112 20 45 36 45 82 123 22 27 20 63 21 571 42 23 23 20 22 81 36 79 21 20 23 51
leaf_count=53 31 24 26 53 126 112 20 45 36 45 82 123 22 27 20 63 21 571 42 23 23 20 22 81 36 79 21 20 23 51
internal_value=-9.41512e-08 8.97829 2.77851 -4.39612 -1.60961 0.979396 -4.86027 10.7532 5.98483 12.4117 9.89927 -5.68461 0.488543 5.19588 9.28753 13.3009 2.72413 -6.56117 -4.06434 2.94603 11.2028 7.58211 -3.59689 16.706 17.9611 -0.644411 -2.14891 4.53506 14.3716 15.5467
internal_weight=1941 638 142 1303 412 286 132 496 154 382 241 891 75 114 89 196 87 759 188 65 79 43 53 141 117 132 42 46 43 133
internal_count=1941 638 142 1303 412 286 132 496 154 382 241 891 75 114 89 196 87 759 188 65 79 43 53 141 117 132 42 46 43 133
is_linear=0
shrinkage=0.03


Tree=6
num_leaves=31
num_cat=0
split_feature=11 12 6 49 6 8 49 34 27 27 11 11 58 58 36 37 6 47 15 51 15 10 41 18 10 44 41 26 11 31
split_gain=8.00921e+07 7.33973e+06 1.16458e+07 1.05617e+07 9.91895e+06 4.80697e+06 6.46477e+06 6.07794e+06 9.77149e+06 9.68525e+06 4.69546e+06 4.05608e+06 3.73747e+06 4.1535e+06 2.58099e+06 2.24812e+06 1.95353e+06 1.74806e+06 1.55554e+06 1.2347e+06 1.19357e+06 1.02433e+06 877553 833850 796816 794752 738268 708064 688947 615528
threshold=-0.5277851165098012 0.64987354830121502 26.500000000000004 3.5000000000000004 28.500000000000004 3.5000000000000004 10.500000000000002 1.0000000180025095e-35 305.50000000000006 250.00000000000003 -0.16280825711808986 -0.84874750804349197 1004.1500000000002 1008.0500000000001 20.210714285000005 715.48750000000007 19.500000000000004 1.5000000000000002 81.500000000000014 549.00000000000011 69.500000000000014 0.77259657388510639 367.07584504266839 1.0000000180025095e-35 0.35206144883412582 32.150000000000013 219.7091300239349 11.65 -0.88144907265856332 719.56250000000011
decision_type=2 2 2 2 2 2 2 2 2 2 2 2 2 2 2 2 2 2 2 2 2 2 2 2 2 2 2 2 2 2
left_child=1 2 11 -3 24 6 7 8 9 -2 -7 22 -11 18 -8 25 -9 -6 21 20 -13 -14 29 -21 -4 -5 -17 -10 -19 -1
right_child=5 3 4 15 17 10 14 16 27 12 -12 19 13 -15 -16 26 -18 28 -20 23 -22 -23 -24 -25 -26 -27 -28 -29 -30 -31
leaf_value=18.882172342936197 -5.0113953584095219 -7.9071785232256042 -8.0292417035784034 0.78492993621826168 3.5421251448563162 -0.75810456045107399 -1.4439272008492396 1.7644860725402831 -7.6931699594350951 -2.0458247916698453 -7.6562345899677062 15.423028300741445 7.9824086310646747 1.0035208766698835 -7.8185036964059993 18.155863403320311 -6.7537018962133493 15.549664604880592 18.893084179271348 9.6793804182325101 8.9011520308256138 16.339491483514959 19.155973898751395 2.0588995999097821 -0.75384820175170897 8.7014868729455124 10.274823024583899 -1.4665949795462867 9.3717934191226959 13.717591715494791
leaf_weight=27 53 53 42 25 28 110 78 30 65 20 461 46 33 25 214 20 126 33 44 28 56 22 70 24 20 21 23 22 32 90
leaf_count=27 53 53 42 25 28 110 78 30 65 20 461 46 33 25 214 20 126 33 44 28 56 22 70 24 20 21 23 22 32 90
internal_value=-6.37954e-08 8.70894 10.4306 2.69516 3.61233 -4.26424 -2.6549 -0.358185 2.25504 5.95305 -6.32735 13.5299 9.98858 11.9296 -6.11571 9.00891 -5.11559 9.80877 14.6887 9.92442 11.8424 11.3252 16.499 6.16224 -5.68234 4.39901 13.9404 -6.11863 12.5083 14.9094
internal_weight=1941 638 496 142 155 1303 732 440 284 197 571 341 144 124 292 89 156 93 99 154 102 55 187 52 62 46 43 87 65 117
internal_count=1941 638 496 142 155 1303 732 440 284 197 571 341 144 124 292 89 156 93 99 154 102 55 187 52 62 46 43 87 65 117
is_linear=0
shrinkage=0.03


Tree=7
num_leaves=31
num_cat=0
split_feature=11 12 6 19 6 11 19 8 57 2 27 58 58 11 14 16 43 18 39 10 11 12 16 37 51 45 10 14 50 18
split_gain=7.54466e+07 7.11686e+06 1.05442e+07 9.93904e+06 8.76645e+06 5.07075e+06 4.83324e+06 6.23033e+06 5.92593e+06 9.01712e+06 6.72503e+06 4.46653e+06 4.72734e+06 2.90243e+06 2.70861e+06 1.85407e+06 1.85309e+06 1.51867e+06 1.58378e+06 1.26188e+06 1.25163e+06 1.104e+06 3.0144e+06 3.2833e+06 1.06635e+06 994589 830157 983508 731129 656100
threshold=-0.47114434510950048 0.64987354830121502 26.500000000000004 3.5000000000000004 28.500000000000004 -0.84874750804349197 2.5000000000000004 3.5000000000000004 304.50000000000006 5708.0000000000009 250.00000000000003 1004.2500000000001 1008.0500000000001 -0.19509032201612839 31.750000000000004 24.150000000000002 20.585714150000062 3.5000000000000004 776.91093752500012 0.44228869021900152 -0.58216583101416131 0.64987354830121502 24.750000000000004 5.3535714285000013 549.00000000000011 70.500000000000014 -0.25881904510252113 29.450000000000003 1.0000000180025095e-35 1.0000000180025095e-35
decision_type=2 2 2 2 2 2 2 2 2 2 2 2 2 2 2 2 2 2 2 2 2 2 2 2 2 2 2 2 2 2
left_child=1 2 5 -3 19 26 7 8 9 10 -2 -12 -13 28 -5 -6 -9 18 -16 -4 24 -15 23 -23 25 -7 -1 -28 -8 -26
right_child=6 3 4 14 15 20 13 16 -10 -11 11 12 -14 21 17 -17 -18 -19 -20 -21 -22 22 -24 -25 29 -27 27 -29 -30 -31
leaf_value=12.400585294636812 -4.4825991854667659 -7.7045086342947826 -7.7864839404562245 -0.73308818485425864 11.966935159509832 15.786230438232423 -4.9593959906521965 -7.0328488280355312 -7.2973164838903086 -6.399145427431379 0.09418843220261966 16.036611803054811 0.33393865374001586 -7.4377684063972831 2.0293304933820453 3.2578522716056217 1.8038865518569946 18.118033195495606 12.699697671705676 1.2398040018081666 4.527460757602344 10.183166802146216 -7.4382083564434405 -5.0751293582916253 10.009302742481232 9.350116598656836 13.188637804636141 18.690202286664174 0.37844173818826676 2.7482870973859517
leaf_weight=44 40 56 46 23 66 40 34 194 68 70 34 80 22 466 21 33 24 20 31 20 44 22 106 30 24 47 41 102 72 21
leaf_count=44 40 56 46 23 66 40 34 194 68 70 34 80 22 466 21 33 24 20 31 20 44 22 106 30 24 47 41 102 72 21
internal_value=4.71572e-08 8.06349 9.70598 2.32022 3.41785 12.5642 -4.33844 -2.16365 0.541453 2.70827 6.33053 9.51087 12.6498 -5.92335 8.22954 9.06391 -6.06 11.0926 8.39051 -5.05125 8.90938 -6.703 -4.53591 1.3803 10.37 12.3092 16.0041 17.1128 -1.33369 6.62083
internal_weight=1941 679 528 151 165 363 1262 532 314 246 176 136 102 730 95 99 218 72 52 66 176 624 158 52 132 87 187 143 106 45
internal_count=1941 679 528 151 165 363 1262 532 314 246 176 136 102 730 95 99 218 72 52 66 176 624 158 52 132 87 187 143 106 45
is_linear=0
shrinkage=0.03


Tree=8
num_leaves=31
num_cat=0
split_feature=11 12 6 49 6 11 8 49 34 6 12 10 10 11 49 6 16 11 33 52 11 20 51 45 33 15 48 18 18 15
split_gain=7.09877e+07 6.69625e+06 9.92099e+06 9.415e+06 8.24835e+06 4.77107e+06 4.45738e+06 6.09771e+06 4.70817e+06 6.65018e+06 7.83026e+06 9.34839e+06 4.96455e+06 2.97391e+06 2.63394e+06 1.8253e+06 1.74449e+06 1.20477e+06 1.20186e+06 1.19521e+06 1.17766e+06 1.03807e+06 1.00333e+06 935808 807494 934620 671914 654039 617325 575643
threshold=-0.47114434510950048 0.64987354830121502 26.500000000000004 9.5000000000000018 28.500000000000004 -0.84874750804349197 3.5000000000000004 6.5000000000000009 1.0000000180025095e-35 26.500000000000004 0.64987354830121502 0.58216583101416164 0.35206144883412582 -0.16280825711808986 47.500000000000007 19.500000000000004 24.150000000000002 -0.097964660725097366 399.85803570000007 438.50000000000006 -0.58216583101416131 1.0000000180025095e-35 549.00000000000011 70.500000000000014 1133.0267855000004 76.500000000000014 1.5000000000000002 48.500000000000007 1.0000000180025095e-35 81.500000000000014
decision_type=2 2 2 2 2 2 2 2 2 2 2 2 2 2 2 2 2 2 2 2 2 2 2 2 2 2 2 2 2 2
left_child=1 2 5 26 19 24 7 8 9 10 -2 29 -11 -8 18 -10 -6 -9 -5 -4 22 -19 23 -7 25 -1 -3 -14 -24 -12
right_child=6 3 4 14 16 20 13 17 15 12 11 -13 27 -15 -16 -17 -18 21 -20 -21 -22 -23 28 -25 -26 -27 -28 -29 -30 -31
leaf_value=17.879621749877931 -6.5533264244428953 -1.1602727851867676 1.2228927862644194 17.918774538907137 11.607927139780738 15.312643295288085 -1.3023864550694173 -1.8295017063617705 3.2564176041739326 -1.6411328864097594 12.282233557267622 -3.9957901489734646 17.735369186401364 -7.2098805070544012 -0.23334792137145996 -6.4099231158362491 3.160116800069809 -1.4652307356557539 9.1493817079984225 -7.5617080754819126 4.3916369130394672 -7.3178459426274909 9.70902374446392 9.0696129543223272 10.724972671932644 12.932901140141487 -7.6664685516357416 10.925280449607154 2.6658385317666191 19.226254272460938
leaf_weight=110 101 20 20 22 66 40 92 58 21 24 22 44 30 461 20 108 33 31 39 46 44 227 24 47 27 50 50 22 21 21
leaf_count=110 101 20 20 22 66 40 92 58 21 24 22 44 30 461 20 108 33 31 39 46 44 227 24 47 27 50 50 22 21 21
internal_value=-3.23542e-09 7.82158 9.4148 2.25062 3.31531 12.1873 -4.20829 -2.63368 -0.138924 2.1564 -0.870959 5.72581 9.64513 -6.22708 9.21447 -4.83633 8.79199 -5.73634 12.3121 -4.89971 8.6421 -6.61462 10.0589 11.94 15.5239 16.3338 -5.80756 14.8542 6.4222 15.6735
internal_weight=1941 679 528 151 165 363 1262 709 393 264 188 87 76 553 81 129 99 316 61 66 176 258 132 87 187 160 70 52 45 43
internal_count=1941 679 528 151 165 363 1262 709 393 264 188 87 76 553 81 129 99 316 61 66 176 258 132 87 187 160 70 52 45 43
is_linear=0
shrinkage=0.03


Tree=9
num_leaves=31
num_cat=0
split_feature=23 43 8 6 12 27 8 12 15 6 10 31 4 37 2 39 47 6 16 41 56 49 27 53 26 52 6 22 10 16
split_gain=5.80877e+07 9.49493e+06 5.81444e+06 1.01267e+07 1.01101e+07 7.53809e+06 5.0076e+06 5.03324e+06 8.00595e+06 5.42924e+06 1.15442e+07 4.74317e+06 3.70015e+06 2.64051e+06 2.1767e+06 2.07384e+06 3.85543e+06 1.42413e+06 1.75591e+06 1.26745e+06 1.13121e+06 1.12863e+06 1.08619e+06 1.0357e+06 834167 818780 769814 721880 699398 575961
threshold=151.50000000000003 12.693750000000003 3.5000000000000004 26.500000000000004 0.64987354830121502 307.50000000000006 3.5000000000000004 0.64987354830121502 81.500000000000014 26.500000000000004 0.29012925520284133 436.81428570000008 13.500000000000002 317.07857140000004 5527.0000000000009 202.10602678187504 45.500000000000007 20.500000000000004 25.050000000000004 335.62918893161896 12.550000000000002 41.500000000000007 276.50000000000006 118.50000000000001 18.650000000000002 180.50000000000003 28.500000000000004 460.50000000000006 0.81241147629689026 25.050000000000004
decision_type=2 2 2 2 2 2 2 2 2 2 2 2 2 2 2 2 2 2 2 2 2 2 2 2 2 2 2 2 2 2
left_child=1 6 3 4 14 -6 7 9 15 11 -11 -1 21 17 22 16 19 -3 -19 -9 -18 26 27 -8 -14 29 -4 -2 -12 -15
right_child=2 13 12 -5 5 -7 23 8 -10 10 28 -13 24 25 -16 -17 20 18 -20 -21 -22 -23 -24 -25 -26 -27 -28 -29 -30 -31
leaf_value=-6.8741448638371061 14.16036048594643 -3.4994847021102906 16.465049177408218 -6.1247612814392367 -7.4906138816246619 14.181514434814453 -7.0903056210593167 12.495026165355336 17.820902252197264 -5.8329235032025499 10.511164134979248 6.1758555083804652 1.726701523917062 9.1782845239078306 6.650732737569248 -8.2190791102818093 -6.6001707255045572 10.063444175720214 -0.61991025416056311 2.9459567661943109 1.8322034869875228 8.0532374426034767 9.4298628986583033 -2.0556760768890379 8.3804080372078467 0.47230564498901367 12.110749654769897 20.308673838739811 18.445003692626951 3.8831281411442262
leaf_weight=350 68 70 96 56 52 20 456 22 24 68 20 27 28 51 51 28 45 20 45 29 21 26 34 40 43 20 59 23 20 29
leaf_count=350 68 70 96 56 52 20 456 22 24 68 20 27 28 51 51 28 45 20 45 29 21 26 34 40 43 20 59 23 20 29
internal_value=-2.47815e-10 -3.28824 8.19102 5.39782 7.9997 -1.47058 -4.4111 -2.68709 1.77136 -4.24066 1.68967 -5.93953 11.5606 2.20663 11.8739 -0.885119 0.870016 -0.530304 2.66728 7.06516 -3.91714 13.8374 14.005 -6.68429 5.75641 5.90149 14.8076 15.7143 14.4781 7.25879
internal_weight=1941 1385 556 304 248 72 1150 654 169 485 108 377 252 235 176 145 117 135 65 51 66 181 125 496 71 100 155 91 40 80
internal_count=1941 1385 556 304 248 72 1150 654 169 485 108 377 252 235 176 145 117 135 65 51 66 181 125 496 71 100 155 91 40 80
is_linear=0
shrinkage=0.03


Tree=10
num_leaves=31
num_cat=0
split_feature=11 12 19 35 19 8 57 2 57 58 58 12 12 11 11 14 50 36 12 8 48 39 12 2 39 12 46 37 41 53
split_gain=6.29731e+07 5.97175e+06 8.44779e+06 4.3824e+06 4.06035e+06 5.18606e+06 5.01327e+06 7.6563e+06 5.16879e+06 3.99817e+06 3.77009e+06 3.41941e+06 9.04608e+06 2.56278e+06 2.46828e+06 2.33599e+06 2.08329e+06 1.59861e+06 1.51428e+06 1.07897e+06 1.00214e+06 1.21452e+06 926324 902686 892872 852796 2.39719e+06 3.32489e+06 849920 628583
threshold=-0.47114434510950048 0.64987354830121502 3.5000000000000004 455.33571430000006 2.5000000000000004 3.5000000000000004 304.50000000000006 5708.0000000000009 250.00000000000003 1004.2500000000001 1008.0500000000001 0.56811179347017271 0.53946920585801694 -0.77259657388510616 -0.2269546835593246 31.750000000000004 25.500000000000004 59.128571430000008 0.56811179347017271 1.0000000180025095e-35 3.5000000000000004 776.91093752500012 0.52490632455031438 6206.0000000000009 772.68883924375007 0.64987354830121502 24.750000000000004 5.3535714285000013 377.72117884077096 197.50000000000003
decision_type=2 2 2 2 2 2 2 2 2 2 2 2 2 2 2 2 2 2 2 2 2 2 2 2 2 2 2 2 2 2
left_child=1 3 -3 11 5 6 7 8 -2 -10 -11 12 13 29 -6 -4 18 23 22 -13 21 -17 -5 -7 -14 -16 27 -27 -21 -1
right_child=4 2 15 16 14 17 -8 -9 9 10 -12 19 24 -15 25 20 -18 -19 -20 28 -22 -23 -24 -25 -26 26 -28 -29 -30 -31
leaf_value=11.416484115354475 -3.6513151431083677 -7.1362658418927865 -0.76947163457455836 2.7812060812711716 -0.87873437386560938 4.1490285859107967 -6.7121828732771025 -5.9013843379701889 -0.12128668805531091 14.614280081748962 0.33180668422154014 8.4129040512084945 1.2504218387603758 5.2097056400074679 -6.7211691627262526 2.1385390892028808 10.600246332341973 -6.9084411236802499 5.4339071770187681 13.622649896958295 15.548427741310812 11.682598621368408 -5.8065532568211742 -4.1356096808663727 -7.1126894463433157 10.316597486223493 -6.7521378183810512 -5.1438125167354452 19.122389806111656 15.335313812631075
leaf_weight=93 40 56 23 20 94 20 68 70 35 80 21 25 20 51 477 20 33 169 51 85 22 30 26 29 27 21 107 31 36 61
leaf_count=93 40 56 23 20 94 20 68 70 35 80 21 25 20 51 477 20 33 169 51 85 22 30 26 29 27 21 107 31 36 61
internal_value=-9.6109e-10 7.36683 2.10586 8.87139 -3.96361 -1.97028 0.49773 2.49071 5.82848 8.61666 11.6447 10.4334 8.31686 11.0384 -5.41628 7.55386 4.08916 -5.52513 1.87405 14.0867 10.2127 7.86497 -2.07274 -0.754125 -3.55392 -6.08693 -4.1842 1.09981 15.2589 12.9687
internal_weight=1941 679 151 528 1262 532 314 246 176 136 101 398 252 205 730 95 130 218 97 146 72 50 46 49 47 636 159 52 121 154
internal_count=1941 679 151 528 1262 532 314 246 176 136 101 398 252 205 730 95 130 218 97 146 72 50 46 49 47 636 159 52 121 154
is_linear=0
shrinkage=0.03


Tree=11
num_leaves=31
num_cat=0
split_feature=1 10 9 19 6 6 23 8 19 17 56 15 27 27 4 6 9 14 4 58 6 43 18 15 40 4 14 30 24 9
split_gain=5.23877e+07 7.04321e+06 6.79778e+06 6.54673e+06 5.39366e+06 5.6811e+06 4.61607e+06 4.02983e+06 5.65792e+06 3.76601e+06 3.6426e+06 5.01894e+06 4.48517e+06 4.81803e+06 3.06538e+06 2.7754e+06 2.48994e+06 4.03394e+06 1.88903e+06 1.46946e+06 1.81892e+06 1.18363e+06 1.04387e+06 951302 1.15054e+06 916328 853420 829816 703133 601309
threshold=2928.5714285000004 -0.5 141.50000000000003 3.5000000000000004 26.500000000000004 28.500000000000004 138.50000000000003 3.5000000000000004 1.0000000180025095e-35 50.500000000000007 7.6500000000000012 75.500000000000014 250.00000000000003 301.50000000000006 8.5000000000000018 3.5000000000000004 141.50000000000003 28.550000000000004 9.5000000000000018 1003.7500000000001 26.500000000000004 20.585714150000062 48.500000000000007 76.500000000000014 739.63370535000001 18.500000000000004 31.650000000000002 104.29285715000002 493.65000000000003 145.50000000000003
decision_type=2 2 2 2 2 2 2 2 2 2 2 2 2 2 2 2 2 2 2 2 2 2 2 2 2 2 2 2 2 2
left_child=6 15 3 -3 14 18 7 8 10 28 -1 -12 -13 22 29 -2 17 -10 -6 -17 26 -9 -14 24 -16 -19 -21 -18 -5 -4
right_child=1 2 4 9 5 -7 -8 21 16 -11 11 12 13 -15 23 19 27 25 -20 20 -22 -23 -24 -25 -26 -27 -28 -29 -30 -31
leaf_value=-5.5980973305421715 10.761257061591515 -6.9378642240483703 9.7966609059209393 9.5331094322204581 4.7078478641510006 10.189569969757184 7.9722687484478119 -6.5993593340012131 11.324450095040456 -0.99003620147705085 -5.5082071536924779 -3.0487440937757491 16.190712256431581 -2.9971975618600846 16.563349949763371 -6.9884801725907755 -6.170495927973124 -5.6772190592024057 -6.9115361426858337 0.19843050507612006 -3.4436454054594039 -1.6977143664019447 8.4176945462434194 10.916647927532457 10.669492596387864 1.1777938754741963 5.6462614163572962 -0.78267498212201247 17.488108154296874 3.552327104432242
leaf_weight=51 26 47 23 20 20 74 29 466 21 27 41 32 48 20 117 22 317 54 34 43 50 49 23 73 40 26 65 28 20 35
leaf_count=51 26 47 23 20 20 74 29 466 21 27 41 32 48 20 117 22 317 54 34 43 50 49 23 73 40 26 65 28 20 35
internal_value=2.57198e-08 6.30635 8.13598 1.64573 9.91455 4.79057 -3.85184 -4.14342 -2.59331 7.66707 1.40427 3.58183 6.61185 10.009 12.1919 1.59905 -4.52039 -0.377562 -2.60806 0.275615 1.28707 -6.13299 13.6727 13.7461 15.0617 -3.44934 3.47722 -5.73322 13.5106 6.02853
internal_weight=1941 736 530 114 416 128 1205 1176 661 67 215 164 123 91 288 206 446 101 54 180 158 515 71 230 157 80 108 345 40 58
internal_count=1941 736 530 114 416 128 1205 1176 661 67 215 164 123 91 288 206 446 101 54 180 158 515 71 230 157 80 108 345 40 58
is_linear=0
shrinkage=0.03


Tree=12
num_leaves=31
num_cat=0
split_feature=11 9 9 35 11 8 47 34 57 27 9 9 17 9 58 58 24 9 11 18 15 8 46 48 41 30 9 39 33 48
split_gain=5.59505e+07 5.14087e+06 6.85804e+06 3.46788e+06 3.37562e+06 3.99414e+06 5.45926e+06 4.79981e+06 8.0445e+06 5.58319e+06 3.14451e+06 8.95668e+06 2.52833e+06 2.47905e+06 2.30028e+06 3.06851e+06 1.82841e+06 1.63051e+06 1.61194e+06 1.15905e+06 1.14318e+06 870852 730608 631966 629670 582499 576327 571392 610446 605401
threshold=-0.5277851165098012 141.50000000000003 139.50000000000003 443.67500000000001 -0.29012925520284105 3.5000000000000004 68.500000000000014 1.0000000180025095e-35 304.50000000000006 250.00000000000003 147.50000000000003 149.50000000000003 50.500000000000007 140.50000000000003 1004.2500000000001 1007.7500000000001 344.15000000000003 147.50000000000003 -0.84874750804349197 40.500000000000007 81.500000000000014 1.0000000180025095e-35 24.750000000000004 62.500000000000007 377.72117884077096 79.241071430000019 143.50000000000003 894.34676343750004 724.31875000000002 1.5000000000000002
decision_type=2 2 2 2 2 2 2 2 2 2 2 2 2 2 2 2 2 2 2 2 2 2 2 2 2 2 2 2 2 2
left_child=1 2 12 10 19 6 7 8 9 -6 21 -12 -1 -9 -11 20 -5 -18 27 26 22 -3 -16 -21 -23 -8 -2 28 -13 -29
right_child=4 3 -4 16 5 -7 25 13 -10 14 11 18 -14 -15 15 -17 17 -19 -20 23 -22 24 -24 -25 -26 -27 -28 29 -30 -31
leaf_value=11.235295592414008 -4.2619042887290322 8.3766323377256811 -6.8367932253467796 10.223554603945125 -3.6978760937282016 -6.152744785320305 -6.526379873402913 2.6658886056787825 -6.3523824360059651 0.079823528128591448 -4.0236707385381063 12.22574992126348 1.2110743126502403 -6.5026058901242969 13.291822401193473 0.15530880832672117 5.6394584734896389 -2.7175752951283205 6.888497069222586 8.354549861294883 16.910380485534667 13.284029673278331 5.6650513458251952 1.2951553894042969 18.061639556884764 -1.5140527862051258 0.3088571371436119 6.494005040255459 17.604864925261467 13.093601875305175
leaf_weight=54 36 23 49 33 42 499 225 34 69 22 45 49 39 121 26 20 47 38 63 21 40 80 20 25 36 23 80 22 31 29
leaf_count=54 36 23 49 33 42 499 225 34 69 22 45 49 39 121 26 20 47 38 63 21 40 80 20 25 36 23 80 22 31 29
internal_value=-3.48491e-08 7.27901 2.24602 8.71991 -3.56409 -4.13945 -2.5746 -0.379783 2.28678 5.79327 10.1215 8.03475 7.03159 -4.49145 8.90755 10.7397 4.2302 1.90337 10.8318 0.488299 13.2012 13.7094 9.97583 4.51792 14.7667 -6.06153 -1.10966 12.7282 14.3102 10.2467
internal_weight=1941 638 142 496 1303 1141 642 394 239 170 378 239 93 155 128 106 118 85 194 162 86 139 46 46 116 248 116 131 80 51
internal_count=1941 638 142 496 1303 1141 642 394 239 170 378 239 93 155 128 106 118 85 194 162 86 139 46 46 116 248 116 131 80 51
is_linear=0
shrinkage=0.03


Tree=13
num_leaves=31
num_cat=0
split_feature=11 12 6 19 6 19 8 45 26 8 10 11 11 14 47 43 47 8 17 56 46 57 16 45 45 58 12 58 45 41
split_gain=5.26438e+07 4.83705e+06 7.73461e+06 7.1537e+06 6.64828e+06 3.32259e+06 4.02691e+06 3.27423e+06 5.65344e+06 2.91212e+06 3.01762e+06 2.76575e+06 2.68546e+06 1.67119e+06 1.66197e+06 1.6063e+06 1.37843e+06 1.084e+06 2.68814e+06 4.58556e+06 2.80751e+06 894697 802632 1.22063e+06 896004 749124 700242 651131 614986 611339
threshold=-0.5277851165098012 0.64987354830121502 26.500000000000004 3.5000000000000004 28.500000000000004 1.0000000180025095e-35 3.5000000000000004 75.500000000000014 11.850000000000003 1.5000000000000002 0.097964660725097366 -0.2269546835593246 -0.91037613702198728 32.150000000000013 50.500000000000007 82.108035715000014 1.5000000000000002 2.5000000000000004 43.500000000000007 9.3500000000000032 25.950000000000003 264.50000000000006 23.250000000000004 62.500000000000007 70.500000000000014 1006.0500000000001 0.60980454008255491 1006.0500000000001 85.500000000000014 219.7091300239349
decision_type=2 2 2 2 2 2 2 2 2 2 2 2 2 2 2 2 2 2 2 2 2 2 2 2 2 2 2 2 2 2
left_child=1 2 12 -3 -4 6 7 21 9 -9 -11 26 27 -5 -12 -8 -6 18 19 20 -13 -2 -14 -24 -25 -15 28 -1 -7 -26
right_child=5 3 4 13 16 11 15 8 -10 10 14 17 22 25 -16 -17 -18 -19 -20 -21 -22 -23 23 24 29 -27 -28 -29 -30 -31
leaf_value=10.810977284358097 -6.9686023800872086 -6.5470437046266943 -4.7078049936602193 2.0196310112693094 2.4098697642343381 3.1113532466358609 -5.8473732684135431 -5.370904127267691 12.077113188663308 -5.3676440074227072 12.833538281576974 12.308203435897827 13.071914584636687 6.0510918126787461 1.9498637406722357 2.6669203637993855 10.371826088685255 -6.200201874413569 -6.0077683459350038 -5.265510237979889 -1.6232155186197033 0.46963936198841444 3.1614966559410096 12.813550840865734 4.6698543623403497 13.218271689278739 -3.1470379411049607 15.356400582240177 -2.5798056281089781 9.787038162718428
leaf_weight=39 43 53 62 33 28 54 150 52 49 22 28 30 32 21 23 23 65 421 210 75 23 22 38 43 38 35 53 104 25 47
leaf_count=39 43 53 62 33 28 54 150 52 49 22 28 30 32 21 23 23 65 421 210 75 23 22 38 43 38 35 53 104 25 47
internal_value=2.42122e-08 7.06064 8.45831 2.17864 2.90168 -3.45717 -1.22936 1.29402 3.44017 0.054486 3.91915 -4.48731 10.984 7.37483 7.92521 -4.71542 7.97468 -5.18434 -3.91903 -0.492196 6.26249 -4.45104 8.72155 7.88292 9.28459 10.5306 -0.479357 14.1167 1.31035 7.49936
internal_weight=1941 638 496 142 155 1303 412 239 174 125 73 891 341 89 51 173 93 759 338 128 53 65 198 166 128 56 132 143 79 85
internal_count=1941 638 496 142 155 1303 412 239 174 125 73 891 341 89 51 173 93 759 338 128 53 65 198 166 128 56 132 143 79 85
is_linear=0
shrinkage=0.03


Tree=14
num_leaves=31
num_cat=0
split_feature=11 12 6 49 6 11 19 8 2 6 12 11 49 11 11 2 43 33 52 15 11 12 46 37 55 45 33 15 20 18
split_gain=4.95593e+07 4.68973e+06 6.97037e+06 6.82223e+06 5.84022e+06 3.38756e+06 3.25649e+06 4.05781e+06 3.97519e+06 6.54564e+06 3.84236e+06 5.49463e+06 2.10624e+06 1.94538e+06 1.51585e+06 1.34581e+06 1.27593e+06 1.13174e+06 977607 970846 914655 734553 2.05623e+06 2.54519e+06 710808 699001 625198 729082 575840 537750
threshold=-0.47114434510950048 0.64987354830121502 26.500000000000004 9.5000000000000018 28.500000000000004 -0.84874750804349197 2.5000000000000004 3.5000000000000004 5708.0000000000009 26.500000000000004 0.64987354830121502 0.68322629814330826 47.500000000000007 -0.16280825711808986 0.77259657388510627 5527.0000000000009 20.585714150000062 399.85803570000007 438.50000000000006 78.500000000000014 -0.58216583101416131 0.64987354830121502 24.750000000000004 5.3535714285000013 549.00000000000011 70.500000000000014 1133.0267855000004 76.500000000000014 1.0000000180025095e-35 1.0000000180025095e-35
decision_type=2 2 2 2 2 2 2 2 2 2 2 2 2 2 2 2 2 2 2 2 2 2 2 2 2 2 2 2 2 2
left_child=1 2 5 -3 18 26 7 8 9 10 -2 19 17 28 -11 -6 -9 -5 -4 -12 24 -15 23 -23 25 -7 27 -1 -8 -26
right_child=6 3 4 12 15 20 13 16 -10 14 11 -13 -14 21 -16 -17 -18 -19 -20 -21 -22 22 -24 -25 29 -27 -28 -29 -30 -31
leaf_value=15.08199529578469 -5.3927815786076749 -4.986325231279646 1.3806900537014006 16.011708235307175 9.124314507351647 12.952028903961182 -4.2729622305356543 -5.6828106290286344 -5.4194092068305384 13.847931168419974 -7.3644101071357726 12.035867422544039 -0.64751121711730952 -6.0998775889051009 4.3966312623023986 0.4126190099716186 1.6497772932052612 7.5019829999483552 -6.5640842404572863 1.0829068130493162 3.4593705706162887 9.2487008443900507 -6.1084371779515187 -4.4651062419496732 8.4605529022216786 7.5564154980030462 8.7814171261257581 10.712933853149414 0.18223952294527729 1.8869637649399893
leaf_weight=110 82 70 20 22 79 40 39 194 78 42 24 39 20 458 24 20 24 39 46 25 44 21 104 29 24 47 27 50 79 21
leaf_count=110 82 70 20 22 79 40 39 194 78 42 24 39 20 458 24 20 24 39 46 25 44 21 104 29 24 47 27 50 79 21
internal_value=-2.6911e-08 6.5353 7.86861 1.87313 2.75599 10.1925 -3.51622 -1.73108 0.452025 2.39258 -0.720485 3.63325 7.80105 -4.81717 10.4111 7.36438 -4.87555 10.5711 -4.15658 -3.05455 7.20525 -5.4972 -3.70482 1.29469 8.45388 10.0372 13.0041 13.7167 -1.29024 5.39288
internal_weight=1941 679 528 151 165 363 1262 532 314 236 170 88 81 730 66 99 218 61 66 49 176 612 154 50 132 87 187 160 118 45
internal_count=1941 679 528 151 165 363 1262 532 314 236 170 88 81 730 66 99 218 61 66 49 176 612 154 50 132 87 187 160 118 45
is_linear=0
shrinkage=0.03


Tree=15
num_leaves=31
num_cat=0
split_feature=11 9 19 6 6 11 19 8 2 6 9 45 19 16 10 10 40 15 10 11 36 18 9 46 40 56 40 9 42 19
split_gain=4.66544e+07 4.55902e+06 6.55773e+06 6.4796e+06 5.14586e+06 3.93737e+06 3.14416e+06 4.02962e+06 3.69502e+06 6.03953e+06 4.20926e+06 4.86997e+06 2.32069e+06 1.58703e+06 1.58667e+06 1.37533e+06 1.31375e+06 1.39589e+06 1.2846e+06 1.08832e+06 1.00381e+06 862791 755487 2.15559e+06 1.88773e+06 701766 683213 520928 462021 456215
threshold=-0.41248606129204529 141.50000000000003 9.5000000000000018 26.500000000000004 28.500000000000004 -0.68322629814330815 2.5000000000000004 3.5000000000000004 5708.0000000000009 26.500000000000004 141.50000000000003 80.500000000000014 47.500000000000007 24.150000000000002 0.58216583101416164 0.47114434510950087 759.95070683750009 76.500000000000014 0.77259657388510639 -0.097964660725097366 59.128571430000008 3.5000000000000004 141.50000000000003 24.750000000000004 517.35282739743764 19.750000000000004 775.95531994583337 146.50000000000003 -30.419642850000027 1.0000000180025095e-35
decision_type=2 2 2 2 2 2 2 2 2 2 2 2 2 2 2 2 2 2 2 2 2 2 2 2 2 2 2 2 2 2
left_child=1 2 26 5 15 16 7 8 9 10 11 18 21 -6 -11 -5 17 -3 -2 -8 28 -4 23 24 -21 27 -1 -18 -9 -7
right_child=6 3 12 4 13 29 19 20 -10 14 -12 -13 -14 -15 -16 -17 25 -19 -20 22 -22 -23 -24 -25 -26 -27 -28 -29 -30 -31
leaf_value=-6.3888042409796464 2.9762101855278016 14.64443986075265 7.5129515750591569 -6.4136410400390629 9.5243971218279935 7.481543311278025 -2.2896490509099645 -3.8287516580928456 -5.3458891231536869 3.6198636375774034 -5.7051162149634536 13.892345533699825 -1.4625727615356445 1.8493832550550762 13.565182990006036 2.8947308435440062 3.5449609911030735 9.2316522921048669 -6.1344926570012017 6.9309609879387741 -6.0140228123324251 14.742420606613159 -6.0302908870618639 -6.0208669213021153 -5.2293188953399659 12.076814699501826 0.055739170074462885 9.3929408564934356 2.4713937427997585 3.3640276068690662
leaf_weight=57 30 126 39 50 67 36 122 22 75 22 79 29 20 38 42 20 29 65 26 27 168 24 438 101 20 29 20 26 20 74
leaf_count=57 30 126 39 50 67 36 122 22 75 22 79 29 20 38 42 20 29 65 26 27 168 24 438 101 20 29 20 26 20 74
internal_value=3.56642e-08 6.05684 1.59078 7.33286 2.54642 9.50852 -3.5716 -1.78317 0.430351 2.33043 -0.719736 3.91374 7.44062 6.74677 10.1465 -3.75411 11.4273 12.8024 -1.25376 -4.86746 -4.97695 10.267 -5.40414 -3.55107 1.75637 8.30057 -4.7149 6.30946 -0.828682 4.71158
internal_weight=1941 720 160 560 175 385 1221 513 303 228 164 85 83 105 64 70 275 191 56 708 210 63 586 148 47 84 77 55 42 110
internal_count=1941 720 160 560 175 385 1221 513 303 228 164 85 83 105 64 70 275 191 56 708 210 63 586 148 47 84 77 55 42 110
is_linear=0
shrinkage=0.03


Tree=16
num_leaves=31
num_cat=0
split_feature=1 12 6 49 6 23 23 17 19 8 27 27 40 18 40 40 34 34 16 56 26 18 36 21 1 12 46 37 27 35
split_gain=3.88146e+07 5.16396e+06 6.01405e+06 5.06189e+06 4.55719e+06 3.91119e+06 3.55848e+06 3.06951e+06 3.00582e+06 3.90736e+06 3.83713e+06 4.99513e+06 3.23277e+06 2.95722e+06 2.01684e+06 1.99506e+06 1.85643e+06 1.62974e+06 935579 887404 858524 786191 755077 705635 678002 710399 1.92682e+06 2.17712e+06 554128 507181
threshold=2928.5714285000004 0.64987354830121502 26.500000000000004 13.500000000000002 28.500000000000004 160.50000000000003 138.50000000000003 50.500000000000007 2.5000000000000004 3.5000000000000004 304.50000000000006 276.50000000000006 2.822730654854158 42.500000000000007 759.95070683750009 810.22783481458362 196.90000000000001 70.318750000000009 23.350000000000005 8.8000000000000025 8.1500000000000004 3.5000000000000004 59.128571430000008 702.50000000000011 872.12500000000011 0.64987354830121502 24.750000000000004 5.3535714285000013 297.50000000000006 947.40625000000011
decision_type=2 2 2 2 2 2 2 2 2 2 2 2 2 2 2 2 2 2 2 2 2 2 2 2 2 2 2 2 2 2
left_child=6 2 5 28 16 18 8 23 9 10 11 12 13 -1 20 -6 -4 19 -2 -13 -7 -16 -11 -5 25 -10 27 -27 -3 -20
right_child=1 3 4 7 15 14 -8 -9 24 22 -12 17 -14 -15 21 -17 -18 -19 29 -21 -22 -23 -24 -25 -26 26 -28 -29 -30 -31
leaf_value=12.453379492552383 10.356427117586136 -6.4699696551628829 4.4112451107501984 7.5257142668503985 8.7240566193430045 8.0765428979056217 7.0660839577378898 -1.8630063035753037 -5.8292946562895906 -1.0338792227705318 -5.7647923768084981 5.1950822811126702 -5.2822762246565382 -1.109834973995502 9.3887226443107306 -0.90327607705042912 -6.236504075186593 0.8033119038173131 4.8129076889186226 12.816407244638963 13.82099237775469 3.2901251688003539 -5.8190682899317094 14.91945090157645 -2.3137643263979655 8.7633112430572506 -5.7477869741733256 -4.1159528435601125 -1.189754204220242 -0.029712809324264525
leaf_weight=23 24 53 20 26 76 28 29 27 444 36 69 20 77 39 52 26 56 21 103 44 143 30 169 21 82 21 104 27 27 24
leaf_count=23 24 53 20 26 76 28 29 27 444 36 69 20 77 39 52 26 56 21 103 44 143 30 169 21 82 21 104 27 27 24
internal_value=1.62895e-08 5.42826 6.72089 0.543144 2.12654 8.74513 -3.31552 6.19832 -3.57153 -1.80183 0.420926 2.32635 -1.17691 3.92168 11.0255 6.27003 -3.43446 8.05521 4.92431 10.4347 12.8804 7.15753 -4.97874 10.8293 -4.8714 -5.22329 -3.4531 1.51873 -4.6879 3.89777
internal_weight=1941 736 582 154 178 404 1205 74 1176 498 293 224 139 62 253 102 76 85 151 64 171 82 205 47 678 596 152 48 80 127
internal_count=1941 736 582 154 178 404 1205 74 1176 498 293 224 139 62 253 102 76 85 151 64 171 82 205 47 678 596 152 48 80 127
is_linear=0
shrinkage=0.03


Tree=17
num_leaves=31
num_cat=0
split_feature=11 12 6 49 6 11 8 47 34 57 27 11 58 58 12 37 47 18 10 51 16 28 1 20 48 11 12 30 6 56
split_gain=4.14375e+07 3.77063e+06 6.08787e+06 5.72441e+06 5.26545e+06 2.54944e+06 2.96661e+06 4.05771e+06 3.67025e+06 6.12313e+06 4.32038e+06 2.18291e+06 1.88515e+06 2.33004e+06 1.8704e+06 1.35446e+06 1.17904e+06 962394 895819 688119 1.11382e+06 673936 552826 533369 524110 478803 477860 473725 464067 461868
threshold=-0.5277851165098012 0.64987354830121502 26.500000000000004 3.5000000000000004 28.500000000000004 -0.29012925520284105 3.5000000000000004 68.500000000000014 1.0000000180025095e-35 304.50000000000006 250.00000000000003 -0.91037613702198728 1004.2500000000001 1007.7500000000001 0.66285048286959747 715.48750000000007 1.5000000000000002 40.500000000000007 -0.35206144883412566 750.50000000000011 24.350000000000005 1005.5500000000001 7682.1696430000011 2.5000000000000004 62.500000000000007 -0.88144907265856332 0.62334665204000361 79.241071430000019 22.500000000000004 19.150000000000002
decision_type=2 2 2 2 2 2 2 2 2 2 2 2 2 2 2 2 2 2 2 2 2 2 2 2 2 2 2 2 2 2
left_child=1 2 11 -3 -4 17 7 8 9 10 -7 21 -12 18 -10 -5 -6 26 -14 20 -13 -1 -17 -22 -19 -18 -2 -9 -21 -23
right_child=5 3 4 15 16 6 -8 27 14 -11 12 19 13 -15 -16 22 25 24 -20 28 23 29 -24 -25 -26 -27 -28 -29 -30 -31
leaf_value=8.0890421985626215 0.29009342099726199 -5.851627919898843 -4.203535209163543 3.0238543664372486 1.9365652012825012 -3.2844666944231302 -5.3023319964609543 -5.6440022443135573 -5.6687407547974384 -5.5317791142671 -0.1874075070294467 11.844163275072651 6.2209344046456465 0.23952433204650878 2.2950951189153335 13.911538652692521 11.835667377818714 7.6203495665958947 13.34805894272144 1.6559242908332659 8.9062830470158492 12.587884979310788 7.1065312125466082 3.9121915637819389 1.1915233863830568 6.6854648257791993 -3.8719296956062315 -1.1238302493095398 7.111269663174947 17.325887643565302
leaf_weight=25 80 53 62 46 28 42 499 225 121 69 22 62 21 20 34 21 33 21 65 23 39 95 22 38 25 32 36 23 36 23
leaf_count=25 80 53 62 46 28 42 499 225 121 69 22 62 21 20 34 21 33 21 65 23 39 95 22 38 25 32 36 23 36 23
internal_value=-5.51771e-08 6.26422 7.49824 1.95385 2.56849 -3.06721 -3.56723 -2.2186 -0.32638 2.0054 5.06461 9.73903 7.80415 9.46277 -3.92183 6.60206 7.08318 0.454527 11.6077 7.69918 8.85141 12.5634 10.4299 6.44167 4.12642 9.30018 -1.00157 -5.22479 4.98461 13.5114
internal_weight=1941 638 496 142 155 1303 1141 642 394 239 170 341 128 106 155 89 93 162 86 198 139 143 43 77 46 65 116 248 59 118
internal_count=1941 638 496 142 155 1303 1141 642 394 239 170 341 128 106 155 89 93 162 86 198 139 143 43 77 46 65 116 248 59 118
is_linear=0
shrinkage=0.03


Tree=18
num_leaves=31
num_cat=0
split_feature=23 43 8 6 9 27 8 9 15 6 10 31 10 40 17 40 9 43 56 27 56 27 10 27 19 28 26 23 21 20
split_gain=3.40464e+07 5.65226e+06 3.78244e+06 6.06682e+06 5.82635e+06 5.07146e+06 2.94246e+06 2.88658e+06 5.19004e+06 3.37482e+06 7.57578e+06 3.0386e+06 2.36255e+06 1.83908e+06 3.11224e+06 1.50188e+06 1.1398e+06 1.19466e+06 783035 769103 759902 756444 750753 738339 697015 709857 655658 626454 567513 552025
threshold=151.50000000000003 12.693750000000003 3.5000000000000004 26.500000000000004 141.50000000000003 307.50000000000006 3.5000000000000004 141.50000000000003 81.500000000000014 26.500000000000004 0.097964660725097366 436.81428570000008 -0.5 604.92879465125009 45.500000000000007 903.1601562604169 141.50000000000003 156.30000000000004 12.550000000000002 275.50000000000006 18.650000000000002 262.50000000000006 0.77259657388510639 292.50000000000006 41.500000000000007 1007.6500000000002 18.650000000000002 117.50000000000001 678.50000000000011 19.500000000000004
decision_type=2 2 2 2 2 2 2 2 2 2 2 2 2 2 2 2 2 2 2 2 2 2 2 2 2 2 2 2 2 2
left_child=1 6 3 4 5 -2 7 8 13 11 -11 -9 26 14 -1 19 29 21 -16 28 24 -18 -12 -23 25 -14 -4 -8 -6 -3
right_child=2 16 12 -5 15 -7 27 9 -10 10 22 -13 20 -15 18 -17 17 -19 -20 -21 -22 23 -24 -25 -26 -27 -28 -29 -30 -31
leaf_value=7.2079239697889843 -6.0951254653930658 -5.7992635444972827 0.02168329656589776 -4.9005360991614202 10.311179216176271 11.681007522583007 -5.4289903758475981 -5.3262274974550516 14.23650128364563 -5.4071141947469403 6.9918508744239807 5.1188763003879121 7.9537700813695 -7.1736676239967343 -5.2623609650653336 3.2040987710519269 -2.8007243603926435 5.2019820369196976 1.5170747429391613 6.5112621120611829 14.05363705444336 7.2681019020080564 14.664257874922319 0.14684979012137966 4.391109638214111 12.492871950934914 6.3553960802680569 -1.3711066353441896 15.341251958211261 0.77355484050253154
leaf_weight=44 52 23 24 56 80 20 459 350 24 62 24 27 57 32 46 33 39 92 23 36 45 20 22 38 20 68 38 37 27 23
leaf_count=44 52 23 24 56 80 20 459 350 24 62 24 27 57 32 46 33 39 92 23 36 45 20 22 38 20 68 38 37 27 23
internal_value=1.21511e-08 -2.51743 6.27092 4.01807 6.03195 -1.15731 -3.38377 -2.06223 1.31415 -3.23875 1.43682 -4.57817 8.98866 -0.824721 0.97321 8.973 1.72215 2.75289 -3.00255 10.3043 10.648 0.430042 10.6613 2.60245 9.59105 10.423 3.90364 -5.12629 11.5804 -2.51285
internal_weight=1941 1385 556 304 248 72 1150 654 169 485 108 377 252 145 113 176 235 189 69 143 190 97 46 58 145 125 62 496 107 46
internal_count=1941 1385 556 304 248 72 1150 654 169 485 108 377 252 145 113 176 235 189 69 143 190 97 46 58 145 125 62 496 107 46
is_linear=0
shrinkage=0.03


Tree=19
num_leaves=31
num_cat=0
split_feature=11 12 6 19 6 19 2 26 27 27 11 11 44 14 47 8 17 56 46 28 16 45 16 28 1 12 45 44 6 17
split_gain=3.6824e+07 3.33054e+06 5.4419e+06 5.19392e+06 4.63486e+06 2.33352e+06 3.34388e+06 5.45178e+06 3.81748e+06 1.97277e+06 1.96227e+06 1.92726e+06 1.42576e+06 1.2973e+06 1.05919e+06 833276 1.78815e+06 3.38756e+06 2.03065e+06 814671 646471 977742 795886 597515 570944 567853 568113 537923 472162 449065
threshold=-0.5277851165098012 0.64987354830121502 26.500000000000004 3.5000000000000004 28.500000000000004 1.0000000180025095e-35 5792.1250000000009 8.2500000000000018 302.50000000000006 255.50000000000003 -0.91037613702198728 -0.29012925520284105 29.650000000000002 32.150000000000013 1.5000000000000002 2.5000000000000004 43.500000000000007 9.3500000000000032 25.950000000000003 1005.4500000000002 23.250000000000004 62.500000000000007 24.250000000000004 1005.5500000000001 610.92857145000005 0.60980454008255491 85.500000000000014 27.850000000000005 18.500000000000004 30.500000000000004
decision_type=2 2 2 2 2 2 2 2 2 2 2 2 2 2 2 2 2 2 2 2 2 2 2 2 2 2 2 2 2 2
left_child=1 2 10 -3 29 6 7 27 9 -9 23 25 -11 -5 -6 16 17 18 -13 -15 -12 -22 -23 -1 -18 26 -7 -2 -27 -4
right_child=5 3 4 13 14 11 -8 8 -10 12 20 15 -14 19 -16 -17 24 -19 -20 -21 21 22 -24 -25 -26 28 -28 -29 -30 -31
leaf_value=7.6483531345725053 0.68696981906890864 -5.5808214525906541 -5.7113322557721817 1.5635052420876243 1.7618210833413259 3.8816682859829492 -5.0963113314764836 -0.32285598907470703 -3.648031912583571 11.322528740746634 11.153845078200101 10.592621864318847 2.8491955852508544 4.2075837810058143 8.7411507964501016 -5.137614227954332 -5.3888537777520211 -4.3781839132308953 -1.2555669792838717 11.759202607472737 2.2712792682804555 11.324992241492637 6.1854514453551745 12.754022806054454 -0.57051060333251946 0.34499026505843455 -2.2615322549343109 -4.6692622150315177 -5.9576467781066889 -0.24957764947414399
leaf_weight=25 20 53 42 33 28 42 126 25 39 70 32 30 24 20 65 437 193 78 23 36 38 39 89 118 25 23 20 108 20 20
leaf_count=25 20 53 42 33 28 42 126 25 39 70 32 30 24 20 65 437 193 78 23 36 38 39 89 118 25 23 20 108 20 20
internal_value=-3.9732e-08 5.90522 7.06499 1.85419 2.40412 -2.89143 -1.02442 0.769483 4.49755 7.16711 9.18356 -3.75473 9.15912 6.28178 6.63985 -4.26469 -3.17166 -0.401509 5.45096 9.0622 7.24955 6.49692 7.75141 11.8614 -4.83629 0.0626787 1.89999 -3.83235 -2.58647 -3.94948
internal_weight=1941 638 496 142 155 1303 412 286 158 119 341 891 94 89 93 786 349 131 53 56 198 166 128 143 218 105 62 128 43 62
internal_count=1941 638 496 142 155 1303 412 286 158 119 341 891 94 89 93 786 349 131 53 56 198 166 128 143 218 105 62 128 43 62
is_linear=0
shrinkage=0.03


Tree=20
num_leaves=31
num_cat=0
split_feature=1 4 9 19 23 17 19 8 57 2 27 28 58 16 9 57 34 8 16 49 28 8 36 37 1 9 9 37 53 56
split_gain=3.05857e+07 4.13421e+06 4.11385e+06 3.6921e+06 2.84754e+06 2.52936e+06 2.38392e+06 3.10387e+06 3.10758e+06 4.37976e+06 3.32817e+06 2.18642e+06 2.18346e+06 2.16391e+06 1.95326e+06 2.43811e+06 1.8535e+06 1.79772e+06 2.18991e+06 1.38701e+06 1.57086e+06 817438 663000 564303 550473 560778 1.49255e+06 1.52049e+06 515293 539196
threshold=2928.5714285000004 13.500000000000002 141.50000000000003 3.5000000000000004 138.50000000000003 50.500000000000007 2.5000000000000004 3.5000000000000004 304.50000000000006 5708.0000000000009 250.00000000000003 1004.2500000000001 1007.7500000000001 23.450000000000003 145.50000000000003 269.50000000000006 5.9357142855000005 4.5000000000000009 23.750000000000004 14.500000000000002 1006.5500000000001 3.5000000000000004 59.128571430000008 602.9000000000002 872.12500000000011 141.50000000000003 139.50000000000003 5.3535714285000013 196.50000000000003 14.050000000000002
decision_type=2 2 2 2 2 2 2 2 2 2 2 2 2 2 2 2 2 2 2 2 2 2 2 2 2 2 2 2 2 2
left_child=4 2 3 -2 6 -5 7 8 9 10 -1 -12 -13 -3 -4 16 -16 18 -17 20 21 -15 -9 -21 25 26 -8 -28 -18 -30
right_child=1 13 14 5 -6 -7 24 22 -10 -11 11 12 -14 19 15 17 28 -19 -20 23 -22 -23 -24 -25 -26 -27 27 -29 29 -31
leaf_value=-3.1450735511277852 -5.4343934427897134 7.4829138352150135 11.281780081397121 10.732695513273541 6.3436665403431851 -1.2763768853081596 -5.093701958656311 -0.73111289997895557 -5.1817703902203096 -4.8356789374351496 0.34979864163832231 11.82058716615041 0.82648640768868575 -6.003707468369428 1.9253650078406699 -4.6775257050991055 8.5822897422096958 8.630328121996941 4.6473034266513933 0.39548558919326121 5.3715025495446245 -0.68333164498491106 -5.2150598603310661 6.5560400319099426 -2.0252077049589374 -5.1852759378020821 7.1062819602272729 -3.6098031190725468 10.252627782225609 15.680629814692905
leaf_weight=38 45 43 103 38 29 27 104 36 69 60 33 72 21 51 26 34 55 47 68 23 23 53 169 32 82 444 22 26 40 28
leaf_count=38 45 43 103 38 29 27 104 36 69 60 33 72 21 51 26 34 55 47 68 23 23 53 169 32 82 444 22 26 40 28
internal_value=-1.46263e-08 4.81862 6.31059 1.1712 -2.94316 5.74431 -3.17217 -1.59614 0.384936 2.09968 4.63701 6.98398 9.33805 1.43019 7.72039 6.48944 9.20301 3.77588 1.53903 0.00015577 -1.72332 -3.29236 -4.42764 3.97981 -4.32978 -4.64685 -3.07409 1.30174 10.7414 12.4877
internal_weight=1941 736 511 110 1205 65 1176 498 293 224 164 126 93 225 401 298 149 149 102 182 127 104 205 55 678 596 152 48 123 68
internal_count=1941 736 511 110 1205 65 1176 498 293 224 164 126 93 225 401 298 149 149 102 182 127 104 205 55 678 596 152 48 123 68
is_linear=0
shrinkage=0.03


Tree=21
num_leaves=31
num_cat=0
split_feature=11 11 57 8 6 28 19 8 57 2 27 28 28 54 9 37 16 28 16 1 8 36 20 9 6 11 50 26 28 9
split_gain=3.2697e+07 3.28736e+06 2.81459e+06 4.74829e+06 2.29436e+06 2.91664e+06 2.22197e+06 2.84101e+06 2.76146e+06 4.11481e+06 3.18295e+06 2.19654e+06 1.9946e+06 1.92328e+06 1.25076e+06 1.74832e+06 952374 937278 893264 767128 763975 758582 699694 527636 1.40434e+06 1.51934e+06 516570 472007 537622 467320
threshold=-0.41248606129204529 -0.84874750804349197 264.50000000000006 3.5000000000000004 26.500000000000004 1006.0500000000001 2.5000000000000004 3.5000000000000004 304.50000000000006 5708.0000000000009 250.00000000000003 1004.2500000000001 1007.7500000000001 592.90000000000009 141.50000000000003 493.91875000000005 23.450000000000003 1006.2500000000001 24.850000000000005 872.12500000000011 3.5000000000000004 59.128571430000008 3.5000000000000004 141.50000000000003 18.500000000000004 0.63405362205439486 99.500000000000014 19.150000000000002 1007.6500000000002 145.50000000000003
decision_type=2 2 2 2 2 2 2 2 2 2 2 2 2 2 2 2 2 2 2 2 2 2 2 2 2 2 2 2 2 2
left_child=1 2 22 4 5 -4 7 8 9 10 -2 -12 -13 14 15 -3 -15 20 29 23 -18 -9 -1 24 -8 -26 -24 28 -5 -16
right_child=6 13 3 27 -6 -7 19 21 -10 -11 11 12 -14 16 18 -17 17 -19 -20 -21 -22 -23 26 -25 25 -27 -28 -29 -30 -31
leaf_value=14.901379047842587 -3.1245204208447381 -4.3499667884563573 -3.1307846041286691 6.8477137524466354 -5.3850326089298024 8.046520847082137 -4.9408908459773428 -0.56210479548999248 -5.0030539305530377 -4.3933319263404869 0.094682703579173369 11.395279146743146 1.2641185706594715 5.2698064173184909 10.866761856079101 6.4758094642639152 -5.8763521184148013 4.0363140034675595 3.2322725811600685 -1.8013737359185635 0.03584494480064937 -5.069782812595367 6.2050826339721672 -5.0297175864915591 -3.2482321092060631 7.5779661769866946 11.676451436484733 13.290450534820556 11.243697575160434 6.4045260216468991
leaf_weight=34 39 29 34 62 34 55 104 42 67 67 34 73 23 26 28 25 37 24 72 112 42 168 25 444 28 20 41 24 42 86
leaf_count=34 39 29 34 62 34 55 104 42 67 67 34 73 23 26 28 25 37 24 72 112 42 168 25 444 28 20 41 24 42 86
internal_value=4.47959e-09 5.07054 7.14898 5.45333 1.24407 3.77654 -2.99 -1.48654 0.372063 1.89805 4.39227 6.6473 8.96802 3.09348 4.68137 0.661967 0.139279 -1.15581 5.84829 -4.07937 -2.73316 -4.16825 11.4051 -4.50745 -2.98187 1.26268 9.60396 9.49816 8.62301 7.50051
internal_weight=1941 720 351 251 123 89 1221 513 303 236 169 130 96 369 240 54 129 103 186 708 79 210 100 596 152 48 66 128 104 114
internal_count=1941 720 351 251 123 89 1221 513 303 236 169 130 96 369 240 54 129 103 186 708 79 210 100 596 152 48 66 128 104 114
is_linear=0
shrinkage=0.03


Tree=22
num_leaves=31
num_cat=0
split_feature=11 9 6 49 6 15 18 57 56 2 11 9 57 36 11 37 57 2 50 28 18 51 16 6 4 9 11 41 44 1
split_gain=3.07936e+07 2.78948e+06 4.66401e+06 4.39606e+06 3.86996e+06 1.88954e+06 3.15501e+06 2.25087e+06 2.19013e+06 2.28525e+06 1.66195e+06 1.21125e+06 2.97843e+06 4.091e+06 1.4505e+06 1.11844e+06 974497 886843 674715 772484 670295 605028 954818 589780 630103 586768 568882 507597 489127 445425
threshold=-0.5277851165098012 141.50000000000003 26.500000000000004 3.5000000000000004 28.500000000000004 84.500000000000014 28.500000000000004 302.50000000000006 7.6500000000000012 7031.0714285000004 -0.93540483100319605 141.50000000000003 295.50000000000006 89.406250000000014 -0.065403129230142923 754.72142855000004 250.00000000000003 5292.1428575000009 2.5000000000000004 1006.5500000000001 44.500000000000007 750.50000000000011 24.250000000000004 26.500000000000004 3.5000000000000004 143.50000000000003 -0.29012925520284105 227.64303600054248 28.150000000000002 8274.2857145000016
decision_type=2 2 2 2 2 2 2 2 2 2 2 2 2 2 2 2 2 2 2 2 2 2 2 2 2 2 2 2 2 2
left_child=1 3 10 -1 -4 6 11 8 -8 16 28 12 13 -2 18 29 -10 -6 19 -13 -18 22 -12 26 -25 -23 -7 -24 -3 -5
right_child=5 2 4 15 17 23 7 -9 9 -11 21 14 -14 -15 -16 -17 20 -19 -20 -21 -22 25 27 24 -26 -27 -28 -29 -30 -31
leaf_value=-5.1474664824863643 -3.4018741566794257 6.9605192070007318 -3.6591213608605249 0.51738905334472651 7.5504379278013145 -0.34992373678419325 -3.3173478045589047 -3.3217211706812182 1.2350924416780471 -2.0906485372781751 10.816246785961214 -4.52121003669851 -4.5165658947080365 9.8393016910552973 -4.9202189472631401 9.6620994397213575 11.821488304138184 0.42010705304145812 3.1279989378792901 1.5456327662467955 6.2131302185492077 0.17650221598148347 2.9978430004553362 1.5842453513606902 -4.7485718008188096 6.3315661077914021 -4.8542693874873031 7.630067571878433 12.095623558724281 6.2140899440220423
leaf_weight=53 42 20 62 30 73 27 38 72 20 32 61 51 96 42 304 38 34 20 28 30 44 20 33 31 26 46 386 60 101 21
leaf_count=53 42 20 62 30 73 27 38 72 20 32 61 51 96 42 304 38 34 20 28 30 44 20 33 31 26 46 386 60 101 21
internal_value=-4.94433e-09 5.40009 6.46148 1.69269 2.14657 -2.64409 -1.78596 1.11619 3.01816 4.87007 8.4228 -2.96053 -0.906769 3.21871 -3.85563 5.76604 7.14296 6.01703 -0.886502 -2.27423 8.6578 6.86957 7.89951 -4.16499 -1.30441 4.4664 -4.5598 5.98637 11.2468 2.86309
internal_weight=1941 638 496 142 155 1303 833 240 168 130 341 593 180 84 413 89 98 93 109 81 78 220 154 470 57 66 413 93 121 51
internal_count=1941 638 496 142 155 1303 833 240 168 130 341 593 180 84 413 89 98 93 109 81 78 220 154 470 57 66 413 93 121 51
is_linear=0
shrinkage=0.03


Tree=23
num_leaves=31
num_cat=0
split_feature=11 11 57 8 19 8 57 2 27 28 58 19 54 57 9 37 16 28 16 36 8 1 28 24 9 46 37 56 28 41
split_gain=2.90113e+07 2.92324e+06 2.5299e+06 4.27125e+06 1.96104e+06 2.55036e+06 2.46651e+06 3.68025e+06 2.8411e+06 2.00864e+06 1.82824e+06 1.73917e+06 1.72493e+06 1.2605e+06 1.10103e+06 1.57934e+06 871557 836425 813298 697131 684333 681628 634096 617869 466983 1.27859e+06 1.49654e+06 453731 589509 717002
threshold=-0.41248606129204529 -0.84874750804349197 264.50000000000006 3.5000000000000004 2.5000000000000004 3.5000000000000004 304.50000000000006 5708.0000000000009 250.00000000000003 1004.2500000000001 1007.7500000000001 13.500000000000002 592.90000000000009 271.50000000000006 141.50000000000003 493.91875000000005 23.450000000000003 1006.2500000000001 24.850000000000005 82.36875000000002 3.5000000000000004 872.12500000000011 1008.35 508.35000000000008 141.50000000000003 24.750000000000004 5.3535714285000013 17.250000000000004 1008.1500000000002 351.50893269089016
decision_type=2 2 2 2 2 2 2 2 2 2 2 2 2 2 2 2 2 2 2 2 2 2 2 2 2 2 2 2 2 2
left_child=1 2 23 11 5 6 7 8 -2 -10 -11 13 14 -4 15 -3 -14 20 -16 -7 -18 24 -15 -1 25 26 -6 28 29 -5
right_child=4 12 3 27 21 19 -8 -9 9 10 -12 -13 16 22 18 -17 17 -19 -20 -21 -22 -23 -24 -25 -26 -27 -28 -29 -30 -31
leaf_value=9.0787551541761911 -2.9436912052447979 -4.1191065334451613 5.2756559349940373 3.099159096702933 7.248346399579729 -0.68112770101298448 -4.7229989502679057 -4.1507628002451424 0.022385495129753564 10.831561566901533 1.1320810697389685 9.2318298926353446 5.0221550670036903 -4.0858904842029915 7.0870233653721053 6.1702287643432614 -5.5897084437189877 3.7800497555732724 3.0143083959569532 -4.8602703049124738 0.0058454079287392751 -1.6925484131755573 1.9404200623252175 14.056790058542701 -4.7347022900710227 -4.677404767870903 -3.4297609668307834 11.663047825739934 11.80056951522827 9.401563138094815
leaf_weight=66 39 29 26 32 21 46 67 67 34 73 23 20 26 55 114 25 37 24 72 164 42 112 22 34 444 104 27 39 24 33
leaf_count=66 39 29 26 32 21 46 67 67 34 73 23 20 26 55 114 25 37 24 72 164 42 112 22 34 444 104 27 39 24 33
internal_value=3.25753e-09 4.77621 6.73617 5.12855 -2.81644 -1.40401 0.356954 1.79914 4.15798 6.28848 8.50773 1.13633 2.91186 -0.435609 4.41564 0.644475 0.114136 -1.12478 5.51049 -3.94484 -2.61486 -3.83985 -2.36409 10.7713 -4.24337 -2.80815 1.24191 8.96482 7.78245 6.29884
internal_weight=1941 720 351 251 1221 513 303 236 169 130 96 123 369 103 240 54 129 103 186 210 79 708 77 100 596 152 48 128 89 65
internal_count=1941 720 351 251 1221 513 303 236 169 130 96 123 369 103 240 54 129 103 186 210 79 708 77 100 596 152 48 128 89 65
is_linear=0
shrinkage=0.03


Tree=24
num_leaves=31
num_cat=0
split_feature=11 11 8 54 19 8 27 27 40 18 54 40 27 9 37 14 9 26 26 36 11 52 50 27 6 9 46 37 53 38
split_gain=2.72967e+07 2.75048e+06 2.17069e+06 4.5143e+06 1.84515e+06 2.39963e+06 2.31519e+06 3.39084e+06 2.12953e+06 2.10922e+06 1.62299e+06 1.47379e+06 1.4584e+06 1.03596e+06 1.49269e+06 808967 749247 676450 675602 656487 646100 616306 1.04467e+06 614723 536357 439909 1.27667e+06 1.35626e+06 415298 406027
threshold=-0.41248606129204529 -0.84874750804349197 3.5000000000000004 589.20000000000016 2.5000000000000004 3.5000000000000004 304.50000000000006 276.50000000000006 2.822730654854158 42.500000000000007 592.90000000000009 301.76767113014586 271.50000000000006 141.50000000000003 395.94910715000003 31.650000000000002 145.50000000000003 8.8000000000000025 19.150000000000002 59.128571430000008 -0.097964660725097366 390.50000000000006 47.000000000000007 287.50000000000006 26.500000000000004 141.50000000000003 24.750000000000004 5.3535714285000013 174.50000000000003 347.86361607500004
decision_type=2 2 2 2 2 2 2 2 2 2 2 2 2 2 2 2 2 2 2 2 2 2 2 2 2 2 2 2 2 2
left_child=1 2 3 21 5 6 7 8 9 -2 13 17 -5 14 -3 -12 -15 -9 -4 -7 -6 22 -1 24 -17 26 27 -22 -14 -18
right_child=4 10 18 12 20 19 -8 11 -10 -11 15 -13 28 16 -16 23 29 -19 -20 -21 25 -23 -24 -25 -26 -27 -28 -29 -30 -31
leaf_value=1.8451885114397322 10.342766637387482 -4.5509413763192983 8.0117491652916311 5.9034806579589842 -1.7384501243028485 -0.47178689547947472 -4.5754184630379751 3.7126788833141324 -4.1925912727628427 -1.1118924463712252 -4.734785538482666 -0.85851485824584961 1.0892409453392029 9.2317903168996178 5.4315019062587195 2.5359784485340118 1.8674644702818335 10.240796959733963 12.512773276073176 -4.6651706538881577 7.0308960206168036 13.499687393188477 9.5714790662129712 3.8653732631517497 -3.289550772146745 -4.6159624123246701 -4.6248444722194479 -3.2196269284761869 -4.0407010261379943 5.3696499537109235
leaf_weight=21 23 26 112 25 122 42 67 20 84 39 25 20 20 36 28 25 41 50 41 168 21 20 63 46 33 438 101 26 49 109
leaf_count=21 23 26 112 25 122 42 67 20 84 39 25 20 20 36 28 25 41 50 41 168 21 20 63 46 33 438 101 26 49 109
internal_value=1.2091e-08 4.63292 6.53408 4.46022 -2.73194 -1.36189 0.346245 1.7435 -1.07985 3.13742 2.8245 6.32359 -0.304495 4.28317 0.62514 0.110712 5.34517 8.37562 9.21791 -3.82649 -3.72465 8.76679 7.63991 1.27549 -0.778547 -4.13816 -2.72413 1.36039 -2.55376 4.41239
internal_weight=1941 720 351 198 1221 513 303 236 146 62 369 90 94 240 54 129 186 70 153 210 708 104 84 104 58 586 148 47 69 150
internal_count=1941 720 351 198 1221 513 303 236 146 62 369 90 94 240 54 129 186 70 153 210 708 104 84 104 58 586 148 47 69 150
is_linear=0
shrinkage=0.03


Tree=25
num_leaves=31
num_cat=0
split_feature=11 12 6 19 6 19 2 26 6 11 11 27 17 27 34 2 8 17 26 16 40 26 27 17 30 44 6 4 12 45
split_gain=2.56901e+07 2.38322e+06 4.1103e+06 3.83164e+06 3.35632e+06 1.62418e+06 2.42488e+06 3.97509e+06 3.04537e+06 1.43821e+06 1.37255e+06 1.27509e+06 1.08737e+06 1.03384e+06 960485 743594 611128 1.23356e+06 2.34432e+06 1.74398e+06 520217 499345 595999 526700 465733 456996 438615 424116 419212 508914
threshold=-0.5277851165098012 0.64987354830121502 26.500000000000004 3.5000000000000004 28.500000000000004 1.0000000180025095e-35 5792.1250000000009 8.8000000000000025 28.500000000000004 -0.93540483100319605 -0.29012925520284105 301.50000000000006 29.500000000000004 309.50000000000006 498.2142857500001 5292.1428575000009 2.5000000000000004 43.500000000000007 9.2500000000000018 25.950000000000003 903.1601562604169 7.0000000000000009 282.50000000000006 30.500000000000004 36.371428570000006 28.150000000000002 22.500000000000004 13.500000000000002 0.60980454008255491 85.500000000000014
decision_type=2 2 2 2 2 2 2 2 2 2 2 2 2 2 2 2 2 2 2 2 2 2 2 2 2 2 2 2 2 2
left_child=1 2 9 -3 -4 6 7 -2 11 25 28 12 -9 14 -5 -6 17 18 19 -12 21 -11 23 -23 -19 -1 -22 -16 29 -7
right_child=5 3 4 13 15 10 -8 8 -10 20 16 -13 -14 -15 27 -17 -18 24 -20 -21 26 22 -24 -25 -26 -27 -28 -29 -30 -31
leaf_value=6.2385543251037596 -3.0442181482735804 -4.8804371527905737 -3.5439883536677206 -2.2001972007751465 6.8712925910623106 3.5404602714947293 -4.3249580768176488 2.1901917411804201 -4.511307571411133 3.0757596395326696 9.4904452159486965 -0.53924257550920762 9.4269222233746497 10.341523248965924 8.5358113463028609 0.3421801786422729 -4.313227266665181 -4.5553650319008598 -3.6369368026806757 -1.4422145128250121 0.39716828312192642 2.4330695438385006 11.111280769141946 7.7578899545204347 -0.47228297315794848 11.202126814587281 5.8527319749196369 2.562450531005859 -2.189937912142554 -2.2738707017898561
leaf_weight=20 136 53 62 20 73 42 126 25 30 23 29 21 74 26 23 20 437 189 78 24 21 21 37 82 29 101 36 20 43 20
leaf_count=20 136 53 62 20 73 42 126 25 30 23 29 21 74 26 23 20 437 189 78 24 21 21 37 82 29 101 36 20 43 20
internal_value=1.13903e-08 4.93234 5.9134 1.50553 1.86271 -2.41507 -0.857463 0.670175 4.03789 7.75462 -3.13531 6.17519 7.59947 5.30841 3.23125 5.46718 -3.56566 -2.6296 -0.328789 4.53981 6.30973 7.1724 7.84542 6.67225 -4.0122 10.3817 3.84279 5.7575 0.0862342 1.66487
internal_weight=1941 638 496 142 155 1303 412 286 150 341 891 120 99 89 63 93 786 349 131 53 220 163 140 103 218 121 57 43 105 62
internal_count=1941 638 496 142 155 1303 412 286 150 341 891 120 99 89 63 93 786 349 131 53 220 163 140 103 218 121 57 43 105 62
is_linear=0
shrinkage=0.03


Tree=26
num_leaves=31
num_cat=0
split_feature=11 11 57 39 48 54 9 6 10 57 6 11 57 24 9 37 39 57 42 1 16 16 47 24 40 26 18 41 16 50
split_gain=2.42194e+07 2.45904e+06 2.17553e+06 1.63111e+06 1.89623e+06 1.46209e+06 1.44697e+06 2.45052e+06 5.61481e+06 1.44396e+06 2.53012e+06 4.48763e+06 1.44773e+06 1.33669e+06 930819 1.34286e+06 863946 999252 851002 809012 772120 725397 705938 556164 503302 551641 466397 448635 502890 423232
threshold=-0.41248606129204529 -0.84874750804349197 264.50000000000006 574.83928570625005 6.5000000000000009 592.90000000000009 149.50000000000003 26.500000000000004 0.097964660725097366 295.50000000000006 20.500000000000004 0.72947329433276265 284.50000000000006 579.00000000000011 141.50000000000003 395.94910715000003 743.6437500187501 289.50000000000006 21.533035705000007 610.92857145000005 23.450000000000003 24.850000000000005 17.500000000000004 508.35000000000008 821.52020090625012 17.550000000000004 56.500000000000007 368.61601716782167 23.850000000000005 99.500000000000014
decision_type=2 2 2 2 2 2 2 2 2 2 2 2 2 2 2 2 2 2 2 2 2 2 2 2 2 2 2 2 2 2
left_child=1 2 23 -4 16 14 7 9 -9 10 11 12 -2 -6 15 -3 -5 27 -12 -8 -7 -16 -19 29 -22 -26 -11 28 -18 -1
right_child=6 5 3 4 13 20 19 8 -10 26 18 -13 -14 -15 21 -17 17 22 -20 -21 24 -23 -24 -25 25 -27 -28 -29 -30 -31
leaf_value=5.2211253295898441 -4.4408449368476868 -4.3383500818105842 12.285112908404807 0.47423389694907447 6.9959508991241455 4.6978425275362454 -4.4216697836641092 -4.3267498387961556 8.8737291008850629 -4.3607396166233547 -4.0472993871306144 9.8025908288955677 4.1518337230682372 -1.9233847793456045 6.5340915408887357 5.1298431919302265 -0.61922221469879157 12.97098751683389 2.3668754502705163 -1.3272744818443947 -4.1421043742786754 2.6877581426501274 5.8471195084708079 13.020576567860211 -3.5817258297313344 2.1550349649786948 -0.29306209700448171 8.2064997898448588 5.5221750736236572 10.173578196509581
leaf_weight=25 60 26 23 22 20 26 398 58 58 270 164 45 25 62 114 28 20 31 21 94 33 72 21 34 22 48 28 22 30 41
leaf_count=25 60 26 23 22 20 26 398 58 58 270 164 45 25 62 114 28 20 31 21 94 33 72 21 34 22 48 28 22 30 41
internal_value=-1.05974e-08 4.36397 6.16159 4.67081 3.9027 2.65404 -2.57335 -1.72493 2.27349 -2.48156 -1.06537 2.14201 -1.91359 0.252063 4.03851 0.571083 5.95306 6.92511 -3.3192 -3.83046 0.0782804 5.04519 10.094 9.90344 -1.08782 0.352053 -3.97854 4.63644 3.06562 8.29765
internal_weight=1941 720 351 251 228 369 1221 729 116 613 315 130 85 82 240 54 146 124 185 492 129 186 52 100 103 70 298 72 50 66
internal_count=1941 720 351 251 228 369 1221 729 116 613 315 130 85 82 240 54 146 124 185 492 129 186 52 100 103 70 298 72 50 66
is_linear=0
shrinkage=0.03


Tree=27
num_leaves=31
num_cat=0
split_feature=11 54 8 11 36 16 8 19 9 6 10 11 21 20 6 37 46 11 28 19 16 6 27 15 27 10 54 15 14 11
split_gain=2.27911e+07 2.16668e+06 3.80318e+06 1.97402e+06 1.77227e+06 2.15419e+06 1.66994e+06 2.27709e+06 2.1957e+06 3.04264e+06 4.91412e+06 3.00801e+06 1.49917e+06 1.24472e+06 996552 1.06369e+06 804986 796579 787825 874962 727126 685260 572194 533625 479499 397931 360905 336526 297167 282584
threshold=-0.58216583101416131 589.20000000000016 4.5000000000000009 -0.29012925520284105 20.210714285000005 23.750000000000004 3.5000000000000004 6.5000000000000009 141.50000000000003 26.500000000000004 0.097964660725097366 0.68322629814330826 678.50000000000011 37.000000000000007 20.500000000000004 390.75357145000004 24.650000000000002 -0.88144907265856332 1006.4500000000002 3.5000000000000004 24.850000000000005 26.500000000000004 294.50000000000006 80.500000000000014 277.50000000000006 0.77259657388510639 547.85000000000002 81.500000000000014 33.45000000000001 -0.065403129230142923
decision_type=2 2 2 2 2 2 2 2 2 2 2 2 2 2 2 2 2 2 2 2 2 2 2 2 2 2 2 2 2 2
left_child=1 12 4 18 5 -3 7 8 11 -10 -11 16 13 14 15 -1 -5 28 19 -2 -20 -16 -21 -13 -7 -12 -14 -15 -4 -8
right_child=3 2 17 6 -6 24 29 -9 9 10 25 23 26 27 21 -17 -18 -19 20 22 -22 -23 -24 -25 -26 -27 -28 -29 -30 -31
leaf_value=-4.2402323216977331 -4.3097793038686119 -3.9027719628422157 11.189364582154809 -5.4189849890195401 6.8711114282608028 6.9712505392406294 -2.108629931963407 -3.626800097879217 -4.3706470081723969 -4.1185761589474152 5.8007442080974574 5.5432387896946498 8.483440327099391 9.8900847778320315 8.651772227403594 3.7209095264293928 2.4781221539633616 4.1934631234721129 6.627507371244759 -0.83266921291351326 0.75686663233150131 3.0596219075353521 4.8026445722579956 11.454223035176593 1.170906735124259 10.983443260073662 12.928468590397989 6.5358306415045435 6.7289059681892391 -4.2296452471298007
leaf_weight=23 45 92 41 26 30 23 65 287 145 54 24 28 35 45 41 44 21 38 29 50 55 38 24 27 29 30 31 67 20 434
leaf_count=23 45 92 41 26 30 23 65 287 145 54 24 28 35 45 41 44 21 38 29 50 55 38 24 27 29 30 31 67 20 434
internal_value=1.17791e-08 4.87757 2.90867 -2.1666 0.237778 -1.14417 -2.65155 -1.63971 -0.033251 -1.53133 2.28072 3.68257 6.53654 5.50441 3.67934 0.98798 -1.89049 7.60297 0.559189 -1.01101 2.78364 5.96188 0.995 8.44499 3.73644 8.68002 10.5713 7.88352 9.72692 -3.95336
internal_weight=1941 597 273 1344 174 144 1141 642 355 253 108 102 324 258 146 67 47 99 203 119 84 79 74 55 52 54 66 112 61 499
internal_count=1941 597 273 1344 174 144 1141 642 355 253 108 102 324 258 146 67 47 99 203 119 84 79 74 55 52 54 66 112 61 499
is_linear=0
shrinkage=0.03


Tree=28
num_leaves=31
num_cat=0
split_feature=1 9 6 19 6 2 23 55 8 6 10 9 4 41 4 21 2 40 46 1 43 41 23 14 8 14 10 56 16 33
split_gain=1.88995e+07 2.77027e+06 3.33898e+06 2.71627e+06 2.35938e+06 2.09881e+06 1.89511e+06 1.61023e+06 1.49731e+06 2.17764e+06 4.68445e+06 2.92345e+06 2.40568e+06 1.30443e+06 1.17282e+06 1.11981e+06 1.07146e+06 982339 795266 605562 484865 460559 487544 439617 500742 360475 353163 322966 274981 247700
threshold=2928.5714285000004 141.50000000000003 26.500000000000004 15.500000000000002 28.500000000000004 6206.0000000000009 138.50000000000003 568.50000000000011 3.5000000000000004 26.500000000000004 0.097964660725097366 141.50000000000003 20.500000000000004 218.88535465283988 2.5000000000000004 583.50000000000011 5921.7500000000009 788.88965774583346 25.050000000000004 610.92857145000005 12.693750000000003 367.07584504266839 215.50000000000003 32.150000000000013 2.5000000000000004 29.250000000000004 0.77259657388510639 18.550000000000004 24.150000000000002 509.62857145000004
decision_type=2 2 2 2 2 2 2 2 2 2 2 2 2 2 2 2 2 2 2 2 2 2 2 2 2 2 2 2 2 2
left_child=6 3 5 17 15 13 8 -5 9 11 -11 12 14 25 -1 -4 28 -2 -16 -13 -10 22 -15 24 -7 -3 -12 -26 29 -6
right_child=1 2 4 7 16 23 -8 -9 20 10 26 19 -14 21 18 -17 -18 -19 -20 -21 -22 -23 -24 -25 27 -27 -28 -29 -30 -31
leaf_value=3.8896671295166012 -4.8920280589228087 1.27042938807915 3.4034352264404295 -0.38900159918028732 4.5224675821221387 4.6009080082437261 5.262623090250738 9.1098716576894123 -4.0149704475095191 -4.0061716726091179 5.6267219114303586 -4.2751690747322293 8.3399360740184783 6.5001949560325754 -3.6729257413319178 -4.8663083430698935 -1.570672777566043 2.6590225038528441 2.9834763050079345 -0.78983224029724408 -0.90594699268341061 10.532557170050485 9.9033044523941847 5.5479560882515377 -3.6769409362077714 5.6407865370773687 10.440901974141598 1.4849063909053801 2.9569290665217807 8.508083977599938
leaf_weight=36 69 29 20 29 23 23 29 36 465 54 24 327 32 113 84 56 22 20 20 52 50 70 57 27 20 41 32 24 21 36
leaf_count=36 69 29 20 29 23 23 29 36 465 54 24 327 32 113 84 56 22 20 20 52 50 70 57 27 20 41 32 24 21 36
internal_value=2.17783e-08 3.78781 4.73457 0.209772 1.31126 6.24287 -2.31355 4.87191 -2.50038 -1.5555 2.29834 -2.32487 0.918894 7.43356 -0.777344 -2.69006 4.29263 -3.19516 -2.39285 -3.79697 -3.71312 8.48454 7.64124 2.31611 1.01373 3.83021 8.37768 -0.861388 5.90504 6.95437
internal_weight=1941 736 582 154 178 404 1205 65 1176 661 110 551 172 310 140 76 102 89 104 379 515 240 170 94 67 70 56 44 80 59
internal_count=1941 736 582 154 178 404 1205 65 1176 661 110 551 172 310 140 76 102 89 104 379 515 240 170 94 67 70 56 44 80 59
is_linear=0
shrinkage=0.03


Tree=29
num_leaves=31
num_cat=0
split_feature=30 4 9 19 6 6 17 16 8 9 6 35 15 58 21 36 47 6 28 36 30 32 8 2 49 37 35 28 50 33
split_gain=1.67198e+07 3.06232e+06 2.54294e+06 2.27595e+06 2.11315e+06 2.14926e+06 1.87463e+06 1.80617e+06 1.65402e+06 2.19922e+06 3.46088e+06 4.35228e+06 2.61336e+06 1.41114e+06 1.04612e+06 915616 1.99084e+06 910690 1.18771e+06 714425 679884 627190 501709 428119 476155 427860 390569 324589 567584 306878
threshold=287.46428570000006 13.500000000000002 141.50000000000003 3.5000000000000004 26.500000000000004 28.500000000000004 50.500000000000007 23.450000000000003 3.5000000000000004 141.50000000000003 26.500000000000004 12.693750000000003 81.500000000000014 1005.6500000000002 331.50000000000006 7.2553571430000003 45.500000000000007 17.500000000000004 1006.5500000000001 59.128571430000008 100.31428570500002 705.31428570000014 3.5000000000000004 6658.5000000000009 11.500000000000002 602.9000000000002 216.97946430000002 1008.6500000000002 99.500000000000014 509.62857145000004
decision_type=2 2 2 2 2 2 2 2 2 2 2 2 2 2 2 2 2 2 2 2 2 2 2 2 2 2 2 2 2 2
left_child=8 2 3 -2 14 21 -5 -3 9 12 20 -12 13 15 27 -1 -17 25 22 23 -11 -6 -19 24 -10 -9 -16 28 -4 -7
right_child=1 7 4 6 5 29 -8 17 19 10 11 -13 -14 -15 26 16 -18 18 -20 -21 -22 -23 -24 -25 -26 -27 -28 -29 -30 -31
leaf_value=-4.779841547012329 -4.5081122589111322 6.3394426150755443 3.4413673782348631 8.6194589578477974 2.1126497383117675 4.2340800745827814 -2.0902575452625753 -0.021588064193725585 2.5777918962069921 -4.0022230820297509 8.1112515274409596 -3.8412963575583232 10.839753482341766 6.9223118972778321 9.3792571279805177 6.3170169194085259 -2.6860739812850949 -5.0303654881527553 4.1771573890686033 -4.0009176773317696 0.083455635658124597 -4.7458688812255865 -1.0322549461892674 -3.9753832659040174 -2.303407773004996 4.8938453259187584 5.2700874766707413 1.8534598532319069 9.2305389171176486 8.2665202149477874
leaf_weight=40 43 44 35 38 20 35 24 30 35 346 58 52 24 24 157 35 60 57 25 418 41 30 56 35 37 34 24 24 27 33
leaf_count=40 43 44 35 38 20 35 24 30 35 346 58 52 24 24 157 35 60 57 25 418 41 30 56 35 37 34 24 24 27 33
internal_value=9.80206e-10 3.56269 4.93382 0.795471 6.06246 2.71919 4.47376 0.831587 -2.17605 -1.19943 -2.23469 2.46096 1.61217 0.219327 7.54 -0.972315 0.630854 -0.368144 -1.73991 -3.441 -3.56937 -2.00246 -3.049 -1.25366 0.0693976 2.58974 8.83439 4.81576 5.96246 6.191
internal_weight=1941 736 490 105 385 118 62 246 1205 680 497 110 183 159 267 135 95 202 138 525 387 50 113 107 72 64 181 86 62 68
internal_count=1941 736 490 105 385 118 62 246 1205 680 497 110 183 159 267 135 95 202 138 525 387 50 113 107 72 64 181 86 62 68
is_linear=0
shrinkage=0.03


Tree=30
num_leaves=31
num_cat=0
split_feature=11 11 8 57 8 19 57 35 26 6 44 14 54 46 9 37 9 58 8 56 10 58 1 58 20 16 40 9 46 37
split_gain=1.90732e+07 1.95947e+06 1.74154e+06 3.21078e+06 1.60201e+06 1.31306e+06 1.73354e+06 1.88228e+06 3.35582e+06 1.6114e+06 2.17397e+06 1.32139e+06 1.26725e+06 1.01855e+06 796686 1.34586e+06 674438 648625 958830 592232 477896 473328 461670 397184 366793 363313 313338 296824 851371 1.04431e+06
threshold=-0.41248606129204529 -0.88144907265856332 3.5000000000000004 269.50000000000006 1.0000000180025095e-35 2.5000000000000004 302.50000000000006 26.812500000000004 8.6500000000000004 20.500000000000004 29.450000000000003 27.850000000000005 589.20000000000016 23.250000000000004 141.50000000000003 493.91875000000005 144.50000000000003 1006.5500000000001 5.5000000000000009 18.650000000000002 0.77259657388510639 1005.9500000000002 872.12500000000011 1007.6500000000002 19.500000000000004 24.850000000000005 701.27533479791668 141.50000000000003 24.750000000000004 5.3535714285000013
decision_type=2 2 2 2 2 2 2 2 2 2 2 2 2 2 2 2 2 2 2 2 2 2 2 2 2 2 2 2 2 2
left_child=1 2 3 21 -5 6 7 8 11 10 -9 -2 14 -14 15 -3 -16 18 -15 23 -10 -1 27 -4 -24 26 -18 28 29 -7
right_child=5 12 19 4 -6 22 -8 9 20 -11 -12 -13 13 17 16 -17 25 -19 -20 -21 -22 -23 24 -25 -26 -27 -28 -29 -30 -31
leaf_value=5.5115078250781906 5.6097038655281066 -3.6010510401571949 5.3469326049197798 5.1911266648227512 -3.0381760749816893 6.0134616817746842 -3.802965538548488 9.229198633276896 4.3281203282963139 -3.7063362443704397 -4.294744455277919 -2.980464478153062 6.2639010182293973 -3.3992882792537027 8.9016708311541333 5.4727108478013955 3.9808703401814336 3.8310300586534582 3.2530567673536446 11.591306641714914 9.1524477945055285 10.091894113540649 -2.9521419988870621 9.1473327148755388 0.49027281403541562 2.3297456535200278 7.5724804329872129 -3.844886949505355 -3.8342506222541513 -2.9065572823418511
leaf_weight=37 20 31 55 33 60 21 153 23 33 139 20 83 22 78 29 28 69 23 26 35 42 45 60 45 52 72 32 444 104 27
leaf_count=37 20 31 55 33 60 21 153 23 33 139 20 83 22 78 29 28 69 23 26 35 42 45 60 45 52 72 32 444 104 27
internal_value=-2.78585e-09 3.87268 5.67253 3.69759 -0.118101 -2.28365 -1.1279 0.00900624 2.20251 -2.13629 2.93899 -1.31247 2.51182 0.304393 3.772 0.705141 4.66777 -0.727963 -1.7362 8.23264 7.02974 8.02513 -3.12107 7.05711 -1.35388 3.95804 5.11881 -3.45316 -2.30892 0.995951
internal_weight=1941 720 310 175 93 1221 513 360 178 182 43 103 410 149 261 59 202 127 104 135 75 82 708 100 112 173 101 596 152 48
internal_count=1941 720 310 175 93 1221 513 360 178 182 43 103 410 149 261 59 202 127 104 135 75 82 708 100 112 173 101 596 152 48
is_linear=0
shrinkage=0.03


Tree=31
num_leaves=31
num_cat=0
split_feature=1 9 6 19 6 2 8 9 6 10 15 51 28 41 22 40 40 40 47 1 1 45 56 15 8 41 39 14 1 14
split_gain=1.57646e+07 2.35756e+06 2.82417e+06 2.34058e+06 1.99888e+06 1.76701e+06 1.45355e+06 1.86928e+06 2.85999e+06 3.95957e+06 2.42287e+06 1.40718e+06 1.16172e+06 1.12479e+06 955265 909917 836954 776754 1.67235e+06 710056 562867 525286 494255 402600 442188 394845 359843 351565 348072 320658
threshold=2928.5714285000004 141.50000000000003 26.500000000000004 15.500000000000002 28.500000000000004 6206.0000000000009 3.5000000000000004 141.50000000000003 26.500000000000004 0.29012925520284133 81.500000000000014 568.50000000000011 1005.9500000000002 218.88535465283988 380.50000000000006 810.22783481458362 788.88965774583346 622.61681546041677 45.500000000000007 872.12500000000011 595.90178570000012 78.500000000000014 12.550000000000002 60.500000000000007 2.5000000000000004 367.07584504266839 984.51216520625019 29.650000000000002 9169.214285500002 29.250000000000004
decision_type=2 2 2 2 2 2 2 2 2 2 2 2 2 2 2 2 2 2 2 2 2 2 2 2 2 2 2 2 2 2
left_child=6 3 5 16 14 13 7 10 19 -10 12 -5 17 29 -4 -6 -2 18 21 -9 -8 -1 -20 -7 -25 26 27 28 -15 -3
right_child=1 2 4 11 15 23 20 8 9 -11 -12 -13 -14 25 -16 -17 -18 -19 22 -21 -22 -23 -24 24 -26 -27 -28 -29 -30 -31
leaf_value=1.6374599968535557 -4.5683095019796616 1.0521921507140686 3.1295066943168637 -0.43163977627096506 5.5859317590953088 5.6687645244598386 -3.7634745903281899 -3.8487406365006365 -3.0791911790966986 8.3517272561073295 10.279589400291442 8.4481567446390784 6.8138404483795165 3.8689001999332984 -4.5085171345302033 -0.915796847985341 2.4016037836074826 -5.9555605614703628 -4.2544967011844417 0.049805603921413422 -1.2222695431113242 8.4308459215164184 0.96629764080047609 3.9788579739843093 -0.8437900335138494 9.6847348169599261 4.8386780963381941 9.4120381142199037 8.5582767513820102 5.1741183621708942
leaf_weight=21 69 29 20 29 76 22 429 339 60 50 24 36 20 29 56 26 20 23 51 48 96 20 24 28 44 70 49 64 28 41
leaf_count=21 69 29 20 29 76 22 429 339 60 50 24 36 20 29 56 26 20 23 51 48 96 20 24 28 44 70 49 64 28 41
internal_value=2.81544e-09 3.45943 4.33283 0.158668 1.18446 5.71998 -2.11298 -1.19746 -2.15191 2.11668 1.39467 4.4864 0.0535491 6.81251 -2.49851 3.92863 -3.00204 -0.919155 0.079443 -3.3652 -3.2988 4.95131 -2.58384 2.11696 1.03168 7.78845 7.00762 7.88595 6.17245 3.46646
internal_weight=1941 736 582 154 178 404 1205 680 497 110 183 65 159 310 76 102 89 139 116 387 525 41 75 94 72 240 170 121 57 70
internal_count=1941 736 582 154 178 404 1205 680 497 110 183 65 159 310 76 102 89 139 116 387 525 41 75 94 72 240 170 121 57 70
is_linear=0
shrinkage=0.03


Tree=32
num_leaves=31
num_cat=0
split_feature=11 12 12 11 8 47 34 57 27 27 17 57 12 12 33 12 28 47 25 28 20 16 50 16 56 56 28 56 31 39
split_gain=1.69844e+07 1.55256e+06 2.47359e+06 1.44523e+06 1.24708e+06 1.66382e+06 1.72719e+06 2.76514e+06 2.02041e+06 1.22048e+06 1.78526e+06 1.12244e+06 1.94655e+06 2.66633e+06 854947 819800 792244 1.08306e+06 669204 612786 607268 598904 582629 566726 372158 351741 325327 260355 255317 242258
threshold=-0.58216583101416131 0.64987354830121502 0.67563126931585993 -0.29012925520284105 3.5000000000000004 68.500000000000014 1.0000000180025095e-35 304.50000000000006 255.50000000000003 309.50000000000006 50.500000000000007 262.50000000000006 0.56811179347017271 0.53946920585801694 950.34732145000009 0.66285048286959747 1004.2500000000001 12.500000000000002 678.50000000000011 1006.4500000000002 1.0000000180025095e-35 24.850000000000005 99.500000000000014 24.150000000000002 19.150000000000002 10.750000000000002 1008.5500000000001 12.050000000000002 66.986607145000008 871.24040180625013
decision_type=2 2 2 2 2 2 2 2 2 2 2 2 2 2 2 2 2 2 2 2 2 2 2 2 2 2 2 2 2 2
left_child=1 11 -3 19 5 6 7 8 25 10 29 18 13 23 26 -8 -10 -18 22 20 -2 -21 27 -13 -16 -5 -14 -1 -7 -4
right_child=3 2 9 4 -6 28 15 -9 16 -11 -12 12 14 -15 24 -17 17 -19 -20 21 -22 -23 -24 -25 -26 -27 -28 -29 -30 -31
leaf_value=6.0883351440429685 -3.2741092039479152 -4.2734375281955881 3.5439229497313498 -4.4251656699180604 -3.4102691742747964 -3.6653044141305458 -3.8222260181174788 -3.6646442098202909 0.55335819959640509 10.25527801223423 -5.2338588523864749 6.1272344855942897 9.6787271785736078 -3.4407927116854435 2.2720963290532432 1.4501817095455001 1.4892398039499919 8.521653559175256 10.951576867537064 5.9123200068391606 1.0304766927865836 0.58437992503426284 8.374641515943738 1.30793646723032 7.1087070451463967 0.8264717170325192 5.9358267552202397 2.1679612365845711 -0.52317479775502129 8.0145261726379395
leaf_weight=30 54 46 24 24 499 222 121 69 24 23 20 70 57 58 45 34 27 73 33 29 65 55 54 32 21 22 33 31 26 20
leaf_count=30 54 46 24 24 499 222 121 69 24 23 20 70 57 58 45 34 27 73 33 29 65 55 54 32 21 22 33 31 26 20
internal_value=-6.34048e-10 4.21062 1.35309 -1.87034 -2.28529 -1.41089 -0.199224 1.40037 3.45617 4.32803 2.19793 5.0297 4.01991 1.69497 6.40447 -2.6657 5.44815 6.6229 7.18574 0.461957 -0.922865 2.42379 6.10511 4.6153 3.81102 -1.91351 8.30633 4.09601 -3.33589 5.57602
internal_weight=1941 597 133 1344 1141 642 394 239 170 87 64 464 316 160 156 155 124 100 148 203 119 84 115 102 66 46 90 61 248 44
internal_count=1941 597 133 1344 1141 642 394 239 170 87 64 464 316 160 156 155 124 100 148 203 119 84 115 102 66 46 90 61 248 44
is_linear=0
shrinkage=0.03


Tree=33
num_leaves=31
num_cat=0
split_feature=11 6 9 49 6 11 8 47 34 57 57 58 47 18 39 9 11 47 28 49 16 39 51 51 46 57 17 20 18 41
split_gain=1.59806e+07 1.56213e+06 2.77584e+06 2.49008e+06 2.38521e+06 1.35981e+06 1.17338e+06 1.56549e+06 1.62511e+06 2.60172e+06 1.59101e+06 900224 1.01615e+06 885520 838558 771350 731222 586548 576571 630313 563509 381586 438859 378920 599402 372185 308293 270906 260532 254706
threshold=-0.58216583101416131 26.500000000000004 141.50000000000003 3.5000000000000004 28.500000000000004 -0.29012925520284105 3.5000000000000004 68.500000000000014 1.0000000180025095e-35 304.50000000000006 250.00000000000003 1004.2500000000001 12.500000000000002 3.5000000000000004 871.24040180625013 140.50000000000003 -0.93540483100319605 1.5000000000000002 1006.4500000000002 3.5000000000000004 24.850000000000005 902.61026785000001 709.00000000000011 755.00000000000011 24.450000000000003 294.50000000000006 1.0000000180025095e-35 3.5000000000000004 44.500000000000007 223.35025982202322
decision_type=2 2 2 2 2 2 2 2 2 2 2 2 2 2 2 2 2 2 2 2 2 2 2 2 2 2 2 2 2 2
left_child=1 2 3 -1 -3 18 7 8 9 10 -7 -12 -13 14 -5 -10 21 -6 19 -2 -20 -4 -23 24 27 -21 -25 -18 -14 -26
right_child=5 4 16 13 17 6 -8 -9 15 -11 11 12 28 -15 -16 -17 23 -19 20 25 -22 22 -24 26 29 -27 -28 -29 -30 -31
leaf_value=-3.9762913101196289 -3.5975395074994005 -3.3375688914594974 10.386470816135407 -0.49673286356244772 0.74345454509441666 -1.9665883598877831 -3.3079610787997979 -3.2358109747594401 1.4066763622620526 -3.5547049140930174 -0.3150351595878601 1.2031440046855379 8.857396550259347 8.9611700577206062 7.0862174660818908 -3.70755926175551 11.203294075012208 6.1246799896681887 5.7349504492200651 -0.75273308733235234 0.56684852248972117 3.156185640335083 8.3716385399620492 6.2854712390899659 1.6532481138272719 3.7378381809821493 1.6624600389197066 7.0070019462903339 4.8953036355972293 5.4827239970366159
leaf_weight=50 47 58 48 35 26 39 499 248 34 69 24 28 59 27 21 121 20 61 29 46 55 20 53 20 22 26 37 45 20 54
leaf_count=50 47 58 48 35 26 39 499 248 34 69 24 28 59 27 21 121 20 61 29 46 55 20 53 20 22 26 37 45 20 54
internal_value=6.31376e-09 4.0843 4.95348 1.3125 1.37487 -1.81423 -2.21673 -1.36857 -0.193248 1.35836 3.35249 4.93603 6.11384 4.49851 2.34687 -2.58573 6.47151 4.5165 0.448098 -0.895179 2.35107 8.30885 6.94275 5.34869 6.18312 0.868862 3.28457 8.29817 7.85434 4.37419
internal_weight=1941 597 452 133 145 1344 1141 642 394 239 170 131 107 83 56 155 319 87 203 119 84 121 73 198 141 72 57 65 79 76
internal_count=1941 597 452 133 145 1344 1141 642 394 239 170 131 107 83 56 155 319 87 203 119 84 121 73 198 141 72 57 65 79 76
is_linear=0
shrinkage=0.03


Tree=34
num_leaves=31
num_cat=0
split_feature=11 54 8 11 36 16 21 8 19 9 11 9 35 20 9 4 37 46 9 11 54 57 57 9 1 48 58 11 45 14
split_gain=1.50362e+07 1.50626e+06 2.69773e+06 1.27945e+06 1.21364e+06 1.53045e+06 1.12466e+06 1.10403e+06 1.52022e+06 1.54032e+06 2.1745e+06 1.81144e+06 2.68978e+06 881330 688324 686502 640924 627094 606328 581528 565858 372453 325364 357777 299339 289284 281693 262296 260864 254489
threshold=-0.58216583101416131 589.20000000000016 4.5000000000000009 -0.29012925520284105 20.210714285000005 23.750000000000004 678.50000000000011 3.5000000000000004 6.5000000000000009 141.50000000000003 0.68322629814330826 147.50000000000003 14.437500000000002 37.000000000000007 141.50000000000003 3.5000000000000004 485.12589285000007 24.650000000000002 145.50000000000003 -0.88144907265856332 637.45000000000016 277.50000000000006 261.50000000000006 141.50000000000003 7777.0714285000004 24.500000000000004 1009.0500000000001 -0.95642797789208678 82.500000000000014 31.650000000000002
decision_type=2 2 2 2 2 2 2 2 2 2 2 2 2 2 2 2 2 2 2 2 2 2 2 2 2 2 2 2 2 2
left_child=1 6 4 20 5 -3 13 8 9 10 17 -11 15 14 16 -13 -1 -5 -16 27 22 -7 -2 -24 -8 -12 -20 -4 -15 -22
right_child=3 2 19 7 -6 21 24 -9 -10 11 25 12 -14 28 18 -17 -18 -19 26 -21 29 -23 23 -25 -26 -27 -28 -29 -30 -31
leaf_value=-3.2276139741677503 -0.22741786798462271 -3.3981088646339335 6.6631379553079606 -4.755393221194927 5.5598960361480714 5.8918100281383676 11.903643224716188 -3.208722254429647 -2.9511128345100723 -3.605476316396337 9.529902708435058 3.053916486469475 -3.4915651277776036 8.1556167710081056 8.5866019273840859 9.4149084707406843 3.9157313718795779 2.2147274715559822 1.8880642180876297 3.3606295116324172 -3.9703113435929822 0.77975099037433482 -0.32732748765211839 3.8966729405370812 7.5074052491395369 5.1603780441284179 5.9046979126063261 10.803537216186523 5.2218094530839183 0.19461876309436299
leaf_weight=26 64 92 40 26 30 23 20 499 287 137 25 37 53 47 23 26 20 21 55 38 31 29 26 59 46 30 22 21 65 23
leaf_count=26 64 92 40 26 30 23 20 499 287 137 25 37 53 47 23 26 20 21 55 38 31 29 26 59 46 30 22 21 65 23
internal_value=1.09518e-08 3.96177 2.32014 -1.75981 0.0706625 -1.07293 5.345 -2.15023 -1.32751 -0.0149091 3.09733 -1.26965 1.48905 4.45103 2.91531 5.67909 -0.121812 -1.64108 4.31239 6.27377 0.434655 3.04085 1.38818 2.60463 8.8396 7.14653 3.03567 8.08852 6.45296 -2.19636
internal_weight=1941 597 273 1344 174 144 324 1141 642 355 102 253 116 258 146 63 46 47 100 99 203 52 149 85 66 55 77 61 112 54
internal_count=1941 597 273 1344 174 144 324 1141 642 355 102 253 116 258 146 63 46 47 100 99 203 52 149 85 66 55 77 61 112 54
is_linear=0
shrinkage=0.03


Tree=35
num_leaves=31
num_cat=0
split_feature=11 6 12 19 6 11 8 19 2 26 57 15 18 11 34 12 4 47 48 57 44 16 15 46 46 8 18 57 56 3
split_gain=1.41475e+07 1.41985e+06 2.49075e+06 2.28209e+06 2.12546e+06 1.20383e+06 1.03879e+06 1.43287e+06 1.24066e+06 2.13533e+06 1.37661e+06 894684 798801 676811 630782 566606 1.17683e+06 551542 532935 446767 355286 345774 568185 489206 331229 296861 293387 226293 262788 219886
threshold=-0.58216583101416131 26.500000000000004 0.64987354830121502 3.5000000000000004 28.500000000000004 -0.29012925520284105 3.5000000000000004 1.5000000000000002 6049.6071430000011 7.6500000000000012 306.50000000000006 78.500000000000014 3.5000000000000004 -0.93540483100319605 545.30000000000007 0.64987354830121502 20.500000000000004 1.5000000000000002 40.500000000000007 256.50000000000006 28.150000000000002 23.250000000000004 62.500000000000007 24.450000000000003 24.850000000000005 4.5000000000000009 1.0000000180025095e-35 266.50000000000006 14.550000000000002 6347255.9645000007
decision_type=2 2 2 2 2 2 2 2 2 2 2 2 2 2 2 2 2 2 2 2 2 2 2 2 2 2 2 2 2 2
left_child=1 2 13 -4 -3 18 7 8 9 -7 11 -11 14 20 -5 -9 -17 -6 25 -13 -1 -15 -23 -24 -20 26 -2 28 -22 -25
right_child=5 4 3 12 17 6 -8 15 -10 10 -12 19 -14 21 -16 16 -18 -19 24 -21 27 22 23 29 -26 -27 -28 -29 -30 -31
leaf_value=4.2240820426940919 0.60474427377023998 -3.1886356643150595 -3.8404687271118161 -2.0426223335266114 0.56674180104182315 -2.6534200009055757 -3.1124605982528184 -3.1019717835888416 -3.2653346092470232 -0.4041070645451546 -2.9352806906266649 2.9523035066778012 8.5111881997850212 7.6444483574016679 4.6022837733725703 -2.1892621311545368 6.0367631835937496 5.7849151139669734 4.619707155227661 7.9080548518896103 7.8406215407902549 1.0468361642360686 7.9194850451296013 6.2782072228651771 0.010820043605306874 1.0493932514786719 -3.069453020635641 7.3276460863862711 12.426842034381369 2.9397499759069508
leaf_weight=20 31 58 50 20 26 69 499 291 62 20 22 22 27 37 36 72 20 61 36 64 22 35 44 26 23 60 53 56 23 56
leaf_count=20 31 58 50 20 26 69 499 291 62 20 22 22 27 37 36 72 20 61 36 64 22 35 44 26 23 60 53 56 23 56
internal_value=-8.0692e-09 3.84292 4.67157 1.22262 1.25982 -1.70701 -2.08572 -1.28769 0.435796 1.60062 3.89381 5.31117 4.27267 6.10953 2.2291 -2.45317 -0.400996 4.22546 0.421616 6.6403 7.8772 5.0293 4.4283 5.36759 2.82302 -0.562294 -1.7135 8.60059 10.1847 3.99829
internal_weight=1941 597 452 133 145 1344 1141 642 259 197 128 106 83 319 56 383 92 87 203 86 121 198 161 126 59 144 84 101 45 82
internal_count=1941 597 452 133 145 1344 1141 642 259 197 128 106 83 319 56 383 92 87 203 86 121 198 161 126 59 144 84 101 45 82
is_linear=0
shrinkage=0.03


Tree=36
num_leaves=31
num_cat=0
split_feature=11 11 57 41 18 16 54 49 57 2 26 44 27 46 9 26 20 41 9 28 33 16 9 11 27 18 16 53 57 16
split_gain=1.33217e+07 1.46618e+06 1.14245e+06 1.30905e+06 1.02334e+06 943505 941934 865914 1.27332e+06 1.73694e+06 2.04378e+06 878673 931864 809843 611394 1.03498e+06 542948 529379 505880 490975 465748 367531 649578 709862 358079 357559 375006 341336 314801 293382
threshold=-0.41248606129204529 -0.88144907265856332 264.50000000000006 250.90870725776196 8.5000000000000018 23.550000000000004 589.20000000000016 2.5000000000000004 302.50000000000006 5708.0000000000009 7.6500000000000012 29.550000000000004 255.50000000000003 23.250000000000004 141.50000000000003 16.250000000000004 3.5000000000000004 314.26711831322893 145.50000000000003 1006.5500000000001 809.55000000000007 24.750000000000004 140.50000000000003 0.097964660725097283 292.50000000000006 42.500000000000007 25.550000000000004 126.50000000000001 294.50000000000006 24.850000000000005
decision_type=2 2 2 2 2 2 2 2 2 2 2 2 2 2 2 2 2 2 2 2 2 2 2 2 2 2 2 2 2 2
left_child=1 2 16 -4 17 -6 14 8 9 10 -2 12 -12 -8 15 -3 -1 20 -16 24 -5 22 23 -9 -15 26 -14 -24 -19 -20
right_child=7 6 3 4 5 -7 13 21 -10 -11 11 -13 25 19 18 -17 -18 28 29 -21 -22 -23 27 -25 -26 -27 -28 -29 -30 -31
leaf_value=10.855416737218057 -1.8545709381054858 -2.386232405442458 10.091600161743164 -1.7248245427608491 -3.5127467447519303 3.6909184675216675 5.4702138164910394 -2.1123496777078379 -3.2337902385419413 -3.006207795101663 -0.20564995545607345 -1.5901124007287233 9.5607595888773584 -2.8952109893508577 7.0494232358430562 6.0077100934982299 5.9518178941435735 4.4137302023994502 4.275778590291738 3.2021603654778521 4.6006767238270143 -3.1236391517560778 -2.8056390918731688 5.42535600380464 0.83015277590070446 3.9304224509161876 4.4372456302642824 0.73096032091549468 8.2418543529510497 1.700228049974231
leaf_weight=31 98 39 25 20 36 30 22 23 155 115 26 23 36 69 38 20 59 58 96 23 22 438 200 22 35 37 20 28 29 68
leaf_count=31 98 39 25 20 36 30 22 23 155 115 26 23 36 69 38 20 59 58 96 23 22 438 200 22 35 37 20 28 29 68
internal_value=5.14148e-09 3.23653 4.79343 3.62858 2.79999 -0.238353 2.05937 -1.90852 -0.965218 0.0252861 1.47788 3.77774 4.81522 0.156243 3.14582 0.459172 7.64084 4.35448 3.93054 -0.764288 1.58853 -2.58515 -1.7212 1.57275 -1.64148 6.2189 7.73093 -2.37132 5.68977 3.20787
internal_weight=1941 720 310 220 195 66 410 1221 510 355 240 142 119 149 261 59 90 129 202 127 42 711 273 45 104 93 56 228 87 164
internal_count=1941 720 310 220 195 66 410 1221 510 355 240 142 119 149 261 59 90 129 202 127 42 711 273 45 104 93 56 228 87 164
is_linear=0
shrinkage=0.03


Tree=37
num_leaves=31
num_cat=0
split_feature=11 6 9 19 6 11 8 6 10 9 15 18 40 47 41 33 54 47 56 40 6 50 46 30 46 23 34 38 46 34
split_gain=1.25634e+07 1.30343e+06 2.25036e+06 2.08725e+06 1.92911e+06 1.06878e+06 928470 1.30331e+06 2.92886e+06 1.93819e+06 2.07e+06 730912 691911 1.37314e+06 614020 579014 502595 491539 377945 373156 342782 335242 310638 308649 303648 302736 291377 350996 272627 247526
threshold=-0.58216583101416131 26.500000000000004 141.50000000000003 3.5000000000000004 28.500000000000004 -0.29012925520284105 3.5000000000000004 26.500000000000004 0.29012925520284133 141.50000000000003 81.500000000000014 3.5000000000000004 604.92879465125009 45.500000000000007 367.07584504266839 754.41517855000018 637.45000000000016 1.5000000000000002 12.550000000000002 903.1601562604169 20.500000000000004 19.500000000000004 25.050000000000004 58.764285715000007 24.850000000000005 215.50000000000003 927.76250000000016 992.50044653750012 24.650000000000002 1160.0785715000004
decision_type=2 2 2 2 2 2 2 2 2 2 2 2 2 2 2 2 2 2 2 2 2 2 2 2 2 2 2 2 2 2
left_child=1 2 3 -1 -3 16 7 9 -9 10 12 15 13 -7 19 -5 20 -6 -15 25 21 -2 -22 -11 -23 26 27 28 -4 -21
right_child=5 4 14 11 17 6 -8 8 -10 23 -12 -13 -14 18 -16 -17 -18 -19 -20 29 22 24 -24 -25 -26 -27 -28 -29 -30 -31
leaf_value=-3.7050885864257808 -2.8007272690993088 -3.091546657167632 6.6155972445011137 -1.297705410861969 0.51781863360450819 4.4157881836561446 -2.9361334224024374 -2.624134361743927 7.3181543046236035 -3.3466838350736179 9.028562769889831 8.1083997387356224 -5.1423868703842164 -3.6567047274842555 8.2645281175885881 4.8386305406016685 -2.0825174458821616 5.44397545243873 1.1536455917358397 0.97561924128696831 4.9117759062262136 3.2554667007923124 0.75951383413807039 -0.66937099920077747 -1.1092791350071247 7.3908920260838098 7.9479305552399682 0.84393405220725315 3.3059501709256853 5.1955624233321709
leaf_weight=50 26 58 48 25 26 47 499 60 48 325 24 27 24 49 70 31 54 61 21 29 34 32 31 44 26 63 23 22 42 22
leaf_count=50 26 58 48 25 26 47 499 60 48 325 24 27 24 49 70 31 54 61 21 29 34 32 31 44 26 63 23 22 42 22
internal_value=2.25291e-09 3.62139 4.41534 1.13705 1.14646 -1.60861 -1.96545 -1.21097 1.79466 -1.81885 0.88399 4.054 -0.502321 0.449488 5.78215 2.09919 0.397065 3.97179 -2.2136 5.08429 1.29571 0.0299377 2.93147 -3.02744 1.29886 5.67371 4.87235 4.24076 5.0711 2.79599
internal_weight=1941 597 452 133 145 1344 1141 642 108 534 165 83 141 117 319 56 203 87 70 249 149 84 65 369 58 198 135 112 90 51
internal_count=1941 597 452 133 145 1344 1141 642 108 534 165 83 141 117 319 56 203 87 70 249 149 84 65 369 58 198 135 112 90 51
is_linear=0
shrinkage=0.03


Tree=38
num_leaves=31
num_cat=0
split_feature=1 9 6 19 6 23 23 51 19 8 27 27 40 18 40 39 28 40 40 26 16 16 37 10 16 43 34 16 43 16
split_gain=1.03886e+07 1.65247e+06 1.94691e+06 1.67448e+06 1.3471e+06 1.15185e+06 1.14242e+06 1.05593e+06 863346 1.13922e+06 1.11831e+06 1.66316e+06 933805 1.21804e+06 820601 752493 669738 646143 612038 440512 423673 392080 354390 330939 317633 270279 253376 216699 174013 173309
threshold=2928.5714285000004 141.50000000000003 26.500000000000004 15.500000000000002 28.500000000000004 160.50000000000003 126.50000000000001 568.50000000000011 2.5000000000000004 3.5000000000000004 304.50000000000006 276.50000000000006 2.822730654854158 42.500000000000007 759.95070683750009 574.83928570625005 1004.5500000000001 810.22783481458362 788.88965774583346 8.1500000000000004 23.150000000000002 25.550000000000004 469.59285715000004 0.95642797789208711 23.350000000000005 160.58214285000005 934.03482145000009 24.250000000000004 29.864285729999999 24.750000000000004
decision_type=2 2 2 2 2 2 2 2 2 2 2 2 2 2 2 2 2 2 2 2 2 2 2 2 2 2 2 2 2 2
left_child=6 3 5 18 15 24 8 -5 9 10 11 12 13 -1 19 -4 -13 -6 -2 -7 -16 -18 -8 -11 -3 -21 -22 -27 29 -10
right_child=1 2 4 7 17 14 22 -9 28 23 -12 16 -14 -15 20 -17 21 -19 -20 25 26 -23 -24 -25 -26 27 -28 -29 -30 -31
leaf_value=7.4749315178912612 -3.9679349716849948 5.7828913694620123 2.8971082506179808 -0.55491389899418275 4.5748112053188841 3.6708632285254339 0.51801877498626703 7.1372021573781961 -2.0664466736465692 -3.089001180410385 -3.1369908449543056 -0.21440883243083952 -2.9472830102660437 -1.2297321979816143 6.5392162831624345 -3.8819637271336145 8.2882624121273256 -0.90407549043114366 1.9923337483406067 9.0102748530789416 -0.54322057160464199 3.6233333006212787 6.035743809700012 0.89067331518445692 2.0196257613963029 8.4101654137883877 3.6131724028153851 4.9509663229722243 -0.98971064929451247 -3.1150146627062147
leaf_weight=23 69 24 20 29 76 28 22 36 222 180 67 20 77 39 27 56 34 26 20 76 22 31 20 21 127 28 33 39 56 393
leaf_count=23 69 24 20 29 76 28 22 36 222 180 67 20 77 39 27 56 34 26 20 76 22 31 20 21 127 28 33 39 56 393
internal_value=2.32315e-09 2.80829 3.53951 0.0448437 0.92546 4.69124 -1.71527 3.70533 -1.89081 -0.936251 0.263508 1.28062 -0.740841 1.99942 5.92877 -2.098 4.58631 3.17823 -2.62855 7.11191 3.4615 6.06345 3.14551 -2.67321 2.61776 7.78569 1.95062 6.3966 -2.59072 -2.73651
internal_weight=1941 736 582 154 178 404 1205 65 1163 492 291 224 139 62 253 76 85 102 89 171 82 65 42 201 151 143 55 67 671 615
internal_count=1941 736 582 154 178 404 1205 65 1163 492 291 224 139 62 253 76 85 102 89 171 82 65 42 201 151 143 55 67 671 615
is_linear=0
shrinkage=0.03


Tree=39
num_leaves=31
num_cat=0
split_feature=11 6 9 19 6 43 27 8 47 41 16 34 1 6 33 41 47 6 16 47 39 27 11 45 23 17 26 23 20 35
split_gain=1.11605e+07 1.16287e+06 1.98779e+06 1.85733e+06 1.71546e+06 942111 829547 792040 1.09973e+06 1.66679e+06 1.27546e+06 622115 594842 577628 1.1203e+06 546603 444969 439260 444714 418315 381125 431509 357646 385209 304517 314019 286953 279569 248127 232497
threshold=-0.58216583101416131 26.500000000000004 141.50000000000003 3.5000000000000004 28.500000000000004 12.693750000000003 309.50000000000006 2.5000000000000004 42.500000000000007 164.24625073734407 25.950000000000003 524.67857140000012 610.92857145000005 19.500000000000004 356.12678570000008 367.07584504266839 1.5000000000000002 20.500000000000004 25.050000000000004 29.500000000000004 921.8390996937502 292.50000000000006 -0.93540483100319605 70.500000000000014 117.50000000000001 15.500000000000002 9.8500000000000032 172.50000000000003 19.500000000000004 1133.0267855000004
decision_type=2 2 2 2 2 2 2 2 2 2 2 2 2 2 2 2 2 2 2 2 2 2 2 2 2 2 2 2 2 2
left_child=1 2 3 -1 -3 7 11 8 9 10 26 -5 -10 14 -11 20 -6 28 19 -19 22 27 -4 -24 -9 -26 -2 -22 -7 -15
right_child=5 4 15 6 16 17 -8 24 12 13 -12 -13 -14 29 -16 -17 -18 18 -20 -21 21 -23 23 -25 25 -27 -28 -29 -30 -31
leaf_value=-3.485626350402832 8.6071396392391559 -2.9209119321560038 8.4485926144964552 -1.89779879030974 0.45354489959203276 -3.5434943698002739 8.6777452518629001 -2.7394535147798527 -2.6462842552051988 5.4934209757584798 -1.0766235193712959 4.3852071850042087 1.7519689759900492 -3.6625533604977734 -3.9507763706445691 7.7898730950696127 5.1405378876650918 0.5912357490062714 -0.11825882967780618 6.2719056415557857 0.34704287763578545 7.2809667141437533 6.7703845364830704 3.3081835506783155 -3.1214914989471434 1.3338948440551757 4.1845254035617989 3.939728604880246 -0.043507421974275928 -0.36512844191657173
leaf_weight=50 31 58 34 23 26 26 23 587 258 26 29 37 31 67 20 70 61 20 51 28 35 20 55 61 24 35 23 44 61 27
leaf_count=50 31 58 34 23 26 26 23 587 258 26 29 37 31 67 20 70 61 20 51 28 35 20 55 61 24 35 23 44 61 27
internal_value=-4.29646e-09 3.41322 4.16314 1.08203 1.07553 -1.51614 3.83363 -1.83447 -0.95317 0.629629 3.99811 1.97672 -2.1745 -1.3674 1.38725 5.44774 3.73983 0.46571 1.83239 3.90496 4.7893 3.34458 5.74282 4.94974 -2.53295 -0.478466 6.72343 2.34803 -1.08948 -2.71542
internal_weight=1941 597 452 133 145 1344 83 1158 512 223 83 60 289 140 46 319 87 186 99 48 249 99 150 116 646 59 54 79 87 94
internal_count=1941 597 452 133 145 1344 83 1158 512 223 83 60 289 140 46 319 87 186 99 48 249 99 150 116 646 59 54 79 87 94
is_linear=0
shrinkage=0.03


Tree=40
num_leaves=31
num_cat=0
split_feature=11 54 8 36 16 11 25 19 27 2 26 17 20 6 24 37 18 22 6 38 6 6 27 20 1 11 27 16 9 53
split_gain=1.0501e+07 1.10184e+06 2.06936e+06 892731 1.18998e+06 890415 885193 778594 1.0064e+06 1.3035e+06 1.77246e+06 797783 647038 566194 495257 493319 414112 391309 366348 366299 362245 321318 302977 280836 267078 248822 223365 212136 587626 220201
threshold=-0.58216583101416131 589.20000000000016 4.5000000000000009 2.7142857145000003 23.750000000000004 -0.3520614488341256 678.50000000000011 2.5000000000000004 302.50000000000006 5708.0000000000009 7.6500000000000012 29.500000000000004 41.500000000000007 20.500000000000004 766.80000000000007 390.75357145000004 42.500000000000007 426.00000000000006 24.500000000000004 902.82433036250018 21.500000000000004 20.500000000000004 277.50000000000006 19.500000000000004 8900.7142860000022 -0.88144907265856332 262.50000000000006 24.750000000000004 140.50000000000003 126.50000000000001
decision_type=2 2 2 2 2 2 2 2 2 2 2 2 2 2 2 2 2 2 2 2 2 2 2 2 2 2 2 2 2 2
left_child=1 6 3 4 -3 17 12 8 9 10 26 20 13 15 19 -1 -13 21 -15 25 -12 23 -6 -2 -8 -4 -7 28 -9 -30
right_child=5 2 14 -5 22 7 24 27 -10 -11 11 16 -14 18 -16 -17 -18 -19 -20 -21 -22 -23 -24 -25 -26 -27 -28 -29 29 -31
leaf_value=-3.1997171252706775 -2.6296396263785984 -3.1709818898240725 8.3135666601998466 4.4632501333951948 5.1008426918802048 -3.0689055056616947 9.6847201366424542 1.7101757895319085 -2.861634072488354 -2.6404526754726061 2.7195071620494127 7.3407454245431074 5.4296749872130317 7.2001987266540528 9.120438333749771 2.2219455205581404 3.2811941385269163 -1.9697259732484815 2.7700980287790298 1.7388104769587516 -2.7472307932376863 3.1510136820186267 0.49016615707298805 1.4454014237721762 5.8520605357487998 3.7481704796986142 -0.19483223438262939 -2.824645822416703 -2.6438270774105477 0.58776512861251828
leaf_weight=23 23 90 21 32 23 53 30 38 155 110 24 42 111 24 24 44 49 40 56 32 20 55 29 45 36 22 45 427 197 21
leaf_count=23 23 90 21 32 23 53 30 38 155 110 24 42 111 24 24 44 49 40 56 32 20 55 29 45 36 22 45 427 197 21
internal_value=-6.35338e-09 3.31082 1.90677 -0.0633918 -1.08348 -1.47065 4.49386 -1.75753 -0.85544 0.0511491 1.32186 3.55121 3.70076 2.39525 5.36947 0.360778 5.15483 0.607841 4.09913 4.16915 0.234626 1.44607 2.5295 0.0670787 7.59418 5.97778 -1.74918 -2.41527 -1.73244 -2.33253
internal_weight=1941 597 273 174 142 1344 324 1181 498 343 233 135 258 147 99 67 91 163 80 75 44 123 52 68 66 43 98 683 256 218
internal_count=1941 597 273 174 142 1344 324 1181 498 343 233 135 258 147 99 67 91 163 80 75 44 123 52 68 66 43 98 683 256 218
is_linear=0
shrinkage=0.03


Tree=41
num_leaves=31
num_cat=0
split_feature=11 57 8 57 12 12 11 19 57 2 26 17 10 19 11 57 50 20 22 27 18 12 50 26 21 41 28 16 57 10
split_gain=9.88035e+06 921304 1.57485e+06 1.71387e+06 860947 1.38699e+06 837791 732579 948262 1.24109e+06 1.57185e+06 703798 643010 691510 567189 543248 465011 404049 368183 367815 363347 340836 321526 286131 305053 236871 312401 240099 222966 221708
threshold=-0.58216583101416131 264.50000000000006 3.5000000000000004 309.50000000000006 0.64987354830121502 0.56811179347017271 -0.3520614488341256 2.5000000000000004 302.50000000000006 5708.0000000000009 7.6500000000000012 29.500000000000004 -0.47114434510950048 42.500000000000007 -0.84874750804349197 290.50000000000006 25.500000000000004 3.5000000000000004 426.00000000000006 277.50000000000006 42.500000000000007 0.64987354830121502 99.500000000000014 19.150000000000002 872.50000000000011 204.67574043391906 1006.1500000000002 24.950000000000003 272.50000000000006 0.77259657388510639
decision_type=2 2 2 2 2 2 2 2 2 2 2 2 2 2 2 2 2 2 2 2 2 2 2 2 2 2 2 2 2 2
left_child=1 14 3 4 5 -3 18 8 9 10 28 21 15 23 17 -4 -16 -1 25 -7 -13 -12 -19 24 -14 26 -2 -28 -8 -22
right_child=6 2 12 -5 -6 19 7 -9 -10 -11 11 20 13 -15 16 -17 -18 22 -20 -21 29 -23 -24 -25 -26 -27 27 -29 -30 -31
leaf_value=9.193376976391848 -1.7258904781937598 -2.5005425956601002 -1.7625687847137452 6.3647652288583609 -3.8712551072064563 6.3121264280121894 -2.4185340015411376 -2.3428098165133684 -2.8048676921819387 -2.5252660660367261 -2.6648138825297356 6.8547215506087902 6.3785354314067142 0.32328678131103517 0.3599870878458023 4.181219392591907 5.43547099200162 2.4863060299873352 -1.910634205341339 1.7722658442457515 0.92927925420844038 2.6379218667745592 6.8028785203142865 9.3684220218658449 2.875473638296127 3.8276701273236955 4.4423340381275516 0.55740190247210064 1.1464424892067908 4.9374909040662978
leaf_weight=34 32 61 25 39 51 29 75 683 152 114 20 43 88 22 32 31 33 25 40 36 23 24 41 20 30 28 22 41 20 27
leaf_count=34 32 61 25 39 51 29 75 683 152 114 20 43 88 22 32 31 33 25 40 36 23 24 41 20 30 28 22 41 20 27
internal_value=-3.75869e-10 3.21149 2.48315 0.671815 -0.582564 0.748573 -1.42653 -1.7048 -0.829777 0.0378931 1.29738 3.35367 4.29449 5.26285 5.11843 1.52774 2.93677 6.5365 0.589606 3.79774 4.83267 0.227587 5.16781 6.05032 5.48793 1.40269 0.687961 1.91404 -1.66801 3.09371
internal_weight=1941 597 432 216 177 126 1344 1181 498 346 232 137 216 160 165 56 65 100 163 65 93 44 66 138 118 123 95 63 95 50
internal_count=1941 597 432 216 177 126 1344 1181 498 346 232 137 216 160 165 56 65 100 163 65 93 44 66 138 118 123 95 63 95 50
is_linear=0
shrinkage=0.03


Tree=42
num_leaves=31
num_cat=0
split_feature=11 54 8 21 36 16 43 8 47 34 58 38 24 13 37 57 27 27 27 38 43 13 27 23 26 1 28 11 10 45
split_gain=9.29642e+06 979628 1.84394e+06 804726 796448 1.06763e+06 795679 688503 964040 1.48268e+06 1.50085e+06 543362 449306 424912 808333 377193 742868 347364 410584 331807 288641 293619 269169 267363 280022 250490 236102 228518 218154 484242
threshold=-0.58216583101416131 589.20000000000016 4.5000000000000009 678.50000000000011 2.7142857145000003 23.750000000000004 12.693750000000003 2.5000000000000004 42.500000000000007 1.0000000180025095e-35 1007.5500000000001 163.1129464250001 766.80000000000007 -0.75999367905021098 485.12589285000007 284.50000000000006 294.50000000000006 262.50000000000006 292.50000000000006 902.82433036250018 -195.57142854999992 -0.80287751089053416 277.50000000000006 117.50000000000001 17.650000000000002 7777.0714285000004 1005.85 -0.88144907265856332 0.88144907265856365 83.500000000000014
decision_type=2 2 2 2 2 2 2 2 2 2 2 2 2 2 2 2 2 2 2 2 2 2 2 2 2 2 2 2 2 2
left_child=1 3 4 13 5 -3 7 8 9 10 26 -10 19 20 -15 -11 -17 -8 -19 27 -1 -22 -7 28 -25 -5 -2 -4 -9 -30
right_child=6 2 12 25 -6 22 17 23 11 15 -12 -13 -14 14 -16 16 -18 18 -20 -21 21 -23 -24 24 -26 -27 -28 -29 29 -31
leaf_value=7.4320507713726585 7.896312632139991 -3.0093021943370499 7.8764690126691548 9.9896103572845458 4.2070640221238138 4.8138309574127192 -1.1573728562690115 -2.7735481897183893 -2.4156976294062518 -3.1097569122599134 -1.2951304490749653 2.0540429104699029 8.632638692855835 -2.7008942314294671 4.6450479330335339 3.1985752035677431 -3.8697984770069951 3.8363767176866532 0.084422327041625972 1.6035510161519051 3.2517121261020874 6.8115855407714836 0.46800605856139083 -2.5045386694217551 1.6295911422073841 5.9680473439071493 4.1762620353698727 3.5012997864051298 2.3806592113494873 -2.4926245981584425
leaf_weight=21 34 90 21 20 32 23 74 493 262 67 39 27 24 26 28 32 23 42 70 32 159 24 29 29 30 46 28 22 25 69
leaf_count=21 34 90 21 20 32 23 74 493 262 67 39 27 24 26 28 32 23 42 70 32 159 24 29 29 30 46 28 22 25 69
internal_value=-6.17051e-09 3.11515 1.79125 4.23066 -0.0685107 -1.03202 -1.38374 -1.67628 -0.854606 0.627333 3.31584 -1.99811 5.05991 3.47446 1.10811 -1.5984 0.24271 0.43759 1.49141 3.91664 4.10085 3.71858 2.3902 -2.32752 -0.402439 7.1867 6.21629 5.63801 -2.52101 -1.19654
internal_weight=1941 597 273 324 174 142 1344 1158 512 223 101 289 99 258 54 122 55 186 112 75 204 183 52 646 59 66 62 43 587 94
internal_count=1941 597 273 324 174 142 1344 1158 512 223 101 289 99 258 54 122 55 186 112 75 204 183 52 646 59 66 62 43 587 94
is_linear=0
shrinkage=0.03


Tree=43
num_leaves=31
num_cat=0
split_feature=11 6 9 19 6 43 8 47 56 46 6 18 31 11 39 47 6 46 59 39 38 16 15 46 23 17 50 15 41 11
split_gain=8.74701e+06 979776 1.59461e+06 1.49916e+06 1.36758e+06 748654 647813 907066 1.40807e+06 1.13397e+06 817030 596365 516043 475029 465732 371205 354850 409845 331673 280311 264918 251885 398553 394571 251562 267124 214566 201588 183416 172023
threshold=-0.58216583101416131 26.500000000000004 141.50000000000003 3.5000000000000004 28.500000000000004 12.693750000000003 2.5000000000000004 42.500000000000007 9.2500000000000018 25.950000000000003 18.500000000000004 3.5000000000000004 177.27142855000002 -0.93540483100319605 871.24040180625013 1.5000000000000002 20.500000000000004 25.350000000000005 0.55000000000000016 202.10602678187504 890.62366075000011 23.250000000000004 62.500000000000007 24.450000000000003 117.50000000000001 15.500000000000002 19.500000000000004 81.500000000000014 223.35025982202322 -0.88144907265856332
decision_type=2 2 2 2 2 2 2 2 2 2 2 2 2 2 2 2 2 2 2 2 2 2 2 2 2 2 2 2 2 2
left_child=1 2 3 -1 -3 6 7 8 9 27 -10 14 -9 18 -5 -6 26 19 20 -18 -4 -15 -23 -24 -8 -26 -7 -2 -25 -17
right_child=5 4 13 11 15 16 24 12 10 -11 -12 -13 -14 21 -16 29 17 -19 -20 -21 -22 22 23 28 25 -27 -28 -29 -30 -31
leaf_value=-3.1532392776489253 5.3258460345268253 -2.6923574159885275 10.0015001522411 -0.54394034259459545 0.25322754621505739 -3.5342036039179017 -2.4453813541214751 -2.3196692062411106 3.7081101198281559 -0.59223757046919601 -1.9453748453495114 7.0847999572753899 2.2742633724212644 6.1876564631590973 5.0579218404943287 6.0016169465671885 5.3118967751533752 -0.3368250304460525 3.0993630906809932 0.75645728588104244 6.2632167011185702 0.61060168499605993 6.5211566890369754 0.65645550207658243 -2.8280662059783932 1.2812004979337965 -0.10658191967010498 9.5852943320274342 3.8587412524223326 2.804607046161379
leaf_weight=50 20 58 22 34 26 22 587 265 28 26 129 27 24 37 22 33 31 48 23 20 76 35 44 22 24 35 65 20 60 28
leaf_count=50 20 58 22 34 26 22 587 265 28 26 129 27 24 37 22 33 31 48 23 20 76 35 44 22 24 35 65 20 60 28
internal_value=1.37807e-09 3.0217 3.71005 0.950436 0.875928 -1.34223 -1.62599 -0.828968 0.608513 4.28522 -0.93711 3.42253 -1.93817 4.86061 1.65679 3.25478 0.424463 1.65283 6.34151 3.52545 7.10242 3.95561 3.44266 4.22934 -2.25769 -0.390366 -0.973337 7.45557 2.99959 4.53414
internal_weight=1941 597 452 133 145 1344 1158 512 223 66 157 83 289 319 56 87 186 99 121 51 98 198 161 126 646 59 87 40 82 61
internal_count=1941 597 452 133 145 1344 1158 512 223 66 157 83 289 319 56 87 186 99 121 51 98 198 161 126 646 59 87 40 82 61
is_linear=0
shrinkage=0.03


Tree=44
num_leaves=31
num_cat=0
split_feature=11 11 8 57 19 51 19 27 2 26 35 2 9 57 27 26 18 9 23 39 2 14 6 50 38 39 49 26 27 57
split_gain=8.24145e+06 1.02714e+06 890615 1.63737e+06 951648 646282 625997 848841 1.07947e+06 1.45757e+06 739220 775953 421213 409416 407636 340250 323847 296179 237609 234071 233605 226380 223285 428783 219828 213260 239976 207669 197502 197226
threshold=-0.41248606129204529 -0.84874750804349197 3.5000000000000004 269.50000000000006 13.500000000000002 541.00000000000011 2.5000000000000004 302.50000000000006 5708.0000000000009 7.6500000000000012 1.0000000180025095e-35 4990.3125000000009 141.50000000000003 287.50000000000006 314.00000000000006 19.150000000000002 62.500000000000007 144.50000000000003 126.50000000000001 993.67176346250005 5687.8750000000009 33.45000000000001 20.500000000000004 99.500000000000014 347.86361607500004 997.34594492500014 37.500000000000007 8.1500000000000004 275.50000000000006 276.50000000000006
decision_type=2 2 2 2 2 2 2 2 2 2 2 2 2 2 2 2 2 2 2 2 2 2 2 2 2 2 2 2 2 2
left_child=1 2 3 22 19 12 7 8 9 28 16 -12 14 -7 -3 21 -11 -14 -8 -5 -15 25 23 -1 29 26 -4 -26 -2 -19
right_child=6 5 15 4 -6 13 18 -9 -10 10 11 -13 17 20 -16 -17 -18 24 -20 -21 -22 -23 -24 -25 27 -27 -28 -29 -30 -31
leaf_value=1.3908586522249073 -2.1388676817969574 -2.5991981528355521 7.4300377178192134 -3.06242403160442 5.7319142875671378 -1.4638014032937146 -2.1844957503427693 -2.549189903644415 -2.2894858611873961 5.9688610495762395 -3.1191647889879013 4.0732070249981343 5.998314929538302 -0.81892231464385978 3.0204636655535015 7.7648106127250474 1.6112029552459717 -1.1224715921153192 0.79325679702758789 0.068648624164717537 3.1866966977872342 2.1775019900666339 7.7269057708740227 6.3157737769150151 0.70114106890830119 2.7074515696934291 3.4667665193080901 3.9636354365842092 1.1860804806947709 2.9509419600963591
leaf_weight=26 82 26 44 44 20 85 683 156 115 66 27 27 27 20 21 41 20 23 25 42 38 27 25 41 22 21 20 87 20 20
leaf_count=26 82 26 44 44 20 85 683 156 115 66 27 27 27 20 21 41 20 23 25 42 38 27 25 41 22 21 20 87 20 20
internal_value=7.45185e-09 2.54567 3.70746 2.37907 -0.162501 1.44055 -1.50113 -0.703123 0.103562 1.24075 3.22806 0.477021 2.43924 -0.137812 -0.0882854 5.42656 4.95545 3.10289 -2.07935 -1.5333 1.80545 4.57059 5.30741 4.40461 2.58857 5.33075 6.19152 3.30515 -1.48692 0.772139
internal_weight=1941 720 351 198 106 369 1221 513 357 242 140 54 226 143 47 153 86 179 708 86 58 112 92 67 152 85 64 109 102 43
internal_count=1941 720 351 198 106 369 1221 513 357 242 140 54 226 143 47 153 86 179 708 86 58 112 92 67 152 85 64 109 102 43
is_linear=0
shrinkage=0.03


Tree=45
num_leaves=31
num_cat=0
split_feature=11 6 9 27 6 6 43 41 15 18 27 16 57 36 9 57 36 1 50 47 47 39 6 46 39 27 14 1 15 39
split_gain=7.76308e+06 887443 1.43762e+06 1.40172e+06 1.25848e+06 1.24129e+06 669244 441783 428624 807035 623836 688342 495007 623388 442254 1.12363e+06 1.71372e+06 348348 361715 332928 331858 328296 312186 366501 296482 344448 297857 297728 276496 253376
threshold=-0.58216583101416131 26.500000000000004 141.50000000000003 309.50000000000006 17.500000000000004 28.500000000000004 12.693750000000003 367.07584504266839 85.500000000000014 28.500000000000004 302.50000000000006 24.650000000000002 255.50000000000003 639.65625000000011 141.50000000000003 295.50000000000006 7.2553571430000003 610.92857145000005 1.0000000180025095e-35 1.5000000000000002 52.500000000000007 871.24040180625013 20.500000000000004 25.350000000000005 921.8390996937502 292.50000000000006 29.650000000000002 9225.4821430000029 80.500000000000014 202.10602678187504
decision_type=2 2 2 2 2 2 2 2 2 2 2 2 2 2 2 2 2 2 2 2 2 2 2 2 2 2 2 2 2 2
left_child=1 2 3 4 21 -3 8 24 9 14 11 20 -13 -14 15 16 -2 -16 -19 -7 -11 -1 -8 29 26 -26 27 -4 -18 -24
right_child=6 5 7 -5 -6 19 22 -9 -10 10 -12 12 13 -15 17 -17 28 18 -20 -21 -22 -23 23 -25 25 -27 -28 -29 -30 -31
leaf_value=0.9776749062538147 -3.1653353303478609 -2.5950223825717793 1.812002110209848 7.6168639929398241 -3.5651005633123987 0.2282777661543626 -0.90519778300975928 6.6998748238767893 -2.3938354975948091 1.0723156821448356 -1.8576029968261718 0.52949894666671748 8.5670425852445451 1.6175513267517088 -2.6661687936009586 -2.6013753537928803 3.5312909017909657 -2.1131514501268578 1.6104160041533984 4.2824729944643432 -3.7140725170482285 5.8773316011428829 5.0273240726224833 -0.32346183903515335 1.8377120046977755 6.2450062637329093 6.0282834064960484 6.0006381464004521 8.1874472051858902 0.6962752439975739
leaf_weight=32 31 58 42 23 58 26 87 70 359 32 66 30 26 21 333 94 22 59 39 61 22 20 31 48 79 20 84 24 24 20
leaf_count=32 31 58 42 23 58 26 87 70 359 32 66 30 26 21 333 94 22 59 39 61 22 20 31 48 79 20 84 24 24 20
internal_value=-2.56095e-09 2.84667 3.50179 0.881536 -0.52676 0.804516 -1.26448 4.59425 -1.53278 -1.1459 0.520809 1.71909 3.54022 5.46195 -1.69131 -0.400395 2.28652 -2.20349 -0.631324 3.07087 -0.877694 2.86216 0.405883 1.55804 4.00231 2.72807 4.8433 3.33514 5.96059 3.32887
internal_weight=1941 597 452 133 110 145 1344 319 1158 799 197 131 77 47 602 171 77 431 98 87 54 52 186 99 249 99 150 66 46 51
internal_count=1941 597 452 133 110 145 1344 319 1158 799 197 131 77 47 602 171 77 431 98 87 54 52 186 99 249 99 150 66 46 51
is_linear=0
shrinkage=0.03


Tree=46
num_leaves=31
num_cat=0
split_feature=11 11 8 57 8 24 16 8 6 35 9 11 27 46 30 8 28 9 56 16 56 11 28 28 41 23 3 56 9 43
split_gain=7.31971e+06 933128 888472 1.45579e+06 628318 578719 539287 535376 928998 2.22453e+06 1.07212e+06 1.62713e+06 694085 440086 402176 374488 551642 346193 683589 338517 332480 320826 301682 293558 258613 219932 189360 178178 162243 172202
threshold=-0.41248606129204529 -0.88144907265856332 3.5000000000000004 269.50000000000006 1.0000000180025095e-35 589.20000000000016 23.250000000000004 3.5000000000000004 26.500000000000004 14.437500000000002 141.50000000000003 0.68322629814330826 298.50000000000006 25.050000000000004 58.764285715000007 5.5000000000000009 1006.5500000000001 141.50000000000003 15.550000000000002 24.850000000000005 18.650000000000002 -0.065403129230142923 1005.9500000000002 1007.6500000000002 217.06306180276454 131.50000000000003 6548161.1875000009 10.750000000000002 144.50000000000003 59.470535700000035
decision_type=2 2 2 2 2 2 2 2 2 2 2 2 2 2 2 2 2 2 2 2 2 2 2 2 2 2 2 2 2 2
left_child=1 2 3 22 -5 17 -7 8 10 27 11 13 26 -2 -12 16 -8 18 -3 28 23 -9 -1 -4 25 -21 -13 -10 -19 -30
right_child=7 5 20 4 -6 6 15 21 9 -11 14 12 -14 -15 -16 -17 -18 19 -20 24 -22 -23 -24 -25 -26 -27 -28 -29 29 -31
leaf_value=3.1864403825057179 -2.7456429988039392 -2.072685018840589 3.316411933745107 2.9861806227944112 -2.167528149843216 4.592207290649414 -2.7288059930205346 -0.60316747788155434 7.2916251957416538 -2.639391743509393 -2.6682447142674373 4.5585624340602333 -0.18722237628439198 2.2060315318107606 -0.16134530375818057 2.3231496457395879 2.4569987273216247 6.1095827770233146 4.7794498357772826 2.0778779462405614 7.9862528678349092 -2.4804410468707982 6.835531383536078 6.6651452640483253 4.0917039515213531 -1.7538640699019798 8.3805746033191681 3.993894312463957 5.1296630764007567 2.4754880250583997
leaf_weight=38 84 38 62 33 60 20 80 101 30 57 325 28 23 20 70 29 24 24 20 28 35 434 44 38 22 26 20 29 33 66
leaf_count=38 84 38 62 33 60 20 80 101 30 57 325 28 23 20 70 29 24 24 20 28 35 434 44 38 22 26 20 29 33 66
internal_value=-3.55069e-09 2.39909 3.64114 2.23052 -0.338793 1.45999 -0.000791009 -1.4147 -0.859935 1.5873 -1.35797 0.596753 4.09782 -1.7934 -2.22398 -0.691467 -1.53208 2.32963 0.29012 2.92406 5.46972 -2.12604 5.14449 4.58893 1.34997 0.232965 6.15107 5.67071 3.89668 3.36021
internal_weight=1941 720 310 175 93 410 153 1221 686 116 570 175 71 104 395 133 104 257 58 199 135 535 82 100 76 54 48 59 123 99
internal_count=1941 720 310 175 93 410 153 1221 686 116 570 175 71 104 395 133 104 257 58 199 135 535 82 100 76 54 48 59 123 99
is_linear=0
shrinkage=0.03


Tree=47
num_leaves=31
num_cat=0
split_feature=11 11 54 18 24 54 49 57 2 26 44 27 46 28 37 9 26 56 9 23 56 46 36 18 57 1 23 46 57 9
split_gain=6.88712e+06 877981 648494 902106 544517 522748 481600 730891 982886 1.15568e+06 687843 559680 469181 389042 339704 325733 643189 322472 320783 290833 287796 413528 276906 387849 256770 246891 218823 201969 176537 168544
threshold=-0.41248606129204529 -0.88144907265856332 579.00000000000011 8.5000000000000018 589.20000000000016 508.35000000000008 2.5000000000000004 302.50000000000006 5708.0000000000009 7.6500000000000012 29.550000000000004 255.50000000000003 23.250000000000004 1006.5500000000001 824.76250000000016 141.50000000000003 16.250000000000004 15.250000000000002 144.50000000000003 235.50000000000003 18.450000000000003 23.650000000000002 639.65625000000011 45.500000000000007 292.50000000000006 9881.2857145000016 118.50000000000001 24.850000000000005 272.50000000000006 141.50000000000003
decision_type=2 2 2 2 2 2 2 2 2 2 2 2 2 2 2 2 2 2 2 2 2 2 2 2 2 2 2 2 2 2
left_child=1 2 5 17 15 14 7 8 9 28 11 -11 -6 24 19 16 -3 -4 -17 -1 21 -19 23 -13 -14 -16 29 -20 -2 -8
right_child=6 4 3 -5 12 -7 26 -9 -10 10 -12 22 13 -15 25 18 -18 20 27 -21 -22 -23 -24 -25 -26 -27 -28 -29 -30 -31
leaf_value=0.15905056979921128 -1.9964980509315993 -2.0105044932114451 6.3224883727104428 -1.135334308585342 3.948835560135219 8.5735617733001703 -1.166711265430894 -2.387512667932818 -2.1987562559739402 -0.069363164821496376 -1.845516361153644 7.891886601814857 -2.5912493432086445 2.5058720228407116 7.6591971669878278 5.8129339722224644 4.6360663404464724 -1.0566129858153206 3.3270549987157185 4.8663534654889782 5.3321174097061155 3.7756476440945184 2.6494318771362302 2.9102282576127485 0.59403087237301999 3.7728621768951416 0.82454712647658124 1.2621595370217606 1.1066097191401891 -2.2518860320110767
leaf_weight=27 77 38 31 49 23 30 172 155 115 26 23 39 69 27 28 28 20 28 90 21 28 37 32 22 34 31 26 81 21 513
leaf_count=27 77 38 31 49 23 30 172 155 115 26 23 39 69 27 28 28 20 28 90 21 28 37 32 22 34 31 26 81 21 513
internal_value=-1.62577e-09 2.32712 3.5319 2.31086 1.41619 5.0738 -1.37226 -0.66877 0.0816664 1.17437 2.9038 3.82174 -0.000767271 -0.699543 4.09256 2.25974 0.281416 3.67266 2.83634 2.2185 2.78939 1.69406 4.90957 6.09522 -1.5398 5.61722 -1.87687 2.34895 -1.33155 -1.9794
internal_weight=1941 720 310 173 410 137 1221 510 355 240 142 119 153 130 107 257 58 124 199 48 93 65 93 61 103 59 711 171 98 685
internal_count=1941 720 310 173 410 137 1221 510 355 240 142 119 153 130 107 257 58 124 199 48 93 65 93 61 103 59 711 171 98 685
is_linear=0
shrinkage=0.03


Tree=48
num_leaves=31
num_cat=0
split_feature=11 6 12 27 6 6 11 8 6 10 12 11 19 28 20 16 46 41 38 47 39 27 16 14 42 27 14 44 48 56
split_gain=6.49231e+06 773003 1.2416e+06 1.27363e+06 1.1004e+06 1.07814e+06 571288 556952 805827 1.75128e+06 1.27713e+06 1.31918e+06 710309 388924 431983 409011 374837 373735 287502 285764 265074 308334 271995 254876 209595 191006 213573 185836 173901 173160
threshold=-0.58216583101416131 26.500000000000004 0.64987354830121502 309.50000000000006 17.500000000000004 28.500000000000004 -0.2269546835593246 3.5000000000000004 26.500000000000004 0.097964660725097366 0.64987354830121502 0.68322629814330826 5.5000000000000009 1006.4500000000002 1.0000000180025095e-35 24.850000000000005 25.050000000000004 367.07584504266839 805.16272321250005 1.5000000000000002 921.8390996937502 292.50000000000006 24.250000000000004 29.650000000000002 66.011607150000017 209.00000000000003 30.250000000000004 31.950000000000003 24.500000000000004 10.750000000000002
decision_type=2 2 2 2 2 2 2 2 2 2 2 2 2 2 2 2 2 2 2 2 2 2 2 2 2 2 2 2 2 2
left_child=1 2 17 4 18 -3 13 8 10 -10 -8 16 28 14 27 -15 -12 20 -4 -7 22 24 -1 -24 -22 -16 -27 -2 -13 -11
right_child=6 5 3 -5 -6 19 7 -9 9 29 11 12 -14 15 25 -17 -18 -19 -20 -21 21 -23 23 -25 -26 26 -28 -29 -30 -31
leaf_value=5.9819247341155997 -3.630212335383638 -2.4709206331187277 0.10133232282555621 7.1998283933556593 -3.4038895087406549 0.17594679965422702 -2.3398394829855209 -2.214873069564812 -2.3375955231373129 6.9308693838119497 -2.5942036480488984 8.0614806529453809 -0.39796202286430021 4.3334214543618934 -1.0950920869410037 0.24291158264333551 2.0702215733528138 6.1666316972289765 4.592715945408262 3.9320095177947501 2.8473520902711518 5.8081107788085937 1.673668715837525 4.9265985949143118 -0.33660054969787595 3.9671999184981632 -0.12112886014192001 -0.1775076574087143 4.4214820268419057 3.4267849302291871
leaf_weight=63 47 58 23 23 58 26 356 480 52 30 69 21 23 33 32 66 20 70 29 61 49 20 41 46 30 23 23 20 27 22
leaf_count=63 47 58 23 23 58 26 356 480 52 30 69 21 23 33 32 66 20 70 29 61 49 20 41 46 30 23 23 20 27 22
internal_value=-4.36947e-09 2.60328 3.2147 0.779623 -0.562784 0.697337 -1.15637 -1.44767 -0.85371 1.55539 -1.33926 0.887015 3.93687 0.156892 -0.832782 1.60641 -1.54602 4.22995 2.60614 2.80951 3.6855 2.48065 4.4807 3.39361 1.63826 0.684829 1.92304 -2.59955 6.01398 5.44837
internal_weight=1941 597 452 133 110 145 1344 1100 620 104 516 160 71 244 145 99 89 319 52 87 249 99 150 87 79 78 46 67 48 52
internal_count=1941 597 452 133 110 145 1344 1100 620 104 516 160 71 244 145 99 89 319 52 87 249 99 150 87 79 78 46 67 48 52
is_linear=0
shrinkage=0.03


Tree=49
num_leaves=31
num_cat=0
split_feature=11 6 9 27 6 6 43 8 47 56 46 27 27 38 35 26 39 47 6 46 41 30 15 23 27 26 44 20 10 15
split_gain=6.10862e+06 727318 1.16822e+06 1.19836e+06 1.03536e+06 1.01442e+06 540338 485683 688408 1.1168e+06 793417 597984 664382 402467 360249 335966 277631 268875 262858 315832 297891 241797 219954 207149 349145 210745 199766 192120 189479 451272
threshold=-0.58216583101416131 26.500000000000004 141.50000000000003 309.50000000000006 17.500000000000004 28.500000000000004 12.693750000000003 2.5000000000000004 42.500000000000007 9.3500000000000032 25.950000000000003 284.50000000000006 293.50000000000006 163.1129464250001 443.67500000000001 8.5500000000000025 871.24040180625013 1.5000000000000002 20.500000000000004 25.050000000000004 135.81831521528252 971.00000000000011 81.500000000000014 196.50000000000003 286.50000000000006 15.550000000000002 31.950000000000003 19.500000000000004 0.88144907265856365 83.500000000000014
decision_type=2 2 2 2 2 2 2 2 2 2 2 2 2 2 2 2 2 2 2 2 2 2 2 2 2 2 2 2 2 2
left_child=1 2 3 4 16 -3 7 8 9 10 22 -11 -13 -10 15 -4 -1 -7 27 20 -20 -16 -2 24 25 -17 28 -8 -9 -30
right_child=6 5 14 -5 -6 17 18 26 13 11 -12 12 -14 -15 21 23 -18 -19 19 -21 -22 -23 -24 -25 -26 -27 -28 -29 29 -31
leaf_value=0.79497736796736718 4.2372788542509081 -2.3967929984783303 2.321025580406189 6.9838335613582441 -3.3017728082064921 0.17066843294180356 -2.9831869258788917 -2.2356615040379184 -1.9983277405855309 -2.5787463286985837 -0.436532752846296 4.2806412696838372 -1.5742825339291546 1.8485020754072401 3.4891260332107543 5.7402986028920049 5.3007273895740505 3.8140492508059642 5.5758575963974 -0.11037456757492489 0.68324473857879631 -0.12432591934204101 8.497113510131836 6.3842755014081538 6.7831169248882093 2.3548454494799596 0.7759655594825744 0.096560072820694717 2.6797520722389221 -2.0157650123323712
leaf_weight=32 24 58 45 23 58 26 26 527 262 83 26 33 37 27 50 23 20 61 24 54 21 25 20 79 38 59 24 61 25 70
leaf_count=32 24 58 45 23 58 26 26 527 262 83 26 33 37 27 50 23 20 61 24 54 21 25 20 79 38 59 24 61 25 70
internal_value=-1.30587e-09 2.52518 3.11826 0.756234 -0.5459 0.676416 -1.12168 -1.36275 -0.672634 0.579659 3.71839 -0.856361 1.1859 -1.63894 4.10305 4.66199 2.52796 2.72522 0.379225 1.43645 3.29264 2.28464 6.17357 5.19135 4.40601 3.30442 -1.90972 -0.823824 -2.01335 -0.780103
internal_weight=1941 597 452 133 110 145 1344 1158 512 223 70 153 70 289 319 244 52 87 186 99 45 75 44 199 120 82 646 87 622 95
internal_count=1941 597 452 133 110 145 1344 1158 512 223 70 153 70 289 319 244 52 87 186 99 45 75 44 199 120 82 646 87 622 95
is_linear=0
shrinkage=0.03


Tree=50
num_leaves=31
num_cat=0
split_feature=11 11 8 57 41 51 8 6 10 9 11 57 58 46 31 14 9 58 20 11 50 56 14 11 46 53 22 18 9 34
split_gain=5.74766e+06 761807 676122 1.22777e+06 770111 479205 430666 775573 1.83578e+06 860502 1.3775e+06 576176 393253 363372 345963 320417 311236 311038 297019 272232 269939 265824 257043 340918 235475 202928 201742 185549 182968 181661
threshold=-0.41248606129204529 -0.84874750804349197 3.5000000000000004 269.50000000000006 257.1342189636942 541.00000000000011 3.5000000000000004 26.500000000000004 0.0327015646150716 141.50000000000003 0.68322629814330826 298.50000000000006 1006.2500000000001 25.050000000000004 99.544642855000021 31.650000000000002 141.50000000000003 1007.35 1.5000000000000002 -0.065403129230142923 99.500000000000014 17.650000000000002 33.550000000000004 -0.91037613702198728 24.850000000000005 179.50000000000003 141.50000000000003 1.0000000180025095e-35 142.50000000000003 902.08125000000007
decision_type=2 2 2 2 2 2 2 2 2 2 2 2 2 2 2 2 2 2 2 2 2 2 2 2 2 2 2 2 2 2
left_child=1 2 3 17 -5 16 7 9 -9 10 13 -12 -4 -2 -11 -7 18 20 -3 -8 -1 -17 23 28 -18 -6 -26 -16 -14 -23
right_child=6 5 12 4 25 15 19 8 -10 14 11 -13 22 -15 27 21 24 -19 -20 -21 -22 29 -24 -25 26 -27 -28 -29 -30 -31
leaf_value=1.3407934240371948 -2.5243407596009115 -2.3757130645751952 7.9857580595750077 5.0706788864135746 0.94690579642420225 -2.8297646851837635 -0.48879816664327486 -2.4264798551425337 5.1260286483764643 -2.3326480710671524 5.5722965987847779 -0.27181548552079632 2.9303105389773845 1.9751058468818665 2.0176970518959894 -1.6318049408407773 3.5180729375566751 7.141993650708879 2.4037717473506928 -2.2180672913542541 5.2393736635554919 -0.67966030348902151 0.81437433242797852 1.3705331420898437 -0.4374864426526156 -2.3454533431643534 2.7137920237750541 -1.5690490279197693 6.2238500059218635 2.5040743810600703
leaf_weight=31 84 25 26 20 23 32 101 56 60 343 49 22 20 20 27 34 105 28 22 434 33 23 20 24 33 63 41 25 63 54
leaf_count=31 84 25 26 20 23 32 101 56 60 343 49 22 20 20 27 34 105 28 22 434 33 23 20 24 33 63 41 25 63 54
internal_value=-2.77019e-09 2.12591 3.12646 1.96903 -0.231803 1.17417 -1.25361 -0.756046 1.47999 -1.2111 0.540115 3.76144 4.62431 -1.65906 -1.98695 -0.184937 2.03414 4.50478 -0.138507 -1.89161 3.351 0.577536 3.93613 4.51964 2.60461 -1.46494 1.30849 0.2933 5.43023 1.55309
internal_weight=1941 720 351 198 106 369 1221 686 116 570 175 71 153 104 395 143 226 92 47 535 64 111 127 107 179 86 74 52 83 77
internal_count=1941 720 351 198 106 369 1221 686 116 570 175 71 153 104 395 143 226 92 47 535 64 111 127 107 179 86 74 52 83 77
is_linear=0
shrinkage=0.03


Tree=51
num_leaves=31
num_cat=0
split_feature=11 6 12 27 6 6 42 8 47 10 16 6 15 40 31 11 38 18 26 43 48 56 35 16 44 10 15 43 32 16
split_gain=5.4132e+06 667383 1.05455e+06 1.10095e+06 932339 921454 483181 432282 640708 982831 791509 476499 745528 333410 312346 257115 248372 246213 238449 243713 325899 257969 227215 196083 194261 202057 479816 162470 157398 154788
threshold=-0.58216583101416131 26.500000000000004 0.64987354830121502 309.50000000000006 17.500000000000004 28.500000000000004 12.693750000000003 2.5000000000000004 42.500000000000007 -0.35206144883412566 25.550000000000004 19.500000000000004 76.500000000000014 903.1601562604169 128.83750000000003 -0.77259657388510616 805.16272321250005 40.500000000000007 8.1500000000000004 169.68124999999998 10.500000000000002 17.050000000000004 5.9357142855000005 24.450000000000003 31.950000000000003 0.88144907265856365 80.500000000000014 -213.02499999999998 1133.0267855000004 24.950000000000003
decision_type=2 2 2 2 2 2 2 2 2 2 2 2 2 2 2 2 2 2 2 2 2 2 2 2 2 2 2 2 2 2
left_child=1 2 13 4 16 -3 7 8 9 11 -11 12 -2 18 -10 -7 -4 -8 -1 20 21 -20 23 -21 25 -9 -27 -15 -23 -19
right_child=6 5 3 -5 -6 15 17 24 14 10 -12 -13 -14 27 -16 -17 -18 29 19 22 -22 28 -24 -25 -26 26 -28 -29 -30 -31
leaf_value=2.1355759687836353 -2.0189727825164794 -2.3228535476224175 0.041747379510299019 6.6701752000042926 -3.1622115917863516 3.565427057175409 -0.40206570187876045 -2.1341249800944091 -1.8994979885871384 6.5286348650906536 0.23530596011025565 -2.0165446257591246 5.3834776353836054 3.6814097268240791 1.1185840630020412 -0.083530671596527106 4.2163167081208064 3.2379531898498533 6.0163608902256662 6.3564355087280271 7.4242561171889303 0.74818736743926995 1.3135354088914803 3.116495050907135 0.85123930215835564 3.4945580577850341 -1.7071692737899249 0.24089618387818335 4.5119367656707761 0.18208918938269983
leaf_weight=39 25 58 23 23 58 63 121 524 261 37 35 98 24 21 35 24 29 35 41 29 50 20 29 40 24 20 79 30 20 26
leaf_count=39 25 58 23 23 58 63 121 524 261 37 35 98 24 21 35 24 29 35 41 29 50 20 29 40 24 20 79 30 20 26
internal_value=-2.57258e-10 2.3771 2.94522 0.701046 -0.547045 0.606149 -1.0559 -1.28102 -0.632457 0.59773 3.46938 -0.808791 1.60672 3.88087 -1.54263 2.55882 2.36987 0.381389 4.30396 4.67325 5.51974 4.34411 3.54172 4.47821 -1.79726 -1.89929 -0.656315 1.65758 2.63006 1.93545
internal_weight=1941 597 452 133 110 145 1344 1162 515 219 72 147 49 319 296 87 52 182 268 229 131 81 98 69 647 623 99 51 40 61
internal_count=1941 597 452 133 110 145 1344 1162 515 219 72 147 49 319 296 87 52 182 268 229 131 81 98 69 647 623 99 51 40 61
is_linear=0
shrinkage=0.03


Tree=52
num_leaves=31
num_cat=0
split_feature=11 11 8 57 2 3 19 27 35 26 44 6 14 54 43 26 6 14 49 27 37 18 11 27 28 8 26 23 28 40
split_gain=5.09605e+06 681581 681227 1.07882e+06 456896 433633 404929 557042 775674 1.43432e+06 542829 470767 668996 279561 285678 274609 257775 252655 245371 244310 237121 199624 189876 188435 187545 213922 175871 169826 168323 167458
threshold=-0.41248606129204529 -0.88144907265856332 3.5000000000000004 269.50000000000006 2349.8750000000005 6305735.6785000013 2.5000000000000004 302.50000000000006 26.812500000000004 8.6500000000000004 27.850000000000005 20.500000000000004 29.150000000000002 632.1500000000002 46.204464285000007 19.150000000000002 20.500000000000004 33.45000000000001 99.500000000000014 290.50000000000006 507.66607145000006 18.500000000000004 0.63405362205439486 205.50000000000003 1006.4500000000002 2.5000000000000004 15.65 126.50000000000001 1007.7500000000001 922.01028770000005
decision_type=2 2 2 2 2 2 2 2 2 2 2 2 2 2 2 2 2 2 2 2 2 2 2 2 2 2 2 2 2 2
left_child=1 2 3 18 -5 24 7 8 9 10 -2 12 -10 14 23 17 20 28 21 29 -16 -1 -11 -7 25 -3 -6 -8 -4 -15
right_child=6 5 15 4 26 13 27 -9 11 22 -12 -13 -14 19 16 -17 -18 -19 -20 -21 -22 -23 -24 -25 -26 -27 -28 -29 -30 -31
leaf_value=6.6469514572620385 3.3590496365920353 -3.5990387943812778 3.6415391155429506 3.5098687090192522 0.71595935453068116 2.0206966433115303 -1.7343501411245299 -2.034067961825774 5.4595707778930658 6.0598416927882601 -1.8493314773203378 -2.1314267091594474 -2.2069875785282682 -2.2555339969165864 -1.6120837470023863 6.9515292222159246 2.841597194671631 1.3200112977394691 1.6264493465423584 2.5142463658072729 1.7539512345194817 3.0560780759291211 2.9644762396043345 5.4524832706650095 0.92553738667414742 0.30569500985352888 -2.5027995162963865 0.78309423751831053 6.5917360026495802 0.75247477332750956
leaf_weight=38 23 28 46 21 22 24 683 156 20 42 83 137 21 31 31 35 81 26 22 33 48 22 31 36 39 23 50 25 28 36
leaf_count=38 23 28 46 21 22 24 683 156 20 42 83 137 21 31 31 35 81 26 22 33 48 22 31 36 39 23 50 25 28 36
internal_value=9.70303e-10 2.00178 3.06329 1.8281 -0.383673 1.19918 -1.18041 -0.538596 0.114888 1.50936 -0.719211 -1.28742 1.5328 1.71659 2.31441 4.66447 1.6524 3.864 4.33658 0.401377 0.433102 5.3303 4.74537 4.07977 -0.640513 -1.83808 -1.51929 -1.64546 4.75783 -0.63929
internal_weight=1941 720 310 175 93 410 1221 513 357 179 106 178 41 320 220 135 160 100 82 100 79 60 73 60 90 51 72 708 74 67
internal_count=1941 720 310 175 93 410 1221 513 357 179 106 178 41 320 220 135 160 100 82 100 79 60 73 60 90 51 72 708 74 67
is_linear=0
shrinkage=0.03


Tree=53
num_leaves=31
num_cat=0
split_feature=11 54 47 57 21 42 20 58 36 9 57 11 57 4 26 58 57 10 57 58 38 20 18 18 1 16 48 46 38 24
split_gain=4.80394e+06 544895 709033 1.05238e+06 526884 436212 369970 347833 333209 282773 827113 1.32111e+06 543463 330261 369832 599288 882878 581166 276418 269752 268657 267548 231689 217016 212100 210656 170848 165051 156710 182203
threshold=-0.58216583101416131 589.20000000000016 18.500000000000004 294.50000000000006 678.50000000000011 12.693750000000003 41.500000000000007 1006.7500000000001 2.7142857145000003 141.50000000000003 295.50000000000006 0.77259657388510627 284.50000000000006 17.500000000000004 7.0000000000000009 1006.1500000000002 302.50000000000006 0.35206144883412582 275.50000000000006 1006.85 762.6899553500001 99.500000000000014 14.500000000000002 40.500000000000007 7943.5000000000009 23.950000000000003 55.500000000000007 25.350000000000005 1001.2850446625001 2.2500000000000004
decision_type=2 2 2 2 2 2 2 2 2 2 2 2 2 2 2 2 2 2 2 2 2 2 2 2 2 2 2 2 2 2
left_child=1 4 3 7 6 9 19 8 -3 10 11 12 -2 14 -11 21 17 -17 -9 -1 -4 -16 -21 -7 -6 -20 -12 -25 29 -8
right_child=5 2 20 -5 24 23 28 18 -10 13 26 -13 -14 -15 15 16 -18 -19 25 22 -22 -23 -24 27 -26 -27 -28 -29 -30 -31
leaf_value=-0.8706248953763176 -2.5473813009491333 -1.7783371768278233 1.5531999750137329 6.5731617061908425 7.8683078488436609 -0.36459768179034396 6.860118850708008 4.7883168584959845 2.7905298528671265 -2.0567363231915694 -2.193695591078864 5.8748896589511777 2.7647050281671377 -2.1421327688965937 -1.8243672378309841 0.097527860836549227 -2.1811553351823671 5.2916283553711914 -0.4638262410597368 -0.30774017022206235 -2.5728219643417667 1.1603710055351257 2.9197664528879623 2.9198564480572209 4.260644167119807 2.9259120941162107 0.77736019420623781 -0.40435020732879634 1.5618747429744058 3.602717778288266
leaf_weight=34 52 51 20 39 22 121 20 28 20 182 135 41 26 377 174 33 43 47 33 26 49 32 87 41 44 33 20 20 23 68
leaf_count=34 52 51 20 39 22 121 20 28 20 182 135 41 26 377 174 33 43 47 33 26 49 32 87 41 44 33 20 20 23 68
internal_value=-1.38279e-09 2.23934 1.25196 2.14113 3.07129 -0.994706 2.45941 1.09356 -0.491332 -1.2086 -0.366105 1.51503 -0.776686 -1.46856 -0.971622 -0.371346 1.28565 3.14906 2.29066 1.47223 -1.37687 -1.36072 2.17715 0.370938 5.4632 1.23104 -1.81033 1.82995 3.76676 4.34304
internal_weight=1941 597 273 204 324 1344 258 165 71 1162 274 119 78 888 511 329 123 80 94 147 69 206 113 182 66 66 155 61 111 88
internal_count=1941 597 273 204 324 1344 258 165 71 1162 274 119 78 888 511 329 123 80 94 147 69 206 113 182 66 66 155 61 111 88
is_linear=0
shrinkage=0.03


Tree=54
num_leaves=31
num_cat=0
split_feature=11 11 8 57 19 28 9 8 19 9 11 35 26 9 46 58 58 49 9 50 14 11 11 23 41 57 9 30 52 36
split_gain=4.52984e+06 613185 548248 1.01548e+06 700262 399186 527686 422255 362810 558934 1.38777e+06 555839 1.00178e+06 853444 413935 351310 314669 313339 277717 257704 228664 303934 199513 191343 169770 166732 154151 141185 141178 139124
threshold=-0.41248606129204529 -0.84874750804349197 3.5000000000000004 271.50000000000006 13.500000000000002 1006.4500000000002 151.50000000000003 4.5000000000000009 6.5000000000000009 141.50000000000003 0.81241147629689003 2.7142857145000003 8.6500000000000004 151.50000000000003 24.650000000000002 1006.2500000000001 1007.35 49.500000000000007 144.50000000000003 99.500000000000014 33.550000000000004 -0.91037613702198728 0.63405362205439486 126.50000000000001 219.7091300239349 295.50000000000006 142.50000000000003 1008.5285715000001 141.50000000000003 47.225000000000009
decision_type=2 2 2 2 2 2 2 2 2 2 2 2 2 2 2 2 2 2 2 2 2 2 2 2 2 2 2 2 2 2
left_child=1 2 3 16 -5 6 7 -3 9 10 14 12 -11 22 -2 -4 19 18 -7 -1 21 26 29 -10 -8 -9 -17 -28 -20 -14
right_child=8 5 15 4 -6 17 24 25 23 11 -12 -13 13 -15 -16 20 -18 -19 28 -21 -22 -23 -24 -25 -26 -27 27 -29 -30 -31
leaf_value=1.1344901394844054 -2.8740887826802775 -2.4080242012422297 7.3108842218839207 -1.748659569628827 4.5518716735839844 4.7007969038827078 0.62879094680150338 -0.62569567952837268 -1.7681899077736811 -1.6078748858411396 5.539578086498171 -1.9804814134048565 3.810383541033818 -2.3529010986328123 1.1591033802476041 2.5988165688514711 6.4866745771210761 -0.82172882028988425 -0.38837692805698942 4.7366188049316404 0.53891663253307343 1.0602690291404724 1.8353310976857724 1.2188525862693786 3.5037032439402847 3.1114843516458164 7.4947758318030315 4.5449788799285891 2.3684324439560491 7.138512645721435
leaf_weight=39 49 79 26 77 20 42 36 21 552 140 43 280 26 25 43 20 29 28 21 33 20 24 23 20 38 22 23 40 82 20
leaf_count=39 49 79 26 77 20 42 36 21 552 140 43 280 26 25 43 20 29 28 21 33 20 24 23 20 38 22 23 40 82 20
internal_value=1.72642e-09 1.8873 2.78496 1.74272 -0.449581 1.03343 0.10641 -1.10591 -1.11291 -0.627418 1.09047 -1.07861 0.000546277 2.39607 -0.98901 4.13375 3.84819 2.0837 2.64475 2.78547 3.48331 4.03366 4.11671 -1.66375 2.1051 1.28635 4.89344 5.62189 1.80636 5.2574
internal_weight=1941 720 351 198 97 369 196 122 1221 649 135 514 234 94 92 153 101 173 145 72 127 107 69 572 74 43 83 63 103 46
internal_count=1941 720 351 198 97 369 196 122 1221 649 135 514 234 94 92 153 101 173 145 72 127 107 69 572 74 43 83 63 103 46
is_linear=0
shrinkage=0.03


Tree=55
num_leaves=31
num_cat=0
split_feature=11 11 8 57 19 51 19 9 11 10 46 46 58 26 58 37 9 37 57 3 16 52 11 44 23 47 3 9 4 8
split_gain=4.26213e+06 576946 515846 955466 658877 373318 341368 525901 1.30576e+06 697433 851150 389471 330548 301856 296072 288134 251742 355171 243994 203615 198422 183551 181296 187637 180035 169376 163840 141920 137887 198278
threshold=-0.41248606129204529 -0.84874750804349197 3.5000000000000004 271.50000000000006 13.500000000000002 541.00000000000011 6.5000000000000009 141.50000000000003 0.81241147629689003 0.88144907265856365 25.550000000000004 24.650000000000002 1006.2500000000001 9.3500000000000032 1007.35 924.44285715000012 141.50000000000003 395.94910715000003 287.50000000000006 6397828.7855000012 24.850000000000005 141.50000000000003 -0.91037613702198728 33.45000000000001 126.50000000000001 19.500000000000004 6349833.5625000009 143.50000000000003 17.500000000000004 3.5000000000000004
decision_type=2 2 2 2 2 2 2 2 2 2 2 2 2 2 2 2 2 2 2 2 2 2 2 2 2 2 2 2 2 2
left_child=1 2 3 14 -5 16 7 8 11 28 13 -2 -4 -11 19 18 17 -3 -7 -1 26 -22 23 27 -8 -20 -18 -14 29 -9
right_child=6 5 12 4 -6 15 24 9 -10 10 -12 -13 22 -15 -16 -17 20 -19 25 -21 21 -23 -24 -25 -26 -27 -28 -29 -30 -31
leaf_value=1.0153020429611206 -2.7878660990267381 -2.5362925133338337 7.0915575863764833 -1.6961997855793345 4.4153154602050781 -1.9564620238962309 -1.7151441997419232 -0.12882412215641567 5.3733906954388289 1.1149343497753141 -1.5384904900719136 1.1243302997322968 3.1886129169030624 5.8730036182403556 6.2920742763321975 2.4727945828026741 4.7374068701607834 2.7092769459315709 2.6628145175394802 4.2109647831163901 -0.30857437205314636 2.9682705871582029 1.1447878151673536 1.6377936127409338 1.182287016391754 -1.1120612883567809 2.2717322379727909 5.7912036401575264 -2.1264880573862004 -2.0151931463181971
leaf_weight=34 49 26 26 77 20 71 552 105 43 20 51 43 33 30 29 29 35 21 23 38 40 25 26 24 20 20 79 44 212 96
leaf_count=34 49 26 26 77 20 71 552 105 43 20 51 43 33 30 29 29 35 21 23 38 40 25 26 24 20 20 79 44 212 96
internal_value=1.5196e-09 1.83068 2.70141 1.69043 -0.436094 1.00243 -1.07952 -0.608595 1.05775 -1.04625 1.18837 -0.95934 4.00973 3.96978 3.73274 -0.197163 1.76146 -0.192527 -0.876362 2.7019 2.27452 0.951751 3.37881 3.9539 -1.61384 0.907058 3.02874 4.67581 -1.59274 -1.02978
internal_weight=1941 720 351 198 97 369 1221 649 135 514 101 92 153 50 101 143 226 47 114 72 179 65 127 101 572 43 114 77 413 201
internal_count=1941 720 351 198 97 369 1221 649 135 514 101 92 153 50 101 143 226 47 114 72 179 65 127 101 572 43 114 77 413 201
is_linear=0
shrinkage=0.03


Tree=56
num_leaves=31
num_cat=0
split_feature=11 6 9 27 6 6 42 8 47 10 46 6 15 31 35 8 35 15 50 11 1 30 51 18 44 10 15 46 6 11
split_gain=4.01226e+06 547387 845726 932976 755907 727947 374116 341232 519730 799430 586195 386217 622374 257598 256375 247929 233709 232647 255026 213024 249295 211187 184835 183818 167453 163092 369373 146013 147913 133435
threshold=-0.58216583101416131 26.500000000000004 141.50000000000003 309.50000000000006 28.500000000000004 17.500000000000004 12.693750000000003 2.5000000000000004 42.500000000000007 -0.35206144883412566 25.950000000000003 19.500000000000004 76.500000000000014 174.48571430000004 443.67500000000001 1.0000000180025095e-35 662.54285715000015 76.500000000000014 99.500000000000014 -0.77259657388510616 8120.2589285000004 805.65625000000011 309.00000000000006 40.500000000000007 31.950000000000003 0.88144907265856365 80.500000000000014 25.350000000000005 21.500000000000004 -0.93540483100319605
decision_type=2 2 2 2 2 2 2 2 2 2 2 2 2 2 2 2 2 2 2 2 2 2 2 2 2 2 2 2 2 2
left_child=1 2 3 5 -3 21 7 8 9 11 -11 12 -2 -10 15 29 -16 -17 22 20 -6 -1 -19 -8 25 -9 -27 28 -25 -4
right_child=6 4 14 -5 19 -7 23 24 13 10 -12 -13 -14 -15 16 17 -18 18 -20 -21 -22 -23 -24 27 -26 26 -28 -29 -30 -31
leaf_value=-0.25276340603828429 -1.8295125263214111 -2.210220907022213 3.3855084777962077 6.0462473649563995 5.7963238433429165 -2.9084365949959592 -0.32128380725206424 -1.8715171131559911 -1.6423396321628871 5.2637244504292804 -0.32767404516537985 -1.7787964787166946 4.933955446481705 1.3346927241621347 0.025935644051607917 5.0560393008202995 3.3899520646072014 -0.57013872170448299 5.3624748023986815 -0.19389770314097404 1.7930656548908779 3.6170047299861907 3.2659630244053326 0.96508745465959811 0.8931680399179458 3.0981368293762204 -1.4658356088701683 -0.40305654573440547 4.5699700198173518 -0.00023324310779571534
leaf_weight=22 25 58 22 23 21 58 121 524 267 45 27 98 24 29 34 131 41 20 25 24 42 30 26 21 24 20 79 20 20 20
leaf_count=22 25 58 22 23 21 58 121 524 267 45 27 98 24 29 34 131 41 20 25 24 42 30 26 21 24 20 79 20 20 20
internal_value=-4.71033e-09 2.04652 2.56103 0.551306 0.442657 -0.597636 -0.909055 -1.10714 -0.530919 0.577057 3.16695 -0.691462 1.48321 -1.35067 3.39894 3.87046 1.86493 4.30651 2.92358 2.21124 3.12749 1.9798 1.59809 0.355658 -1.56581 -1.66053 -0.543821 1.69844 2.72357 1.77325
internal_weight=1941 597 452 133 145 110 1344 1162 515 219 72 147 49 296 319 244 75 202 71 87 63 52 46 182 647 623 99 61 41 42
internal_count=1941 597 452 133 145 110 1344 1162 515 219 72 147 49 296 319 244 75 202 71 87 63 52 46 182 647 623 99 61 41 42
is_linear=0
shrinkage=0.03


Tree=57
num_leaves=31
num_cat=0
split_feature=11 11 41 9 9 3 30 9 57 9 49 9 11 10 16 16 26 24 43 49 9 16 10 9 27 34 11 11 27 50
split_gain=3.77884e+06 514224 519331 602353 469408 371168 347207 299956 605406 297234 284375 430059 1.20033e+06 610689 793132 344001 280257 226941 235421 217683 194043 192008 180888 169484 160041 149553 147673 146592 159055 139248
threshold=-0.41248606129204529 -0.88144907265856332 239.38885475742759 141.50000000000003 138.50000000000003 6305735.6785000013 1259.0250000000003 145.50000000000003 269.50000000000006 150.50000000000003 6.5000000000000009 141.50000000000003 0.81241147629689003 0.88144907265856365 25.550000000000004 25.150000000000002 9.3500000000000032 632.1500000000002 46.204464285000007 99.500000000000014 141.50000000000003 23.450000000000003 -0.097964660725097255 145.50000000000003 205.50000000000003 1136.1008930000003 -0.032701564615071448 0.38268343236508956 299.50000000000006 99.500000000000014
decision_type=2 2 2 2 2 2 2 2 2 2 2 2 2 2 2 2 2 2 2 2 2 2 2 2 2 2 2 2 2 2
left_child=1 2 -1 4 -4 -3 7 22 19 -10 11 12 15 -13 16 27 -15 18 24 -9 -20 -19 -5 -22 -7 -23 29 28 -2 -12
right_child=10 5 3 6 -6 17 -8 8 9 -11 26 13 -14 14 -16 -17 -18 21 20 -21 23 25 -24 -25 -26 -27 -28 -29 -30 -31
leaf_value=7.0884990256482903 -4.7957486148314041 -0.67540394914150237 2.4141575384140013 3.1887718118320811 -3.0382891426086425 1.7463618803024292 -0.69003628867013111 4.9569976710145536 -1.3199440816930821 2.9144908435821533 -1.0801782624288039 -1.4971110848373581 5.0578347401286274 1.045111620604992 -1.471400287736137 2.4508322410583494 5.6297936725616449 2.5254604950317971 -1.3230551633834839 1.4294985272884368 4.0750050819396977 -1.8534086642662682 6.7225309192389249 1.3517004913502726 4.9090492355823514 0.8625787480618502 -1.7564437849643766 0.09995371886662073 -1.3870461559295655 1.4669194962829351
leaf_weight=22 22 90 27 22 30 24 21 74 37 25 99 412 43 20 53 20 30 26 20 20 25 36 32 116 36 37 449 21 28 24
leaf_count=22 22 90 27 22 30 24 21 74 37 25 99 412 43 20 53 20 30 26 20 20 25 36 32 116 36 37 449 21 28 24
internal_value=-6.89277e-09 1.72377 2.64579 2.30642 -0.455551 1.02663 2.98795 3.35574 2.68867 0.387489 -1.01647 -0.586655 0.927305 -0.980579 1.08555 -1.02448 3.79592 1.50533 2.04004 4.20647 1.44231 0.311663 5.28285 1.83456 3.64397 -0.476812 -1.50415 -2.00345 -2.88688 -0.583184
internal_weight=1941 720 310 288 57 410 231 210 156 62 1221 649 134 515 103 91 50 320 221 94 161 99 54 141 60 73 572 71 50 123
internal_count=1941 720 310 288 57 410 231 210 156 62 1221 649 134 515 103 91 50 320 221 94 161 99 54 141 60 73 572 71 50 123
is_linear=0
shrinkage=0.03


Tree=58
num_leaves=31
num_cat=0
split_feature=1 9 6 19 21 6 41 33 8 6 35 9 15 40 40 16 36 40 16 2 37 8 31 6 3 57 59 8 14 33
split_gain=3.17171e+06 671157 738939 628553 606519 504965 470542 436287 373461 534001 1.22639e+06 857022 764412 511066 548168 263651 261450 246778 244281 277991 319292 223218 212751 212357 190189 194665 317137 257228 172503 170754
threshold=2676.3571430000006 141.50000000000003 26.500000000000004 15.500000000000002 508.00000000000006 28.500000000000004 265.40411646992749 389.65625000000006 3.5000000000000004 26.500000000000004 239.25000000000003 141.50000000000003 81.500000000000014 622.61681546041677 39.526227678520819 24.150000000000002 705.46250000000009 788.88965774583346 23.350000000000005 6145.3839285000004 751.50892855000018 2.5000000000000004 99.544642855000021 18.500000000000004 7210111.7500000009 276.50000000000006 0.55000000000000016 4.5000000000000009 29.450000000000003 509.62857145000004
decision_type=2 2 2 2 2 2 2 2 2 2 2 2 2 2 2 2 2 2 2 2 2 2 2 2 2 2 2 2 2 2
left_child=8 3 6 17 -5 7 18 -4 9 11 -11 12 13 14 16 29 -1 -2 -3 20 28 -21 -13 -16 25 26 -8 -27 -20 -7
right_child=1 2 5 4 -6 15 24 -9 -10 10 -12 22 -14 -15 23 -17 -18 -19 19 21 -22 -23 -24 -25 -26 27 -28 -29 -30 -31
leaf_value=-1.9698996429973177 -2.6423353823026021 4.0083877953886988 2.3819793494939803 -1.9513958845449528 4.060213603133505 0.91316748665726699 5.7794094885662197 -2.7563947401375608 -1.5740067254239603 4.1850039882717596 -2.280050731068072 -1.9129780279512654 5.8218001866340634 -4.1673375372453165 5.5247437504359649 -0.11807872487277518 1.6023896884918212 1.1245897929668427 -0.37965790967683533 1.8376253762452499 4.8881878291236029 -1.9259130460265521 0.45283428894846062 1.5913325513005256 1.5719613085774813 1.4358513033908344 1.8474361717700958 4.8486456952776233 2.4624111460447309 4.1571873586177821
leaf_weight=54 72 32 20 23 44 23 80 58 517 62 46 343 24 22 21 41 28 20 37 23 27 37 38 30 34 46 24 35 40 40
leaf_count=54 72 32 20 23 44 23 80 58 517 62 46 343 24 22 21 41 28 20 37 23 27 37 38 30 34 46 24 35 40 40
internal_value=-5.7309e-09 1.51829 1.97959 -0.213768 1.99653 0.385812 2.67854 -1.43886 -0.968628 -0.500093 1.43137 -0.872589 0.83963 0.0681968 0.768811 1.75432 -0.750094 -1.82344 1.61074 1.14291 2.08106 -0.483223 -1.67702 3.21097 3.6342 4.01321 4.87203 2.91052 1.09674 2.97286
internal_weight=1941 756 597 159 67 182 415 78 1185 668 108 560 179 155 133 104 82 92 196 164 104 60 381 51 219 185 104 81 77 63
internal_count=1941 756 597 159 67 182 415 78 1185 668 108 560 179 155 133 104 82 92 196 164 104 60 381 51 219 185 104 81 77 63
is_linear=0
shrinkage=0.03


Tree=59
num_leaves=31
num_cat=0
split_feature=11 6 6 12 27 6 11 8 6 40 12 11 19 28 16 20 46 1 41 41 39 16 16 42 39 56 44 14 18 27
split_gain=3.3682e+06 475611 778632 682982 902202 585763 389305 313065 524412 1.11385e+06 738164 781546 452821 301677 427308 295010 241223 204981 233350 204465 200826 233798 201046 230951 194607 148505 139621 137898 136569 126792
threshold=-0.63405362205439475 26.500000000000004 28.500000000000004 0.64987354830121502 309.50000000000006 17.500000000000004 -0.2269546835593246 3.5000000000000004 26.500000000000004 25.363913689708337 0.64987354830121502 0.68322629814330826 5.5000000000000009 1006.1500000000002 24.850000000000005 1.0000000180025095e-35 25.050000000000004 8120.2589285000004 326.18988363030729 367.07584504266839 921.8390996937502 24.250000000000004 23.150000000000002 66.011607150000017 871.24040180625013 10.750000000000002 31.950000000000003 29.650000000000002 28.500000000000004 209.00000000000003
decision_type=2 2 2 2 2 2 2 2 2 2 2 2 2 2 2 2 2 2 2 2 2 2 2 2 2 2 2 2 2 2
left_child=1 3 -3 19 5 24 13 8 10 25 -8 16 28 15 -15 26 -12 -4 -19 20 21 -1 -22 -24 -5 -10 -2 -23 -13 -17
right_child=6 2 17 4 -6 -7 7 -9 9 -11 11 12 -14 14 -16 29 -18 18 -20 -21 22 27 23 -25 -26 -27 -28 -29 -30 -31
leaf_value=5.0638002423373134 -3.0004320371896025 -2.3674687302112578 4.1033097637783396 0.28867023265361785 6.4345262660980227 -2.6894326824612085 -1.7549004424288033 -1.6230232032425702 5.4348716703057285 -2.2140530190467835 -2.0152594642017201 6.5976452164649961 -0.4152634278587673 3.8605553739666942 0.093229911540235799 -1.0147960319817066 1.7265897016525269 -1.1489101780756659 3.0381732501983643 4.6675010453632897 4.2750473577325998 1.1479818606376648 2.2962353180284083 -1.1990444967481824 4.1090805705785751 2.4138007556067573 -0.33477633932871476 3.6924811190512119 3.3518336371891198 1.4097693425091831
leaf_weight=55 48 54 33 30 20 54 356 480 32 45 69 20 23 40 84 30 20 23 25 70 22 36 46 27 20 27 28 41 28 55
leaf_count=55 48 54 33 30 20 54 356 480 32 45 69 20 23 40 84 30 20 23 25 70 22 36 46 27 20 27 28 41 28 55
internal_value=3.93315e-09 1.9724 0.422928 2.46926 0.599217 -0.522958 -0.791809 -1.04782 -0.60251 1.34092 -0.99421 0.698325 3.04582 0.196325 1.3085 -0.660255 -1.17439 2.28319 1.03186 3.25002 2.81292 3.56991 1.76109 1.00346 1.81683 4.05235 -2.01835 2.50285 4.70426 0.55404
internal_weight=1941 556 135 421 124 104 1385 1100 620 104 516 160 71 285 124 161 89 81 48 297 227 132 95 73 50 59 76 77 48 85
internal_count=1941 556 135 421 124 104 1385 1100 620 104 516 160 71 285 124 161 89 81 48 297 227 132 95 73 50 59 76 77 48 85
is_linear=0
shrinkage=0.03


Tree=60
num_leaves=31
num_cat=0
split_feature=11 6 6 9 27 6 11 8 6 10 9 11 19 28 46 19 27 46 14 1 41 41 30 30 48 39 2 18 56 18
split_gain=3.16914e+06 447502 732614 642618 848882 551144 366297 294563 493419 1.04802e+06 694538 735357 426059 283848 396928 281946 289400 226967 197460 192867 219559 192381 223255 187934 174179 177445 263374 236679 139728 128497
threshold=-0.63405362205439475 26.500000000000004 28.500000000000004 141.50000000000003 309.50000000000006 17.500000000000004 -0.2269546835593246 3.5000000000000004 26.500000000000004 -0.22695468355932472 141.50000000000003 0.68322629814330826 5.5000000000000009 1006.1500000000002 24.850000000000005 3.5000000000000004 294.50000000000006 25.050000000000004 30.150000000000002 8120.2589285000004 326.18988363030729 367.07584504266839 1117.3642855000003 805.65625000000011 63.500000000000007 923.52656247500011 1960.5357145000003 1.0000000180025095e-35 10.750000000000002 28.500000000000004
decision_type=2 2 2 2 2 2 2 2 2 2 2 2 2 2 2 2 2 2 2 2 2 2 2 2 2 2 2 2 2 2
left_child=1 3 -3 4 5 23 13 8 10 -10 11 17 29 15 -15 -2 18 -8 -17 -4 -21 22 24 -1 25 26 -5 -27 -11 -13
right_child=6 2 19 21 -6 -7 7 -9 9 28 -12 12 -14 14 -16 16 -18 -19 -20 20 -22 -23 -24 -25 -26 27 -28 -29 -30 -31
leaf_value=-0.49027464652061464 -2.1661508146707829 -2.2964446551269955 3.9802103974602439 1.971782802475823 6.2414904241561882 -2.608749707539876 -1.954801668913468 -1.5743325136052444 -2.1476313940684002 5.2718255057930943 -1.7022534204868787 6.3997157117128376 -0.40280559415402617 3.775022734380685 0.11952978359951691 0.52013856777330725 2.7777058609070315 1.674792028427124 -2.9061154666543008 -1.1144429375231266 2.947028021621704 4.5274760622509884 0.56145254850387571 3.2640652878284455 5.1563959887251256 3.2075577674593241 4.9630995487937559 -0.80840940742492673 2.3413867968983122 3.25127859541348
leaf_weight=20 65 54 33 54 20 54 69 480 45 32 356 20 23 39 85 41 31 20 24 23 25 70 36 30 32 28 52 25 27 28
leaf_count=20 65 54 33 54 20 54 69 480 45 32 356 20 23 39 85 41 31 20 24 23 25 70 36 30 32 28 52 25 27 28
internal_value=-3.05347e-09 1.91323 0.41024 2.39519 0.58124 -0.507269 -0.768054 -1.01639 -0.584435 1.3007 -0.964384 0.677376 2.95444 0.190435 1.26924 -0.640447 0.392581 -1.13916 -0.74494 2.2147 1.00091 3.15252 2.72853 1.76233 3.13698 2.73056 3.43922 1.31323 3.93078 4.56313
internal_weight=1941 556 135 421 124 104 1385 1100 620 104 516 160 71 285 124 161 96 89 65 81 48 297 227 50 191 159 106 53 59 48
internal_count=1941 556 135 421 124 104 1385 1100 620 104 516 160 71 285 124 161 96 89 65 81 48 297 227 50 191 159 106 53 59 48
is_linear=0
shrinkage=0.03


Tree=61
num_leaves=31
num_cat=0
split_feature=11 6 6 12 27 6 11 19 12 11 10 46 16 28 16 19 6 27 47 41 30 4 48 39 39 21 16 43 1 46
split_gain=2.98185e+06 421055 689317 604639 798713 518572 345939 245775 421268 932916 471874 737144 264993 218834 294227 248600 197086 192035 182578 181011 210060 180754 163885 166958 250791 214473 149826 133890 122912 146532
threshold=-0.63405362205439475 26.500000000000004 28.500000000000004 0.64987354830121502 309.50000000000006 17.500000000000004 -0.3520614488341256 6.5000000000000009 0.64987354830121502 0.81241147629689003 0.84874750804349197 25.550000000000004 25.150000000000002 1006.1500000000002 24.850000000000005 3.5000000000000004 26.500000000000004 294.50000000000006 1.5000000000000002 367.07584504266839 1117.3642855000003 11.500000000000002 63.500000000000007 923.52656247500011 729.16406250000011 882.00000000000011 23.950000000000003 150.38750000000002 9881.2857145000016 24.550000000000004
decision_type=2 2 2 2 2 2 2 2 2 2 2 2 2 2 2 2 2 2 2 2 2 2 2 2 2 2 2 2 2 2
left_child=1 3 -3 19 5 21 13 8 10 12 -8 16 -10 15 -15 -2 -12 -17 -4 20 22 -5 23 24 26 -25 -1 -20 -21 -30
right_child=6 2 18 4 -6 -7 7 -9 9 -11 11 -13 -14 14 -16 17 -18 -19 27 28 -22 -23 -24 25 -26 -27 -28 -29 29 -31
leaf_value=4.2110716414451597 -2.1569018402505429 -2.2275513376129998 -0.046745333820581436 -0.32546498992226336 6.0542457218170167 -2.530487234327528 -1.4027070851937125 -1.4024762200036958 -1.7060827634939506 4.6000922733822538 1.247460182905197 -1.5660832603022736 2.22892911529541 3.8030074355006218 0.24090953111648558 -0.5820125547051429 5.1185519895882434 2.7697077941894532 1.6931032547950744 6.1320234107971183 0.54460893948872879 3.3083287259510583 5.0017041281762067 -0.21185175917365331 5.3708452081680296 3.7252224311828614 1.2870561009904613 4.6050939983791777 5.3310631997244693 1.9317892736434936
leaf_weight=24 47 54 24 22 20 54 395 554 67 43 20 53 20 32 60 40 29 25 30 24 36 28 32 33 36 20 46 27 21 25
leaf_count=24 47 54 24 22 20 54 395 554 67 43 20 53 20 32 60 40 29 25 30 24 36 28 32 33 36 20 46 27 21 25
internal_value=-4.36746e-09 1.85583 0.397933 2.32333 0.563803 -0.492051 -0.745013 -0.942067 -0.535262 0.985192 -0.932967 0.886125 -0.801482 0.395778 1.4799 -0.494752 3.53851 0.707111 2.14826 3.05795 2.64667 1.70946 3.04287 2.64864 3.33604 1.27384 2.28958 3.07247 4.39165 3.48363
internal_weight=1941 556 135 421 124 104 1385 1181 627 130 497 102 87 204 92 112 49 65 81 297 227 50 191 159 106 53 70 57 70 46
internal_count=1941 556 135 421 124 104 1385 1181 627 130 497 102 87 204 92 112 49 65 81 297 227 50 191 159 106 53 70 57 70 46
is_linear=0
shrinkage=0.03


Tree=62
num_leaves=31
num_cat=0
split_feature=1 12 6 19 21 6 41 39 8 6 40 12 15 40 10 26 20 16 16 40 58 20 30 3 57 59 8 33 12 31
split_gain=2.50367e+06 546348 578200 491244 536072 397803 379390 366751 299956 435962 994806 676111 613532 441755 506455 342040 285597 217931 217722 195170 188935 282545 185951 170677 173193 285953 227575 157546 146207 145393
threshold=2676.3571430000006 0.64987354830121502 26.500000000000004 15.500000000000002 508.00000000000006 28.500000000000004 265.40411646992749 571.31752233750012 3.5000000000000004 26.500000000000004 14.929017856666649 0.64987354830121502 81.500000000000014 622.61681546041677 0.91037613702198772 13.750000000000002 4.5000000000000009 22.950000000000003 24.150000000000002 788.88965774583346 1006.5500000000001 50.500000000000007 58.764285715000007 7210111.7500000009 276.50000000000006 0.55000000000000016 4.5000000000000009 509.62857145000004 0.60980454008255491 800.00000000000011
decision_type=2 2 2 2 2 2 2 2 2 2 2 2 2 2 2 2 2 2 2 2 2 2 2 2 2 2 2 2 2 2
left_child=8 2 6 19 -5 7 17 -4 9 11 -11 22 13 14 15 16 -13 -2 27 -3 21 29 -1 24 25 -8 -26 -7 -22 -19
right_child=1 3 5 4 -6 18 23 -9 -10 10 -12 12 -14 -15 -16 -17 -18 20 -20 -21 28 -23 -24 -25 26 -27 -28 -29 -30 -31
leaf_value=-1.7668721657312834 4.0408771459579462 -2.365066906611125 2.1249339403424945 -1.9713359205100849 3.6803743451291866 0.69888921385226044 5.2722757764458654 -2.5128138973838401 -1.4031380114449292 3.8797571381926534 -1.914610235095024 1.8979830627971224 5.2070158290863038 -3.8854458982294258 -2.4551652145385741 4.8224973089218137 -2.2986614856719969 -2.9356471676296656 -0.13152323493143406 0.98490108418464661 1.2410333545746342 2.0363488380114241 0.10487444879753248 1.28796211270725 1.173424015045166 1.5386178183555603 4.3834868153163367 3.8149152410030363 3.9587155993938441 0.39264536517007009
leaf_weight=325 25 72 21 23 44 23 80 57 517 60 48 54 24 22 34 25 20 27 41 20 62 36 56 34 46 24 35 40 25 21
leaf_count=325 25 72 21 23 44 23 80 57 517 60 48 54 24 22 34 25 20 27 41 20 62 36 56 34 46 24 35 40 25 21
internal_value=-5.51642e-09 1.34895 1.76515 -0.21378 1.74024 0.35534 2.38343 -1.26419 -0.860595 -0.440693 1.30448 -0.777263 0.743538 0.0524185 0.703795 1.78869 0.763755 1.42462 1.56999 -1.63681 1.04213 0.0272814 -1.49176 3.24155 3.60059 4.41066 2.56049 2.67732 2.02198 -1.47952
internal_weight=1941 756 597 159 67 182 415 78 1185 668 108 560 179 155 133 99 74 196 104 92 171 84 381 219 185 104 81 63 87 48
internal_count=1941 756 597 159 67 182 415 78 1185 668 108 560 179 155 133 99 74 196 104 92 171 84 381 219 185 104 81 63 87 48
is_linear=0
shrinkage=0.03


Tree=63
num_leaves=31
num_cat=0
split_feature=23 59 43 8 6 58 22 35 57 39 32 39 57 26 19 9 15 10 26 17 36 23 57 37 49 53 6 37 30 56
split_gain=2.35663e+06 498022 494730 435383 680560 679752 466226 311914 294461 257997 225194 305974 202327 335843 201900 300169 879671 388892 538408 355781 185341 182946 173503 154702 145728 165516 144919 138699 129139 123602
threshold=151.50000000000003 12.550000000000002 123.41785715000002 3.5000000000000004 26.500000000000004 1005.85 60.000000000000007 443.67500000000001 295.50000000000006 960.54174112500016 1174.6544645000001 1024.7446428687501 276.50000000000006 18.550000000000004 6.5000000000000009 141.50000000000003 78.500000000000014 0.88144907265856365 8.2500000000000018 19.500000000000004 705.46250000000009 126.50000000000001 299.50000000000006 273.36607145000005 42.500000000000007 209.50000000000003 20.500000000000004 737.0875000000002 980.58125000000007 8.4500000000000011
decision_type=2 2 2 2 2 2 2 2 2 2 2 2 2 2 2 2 2 2 2 2 2 2 2 2 2 2 2 2 2 2
left_child=1 2 14 4 5 6 -2 10 -9 -8 11 24 28 27 15 16 22 -17 -19 -18 -21 -16 -1 26 25 -5 -4 -14 -7 -25
right_child=3 -3 23 7 -6 12 9 8 -10 -11 -12 -13 13 -15 21 17 19 18 -20 20 -22 -23 -24 29 -26 -27 -28 -29 -30 -31
leaf_value=-4.5775067866932257 3.2722655732356585 4.0374036083221432 -1.4891591046136967 3.0674092395739119 -2.1015939231429783 3.0936163022670335 -2.6162694884722049 -0.85834302352024949 3.5479033442905972 0.87732840633392328 5.7579811213566705 -0.30348928002119063 -1.5642767314910888 4.8926156193869454 -1.4746039022631565 -1.2495724712635867 5.4738894507408142 -1.0242476807808389 3.8891121886758242 0.085116227843931733 3.484194066308608 0.89634500626594793 -0.92456698350906363 0.050563858151435853 1.1130916692899622 5.6477718380093576 1.3715503182411193 1.7587543597588171 5.7285830814104806 2.6380519104003906
leaf_weight=22 26 20 34 88 56 47 52 39 21 30 26 25 20 21 531 442 25 49 34 42 22 31 25 24 23 30 30 26 26 54
leaf_count=22 26 20 34 88 56 47 52 39 21 30 26 25 20 21 531 442 25 49 34 42 22 31 25 24 23 30 30 26 26 54
internal_value=1.7014e-09 -0.662318 -0.731179 1.64984 0.885505 1.56001 -0.228215 2.57189 0.683843 -1.33812 3.16191 2.7553 2.9395 1.74906 -0.925791 -0.57037 0.685699 -0.895751 0.988454 2.43904 1.25355 -1.34382 -2.63445 0.944954 3.29763 3.72343 -0.148202 0.313958 4.0321 1.8419
internal_weight=1941 1385 1365 556 304 248 108 252 60 82 192 166 140 67 1223 661 136 525 83 89 64 562 47 142 141 118 64 46 73 78
internal_count=1941 1385 1365 556 304 248 108 252 60 82 192 166 140 67 1223 661 136 525 83 89 64 562 47 142 141 118 64 46 73 78
is_linear=0
shrinkage=0.03


Tree=64
num_leaves=31
num_cat=0
split_feature=11 6 6 13 27 6 11 28 13 16 8 6 10 13 15 10 40 27 8 30 47 41 30 48 39 2 21 27 22 3
split_gain=2.49875e+06 356025 576560 512421 700629 431484 293662 268744 325871 310115 254655 428466 870293 632669 566035 258006 426252 256117 252039 167624 165266 154129 198727 154327 150875 230825 194020 135395 111547 106052
threshold=-0.63405362205439475 26.500000000000004 28.500000000000004 -0.75999367905021098 309.50000000000006 17.500000000000004 -0.16280825711808986 1005.6500000000002 -0.84196139870471931 24.850000000000005 3.5000000000000004 26.500000000000004 0.29012925520284133 -0.75999367905021098 81.500000000000014 0.77259657388510639 604.92879465125009 301.50000000000006 4.5000000000000009 824.84375000000011 1.5000000000000002 367.07584504266839 1117.3642855000003 63.500000000000007 923.52656247500011 1960.5357145000003 882.00000000000011 209.00000000000003 141.50000000000003 6587869.5715000005
decision_type=2 2 2 2 2 2 2 2 2 2 2 2 2 2 2 2 2 2 2 2 2 2 2 2 2 2 2 2 2 2
left_child=1 3 -3 21 5 19 7 8 27 -9 11 13 -13 -8 15 16 17 -15 -10 -5 -4 22 23 24 25 29 -26 -2 -11 -1
right_child=6 2 20 4 -6 -7 10 9 18 28 -12 12 -14 14 -16 -17 -18 -19 -20 -21 -22 -23 -24 -25 26 -27 -28 -29 -30 -31
leaf_value=2.7276702285163545 -0.95837017110709477 -2.042904766400655 -0.12930739045143128 -0.35380871026412303 5.6512293176650994 -2.3393686940934919 -1.5945609594990144 2.7387106604206148 -3.1419628888163071 -0.51965143026536675 -1.4542142635208923 -1.2046540255205971 4.4334586371887816 3.0301592951662397 4.9504248950630423 -2.1059228560557735 -3.0686968517303468 -0.90635293960571284 0.20889212977501653 3.1314012654622392 2.8383415712494595 4.035712854112897 0.38093983491261801 4.7117340186797083 -0.29167285268956961 4.5083785065320816 3.4529749431610104 1.6182629643201827 1.9852483119964599 -0.025438868522644043
leaf_weight=34 29 54 24 23 20 54 343 58 58 80 461 56 44 51 24 39 20 21 31 27 57 70 36 32 33 52 20 50 20 20
leaf_count=34 29 54 24 23 20 54 343 58 58 80 461 56 44 51 24 39 20 21 31 27 57 70 36 32 33 52 20 50 20 20
internal_value=-6.89758e-10 1.69886 0.358261 2.12874 0.508943 -0.479958 -0.681997 0.105338 -0.729987 0.993532 -0.924368 -0.515908 1.27612 -0.875752 0.714903 -0.0610704 0.805769 1.88201 -1.97481 1.5282 1.95904 2.80502 2.42551 2.81088 2.42831 3.08177 1.1214 0.67241 -0.0186715 1.708
internal_weight=1941 556 135 421 124 104 1385 326 168 158 1059 598 100 498 155 131 92 72 89 50 81 297 227 191 159 106 53 79 100 54
internal_count=1941 556 135 421 124 104 1385 326 168 158 1059 598 100 498 155 131 92 72 89 50 81 297 227 191 159 106 53 79 100 54
is_linear=0
shrinkage=0.03


Tree=65
num_leaves=31
num_cat=0
split_feature=11 57 8 57 11 28 9 9 44 8 17 9 40 8 57 58 57 49 56 10 43 9 9 16 58 50 28 27 57 57
split_gain=2.35107e+06 325895 464442 669862 276307 252861 306612 296229 250257 239605 364639 342117 579132 646348 376058 355680 230208 247627 215279 214867 198518 196970 439335 194453 191834 178188 275223 175533 151987 203377
threshold=-0.63405362205439475 264.50000000000006 3.5000000000000004 309.50000000000006 -0.16280825711808986 1005.6500000000002 149.50000000000003 149.50000000000003 31.950000000000003 3.5000000000000004 68.500000000000014 140.50000000000003 0.6507812500000002 1.5000000000000002 294.50000000000006 1004.85 282.50000000000006 42.500000000000007 10.750000000000002 -0.25881904510252113 -235.35624999999996 141.50000000000003 147.50000000000003 24.650000000000002 1007.35 99.500000000000014 1005.85 277.50000000000006 286.50000000000006 294.50000000000006
decision_type=2 2 2 2 2 2 2 2 2 2 2 2 2 2 2 2 2 2 2 2 2 2 2 2 2 2 2 2 2 2
left_child=1 20 3 21 5 6 8 -7 -2 10 11 14 13 -13 23 -15 19 28 -17 -4 -1 -3 27 -6 25 26 -22 -23 -18 -30
right_child=4 2 16 -5 9 7 -8 -9 -10 -11 -12 12 -14 15 -16 18 17 -19 -20 -21 24 22 -24 -25 -26 -27 -28 -29 29 -31
leaf_value=5.2718398198127749 -2.8546665655482895 -2.2478270089626311 -1.608599037081003 3.8871174879123771 1.5535350775854153 1.8605346939051262 0.6522380054379 -0.91781342113719266 0.77924115595610244 -1.4105878447542479 -1.4374789053408996 -1.9354720145005444 -1.5278139865962712 -0.15505887851715089 -0.50300451358159382 5.7348310071229935 5.6722398834228516 -0.17431104443290016 1.8257455444335937 2.4491527474444847 -1.1922002068161963 3.6200537024603947 -1.851747340152138 5.4582601875066761 4.5439155735714092 3.3521134500127086 2.8074695045948026 0.3583999139612371 1.0469851357058475 3.7409288013458251
leaf_weight=25 66 48 24 36 22 107 79 51 23 461 230 39 169 25 36 32 20 22 21 23 32 27 57 24 28 38 30 33 38 75
leaf_count=25 66 48 24 36 22 107 79 51 23 461 230 39 169 25 36 32 20 22 21 23 32 27 57 24 28 38 30 33 38 75
internal_value=-7.10218e-09 1.64789 1.20037 0.179401 -0.661537 0.102178 -0.708087 0.963726 -1.91557 -0.896637 -0.500431 0.0852246 -0.404564 1.21791 1.79351 2.7946 2.21628 2.77397 4.18595 0.377109 2.82666 -0.629555 0.0343508 3.59078 2.34909 1.73454 0.743124 1.82614 3.26165 2.835
internal_weight=1941 556 403 201 1385 326 168 158 89 1059 598 368 286 117 82 78 202 155 53 47 153 165 117 46 128 100 62 60 133 113
internal_count=1941 556 403 201 1385 326 168 158 89 1059 598 368 286 117 82 78 202 155 53 47 153 165 117 46 128 100 62 60 133 113
is_linear=0
shrinkage=0.03


Tree=66
num_leaves=31
num_cat=0
split_feature=11 57 26 58 28 9 38 11 28 9 16 44 18 9 9 35 28 11 27 16 3 32 48 37 42 11 50 9 56 27
split_gain=2.21212e+06 306635 328432 359892 305580 266632 312894 259977 237917 288491 284050 235467 215121 206005 393994 776941 287817 558279 676724 203054 192417 219687 313934 188607 167240 148959 234884 139801 132046 127393
threshold=-0.63405362205439475 264.50000000000006 19.450000000000003 1005.4500000000002 1006.6500000000002 147.50000000000003 668.43415177500015 -0.16280825711808986 1005.6500000000002 149.50000000000003 24.850000000000005 31.950000000000003 1.5000000000000002 149.50000000000003 147.50000000000003 239.25000000000003 1005.7500000000001 0.77259657388510627 301.50000000000006 23.850000000000005 7244217.0715000005 827.61190480000016 3.5000000000000004 824.76250000000016 -122.83333335000002 -0.91037613702198728 25.500000000000004 142.50000000000003 10.750000000000002 209.00000000000003
decision_type=2 2 2 2 2 2 2 2 2 2 2 2 2 2 2 2 2 2 2 2 2 2 2 2 2 2 2 2 2 2
left_child=1 20 4 -4 12 19 -7 8 9 11 -10 -2 24 14 16 28 17 -9 -19 -6 21 25 -23 -21 -3 -1 -27 -26 -16 -11
right_child=7 2 3 -5 5 6 -8 13 10 29 -12 -13 -14 -15 15 -17 -18 18 -20 23 -22 22 -24 -25 27 26 -28 -29 -30 -31
leaf_value=3.9760217585252673 -2.7690265514633872 2.9028875991276331 0.67284022274613375 5.1218916289011638 4.1164630020581763 2.7502042728000218 -1.2051367155710857 -0.9320047144069793 2.6050445526221702 -0.94918621406472958 -0.033919169461727142 0.75586393770964255 -1.8969329553491929 -1.3797836146220355 4.8205626555412042 -1.8430661620650179 -1.4238953066322038 5.234878358981188 -1.3446698999404907 -0.054241520899992721 -0.0016553192138671873 1.6468624765976614 6.0454888458251954 2.6731705585826524 1.2620882155345035 -1.2311522769927978 3.0191120779037477 -1.8799000563383101 1.9215215250161979 1.5501479536771774
leaf_weight=23 66 21 30 36 39 27 54 157 58 29 100 23 51 426 31 43 318 34 24 39 20 23 40 55 26 22 25 25 26 50
leaf_count=23 66 21 30 36 39 27 54 157 58 29 100 23 51 426 31 43 318 34 24 39 20 23 40 55 26 22 25 25 26 50
internal_value=1.62922e-09 1.59846 1.16436 3.0996 0.78535 1.47023 0.11331 -0.641691 0.0991128 -0.686845 0.934814 -1.8581 -0.406229 -0.869738 -0.526484 1.20145 -0.850675 -0.00284164 2.51231 2.29662 2.74186 3.15442 4.43964 1.54158 0.649687 1.99773 1.02963 -0.278102 3.49819 0.632671
internal_weight=1941 556 403 66 337 214 81 1385 326 168 158 89 123 1059 633 100 533 215 58 133 153 133 63 94 72 70 47 51 57 79
internal_count=1941 556 403 66 337 214 81 1385 326 168 158 89 123 1059 633 100 533 215 58 133 153 133 63 94 72 70 47 51 57 79
is_linear=0
shrinkage=0.03


Tree=67
num_leaves=31
num_cat=0
split_feature=11 57 26 58 28 9 38 11 28 16 20 19 36 9 9 10 28 4 14 16 43 41 37 1 56 14 19 25 57 27
split_gain=2.08139e+06 288513 309021 338622 287520 250874 294402 244612 226430 361581 256310 206181 271908 193830 370709 741378 270807 593146 260459 191054 182042 191217 177461 144276 137026 202858 148587 127474 122220 111987
threshold=-0.63405362205439475 264.50000000000006 19.450000000000003 1005.4500000000002 1006.6500000000002 147.50000000000003 668.43415177500015 -0.16280825711808986 1006.1500000000002 24.850000000000005 1.0000000180025095e-35 13.500000000000002 2.7142857145000003 149.50000000000003 147.50000000000003 0.29012925520284133 1005.7500000000001 20.500000000000004 27.850000000000005 23.850000000000005 -235.35624999999996 373.65621477112137 824.76250000000016 10205.357145000002 9.2500000000000018 29.250000000000004 1.5000000000000002 502.50000000000006 159.50000000000003 279.50000000000006
decision_type=2 2 2 2 2 2 2 2 2 2 2 2 2 2 2 2 2 2 2 2 2 2 2 2 2 2 2 2 2 2
left_child=1 20 4 -4 11 19 -7 8 10 -10 -2 12 -3 14 16 -16 17 18 -9 -6 -1 23 -21 27 -20 26 -26 -22 -11 -30
right_child=7 2 3 -5 5 6 -8 13 9 28 -12 -13 -14 -15 15 -17 -18 -19 24 22 21 -23 -24 -25 25 -27 -28 -29 29 -31
leaf_value=5.0011186935424803 -1.7524230031752854 -1.7648011874333023 0.65265497237443915 4.9682348950703945 3.9929690938271007 2.667698156568739 -1.168982613881429 2.6338430021703241 3.2594680068709629 1.8823119536690089 0.4769322322416551 2.2376954334432431 2.0708395249503 -1.3383901055136198 -1.1242651391029357 4.0795375244183978 -1.381178446445825 4.7865642847333634 -2.0777839290085485 -0.052614266689007094 1.6951379329204557 4.4989245387224051 2.5929754382046784 3.3243837399636544 2.4902397087642125 -1.654434418498345 -0.48101857965642747 -1.0901293727329799 -2.5383353948593137 0.09625695206084342
leaf_weight=25 89 80 30 36 39 27 54 21 44 23 97 22 21 426 56 44 318 21 59 39 50 26 55 31 28 53 33 21 20 53
leaf_count=25 89 80 30 36 39 27 54 21 44 23 97 22 21 426 56 44 318 21 59 39 50 26 55 31 28 53 33 21 20 53
internal_value=1.36966e-09 1.5505 1.12943 3.00661 0.76179 1.42612 0.109911 -0.62244 0.0961394 1.00746 -0.589802 -0.394042 -0.967292 -0.843646 -0.51069 1.16541 -0.825155 -0.00275639 -0.521188 2.22773 2.65961 2.20228 1.49534 1.61686 -0.904169 -0.296771 0.882838 0.871326 -0.0247074 -0.625549
internal_weight=1941 556 403 66 337 214 81 1385 326 140 186 123 101 1059 633 100 533 215 194 133 153 128 94 102 173 114 61 71 96 73
internal_count=1941 556 403 66 337 214 81 1385 326 140 186 123 101 1059 633 100 533 215 194 133 153 128 94 102 173 114 61 71 96 73
is_linear=0
shrinkage=0.03


Tree=68
num_leaves=31
num_cat=0
split_feature=23 59 8 27 27 40 35 57 35 32 35 37 49 27 56 56 44 8 26 9 31 49 32 38 28 26 16 56 22 23
split_gain=1.74991e+06 415250 345132 433699 567055 405374 273843 258647 227628 222770 196591 344360 320757 527875 539301 250376 243013 211223 329099 550832 230996 203158 195872 196003 186627 158374 156555 153151 127157 122134
threshold=149.50000000000003 12.550000000000002 3.5000000000000004 271.50000000000006 309.50000000000006 903.1601562604169 443.67500000000001 295.50000000000006 648.57142855000018 747.78750000000002 1.0000000180025095e-35 273.36607145000005 2.5000000000000004 302.50000000000006 8.6500000000000004 8.4500000000000011 27.850000000000005 1.5000000000000002 18.150000000000002 145.50000000000003 128.83750000000003 7.5000000000000009 1174.6544645000001 1079.2142856250002 1007.4500000000002 11.750000000000002 23.850000000000005 10.750000000000002 60.000000000000007 215.50000000000003
decision_type=2 2 2 2 2 2 2 2 2 2 2 2 2 2 2 2 2 2 2 2 2 2 2 2 2 2 2 2 2 2
left_child=1 10 3 5 26 9 22 8 -8 28 11 12 13 14 16 -13 -1 18 19 21 -21 -12 23 29 -18 -11 -5 -16 -2 -4
right_child=2 -3 6 4 -6 -7 7 -9 -10 25 17 15 -14 -15 27 -17 24 -19 -20 20 -22 -23 -24 -25 -26 -27 -28 -29 -30 -31
leaf_value=2.5867448307768157 2.5770960268766987 3.7177394342422483 2.2343169084104519 -1.770849590094193 3.9447671020030972 -1.6834259020763895 -3.0402040226118907 3.2557095922742567 1.3264329820600422 1.7183461380004881 4.3653467167577436 -0.41954777882649347 -1.2451011339976237 -1.4989919521739181 4.8782885188441121 2.7228998280871997 -1.7767320946515617 -1.3138008482477241 -3.7322874614170618 -1.4169357581450561 1.8396459823846818 0.64408842778724162 5.2137959509629468 -0.3718102678656578 1.5164640923908779 4.7030632656812665 0.34265814840793607 1.9826907753263201 -0.61313430433923544 4.1378642849589502
leaf_weight=23 23 20 103 92 24 23 21 21 22 24 31 39 286 103 31 55 59 503 21 107 24 23 26 20 21 48 48 35 22 43
leaf_count=23 23 20 103 92 24 23 21 21 22 24 31 39 286 103 31 55 59 503 21 107 24 23 26 20 21 48 48 35 22 43
internal_value=2.96987e-10 -0.573605 1.41455 0.731107 -0.31583 1.95752 2.22614 0.526674 -0.806111 2.67326 -0.636667 -0.26068 -0.543656 0.193892 1.22565 1.41912 -0.130935 -0.982427 -0.173296 0.230698 -0.82031 2.78037 2.79263 2.41341 -0.912268 3.70816 -1.04622 3.34274 1.01743 2.79495
internal_weight=1941 1381 560 304 164 140 256 64 43 117 1361 652 558 272 169 94 103 709 206 185 131 54 192 166 80 72 140 66 45 146
internal_count=1941 1381 560 304 164 140 256 64 43 117 1361 652 558 272 169 94 103 709 206 185 131 54 192 166 80 72 140 66 45 146
is_linear=0
shrinkage=0.03


Tree=69
num_leaves=31
num_cat=0
split_feature=1 9 6 19 22 6 41 39 37 8 6 10 9 15 39 10 56 20 16 58 20 38 42 8 18 32 9 36 57 57
split_gain=1.64506e+06 387390 390115 339030 437482 290817 269217 218897 251332 200566 305653 713374 458359 430883 279979 355619 252411 203655 180879 144676 214555 138190 134640 118427 127983 118142 115167 111657 104615 246406
threshold=2676.3571430000006 141.50000000000003 26.500000000000004 15.500000000000002 302.00000000000006 30.500000000000004 265.40411646992749 528.7965401562501 195.92857145000002 3.5000000000000004 26.500000000000004 -0.22695468355932472 141.50000000000003 81.500000000000014 193.72689732312503 0.91037613702198772 13.750000000000002 4.5000000000000009 22.950000000000003 1006.5500000000001 50.500000000000007 84.030357142500037 -85.633035750000047 1.5000000000000002 26.500000000000004 754.41517855000018 144.50000000000003 77.07053571500002 276.50000000000006 283.50000000000006
decision_type=2 2 2 2 2 2 2 2 2 2 2 2 2 2 2 2 2 2 2 2 2 2 2 2 2 2 2 2 2 2
left_child=9 3 6 23 -5 7 18 -4 -9 10 12 -12 13 14 15 16 17 -1 -3 20 22 -14 -20 24 -2 -6 -21 -11 -8 -30
right_child=1 2 5 4 25 -7 28 8 -10 27 11 -13 21 -15 -16 -17 -18 -19 19 26 -22 -23 -24 -25 -26 -27 -28 -29 29 -31
leaf_value=1.4889785494336059 -3.9708953094482418 3.5275833778381345 1.7378157253014415 -1.9521004175103229 4.8564135160446167 3.0403840277703673 3.2485477820519479 2.1681343456059694 -1.5319945123258389 -0.29805602975793788 -1.7236087691265605 3.2071873794015375 -1.4412606527139473 4.3566715741157527 -3.2756588459014893 -2.1260922028036675 4.0359437599182133 -2.0377016544342039 0.39611430031912664 3.3719643093109131 1.6582960863908132 0.28052648322656748 -2.8067376661300658 -0.2302465615953718 -0.93287781385275026 1.7344409757852555 0.95994993896253644 -1.3717600096622711 -0.56346687280214747 2.8634028005081671
leaf_weight=56 24 25 38 23 20 29 124 20 95 111 46 62 333 24 20 34 25 20 21 25 36 48 27 42 26 24 62 406 26 69
leaf_count=56 24 25 38 23 20 29 124 20 95 111 46 62 333 24 20 34 25 20 21 25 36 48 27 42 26 24 62 406 26 69
internal_value=6.77231e-10 1.09345 1.44391 -0.222454 1.40084 0.285886 1.95177 -0.236208 -0.888494 -0.697592 -0.354233 1.10703 -0.636049 0.616129 0.0369487 0.527705 1.42106 0.560905 1.14409 0.795621 -0.0924388 -1.22434 -1.40549 -1.40464 -2.39113 3.15352 1.65306 -1.14124 2.67463 1.92552
internal_weight=1941 756 597 159 67 182 415 153 115 1185 668 108 560 179 155 135 101 76 196 171 84 381 48 92 50 44 87 517 219 95
internal_count=1941 756 597 159 67 182 415 153 115 1185 668 108 560 179 155 135 101 76 196 171 84 381 48 92 50 44 87 517 219 95
is_linear=0
shrinkage=0.03


Tree=70
num_leaves=31
num_cat=0
split_feature=23 59 43 58 6 52 6 6 5 46 10 29 9 6 10 57 6 1 14 53 2 48 37 37 2 6 58 36 17 42
split_gain=1.55802e+06 376669 335800 259771 349942 429845 329598 353528 265462 254518 249764 163043 133147 236359 741649 203446 288212 390506 215587 167190 161040 125721 115675 113957 113199 112474 101573 224333 141854 90848.1
threshold=149.50000000000003 12.550000000000002 123.41785715000002 1006.5500000000001 17.500000000000004 728.50000000000011 26.500000000000004 28.500000000000004 1.0000000180025095e-35 24.250000000000004 -0.25881904510252113 0.55000000000000016 149.50000000000003 26.500000000000004 -0.22695468355932472 295.50000000000006 19.500000000000004 1.0000000180025095e-35 27.850000000000005 108.50000000000001 5306.3571430000011 56.500000000000007 273.36607145000005 724.69375000000002 2349.8750000000005 20.500000000000004 1005.5500000000001 179.56785715000004 12.500000000000002 -122.83333335000002
decision_type=2 2 2 2 2 2 2 2 2 2 2 2 2 2 2 2 2 2 2 2 2 2 2 2 2 2 2 2 2 2
left_child=1 2 12 4 8 29 9 -8 -2 10 -5 -10 13 15 -15 16 17 20 -18 -14 -1 -17 25 -11 -9 -4 -20 28 -28 -6
right_child=3 -3 22 6 5 -7 7 24 11 23 -12 -13 19 14 -16 21 18 -19 26 -21 -22 -23 -24 -25 -26 -27 27 -29 -30 -31
leaf_value=0.52028975486755369 4.3451541914939877 3.5458861427307125 -1.3472515334802515 1.2410242256751427 0.39840509671431323 2.5069331480327404 -1.7641562130576685 3.4503813886642454 1.9348984888448553 0.27079034947060249 4.6911628644362739 -0.91657575268011826 -1.3345788947960424 -1.7317320554597035 3.088293351076417 -1.4943164496893411 1.9148346888542174 -2.242728281021118 -2.1147749720121687 0.53108809836208815 3.8095018895252331 0.65164784113566077 1.5549714557941143 2.3145322744834096 0.48899222646440782 1.1729624285697937 -0.59500928827776356 -1.6357793054580689 2.1000268064439296 -1.6123761335441043
leaf_weight=21 30 20 34 26 26 38 38 26 59 37 69 26 435 56 59 273 25 20 57 48 37 27 78 73 21 30 39 90 32 91
leaf_count=21 30 20 34 26 26 38 38 26 59 37 69 26 435 56 59 273 25 20 57 48 37 27 78 73 21 30 39 90 32 91
internal_value=-2.34561e-09 -0.541243 -0.601303 1.33474 0.665105 -0.265189 1.9582 0.387539 1.91898 2.60945 3.74691 1.06268 -0.762136 -0.508145 0.741151 -0.739496 -0.214557 1.37209 -0.723852 -1.14917 2.61858 -1.30118 0.779367 1.62709 2.12721 -0.165901 -1.02645 -0.641147 0.619655 -1.16554
internal_weight=1941 1381 1361 560 270 155 290 85 115 205 95 85 1219 736 115 621 321 78 243 483 58 300 142 110 47 64 218 161 71 117
internal_count=1941 1381 1361 560 270 155 290 85 115 205 95 85 1219 736 115 621 321 78 243 483 58 300 142 110 47 64 218 161 71 117
is_linear=0
shrinkage=0.03


Tree=71
num_leaves=31
num_cat=0
split_feature=11 27 9 6 6 26 6 11 35 43 28 6 9 6 21 53 39 11 9 6 10 28 4 14 28 2 38 56 20 45
split_gain=1.64483e+06 245162 399505 435584 418718 378872 279642 228685 222345 271001 180171 256943 229112 179313 165090 203289 156227 151710 149881 294876 601640 219995 490341 219295 140266 148976 146724 129197 122933 114413
threshold=-0.68322629814330815 309.50000000000006 141.50000000000003 26.500000000000004 28.500000000000004 18.550000000000004 17.500000000000004 -0.16280825711808986 32.322321430000009 -213.02499999999998 1005.6500000000002 17.500000000000004 149.50000000000003 22.500000000000004 889.00000000000011 185.50000000000003 871.24040180625013 -0.88144907265856332 149.50000000000003 26.500000000000004 0.29012925520284133 1005.7500000000001 20.500000000000004 27.850000000000005 1005.85 3277.7857145000003 904.57098216250017 4.6500000000000012 3.5000000000000004 60.500000000000007
decision_type=2 2 2 2 2 2 2 2 2 2 2 2 2 2 2 2 2 2 2 2 2 2 2 2 2 2 2 2 2 2
left_child=1 2 6 8 -5 -3 16 10 24 29 11 -2 27 -13 15 -11 -1 -6 19 21 -21 22 23 -9 -4 26 28 -12 -26 -10
right_child=7 5 3 4 17 -7 -8 18 9 14 12 13 -14 -15 -16 -17 -18 -19 -20 20 -22 -23 -24 -25 25 -27 -28 -29 -30 -31
leaf_value=-0.30329364601936604 0.72952647279202942 1.264148885384202 1.1343685239553452 -1.9079330615043639 2.9255367792111175 6.5180563354492191 -2.037777877807617 2.4287186050415039 1.7775916242599488 -2.9392089943885802 -0.41823803730010983 -2.9300619094786438 -0.75744169113999704 -0.41221430580866963 2.4464563035964964 0.89383949084715408 3.1949582619667054 -0.068217444419860843 -1.1835262052987663 -1.0234510506902423 3.6643516018952833 -1.2373010376376925 4.359631943021502 -0.8176937747690719 4.9200208717270906 5.7020887985229489 1.1886811285752517 1.9929538475990296 2.1021094504269686 4.9480850097111286
leaf_weight=27 80 30 24 50 39 21 50 21 20 20 25 46 59 57 24 33 20 25 426 56 44 318 21 173 38 25 26 100 22 21
leaf_count=27 80 30 24 50 39 21 50 21 20 20 25 46 59 57 24 33 20 25 426 56 44 318 21 173 38 25 26 100 22 21
internal_value=-5.04025e-09 1.4532 1.23619 1.68875 0.149069 3.42752 -0.476069 -0.524823 2.38253 1.43126 0.120527 -0.545994 0.783426 -1.53669 0.382175 -0.552594 1.18532 1.7561 -0.748472 -0.455686 1.03918 -0.736149 0.00508995 -0.466278 3.214 3.66365 3.07108 1.51072 3.88679 3.4015
internal_weight=1941 515 464 367 114 51 97 1426 253 118 367 183 184 103 77 53 47 64 1059 633 100 533 215 194 135 111 86 125 60 41
internal_count=1941 515 464 367 114 51 97 1426 253 118 367 183 184 103 77 53 47 64 1059 633 100 533 215 194 135 111 86 125 60 41
is_linear=0
shrinkage=0.03


Tree=72
num_leaves=31
num_cat=0
split_feature=23 59 43 8 27 27 40 32 40 57 32 28 28 8 27 27 14 2 37 43 38 26 26 51 35 16 33 39 22 43
split_gain=1.3769e+06 342367 300531 288649 354707 454926 341816 229195 231421 297622 195351 147906 238857 172469 251797 512687 451755 187302 147055 143201 172719 142796 135858 132444 130142 142537 127149 118402 114881 114825
threshold=149.50000000000003 12.550000000000002 123.41785715000002 3.5000000000000004 271.50000000000006 309.50000000000006 903.1601562604169 1211.8696430000002 701.27533479791668 290.50000000000006 747.78750000000002 1003.6500000000002 1003.9500000000002 3.5000000000000004 269.50000000000006 300.50000000000006 28.650000000000002 5454.5000000000009 163.95267855000003 185.94910709999996 727.04866071250024 11.750000000000002 12.550000000000002 625.00000000000011 582.78750000000002 24.450000000000003 648.57142855000018 859.89564731250005 60.000000000000007 -63.158035699999992
decision_type=2 2 2 2 2 2 2 2 2 2 2 2 2 2 2 2 2 2 2 2 2 2 2 2 2 2 2 2 2 2
left_child=1 2 11 4 6 24 10 8 19 29 28 18 -13 14 -14 16 -16 -18 -1 23 -21 -12 -17 -5 25 -6 -22 -11 -2 -10
right_child=3 -3 -4 7 5 -7 -8 -9 9 27 21 12 13 -15 15 22 17 -19 -20 20 26 -23 -24 -25 -26 -27 -28 -29 -30 -31
leaf_value=-1.160576933511233 2.3279881717847739 3.3877755203247069 0.74008275092487608 1.5943775243344513 -1.8070677349090576 3.4991100597381593 -1.6044908374288807 4.787865781784058 0.40563848128685581 0.90131474440748038 1.4758020485937595 1.8055422131220498 -0.94901289174268988 -1.0660811946850555 3.963307396173477 -1.5812657018460725 2.6403929099440573 -0.44826976148939846 -3.6148485014173719 3.4078718007935418 -1.4029710334539414 4.3099268549680705 0.98841498831044061 4.3825415219431338 1.2692164564132691 0.9672770738303661 1.8676665451215662 4.0906360616683966 -0.704338539947163 -2.4418862165451047
leaf_weight=118 23 20 142 23 100 24 23 24 26 22 24 36 261 520 48 95 24 67 27 27 20 48 23 46 20 20 23 20 22 25
leaf_count=118 23 20 142 23 100 24 23 24 26 22 24 36 261 520 48 95 24 67 27 27 20 48 23 46 20 20 23 20 22 25
internal_value=-2.45512e-10 -0.508812 -0.566073 1.25477 0.629745 -0.317063 1.73886 1.99698 1.70827 0.549904 2.3961 -0.718225 -0.596804 -0.680123 -0.292674 0.373881 1.60845 0.366323 -1.61758 2.48329 1.52728 3.36522 -1.0804 3.45315 -0.971264 -1.34468 0.34644 2.42004 0.845517 -0.990207
internal_weight=1941 1381 1361 560 304 164 140 256 232 93 117 1219 1074 1038 518 257 139 91 145 139 70 72 118 69 140 120 43 42 45 51
internal_count=1941 1381 1361 560 304 164 140 256 232 93 117 1219 1074 1038 518 257 139 91 145 139 70 72 118 69 140 120 43 42 45 51
is_linear=0
shrinkage=0.03


Tree=73
num_leaves=31
num_cat=0
split_feature=11 26 28 34 57 8 2 36 58 49 6 8 9 17 6 10 56 6 6 3 46 18 22 47 27 10 1 41 1 43
split_gain=1.46255e+06 232019 268211 534707 261663 285709 295510 204912 294079 310941 189111 184346 255645 366436 329833 376056 184686 164656 164222 155811 152266 145141 159577 142877 145636 137488 133367 169426 170913 126662
threshold=-0.68322629814330815 19.450000000000003 1005.5500000000001 889.74196430000018 264.50000000000006 3.5000000000000004 5098.0000000000009 177.85000000000002 1006.4500000000002 11.500000000000002 26.500000000000004 3.5000000000000004 141.50000000000003 45.500000000000007 26.500000000000004 -0.2901292552028415 10.750000000000002 20.500000000000004 18.500000000000004 6679062.4375000009 25.050000000000004 18.500000000000004 371.50000000000006 30.500000000000004 284.50000000000006 -0.84874750804349175 11451.839285000002 335.62918893161896 7943.5000000000009 264.72857143499999
decision_type=2 2 2 2 2 2 2 2 2 2 2 2 2 2 2 2 2 2 2 2 2 2 2 2 2 2 2 2 2 2
left_child=1 4 3 -3 26 10 21 8 18 20 17 12 13 -9 -14 -16 -17 -6 -2 -4 25 22 -7 24 -20 -10 27 28 -1 -24
right_child=7 2 19 -5 5 6 -8 11 9 -11 -12 -13 14 -15 15 16 -18 -19 23 -21 -22 -23 29 -25 -26 -27 -28 -29 -30 -31
leaf_value=2.8789707834720613 0.073293356376309543 -1.1567424465978846 5.5755797750949858 4.9317744091578888 -0.82398035049438478 -0.66548970260790419 -1.438301277565956 3.0836658083541053 0.42630915384207452 -1.3180093568702076 -1.8162789122912346 -1.2918734968306207 -1.2817938029488851 -0.71739201679229736 -1.6685960731506346 4.3946905540466314 0.62587172074751418 1.5035526985233112 -1.3532258565085276 2.2063195364815851 0.52461066322143257 4.4074494525364463 2.934451410770416 -2.9441376024484631 0.44254871511459348 3.2727083485467094 4.5960153064727782 3.697268210138593 -0.75210627027920318 0.33877945195073667
leaf_weight=20 217 34 30 21 51 21 25 42 21 43 49 379 258 50 30 25 22 59 126 21 65 21 64 32 60 56 20 28 28 23
leaf_count=20 217 34 30 21 51 21 25 42 21 43 49 379 258 50 30 25 22 59 126 21 65 21 64 32 60 56 20 28 28 23
internal_value=4.59011e-10 1.37031 2.62111 1.16796 1.04615 0.625909 1.54689 -0.494889 -0.0848578 0.917024 -0.266107 -0.810298 -0.382857 1.01787 -0.767535 0.955566 2.63056 0.424424 -0.510945 4.18824 1.59383 2.12541 1.68168 -1.0925 -0.773944 2.49642 2.41629 1.84268 0.760843 2.24824
internal_weight=1941 515 106 55 409 313 154 1426 620 185 159 806 427 92 335 77 47 110 435 51 142 129 108 218 186 77 96 76 48 87
internal_count=1941 515 106 55 409 313 154 1426 620 185 159 806 427 92 335 77 47 110 435 51 142 129 108 218 186 77 96 76 48 87
is_linear=0
shrinkage=0.03


Tree=74
num_leaves=31
num_cat=0
split_feature=11 26 41 34 57 8 2 17 11 6 6 18 22 1 41 1 43 8 6 10 9 11 17 40 10 54 34 6 20 49
split_gain=1.37611e+06 218306 257745 397325 246199 268823 278045 224475 194092 177935 154925 136563 150146 125485 159413 160812 119176 118269 251230 590234 273211 448641 212812 180857 279637 116492 185752 147290 134081 117683
threshold=-0.68322629814330815 19.450000000000003 241.57196499926866 874.45000000000016 264.50000000000006 3.5000000000000004 5098.0000000000009 50.500000000000007 -0.3520614488341256 26.500000000000004 20.500000000000004 18.500000000000004 371.50000000000006 11451.839285000002 335.62918893161896 7943.5000000000009 264.72857143499999 3.5000000000000004 26.500000000000004 0.29012925520284133 141.50000000000003 0.68322629814330826 45.500000000000007 622.61681546041677 -0.77259657388510594 637.45000000000016 1136.1008930000003 20.500000000000004 19.500000000000004 33.500000000000007
decision_type=2 2 2 2 2 2 2 2 2 2 2 2 2 2 2 2 2 2 2 2 2 2 2 2 2 2 2 2 2 2
left_child=1 4 -3 7 13 9 11 -4 25 10 -6 12 -7 14 15 -1 -14 18 20 -20 21 23 -23 24 -10 27 -27 28 -2 -30
right_child=8 2 3 -5 5 6 -8 -9 17 -11 -12 -13 16 -15 -16 -17 -18 -19 19 -21 -22 22 -24 -25 -26 26 -28 -29 29 -31
leaf_value=2.7926016422510145 -1.6077496927434747 4.8970423083305361 2.1866252726104785 4.4531196519306722 -0.79926094055175778 -0.64552503006798878 -1.395152213859558 -1.9308228756831243 2.7207651526587351 -1.7617905579781046 1.4584461428755422 4.2752259887967794 2.846417862586677 4.4581349372863768 3.5863501310348509 -0.72954307478453428 0.32861602368562121 -0.97968371912981134 -1.0348124188761556 3.3460697662353516 -1.0826404863549151 3.3937483856988986 -0.044994261932373041 -3.2087739896774288 -1.3590707476933797 -1.8030928351636977 1.429326547384262 1.722890199906117 2.5886850343431744 -0.13110045107205709
leaf_weight=20 33 30 22 28 51 21 25 26 21 49 59 21 64 20 28 28 23 517 62 50 382 46 25 24 54 48 24 74 21 45
leaf_count=20 33 30 22 28 51 21 25 26 21 49 59 21 64 20 28 28 23 517 62 50 382 46 25 24 54 48 24 74 21 45
internal_value=3.09e-09 1.3292 2.54248 1.61305 1.01476 0.607131 1.50048 -0.0436591 -0.480042 -0.258124 0.411691 2.06165 1.63123 2.34381 1.7874 0.738017 2.18079 -0.639455 -0.374549 0.920939 -0.637401 0.363078 2.18292 -0.942064 -0.216717 0.288393 -0.72562 0.71041 -0.0463927 0.734286
internal_weight=1941 515 106 76 409 313 154 48 1426 159 110 129 108 96 76 48 87 1181 664 112 552 170 71 99 75 245 72 173 99 66
internal_count=1941 515 106 76 409 313 154 48 1426 159 110 129 108 96 76 48 87 1181 664 112 552 170 71 99 75 245 72 173 99 66
is_linear=0
shrinkage=0.03


Tree=75
num_leaves=31
num_cat=0
split_feature=11 26 41 34 57 8 2 10 36 8 9 17 9 48 56 27 9 18 8 56 18 33 16 49 18 16 1 41 1 27
split_gain=1.29479e+06 205405 242513 373843 231649 252936 261613 211840 189422 165502 227236 323934 154515 153505 205458 304157 141629 134097 217123 519828 128492 195081 126434 232173 186718 243983 118068 149992 151308 116376
threshold=-0.68322629814330815 19.450000000000003 241.57196499926866 874.45000000000016 264.50000000000006 3.5000000000000004 5098.0000000000009 1.0000000180025095e-35 177.85000000000002 3.5000000000000004 141.50000000000003 45.500000000000007 147.50000000000003 25.500000000000004 8.6500000000000004 209.00000000000003 141.50000000000003 19.500000000000004 1.5000000000000002 10.750000000000002 18.500000000000004 530.72857140000008 25.450000000000003 7.5000000000000009 1.0000000180025095e-35 24.250000000000004 11451.839285000002 335.62918893161896 7943.5000000000009 277.50000000000006
decision_type=2 2 2 2 2 2 2 2 2 2 2 2 2 2 2 2 2 2 2 2 2 2 2 2 2 2 2 2 2 2
left_child=1 4 -3 7 26 12 20 -4 13 10 11 -10 16 22 -15 -16 -6 -12 -19 -20 21 -7 24 -24 25 -2 27 28 -1 -18
right_child=8 2 3 -5 5 6 -8 -9 9 -11 17 -13 -14 14 15 -17 29 18 19 -21 -22 -23 23 -25 -26 -27 -28 -29 -30 -31
leaf_value=2.7088235929906364 0.84970605772430607 4.7501309922933572 -1.7267307520764215 4.3195259857177737 -0.91528830528259275 -0.1839291843933028 -1.3532977068901062 2.3157845506668089 2.8990173586351533 -1.2251933581344685 -1.2351376350109393 -0.67480929908752441 -1.4357557212329302 -0.89591306825650141 -1.9393254966321198 1.8267048236131667 3.0236877916753291 -1.4651469101224628 4.3754460642072885 -0.67781303255181569 4.146969241074153 2.5027194168534077 3.5090790309906006 -0.38922229695049199 -1.4875274183541318 -1.1644281217128039 4.3243909034729002 3.4787596648080008 -0.70765676174845016 0.3113818253108433
leaf_weight=20 118 30 28 28 39 37 25 20 42 379 195 50 61 58 23 120 24 56 27 57 21 71 20 44 137 100 20 28 28 35
leaf_count=20 118 30 28 28 39 37 25 20 42 379 195 50 61 58 23 120 24 56 27 57 21 71 20 44 137 100 20 28 28 35
internal_value=-3.35933e-09 1.28933 2.46621 1.56466 0.984319 0.588917 1.45547 -0.0423494 -0.465641 -0.768894 -0.363888 0.95672 -0.25038 -0.0714126 0.610135 1.22098 0.487455 -0.726562 -0.0181895 0.946449 1.9998 1.58229 -0.39836 0.828997 -0.61963 -0.0742087 2.27349 1.73378 0.715877 1.41469
internal_weight=1941 515 106 76 409 313 154 48 1426 806 427 92 159 620 201 143 98 335 140 84 129 108 419 64 355 218 96 76 48 59
internal_count=1941 515 106 76 409 313 154 48 1426 806 427 92 159 620 201 143 98 335 140 84 129 108 419 64 355 218 96 76 48 59
is_linear=0
shrinkage=0.03


Tree=76
num_leaves=31
num_cat=0
split_feature=11 27 9 6 26 6 6 35 43 36 58 49 8 20 6 11 6 35 56 6 22 53 46 47 33 39 27 48 11 45
split_gain=1.21826e+06 196450 326898 331867 321043 314755 210381 195742 235900 178227 257546 274259 155721 218308 313911 267885 252708 325295 158787 147295 139933 166055 135658 134518 133163 131353 128093 140150 118943 112223
threshold=-0.68322629814330815 309.50000000000006 141.50000000000003 26.500000000000004 18.550000000000004 28.500000000000004 17.500000000000004 32.322321430000009 -213.02499999999998 177.85000000000002 1006.4500000000002 11.500000000000002 3.5000000000000004 1.0000000180025095e-35 20.500000000000004 0.84874750804349197 26.500000000000004 280.83571430000006 10.750000000000002 18.500000000000004 720.50000000000011 185.50000000000003 25.050000000000004 30.500000000000004 108.81428570000001 871.24040180625013 284.50000000000006 17.500000000000004 -0.88144907265856332 60.500000000000007
decision_type=2 2 2 2 2 2 2 2 2 2 2 2 2 2 2 2 2 2 2 2 2 2 2 2 2 2 2 2 2 2
left_child=1 2 6 7 -3 -5 25 -4 29 10 19 22 13 14 15 -11 -16 18 -18 -2 21 -10 24 26 -12 -1 27 -21 -7 -9
right_child=9 4 3 5 -6 28 -8 8 20 12 11 -13 -14 -15 16 -17 17 -19 -20 23 -22 -23 -24 -25 -26 -27 -28 -29 -30 -31
leaf_value=-0.41642279042137992 0.085296575922587631 1.0265406358242033 2.8514857479731242 -1.6616130586624145 5.8628882762363981 2.5506246512669781 -1.8470496179580689 1.4087275457382202 -2.8176079645156857 0.34491690579582662 3.407940899848938 -1.2307488859808722 -1.1884375544399572 -1.0928631910544175 -1.4339656694899214 4.3474847624036999 4.077687713241577 -1.5565702695846557 0.5830931984294544 -1.7131363001666389 2.1005055809020994 0.64667000239545647 0.49472361263174275 -2.8154382857680318 0.87644821353256697 2.791279821753502 0.43118551671504973 0.92243876370516686 -0.10018365091681479 4.5487225059100558
leaf_weight=27 217 30 135 50 21 39 50 20 20 34 45 43 379 195 94 27 25 30 22 104 24 33 65 32 32 20 60 22 25 21
leaf_count=27 217 30 135 50 21 39 50 20 20 34 45 43 379 195 94 27 25 30 22 104 24 33 65 32 32 20 60 22 25 21
internal_value=5.91872e-10 1.25065 1.05639 1.46577 3.01798 0.121834 -0.492477 2.07134 1.17879 -0.451672 -0.0692702 0.868316 -0.745827 -0.352971 0.268921 2.11655 -0.390173 0.884067 2.44192 -0.468014 0.200001 -0.660605 1.50395 -1.01879 2.35589 0.948557 -0.709685 -1.25296 1.51515 3.01702
internal_weight=1941 515 464 367 51 114 97 253 118 1426 620 185 806 427 232 61 171 77 47 435 77 53 142 218 77 47 186 126 64 41
internal_count=1941 515 464 367 51 114 97 253 118 1426 620 185 806 427 232 61 171 77 47 435 77 53 142 218 77 47 186 126 64 41
is_linear=0
shrinkage=0.03


Tree=77
num_leaves=31
num_cat=0
split_feature=11 11 31 24 8 34 32 49 50 6 58 58 15 58 16 15 6 49 42 8 6 10 9 11 19 40 10 57 32 37
split_gain=1.14985e+06 198960 318432 190265 364390 233863 172744 178467 189833 160572 240088 151209 135526 130083 129706 113722 112202 111553 105389 98943.6 216794 506354 229116 390699 236769 165575 251524 128015 91632.9 88180.6
threshold=-0.3520614488341256 -0.93540483100319605 667.71160715000008 589.20000000000016 4.5000000000000009 991.58571430000018 927.76250000000016 29.500000000000004 41.500000000000007 26.500000000000004 1005.9500000000002 1006.9500000000002 58.500000000000007 1007.7500000000001 24.150000000000002 54.500000000000007 23.500000000000004 9.5000000000000018 -43.408035750000003 3.5000000000000004 26.500000000000004 -0.2901292552028415 141.50000000000003 0.68322629814330826 5.5000000000000009 622.61681546041677 -0.77259657388510594 255.50000000000003 108.81428570000001 1197.5537500000003
decision_type=2 2 2 2 2 2 2 2 2 2 2 2 2 2 2 2 2 2 2 2 2 2 2 2 2 2 2 2 2 2
left_child=1 2 -1 6 5 -5 7 8 11 10 -4 17 -6 -9 18 -11 -13 -3 -7 20 22 -22 23 25 -25 26 -2 -23 -24 -12
right_child=19 3 9 4 12 14 -8 13 -10 15 29 16 -14 -15 -16 -17 -18 -19 -20 -21 21 27 28 24 -26 -27 -28 -29 -30 -31
leaf_value=4.5885838607261924 2.5905575595583232 -1.5948440403773865 -0.27959356355667114 -2.4435515784044735 3.446844552250012 0.61545691967010496 3.1352207529544831 0.39025987293622261 4.027854014805385 1.401526746749878 2.8592079196734863 2.9205187624379207 0.68920976282079827 -2.1556935089826585 1.8889617347717285 -1.5189383288792202 0.97644565204779299 1.3175185185670852 -2.3209861288287423 -0.89694119063982414 -1.4692284917831422 0.61679534912109368 -1.1693913325970966 3.2260544330650007 -0.47587612152099606 -3.0582139849662782 -1.2787663422690496 3.5114770908789197 0.24512311936851514 0.73571222565390837
leaf_weight=29 21 29 40 61 23 22 32 73 21 21 88 38 53 24 24 28 90 20 22 517 48 20 335 48 23 24 54 44 47 22
leaf_count=29 21 29 40 61 23 22 32 73 21 21 88 38 53 24 24 28 90 20 22 517 48 20 335 48 23 24 54 44 47 22
internal_value=-1.51113e-09 0.910223 1.65168 0.592456 -0.124086 -1.09491 1.04166 0.814566 1.33103 1.22369 1.71075 1.01107 1.52376 -0.239667 0.114904 -0.26731 1.55359 -0.406125 -0.852765 -0.585749 -0.34345 0.859982 -0.587624 0.328569 2.02684 -0.889382 -0.195356 2.60689 -0.995354 2.43451
internal_weight=1941 760 228 532 205 129 327 295 198 199 150 177 76 97 68 49 128 49 44 1181 664 112 552 170 71 99 75 64 382 110
internal_count=1941 760 228 532 205 129 327 295 198 199 150 177 76 97 68 49 128 49 44 1181 664 112 552 170 71 99 75 64 382 110
is_linear=0
shrinkage=0.03


Tree=78
num_leaves=31
num_cat=0
split_feature=1 12 6 27 6 6 41 12 40 32 14 51 3 8 6 10 12 15 38 10 19 28 23 27 31 31 16 16 46 53
split_gain=970892 260043 245209 235402 311096 192607 190087 145225 136988 142129 133445 121204 120483 112051 213686 454987 199915 343900 216957 216445 201963 111574 193500 189662 212359 108043 91099.9 88935.7 79118.6 73690.1
threshold=2676.3571430000006 0.64987354830121502 26.500000000000004 309.50000000000006 17.500000000000004 30.500000000000004 265.40411646992749 0.44984976402066168 356.65933779583332 1136.1008930000003 30.950000000000003 648.50000000000011 7210111.7500000009 3.5000000000000004 26.500000000000004 0.35206144883412582 0.64987354830121502 81.500000000000014 68.50825892875001 0.77259657388510639 3.5000000000000004 1009.1500000000002 196.50000000000003 285.50000000000006 848.99285715000008 99.544642855000021 22.950000000000003 24.650000000000002 24.250000000000004 298.00000000000006
decision_type=2 2 2 2 2 2 2 2 2 2 2 2 2 2 2 2 2 2 2 2 2 2 2 2 2 2 2 2 2 2
left_child=10 2 6 4 11 8 7 -2 28 -10 13 -3 21 14 16 -16 25 18 19 20 -18 22 23 24 -8 -1 -9 -22 -4 -24
right_child=1 3 5 -5 -6 -7 12 26 9 -11 -12 -13 -14 -15 15 -17 17 -19 -20 -21 27 -23 29 -25 -26 -27 -28 -29 -30 -31
leaf_value=-1.1163032361230767 -0.81401909276058793 -0.52655571575822502 2.2123422671281374 2.5688365272853688 -2.00680648727417 2.4507147520163963 2.89206605052948 2.9131210172653197 -1.4207748920387693 1.3487808419976917 1.1898155568196223 2.1512020676583052 0.49583013876615201 -0.93362874902350079 -0.82589664693738585 3.1016274372567518 2.9942003667354582 3.6057727646827695 -3.09128084727696 -1.4487923990885416 1.1536588183045386 0.43347696564414284 4.9812769315583356 3.6295528309161842 -0.48437203645706173 0.76113483619689937 0.93927684642318499 -1.4870539179715241 -0.15133872070312498 2.7333806031090875
leaf_weight=343 38 29 26 23 75 29 30 25 81 21 39 32 34 497 61 47 32 24 21 45 24 22 35 39 38 30 133 22 25 21
leaf_count=343 38 29 26 23 75 29 30 25 81 21 39 32 34 497 61 47 32 24 21 45 24 22 35 39 38 30 133 22 25 21
internal_value=-1.1245e-09 0.840025 1.12717 -0.238106 -0.71281 0.209065 1.5298 0.851118 -0.215823 -0.850572 -0.535915 0.87817 2.13721 -0.594644 -0.335051 0.883304 -0.578272 0.28103 -0.273094 0.20806 1.16394 2.43887 2.70953 1.96176 1.00523 -0.965303 1.25159 -0.109291 1.05368 4.13832
internal_weight=1941 756 597 159 136 182 415 196 153 102 1185 61 219 1146 649 108 541 168 144 123 78 185 163 107 68 373 158 46 51 56
internal_count=1941 756 597 159 136 182 415 196 153 102 1185 61 219 1146 649 108 541 168 144 123 78 185 163 107 68 373 158 46 51 56
is_linear=0
shrinkage=0.03


Tree=79
num_leaves=31
num_cat=0
split_feature=11 57 26 46 3 23 32 48 36 28 19 10 39 32 28 19 57 38 6 19 27 46 9 34 33 9 6 11 45 6
split_gain=1.03173e+06 169196 184692 223201 160127 159705 146942 244016 141330 232739 199773 134906 133075 264913 141596 137845 157231 151095 150745 130233 150644 142945 132528 124155 114135 112804 249621 271633 106071 88197.6
threshold=-0.63405362205439475 264.50000000000006 19.450000000000003 23.450000000000003 7244217.0715000005 253.50000000000003 827.61190480000016 3.5000000000000004 177.85000000000002 1005.6500000000002 11.500000000000002 -0.95642797789208689 1145.3267857687501 1184.6642860000004 1006.7500000000001 47.500000000000007 294.50000000000006 668.43415177500015 26.500000000000004 12.500000000000002 209.00000000000003 25.050000000000004 149.50000000000003 667.71160715000008 350.39285715000005 141.50000000000003 18.500000000000004 0.83146961230254512 85.500000000000014 18.500000000000004
decision_type=2 2 2 2 2 2 2 2 2 2 2 2 2 2 2 2 2 2 2 2 2 2 2 2 2 2 2 2 2 2
left_child=1 4 5 -4 6 12 23 -8 9 19 11 -11 13 14 29 16 17 -16 -19 21 -21 22 -2 24 -1 26 -10 -28 -13 -3
right_child=8 2 3 -5 -6 -7 7 -9 25 10 -12 28 -14 -15 15 -17 -18 18 -20 20 -22 -23 -24 -25 -26 -27 27 -29 -30 -31
leaf_value=0.84751165390014638 -1.8414809880473397 1.1611260522902012 4.0187140126526355 0.52789735773030444 -0.56176553276181218 2.9561767205325036 0.90623249966165298 4.7842269301414486 -0.84757504482184887 -0.61177288119681172 -0.7934506673262669 1.8742551700836949 -1.9947856562478203 3.8103554992675779 2.5053602716326711 -1.5671491345167159 2.5209792828052602 1.1021804981965284 -1.5355206122765173 -0.92550215621789289 0.97166364380075954 1.2815138182640076 0.21200252202649908 -0.62632684367895131 3.723390906906646 -0.88191429866569349 -0.34149029374122619 3.7045864754063742 -0.43134519304547991 -1.0530886388666489
leaf_weight=27 132 20 32 34 20 22 23 40 113 32 65 124 21 20 24 20 47 39 39 72 79 20 36 20 23 631 32 28 21 85
leaf_count=27 132 20 32 34 20 22 23 40 113 32 65 124 21 20 24 20 47 39 39 72 79 20 36 20 23 631 32 28 21 85
internal_value=-1.07176e-09 1.09164 0.769184 2.22041 1.94099 0.484967 2.31734 3.36845 -0.438233 -0.0817375 0.628919 1.15126 0.312375 0.477172 0.233874 0.771429 1.08533 0.423808 -0.21667 -0.58905 0.0670548 -1.11603 -1.40145 1.37135 2.17042 -0.69585 -0.017198 1.54668 1.54034 -0.631333
internal_weight=1941 556 403 66 153 337 133 63 1385 581 242 177 315 294 274 169 149 102 78 339 151 188 168 70 50 804 173 60 145 105
internal_count=1941 556 403 66 153 337 133 63 1385 581 242 177 315 294 274 169 149 102 78 339 151 188 168 70 50 804 173 60 145 105
is_linear=0
shrinkage=0.03


Tree=80
num_leaves=31
num_cat=0
split_feature=11 26 41 34 57 8 2 10 36 28 49 49 18 41 6 8 20 6 10 6 10 56 46 47 46 12 23 18 33 1
split_gain=973143 162480 213572 329166 180840 188124 217650 179737 145145 208692 230624 153384 164290 139315 135515 130308 179518 251342 228276 213912 276790 140357 122924 126504 118097 128045 115295 113512 168558 112458
threshold=-0.68322629814330815 19.450000000000003 241.57196499926866 874.45000000000016 264.50000000000006 3.5000000000000004 5098.0000000000009 1.0000000180025095e-35 177.85000000000002 1005.6500000000002 11.500000000000002 12.500000000000002 1.0000000180025095e-35 221.73391574891258 26.500000000000004 3.5000000000000004 1.0000000180025095e-35 20.500000000000004 0.58216583101416164 26.500000000000004 -0.2901292552028415 10.750000000000002 25.050000000000004 25.500000000000004 24.950000000000003 0.53946920585801694 125.50000000000001 18.500000000000004 530.72857140000008 11451.839285000002
decision_type=2 2 2 2 2 2 2 2 2 2 2 2 2 2 2 2 2 2 2 2 2 2 2 2 2 2 2 2 2 2
left_child=1 4 -3 7 29 14 27 -4 9 11 13 24 -13 22 -6 16 17 18 -10 -19 -21 -22 26 -24 25 -2 -11 28 -7 -1
right_child=8 2 3 -5 5 6 -8 -9 15 10 -12 12 -14 -15 -16 -17 -18 19 -20 20 21 -23 23 -25 -26 -27 -28 -29 -30 -31
leaf_value=1.4588167833987817 0.23314007247487703 4.3077993233203884 -1.7410041311808993 3.903453108263867 0.35786018202521586 -0.29322414828716092 -1.3174528961420058 1.9826281399726868 3.2371791361570357 3.8233218346942555 -0.8465199049985086 1.381246537146021 -0.6097735883668064 -0.16709390792581769 -1.5389262444632394 -1.0740255079695604 -0.98071106719970702 -1.2959184461451592 -0.62538918358939033 -1.4145619897842407 3.8116995699405671 0.52616771481253877 2.6868401332335035 -0.03485316134550992 0.92713503630264948 -1.7758896526046422 1.2960593006014824 3.7590890012468607 2.2041136988115984 3.9871249151229855
leaf_weight=76 36 30 28 28 110 37 25 20 40 33 74 61 96 54 49 379 195 94 21 30 25 22 22 51 23 138 32 21 71 20
leaf_count=76 36 30 28 28 110 37 25 20 40 33 74 61 96 54 49 379 195 94 21 30 25 22 22 51 23 138 32 21 71 20
internal_value=-1.88579e-09 1.11777 2.16448 1.31844 0.846497 0.497139 1.24446 -0.189491 -0.403683 -0.0585918 0.576357 -0.5357 0.163807 1.12476 -0.226684 -0.669138 -0.309765 0.254177 1.90744 -0.335585 0.83677 2.27379 1.63026 0.785383 -1.09318 -1.36023 2.57913 1.74096 1.34854 1.98555
internal_weight=1941 515 106 76 409 313 154 48 1426 620 266 354 157 192 159 806 427 232 61 171 77 47 138 73 197 174 65 129 108 96
internal_count=1941 515 106 76 409 313 154 48 1426 620 266 354 157 192 159 806 427 232 61 171 77 47 138 73 197 174 65 129 108 96
is_linear=0
shrinkage=0.03


Tree=81
num_leaves=31
num_cat=0
split_feature=11 27 26 9 57 57 39 17 8 42 9 49 41 34 36 58 49 33 39 8 20 9 10 9 10 56 20 45 49 46
split_gain=915630 162402 279331 266810 281649 246954 177345 164752 145311 137988 159722 136798 197068 147333 136567 197878 220452 123332 122667 122607 168908 236487 214784 201270 260432 132062 121304 137977 121874 114420
threshold=-0.68322629814330815 309.50000000000006 18.550000000000004 141.50000000000003 294.50000000000006 269.50000000000006 580.19140624375007 50.500000000000007 4.5000000000000009 63.51517854999998 147.50000000000003 99.500000000000014 264.25137051453595 815.06428575000007 177.85000000000002 1006.4500000000002 11.500000000000002 950.34732145000009 902.61026785000001 3.5000000000000004 1.0000000180025095e-35 141.50000000000003 0.58216583101416164 147.50000000000003 -0.2901292552028415 10.750000000000002 2.5000000000000004 78.500000000000014 12.500000000000002 25.050000000000004
decision_type=2 2 2 2 2 2 2 2 2 2 2 2 2 2 2 2 2 2 2 2 2 2 2 2 2 2 2 2 2 2
left_child=1 3 -3 7 5 11 -7 8 -1 10 17 12 -5 18 15 26 29 -8 -14 20 21 22 -16 -23 -25 -26 27 28 -2 -17
right_child=14 2 -4 4 -6 6 9 -9 -10 -11 -12 -13 13 -15 19 16 -18 -19 -20 -21 -22 23 -24 24 25 -27 -28 -29 -30 -31
leaf_value=-1.3418195297036852 -1.4066530373096464 0.83356433582305911 5.3448008946010042 0.45764917094533036 3.6876265239715575 2.3419090543474468 3.1241815249816227 -2.3849221703101846 1.4760169516056776 -1.6165606623110564 -1.0751463363045139 -0.13765995290544297 3.2837214203502816 5.1633229127952029 3.1400637428015465 2.1172941160937411 -1.1169273304523424 0.18248830367778909 0.79235541146377031 -1.0418047363918499 -0.95128974092923668 -1.2570408828080968 -0.60662746565682546 -1.3721251192092896 3.6973485926628111 0.51038265661759807 0.13418725100582216 1.4493921402522496 0.57657982669093399 0.40801034530768027
leaf_weight=28 180 30 21 41 39 28 23 29 40 46 38 27 46 21 40 77 43 29 29 379 195 94 21 30 25 22 201 21 33 65
leaf_count=28 180 30 21 41 39 28 23 29 40 46 38 27 46 21 40 77 43 29 29 379 195 94 21 30 25 22 201 21 33 65
internal_value=-1.7354e-10 1.08424 2.69113 0.907618 1.27746 0.990886 0.16771 -0.491681 0.315731 -0.279919 0.403253 1.81406 2.19871 2.94228 -0.391573 -0.056834 0.764997 1.48362 2.32039 -0.649064 -0.300472 0.246551 1.85022 -0.325517 0.811667 2.20558 -0.406348 -0.870655 -1.09939 1.33488
internal_weight=1941 515 51 464 367 328 164 97 68 136 90 164 137 96 1426 620 185 52 75 806 427 232 61 171 77 47 435 234 213 142
internal_count=1941 515 51 464 367 328 164 97 68 136 90 164 137 96 1426 620 185 52 75 806 427 232 61 171 77 47 435 234 213 142
is_linear=0
shrinkage=0.03


Tree=82
num_leaves=31
num_cat=0
split_feature=11 11 31 28 6 24 8 2 33 6 50 49 24 6 45 34 40 41 43 31 40 23 9 6 10 33 28 58 11 6
split_gain=861546 160074 276183 183121 260436 153547 295035 219432 136451 153427 171815 189851 155500 128322 125406 120975 113078 111855 109744 105046 98863.8 79016.8 88766.3 205118 383076 128083 176221 91740.5 132349 250361
threshold=-0.3520614488341256 -0.93540483100319605 667.71160715000008 1005.6500000000002 26.500000000000004 589.20000000000016 4.5000000000000009 5783.1071430000011 824.84375000000011 20.500000000000004 9.0000000000000018 29.500000000000004 380.30000000000001 23.500000000000004 58.500000000000007 1012.8687500000002 959.3269965333335 221.73391574891258 185.94910709999996 1023.6214285000002 673.10022319583345 118.50000000000001 149.50000000000003 26.500000000000004 0.35206144883412582 530.72857140000008 1003.9500000000002 1006.6500000000002 0.91037613702198772 18.500000000000004
decision_type=2 2 2 2 2 2 2 2 2 2 2 2 2 2 2 2 2 2 2 2 2 2 2 2 2 2 2 2 2 2
left_child=1 2 -1 20 18 8 7 -7 9 10 12 -12 -3 -11 -8 -9 -17 -10 -5 -6 -4 22 23 25 -25 26 -2 28 -28 -30
right_child=21 5 3 4 19 6 14 15 17 13 11 -13 -14 -15 -16 16 -18 -19 -20 -21 -22 -23 -24 24 -26 -27 27 -29 29 -31
leaf_value=4.1880954630621545 1.9041469650609151 -3.1090065622329712 -1.9518389815092085 3.0675677853993006 -1.8733602373940603 -2.5696638130187988 3.0824792266845704 -1.7061734929451575 0.84050382685661307 3.0236307010931123 3.1837002070053764 0.082161137599211467 0.064661034941673273 0.86676544943581457 0.48870202120612649 2.4371055514162232 -0.3751528506125173 3.9081428382707681 1.0292845010757448 0.93349740232740119 0.90407775092124942 1.1967691690567881 -0.86582426177159599 -0.72511219739913935 2.8705546358227729 -1.9861334483763748 -0.47828970142569671 -1.0192539198378814 -0.75196485482729392 3.5964144278656351
leaf_weight=29 28 24 24 70 21 50 25 26 20 34 23 78 33 92 51 22 31 23 36 28 20 24 460 60 48 51 251 211 26 22
leaf_count=29 28 24 24 70 21 50 25 26 20 34 23 78 33 92 51 22 31 23 36 28 20 24 460 60 48 51 251 211 26 22
internal_value=-5.6507e-10 0.78789 1.45295 1.05437 1.53923 0.502863 -0.140836 -1.0144 0.906405 0.667948 0.0452616 0.788452 -1.27162 1.44878 1.34192 -0.0300497 0.7922 2.48133 2.37532 -0.269442 -0.653695 -0.507025 -0.542368 -0.328895 0.872962 -0.54927 -0.413062 -0.540281 -0.202277 1.24104
internal_weight=1941 760 228 199 155 532 205 129 327 284 158 101 57 126 76 79 53 43 106 49 44 1181 1157 697 108 589 538 510 299 48
internal_count=1941 760 228 199 155 532 205 129 327 284 158 101 57 126 76 79 53 43 106 49 44 1181 1157 697 108 589 538 510 299 48
is_linear=0
shrinkage=0.03


Tree=83
num_leaves=31
num_cat=0
split_feature=1 9 6 27 6 39 6 15 27 27 23 54 34 15 57 43 24 14 55 28 8 6 40 9 15 40 17 31 56 53
split_gain=729050 209612 194205 192904 251857 159256 183918 153947 193830 170353 169027 148705 136916 133740 133679 126359 118325 101430 100768 97080.5 84684.6 173287 367387 149331 297497 173383 255025 90892.4 83015.3 81762.5
threshold=2676.3571430000006 141.50000000000003 26.500000000000004 309.50000000000006 17.500000000000004 540.88772321937518 28.500000000000004 81.500000000000014 276.50000000000006 282.50000000000006 66.500000000000014 759.30000000000007 545.30000000000007 57.500000000000007 280.50000000000006 169.68124999999998 719.10000000000002 30.950000000000003 648.50000000000011 1006.6500000000002 3.5000000000000004 26.500000000000004 19.873065476458336 141.50000000000003 81.500000000000014 622.61681546041677 45.500000000000007 99.544642855000021 12.550000000000002 175.50000000000003
decision_type=2 2 2 2 2 2 2 2 2 2 2 2 2 2 2 2 2 2 2 2 2 2 2 2 2 2 2 2 2 2
left_child=17 3 7 4 18 14 -7 8 15 -10 -9 16 19 -11 -4 -3 -8 20 -2 -12 21 23 -23 24 25 26 -1 -25 -28 -15
right_child=1 2 5 -5 -6 6 11 10 9 13 12 -13 -14 29 -16 -17 -18 -19 -20 -21 -22 22 -24 27 -26 -27 28 -29 -30 -31
leaf_value=1.8634462827444076 -0.51908496022224426 3.3620708505730876 -0.28925434684753415 2.3009322863039761 -1.8340555598258972 -1.5673830100028745 1.1488313204712337 2.5277227295769586 -0.4615402581132188 3.881968935012817 1.9556513471603394 2.8626518490314483 -1.4935646080076694 0.43841971388730133 2.8771141405105594 1.4935162398689672 -1.7793571832905644 1.0401506339128199 1.922511486019939 -0.63495028029317446 -0.81029501926641101 2.3431085312171058 -1.186131399134372 -0.98194701785335736 3.3260389828681944 -2.7330465732921252 -1.6404415494918823 0.74004781764745708 0.50603162050247186 2.2479534146660249
leaf_weight=48 29 76 20 23 75 62 27 27 49 20 30 20 40 55 30 57 23 39 32 23 497 61 47 343 24 22 50 30 24 38
leaf_count=48 29 76 20 23 75 62 27 27 49 20 30 20 40 55 30 57 23 39 32 23 497 61 47 343 24 22 50 30 24 38
internal_value=-1.40145e-09 0.727923 0.985721 -0.240037 -0.669759 0.168664 -0.377511 1.34404 1.71257 1.0158 0.438097 0.676375 -0.168569 1.65641 1.61057 2.56126 -0.198135 -0.464396 0.761753 0.831428 -0.515598 -0.289921 0.807236 -0.508947 0.233726 -0.281659 0.160394 -0.843449 -0.944288 1.1778
internal_weight=1941 756 597 159 136 182 132 415 295 162 120 70 93 113 50 133 50 1185 61 53 1146 649 108 541 168 144 122 373 74 93
internal_count=1941 756 597 159 136 182 132 415 295 162 120 70 93 113 50 133 50 1185 61 53 1146 649 108 541 168 144 122 373 74 93
is_linear=0
shrinkage=0.03


Tree=84
num_leaves=31
num_cat=0
split_feature=53 29 35 41 57 8 34 48 6 43 55 23 16 32 38 28 28 37 8 57 57 10 26 17 48 57 21 58 47 57
split_gain=690151 189452 177456 181836 232688 227551 216659 165478 152214 139797 123722 117842 97354.4 96039.9 86935.4 82394.2 160147 108927 91615.1 119960 253512 214228 95056.9 75604.6 73246.1 101388 71458.5 69766.5 82370.6 165982
threshold=149.50000000000003 12.550000000000002 239.25000000000003 245.43031381086146 264.50000000000006 3.5000000000000004 72.642857140000018 1.0000000180025095e-35 26.500000000000004 123.41785715000002 615.00000000000011 172.50000000000003 23.950000000000003 1150.1142860000002 1110.7004464625002 1003.6500000000002 1003.9500000000002 134.06339285000004 3.5000000000000004 269.50000000000006 300.50000000000006 -0.63405362205439475 12.550000000000002 48.500000000000007 48.500000000000007 51.500000000000007 619.50000000000011 1004.6500000000002 12.500000000000002 255.50000000000003
decision_type=2 2 2 2 2 2 2 2 2 2 2 2 2 2 2 2 2 2 2 2 2 2 2 2 2 2 2 2 2 2
left_child=1 9 3 6 10 14 -2 8 13 15 -5 -7 -9 -4 26 17 -17 -1 19 27 21 -21 -22 -23 25 -11 -6 -18 -29 -30
right_child=2 -3 7 4 5 11 -8 12 -10 24 -12 -13 -14 -15 -16 16 18 -19 -20 20 22 23 -24 -25 -26 -27 -28 28 29 -31
leaf_value=-0.79684130308939061 0.58522596967220297 2.5383688459396363 2.0661455185579904 1.4699808259805045 0.32635096747299719 3.4506460970098325 4.6439907784297541 -2.0353090847746746 -0.72286252608666057 1.633914582994249 3.8240664408355949 0.99303379780259626 0.12659786450235466 -0.2987882308959961 1.0590702692667642 1.5740801790782382 -2.1127346314324273 -2.9469613519081705 -0.77179923149648799 -0.080555016734770363 -1.1910592444241048 2.8949988702535627 0.9562123209497202 0.78459711183201175 1.4810960684919898 -0.47935203450066699 -1.4975231761922096 -1.2438936642238072 -0.62308596191056276 1.8053473299199885
leaf_weight=115 20 20 68 54 29 22 29 37 39 27 32 87 38 20 27 35 27 26 516 70 96 50 23 22 44 84 58 84 109 33
leaf_count=115 20 20 68 54 29 22 29 37 39 27 32 87 38 20 27 35 27 26 516 70 96 50 23 22 44 84 58 84 109 33
internal_value=8.60214e-10 -0.360228 0.888348 1.2895 1.02026 0.509017 2.98735 0.1774 0.837248 -0.402823 2.34592 1.48907 -0.939943 1.52866 -0.428046 -0.511825 -0.421599 -1.19332 -0.489413 -0.205929 0.2453 1.10121 -0.77604 2.25015 0.44528 0.0346858 -0.889565 -0.671426 -0.499234 -0.0587317
internal_weight=1941 1381 560 358 309 223 49 202 127 1361 86 109 75 88 114 1206 1065 141 1030 514 261 142 119 72 155 111 87 253 226 142
internal_count=1941 1381 560 358 309 223 49 202 127 1361 86 109 75 88 114 1206 1065 141 1030 514 261 142 119 72 155 111 87 253 226 142
is_linear=0
shrinkage=0.03


Tree=85
num_leaves=31
num_cat=0
split_feature=11 30 50 28 34 26 36 54 6 31 28 44 1 36 28 19 41 46 19 18 46 46 18 15 14 9 38 9 46 6
split_gain=734757 133930 150177 211141 231701 178782 201996 173757 159905 142307 120172 149696 122558 115038 173304 175864 117859 121641 115622 147632 115140 112982 105203 98525.8 95600 87477.6 84002 80083 144188 131541
threshold=-0.68322629814330815 522.16250000000014 99.500000000000014 1005.4500000000002 824.84375000000011 21.550000000000004 715.48750000000007 2.2500000000000004 26.500000000000004 1221.4714285000002 1008.1500000000002 32.850000000000001 10035.401785000002 177.85000000000002 1005.6500000000002 11.500000000000002 221.73391574891258 25.050000000000004 12.500000000000002 1.0000000180025095e-35 25.050000000000004 24.550000000000004 24.500000000000004 71.500000000000014 33.100000000000009 149.50000000000003 859.70520838750019 149.50000000000003 24.750000000000004 26.500000000000004
decision_type=2 2 2 2 2 2 2 2 2 2 2 2 2 2 2 2 2 2 2 2 2 2 2 2 2 2 2 2 2 2
left_child=1 -1 3 4 -3 6 8 -4 9 10 11 21 -12 14 18 16 17 23 20 -20 25 -5 -19 -16 -10 -2 -6 28 -15 -30
right_child=13 2 7 5 26 -7 -8 -9 24 -11 12 -13 -14 27 15 -17 -18 22 19 -21 -22 -23 -24 -25 -26 -27 -28 -29 29 -31
leaf_value=2.5347655767599742 -1.5606863017704176 -2.8603476219177244 4.348260292573408 -0.81069090929124255 -0.93319733691215512 3.382715800666809 3.5863116196223666 0.98154948476198556 -1.3871992183685302 3.4104738664627074 3.4755853420257568 2.5731924710954934 0.53374087076920729 0.71555882555373163 1.5745328462123869 -0.74330556261707359 -0.17617978931015188 2.5190208492279051 1.2830679906782556 -0.60431516624987125 1.1952743074893952 1.3342335356435469 -0.01572091398494584 4.0528119017861108 0.59445474642973672 0.0484186805670078 1.6528907522788414 -0.9434919731896203 -0.84659369221216518 0.6546705319271201
leaf_weight=45 138 30 22 77 20 25 21 37 50 20 25 21 26 94 42 71 55 20 61 96 20 31 56 22 39 39 26 333 316 63
leaf_count=45 138 30 22 77 20 25 21 37 50 20 25 21 26 94 42 71 55 20 61 96 20 31 56 22 39 39 26 333 316 63
internal_value=1.8494e-10 0.971262 0.821565 0.618386 -0.8092 0.942256 0.745444 2.23693 0.539015 1.00976 0.743011 0.255621 1.97582 -0.350771 -0.0435489 0.535067 1.00053 1.4628 -0.478328 0.128999 -0.96234 -0.195018 0.651316 2.42644 -0.518834 -1.20614 0.528505 -0.587096 -0.336188 -0.597043
internal_weight=1941 515 470 411 76 335 310 59 289 200 180 129 51 1426 620 266 195 140 354 157 197 108 76 64 89 177 46 806 473 379
internal_count=1941 515 470 411 76 335 310 59 289 200 180 129 51 1426 620 266 195 140 354 157 197 108 76 64 89 177 46 806 473 379
is_linear=0
shrinkage=0.03


Tree=86
num_leaves=31
num_cat=0
split_feature=11 27 26 9 6 6 35 43 34 21 36 58 49 6 47 45 8 20 6 11 6 10 46 42 6 11 40 20 27 48
split_gain=691333 131491 234640 208934 200156 202113 145732 192162 128474 113957 108239 159617 184266 99414.3 109580 96995.9 96043.9 132283 194060 187337 154765 215203 95954.7 95791.7 95774.2 95416.3 91853.9 89698 88747.3 101047
threshold=-0.68322629814330815 309.50000000000006 18.550000000000004 141.50000000000003 26.500000000000004 28.500000000000004 32.322321430000009 -213.02499999999998 380.0750000000001 889.00000000000011 177.85000000000002 1006.4500000000002 11.500000000000002 18.500000000000004 30.500000000000004 60.500000000000007 3.5000000000000004 1.0000000180025095e-35 20.500000000000004 0.84874750804349197 26.500000000000004 0.35206144883412582 25.050000000000004 152.42767855000008 17.500000000000004 -0.88144907265856332 61.848363094374982 3.5000000000000004 288.50000000000006 17.500000000000004
decision_type=2 2 2 2 2 2 2 2 2 2 2 2 2 2 2 2 2 2 2 2 2 2 2 2 2 2 2 2 2 2
left_child=1 3 -3 8 6 -6 23 15 -1 -9 11 13 22 -2 28 -8 17 18 19 -12 -20 -22 26 27 -10 -7 -13 -5 29 -15
right_child=10 2 -4 4 5 25 7 9 24 -11 16 12 -14 14 -16 -17 -18 -19 20 -21 21 -23 -24 -25 -26 -27 -28 -29 -30 -31
leaf_value=-1.975532411824573 0.098415843901065642 0.68553392887115472 4.8201646750313891 3.4266446046675405 -1.362356746673584 2.1107018450590278 0.9745152715444565 -0.84940025419559118 1.3853034018107824 1.6422922730445861 0.19432087014703189 3.2664413087121371 -1.0246811402537102 -1.3199903759089384 -2.4302211798727513 3.8937246321780341 -0.91708608837744177 -0.83690831248576825 -1.1119227266945737 3.541484713024563 -0.59985755491515869 2.6340730958600198 0.36809612081601067 0.87658336863798259 -0.94601975385485026 -0.26351360664367673 1.1280080461129545 1.5903382525077232 0.49489456521140202 0.9072291573611172
leaf_weight=33 217 30 21 62 50 39 20 53 35 24 34 29 43 110 32 21 379 195 94 27 46 31 65 34 29 25 48 39 54 22
leaf_count=33 217 30 21 62 50 39 20 53 35 24 34 29 43 110 32 21 379 195 94 27 46 31 65 34 29 25 48 39 54 22
internal_value=1.70235e-09 0.942124 2.38803 0.783199 1.11048 0.0667692 1.58077 0.810638 -0.455067 -0.0727688 -0.340248 -0.0422424 0.695871 -0.356153 -0.808636 2.46972 -0.569483 -0.260956 0.223143 1.67585 -0.295076 0.702115 1.21688 2.25392 0.328923 1.18327 1.93339 2.71758 -0.529654 -0.948787
internal_weight=1941 515 51 464 367 114 253 118 97 77 1426 620 185 435 218 41 806 427 232 61 171 77 142 135 64 64 77 101 186 132
internal_count=1941 515 51 464 367 114 253 118 97 77 1426 620 185 435 218 41 806 427 232 61 171 77 142 135 64 64 77 101 186 132
is_linear=0
shrinkage=0.03


Tree=87
num_leaves=31
num_cat=0
split_feature=11 27 26 9 57 27 30 6 14 5 19 40 6 42 30 36 58 49 20 45 49 8 20 6 11 6 40 56 46 40
split_gain=650475 123720 220772 196586 227404 212430 211464 160256 173757 126810 171072 216327 118432 116376 105506 101842 150183 173376 94095.9 117696 101989 90367.7 124466 182591 176266 145618 206643 113175 90283.8 86425.3
threshold=-0.68322629814330815 309.50000000000006 18.550000000000004 141.50000000000003 294.50000000000006 287.50000000000006 1259.0250000000003 26.500000000000004 33.100000000000009 1.0000000180025095e-35 98.500000000000014 709.02487598958339 17.500000000000004 -78.955357099999972 824.84375000000011 177.85000000000002 1006.4500000000002 11.500000000000002 2.5000000000000004 78.500000000000014 12.500000000000002 3.5000000000000004 1.0000000180025095e-35 20.500000000000004 0.84874750804349197 26.500000000000004 37.019680060541667 10.750000000000002 25.050000000000004 61.848363094374982
decision_type=2 2 2 2 2 2 2 2 2 2 2 2 2 2 2 2 2 2 2 2 2 2 2 2 2 2 2 2 2 2
left_child=1 3 -3 12 5 6 7 9 -9 -5 11 -11 14 -13 -1 16 18 28 19 20 -2 22 23 24 -17 -25 27 -27 29 -18
right_child=15 2 -4 4 -6 -7 -8 8 -10 10 -12 13 -14 -15 -16 21 17 -19 -20 -21 -22 -23 -24 25 -26 26 -28 -29 -30 -31
leaf_value=-0.94178083223955966 -1.2467383072574934 0.66496790409088125 4.6755596433367046 2.9945702340867784 3.2428352369711946 -1.4630274200439453 -1.903367311477661 -0.78449239019914108 2.1917436520869913 2.7997056583336422 -1.1454938601363789 1.9326660888791083 -1.4577437568068503 -1.0635925565447124 1.9172040578952201 0.18849125441382913 3.1684480594766549 -0.9939407069842483 0.130602899245195 1.3883650561741419 0.5674971359968185 -0.88957350183288153 -0.81180106168526867 -1.0785650455412714 3.4352401680416529 3.3036820725202558 -1.2641960549354552 0.3533982727744362 0.35705323202793415 1.0941678087413309
leaf_weight=21 180 30 21 54 39 33 20 55 26 70 22 20 50 28 26 34 29 43 201 21 33 379 195 94 27 25 30 22 65 48
leaf_count=21 180 30 21 54 39 33 20 55 26 70 22 20 50 28 26 34 29 43 201 21 33 379 195 94 27 25 30 22 65 48
internal_value=-6.98276e-10 0.91386 2.31639 0.759703 1.07717 0.819662 1.07501 1.29162 0.170843 1.75958 1.28322 1.73603 -0.441415 0.184849 0.639785 -0.330041 -0.0409751 0.674995 -0.345468 -0.754401 -0.96566 -0.552399 -0.253127 0.216448 1.62558 -0.286223 0.681051 1.9227 1.18038 1.87539
internal_weight=1941 515 51 464 367 328 295 275 81 194 140 118 97 48 47 1426 620 185 435 234 213 806 427 232 61 171 77 47 142 77
internal_count=1941 515 51 464 367 328 295 275 81 194 140 118 97 48 47 1426 620 185 435 234 213 806 427 232 61 171 77 47 142 77
is_linear=0
shrinkage=0.03


Tree=88
num_leaves=31
num_cat=0
split_feature=11 50 28 56 30 53 52 28 11 58 38 42 17 26 31 30 19 37 41 8 47 56 26 28 6 26 48 48 48 44
split_gain=612226 111671 187089 153577 193450 226102 143159 139800 135479 132722 143779 83540.8 73827.4 121423 87559.8 94644.9 68928.5 64164 61410.9 60260.1 113704 198069 146118 103670 265880 84756.2 83187.6 59314.4 107037 56239.7
threshold=-0.63405362205439475 99.500000000000014 1004.1500000000002 18.450000000000003 1259.0250000000003 235.50000000000003 1.5000000000000002 1005.4500000000002 -0.91037613702198728 1006.6500000000002 1062.6580357875002 16.351785699999983 4.5000000000000009 14.450000000000001 1133.0267855000004 910.72857145000012 3.5000000000000004 802.69880950000004 298.91126748988069 2.5000000000000004 42.500000000000007 9.3500000000000032 7.7500000000000009 1003.6500000000002 19.500000000000004 9.9500000000000011 36.500000000000007 45.500000000000007 62.500000000000007 30.450000000000003
decision_type=2 2 2 2 2 2 2 2 2 2 2 2 2 2 2 2 2 2 2 2 2 2 2 2 2 2 2 2 2 2
left_child=1 2 -1 4 5 9 -3 -5 -9 10 -4 19 14 16 15 -11 -14 -8 -7 20 21 22 -2 -23 -25 -22 -27 -13 -29 -26
right_child=11 6 3 7 -6 18 17 8 -10 12 -12 27 13 -15 -16 -17 -18 -19 -20 -21 25 23 -24 24 29 26 -28 28 -30 -31
leaf_value=-1.8444807380676267 0.20956784237833584 4.1153420022726053 -1.1812764006108045 0.17935428619384766 -2.3297942242026326 3.6565095645904537 0.13090978715154858 3.6842716111455642 0.8949415168762207 0.94657245004177093 1.5898470877517352 -0.07322652233880142 1.3393974511027336 -1.3725431668427255 0.19401514768600464 3.7683654611007023 -0.3080428135022521 2.3728236435055732 1.4832499363205649 -0.62240934397030734 -1.0552621582700947 -2.1935293371027162 2.9339154899442517 2.511936234951019 -1.0562907416732223 -0.48517044778421237 1.1353310075173011 2.5739986601006239 -0.17950339125262366 0.7201305445432663
leaf_weight=25 34 20 72 30 20 25 27 42 25 20 22 145 80 27 24 23 32 20 22 663 157 22 37 30 81 106 39 24 27 20
leaf_count=25 34 20 72 30 20 25 27 42 25 20 22 145 80 27 24 23 32 20 22 663 157 22 37 30 81 106 39 24 27 20
internal_value=3.06199e-10 0.840915 0.683539 0.819747 0.539153 0.70451 1.98952 1.88138 2.64348 0.401402 -0.532716 -0.33758 0.82765 0.433351 1.64567 2.4559 0.8687 1.08492 2.63924 -0.432178 -0.1924 0.319749 1.6293 -0.287951 0.0320698 -0.572273 -0.0493114 0.236283 1.11626 -0.704524
internal_weight=1941 556 489 464 367 347 67 97 67 300 94 1385 206 139 67 43 112 47 47 1189 526 224 71 153 131 302 145 196 51 101
internal_count=1941 556 489 464 367 347 67 97 67 300 94 1385 206 139 67 43 112 47 47 1189 526 224 71 153 131 302 145 196 51 101
is_linear=0
shrinkage=0.03


Tree=89
num_leaves=31
num_cat=0
split_feature=11 57 3 1 37 8 57 31 42 4 56 28 36 48 27 56 28 8 26 41 57 46 41 11 14 37 31 3 57 46
split_gain=576044 109215 145446 150686 156175 138960 208458 127902 118477 158363 138086 162342 91322.7 98288.3 214486 280954 91321.8 131913 115026 97286.4 90040.5 90786.2 89946.8 127236 83723.2 77070.3 116688 72960.4 72603 108334
threshold=-0.63405362205439475 264.50000000000006 7244217.0715000005 10871.321430000002 906.81875000000014 3.5000000000000004 309.50000000000006 715.48750000000007 -194.12053570000003 13.500000000000002 17.250000000000004 1008.1500000000002 924.44285715000012 25.500000000000004 209.00000000000003 8.6500000000000004 1006.35 5.5000000000000009 13.900000000000002 285.36449000222746 277.50000000000006 23.150000000000002 314.26711831322893 -0.9733555533461492 31.950000000000003 362.61785715000002 501.55535715000002 7171728.0000000009 285.50000000000006 24.950000000000003
decision_type=2 2 2 2 2 2 2 2 2 2 2 2 2 2 2 2 2 2 2 2 2 2 2 2 2 2 2 2 2 2
left_child=1 2 3 4 7 6 20 -1 -7 10 11 22 13 24 -15 -16 18 28 -17 -20 21 -3 -10 -24 25 26 -2 -22 29 -18
right_child=12 5 -4 -5 -6 8 -8 -9 9 -11 -12 -13 -14 14 15 16 17 -19 19 -21 27 -23 23 -25 -26 -27 -28 -29 -30 -31
leaf_value=1.7595488220453261 -0.43439031450960197 -0.95480653434991836 -0.88719256934523572 3.7690296575940887 2.9916221989252989 2.8519774183034898 2.0665062538782757 -0.80622146382051352 -1.4112938896814982 -0.92991771949304114 3.2980350585937495 2.3231418339799088 -0.87477967394491474 -1.0362625226107511 -0.65846244427136014 -0.82913091919638893 2.9395324645503873 -0.11374177165653393 2.5333561058044434 -0.16784292610734702 -1.3128814675807952 1.533158622004769 -0.92371280550956725 2.3824535375020721 1.0392912601022157 -1.240057210096946 1.8401745973314558 0.69032128930091852 3.7299838961495295 0.1488198743547712
leaf_weight=36 608 22 20 29 34 30 36 34 27 37 25 41 229 99 105 33 31 23 30 20 90 33 20 22 34 104 21 20 27 21
leaf_count=36 608 22 20 29 34 30 36 34 27 37 25 41 229 99 105 33 31 23 30 20 90 33 20 22 34 104 21 20 27 21
internal_value=-2.42771e-09 0.815687 1.49807 1.85676 1.32353 0.556617 -0.00184174 0.513318 1.11231 0.808881 1.28544 0.828033 -0.327453 -0.219029 0.169404 0.580994 1.28447 1.88573 0.545572 1.45288 -0.453118 0.537973 -0.0603654 0.808089 -0.416031 -0.483536 -0.358451 -0.948663 2.46785 1.81251
internal_weight=1941 556 153 133 104 403 201 70 202 172 135 110 1385 1156 389 290 185 102 83 50 165 55 69 42 767 733 629 110 79 52
internal_count=1941 556 153 133 104 403 201 70 202 172 135 110 1385 1156 389 290 185 102 83 50 165 55 69 42 767 733 629 110 79 52
is_linear=0
shrinkage=0.03


Tree=90
num_leaves=31
num_cat=0
split_feature=11 50 28 56 30 53 36 51 10 54 30 40 47 28 36 48 27 56 28 8 26 2 14 8 40 37 31 14 13 47
split_gain=541999 100182 173385 137567 180260 205074 181029 136738 195830 134300 102736 92157.9 130877 134595 85925.5 92479.5 201810 264350 85924.7 124117 108228 106227 78775.2 76641.2 75825 72515.4 109792 67859.9 68015.8 236351
threshold=-0.63405362205439475 99.500000000000014 1004.1500000000002 18.550000000000004 1259.0250000000003 235.50000000000003 715.48750000000007 895.00000000000011 -0.1628082571180898 1.0000000180025095e-35 863.11250000000007 956.98038196875007 4.5000000000000009 1007.6500000000002 924.44285715000012 25.500000000000004 209.00000000000003 8.6500000000000004 1006.35 5.5000000000000009 13.900000000000002 7031.0714285000004 31.950000000000003 5.5000000000000009 746.99120782291675 362.61785715000002 501.55535715000002 30.650000000000002 -0.75999367905021098 16.500000000000004
decision_type=2 2 2 2 2 2 2 2 2 2 2 2 2 2 2 2 2 2 2 2 2 2 2 2 2 2 2 2 2 2
left_child=1 2 -1 4 5 6 11 8 10 -3 -5 12 13 24 15 22 -17 -18 20 -20 -19 -22 25 -14 -4 26 27 28 -2 -30
right_child=14 9 3 7 -6 -7 -8 -9 -10 -11 -12 -13 23 -15 -16 16 17 18 19 -21 21 -23 -24 -25 -26 -27 -28 -29 29 -31
leaf_value=-1.7915120447158812 -0.54533464412178312 3.9381289039850231 -0.97240365288474351 1.2724496362520299 -2.255620751559734 2.5167182161072463 2.781212550676786 4.0027188280820845 3.0631527571678161 1.0029649334511856 -1.6674836883544921 -1.7473349244253977 -0.46364629193492557 2.8055362163890494 -0.84853627516192631 -1.0051746576482599 -0.63870856591633385 -0.80425701314752751 2.39381620093237 -0.11032950219900711 2.9075000288175499 0.13303739143742455 1.0081125253789565 0.98685451069543517 1.5478297696794783 -1.2028554928703949 1.7849693558045796 -1.7660181189514697 1.9398254159092905 -0.59022704554928662
leaf_weight=25 420 20 22 23 20 47 26 20 30 47 20 21 138 33 229 99 105 33 79 23 23 27 34 43 21 104 21 32 48 108
leaf_count=25 420 20 22 23 20 47 26 20 30 47 20 21 138 33 229 99 105 33 79 23 23 27 34 43 21 104 21 32 48 108
internal_value=-1.03824e-09 0.791217 0.642156 0.773281 0.514654 0.672504 0.387379 1.80501 1.20289 1.87913 -0.0949612 0.163496 0.319633 1.3644 -0.317629 -0.212458 0.164322 0.563564 1.24593 1.82916 0.529205 1.40929 -0.40355 -0.119052 0.258408 -0.46903 -0.347697 -0.421359 -0.346655 0.188251
internal_weight=1941 556 489 464 371 351 304 93 73 67 43 278 257 76 1385 1156 389 290 185 102 83 50 767 181 43 733 629 608 576 156
internal_count=1941 556 489 464 371 351 304 93 73 67 43 278 257 76 1385 1156 389 290 185 102 83 50 767 181 43 733 629 608 576 156
is_linear=0
shrinkage=0.03


end of trees

feature_importances:
hour_cos=211
day=208
day_of_year=161
day_of_week=127
wind_direction_10m=112
wind_direction_10m_lag1=107
dew_point_2m=92
cloud_cover_mid=79
surface_pressure=77
hour_sin=76
wind_speed_10m=67
dew_point_2m_lag1=65
generation_rolling_std_24=57
generation_rolling_mean_24=55
wind_speed_10m_lag1=55
surface_pressure_lag1=55
cloud_cover_low=54
day_sin=51
relative_humidity_2m=50
generation_lag_96=49
DC_POWER=47
DAILY_YIELD=46
cloud_cover_lag1=45
generation_rolling_mean_8=44
cloud_cover_mid_lag1=44
temperature_2m=43
generation_change_4=40
cloud_cover_high=39
generation_lag_48=39
diffuse_radiation=37
generation_lag_24=34
generation_lag_12=33
cloud_cover=32
cloud_cover_high_lag1=29
cloud_cover_low_lag1=28
generation_lag_1=26
generation_rolling_mean_4=25
generation_lag_8=23
relative_humidity_2m_lag1=23
generation_lag_2=22
direct_normal_irradiance_lag1=22
temperature_2m_lag1=21
shortwave_radiation_lag1=19
diffuse_radiation_lag1=19
hour=18
generation_change_1=17
shortwave_radiation=16
direct_normal_irradiance=16
TOTAL_YIELD=15
generation_lag_4=15
direct_radiation=13
direct_radiation_lag1=8
precipitation_lag1=7
day_cos=6
global_tilted_irradiance_lag1=4
global_tilted_irradiance=3
minute=2
precipitation=2

parameters:
[boosting: gbdt]
[objective: regression]
[metric: l2]
[tree_learner: serial]
[device_type: cpu]
[data_sample_strategy: bagging]
[data: ]
[valid: ]
[num_iterations: 500]
[learning_rate: 0.03]
[num_leaves: 31]
[num_threads: 2]
[seed: 42]
[deterministic: 0]
[force_col_wise: 0]
[force_row_wise: 0]
[histogram_pool_size: -1]
[max_depth: -1]
[min_data_in_leaf: 20]
[min_sum_hessian_in_leaf: 0.001]
[bagging_fraction: 0.8]
[pos_bagging_fraction: 1]
[neg_bagging_fraction: 1]
[bagging_freq: 0]
[bagging_seed: 400]
[bagging_by_query: 0]
[feature_fraction: 0.8]
[feature_fraction_bynode: 1]
[feature_fraction_seed: 30056]
[extra_trees: 0]
[extra_seed: 12879]
[early_stopping_round: 0]
[early_stopping_min_delta: 0]
[first_metric_only: 0]
[max_delta_step: 0]
[lambda_l1: 0]
[lambda_l2: 0]
[linear_lambda: 0]
[min_gain_to_split: 0]
[drop_rate: 0.1]
[max_drop: 50]
[skip_drop: 0.5]
[xgboost_dart_mode: 0]
[uniform_drop: 0]
[drop_seed: 17869]
[top_rate: 0.2]
[other_rate: 0.1]
[min_data_per_group: 100]
[max_cat_threshold: 32]
[cat_l2: 10]
[cat_smooth: 10]
[max_cat_to_onehot: 4]
[top_k: 20]
[monotone_constraints: ]
[monotone_constraints_method: basic]
[monotone_penalty: 0]
[feature_contri: ]
[forcedsplits_filename: ]
[refit_decay_rate: 0.9]
[cegb_tradeoff: 1]
[cegb_penalty_split: 0]
[cegb_penalty_feature_lazy: ]
[cegb_penalty_feature_coupled: ]
[path_smooth: 0]
[interaction_constraints: ]
[verbosity: -1]
[saved_feature_importance_type: 0]
[use_quantized_grad: 0]
[num_grad_quant_bins: 4]
[quant_train_renew_leaf: 0]
[stochastic_rounding: 1]
[linear_tree: 0]
[max_bin: 255]
[max_bin_by_feature: ]
[min_data_in_bin: 3]
[bin_construct_sample_cnt: 200000]
[data_random_seed: 175]
[is_enable_sparse: 1]
[enable_bundle: 1]
[use_missing: 1]
[zero_as_missing: 0]
[feature_pre_filter: 1]
[pre_partition: 0]
[two_round: 0]
[header: 0]
[label_column: ]
[weight_column: ]
[group_column: ]
[ignore_column: ]
[categorical_feature: ]
[forcedbins_filename: ]
[precise_float_parser: 0]
[parser_config_file: ]
[objective_seed: 16083]
[num_class: 1]
[is_unbalance: 0]
[scale_pos_weight: 1]
[sigmoid: 1]
[boost_from_average: 1]
[reg_sqrt: 0]
[alpha: 0.9]
[fair_c: 1]
[poisson_max_delta_step: 0.7]
[tweedie_variance_power: 1.5]
[lambdarank_truncation_level: 30]
[lambdarank_norm: 1]
[label_gain: ]
[lambdarank_position_bias_regularization: 0]
[eval_at: ]
[multi_error_top_k: 1]
[auc_mu_weights: ]
[num_machines: 1]
[local_listen_port: 12400]
[time_out: 120]
[machine_list_filename: ]
[machines: ]
[gpu_platform_id: -1]
[gpu_device_id: -1]
[gpu_use_dp: 0]
[num_gpu: 1]

end of parameters

pandas_categorical:[]
