tree
version=v4
num_class=1
num_tree_per_iteration=1
label_index=0
max_feature_idx=60
objective=quantile
feature_names=PLANT_ID DC_POWER DAILY_YIELD TOTAL_YIELD hour minute day month day_of_week day_of_year hour_sin hour_cos day_sin day_cos temperature_2m relative_humidity_2m dew_point_2m cloud_cover cloud_cover_low cloud_cover_mid cloud_cover_high shortwave_radiation direct_radiation diffuse_radiation direct_normal_irradiance global_tilted_irradiance wind_speed_10m wind_direction_10m surface_pressure precipitation generation_lag_1 generation_lag_2 generation_lag_4 generation_lag_8 generation_lag_12 generation_lag_24 generation_lag_48 generation_lag_96 generation_rolling_mean_4 generation_rolling_mean_8 generation_rolling_mean_24 generation_rolling_std_24 generation_change_1 generation_change_4 temperature_2m_lag1 relative_humidity_2m_lag1 dew_point_2m_lag1 cloud_cover_lag1 cloud_cover_low_lag1 cloud_cover_mid_lag1 cloud_cover_high_lag1 shortwave_radiation_lag1 direct_radiation_lag1 diffuse_radiation_lag1 direct_normal_irradiance_lag1 global_tilted_irradiance_lag1 wind_speed_10m_lag1 wind_direction_10m_lag1 surface_pressure_lag1 precipitation_lag1 is_daytime
feature_infos=none [0:14413.42857] [0:9163] [6190002:7757913.7139999997] [0:23] [0:45] [1:31] [5:6] [0:6] [137:158] [-1:1] [-1:1] [0.41105375468703509:0.70672655557761577] [-0.91161110719302396:-0.7074868024503348] [25.199999999999999:34.600000000000001] [50:99] [20.800000000000001:26.5] [0:100] [0:100] [0:100] [0:100] [0:958] [0:789] [0:375] [0:795.29999999999995] [0:958] [1.3:58.600000000000001] [7:356] [987.20000000000005:1009.6] [0:32.700000000000003] [0:1405.3] [0:1405.3] [0:1405.3] [0:1405.3] [0:1405.3] [0:1405.3] [0:1405.3] [0:1405.3] [0:1274.8656249999999] [0:1243.16316975] [0:1100.1531002083334] [0:596.18673098771092] [-1031.22:742.03392899999994] [-1163.6199999999999:796.08750000000009] [25.199999999999999:34.600000000000001] [50:99] [20.800000000000001:26.5] [0:100] [0:100] [0:100] [0:100] [0:958] [0:789] [0:375] [0:795.29999999999995] [0:958] [1.3:58.600000000000001] [7:356] [987.20000000000005:1009.6] [0:32.700000000000003] [0:1]
tree_sizes=2374 2403 2328 2387 2402 2386 2439 2403 2428 2474 2425 2415 2460 2469 2549 2548 2473 2540 2536 2576 2544 2631 2598 2628 2606 2629 2575 2660 2654 2584 2684 2696 2645 2672 2669 2679 2652 2668 2686 2661 2669 2688 2706 2672 2707 2680 2729 2708 2698 2700 2732 2769 2764 2738 2758 2775 2769 2729 2609 2684 2782 2699 2721 2731 2758 2731 2740 2760 2681 2727 2697 2728 2795 2815 2792 2821 2808 2793 2821 2804 2841 2824 2817 2802 2809 2809 2797 2807 2820 2817 2803 2813 2796 2816 2810 2822 2822 2795 2820 2808 2836 2812 2832 2825 2827 2837 2843 2831 2806 2801 2808 2812 2795 2805 2812 2797 2808 2825 2812 2824 2822 2815 2780 2809 2797 2815 2786 2794 2816 2798 2805 2832 2820 2801 2799 2806 2806 2818 2826 2800 2806 2816 2802 2783 2819 2809 2786 2815 2814 2791 2782 2810 2809 2805 2803 2795 2781 2795 2815 2800 2809 2812 2810 2794 2779 2825 2803 2792 2781 2793 2784 2802 2824 2803 2832 2806 2816 2806 2786 2843 2822 2814 2816 2808 2776 2796 2794 2794 2817 2790 2800 2797 2811 2770 2805 2828 2784 2828 2779 2790 2823 2805 2833 2828 2803 2801 2820 2801 2792 2822 2799 2803 2820 2829 2800 2827 2796 2798 2817 2793 2799 2814 2835 2798 2834 2814 2836 2812 2837 2820 2819 2810 2830 2786 2821 2828 2829 2805 2828 2813 2806 2801 2817 2795 2797 2797 2780 2810 2849 2840 2823 2807 2796 2831 2823 2809 2839 2803 2815 2806 2821 2818 2800 2836 2850 2825 2844 2828 2810 2793 2795 2828 2836 2844 2810 2838 2832 2810 2827 2815 2799 2818 2832 2833 2836 2822 2827 2809 2826 2813 2827 2835 2850 2830 2821 2828 2814 2821 2829 2798 2829 2855 2813 2824 2835 2839 2804 2837 2840 2827 2869 2844 2840 2835 2822 2840 2843 2837 2825 2853 2851

Tree=0
num_leaves=31
num_cat=0
split_feature=1 9 8 9 6 57 17 49 6 6 4 44 27 57 44 10 9 56 15 1 17 35 1 36 31 10 1 4 1 1
split_gain=192.92 21.569 25.3812 19.469 33.9144 17.8483 22.9155 11.0704 8.10718 22.2662 22.815 7.77261 4.21372 3.98937 2.96309 2.462 5.18321 1.84506 0.756164 0.334615 0.292105 0.168 0.166942 0.044709 0.0415758 0.0433178 0.025 2.84217e-14 7.10543e-15 8.88178e-16
threshold=61.571428570000002 149.50000000000003 3.5000000000000004 141.50000000000003 18.500000000000004 310.50000000000006 7.5000000000000009 3.5000000000000004 26.500000000000004 28.500000000000004 10.500000000000002 29.050000000000004 250.00000000000003 259.50000000000006 29.050000000000004 -0.97335555334614932 145.50000000000003 9.6000000000000014 75.500000000000014 2711.5625000000005 5.5000000000000009 745.88750000000016 1725.6875000000002 257.67857145000005 1238.6660715000003 -0.93540483100319605 6199.3125000000009 22.500000000000004 8048.5000000000009 7638.4375000000009
decision_type=2 2 2 2 2 2 2 2 2 2 2 2 2 2 2 2 2 2 2 2 2 2 2 2 2 2 2 2 2 2
left_child=1 2 5 4 7 6 14 -2 15 10 26 12 -8 -4 20 16 -5 -7 -3 -6 -1 -14 -9 -15 25 -17 -10 -25 -12 -27
right_child=3 18 13 8 19 17 11 22 9 -11 28 -13 21 23 -16 24 -18 -19 -20 -21 -22 -23 -24 27 -26 29 -28 -29 -30 -31
leaf_value=0 0 0 0 0 0 0 0 0.1896750085417182 19.594027958057151 2.3039250953055714 0 0 5.8668000298006513 0 0 0.58162503762357021 0.40255714747501192 0 0 0 0 1.5984000708818442 5.0703749337446791 0 20.329714995809955 2.4345482979213862 0.34367144433451569 0 0 13.12807517855371
leaf_weight=37 28 20 26 21 20 61 30 20 20 149 40 24 105 20 20 22 38 20 345 58 20 20 101 149 21 232 20 20 20 214
leaf_count=37 28 20 26 21 20 61 30 20 20 149 40 24 105 20 20 22 38 20 345 58 20 20 101 149 21 232 20 20 20 214
internal_value=-0.0110185 -0.0210131 -0.0172717 -0.00206836 -0.00981938 -0.0121335 -0.00825 -0.00142953 0.000139272 -0.0043494 -0.0153 -0.00236313 9.67743e-05 -0.0253256 -0.0219351 0.00217883 -0.00361017 -0.0244074 -0.0266712 -0.0258462 -0.0254211 0.00252 0.00250413 -0.0268413 0.0028773 0.0029359 0.00225 -0.027 -0.027 0.003
internal_weight=1941 917 552 1024 227 337 256 149 797 249 100 179 155 215 77 548 59 81 365 78 57 125 121 189 489 468 40 169 60 446
internal_count=1941 917 552 1024 227 337 256 149 797 249 100 179 155 215 77 548 59 81 365 78 57 125 121 189 489 468 40 169 60 446
is_linear=0
shrinkage=0.03


Tree=1
num_leaves=31
num_cat=0
split_feature=1 9 57 9 6 10 6 37 26 49 6 6 10 56 58 10 9 15 35 26 26 1 14 10 31 10 1 1 1 1
split_gain=192.324 21.569 23.2578 19.9891 33.3573 19.9464 15.985 13.0447 12.1329 10.8098 8.10718 22.2662 22.815 4.9208 3.47903 2.462 5.18321 0.756164 0.455595 0.389189 0.37562 0.334615 0.164286 0.0443503 0.0415758 0.0433178 0.025 7.10543e-15 8.88178e-16 2.22045e-16
threshold=61.571428570000002 149.50000000000003 302.50000000000006 141.50000000000003 18.500000000000004 -0.47114434510950048 20.500000000000004 2.5928571430000003 4.5500000000000007 3.5000000000000004 26.500000000000004 28.500000000000004 0.29012925520284133 13.250000000000002 1004.6500000000002 -0.97335555334614932 145.50000000000003 75.500000000000014 260.79285715000009 7.6500000000000012 20.850000000000005 2711.5625000000005 29.450000000000003 0.88144907265856365 1238.6660715000003 -0.93540483100319605 6199.3125000000009 8048.5000000000009 7638.4375000000009 9225.4821430000029
decision_type=2 2 2 2 2 2 2 2 2 2 2 2 2 2 2 2 2 2 2 2 2 2 2 2 2 2 2 2 2 2
left_child=1 2 5 4 9 6 13 8 -7 -2 15 12 27 -1 -4 16 -5 -3 19 -10 29 -6 -8 -16 25 -17 -14 -12 -27 -11
right_child=3 17 14 10 21 7 22 -9 18 20 11 -13 26 -15 23 24 -18 -19 -20 -21 -22 -23 -24 -25 -26 28 -28 -29 -30 -31
leaf_value=2.738672943433738 0 0 0 0 0 0 0 0 0 3.5798888409348391 0 2.2348073424464046 19.006207119315434 0 0 0.56417628649486318 0.39048043305076158 0 0 4.9769999371596709 -0.0011191429430922597 0 0 0 19.719823545935657 2.3615118489837448 0.33336130100448019 0 12.734232923197098 14.432131955373704
leaf_weight=31 28 20 29 21 20 22 92 22 30 81 40 149 20 28 157 22 38 345 20 81 20 58 20 20 21 232 20 20 214 20
leaf_count=31 28 20 29 21 20 22 92 22 30 81 40 149 20 28 157 22 38 345 20 81 20 58 20 20 21 232 20 20 214 20
internal_value=-0.011034 -0.0210131 -0.0172717 -0.00209766 -0.00995154 -0.0125202 -0.019807 -0.0054 -0.00229412 -0.00163087 0.000139272 -0.0043494 -0.0153 -0.00716949 -0.0252524 0.00217883 -0.00361017 -0.0266712 0.00116794 0.00191892 0.0022562 -0.0258462 -0.0264643 -0.0268305 0.0028773 0.0029359 0.00225 -0.027 0.003 0.003
internal_weight=1941 917 552 1024 227 346 171 175 153 149 797 249 100 59 206 548 59 365 131 111 121 78 112 177 489 468 40 60 446 101
internal_count=1941 917 552 1024 227 346 171 175 153 149 797 249 100 59 206 548 59 365 131 111 121 78 112 177 489 468 40 60 446 101
is_linear=0
shrinkage=0.03


Tree=2
num_leaves=31
num_cat=0
split_feature=1 9 8 9 9 57 17 19 44 9 9 4 4 27 57 44 58 15 1 1 17 2 30 36 1 2 3 1 3 1
split_gain=192.324 21.569 25.3812 19.9891 33.3573 17.8483 22.9155 9.85863 7.77261 7.17836 23.4628 22.815 4.62144 4.21372 3.98937 2.96309 1.72839 0.756164 0.37437 0.334615 0.292105 0.168 0.047543 0.044709 0.025 2.84217e-14 1.42109e-14 7.10543e-15 7.10543e-15 4.44089e-16
threshold=61.571428570000002 149.50000000000003 3.5000000000000004 141.50000000000003 139.50000000000003 310.50000000000006 7.5000000000000009 3.5000000000000004 29.050000000000004 149.50000000000003 147.50000000000003 10.500000000000002 16.500000000000004 250.00000000000003 259.50000000000006 29.050000000000004 1004.6500000000002 75.500000000000014 1686.6428575000002 2711.5625000000005 5.5000000000000009 6931.5267855000011 1174.6544645000001 257.67857145000005 6199.3125000000009 6658.5000000000009 6375597.9465000005 8048.5000000000009 6595196.5000000009 12426.223215000002
decision_type=2 2 2 2 2 2 2 2 2 2 2 2 2 2 2 2 2 2 2 2 2 2 2 2 2 2 2 2 2 2
left_child=1 2 5 4 7 6 15 -2 13 10 12 24 29 -8 -4 20 -7 -3 -9 -6 -1 -15 -11 -16 -12 26 -25 -13 -18 -5
right_child=3 17 14 9 19 16 8 18 -10 22 11 27 -14 21 23 -17 28 -19 -20 -21 -22 -23 -24 25 -26 -27 -28 -29 -30 -31
leaf_value=0 0 0 0 5.8142147102093897 0 0 0 -0.00056566743664290104 0 1.8519226242475173 18.436020905735969 0 0 5.6907960289066315 0 0 0 0 5.0399491593543395 0 0 1.4682878804523769 12.165573475611062 0 0.32336046197434581 0 0 0 0 19.90013115354401
leaf_weight=37 30 20 26 232 20 21 30 20 24 387 20 40 37 105 20 20 37 345 99 58 20 20 20 51 20 78 40 20 23 21
leaf_count=37 30 20 26 232 20 21 30 20 24 387 20 40 37 105 20 20 37 345 99 58 20 20 20 51 20 78 40 20 23 21
internal_value=-0.011034 -0.0210131 -0.0172717 -0.00209766 -0.00995154 -0.0121335 -0.00825 -0.00163087 -0.00236313 0.000139272 -0.00276923 -0.0153 0.00155172 9.67743e-05 -0.0253256 -0.0219351 -0.0244074 -0.0266712 0.0022437 -0.0258462 -0.0254211 0.00252 0.00292629 -0.0268413 0.00225 -0.027 -0.027 -0.027 -0.027 0.003
internal_weight=1941 917 552 1024 227 337 256 149 179 797 390 100 290 155 215 77 81 365 119 78 57 125 407 189 40 169 91 60 60 253
internal_count=1941 917 552 1024 227 337 256 149 179 797 390 100 290 155 215 77 81 365 119 78 57 125 407 189 40 169 91 60 60 253
is_linear=0
shrinkage=0.03


Tree=3
num_leaves=31
num_cat=0
split_feature=1 9 8 9 6 57 17 19 6 6 34 56 27 57 1 22 26 56 15 1 15 3 1 1 31 36 15 1 3 1
split_gain=192.99 21.3202 25.0398 19.3221 33.9144 17.5903 22.5247 10.1186 7.97178 22.2662 22.8061 5.93299 4.01235 3.98937 2.32182 4.11165 2.31969 1.84506 0.756164 0.334615 0.316924 0.283333 0.166387 0.0863158 0.0453869 0.044709 0.033871 0.025 2.84217e-14 8.88178e-16
threshold=61.571428570000002 149.50000000000003 3.5000000000000004 141.50000000000003 18.500000000000004 310.50000000000006 7.5000000000000009 3.5000000000000004 26.500000000000004 28.500000000000004 365.14464285000003 13.050000000000002 250.00000000000003 259.50000000000006 791.07142855000018 71.000000000000014 13.750000000000002 9.6000000000000014 75.500000000000014 2711.5625000000005 78.500000000000014 6405398.0000000009 1686.6428575000002 1686.6428575000002 1238.6660715000003 257.67857145000005 57.500000000000007 396.07142855000006 6321504.0715000005 10542.169645000002
decision_type=2 2 2 2 2 2 2 2 2 2 2 2 2 2 2 2 2 2 2 2 2 2 2 2 2 2 2 2 2 2
left_child=1 2 5 4 7 6 16 -2 14 10 -10 12 -8 -4 15 27 21 -7 -3 -6 -14 -1 -9 -16 29 -15 -12 -5 -27 -25
right_child=3 18 13 8 19 17 11 22 9 -11 26 -13 20 25 23 -17 -18 -19 -20 -21 -22 -23 -24 24 -26 28 -28 -29 -30 -31
leaf_value=0 0 0 0 0.021521236480588613 0 0 0 -0.00054869741354361397 2.4635454586461494 2.1122054434455868 0 0 -0.042695001060902307 0 0.56927147214439366 0 0 0 0 0 6.078559666687668 0 4.8887506845737096 5.9317505801403287 18.531224921087624 0 0 0.7910268539680525 0 14.825331904281072
leaf_weight=20 30 20 26 20 20 61 30 20 38 149 20 28 23 20 39 21 23 20 345 58 98 34 99 344 21 67 42 20 102 83
leaf_count=20 30 20 26 20 20 61 30 20 38 149 20 28 23 20 39 21 23 20 345 58 98 34 99 344 21 67 42 20 102 83
internal_value=-0.0110495 -0.0210458 -0.0173261 -0.00209766 -0.00981938 -0.0122226 -0.00836719 -0.00142953 0.000101631 -0.0043494 -0.0153 -0.00253073 -0.000178808 -0.0253256 0.00212409 -0.00339344 -0.0219351 -0.0244074 -0.0266712 -0.0258462 0.0022562 -0.0253333 0.0024958 0.0028152 0.00293304 -0.0268413 -0.0265161 0.00225 -0.027 0.003
internal_weight=1941 917 552 1024 227 337 256 149 797 249 100 179 151 215 548 61 77 81 365 78 121 54 119 487 448 189 62 40 169 427
internal_count=1941 917 552 1024 227 337 256 149 797 249 100 179 151 215 548 61 77 81 365 78 121 54 119 487 448 189 62 40 169 427
is_linear=0
shrinkage=0.03


Tree=4
num_leaves=31
num_cat=0
split_feature=1 9 8 9 9 57 17 19 44 9 9 4 10 27 57 44 56 15 1 1 17 11 1 31 10 1 1 1 1 2
split_gain=191.798 21.3202 25.0398 19.03 33.9144 17.5903 22.5247 10.1186 7.60948 6.63177 23.4628 22.815 4.77961 4.05372 3.98937 2.96309 1.84506 0.756164 0.413272 0.334615 0.292105 0.218323 0.166387 0.047416 0.042328 0.0415935 0.025 7.10543e-15 4.44089e-16 1.11022e-16
threshold=61.571428570000002 149.50000000000003 3.5000000000000004 141.50000000000003 139.50000000000003 310.50000000000006 7.5000000000000009 3.5000000000000004 29.050000000000004 149.50000000000003 147.50000000000003 10.500000000000002 -0.97335555334614932 250.00000000000003 259.50000000000006 29.050000000000004 9.6000000000000014 75.500000000000014 344.75000000000006 2711.5625000000005 5.5000000000000009 0.55557023301960229 1686.6428575000002 1174.6544645000001 0.81241147629689026 1686.6428575000002 6199.3125000000009 8048.5000000000009 11766.125000000002 5497.4285715000015
decision_type=2 2 2 2 2 2 2 2 2 2 2 2 2 2 2 2 2 2 2 2 2 2 2 2 2 2 2 2 2 2
left_child=1 2 5 4 7 6 15 -2 13 10 12 26 -5 -8 -4 20 -7 -3 -11 -6 -1 -15 -9 28 -16 -14 -12 -13 -20 -23
right_child=3 17 14 9 19 16 8 22 -10 18 11 27 25 21 24 -17 -18 -19 23 -21 -22 29 -24 -25 -26 -27 -28 -29 -30 -31
leaf_value=0 0 0 0 0 0 0 0 -0.00053223649113730558 0 -0.001903592619494318 17.809033914804509 0 0.16238048468386221 0.29595730736292858 0 0 0 0 2.6957677509344578 0 0 6.1875402939003097 4.7420881640364989 14.571703704101985 0 8.6142217977374216 0.2471439186392172 0 16.237510554843791 6.8259109625086074
leaf_weight=37 30 20 26 31 20 61 30 20 24 20 20 40 22 31 168 20 20 345 344 58 20 71 99 20 21 237 20 20 23 23
leaf_count=37 30 20 26 31 20 61 30 20 24 20 20 40 22 31 168 20 20 345 344 58 20 71 99 20 21 237 20 20 23 23
internal_value=-0.0110804 -0.0210458 -0.0173261 -0.00215625 -0.00981938 -0.0122226 -0.00836719 -0.00142953 -0.00253073 2.63489e-05 -0.00276923 -0.0153 0.00155172 -9.67741e-05 -0.0253256 -0.0219351 -0.0244074 -0.0266712 0.00270516 -0.0258462 -0.0254211 0.00228 0.0024958 0.00292248 -0.0268413 0.00288417 0.00225 -0.027 0.003 0.003
internal_weight=1941 917 552 1024 227 337 256 149 179 797 390 100 290 155 215 77 81 365 407 78 57 125 119 387 189 259 40 60 367 94
internal_count=1941 917 552 1024 227 337 256 149 179 797 390 100 290 155 215 77 81 365 407 78 57 125 119 387 189 259 40 60 367 94
is_linear=0
shrinkage=0.03


Tree=5
num_leaves=31
num_cat=0
split_feature=1 9 8 9 9 27 17 19 14 9 9 4 4 27 27 58 14 15 15 1 1 11 36 1 30 1 1 1 4 1
split_gain=191.204 21.3202 25.0398 18.8847 33.9144 16.91 21.7837 10.1186 7.24196 6.81946 23.1756 22.815 4.52539 4.38587 2.92305 2.1286 2.11606 0.756164 0.673016 0.413272 0.334615 0.276923 0.17861 0.166387 0.047416 0.0395257 0.025 7.10543e-15 7.10543e-15 4.44089e-16
threshold=61.571428570000002 149.50000000000003 3.5000000000000004 141.50000000000003 139.50000000000003 310.50000000000006 7.5000000000000009 3.5000000000000004 29.050000000000004 149.50000000000003 147.50000000000003 10.500000000000002 16.500000000000004 250.00000000000003 259.50000000000006 1004.6500000000002 28.950000000000003 75.500000000000014 78.500000000000014 344.75000000000006 2711.5625000000005 0.72947329433276265 257.67857145000005 1686.6428575000002 1174.6544645000001 2029.6428570000003 6199.3125000000009 8048.5000000000009 2.5000000000000004 11646.901785000002
decision_type=2 2 2 2 2 2 2 2 2 2 2 2 2 2 2 2 2 2 2 2 2 2 2 2 2 2 2 2 2 2
left_child=1 2 5 4 7 6 16 -2 13 10 12 26 25 -8 -4 -7 21 -3 -15 -11 -6 -1 -16 -9 29 -5 -12 -13 -17 -21
right_child=3 17 14 9 20 15 8 23 -10 19 11 27 -14 18 22 28 -18 -19 -20 24 -22 -23 -24 -25 -26 -27 -28 -29 -30 -31
leaf_value=0 0 0 0 0.77602086278900628 0 0 0 -0.0005162693964031864 0 -0.0018464848409095113 17.274762897360372 0 0 -0.13934803727777639 0 0 0 0 5.968184460076813 2.6148947184064246 0 0 0 4.5998255191154032 11.470017980657312 9.3464528177514534 0.23972960108004068 0 0 17.167268368596517
leaf_weight=32 30 20 28 23 20 22 31 20 22 20 20 40 37 20 20 36 24 345 106 344 58 20 167 99 20 230 20 20 24 23
leaf_count=32 30 20 28 23 20 22 31 20 22 20 20 40 37 20 20 36 24 345 106 344 58 20 167 99 20 230 20 20 24 23
internal_value=-0.0110958 -0.0210458 -0.0173261 -0.00218555 -0.00981938 -0.0122226 -0.00841176 -0.00142953 -0.00269832 -1.12922e-05 -0.00284615 -0.0153 0.00144828 -0.00043949 -0.0253256 -0.0240732 -0.0218684 -0.0266712 0.00204762 0.00270516 -0.0258462 -0.0252692 -0.0266791 0.0024958 0.00292248 0.00288142 0.00225 -0.027 -0.027 0.003
internal_weight=1941 917 552 1024 227 337 255 149 179 797 390 100 290 157 215 82 76 365 126 407 78 52 187 119 387 253 40 60 60 367
internal_count=1941 917 552 1024 227 337 255 149 179 797 390 100 290 157 215 82 76 365 126 407 78 52 187 119 387 253 40 60 60 367
is_linear=0
shrinkage=0.03


Tree=6
num_leaves=31
num_cat=0
split_feature=11 12 8 12 6 27 17 49 6 6 4 14 27 10 44 21 58 10 12 10 15 11 10 10 10 12 20 30 6 3
split_gain=189.897 20.0987 24.913 19.3776 32.4067 16.5928 21.8398 9.49734 8.54928 21.2971 22.815 8.46506 4.7522 3.83023 2.93703 2.31685 2.2575 2.18111 4.58182 0.941358 0.378571 0.328656 0.289286 0.173154 0.157712 0.0747863 0.116667 0.0401961 0.025 5.68434e-14
threshold=0.065403129230142756 0.53946920585801694 3.5000000000000004 0.64987354830121502 18.500000000000004 310.50000000000006 7.5000000000000009 3.5000000000000004 26.500000000000004 28.500000000000004 10.500000000000002 29.050000000000004 250.00000000000003 0.88144907265856365 29.050000000000004 17.500000000000004 1004.6500000000002 -0.97335555334614932 0.59608197715088396 -0.55557023301960229 78.500000000000014 -0.32143946530316164 -0.68322629814330782 0.91037613702198772 -0.93540483100319605 0.43442111757849838 9.0000000000000018 934.03482145000009 27.500000000000004 7301500.1430000011
decision_type=2 2 2 2 2 2 2 2 2 2 2 2 2 2 2 2 2 2 2 2 2 2 2 2 2 2 2 2 2 2
left_child=3 15 5 8 7 6 14 -5 17 10 28 12 -8 -4 22 29 -7 18 -1 -6 -14 27 -3 -11 -19 26 -26 -9 -10 -2
right_child=1 2 13 4 19 16 11 21 9 23 -12 -13 20 -15 -16 -17 -18 24 -20 -21 -22 -23 -24 -25 25 -27 -28 -29 -30 -31
leaf_value=0.58761392637179988 0 0 0 0 0 0 0 4.3217753696204451 1.0358863741189044 3.7910801053143195 0 0 -0.13516759615944307 0 0 0 0 0.12855146149454022 0 0 5.789138926274509 -0.00055917882626678927 0 0.73126261376678192 5.4288632215172719 5.0270135539255065 0.10508453850733175 9.2418060935157538 1.7314471964550167 0
leaf_weight=35 300 36 183 28 20 21 30 82 20 129 60 20 20 32 20 20 60 22 20 61 106 20 20 20 28 420 20 20 20 48
leaf_count=35 300 36 183 28 20 21 30 82 20 129 60 20 20 32 20 20 60 22 20 61 106 20 20 20 28 420 20 20 20 48
internal_value=-0.0110804 -0.0210065 -0.017365 -0.00220976 -0.00985714 -0.0122252 -0.00842857 -0.0016 1.51135e-05 -0.00459036 -0.0153 -0.002625 -0.000269231 -0.0253256 -0.0218684 -0.0264293 -0.024037 0.00211927 -0.00354545 -0.0251481 0.00228571 0.00201639 -0.0253929 0.00259732 0.0027551 0.00287179 0.00175 0.00270588 0.00225 -0.027
internal_weight=1941 916 548 1025 231 333 252 150 794 249 100 176 156 215 76 368 81 545 55 81 126 122 56 149 490 468 48 102 40 348
internal_count=1941 916 548 1025 231 333 252 150 794 249 100 176 156 215 76 368 81 545 55 81 126 122 56 149 490 468 48 102 40 348
is_linear=0
shrinkage=0.03


Tree=7
num_leaves=31
num_cat=0
split_feature=11 12 8 12 6 57 17 19 14 6 6 10 27 57 11 44 25 56 10 12 2 15 17 10 2 31 36 2 3 3
split_gain=186.952 20.0987 24.913 18.0031 32.9595 17.2706 22.5861 10.14 8.62284 8.15948 22.017 23.56 4.25743 4.1755 3.32278 2.96309 2.31685 1.8375 1.29886 4.19048 0.941358 0.379134 0.292105 0.173154 0.166667 0.0453819 0.0447368 5.68434e-14 2.84217e-14 7.10543e-15
threshold=0.065403129230142756 0.53946920585801694 3.5000000000000004 0.64987354830121502 18.500000000000004 310.50000000000006 7.5000000000000009 3.5000000000000004 29.050000000000004 26.500000000000004 28.500000000000004 0.35206144883412577 250.00000000000003 259.50000000000006 1.0000000180025095e-35 29.050000000000004 17.500000000000004 9.6000000000000014 -0.9103761370219875 0.60980454008255491 5627.3035715000015 78.500000000000014 5.5000000000000009 0.91037613702198772 5687.8750000000009 1238.6660715000003 230.04821430000001 7915.5000000000009 7222786.7145000007 6595196.5000000009
decision_type=2 2 2 2 2 2 2 2 2 2 2 2 2 2 2 2 2 2 2 2 2 2 2 2 2 2 2 2 2 2
left_child=3 16 5 9 7 6 15 -5 12 14 11 -11 -8 -4 18 22 27 29 19 -1 -6 -14 -3 -12 -9 -20 -15 -2 -28 -7
right_child=1 2 13 4 20 17 8 24 -10 10 23 -13 21 26 -16 -17 -18 -19 25 -21 -22 -23 -24 -25 -26 -27 28 -29 -30 -31
leaf_value=1.2611529222527529 0 0 0 0 0 0 0 2.7465729204433043 0 0 3.6773477021548904 2.3376962518210727 -0.13111256827465972 0 -0.083916322860912509 0 0 0 5.1529717150860801 -0.060180140988697228 0 5.5780116804122075 0 0.70932473535377838 -0.00049910377850723793 17.28565752906464 0 0 0 0
leaf_weight=56 314 37 25 30 61 39 29 100 20 62 129 38 20 20 21 20 20 20 426 21 20 107 20 20 20 21 149 34 21 21
leaf_count=56 314 37 25 30 61 39 29 100 20 62 129 38 20 20 21 20 20 20 426 21 20 107 20 20 20 21 149 34 21 21
internal_value=-0.0111577 -0.0210065 -0.017365 -0.0023561 -0.00972727 -0.0122252 -0.0083834 -0.0014 -0.00245455 -0.000211587 -0.00471084 -0.0156 -7.6923e-05 -0.0253256 0.00184404 -0.0219351 -0.0264293 -0.024375 0.00231298 -0.00128571 -0.0251481 0.00229134 -0.0254211 0.00259732 0.0025 0.00293289 -0.0268421 -0.027 -0.027 -0.027
internal_weight=1941 916 548 1025 231 333 253 150 176 794 249 100 156 215 545 77 368 80 524 77 81 127 57 149 120 447 190 348 170 60
internal_count=1941 916 548 1025 231 333 253 150 176 794 249 100 156 215 545 77 368 80 524 77 81 127 57 149 120 447 190 348 170 60
is_linear=0
shrinkage=0.03


Tree=8
num_leaves=31
num_cat=0
split_feature=11 12 6 12 8 6 6 10 49 6 6 10 49 11 10 21 58 10 10 26 11 10 14 10 35 31 30 3 3 3
split_gain=192.27 20.6492 31.8586 20.0987 24.913 14.441 16.4486 19.5349 11.305 9.73656 22.017 23.56 9.25777 3.85 3.83023 2.31685 1.27664 1.11413 0.941358 0.604886 0.35 0.173154 0.156989 0.136487 0.618182 0.0453307 0.0401961 5.68434e-14 2.84217e-14 7.10543e-15
threshold=0.065403129230142756 0.64987354830121502 18.500000000000004 0.53946920585801694 3.5000000000000004 20.500000000000004 26.500000000000004 -0.47114434510950048 13.500000000000002 26.500000000000004 28.500000000000004 0.35206144883412577 3.5000000000000004 0.32143946530316164 0.88144907265856365 17.500000000000004 1008.0500000000001 0.9946518923062071 -0.55557023301960229 20.850000000000005 0.55557023301960229 0.91037613702198772 28.850000000000005 -0.9103761370219875 902.08125000000007 1238.6660715000003 156.64553570000001 7301500.1430000011 7222786.7145000007 6345689.8305000011
decision_type=2 2 2 2 2 2 2 2 2 2 2 2 2 2 2 2 2 2 2 2 2 2 2 2 2 2 2 2 2 2
left_child=1 9 12 15 5 8 16 -8 13 17 11 -11 -3 -5 28 27 22 23 -4 26 -15 -12 29 24 -1 -25 -14 -2 -6 -7
right_child=3 2 18 4 14 6 7 -9 -10 10 21 -13 19 20 -16 -17 -18 -19 -20 -21 -22 -23 -24 25 -26 -27 -28 -29 -30 -31
leaf_value=-0.061017294094392667 0 0 0 0 0 0 0 5.1885470874707966 0 0 3.5670272710902435 2.26756536426644 0.041672559503558193 -0.0169589801966115 0 0 0 -0.085810502660204818 0 -0.0068887795614236023 6.487443581915378 0.68804499329316515 0 6.3624565383620704 0.0023038641200704688 16.767087803192702 4.2922305053342136 0 0 0
leaf_weight=20 300 28 20 22 157 22 30 56 22 62 129 38 20 20 32 20 20 20 61 20 70 20 20 416 68 21 82 48 26 51
leaf_count=20 300 28 20 22 157 22 30 56 22 62 129 38 20 20 32 20 20 20 61 20 70 20 20 416 68 21 82 48 26 51
internal_value=-0.0110185 -0.00209268 -0.00998701 -0.0210065 -0.017365 -0.0122252 -0.0173518 -0.00746512 -0.00461194 0.00020403 -0.00471084 -0.0156 -0.0018 -0.00075 -0.0253256 -0.0264293 -0.0248761 0.00244954 -0.0251481 0.00177049 0.002 0.00259732 -0.0263548 0.00271429 0.00163636 0.00293135 0.00270588 -0.027 -0.027 -0.027
internal_weight=1941 1025 231 916 548 333 199 86 134 794 249 100 150 112 215 368 113 545 81 122 90 149 93 525 88 437 102 348 183 73
internal_count=1941 1025 231 916 548 333 199 86 134 794 249 100 150 112 215 368 113 545 81 122 90 149 93 525 88 437 102 348 183 73
is_linear=0
shrinkage=0.03


Tree=9
num_leaves=31
num_cat=0
split_feature=60 12 8 12 6 57 17 19 6 6 10 27 4 4 5 57 2 56 19 2 38 26 15 10 2 31 10 2 5 17
split_gain=181.185 22.5607 24.436 19.3921 29.9797 18.3469 22.6191 9.50473 9.26452 22.5826 24.1154 5.05396 5.24802 4.81715 5.81818 4.14312 1.87353 1.8375 1.77127 1.1085 1.08871 0.905295 0.867658 0.195011 0.557576 0.0453307 0.0420635 0.040099 0.0261905 5.68434e-14
threshold=1.0000000180025095e-35 0.53946920585801694 3.5000000000000004 0.64987354830121502 18.500000000000004 310.50000000000006 7.5000000000000009 3.5000000000000004 26.500000000000004 28.500000000000004 0.35206144883412577 258.50000000000006 3.5000000000000004 17.500000000000004 22.500000000000004 259.50000000000006 6013.8333335000016 9.6000000000000014 1.0000000180025095e-35 14.071428570000002 88.240401783750016 20.850000000000005 78.500000000000014 -0.9103761370219875 7360.6875000000009 1238.6660715000003 0.81241147629689026 189.71428575000002 22.500000000000004 80.500000000000014
decision_type=2 2 2 2 2 2 2 2 2 2 2 2 2 2 2 2 2 2 2 2 2 2 2 2 2 2 2 2 2 2
left_child=1 29 5 8 7 6 18 -5 13 10 -10 12 -8 19 -15 -4 -6 -7 -3 -2 -11 27 -13 24 -21 -25 -17 -9 -20 -1
right_child=3 2 15 4 16 17 11 21 9 20 -12 22 -14 14 -16 26 -18 -19 28 23 -22 -23 -24 25 -26 -27 -28 -29 -30 -31
leaf_value=0 -0.083236187580398663 0 0 0 0 0 9.8290018397944365 0.040422382718451444 0 -0.0064582253383194364 2.1995384033384471 -0.09797351381855593 0 0.002448373762225261 0 0 0 0 0 -0.059186775271560882 3.2419747982638754 -0.0053533778212979423 4.7796281771961313 6.1715828422112082 0.57712743151868784 16.26407516909692 0 4.1628421759803569 0 0
leaf_weight=150 20 25 25 34 65 60 20 20 66 20 38 23 36 22 22 159 20 20 22 20 135 21 91 416 46 21 21 81 20 202
leaf_count=150 20 25 25 34 65 60 20 20 66 20 38 23 36 22 22 159 20 20 22 20 135 21 91 416 46 21 21 81 20 202
internal_value=-0.0110031 -0.0211304 -0.0171724 -0.00270759 -0.010195 -0.0119527 -0.00775949 -0.00238462 -0.000523002 -0.00522394 -0.0160385 -0.00194118 -0.00932143 0.00162434 -0.00790909 -0.0252439 -0.0245294 -0.024375 -0.0225224 0.00242639 0.00203226 0.00152459 0.00168421 0.00270179 0.00118182 0.00293135 -0.0268333 0.00270297 -0.0262857 -0.027
internal_weight=1941 874 522 1067 241 317 237 156 826 259 104 170 56 567 44 205 85 80 67 523 155 122 114 503 66 437 180 101 42 352
internal_count=1941 874 522 1067 241 317 237 156 826 259 104 170 56 567 44 205 85 80 67 523 155 122 114 503 66 437 180 101 42 352
is_linear=0
shrinkage=0.03


Tree=10
num_leaves=31
num_cat=0
split_feature=11 12 8 12 12 57 19 19 57 12 10 12 54 8 12 10 11 11 30 36 2 30 37 17 2 10 10 14 14 10
split_gain=185.293 22.1753 27.942 20.0413 31.8586 12.7125 9.62667 8.74084 10.0066 9.48388 12.9723 12.7267 5.61623 12.2232 29.2571 3.09878 2.40662 2.28735 1.06831 0.980392 0.941358 0.342857 0.326667 0.300401 0.3 0.150617 0.129825 0.0472752 0.044186 0.0412281
threshold=0.065403129230142756 0.64987354830121502 4.5000000000000009 0.64987354830121502 0.67563126931585993 310.50000000000006 3.5000000000000004 2.5000000000000004 302.50000000000006 0.53946920585801694 -0.47114434510950048 0.58218302397213695 522.95000000000016 3.5000000000000004 0.56811179347017271 0.84874750804349197 1.0000000180025095e-35 0.13052619222005149 312.25803570000005 122.85625 5627.3035715000015 503.98750000000007 59.850000000000009 14.500000000000002 4757.8482145000007 -0.72947329433276231 -0.47114434510950048 29.350000000000005 30.950000000000003 -0.3520614488341256
decision_type=2 2 2 2 2 2 2 2 2 2 2 2 2 2 2 2 2 2 2 2 2 2 2 2 2 2 2 2 2 2
left_child=3 7 5 12 20 19 -6 8 9 26 -11 -12 16 14 24 -13 23 -9 -15 -3 -5 -16 -8 -1 -14 -4 -2 -19 -20 -10
right_child=1 2 25 4 6 -7 22 17 29 10 11 15 13 18 21 -17 -18 27 28 -21 -22 -23 -24 -25 -26 -27 -28 -29 -30 -31
leaf_value=0.0011639860321355812 0 -0.047811072119980529 0 0 0 0 -0.0051927766462021002 0 0 0 2.1935567840839489 0 0 -0.057411172013414051 -0.015577534639501832 0 -0.077672828884086345 0 1.6234766079124772 4.8392803489209326 0 9.805993205177268 4.0846902545344692 2.2841808304581295 0 0 0 0 4.9681321764406849 0
leaf_weight=28 20 27 20 61 30 32 20 20 20 39 63 21 20 20 20 20 30 347 20 75 20 64 100 400 40 61 37 20 152 94
leaf_count=28 20 27 20 61 30 32 20 20 20 39 63 21 20 20 20 20 30 347 20 75 20 64 100 400 40 61 37 20 152 94
internal_value=-0.0109722 -0.0207773 -0.0123488 -0.00220976 -0.00998701 -0.0039403 -0.0018 -0.0233623 -0.0196433 -0.0156 -0.0114755 -0.00594231 5.28968e-05 -0.00289286 -0.0095 -0.0189512 0.00221397 -0.0263798 0.0020625 0.00123529 -0.0251481 0.00192857 0.002 0.00278972 -0.0255 -0.0262593 -0.0259474 -0.0269183 0.00282558 -0.0267368
internal_weight=1941 916 215 1025 231 134 150 701 314 200 143 104 794 336 144 41 458 387 192 102 81 84 120 428 60 81 57 367 172 114
internal_count=1941 916 215 1025 231 134 150 701 314 200 143 104 794 336 144 41 458 387 192 102 81 84 120 428 60 81 57 367 172 114
is_linear=0
shrinkage=0.03


Tree=11
num_leaves=31
num_cat=0
split_feature=1 9 6 9 49 57 49 57 44 56 6 6 10 58 37 56 30 10 36 4 10 9 57 58 57 36 36 36 1 31
split_gain=185.158 24.3286 28.3014 20.3615 32.191 14.1167 8.93959 9.86708 10.2945 8.70101 8.42141 21.3659 22.0645 6.43363 3.19872 3.23438 2.95872 2.46437 1.79318 1.10769 0.787058 2.24341 0.427149 0.411373 0.399343 0.313636 0.171208 0.165217 0.135484 0.0453359
threshold=131.50000000000003 141.50000000000003 17.500000000000004 141.50000000000003 3.5000000000000004 310.50000000000006 2.5000000000000004 302.50000000000006 28.650000000000002 7.8500000000000005 26.500000000000004 28.500000000000004 0.35206144883412577 1003.85 2.5928571430000003 4.5500000000000007 1.0000000180025095e-35 -0.88144907265856332 320.68660715000004 4.5000000000000009 -0.88144907265856332 144.50000000000003 303.50000000000006 1005.4500000000002 267.50000000000006 1026.2446430000002 118.24910715000001 356.12678570000008 4451.8571430000011 1238.6660715000003
decision_type=2 2 2 2 2 2 2 2 2 2 2 2 2 2 2 2 2 2 2 2 2 2 2 2 2 2 2 2 2 2
left_child=1 2 22 4 17 24 7 8 9 14 20 12 28 -6 15 -3 26 -2 -10 -11 21 -5 -1 -15 -4 -20 -8 -9 -12 -22
right_child=3 6 5 10 13 -7 16 27 18 19 11 -13 -14 23 -16 -17 -18 -19 25 -21 29 -23 -24 -25 -26 -27 -28 -29 -30 -31
leaf_value=0 0 0 -0.023618667015463276 -0.068901620651039913 0 0 -0.084911918767762662 -0.0030134236846758025 0 10.032999845487678 -3.4919571077563641e-06 1.962055910583917 2.1129946275422715 0 0 0 0 0 0 0 4.8029668822121563 0.49389319119686026 0 3.3768517134832856 1.4263848230960277 0 0 0 0 15.481973124593717
leaf_weight=26 20 20 29 25 20 35 22 20 21 32 20 146 38 29 20 21 20 67 46 20 417 74 59 85 76 20 355 95 42 21
leaf_count=26 20 20 29 25 20 35 22 20 21 32 20 146 38 29 20 21 20 67 46 20 417 74 59 85 76 20 355 95 42 21
internal_value=-0.0109413 -0.0205326 -0.0119333 -0.00199004 -0.0100317 -0.00364286 -0.02325 -0.0194762 -0.01545 -0.00947788 0.000279694 -0.00431707 -0.015 -0.00080597 -0.0171639 -0.0123659 -0.0262443 -0.0242414 -0.0232069 -0.000461538 0.00238547 -3.03029e-05 -0.0255882 0.00194737 0.00185714 -0.0256364 -0.0268408 -0.0264783 -0.0260323 0.00293151
internal_weight=1941 937 225 1004 221 140 712 315 200 113 783 246 100 134 61 41 397 87 87 52 537 99 85 114 105 66 377 115 62 438
internal_count=1941 937 225 1004 221 140 712 315 200 113 783 246 100 134 61 41 397 87 87 52 537 99 85 114 105 66 377 115 62 438
is_linear=0
shrinkage=0.03


Tree=12
num_leaves=31
num_cat=0
split_feature=11 9 9 9 8 27 17 44 28 51 26 2 10 10 27 46 9 9 52 1 1 1 1 10 36 36 35 20 4 10
split_gain=181.246 23.1284 29.4017 18.0424 25.4795 13.4956 19.2955 8.70735 7.97468 7.5531 5.22879 4.74113 4.15385 4.12569 3.54922 3.22215 4.97584 13.8776 8.50256 3.41719 2.33997 1.85964 0.681818 0.40082 0.376229 0.372243 0.421875 0.355856 0.275858 0.124528
threshold=0.097964660725097227 141.50000000000003 139.50000000000003 149.50000000000003 3.5000000000000004 310.50000000000006 7.5000000000000009 29.050000000000004 1004.1500000000002 19.500000000000004 13.750000000000002 5851.7678570000007 0.81241147629689026 0.88144907265856365 250.00000000000003 23.950000000000003 149.50000000000003 147.50000000000003 446.50000000000006 4408.0803570000007 131.50000000000003 1875.4375000000002 7528.9375000000009 -0.93540483100319605 150.99375000000003 175.85000000000005 987.0571428500001 31.500000000000004 17.500000000000004 -0.68322629814330782
decision_type=2 2 2 2 2 2 2 2 2 2 2 2 2 2 2 2 2 2 2 2 2 2 2 2 2 2 2 2 2 2
left_child=1 2 8 4 5 6 10 14 11 25 29 -1 -7 23 -8 16 17 19 -19 -3 -17 -4 -20 -6 -16 -5 -27 -10 -22 -2
right_child=3 15 21 9 13 12 7 -9 27 -11 -12 -13 -14 -15 24 20 -18 18 22 -21 28 -23 -24 -25 -26 26 -28 -29 -30 -31
leaf_value=0 0 -0.082483612409153736 0 0 0 0 0 -0.038418007114724734 3.0879353130552465 0 0 -0.0045332938545146291 0 0 -0.12204621671161454 -0.081604747499357616 5.0317876449846572 9.428284487537213e-08 0 8.2797104982490115 1.7757705857439805 0 0 0 4.5281800074328924 0 0 0.0013040502306947315 0.0013842479378724467 -0.00088916834229110743
leaf_weight=20 33 20 20 20 20 54 29 22 79 20 23 22 24 28 20 24 131 20 20 108 433 63 24 163 102 300 20 32 27 20
leaf_count=20 33 20 20 20 20 54 29 22 79 20 23 22 24 28 20 24 131 20 20 108 433 63 24 163 102 300 20 32 27 20
internal_value=-0.0103385 -0.00183221 -0.0100932 -0.0202183 -0.0167398 -0.0114954 -0.00808434 -0.00254913 -0.00229412 -0.0254167 -0.0206842 -0.0134286 -0.0223846 -0.0248673 1.98677e-05 0.000583643 -0.00173684 -0.0048125 -0.0162187 0.000890625 0.00213223 -0.0244699 -0.0235909 -0.0265082 0.0022623 -0.0264706 -0.0267187 0.00191892 0.0026087 -0.0258679
internal_weight=1941 1043 236 898 538 327 249 173 153 360 76 42 78 211 151 807 323 192 64 128 484 83 44 183 122 340 320 111 460 53
internal_count=1941 1043 236 898 538 327 249 173 153 360 76 42 78 211 151 807 323 192 64 128 484 83 44 183 122 340 320 111 460 53
is_linear=0
shrinkage=0.03


Tree=13
num_leaves=31
num_cat=0
split_feature=11 19 8 12 6 57 17 36 19 47 37 19 6 6 26 10 57 1 1 11 1 10 12 16 36 1 10 31 36 57
split_gain=164.564 28.8281 36.2881 21.2299 30.0655 12.1587 11.0309 7.45051 7.34308 6.5732 7.4986 5.35185 5.01442 13.2093 15.5955 4.75932 2.85642 2.60357 2.57149 2.29468 1.41445 0.816938 2.21242 0.553895 0.421875 0.391558 0.2625 0.0453307 0.0447644 0.0435897
threshold=0.13052619222005149 13.500000000000002 3.5000000000000004 0.64987354830121502 18.500000000000004 310.50000000000006 5.5000000000000009 356.12678570000008 3.5000000000000004 77.500000000000014 462.90714285000007 1.0000000180025095e-35 26.500000000000004 28.500000000000004 14.750000000000002 0.81241147629689026 268.50000000000006 5351.5714285000004 209.36607145000002 -0.22695468355932455 1361.4285715000003 -0.88144907265856332 0.60980454008255491 25.550000000000004 163.68839285000004 999.18750000000011 0.68322629814330837 1238.6660715000003 462.90714285000007 262.50000000000006
decision_type=2 2 2 2 2 2 2 2 2 2 2 2 2 2 2 2 2 2 2 2 2 2 2 2 2 2 2 2 2 2
left_child=3 2 5 12 8 6 16 11 -5 10 23 -4 18 14 26 -7 -2 -16 -1 -6 -10 22 -20 29 -3 -15 -14 -23 -9 -8
right_child=1 24 7 4 19 15 9 28 20 -11 -12 -13 13 25 17 -17 -18 -19 21 -21 -22 27 -24 -25 -26 -27 -28 -29 -30 -31
leaf_value=-0.10895246764684398 0 0 0 0 0 0 0.001152540213441742 0 -0.012883552690294188 0 -0.052217961331515218 0 -7.634223877282991e-06 -0.032745741641448743 -0.053273012813606184 0 0 0 0.76816747530226737 0 3.8387691202684824 4.6270324915260836 -0.064360063659234065 0 0 3.5364953470834584 12.048435643107641 14.964240809059426 0 5.0035388280384545
leaf_weight=32 27 20 27 32 64 39 52 20 20 21 20 27 20 20 20 20 26 36 71 21 104 416 25 39 300 134 28 21 171 68
leaf_count=32 27 20 27 32 64 39 52 20 20 21 20 27 20 20 20 20 26 36 71 21 104 416 25 39 300 134 28 21 171 68
internal_value=-0.00992117 -0.0195428 -0.0154201 -0.0019906 -0.00982158 -0.00863462 -0.0057747 -0.0240612 -0.002 -0.00255 -0.000687151 -0.0142222 0.000302552 -0.00316279 -0.0114231 -0.0208983 -0.0179434 -0.0221786 0.00188496 -0.0241765 0.00130645 0.00238086 -0.000125 0.00149057 -0.0267187 0.00241558 0.001125 0.00293135 -0.0268429 0.0025
internal_weight=1941 877 557 1064 241 312 253 245 156 200 179 54 823 258 104 59 53 56 565 85 124 533 96 159 320 154 48 437 191 120
internal_count=1941 877 557 1064 241 312 253 245 156 200 179 54 823 258 104 59 53 56 565 85 124 533 96 159 320 154 48 437 191 120
is_linear=0
shrinkage=0.03


Tree=14
num_leaves=31
num_cat=0
split_feature=11 19 8 12 6 12 6 17 49 11 49 6 6 39 48 11 4 11 3 40 26 4 12 26 30 34 11 23 31 2
split_gain=167.183 30.2187 38.5851 21.563 31.1174 12.9465 16.9127 10.9256 8.53944 4.58933 4.17408 3.42314 9.17114 12.9535 3.52941 3.35405 3.23368 2.29468 1.62335 1.565 1.32632 0.879506 2.58264 0.573016 0.391558 0.378848 0.363179 0.300395 0.0452324 0.0404762
threshold=0.13052619222005149 13.500000000000002 3.5000000000000004 0.64987354830121502 18.500000000000004 0.63670430569443026 26.500000000000004 8.5000000000000018 3.5000000000000004 0.47114434510950071 1.0000000180025095e-35 26.500000000000004 28.500000000000004 762.08091519375023 5.5000000000000009 0.55557023301960229 20.500000000000004 -0.22695468355932455 6551800.5950000007 0.38511904762499055 5.4500000000000011 15.500000000000002 0.62334665204000361 20.850000000000005 96.817857145000019 95.449107145000013 0.22695468355932433 74.500000000000014 1238.6660715000003 118.14285715000001
decision_type=2 2 2 2 2 2 2 2 2 2 2 2 2 2 2 2 2 2 2 2 2 2 2 2 2 2 2 2 2 2
left_child=3 2 5 11 8 6 16 -8 -5 10 -4 19 13 14 -13 18 20 -6 -7 -1 -2 28 27 29 -14 -11 -3 -23 -21 -10
right_child=1 26 9 4 17 15 7 -9 23 25 -12 12 24 -15 -16 -17 -18 -19 -20 21 -22 22 -24 -25 -26 -27 -28 -29 -30 -31
leaf_value=-0.1205855885648047 0 0 0 0 0 -0.083710044348723534 -7.9011561345190365e-06 0.0011179640070384897 0.00034738507378798367 0 0 -0.051674822429197999 -0.031763369392205275 0 0.0015752857316988075 0.0015932138902141897 0 0 7.591717129940001e-11 5.619184505291301 0 -0.0085848620735869113 -0.070356932264536917 -0.0045144879504717735 3.261111576765428 0 0 0.46657791840568869 14.515313584787641 3.731491666371443
leaf_weight=25 20 23 30 30 64 25 20 62 20 160 34 20 20 36 48 84 24 21 21 398 56 23 22 21 134 21 297 76 21 85
leaf_count=25 20 23 30 30 64 25 20 62 20 160 34 20 20 36 48 84 24 21 21 398 56 23 22 21 134 21 297 76 21 85
internal_value=-0.00967388 -0.0193717 -0.0151508 -0.00168045 -0.00957261 -0.00815385 -0.0133187 -0.00321951 -0.00161538 -0.0240612 -0.0171562 0.00063062 -0.00223256 -0.00911538 -0.00141176 -0.000923077 -0.0216 -0.0241765 -0.00743478 0.00193805 -0.0246316 0.00227778 2.47935e-05 0.00180952 0.00241558 -0.0265028 -0.0267187 0.00209091 0.0029284 0.00271429
internal_weight=1941 877 557 1064 241 312 182 82 156 245 64 823 258 104 68 130 100 85 46 565 76 540 121 126 154 181 320 99 419 105
internal_count=1941 877 557 1064 241 312 182 82 156 245 64 823 258 104 68 130 100 85 46 565 76 540 121 126 154 181 320 99 419 105
is_linear=0
shrinkage=0.03


Tree=15
num_leaves=31
num_cat=0
split_feature=11 19 8 9 6 9 6 49 36 49 4 2 6 6 39 11 10 11 10 56 10 9 56 36 30 17 49 31 36 10
split_gain=153.881 36.4168 49.0026 21.563 31.1174 11.5408 27.652 8.53944 7.45051 5.90975 3.23368 3.09709 2.88965 8.27639 14.001 2.29468 2.25882 1.95838 1.32632 0.716429 0.61469 1.29924 0.506948 0.421875 0.391558 0.340244 0.236687 0.0452716 0.0447644 0.0408257
threshold=0.13052619222005149 13.500000000000002 3.5000000000000004 141.50000000000003 18.500000000000004 145.50000000000003 26.500000000000004 3.5000000000000004 356.12678570000008 1.0000000180025095e-35 20.500000000000004 7753.5714285000004 26.500000000000004 28.500000000000004 762.08091519375023 -0.22695468355932455 -0.88144907265856332 -0.097964660725097338 0.81241147629689026 17.550000000000004 -0.88144907265856332 145.50000000000003 20.450000000000003 163.68839285000004 96.817857145000019 8.5000000000000018 31.500000000000004 1238.6660715000003 462.90714285000007 0.81241147629689026
decision_type=2 2 2 2 2 2 2 2 2 2 2 2 2 2 2 2 2 2 2 2 2 2 2 2 2 2 2 2 2 2
left_child=3 2 5 4 7 11 10 -1 9 -4 18 29 17 14 16 -6 -14 20 -7 26 21 -5 -9 -3 -15 -8 -19 -22 -10 -2
right_child=1 23 8 12 15 6 25 22 28 -11 -12 -13 13 24 -16 -17 -18 19 -20 -21 27 -23 -24 -25 -26 -27 -28 -29 -30 -31
leaf_value=0 0.0015454174735077639 0 0 -0.062961110619880842 0 0 -7.6641214504834658e-06 2.2952532784261166 0 0 0 -0.036126832132679976 -0.050124577756322057 -0.030810468310439112 0 0 0.0015507970217976202 -0.029745307608151871 0 -0.075925780880312738 5.6742303075889318 2.7645834179376125 -0.0043790533119576203 0 3.1632782294624651 0.001084425086827335 0.0093342841113301898 14.079854177244014 0 0.0025113013304617058
leaf_weight=30 89 20 26 24 64 56 20 103 20 28 24 21 20 20 36 21 48 27 20 24 405 42 23 300 134 62 22 21 171 20
leaf_count=30 89 20 26 24 64 56 20 103 20 28 24 21 20 20 36 21 48 27 20 24 405 42 23 300 134 62 22 21 171 20
internal_value=-0.0093493 -0.0186534 -0.0140197 -0.00168045 -0.00957261 -0.00613462 -0.011011 -0.00161538 -0.0240612 -0.0142222 -0.0216 0.000692308 0.00063062 -0.002 -0.00853846 -0.0241765 -0.000529412 0.00183186 -0.0246316 -0.00275342 0.0025122 -0.000181818 0.00180952 -0.0267187 0.00241558 0.00190244 -0.000673469 0.00292958 -0.0268429 0.00272477
internal_weight=1941 877 557 1064 241 312 182 156 245 54 100 130 823 258 104 85 68 565 76 73 492 66 126 320 154 82 49 426 191 109
internal_count=1941 877 557 1064 241 312 182 156 245 54 100 130 823 258 104 85 68 565 76 73 492 66 126 320 154 82 49 426 191 109
is_linear=0
shrinkage=0.03


Tree=16
num_leaves=31
num_cat=0
split_feature=1 6 8 27 12 6 36 36 49 36 19 41 58 8 15 8 6 1 15 35 26 1 39 47 17 8 35 6 21 27
split_gain=145.98 35.7216 46.9009 23.1308 22.4858 31.6636 9.94086 9.39062 8.18287 7.03263 5.19382 4.38718 3.6526 5.41875 2.53285 7.87815 9.26471 1.76265 1.6 1.30124 0.600017 0.592208 0.358605 0.324558 0.991878 1.4717 0.2625 0.134426 0.125352 0.0446237
threshold=99.000000000000014 17.500000000000004 3.5000000000000004 310.50000000000006 0.64987354830121502 18.500000000000004 362.47857145000006 399.85803570000007 3.5000000000000004 104.29285715000002 3.5000000000000004 378.99631519931017 1007.0500000000001 1.5000000000000002 59.500000000000007 3.5000000000000004 26.500000000000004 791.07142855000018 57.500000000000007 1061.6517855000002 20.850000000000005 2765.8571430000006 1.5867187500000004 14.500000000000002 6.5000000000000009 4.5000000000000009 41.487500000000004 24.500000000000004 2.0000000000000004 254.00000000000003
decision_type=2 2 2 2 2 2 2 2 2 2 2 2 2 2 2 2 2 2 2 2 2 2 2 2 2 2 2 2 2 2
left_child=1 9 3 11 14 8 10 -5 -6 -1 -4 12 -3 -14 15 16 -2 19 -18 22 -10 -7 -16 24 -19 -26 -15 -9 -11 -8
right_child=4 2 6 7 5 21 29 27 20 28 -12 -13 13 26 17 -17 18 23 -20 -21 -22 -23 -24 -25 25 -27 -28 -29 -30 -31
leaf_value=-0.13764140138273259 13.631950128130693 8.140915394704693e-05 0 0 0 0 0 0 3.1017001066885261 0 0 -0.034871865527045819 0 8.4961405552803484 -0.080843525622135995 13.677197705192416 0 0.0041871256686462563 0 -0.014532828502240618 -0.029418532300782761 0 0.0062689231958179834 3.2237902857833252 -0.080420181543042896 1.0691577217807051 -7.4341978069689623e-06 0 0 0
leaf_weight=22 28 140 30 23 28 20 20 20 99 289 32 35 32 28 20 100 20 98 20 24 20 57 33 394 27 26 20 41 29 166
leaf_count=22 28 140 30 23 28 20 20 20 99 289 32 35 32 28 20 100 20 98 20 24 20 57 33 394 27 26 20 41 29 166
internal_value=-0.00933385 -0.0179385 -0.0134566 -0.00620354 -0.00146746 -0.00985714 -0.023371 -0.0198571 -0.00169388 -0.0256765 -0.0129677 -0.00170588 -0.000136364 -0.00525 0.000911392 -0.00235714 -0.0102353 0.00179421 -0.0195 -0.00245455 0.0017395 -0.0254416 0.000169811 0.0023945 0.00121192 -0.00209434 0.001125 -0.0260164 -0.0268113 -0.0268387
internal_weight=1941 927 587 339 1014 224 248 84 147 340 62 255 220 80 790 168 68 622 40 77 119 77 53 545 151 53 48 61 318 186
internal_count=1941 927 587 339 1014 224 248 84 147 340 62 255 220 80 790 168 68 622 40 77 119 77 53 545 151 53 48 61 318 186
is_linear=0
shrinkage=0.03


Tree=17
num_leaves=31
num_cat=0
split_feature=11 6 8 12 6 27 10 36 34 49 49 27 1 11 6 6 39 1 28 36 26 57 1 2 1 27 11 20 31 27
split_gain=153.881 33.9213 45.4338 24.3697 29.0317 21.4714 8.50289 7.09038 6.8335 6.56801 5.66712 4.64946 2.44408 2.29468 2.23072 5.98739 15.1509 2.49934 1.84386 1.6875 1.1306 0.705558 0.696104 0.564706 0.27571 0.789141 0.174026 0.162264 0.0452094 0.0446237
threshold=0.13052619222005149 17.500000000000004 3.5000000000000004 0.64987354830121502 18.500000000000004 310.50000000000006 0.84874750804349197 362.47857145000006 429.34642855000004 3.5000000000000004 3.5000000000000004 243.50000000000003 1407.2142860000001 -0.22695468355932455 26.500000000000004 28.500000000000004 762.08091519375023 791.07142855000018 1007.7500000000001 154.23571425000003 17.550000000000004 272.50000000000006 999.18750000000011 6267.6250000000009 2676.3571430000006 281.50000000000006 0.3826834323650895 32.500000000000007 1238.6660715000003 254.00000000000003
decision_type=2 2 2 2 2 2 2 2 2 2 2 2 2 2 2 2 2 2 2 2 2 2 2 2 2 2 2 2 2 2
left_child=3 19 5 14 9 8 -7 10 11 -5 -4 -3 -11 -6 17 16 23 20 26 -2 21 -1 -17 -16 25 -19 -13 -14 -26 -9
right_child=1 2 7 4 13 6 -8 29 -10 12 -12 18 27 -15 15 22 -18 24 -20 -21 -22 -23 -24 -25 28 -27 -28 -29 -30 -31
leaf_value=0.010026123954845799 0 -1.975316290861333e-06 0 0 0 0 0 0 -0.033697338341152593 -0.073596684371927734 0 0.00094134286727605996 3.4512955415886211 0 0.002534524495398747 -0.056368339033237472 0 0.77326900141503285 0 0 -0.077761293000375181 -0.04984438048062681 3.1699315314940049 -0.046208234977341112 7.8476987255404316 -0.11229666463960553 0.0010598229283775801 1.1616171506224118 13.248500048082773 0
leaf_weight=32 20 32 27 30 64 57 21 20 28 20 25 20 86 21 48 20 36 50 27 300 23 23 134 20 394 22 134 20 21 166
leaf_count=32 20 32 27 30 64 57 21 20 28 20 25 20 86 21 48 20 36 50 27 300 23 23 134 20 394 22 134 20 21 166
internal_value=-0.0093493 -0.0186534 -0.0141813 -0.00168045 -0.0100705 -0.00678056 -0.0204615 -0.0241008 -0.0023527 -0.00238462 -0.0143077 -0.000521127 0.000619048 -0.0241765 0.000776428 -0.00153488 -0.00709615 0.00183186 0.00134254 -0.0264375 -0.00315385 -0.000818182 0.00222078 0.00123529 0.00263039 0.000916667 0.00261039 0.00243396 0.00292771 -0.0268387
internal_weight=1941 877 557 1064 241 319 78 238 241 156 52 213 126 85 823 258 104 565 181 320 78 55 154 68 487 72 154 106 415 186
internal_count=1941 877 557 1064 241 319 78 238 241 156 52 213 126 85 823 258 104 565 181 320 78 55 154 68 487 72 154 106 415 186
is_linear=0
shrinkage=0.03


Tree=18
num_leaves=31
num_cat=0
split_feature=60 6 8 27 9 6 36 36 49 19 18 57 10 30 15 8 6 35 40 2 15 46 30 9 30 30 6 21 15 27
split_gain=139.975 38.6445 53.186 26.5662 23.068 29.5463 10.0588 8.1447 7.1243 5.17962 2.85667 3.43869 2.46729 2.3141 2.58886 7.87815 9.26471 2.4155 1.74818 1.71244 1.6 1.34565 1.32233 0.407628 1.22857 0.161538 0.134426 0.123071 0.118367 0.0446237
threshold=1.0000000180025095e-35 17.500000000000004 3.5000000000000004 310.50000000000006 141.50000000000003 18.500000000000004 399.85803570000007 362.47857145000006 3.5000000000000004 3.5000000000000004 8.5000000000000018 269.50000000000006 0.97335555334614954 9.5491071430000023 59.500000000000007 3.5000000000000004 26.500000000000004 1133.0267855000004 222.76227678412502 6013.8333335000016 57.500000000000007 24.550000000000004 136.00714285000001 143.50000000000003 373.31785715000007 934.03482145000009 24.500000000000004 13.500000000000002 81.500000000000014 254.00000000000003
decision_type=2 2 2 2 2 2 2 2 2 2 2 2 2 2 2 2 2 2 2 2 2 2 2 2 2 2 2 2 2 2
left_child=1 12 3 10 5 8 -5 9 -2 -4 11 18 -1 -6 15 16 -15 23 -3 -7 -18 -19 -10 24 -16 -24 -8 -25 -13 -9
right_child=4 2 7 6 13 19 26 29 22 -11 -12 28 -14 14 17 -17 20 21 -20 -21 -22 -23 25 27 -26 -27 -28 -29 -30 -31
leaf_value=0 0 -7.1519123840340542e-06 0 0 -0.091771738888821744 0 0 0 -0.062946526709892939 0 0.0010176553717527763 0.002089948216653949 -0.043528442449804181 12.904942279763864 -0.068297255455089939 13.171783828091824 0 0.0047855334380497534 -0.032558046983588704 -0.0032985941726355657 0 -0.044821987928020876 3.3303993311681146 0.095348508050576902 3.5133640011331995 7.8986246104056983 0 1.3774750215907254 2.4007545997089425e-05 0
leaf_weight=297 32 21 26 20 37 65 20 20 20 24 136 29 24 28 20 100 20 26 30 20 20 28 84 26 43 20 41 478 20 166
leaf_count=297 32 21 26 20 37 65 20 20 20 24 136 29 24 28 20 100 20 26 30 20 20 28 84 26 43 20 41 478 20 166
internal_value=-0.0090711 -0.0179725 -0.0131664 -0.0051388 -0.00177976 -0.00994606 -0.019963 -0.0239492 -0.00219231 -0.0132 -5.08473e-05 -0.0039 -0.0262523 0.000602906 0.000946768 -0.00235714 -0.0102353 0.00184058 -0.00935294 -0.0241765 -0.0195 -0.00422222 0.00106452 0.00241799 0.000142857 0.00242308 -0.0260164 0.00270238 0.00177551 -0.0268387
internal_weight=1941 874 553 317 1067 241 81 236 156 50 236 100 321 826 789 168 68 621 51 85 40 54 124 567 63 104 61 504 49 186
internal_count=1941 874 553 317 1067 241 81 236 156 50 236 100 321 826 789 168 68 621 51 85 40 54 124 567 63 104 61 504 49 186
is_linear=0
shrinkage=0.03


Tree=19
num_leaves=31
num_cat=0
split_feature=11 12 8 27 12 49 1 6 6 10 10 2 11 10 1 1 47 27 2 43 15 6 1 27 30 3 1 31 10 47
split_gain=143.501 38.727 55.8147 32.4801 14.488 30.05 7.59758 6.50306 12.7221 16.3733 4.08135 3.64062 2.80248 2.78609 2.3605 2.33719 2.30061 2.02366 1.9563 1.11855 1.08915 0.535223 0.27571 0.789141 0.165812 0.127273 0.1 0.0452094 0.0442197 0.0425381
threshold=0.22695468355932433 0.53946920585801694 3.5000000000000004 310.50000000000006 0.64987354830121502 3.5000000000000004 2283.6250000000005 26.500000000000004 28.500000000000004 0.44228869021900147 0.77259657388510639 14.071428570000002 -0.032701564615071434 0.88144907265856365 5114.3750000000009 791.07142855000018 6.5000000000000009 235.50000000000003 8905.8928570000007 -207.74910714999999 86.500000000000014 18.500000000000004 2676.3571430000006 281.50000000000006 934.03482145000009 6406586.5535000013 8623.839285500002 1238.6660715000003 -0.88144907265856332 9.5000000000000018
decision_type=2 2 2 2 2 2 2 2 2 2 2 2 2 2 2 2 2 2 2 2 2 2 2 2 2 2 2 2 2 2
left_child=4 16 3 17 7 6 -6 15 9 14 -5 -7 -10 28 -9 19 -2 -3 29 -1 25 24 23 -17 -13 -21 -16 -24 -4 -19
right_child=1 2 13 10 5 11 -8 8 12 -11 -12 21 -14 -15 26 22 -18 18 -20 20 -22 -23 27 -25 -26 -27 -28 -29 -30 -31
leaf_value=-0.0096307842997684894 0 -3.0470401663857446e-05 0 0 0 -0.070024676330988578 0 -0.043477328290180244 2.3965563202002951 3.2822754150961657 0 2.3621408665899137 -0.052055805721525607 0 -0.048916729993821212 0.73695643713887948 0 0.00094739495059803893 -0.031581305574081044 0.00095099147401359909 -0.10291559192811792 0 7.5070727361428746 -0.10687884703676451 7.6616658720935265 0.00047638154089657152 0 12.463896778247374 0 0.0014102785759640963
leaf_weight=25 20 22 20 51 32 20 66 28 141 42 21 97 20 20 20 50 308 62 21 20 29 21 394 22 20 35 20 21 153 120
leaf_count=25 20 22 20 51 32 20 66 28 141 42 21 97 20 20 20 50 308 62 21 20 29 21 394 22 20 35 20 21 153 120
internal_value=-0.0088238 -0.0183814 -0.0130408 -0.00487879 -0.00186198 -0.00813281 -0.0211837 -1.03805e-05 -0.00386347 -0.0117273 -0.0224167 -3.79746e-05 0.00150932 -0.025601 -0.0208235 0.00174161 -0.0263598 0.000733333 0.00166995 -0.00222936 -0.000571428 0.00169565 0.00263039 0.000916667 0.00248718 0.00190909 -0.0255 0.00292771 -0.0268266 0.00267033
internal_weight=1941 818 490 297 1123 256 98 867 271 110 72 158 161 193 68 596 328 225 203 109 84 138 487 72 117 55 40 415 173 182
internal_count=1941 818 490 297 1123 256 98 867 271 110 72 158 161 193 68 596 328 225 203 109 84 138 487 72 117 55 40 415 173 182
is_linear=0
shrinkage=0.03


Tree=20
num_leaves=31
num_cat=0
split_feature=60 8 19 27 9 49 36 47 2 45 47 19 36 1 47 17 38 28 28 41 8 51 34 28 16 4 9 14 31 56
split_gain=132.005 34.2568 56.0559 16.6786 15.9999 31.4001 11.7461 10.0762 6.90177 5.25638 4.75943 3.85139 3.69287 3.57147 2.62129 4.94311 2.79224 4.71273 6.00417 2.53244 1.91255 1.77563 1.13356 1.29981 0.446429 0.318466 0.315904 0.498575 0.163958 0.147696
threshold=1.0000000180025095e-35 3.5000000000000004 13.500000000000002 306.50000000000006 141.50000000000003 3.5000000000000004 373.31785715000007 47.500000000000007 5377.3750000000009 78.500000000000014 65.500000000000014 2.5000000000000004 184.83125000000004 492.96428570000006 14.500000000000002 9.5000000000000018 660.7540178500002 1006.0500000000001 1005.4500000000002 1.8866903139430924 3.5000000000000004 844.00000000000011 429.34642855000004 1007.5500000000001 23.750000000000004 17.500000000000004 147.50000000000003 33.100000000000009 1141.1357145000002 3.7500000000000004
decision_type=2 2 2 2 2 2 2 2 2 2 2 2 2 2 2 2 2 2 2 2 2 2 2 2 2 2 2 2 2 2
left_child=1 2 3 10 5 8 9 -5 -2 -3 22 -11 -4 -7 15 16 17 18 -6 -16 -17 25 23 -1 -15 28 -18 -28 -21 -8
right_child=4 6 12 7 14 13 29 -9 -10 11 -12 -13 -14 24 19 20 26 -19 -20 21 -22 -23 -24 -25 -26 -27 27 -29 -30 -31
leaf_value=0.00094640350418758422 0 0 0 0 -0.00051222098600986954 -0.070133055408818187 0 0 0 7.6111264313376921e-05 -2.9556289613941725e-05 0 0 0 -0.096843252017125292 -0.050705726052231052 6.7170553588006321 0.0043303000191868739 -0.054123481602816582 2.402123619724819 -0.016114893530015481 0 -0.042689945818600993 -3.7777416859181055e-06 1.9157066619916587 -0.00097841380063431885 0 8.6983080576049012 6.3093860316070733 0
leaf_weight=163 71 20 23 40 32 21 23 30 21 20 21 39 160 28 21 20 116 45 23 423 22 24 20 36 100 24 26 28 22 279
leaf_count=163 71 20 23 40 32 21 23 30 21 20 21 39 160 28 21 20 116 45 23 423 22 24 20 36 100 24 26 28 22 279
internal_value=-0.00860742 -0.0172517 -0.0120304 -0.00425806 -0.00152671 -0.0083278 -0.0240079 -0.0171429 -0.0221087 -0.0137089 -0.0005 -0.00920339 -0.0251967 0.000181208 0.000457627 -0.00171154 -0.000222222 -0.0042 -0.0100909 0.00177432 -0.0112857 0.00220893 0.000808219 0.00149246 0.0020625 0.0026162 0.00211765 0.000222222 0.00279775 -0.026702
internal_weight=1941 874 493 310 1067 241 381 70 92 79 240 59 183 149 826 312 270 100 55 514 42 493 219 199 128 469 170 54 445 302
internal_count=1941 874 493 310 1067 241 381 70 92 79 240 59 183 149 826 312 270 100 55 514 42 493 219 199 128 469 170 54 445 302
is_linear=0
shrinkage=0.03


Tree=21
num_leaves=31
num_cat=0
split_feature=11 19 8 27 9 49 1 47 36 49 27 35 6 6 57 30 8 43 34 10 38 56 18 28 43 28 49 2 43 30
split_gain=146.832 40.141 63.5723 21.4146 19.2632 27.4123 7.59758 7.02576 4.25421 4.48831 3.57788 3.12011 3.81787 6.53992 2.69215 1.40579 2.50904 2.52468 1.35125 1.31263 1.40648 1.27062 1.03052 0.792947 0.243068 0.517857 0.241783 0.156542 0.108111 0.0938671
threshold=0.22695468355932433 13.500000000000002 3.5000000000000004 306.50000000000006 141.50000000000003 3.5000000000000004 2283.6250000000005 47.500000000000007 356.12678570000008 1.0000000180025095e-35 282.50000000000006 688.90803570000014 26.500000000000004 28.500000000000004 235.50000000000003 350.39285715000005 2.5000000000000004 -213.02500000000001 429.34642855000004 0.9946518923062071 1184.1296875000003 20.850000000000005 29.500000000000004 1007.7500000000001 43.635714299999982 1008.2500000000001 9.5000000000000018 6494.0178570000007 1.0000000180025095e-35 1174.6544645000001
decision_type=2 2 2 2 2 2 2 2 2 2 2 2 2 2 2 2 2 2 2 2 2 2 2 2 2 2 2 2 2 2
left_child=4 2 3 14 5 6 -1 -5 9 -4 -7 19 15 -14 -2 16 -13 -18 23 20 24 26 -21 -16 25 27 -12 28 -6 -26
right_child=1 -3 8 7 11 10 -8 -9 -10 -11 21 12 13 -15 18 -17 17 -19 -20 22 -22 -23 -24 -25 29 -27 -28 -29 -30 -31
leaf_value=0 -2.8669600925523473e-05 0 0 0 0.0015616741716457682 -0.061254443772361541 0 0 0 0 6.927048160673044e-05 0.017568832733161198 -0.039949682388153808 0.0046521102026048445 0.00091642524819564254 1.5026553500336211 -0.029796498953969595 0.00085388829249973572 -0.041409247444042965 -0.10736988104043026 0 -0.13689923106156043 0.013010498421233641 -1.4189086271093803e-06 3.3564843556093757 -0.025195802128841569 2.7976661924404826 0.066138738583871454 0.2555574186672141 5.9011145422069671
leaf_weight=32 21 297 20 40 145 25 66 21 189 22 28 37 33 32 161 77 22 20 20 22 21 20 20 27 313 29 85 32 26 38
leaf_count=32 21 297 20 40 145 25 66 21 189 22 28 37 33 32 161 77 22 20 20 22 21 20 20 27 313 29 85 32 26 38
internal_value=-0.00853014 -0.018198 -0.0131804 -0.00382759 -0.00148798 -0.00871875 -0.0211837 -0.019623 -0.0249221 -0.0162857 -0.000987342 0.000647059 -0.00242986 -0.00853846 0.000379913 0.000115385 -0.0026962 -0.00771429 0.00141346 0.00169969 0.00205629 0.000969925 -0.00342857 0.00220213 0.00233105 0.00157759 0.00220354 0.0021133 0.00247368 0.00282906
internal_weight=1941 818 521 290 1123 256 98 61 231 42 158 867 221 65 229 156 79 42 208 646 604 133 42 188 583 232 113 203 171 351
internal_count=1941 818 521 290 1123 256 98 61 231 42 158 867 221 65 229 156 79 42 208 646 604 133 42 188 583 232 113 203 171 351
is_linear=0
shrinkage=0.03


Tree=22
num_leaves=31
num_cat=0
split_feature=11 9 8 57 9 49 1 36 1 6 6 34 26 57 57 17 1 43 8 43 34 28 21 28 11 3 33 1 43 2
split_gain=151.556 37.6662 54.1943 30.5646 19.1211 27.4123 7.59758 4.34577 3.20723 2.94742 7.90887 9.80773 2.9027 2.78609 2.60825 2.07788 1.79124 1.53019 2.66351 1.40386 1.29216 1.60541 1.03194 0.945376 0.700621 0.105474 0.0442197 0.0395833 0.0278278 2.84217e-14
threshold=0.22695468355932433 149.50000000000003 3.5000000000000004 310.50000000000006 141.50000000000003 3.5000000000000004 2283.6250000000005 674.08928570000012 960.68750000000011 26.500000000000004 28.500000000000004 340.78035715000004 16.950000000000003 262.50000000000006 235.50000000000003 12.500000000000002 2928.5714285000004 -207.74910714999999 2.5000000000000004 -64.378571429999951 429.34642855000004 1007.9500000000002 5.5000000000000009 1004.1500000000002 -0.032701564615071434 6337745.2855000012 70.318750000000009 9452.8571430000011 399.29999985000012 7867.6428570000007
decision_type=2 2 2 2 2 2 2 2 2 2 2 2 2 2 2 2 2 2 2 2 2 2 2 2 2 2 2 2 2 2
left_child=4 2 3 14 5 6 -1 -5 -7 16 11 -11 19 -4 -2 -3 17 18 -6 -13 21 -16 -19 -10 -12 -24 -15 -25 -18 -17
right_child=1 15 13 7 9 8 -8 -9 23 10 24 12 -14 26 20 29 28 22 -20 -21 -22 -23 25 27 -26 -27 -28 -29 -30 -31
leaf_value=0 -2.7809512897757768e-05 0 0 0 0.73013096129071964 -0.062780654913633188 0 0 -0.055534608721399849 2.3424611176672472 2.1519013913342602 -0.039453346188263301 -0.021907972485238181 0 0.00093635054472171225 0 7.1761897589856325 -0.095194166303395875 -0.039590218909265756 -0.17551226448464205 -0.040166970020721671 -1.3763413682960988e-06 0.011216780504726897 2.9140165970486738 -0.04436773755815316 0.010164292244650137 0 5.5904637119069589 12.22769543839606 0
leaf_weight=32 21 22 20 20 20 35 66 51 27 43 141 22 24 153 165 269 371 38 27 21 20 20 28 76 20 79 20 20 33 37
leaf_count=32 21 22 20 20 20 35 66 51 27 43 141 22 24 153 165 269 371 38 27 21 20 20 28 76 20 79 20 20 33 37
internal_value=-0.00866924 -0.0184914 -0.0132245 -0.00518182 -0.00151469 -0.00871875 -0.0211837 -0.0223521 -0.000987342 0.000612457 -0.00198155 -0.00818182 -0.0153582 -0.025601 0.000212389 -0.0263598 0.00179195 -0.00059375 -0.00529787 -0.0200233 0.0012439 0.00202703 0.000931035 0.00129268 0.00225466 0.00243925 -0.0268266 0.0026875 0.00292574 -0.027
internal_weight=1941 818 490 297 1123 256 98 71 158 867 271 110 67 193 226 328 596 192 47 43 205 185 145 123 161 107 173 96 404 306
internal_count=1941 818 490 297 1123 256 98 71 158 867 271 110 67 193 226 328 596 192 47 43 205 185 145 123 161 107 173 96 404 306
is_linear=0
shrinkage=0.03


Tree=23
num_leaves=31
num_cat=0
split_feature=11 9 8 57 9 19 1 11 36 10 35 19 26 51 27 47 10 34 48 28 30 8 43 27 41 30 16 54 48 10
split_gain=155.216 38.0182 54.7318 30.9253 19.1532 27.0977 7.57845 4.50604 4.34577 2.78609 2.72838 2.76157 4.92857 6.03658 2.67748 2.30061 1.38492 1.34489 1.16667 1.11486 0.912773 1.56698 2.37363 0.592999 0.447835 0.252002 0.323559 0.196251 1.35323 0.0442197
threshold=0.22695468355932433 149.50000000000003 3.5000000000000004 310.50000000000006 141.50000000000003 3.5000000000000004 2283.6250000000005 -0.065403129230142895 674.08928570000012 0.88144907265856365 688.90803570000014 1.0000000180025095e-35 17.350000000000005 372.50000000000006 235.50000000000003 6.5000000000000009 0.9946518923062071 429.34642855000004 30.500000000000004 1007.9500000000002 350.39285715000005 2.5000000000000004 -207.74910714999999 287.50000000000006 399.63977971280133 44.249107145000004 25.350000000000005 589.20000000000016 8.5000000000000018 -0.88144907265856332
decision_type=2 2 2 2 2 2 2 2 2 2 2 2 2 2 2 2 2 2 2 2 2 2 2 2 2 2 2 2 2 2
left_child=4 2 3 14 5 6 -1 23 -5 29 16 12 13 -12 -2 -3 24 19 -18 -16 21 -13 -23 -7 25 26 -6 -27 -29 -4
right_child=1 15 9 8 10 7 -8 -9 -10 -11 11 20 -14 -15 17 -17 18 -19 -20 -21 -22 22 -24 -25 -26 27 -28 28 -30 -31
leaf_value=0 -2.6975227510825038e-05 0 0 0 -0.02554396309834325 -0.048468328354379905 0 -0.062038667167297848 0 0 -0.022189330334102968 0.018001140316847367 0.0033232315460163956 -0.03791866864058107 0.00091878432401025804 0 -0.102785395967354 -0.038961960920100021 0.015612302938567144 -1.3350511272472159e-06 1.1073431700599157 -0.046330182857067595 0.0010924743821282888 2.7138991708872369 -0.093907990952175072 3.2852584290679947 0.00284585607324099 2.7466702448843501 -0.13037640683931831 0
leaf_weight=31 21 20 20 20 23 29 67 29 51 20 20 37 27 22 165 308 21 20 21 20 63 24 28 100 38 354 20 147 22 153
leaf_count=31 21 20 20 20 23 29 67 29 51 20 20 37 27 22 165 308 21 20 21 20 63 24 28 100 38 354 20 147 22 153
internal_value=-0.00851468 -0.0184548 -0.0131633 -0.00508081 -0.00127427 -0.00848437 -0.0208776 -0.000797468 -0.0223521 -0.025601 0.000854671 -0.00202262 -0.007 -0.0134286 0.000345133 -0.0263598 0.00183901 0.00139024 -0.00342857 0.00218919 0.000236842 -0.0017191 -0.00507692 0.00160465 0.0022053 0.00241696 0.000209302 0.00259847 0.0017574 -0.0268266
internal_weight=1941 818 490 297 1123 256 98 158 71 193 867 221 69 42 226 328 646 205 42 185 152 89 52 129 604 566 43 523 169 173
internal_count=1941 818 490 297 1123 256 98 158 71 193 867 221 69 42 226 328 646 205 42 185 152 89 52 129 604 566 43 523 169 173
is_linear=0
shrinkage=0.03


Tree=24
num_leaves=31
num_cat=0
split_feature=11 9 8 27 9 19 1 11 10 6 6 10 10 27 17 11 6 48 34 15 58 42 11 4 17 35 27 31 10 1
split_gain=150.427 38.0182 54.7318 30.229 17.7602 27.0977 7.57845 4.95424 3.78151 3.22071 9.55031 10.107 2.78609 2.5001 2.07788 1.91578 1.83414 2.95953 1.34055 1.19221 1.11339 0.906722 0.700621 0.304824 0.811688 0.189076 0.12987 0.0451499 0.0442197 0.0350746
threshold=0.22695468355932433 149.50000000000003 3.5000000000000004 310.50000000000006 141.50000000000003 3.5000000000000004 2283.6250000000005 -0.16280825711808986 0.77259657388510639 26.500000000000004 27.500000000000004 0.44228869021900147 0.88144907265856365 235.50000000000003 12.500000000000002 -0.16280825711808986 28.500000000000004 18.500000000000004 429.34642855000004 86.500000000000014 1007.9500000000002 -36.322321449999997 -0.032701564615071434 15.500000000000002 7.5000000000000009 303.50089285000007 294.50000000000006 1238.6660715000003 -0.88144907265856332 5978.4910715000015
decision_type=2 2 2 2 2 2 2 2 2 2 2 2 2 2 2 2 2 2 2 2 2 2 2 2 2 2 2 2 2 2
left_child=4 2 3 13 5 6 -1 25 -5 15 11 -11 28 -2 -3 23 17 -12 20 21 -15 -17 -18 27 -25 -7 -23 -6 -4 -8
right_child=1 14 12 8 9 7 29 -9 -10 10 16 -13 -14 18 -16 19 22 -19 -20 -21 -22 26 -24 24 -26 -27 -28 -29 -30 -31
leaf_value=0 -2.6165970685500286e-05 0 0 0 5.6522652729167877 2.4877892056594533 0 -0.075330901641462111 0 -0.10824766121562404 -0.091090751223609823 2.718166600694842 0 0.00089122079428995029 0 -0.017956197087527274 2.0083336549970707 0.0032235346597619453 -0.037793102092497019 -0.092239652129750452 -1.2949995934297993e-06 0.0031882335830568163 -0.039953143552387965 -0.052867948032292625 0.64561331808983735 0.0031476973502450462 0.0027974270081392487 11.590782411018905 0 0
leaf_weight=31 22 22 20 51 384 85 20 39 21 34 24 21 20 163 306 23 141 31 20 36 20 45 20 21 45 34 21 21 153 47
leaf_count=31 22 22 20 51 384 85 20 39 21 34 24 21 20 163 306 23 141 31 20 36 20 45 20 21 45 34 21 21 153 47
internal_value=-0.00866924 -0.0184548 -0.0131633 -0.00508081 -0.00154141 -0.00848437 -0.0208776 -0.000797468 -0.022 0.000508651 -0.00220295 -0.0133636 -0.025601 0.000333333 -0.0263598 0.00174161 0.000638889 -0.00409091 0.00137438 -0.00156 0.00218033 0.000303371 0.00225466 0.00261783 0.000727273 0.0022437 0.00209091 0.00292593 -0.0268266 -0.0265522
internal_weight=1941 818 490 297 1123 256 98 158 72 867 271 55 193 225 328 596 216 55 203 125 183 89 161 471 66 119 66 405 173 67
internal_count=1941 818 490 297 1123 256 98 158 72 867 271 55 193 225 328 596 216 55 203 125 183 89 161 471 66 119 66 405 173 67
is_linear=0
shrinkage=0.03


Tree=25
num_leaves=31
num_cat=0
split_feature=11 12 8 57 12 19 1 11 36 6 6 2 57 27 2 17 1 41 34 26 26 42 26 27 46 40 11 31 34 1
split_gain=149.952 38.0182 54.7318 30.9253 18.8385 26.0824 7.57845 4.55705 4.34577 3.30343 9.55031 10.107 2.78609 2.67748 2.2753 2.07788 1.69437 1.35245 1.34489 1.20159 1.63764 0.571849 0.626722 0.495985 0.433047 0.681818 0.398571 0.0451002 0.0442197 0.0395833
threshold=0.22695468355932433 0.53946920585801694 3.5000000000000004 310.50000000000006 0.64987354830121502 3.5000000000000004 2283.6250000000005 -0.16280825711808986 674.08928570000012 26.500000000000004 27.500000000000004 2193.2142855000006 262.50000000000006 235.50000000000003 7881.6875000000009 12.500000000000002 3226.2857145000003 387.69339678466878 429.34642855000004 17.250000000000004 19.950000000000003 -29.257142845000001 5.0500000000000007 287.50000000000006 25.550000000000004 72.645052083541671 -0.065403129230142895 1238.6660715000003 256.33482145000005 9110.1339285000013
decision_type=2 2 2 2 2 2 2 2 2 2 2 2 2 2 2 2 2 2 2 2 2 2 2 2 2 2 2 2 2 2
left_child=4 15 3 13 9 6 -6 23 -5 16 11 -11 -4 -3 17 -2 19 26 24 21 -21 -1 -23 -7 -15 -26 -12 -18 -14 -25
right_child=1 2 12 8 5 7 -8 -9 -10 10 14 -13 28 18 -16 -17 27 -19 -20 20 -22 22 -24 29 25 -27 -28 -29 -30 -31
leaf_value=-0.018547009027825693 0 -2.5380991564935277e-05 0 0 0 -0.052508951529633807 0 -0.073070974592218244 0 2.6366216026739968 0.43311175396862234 -0.10500023137915533 0 0.00082042834004433676 -0.034399463206689671 0 7.1874384503254278 -0.16469693200975261 -0.036659309029722108 -0.0843542499588361 0.0010655384200381041 -0.078209948520249595 0.0062478600980449724 2.7786079984165943 4.3354031850606862 -1.2561496056269054e-06 -0.038754549245816318 11.243058938688337 0 5.2666991492533493
leaf_weight=31 22 21 20 20 31 23 67 39 51 21 155 34 153 141 20 306 376 21 20 26 21 30 91 76 24 20 20 21 20 20
leaf_count=31 22 21 20 20 31 23 67 39 51 21 155 34 153 141 20 306 376 21 20 26 21 30 91 76 24 20 20 21 20 20
internal_value=-0.0086847 -0.0184548 -0.0131633 -0.00508081 -0.00156812 -0.00871875 -0.0208776 -0.00117722 -0.0223521 0.000543253 -0.00220295 -0.0133636 -0.025601 0.000345133 0.000638889 -0.0263598 0.00179195 0.00162245 0.00139024 -0.000467337 -0.00465957 0.000828947 0.00176033 0.0017395 0.00218919 -0.000409091 0.00248571 0.00292443 -0.0268266 0.0026875
internal_weight=1941 818 490 297 1123 256 98 158 71 867 271 55 193 226 216 328 596 196 205 199 47 152 121 119 185 44 175 397 173 96
internal_count=1941 818 490 297 1123 256 98 158 71 867 271 55 193 226 216 328 596 196 205 199 47 152 121 119 185 44 175 397 173 96
is_linear=0
shrinkage=0.03


Tree=26
num_leaves=31
num_cat=0
split_feature=11 9 57 9 6 18 43 6 6 6 6 34 56 41 11 14 11 57 47 41 1 1 43 48 10 11 26 6 6 37
split_gain=143.848 38.0182 40.9868 17.0531 19.0804 7.89768 6.4862 6.46965 23.208 5.75527 14.7544 17.6493 4.35276 3.025 2.87609 2.74921 2.448 2.34307 2.30061 1.74264 1.70991 1.35941 1.34051 1.564 1.10493 0.700621 0.64905 0.942857 0.608766 0.4
threshold=0.22695468355932433 149.50000000000003 299.50000000000006 141.50000000000003 18.500000000000004 47.500000000000007 7.2553571430000003 21.500000000000004 24.500000000000004 26.500000000000004 28.500000000000004 340.78035715000004 20.350000000000005 273.68790880294563 0.47114434510950071 28.850000000000005 -0.290129255202841 235.50000000000003 6.5000000000000009 261.34067348340949 3506.0000000000005 1812.3571430000002 -207.74910714999999 3.5000000000000004 0.9946518923062071 -0.032701564615071434 10.400000000000002 17.500000000000004 26.500000000000004 31.385714285000002
decision_type=2 2 2 2 2 2 2 2 2 2 2 2 2 2 2 2 2 2 2 2 2 2 2 2 2 2 2 2 2 2
left_child=3 2 7 4 12 26 21 15 14 20 11 -11 16 -14 -9 -2 -1 -10 -3 -13 22 -6 23 -5 -24 -12 -4 -28 -19 -18
right_child=1 18 5 9 6 -7 -8 8 17 10 25 19 13 -15 -16 -17 29 28 -20 -21 -22 -23 24 -25 -26 -27 27 -29 -30 -31
leaf_value=2.715092667853138 0.0012603847912671794 0 0 0.00070272852474488167 -0.047555354151250034 0 0 0 -2.4619561817987219e-05 2.1310287458832722 1.9350902927281 -0.072633272157484108 0 -0.18115405813400934 0 -0.023503450347088069 -0.049155553519776615 -1.2184651174580981e-06 0 -0.1597560263245367 7.1674018012173741 -0.050933682983744795 0.0046148666320684918 -0.054002943325462363 -0.082648855290925208 -0.037591912768441836 0 0 0.00078192897065778547 -0.0041212150374376911
leaf_weight=85 86 20 131 35 21 28 50 20 21 43 141 30 20 20 49 25 20 28 308 37 387 20 123 22 29 20 22 20 60 20
leaf_count=85 86 20 131 35 21 28 50 20 21 43 141 30 20 20 49 25 20 28 308 37 387 20 123 22 29 20 22 20 60 20
internal_value=-0.00888563 -0.0184548 -0.0131633 -0.00191541 -0.00871875 -0.0235672 -0.0197473 -0.00592734 -0.00947191 9.34257e-05 -0.00353137 -0.012 -0.00263636 -0.01125 -0.023087 -0.000243243 0.00012 -0.000853211 -0.0263598 -0.0216269 0.00174161 -0.0109024 -0.000444976 -0.00436842 0.00102632 0.00225466 -0.0259595 -0.0227143 0.00129545 -0.006
internal_weight=1941 818 490 1123 256 201 91 289 178 867 271 110 165 40 69 111 125 109 328 67 596 41 209 57 152 161 173 42 88 40
internal_count=1941 818 490 1123 256 201 91 289 178 867 271 110 165 40 69 111 125 109 328 67 596 41 209 57 152 161 173 42 88 40
is_linear=0
shrinkage=0.03


Tree=27
num_leaves=31
num_cat=0
split_feature=11 9 8 57 9 6 43 6 6 10 36 49 27 47 41 30 11 34 56 28 59 37 11 42 27 10 8 16 31 2
split_gain=152.577 39.4423 51.4653 30.9253 7.90483 17.4418 13.7229 5.75527 13.8194 16.3733 4.34577 3.24497 2.67748 2.30061 2.27554 2.22093 1.4873 1.34489 1.27903 1.11486 0.982993 1.28364 0.931677 0.801282 0.664866 0.376905 0.795455 0.139194 0.045081 0.0436709
threshold=0.22695468355932433 149.50000000000003 3.5000000000000004 310.50000000000006 141.50000000000003 18.500000000000004 7.2553571430000003 26.500000000000004 28.500000000000004 0.44228869021900147 674.08928570000012 1.0000000180025095e-35 235.50000000000003 6.5000000000000009 261.34067348340949 33.306250000000006 -0.22695468355932455 429.34642855000004 20.350000000000005 1007.9500000000002 0.15000000000000005 2.5928571430000003 -0.065403129230142895 -36.322321449999997 284.50000000000006 -0.84874750804349175 3.5000000000000004 25.450000000000003 1238.6660715000003 8394.3571430000029
decision_type=2 2 2 2 2 2 2 2 2 2 2 2 2 2 2 2 2 2 2 2 2 2 2 2 2 2 2 2 2 2
left_child=4 2 3 12 5 15 24 16 9 14 -5 -4 -2 -3 -9 -1 25 19 -17 -14 23 -22 -10 -18 -7 26 -6 -25 -27 -13
right_child=1 13 11 10 7 6 -8 8 22 -11 -12 29 17 -15 -16 18 20 -19 -20 -21 21 -23 -24 27 -26 28 -28 -29 -30 -31
leaf_value=-0.051175929682719869 -2.3880974963447603e-05 0 0 0 1.3739527125711917 -0.049405672494232451 0 -0.070454273992759581 2.2919961231874324 2.6323981862626074 0 0 0.00085401949168240467 0 -0.1549633455348006 1.6508844482461247 -0.013283977910754211 -0.034854426248417801 -0.020116328950688985 -1.1819111639343553e-06 0.0043778539695933372 -0.076791315663568629 -0.032983150581042786 0.0044509675849648302 0.0015280104895123439 6.2789525189606543 -0.052210006671142631 0.00040137249526602008 10.690745116491167 0
leaf_weight=23 21 20 35 20 35 20 50 30 138 42 51 138 165 308 38 105 20 20 37 20 20 29 23 57 21 373 20 21 21 20
leaf_count=23 21 20 35 20 35 20 50 30 138 42 51 138 165 308 38 105 20 20 37 20 20 29 23 57 21 373 20 21 21 20
internal_value=-0.00845286 -0.0183081 -0.0129184 -0.00508081 -0.00127427 -0.00590625 -0.0164505 9.34257e-05 -0.00353137 -0.0117273 -0.0223521 -0.0249793 0.000345133 -0.0263598 -0.0208235 -9.0909e-05 0.00174161 0.00139024 0.00130986 0.00218919 -0.000877551 -0.00434694 0.00206832 0.000857143 -0.00358537 0.00259911 0.000272727 0.00223077 0.00292386 -0.0268101
internal_weight=1941 818 490 297 1123 256 91 867 271 110 71 193 226 328 68 165 596 205 142 185 147 49 161 98 41 449 55 78 394 158
internal_count=1941 818 490 297 1123 256 91 867 271 110 71 193 226 328 68 165 596 205 142 185 147 49 161 98 41 449 55 78 394 158
is_linear=0
shrinkage=0.03


Tree=28
num_leaves=31
num_cat=0
split_feature=60 9 8 57 10 10 9 6 43 10 6 6 10 1 41 27 47 41 34 58 4 9 37 1 46 52 19 10 31 10
split_gain=132.901 35.5027 49.77 26.1636 19.6342 10.4964 8.3386 18.4955 12.2521 7.68902 5.4854 13.0628 13.2404 4.02051 3.35526 2.33388 2.30061 1.77017 1.31267 1.07018 1.06987 1.51515 0.942448 0.880376 0.566667 0.9 0.277573 0.12268 0.045162 0.0418719
threshold=1.0000000180025095e-35 149.50000000000003 3.5000000000000004 310.50000000000006 0.97335555334614954 0.88144907265856365 141.50000000000003 18.500000000000004 7.2553571430000003 0.88144907265856365 26.500000000000004 28.500000000000004 0.44228869021900147 1147.6517855000002 261.34067348340949 235.50000000000003 6.5000000000000009 9.514549253652179 429.34642855000004 1007.9500000000002 15.500000000000002 143.50000000000003 29.999107145000004 1215.7500000000002 24.650000000000002 79.500000000000014 3.5000000000000004 0.58216583101416164 1238.6660715000003 0.88144907265856365
decision_type=2 2 2 2 2 2 2 2 2 2 2 2 2 2 2 2 2 2 2 2 2 2 2 2 2 2 2 2 2 2
left_child=1 2 3 15 16 27 7 13 -9 22 17 12 14 -2 -12 -1 -3 -8 19 29 28 -22 -4 -13 -23 -26 -15 -5 -19 -17
right_child=6 4 9 5 -6 -7 10 8 -10 -11 11 23 -14 26 -16 18 -18 20 -20 -21 21 24 -24 -25 25 -27 -28 -29 -30 -31
leaf_value=-2.3164545714544175e-05 -0.07469068920613893 0 0 0 0.0043590965702699144 2.6942107269126158e-12 -0.08097913305403559 -0.046612710568964211 0 -3.4030387617562523e-05 -0.068340645772976799 -0.031401531442839831 2.1480612466696329 -0.039401617983967241 -0.15031444516875658 0.00075673073515757062 0 4.9010755508058637 -0.033808793460965263 -1.1464538290163245e-06 -0.042602533551895125 0.34261188564851791 0 2.9517111742564452 -0.020393978537688161 0.020778165096646428 2.578542004713162 0 10.370022762996433 0.027091989675840152
leaf_weight=23 26 20 150 38 24 21 28 35 50 32 30 24 36 23 38 153 308 386 20 20 24 68 23 131 20 20 107 21 21 21
leaf_count=23 26 20 150 38 24 21 28 35 50 32 30 24 36 23 38 153 308 386 20 20 24 68 23 131 20 20 107 21 21 21
internal_value=-0.00840649 -0.0170801 -0.0121149 -0.00466561 -0.0244432 -0.0195 -0.00130178 -0.00621162 -0.0174706 -0.0236341 0.000130751 -0.00348649 -0.0117115 -7.6923e-05 -0.0195 0.000341772 -0.0263598 0.00178307 0.00131776 0.00207217 0.00216512 -0.000181818 -0.0261329 0.00203226 0.00133333 -0.0015 0.00207692 -0.0259831 0.00292629 0.00282759
internal_weight=1941 874 522 317 352 80 1067 241 85 205 826 259 104 156 68 237 328 567 214 194 539 132 173 155 108 40 130 59 407 174
internal_count=1941 874 522 317 352 80 1067 241 85 205 826 259 104 156 68 237 328 567 214 194 539 132 173 155 108 40 130 59 407 174
is_linear=0
shrinkage=0.03


Tree=29
num_leaves=31
num_cat=0
split_feature=60 9 8 57 36 9 6 43 49 36 6 6 34 4 33 36 48 37 43 21 28 57 34 28 43 9 51 30 3 21
split_gain=125.694 39.2372 42.8463 26.4985 12.2074 8.14869 18.4955 12.2521 7.23049 7.22579 4.92868 12.5202 12.7262 3.85375 7.23921 3.8356 3.34641 2.95251 3.53493 2.89578 1.46269 1.23239 1.26286 1.55317 1.02234 1.66002 0.772325 0.700779 0.214086 0.164602
threshold=1.0000000180025095e-35 149.50000000000003 3.5000000000000004 310.50000000000006 399.85803570000007 141.50000000000003 18.500000000000004 7.2553571430000003 1.0000000180025095e-35 373.31785715000007 26.500000000000004 28.500000000000004 319.89375000000001 4.5000000000000009 22.754464285000005 485.12589285000007 8.5000000000000018 206.81785715000004 4.4241071499999416 8.0000000000000018 1005.4500000000002 235.50000000000003 429.34642855000004 1007.9500000000002 -207.74910714999999 143.50000000000003 160.50000000000003 154.23571425000003 7089669.5000000009 811.00000000000011
decision_type=2 2 2 2 2 2 2 2 2 2 2 2 2 2 2 2 2 2 2 2 2 2 2 2 2 2 2 2 2 2
left_child=1 2 3 21 -5 6 17 -8 15 13 19 12 -12 -3 -15 -4 -14 18 -2 -7 -10 -1 23 -23 25 -21 -27 -13 -22 -19
right_child=5 9 8 4 -6 10 7 -9 20 -11 11 27 16 14 -16 -17 -18 29 -20 24 28 22 -24 -25 -26 26 -28 -29 -30 -31
leaf_value=-2.2469609343107846e-05 -0.097453320741913804 0 0 3.3042654527251634e-06 0 -0.073459509899289288 -0.04521432925189528 0 0 0 2.0836194092695437 -0.027498862395696384 -0.066864429720277091 0 0 0 -0.14195193758182717 0.0073819036443697012 0.92146858612110405 -0.042311911008060754 0 0.00080394659052118267 -0.032794529657136307 -3.2555974315257994e-06 1.7844016618442073 -0.015039013708849537 1.6725460184690484 2.8560533194983244 0 -0.070015821882112861
leaf_weight=23 21 26 20 21 59 33 35 50 30 260 36 29 36 31 35 21 32 93 22 23 102 174 20 20 398 33 80 126 32 20
leaf_count=23 21 26 20 21 59 33 35 50 30 260 36 29 36 31 35 21 32 93 22 23 102 174 20 20 398 33 80 126 32 20
internal_value=-0.00826739 -0.0167025 -0.0114828 -0.00457098 -0.0195 -0.00135801 -0.00621162 -0.0174706 -0.0221707 -0.0244432 5.81115e-05 -0.00337066 -0.0114231 -0.0172174 -0.0133636 -0.0109024 -0.0190588 -7.6923e-05 -0.00676744 0.00162434 -0.0249878 0.000468355 0.00117757 0.00191753 0.0021573 -8.82352e-05 0.00140708 0.00203226 -0.0263284 0.00246903
internal_weight=1941 874 522 317 80 1067 241 85 205 352 826 259 104 92 66 41 68 156 43 567 164 237 214 194 534 136 113 155 134 113
internal_count=1941 874 522 317 80 1067 241 85 205 352 826 259 104 92 66 41 68 156 43 567 164 237 214 194 534 136 113 155 134 113
is_linear=0
shrinkage=0.03


Tree=30
num_leaves=31
num_cat=0
split_feature=11 9 8 27 10 58 9 27 8 48 14 43 10 10 46 37 19 17 1 43 57 26 36 58 48 37 24 10 16 43
split_gain=140.341 43.4938 44.2217 32.1071 13.6036 8.6114 16.4979 12.0874 5.5988 4.35704 4.27999 4.2 4.11846 4.08135 2.758 4.07077 2.25225 2.07788 1.72308 1.62712 1.48647 1.44887 1.34273 1.11413 1.07989 0.942448 0.873473 0.283383 0.198363 0.0545545
threshold=0.22695468355932433 149.50000000000003 3.5000000000000004 310.50000000000006 0.88144907265856365 1006.5500000000001 149.50000000000003 280.50000000000006 2.5000000000000004 26.500000000000004 30.750000000000004 31.913392849999955 -0.79335334029123528 0.77259657388510639 23.250000000000004 687.82946430000015 12.500000000000002 12.500000000000002 649.60714285000006 7.2553571430000003 235.50000000000003 15.250000000000002 74.478571430000002 1007.9500000000002 1.0000000180025095e-35 29.999107145000004 13.950000000000001 -0.97335555334614932 23.550000000000004 -61.542857299999987
decision_type=2 2 2 2 2 2 2 2 2 2 2 2 2 2 2 2 2 2 2 2 2 2 2 2 2 2 2 2 2 2
left_child=5 2 3 20 25 6 7 8 19 10 16 -11 -10 -5 15 -7 -9 -3 21 -1 -2 -8 -22 -24 -12 -4 -16 -20 -28 -30
right_child=1 17 4 13 -6 14 18 9 12 11 24 -13 -14 -15 26 -17 -18 -19 27 -21 22 -23 23 -25 -26 -27 28 -29 29 -31
leaf_value=-0.062843111951363148 -2.1795521062814611e-05 0 0 0 -2.7602416747464368e-06 14.990905921707951 0.0041810247501178777 -0.051532772370070382 -0.049253323472938468 -0.054814527242918062 0.0093206348085233537 0 -0.047796284830217188 -8.0826321807378469e-14 -0.052695137562649756 -0.14154645368623905 -0.02053310582343219 0 -0.0058571954041430844 -0.012830122569617663 -0.031810693767422217 -0.080364736326991537 0.0007572927454177964 -1.0143922912000608e-06 -0.061166224103052211 0 0.031191527097277214 2.5331376273596327 1.7210121983883329 2.7488578210014758
leaf_weight=27 21 22 150 51 20 27 31 29 32 20 88 28 36 21 33 25 20 306 26 32 20 26 164 20 33 23 36 211 61 302
leaf_count=27 21 22 150 51 20 27 31 29 32 20 88 28 36 21 33 25 20 306 26 32 20 26 164 20 33 23 36 211 61 302
internal_value=-0.00845286 -0.0179046 -0.0122449 -0.0049798 -0.0234249 -0.00156812 -0.00385446 -0.00830435 -0.0156614 -0.00401835 -0.00176471 -0.012 -0.00979412 -0.0224167 0.00145041 -0.00507692 -0.0092449 -0.0263598 0.00136735 -0.0224237 0.0006 -0.00331579 0.00138235 0.00218478 0.00126446 -0.0261329 0.00223611 0.00249367 0.00262406 0.00283471
internal_weight=1941 818 490 297 193 1123 639 345 127 218 170 48 68 72 484 52 49 328 294 59 225 57 204 184 121 173 432 237 399 363
internal_count=1941 818 490 297 193 1123 639 345 127 218 170 48 68 72 484 52 49 328 294 59 225 57 204 184 121 173 432 237 399 363
is_linear=0
shrinkage=0.03


Tree=31
num_leaves=31
num_cat=0
split_feature=1 9 8 27 10 10 10 51 40 9 6 10 58 22 27 8 44 44 47 27 46 28 14 38 47 10 36 1 10 38
split_gain=137.229 37.165 44.5103 19.6955 17.265 16.9289 13.8353 9.80293 5.45911 4.75621 9.50654 10.9751 6.59435 5.0839 3.16075 2.6449 3.35186 2.23504 2.15845 1.7722 1.0741 0.991399 0.857599 0.661603 0.422222 0.346566 0.298535 0.0463504 0.0437888 0.0220238
threshold=149.50000000000003 149.50000000000003 3.5000000000000004 310.50000000000006 0.88144907265856365 0.97335555334614954 0.77259657388510639 19.500000000000004 535.77194940854179 149.50000000000003 26.500000000000004 0.44228869021900147 1006.35 344.50000000000006 273.50000000000006 4.5000000000000009 30.350000000000005 29.450000000000003 47.500000000000007 235.50000000000003 23.950000000000003 1007.9500000000002 31.750000000000004 26.270535713750004 12.500000000000002 -0.97335555334614932 122.85625 1077.4285715000003 -0.81241147629689037 1040.9241072125003
decision_type=2 2 2 2 2 2 2 2 2 2 2 2 2 2 2 2 2 2 2 2 2 2 2 2 2 2 2 2 2 2
left_child=1 2 3 8 17 7 -5 24 19 10 12 14 13 15 -12 16 20 28 22 -1 -2 26 -15 -11 -3 -25 -21 -14 -4 -27
right_child=9 5 4 6 -6 -7 -8 -9 -10 23 11 -13 27 18 -16 -17 -18 -19 -20 21 -22 -23 -24 25 -26 29 -28 -29 -30 -31
leaf_value=-2.1141655430930172e-05 -0.032477697553892501 0 0 0 -0.035917230696532125 -0.070699706281996927 -7.8401532153157119e-14 -0.012572916716101253 -0.081722992344176612 -0.053496886319081782 -0.019400005759633607 1.9373605926810102 0.072898588561327041 -0.036876191409167543 -0.1447430600689632 -0.037817592647264274 -0.044552697926192188 -0.046514718046574179 -0.021481304451111148 -0.0028219022239120393 -0.042692593473184721 -9.8396052246405882e-07 0.00038490367708852985 -0.0013935280923620271 0 3.0837973500611104 0.00075535901556533227 4.9899726345319717 0 6.514315055230548
leaf_weight=25 20 20 20 51 36 32 34 21 25 20 33 35 20 23 30 33 21 24 28 26 21 20 86 39 304 296 163 254 141 40
leaf_count=25 20 20 20 51 36 32 34 21 25 20 33 35 20 23 30 33 21 24 28 26 21 20 86 39 304 296 163 254 141 40
internal_value=-0.00798918 -0.0162038 -0.0113363 -0.00458721 -0.0218416 -0.0234987 -0.0171176 -0.0254348 -0.000474903 -0.000243243 -0.00191722 -0.0104694 -0.000260869 -0.00398276 -0.0179524 -0.00931579 -0.0129677 -0.0255405 -0.000284671 0.000948718 -0.00797561 0.00185167 0.00162385 0.00231646 -0.0267222 0.0026 0.00252381 0.00289051 -0.0268137 0.00291071
internal_weight=1941 942 565 344 221 377 85 345 259 999 604 98 506 232 63 95 62 185 137 234 41 209 109 395 324 375 189 274 161 336
internal_count=1941 942 565 344 221 377 85 345 259 999 604 98 506 232 63 95 62 185 137 234 41 209 109 395 324 375 189 274 161 336
is_linear=0
shrinkage=0.03


Tree=32
num_leaves=31
num_cat=0
split_feature=11 12 8 57 11 4 10 17 17 2 2 10 48 17 12 8 47 30 27 34 28 35 14 10 30 52 31 36 33 28
split_gain=150.814 49.3376 39.3333 25.7653 15.4871 10.2503 8.58484 4.1616 4.11456 3.61866 3.025 2.58484 3.1213 2.43006 4.81629 14.4392 2.30061 1.7145 1.43843 1.29216 1.60541 1.22155 1.03022 0.695425 0.571784 1.5469 0.564027 0.87291 0.4 0.0570361
threshold=0.22695468355932433 0.53946920585801694 3.5000000000000004 310.50000000000006 0.47114434510950071 16.500000000000004 0.77259657388510639 12.500000000000002 2.5000000000000004 7918.0000000000009 6291.4375000000009 0.9946518923062071 26.500000000000004 13.500000000000002 0.56811179347017271 3.5000000000000004 6.5000000000000009 754.41517855000018 235.50000000000003 429.34642855000004 1007.9500000000002 966.0875000000002 31.650000000000002 -0.72947329433276231 987.0571428500001 557.00000000000011 9.5491071430000023 122.85625 552.42142855000009 1008.85
decision_type=2 2 2 2 2 2 2 2 2 2 2 2 2 2 2 2 2 2 2 2 2 2 2 2 2 2 2 2 2 2
left_child=5 16 3 18 10 11 -5 8 -7 -10 -4 13 -13 14 15 17 -2 -1 -3 20 -20 28 -16 -6 26 -26 27 -15 -9 -28
right_child=1 2 4 6 23 7 -8 21 9 -11 -12 12 -14 24 22 -17 -18 -19 19 -21 -22 -23 -24 -25 25 -27 29 -29 -30 -31
leaf_value=-0.058270888423105953 0 -2.0507405768002266e-05 0.0010748394864714596 0 0 -0.015384308255422391 -7.60494861885624e-14 -0.025688911458729317 -0.049153491091743357 -0.045390752172952742 0 -0.10414715414969943 0.0027884938378070945 -0.066840538860718585 -0.040076187790495009 3.0190832153369689 0 -0.148158785408701 0.00073619903433207613 -0.028404683184074256 -3.1039739809137604e-06 0.004129425262182131 5.1035252022790916 0 5.5971815906694564 -0.58873734776255771 0.0070779291707314968 0.006033492044640057 -0.042531052922436252 1.5380764391402433
leaf_weight=22 20 21 20 50 20 28 21 20 26 33 20 23 34 23 21 61 308 20 165 20 20 39 135 133 61 26 447 29 20 55
leaf_count=22 20 21 20 50 20 28 21 20 26 33 20 23 34 23 21 61 308 20 165 20 20 39 135 133 61 26 447 29 20 55
internal_value=-0.00755641 -0.0173545 -0.0113265 -0.00447475 -0.0218705 -0.000419412 -0.0202394 -0.0073012 -0.0118276 -0.016322 -0.00525 0.000774295 -0.00542105 0.00116667 -0.00128571 -0.00632039 -0.0263598 -0.0198571 0.000477876 0.0012439 0.00202703 -0.00231646 0.00203846 -0.0262157 0.00215757 -0.000103448 0.00251264 -0.000461538 -0.006 0.00282072
internal_weight=1941 818 490 297 193 1123 71 166 87 59 40 957 57 900 259 103 328 42 226 205 185 79 156 153 641 87 554 52 40 502
internal_count=1941 818 490 297 193 1123 71 166 87 59 40 957 57 900 259 103 328 42 226 205 185 79 156 153 641 87 554 52 40 502
is_linear=0
shrinkage=0.03


Tree=33
num_leaves=31
num_cat=0
split_feature=11 9 8 57 11 4 11 17 17 2 46 6 6 2 47 6 40 56 51 57 34 28 35 58 41 11 21 41 35 34
split_gain=145.158 49.3376 39.3333 25.7653 15.4871 9.31758 8.58484 4.1616 4.11456 3.61866 3.09173 4.78474 13.7143 3.025 2.30061 2.28571 2.18531 2.29592 3.10218 1.43843 1.29216 1.60541 1.22155 1.08709 1.93316 0.994825 0.702001 1.08767 0.951452 0.695425
threshold=0.22695468355932433 149.50000000000003 3.5000000000000004 310.50000000000006 0.47114434510950071 16.500000000000004 0.63405362205439486 12.500000000000002 2.5000000000000004 7918.0000000000009 23.950000000000003 26.500000000000004 27.500000000000004 6291.4375000000009 6.5000000000000009 28.500000000000004 2.1657738095833339 7.8500000000000005 2.0000000000000004 235.50000000000003 429.34642855000004 1007.9500000000002 966.0875000000002 1006.1500000000002 341.41430920263832 -0.3520614488341256 577.00000000000011 234.85851218711937 182.19285710000003 70.318750000000009
decision_type=2 2 2 2 2 2 2 2 2 2 2 2 2 2 2 2 2 2 2 2 2 2 2 2 2 2 2 2 2 2
left_child=5 2 3 19 13 10 -5 8 -7 -10 11 23 -13 -4 -3 -14 17 18 -12 -2 21 -21 -9 24 25 26 -1 -28 -29 -6
right_child=1 14 4 6 29 7 -8 22 9 -11 16 12 15 -15 -16 -17 -18 -19 -20 20 -22 -23 -24 -25 -26 -27 27 28 -30 -31
leaf_value=0.0012788515442416113 -1.9892183594962203e-05 0 0.0010425943018773157 -7.3768001602905524e-14 0 -0.014922779007759721 0 -0.041138753137923208 -0.047678886358991063 -0.044029029607764156 0.0048539684191984695 -0.057716625483180108 -0.14844390577419384 0 0 12.727779421377518 1.9384579222413463 0.0088970420078027246 -0.085729448033073932 0.00071411306330211382 -0.027552542688552027 -3.0108547614863476e-06 0.0040055425043166674 3.8624597976630097 -0.16606112152470534 -0.1048406869998284 2.0513577703564199 0.00016101869973281915 -0.095242535806049161 0
leaf_weight=80 21 20 20 21 133 28 50 40 26 33 25 24 36 20 308 48 454 49 24 165 20 20 39 96 22 25 33 21 20 20
leaf_count=80 21 20 20 21 133 28 50 40 26 33 25 24 36 20 308 48 454 49 24 165 20 20 39 96 22 25 33 21 20 20
internal_value=-0.00774189 -0.0173545 -0.0113265 -0.00447475 -0.0218705 -0.000739982 -0.0202394 -0.0073012 -0.0118276 -0.016322 0.000398119 -0.00159259 -0.007 -0.00525 -0.0263598 -0.00128571 0.0018587 -0.00220408 -0.00679592 0.000477876 0.0012439 0.00202703 -0.00231646 0.000373737 -0.000880597 0.000150838 0.00105195 -0.00105405 -0.00431707 -0.0262157
internal_weight=1941 818 490 297 193 1123 71 166 87 59 957 405 108 40 328 84 552 98 49 226 205 185 79 297 201 179 154 74 41 153
internal_count=1941 818 490 297 193 1123 71 166 87 59 957 405 108 40 328 84 552 98 49 226 205 185 79 297 201 179 154 74 41 153
is_linear=0
shrinkage=0.03


Tree=34
num_leaves=31
num_cat=0
split_feature=11 9 8 57 11 10 4 8 54 8 9 8 41 2 10 14 41 16 9 37 57 57 34 28 41 23 10 16 10 26
split_gain=135.07 49.3376 39.3333 25.7653 15.4871 8.58484 7.72312 5.41434 7.12566 14.8527 4.43289 8.47565 3.73698 3.025 2.94318 2.41976 2.35862 2.05818 1.69323 1.84091 1.48394 1.43843 1.29216 1.60541 0.902628 1.225 0.695425 0.680297 0.658096 1.41061
threshold=0.22695468355932433 149.50000000000003 3.5000000000000004 310.50000000000006 0.47114434510950071 0.77259657388510639 16.500000000000004 2.5000000000000004 589.20000000000016 1.5000000000000002 140.50000000000003 1.0000000180025095e-35 395.22518978369902 6291.4375000000009 0.98611507088852057 31.750000000000004 271.87549080938328 25.750000000000004 144.50000000000003 147.17857140000004 308.50000000000006 235.50000000000003 429.34642855000004 1007.9500000000002 391.44535458203717 198.50000000000003 -0.72947329433276231 24.550000000000004 -0.79335334029123528 17.450000000000003
decision_type=2 2 2 2 2 2 2 2 2 2 2 2 2 2 2 2 2 2 2 2 2 2 2 2 2 2 2 2 2 2
left_child=6 2 3 21 13 -5 7 8 10 15 11 -1 16 -4 -12 -10 -8 24 19 -18 -3 -2 23 -23 28 -26 -6 -20 29 -9
right_child=1 20 4 5 26 -7 12 17 9 -11 14 -13 -14 -15 -16 -17 18 -19 27 -21 -22 22 -24 -25 25 -27 -28 -29 -30 -31
leaf_value=2.33107735487406 -1.9295418087113335e-05 0 0.0010113164728209963 0 0 -7.155496155481835e-14 -0.039904590543785513 -0.033863485020797328 -0.056437174154376102 -0.161079287437601 0.41885234285713946 -0.11474955086722646 -0.044730663221767948 0 -0.093368960534184781 0.00042727095331167905 -0.040497022789520672 -0.048818301253493061 0.25679676065109869 -0.033008152904053741 0 0.00069268967140305047 -0.026725966407895468 -2.9205291186417573e-06 17.449173353632993 -0.16629532737790154 0 -0.018285723403486321 1.122899832343855 1.6381278816981848
leaf_weight=27 21 298 20 50 20 21 20 22 20 42 198 23 24 20 34 61 22 30 40 22 30 165 20 20 20 20 133 38 422 38
leaf_count=27 21 298 20 50 20 21 20 22 20 42 198 23 24 20 34 61 22 30 40 22 30 165 20 20 20 20 133 38 422 38
internal_value=-0.00808192 -0.0173545 -0.0113265 -0.00447475 -0.0218705 -0.0202394 -0.00132769 -0.000291536 -0.00292593 -0.00895122 -0.000297872 -0.0084 -0.0073012 -0.00525 0.00144828 -0.00144444 -0.0054507 0.0016413 -0.00388525 -0.00859091 -0.0263598 0.000477876 0.0012439 0.00202703 0.00208046 -0.00225 -0.0262157 -0.00123077 0.00243983 -0.0005
internal_weight=1941 818 490 297 193 71 1123 957 405 123 282 50 166 40 232 81 142 552 122 44 328 226 205 185 522 40 153 78 482 60
internal_count=1941 818 490 297 193 71 1123 957 405 123 282 50 166 40 232 81 142 552 122 44 328 226 205 185 522 40 153 78 482 60
is_linear=0
shrinkage=0.03


Tree=35
num_leaves=31
num_cat=0
split_feature=11 12 8 57 11 10 11 12 6 10 58 26 41 2 14 47 52 16 15 54 44 19 14 52 57 2 58 22 57 10
split_gain=120.036 49.7403 39.7914 26.0965 15.4871 8.58484 8.09856 8.27826 11.8013 12.4002 12.1206 13.3263 3.2871 3.025 2.97547 2.30061 2.15017 2.09627 1.76196 2.12405 2.12005 1.75056 1.70672 1.57702 1.48995 1.18273 1.11339 0.89686 0.742424 0.695425
threshold=0.22695468355932433 0.53946920585801694 3.5000000000000004 310.50000000000006 0.47114434510950071 0.77259657388510639 -0.16280825711808986 0.53946920585801694 26.500000000000004 0.47114434510950082 1006.35 16.450000000000003 397.20217634580752 6291.4375000000009 31.750000000000004 6.5000000000000009 441.50000000000006 23.750000000000004 84.500000000000014 279.35000000000008 30.150000000000002 48.500000000000007 32.350000000000001 241.50000000000003 235.50000000000003 8905.8928570000007 1007.9500000000002 1.0000000180025095e-35 198.50000000000003 -0.72947329433276231
decision_type=2 2 2 2 2 2 2 2 2 2 2 2 2 2 2 2 2 2 2 2 2 2 2 2 2 2 2 2 2 2
left_child=6 15 3 24 13 -5 7 -1 10 22 11 16 18 -4 -13 -2 17 -9 19 27 -21 28 -10 -22 -3 26 -26 -8 -20 -6
right_child=1 2 4 5 29 -7 12 8 9 -11 -12 14 -14 -15 -16 -17 -18 -19 21 20 23 -23 -24 -25 25 -27 -28 -29 -30 -31
leaf_value=2.812154021283007 0 -1.8716555544499934e-05 0.00098097697863636633 0 0 -6.9408312708173806e-14 -0.038301188722650412 -0.11130706434120968 -0.04710778941438426 3.1353021411958091 4.5350944230638932 -0.05272986357149085 -0.043406984597487555 0 0.00713353656729323 0 -0.15772787888443862 -0.053642811212149991 -0.015233819202548829 -0.04236734631465662 0.012678720532353209 -0.098108659582694976 -0.14667134454006603 -0.037648780611777566 0.00064515395875175353 -0.013868108003916227 -6.8338097095888131e-07 0.014562397359601255 -0.047153290239345981 0
leaf_weight=346 20 21 20 50 20 21 33 25 22 28 257 39 23 20 83 308 25 21 25 23 22 21 36 21 163 22 20 43 30 133
leaf_count=346 20 21 20 50 20 21 33 25 22 28 257 39 23 20 83 308 25 21 25 23 22 21 36 21 163 22 20 43 30 133
internal_value=-0.00857651 -0.0173178 -0.0112653 -0.00437374 -0.0218705 -0.0202394 -0.00220926 -0.000877551 -0.00321269 -0.0133953 -0.00126667 -0.00694819 -0.00708299 -0.00525 -0.000934426 -0.0263598 -0.0172817 -0.0211304 -0.00594495 -0.00397183 -0.00790909 -0.00963158 -0.0213103 -0.00397674 0.00061062 0.00139024 0.00218033 -0.000552631 -0.00681818 -0.0262157
internal_weight=1941 818 490 297 193 71 1123 882 536 86 450 193 241 40 122 328 71 46 218 142 66 76 58 43 226 205 183 76 55 153
internal_count=1941 818 490 297 193 71 1123 882 536 86 450 193 241 40 122 328 71 46 218 142 66 76 58 43 226 205 183 76 55 153
is_linear=0
shrinkage=0.03


Tree=36
num_leaves=31
num_cat=0
split_feature=11 9 57 10 6 6 1 9 6 58 26 33 41 11 2 47 30 44 35 26 36 6 11 6 24 2 1 1 36 18
split_gain=121.154 50.1447 36.9692 12.0637 9.62917 24.3714 8.65436 7.35993 10.071 11.051 12.4991 10.8926 3.23874 2.87609 2.46257 2.30061 2.22578 2.06741 2.24799 1.89762 2.07057 1.76183 1.46625 1.42882 1.38365 1.04675 1.01499 1.83372 1.11201 1.38186
threshold=0.22695468355932433 149.50000000000003 303.50000000000006 0.84874750804349197 21.500000000000004 24.500000000000004 1147.6517855000002 149.50000000000003 26.500000000000004 1006.35 15.550000000000002 498.2142857500001 397.20217634580752 0.47114434510950071 1719.2142860000001 6.5000000000000009 987.0571428500001 31.950000000000003 771.96428570000012 18.150000000000002 170.28125000000003 26.500000000000004 0.83146961230254512 17.500000000000004 752.1500000000002 7826.0714285000004 1.0000000180025095e-35 149.50000000000003 2.7142857145000003 3.5000000000000004
decision_type=2 2 2 2 2 2 2 2 2 2 2 2 2 2 2 2 2 2 2 2 2 2 2 2 2 2 2 2 2 2
left_child=6 2 4 22 25 13 12 8 9 10 14 -10 19 -6 -8 -3 17 18 -12 20 26 -7 23 -4 -13 -2 -1 -28 29 -29
right_child=1 15 3 -5 5 21 7 -9 11 -11 16 24 -14 -15 -16 -17 -18 -19 -20 -21 -22 -23 -24 -25 -26 -27 27 28 -30 -31
leaf_value=-0.0014495731993807853 0.0010344456401008737 0 0 -2.0197816289339968e-14 0 -1.8155058878164935e-05 -0.10796785241097338 2.5500184519829778 0.0086476305651515505 4.5260754012206013 -0.053162163022600101 -0.1759126915387571 -0.042104775059562928 0 -0.15299604251790547 0 -0.1454974908987183 0.0069195304702744332 0.013326098959195546 -0.074940297264175004 -0.027337619841931952 0.00055700597235405357 0 0 -0.055126387039910969 -0.025508144175541116 -0.066585787221326367 -0.017717432979466721 0.0035584339105222853 -0.048415969043815711
leaf_weight=53 103 20 23 28 20 33 27 349 33 253 21 33 23 49 20 308 28 75 25 25 24 76 100 38 20 20 25 22 42 25
leaf_count=53 103 20 23 28 20 33 27 349 33 253 21 33 23 49 20 308 28 75 25 25 24 76 100 38 20 20 25 22 42 25
internal_value=-0.00849923 -0.0172812 -0.0112041 -0.0216032 -0.00467442 -0.00913483 -0.0021024 -0.000733032 -0.00294393 -0.00114254 -0.0064898 -0.0123488 -0.00716736 -0.023087 -0.0199787 -0.0263598 -0.0022349 -0.000471074 -0.00547826 -0.00602778 -0.00501047 -0.000302752 -0.024764 -0.0210984 -0.0207736 0.00178049 -0.00382635 -0.00542105 -0.00340449 -0.00657447
internal_weight=1941 818 490 189 301 178 1123 884 535 449 196 86 239 69 47 328 149 121 46 216 191 109 161 61 53 123 167 114 89 47
internal_count=1941 818 490 189 301 178 1123 884 535 449 196 86 239 69 47 328 149 121 46 216 191 109 161 61 53 123 167 114 89 47
is_linear=0
shrinkage=0.03


Tree=37
num_leaves=31
num_cat=0
split_feature=11 9 8 57 10 10 58 9 8 37 2 45 50 57 26 46 8 37 23 28 24 47 57 10 16 34 28 35 3 58
split_gain=121.74 49.7403 36.369 25.1091 15.4509 8.58484 8.47746 14.0559 9.30623 6.7698 6.44924 6.03893 4.78172 4.29838 3.68849 3.28465 4.21978 2.85348 2.61266 2.60223 2.4407 2.30061 1.71958 1.27667 1.11811 0.89733 1.11486 0.498113 0.334308 0.1477
threshold=0.22695468355932433 149.50000000000003 3.5000000000000004 310.50000000000006 0.84874750804349197 0.77259657388510639 1006.5500000000001 149.50000000000003 4.5000000000000009 7.0553571430000011 4.1428571430000014 73.500000000000014 32.500000000000007 235.50000000000003 13.550000000000002 23.250000000000004 3.5000000000000004 442.08571425000008 163.50000000000003 1004.85 13.950000000000001 6.5000000000000009 277.50000000000006 -0.97335555334614932 24.650000000000002 429.34642855000004 1007.9500000000002 694.38035715000012 7272772.5000000009 1008.85
decision_type=2 2 2 2 2 2 2 2 2 2 2 2 2 2 2 2 2 2 2 2 2 2 2 2 2 2 2 2 2 2
left_child=6 2 3 13 14 -5 7 8 9 22 -9 -10 17 -2 -4 16 -8 19 -19 -11 -17 -3 -1 24 -12 26 -15 -21 29 -22
right_child=1 21 4 5 -6 -7 15 10 11 12 23 -13 -14 25 -16 20 -18 18 -20 27 28 -23 -24 -25 -26 -27 -28 -29 -30 -31
leaf_value=-0.029284805337998519 -3.2709828626971029e-05 0 0 0 6.0593448868019907e-16 -6.6720128838248401e-14 -0.1572726865236474 -0.057129638142173172 0.41902554979975593 -0.035837066180761025 0.01400013760028032 -0.046580076996924805 -0.051567298131922096 0.0006869451478579287 0 -0.041542929428093796 12.74040581299907 -0.0098633476593931891 -0.13965531939810097 -0.10472881683864418 2.1851390910272448 0 0.019462706299067791 1.3986997180755489 -0.074547485121718715 -0.024742899850274884 -1.1822777548516685e-07 -0.047884615464311879 -0.095826993192274293 1.6105020877399123
leaf_weight=28 21 20 132 50 25 21 28 21 84 23 33 27 35 165 36 33 24 32 37 33 302 308 26 217 23 20 20 20 21 76
leaf_count=28 21 20 132 50 25 21 28 21 84 23 33 27 35 165 36 33 24 32 37 33 302 308 26 217 23 20 20 20 21 76
internal_value=-0.00851468 -0.0173178 -0.0112653 -0.00467677 -0.0214041 -0.0202394 -0.0021024 -0.00437089 -0.00847826 -0.0118718 0.00044898 -0.00132432 -0.0146667 0.000212389 -0.0246786 0.000892562 -0.00623077 -0.017069 -0.0126522 -0.0210789 0.00175 -0.0263598 -0.00255556 0.00168132 -0.00235714 0.00153659 0.00218919 -0.0247358 0.0023985 0.00260317
internal_weight=1941 818 490 297 193 71 1123 639 345 234 294 111 180 226 168 484 52 145 69 76 432 328 54 273 56 205 185 53 399 378
internal_count=1941 818 490 297 193 71 1123 639 345 234 294 111 180 226 168 484 52 145 69 76 432 328 54 273 56 205 185 53 399 378
is_linear=0
shrinkage=0.03


Tree=38
num_leaves=31
num_cat=0
split_feature=1 9 8 27 10 36 10 9 28 8 44 6 10 51 34 49 27 27 37 8 40 17 1 40 28 17 10 10 36 27
split_gain=123.24 42.8826 36.7761 18.6142 16.2301 12.4381 12.2373 7.72786 11.6727 11.4997 6.92308 6.04074 10.6382 5.89142 5.83187 5.16877 4.29332 3.83574 1.92481 1.91852 3.85082 1.53164 1.41702 1.23248 0.95397 0.664866 0.582987 0.547003 0.433655 0.186928
threshold=149.50000000000003 149.50000000000003 3.5000000000000004 310.50000000000006 0.84874750804349197 165.77142855000002 0.77259657388510639 149.50000000000003 1006.5500000000001 4.5000000000000009 29.450000000000003 26.500000000000004 0.47114434510950082 581.50000000000011 653.90714285000013 3.5000000000000004 235.50000000000003 270.50000000000006 147.17857140000004 2.5000000000000004 720.66785715541675 12.500000000000002 2029.6428570000003 7.0333333333333341 1007.9500000000002 39.500000000000007 0.97335555334614954 -0.97335555334614932 122.85625 312.50000000000006
decision_type=2 2 2 2 2 2 2 2 2 2 2 2 2 2 2 2 2 2 2 2 2 2 2 2 2 2 2 2 2 2
left_child=1 2 3 14 10 26 -5 8 9 13 -4 -10 -13 15 16 18 -1 -15 -2 20 -19 -7 -11 -9 28 -6 -3 -25 -18 -23
right_child=7 5 4 6 25 21 -8 23 11 22 -12 12 -14 17 -16 -17 24 19 -20 -21 -22 29 -24 27 -26 -27 -28 -29 -30 -31
leaf_value=-2.6588879189564342e-05 -0.034779104963092992 -0.0052005113107368283 0 0 2.6419867023286247e-11 0 -6.93895781969844e-08 -0.049161898346217682 2.1195849114077694 -0.041916670126655321 -0.036451482504186415 -0.17383964231110199 3.5930430203379689 -0.14421649785273616 -0.096907576737901541 -0.032864797774778562 -0.0015785693553184701 -0.13400718628411143 -0.10158695233348487 1.6508048428583639 -0.12963176655728995 0 1.2459575304385873 -0.013768072186952668 -1.1468094222061184e-07 -0.044060371805166275 -0.067024453281484056 3.1107302844200166 0.00068322401932850219 0
leaf_weight=25 21 28 156 51 21 21 34 24 252 20 24 24 33 21 20 35 31 38 36 30 20 286 74 39 20 20 22 332 163 20
leaf_count=25 21 28 156 51 21 21 34 24 252 20 24 24 33 21 20 35 31 38 36 30 20 286 74 39 20 20 22 332 163 20
internal_value=-0.00851468 -0.0162994 -0.0110708 -0.00493605 -0.0206199 -0.0241353 -0.0171176 -0.00117417 -0.00330795 -0.00757627 -0.0245 0.00076699 -0.00805263 -0.0116269 -0.000938224 -0.0172174 0.000364017 -0.00690826 -0.0227895 -0.00415909 -0.00734483 -0.0262661 0.00108511 0.00208861 0.00173832 -0.00358537 -0.0102 0.00251482 0.00238144 -0.0268039
internal_weight=1941 942 565 344 221 377 85 999 604 295 180 309 57 201 259 92 239 109 57 88 58 327 94 395 214 41 50 371 194 306
internal_count=1941 942 565 344 221 377 85 999 604 295 180 309 57 201 259 92 239 109 57 88 58 327 94 395 214 41 50 371 194 306
is_linear=0
shrinkage=0.03


Tree=39
num_leaves=31
num_cat=0
split_feature=11 9 8 57 1 10 10 8 15 9 6 20 27 44 27 41 36 9 36 54 17 10 17 11 58 16 2 9 2 10
split_gain=124.006 41.839 40.0444 23.5757 12.4901 11.0799 8.42577 4.74669 9.30206 7.7873 6.09532 4.36552 4.29522 3.93196 3.73061 3.44576 3.844 3.23077 2.57004 2.09626 2.01662 1.83333 1.75584 1.05561 0.924428 0.9 0.712808 1.55571 0.708046 0.625
threshold=0.29012925520284111 149.50000000000003 3.5000000000000004 310.50000000000006 1147.6517855000002 0.84874750804349197 0.72947329433276253 3.5000000000000004 59.500000000000007 141.50000000000003 26.500000000000004 32.500000000000007 284.50000000000006 29.250000000000004 235.50000000000003 397.20217634580752 267.70982145000011 141.50000000000003 240.41785715000003 284.25000000000006 68.500000000000014 0.98611507088852057 2.5000000000000004 -0.290129255202841 1007.9500000000002 23.150000000000002 6601.5535715000015 143.50000000000003 8905.8928570000007 -0.25881904510252113
decision_type=2 2 2 2 2 2 2 2 2 2 2 2 2 2 2 2 2 2 2 2 2 2 2 2 2 2 2 2 2 2
left_child=4 2 3 14 15 13 -5 8 10 11 17 12 -10 -4 -2 16 19 -6 -3 20 -1 -22 -21 -11 28 -12 -9 -28 -16 -13
right_child=1 18 5 6 7 -7 -8 26 9 23 25 29 -14 -15 24 -17 -18 -19 -20 22 21 -23 -24 -25 -26 -27 27 -29 -30 -31
leaf_value=-0.0010564702101874314 -1.7341387646340865e-05 0 0 0 -0.1398900067248432 -7.9206884767628024e-13 0 2.6596924864496918 -0.027995809977435084 2.2645139827694716 -0.18646224245072288 -0.11559511947193296 -0.098539343763480336 0 0.00069159473110447928 -0.036607344745693056 -0.024175819264256992 10.065563565770667 0 -0.033658553360581454 -0.0034320280938050169 -0.086793538881588153 -0.035137299348120661 -0.03246025781415246 -1.1124051395399349e-07 -0.050126755812909027 -0.057408279096111327 0.38366306725539756 -0.021093385552629587 2.573002673606593
leaf_weight=104 20 27 141 47 24 20 21 326 21 281 20 20 26 22 154 30 25 28 285 20 33 33 35 28 20 20 20 50 20 20
leaf_count=104 20 27 141 47 24 20 21 326 21 281 20 20 26 22 154 30 25 28 285 20 33 33 35 28 20 20 20 50 20 20
internal_value=-0.00806646 -0.0173475 -0.0116452 -0.00455319 -0.00187113 -0.0225738 -0.0199412 -0.000122172 -0.00210246 -0.00010606 -0.0106957 -0.00803448 -0.014234 -0.0251595 0.000336449 -0.00739286 -0.00624 -0.00392308 -0.0258462 -0.005 -0.00335294 -0.00745455 -0.0100909 0.00212621 0.00160825 -0.0195 0.00231818 -0.000428571 0.00231034 -0.00075
internal_weight=1941 777 465 282 1164 183 68 884 488 396 92 87 47 163 214 280 250 52 312 225 170 66 55 309 194 40 396 70 174 40
internal_count=1941 777 465 282 1164 183 68 884 488 396 92 87 47 163 214 280 250 52 312 225 170 66 55 309 194 40 396 70 174 40
is_linear=0
shrinkage=0.03


Tree=40
num_leaves=31
num_cat=0
split_feature=11 9 8 27 10 10 9 6 54 10 10 6 6 14 27 26 37 39 46 36 38 1 20 27 10 16 43 19 26 49
split_gain=124.42 41.839 40.0444 21.6977 11.0799 9.08709 6.43001 8.64466 16.7511 6.57274 6.22668 4.64197 9.60007 4.3865 4.30585 3.89577 3.64124 2.85833 2.81415 2.57004 2.19539 1.76589 1.33333 2.06148 1.19995 0.805218 0.787363 0.703125 1.25735 0.683397
threshold=0.29012925520284111 149.50000000000003 3.5000000000000004 310.50000000000006 0.84874750804349197 0.72947329433276253 149.50000000000003 26.500000000000004 483.25000000000006 -0.97335555334614932 0.97335555334614954 20.500000000000004 18.500000000000004 29.250000000000004 235.50000000000003 10.950000000000001 41.13750000000001 674.18270089375017 24.650000000000002 240.41785715000003 852.85781253750008 3255.6250000000005 31.500000000000004 309.50000000000006 -0.97335555334614932 24.650000000000002 10.442857145000003 1.5000000000000002 9.3500000000000032 11.500000000000002
decision_type=2 2 2 2 2 2 2 2 2 2 2 2 2 2 2 2 2 2 2 2 2 2 2 2 2 2 2 2 2 2
left_child=6 2 3 14 13 -5 7 9 -9 16 24 12 22 -4 -2 -14 -1 -17 -12 -3 -10 26 -11 -24 25 -8 -13 -16 -29 -18
right_child=1 19 4 5 -6 -7 10 8 20 11 18 21 15 -15 27 17 29 -19 -20 -21 -22 -23 23 -25 -26 -27 -28 28 -30 -31
leaf_value=-0.038769386849789519 -1.8081731337218485e-05 0 0 0 -7.6830678224599184e-13 0 0.0123641514582699 0.036288023067643581 -0.068161658110424267 0.84698990515210215 -0.03895621277339914 -0.027427478017233931 -0.026935340056606121 0 0.00049109935138736598 -0.095583163450575909 -0.036072964723370016 -0.13045354662443537 -0.048636734407465826 0 -0.15510807405226751 5.5004339842737391 -0.085809449927774645 1.3031680970307542 2.1179395228550821 -0.071164038798225915 0.26764048735294538 0.00094155935394912014 -0.0074984832042086051 -0.0062894075696670404
leaf_weight=25 21 27 143 48 20 21 33 50 41 100 21 39 26 20 120 21 31 35 38 285 23 221 27 23 345 23 22 38 34 20
leaf_count=25 21 27 143 48 20 21 33 50 41 100 21 39 26 20 120 21 31 35 38 285 23 221 27 23 345 23 22 38 34 20
internal_value=-0.008051 -0.0173475 -0.0116452 -0.00455319 -0.0225738 -0.0191739 -0.00184536 -0.00364773 -0.0112105 -0.00218644 0.000913044 -0.000968871 -0.00411207 -0.0251595 0.000183099 -0.0123659 -0.0104211 -0.0168214 -0.00818644 -0.0258462 -0.021375 0.00161702 0.0004 -0.0036 0.00225187 -0.00182143 -0.00290164 0.00159375 -0.00075 -0.00582353
internal_weight=1941 777 465 282 183 69 1164 704 114 590 460 514 232 163 213 82 76 56 59 312 64 282 150 50 401 56 61 192 72 51
internal_count=1941 777 465 282 183 69 1164 704 114 590 460 514 232 163 213 82 76 56 59 312 64 282 150 50 401 56 61 192 72 51
is_linear=0
shrinkage=0.03


Tree=41
num_leaves=31
num_cat=0
split_feature=11 12 8 57 11 10 11 12 12 51 58 8 27 20 27 2 41 15 17 14 38 36 14 40 37 35 20 12 59 22
split_gain=119.885 48.3502 40.4655 24.3438 13.8457 10.8652 9.19897 6.16823 11.0737 12.0598 8.62881 7.25193 3.72217 2.95873 4.76309 2.5 2.14901 2.25986 2.57297 2.10468 1.89761 1.86995 1.63636 1.56638 1.20935 1.1683 0.962758 0.858383 2.0326 0.632838
threshold=0.22695468355932433 0.53946920585801694 3.5000000000000004 310.50000000000006 0.47114434510950071 0.77259657388510639 -0.16280825711808986 0.53946920585801694 0.56811179347017271 583.50000000000011 1006.35 2.5000000000000004 235.50000000000003 32.500000000000007 274.50000000000006 6291.4375000000009 399.63977971280133 84.500000000000014 12.500000000000002 30.150000000000002 852.85781253750008 201.29375000000002 31.750000000000004 465.46778274041668 395.94910715000003 987.0571428500001 18.500000000000004 0.52490632455031438 0.45000000000000007 1.0000000180025095e-35
decision_type=2 2 2 2 2 2 2 2 2 2 2 2 2 2 2 2 2 2 2 2 2 2 2 2 2 2 2 2 2 2
left_child=6 21 3 12 15 -5 7 -1 9 -9 11 13 -3 14 -10 -4 17 18 19 -8 -11 -2 -13 -14 -16 -23 -6 28 -19 -20
right_child=1 2 4 5 26 -7 16 8 10 20 -12 22 23 -15 24 -17 -18 27 29 -21 -22 25 -24 -25 -26 -27 -28 -29 -30 -31
leaf_value=2.4194592568379201 -0.063350476240024739 -1.4768752307817144e-05 0.00095532882183535191 0 0 -9.7046257779741871e-08 -0.03804212016595615 0.043904288538252005 -0.13177970012436482 -0.12961609611088756 4.0374169038308274 -0.067020966795875533 0.00054434356270070751 -0.045269409576259349 -0.092715668547058649 -0.0022123766442740229 -0.034346042835887484 -0.015955811180274296 -0.033580323338712741 -0.0043606147334383982 -0.15045483183069955 0 6.322096286027227 -0.020235629489924446 -0.11763250695618097 0 0 -0.094451000627806189 -0.081149100559672324 0.01096054307508806
leaf_weight=346 22 21 20 50 132 21 34 30 20 33 257 33 185 31 22 20 20 27 33 20 23 286 66 20 21 20 21 23 26 58
leaf_count=346 22 21 20 50 132 21 34 30 20 33 257 33 185 31 22 20 20 27 33 20 23 286 66 20 21 20 21 23 26 58
internal_value=-0.00825193 -0.0169878 -0.0110204 -0.00407071 -0.021715 -0.0193944 -0.00188869 -0.000469388 -0.00248507 -0.0123488 -0.0006 -0.00539378 0.000743363 -0.0113617 -0.0150952 -0.006 -0.00708299 -0.00623077 -0.00403448 -0.00922222 -0.0205714 -0.0259024 0.000272727 0.00197561 -0.0207209 -0.0265098 -0.0258235 -0.0104211 -0.00832075 -0.000956044
internal_weight=1941 818 490 297 193 71 1123 882 536 86 450 193 226 94 63 40 241 221 145 54 56 328 99 205 43 306 153 76 53 91
internal_count=1941 818 490 297 193 71 1123 882 536 86 450 193 226 94 63 40 241 221 145 54 56 328 99 205 43 306 153 76 53 91
is_linear=0
shrinkage=0.03


Tree=42
num_leaves=31
num_cat=0
split_feature=11 8 19 57 11 19 8 54 13 13 27 13 36 13 49 57 30 36 51 46 57 27 45 42 45 45 10 37 33 10
split_gain=121.071 33.0734 43.8505 21.6438 14.9517 7.70668 5.38627 9.24297 10.8798 7.553 9.52381 5.63239 4.96714 9.93487 4.70544 3.98125 3.6001 3.11321 2.02708 1.85137 1.67348 1.48141 1.41739 1.29901 1.62512 1.84615 1.09296 0.964712 0.963211 0.953882
threshold=0.47114434510950071 3.5000000000000004 16.500000000000004 306.50000000000006 -0.16280825711808986 7.5000000000000009 3.5000000000000004 589.20000000000016 -0.82290644127870971 -0.7487023830183982 309.50000000000006 -0.75999367905021098 193.94821430000002 -0.78189831331727877 11.500000000000002 273.50000000000006 987.0571428500001 906.21875000000011 147.50000000000003 25.550000000000004 270.50000000000006 239.50000000000003 78.500000000000014 -49.866964269999997 88.500000000000014 85.500000000000014 -0.72947329433276231 37.564285710000007 274.78571430000005 0.63405362205439497
decision_type=2 2 2 2 2 2 2 2 2 2 2 2 2 2 2 2 2 2 2 2 2 2 2 2 2 2 2 2 2 2
left_child=4 2 3 21 6 18 7 9 15 -1 -11 -10 14 -14 -7 -9 -13 -5 19 27 -20 -2 -23 -16 25 28 -3 -6 -25 -4
right_child=1 26 29 17 5 12 -8 8 11 10 -12 16 13 -15 23 -17 -18 -19 20 -21 -22 22 -24 24 -26 -27 -28 -29 -30 -31
leaf_value=0.7871226940771614 -1.4325689574525039e-05 0 0 -9.4134846348931354e-09 0.00014289023414728358 -0.036098915689306552 1.5643496842940576 -0.091549364681316317 4.2678811508057919 -0.089934198490646877 13.531134543971248 -0.039572451248680876 -0.062812911107724759 -0.01991478844895965 0.027664370529708503 -0.13780839427706593 -0.13834273889873064 0 -0.029432840401778116 -0.01979419032697808 -0.030455305340182988 -2.6606068757451026e-05 0.00085574210110774397 -0.012780413758353879 0.00022060187336796688 -0.08320559496057342 0 -0.035517266719695184 -0.061210846356755999 0
leaf_weight=280 21 36 115 20 83 25 389 20 64 21 21 34 47 24 20 32 21 33 20 35 24 27 131 26 22 26 249 30 23 22
leaf_count=280 21 36 115 20 83 25 389 20 64 21 21 34 47 24 20 32 21 33 20 35 24 27 131 26 22 26 249 30 23 22
internal_value=-0.00786553 -0.0183761 -0.0124472 -0.0045 -0.00252448 -0.0072963 -0.000333333 -0.00241582 -0.00805263 0.00057764 -0.0112857 -0.00305042 -0.0112254 -0.0177042 -0.00798592 -0.0195 -0.0100909 -0.0213396 -0.0029375 -0.00125676 -0.00859091 0.000486034 0.00148101 -0.00546154 -0.00689691 -0.009 -0.0260526 0.00061062 -0.00557143 -0.0259051
internal_weight=1941 654 369 232 1287 405 882 493 171 322 42 119 213 71 142 52 55 53 192 148 44 179 158 117 97 75 285 113 49 137
internal_count=1941 654 369 232 1287 405 882 493 171 322 42 119 213 71 142 52 55 53 192 148 44 179 158 117 97 75 285 113 49 137
is_linear=0
shrinkage=0.03


Tree=43
num_leaves=31
num_cat=0
split_feature=11 8 19 58 9 36 44 36 19 8 31 11 36 19 1 46 8 31 36 17 41 53 60 19 49 34 3 9 56 11
split_gain=122.95 36.3111 48.1914 7.50657 10.5605 8.07479 11.026 7.42005 5.9178 4.98274 4.51957 6.39205 4.37723 3.62963 2.92309 2.64428 6.76 2.39307 2.29368 2.18999 2.40545 1.86667 1.7161 1.33704 1.18771 1.05624 0.981417 0.774146 1.08671 0.749545
threshold=0.47114434510950071 3.5000000000000004 16.500000000000004 1006.35 149.50000000000003 71.721428570000015 31.950000000000003 924.44285715000012 1.5000000000000002 1.5000000000000002 26.812500000000004 0.29012925520284111 128.83750000000003 1.0000000180025095e-35 1875.4375000000002 23.550000000000004 2.5000000000000004 44.249107145000004 1114.6571430000001 12.500000000000002 245.43031381086146 198.50000000000003 1.0000000180025095e-35 7.5000000000000009 7.5000000000000009 70.318750000000009 6379010.3335000006 145.50000000000003 10.65 -0.290129255202841
decision_type=2 2 2 2 2 2 2 2 2 2 2 2 2 2 2 2 2 2 2 2 2 2 2 2 2 2 2 2 2 2
left_child=3 2 7 4 5 6 8 27 14 18 11 12 -6 -8 -1 16 -5 22 -9 23 -21 -18 -17 -10 -7 -3 -24 -2 -29 -12
right_child=1 25 -4 15 10 24 13 9 19 -11 29 -13 -14 -15 -16 17 21 -19 -20 20 -22 -23 26 -25 -26 -27 -28 28 -30 -31
leaf_value=-0.029422216783290014 0.0008739753039690133 0 0 -0.072213970765091492 -0.048870051061745835 6.2084592303802166e-05 -0.10988761828169734 0 -0.044945797828268193 -1.0132741714161766e-05 3.0063661731539235 0.0014616496743523227 -0.06092852377449301 0.020866571995386638 -0.08723617253592747 0.00057950002007075966 2.7896716428935857 2.3242658282129418 0 -0.049494058992741154 0.16682026420991286 -0.16688234276465655 -0.041319359149995578 -0.066191774591723526 -0.030049672725025917 0 -0.092447555800554956 -1.6808052186610812e-05 2.8240453904679406e-10 -0.01371172117163344
leaf_weight=21 80 248 137 20 21 67 36 20 24 30 181 36 23 72 44 71 56 359 23 30 25 24 21 30 35 37 20 33 46 71
leaf_count=21 80 248 137 20 21 67 36 20 24 30 181 36 23 72 44 71 56 359 23 30 25 24 21 30 35 37 20 33 46 71
internal_value=-0.00741731 -0.0180092 -0.0117967 -0.00203496 -0.00408101 -0.00746875 -0.0100851 -0.00346552 -0.0147586 -0.0113836 -0.00016265 -0.006375 -0.0140455 -0.00255556 -0.0219231 0.000530648 -0.0039 0.00147134 -0.0179302 -0.0104862 -0.00627273 1.11759e-10 -0.00235714 -0.0147778 -0.000235294 -0.0260526 -0.0072439 0.000169811 -0.00193671 0.00180952
internal_weight=1941 654 369 1287 716 384 282 232 174 73 332 80 44 108 65 571 100 471 43 109 55 80 112 54 102 285 41 159 79 252
internal_count=1941 654 369 1287 716 384 282 232 174 73 332 80 44 108 65 571 100 471 43 109 55 80 112 54 102 285 41 159 79 252
is_linear=0
shrinkage=0.03


Tree=44
num_leaves=31
num_cat=0
split_feature=11 8 19 57 10 9 6 14 39 36 10 54 8 6 19 9 14 2 32 21 30 46 27 30 15 10 15 10 19 26
split_gain=122.244 36.7264 51.2757 14.5267 7.49691 5.76074 13.9803 6.8203 4.18657 3.85116 3.31547 4.98311 5.16071 16.1379 4.0007 3.2012 3.16259 2.94064 2.58846 2.4308 2.32692 1.95625 1.57265 1.54462 1.51182 1.09296 1.04185 0.959059 0.814152 0.558279
threshold=0.47114434510950071 3.5000000000000004 10.500000000000002 310.50000000000006 -0.95642797789208689 141.50000000000003 18.500000000000004 29.050000000000004 681.49107141875004 1054.6750000000004 0.95642797789208711 589.20000000000016 3.5000000000000004 26.500000000000004 16.500000000000004 143.50000000000003 32.050000000000004 6993.1696430000011 88.262500000000003 2.0000000000000004 754.41517855000018 24.550000000000004 239.50000000000003 96.817857145000019 85.500000000000014 -0.72947329433276231 78.500000000000014 0.68322629814330837 3.5000000000000004 7.8500000000000005
decision_type=2 2 2 2 2 2 2 2 2 2 2 2 2 2 2 2 2 2 2 2 2 2 2 2 2 2 2 2 2 2
left_child=4 2 3 22 15 6 24 -8 -9 -5 11 -7 13 -13 29 17 -14 -1 -17 -16 -15 -20 -2 -23 28 -3 -24 -4 -6 -12
right_child=1 25 27 9 5 10 7 8 -10 -11 14 12 16 20 19 18 -18 -19 21 -21 -22 23 26 -25 -26 -27 -28 -29 -30 -31
leaf_value=-0.028580284135837086 -1.3391677327659157e-05 0 0 0 -0.035768192535142629 0.0018405378430011732 -0.032602862865004002 -0.084619087359849646 -0.11727683500389599 0 -0.023932044612939223 4.0900288683159074 -0.19467007018873475 -0.055347939507156642 -0.060945908775095127 -0.059523929863833293 3.2573472276921631 -0.039530575564539018 0.025034393006356546 -0.050970274809628908 -0.22132183133546221 -0.031435619457472787 -2.6005571683382202e-05 -0.075449849346684653 -0.040093422753656488 0 0.00081841569402858923 -2.5807895166863668e-05 0.58474482821776708 0.69515253090180595
leaf_weight=29 21 36 119 20 21 443 24 33 34 23 27 64 22 26 28 23 134 32 52 36 26 31 27 20 20 249 137 22 121 41
leaf_count=29 21 36 119 20 21 443 24 33 34 23 27 64 22 26 28 23 134 32 52 36 26 31 27 20 20 249 137 22 121 41
internal_value=-0.00740185 -0.0179633 -0.0117154 -0.00292105 -0.00203496 -0.00109091 -0.00506324 -0.0144725 -0.0193881 -0.0186279 9.56318e-05 0.000902098 -0.00229412 -0.00708621 -0.00427273 -0.00758824 0.00126923 -0.0132295 -0.00485714 -0.00965625 -0.0195 -0.00282524 0.00072973 -0.007 0.000222222 -0.0260526 0.00171951 -0.0259362 0.00130986 0.000794118
internal_weight=1941 654 369 228 1287 1100 253 91 67 43 847 715 272 116 132 187 156 61 126 64 52 103 185 51 162 285 164 141 142 68
internal_count=1941 654 369 228 1287 1100 253 91 67 43 847 715 272 116 132 187 156 61 126 64 52 103 185 51 162 285 164 141 142 68
is_linear=0
shrinkage=0.03


Tree=45
num_leaves=31
num_cat=0
split_feature=11 9 57 6 6 28 9 36 44 30 19 27 49 38 5 11 28 16 44 27 43 3 6 44 16 27 14 4 47 16
split_gain=111.889 25.0278 33.4333 9.42545 24.7978 8.28374 12.0146 6.1832 5.81298 9.32197 10.287 6.61429 4.64558 4.3276 5.55099 4.04598 2.45839 2.10526 1.82389 1.81071 1.77908 1.77846 1.72857 1.69618 1.57968 1.55988 1.4669 1.8587 0.998344 0.825127
threshold=0.47114434510950071 149.50000000000003 303.50000000000006 21.500000000000004 24.500000000000004 1006.5500000000001 149.50000000000003 362.47857145000006 31.950000000000003 71.721428570000015 1.5000000000000002 280.50000000000006 2.5000000000000004 52.785044643250089 1.0000000180025095e-35 0.72947329433276265 1001.9000000000001 24.650000000000002 29.250000000000004 294.50000000000006 49.03750000000003 6348568.4285000013 18.500000000000004 28.750000000000004 23.550000000000004 239.50000000000003 28.750000000000004 4.5000000000000009 47.500000000000007 23.150000000000002
decision_type=2 2 2 2 2 2 2 2 2 2 2 2 2 2 2 2 2 2 2 2 2 2 2 2 2 2 2 2 2 2
left_child=5 2 3 -2 -5 6 8 -3 9 12 -11 21 -1 14 -8 22 -9 -16 23 -12 24 -10 -4 -14 -7 -6 27 -26 -13 -22
right_child=1 7 15 4 25 20 13 16 11 10 19 28 18 -15 17 -17 -18 -19 -20 -21 29 -23 -24 -25 26 -27 -28 -29 -30 -31
leaf_value=0.0035763361590044869 0.00082107133395237686 0 -7.4519696313829854e-13 0 -1.2989927007829381e-05 -0.071532282423602184 -0.058073359136355571 0 -0.097997491953703206 -0.082080514739054158 -0.059486209770088692 3.7859273726650522 -0.047128691962391764 0.48440837294480271 -0.024355338964634418 0 0 0.0017034348221352546 -0.02449645560735909 -0.027278452610161843 -0.065500496194273769 -0.10319970962161405 0 -0.00012392804557767909 0.00050689888417860174 0.00039874099735215038 0.0012563058020849929 -0.059117531511842271 -0.098711930962784564 2.2861085017424236
leaf_weight=59 93 22 21 49 21 27 20 29 21 55 40 83 27 252 36 122 213 40 29 30 25 20 24 25 20 60 131 37 25 285
leaf_count=59 93 22 21 49 21 27 20 29 21 55 40 83 27 252 36 122 213 40 29 30 25 20 24 25 20 60 131 37 25 285
internal_value=-0.00726275 -0.017367 -0.0125385 -0.00493722 -0.0101538 -0.0021282 -0.00412598 -0.0245 -0.00757971 -0.0102453 -0.0162 -0.00283893 -0.00492857 -1.72413e-05 -0.0054375 -0.0226886 -0.0258843 -0.00173684 -0.00959259 -0.00857143 0.000771429 -0.0130976 -0.015 -0.00623077 -0.00132558 3.70371e-05 -0.000351064 -0.00436842 0.00105556 0.00222581
internal_weight=1941 654 390 223 130 1287 762 264 414 265 125 149 140 348 96 167 242 76 81 70 525 41 45 52 215 81 188 57 108 310
internal_count=1941 654 390 223 130 1287 762 264 414 265 125 149 140 348 96 167 242 76 81 70 525 41 45 52 215 81 188 57 108 310
is_linear=0
shrinkage=0.03


Tree=46
num_leaves=31
num_cat=0
split_feature=11 8 49 57 10 58 9 44 1 49 27 11 5 9 11 56 36 54 47 11 16 33 8 2 60 11 27 45 48 37
split_gain=102.003 34.6222 38.3532 14.8099 12.8766 9.22861 10.7216 5.27473 8.56066 6.3381 5.79956 5.10696 4.90778 4.77706 11.4864 3.98594 3.16905 2.37905 2.50712 1.76164 1.62746 2.96077 5.75906 2.14385 1.60708 1.58979 1.51153 1.25286 1.00446 0.914502
threshold=0.47114434510950071 3.5000000000000004 10.500000000000002 310.50000000000006 0.68322629814330837 1006.5500000000001 149.50000000000003 31.950000000000003 2237.3392855000006 1.5000000000000002 280.50000000000006 -0.19509032201612839 1.0000000180025095e-35 142.50000000000003 0.72947329433276265 17.250000000000004 1081.0116070000001 331.00000000000006 68.500000000000014 0.29012925520284111 23.550000000000004 688.90803570000014 3.5000000000000004 25.205357145000004 1.0000000180025095e-35 0.097964660725097227 239.50000000000003 78.500000000000014 1.0000000180025095e-35 55.597916665000007
decision_type=2 2 2 2 2 2 2 2 2 2 2 2 2 2 2 2 2 2 2 2 2 2 2 2 2 2 2 2 2 2
left_child=5 2 3 26 -4 6 7 8 15 -10 -9 -8 -13 14 -3 17 -5 18 -1 25 21 -7 -23 24 -22 -14 -2 -28 -12 -17
right_child=1 13 4 16 -6 20 11 10 9 -11 28 12 19 -15 -16 29 -18 -19 -20 -21 23 22 -24 -25 -26 -27 27 -29 -30 -31
leaf_value=-0.0028890130122909575 -1.26002291975945e-05 2.2355908894148956e-14 0 0 -2.5033657542722547e-05 7.1344387736559565 2.0699427658800307 -0.099911062105424692 -0.079618099296882544 -0.033086921742036556 0.051911639150596135 -0.056875539447818528 -0.024540037922229363 0 0 -0.023846309317346114 0 -0.034309831181988611 -0.051927307411390462 0.0015704448430868979 0.0004916919176532437 -0.21254364054753369 11.441305797869958 1.6299233345712709 -0.088009562411177605 -0.014913842906578049 -2.5082484395125049e-05 0.0007692310831891602 -0.11008336713549943 -0.042005212065552883
leaf_weight=108 21 20 120 20 21 41 209 38 42 35 69 26 46 230 35 20 22 27 22 39 56 24 22 353 29 26 30 135 33 22
leaf_count=108 21 20 120 20 21 41 209 38 42 35 69 26 46 230 35 20 22 27 22 39 56 24 22 353 29 26 30 135 33 22
internal_value=-0.00707728 -0.0167248 -0.0106585 -0.00305263 -0.0229574 -0.00217483 -0.00428346 -0.00752885 -0.00993478 -0.0184286 -0.00278571 -0.000381503 -0.00488321 -0.0245789 -0.0166364 -0.00664824 -0.0191429 -0.00445223 -0.00276923 -0.00213513 0.000885714 -0.00286207 -0.00808696 0.00163014 -0.00264706 -0.00491667 0.000580645 0.00154545 0.000941177 -0.0148571
internal_weight=1941 654 369 228 141 1287 762 416 276 77 140 346 137 285 55 199 42 157 130 111 525 87 46 438 85 72 186 165 102 42
internal_count=1941 654 369 228 141 1287 762 416 276 77 140 346 137 285 55 199 42 157 130 111 525 87 46 438 85 72 186 165 102 42
is_linear=0
shrinkage=0.03


Tree=47
num_leaves=31
num_cat=0
split_feature=11 9 57 11 9 9 10 9 9 58 36 10 36 9 9 51 37 1 20 28 10 20 3 30 15 44 37 27 56 31
split_gain=100.699 29.7373 26.8012 12.325 9.69874 24.7978 8.18198 6.61204 10.8145 8.03082 6.1832 3.15614 3.91564 3.69101 10.7043 10.7937 3.03894 2.96707 2.48046 2.45839 2.4566 2.17482 2.11852 2.11575 1.64402 1.61069 2.16217 1.55988 1.50783 1.37724
threshold=0.47114434510950071 149.50000000000003 304.50000000000006 0.72947329433276265 142.50000000000003 145.50000000000003 -0.95642797789208689 141.50000000000003 139.50000000000003 1004.4500000000002 362.47857145000006 0.95642797789208711 267.70982145000011 149.50000000000003 147.50000000000003 583.50000000000011 11.392857145000002 649.60714285000006 19.500000000000004 1001.9000000000001 -0.79335334029123528 93.500000000000014 6319815.9285000013 754.41517855000018 61.500000000000007 30.150000000000002 242.59285715000001 239.50000000000003 17.450000000000003 76.194642855000012
decision_type=2 2 2 2 2 2 2 2 2 2 2 2 2 2 2 2 2 2 2 2 2 2 2 2 2 2 2 2 2 2
left_child=6 2 4 22 -2 -6 16 8 17 -10 -3 13 21 14 20 -16 -1 -8 25 -12 28 -13 -4 -17 -11 29 -27 -7 -9 -18
right_child=1 10 3 -5 5 27 7 11 9 24 19 12 -14 -15 15 23 18 -19 -20 -21 -22 -23 -24 -25 -26 26 -28 -29 -30 -31
leaf_value=-0.052747000053673838 0.00074538279685529632 0 2.1685231627324489e-14 0 0 -1.2222222321666665e-05 -0.030396180472648342 -0.057467981239042537 -0.016052729104010375 -0.11272030623243359 0 0.0028037782721683675 -0.054177316988752049 0.0024688685313575638 0.015095000555320452 -0.048215360581779013 -0.027538467495243316 0.026225575551749435 0.83749708232916409 0 3.5162038649257448 -0.085762342082401383 -1.7031839299708472e-06 -0.21715673219369686 -0.077229556317976053 -0.040876282200988295 0.0048503029427700095 0.00036370183493591107 0.00067366581537687978 -0.090122540046845695
leaf_weight=50 97 22 21 122 49 21 37 23 40 20 29 86 20 360 34 26 21 125 24 213 217 26 20 30 31 37 35 60 25 20
leaf_count=50 97 22 21 122 49 21 37 23 40 20 29 86 20 360 34 26 21 125 24 213 217 26 20 30 31 37 35 60 25 20
internal_value=-0.0071391 -0.0167248 -0.0114615 -0.0207423 -0.00479736 -0.0101538 -0.00226807 -0.00128182 -0.00553755 -0.0138132 -0.0245 -1.06256e-05 -0.00427273 0.000776224 -0.00139437 -0.0103333 -0.00806952 -0.000888889 -0.00575912 -0.0258843 0.00164151 -0.00208929 -0.00651219 -0.0184286 -0.0217059 -0.00761947 -0.00491667 3.70371e-05 -0.0045 -0.0123659
internal_weight=1941 654 390 163 227 130 1287 1100 253 91 264 847 132 715 355 90 187 162 137 242 265 112 41 56 51 113 72 81 48 41
internal_count=1941 654 390 163 227 130 1287 1100 253 91 264 847 132 715 355 90 187 162 137 242 265 112 41 56 51 113 72 81 48 41
is_linear=0
shrinkage=0.03


Tree=48
num_leaves=31
num_cat=0
split_feature=11 8 19 57 10 11 12 28 8 19 11 57 48 41 6 10 10 47 47 56 39 15 58 56 51 27 5 19 15 10
split_gain=96.5731 32.9528 40.2092 13.4985 12.4294 7.40519 6.82851 10.5032 12.5561 8.02041 5.54211 10.125 5.29032 4.02143 3.73682 4.6875 3.41759 3.02937 6.4591 3.55195 2.76322 2.025 1.99338 1.93839 1.72027 1.57265 1.1031 1.65326 1.04185 0.806259
threshold=0.47114434510950071 3.5000000000000004 10.500000000000002 310.50000000000006 0.68322629814330837 -0.290129255202841 0.53946920585801694 1006.5500000000001 2.5000000000000004 1.5000000000000002 0.72947329433276265 298.50000000000006 3.5000000000000004 395.22518978369902 26.500000000000004 0.47114434510950082 0.35206144883412577 68.500000000000014 98.500000000000014 20.250000000000004 674.18270089375017 85.500000000000014 1005.4500000000002 12.250000000000002 362.00000000000006 239.50000000000003 1.0000000180025095e-35 8.5000000000000018 78.500000000000014 0.95642797789208711
decision_type=2 2 2 2 2 2 2 2 2 2 2 2 2 2 2 2 2 2 2 2 2 2 2 2 2 2 2 2 2 2
left_child=5 2 3 25 -4 6 -1 8 9 20 11 -3 -10 17 -9 -16 -5 19 23 24 -8 -13 -15 -19 26 -2 27 -7 -27 -20
right_child=1 10 4 16 -6 13 7 14 12 -11 -12 21 -14 22 15 -17 -18 18 29 -21 -22 -23 -24 -25 -26 28 -28 -29 -30 -31
leaf_value=3.2460712519595307 -1.1855555652016668e-05 0 0 0 -2.4282502104973036e-05 -0.012419433019251715 -0.074912669628436776 4.657769474127778 1.0040583426840581 -0.019508652553602995 0 -2.2361483883973656e-05 -0.10063434126873529 -0.038593567301520575 -0.23724002842842257 1.9849599346894813 0 -0.10500917478764869 0.0016130392618137466 -0.028992173305639527 -0.10930806911942616 1.8931207806192326e-14 -0.045829029491672522 -0.068347136295116004 -0.034440387828013071 -2.4472930001026983e-05 0.00041720079392150211 -0.055293607625488288 0.00072379266678782657 -0.05314769696376552
leaf_weight=312 21 50 119 20 22 45 38 220 96 37 195 20 23 25 24 24 23 29 42 20 26 20 22 34 31 27 192 24 137 23
leaf_count=312 21 50 119 20 22 45 38 220 96 37 195 20 23 25 24 24 23 29 42 20 26 20 22 34 31 27 192 24 137 23
internal_value=-0.00710819 -0.0164954 -0.0105772 -0.00278947 -0.0231702 -0.002338 -0.0005625 -0.00277869 -0.00763636 -0.0154158 -0.0241579 -0.018 -0.00103361 -0.00525462 0.00120896 -0.006375 -0.0179302 -0.00436364 -0.00825 -0.00276923 -0.0218437 -0.00675 -0.0135957 -0.0150952 -0.00193151 0.00072973 -0.00113793 -0.0043913 0.00171951 -0.00161538
internal_weight=1941 654 369 228 141 1287 800 488 220 101 285 90 119 487 268 48 43 440 128 312 64 40 47 63 292 185 261 69 164 65
internal_count=1941 654 369 228 141 1287 800 488 220 101 285 90 119 487 268 48 43 440 128 312 64 40 47 63 292 185 261 69 164 65
is_linear=0
shrinkage=0.03


Tree=49
num_leaves=31
num_cat=0
split_feature=11 8 19 27 30 49 9 28 8 56 36 19 36 34 58 38 11 26 26 8 56 6 10 14 47 47 27 11 44 11
split_gain=91.9069 25.0337 36.8163 18.2317 14.8603 8.568 7.86237 15.0186 11.6653 5.21839 4.75742 5.67304 4.6837 4.41604 4.30374 4.15027 4.10653 3.4688 3.41335 3.22315 2.7297 2.69981 4.53704 1.89989 1.87904 1.65182 2.11346 3.51652 1.45248 1.39349
threshold=0.72947329433276265 3.5000000000000004 16.500000000000004 310.50000000000006 33.306250000000006 2.5000000000000004 149.50000000000003 1006.5500000000001 4.5000000000000009 3.8500000000000001 12.693750000000003 1.5000000000000002 362.47857145000006 51.664285715000005 1005.0500000000001 696.30758928750015 0.29012925520284111 17.550000000000004 14.750000000000002 1.0000000180025095e-35 12.250000000000002 26.500000000000004 0.47114434510950082 28.850000000000005 7.5000000000000009 44.500000000000007 275.50000000000006 0.41248606129204546 31.750000000000004 -0.22695468355932455
decision_type=2 2 2 2 2 2 2 2 2 2 2 2 2 2 2 2 2 2 2 2 2 2 2 2 2 2 2 2 2 2
left_child=4 2 3 -2 5 9 7 8 10 -1 11 15 16 14 -14 -6 18 -17 20 -13 -7 -9 -23 -18 -15 26 27 -11 -10 -8
right_child=1 -3 -4 -5 6 12 29 21 28 25 -12 19 13 24 -16 17 23 -19 -20 -21 -22 22 -24 -25 -26 -27 -28 -29 -30 -31
leaf_value=-0.10230889224328249 9.0627546999739108e-05 0 0 0 -0.06847149231292729 -0.051913254493259495 2.6331350439781951 2.0584169116055162 -0.030527872850457573 -0.016848100952893894 0.039573235932864943 0.022516121676000575 -0.0090095653792807047 0 0 -0.10609008290247615 2.2537216444367771e-06 -0.027351713398947181 -0.050791918414283717 -0.047369636656921503 -0.0070280680918861915 -0.2301228275755699 2.7979072244820107 -0.044979228295508128 -2.1690639367454448e-05 6.7084451651920961e-07 5.1095517331189186e-08 -2.4675598290014539e-05 6.7068627002782391 -0.059961435824935759
leaf_weight=26 122 195 99 33 57 41 329 245 30 26 20 27 34 21 31 29 49 21 39 45 28 24 30 25 37 69 65 23 64 57
leaf_count=26 122 195 99 33 57 41 329 245 30 26 20 27 34 21 31 29 49 21 39 45 28 24 30 25 37 69 65 23 64 57
internal_value=-0.00701546 -0.0189154 -0.0127087 -0.00358064 -0.00343432 -0.0075642 -0.0012638 -0.00343581 -0.0082628 -0.00288517 -0.0123769 -0.0139274 -0.0107705 -0.0152927 -0.00992308 -0.0183084 -0.00771429 -0.012 -0.0114444 -0.00741667 -0.00743478 0.00129431 -0.00477778 -0.00227027 -0.0213103 -0.00109836 -0.00331579 -0.00802041 0.000446809 0.00206736
internal_weight=1941 449 254 155 1492 514 978 592 293 209 199 179 305 123 65 107 182 50 108 72 69 299 54 74 58 183 114 49 94 386
internal_count=1941 449 254 155 1492 514 978 592 293 209 199 179 305 123 65 107 182 50 108 72 69 299 54 74 58 183 114 49 94 386
is_linear=0
shrinkage=0.03


Tree=50
num_leaves=31
num_cat=0
split_feature=11 8 49 57 9 58 10 10 36 18 41 14 11 23 28 57 46 57 41 26 40 56 49 36 6 32 47 8 50 41
split_gain=116.238 22.6126 33.8097 20.6785 7.06241 9.03765 4.39509 4.01705 3.47441 3.72164 3.17469 2.82371 2.77778 2.66447 2.27576 2.58505 6.80602 3.93378 3.49957 2.65363 4.28859 2.19485 1.93143 1.84545 1.61905 3.90021 1.19492 0.927312 0.886364 0.656364
threshold=0.72947329433276265 3.5000000000000004 16.500000000000004 306.50000000000006 149.50000000000003 1006.9500000000002 0.95642797789208711 -0.95642797789208689 574.96071430000006 68.000000000000014 383.55202852985121 28.750000000000004 0.097964660725097227 3.5000000000000004 1003.4500000000002 284.50000000000006 23.950000000000003 299.50000000000006 297.3988172109751 17.350000000000005 655.45402529145849 15.550000000000002 4.5000000000000009 20.210714285000005 26.500000000000004 751.50892855000018 7.5000000000000009 4.5000000000000009 9.0000000000000018 332.17803101110945
decision_type=2 2 2 2 2 2 2 2 2 2 2 2 2 2 2 2 2 2 2 2 2 2 2 2 2 2 2 2 2 2
left_child=4 2 3 26 5 8 7 12 9 10 14 -7 28 -8 -1 16 19 -17 21 20 -16 -19 29 -12 -13 -26 -2 -10 -6 -18
right_child=1 -3 -4 -5 6 11 13 -9 27 -11 23 24 -14 -15 15 17 22 18 -20 -21 -22 -23 -24 -25 25 -27 -28 -29 -30 -31
leaf_value=-0.026329430746321814 -8.8540377870585963e-06 0 0 -7.4007280371084848e-08 -0.098313885377434199 -0.098789632776720745 -0.053190508676583863 2.1861099951036739e-06 5.5408662251656091e-07 -0.097289180380109364 -0.095921431214829753 0.25269829846065434 -0.050795389548609626 -0.009594210387716802 -0.0040012922837971213 0.018103772588553672 0.00033181726783289934 -0.070611144770195852 -0.085472664380912639 -0.008180308623723322 -0.086329340577568678 1.5738193346033362 -0.027558981930630295 -0.043895888206347142 0.032656552008828679 -0.29689428892509057 3.0382851740579566 0 0.47363286389684234 -0.0087652230618061548
leaf_weight=32 24 195 100 36 22 38 36 440 44 24 36 227 24 40 25 119 50 39 22 20 33 32 28 21 38 23 94 31 26 22
leaf_count=32 24 195 100 36 22 38 36 440 44 24 36 227 24 40 25 119 50 39 22 20 33 32 28 21 38 23 94 31 26 22
internal_value=-0.00593354 -0.0193163 -0.0134173 -0.0045974 -0.00190617 -0.0035708 0.000653061 0.00165234 -0.00582353 -0.00672167 -0.00614405 0.000423313 -0.00491667 -0.00607895 -0.00524645 -0.00461538 -0.0072809 -0.00237736 -0.007 -0.0139231 -0.0171724 -0.00376056 -0.0021 -0.0127895 0.0014375 -0.00290164 0.00147458 0.0002 -0.00075 0.0005
internal_weight=1941 449 254 154 1492 904 588 512 578 503 479 326 72 76 422 390 178 212 93 78 58 71 100 57 288 61 118 75 48 72
internal_count=1941 449 254 154 1492 904 588 512 578 503 479 326 72 76 422 390 178 212 93 78 58 71 100 57 288 61 118 75 48 72
is_linear=0
shrinkage=0.03


Tree=51
num_leaves=31
num_cat=0
split_feature=11 8 49 10 12 10 8 16 41 6 14 57 2 16 14 15 23 12 49 26 2 57 49 56 10 2 6 31 15 26
split_gain=99.4956 31.6251 47.285 7.08632 5.98079 5.09471 3.96194 5.03251 3.60022 3.4494 3.7797 3.38227 2.92921 2.71474 2.70604 3.12432 2.28436 2.22644 1.91242 2.50669 1.76087 1.64432 1.54631 1.51619 1.51529 1.25952 1.18162 3.03922 0.818182 0.604886
threshold=0.72947329433276265 3.5000000000000004 16.500000000000004 -0.95642797789208689 0.53946920585801694 0.95642797789208711 2.5000000000000004 23.750000000000004 387.06539043108074 18.500000000000004 31.350000000000005 256.50000000000006 7778.1250000000009 23.450000000000003 31.650000000000002 69.500000000000014 3.5000000000000004 0.62334665204000361 2.5000000000000004 4.6500000000000012 6805.2500000000009 212.00000000000003 7.5000000000000009 4.2500000000000009 -0.88144907265856332 6079.5714285000004 27.500000000000004 824.84375000000011 87.500000000000014 12.65
decision_type=2 2 2 2 2 2 2 2 2 2 2 2 2 2 2 2 2 2 2 2 2 2 2 2 2 2 2 2 2 2
left_child=3 2 11 8 5 -5 7 9 17 -6 -11 -2 23 -12 15 -9 -7 21 19 -17 -19 -1 -20 28 -25 -23 -26 -28 -8 -13
right_child=1 -3 -4 4 6 16 12 14 -10 10 13 29 -14 -15 -16 18 -18 20 22 -21 -22 25 -24 24 26 -27 27 -29 -30 -31
leaf_value=-0.088699477272499799 -0.0906400531008415 0 0 2.1205266952505636e-06 -0.052157082415761939 -0.051594793416286346 -0.099477784741702976 -0.036815835453670995 -0.046594229677655995 -0.0028723893480850516 -0.10006036541411925 2.2202184111325453e-09 -0.026583050396147952 -0.068492810427089976 0.042954345340990463 -0.095838216947890145 -0.0093063840760852726 -0.018809048310332022 -0.041913919602312832 5.3746402384106399e-07 -0.048257601840102977 -0.052516521756941617 -0.0061337713624257358 -0.047550266759332015 0.002543140011240948 0.0032130345989361815 0.043952961698055334 -0.14925657655792501 -0.0021563257627427034 -4.4950267679213819e-07
leaf_weight=20 32 195 100 440 20 36 22 23 37 20 28 102 35 24 84 27 40 23 31 86 23 20 23 26 267 64 31 20 22 20
leaf_count=20 32 195 100 440 20 36 22 23 37 20 28 102 35 24 84 27 40 23 31 86 23 20 23 26 267 64 31 20 22 20
internal_value=-0.00553168 -0.0179131 -0.010937 -0.00180563 -0.00102299 0.00148837 -0.0026654 -0.00495082 -0.00726738 -0.0110217 -0.0140833 -0.000506493 -0.000687943 -0.0183462 -0.00291241 -0.00489474 -0.00568421 -0.0052 -0.00346707 -0.00124779 -0.0106957 -0.00276923 -0.00811111 6.18558e-05 0.000732558 -0.000928571 0.00130189 -0.00288235 -0.00518182 0.00177049
internal_weight=1941 449 254 1492 1305 516 789 366 187 92 72 154 423 52 274 190 76 150 167 113 46 104 54 388 344 84 318 51 44 122
internal_count=1941 449 254 1492 1305 516 789 366 187 92 72 154 423 52 274 190 76 150 167 113 46 104 54 388 344 84 318 51 44 122
is_linear=0
shrinkage=0.03


Tree=52
num_leaves=31
num_cat=0
split_feature=11 8 49 9 58 11 11 5 8 49 54 47 50 57 17 8 2 27 33 15 26 8 6 38 59 26 1 27 32 58
split_gain=95.2466 33.5128 50.1074 6.95187 8.08129 3.88842 5.42747 5.9394 3.26006 2.66258 4.44103 6.20884 5.84566 4.04211 3.42243 3.39269 5.93961 3.22911 3.4796 2.45912 2.15817 1.79377 1.77309 4.0627 1.64983 1.38586 1.21 1.17312 1.14966 0.465608
threshold=0.72947329433276265 3.5000000000000004 16.500000000000004 149.50000000000003 1006.9500000000002 -0.22695468355932455 0.29012925520284111 1.0000000180025095e-35 2.5000000000000004 11.500000000000002 34.150000000000006 6.5000000000000009 10.500000000000002 318.50000000000006 55.500000000000007 2.5000000000000004 6634.7500000000009 269.50000000000006 503.98750000000007 81.500000000000014 18.850000000000005 1.5000000000000002 26.500000000000004 821.33727677500019 0.15000000000000005 6.5500000000000007 61.571428570000002 277.50000000000006 683.04464285000006 1005.2500000000001
decision_type=2 2 2 2 2 2 2 2 2 2 2 2 2 2 2 2 2 2 2 2 2 2 2 2 2 2 2 2 2 2
left_child=3 2 8 4 9 -5 7 -7 -2 10 13 15 17 25 -11 16 -12 -13 -19 22 -20 -21 -6 -24 29 -1 -26 -17 -14 -9
right_child=1 -3 -4 5 19 6 -8 24 -10 14 11 12 28 -15 -16 27 -18 18 20 21 -22 -23 23 -25 26 -27 -28 -29 -30 -31
leaf_value=-8.550845116931787e-05 2.1536118587985689e-09 0 0 2.554140863459748 1.3355102052244214 -0.04937210416493306 5.215200803130062e-07 -0.0063121556694616708 -0.087920851507816256 0.0021829973806317907 -0.063717379452632311 -0.032731643593775214 0.0095304612838262512 -0.092974698033494951 -0.042194526550133206 -0.010269743022379959 -0.015355915902409169 -0.065717719106298172 -0.082982138256205859 -0.092950797284982428 -0.044111612151723857 0.0028873947829643936 0.011418759657823579 -0.29163341454788466 -0.00076740578433935115 0.00071150626833024733 -0.13458652483829195 0.0046323130950044651 -0.030705188012625423 0.025911914202054302
leaf_weight=21 122 195 100 329 211 32 128 21 32 89 24 33 21 32 32 20 31 40 32 32 20 25 36 22 20 99 25 56 28 33
leaf_count=21 122 195 100 329 211 32 128 21 32 89 24 33 21 32 32 20 31 40 32 32 20 25 36 22 20 99 25 56 28 33
internal_value=-0.00553168 -0.0176459 -0.0104646 -0.00188606 -0.00353761 0.000653061 -0.00209652 -0.00638931 0.000272727 -0.00566782 -0.00671554 -0.00880328 -0.0125172 -0.00252632 -0.00171074 -0.00387023 -0.00954545 -0.01596 -0.0188478 0.000239264 -0.0137308 -0.00542105 0.00143866 -0.0032069 -0.00275758 1.11759e-10 -0.007 0.000236842 -0.00373469 0.000777778
internal_weight=1941 449 254 1492 904 588 259 131 154 578 457 305 174 152 121 131 55 125 92 326 52 57 269 58 99 120 45 76 49 54
internal_count=1941 449 254 1492 904 588 259 131 154 578 457 305 174 152 121 131 55 125 92 326 52 57 269 58 99 120 45 76 49 54
is_linear=0
shrinkage=0.03


Tree=53
num_leaves=31
num_cat=0
split_feature=11 19 9 9 9 10 9 10 58 37 26 9 57 11 9 37 46 34 11 21 15 50 16 10 21 58 40 56 44 1
split_gain=93.2421 31.0954 13.7427 10.8619 25.4335 6.92974 4.36683 5.01094 3.79168 4.60018 8.73452 6.40034 4.89036 4.59809 3.08683 3.07982 2.52346 2.42534 2.336 2.28436 2.17324 2.98272 1.7513 1.3814 1.34534 1.2375 1.225 1.05274 1.28333 1.04833
threshold=0.72947329433276265 8.5000000000000018 149.50000000000003 145.50000000000003 142.50000000000003 -0.9103761370219875 149.50000000000003 0.95642797789208711 1006.5500000000001 2.5928571430000003 17.550000000000004 139.50000000000003 274.50000000000006 0.32143946530316164 143.50000000000003 446.27500000000003 24.150000000000002 271.42857145000005 0.55557023301960229 3.5000000000000004 80.500000000000014 6.5000000000000009 23.150000000000002 -0.41248606129204546 372.50000000000006 1005.9500000000002 577.44200149375013 9.1500000000000004 27.950000000000003 277.58928570000006
decision_type=2 2 2 2 2 2 2 2 2 2 2 2 2 2 2 2 2 2 2 2 2 2 2 2 2 2 2 2 2 2
left_child=5 2 3 4 25 14 8 -8 9 27 11 -11 17 22 15 16 -1 -13 -15 -9 24 -22 -10 -5 -16 -2 -18 28 -7 -23
right_child=1 -3 -4 23 -6 6 7 19 13 10 -12 12 -14 18 20 -17 26 -19 -20 -21 21 29 -24 -25 -26 -27 -28 -29 -30 -31
leaf_value=-0.039421475636590424 14.342349941121615 0 0 -0.085366602011212753 0 0.0027541250795582455 5.9542324558041873e-07 -0.048565786488849766 -0.10548512180084028 -0.0023304717823370217 -0.010527940225248314 -0.00073076600635250456 -0.079411497308487136 -0.090192239231787402 -0.00098603733927490802 -0.0076964969870075128 -0.035864100970786607 -0.098466565016933072 -0.0025093184187456475 -0.0052452399221082418 -0.09482712190888383 -0.043737371184715892 0.19813308329781384 2.0890035030346122e-09 -0.025325880613866817 -0.085094296408389877 -0.051615345252132003 0.0011947367780754856 -0.0068721575630542485 0.20868687532632568
leaf_weight=25 44 188 51 20 60 22 408 36 26 30 93 23 40 31 98 22 20 22 35 40 20 20 297 66 21 20 20 72 48 23
leaf_count=25 44 188 51 20 60 22 408 36 26 30 93 23 40 31 98 22 20 22 35 40 20 20 297 66 21 20 20 72 48 23
internal_value=-0.00539258 -0.0173786 -0.0106782 -0.00728571 -0.0129677 -0.00178552 -0.000826656 0.00138843 -0.0022774 -0.00454286 -0.00738462 -0.012913 -0.0171176 -0.000239074 -0.00614498 -0.0107931 -0.0140769 -0.0103333 -0.00745455 -0.00568421 -0.00392308 -0.00842857 0.00123529 0.000906977 -0.00153781 0.0001875 -0.01875 -0.000380282 -0.003 -0.00397674
internal_weight=1941 449 261 210 124 1492 1223 484 739 350 208 115 85 389 269 87 65 45 66 76 182 63 323 86 119 64 40 142 70 43
internal_count=1941 449 261 210 124 1492 1223 484 739 350 208 115 85 389 269 87 65 45 66 76 182 63 323 86 119 64 40 142 70 43
is_linear=0
shrinkage=0.03


Tree=54
num_leaves=31
num_cat=0
split_feature=11 8 49 9 4 8 16 6 56 8 8 58 56 11 11 26 47 14 40 11 57 43 56 29 30 6 32 47 46 26
split_gain=93.3272 34.1839 53.0116 5.94904 4.80414 4.18111 6.53576 3.56818 3.4188 3.65685 6.20688 3.39795 4.12812 3.39429 4.87019 3.05326 2.88066 3.85965 2.86255 2.30945 1.8901 1.88929 1.82784 1.74082 1.62512 1.56201 3.43498 1.39652 1.09394 0.607748
threshold=0.72947329433276265 3.5000000000000004 16.500000000000004 149.50000000000003 15.500000000000002 2.5000000000000004 23.750000000000004 18.500000000000004 20.250000000000004 4.5000000000000009 3.5000000000000004 1006.6500000000002 16.150000000000002 -0.22695468355932455 0.29012925520284111 14.550000000000002 68.500000000000014 30.450000000000003 772.78441219791682 0.16280825711809002 256.50000000000006 31.913392849999955 4.2500000000000009 0.15000000000000005 92.106250000000017 27.500000000000004 787.69196430000011 97.500000000000014 26.050000000000004 4.9500000000000011
decision_type=2 2 2 2 2 2 2 2 2 2 2 2 2 2 2 2 2 2 2 2 2 2 2 2 2 2 2 2 2 2
left_child=3 2 20 4 5 6 7 -1 9 10 11 12 24 -5 19 -9 29 -18 -14 23 -2 -17 28 -15 -6 -24 -27 -25 -7 -8
right_child=1 -3 -4 13 8 22 16 15 -10 -11 -12 -13 18 14 -16 21 17 -19 -20 -21 -22 -23 25 27 -26 26 -28 -29 -30 -31
leaf_value=-0.050407270655477995 -0.082723044819431213 0 0 2.4775166196932585 0.0011678387795744892 -0.090574776206559127 -0.029199491057030989 -0.06772938385802886 -0.045539191645647854 0.00085142587639690042 -0.045896277727371128 -0.037065873528297918 -0.029174168622436047 0.0051205832840584197 4.8801178053620339e-07 -0.07169375682074966 -0.087430007331550361 8.7267602033975962 -0.021994103945649716 -0.04647075860315654 2.0263333979435738e-09 -0.078245476300831618 0.017623010357847409 -0.1213371304877532 -0.011374680799141198 2.8747976080604847 -0.1157736696087876 -0.013745087101776377 -2.7421597970839423e-05 0.025101436989265126
leaf_weight=20 32 195 100 329 72 24 22 24 32 56 21 24 20 52 128 24 38 22 22 32 122 21 243 22 20 31 21 25 20 127
leaf_count=20 32 195 100 329 72 24 22 24 32 56 21 24 20 52 128 24 38 22 22 32 122 21 243 22 20 31 21 25 20 127
internal_value=-0.00525348 -0.017245 -0.00999213 -0.00164477 -0.00317257 -0.00175667 -0.00434899 -0.0111573 -0.00655056 -0.00529787 -0.00739106 -0.00535443 -0.00349254 0.000704082 -0.00186486 -0.0143913 -0.00144976 -0.007 -0.0112857 -0.0059313 0.00105195 -0.019 0.000522124 -0.00366667 6.52175e-05 0.00137288 -0.00334615 -0.00785106 -0.00518182 0.000785235
internal_weight=1941 449 254 1492 904 637 298 89 267 235 179 158 134 588 259 69 209 60 42 131 154 45 339 99 92 295 52 47 44 149
internal_count=1941 449 254 1492 904 637 298 89 267 235 179 158 134 588 259 69 209 60 42 131 154 45 339 99 92 295 52 47 44 149
is_linear=0
shrinkage=0.03


Tree=55
num_leaves=31
num_cat=0
split_feature=11 8 49 10 9 10 9 8 58 37 19 16 11 37 8 11 23 16 56 16 57 8 35 46 25 44 45 37 27 47
split_gain=93.809 34.1839 53.0116 6.45 4.03738 4.55052 3.5472 3.18864 3.53842 7.92793 3.12318 4.23786 3.98893 3.07982 3.12862 2.96216 2.62515 2.25678 2.16926 2.10427 1.8901 1.86505 1.38135 1.09394 1.06873 1.08399 0.730682 0.559788 0.435753 0.836364
threshold=0.72947329433276265 3.5000000000000004 16.500000000000004 -0.9103761370219875 149.50000000000003 0.95642797789208711 143.50000000000003 4.5000000000000009 1006.5500000000001 2.5928571430000003 1.5000000000000002 23.550000000000004 -0.88144907265856332 446.27500000000003 3.5000000000000004 0.16280825711809002 3.5000000000000004 25.250000000000004 4.2500000000000009 23.150000000000002 256.50000000000006 1.0000000180025095e-35 450.00000000000006 26.050000000000004 372.50000000000006 27.450000000000003 80.500000000000014 5.3535714285000013 288.50000000000006 49.500000000000007
decision_type=2 2 2 2 2 2 2 2 2 2 2 2 2 2 2 2 2 2 2 2 2 2 2 2 2 2 2 2 2 2
left_child=3 2 20 6 7 -6 13 8 9 26 11 12 -11 14 -1 19 -7 24 23 -10 -2 -12 -17 -9 25 -8 -5 -27 -21 -30
right_child=1 -3 -4 4 5 16 17 18 15 10 21 -13 -14 -15 -16 22 -18 -19 -20 28 -22 -23 -24 -25 -26 27 -28 -29 29 -31
leaf_value=-0.016450455309637388 -0.080241353474848273 0 0 0.0012043670002103168 5.6292019479692007e-07 -0.045714690136089572 -0.069645160818293222 -0.087857532920362344 -0.11230045952052405 -0.0908787192989675 0.024404379808443805 -0.059736785332808767 -0.0079925893522733542 -0.0066814030694144983 -0.055350433093009146 -0.084814678213385772 -0.0014477688098123438 -0.041877232894506934 0.002180112698453765 3.935768651599314 1.9655433960052665e-09 -0.089107952376380334 -0.035799961236173676 -2.6598950031713829e-05 -0.023906281077081322 -0.035312845746101086 -0.0011800932700911846 0.0053018151562097878 -0.17406558789315277 6.2373395353806531
leaf_weight=37 32 195 100 70 408 36 29 24 21 22 26 31 30 22 28 36 40 24 190 145 122 32 20 20 21 28 27 80 22 23
leaf_count=37 32 195 100 70 408 36 29 24 21 22 26 31 30 22 28 36 40 24 190 145 122 32 20 20 21 28 27 80 22 23
internal_value=-0.00522257 -0.017245 -0.00999213 -0.00160456 -0.000679477 0.00145041 -0.00581041 -0.00207442 -0.00341584 -0.00607563 -0.010617 -0.0143494 -0.00911538 -0.0107931 -0.0140769 -0.00104494 -0.00528947 -0.00342857 0.000820513 0.000582938 0.00105195 -0.00527586 -0.00717857 -0.00518182 -0.00212658 -0.00116058 0.000525773 0.000222222 0.00157895 -0.001
internal_weight=1941 449 254 1492 1223 484 269 739 505 238 141 83 52 87 65 267 76 182 234 211 154 58 56 44 158 137 97 108 190 45
internal_count=1941 449 254 1492 1223 484 269 739 505 238 141 83 52 87 65 267 76 182 234 211 154 58 56 44 158 137 97 108 190 45
is_linear=0
shrinkage=0.03


Tree=56
num_leaves=31
num_cat=0
split_feature=11 8 49 10 9 10 46 8 17 6 47 10 21 2 9 2 2 53 15 8 5 10 49 46 10 24 15 38 17 46
split_gain=94.4558 34.6692 53.7504 5.81054 3.76321 4.55052 3.37642 5.47552 4.56364 4.44444 3.04537 4.57932 2.62515 2.27853 1.96655 2.36742 2.9632 1.91344 1.59002 1.48222 1.27604 1.22693 1.16667 0.968349 1.31361 0.854957 1.06667 0.666337 0.634921 0.626802
threshold=0.72947329433276265 3.5000000000000004 16.500000000000004 -0.9103761370219875 149.50000000000003 0.95642797789208711 23.750000000000004 2.5000000000000004 18.500000000000004 27.500000000000004 68.500000000000014 0.88144907265856365 3.5000000000000004 5497.4285715000015 144.50000000000003 6805.2500000000009 7396.1607145000007 206.00000000000003 79.500000000000014 2.5000000000000004 1.0000000180025095e-35 -0.84874750804349175 8.5000000000000018 24.950000000000003 0.98611507088852057 43.050000000000004 78.500000000000014 696.30758928750015 74.500000000000014 26.050000000000004
decision_type=2 2 2 2 2 2 2 2 2 2 2 2 2 2 2 2 2 2 2 2 2 2 2 2 2 2 2 2 2 2
left_child=3 2 19 13 6 -6 7 8 -5 -9 18 28 -7 -1 15 -15 -17 27 21 -2 -16 -8 -18 -20 29 -22 -27 -10 -12 -25
right_child=1 -3 -4 4 5 12 10 9 17 -11 11 -13 -14 14 20 16 22 -19 23 -21 25 -23 -24 24 -26 26 -28 -29 -30 -31
leaf_value=-0.037259001579179531 1.9065770941251087e-09 0 0 -0.10377028398859318 5.4603258895301243e-07 -0.04434324943200689 -0.026207484461799109 3.3998448975043356 0.00083304138698004054 -0.0847158631033577 -0.020241530980509778 -0.082289165623131252 -0.0014043357455180048 0.0073588787842787471 -0.044146206804870303 -0.068131313810936428 -0.0032791423160300642 -0.1004341852682283 -0.033995245736495254 -0.077834112870602823 0.0034890726825927356 0.062610038246152605 -0.01817686406352189 -0.000250528875285526 -0.16611911819173564 -0.0021483923246568486 -0.063254561635133044 -0.091030085392617449 0.0042733016023479382 0.00055963134891863562
leaf_weight=22 122 195 100 24 408 36 22 90 23 30 21 29 40 22 37 24 21 21 22 32 42 261 21 74 31 60 20 21 24 46
leaf_count=22 122 195 100 24 408 36 22 90 23 30 21 29 40 22 37 24 21 21 22 32 42 261 21 74 31 60 20 21 24 46
internal_value=-0.00511437 -0.0171782 -0.00987402 -0.00148391 -0.000605887 0.00145041 -0.00195264 -0.00518182 -0.0108202 -0.001 -0.000679245 -0.00632432 -0.00528947 -0.00547584 -0.00465182 -0.00825 -0.0110909 -0.00669231 0.000236842 0.00124675 -0.00266038 0.00162191 -0.00628571 -0.0020289 -0.00117219 -0.00118033 -0.003 -0.00313636 -0.000333333 0.00025
internal_weight=1941 449 254 1492 1223 484 739 209 89 120 530 74 76 269 247 88 66 65 456 154 159 283 42 173 151 122 80 44 45 120
internal_count=1941 449 254 1492 1223 484 739 209 89 120 530 74 76 269 247 88 66 65 456 154 159 283 42 173 151 122 80 44 45 120
is_linear=0
shrinkage=0.03


Tree=57
num_leaves=31
num_cat=0
split_feature=11 49 9 9 9 10 9 10 21 9 26 48 10 2 41 16 14 34 36 9 2 1 10 4 3 18 1 35 10 58
split_gain=95.4264 31.6745 13.8995 11.0299 26.318 5.72037 3.49868 4.55052 2.62515 2.44498 10.4501 2.97969 2.77448 2.33379 1.8899 1.83969 1.87023 2.28376 1.6 1.59942 1.98936 1.52381 1.39355 1.52596 1.45559 1.34682 1.62338 1.12733 0.959302 0.867857
threshold=0.72947329433276265 8.5000000000000018 149.50000000000003 145.50000000000003 142.50000000000003 -0.9103761370219875 149.50000000000003 0.95642797789208711 3.5000000000000004 147.50000000000003 13.65 68.000000000000014 0.84874750804349197 5497.4285715000015 397.20217634580752 22.850000000000005 31.950000000000003 783.35535715000003 63.264285715000007 144.50000000000003 6805.2500000000009 7867.9821430000011 0.98611507088852057 9.5000000000000018 6298367.9285000013 4.5000000000000009 2451.0803570000003 1008.5285715000001 -0.41248606129204546 1006.2500000000001
decision_type=2 2 2 2 2 2 2 2 2 2 2 2 2 2 2 2 2 2 2 2 2 2 2 2 2 2 2 2 2 2
left_child=5 2 3 4 -2 13 9 -8 -9 11 -11 15 -13 -1 19 -7 17 22 -16 20 -15 -12 23 -17 -25 -21 -27 -22 -5 -26
right_child=1 -3 -4 28 -6 6 7 8 -10 10 21 12 -14 14 18 16 -18 -19 -20 25 27 -23 -24 24 29 26 -28 -29 -30 -31
leaf_value=-0.036141231531804145 0.0042580991908642059 0 0 -0.075581648615929892 0 -0.075771321924814186 5.2965161128442212e-07 -0.043012951949046682 -0.0013622056731524299 0.10442633330253516 -0.11666346018542709 -0.054131315146480251 -0.092221686763425764 0.0071381124207503853 -0.0074365316517451246 0.00065078518183744004 0.066087154362890699 -0.12364887302512839 -0.034805863428582821 0.0039062458158907868 -0.064429267710433571 -0.13297303794123916 -0.045246232577211394 0.00086736076755802416 -0.00083658769525010712 -0.020082938865718155 -0.12284231478364083 -0.021397677353142054 1.8493797813013552e-09 -0.035043914157199069
leaf_weight=22 64 189 50 20 60 27 408 36 40 64 32 26 22 22 20 192 209 25 20 84 25 24 40 22 21 35 20 21 66 35
leaf_count=22 64 189 50 20 60 27 408 36 40 64 32 26 22 22 20 192 209 25 20 84 25 24 40 22 21 35 20 21 66 35
internal_value=-0.00505255 -0.0171782 -0.0103846 -0.007 -0.0127258 -0.00140349 -0.000532298 0.00145041 -0.00528947 -0.00183085 -0.00575 -0.00107108 -0.00825 -0.00536431 -0.00453036 -0.000467601 -8.82352e-05 -0.00147761 -0.0105 -0.00337681 -0.00714706 -0.0152143 -0.000774193 1.11759e-10 -0.00353846 -0.00153237 -0.00518182 -0.0106957 0.00125581 -0.00610714
internal_weight=1941 449 260 210 124 1492 1223 484 76 739 120 619 48 269 247 571 544 335 40 207 68 56 310 270 78 139 55 46 86 56
internal_count=1941 449 260 210 124 1492 1223 484 76 739 120 619 48 269 247 571 544 335 40 207 68 56 310 270 78 139 55 46 86 56
is_linear=0
shrinkage=0.03


Tree=58
num_leaves=31
num_cat=0
split_feature=36 19 8 39 58 36 1 9 58 8 46 58 41 26 5 19 26 33 56 36 59 19 19 16 57 36 19 33 58 26
split_gain=46.4909 29.9436 30.0777 11.5435 7.8626 5.13333 4.67214 4.61806 7.81359 6.78724 4.92939 3.6444 3.66141 3.56901 3.53405 3.25613 2.83327 4.125 1.92697 2.44002 1.90263 1.76434 1.62955 1.60766 1.58813 1.53181 1.36347 1.28333 1.04687 3.52116
threshold=524.26428570000019 8.5000000000000018 3.5000000000000004 0.33928571431250004 1006.7500000000001 765.42142860000013 1077.4285715000003 149.50000000000003 1006.35 4.5000000000000009 23.250000000000004 1006.6500000000002 336.58613312049175 8.6500000000000004 1.0000000180025095e-35 8.5000000000000018 17.450000000000003 182.19285710000003 17.750000000000004 71.721428570000015 0.35000000000000003 42.500000000000007 2.5000000000000004 23.550000000000004 256.50000000000006 852.86875000000009 1.5000000000000002 80.929464285000009 1005.5500000000001 15.850000000000003
decision_type=2 2 2 2 2 2 2 2 2 2 2 2 2 2 2 2 2 2 2 2 2 2 2 2 2 2 2 2 2 2
left_child=6 2 24 4 -4 20 11 8 9 16 -10 14 13 22 15 27 17 -8 -16 -20 21 -3 -13 -19 -2 -6 -18 -1 29 -7
right_child=1 5 3 -5 25 28 7 -9 10 -11 -12 12 -14 -15 18 -17 26 23 19 -21 -22 -23 -24 -25 -26 -27 -28 -29 -30 -31
leaf_value=0.00080628107151458652 -0.074379863841885746 0 0 0.0046978315002284407 0 0 -0.0013686260214892916 1.868739365476481 -0.10748078423432067 0.47391923540550074 1.4730360834806793 -0.14369672966533803 -0.033479771133491029 4.242132952690868e-07 5.137620629458894e-07 -0.042116611578750802 -0.04236828300393658 -0.082427574194047129 -0.019848434019802658 -0.0005530041205270063 0 0 -0.022495222574994526 -0.054506603250195025 1.7938983878623145e-09 0 -0.00023804385451954102 -0.040928845896027556 0 0
leaf_weight=22 36 40 35 24 37 21 22 331 36 72 267 33 21 41 241 43 22 28 24 28 23 26 34 38 165 65 31 20 82 33
leaf_count=22 36 40 35 24 37 21 22 331 36 72 267 33 21 41 241 43 22 28 24 28 23 26 34 38 165 65 31 20 82 33
internal_value=-0.00482071 -0.0118722 -0.00653039 -0.0161925 -0.0195547 -0.0204667 -0.00176366 -0.000400236 -0.00217442 -0.00657746 0.000920792 -0.00404142 -0.00839535 -0.00616667 -0.00255556 -0.00794118 -0.0104043 -0.0137045 -0.000993174 -0.00623077 -0.0148652 -0.0174545 -0.0104328 -0.0174545 0.00120896 -0.0237647 -0.00492453 -0.002 -0.0241324 -0.0208889
internal_weight=1941 587 362 161 137 225 1354 847 516 213 303 507 129 108 378 85 141 88 293 52 89 66 67 66 201 102 53 42 136 54
internal_count=1941 587 362 161 137 225 1354 847 516 213 303 507 129 108 378 85 141 88 293 52 89 66 67 66 201 102 53 42 136 54
is_linear=0
shrinkage=0.03


Tree=59
num_leaves=31
num_cat=0
split_feature=11 8 49 12 40 6 14 4 16 56 11 11 5 1 49 2 27 51 39 48 49 8 56 50 44 56 17 37 41 19
split_gain=88.0632 33.7908 47.1183 4.00239 4.57085 6.44129 8.63792 8.41811 3.64496 3.40557 3.26822 4.18185 3.53015 6.32823 2.62139 2.95903 3.36568 3.46756 2.3776 1.8969 1.73909 1.48222 1.24537 2.65971 1.17208 1.14 0.873096 0.72803 0.658691 1.47
threshold=0.72947329433276265 3.5000000000000004 16.500000000000004 0.53946920585801694 349.62109374833341 26.500000000000004 31.650000000000002 16.500000000000004 22.850000000000005 4.2500000000000009 -0.290129255202841 0.29012925520284111 1.0000000180025095e-35 99.000000000000014 11.500000000000002 7452.5892855000011 282.50000000000006 359.50000000000006 818.45323660625002 39.500000000000007 6.5000000000000009 2.5000000000000004 14.450000000000001 13.500000000000002 27.350000000000005 4.6500000000000012 47.500000000000007 11.392857145000002 106.62205357160126 2.5000000000000004
decision_type=2 2 2 2 2 2 2 2 2 2 2 2 2 2 2 2 2 2 2 2 2 2 2 2 2 2 2 2 2 2
left_child=3 2 21 10 9 6 14 18 -8 19 -1 12 13 -12 15 16 -6 -18 -7 -5 27 -2 -11 -24 -14 -4 -10 -17 -3 -30
right_child=1 28 25 4 5 7 8 -9 26 22 11 -13 24 -15 -16 20 17 -19 -20 -21 -22 -23 23 -25 -26 -27 -28 -29 29 -31
leaf_value=2.8626829614025833 1.7400814362264451e-09 0 0 -0.018793617892230881 -0.056251979636132168 -0.10736421676754067 -0.078166205792777277 0.00306092640294213 5.6062493612491018 0.0012495411894458534 -0.04204207092213378 4.242132952690868e-07 -0.11424613990335529 -0.015451696845381925 0.00020150627104763782 -0.029178184380329965 0.0036322977856245138 -0.11386632655367356 -0.1303493845972907 -0.15654851814672568 -0.062519594632905726 -0.073000780902451975 -0.052245140692555841 0.0029795554988129849 0.0013212170873146184 0 -0.074273462752429076 0.0084318427547791057 0 0
leaf_weight=312 122 145 24 44 24 25 22 22 172 317 21 128 36 28 30 20 20 26 28 27 27 32 20 31 63 76 25 24 20 30
leaf_count=312 122 145 24 44 24 25 22 22 172 317 21 128 36 28 30 20 20 26 28 27 27 32 20 31 63 76 25 24 20 30
internal_value=-0.00472798 -0.0163764 -0.00916535 -0.00122252 -0.00247566 -0.00454839 -0.003 -0.0126 0.000945206 -0.000280182 0.000704082 -0.00167391 -0.00510811 -0.0116939 -0.00805263 -0.00976596 -0.0141429 -0.0093913 -0.0190755 -0.00629577 -0.0054507 0.00124675 0.000880435 -0.00347059 -0.00184848 -0.0252 0.00223858 -0.00177273 -0.0257692 -0.0228
internal_weight=1941 449 254 1492 904 465 390 75 219 439 588 276 148 49 171 141 70 46 53 71 71 154 368 51 99 100 197 44 195 50
internal_count=1941 449 254 1492 904 465 390 75 219 439 588 276 148 49 171 141 70 46 53 71 71 154 368 51 99 100 197 44 195 50
is_linear=0
shrinkage=0.03


Tree=60
num_leaves=31
num_cat=0
split_feature=11 8 49 10 28 46 9 6 8 56 30 48 48 36 18 9 1 10 50 8 36 37 5 32 10 1 49 39 56 10
split_gain=89.7066 33.7908 47.1183 5.22495 3.98607 2.83573 4.81076 8.04706 4.84138 3.87014 3.12966 3.12276 2.73265 2.71941 2.27811 2.15615 3.90754 2.06831 1.61286 1.48222 1.35429 1.21721 1.06842 0.996574 0.86748 1.16971 0.804792 0.790539 1.77778 0.77775
threshold=0.72947329433276265 3.5000000000000004 16.500000000000004 -0.88144907265856332 1006.6500000000002 23.750000000000004 149.50000000000003 26.500000000000004 2.5000000000000004 4.5500000000000007 919.35982145000014 10.500000000000002 39.500000000000007 635.83125000000007 32.500000000000007 144.50000000000003 127.93750000000001 0.95642797789208711 37.000000000000007 2.5000000000000004 598.20000000000016 163.95267855000003 1.0000000180025095e-35 578.6142857000001 0.95642797789208711 209.36607145000002 6.5000000000000009 510.24754464375002 17.550000000000004 -0.84874750804349175
decision_type=2 2 2 2 2 2 2 2 2 2 2 2 2 2 2 2 2 2 2 2 2 2 2 2 2 2 2 2 2 2
left_child=3 2 19 4 15 6 7 8 10 12 14 -9 17 -3 -5 16 -1 -7 -19 -2 -4 -18 -17 -23 29 26 -26 -24 -29 -11
right_child=1 13 20 5 -6 9 -8 11 -10 24 -12 -13 -14 -15 -16 22 21 18 -20 -21 -22 23 27 -25 25 -27 -28 28 -30 -31
leaf_value=-0.00046851421062652751 1.6878789931396517e-09 -1.5412861808313846e-08 -1.5412861429037602e-08 0.0032512572887242359 -0.030757516074372184 0.00067680355496032684 0.00027230145073824525 -0.089296287061415888 3.5842348113798903 -0.011209038028045739 -0.15583810538328335 -0.15850697114664547 -0.15185206260232392 0 -0.050105164425532554 -0.040445508158634798 -0.045961969237884058 -0.0070282171879241491 -0.067297166116439266 -0.070810757475378419 0 -0.015958838299221907 0.0020477339236402037 -0.090431966501577379 0.0027982510264687524 0.029355770501547147 -0.036055702682815473 -0.081146767495503327 2.3110388813252531 0.00042020625952097595
leaf_weight=46 122 21 21 27 23 57 127 25 87 33 20 24 27 174 21 36 22 22 21 32 79 21 97 20 28 51 29 25 20 583
leaf_count=46 122 21 21 27 23 57 127 25 87 33 20 24 27 174 21 36 22 22 21 32 79 21 97 20 28 51 29 25 20 583
internal_value=-0.00461978 -0.0163764 -0.00916535 -0.00108177 -0.00454839 -0.000172589 -0.0025287 -0.00538235 -0.00203226 0.000743831 -0.00802941 -0.0159796 -0.00408661 -0.0257692 -0.003875 -0.00358537 -0.00690826 -0.0018 -0.00676744 0.00124675 -0.0252 -0.0117619 -0.00155056 -0.00870732 0.00159116 -0.000888889 -0.00384211 -0.000380282 -0.00366667 0.00202597
internal_weight=1941 449 254 1492 310 1182 331 204 155 851 68 49 127 195 48 287 109 100 43 154 100 63 178 41 724 108 57 142 45 616
internal_count=1941 449 254 1492 310 1182 331 204 155 851 68 49 127 195 48 287 109 100 43 154 100 63 178 41 724 108 57 142 45 616
is_linear=0
shrinkage=0.03


Tree=61
num_leaves=31
num_cat=0
split_feature=11 19 36 6 6 6 4 58 15 45 10 46 12 6 6 47 19 47 51 44 5 10 10 12 31 1 2 45 56 58
split_gain=67.5103 23.2139 13.4218 11.2778 13.8381 17.6744 5.93756 2.97993 7.06909 2.82361 2.55481 3.4531 5.67475 7.43804 4.45895 3 2.91375 2.34892 2.1984 4.41 2.1211 1.97454 1.83269 2.13177 2.22905 2.16847 1.8087 1.77912 1.607 2.06148
threshold=0.72947329433276265 8.5000000000000018 598.20000000000016 20.500000000000004 24.500000000000004 28.500000000000004 15.500000000000002 1006.6500000000002 81.500000000000014 84.500000000000014 0.95642797789208711 23.750000000000004 0.53946920585801694 26.500000000000004 20.500000000000004 10.500000000000002 1.5000000000000002 68.500000000000014 565.00000000000011 31.650000000000002 1.0000000180025095e-35 -0.29012925520284144 -0.95642797789208689 0.60980454008255491 38.285714285000005 209.36607145000002 6634.7500000000009 88.500000000000014 3.8500000000000001 1006.7500000000001
decision_type=2 2 2 2 2 2 2 2 2 2 2 2 2 2 2 2 2 2 2 2 2 2 2 2 2 2 2 2 2 2
left_child=6 3 -3 -2 21 -6 10 9 -9 18 11 12 -1 14 16 -15 -14 -12 22 -20 -19 -5 23 24 -8 -25 -7 -22 29 -13
right_child=1 2 -4 4 5 26 7 8 -10 -11 17 28 13 15 -16 -17 -18 20 19 -21 27 -23 -24 25 -26 -27 -28 -29 -30 -31
leaf_value=0.0026250697979732251 0.009286771487366851 -1.4950476036402923e-08 0 0 1.6372426233454622e-09 0 -0.039075839577335229 -0.030041217418968896 0.00063089515361819761 -0.04763931473898151 -0.012763923452490169 0.0015535306182826506 -0.072814494063972696 -0.087000976870478891 3.6959057703767502 -0.15375176201224608 0.002123590894142637 -0.038988056673842156 -0.13438072091915176 -0.00049366145641210554 -0.053731227923512245 0 7.5927851329741749e-05 -0.0076243475017402796 0.0029947459818034047 -0.023016047302422068 0 0.014005447178199321 0.0020405532880540061 -0.075346296887075087
leaf_weight=111 58 29 159 26 86 26 21 30 25 40 114 23 39 24 80 24 27 20 20 25 22 45 126 30 80 38 20 21 525 27
leaf_count=111 58 29 159 26 86 26 21 30 25 40 114 23 39 24 80 24 27 20 20 25 22 45 126 30 80 38 20 21 525 27
internal_value=-0.00477434 -0.0149733 -0.0230106 -0.00918391 -0.0125172 -0.00677273 -0.00170509 -0.00465517 -0.0111818 -0.00371053 -0.000491012 0.000170455 -0.00240984 -0.00550515 -0.00213699 -0.01575 -0.00790909 -0.00377966 -0.00282353 -0.009 -0.00842857 -0.0231972 -0.00188136 -0.00392308 -0.00115842 -0.00802941 -0.0217826 -0.00467442 0.00153913 -0.0036
internal_weight=1941 449 188 261 203 132 1492 435 55 380 1057 880 305 194 146 48 66 177 340 45 63 71 295 169 101 68 46 43 575 50
internal_count=1941 449 188 261 203 132 1492 435 55 380 1057 880 305 194 146 48 66 177 340 45 63 71 295 169 101 68 46 43 575 50
is_linear=0
shrinkage=0.03


Tree=62
num_leaves=31
num_cat=0
split_feature=36 19 8 39 10 34 10 10 28 56 16 8 44 56 8 48 5 52 5 1 1 37 57 19 58 10 58 10 43 37
split_gain=53.614 24.1043 32.1704 13.0287 11.6054 9.86111 7.19858 3.72553 4.11551 2.57208 2.71912 4.68497 8.4 5.01433 3.70191 2.43833 2.02159 2.83722 1.77906 1.57596 1.575 1.48675 1.48211 1.27932 1.25015 1.07096 1.03371 1 0.992949 0.982502
threshold=647.7125000000002 8.5000000000000018 3.5000000000000004 0.33928571431250004 0.68322629814330837 12.350000000000001 0.68322629814330837 -0.88144907265856332 1006.6500000000002 4.5500000000000007 23.750000000000004 3.5000000000000004 31.350000000000005 17.650000000000002 2.5000000000000004 39.500000000000007 1.0000000180025095e-35 426.00000000000006 1.0000000180025095e-35 209.36607145000002 1407.2142860000001 37.564285710000007 256.50000000000006 3.5000000000000004 1006.5500000000001 -0.79335334029123528 1006.1500000000002 -0.41248606129204546 -141.87589284999999 276.7214285500001
decision_type=2 2 2 2 2 2 2 2 2 2 2 2 2 2 2 2 2 2 2 2 2 2 2 2 2 2 2 2 2 2
left_child=7 2 22 6 5 -3 27 8 16 15 11 12 20 14 26 18 21 28 -9 23 -11 -1 -2 -12 -25 -21 -14 -4 29 -18
right_child=1 4 3 -5 -6 -7 -8 9 -10 10 19 -13 13 -15 -16 -17 17 -19 -20 25 -22 -23 -24 24 -26 -27 -28 -29 -30 -31
leaf_value=-0.036004917581838124 -0.068899513090326159 0 0 0.023004213970985701 0.00015943608742340968 0 -7.3411299530838438e-05 -0.037568169194829262 -0.028933554069571949 -0.025737909473119477 5.8920119156587942e-05 5.1378521328366826 -0.071591047668524518 -0.00015073796554013473 -0.072552511249974402 -0.14878147521777405 -0.039076926192466284 -0.078866403836368767 -1.1601567639543e-08 -0.013468568747962021 0.0055830055225220953 -0.015439043291188405 1.5881253446450982e-09 -6.4713542680221048e-05 -0.022281648858238887 1.1181186742948475 -0.098854372346557612 0 0.0021982749593657982 0.021332556989093414
leaf_weight=20 30 142 20 22 20 20 22 23 23 24 129 96 21 31 28 24 62 31 83 26 81 38 139 92 36 417 25 80 103 33
leaf_count=20 30 142 20 22 20 20 22 23 23 24 129 96 21 31 28 24 62 31 83 26 81 38 139 92 36 417 25 80 103 33
internal_value=-0.00435703 -0.0128788 -0.00783067 -0.01825 -0.0215604 -0.0242222 -0.022082 -0.00143983 -0.00435484 -0.000644366 -0.000131213 -0.0024902 -0.005 -0.011 -0.0152432 -0.00461538 -0.00337631 -0.00210917 -0.00266038 0.0009 0.001 -0.00837931 0.00104734 -0.000968871 -0.00309375 0.0019842 -0.0204783 -0.0255 -0.000787879 -0.003
internal_weight=1941 495 313 144 182 162 122 1446 310 1136 1006 306 210 105 74 130 287 229 106 700 105 58 169 257 128 443 46 100 198 95
internal_count=1941 495 313 144 182 162 122 1446 310 1136 1006 306 210 105 74 130 287 229 106 700 105 58 169 257 128 443 46 100 198 95
is_linear=0
shrinkage=0.03


Tree=63
num_leaves=31
num_cat=0
split_feature=36 19 8 1 10 34 58 10 10 6 6 43 58 54 14 10 46 8 10 38 26 45 58 51 57 46 53 30 4 8
split_gain=54.7717 23.7689 32.8688 11.8828 11.6054 9.86111 6.57749 3.43153 3.15569 3.16361 4.9336 5.47843 2.43656 2.78806 2.57775 2.33355 2.19769 7.84914 3.8655 2.16064 2.11633 1.77805 1.8381 1.94805 1.48211 1.41588 1.40053 3.38111 1.33978 1.10239
threshold=647.7125000000002 8.5000000000000018 3.5000000000000004 543.84821430000011 0.68322629814330837 12.350000000000001 1006.7500000000001 -0.81241147629689037 0.95642797789208711 18.500000000000004 19.500000000000004 31.913392849999955 1006.6500000000002 637.45000000000016 31.650000000000002 -0.95642797789208689 23.550000000000004 2.5000000000000004 0.13052619222005177 29.982366071250002 4.2500000000000009 84.500000000000014 1007.4500000000002 5.5000000000000009 256.50000000000006 24.650000000000002 117.50000000000001 124.98125000000002 19.500000000000004 3.5000000000000004
decision_type=2 2 2 2 2 2 2 2 2 2 2 2 2 2 2 2 2 2 2 2 2 2 2 2 2 2 2 2 2 2
left_child=7 2 24 6 5 -3 -4 12 9 -9 11 -11 13 15 -15 19 17 18 -12 -1 -18 25 23 -23 -2 -10 27 -21 -22 -19
right_child=1 4 3 -5 -6 -7 -8 8 21 10 16 -13 -14 14 -16 -17 20 29 -20 26 28 22 -24 -25 -26 -27 -28 -29 -30 -31
leaf_value=-0.036854677574575258 -0.06683252769761637 0 0 0.31426877699444372 0.0001546530048007074 0 0 0.00066844946574716663 -0.032981477139402457 -0.01376610516512829 -0.083392337276138123 -0.056546353294119715 -0.027959488571379278 -0.15415195894376368 -0.0097680410762412215 0.0013383816602049068 -0.056767087575957435 -0.058251968923568063 -0.069443316238468791 -0.0039973100527959469 1.7742220664294976 -0.058010417141422826 -0.23446328726060373 0.055466830716811556 1.5404815843057452e-09 0.022693352656353524 0.0050349469668613742 -0.074841259755513284 -8.9665718924723385e-06 4.1893303625927016
leaf_weight=20 30 142 29 20 20 20 95 381 20 26 20 20 30 32 21 127 22 38 21 85 251 56 20 21 139 53 36 38 36 72
leaf_count=20 30 142 29 20 20 20 95 381 20 26 20 20 30 32 21 127 22 38 21 85 251 56 20 21 139 53 36 38 36 72
internal_value=-0.00432612 -0.0129394 -0.00792652 -0.0184583 -0.0215604 -0.0242222 -0.0219194 -0.00137759 -0.000491012 0.000226607 -0.00132806 -0.0106957 -0.00378663 -0.00310028 -0.00945283 -0.002 -0.000391304 -0.00335762 -0.014561 -0.0042067 0.00105825 -0.00423529 -0.00689691 -0.00479221 0.00104734 -0.00069863 -0.00303774 -0.00456098 0.00174564 0.000818182
internal_weight=1941 495 313 144 182 162 124 1446 1057 887 506 46 389 359 53 306 460 151 41 179 309 170 97 77 169 73 159 123 287 110
internal_count=1941 495 313 144 182 162 124 1446 1057 887 506 46 389 359 53 306 460 151 41 179 309 170 97 77 169 73 159 123 287 110
is_linear=0
shrinkage=0.03


Tree=64
num_leaves=31
num_cat=0
split_feature=11 8 49 36 36 11 13 6 10 58 48 38 41 37 58 2 27 11 11 13 14 13 37 49 6 8 3 59 8 48
split_gain=72.5723 30.9561 39.9325 11.8385 4.56926 3.59842 4.13855 8.12078 6.22286 4.25799 4.86473 3.86368 2.14032 2.67625 2.12892 3.91768 3.65617 2.12267 2.48666 1.97848 1.92849 1.65089 2.38095 2.28571 2.43559 1.48222 1.42538 1.31736 1.14603 0.681948
threshold=0.72947329433276265 3.5000000000000004 16.500000000000004 647.7125000000002 635.83125000000007 -0.41248606129204524 -0.84196139870471931 26.500000000000004 0.47114434510950082 1006.35 3.5000000000000004 866.98883923750009 397.20217634580752 35.407142855000011 1006.7500000000001 4.1428571430000014 317.50000000000006 0.29012925520284111 0.22695468355932433 -0.82290644127870971 28.750000000000004 -0.79250516961884265 31.385714285000002 15.500000000000002 18.500000000000004 2.5000000000000004 6306807.5000000009 0.75000000000000011 2.5000000000000004 17.500000000000004
decision_type=2 2 2 2 2 2 2 2 2 2 2 2 2 2 2 2 2 2 2 2 2 2 2 2 2 2 2 2 2 2
left_child=5 2 25 -3 -4 6 -1 9 11 10 28 -9 14 -14 17 16 19 18 21 -16 -17 27 -23 24 -24 -2 -12 -7 -8 -19
right_child=1 3 4 -5 -6 12 7 8 -10 -11 26 -13 13 -15 15 20 -18 29 -20 -21 -22 22 23 -25 -26 -27 -28 -29 -30 -31
leaf_value=4.8021786375469455 1.494267136776573e-09 -1.4981440320692186e-06 -2.0052589385276143e-05 0 0 0.0023271921238594575 -0.25945613817013319 -0.18665949180044797 1.2618529981369357 4.0577956152985628 -0.043826414780522911 -0.089095958163710867 -0.028880464271225675 -0.0070644287139589737 0.00057522971374451099 -0.075003081971944871 -0.065539262090553413 0.00093038495139898523 -0.035441723231799775 -0.058355790202351841 0.00090305041063830642 -0.00028330422249303605 -0.031193292468066493 0.00065855466649874421 -0.034000242030477794 -0.064614473532390512 -0.067742317005220792 -0.16953469683063727 2.8726924298538146 -1.5994490505308699e-05
leaf_weight=280 122 24 27 171 73 133 20 29 20 224 29 21 31 23 32 25 38 120 26 23 63 50 27 20 23 32 27 35 70 103
leaf_count=280 122 24 27 171 73 133 20 29 20 224 29 21 31 23 32 25 38 120 26 23 63 50 27 20 23 32 27 35 70 103
internal_value=-0.00466615 -0.0152405 -0.00833858 -0.0242308 -0.0231 -0.00148391 4.16668e-05 -0.00177273 -0.0111429 1.11759e-10 -0.0039863 -0.0168 -0.00290674 -0.00866667 -0.00247354 -0.00528729 -0.00958064 -0.00152514 -0.00311465 -0.00463636 -0.00075 -0.0023125 -0.005 -0.00857143 -0.012 0.00124675 -0.0109286 -0.000392857 0.000333333 0.000713005
internal_weight=1941 449 254 195 100 1492 720 440 70 370 146 50 772 54 718 181 93 537 314 55 88 288 120 70 50 154 56 168 90 223
internal_count=1941 449 254 195 100 1492 720 440 70 370 146 50 772 54 718 181 93 537 314 55 88 288 120 70 50 154 56 168 90 223
is_linear=0
shrinkage=0.03


Tree=65
num_leaves=31
num_cat=0
split_feature=11 8 49 36 36 11 9 9 10 58 48 8 36 58 43 58 9 27 5 8 11 11 36 9 58 43 56 34 56 8
split_gain=74.9247 30.9561 39.9325 11.8385 4.56926 3.159 3.78362 7.73711 5.85143 3.74307 5.17297 2.88 2.48336 2.43 2.0007 3.44764 4.12375 1.92969 1.71204 1.48222 1.44115 3.13386 2.11375 1.59659 2.53878 1.32716 1.26934 1.88059 1.22506 0.744273
threshold=0.72947329433276265 3.5000000000000004 16.500000000000004 647.7125000000002 635.83125000000007 -0.41248606129204524 149.50000000000003 147.50000000000003 0.47114434510950082 1006.35 10.500000000000002 2.5000000000000004 579.43571430000009 1005.7500000000001 10.442857145000003 1006.6500000000002 147.50000000000003 298.50000000000006 22.500000000000004 2.5000000000000004 0.29012925520284111 0.22695468355932433 384.05892855000008 144.50000000000003 1005.2500000000001 -182.99999999999997 15.65 805.65625000000011 12.050000000000002 1.5000000000000002
decision_type=2 2 2 2 2 2 2 2 2 2 2 2 2 2 2 2 2 2 2 2 2 2 2 2 2 2 2 2 2 2
left_child=5 2 19 -3 -4 6 7 9 11 10 -1 -9 14 -12 15 20 18 -18 -17 -2 21 23 -22 24 25 -7 -25 -28 -24 -16
right_child=1 3 4 -5 -6 12 -8 8 -10 -11 13 -13 -14 -15 29 16 17 -19 -20 -21 22 -23 28 26 -26 -27 27 -29 -30 -31
leaf_value=0.0069963320445986755 1.4494391226732758e-09 -1.4531997111071421e-06 -1.9451011703717857e-05 0 0 -0.030257493427406197 4.6581132784205375 -0.21809603502751418 1.2239974081928278 3.9360617468396057 -0.049032641747983198 -0.073556556217967181 0.00018728210461499479 -0.066249236996057129 -0.032980234769563466 -0.027714156410687783 0.0011665051844577522 -0.048972142181748245 -0.10225727065710231 -0.062676039326418798 0.0013645157228917031 -0.034212839524881695 -0.051148869523591378 0.004702464842088242 -0.032530367269349006 0.00058594689568594127 -0.090368553179987987 0.0050965573625377861 -1.5514655790149439e-05 0.0097209871896971507
leaf_weight=96 122 24 27 171 73 37 280 25 20 224 30 25 131 20 32 30 30 21 24 32 97 29 25 56 24 43 41 44 29 79
leaf_count=96 122 24 27 171 73 37 280 25 20 224 30 25 131 20 32 30 30 21 24 32 97 29 25 56 24 43 41 44 29 79
internal_value=-0.00449614 -0.0152405 -0.00833858 -0.0242308 -0.0231 -0.00126273 0.000166667 -0.00156818 -0.0107143 0.000162162 -0.00357534 -0.0162 -0.00259585 -0.0114 -0.00336505 -0.00413208 -0.009 -0.00288235 -0.0147778 0.00124675 -0.00292941 -0.00422628 -0.000576159 -0.00312245 -0.00594231 -0.003375 -0.00104255 -0.00335294 -0.00533333 0.000297297
internal_weight=1941 449 254 195 100 1492 720 440 70 370 146 50 772 50 641 530 105 51 54 154 425 274 151 245 104 80 141 85 54 111
internal_count=1941 449 254 195 100 1492 720 440 70 370 146 50 772 50 641 530 105 51 54 154 425 274 151 245 104 80 141 85 54 111
is_linear=0
shrinkage=0.03


Tree=66
num_leaves=31
num_cat=0
split_feature=11 19 9 9 9 36 9 11 5 11 46 9 1 48 30 58 23 47 57 41 58 56 33 15 1 58 56 1 37 27
split_gain=77.5337 22.596 11.5991 13.1447 18.7548 10.985 2.84206 3.43083 3.71229 5.0625 2.58945 4.46719 3.61727 3.57053 3.55577 2.83306 6.29595 2.54097 2.46176 2.1654 2.16312 1.68027 2.63045 1.63763 1.5254 3.09429 1.36727 1.32623 1.10322 1.08194
threshold=0.72947329433276265 8.5000000000000018 141.50000000000003 145.50000000000003 149.50000000000003 647.7125000000002 149.50000000000003 -0.22695468355932455 1.0000000180025095e-35 0.47114434510950071 23.750000000000004 147.50000000000003 2928.5714285000004 68.000000000000014 747.78750000000002 1006.35 174.50000000000003 8.5000000000000018 297.50000000000006 418.29999653327309 1006.5500000000001 8.8000000000000025 373.31785715000007 62.500000000000007 791.07142855000018 1006.7500000000001 16.550000000000004 999.18750000000011 199.85178570000002 298.50000000000006
decision_type=2 2 2 2 2 2 2 2 2 2 2 2 2 2 2 2 2 2 2 2 2 2 2 2 2 2 2 2 2 2
left_child=6 2 -2 17 -5 20 10 -8 9 -9 11 15 13 19 -13 16 23 -4 -6 21 -3 24 -23 -1 25 -12 -24 29 -14 -10
right_child=1 5 3 4 18 -7 7 8 27 -11 12 14 28 -15 -16 -17 -18 -19 -20 -21 -22 22 26 -25 -26 -27 -28 -29 -30 -31
leaf_value=0.031297005133176646 9.5428508771894247 -1.8868658278344492e-05 0 1.4059559489930775e-09 0 0 2.1687218426682104 -0.033909485623004547 0.00052297766679844306 0.00015744203199664623 -0.030773517463509415 -0.068747901353015103 -0.17831770919537285 -0.074746520386149914 -0.08220432761189872 10.528901780369123 -0.065281823391170057 -2.8192064313207073e-07 -1.4096037197739277e-06 -0.024799400635674103 -1.8867116992592027e-05 0.0015486095100390015 -0.0036805959982656369 -0.10926081139943654 0.85657503007845825 -0.076751519961802531 -0.048128894718082176 -0.15683770934307376 0.51907863683147248 -0.033685024907930475
leaf_weight=47 53 20 22 86 31 147 329 32 132 32 75 20 25 25 32 56 35 49 20 27 21 180 39 35 21 30 38 26 219 37
leaf_count=47 53 20 22 86 31 147 329 32 132 32 75 20 25 25 32 56 35 49 20 27 21 180 39 35 21 30 38 26 219 37
internal_value=-0.00431066 -0.0152405 -0.00952874 -0.0127212 -0.00729197 -0.0231702 -0.00102145 0.000602041 -0.00198069 -0.00825 -0.00207743 -0.00486667 -0.00115317 -0.0027931 -0.0125769 -0.00254913 -0.00520513 -0.0231972 -0.0217059 -0.00212195 -0.00943902 -0.00154308 -0.000151751 -0.000658536 -0.00438095 -0.00585714 -0.00479221 7.69232e-05 0.00177049 0.00104734
internal_weight=1941 449 261 208 137 188 1492 588 259 64 904 225 679 435 52 173 117 71 51 410 41 383 257 82 126 105 77 195 244 169
internal_count=1941 449 261 208 137 188 1492 588 259 64 904 225 679 435 52 173 117 71 51 410 41 383 257 82 126 105 77 195 244 169
is_linear=0
shrinkage=0.03


Tree=67
num_leaves=31
num_cat=0
split_feature=11 19 9 36 57 48 9 28 48 54 9 48 14 11 58 17 58 11 11 47 27 56 54 44 59 47 34 49 10 16
split_gain=44.0486 45.646 12.3057 10.985 8.78333 8.2672 3.83704 3.16501 4.47977 3.04574 7.06154 5.08446 4.52045 2.97627 2.16312 1.94713 4.04039 1.91951 2.98229 1.46557 1.43593 1.28798 1.65727 1.96709 1.22613 1.80198 1.11937 2.35878 1.04167 0.680532
threshold=0.72947329433276265 8.5000000000000018 149.50000000000003 647.7125000000002 297.50000000000006 1.5000000000000002 149.50000000000003 1007.5500000000001 68.000000000000014 595.05000000000007 147.50000000000003 10.500000000000002 31.550000000000004 -0.290129255202841 1006.5500000000001 8.5000000000000018 1006.6500000000002 0.29012925520284111 0.16280825711809002 5.5000000000000009 256.50000000000006 7.8500000000000005 14.800000000000002 28.050000000000004 0.15000000000000005 97.500000000000014 242.59285715000001 7.5000000000000009 0.84874750804349197 23.650000000000002
decision_type=2 2 2 2 2 2 2 2 2 2 2 2 2 2 2 2 2 2 2 2 2 2 2 2 2 2 2 2 2 2
left_child=6 2 5 14 -4 -2 7 8 9 15 11 12 -11 -8 -3 16 19 18 24 -1 -7 22 23 -17 -15 -26 -23 -28 -19 -9
right_child=1 3 4 -5 -6 20 13 29 -10 10 -12 -13 -14 17 -16 21 -18 28 -20 -21 -22 26 -24 -25 25 -27 27 -29 -30 -31
leaf_value=0.0030634269991517272 0 -1.8302598529994157e-05 0 0 -1.3673156081807099e-06 -0.060582673149922973 2.4073649684219327 -0.057930523986734574 -0.050146811784050435 -0.18069288361391991 -0.06831803556597392 -0.062507317867199097 0.039018426068567237 0.0039929092047965888 -1.8301103482814267e-05 0.0015687741094893984 -0.023685212208820215 0.00016597431147259166 -0.031159374091277153 -0.010948596305184811 1.3637772705232853e-09 0.0022867203491835774 0.012924389559601812 -0.050668678370081335 -0.30498554317413912 -0.011270122494070575 -0.062772339963982043 0.0015072956503226398 -0.041852690767722113 0.011841571926376969
leaf_weight=53 21 20 31 147 20 33 312 28 36 26 38 29 110 64 21 34 29 96 32 22 156 127 30 50 23 29 32 87 32 173
leaf_count=53 21 20 31 147 20 33 312 28 36 26 38 29 110 64 21 34 29 96 32 22 156 127 30 50 23 29 32 87 32 173
internal_value=-0.00366151 -0.0118998 -0.00378161 -0.0231702 -0.017 -0.000571428 -0.00118231 -0.00240929 -0.00335846 -0.0028021 -0.00586699 -0.00318182 -0.00075 0.000704082 -0.00943902 -0.00146121 -0.00507692 -0.00156522 -0.00389189 -0.0014 0.0014127 -0.000416667 -0.00305263 -0.00521429 -0.00165517 -0.00507692 0.000804878 -0.00128571 0.001125 0.000910448
internal_weight=1941 449 261 188 51 210 1492 904 703 667 203 165 136 588 41 464 104 276 148 75 189 360 114 84 116 52 246 119 128 201
internal_count=1941 449 261 188 51 210 1492 904 703 667 203 165 136 588 41 464 104 276 148 75 189 360 114 84 116 52 246 119 128 201
is_linear=0
shrinkage=0.03


Tree=68
num_leaves=31
num_cat=0
split_feature=36 49 36 8 17 16 45 9 8 28 48 21 8 35 8 2 37 5 34 47 56 36 44 27 2 37 57 57 36 16
split_gain=24.7859 38.5104 10.7375 7.31878 6.37124 3.86092 6.03074 3.65581 3.35699 4.40526 4.5374 5.37379 4.00334 3.80581 3.24811 4.8416 2.68691 3.12408 2.22936 1.96751 1.82855 1.77046 1.36509 1.32834 2.64609 1.7962 1.92667 1.32335 1.32184 1.21503
threshold=529.67142855000009 8.5000000000000018 768.03125000000011 3.5000000000000004 4.5000000000000009 25.750000000000004 85.500000000000014 149.50000000000003 4.5000000000000009 1007.5500000000001 68.000000000000014 765.50000000000011 3.5000000000000004 662.54285715000015 2.5000000000000004 3818.6875000000005 126.36607145000001 1.0000000180025095e-35 12.350000000000001 56.500000000000007 21.350000000000005 647.7125000000002 27.650000000000002 295.50000000000006 1383.5000000000002 442.08571425000008 274.50000000000006 256.50000000000006 2.7142857145000003 23.650000000000002
decision_type=2 2 2 2 2 2 2 2 2 2 2 2 2 2 2 2 2 2 2 2 2 2 2 2 2 2 2 2 2 2
left_child=7 3 18 27 -5 -6 -7 8 9 10 11 12 23 -14 15 -13 17 22 21 20 -10 -3 -9 25 -25 -1 -27 -2 -19 -11
right_child=1 2 -4 4 5 6 -8 16 19 29 -12 14 13 -15 -16 -17 -18 28 -20 -21 -22 -23 -24 24 -26 26 -28 -29 -30 -31
leaf_value=0.002975133953376982 -0.058552115566361126 -1.7752070378329838e-05 0 0 8.4167059758464245e-09 0 0 -0.029781675254453507 0.0063502922791678212 -0.087190564405887933 -0.048735176576887307 -0.076145623097192139 -0.048731274355128341 -0.026662885635912986 -0.029395517480592069 -0.063945027949875125 1.0611043922479528 -0.087873354244104612 0 -0.26204767650402994 -0.084425771419224277 0 -0.030719688953150456 -0.0087207378533213486 -0.034466803393547137 -0.061448149183819245 0.0023812909208460109 1.3228639524075867e-09 0.00064958506673955599 0.94384322435167034
leaf_weight=174 34 37 136 21 66 32 41 23 209 20 31 21 21 20 22 27 325 21 20 21 20 33 26 48 21 25 24 163 140 119
leaf_count=174 34 37 136 21 66 32 41 23 209 20 31 21 21 20 22 27 325 21 20 21 20 33 26 48 21 25 24 163 140 119
internal_value=-0.00350695 -0.00868096 -0.0183717 -0.00254622 -0.0073125 -0.00498561 -0.00973973 -0.00128571 -0.0025407 -0.00380628 -0.00529493 -0.00444417 -0.00285586 -0.0116341 -0.012 -0.016375 0.00064486 -0.002 -0.0103333 0.00036 0.00116594 -0.0128571 -0.00863265 -0.00162329 -0.00526087 -0.000497758 -0.00557143 0.00132487 1.86337e-05 0.000841727
internal_weight=1941 583 226 357 160 139 73 1358 823 573 434 403 333 41 70 48 535 210 90 250 229 70 49 292 69 223 49 197 161 139
internal_count=1941 583 226 357 160 139 73 1358 823 573 434 403 333 41 70 48 535 210 90 250 229 70 49 292 69 223 49 197 161 139
is_linear=0
shrinkage=0.03


Tree=69
num_leaves=31
num_cat=0
split_feature=39 56 18 44 36 56 6 57 36 10 19 10 9 58 1 48 53 18 27 37 19 36 6 10 10 42 58 19 15 29
split_gain=24.8379 21.8957 11.4355 10.1965 6.78992 6.25444 7.42927 7.84 5.82707 4.58808 3.59058 6.51135 3.5016 3.85961 4.50056 4.32316 6.4856 3.36064 2.95167 3.23379 3.28093 2.37576 2.31735 4.15915 2.17977 2.13675 1.74573 1.57453 1.49129 1.37724
threshold=1.0000000180025095e-35 15.450000000000001 1.0000000180025095e-35 28.950000000000003 666.69285715000012 4.4500000000000011 29.500000000000004 297.50000000000006 771.57142855000018 0.68322629814330837 6.5000000000000009 0.68322629814330837 149.50000000000003 1006.5500000000001 149.50000000000003 10.500000000000002 179.50000000000003 28.500000000000004 284.50000000000006 191.55000000000004 1.0000000180025095e-35 831.79821430000004 26.500000000000004 0.47114434510950082 -0.95642797789208689 -22.642857155000048 1003.6500000000002 3.5000000000000004 68.500000000000014 0.45000000000000007
decision_type=2 2 2 2 2 2 2 2 2 2 2 2 2 2 2 2 2 2 2 2 2 2 2 2 2 2 2 2 2 2
left_child=1 2 4 5 -1 9 10 -8 29 -4 -7 -12 13 15 -15 18 28 -11 19 27 -21 -5 -16 -24 25 -14 -20 -2 -17 -3
right_child=12 8 3 21 -6 6 7 -9 -10 17 11 -13 24 14 22 16 -18 -19 26 20 -22 -23 23 -25 -26 -27 -28 -29 -30 -31
leaf_value=-0.018525576617241402 0.004345713621482233 -1.5279269843711348e-05 -1.7219817972997931e-05 -0.03033475141330506 0 1.283178033835359e-09 0 -0.037416506833647271 0 -0.0039936699963828183 0 -0.00019900650434122205 -0.01349386285367213 -0.020521757551945317 1.5779252496751377 0.005539259872875543 -0.058788653855668546 -0.1216440469988968 -0.042269084934576234 -0.035003837992976863 -0.075055745653928446 -0.038667894240922165 -0.2941193314236169 2.7576704968587911 0.0039490983075424939 -0.034422158485486923 0.0044487300903865339 -0.0086998821477284587 -0.024403178915623637 -0.026859043283604403
leaf_weight=36 42 21 27 20 49 293 20 25 65 52 23 61 52 30 253 27 29 25 28 28 38 24 26 32 394 20 130 27 24 20
leaf_count=36 42 21 27 20 49 293 20 25 65 52 23 61 52 30 253 27 29 25 28 28 38 24 26 32 394 20 130 27 24 20
internal_value=-0.00361515 -0.007841 -0.00579389 -0.00426316 -0.0160588 -0.00310266 -0.00147867 -0.013 -0.0204906 -0.00969231 -0.000103448 -0.00557143 -0.00088983 -0.00221008 9.67743e-05 -0.00431903 -0.0105 -0.00596104 -0.0026314 -0.00588889 -0.0106364 -0.0181364 0.0011672 -0.00424138 0.00113305 -0.00366667 0.000151899 -0.00134783 -0.00405882 -0.0116341
internal_weight=1941 761 655 570 85 526 422 45 106 104 377 84 1180 714 341 373 80 77 293 135 66 44 311 58 466 72 158 69 51 41
internal_count=1941 761 655 570 85 526 422 45 106 104 377 84 1180 714 341 373 80 77 293 135 66 44 311 58 466 72 158 69 51 41
is_linear=0
shrinkage=0.03


Tree=70
num_leaves=31
num_cat=0
split_feature=36 19 6 16 38 9 19 53 57 51 26 16 35 26 52 58 51 9 4 6 5 19 45 10 26 24 15 17 27 37
split_gain=13.4022 35.5044 7.44098 5.21481 2.9534 4.01465 8.72213 3.23577 2.79426 2.56834 3.08864 2.32692 2.1512 2.36687 4.02103 2.06068 1.89426 1.66669 1.30869 2.10729 1.22826 1.69481 1.16348 1.11325 1.09742 1.29711 0.95972 0.88104 1.2867 0.768882
threshold=768.03125000000011 8.5000000000000018 29.500000000000004 25.650000000000002 43.647544642375003 141.50000000000003 3.5000000000000004 179.50000000000003 330.50000000000006 16.500000000000004 7.5500000000000007 23.950000000000003 340.78035715000004 17.550000000000004 446.50000000000006 1007.7500000000001 18.500000000000004 145.50000000000003 20.500000000000004 22.500000000000004 1.0000000180025095e-35 23.500000000000004 89.500000000000014 0.29012925520284133 15.65 315.00000000000006 90.500000000000014 42.500000000000007 159.50000000000003 206.81785715000004
decision_type=2 2 2 2 2 2 2 2 2 2 2 2 2 2 2 2 2 2 2 2 2 2 2 2 2 2 2 2 2 2
left_child=4 2 18 23 8 6 7 11 9 10 15 -6 -7 14 17 22 -11 -14 -2 -20 21 -12 27 -3 -19 -26 -22 -1 -29 -8
right_child=1 3 -4 -5 5 12 29 -9 -10 16 20 -13 13 -15 -16 -17 -18 24 19 -21 26 -23 -24 -25 25 -27 -28 28 -30 -31
leaf_value=-0.047905854762235557 1.2446826928202982e-09 0 0 0 -0.013847920046283818 1.5308524031951651 -0.32500735648620255 -0.058249070488552393 -0.047233783060898912 -0.029265648086654439 0 -0.029503617061681874 -0.019012388767646778 0.014900285965539262 -0.044640845343988621 -0.24429615208205543 -0.017364037285764775 0.010273405500100479 -0.05743478440031112 1.2446826928202982e-09 2.204580547070399e-05 -0.027531864418722726 0.0004440079519448887 0 -0.38024108864782136 0.00084421253652649706 -1.5916997050280948e-05 -0.041387506450515546 4.0628552726492639e-09 0.046105987759657303
leaf_weight=37 134 70 30 36 26 406 20 33 30 23 65 26 23 155 31 21 37 57 20 64 253 29 25 29 20 29 21 36 46 109
leaf_count=37 134 70 30 36 26 406 20 33 30 23 65 26 23 155 31 21 37 57 20 64 253 29 25 29 20 29 21 36 46 109
internal_value=-0.00270325 -0.00773107 -0.000991935 -0.0201111 -0.00146727 -0.000401069 -0.00400935 -0.0114706 -0.00306742 -0.00261551 -0.0019531 -0.00680769 0.000669903 -0.00119048 -0.00375 -0.00536364 -0.0085 -0.0014186 0.00093578 -0.002 -0.000423913 -0.00338298 -0.00408333 -0.0236667 0.000169811 -0.00312245 0.000591241 -0.00531933 -0.00358537 0.000906977
internal_weight=1941 383 248 135 1558 935 214 85 623 593 533 52 721 315 160 165 60 129 218 84 368 94 144 99 106 49 274 119 82 129
internal_count=1941 383 248 135 1558 935 214 85 623 593 533 52 721 315 160 165 60 129 218 84 368 94 144 99 106 49 274 119 82 129
is_linear=0
shrinkage=0.03


Tree=71
num_leaves=31
num_cat=0
split_feature=11 56 18 6 6 28 47 9 53 6 26 37 41 57 19 57 6 19 49 30 10 10 48 28 47 54 47 6 6 43
split_gain=16.3107 30.7446 9.85072 4.25143 3.64599 4.32904 6.31623 3.26667 3.04052 5.15519 2.99624 4.10839 4.40205 3.06091 3.0933 3.35308 2.88095 2.62743 4.39243 2.19034 1.73608 2.24381 1.43675 1.09241 0.964993 0.936003 1.225 0.921951 0.907397 1.28749
threshold=0.72947329433276265 15.450000000000001 1.0000000180025095e-35 29.500000000000004 18.500000000000004 1007.5500000000001 66.500000000000014 139.50000000000003 179.50000000000003 20.500000000000004 17.550000000000004 401.97678570000005 248.55869741980896 322.50000000000006 2.5000000000000004 278.50000000000006 30.500000000000004 8.5000000000000018 26.500000000000004 2.7142857145000003 -0.95642797789208689 0.95642797789208711 3.5000000000000004 1002.1500000000002 78.500000000000014 595.05000000000007 50.500000000000007 27.500000000000004 21.500000000000004 -70.17857139500002
decision_type=2 2 2 2 2 2 2 2 2 2 2 2 2 2 2 2 2 2 2 2 2 2 2 2 2 2 2 2 2 2
left_child=4 2 7 17 20 6 8 -2 10 -10 11 13 -13 14 -6 -16 -5 -4 -19 -14 22 25 -1 -3 -23 -22 -27 -21 -17 -30
right_child=1 23 3 16 5 -7 -8 -9 9 -11 -12 12 19 -15 15 28 -18 18 -20 27 21 24 -24 -25 -26 26 -28 -29 29 -31
leaf_value=-0.0069952262664316244 -1.3369528828677677e-05 -1.5481355012424311e-05 1.2073422120356894e-09 0 0.0020672398271952726 0.0069674205721492587 -0.039888632456018439 0 -0.056909623830614139 -0.029490503239623243 0.0056208062984091541 -0.068484392621532345 -0.066672432463138087 -0.060575609641686817 -0.020328801563216186 0.18577803368031406 0 0 5.1659453918993787e-07 -0.03454127411367524 0.0013875082096421333 0.0073561482216347217 -0.12410601170243306 -2.0299606880977926e-07 -0.039585700003852024 2.9044616702785175 -0.73782491136065231 0.032491129902227793 -0.059566890685083598 -0.0030977727568574881
leaf_weight=52 30 20 213 21 205 247 37 30 21 37 128 21 20 33 28 23 21 24 27 20 408 24 20 63 57 20 20 21 21 29
leaf_count=52 30 20 213 21 205 247 37 30 21 37 128 21 20 33 28 23 21 24 27 20 408 24 20 63 57 20 20 21 21 29
internal_value=-0.00261051 -0.00762361 -0.00388525 -0.00170588 -0.00110188 -0.00231987 -0.00361491 -0.015 -0.00288138 -0.00941379 -0.00219126 -0.0034133 -0.00943902 -0.00195575 -0.00101961 -0.00531683 -0.0105714 -0.000295454 -0.00641176 -0.00536066 0.000703827 0.00129868 -0.00366667 -0.0241084 -0.0032963 0.00212946 -0.00225 -0.00139024 -0.00193151 -0.0042
internal_weight=1941 449 366 306 1492 891 644 60 607 58 549 421 82 339 306 101 42 264 51 61 601 529 72 83 81 448 40 41 73 50
internal_count=1941 449 366 306 1492 891 644 60 607 58 549 421 82 339 306 101 42 264 51 61 601 529 72 83 81 448 40 41 73 50
is_linear=0
shrinkage=0.03


Tree=72
num_leaves=31
num_cat=0
split_feature=16 18 35 28 51 18 8 16 45 27 57 8 35 14 26 14 27 26 3 58 58 49 18 29 27 15 37 14 19 44
split_gain=2.74276 4.11683 2.38139 3.43896 2.17465 8.43704 3.44697 5.60065 1.97145 4.20064 1.72217 1.73777 2.40838 2.41429 1.72244 1.7149 1.35087 1.29226 1.34065 0.73325 2.44586 0.80801 0.715098 2.72429 0.692585 0.631084 1.05554 0.51348 0.418568 0.795438
threshold=25.850000000000005 31.500000000000004 745.88750000000016 1007.1500000000002 835.50000000000011 8.5000000000000018 2.5000000000000004 23.850000000000005 86.500000000000014 293.50000000000006 284.50000000000006 1.5000000000000002 971.00000000000011 29.650000000000002 12.550000000000002 28.250000000000004 212.00000000000003 3.6500000000000008 7615526.3570000008 1006.35 1006.1500000000002 96.000000000000014 68.000000000000014 0.15000000000000005 314.00000000000006 82.500000000000014 66.986607145000008 28.550000000000004 9.5000000000000018 31.750000000000004
decision_type=2 2 2 2 2 2 2 2 2 2 2 2 2 2 2 2 2 2 2 2 2 2 2 2 2 2 2 2 2 2
left_child=2 8 4 10 17 6 7 -6 9 -2 11 -4 13 16 -14 -3 -13 -1 19 20 22 25 -19 -24 -10 -21 27 -27 29 -12
right_child=1 15 3 -5 5 -7 -8 -9 24 -11 28 12 14 -15 -16 -17 -18 18 -20 21 -22 -23 23 -25 -26 26 -28 -29 -30 -31
leaf_value=-0.033607294846183758 -3.3438881723599913e-06 -0.040261979006435938 0.0019429383214851674 -0.022533404780667645 -0.097967040674853026 -0.095844409727974533 3.5387459999796125 3.9193430200069934 8.3046498876856826e-09 -1.9009635088738775e-07 -0.020640254116535091 -0.17936838004592515 -0.033555481188663472 -0.04253677640936683 0.00113878589340303 -0.065400833348605955 0.00064755717331261339 6.0898820642933773e-09 -0.054079814058252296 0.0015803656085815875 -0.029172260034950596 0 -0.023411107539221529 2.5209775939480609e-05 -0.039559972483555084 6.0898820642933773e-09 -0.055721200564112693 -0.017143721751618671 0.0008799621455588951 2.8398481699403906
leaf_weight=36 29 24 48 20 21 28 91 23 85 48 61 20 29 30 68 39 22 446 31 359 28 20 24 55 21 90 24 37 53 31
leaf_count=36 29 24 48 20 21 28 91 23 85 48 61 20 29 30 68 39 22 446 31 359 28 20 24 55 21 90 24 37 53 31
internal_value=-0.00123493 -0.00419512 -0.00080531 -0.00289005 -0.000198781 -0.00344172 -0.000333333 -0.00722727 -0.00191803 -0.00557143 -0.00222099 -0.00391244 -0.0053432 -0.0095 -0.00225773 -0.0108095 -0.00485714 0.00026087 0.000441652 0.000617729 -0.000146474 0.00141509 0.000314286 -0.00231646 0.000735849 0.00164706 1.98677e-05 0.00111024 0.000310345 -0.000913043
internal_weight=1941 246 1695 382 1313 163 135 44 183 77 362 217 169 72 97 63 42 1150 1114 1083 553 530 525 79 106 510 151 127 145 92
internal_count=1941 246 1695 382 1313 163 135 44 183 77 362 217 169 72 97 63 42 1150 1114 1083 553 530 525 79 106 510 151 127 145 92
is_linear=0
shrinkage=0.03


Tree=73
num_leaves=31
num_cat=0
split_feature=9 46 6 8 34 18 37 11 35 2 6 19 56 10 37 36 36 37 11 5 1 1 1 56 44 39 2 47 35 10
split_gain=1.89213 3.52268 6.16028 3.83539 5.08093 3.33082 4.15584 2.91257 1.84519 2.54565 2.99885 3.32421 1.92474 2.07853 2.32653 1.59476 1.95064 1.47075 1.76117 3.2961 6.1005 1.45688 1.09683 0.66691 1.36974 1.73933 0.632291 0.802164 0.612695 1.31005
threshold=149.50000000000003 23.650000000000002 26.500000000000004 2.5000000000000004 239.25000000000003 68.000000000000014 336.70000000000005 -0.290129255202841 737.0875000000002 7396.1607145000007 20.500000000000004 2.5000000000000004 7.7500000000000009 0.98611507088852057 589.96607145000019 639.65625000000011 336.55982145000002 824.76250000000016 0.29012925520284111 1.0000000180025095e-35 99.000000000000014 8402.5714285000013 999.18750000000011 13.550000000000002 32.250000000000007 756.13415178750006 8222.2857145000016 9.5000000000000018 509.62857145000004 -0.3520614488341256
decision_type=2 2 2 2 2 2 2 2 2 2 2 2 2 2 2 2 2 2 2 2 2 2 2 2 2 2 2 2 2 2
left_child=1 2 3 4 -1 8 -7 -2 12 10 -10 -12 13 14 15 16 -3 18 19 20 -9 -4 -21 -14 25 -25 -11 -28 29 -20
right_child=7 5 21 -5 -6 6 -8 17 9 26 11 -13 23 -15 -16 -17 -18 -19 28 22 -22 -23 -24 24 -26 -27 27 -29 -30 -31
leaf_value=0.0093750631844734932 2.2547833628508109 0.0023201971663728534 -0.062632544218243644 1.2816378115125484 -0.088664304944611139 -0.047465514105875357 8.3951445577530777 -0.026795465214488088 7.0321566055951129e-05 0.0012505275740355621 -0.0019569608325999775 -0.021260298836452418 0.00024671373788743499 -0.084323351648837891 -0.054040104887598667 7.8694522464814899e-09 -0.04592191862776708 -0.02743289362565491 -1.6790890603155649e-06 0.0047646899134710851 -0.032250181283363426 -0.14918481400845721 -0.16863559061528963 -7.5291218932480829e-08 4.3887881538156996 -0.29549682432535868 0.00092942671906362572 -0.053028123041659186 5.9071856023645768e-09 5.9071856023645768e-09
leaf_weight=20 312 53 22 84 29 35 20 20 43 56 20 33 271 26 20 118 34 20 30 69 26 26 24 77 85 21 49 27 73 198
leaf_count=20 312 53 22 84 29 35 20 20 43 56 20 33 271 26 20 118 34 20 30 69 26 26 24 77 85 21 49 27 73 198
internal_value=-0.000678516 -0.00143969 -0.00528729 -0.00196241 -0.00863265 -0.000734818 -0.00790909 0.000474093 -0.000311897 -0.00265789 -0.006375 -0.0111509 0.000446809 -0.00166135 -0.000733333 0.000219512 -0.00286207 -0.00104348 -0.000681818 -0.00347482 -0.0100435 -0.0145 -0.000225806 0.00161233 0.000213115 -0.00220408 4.54547e-05 -0.00173684 0.000607974 -0.000157895
internal_weight=1941 1169 181 133 49 988 55 772 933 228 96 53 705 251 225 205 87 460 440 139 46 48 93 454 183 98 132 76 301 228
internal_count=1941 1169 181 133 49 988 55 772 933 228 96 53 705 251 225 205 87 460 440 139 46 48 93 454 183 98 132 76 301 228
is_linear=0
shrinkage=0.03


Tree=74
num_leaves=31
num_cat=0
split_feature=9 17 4 48 47 52 8 8 38 46 57 11 11 5 1 26 49 41 28 43 28 47 1 57 15 42 14 34 47 28
split_gain=3.22627 2.87223 4.17699 3.98636 4.54547 3.95161 4.102 2.91286 1.9857 3.36958 1.89832 1.86696 2.19073 3.33333 5.92111 1.55787 2.1 1.47677 4.50667 1.36711 2.28647 1.74545 1.16136 1.1396 0.813572 0.793329 0.988596 1.11299 0.750689 0.611723
threshold=150.50000000000003 68.500000000000014 9.5000000000000018 6.5000000000000009 49.500000000000007 657.50000000000011 4.5000000000000009 1.0000000180025095e-35 812.88839286250015 23.650000000000002 305.50000000000006 -0.290129255202841 0.29012925520284111 1.0000000180025095e-35 99.000000000000014 4.3500000000000005 1.0000000180025095e-35 360.80999365639428 1006.6500000000002 -135.13035711999996 1006.35 35.500000000000007 791.07142855000018 323.50000000000006 92.500000000000014 -24.123214299999997 31.550000000000004 843.57321430000013 15.500000000000002 1007.85
decision_type=2 2 2 2 2 2 2 2 2 2 2 2 2 2 2 2 2 2 2 2 2 2 2 2 2 2 2 2 2 2
left_child=1 2 15 4 8 6 19 23 9 -4 -9 -2 13 14 -13 16 -1 25 -19 -5 21 -21 -15 -3 -14 26 27 -11 -22 -27
right_child=11 7 3 5 -6 -7 -8 10 -10 17 -12 12 24 22 -16 -17 -18 18 -20 20 28 -23 -24 -25 -26 29 -28 -29 -30 -31
leaf_value=-0.11733442753184532 2.6176953378902565 -0.037211914774266407 -0.089488004095743243 0.0015519514799017579 -0.28360526065678193 -0.12455208157630075 -8.6520866636659264e-06 -0.051139592872990441 1.6991246883436995 -0.0025684149011439552 -0.035866166865590313 -0.025991601258053446 5.7299700342936387e-09 0.0061044273423639705 -0.039280510107441928 0.00023360245450865333 4.9656243197015874e-07 0.0011045844717674144 -0.018143447435667849 -0.050836465087142103 -0.052432415540443443 -0.050674934399670309 -0.10597190930767264 0.0030126603924059657 -7.5038061168819587e-07 0.001112625608193902 5.4358964356420376 -0.049192367343257999 0.0018207893433980419 -0.0042846382697559618
leaf_weight=30 273 27 35 28 25 25 23 20 139 36 31 20 261 61 25 334 40 50 25 33 31 22 29 25 32 132 23 21 50 35
leaf_count=30 273 27 35 28 25 25 23 20 139 36 31 20 261 61 25 334 40 50 25 33 31 22 29 25 32 132 23 21 50 35
internal_value=-0.000894899 -0.00181452 -0.00137995 -0.00272988 -0.00131862 -0.00619811 -0.00470053 -0.00661165 -0.000689516 -0.00187395 -0.0117059 0.000731812 -0.000504673 -0.00366667 -0.0103333 0.00106931 -0.003 -0.000913043 -0.0046 -0.00303659 -0.00427941 -0.009 -0.000333333 -0.00161538 0.000952219 0.000206478 -0.00225 -0.00436842 -0.00107407 0.00138323
internal_weight=1941 1240 1137 733 521 212 187 103 496 357 51 701 428 135 45 404 70 322 75 164 136 55 90 52 293 247 80 57 81 167
internal_count=1941 1240 1137 733 521 212 187 103 496 357 51 701 428 135 45 404 70 322 75 164 136 55 90 52 293 247 80 57 81 167
is_linear=0
shrinkage=0.03


Tree=75
num_leaves=31
num_cat=0
split_feature=15 9 48 37 4 48 57 17 16 49 4 37 56 10 5 10 1 16 26 48 26 48 56 8 44 15 21 17 35 49
split_gain=4.7978 3.8611 2.72776 4.58182 2.93992 3.92638 3.70393 5.04808 3.92752 3.51201 2.41678 4.06596 2.30889 1.8453 2.09531 2.05753 1.81546 2.22121 3.00148 1.52028 1.51429 2.07255 1.44927 3.21928 0.859356 1.67646 2.20613 0.773244 0.668605 0.565245
threshold=93.500000000000014 150.50000000000003 68.000000000000014 395.94910715000003 9.5000000000000018 6.5000000000000009 288.50000000000006 35.500000000000007 23.150000000000002 45.500000000000007 18.500000000000004 462.90714285000007 21.450000000000003 0.93540483100319627 1.0000000180025095e-35 -0.95642797789208689 8120.2589285000004 23.750000000000004 17.650000000000002 3.5000000000000004 6.1000000000000005 39.500000000000007 9.1500000000000004 3.5000000000000004 28.950000000000003 76.500000000000014 15.500000000000002 47.500000000000007 889.74196430000018 32.500000000000007
decision_type=2 2 2 2 2 2 2 2 2 2 2 2 2 2 2 2 2 2 2 2 2 2 2 2 2 2 2 2 2 2
left_child=1 2 4 -4 9 12 8 -8 -7 20 -10 -12 16 15 -15 19 17 18 -6 28 21 -1 23 -19 -24 -26 27 -27 -3 -16
right_child=-2 13 3 -5 5 6 7 -9 10 -11 11 -13 -14 14 29 -17 -18 22 -20 -21 -22 -23 24 -25 25 26 -28 -29 -30 -31
leaf_value=4.9643954087292493e-07 -7.0004402665805124e-06 -0.025211853220311845 -0.044674493054863013 8.2921463350355875 -0.081349917352513346 -0.086514396333572538 -0.030276639030691738 -0.046593359998690957 0.0017689692262218286 -0.13559315643995828 0.0011055134453096854 -0.057352233273459556 -0.18734769019943301 -0.024252918483392762 -0.042414325474667169 2.8241388384939512e-08 3.3311348313703553 0.00012853983399156049 0.016555323357905605 -0.10676355495229367 0.0011797920359097711 -0.045197124486048672 0.0025414356787326312 -0.017100458486757928 0.001892300506480777 0.0010792721148936569 -0.017502703455891649 -0.027539736038138005 0.016758717760909429 0.0040173968515726704
leaf_weight=56 30 20 35 20 22 28 24 28 80 28 31 21 32 24 20 543 124 24 24 20 296 36 72 23 148 26 20 20 23 43
leaf_count=56 30 20 35 20 22 28 24 28 80 28 31 21 32 24 20 543 124 24 24 20 296 36 72 23 148 26 20 20 23 43
internal_value=-0.00109583 -0.000908948 -0.00192611 -0.00845455 -0.00161737 -0.00274297 -0.00619811 -0.0131538 -0.0039375 0.000403846 -0.00177273 -0.00680769 -0.00137383 0.000878788 -0.0032069 0.00146535 -0.000876739 -0.00190765 -0.00808696 -0.00366667 0.00114433 -0.00221739 -0.00105405 -0.00593617 -0.000251748 -0.00120561 -0.00518182 -0.00156522 -0.000488372 -0.000333333
internal_weight=1941 1911 1218 55 1163 747 212 52 160 416 132 52 535 693 87 606 503 379 46 63 388 92 333 47 286 214 66 46 43 63
internal_count=1941 1911 1218 55 1163 747 212 52 160 416 132 52 535 693 87 606 503 379 46 63 388 92 333 47 286 214 66 46 43 63
is_linear=0
shrinkage=0.03


Tree=76
num_leaves=31
num_cat=0
split_feature=15 36 9 46 8 53 22 34 24 26 58 37 11 39 11 11 11 37 14 23 59 27 11 57 46 6 34 8 19 6
split_gain=5.19179 3.27314 3.35038 4.25991 6.55555 6.9677 3.96872 3.94209 3.37685 4.68083 3.69769 3.63242 2.32599 2.24855 1.45541 1.44375 3.13704 1.13746 2.03332 1.00392 0.93986 0.905527 0.827105 0.703897 1.08997 1.15125 0.584215 0.505991 0.471342 0.377182
threshold=93.500000000000014 635.83125000000007 150.50000000000003 23.750000000000004 3.5000000000000004 158.50000000000003 32.500000000000007 239.25000000000003 42.750000000000007 7.7500000000000009 1005.85 434.79285715000003 -0.290129255202841 947.83463543750008 0.32143946530316164 0.29012925520284111 0.16280825711809002 248.08303570000001 30.250000000000004 171.50000000000003 0.45000000000000007 298.50000000000006 -0.58216583101416131 257.50000000000006 25.050000000000004 20.500000000000004 705.31428570000014 3.5000000000000004 41.500000000000007 26.500000000000004
decision_type=2 2 2 2 2 2 2 2 2 2 2 2 2 2 2 2 2 2 2 2 2 2 2 2 2 2 2 2 2 2
left_child=1 2 3 4 5 -1 8 -7 9 10 -5 27 -4 19 -12 16 20 18 26 -9 -14 -17 -6 24 25 28 -8 -11 -3 -19
right_child=-2 23 12 6 22 7 17 13 -10 11 14 -13 15 -15 -16 21 -18 29 -20 -21 -22 -23 -24 -25 -26 -27 -28 -29 -30 -31
leaf_value=0.0005397899475546665 -6.7904270585830966e-06 1.3784157073605166e-08 2.5391644769063064 -0.0001890419625134745 2.5570024796043258 -0.0225874071514507 0.0049726860789891933 -0.069427727424085442 -0.01781582607343973 0.0065714989918886817 -0.12994655771503988 -0.04946320965471028 0.0065642076642134532 -0.17678062570341566 -0.044505690121022949 0.00063055814775991956 -0.023809094899097903 0.46737931399518917 -0.085456801545401376 -0.16423275835221707 -0.12151919173289698 -0.037759376698387734 -0.18834400023250009 3.601921338892103e-05 4.7108292817166443e-09 -0.049529516889626195 -0.0053759562378109006 -0.01581719052192665 -1.4773535215052474e-07 -0.00017656111362139486
leaf_weight=33 30 25 273 26 62 22 53 20 32 127 20 23 66 28 22 97 30 226 38 34 39 26 20 319 91 25 28 39 26 41
leaf_count=33 30 25 273 26 62 22 53 20 32 127 20 23 66 28 22 97 30 226 38 34 39 26 20 319 91 25 28 39 26 41
internal_value=-0.000616692 -0.000422292 -0.00114737 -0.00226846 -0.00590411 -0.00991971 -0.00108889 -0.0137308 -0.0037474 -0.00260311 -0.00935294 -0.000174603 0.000740113 -0.0167561 -0.0148571 -0.00130233 -0.00344444 0.000901554 -0.00153781 -0.0203333 -0.001 0.00104878 0.000804878 0.0017037 0.000125749 -0.00252632 0.00114815 0.00137349 5.88236e-05 0.00198876
internal_weight=1941 1911 1425 894 219 137 675 104 289 257 68 189 531 82 42 258 135 386 119 54 105 123 82 486 167 76 81 166 51 267
internal_count=1941 1911 1425 894 219 137 675 104 289 257 68 189 531 82 42 258 135 386 119 54 105 123 82 486 167 76 81 166 51 267
is_linear=0
shrinkage=0.03


Tree=77
num_leaves=31
num_cat=0
split_feature=15 57 58 8 37 21 49 36 58 15 40 58 58 18 44 6 57 19 10 19 16 8 10 19 37 53 4 59 40 16
split_gain=4.02559 2.26864 3.35 3.3314 5.9512 5.54951 4.80697 5.625 3.64273 4.25926 6.79557 3.05637 2.27782 6.33899 2.10397 1.81571 1.78784 1.68002 1.55492 1.27815 1.23393 2.32323 1.20793 1.01158 1.29424 0.942157 0.838093 1.2368 0.781524 1.94595
threshold=93.500000000000014 259.50000000000006 1007.5500000000001 4.5000000000000009 110.75000000000001 760.50000000000011 51.500000000000007 808.86696430000018 1006.35 78.500000000000014 597.47176339458349 1005.5500000000001 1006.6500000000002 1.0000000180025095e-35 28.650000000000002 26.500000000000004 323.50000000000006 2.5000000000000004 -0.95642797789208689 16.500000000000004 23.650000000000002 3.5000000000000004 0.95642797789208711 26.500000000000004 206.81785715000004 115.50000000000001 15.500000000000002 0.75000000000000011 196.04095982145836 25.050000000000004
decision_type=2 2 2 2 2 2 2 2 2 2 2 2 2 2 2 2 2 2 2 2 2 2 2 2 2 2 2 2 2 2
left_child=1 22 3 4 6 8 12 -8 9 10 -6 -7 -3 -14 19 -13 -15 -12 25 -5 21 -4 26 -22 -25 -16 -1 28 29 -28
right_child=-2 2 20 14 5 11 7 -9 -10 -11 17 15 13 16 18 -17 -18 -19 -20 -21 23 -23 -24 24 -26 -27 27 -29 -30 -31
leaf_value=3.611501367815619e-07 -6.5867142468256041e-06 0.0011410957420764788 -0.1002379022663408 -0.041211984907134694 -0.039831000939676224 -0.17232702997360044 0.00067093305366561955 -1.0758655723859141e-06 0.71832553536021837 0.0056158702523024379 -0.0024529896727831669 -0.037656955362481634 -0.017313617512621428 0.006320517798218757 -0.023498751751959087 -0.1547880749775708 -0.041781490293293762 -0.096850483236070414 0.0014721385185500673 -0.018376977462713825 0.0009000901573219919 12.159560391620202 -0.021901165702535304 -0.47146386140426566 3.3166699932573547 0.097932845166995505 -0.047644882289170638 -0.38459057774039473 0.0013060430645572771 4.5695044032651447e-09
leaf_weight=326 30 236 22 40 32 24 20 20 43 30 44 22 23 54 34 24 20 32 235 28 250 23 84 23 20 20 37 20 88 37
leaf_count=326 30 236 22 40 32 24 20 20 43 30 44 22 23 54 34 24 20 32 235 28 250 23 84 23 20 20 37 20 88 37
internal_value=-0.00109583 -0.000924647 -0.00161713 -0.00250459 -0.00382692 -0.00739841 -0.00142359 -0.01125 -0.00462431 -0.007 -0.00977778 -0.0145714 -0.000243243 -0.0041134 -0.000193277 -0.0100435 0.000162162 -0.00489474 0.000923876 -0.00494118 0.00095858 -0.00366667 0.000618243 0.00166894 -0.0025814 -0.00366667 0.00116929 -0.000461538 0.000407408 -0.00186486
internal_weight=1941 1911 1319 981 624 251 373 40 181 138 108 70 333 97 357 46 74 76 289 68 338 45 592 293 43 54 508 182 162 74
internal_count=1941 1911 1319 981 624 251 373 40 181 138 108 70 333 97 357 46 74 76 289 68 338 45 592 293 43 54 508 182 162 74
is_linear=0
shrinkage=0.03


Tree=78
num_leaves=31
num_cat=0
split_feature=15 8 24 37 46 54 30 37 17 47 20 35 58 15 44 10 28 38 10 19 29 37 53 53 34 10 45 10 47 44
split_gain=4.1521 2.31216 5.40497 4.52306 5.61097 3.61482 2.29977 6.08957 1.78261 1.66768 6.09491 2.4244 3.97715 1.71477 5.23724 1.6519 1.45802 2.32823 1.363 1.16482 1.0066 0.976114 2.17174 0.942157 0.798396 1.91455 0.556777 0.478511 0.429501 0.381984
threshold=93.500000000000014 4.5000000000000009 589.20000000000016 298.25357145000004 23.850000000000005 657.50000000000011 391.88125000000008 1069.7642860000003 6.5000000000000009 68.500000000000014 6.5000000000000009 737.0875000000002 1006.6500000000002 79.500000000000014 28.950000000000003 0.95642797789208711 1005.5500000000001 866.98883923750009 -0.95642797789208689 63.500000000000007 1.0000000180025095e-35 405.50803570000005 187.50000000000003 115.50000000000001 705.31428570000014 -0.98611507088852035 74.500000000000014 0.98611507088852057 47.500000000000007 29.650000000000002
decision_type=2 2 2 2 2 2 2 2 2 2 2 2 2 2 2 2 2 2 2 2 2 2 2 2 2 2 2 2 2 2
left_child=1 2 6 -4 5 -5 7 9 -6 11 -11 27 24 14 -12 -15 -7 -18 23 20 -20 22 -8 -3 26 -26 -13 29 -22 -1
right_child=-2 18 3 4 8 16 21 -9 -10 10 13 12 -14 15 -16 -17 17 -19 19 -21 28 -23 -24 -25 25 -27 -28 -29 -30 -31
leaf_value=0.00069006578699374753 -6.389112819420836e-06 -0.022793789199400318 1.9808655911058222 -0.050475927535647912 3.463684719647298 -0.13831870822839071 0.013550470880149167 -0.046210130301189714 -0.38221483853241722 -0.042099241380705213 -1.5124526028807474e-05 -0.0019168287692842318 -0.016436142299934935 4.5181356877449754e-07 0.0020214485053156898 -0.032584445573108023 -0.16607055622871875 -0.086472676151823608 0.00074757674686232384 -0.27116401805630835 -0.022332469419450985 4.8984147090032266 -0.023504188087036214 0.094994859811985688 0.0053188499429651231 -0.090551412675822285 0.0033561524768409949 -0.088827392316656886 1.0329706322594489e-08 -0.0029828867107853266
leaf_weight=293 30 34 43 35 41 29 37 23 23 34 34 21 37 165 40 40 21 28 446 21 20 204 23 20 26 20 57 38 21 37
leaf_count=293 30 34 43 35 41 29 37 23 23 34 34 21 37 165 40 40 21 28 446 21 20 204 23 20 26 20 57 38 21 37
internal_value=-0.000925811 -0.000751962 -0.0014255 -0.00572727 -0.00784746 -0.0118673 -0.000587245 -0.00133526 -0.00075 -0.00091924 -0.00265495 0.000107751 -0.00296273 -0.00119355 -0.00510811 0.000219512 -0.0154615 -0.0123061 0.000864769 0.00134646 0.00164476 0.00186364 -0.0015 -0.00366667 -0.000387097 -0.00352174 0.00146154 0.00145109 -0.00285366 0.00181818
internal_weight=1941 1911 1349 220 177 113 1129 865 64 842 313 529 161 279 74 205 78 49 562 508 487 264 60 54 124 46 78 368 41 330
internal_count=1941 1911 1349 220 177 113 1129 865 64 842 313 529 161 279 74 205 78 49 562 508 487 264 60 54 124 46 78 368 41 330
is_linear=0
shrinkage=0.03


Tree=79
num_leaves=31
num_cat=0
split_feature=45 28 6 47 36 6 44 37 26 46 48 48 17 28 10 26 57 56 10 51 10 33 30 37 46 42 32 26 18 26
split_gain=3.1877 2.14726 3.23926 5.86133 5.15414 6.78344 4.47112 3.76457 6.72524 4.14136 3.52946 2.37449 2.25333 1.57953 4.17802 1.88888 1.88273 1.63975 1.57024 1.28923 1.34797 1.06173 1.02909 1.02724 0.918344 0.883403 0.871474 0.81364 0.823802 0.661491
threshold=93.500000000000014 1007.5500000000001 18.500000000000004 68.500000000000014 771.57142855000018 5.5000000000000009 26.450000000000003 342.19910715000009 17.450000000000003 23.650000000000002 6.5000000000000009 18.500000000000004 11.500000000000002 1006.6500000000002 -0.88144907265856332 8.8000000000000025 293.50000000000006 5.5500000000000007 -0.95642797789208689 811.00000000000011 0.95642797789208711 827.61190480000016 5.9357142855000005 1114.6571430000001 23.650000000000002 -23.233035500000046 365.14464285000003 4.3500000000000005 14.500000000000002 13.15
decision_type=2 2 2 2 2 2 2 2 2 2 2 2 2 2 2 2 2 2 2 2 2 2 2 2 2 2 2 2 2 2
left_child=1 2 4 7 18 6 -6 13 9 12 -11 -8 -9 29 -15 16 -16 -18 25 20 -20 -10 -22 -12 -3 26 -1 28 -26 -4
right_child=-2 24 3 -5 5 -7 11 8 21 10 23 -13 -14 14 15 -17 17 -19 19 -21 22 -23 -24 -25 27 -27 -28 -29 -30 -31
leaf_value=0.0077790610121464274 -6.1974394348382109e-06 -0.063463028267865831 0.0011235946029930376 -0.030596942749454743 -1.6533417225379445e-05 0.00013242706719798753 -2.0685555292060932e-05 -0.16460543707186714 -0.058717439119396135 -0.0010924839112962737 -0.08783487029554761 -2.0697541190541259e-05 -0.063474544257213841 -0.015584991406370194 -0.014504951365891989 0.0010046241722757117 -0.091588434065144345 0.0016976519711721897 0.0011683478985385204 -0.11718234342430965 -0.022685798113167309 0.020963692582262071 0.027524795205110603 -0.044823825673930888 0.002315810761193581 -0.016245768072335409 -0.060217337120601122 0.00085066074539725622 -0.38045929410182089 -0.003779948013898493
leaf_weight=31 30 35 145 35 23 46 25 30 37 46 20 23 20 21 34 104 23 33 439 20 40 79 31 21 24 21 20 321 27 137
leaf_count=31 30 35 145 35 23 46 25 30 37 46 20 23 20 21 34 104 23 33 439 20 40 79 31 21 24 21 20 321 27 137
internal_value=-0.00129675 -0.00114443 -0.00166755 -0.003 -0.000212795 -0.00597436 -0.0117887 -0.00244 -0.00541897 -0.00991971 -0.00596552 -0.017 -0.0168 -0.000923541 -0.00286046 -0.00148454 -0.00466667 -0.00128571 0.000906977 0.0014717 0.00176471 -0.000103448 -0.00207042 -0.0123659 0.000788698 -0.00325 -0.00111765 0.00122581 -0.00229412 0.000553192
internal_weight=1941 1911 1504 785 719 117 71 750 253 137 87 48 50 497 215 194 90 56 602 530 510 116 71 41 407 72 51 372 51 282
internal_count=1941 1911 1504 785 719 117 71 750 253 137 87 48 50 497 215 194 90 56 602 530 510 116 71 41 407 72 51 372 51 282
is_linear=0
shrinkage=0.03


Tree=80
num_leaves=31
num_cat=0
split_feature=45 8 54 46 8 31 20 47 10 37 28 20 44 18 28 20 10 8 10 26 57 53 2 10 10 45 2 14 47 6
split_gain=3.54233 2.1988 4.17004 3.52391 8.55975 2.00511 1.9741 2.33998 3.80952 2.2499 1.87546 2.77692 1.81071 1.57225 5.04167 1.72732 1.42602 1.33929 1.23512 1.17215 2.14798 0.942157 0.901149 1.26289 1.86069 0.893298 0.852607 1.07915 0.804574 0.999113
threshold=93.500000000000014 4.5000000000000009 589.20000000000016 23.750000000000004 2.5000000000000004 910.72857145000012 41.500000000000007 68.500000000000014 0.88144907265856365 1163.8357145000002 1006.7500000000001 6.5000000000000009 32.350000000000001 1.0000000180025095e-35 1006.6500000000002 29.500000000000004 -0.95642797789208689 1.5000000000000002 0.95642797789208711 7.2000000000000002 262.50000000000006 115.50000000000001 1.0000000180025095e-35 0.88144907265856365 0.97335555334614954 62.500000000000007 6805.2500000000009 29.650000000000002 55.500000000000007 16.500000000000004
decision_type=2 2 2 2 2 2 2 2 2 2 2 2 2 2 2 2 2 2 2 2 2 2 2 2 2 2 2 2 2 2
left_child=1 2 6 4 12 -6 7 9 10 13 11 -9 -4 14 -1 19 21 -5 -8 20 -15 -3 23 -18 -25 -21 -27 -28 -24 -30
right_child=-2 16 3 17 5 -7 18 8 -10 -11 -12 -13 -14 15 -16 -17 22 -19 -20 25 -22 -23 28 24 -26 26 27 -29 29 -31
leaf_value=0.0019629574618702044 -6.0115162517930648e-06 -0.021996577083001352 -0.075819163329325756 0.012474652577755036 -0.029519805133493962 0.013398382741363159 9.3426167847264587e-07 -0.085439772534283823 -0.03034475981244451 -0.018217799072833954 6.1180424792416997e-07 -3.4599354032799732e-05 -0.15913678219332225 -0.044214937981564138 -0.015304775245461932 -2.0189552775299549e-05 0.00012449976837072965 -0.3072950853323807 -0.027584937728558179 -0.015879433564603383 5.0378561878756194e-05 0.09225841245804299 0.0015607840394038404 -0.040028191387494791 0.0030069773383746383 0.0028211744100901789 0.0010359526071516624 -0.025680562304696467 -0.27389803693519499 0.0011171698338077057
leaf_weight=72 30 34 28 56 23 53 328 20 21 27 32 32 32 26 36 22 89 28 48 33 62 20 330 21 20 270 73 28 24 23
leaf_count=72 30 34 28 56 23 53 328 20 21 27 32 32 32 26 36 22 89 28 48 33 62 20 330 21 20 270 73 28 24 23
internal_value=-0.000771252 -0.000610675 -0.00126667 -0.00504545 -0.00802941 -0.00134211 -0.000530973 -0.00141645 -0.00557143 -0.000744222 -0.00271429 -0.00623077 -0.0165 -0.000376206 -0.00366667 0.000315175 0.000967915 -0.000214286 0.00124468 0.000682927 -0.00245455 -0.00366667 0.00146154 -0.000692308 -0.00504878 0.00136634 0.00178706 -0.000564356 0.00220424 -0.00146808
internal_weight=1941 1911 1350 220 136 76 1130 754 105 649 84 52 60 622 108 514 561 84 376 492 88 54 507 130 41 404 371 101 377 47
internal_count=1941 1911 1350 220 136 76 1130 754 105 649 84 52 60 622 108 514 561 84 376 492 88 54 507 130 41 404 371 101 377 47
is_linear=0
shrinkage=0.03


Tree=81
num_leaves=31
num_cat=0
split_feature=15 10 49 46 8 51 30 37 47 56 40 58 53 2 41 10 5 11 57 15 10 10 26 10 27 27 20 44 14 54
split_gain=3.93384 6.82001 2.20996 2.62211 8.74257 5.21351 2.75628 6.07984 2.47206 3.17323 2.03522 2.33473 2.02966 1.85534 1.53994 1.51351 2.35539 1.18699 0.964581 0.924354 0.670226 1.07191 0.660915 1.83743 0.915903 1.03052 0.625 0.610467 0.448179 0.38256
threshold=92.500000000000014 0.5277851165098012 13.500000000000002 23.750000000000004 2.5000000000000004 448.50000000000006 336.55982145000002 1069.7642860000003 66.500000000000014 12.550000000000002 406.23630953270839 1006.5500000000001 171.50000000000003 6931.5267855000011 328.86280383685556 0.95642797789208711 1.0000000180025095e-35 -0.95642797789208678 330.50000000000006 76.500000000000014 -0.95642797789208689 -0.98611507088852035 8.8000000000000025 -0.52778511650980109 255.50000000000003 62.500000000000007 22.500000000000004 29.650000000000002 27.350000000000005 141.80000000000004
decision_type=2 2 2 2 2 2 2 2 2 2 2 2 2 2 2 2 2 2 2 2 2 2 2 2 2 2 2 2 2 2
left_child=2 -2 3 4 5 -1 7 8 10 -10 18 14 -7 -6 -12 20 -17 -14 22 -16 21 -4 23 -5 25 -25 -3 -24 -18 -22
right_child=1 26 15 6 13 12 -8 -9 9 -11 11 -13 17 -15 19 16 28 -19 -20 -21 29 -23 27 24 -26 -27 -28 -29 -30 -31
leaf_value=0.0051218091025805905 -1.9583866192040561e-05 -0.0037619523032279374 0.017455139073868527 -0.015088255656759836 0.012751360805928308 -0.13349602599514204 0.19638901334734674 -0.041894597172459115 -0.029500645422229493 -0.0013961819260800094 -0.042138735406019638 -0.014658298406815229 -0.13440542085181234 -0.022382616083447261 0.0038995513354193015 -0.024416910377937081 -0.03464852996787212 -0.08489315856732628 -0.038827345645869954 -0.0030979741063695792 9.1011029906918889e-07 -0.01902121517076533 0.00077831741941413346 0.0097881641394955057 0.00040907438997963625 -0.04338381133890723 3.5653157690180294e-06 -0.034550378804267937 0.0098398034303009228 0.50918957559682554
leaf_weight=21 22 20 34 20 149 20 248 23 20 38 35 21 23 31 57 24 21 25 26 36 379 27 221 20 164 22 20 29 30 115
leaf_count=21 22 20 34 20 149 20 248 23 20 38 35 21 23 31 57 24 21 25 26 36 379 27 221 20 164 22 20 29 30 115
internal_value=-0.000693972 -0.00812903 -0.000448643 -0.00117934 -0.00380297 -0.0114944 -0.000459184 -0.00138525 -0.000892807 -0.00682759 -0.000364055 -0.00344295 -0.0155294 1.11759e-10 -0.00192187 0.001 -0.003 -0.018875 0.000549801 9.67743e-05 0.00154054 -0.00142623 0.000857143 -0.000318584 0.000524272 -0.00342857 -0.00075 0.00192 0.000647059 0.00190688
internal_weight=1941 62 1879 1249 269 89 980 732 709 58 651 149 68 180 128 630 75 48 502 93 555 61 476 226 206 42 40 250 51 494
internal_count=1941 62 1879 1249 269 89 980 732 709 58 651 149 68 180 128 630 75 48 502 93 555 61 476 226 206 42 40 250 51 494
is_linear=0
shrinkage=0.03


Tree=82
num_leaves=31
num_cat=0
split_feature=15 10 8 57 46 39 26 8 11 11 56 57 47 47 11 10 58 49 18 10 43 40 9 26 31 53 2 18 10 5
split_gain=2.49534 8.37566 2.35603 2.88356 3.64208 3.45528 3.55077 2.80371 7.13622 3.74657 2.22727 2.08599 1.70809 3.82963 3.13943 1.50593 1.38709 1.34061 1.21241 2.29647 1.1846 2.63643 1.11981 2.14776 0.96 0.942157 0.937944 1.55768 0.806959 0.714006
threshold=92.500000000000014 0.5277851165098012 4.5000000000000009 259.50000000000006 23.750000000000004 947.83463543750008 14.050000000000002 3.5000000000000004 0.16280825711809002 0.68322629814330826 18.550000000000004 281.50000000000006 66.500000000000014 73.500000000000014 0.84874750804349197 -0.95642797789208689 1006.1500000000002 63.500000000000007 28.500000000000004 0.88144907265856365 -1.0000000180025095e-35 583.395746511021 146.50000000000003 7.2000000000000002 1166.4571430000003 115.50000000000001 7377.6428570000007 45.500000000000007 0.95642797789208711 1.0000000180025095e-35
decision_type=2 2 2 2 2 2 2 2 2 2 2 2 2 2 2 2 2 2 2 2 2 2 2 2 2 2 2 2 2 2
left_child=2 -2 3 22 5 6 -5 12 -9 -10 11 -8 20 -14 -15 25 -13 18 -17 -20 21 -6 23 -1 -7 -4 28 -28 -24 -23
right_child=1 -3 15 4 7 24 10 8 9 -11 -12 16 13 14 -16 17 -18 -19 19 -21 -22 29 26 -25 -26 -27 27 -29 -30 -31
leaf_value=-0.041091654005159975 -1.8996350206279343e-05 3.4583563837814011e-06 -0.020960668858640084 -0.012957768498063096 -0.1123740696683506 0.08168999467359403 -0.025486518970444683 0.0062840831208196323 -0.03929312357820023 -0.015485057674789141 -0.13231465429130543 -0.011867061672695108 -0.016716762624647875 0.0010282602317502056 -2.4618324914539647e-08 0.0007549637128532687 -0.062264379994336039 -0.29223892508417582 0.00066704553452376727 -0.038959725440297154 0.0010619516215995863 -0.0025924506016520204 0.00084749441872509395 0.0088744531948933992 -0.1499419935317087 0.088967005912085659 0.00094624883125769919 -0.053122663745122124 -0.016854549575870178 0.0057806824939110116
leaf_weight=30 22 40 34 35 28 50 23 48 21 20 33 22 28 99 21 394 21 20 52 30 271 22 329 33 25 20 37 34 39 60
leaf_count=30 22 40 34 35 28 50 23 48 21 20 33 22 28 99 21 394 21 20 52 30 271 22 329 33 25 20 37 34 39 60
internal_value=-0.000755796 -0.00667742 -0.000560404 -0.00124379 -0.00233253 -0.00575598 -0.00864179 -0.00117476 -0.00610112 -0.0152927 -0.0115455 -0.0147273 -0.000345936 -0.00308108 -0.00075 0.00109091 -0.0186279 0.00160887 0.00192857 -0.00139024 0.000716536 -0.00190909 0.000549801 -0.00319048 -0.0006 -0.00366667 0.00108656 -0.00207042 0.00169565 0.000804878
internal_weight=1941 62 1879 1329 827 209 134 618 89 41 99 66 529 148 120 550 43 496 476 82 381 110 502 63 75 54 439 71 368 82
internal_count=1941 62 1879 1329 827 209 134 618 89 41 99 66 529 148 120 550 43 496 476 82 381 110 502 63 75 54 439 71 368 82
is_linear=0
shrinkage=0.03


Tree=83
num_leaves=31
num_cat=0
split_feature=44 15 10 8 20 46 36 28 53 47 58 22 23 48 8 57 33 27 10 56 48 36 19 53 16 28 6 31 4 36
split_gain=3.79438 2.87885 8.05572 2.47508 2.47056 2.89219 4.44533 3.39474 2.73413 2.75064 2.74893 2.29641 4.90523 2.2358 2.4473 3.1158 2.05714 1.6 1.26644 1.02514 0.909091 1.90227 0.980149 0.750436 0.723573 1.56785 0.637121 0.557173 0.534657 1.13212
threshold=25.750000000000004 92.500000000000014 0.5277851165098012 4.5000000000000009 98.500000000000014 23.750000000000004 2.7142857145000003 1002.7500000000001 163.50000000000003 4.5000000000000009 1006.35 29.500000000000004 12.500000000000002 70.000000000000014 3.5000000000000004 259.50000000000006 719.56250000000011 260.50000000000006 -0.95642797789208689 4.5500000000000007 39.500000000000007 719.56250000000011 63.500000000000007 115.50000000000001 24.050000000000004 1006.0500000000001 26.500000000000004 20.210714285000005 4.5000000000000009 824.19375000000014
decision_type=2 2 2 2 2 2 2 2 2 2 2 2 2 2 2 2 2 2 2 2 2 2 2 2 2 2 2 2 2 2
left_child=-1 3 -3 4 5 6 8 -7 -2 -10 16 12 13 14 19 -16 -11 -14 23 -9 22 -22 -20 -5 25 -13 -12 -6 -21 -30
right_child=1 2 -4 18 27 7 -8 11 9 10 26 24 17 -15 15 -17 -18 -19 20 28 21 -23 -24 -25 -26 -27 -28 -29 29 -31
leaf_value=-0.014223281003625934 -0.0088515470651876135 -1.8426459700090964e-05 2.4704405633835428e-06 -0.020331848792880879 -1.4091422184386847e-05 -9.4741035441642073e-05 0.00035598723185593868 -0.028979871850506461 -0.14327777716520806 -0.11889722363951478 0.473909388083882 -0.01847326582373424 -0.33687899263908988 -0.03607079139889189 0.00048630324482146605 -0.015359605284968251 -0.022840177926578841 -0.016291690574178085 0.00073231777748290392 0.00094400918716690979 -0.040372921143493827 0.00067457430622938348 -0.26134619574430362 0.086297995734723187 0.015949450711503176 4.508308623393404 -0.21561248762219243 1.3752508944660184 0.0024346596313858074 -0.03967658974643197
leaf_weight=32 39 22 37 34 74 27 60 32 21 21 20 38 20 34 49 37 24 20 419 136 24 31 21 20 256 50 24 134 144 41
leaf_count=32 39 22 37 34 74 27 60 32 21 21 20 38 20 34 49 37 24 20 419 136 24 31 21 20 256 50 24 134 144 41
internal_value=-0.00081762 -0.000645888 -0.00716949 -0.000437838 -0.00115065 -0.00172095 -0.00489474 -0.000970588 -0.00767114 -0.0100909 -0.00778652 -0.000640607 -0.00191228 -0.0010592 -0.000485193 -0.00502326 -0.013 -0.012 0.00125137 0.000620397 0.00172727 -0.00190909 0.00218182 -0.00311111 0.00125581 -0.00109091 -0.00245455 0.00184615 0.00113084 8.10812e-05
internal_weight=1941 1909 59 1850 1301 1093 209 884 149 110 89 857 513 473 439 86 45 40 549 353 495 55 440 54 344 88 44 208 321 185
internal_count=1941 1909 59 1850 1301 1093 209 884 149 110 89 857 513 473 439 86 45 40 549 353 495 55 440 54 344 88 44 208 321 185
is_linear=0
shrinkage=0.03


Tree=84
num_leaves=31
num_cat=0
split_feature=15 10 10 49 48 58 10 38 8 37 46 32 17 57 10 23 49 58 47 4 48 22 26 41 47 28 47 16 35 49
split_gain=2.81776 8.37566 1.96744 2.0181 4.53889 2.25455 2.02964 1.88867 1.77121 3.2591 2.91636 3.27921 2.52 2.44998 1.71837 1.57026 1.5451 1.21707 1.10509 1.14469 1.08 0.902981 0.648466 0.742462 1.4455 0.723508 0.571582 0.479422 0.602562 0.467269
threshold=92.500000000000014 0.5277851165098012 -0.93540483100319605 9.5000000000000018 68.000000000000014 1007.0500000000001 0.95642797789208711 481.34687498750003 4.5000000000000009 518.31964285000015 23.550000000000004 2.7142857145000003 4.5000000000000009 286.50000000000006 0.97335555334614954 14.500000000000002 4.5000000000000009 1004.85 39.500000000000007 3.5000000000000004 18.500000000000004 244.50000000000003 6.1000000000000005 191.29453253894749 34.500000000000007 1008.0500000000001 95.500000000000014 24.650000000000002 977.2491071500001 1.5000000000000002
decision_type=2 2 2 2 2 2 2 2 2 2 2 2 2 2 2 2 2 2 2 2 2 2 2 2 2 2 2 2 2 2
left_child=2 -2 7 4 8 -6 -5 15 9 16 12 -12 -11 -13 -8 17 22 -1 -10 -20 -14 27 25 -24 29 -4 -16 -17 -29 -25
right_child=1 -3 3 6 5 -7 14 -9 18 10 11 13 20 -15 26 21 -18 -19 19 -21 -22 -23 23 24 -26 -27 -28 28 -30 -31
leaf_value=-0.00028609019075159347 -1.7873665909088237e-05 3.2804924753664528e-06 -0.040321081872218563 0.00047592848376860355 -0.077630754199456822 -0.023434144421004478 -0.02088260508917808 -0.13824322615529433 0.00084895876911989963 -0.13934043771765012 -0.037440513110784585 0.095391617027706196 -0.012064785927038064 -0.39072683931348917 0.012048960804000076 0.0037202301467811664 -0.011223193468886533 -0.024914988190582781 0.0014717448458918655 -0.080645018500548268 -0.15162799447031391 -0.017361180033559541 0.0010989882744638991 0.0051585496221398302 -0.042393345056847297 0.003618547352814964 -0.038733665451808244 -0.02326167871071377 0.0064734689502938146 -0.011735920579330117
leaf_weight=22 22 40 23 535 31 20 20 24 242 20 39 107 20 20 35 66 35 29 28 24 30 30 227 95 24 21 27 29 28 28
leaf_count=22 22 40 23 535 31 20 20 24 242 20 39 107 20 20 35 66 35 29 28 24 30 30 227 95 24 21 27 29 28 28
internal_value=-0.000384853 -0.00667742 -0.000177222 0.000183525 -0.000626692 -0.00935294 0.00154133 -0.00278947 -0.000173957 -0.00100581 -0.00386441 -0.0016988 -0.009 0.000637795 -0.00285366 -0.00185294 0.000483444 -0.00641176 0.00177551 -0.00219231 -0.0054 -0.000333333 0.000990431 0.00139572 -0.000265306 -0.00245455 -0.000387097 0.000804878 -0.00121053 0.00104878
internal_weight=1941 62 1879 1651 1034 51 617 228 983 689 236 166 70 127 82 204 453 51 294 52 50 153 418 374 147 44 62 123 57 123
internal_count=1941 62 1879 1651 1034 51 617 228 983 689 236 166 70 127 82 204 453 51 294 52 50 153 418 374 147 44 62 123 57 123
is_linear=0
shrinkage=0.03


Tree=85
num_leaves=31
num_cat=0
split_feature=15 10 58 6 47 37 56 58 46 26 36 1 10 32 36 58 41 44 45 32 5 10 5 51 47 39 26 18 46 28
split_gain=2.70811 8.37566 1.88488 2.26383 6.9334 2.85896 3.89049 3.025 2.03272 2.30549 1.63283 1.6 1.4378 1.61731 1.28547 1.33189 2.6984 1.33043 1.10345 0.944056 0.915719 0.84548 1.96474 0.876688 0.72911 1.35861 0.675493 0.958187 0.736495 0.548191
threshold=92.500000000000014 0.5277851165098012 1007.4500000000002 18.500000000000004 68.500000000000014 518.31964285000015 13.250000000000002 1006.9500000000002 23.750000000000004 17.550000000000004 993.12142855000013 9810.2410715000024 -0.95642797789208689 134.97767855000004 579.43571430000009 1006.6500000000002 336.58613312049175 28.850000000000005 57.500000000000007 365.14464285000003 22.500000000000004 0.95642797789208711 1.0000000180025095e-35 811.00000000000011 6.5000000000000009 490.36595981250008 4.6500000000000012 15.500000000000002 23.150000000000002 1005.0500000000001
decision_type=2 2 2 2 2 2 2 2 2 2 2 2 2 2 2 2 2 2 2 2 2 2 2 2 2 2 2 2 2 2
left_child=2 -2 3 10 5 14 7 -7 9 11 12 -8 13 -1 15 24 17 20 -11 -15 -17 23 -23 -14 -5 29 27 -4 -28 -26
right_child=1 -3 26 4 -6 6 8 -9 -10 18 -12 -13 21 19 -16 16 -18 -19 -20 -21 -22 22 -24 -25 25 -27 28 -29 -30 -31
leaf_value=-0.023935346248250229 -1.733745593181559e-05 3.1820777011054589e-06 0.0023287453969533991 0.0025280671150216434 -0.025438552870939563 -0.026140224545043611 -0.12858075593042548 -0.037350914241069177 0.0075939861383362188 12.430530806618968 -1.1459503224975946e-05 -0.14816537792295065 0.00064215393761055302 0.010634230380988268 0.00096880314910267461 0.0057833007978890429 -0.013008335058542854 0.0039963954040473969 -0.12040527895004467 -0.054576588562550508 -0.062485244570044722 -0.019105729514329851 0.010133921566072469 -0.092637209366284542 0.01121955674486514 -0.011319426266365621 -0.047340037258187209 -0.4559243937882852 0.00088164646474097903 -0.0016436558988448017
leaf_weight=20 22 40 27 96 35 20 20 20 61 29 33 20 494 30 161 20 22 34 29 22 26 22 45 20 53 30 24 22 364 80
leaf_count=20 22 40 27 96 35 20 20 20 61 29 33 20 494 30 161 20 22 34 29 22 26 22 45 20 53 30 24 22 364 80
internal_value=-0.000508501 -0.00667742 -0.000304949 -0.000828017 -0.00196032 -0.00132732 -0.00438693 -0.01275 -0.00228302 -0.00495918 0.000419825 -0.0105 0.000748852 -0.00325 -0.000160919 -0.00115512 -0.00405882 -0.0015 -0.00113793 -0.000461538 -0.00482609 0.00124441 -0.00192537 0.00165759 -1.15829e-05 -0.00123313 0.00142105 -0.00189796 0.00184021 6.76693e-05
internal_weight=1941 62 1879 1442 756 721 199 40 159 98 686 40 653 72 522 361 102 80 58 52 46 581 67 514 259 163 437 49 388 133
internal_count=1941 62 1879 1442 756 721 199 40 159 98 686 40 653 72 522 361 102 80 58 52 46 581 67 514 259 163 437 49 388 133
is_linear=0
shrinkage=0.03


Tree=86
num_leaves=31
num_cat=0
split_feature=15 10 8 27 46 8 19 19 36 8 11 48 9 26 58 10 37 31 2 10 47 48 36 58 49 41 3 37 40 58
split_gain=3.2232 7.83937 1.71569 1.75802 2.64416 2.61411 2.54848 2.41857 4.50134 2.73695 6.89635 2.02976 1.29007 2.48889 1.24675 1.23655 1.66249 1.20298 1.19472 1.196 1.14136 1.13718 2.21429 1.09113 1.03939 0.706405 0.518369 0.449309 0.373333 0.28497
threshold=92.500000000000014 0.5277851165098012 4.5000000000000009 262.50000000000006 23.750000000000004 2.5000000000000004 12.500000000000002 48.500000000000007 657.11250000000007 3.5000000000000004 0.22695468355932433 68.000000000000014 146.50000000000003 7.4500000000000011 1006.1500000000002 -0.95642797789208689 195.92857145000002 791.23303570000019 7377.6428570000007 0.95642797789208711 55.500000000000007 39.500000000000007 719.56250000000011 1005.2500000000001 63.500000000000007 447.44380924113784 7615526.3570000008 540.32946430000015 949.27087057083349 1008.6500000000002
decision_type=2 2 2 2 2 2 2 2 2 2 2 2 2 2 2 2 2 2 2 2 2 2 2 2 2 2 2 2 2 2
left_child=2 -2 3 12 5 6 14 9 -9 11 -11 25 13 -1 23 16 -4 -7 19 -14 -20 24 -23 -5 28 26 29 -19 -17 -6
right_child=1 -3 15 4 7 17 -8 8 -10 10 -12 -13 18 -15 -16 21 -18 27 20 -21 -22 22 -24 -25 -26 -27 -28 -29 -30 -31
leaf_value=-0.038395254773960337 -1.6817332253861121e-05 3.086615370072295e-06 -0.023214371812892778 -0.13071526324843211 0.0011356150748918295 -0.0049657280865465538 -0.022469789683404278 0.0010117147676327817 -3.5114993236167381e-05 0.0040738504727601691 -0.012732372315773311 -0.023140017274483029 0.0010237225835751436 0.0091804350327541959 -0.053477083416077133 0.0006584312775448878 0.0097746209713736962 2.1487192244726376 0.001082611842597654 -0.017251917070476391 -0.042003034188295936 -0.04384619399015776 0.00062079460262756279 -0.023107219577012152 -0.27430168097501362 -0.014091251516383539 -0.030723375612938524 -0.12564600487324054 -0.029866792312734525 -0.015459944158884161
leaf_weight=35 22 40 31 20 342 33 30 27 20 52 34 37 344 45 24 400 23 39 45 39 36 25 31 22 20 22 20 31 20 32
leaf_count=35 22 40 31 20 342 33 30 27 20 52 34 37 344 45 24 400 23 39 45 39 36 25 31 22 20 22 20 31 20 32
internal_value=-0.000431221 -0.00716129 -0.000209154 -0.000792325 -0.00170064 -0.00468844 -0.00825 -0.000686007 -0.00721277 -0.000116883 -0.00502326 0.00081457 0.000518382 -0.003 -0.0115455 0.0012 -0.00311111 -0.00136893 0.001125 0.00182507 -0.00218519 0.00166935 -0.00235714 -0.00842857 0.00218182 0.00141346 0.00170558 0.000857143 0.0025 0.00195722
internal_weight=1941 62 1879 1329 785 199 96 586 47 539 86 453 544 80 66 550 54 103 464 383 81 496 56 42 440 416 394 70 420 374
internal_count=1941 62 1879 1329 785 199 96 586 47 539 86 453 544 80 66 550 54 103 464 383 81 496 56 42 440 416 394 70 420 374
is_linear=0
shrinkage=0.03


Tree=87
num_leaves=31
num_cat=0
split_feature=15 11 8 57 37 16 37 37 19 40 11 38 9 26 8 11 48 2 47 37 46 36 47 19 30 41 43 46 31 40
split_gain=3.26776 7.83937 1.60104 2.01138 2.67076 2.23468 3.37244 3.08806 2.37488 3.83275 1.50444 2.4916 1.41142 2.65166 1.39394 3.68601 1.13769 1.1193 1.31489 1.04618 3.43345 1.14394 1.92167 1.30662 0.754704 0.648151 0.49 0.437429 0.9 0.413855
threshold=92.500000000000014 0.84874750804349197 4.5000000000000009 262.50000000000006 1213.4767855000002 23.750000000000004 75.516071430000011 645.58660715000008 48.500000000000007 79.313988091750005 -0.88144907265856332 1024.1857143875002 146.50000000000003 7.2000000000000002 3.5000000000000004 0.22695468355932433 68.000000000000014 7377.6428570000007 55.500000000000007 195.92857145000002 24.750000000000004 618.67410715000017 39.500000000000007 22.500000000000004 766.22410715000012 447.44380924113784 -80.419642854999978 23.850000000000005 421.1107143000001 949.27087057083349
decision_type=2 2 2 2 2 2 2 2 2 2 2 2 2 2 2 2 2 2 2 2 2 2 2 2 2 2 2 2 2 2
left_child=2 -2 3 12 5 6 -5 24 14 -10 11 -9 13 -1 16 -16 25 -14 -19 20 -4 22 26 -24 -8 27 -22 28 -7 -21
right_child=1 -3 19 4 -6 8 7 10 9 -11 -12 -13 17 -15 15 -17 -18 18 -20 29 21 -23 23 -25 -26 -27 -28 -29 -30 -31
leaf_value=-0.037576839588461294 2.9940169089701259e-06 -1.6312812286245284e-05 -0.074940713156396901 0.00017995678619290266 -0.036353678120840033 0.0079738288191548174 -0.10911087600561749 -0.36944380300686641 -5.0189757440712212e-05 0.00063848896712884694 0.0024972082131763497 -0.086498574780657672 0.00096636214001357562 0.0091374908413616677 0.0036023989997520226 -0.012270324486848375 -0.019609739161080445 0.0013027763782674747 -0.040742943162647031 0.59950804687392789 -0.0023769689375000166 0.00027789791769713816 -0.10636248770649806 -0.00020982529548783574 -0.053140897365944038 -0.013668513970892035 0.0016984152042380642 0.00098924298277570434 -0.12326112468854486 -0.028970788543352589
leaf_weight=34 40 22 20 61 22 20 20 22 22 27 38 24 384 46 50 27 37 43 36 229 20 140 20 21 21 22 80 353 20 20
leaf_count=34 40 22 20 61 22 20 20 22 22 27 38 24 384 46 50 27 37 43 36 229 20 140 20 21 21 22 80 353 20 20
internal_value=-0.000384853 -0.00716129 -0.000161256 -0.000724605 -0.00169466 -0.00139791 -0.00425806 -0.00708 -0.000477509 -0.00679592 -0.00378571 -0.00743478 0.000679558 -0.003 0.000107751 -0.00362338 0.000743363 0.00131533 -0.00193671 0.0012 9.96689e-06 0.000864769 -0.00104255 -0.00651219 -0.0138293 0.00119277 0.0012 0.00147328 -0.0015 0.00263855
internal_weight=1941 62 1879 1329 786 764 186 125 578 49 84 46 543 80 529 77 452 463 79 550 301 281 141 41 41 415 100 393 40 249
internal_count=1941 62 1879 1329 786 764 186 125 578 49 84 46 543 80 529 77 452 463 79 550 301 281 141 41 41 415 100 393 40 249
is_linear=0
shrinkage=0.03


Tree=88
num_leaves=31
num_cat=0
split_feature=15 11 28 49 37 26 9 37 48 46 8 54 19 58 17 48 47 20 58 1 11 37 18 28 56 26 48 2 47 45
split_gain=3.1204 7.83937 1.42809 2.25794 3.29164 6.36117 4.31585 2.67559 2.6656 1.91773 2.02683 2.27953 1.51471 3.11624 1.45455 1.82751 1.38642 2.44188 3.94615 1.12315 2.66963 1.10209 0.972426 0.941358 0.9052 0.841296 0.890416 0.58826 0.569887 0.852678
threshold=92.500000000000014 0.84874750804349197 1007.6500000000002 14.500000000000002 110.75000000000001 15.450000000000001 140.50000000000003 1114.6571430000001 70.000000000000014 23.750000000000004 4.5000000000000009 752.1500000000002 4.5000000000000009 1006.7500000000001 22.500000000000004 6.5000000000000009 93.500000000000014 98.500000000000014 1005.5500000000001 209.36607145000002 0.32143946530316164 248.08303570000001 4.5000000000000009 1006.9500000000002 5.7500000000000009 4.6500000000000012 15.500000000000002 8222.2857145000016 10.500000000000002 79.500000000000014
decision_type=2 2 2 2 2 2 2 2 2 2 2 2 2 2 2 2 2 2 2 2 2 2 2 2 2 2 2 2 2 2
left_child=2 -2 3 4 8 6 -6 14 12 10 11 22 24 28 15 -8 -5 18 -18 20 -19 -11 -7 -22 -1 26 -4 -26 -14 -30
right_child=1 -3 25 16 5 9 7 -9 -10 21 -12 -13 13 -15 -16 -17 17 19 -20 -21 23 -23 -24 -25 27 -27 -28 -29 29 -31
leaf_value=-0.029225566694462555 2.9041964017010223e-06 -1.5823427917657926e-05 0.0041902094744005634 0.00084641273653438323 -0.01695891921089698 -0.1276140862700775 -0.011090261674710666 -0.029671214393516606 -0.067391879628049628 -0.011280213649208093 2.5412799492624609 -0.11938338803740187 0.0072948565940009532 -0.013069775626329508 0.0033069331965012269 -0.033930317503694601 -0.21542321205468323 -0.028937423835082861 0.0006455689700912286 1.1074135636747895 0.00030891236105510666 0.018284669437068555 0.0031281235221229877 -5.176891959597141e-05 0.00087599331289956849 0.00080980711620542512 -0.45286262389229259 -0.011193352737374351 -0.0086861500753966665 0.0017478221458164858
leaf_weight=39 40 22 22 271 28 36 26 23 23 23 50 22 30 20 33 22 38 22 27 109 61 129 32 20 341 323 21 36 27 25
leaf_count=39 40 22 22 271 28 36 26 23 23 23 50 22 30 20 33 22 38 22 27 109 61 129 32 20 341 323 21 36 27 25
internal_value=-0.000539413 -0.00716129 -0.000320915 -0.000727693 -0.00160104 -0.00358019 -0.00904545 -0.00623077 -4.99075e-05 -0.00110959 -0.00364286 -0.00633333 0.000393822 -0.00288235 -0.00366667 -0.007 0.000810219 -0.00068231 -0.00576923 0.000877359 -0.00136893 0.00122368 -0.00361765 0.00114815 0.00119712 0.00136066 -0.0025814 0.00164721 -0.000292683 -0.00219231
internal_weight=1941 62 1879 1513 965 424 132 104 541 292 140 90 518 102 81 48 548 277 65 212 103 152 68 81 416 366 43 377 82 52
internal_count=1941 62 1879 1513 965 424 132 104 541 292 140 90 518 102 81 48 548 277 65 212 103 152 68 81 416 366 43 377 82 52
is_linear=0
shrinkage=0.03


Tree=89
num_leaves=31
num_cat=0
split_feature=45 10 10 36 44 41 39 10 48 9 37 36 46 53 55 4 11 5 57 14 35 57 37 57 11 45 27 1 10 26
split_gain=3.37294 6.42346 1.32053 1.7164 2.63891 1.8463 1.68056 1.39504 2.58424 1.80551 1.47101 5.04848 2.83439 2.51348 2.0267 1.60281 1.59396 1.58838 1.44438 1.15661 0.59788 1.32236 0.595641 0.587755 0.559014 0.529688 0.52521 0.457375 0.456089 0.723164
threshold=92.500000000000014 0.58216583101416164 -0.88144907265856332 111.5732143 29.650000000000002 390.49363509530951 692.83203125000011 0.91037613702198772 70.000000000000014 151.50000000000003 123.93750000000001 1020.5723215000002 23.750000000000004 170.00000000000003 918.50000000000011 19.500000000000004 -0.95642797789208678 22.500000000000004 328.50000000000006 27.750000000000004 486.48303570000002 279.50000000000006 329.7044643000001 304.50000000000006 0.25881904510252057 88.500000000000014 282.50000000000006 2862.0000000000005 0.72947329433276253 6.8500000000000005
decision_type=2 2 2 2 2 2 2 2 2 2 2 2 2 2 2 2 2 2 2 2 2 2 2 2 2 2 2 2 2 2
left_child=2 -2 3 6 5 -5 23 9 19 10 18 12 13 26 16 22 -15 -18 20 25 28 -22 -14 27 -21 -9 -12 -1 -4 -30
right_child=1 -3 7 4 -6 -7 -8 8 -10 -11 11 -13 15 14 -16 -17 17 -19 -20 24 21 -23 -24 -25 -26 -27 -28 -29 29 -31
leaf_value=0.0016920491892452939 -1.5348725080128191e-05 2.7693195462494121e-06 0.00056229104853818153 0.00028450387918267574 -0.01960031442666197 -0.013438934459509487 -0.33924041904147151 -0.044586504219749037 -0.06342644423616127 0.00073243301364376559 -0.029696143679692106 -0.033003961156631512 -0.028283252350941888 0.0085590895280590502 -0.12851514910971792 -0.012723716298724992 -0.00046739077016068309 -0.19080777289793907 -0.022300778145408675 0.0096453025567140513 -0.018177613732276655 0.00096935219849391047 1.6475345808313258 -0.023462181513363885 -0.021448661504167351 -0.010846275551628128 7.4793076415883686 -0.055353067291503404 -0.035890872713766404 0.10215540787373263
leaf_weight=136 22 40 251 44 20 21 25 21 23 394 28 21 20 30 22 28 23 24 29 137 39 72 244 27 35 29 40 37 27 32
leaf_count=136 22 40 251 44 20 21 25 21 23 394 28 21 20 30 22 28 23 24 29 137 39 72 244 27 35 29 40 37 27 32
internal_value=-0.000276661 -0.00716129 -4.94943e-05 -0.00183871 -0.00547059 -0.00253846 -0.000466667 0.000304015 -0.00177551 0.000688822 -3.2258e-05 -0.0011875 -0.000529412 -0.00364671 -0.00669697 0.00125342 -0.0044026 -0.00785106 0.0012 -0.000783784 0.00164608 -0.000243243 0.00197727 0.00045 0.000383721 -0.0048 0.000794118 0.00109249 0.00232258 -5.08473e-05
internal_weight=1941 62 1879 310 85 65 225 1569 245 1324 930 480 459 167 99 292 77 47 450 222 421 111 264 200 172 50 68 173 310 59
internal_count=1941 62 1879 310 85 65 225 1569 245 1324 930 480 459 167 99 292 77 47 450 222 421 111 264 200 172 50 68 173 310 59
is_linear=0
shrinkage=0.03


Tree=90
num_leaves=31
num_cat=0
split_feature=37 28 6 47 14 37 56 8 51 10 30 2 10 21 27 20 19 44 36 13 56 26 48 8 6 2 28 2 36 23
split_gain=1.67438 1.48134 2.48724 4.55202 3.37786 3.24606 5.14751 2.50868 2.49316 1.27722 1.43803 1.07786 1.02222 1.42875 1.01663 1.0084 0.992085 2.4308 1.10861 1.64408 0.9 0.865712 0.890416 0.825837 1.80058 1.30662 0.683761 0.623401 0.751111 0.553429
threshold=1258.7312500000003 1007.6500000000002 18.500000000000004 66.500000000000014 27.750000000000004 430.72857140000002 13.250000000000002 3.5000000000000004 902.50000000000011 -0.95642797789208689 29.999107145000004 6784.1071430000011 0.95642797789208711 2.0000000000000004 330.50000000000006 9.0000000000000018 2.5000000000000004 29.250000000000004 771.57142855000018 -0.90066881459265313 17.350000000000005 4.6500000000000012 15.500000000000002 3.5000000000000004 22.500000000000004 228.81250000000003 1006.0500000000001 8222.2857145000016 89.406250000000014 149.50000000000003
decision_type=2 2 2 2 2 2 2 2 2 2 2 2 2 2 2 2 2 2 2 2 2 2 2 2 2 2 2 2 2 2
left_child=1 2 9 4 -4 14 -7 8 11 10 -1 20 16 -14 23 -12 17 -11 -18 -20 -8 22 -3 27 25 -25 -21 -6 -29 -9
right_child=-2 21 3 -5 5 6 7 29 -10 12 15 -13 13 -15 -16 -17 18 -19 19 26 -22 -23 -24 24 -26 -27 -28 28 -30 -31
leaf_value=-0.019961819039373128 -0.017411308365536674 0.0040476344587124001 -0.021589434524411345 -0.024199699449897912 0.0021352240691843967 -0.037264150052211828 -0.024952494279658202 -0.13186547486441325 -0.13489873048820175 1.0203610223591344 -0.050143345581841303 0.0051997819676463143 -0.019310426798885266 0.013565312511740053 -0.025895132928633467 0.036017400420989457 0.0012934862760170566 -0.16467674091687756 -1.4888263327724343e-05 0.000277668606152207 -0.099638778795511015 0.00084339963537084707 -0.43860772185972335 -0.033064989939930414 0.00017536934951751921 -0.033940417120067526 -4.1155545007359584e-05 0.010320199721710064 -0.037546721587079723 1.6366261897076759
leaf_weight=21 28 22 26 38 252 39 20 28 20 36 21 26 28 44 24 30 404 28 31 64 20 316 21 21 168 20 26 25 20 74
leaf_count=21 28 22 26 38 252 39 20 28 20 36 21 26 28 44 24 30 404 28 31 64 20 316 21 21 168 20 26 25 20 74
internal_value=-0.000431221 -0.000324621 -0.000725869 -0.00185993 -0.00136782 -0.00100264 -0.00400441 -0.00194681 -0.00572093 0.000544338 -0.00325 -0.00290909 0.00095764 -0.00241667 0.000283019 -0.000529412 0.00137012 -0.00215625 0.0018 -0.000719008 -0.006 0.00141226 -0.0025814 0.00056917 -0.000875598 -0.00651219 0.00133333 0.00158586 -0.00166667 0.00123529
internal_weight=1941 1913 1554 821 783 757 227 188 86 733 72 66 661 72 530 51 589 64 525 121 40 359 43 506 209 41 90 297 45 102
internal_count=1941 1913 1554 821 783 757 227 188 86 733 72 66 661 72 530 51 589 64 525 121 40 359 43 506 209 41 90 297 45 102
is_linear=0
shrinkage=0.03


Tree=91
num_leaves=31
num_cat=0
split_feature=37 28 49 47 37 11 15 11 3 12 57 53 14 53 41 23 48 34 41 18 58 12 37 11 21 37 19 48 56 45
split_gain=1.71729 1.46343 2.30413 3.11445 2.96044 5.10445 2.11376 2.5 1.88811 1.8471 1.62715 1.62605 1.838 1.71847 1.19778 1.05687 1.015 0.952786 0.9 0.863395 2.42974 0.619939 1.1938 0.579819 4.08628 0.938618 0.66291 0.527779 1.12045 0.776764
threshold=1258.7312500000003 1007.6500000000002 9.5000000000000018 66.500000000000014 115.54821430000001 0.84874750804349197 92.500000000000014 0.68322629814330826 6302351.5625000009 0.52490632455031438 330.50000000000006 181.00000000000003 31.650000000000002 140.50000000000003 277.74972145845237 166.50000000000003 18.500000000000004 678.46428575000016 16.340294780184291 1.0000000180025095e-35 1006.6500000000002 0.62334665204000361 206.81785715000004 0.29012925520284111 3.5000000000000004 8.6303571430000012 98.500000000000014 39.500000000000007 6.7000000000000002 78.500000000000014
decision_type=2 2 2 2 2 2 2 2 2 2 2 2 2 2 2 2 2 2 2 2 2 2 2 2 2 2 2 2 2 2
left_child=1 2 3 4 10 9 23 -8 -5 -6 19 12 13 14 -11 -14 -13 -16 -10 20 -1 -3 -23 24 -4 -26 -25 -21 -29 -30
right_child=-2 21 6 8 5 -7 7 -9 18 11 -12 16 15 -15 17 -17 -18 -19 -20 27 -22 22 -24 26 25 -27 -28 28 29 -31
leaf_value=0.0019053454959083475 -0.016888969114570575 0.00081809764630972161 -0.019832384405568844 -0.0091590873287359046 0.7670507320986768 -0.030953044214893668 0.00010815099040866055 -2.6308043908351814e-05 -0.018046995816521937 0.0040786199420960439 -0.037847604164133478 -0.032980711675044225 0.011041142393007511 -0.15693800675960504 -0.015293412524815472 -0.084635793422103811 -0.075561984416076686 -0.00049291417690729643 -0.031407899390514894 0.0007687880599809041 -0.0087170777597871223 -0.24227036392850668 4.0820655431625363 0.00038320953762435652 -0.014302642856615713 0.05879441372174881 -5.1741106886662646e-05 -0.035429195777821762 -0.036700761988032626 0.0013180537601504628
leaf_weight=84 28 316 33 26 66 20 20 20 20 22 28 21 68 29 27 35 22 23 20 201 31 21 22 231 32 309 30 24 23 89
leaf_count=84 28 316 33 26 66 20 20 20 20 22 28 21 68 29 27 35 22 23 20 201 31 21 22 231 32 309 30 24 23 89
internal_value=-0.000338485 -0.000230528 -0.000629344 -0.00164164 -0.00113284 -0.00330631 0.000688889 -0.006 -0.00790909 -0.00236741 0.000375 -0.0035587 -0.00244118 -0.00531683 -0.00283333 0.000378641 -0.00886046 -0.0054 -0.012 0.000809735 -0.00143478 0.00149582 -0.00188372 0.00111024 0.000352941 0.00132845 0.0021954 0.00157567 0.000132353 0.00139286
internal_weight=1941 1913 1554 879 813 333 675 40 66 313 480 247 204 101 72 103 43 50 40 452 115 359 43 635 374 341 261 337 136 112
internal_count=1941 1913 1554 879 813 333 675 40 66 313 480 247 204 101 72 103 43 50 40 452 115 359 43 635 374 341 261 337 136 112
is_linear=0
shrinkage=0.03


Tree=92
num_leaves=31
num_cat=0
split_feature=37 28 49 37 41 57 15 10 9 41 10 5 58 6 17 39 15 14 10 51 26 58 10 46 56 36 3 8 30 34
split_gain=1.76075 1.58988 1.84515 2.99203 6.70558 2.59496 2.10013 2.5 2.05198 2.17199 2.03352 2.41055 1.59184 2.75238 1.11819 1.0997 2.15255 1.14553 0.994772 1.56779 0.682772 0.65796 1.83493 2.16427 0.909723 1.40271 0.649921 0.625 0.584726 0.898491
threshold=1258.7312500000003 1007.6500000000002 10.500000000000002 110.75000000000001 51.602845344177872 330.50000000000006 92.500000000000014 0.72947329433276253 150.50000000000003 232.23546690007882 0.95642797789208711 1.0000000180025095e-35 1005.85 26.500000000000004 70.500000000000014 689.59843750625009 60.500000000000007 30.850000000000005 -0.95642797789208689 129.50000000000003 4.6500000000000012 1005.9500000000002 -0.58216583101416164 24.950000000000003 6.3500000000000005 675.34464285000001 6595196.5000000009 4.5000000000000009 674.48214285000006 751.50892855000018
decision_type=2 2 2 2 2 2 2 2 2 2 2 2 2 2 2 2 2 2 2 2 2 2 2 2 2 2 2 2 2 2
left_child=1 2 3 5 -5 14 10 -8 9 28 18 -12 15 -14 21 17 -17 27 19 -4 -3 -1 23 -23 25 -24 -25 -11 29 -6
right_child=-2 20 6 4 8 -7 7 -9 -10 12 11 -13 13 -15 -16 16 -18 -19 -20 -21 -22 22 24 26 -26 -27 -28 -29 -30 -31
leaf_value=0.0052821690712182281 -0.01638230004113346 -0.13496077081379917 -0.028564877483791683 -0.030011946512132976 0.0017811058249232277 -0.034771267030376689 -2.551880259110126e-05 0.00010490646069640073 0.83658958605241407 -0.087131644223149229 -0.01594619970532523 0.0048972620630711615 0.0049066846812236362 -0.094980460113632648 -0.019443731898790614 -0.015455841457000173 -0.11784143311675167 0.0044638754414802473 0.0005414440945094611 0.0014800518125738923 0.00088075118133116811 -0.032731256095773584 -0.034159752920983694 -0.0090664702179930091 0.0012155354503720899 0.00062348382603299014 0.0023602526038123224 -0.018769782759511185 0.54426974466559885 -0.10639203551134567
leaf_weight=178 28 43 31 23 34 32 20 20 70 20 22 43 56 24 24 25 21 22 466 52 316 22 34 26 155 31 23 20 38 22
leaf_count=178 28 43 31 23 34 32 20 20 70 20 22 43 56 24 24 25 21 22 466 52 316 22 34 26 155 31 23 20 38 22
internal_value=-0.000245749 -0.000136435 -0.000552123 -0.00143333 -0.00348 2.85715e-05 0.000660551 -0.006 -0.00245455 -0.00359574 0.00109446 -0.00392308 -0.00545745 -0.00225 0.000565923 -0.00783333 -0.0113478 -0.00522581 0.00168852 -0.00133735 0.00166295 0.000889126 1.03094e-05 -0.0041831 0.00136364 -0.00161538 -0.000673469 -0.00825 0.00012766 -0.00182143
internal_weight=1941 1913 1554 900 375 525 654 40 352 282 614 65 188 80 493 108 46 62 549 83 359 469 291 71 220 65 49 40 94 56
internal_count=1941 1913 1554 900 375 525 654 40 352 282 614 65 188 80 493 108 46 62 549 83 359 469 291 71 220 65 49 40 94 56
is_linear=0
shrinkage=0.03


Tree=93
num_leaves=31
num_cat=0
split_feature=37 43 12 37 41 49 41 46 44 48 26 19 16 19 47 27 27 28 15 46 41 28 11 12 4 15 48 43 10 44
split_gain=1.73172 1.50691 1.81279 1.54411 6.49069 1.98843 2.15284 2.46934 1.81147 1.63626 3.13148 1.62608 2.025 1.50548 1.28444 1.19309 3.8572 0.877947 1.08406 0.93499 0.853604 1.31955 0.78652 0.786442 1.65822 0.784009 0.775265 0.64836 0.613761 0.751238
threshold=1258.7312500000003 53.158928549999985 0.64987354830121502 110.75000000000001 29.985705777595424 11.500000000000002 231.06806279970689 23.050000000000004 32.45000000000001 42.500000000000007 5.5500000000000007 98.500000000000014 24.650000000000002 3.5000000000000004 46.500000000000007 276.50000000000006 293.50000000000006 1007.35 92.500000000000014 24.650000000000002 378.99631519931017 1006.6500000000002 -0.22695468355932455 0.44984976402066162 2.5000000000000004 84.500000000000014 9.5000000000000018 -90.129464270000042 0.72947329433276253 28.150000000000002
decision_type=2 2 2 2 2 2 2 2 2 2 2 2 2 2 2 2 2 2 2 2 2 2 2 2 2 2 2 2 2 2
left_child=1 3 -3 9 -5 6 -6 -8 15 11 -11 20 -13 14 -4 26 -17 18 19 -12 23 27 -18 24 -1 -7 -9 -22 -25 -30
right_child=-2 2 13 4 5 25 7 8 -10 10 17 12 -14 -15 -16 16 22 -19 -20 -21 21 -23 -24 28 -26 -27 -28 -29 29 -31
leaf_value=-0.016691312477900341 -0.015890831039899456 0.84959692881481896 -0.0074099143995210118 -0.029122743111795565 0.0029938890632959358 0.42536020008069508 -0.11296111392283224 -0.038165874247291183 0.024668447793568166 -0.088736259830603514 -0.033847736795039343 -0.020322310064583207 0.00065651103791514946 0.56398985019341807 -0.10445552107207515 -0.42583954034438015 0.0034309788336913559 -0.017100516280700879 -2.7391351079470274e-05 0.00085517778884383752 -0.016137795891260718 -0.0074736277300874888 -0.014827637204827888 0.00047414671398200578 0.00049939762251313712 -0.34468042971521667 0.008163481068094414 0.0021000423174738171 -0.020712322566824874 0.0017487827266692724
leaf_weight=20 28 369 25 21 86 111 21 27 60 29 40 20 20 67 20 25 21 22 28 102 23 21 22 448 41 24 31 34 58 77
leaf_count=20 28 369 25 21 86 111 21 27 60 29 40 20 20 67 20 25 21 22 28 102 23 21 22 448 41 24 31 34 58 77
internal_value=-0.000307573 -0.000199164 0.00125364 -0.000687151 -0.00214477 -0.00134579 -0.00273379 -0.0043913 -0.00329032 -2.13631e-05 -0.00229412 0.000637795 -0.00525 -0.00208929 -0.00633333 -0.00533333 -0.00802941 -0.00090625 -0.00017647 0.000887324 0.000963989 -0.002 -0.0025814 0.00132298 -0.00191803 0.00166667 -0.00217241 0.000368421 0.00166209 -0.000111111
internal_weight=1941 1913 481 1432 449 428 293 207 186 983 221 762 40 112 45 126 68 192 170 142 722 78 43 644 61 135 58 57 583 135
internal_count=1941 1913 481 1432 449 428 293 207 186 983 221 762 40 112 45 126 68 192 170 142 722 78 43 644 61 135 58 57 583 135
is_linear=0
shrinkage=0.03


Tree=94
num_leaves=31
num_cat=0
split_feature=37 54 8 6 6 11 37 14 11 48 19 17 4 59 37 15 15 30 48 58 10 5 36 44 16 36 9 6 15 37
split_gain=1.79737 1.67106 3.23379 3.30563 3.95913 2.17477 5.51859 2.10863 1.82871 2.04103 1.97426 1.68779 1.54259 1.4881 1.48556 1.31638 1.47795 1.28333 1.17993 1.08004 3.83708 0.762314 0.964493 0.927507 0.684535 0.473659 1.17909 2.78639 0.452174 0.358954
threshold=1258.7312500000003 589.20000000000016 3.5000000000000004 26.500000000000004 20.500000000000004 -0.32143946530316164 1001.6499999500001 31.950000000000003 0.47114434510950071 70.000000000000014 45.500000000000007 9.5000000000000018 12.500000000000002 0.45000000000000007 224.70000000000002 92.500000000000014 76.500000000000014 7.2553571430000003 43.500000000000007 1006.6500000000002 0.93540483100319627 1.0000000180025095e-35 93.970535715000025 30.750000000000004 25.650000000000002 623.52857140000003 146.50000000000003 21.500000000000004 72.500000000000014 362.61785715000002
decision_type=2 2 2 2 2 2 2 2 2 2 2 2 2 2 2 2 2 2 2 2 2 2 2 2 2 2 2 2 2 2
left_child=1 5 3 4 12 29 8 -4 9 10 19 -5 -3 17 15 16 -10 -12 -17 21 -21 22 28 -23 -22 26 27 -18 -7 -1
right_child=-2 2 7 11 -6 6 -8 -9 14 -11 13 -13 -14 -15 -16 18 25 -19 -20 20 24 23 -24 -25 -26 -27 -28 -29 -30 -31
leaf_value=0.0031121475529058097 -0.015414106108702471 -0.0066058884299857682 -0.2759541699806845 -0.073174122525942673 2.6327976707521548 -0.005620079966268835 -0.028249060818441699 1.8505842106420385 -0.026594397688894916 -0.071810121428546633 -0.018281065513996379 -0.39071362921685932 -0.11069245207077599 -0.12327005568558784 -0.011555131206600396 0.00048797712844610164 0.0024989544561093875 0.11997776332663401 -3.6357290774020108e-05 -0.024296204222711421 0.079251198672530457 0.0031261299252427236 -0.01593895211220139 -0.029969481750321384 -0.031626170982122413 0.00041370915885473032 0.00093897449582457744 -0.032302579604948048 0.0025954125238243559 4.8596461462466403
leaf_weight=122 28 20 23 28 62 20 21 141 32 30 20 22 34 28 33 26 49 22 20 24 43 205 20 20 38 360 94 21 26 309
leaf_count=122 28 20 23 28 62 20 21 141 32 30 20 22 34 28 33 26 49 22 20 24 43 205 20 20 38 360 94 21 26 309
internal_value=-0.00016847 -5.80239e-05 -0.002 -0.00495181 -0.00217241 0.00034681 -0.000333333 0.000987805 -5.03978e-05 -0.00141532 -0.000927038 -0.0114 -0.00811111 -0.00557143 0.00101575 0.00135548 0.00175899 -0.002 -0.00352174 -0.00010606 -0.00271429 0.000835052 -0.002 0.00166667 0.000407408 0.00214122 0.000804878 -0.00214286 0.000391304 0.00216473
internal_weight=1941 1913 330 166 116 1583 1152 164 1131 496 466 50 54 70 635 602 556 42 46 396 105 291 66 225 81 524 164 70 46 431
internal_count=1941 1913 330 166 116 1583 1152 164 1131 496 466 50 54 70 635 602 556 42 46 396 105 291 66 225 81 524 164 70 46 431
is_linear=0
shrinkage=0.03


Tree=95
num_leaves=31
num_cat=0
split_feature=49 28 28 18 27 27 47 27 6 6 46 3 46 28 54 39 27 49 6 16 15 41 44 43 32 40 23 35 27 16
split_gain=1.81257 3.04788 1.71166 1.81238 1.472 1.99503 1.83751 2.61462 1.69425 3.29183 1.73216 2.00548 1.57514 1.19669 0.952747 1.44744 0.9589 1.9587 0.839862 0.765625 0.730046 0.646117 0.641504 0.747627 1.16412 1.04356 0.50291 0.420822 0.401145 0.4
threshold=9.5000000000000018 1007.6500000000002 1003.6500000000002 70.000000000000014 283.50000000000006 241.50000000000003 45.500000000000007 254.00000000000003 21.500000000000004 22.500000000000004 23.850000000000005 6359221.2145000007 24.850000000000005 1002.9000000000001 660.85000000000014 510.24754464375002 317.50000000000006 1.0000000180025095e-35 16.500000000000004 23.650000000000002 92.500000000000014 397.20217634580752 25.750000000000004 -52.688392854999996 103.61964285000001 861.35115326458333 174.50000000000003 963.55000000000007 332.50000000000006 25.050000000000004
decision_type=2 2 2 2 2 2 2 2 2 2 2 2 2 2 2 2 2 2 2 2 2 2 2 2 2 2 2 2 2 2
left_child=1 2 13 4 5 -4 7 -7 26 -10 11 -11 -12 -1 15 16 18 -18 -6 -3 22 -20 -2 24 -24 -26 27 -9 -25 -22
right_child=20 19 3 -5 14 6 -8 8 9 10 12 -13 -14 -15 -16 -17 17 -19 21 -21 29 -23 23 28 25 -27 -28 -29 -30 -31
leaf_value=-0.015410576835556408 -0.013801200013210937 -0.030418560639568864 0.0047320000703009422 -0.033798081324473997 -0.038130997831622139 -0.030313108183828846 0.013408925128162351 0.012115121306403716 -0.030642862347018254 -0.055706152793924282 0.010353227323038828 -0.038754714630456877 -0.0082079040037541396 -0.051112846590278586 4.2003195528213331 -0.097447880475969709 -0.034021939231213209 0.00068262267848521216 0.00057642406480889162 0.00088790926276422996 1.6910997293602375e-05 -0.0057762754923406942 -0.016752945300521929 0.00055617313486062655 0.011982888669476003 -0.31211802223850288 -0.082053644171114326 -0.0094173300387571518 -0.0016363064905684764 -1.3698333126778783e-05
leaf_weight=25 29 32 73 31 20 37 54 48 33 23 67 37 34 21 84 26 41 38 135 256 20 20 21 497 120 27 22 25 25 20
leaf_count=25 29 32 73 31 20 37 54 48 33 23 67 37 34 21 84 26 41 38 135 256 20 20 21 497 120 27 22 25 25 20
internal_value=-0.000199382 -0.00093401 -0.00179866 -0.00149292 -0.00122277 -0.00236424 -0.00323684 -0.00408589 -0.00312457 -0.00473196 -0.00296273 -0.007 -0.000564356 -0.00743478 0.000197802 -0.000642857 4.72442e-05 -0.0026962 0.00128571 0.00175 0.000944664 0.00203226 0.00116412 0.00134783 -0.000392857 0.000551021 0.000157895 0.00135616 0.00190805 -0.003
internal_weight=1941 1182 894 848 817 453 380 326 289 194 161 60 101 46 364 280 254 79 175 288 759 155 719 690 168 147 95 73 522 40
internal_count=1941 1182 894 848 817 453 380 326 289 194 161 60 101 46 364 280 254 79 175 288 759 155 719 690 168 147 95 73 522 40
is_linear=0
shrinkage=0.03


Tree=96
num_leaves=31
num_cat=0
split_feature=49 28 37 39 8 37 1 39 18 10 20 10 19 15 4 57 10 28 57 10 16 10 52 55 49 49 3 14 27 48
split_gain=1.99097 3.16426 4.48621 6.36397 6.32216 4.14848 3.27614 3.4661 2.47042 1.37007 1.81568 1.16091 1.35766 1.33176 1.14966 1.12418 1.00881 1.61198 1.02047 0.947231 0.765625 0.728438 0.471326 1.77278 0.456882 0.755252 0.560976 0.448615 0.413042 0.603745
threshold=9.5000000000000018 1007.6500000000002 383.01607145000008 99.988727681250012 3.5000000000000004 1069.7642860000003 5327.1250000000009 933.03809526250006 70.000000000000014 0.95642797789208711 97.500000000000014 -0.95642797789208689 48.500000000000007 92.500000000000014 14.500000000000002 330.50000000000006 -0.58216583101416164 1006.85 304.50000000000006 0.98611507088852057 23.650000000000002 -0.79335334029123528 94.000000000000014 337.50000000000006 3.5000000000000004 2.5000000000000004 6405398.0000000009 29.650000000000002 306.50000000000006 41.500000000000007
decision_type=2 2 2 2 2 2 2 2 2 2 2 2 2 2 2 2 2 2 2 2 2 2 2 2 2 2 2 2 2 2
left_child=1 2 8 5 6 -4 -5 14 15 11 19 12 27 22 -8 16 17 18 24 -11 -3 -6 -13 -24 25 26 -1 -2 -18 -30
right_child=9 20 3 4 21 -7 7 -9 -10 10 -12 13 -14 -15 -16 -17 28 -19 -20 -21 -22 -23 23 -25 -26 -27 -28 -29 29 -31
leaf_value=0.0042368827133623457 0.0020792442017849395 -0.029506003820381797 -0.022367074197489858 -0.0029828012831894534 -0.076923751450621441 -0.026688901071044827 -0.11584946131946675 -0.10017996913854349 -0.032784138884739772 -0.011705846031562862 -0.038104046460282336 0.00062899780953881441 -0.026047241465699505 -1.6490776074703202e-05 -0.08217905140822597 -0.027216936174941444 0.0015193472057779469 -0.0061381028795575807 -0.05940762415875369 0.013794164364470294 0.00086127198488130307 3.4369866416041859 -0.44453094994290976 3.7542763218955297 0.0071053472006693463 -0.0050867109403955535 -0.0059423443265712106 -0.0093986779142678292 -0.015290608638091787 0.00041898360587726171
leaf_weight=46 41 32 24 30 39 20 28 31 31 29 20 417 21 36 21 27 260 27 23 37 256 104 20 112 50 21 36 26 31 45
leaf_count=46 41 32 24 30 39 20 28 31 31 29 20 417 21 36 21 27 260 27 23 37 256 104 20 112 50 21 36 26 31 45
internal_value=-0.000214838 -0.000984771 -0.00186577 -0.00487879 -0.00304743 -0.0154091 -0.00845455 -0.011625 -0.000366834 0.00098419 -0.0025814 0.00143982 -0.00177273 0.00192308 -0.0165918 8.48058e-05 0.000384045 -0.00128571 -0.000238636 -0.000181818 0.00175 0.00111189 0.00228962 0.000727273 0.000647059 -0.000495146 0.000804878 0.000313433 0.00139286 -0.000552631
internal_weight=1941 1182 894 297 253 44 110 80 597 759 86 673 88 585 49 566 539 203 176 66 288 143 549 132 153 103 82 67 336 76
internal_count=1941 1182 894 297 253 44 110 80 597 759 86 673 88 585 49 566 539 203 176 66 288 143 549 132 153 103 82 67 336 76
is_linear=0
shrinkage=0.03


Tree=97
num_leaves=31
num_cat=0
split_feature=49 28 37 26 17 12 53 6 14 57 17 10 10 37 10 15 6 35 28 44 16 16 4 36 16 52 37 39 53 26
split_gain=1.91184 3.16426 4.48621 8.40747 3.15308 3.0219 2.16555 2.1497 2.09092 1.97758 1.21527 1.08787 1.34999 1.36377 1.32615 1.30744 0.994084 0.771241 2.43099 0.920538 0.765625 0.673987 0.632331 0.825714 1.21 0.581237 2.21203 0.554994 0.516878 0.368919
threshold=9.5000000000000018 1007.6500000000002 383.01607145000008 13.250000000000002 18.500000000000004 0.53946920585801694 195.50000000000003 26.500000000000004 31.650000000000002 330.50000000000006 72.500000000000014 0.95642797789208711 -0.95642797789208689 8.6303571430000012 0.97335555334614954 92.500000000000014 3.5000000000000004 776.64642855000011 1006.85 30.750000000000004 23.650000000000002 25.650000000000002 3.5000000000000004 350.39285715000005 25.950000000000003 94.000000000000014 405.50803570000005 492.22187500000001 174.50000000000003 21.900000000000002
decision_type=2 2 2 2 2 2 2 2 2 2 2 2 2 2 2 2 2 2 2 2 2 2 2 2 2 2 2 2 2 2
left_child=1 2 9 4 -4 -5 7 8 -7 10 17 12 13 -2 -13 25 -16 21 19 -19 -3 -1 -23 -24 -25 -14 -27 -15 -10 -28
right_child=11 20 3 5 -6 6 -8 -9 28 -11 -12 14 15 27 16 -17 -18 18 -20 -21 -22 22 23 24 -26 26 29 -29 -30 -31
leaf_value=0.0046278339183538405 -0.015992395472470809 -0.028620823705770342 -0.025735856614405229 1.0753816285046527 -0.073273447958076707 -0.11185324742798364 -0.14400238710273844 -0.030075675434589697 2.5159668215961779 -0.02832854286345984 -0.014503809801368591 -0.015824545786970921 0.00061012787525265 0.0044723269952232697 -0.013636757330425272 -1.5996052792462107e-05 0.0090234531784829895 0.0016750716439045098 -0.0066250297942909908 -0.021273566491022841 0.00083543382533486405 0.00035340424001133284 0.013096798819762124 -0.03945720441897755 -0.0047308008409363365 -0.41776060125051723 4.8417917316245598 -0.016556950697445789 -0.097535565599236582 -0.76524276347153486
leaf_weight=249 20 32 25 78 23 37 24 31 49 35 31 20 417 47 21 36 45 93 22 34 256 63 25 20 25 21 91 21 30 20
leaf_count=249 20 32 25 78 23 37 24 31 49 35 31 20 417 47 21 36 45 93 22 34 256 63 25 20 25 21 91 21 30 20
internal_value=-0.000230294 -0.000984771 -0.00186577 -0.00487879 -0.016375 -0.00266265 -0.00489474 -0.00353061 -0.00165517 -0.000366834 6.4057e-05 0.000944664 0.00135067 -0.00211364 -0.00223256 0.00187179 -0.000181818 0.00040113 -0.00142953 0.000165354 0.00175 0.00111518 -0.000609022 -0.00257143 -0.005 0.00223497 0.0005 -8.82352e-05 0.00110127 0.00218919
internal_weight=1941 1182 894 297 48 249 171 147 116 597 562 759 673 88 86 585 66 531 149 127 288 382 133 70 45 549 132 68 79 111
internal_count=1941 1182 894 297 48 249 171 147 116 597 562 759 673 88 86 585 66 531 149 127 288 382 133 70 45 549 132 68 79 111
is_linear=0
shrinkage=0.03


Tree=98
num_leaves=31
num_cat=0
split_feature=37 54 44 48 27 31 37 15 27 49 28 37 51 28 46 41 23 27 10 15 56 18 2 2 41 44 16 47 5 28
split_gain=1.80474 1.54411 2.76558 2.80039 1.94216 1.57509 4.83912 1.80146 1.67147 1.76087 1.41338 1.19514 1.25011 2.04465 1.19349 1.50882 2.61548 1.25782 0.983528 1.14928 1.10195 3.60015 0.9 0.76935 1.26144 0.728741 0.641868 0.555769 0.667063 0.463533
threshold=1258.7312500000003 589.20000000000016 31.550000000000004 12.500000000000002 278.50000000000006 47.675000000000004 958.43928570000014 73.500000000000014 330.50000000000006 1.0000000180025095e-35 999.35000000000002 224.70000000000002 16.500000000000004 1006.5500000000001 23.650000000000002 345.84987370642074 171.50000000000003 281.50000000000006 0.88144907265856365 92.500000000000014 4.5500000000000007 28.500000000000004 7241.5000000000009 6805.2500000000009 272.73733998393732 30.550000000000004 23.150000000000002 68.500000000000014 22.500000000000004 1001.9000000000001
decision_type=2 2 2 2 2 2 2 2 2 2 2 2 2 2 2 2 2 2 2 2 2 2 2 2 2 2 2 2 2 2
left_child=1 5 -3 14 -5 6 7 -1 10 -10 -9 12 18 -14 15 16 17 -4 19 29 21 -20 -13 26 -25 -26 -7 -22 -29 -12
right_child=-2 2 3 4 -6 23 -8 8 9 -11 11 22 13 -15 -16 -17 -18 -19 20 -21 27 -23 -24 24 25 -27 -28 28 -30 -31
leaf_value=-0.031504778830211182 -0.012425646944801567 -0.14289584196670505 -0.029173404740410778 -0.0062803684822969365 -0.39708108708093742 -0.087989804737042057 -0.02492684100057109 -0.013927261645145109 -0.029406801638634197 0.0008287911745026048 -0.014032933070564659 -0.0083417350362689942 0.00092545909033505747 -0.005194953832095073 0.063982763097104545 0.04069396299417119 -0.22371813302216248 0.37588918537492244 0.0049641389569865767 -1.3300860561292678e-05 0.013099280694176442 -0.079934619725210404 -0.0063716603554570374 -0.32565530244910129 0.0036024690304611194 -0.024755827727486343 0.1143757695421506 -0.010871138323567415 0.0020411303345323597 0.00041094469456039932
leaf_weight=20 28 28 21 23 20 39 20 20 23 23 24 20 40 22 122 41 26 49 44 38 72 21 20 20 74 21 448 21 24 529
leaf_count=20 28 28 21 23 20 39 20 20 23 23 24 20 40 22 122 41 26 49 44 38 72 21 20 20 74 21 448 21 24 529
internal_value=-0.000153014 -4.23418e-05 -0.00190909 -0.00107285 -0.00816279 0.00034681 -0.000394495 -9.05306e-05 9.88311e-05 -0.00547826 0.000385475 0.000565714 0.000808383 -0.00329032 0.000104247 -0.00181752 -0.003875 -0.000857143 0.00113713 0.00173096 -0.000791209 -0.00392308 -0.0045 0.00155482 -0.000652174 0.000789474 0.00207598 0.000948718 -0.00166667 0.00207776
internal_weight=1941 1913 330 302 43 1583 981 961 941 46 895 875 835 62 259 137 96 70 773 591 182 65 40 602 115 95 487 117 45 553
internal_count=1941 1913 330 302 43 1583 981 961 941 46 895 875 835 62 259 137 96 70 773 591 182 65 40 602 115 95 487 117 45 553
is_linear=0
shrinkage=0.03


Tree=99
num_leaves=31
num_cat=0
split_feature=37 10 54 58 41 37 57 36 12 12 56 41 26 26 12 19 57 46 18 36 37 47 16 37 45 18 49 46 42 1
split_gain=1.81213 1.16838 1.45344 1.63046 1.38096 5.67784 2.03704 3.48444 1.5268 2.63322 2.91552 1.30921 1.16413 1.31859 1.16171 1.92161 1.08571 1.11811 1.08482 1.06316 0.935086 0.865943 1.43121 2.53667 0.827442 2.87877 0.762061 0.704348 0.418723 0.81
threshold=1258.7312500000003 -0.77259657388510594 655.55000000000007 1006.6500000000002 22.245214674519151 156.19553570000002 330.50000000000006 653.31875000000014 0.53946920585801694 0.56811179347017271 13.65 227.64303600054251 14.250000000000002 19.000000000000004 0.64987354830121502 3.5000000000000004 298.50000000000006 23.350000000000005 57.500000000000007 579.43571430000009 687.82946430000015 10.500000000000002 24.650000000000002 64.175000000000011 85.500000000000014 28.500000000000004 49.500000000000007 24.650000000000002 -0.41339289999996248 277.58928570000006
decision_type=2 2 2 2 2 2 2 2 2 2 2 2 2 2 2 2 2 2 2 2 2 2 2 2 2 2 2 2 2 2
left_child=1 2 3 21 5 6 12 -8 -6 10 -10 -4 19 18 -11 16 17 -16 -14 24 -12 -1 28 -24 27 -26 -17 -3 29 -23
right_child=-2 4 11 -5 8 -7 7 -9 9 14 20 -13 13 -15 15 26 -18 -19 -20 -21 -22 22 23 -25 25 -27 -28 -29 -30 -31
leaf_value=0.0021299840022196343 -0.012052877536457521 -0.021226537274603219 0.017304024036464572 -0.0049221096167665233 0.0011577930572274531 -0.024179035770553955 -0.03253344949661658 0.0043809068047847366 0.014306330034873855 0.0019830812106676116 -0.047966379640911112 -0.11519245782139392 -0.014036243985527847 0.00052226898406856827 -0.094517219125947405 0.01115171905702806 -0.2521115192518481 0.0054101079796341394 -2.1458649420352926e-05 0.00035287299626739975 -0.33249298155807705 -0.014620212780015795 0.00060087162637888236 -0.1744528890569188 0.0043409276447990272 -0.090567555165627062 -0.19471161905577578 0.0011993969807575363 0.0052329976469930612 0.0069297018962011288
leaf_weight=129 28 23 20 37 366 20 25 20 42 261 20 33 32 32 23 113 20 33 24 202 23 20 33 36 61 29 23 92 41 80
leaf_count=129 28 23 20 37 366 20 25 20 42 261 20 33 32 32 23 113 20 33 24 202 23 20 33 36 61 29 23 92 41 80
internal_value=-0.000137558 -2.66596e-05 -0.00140559 -0.00075 0.000371968 -0.000803571 -0.000222222 -0.00633333 0.00108442 9.67743e-05 -0.00476471 -0.0060566 0.000333333 -0.00279545 0.000970402 -0.000679245 -0.0045 -0.00235714 -0.00557143 0.00100983 -0.0102558 -9.7345e-05 -0.00128571 -0.00482609 -0.000512195 -0.00266667 0.00145588 0.00117391 0.000446809 -0.0006
internal_weight=1941 1913 429 376 1484 560 540 45 924 558 85 53 495 88 473 212 76 56 56 407 43 339 210 69 205 90 136 115 141 100
internal_count=1941 1913 429 376 1484 560 540 45 924 558 85 53 495 88 473 212 76 56 56 407 43 339 210 69 205 90 136 115 141 100
is_linear=0
shrinkage=0.03


Tree=100
num_leaves=31
num_cat=0
split_feature=37 49 26 48 19 44 14 46 8 37 37 43 10 20 10 19 37 40 41 57 31 32 36 56 18 34 15 5 10 5
split_gain=1.93235 1.22716 1.40968 2.13254 1.70867 1.64274 1.36111 1.13639 1.71361 2.35759 2.83551 1.05018 1.00421 1.46638 1.00871 1.5003 0.902187 5.47174 0.991243 1.13177 0.891465 0.871978 0.830664 1.20456 0.745131 1.44379 0.651711 0.613636 0.452233 0.448142
threshold=1258.7312500000003 9.5000000000000018 4.3500000000000005 39.500000000000007 6.5000000000000009 30.550000000000004 29.050000000000004 23.650000000000002 4.5000000000000009 383.01607145000008 626.98750000000007 35.623214304999983 0.95642797789208711 97.500000000000014 -0.95642797789208689 48.500000000000007 110.75000000000001 17.833482143541662 266.55042484316562 287.50000000000006 650.92142855000009 1032.7062500000002 623.52857140000003 7.3500000000000005 1.0000000180025095e-35 222.95625000000004 79.500000000000014 1.0000000180025095e-35 -0.70710678118654735 1.0000000180025095e-35
decision_type=2 2 2 2 2 2 2 2 2 2 2 2 2 2 2 2 2 2 2 2 2 2 2 2 2 2 2 2 2 2
left_child=1 2 3 -1 7 6 -6 8 9 20 -11 16 14 27 15 29 22 -18 -19 28 -4 -12 23 -9 25 -25 -24 -14 -20 -3
right_child=-2 12 4 -5 5 -7 -8 11 -10 10 21 -13 13 -15 -16 -17 17 18 19 -21 -22 -23 26 24 -26 -27 -28 -29 -30 -31
leaf_value=0.00012337111514711783 -0.011691291210363795 -0.0062021272817987015 -0.013190797017217174 -0.078914577147494933 -0.018124256860053058 -0.12351861635532656 0.0085531701259572834 -0.030532101787641795 11.031754146019521 -0.17958513422266101 -0.0034057184258516702 0.23069819882226689 -0.0044652750199831179 -0.036136844896938053 0.00045238830656087116 -0.023402302624963116 -0.02345366469743734 0.006010420838709769 -0.0072881200759773064 -0.050879993366453678 2.7221722336691463 -0.12044638932837505 -0.029120644076077513 -0.033061573111576814 0.0047468788473085926 2.1831251318356007e-05 0.00034795755826166512 0.010738133290600601 3.6232925409294454 0.0034498126350967166
leaf_weight=39 28 20 26 28 20 20 25 20 50 22 39 201 22 20 579 21 20 77 29 36 47 21 20 20 118 57 193 44 32 47
leaf_count=39 28 20 26 28 20 20 25 20 50 22 39 201 22 20 579 21 20 77 29 36 47 21 20 20 118 57 193 44 32 47
internal_value=0.000109737 0.000224255 -0.000387931 -0.00461194 -0.000129003 -0.00484615 -0.00166667 0.000169261 -0.00182927 -0.0033871 -0.00687805 0.000667072 0.00116733 -0.00188372 0.00156072 -0.00143182 5.78779e-05 -0.00163918 6.89656e-05 -0.00194845 0.000534247 -0.0035 0.000827103 -0.000488372 0.000230769 -0.00206493 0.00215493 0.000272727 0.000540984 0.000761194
internal_weight=1941 1913 1160 67 1093 65 45 1028 205 155 82 823 753 86 667 88 622 194 174 97 73 60 428 215 195 77 213 66 61 67
internal_count=1941 1913 1160 67 1093 65 45 1028 205 155 82 823 753 86 667 88 622 194 174 97 73 60 428 215 195 77 213 66 61 67
is_linear=0
shrinkage=0.03


Tree=101
num_leaves=31
num_cat=0
split_feature=37 10 19 58 58 37 36 48 8 1 38 10 11 30 36 19 25 27 2 45 58 8 41 6 56 48 15 9 26 58
split_gain=1.89437 1.18597 1.32227 2.19277 1.5188 1.4537 4.01226 2.22051 1.72523 2.11182 1.91408 1.29459 1.51485 1.20391 1.1872 1.07911 1.03052 0.698077 0.61946 0.8227 2.52484 0.58968 0.520308 1.16667 0.456944 1.1968 0.447493 0.463261 0.717949 0.394737
threshold=1258.7312500000003 -0.93540483100319605 9.5000000000000018 1003.6500000000002 1007.6500000000002 138.64375000000004 838.52857140000015 70.000000000000014 3.5000000000000004 6571.7142860000013 837.04665182500014 0.93540483100319627 0.25881904510252057 365.14464285000003 128.83750000000003 50.500000000000007 857.00000000000011 330.50000000000006 6591.5000000000009 82.500000000000014 1006.1500000000002 5.5000000000000009 337.32860797504355 25.500000000000004 6.3500000000000005 39.500000000000007 92.500000000000014 137.50000000000003 9.6000000000000014 1005.85
decision_type=2 2 2 2 2 2 2 2 2 2 2 2 2 2 2 2 2 2 2 2 2 2 2 2 2 2 2 2 2 2
left_child=1 13 3 -3 5 7 8 17 9 29 -11 26 15 14 21 -13 -12 18 24 20 -20 -1 -6 -24 25 -5 27 28 -4 -7
right_child=-2 2 11 4 22 6 -8 -9 -10 10 16 12 -14 -15 -16 -17 -18 -19 19 -21 -22 -23 23 -25 -26 -27 -28 -29 -30 -31
leaf_value=0.00072694767841280578 -0.011340552474052881 -0.079528546072129849 -0.1365198477007161 0.0004823229086719133 0.00069697509133443097 -0.048677162047513989 -0.02280915862181793 -0.057467247010259612 0.00643211040574537 -0.091264052056464984 0.0048536840073964173 0.013470197282812173 -0.014060592118792148 -0.096036640081967273 -0.014086773542723483 -0.020142464768137063 -0.084336986782073964 -0.018621796531902077 0.0049243360753743262 0.0011126205387627795 -0.029598370574012732 -0.01429776122351924 9.8704622479532915 -0.37634100551829636 0.0014222860404347417 -0.028691188751299872 -2.6740501464950763e-05 0.00066041465895867279 0.01258108989552236 0.01064903194201417
leaf_weight=137 28 29 26 50 229 30 22 23 134 27 20 58 20 28 37 27 22 26 30 30 29 25 32 24 227 24 36 456 28 27
leaf_count=137 28 29 26 50 229 30 22 23 134 27 20 58 20 28 37 27 22 26 30 30 29 25 32 24 227 24 36 456 28 27
internal_value=3.24576e-05 0.000145844 0.000419929 -0.000246377 -1.19283e-05 -0.000744799 -0.00242553 0.000334852 -0.00138462 -0.00390476 -0.00743478 0.00147926 -0.00157143 -0.00188987 -0.00107035 0.000176471 -0.00342857 0.000836539 0.00115385 -0.00104494 -0.00310169 3.70371e-05 0.00184211 -0.00075 0.00180399 -0.000243243 0.00206593 0.00229412 -0.000333333 0.000368421
internal_weight=1941 1913 1686 1035 1006 721 282 439 260 126 69 651 105 227 199 85 42 416 390 89 59 162 285 56 301 74 546 510 54 57
internal_count=1941 1913 1686 1035 1006 721 282 439 260 126 69 651 105 227 199 85 42 416 390 89 59 162 285 56 301 74 546 510 54 57
is_linear=0
shrinkage=0.03


Tree=102
num_leaves=31
num_cat=0
split_feature=37 10 49 56 50 57 57 37 58 54 27 39 46 10 20 29 5 3 16 57 10 23 27 57 41 15 48 54 35 35
split_gain=1.95532 1.38652 1.39234 2.25802 1.72525 1.58623 3.02345 3.98961 1.38698 1.20589 1.13869 1.07495 0.889155 0.882224 1.79428 0.687566 0.805965 0.902894 0.98 0.805646 0.563882 0.542297 1.12305 0.491167 0.459849 0.356479 0.58072 0.350711 0.289554 0.666387
threshold=1258.7312500000003 -0.81241147629689037 2.5000000000000004 4.4500000000000011 39.500000000000007 260.50000000000006 244.50000000000003 239.25000000000003 1006.6500000000002 655.55000000000007 317.50000000000006 1145.3267857687504 24.650000000000002 0.95642797789208711 97.500000000000014 0.75000000000000011 1.0000000180025095e-35 6648918.7855000012 24.550000000000004 304.50000000000006 0.98611507088852057 199.50000000000003 287.50000000000006 330.50000000000006 399.63977971280133 92.500000000000014 50.500000000000007 595.05000000000007 455.33571430000006 640.62500000000011
decision_type=2 2 2 2 2 2 2 2 2 2 2 2 2 2 2 2 2 2 2 2 2 2 2 2 2 2 2 2 2 2
left_child=1 8 3 10 5 6 -5 12 9 15 -3 21 -8 25 20 16 17 18 -1 24 -15 23 -23 28 -18 27 -27 -4 -7 -30
right_child=-2 2 13 4 -6 11 7 -9 -10 -11 -12 -13 -14 14 -16 -17 19 -19 -20 -21 -22 22 -24 -25 -26 26 -28 -29 29 -31
leaf_value=-0.0010392658348649718 -0.011000335899831295 -0.0067811703226365533 0.00067735734374208423 0.01006490496631675 -0.082187324858332023 0.001080067062472383 -0.028625509150780552 -0.075343318992658809 -0.0038459283963433169 -0.1377883093435501 -0.071145863646782798 -0.079640921882279975 0.00029497916837934542 -0.0030923075553571568 -0.034448465606985883 -0.27450031523237001 0.0055397293710040948 0.0014913277028069864 -0.018962355640674791 -0.016261861785487764 0.0092342560921114692 0.11221472336419847 -0.09850059771303056 -0.010589631710923969 -8.929262081192449e-05 0.000446684891594441 -5.1514513814500565e-05 -0.072705267795262624 -0.072692221669815607 0.0029379309329612322
leaf_weight=25 28 27 557 68 26 342 29 28 32 37 20 28 31 37 20 27 163 28 25 27 51 46 22 32 24 20 21 31 30 59
leaf_count=25 28 27 557 68 26 342 29 28 32 37 20 28 31 37 20 27 163 28 25 27 51 46 22 32 24 20 21 31 30 59
internal_value=0.000156105 0.000271302 0.000678689 -0.000197969 0.000206478 0.000482518 -0.00219231 -0.00586364 -0.0013299 -0.000792135 -0.00657447 0.00122898 -0.0015 0.00161601 -0.000888889 -0.000197492 0.000226028 -0.00238462 -0.0048 0.00117757 0.000954546 0.00153107 -0.000970588 0.00189849 0.00187701 0.0020461 -0.000658536 0.00223469 0.00216473 0.00064045
internal_weight=1941 1913 1525 788 741 715 156 88 388 356 47 559 60 737 108 319 292 78 50 214 88 531 68 463 187 629 41 588 431 89
internal_count=1941 1913 1525 788 741 715 156 88 388 356 47 559 60 737 108 319 292 78 50 214 88 531 68 463 187 629 41 588 431 89
is_linear=0
shrinkage=0.03


Tree=103
num_leaves=31
num_cat=0
split_feature=37 49 58 28 18 37 36 46 37 57 18 58 9 34 58 39 44 56 48 11 37 5 49 15 40 26 56 58 37 30
split_gain=1.97071 1.12884 2.08534 1.61455 1.27971 1.21276 4.32841 1.70244 4.13444 1.57692 1.05112 2.3143 0.739218 0.907115 1.81337 1.81934 0.589687 0.548834 1.1234 0.520883 2.65513 3.52667 0.690476 0.580026 0.524578 0.496729 0.496576 0.476389 0.467449 0.565245
threshold=1258.7312500000003 9.5000000000000018 1003.6500000000002 1007.6500000000002 70.000000000000014 123.93750000000001 838.52857140000015 23.050000000000004 766.22410715000012 330.50000000000006 1.0000000180025095e-35 1006.6500000000002 144.50000000000003 242.59285715000001 1004.5500000000001 776.91093752500012 30.750000000000004 6.3500000000000005 19.500000000000004 0.29012925520284111 8.6303571430000012 1.0000000180025095e-35 43.500000000000007 92.500000000000014 861.35115326458333 13.750000000000002 17.550000000000004 1006.2500000000001 138.64375000000004 79.241071430000019
decision_type=2 2 2 2 2 2 2 2 2 2 2 2 2 2 2 2 2 2 2 2 2 2 2 2 2 2 2 2 2 2
left_child=1 2 16 4 5 9 7 8 -7 10 11 25 13 -9 -15 -16 -1 18 -12 20 21 -3 -23 -21 28 -4 27 -14 29 -22
right_child=-2 19 3 -5 -6 6 -8 12 -10 -11 17 -13 26 14 15 -17 -18 -19 -20 23 24 22 -24 -25 -26 -27 -28 -29 -30 -31
leaf_value=-0.007943475495461913 -0.010670325822836356 -0.018675346655727718 -0.037403662274787967 0.00059426149075743676 -0.026361030002135865 -0.18406905988171773 -0.019864584293383628 0.0019536621883794632 0.019684316131311462 -0.024481825697988041 0.00045445267466392259 -0.0039196368561302481 -0.051175499975901276 0.0052112175274380106 -0.089100850187646866 -0.13416912937291739 -0.091415153589471609 0.0010658116931961412 -0.02665960201113262 0.00039793174667310244 0.003834985842172203 0.0036702350834261236 -0.018199185481639363 -3.9684925206454345e-05 -0.12229544220827435 0.0072088776467390788 1.74452978387473 0.012255016037576545 1.0480342791373642 -0.19567375738105935
leaf_weight=20 28 25 20 281 31 20 22 33 25 24 39 31 35 28 21 20 23 270 37 282 43 29 21 32 38 58 77 45 263 20
leaf_count=20 28 25 20 281 31 20 22 33 25 24 39 31 35 28 21 20 23 270 37 282 43 29 21 32 38 58 77 45 263 20
internal_value=0.000187017 0.000302666 -0.000284483 -3.49148e-05 -0.000696172 -0.000465838 -0.0018773 -0.000947368 -0.00633333 0.000494781 0.00089011 -0.0016789 -1.15829e-05 -0.002 -0.00395652 -0.00797561 -0.00676744 0.00169942 -0.000552631 0.00120717 0.000539863 -0.0046 1.11759e-10 0.00214013 0.0015989 0.00107692 0.00128025 -0.000375 0.00198773 -0.000333333
internal_weight=1941 1913 1160 1117 836 805 326 304 45 479 455 109 259 102 69 41 43 346 76 753 439 75 50 314 364 78 157 80 326 63
internal_count=1941 1913 1160 1117 836 805 326 304 45 479 455 109 259 102 69 41 43 346 76 753 439 75 50 314 364 78 157 80 326 63
is_linear=0
shrinkage=0.03


Tree=104
num_leaves=31
num_cat=0
split_feature=37 10 6 28 37 57 48 34 57 23 41 36 2 36 14 8 47 54 41 35 37 57 32 40 41 14 28 14 47 35
split_gain=1.94765 1.16003 0.985457 2.26427 2.05605 6.0936 1.72253 2.475 1.44667 1.38205 0.846923 0.823337 0.60059 0.66861 0.899092 1.40019 0.580555 0.808566 0.791369 0.982903 0.754209 0.544642 1.62294 0.514681 0.460556 0.994286 0.454914 0.453261 0.404749 0.465954
threshold=1258.7312500000003 -0.93540483100319605 18.500000000000004 1007.6500000000002 110.75000000000001 254.00000000000003 6.5000000000000009 824.84375000000011 330.50000000000006 195.50000000000003 265.40411646992749 128.83750000000003 8222.2857145000016 579.43571430000009 28.650000000000002 3.5000000000000004 47.500000000000007 286.75000000000006 197.07863219377063 399.85803570000007 674.48214285000006 285.50000000000006 987.0571428500001 13.815029761979149 339.22157483328903 32.650000000000013 1002.0500000000001 27.750000000000004 3.5000000000000004 1230.1714290000002
decision_type=2 2 2 2 2 2 2 2 2 2 2 2 2 2 2 2 2 2 2 2 2 2 2 2 2 2 2 2 2 2
left_child=1 10 16 4 8 -6 21 9 12 -8 -1 28 13 14 15 -4 -3 18 19 23 -19 22 -7 26 -5 -26 -18 -28 -12 -30
right_child=-2 2 3 24 5 6 7 -9 -10 -11 11 -13 -14 -15 -16 -17 17 20 -20 -21 -22 -23 -24 -25 25 -27 27 -29 29 -31
leaf_value=-0.089651482811472449 -0.010350216048151265 0.0009778413732236934 0.0021000245680259655 0.00058049809610810014 -0.057902091942617945 0.0078390711763376333 0.001848547245937103 -0.10984028459926584 -0.022978852575736883 -0.088056057427748927 -0.0015920508085717953 -0.012678465843360239 -0.020930540143900642 0.00092560783578402419 0.0044501855627807159 -0.02297659892787068 -0.0079210898107283725 -0.21384768594316583 0.00418040623646522 -0.24440936375262606 0.0071353068598069896 5.2078279046907614 -0.15614569763346697 0.00066413681110649258 -0.36528255082086103 10.42995128197013 -4.7486303517789555e-05 0.00052363232975401978 0.0035003463252409224 -0.019850858308223477
leaf_weight=28 28 157 55 262 23 56 40 24 35 26 28 37 28 172 90 37 35 21 165 20 33 71 25 76 21 29 73 112 110 24
leaf_count=28 28 157 55 262 23 56 40 24 35 26 28 37 28 172 90 37 35 21 165 20 33 71 25 76 21 29 73 112 110 24
internal_value=0.000140649 0.00025562 0.00052669 -7.84707e-05 -0.00104692 -0.00311321 -0.00171074 -0.005 0.000266187 -0.002 -0.00175771 -0.00107035 0.000801047 0.00113559 -0.000131868 -0.00221739 0.00139595 0.000925234 0.00131601 0.000436709 -0.00255556 0.000236842 -0.00144444 0.000871622 0.00203846 -0.0006 0.000136364 0.00072973 -0.000148148 0.000537314
internal_weight=1941 1913 1686 994 682 265 242 90 417 66 227 199 382 354 182 92 692 535 481 316 54 152 81 296 312 50 220 185 162 134
internal_count=1941 1913 1686 994 682 265 242 90 417 66 227 199 382 354 182 92 692 535 481 316 54 152 81 296 312 50 220 185 162 134
is_linear=0
shrinkage=0.03


Tree=105
num_leaves=31
num_cat=0
split_feature=37 10 19 19 58 28 37 56 46 8 51 57 2 58 17 10 56 48 46 2 44 51 26 41 6 17 3 15 28 44
split_gain=1.506 0.98878 1.13233 0.975079 1.80962 1.29809 0.897916 3.4293 1.10948 1.36656 1.08472 0.990444 0.759098 1.18449 1.58169 0.697731 0.675 0.816667 0.655063 0.879914 0.633381 0.630861 0.594381 0.569366 1.34127 0.560023 0.502762 0.417586 0.410891 1.14545
threshold=1258.7312500000003 -0.93540483100319605 48.500000000000007 9.5000000000000018 1003.6500000000002 1007.4500000000002 110.75000000000001 10.050000000000002 23.650000000000002 4.5000000000000009 835.50000000000011 330.50000000000006 6591.5000000000009 1006.1500000000002 4.5000000000000009 0.93540483100319627 7.7500000000000009 39.500000000000007 25.050000000000004 7396.1607145000007 29.650000000000002 4.5000000000000009 15.050000000000002 339.22157483328903 26.500000000000004 46.500000000000007 6540258.3215000005 92.500000000000014 1007.7500000000001 29.650000000000002
decision_type=2 2 2 2 2 2 2 2 2 2 2 2 2 2 2 2 2 2 2 2 2 2 2 2 2 2 2 2 2 2
left_child=1 2 18 4 -3 6 11 -8 9 10 -9 12 16 -14 -15 27 17 -6 19 20 -1 26 -22 -7 -25 -19 -17 28 -5 -30
right_child=-2 3 -4 15 5 23 7 8 -10 -11 -12 -13 13 14 -16 21 -18 25 -20 -21 22 -23 -24 24 -26 -27 -28 -29 29 -31
leaf_value=0.0012616242880634724 -0.010039709566706728 -0.067886351544916845 -0.042129640248331476 0.00071487795962159762 0.00082277322858250639 0.00044633028866813003 -0.042817894197364918 -0.058041411406802003 0.0036384091629706769 5.2556808663681727 -0.15699067837128852 -0.025363559945638284 0.0053705965337190742 0.0023349419308749146 -0.0275981623919704 -0.00086018224756043745 0.0018088613827074967 -0.025363661342005388 -0.013367972481428391 0.0034478150728179933 -0.047503598011646893 0.017832252185749024 -0.016416511849468522 5.7039716421337259 -0.3543240742962353 0.00085131959247477346 -0.024624559833566571 -2.1777714144839905e-05 0.0016903330536278587 -0.22586848794072112
leaf_weight=24 28 29 26 455 60 277 32 29 134 40 38 31 28 24 22 37 180 26 31 91 26 40 29 42 21 22 28 36 35 20
leaf_count=24 28 29 26 455 60 277 32 29 134 40 38 31 28 24 22 37 180 26 31 91 26 40 29 42 21 22 28 36 35 20
internal_value=0.000264297 0.000365395 -0.00149339 0.000615658 4.34784e-05 0.000256461 -0.000513513 -0.00183516 -0.000609958 -0.00288785 -0.00550746 0.00040458 0.000845304 -0.00186486 -0.00482609 0.00152535 0.00154167 -0.000333333 -0.000731343 1.11759e-10 -0.00231646 -0.000714286 -0.00409091 0.00176471 -0.000809524 -0.00325 -0.00253846 0.00195604 0.00217647 -0.000272727
internal_weight=1941 1913 227 1686 1035 1006 666 273 241 107 67 393 362 74 46 651 288 108 201 170 79 105 55 340 63 48 65 546 510 55
internal_count=1941 1913 227 1686 1035 1006 666 273 241 107 67 393 362 74 46 651 288 108 201 170 79 105 55 340 63 48 65 546 510 55
is_linear=0
shrinkage=0.03


Tree=106
num_leaves=31
num_cat=0
split_feature=37 6 28 37 46 6 32 15 26 27 37 52 51 27 32 29 51 15 36 27 47 58 46 14 47 8 26 26 18 43
split_gain=1.49927 0.773851 1.69164 1.76726 4.14839 2.07728 2.11571 1.20819 0.988325 1.02083 0.773093 1.68741 1.66309 0.647954 1.62178 0.631327 0.623411 1.55631 0.934991 1.04041 0.884875 1.6129 0.484584 0.381143 0.376771 0.477215 0.665926 1.42492 0.47619 0.378025
threshold=1258.7312500000003 18.500000000000004 1007.5500000000001 110.75000000000001 24.950000000000003 20.500000000000004 486.48303570000002 61.500000000000007 4.4500000000000011 317.50000000000006 430.72857140000002 79.500000000000014 363.50000000000006 285.50000000000006 958.43928570000014 1.5000000000000002 162.00000000000003 74.500000000000014 623.52857140000003 318.50000000000006 8.5000000000000018 1006.6500000000002 24.150000000000002 28.350000000000005 55.500000000000007 2.5000000000000004 13.550000000000002 15.250000000000002 48.500000000000007 -59.005357145000012
decision_type=2 2 2 2 2 2 2 2 2 2 2 2 2 2 2 2 2 2 2 2 2 2 2 2 2 2 2 2 2 2
left_child=1 10 3 8 5 6 -5 -8 9 -3 11 15 -13 14 22 24 17 -10 19 20 21 -19 -7 -22 -1 29 -27 -28 -29 -26
right_child=-2 2 -4 4 -6 13 7 -9 16 -11 -12 12 -14 -15 -16 -17 -18 18 -20 -21 23 -23 -24 -25 25 26 27 28 -30 -31
leaf_value=0.00035882044761014354 -0.0097385182797055259 0.00035293765594927217 0.0003996609506904403 -6.7982813449141976e-05 -0.019796142706685838 -0.034052621186756733 -0.065112746615695341 -0.086300517071008193 -0.025886807274747698 -0.027816895079435421 1.9604022877234015 -0.38501854346861814 0.0065900635022361201 0.4696212703158627 -0.18137232494186939 -0.030224839382218999 0.01034203100904979 0.0026334149275139473 0.00088096028033059226 -0.016917471156539646 -0.022298972406897734 -0.0033730379229093294 0.0074174179920541792 0.010233886279553215 -0.0027626849068768233 0.0020971398957365874 -0.013964796823767132 -8.9857995761373995e-05 0.00031013781902098096 0.0004793113215247864
leaf_weight=131 28 24 344 36 21 35 20 26 23 24 239 21 23 83 32 21 83 31 135 21 27 31 52 85 35 44 37 21 35 173
leaf_count=131 28 24 344 36 21 35 20 26 23 24 239 21 23 83 32 21 83 31 135 21 27 31 52 85 35 44 37 21 35 173
internal_value=0.000248841 0.000349713 -0.000150927 -0.00091635 -0.00270492 -0.00175352 -0.00578049 -0.0100435 0.000210744 -0.003875 0.00107692 0.000449168 -0.00518182 -0.000118812 -0.00153781 0.000947686 0.000660551 0.000110482 0.000636364 -0.000692308 6.89656e-05 -0.00280645 0.000586207 0.00166071 0.00117227 0.000652174 -0.000722628 -0.00216129 0.000857143 0.00155769
internal_weight=1941 1913 1133 789 305 284 82 46 484 48 780 541 44 202 119 497 436 353 330 195 174 62 87 112 476 345 137 93 56 208
internal_count=1941 1913 1133 789 305 284 82 46 484 48 780 541 44 202 119 497 436 353 330 195 174 62 87 112 476 345 137 93 56 208
is_linear=0
shrinkage=0.03


Tree=107
num_leaves=31
num_cat=0
split_feature=10 35 58 41 58 58 3 49 56 20 57 57 10 20 26 48 27 26 44 2 18 19 12 6 3 57 58 31 6 44
split_gain=1.5276 2.14889 1.02153 1.23868 3.11068 0.959506 0.890286 0.886845 1.2962 1.35646 1.04929 4.46805 0.992224 1.192 0.875824 2.03402 0.728763 0.634071 0.999816 1.59006 0.561982 0.891094 0.774045 0.451766 0.435763 0.412049 1.38764 0.361765 0.331797 0.277082
threshold=-0.52778511650980109 336.55982145000002 1005.5500000000001 336.58613312049175 1006.6500000000002 1006.5500000000001 6365332.0000000009 2.5000000000000004 4.4500000000000011 34.500000000000007 252.50000000000003 245.50000000000003 0.95642797789208711 97.500000000000014 14.450000000000001 12.500000000000002 317.50000000000006 17.650000000000002 29.650000000000002 6267.6250000000009 6.5000000000000009 33.500000000000007 0.53946920585801694 22.500000000000004 6535062.3750000009 292.50000000000006 1004.5500000000001 830.63571430000013 30.500000000000004 30.650000000000002
decision_type=2 2 2 2 2 2 2 2 2 2 2 2 2 2 2 2 2 2 2 2 2 2 2 2 2 2 2 2 2 2
left_child=1 -1 20 5 6 17 -5 8 16 10 11 -10 29 24 28 23 -2 18 -4 -20 25 22 -22 -16 -14 -3 -27 -25 -12 -9
right_child=7 2 3 4 -6 -7 -8 12 9 -11 14 -13 13 -15 15 -17 -18 -19 19 -21 21 -23 -24 27 -26 26 -28 -29 -30 -31
leaf_value=-0.050616204218792142 -0.0055678701628816109 0.0028106923559298095 -0.0016552205989875646 0.004210533269429914 -0.15310442150331879 0.0019732994244997686 -0.015531412839105649 0.00040605337325442549 0.013494377288107278 -0.024648937544945803 0.00084672759544311053 -0.049970666855631653 0.0098403245165166082 -0.030591632690300071 -0.062909096124414185 -0.26108368710002378 -0.066227796342078815 0.0049821772834148558 -0.0095960919378803283 -0.098476122014869077 0.0016203658751250797 -0.24920683524644868 -0.065552759302648339 -0.02977682514047509 -0.00030496608609466611 0.011324179671788472 -0.057782950817267621 0.092388037132575235 -0.00024093508466377719 0.47120879867651816
leaf_weight=31 27 130 39 26 25 81 27 426 66 21 335 35 51 20 21 37 20 25 26 21 47 38 22 20 37 65 34 82 31 75
leaf_count=31 27 130 39 26 25 81 27 426 66 21 335 35 51 20 21 37 20 25 26 21 47 38 22 20 37 65 34 82 31 75
internal_value=0.000295209 -0.000908948 -0.000514851 -0.00188889 -0.00507692 -0.00059375 -0.000962264 0.000883436 0.000151079 0.0005 0.000751196 -0.0020495 0.00171921 -0.000888889 0.00128897 -0.0005625 -0.00465957 -0.00240541 -0.00362791 -0.00657447 0.000589286 -0.00120561 0.000826087 0.00129268 0.000613636 0.00142795 -3.03029e-05 0.00211765 0.00209836 0.00228144
internal_weight=1941 637 606 270 78 192 53 1304 695 648 627 101 609 108 526 160 47 111 86 47 336 107 69 123 88 229 99 102 366 501
internal_count=1941 637 606 270 78 192 53 1304 695 648 627 101 609 108 526 160 47 111 86 47 336 107 69 123 88 229 99 102 366 501
is_linear=0
shrinkage=0.03


Tree=108
num_leaves=31
num_cat=0
split_feature=49 50 58 37 16 37 46 57 57 10 41 10 20 58 2 3 17 26 36 47 16 37 3 6 3 41 14 10 19 3
split_gain=1.52741 8.04103 1.1497 2.38834 4.59612 1.82634 2.91163 1.37323 1.07913 0.849437 2.28506 0.915856 1.192 0.842689 0.694477 0.650656 0.599333 0.557874 0.824176 0.692308 0.515593 1.06167 0.435763 0.425676 0.400249 0.6294 0.782609 0.232727 0.199014 0.238095
threshold=2.5000000000000004 50.500000000000007 1007.4500000000002 123.93750000000001 24.950000000000003 754.72142855000004 23.250000000000004 330.50000000000006 303.50000000000006 -0.88144907265856332 265.40411646992749 0.95642797789208711 97.500000000000014 1005.5500000000001 8222.2857145000016 6353144.6160000013 9.5000000000000018 7.5500000000000007 679.66071430000011 39.500000000000007 23.650000000000002 751.50892855000018 6535062.3750000009 22.500000000000004 6281600.8570000008 88.589219561671158 32.150000000000013 0.91037613702198772 3.5000000000000004 6576492.3575000009
decision_type=2 2 2 2 2 2 2 2 2 2 2 2 2 2 2 2 2 2 2 2 2 2 2 2 2 2 2 2 2 2
left_child=1 2 3 7 5 6 -5 14 16 10 -2 24 22 -12 17 -15 -8 18 19 -1 21 -4 -13 -7 25 -11 -27 -22 29 -26
right_child=9 -3 20 4 -6 23 8 -9 -10 11 13 12 -14 15 -16 -17 -18 -19 -20 -21 27 -23 -24 -25 28 26 -28 -29 -30 -31
leaf_value=0.0014198511067934096 -0.35999877288293858 -0.08179775528961547 10.144380711590827 -0.15039609983297125 -0.038280242134279399 -0.019520770153495935 -0.053044200547450973 -0.022821681021868396 -0.065955495600384148 0.00011279689374021604 0.0033114760993568264 0.009545114781021111 -0.02967388370959112 0.0020778443961112151 -0.022377478027496445 -0.023944148944949083 0.004230922278879494 0.0024089557339981435 0.00069521913308893892 -0.023779299842689037 0.00092187677992306457 -0.231182355110267 -0.00029581710351187028 0.053266739073823587 -0.00095102911009387362 -0.075047638584063187 9.5790058815081149 0.052128867296933966 0.00062124029077535855 0.0044570115070344304
leaf_weight=26 34 28 26 21 30 37 38 28 23 38 112 51 20 25 22 36 33 230 39 26 220 24 37 63 28 23 23 25 555 20
leaf_count=26 34 28 26 21 30 37 38 28 23 38 112 51 20 25 22 36 33 230 39 26 220 24 37 63 28 23 23 25 555 20
internal_value=0.000418856 -0.000450479 3.6224e-05 -0.000701299 -0.003 -0.00146512 -0.00404348 0.000816712 -0.00178723 0.00123353 -0.000478261 0.00167925 -0.000888889 0.000919075 0.00133819 -0.00191803 4.22536e-05 0.00169159 -0.000296703 -0.00276923 0.00157627 -0.0012 0.000613636 0.0015 0.00208297 0.000142857 -0.00221739 0.00214286 0.00235323 0.0005
internal_weight=1941 939 911 616 245 215 115 371 94 1002 207 795 108 173 343 61 71 321 91 52 295 50 88 100 687 84 46 245 603 48
internal_count=1941 939 911 616 245 215 115 371 94 1002 207 795 108 173 343 61 71 321 91 52 295 50 88 100 687 84 46 245 603 48
is_linear=0
shrinkage=0.03


Tree=109
num_leaves=31
num_cat=0
split_feature=54 50 44 48 58 49 58 45 37 27 6 36 45 10 20 35 37 48 57 47 27 27 30 6 3 45 57 45 36 58
split_gain=1.6013 7.76342 1.90205 1.5115 0.812949 0.790061 1.19372 2.2574 1.79843 1.81436 1.9796 1.17089 2.15501 0.747521 1.192 0.837466 1.32338 0.641607 0.980324 0.546076 0.513809 0.607448 0.9 0.51226 0.435763 0.417854 0.323239 0.271879 1.27662 0.340974
threshold=589.20000000000016 41.500000000000007 31.650000000000002 10.500000000000002 1006.9500000000002 2.5000000000000004 1008.0500000000001 63.500000000000007 1001.6499999500001 299.50000000000006 18.500000000000004 685.33214285000008 83.500000000000014 0.95642797789208711 97.500000000000014 952.86875000000009 180.96428570000003 42.500000000000007 262.50000000000006 62.500000000000007 283.50000000000006 278.50000000000006 882.94642855000006 23.500000000000004 6535062.3750000009 56.500000000000007 310.50000000000006 74.500000000000014 12.312500000000002 1007.85
decision_type=2 2 2 2 2 2 2 2 2 2 2 2 2 2 2 2 2 2 2 2 2 2 2 2 2 2 2 2 2 2
left_child=5 2 -2 20 -5 6 7 -1 9 17 -11 12 -12 15 24 27 23 -9 19 -19 21 25 -23 -17 -15 -4 -13 28 29 -7
right_child=1 -3 3 4 -6 13 -8 8 -10 10 11 26 -14 14 -16 16 -18 18 -20 -21 -22 22 -24 -25 -26 -27 -28 -29 -30 -31
leaf_value=-0.18468393448800349 -0.21614643397811442 -0.15077024907813538 -0.026909998000112734 -0.025100186017143339 -0.32648084530930349 0.019082194660110553 0.0068689412870874362 0.0026062913837905264 -0.013612288346673811 -0.054605734471201442 0.0022797374381821642 -0.014670641794591033 -0.040101423143932884 0.0092587613375904772 -0.028783667198303373 0.0021656705293762036 -0.059937959050313509 -0.024211531790767453 0.0070687263741960171 0.0018911715787571994 4.630112034975455 -0.18485231803148602 0.26880623594387537 -0.012813659993128883 -0.0002869425904065831 0.022234099204466163 0.00020416632117269137 0.00046234064231056481 -0.08516560759296965 -0.017570766285952354
leaf_weight=24 28 20 26 29 20 116 124 231 29 22 39 20 27 51 20 74 36 31 42 23 126 20 20 21 37 55 51 539 20 20
leaf_count=24 28 20 26 29 20 116 124 231 29 22 39 20 27 51 20 74 36 31 42 23 126 20 20 21 37 55 51 539 20 20
internal_value=0.000496136 -0.00136046 -0.000240741 0.000466216 -0.00434694 0.000896055 0.000104073 -0.000506493 -8.73785e-05 0.000345679 -0.00228302 -0.000941606 -0.00381818 0.00145824 -0.000888889 0.00176513 -0.000435114 0.00162385 -0.0004375 -0.00311111 0.00142105 2.47935e-05 -0.003 0.00142105 0.000613636 0.00151852 0.00173239 0.00217986 0.00107692 0.00211765
internal_weight=1941 344 324 296 49 1597 663 539 515 486 159 137 66 934 108 826 131 327 96 54 247 121 40 95 88 81 71 695 156 136
internal_count=1941 344 324 296 49 1597 663 539 515 486 159 137 66 934 108 826 131 327 96 54 247 121 40 95 88 81 71 695 156 136
is_linear=0
shrinkage=0.03


Tree=110
num_leaves=31
num_cat=0
split_feature=49 20 46 8 16 44 44 44 56 48 4 30 32 27 17 40 57 56 36 30 19 20 49 6 32 36 28 46 2 6
split_gain=1.82296 7.49171 1.38293 2.80246 1.26727 2.90039 1.24117 2.26743 0.702451 0.855156 1.37282 0.662368 1.14502 0.643774 0.634921 0.633411 0.495456 0.486274 0.45025 0.488425 0.614766 1.52554 0.963333 0.537723 0.523732 0.64843 0.416256 1.11184 0.342857 0.448052
threshold=2.5000000000000004 39.500000000000007 23.050000000000004 2.5000000000000004 26.050000000000004 28.550000000000004 28.250000000000004 27.950000000000003 13.050000000000002 34.500000000000007 9.5000000000000018 859.97857140000008 987.0571428500001 299.50000000000006 8.5000000000000018 923.96092511666677 330.50000000000006 4.4500000000000011 404.08482145000005 594.59553570000014 50.500000000000007 99.500000000000014 72.000000000000014 17.500000000000004 460.41696430000007 276.00000000000006 1005.7500000000001 24.650000000000002 6461.7142855000011 25.500000000000004
decision_type=2 2 2 2 2 2 2 2 2 2 2 2 2 2 2 2 2 2 2 2 2 2 2 2 2 2 2 2 2 2
left_child=1 2 3 -1 6 17 7 -4 16 11 -11 12 13 28 -5 18 -8 -6 19 20 23 22 -22 -2 25 26 27 -25 29 -10
right_child=15 -3 4 14 5 -7 8 -9 9 10 -12 -13 -14 -15 -16 -17 -18 -19 -20 -21 21 -23 -24 24 -26 -27 -28 -29 -30 -31
leaf_value=-0.13261655991526955 0.0043739025019360759 -0.072989343612763102 0.0010122141770493528 8.186536227035127 -0.009796359407089528 -0.14548593422237419 0.0012983090117386145 -0.021850535150017 0.011074125530347095 0.010309522475977001 -0.050020825966180238 1.2274529428451688 -0.2828051784143113 -0.038460593168286011 -0.21303536982023205 -0.27709598410917097 -0.011127088979574238 0.00027451258095584455 0.00032159652991740678 3.0633976983366886 -0.39306444880395025 0.0027252523672422176 -0.00040954880579638283 0.0012143753046099186 -0.050705335511962289 -0.017685941980025006 0.0051965097747536772 -0.042054790100218918 0.0061171742080870358 -0.030358113799679939
leaf_weight=23 134 32 35 36 20 24 319 33 23 24 27 117 21 34 20 30 23 31 343 173 20 64 30 57 20 20 87 24 64 33
leaf_count=23 134 32 35 36 20 24 319 33 23 24 27 117 21 34 20 30 23 31 343 173 20 64 30 57 20 20 87 24 64 33
internal_value=0.0004034 -0.000546326 -4.29988e-05 -0.00383544 0.000318841 -0.0034 0.000689243 -0.00317647 0.00107299 0.000113703 -0.00347059 0.000739726 -0.000428571 0.000467533 -0.000214286 0.00129341 0.00203509 0.000647059 0.00142593 0.000949126 0.000434211 -0.00147368 -0.0054 0.00107018 0.000115385 0.000606383 0.00121429 -0.000333333 0.0015 -0.000214286
internal_weight=1941 939 907 79 828 75 753 68 685 343 51 292 175 154 56 1002 342 51 972 629 456 114 50 342 208 188 168 81 120 56
internal_count=1941 939 907 79 828 75 753 68 685 343 51 292 175 154 56 1002 342 51 972 629 456 114 50 342 208 188 168 81 120 56
is_linear=0
shrinkage=0.03


Tree=111
num_leaves=31
num_cat=0
split_feature=54 28 48 49 46 58 44 28 57 36 57 16 28 16 41 26 43 35 2 3 10 3 3 40 10 34 58 26 26 46
split_gain=2.27997 7.76056 1.06959 0.781438 1.34216 1.25508 0.989105 2.86777 1.07184 1.7568 1.30233 0.933357 0.73125 0.647301 0.925926 2.00454 0.656395 0.640603 0.729012 0.580335 0.514337 0.758002 0.75 0.54747 0.575231 0.709702 0.456282 0.414834 0.393984 0.338629
threshold=589.20000000000016 1003.6500000000002 10.500000000000002 3.5000000000000004 23.250000000000004 1007.5500000000001 28.250000000000004 1006.9500000000002 299.50000000000006 623.52857140000003 307.50000000000006 25.450000000000003 1006.2500000000001 23.750000000000004 352.76148834985395 17.150000000000002 49.03750000000003 1150.1142860000002 8133.0803570000007 7130318.0625000009 0.95642797789208711 6535062.3750000009 7008492.3750000009 889.23813245625013 -0.95642797789208689 623.15000000000009 1006.0500000000001 4.2500000000000009 3.1500000000000008 25.450000000000003
decision_type=2 2 2 2 2 2 2 2 2 2 2 2 2 2 2 2 2 2 2 2 2 2 2 2 2 2 2 2 2 2
left_child=3 -2 13 4 -1 6 7 19 17 10 -10 -12 -4 14 15 -3 -17 18 -8 -6 23 -22 -23 24 25 -5 -15 28 -26 -30
right_child=1 2 12 20 5 -7 8 -9 9 -11 11 -13 -14 26 -16 16 -18 -19 -20 -21 21 22 -24 -25 27 -27 -28 -29 29 -31
leaf_value=-0.20629185185158722 -0.067357426962040903 -0.12019437874405986 -0.022709661552687502 -0.0095851872402195181 0.0007986938592897026 0.000908543955010647 0.0017636337275466689 -0.011904811008081119 -0.070689741319339999 0.0012615038214411351 0.0039818827359034258 -0.017019699762836935 -0.3089596055770189 -0.04273801860177126 10.614742271233785 0.021874162134033849 -0.47727600753815336 -0.027254720243613539 -0.019257624289511062 -0.019599728774853047 0.0028928062490604857 -0.024612594544743353 0.0011155746201050312 -0.10251047687581773 8.5893917180398713e-05 0.0042551891156691387 3.8222985442484654 0.00075075635087027185 -0.037840773242762887 3.7063641111730857e-05
leaf_weight=20 24 22 32 37 50 199 222 27 28 41 28 27 20 38 36 63 23 23 33 21 55 24 24 28 27 68 86 569 20 26
leaf_count=20 24 22 32 37 50 199 222 27 28 41 28 27 20 38 36 63 23 23 33 21 55 24 24 28 27 68 86 569 20 26
internal_value=0.000418856 -0.00179651 -0.0005625 0.000896055 0.000162726 0.000381974 -0.00042 -0.00312245 0.000238806 -0.00208065 -0.00459036 -0.00190909 -0.0045 0.000201493 -0.00116667 -0.00255556 -0.000488372 0.00127338 0.00170588 4.22536e-05 0.00149658 -0.000495146 -0.00325 0.00176129 0.00191566 -0.000142857 0.00179032 0.00225234 0.000123288 -0.00156522
internal_weight=1941 344 320 1597 719 699 500 98 402 124 83 55 52 268 144 108 86 278 255 71 878 103 48 775 747 105 124 642 73 46
internal_count=1941 344 320 1597 719 699 500 98 402 124 83 55 52 268 144 108 86 278 255 71 878 103 48 775 747 105 124 642 73 46
is_linear=0
shrinkage=0.03


Tree=112
num_leaves=31
num_cat=0
split_feature=54 28 8 9 28 19 46 26 57 57 9 36 3 40 40 35 4 16 46 35 17 40 10 47 44 31 1 10 47 57
split_gain=2.32336 5.65138 1.97724 3.44233 2.94041 0.796404 1.36513 1.40148 1.64474 3.61 1.40655 0.935908 0.838903 0.671967 0.88462 0.66037 0.563745 1.07332 0.650683 0.49852 0.576253 0.403048 0.406349 0.32763 0.399796 0.32704 0.625199 0.326996 0.896104 0.317366
threshold=589.20000000000016 1003.6500000000002 2.5000000000000004 147.50000000000003 1005.5500000000001 2.5000000000000004 23.250000000000004 6.3500000000000005 262.50000000000006 62.500000000000007 138.50000000000003 679.66071430000011 7683977.642500001 793.89713541250001 877.42354912291682 1211.8696430000002 18.500000000000004 25.050000000000004 23.650000000000002 630.78839285000015 3.5000000000000004 861.35115326458333 0.77259657388510639 71.500000000000014 28.450000000000003 870.77857140000015 4693.3928570000007 0.95642797789208711 98.500000000000014 322.50000000000006
decision_type=2 2 2 2 2 2 2 2 2 2 2 2 2 2 2 2 2 2 2 2 2 2 2 2 2 2 2 2 2 2
left_child=5 -2 3 4 -3 6 -1 8 9 -8 -9 -10 15 -4 -15 21 18 -18 -12 -19 -21 22 -7 -24 27 26 -16 -25 -29 -20
right_child=1 2 13 -5 -6 12 7 10 11 -11 16 -13 -14 14 25 -17 17 19 29 20 -22 -23 23 24 -26 -27 -28 28 -30 -31
leaf_value=-0.20010309629603959 -0.065336704153179687 -0.37131418646632774 7.6005342612347464 -0.25765331695700189 0.16858472932129279 0.00051980193240867129 0.0028595161642728148 -0.049550122550864988 -0.021855720171478084 -0.039205719749573743 -0.019947282461434537 0.001753309188326371 -0.0085508201727244725 -0.18710003799676944 0.023966626592968547 -0.017789048327746023 -0.016029458594991948 0.001672354913894706 0.0014326738489051196 0.0021347671251090712 -0.078065832678506655 -0.13924869005749127 0.0023115410105176261 0.0025140497012018821 -0.0047304446407856957 0.027003457895081427 -0.26108493278238276 0.0031789746786173496 -0.02589595442112784 -0.009703345093014298
leaf_weight=20 24 20 103 28 53 630 25 23 31 20 28 45 20 24 24 33 23 55 326 27 24 35 85 52 29 35 33 23 21 22
leaf_count=20 24 20 103 28 53 630 25 23 31 20 28 45 20 24 24 33 23 55 326 27 24 35 85 52 29 35 33 23 21 22
internal_value=0.000527048 -0.0017093 -0.00065625 -0.00412871 -0.00069863 0.00100877 0.000219731 0.000457627 -0.00245455 -0.007 0.001125 0.000236842 0.00157759 0.000945206 -0.00062069 0.00171145 0.00145545 -0.000255814 0.00204255 0.00101887 -0.00111765 0.00186857 0.002 0.000857143 -0.00012 0.000717391 -0.00068421 0.0008125 -0.00109091 0.00239655
internal_weight=1941 344 320 101 73 1597 669 649 121 45 528 76 928 219 116 908 505 129 376 106 51 875 840 210 125 92 57 96 44 348
internal_count=1941 344 320 101 73 1597 669 649 121 45 528 76 928 219 116 908 505 129 376 106 51 875 840 210 125 92 57 96 44 348
is_linear=0
shrinkage=0.03


Tree=113
num_leaves=31
num_cat=0
split_feature=54 28 53 8 8 6 49 46 9 56 27 45 36 45 18 35 28 35 58 3 35 6 45 29 50 35 38 35 23 5
split_gain=2.80476 5.51185 2.17501 1.37403 0.998624 2.57302 0.868425 1.40127 1.0973 1.00599 1.6843 1.83995 1.25505 1.72323 0.619147 0.656318 0.860114 0.587551 0.835059 0.473391 0.442001 0.427105 0.390016 0.298854 1.11025 0.284245 0.279496 0.270035 0.27 0.190312
threshold=589.20000000000016 1003.6500000000002 193.50000000000003 3.5000000000000004 2.5000000000000004 26.500000000000004 3.5000000000000004 23.250000000000004 138.50000000000003 7.2000000000000002 246.50000000000003 86.500000000000014 679.66071430000011 85.500000000000014 70.000000000000014 737.0875000000002 1007.0500000000001 465.17500000000001 1005.7500000000001 7673880.6430000011 848.99285715000008 30.500000000000004 62.500000000000007 0.75000000000000011 50.500000000000007 874.45000000000016 104.48013392375002 1238.6660715000003 173.50000000000003 1.0000000180025095e-35
decision_type=2 2 2 2 2 2 2 2 2 2 2 2 2 2 2 2 2 2 2 2 2 2 2 2 2 2 2 2 2 2
left_child=6 -2 4 -4 5 28 7 -1 -9 10 11 -10 13 -12 15 21 20 -6 25 23 -17 22 -11 27 -25 -19 -26 29 -3 -8
right_child=1 2 3 -5 17 -7 19 8 9 14 12 -13 -14 -15 -16 16 -18 18 -20 -21 -22 -23 -24 24 26 -27 -28 -29 -30 -31
leaf_value=-0.19410000340715858 -0.063376603028584291 2.9019334079338814 -0.38282528932866178 6.7168070626699423 3.3542298254826108 -0.1171088566961338 0.00049763572282315199 -0.047920689022767401 -0.026608593049357202 -0.03325793706013426 0.027530406327158544 0.0017194054121569711 0.00077987973829298938 -0.060899921483227856 -0.015109590879358389 -0.018691050587918402 -0.14926987075389103 0.21484811799655221 -0.26936424666208558 -0.0079861608160101388 0.0021290998222189099 -0.00047158691075658486 0.0019532406712978014 -0.25257346385254759 0.00020856057372953667 -0.0038695304689438572 1.802669365228152 -0.010346379324970182 -0.022155390300452982 0.00054001969047857729
leaf_weight=20 24 30 35 20 101 24 178 24 21 20 25 20 84 21 24 20 20 38 21 21 66 28 326 20 36 31 61 21 20 541
leaf_count=20 24 30 35 20 101 24 178 24 21 20 25 20 84 21 24 20 20 38 21 21 66 28 326 20 36 31 61 21 20 541
internal_value=0.000573416 -0.00188372 -0.00084375 -0.00627273 0.000283019 -0.00267568 0.00110269 0.000329625 0.000553648 0.000777778 -0.00121053 -0.00651219 0.000461539 -0.00352174 0.00145238 0.0016875 -0.000396226 0.00142932 -0.000333333 0.00173576 0.000906977 0.00227807 0.00256647 0.00184481 0.000435898 0.00126087 0.00176289 0.00206757 0.0012 0.00216551
internal_weight=1941 344 320 55 265 74 1597 719 699 675 171 41 130 46 504 480 106 191 90 878 86 374 346 857 117 69 97 740 50 719
internal_count=1941 344 320 55 265 74 1597 719 699 675 171 41 130 46 504 480 106 191 90 878 86 374 346 857 117 69 97 740 50 719
is_linear=0
shrinkage=0.03


Tree=114
num_leaves=31
num_cat=0
split_feature=52 8 46 37 39 58 51 37 35 26 44 3 9 41 35 3 56 18 35 41 58 41 10 51 26 27 49 56 19 35
split_gain=2.94835 6.30329 5.35031 4.59454 3.57143 2.48506 2.11541 0.838374 0.746124 1.20511 0.712719 0.668881 0.707779 1.1402 0.532068 1.13838 0.530299 1.55811 0.394251 0.992394 0.507246 0.40844 0.381273 0.531487 0.551822 0.39585 0.473912 0.361954 0.287946 0.17582
threshold=316.00000000000006 3.5000000000000004 23.850000000000005 167.00000000000003 818.45323660625002 1006.4500000000002 735.50000000000011 1069.7642860000003 455.33571430000006 17.750000000000004 32.050000000000004 7699074.5355000012 137.50000000000003 88.589219561671158 1211.8696430000002 6582678.2855000012 4.3500000000000005 28.500000000000004 710.55000000000007 257.73863465230119 1007.1500000000002 411.99212222452257 0.72947329433276253 4.5000000000000009 6.7000000000000002 322.50000000000006 40.500000000000007 4.0500000000000007 8.5000000000000018 824.84375000000011
decision_type=2 2 2 2 2 2 2 2 2 2 2 2 2 2 2 2 2 2 2 2 2 2 2 2 2 2 2 2 2 2
left_child=7 2 3 -2 6 -6 -5 11 -3 -10 -4 12 13 -1 16 -16 17 27 22 -20 21 29 -18 24 -24 26 -26 -14 -11 -21
right_child=1 8 10 4 5 -7 -8 -9 9 28 -12 -13 14 -15 15 -17 18 -19 19 20 -22 -23 23 -25 25 -27 -28 -29 -30 -31
leaf_value=0.0038559679024912242 4.9728783999803543 8.7773503346857815 -0.20528532079292033 -0.070603763402459524 -0.045559322870018598 -0.22261702482305079 -0.0026221865689127306 -0.0097323804247379311 -0.26996761861352486 2.0795788767023287 2.7153678886185815 -0.0083628454948138625 0.00085427215394840057 -0.20088553172722465 0.0049339334110957639 -0.022020222424539319 0.0006073048738943406 -0.059697517838106909 -0.12460791662497095 0.00054660158210056455 -0.13409085261973586 -0.0038150889466796543 -0.016551121168907099 0.010952196925229246 0.0033770257560541404 -0.010923233949072337 -0.0015994036595879701 -0.00497537761968207 -0.47046624557289413 0.0031896944956055456
leaf_weight=27 24 154 24 25 33 23 31 39 22 43 52 29 85 37 23 22 572 35 35 40 20 27 26 174 84 20 23 28 21 143
leaf_count=27 24 154 24 25 33 23 31 39 22 43 52 29 85 37 23 22 572 35 35 40 20 27 26 174 84 20 23 28 21 143
internal_value=0.000542504 -0.00157965 -0.00534906 -0.00891176 -0.0114643 -0.0168214 -0.00610714 0.0011867 0.00175 -0.000488372 0.00102632 0.00130345 0.0013955 -0.0016875 0.0015409 -0.00166667 0.00165091 -4.05404e-05 0.00186598 0.000849057 0.00156522 0.002 0.00216574 0.00134862 5.88236e-05 0.000874016 0.00159813 0.00167257 0.00159375 0.0025082
internal_weight=1941 452 212 136 112 56 56 1489 240 86 76 1450 1421 64 1357 45 1312 148 1164 265 230 210 899 327 153 127 107 113 64 183
internal_count=1941 452 212 136 112 56 56 1489 240 86 76 1450 1421 64 1357 45 1312 148 1164 265 230 210 899 327 153 127 107 113 64 183
is_linear=0
shrinkage=0.03


Tree=115
num_leaves=31
num_cat=0
split_feature=54 17 8 6 11 58 49 46 12 56 37 36 2 44 35 36 34 42 35 26 40 10 3 16 10 19 6 48 56 24
split_gain=3.75031 6.73354 2.71696 5.42732 4.33333 2.1149 0.746426 1.40127 1.0973 0.836292 1.5965 1.47046 1.45124 0.799526 0.681757 1.29297 0.667746 1.22736 0.642857 1.40192 0.51171 0.504665 0.694208 0.601186 0.486593 0.591737 0.371867 0.382324 0.361859 0.315638
threshold=589.20000000000016 51.500000000000007 3.5000000000000004 26.500000000000004 -0.88144907265856332 1005.35 3.5000000000000004 23.250000000000004 0.68821212559966971 7.2000000000000002 674.48214285000006 679.66071430000011 22.535714285000001 28.150000000000002 630.78839285000015 737.0875000000002 503.98750000000007 -19.441071429999997 455.33571430000006 17.750000000000004 889.23813245625013 0.95642797789208711 6540258.3215000005 25.150000000000002 -0.95642797789208689 48.500000000000007 30.500000000000004 68.000000000000014 15.250000000000002 279.35000000000008
decision_type=2 2 2 2 2 2 2 2 2 2 2 2 2 2 2 2 2 2 2 2 2 2 2 2 2 2 2 2 2 2
left_child=6 2 3 5 -5 -2 7 -1 9 10 11 12 13 -9 26 16 -16 -18 -4 -20 21 24 -23 -24 25 29 27 28 -11 -8
right_child=1 -3 18 4 -6 -7 20 8 -10 14 -12 -13 -14 -15 15 -17 17 -19 19 -21 -22 22 23 -25 -26 -27 -28 -29 -30 -31
leaf_value=-0.18205453221539913 -0.044544563424744943 -0.20804391724146734 7.2739789600034443 -0.27973013701904992 -0.0044740151070184336 0.17847968320394447 0.005119374781244075 -0.017582125381622619 -0.040456502400267637 0.0019937471805707993 -0.010589237357692556 0.00073848649939149409 0.65254241617520747 -0.069697157679067839 0.0032366965887697754 -0.081080434183878961 0.0034095172509109729 -0.035552720404075755 -0.26787643989932369 1.1655214234388496 -0.082248034868589739 0.0023353720806819217 -0.025846361230154168 0.010552605041158588 0.0006354189275319215 -0.0084153202929280902 -0.00039492710715926177 -2.1862051124638125e-05 -0.02580217135647897 -0.0069888062581668865
leaf_weight=20 32 25 96 27 25 67 44 31 24 294 20 75 25 20 58 20 31 20 20 52 28 58 22 23 642 20 28 31 22 41
leaf_count=20 32 25 96 27 25 67 44 31 24 294 20 75 25 20 58 20 31 20 20 52 28 58 22 23 642 20 28 31 22 41
internal_value=0.000434312 -0.00240698 -0.00123197 -0.00415232 -0.012 -3.03029e-05 0.00104634 0.000329625 0.000553648 0.000777778 -0.00103509 1.98677e-05 -0.00292105 -0.00582353 0.00139286 -0.000488372 0.000798165 -0.00170588 0.00139286 -0.00075 0.00163326 0.00176471 -0.000203883 -0.003 0.00203614 0.000142857 0.00204 0.00230836 0.00262025 0.00123529
internal_weight=1941 344 319 151 52 99 1597 719 699 675 171 151 76 51 504 129 109 51 168 72 878 850 103 45 747 105 375 347 316 85
internal_count=1941 344 319 151 52 99 1597 719 699 675 171 151 76 51 504 129 109 51 168 72 878 850 103 45 747 105 375 347 316 85
is_linear=0
shrinkage=0.03


Tree=116
num_leaves=31
num_cat=0
split_feature=54 17 8 6 53 6 15 49 28 45 37 27 36 36 57 28 35 27 47 4 56 29 28 36 19 45 37 53 37 27
split_gain=3.26582 5.84385 1.86319 4.68318 3.70879 1.4961 1.02904 0.708826 1.08708 1.90462 1.38829 1.70416 1.51033 1.92063 1.34127 0.916667 0.542802 0.500533 0.834551 0.586081 0.356426 1.12422 0.345292 0.545659 1.54739 0.300435 1.27826 0.29179 0.98256 0.274302
threshold=589.20000000000016 51.500000000000007 3.5000000000000004 26.500000000000004 181.00000000000003 20.500000000000004 62.500000000000007 2.5000000000000004 1008.0500000000001 63.500000000000007 1001.6499999500001 299.50000000000006 685.33214285000008 391.88125000000008 307.50000000000006 1007.0500000000001 1211.8696430000002 262.50000000000006 33.500000000000007 4.5000000000000009 18.850000000000005 1.2500000000000002 1005.6500000000002 804.31339285000013 29.500000000000004 72.500000000000014 248.08303570000001 115.50000000000001 267.70982145000011 281.50000000000006
decision_type=2 2 2 2 2 2 2 2 2 2 2 2 2 2 2 2 2 2 2 2 2 2 2 2 2 2 2 2 2 2
left_child=7 2 3 5 -5 -2 29 8 9 -1 11 17 13 14 -13 -14 20 18 -11 -20 21 22 23 27 -25 26 -24 28 -9 -4
right_child=1 -3 6 4 -6 -7 -8 16 -10 10 -12 12 15 -15 -16 -17 -18 -19 19 -21 -22 -23 25 24 -26 -27 -28 -29 -30 -31
leaf_value=-0.11049842365900477 -0.042152165799521878 -0.20180259972422329 0.28116173701734298 -0.0070209675519306795 -0.2767504705990062 2.1024257763379408 -0.17212059307016808 0.000505519253185969 0.018389134381403285 0.0012327038452909851 -0.010289431196281546 -0.039671596882974516 0.00062364755386464085 -0.056754534591064533 0.0051485540320480314 -0.012572496492904218 -0.0083967228405379558 0.0054767100173478767 0.0039862125920168768 -0.04231362754388749 0.0010081250080901988 -0.085378167608163733 -0.20082015954596766 -6.703431285869534e-05 0.00030949339604072055 0.00073298409902044571 10.727727431027414 2.5281494545641028 -0.058460771685886995 5.1664691324738214
leaf_weight=27 35 25 41 28 24 64 30 167 125 112 29 21 55 21 42 20 35 146 30 35 150 28 20 22 25 342 49 74 22 97
leaf_count=27 35 25 41 28 24 64 30 167 125 112 29 21 55 21 42 20 35 146 30 35 150 28 20 22 25 342 49 74 22 97
internal_value=0.000418856 -0.00223256 -0.00113793 -0.00355629 -0.0108462 0.000272727 0.00103571 0.000989981 0.000239819 -0.000345725 6.45794e-05 0.000448133 -0.00209434 -0.00485714 -0.0022381 0.001 0.00152248 0.00169969 0.000627119 -0.00207692 0.00166518 0.00139786 0.00162691 0.000870968 -0.00210638 0.00219708 0.000391304 0.00140304 0.000777778 0.00213043
internal_weight=1941 344 319 151 52 99 168 1597 663 538 511 482 159 84 63 75 934 323 177 65 899 749 721 310 47 411 69 263 189 138
internal_count=1941 344 319 151 52 99 168 1597 663 538 511 482 159 84 63 75 934 323 177 65 899 749 721 310 47 411 69 263 189 138
is_linear=0
shrinkage=0.03


Tree=117
num_leaves=31
num_cat=0
split_feature=54 17 44 6 53 17 20 47 56 16 17 11 35 37 28 27 34 37 27 6 32 35 3 40 19 16 24 45 57 26
split_gain=3.34241 4.88285 3.11612 2.03577 5.36904 0.79272 0.789234 1.16513 1.20879 1.11804 0.839832 0.692063 0.617769 1.38952 0.922256 0.895105 1.48567 0.849442 0.545455 0.33997 0.69076 0.283654 0.254736 0.276006 0.263654 0.23661 0.185962 0.351789 0.262548 0.150113
threshold=589.20000000000016 51.500000000000007 31.650000000000002 26.500000000000004 181.00000000000003 1.0000000180025095e-35 17.500000000000004 85.500000000000014 4.3500000000000005 23.250000000000004 27.500000000000004 -0.81241147629688992 737.0875000000002 75.516071430000011 1007.4500000000002 276.50000000000006 728.71875000000011 1069.7642860000003 305.50000000000006 22.500000000000004 1117.3642855000003 805.65625000000011 7367687.5000000009 854.74579614791685 1.5000000000000002 23.750000000000004 319.05000000000007 73.500000000000014 330.50000000000006 6.4500000000000011
decision_type=2 2 2 2 2 2 2 2 2 2 2 2 2 2 2 2 2 2 2 2 2 2 2 2 2 2 2 2 2 2
left_child=6 2 -2 19 5 11 7 8 10 -10 18 -5 17 14 21 -15 -17 25 -1 20 -4 -14 23 24 -8 -11 27 -27 29 -29
right_child=1 -3 3 4 -6 -7 22 -9 9 12 -12 -13 13 15 -16 16 -18 -19 -20 -21 -22 -23 -24 -25 -26 26 -28 28 -30 -31
leaf_value=0.0064751520707153881 -0.075171883336820441 -0.1957485217324966 0.026780659782915186 0.039224897526711516 -0.2508169232015971 0.040909194814272083 -0.010578062668162726 -0.14841640977945533 -0.17327794353916676 -0.01759210502805934 -0.097507356550976865 -0.10810741993978353 -0.001922911047291822 0.00062985128021613617 -0.14250386197886733 -0.038195589273342004 -0.015781461373016784 -0.007950070303643697 -0.0013574597574765176 4.5076414863840393 -0.060256210866533828 0.0025586601255974221 -0.0069913291606414785 -0.014598495484802285 0.00075823169549844686 -0.010953340216362935 3.1471176498312405 0.00023680733890077573 -0.00034973264338913245 0.00088505409048240989
leaf_weight=25 25 25 58 20 32 49 23 23 20 34 36 23 26 36 20 23 29 36 30 92 20 118 21 21 480 37 140 76 34 309
leaf_count=25 25 25 58 20 32 49 23 23 20 34 36 23 26 36 20 23 29 36 30 92 20 118 21 21 480 37 140 76 34 309
internal_value=0.000449768 -0.00223256 -0.00123197 -0.000367347 -0.00329032 0.000391304 0.00102755 0.000547529 0.000696793 0.00101706 -0.0026044 -0.0025814 0.00116993 -9.5238e-05 0.00153659 -0.00313636 -0.00565385 0.00164865 -0.000272727 0.00176471 0.000307692 0.002375 0.00195413 0.00208397 0.00222465 0.00190476 0.00204362 0.00175 0.00199761 0.00222078
internal_weight=1941 344 319 294 124 92 1597 1052 1029 938 91 43 918 252 164 88 52 666 55 170 78 144 545 524 503 630 596 456 419 385
internal_count=1941 344 319 294 124 92 1597 1052 1029 938 91 43 918 252 164 88 52 666 55 170 78 144 545 524 503 630 596 456 419 385
is_linear=0
shrinkage=0.03


Tree=118
num_leaves=31
num_cat=0
split_feature=24 28 8 6 11 6 23 10 10 34 37 37 41 2 49 57 56 43 10 8 36 46 10 46 3 17 40 57 46 9
split_gain=2.98348 3.93081 2.18503 3.81191 4.87279 2.811 1.84029 1.21212 0.921793 1.20206 1.27811 0.844309 2.43 0.818128 1.06843 0.739117 0.718803 0.688923 0.408826 0.548637 0.395933 0.363777 0.330841 0.761905 0.329221 0.2849 0.274276 0.603175 0.25876 0.232611
threshold=478.00000000000006 1003.6500000000002 3.5000000000000004 26.500000000000004 -0.88144907265856332 20.500000000000004 142.50000000000003 1.0000000180025095e-35 -0.95642797789208689 658.6196428500001 55.597916665000007 989.91250000000014 234.85851218711937 8133.0803570000007 2.5000000000000004 330.50000000000006 4.6500000000000012 -281.48571429999998 0.93540483100319627 1.0000000180025095e-35 317.07857140000004 24.650000000000002 -0.88144907265856332 24.850000000000005 6438395.6430000011 50.500000000000007 799.4922246875002 281.50000000000006 25.150000000000002 137.50000000000003
decision_type=2 2 2 2 2 2 2 2 2 2 2 2 2 2 2 2 2 2 2 2 2 2 2 2 2 2 2 2 2 2
left_child=8 -2 3 5 -5 7 17 -3 9 10 24 13 -13 15 -15 18 -17 -4 22 -20 -21 -11 23 -10 -1 -18 -8 -28 -16 -24
right_child=1 2 6 4 -6 -7 26 -9 11 21 -12 12 -14 14 28 16 25 -19 19 20 -22 -23 29 -25 -26 -27 27 -29 -30 -31
leaf_value=0.00119432855068676 -0.065156609071588198 -0.32915537134543194 0.00016601803071262465 -0.26877940920022841 -0.0010191489895097193 1.8961965922665214 9.0960034132719265 -0.026555083321504382 0.0052918635219526772 0.015044255142809961 -0.049166314034680282 -0.012259134494329716 0.0076455388656926342 -0.011961052205344345 -0.00024024488128260971 -0.086977507270122476 -0.00071935359190386072 -0.12824740028391901 -0.033550376030756543 0.0039851643085286898 -0.004337080981976848 -0.013875143030202595 0.0034798412161614559 -0.1407573245747327 -0.0061115900980417484 0.0058100843151192554 -0.2567033755201758 3.9906410534215948 0.00063326605568170605 0.00061176065432109311
leaf_weight=20 33 20 23 30 34 92 141 24 36 47 20 20 30 31 21 20 27 21 30 136 33 38 44 27 22 25 25 38 32 801
leaf_count=20 33 20 23 30 34 92 141 24 36 47 20 20 30 31 21 20 27 21 30 136 33 38 44 27 22 25 25 38 32 801
internal_value=0.000496136 -0.00155301 -0.000816964 -0.00315 -0.0091875 -0.000308823 0.00106452 -0.00654545 0.00117123 -0.00108163 -0.00425806 0.00142346 -0.0024 0.00157482 -0.00128571 0.00177863 -0.00116667 -0.0045 0.00197019 0.000738694 0.00140237 0.00123529 0.00224009 0.000142857 -0.00128571 0.000692308 0.00226471 0.000619048 0.00130189 0.00239645
internal_weight=1941 481 448 200 64 136 248 44 1460 147 62 1313 50 1263 84 1179 72 44 1107 199 169 85 908 63 42 52 204 63 53 845
internal_count=1941 481 448 200 64 136 248 44 1460 147 62 1313 50 1263 84 1179 72 44 1107 199 169 85 908 63 42 52 204 63 53 845
is_linear=0
shrinkage=0.03


Tree=119
num_leaves=31
num_cat=0
split_feature=54 8 58 12 11 2 23 35 58 47 48 34 58 26 20 40 16 48 10 57 26 2 12 52 8 3 44 44 5 35
split_gain=3.50426 3.96735 4.09535 4.41394 4.303 2.03125 1.85969 1.6673 1.52637 0.904275 0.871256 0.705323 1.40409 0.9 0.61289 0.543818 0.538791 0.654987 0.483725 0.585483 0.616315 0.545936 0.36686 0.402548 0.354098 0.353956 0.353789 0.643887 0.330179 0.318878
threshold=478.00000000000006 3.5000000000000004 1004.5500000000001 0.56811179347017271 -0.88144907265856332 6634.7500000000009 142.50000000000003 966.0875000000002 1005.7500000000001 20.500000000000004 17.500000000000004 503.98750000000007 1005.0500000000001 15.250000000000002 1.0000000180025095e-35 861.35115326458333 26.050000000000004 10.500000000000002 0.72947329433276253 330.50000000000006 12.450000000000001 8179.0000000000009 0.70058932884324621 296.50000000000006 1.0000000180025095e-35 6540258.3215000005 28.350000000000005 28.050000000000004 1.0000000180025095e-35 455.33571430000006
decision_type=2 2 2 2 2 2 2 2 2 2 2 2 2 2 2 2 2 2 2 2 2 2 2 2 2 2 2 2 2 2
left_child=9 2 5 4 -4 -2 7 -3 -5 10 11 14 -13 -14 16 18 17 -1 21 24 -21 22 23 -11 25 -20 27 28 -26 -8
right_child=1 6 3 8 -6 -7 29 -9 -10 15 -12 12 13 -15 -16 -17 -18 -19 19 20 -22 -23 -24 -25 26 -27 -28 -29 -30 -31
leaf_value=0.0023057294344510514 -0.078479347750130046 -0.12439997811651898 -0.26071602692422158 -0.12443996753361254 -0.00098857451982442774 -0.049381741968643422 8.7872144630152693 0.032132623891743421 1.277182554485893 0.00059340783469146038 -0.011589873043701269 0.002294200204043318 -0.095180253623722927 -0.0068194134596451603 -0.032083865991739985 -0.1982811574866605 -1.6398939423396188e-05 -0.0079336585094355733 0.00084740456740526866 -0.053107698071176754 0.00149785167427187 -0.0066324344912644124 -0.10726125974032541 -0.025543657864579784 -0.0016543086428310763 -0.016319689761092264 0.0045890535831964964 -0.015831969478691043 0.0030640544842988841 0.25497271765413387
leaf_weight=166 32 31 30 25 34 20 140 25 88 542 36 36 20 20 23 27 39 32 32 25 21 34 34 20 28 22 175 28 100 56
leaf_count=166 32 31 30 25 34 20 140 25 88 542 36 36 20 20 23 27 39 32 32 25 21 34 34 20 28 22 175 28 100 56
internal_value=0.00048068 -0.00174012 -0.00459825 -0.00242373 -0.00871875 -0.012 0.000857143 -0.00396429 0.00114159 0.00121233 -6.4516e-05 0.000410714 -0.00213158 -0.006 0.00115385 0.0016489 0.0016076 0.00224242 0.00175589 0.000981439 -0.00221739 0.00228571 0.00249664 0.00267972 0.00136364 -0.000888889 0.00173112 0.000692308 0.00159375 0.00223469
internal_weight=1941 481 229 177 64 52 252 56 113 1460 372 336 76 40 260 1088 237 198 1061 431 46 630 596 562 385 54 331 156 128 196
internal_count=1941 481 229 177 64 52 252 56 113 1460 372 336 76 40 260 1088 237 198 1061 431 46 630 596 562 385 54 331 156 128 196
is_linear=0
shrinkage=0.03


Tree=120
num_leaves=31
num_cat=0
split_feature=24 20 21 46 18 14 46 17 37 21 27 38 10 37 26 1 1 9 49 40 3 20 19 46 57 16 56 57 35 11
split_gain=3.91319 3.52046 3.12977 2.03184 4.56432 1.05927 1.75104 1.00475 1.68245 0.665471 0.66527 1.07715 0.807466 0.823129 0.64602 1.01833 1.77986 0.951252 0.60307 0.531453 0.431702 0.457917 0.676232 0.527878 0.350427 0.523143 0.45447 0.33929 0.985237 0.302459
threshold=522.95000000000016 39.500000000000007 368.50000000000006 23.150000000000002 8.5000000000000018 31.650000000000002 23.850000000000005 20.500000000000004 958.43928570000014 931.50000000000011 299.50000000000006 63.538169642500002 -0.98611507088852035 64.175000000000011 17.650000000000002 9757.3839285000013 6675.8571430000011 147.50000000000003 2.5000000000000004 861.35115326458333 7699074.5355000012 1.0000000180025095e-35 45.500000000000007 23.750000000000004 262.50000000000006 24.850000000000005 3.6500000000000008 268.50000000000006 794.49553570000012 0.065403129230142756
decision_type=2 2 2 2 2 2 2 2 2 2 2 2 2 2 2 2 2 2 2 2 2 2 2 2 2 2 2 2 2 2
left_child=7 2 -2 4 9 6 -5 8 10 -4 12 18 13 -1 15 16 -7 -18 -12 20 21 22 23 -9 25 -25 -26 28 -14 -27
right_child=1 -3 3 5 -6 14 -8 19 -10 -11 11 -13 27 -15 -16 -17 17 -19 -20 -21 -22 -23 -24 24 26 29 -28 -29 -30 -31
leaf_value=0.0017106864030574142 -0.076526150939626378 -0.19923155842196338 6.7682058390483455 -0.35517808398502521 -0.14194103216963858 0.029043102992007627 0.0017660953129678722 -0.036349316019589545 -0.0084763558111529136 -0.065650637967234957 -0.031121349837090844 0.02148855415910025 0.0014469360950433857 -0.044793631915064892 1.8643236379352783 0.96827239943755827 -0.039137650985774389 -0.22740755316724287 2.3138567563293995e-06 -0.19233272276206065 -0.0089200590296401022 0.00072863387764093466 -0.1579954045685838 -0.011353648918179035 -0.034343329725169215 -0.070867819846405236 0.0013014344853391931 0.0024296553154074842 -0.071058580244647354 0.0081393483471695807
leaf_weight=28 21 24 39 24 29 33 40 26 21 20 33 26 85 21 106 55 24 22 24 27 22 595 28 28 25 20 304 128 22 41
leaf_count=28 21 24 39 24 29 33 40 26 21 20 33 26 85 21 106 55 24 22 24 27 22 595 28 28 25 20 304 128 22 41
internal_value=0.000418856 -0.00208009 -0.00143099 -0.00082653 -0.00484091 0.000335526 -0.00309375 0.00114495 -0.000170103 -5.08473e-05 0.000302452 -0.00206024 0.000992958 -0.0025102 0.00125 -0.000134328 -0.00231646 -0.00613043 -0.00436842 0.00160215 0.00170523 0.001791 0.00109322 0.00137838 0.00163636 -3.37078e-05 0.00208815 0.0017234 0.000476636 0.00152459
internal_weight=1941 437 413 392 88 304 64 1504 388 59 367 83 284 49 240 134 79 46 57 1116 1089 1067 472 444 418 89 329 235 107 61
internal_count=1941 437 413 392 88 304 64 1504 388 59 367 83 284 49 240 134 79 46 57 1116 1089 1067 472 444 418 89 329 235 107 61
is_linear=0
shrinkage=0.03


Tree=121
num_leaves=31
num_cat=0
split_feature=24 8 17 40 41 38 23 40 35 33 17 37 26 56 37 40 14 3 57 10 1 35 27 3 17 19 56 2 56 17
split_gain=3.40568 4.52236 4.27846 2.04315 2.2881 2.00893 1.62751 1.55382 1.31483 1.24004 1.05329 1.8414 0.733601 0.813032 1.53399 0.558177 0.52482 0.454488 0.361468 0.675551 0.336076 0.331996 0.795455 0.331699 0.331635 0.238245 0.903067 0.971645 0.659681 0.85403
threshold=478.00000000000006 3.5000000000000004 7.5000000000000009 331.40621279581256 403.68385731045549 791.57388390000017 142.50000000000003 705.40070685000012 910.72857145000012 771.96428570000012 20.500000000000004 958.43928570000014 11.850000000000003 13.350000000000003 64.175000000000011 861.35115326458333 27.150000000000002 7699074.5355000012 330.50000000000006 0.81241147629689026 10571.285715000002 455.33571430000006 288.50000000000006 6604160.8125000009 18.500000000000004 1.5000000000000002 13.550000000000002 1383.5000000000002 6.3500000000000005 44.500000000000007
decision_type=2 2 2 2 2 2 2 2 2 2 2 2 2 2 2 2 2 2 2 2 2 2 2 2 2 2 2 2 2 2
left_child=10 2 7 -4 5 -5 8 -2 -3 -7 11 12 16 23 -15 17 -1 18 25 -20 -9 -8 -23 -14 -18 26 28 -28 29 -12
right_child=1 6 3 4 -6 9 21 20 -10 -11 15 -13 13 14 -16 -17 24 -19 19 -21 -22 22 -24 -25 -26 -27 27 -29 -30 -31
leaf_value=-0.001026374380939165 -0.081790899681036575 -0.11277951153490906 -0.014829330700661569 -0.062279788777064485 -0.055909784822089241 -0.35140698068212184 8.5130257023183376 0.028869757100137526 0.016522554337389583 -0.050734081287462325 -0.031743760481834242 -0.0082869775495810014 -0.038473551256018867 0.0027059910685039547 -0.03302726490728395 -0.18656274107919868 0.0016044509155958889 -0.0086524572587508997 0.0068231372038380627 -0.036680994918153832 -0.016488620468292418 -0.32586317062561698 5.4706421386187616 -0.12901886136620822 -0.0011961664146013565 0.00066543827702017977 0.0026735690355420305 -0.049137996166901829 0.0014638799484934944 0.004842859672218148
leaf_weight=20 20 22 25 36 21 25 149 59 26 23 27 20 23 77 39 27 153 22 30 34 20 20 35 20 20 637 22 20 245 24
leaf_count=20 20 22 25 36 21 25 149 59 26 23 27 20 23 77 39 27 153 22 30 34 20 20 35 20 20 637 22 20 245 24
internal_value=0.000511592 -0.00167775 -0.00472926 -0.00830769 -0.0101429 -0.0123571 0.00109524 -3.03029e-05 -0.003875 -0.016375 0.00123288 -0.000145161 0.000357955 -0.00115094 0.000155173 0.00170404 0.00160104 0.00181244 0.00190279 -0.00028125 0.00186076 0.00226471 0.000272727 -0.00467442 0.00213295 0.00204615 0.00140237 -0.00271429 0.00198649 -0.00111765
internal_weight=1941 481 229 130 105 84 252 99 48 48 1460 372 352 159 116 1088 193 1061 1039 64 79 204 55 43 173 975 338 42 296 51
internal_count=1941 481 229 130 105 84 252 99 48 48 1460 372 352 159 116 1088 193 1061 1039 64 79 204 55 43 173 975 338 42 296 51
is_linear=0
shrinkage=0.03


Tree=122
num_leaves=31
num_cat=0
split_feature=54 8 28 6 38 33 35 56 42 37 11 34 35 37 14 19 56 2 46 56 27 58 40 28 44 37 12 14 36 19
split_gain=3.38386 3.37779 2.93554 5.26678 5.22529 2.47507 1.22591 1.6109 1.61333 0.87705 1.6 0.772727 0.674137 1.15649 0.559373 0.539224 1.21117 2.07909 0.840164 0.839507 0.562542 0.418975 0.208781 0.210769 0.215332 0.871212 0.231698 0.19345 0.540371 0.186076
threshold=483.25000000000006 3.5000000000000004 1004.5500000000001 26.500000000000004 821.33727677500019 805.65625000000011 316.67142855000003 18.350000000000005 -41.752678569999986 1069.7642860000003 0.22695468355932433 327.22857140000002 996.84553570000014 191.55000000000004 31.750000000000004 1.5000000000000002 13.050000000000002 6591.5000000000009 24.450000000000003 4.4500000000000011 294.50000000000006 1006.5500000000001 861.35115326458333 1008.7500000000001 30.450000000000003 293.57410715000009 0.41886391893847991 28.350000000000005 579.43571430000009 12.500000000000002
decision_type=2 2 2 2 2 2 2 2 2 2 2 2 2 2 2 2 2 2 2 2 2 2 2 2 2 2 2 2 2 2
left_child=9 2 5 11 -5 -2 -3 8 -8 12 -11 -4 15 21 -9 16 19 18 -18 20 -1 29 23 24 26 -26 -17 28 -21 -14
right_child=1 6 3 4 -6 -7 7 14 -10 10 -12 -13 13 -15 -16 22 17 -19 -20 27 -22 -23 -24 -25 25 -27 -28 -29 -30 -31
leaf_value=0.0028710153810156238 -0.093018495011110466 9.221138767041797 -0.022022262254360353 -0.023160288295068311 -0.245153978563174 -0.036468711085724491 -0.038608412852705783 -0.46228097797211892 -0.24678107172723471 3.0994468475974357 -0.0081800571921298235 0.19341372353323494 0.008273815899105811 -0.04046377042129741 2.0467232408982565 9.5602296482671039e-05 -0.032094483709499237 -0.082994035215664119 0.036477593871912829 -0.015462199140169754 -0.047369120024720636 -0.12514829552522197 -0.08192419982099565 -0.0082412891852792734 -0.18615300043565694 3.8886499405727872 0.0006871261474861801 0.0014199635500386895 0.00051173921367981081 8.9885808569420427e-05
leaf_weight=26 21 123 25 37 27 30 30 21 20 20 20 85 49 26 58 29 20 23 41 26 20 20 26 27 20 46 660 279 56 30
leaf_count=26 21 123 25 37 27 30 30 21 20 20 20 85 49 26 58 29 20 23 41 26 20 20 26 27 20 46 660 279 56 30
internal_value=0.000666152 -0.0015283 -0.0042 -0.00234483 -0.0091875 -0.0105294 0.000857143 -0.00118605 -0.0054 0.00138115 -0.003 0.00163636 0.00150421 -0.0006 0.00148101 0.0017067 0.000922607 -0.00235714 0.000540984 0.00159951 -0.00221739 0.000878788 0.00218317 0.0022711 0.00236424 0.000727273 0.00252105 0.00208587 0.000804878 0.00186076
internal_weight=1941 477 225 174 64 51 252 129 50 1464 40 110 1424 125 79 1299 491 84 61 407 46 99 808 782 755 66 689 361 82 79
internal_count=1941 477 225 174 64 51 252 129 50 1464 40 110 1424 125 79 1299 491 84 61 407 46 99 808 782 755 66 689 361 82 79
is_linear=0
shrinkage=0.03


Tree=123
num_leaves=31
num_cat=0
split_feature=54 8 46 28 58 54 37 11 6 35 35 56 42 35 37 49 27 56 26 2 58 16 14 47 50 10 15 10 56 45
split_gain=2.91786 3.35873 3.82705 4.39705 3.33164 1.49482 1.1649 1.225 1.0947 1.68083 1.09348 1.79361 1.61333 0.634248 1.15649 0.632915 0.74972 1.09107 0.869664 0.767233 0.418975 0.417574 0.314647 0.275847 0.767871 0.446615 0.32454 0.307832 0.264545 0.48984
threshold=483.25000000000006 3.5000000000000004 23.150000000000002 1004.5500000000001 1005.7500000000001 660.85000000000014 1069.7642860000003 0.22695468355932433 26.500000000000004 766.22410715000012 316.67142855000003 18.350000000000005 -41.752678569999986 996.84553570000014 191.55000000000004 1.5000000000000002 299.50000000000006 4.4500000000000011 13.550000000000002 6757.7857145000007 1006.5500000000001 26.050000000000004 31.750000000000004 64.500000000000014 9.0000000000000018 0.95642797789208711 92.500000000000014 0.98611507088852057 6.3500000000000005 86.500000000000014
decision_type=2 2 2 2 2 2 2 2 2 2 2 2 2 2 2 2 2 2 2 2 2 2 2 2 2 2 2 2 2 2
left_child=6 2 4 5 -2 -4 13 -8 -5 -10 -3 12 -12 15 20 16 19 -18 21 28 -15 -19 -13 -17 -25 26 -26 -27 29 -1
right_child=1 10 3 8 -6 -7 7 -9 9 -11 11 22 -14 14 -16 23 17 18 -20 -21 -22 -23 -24 24 25 27 -28 -29 -30 -31
leaf_value=-0.020936977874343326 -0.019894725249001648 8.9445046040305431 -0.078824378801416017 1.4997188801305075 -0.13494165288326398 -0.022696252967602623 3.0064634421695122 -0.0079346554763659281 -0.19930371730762228 0.0043664212261234417 -0.037450160467124481 -0.44841254863295554 -0.23937763957541747 0.0039262761548825298 -0.039249857308658487 0.00069164623741233174 -0.045948046423979018 0.00053099861489674179 -0.078857910668051936 -0.0063881276559953149 -0.12139384665946529 -2.2508069231464646e-06 1.9853215436713088 -0.1647165691437309 0.00076066739544831485 -0.019598968092210321 -8.1765251004401821e-05 0.00073637762327707597 0.0070100331821778142 0.0064014395495528278
leaf_weight=26 23 123 25 88 24 21 20 20 23 21 30 21 20 79 26 369 20 89 21 39 20 21 58 22 339 25 21 36 244 27
leaf_count=26 23 123 25 88 24 21 20 20 23 21 30 21 20 79 26 369 20 89 21 39 20 21 58 22 339 25 21 36 244 27
internal_value=0.00063524 -0.00140252 -0.00406667 -0.00205618 -0.0116809 -0.0100435 0.00129918 -0.00375 0.000727273 -0.00313636 0.000976191 -0.000953488 -0.0054 0.00144101 -0.0006 0.00163741 0.000782341 -0.00097351 2.29009e-05 0.00157143 0.000878788 0.00109091 0.00186076 0.00215025 0.0016456 0.00193112 0.00233333 -0.000442623 0.00209091 0.000169811
internal_weight=1941 477 225 178 47 46 1464 40 132 44 252 129 50 1424 125 1299 487 151 131 336 99 110 79 812 443 421 360 61 297 53
internal_count=1941 477 225 178 47 46 1464 40 132 44 252 129 50 1424 125 1299 487 151 131 336 99 110 79 812 443 421 360 61 297 53
is_linear=0
shrinkage=0.03


Tree=124
num_leaves=31
num_cat=0
split_feature=54 8 17 43 6 40 35 56 42 17 37 16 35 37 26 27 36 48 10 10 19 56 46 57 17 14 3 9 5 3
split_gain=2.53309 3.35873 3.14933 1.7317 2.07369 1.40366 1.09348 1.79361 1.61333 1.09091 1.08136 1.225 0.665954 1.06 0.526269 0.535612 0.475157 0.468671 0.621718 0.436364 0.359551 1.0953 1.40549 0.582005 0.463831 0.314647 0.311688 0.27 0.268309 0.245354
threshold=483.25000000000006 3.5000000000000004 7.5000000000000009 -200.21071429999998 26.500000000000004 709.02487598958339 316.67142855000003 18.350000000000005 -41.752678569999986 47.500000000000007 1069.7642860000003 24.950000000000003 996.84553570000014 191.55000000000004 5.3500000000000005 332.50000000000006 320.68660715000004 39.500000000000007 0.097964660725097311 0.25881904510252091 1.5000000000000002 13.050000000000002 24.750000000000004 314.00000000000006 43.500000000000007 31.750000000000004 6317460.5000000009 139.50000000000003 1.0000000180025095e-35 6400702.2500000009
decision_type=2 2 2 2 2 2 2 2 2 2 2 2 2 2 2 2 2 2 2 2 2 2 2 2 2 2 2 2 2 2
left_child=10 2 5 -4 9 -2 -3 8 -8 19 12 -12 14 16 15 17 -14 18 29 -5 21 23 -23 -16 -25 -9 -7 -24 -20 -1
right_child=1 6 3 4 -6 26 7 25 -10 -11 11 -13 13 -15 20 -17 -18 -19 28 -21 -22 22 27 24 -26 -27 -28 -29 -30 -31
leaf_value=0.00029486698853613464 -0.073352504684147349 8.6761694659096271 -0.056531785249969414 0.016973869780408685 -0.23901256077657221 -0.010654954270762764 -0.036326655653110551 -0.43496017217396676 -0.23219631038815478 -0.22243460345201119 0.0050360305828701145 -0.008086796807214202 0.0057204444733450072 -0.03807236158939873 0.0013614346850906265 -0.076701093266982587 -0.070205744732530814 -0.0108162562134287 0.00022184445034101718 -0.012517398620204748 0.00074732641489387228 -0.042243139115824717 -0.044064249355979378 0.00079776300377287573 -0.0029918627984045353 1.9257618973611697 0.074482914966060354 0.033831951186522262 0.0006547330952501589 -1.1811549662263463e-05
leaf_weight=21 26 123 31 24 25 21 30 21 20 22 20 20 74 26 283 20 25 31 38 20 634 34 20 25 26 58 56 30 117 20
leaf_count=21 26 123 31 24 25 21 30 21 20 22 20 20 74 26 283 20 25 31 38 20 634 34 20 25 26 58 56 30 117 20
internal_value=0.000496136 -0.00140252 -0.00406667 -0.00732787 -0.00524176 -0.000203883 0.000976191 -0.000953488 -0.0054 -0.00245455 0.00111475 -0.00375 0.0012514 -0.00084 0.00145266 0.000206478 0.000575758 0.000621145 0.00116327 0.000272727 0.00174525 0.0010622 -0.002 0.00183234 -0.00111765 0.00186076 0.00183117 0.0012 0.00203226 -0.00212195
internal_weight=1941 477 225 122 91 103 252 129 50 66 1464 40 1424 125 1299 247 99 227 196 44 1052 418 84 334 51 79 77 50 155 41
internal_count=1941 477 225 122 91 103 252 129 50 66 1464 40 1424 125 1299 247 99 227 196 44 1052 418 84 334 51 79 77 50 155 41
is_linear=0
shrinkage=0.03


Tree=125
num_leaves=31
num_cat=0
split_feature=24 53 21 17 44 44 40 2 34 26 28 35 24 27 14 53 6 40 34 51 3 40 56 45 17 52 9 9 46 2
split_gain=2.01223 1.28823 1.43592 0.974499 1.43546 1.56567 1.08653 1.76911 2.11852 0.8382 1.60597 1.49958 1.47156 0.920596 0.884197 0.638177 1.18519 0.59282 0.428717 0.895769 0.348359 0.339126 0.317716 0.371074 0.905807 0.339064 0.640244 0.280829 0.276404 0.269987
threshold=522.95000000000016 230.50000000000003 368.50000000000006 20.500000000000004 28.250000000000004 27.950000000000003 367.43887648595836 6784.1071430000011 594.59553570000014 17.950000000000003 1006.5500000000001 800.00000000000011 773.20000000000016 273.50000000000006 31.750000000000004 181.00000000000003 26.500000000000004 799.4922246875002 572.8214286000001 148.50000000000003 7699074.5355000012 861.35115326458333 6.3500000000000005 87.500000000000014 44.500000000000007 331.50000000000006 139.50000000000003 137.50000000000003 25.050000000000004 8179.0000000000009
decision_type=2 2 2 2 2 2 2 2 2 2 2 2 2 2 2 2 2 2 2 2 2 2 2 2 2 2 2 2 2 2
left_child=3 2 -2 4 5 -1 -6 8 -8 10 11 12 13 -4 -11 -12 -17 -15 -9 -20 21 22 23 24 -5 27 -27 -24 -26 -29
right_child=1 -3 9 20 6 -7 7 18 -10 14 15 -13 -14 17 -16 16 -18 -19 19 -21 -22 -23 25 -25 28 26 -28 29 -30 -31
leaf_value=8.4306518750979539e-05 -0.065510732899878729 -0.25617752939324878 -0.11416311978918726 -0.025270571477337751 0.0011456701490719185 -0.0092096146024293335 -0.08378316637080449 0.005841988352836839 0.0052968721273761749 -0.041397298089290865 2.9050303811268998 0.0056678665965732445 0.081378335216625935 -0.025885489465398922 0.88991648718611449 11.889232971648834 -0.17236159423388112 -0.16315668694619725 -0.028215344308327589 0.0088414959400572989 -0.005876714531382189 -0.18336512459774337 -0.094232645513059307 0.0039389111792159023 -6.8187356811445154e-06 12.086023281701594 -0.040693637342407316 0.00079055071830340406 0.0006819784392618274 0.00071345678130714453
leaf_weight=38 21 25 23 38 171 29 20 46 21 36 63 22 20 24 123 27 27 26 26 37 24 25 34 69 39 21 20 730 79 37
leaf_count=38 21 25 23 38 171 29 20 46 21 36 63 22 20 24 123 27 27 26 26 37 24 25 34 69 39 21 20 730 79 37
internal_value=0.000604328 -0.00118764 -0.000786408 0.001125 -0.000170103 -0.00416418 0.000663551 -0.0012 -0.00651219 -0.000375959 -0.00152586 -0.00404348 -0.00570968 -0.00768493 0.00130189 0.000948718 -0.00144444 -0.0054 0.000798165 -0.000809524 0.00157527 0.00165385 0.00173477 0.000733333 -7.6923e-05 0.00200238 -0.000658536 0.00213858 0.00122034 0.00225684
internal_weight=1941 437 412 1504 388 67 321 150 41 391 232 115 93 73 159 117 54 50 109 63 1116 1092 1067 225 156 842 41 801 118 767
internal_count=1941 437 412 1504 388 67 321 150 41 391 232 115 93 73 159 117 54 50 109 63 1116 1092 1067 225 156 842 41 801 118 767
is_linear=0
shrinkage=0.03


Tree=126
num_leaves=31
num_cat=0
split_feature=54 8 47 57 43 15 37 16 52 35 56 33 46 39 9 41 33 35 15 27 2 41 16 58 2 8 4 43 2 57
split_gain=3.19909 3.9127 3.35587 1.82857 2.22055 1.43031 1.13671 1.225 1.09394 1.09348 1.79361 0.739295 0.654675 0.597468 0.545532 0.833333 1.34497 0.458913 0.44389 0.345109 0.85974 1.39063 0.524038 0.502626 0.768276 0.447867 0.397373 0.356292 0.58072 0.338184
threshold=483.25000000000006 3.5000000000000004 7.5000000000000009 269.50000000000006 53.158928549999985 58.500000000000007 1069.7642860000003 24.950000000000003 617.00000000000011 316.67142855000003 18.350000000000005 800.00000000000011 23.850000000000005 592.03549106875005 137.50000000000003 88.589219561671158 280.83571430000006 1211.8696430000002 93.500000000000014 271.50000000000006 7616.7142855000011 285.98928676918467 23.750000000000004 1007.35 151.25000000000003 1.5000000000000002 5.5000000000000009 -125.80892835500003 6757.7857145000007 322.50000000000006
decision_type=2 2 2 2 2 2 2 2 2 2 2 2 2 2 2 2 2 2 2 2 2 2 2 2 2 2 2 2 2 2
left_child=6 2 5 -4 11 -2 14 -8 -6 -3 12 -5 -11 -7 15 -1 -17 18 19 20 23 -22 25 27 26 -21 -25 28 -16 -24
right_child=1 9 3 4 8 13 7 -9 -10 10 -12 -13 -14 -15 17 16 -18 -19 -20 22 21 -23 29 24 -26 -27 -28 -29 -30 -31
leaf_value=0.0082294268561055994 -0.065936859499593395 8.4158584127312519 -0.013728133344332994 -0.15429427884987479 -0.31262808226817745 -0.044056669225575378 0.0056430668097041435 -0.0075679044649248966 -0.014757239382002199 -0.26839852804924835 0.37742122753522322 -0.041331680613292454 -0.051293691047562429 0.04553389828186559 8.6159036112333265 -0.19629479026612731 0.30655672118026611 -0.0050238954803037963 -4.8684517828948595e-05 -0.024332142047599002 -0.070766598307434439 0.0045693287473168483 0.0012098744869470995 0.0011112999576387535 0.0016039673491071004 0.0071656025602250071 -0.12182636481979311 0.00062539062133537711 -0.077823024209921793 0.0017069374928021022
leaf_weight=27 20 123 36 24 24 20 20 20 20 22 79 22 28 59 20 23 22 38 30 21 21 44 490 21 61 25 29 413 21 118
leaf_count=27 20 123 36 24 24 20 20 20 20 22 79 22 28 59 20 23 22 38 30 21 21 44 490 21 61 25 29 413 21 118
internal_value=0.000542504 -0.00159119 -0.00446667 -0.00771429 -0.01 -0.000333333 0.00123771 -0.00375 -0.00518182 0.000976191 -0.000953488 -0.0146087 -0.0054 0.00148101 0.00137781 -0.00116667 -0.00366667 0.00151331 0.00160731 0.00169159 0.00119048 -0.00207692 0.00217431 0.00156637 -0.000243243 -0.000913043 -0.003 0.00200881 -0.000658536 0.00240789
internal_weight=1941 477 225 126 90 99 1464 40 44 252 129 46 50 79 1424 72 45 1352 1314 1284 630 65 654 565 111 46 50 454 41 608
internal_count=1941 477 225 126 90 99 1464 40 44 252 129 46 50 79 1424 72 45 1352 1314 1284 630 65 654 565 111 46 50 454 41 608
is_linear=0
shrinkage=0.03


Tree=127
num_leaves=31
num_cat=0
split_feature=54 8 40 57 2 16 23 40 56 32 17 11 35 56 36 50 44 49 3 26 45 2 17 46 15 57 56 2 1 44
split_gain=3.00107 3.42699 3.00881 2.70264 2.62976 1.82496 1.46518 0.9636 1.6356 0.9 0.705665 1.16369 1.01585 1.15294 0.9 0.477308 0.417868 0.55102 0.354333 0.352765 0.601349 0.516045 0.889931 0.73303 0.311538 0.292747 0.838502 0.260685 0.25 0.21619
threshold=522.95000000000016 3.5000000000000004 705.40070685000012 275.50000000000006 3098.6428570000003 23.850000000000005 171.50000000000003 799.4922246875002 18.350000000000005 775.09464285000013 20.500000000000004 0.98611507088852057 996.84553570000014 15.050000000000002 199.40714285000004 1.0000000180025095e-35 28.250000000000004 1.5000000000000002 7699074.5355000012 17.150000000000002 62.500000000000007 5893.6428570000007 55.500000000000007 24.950000000000003 62.500000000000007 322.50000000000006 3.6500000000000008 6955.2142855000011 28.142857145000004 26.250000000000004
decision_type=2 2 2 2 2 2 2 2 2 2 2 2 2 2 2 2 2 2 2 2 2 2 2 2 2 2 2 2 2 2
left_child=10 2 3 -2 -5 6 9 -3 -9 -4 11 12 15 14 -14 16 17 -1 19 20 -12 25 -23 27 -10 29 -27 -24 -15 -22
right_child=1 7 5 4 -6 -7 -8 8 24 -11 18 -13 13 28 -16 -17 -18 -19 -20 -21 21 22 23 -25 -26 26 -28 -29 -30 -31
leaf_value=-0.0068443743121793773 -0.013798571425226728 5.3808330006062572 -0.042386044805330078 -0.20278260348436783 -0.13055494054313055 0.043587730624060822 -0.025785587171866541 -0.16402846350333425 2.5050473861736871 0.025428065616322961 -0.039336042979154433 -0.0044012448883695579 -0.055001207561644332 0.0091178853363642186 -0.11263123975336176 -0.027676709311554807 0.0017817351219299906 0.00022690372067384407 -0.0049580118379920941 0.00075395500472098841 -4.7077102507480616e-05 0.0025036664472775339 -4.9115374151390412e-05 8.747909324593759e-05 -0.43927146532142947 -0.045997152620206191 0.0019451664678637088 -0.20397413740381878 -0.0031925574716752335 0.00099111554013127422
leaf_weight=28 36 124 20 21 35 60 21 35 45 20 24 27 20 25 20 20 204 21 24 194 25 61 21 31 20 24 97 20 20 598
leaf_count=28 36 124 20 21 35 60 21 35 45 20 24 27 20 25 20 20 204 21 24 194 25 61 21 31 20 24 97 20 20 598
internal_value=0.000588872 -0.00159954 -0.00432394 -0.00841304 -0.0125357 -0.00121488 -0.00486885 0.000991072 -0.0012 -0.0015 0.00122473 0.000116883 0.000569833 -0.00229412 -0.006 0.00146154 0.00181423 -0.000673469 0.0016059 0.00168493 0.00143507 0.00156328 -0.000157895 -0.00241667 0.00161538 0.00187097 0.000520661 -0.00504878 0.001 0.00213323
internal_weight=1941 437 213 92 56 121 61 224 100 40 1504 385 358 85 40 273 253 49 1119 1095 901 877 133 72 65 744 121 41 45 623
internal_count=1941 437 213 92 56 121 61 224 100 40 1504 385 358 85 40 273 253 49 1119 1095 901 877 133 72 65 744 121 41 45 623
is_linear=0
shrinkage=0.03


Tree=128
num_leaves=31
num_cat=0
split_feature=54 51 50 26 16 37 27 44 58 35 10 16 37 27 44 45 50 19 44 37 57 26 15 47 47 58 19 37 34 30
split_gain=3.31961 5.65898 2.02616 1.63333 1.55951 2.51553 1.8481 1.75263 0.831048 1.04606 0.783261 1.39193 2.27877 0.706522 0.636384 0.543243 1.23879 0.643937 1.16422 1.70133 0.81525 1.22553 0.666822 0.922496 0.505728 0.426794 0.945624 1.12299 0.364803 0.333117
threshold=522.95000000000016 368.50000000000006 39.500000000000007 17.750000000000004 23.550000000000004 383.01607145000008 289.50000000000006 32.550000000000004 1006.4500000000002 800.00000000000011 -0.95642797789208689 24.650000000000002 64.175000000000011 283.50000000000006 31.750000000000004 92.500000000000014 28.500000000000004 2.5000000000000004 28.250000000000004 2.5928571430000003 303.50000000000006 13.550000000000002 83.500000000000014 43.500000000000007 39.500000000000007 1007.35 50.500000000000007 221.52053570000001 1110.9294645000002 20.210714285000005
decision_type=2 2 2 2 2 2 2 2 2 2 2 2 2 2 2 2 2 2 2 2 2 2 2 2 2 2 2 2 2 2
left_child=10 -2 3 4 5 -3 7 -7 9 -6 11 29 13 -13 -5 17 -17 18 19 24 -20 22 -22 -24 -12 28 -27 -28 -19 -1
right_child=1 2 -4 14 8 6 -8 -9 -10 -11 15 12 -14 -15 -16 16 -18 25 20 -21 21 -23 23 -25 -26 26 27 -29 -30 -31
leaf_value=-0.0063038130324090738 -0.12033904419025837 2.1096914555111219 -0.19063136672403597 -0.051082378863578838 -0.075547392884405415 -0.0078911819248361978 0.025558343658662282 -0.12548149900104039 3.7089397317681509 0.0065146890248759318 0.00032685185752451078 -0.072136353324824237 -0.11828977557157833 0.0056785233693782914 2.2322098744052639 0.00011570378211530043 -0.00016090076763452014 0.0011555853505291411 0.0017440825828553244 -0.0091480178314342839 0.0071333980899408239 -0.086134383555915683 0.0011168748814366404 -0.009537449210863207 -0.00047963202175767429 0.00095542962082800667 -0.14732923415082108 6.2891679902877788 -0.041435661719751875 0.0096312026607052476
leaf_weight=20 21 35 24 31 28 20 21 39 77 25 38 20 22 26 116 42 20 558 341 21 53 20 30 28 30 103 34 21 20 57
leaf_count=20 21 35 24 31 28 20 21 39 77 25 38 20 22 26 116 42 20 558 341 21 53 20 30 28 30 103 34 21 20 57
internal_value=0.000496136 -0.00180549 -0.00103846 -0.000520408 -0.00202041 -0.00456522 -0.0075 -0.0102203 0.000230769 -0.00266038 0.00116489 -0.000931034 -0.00405882 -0.000260869 0.00197959 0.00138852 -0.00135484 0.00151966 0.000754011 -0.00239326 0.00134746 -0.000664122 0.000567568 -0.00165517 -8.82352e-05 0.00210326 0.000721519 -0.00245455 0.00248097 0.00183117
internal_weight=1941 437 416 392 245 115 80 59 130 53 1504 145 68 46 147 1359 62 1297 561 89 472 131 111 58 68 736 158 55 578 77
internal_count=1941 437 416 392 245 115 80 59 130 53 1504 145 68 46 147 1359 62 1297 561 89 472 131 111 58 68 736 158 55 578 77
is_linear=0
shrinkage=0.03


Tree=129
num_leaves=31
num_cat=0
split_feature=54 51 8 15 17 3 47 33 35 56 10 40 45 34 49 49 37 51 56 40 14 8 28 2 28 58 58 42 34 34
split_gain=4.115 5.55717 2.82087 3.09789 2.6975 1.53084 1.86667 0.918737 0.768051 1.51072 0.732436 1.80132 0.610088 0.6 0.561195 0.554575 0.833665 0.773338 0.460131 0.315044 0.308571 0.304692 0.476385 0.337586 0.22949 0.573751 0.206176 0.704111 0.297414 0.149954
threshold=522.95000000000016 368.50000000000006 3.5000000000000004 57.500000000000007 12.500000000000002 6290116.4375000009 31.500000000000004 688.90803570000014 316.67142855000003 18.350000000000005 -0.97335555334614932 544.63679315208344 92.500000000000014 737.0875000000002 25.500000000000004 2.5000000000000004 1001.6499999500001 565.00000000000011 4.6500000000000012 889.23813245625013 31.950000000000003 3.5000000000000004 1006.4500000000002 8275.5000000000018 1007.5500000000001 1007.1500000000002 1007.4500000000002 53.837500004999974 59.192857145000012 1061.6517855000002
decision_type=2 2 2 2 2 2 2 2 2 2 2 2 2 2 2 2 2 2 2 2 2 2 2 2 2 2 2 2 2 2
left_child=10 -2 3 -3 7 -6 -7 -5 -4 -10 11 -1 15 -13 -14 16 17 18 -12 26 -11 23 -23 -20 25 -24 29 28 -28 -17
right_child=1 2 8 4 5 6 -8 -9 9 20 12 13 14 -15 -16 19 -18 -19 21 -21 -22 22 24 -25 -26 -27 27 -29 -30 -31
leaf_value=-0.057734133035722633 -0.11672887286455062 -0.085311045225745605 7.5258125155008058 -0.062272272652361411 -0.0048761524498885387 -0.19227930392263076 -0.02331570517709176 0.026013088059388626 -0.23964557031830877 -0.4172814692239239 -0.04214338415826422 -0.0032795822359568821 7.5017194138632298e-05 0.012173940328486035 -5.3733960191824443e-05 0.001214548174946572 -0.0048240791344049431 -0.048919992814696986 0.003856065352144993 -0.19638128115383285 2.1868255891356125 -0.015523411962860266 0.0011785229446907948 -0.0023044088870867283 0.0035727720229966056 -0.0051675513681283883 0.0012157259701738212 -0.2838256848400027 -0.074399403530328548 0.025606079336548286
leaf_weight=24 21 34 107 21 26 20 28 71 34 21 39 36 34 54 28 586 38 20 268 20 54 33 54 21 58 32 92 23 24 20
leaf_count=24 21 34 107 21 26 20 28 71 34 21 39 36 34 54 28 586 38 20 268 20 54 33 54 21 58 32 92 23 24 20
internal_value=0.000619784 -0.00194279 -0.00118269 -0.00375 -0.00206024 -0.00632432 -0.0095 0.00136957 0.00119444 -0.000577982 0.00136436 -0.000947368 0.00155396 0.001 -0.00135484 0.00168976 0.000975133 0.00128571 0.00151485 0.00221569 0.0018 0.00177682 0.00079661 0.00237716 0.00154167 0.00055814 0.00231544 0.00127338 0.00222414 0.00255446
internal_weight=1941 437 416 200 166 74 48 92 216 109 1504 114 1390 90 62 1328 563 525 505 765 75 466 177 289 144 86 745 139 116 606
internal_count=1941 437 416 200 166 74 48 92 216 109 1504 114 1390 90 62 1328 563 525 505 765 75 466 177 289 144 86 745 139 116 606
is_linear=0
shrinkage=0.03


Tree=130
num_leaves=31
num_cat=0
split_feature=54 51 48 54 3 41 41 46 53 31 49 44 37 43 53 57 45 50 58 17 27 28 41 10 16 37 2 28 10 54
split_gain=3.28034 4.73802 1.99298 1.74113 1.71601 0.626959 0.941968 1.10125 1.86399 0.898451 0.605305 1.00335 1.93526 0.791273 0.851955 0.663464 0.651085 1.33636 0.588235 0.893353 0.462192 0.588799 0.963869 0.428485 0.626883 1.80938 0.933544 0.388445 0.27726 0.448506
threshold=522.95000000000016 368.50000000000006 10.500000000000002 589.20000000000016 6353144.6160000013 214.89006445814223 353.7579213378238 23.650000000000002 179.50000000000003 787.69196430000011 2.5000000000000004 28.250000000000004 2.5928571430000003 -59.005357145000012 77.500000000000014 314.00000000000006 92.500000000000014 28.500000000000004 1006.4500000000002 3.5000000000000004 303.50000000000006 1007.85 135.81831521528252 -0.81241147629689037 24.650000000000002 180.96428570000003 7049.9285715000015 1006.9500000000002 0.41248606129204562 286.75000000000006
decision_type=2 2 2 2 2 2 2 2 2 2 2 2 2 2 2 2 2 2 2 2 2 2 2 2 2 2 2 2 2 2
left_child=10 -2 5 -4 -5 -3 7 8 9 -7 11 12 15 14 -13 -1 23 -18 19 -9 -15 22 27 24 -12 26 -26 -22 -25 -30
right_child=1 2 3 4 -6 6 -8 18 -10 -11 16 13 -14 20 -16 -17 17 -19 -20 -21 21 -23 -24 28 25 -27 -28 -29 29 -31
leaf_value=0.0024355135375883062 -0.1132270066786141 0.10306001026697596 4.0832000004639539 -0.051655439000573442 -0.13608018805105168 -0.31480743221138507 5.3726991039154202 -0.059811115000795986 -0.29905891145475294 0.013939566010782988 0.0033927417705204754 -0.069753764130442833 -0.0090720403998267377 0.002545802315609357 0.045674058809801105 -0.0031586087900760521 0.00010998215282768244 -0.0001544617257997298 2.2842438582521045 0.012534255994507026 0.0010750084630854269 0.0035843158320499066 -0.18735883500983469 0.0011530832883731752 -0.03615208140597849 -0.19048984271921787 0.0035675629205546141 -0.0063979631484373349 0.00092995593794813918 -0.14139089769270125
leaf_weight=54 21 58 36 28 33 34 56 23 20 32 102 26 20 331 23 32 24 20 49 47 40 40 21 352 20 20 59 28 270 22
leaf_count=54 21 58 36 28 33 34 56 23 20 32 102 26 20 331 23 32 24 20 49 47 40 40 21 352 20 20 59 28 270 22
internal_value=0.000619784 -0.00166819 -0.000966346 -0.00473196 -0.00781967 0.000178683 -0.000448276 -0.00139024 -0.00397674 -0.00154545 0.00128457 0.000560976 -0.00209434 0.00111395 -0.0025102 -0.000139535 0.00178515 -0.00177273 0.000478992 -0.00128571 0.0015 -2.32557e-05 -0.00138202 0.00197041 0.000761194 -0.000939394 0.00110127 0.000352941 0.00234783 0.00166438
internal_weight=1941 437 416 97 61 319 261 205 86 66 1504 615 106 509 49 86 889 44 119 70 460 129 89 845 201 99 79 68 644 292
internal_count=1941 437 416 97 61 319 261 205 86 66 1504 615 106 509 49 86 889 44 119 70 460 129 89 845 201 99 79 68 644 292
is_linear=0
shrinkage=0.03


Tree=131
num_leaves=31
num_cat=0
split_feature=54 54 48 48 11 30 42 46 19 14 58 45 56 36 10 17 17 18 10 36 11 34 35 46 26 34 45 47 40 57
split_gain=3.50568 4.8738 1.83159 1.60731 1.14502 0.634921 0.621706 0.856686 0.581073 0.88229 1.4334 0.552429 0.56957 0.535421 0.516517 0.692218 0.967017 0.446512 1.1938 0.369094 0.388722 0.366449 0.346576 0.568868 0.802914 0.285694 0.724863 0.277514 0.385767 0.438808
threshold=522.95000000000016 535.15000000000009 10.500000000000002 14.500000000000002 -0.84874750804349197 1069.7642860000003 121.86607135000004 23.750000000000004 2.5000000000000004 28.250000000000004 1006.9500000000002 62.500000000000007 4.6500000000000012 711.16428570000016 -0.41248606129204546 3.5000000000000004 8.5000000000000018 3.5000000000000004 -0.41248606129204546 1138.8312500000002 0.63405362205439486 46.804464285000009 952.86875000000009 24.650000000000002 15.750000000000002 280.83571430000006 72.500000000000014 72.500000000000014 13.815029761979149 189.50000000000003
decision_type=2 2 2 2 2 2 2 2 2 2 2 2 2 2 2 2 2 2 2 2 2 2 2 2 2 2 2 2 2 2
left_child=8 -2 6 -4 5 -5 17 -8 9 10 13 -11 -13 -1 15 -14 -17 -3 -19 20 22 -18 25 -24 -25 26 -10 -28 29 -29
right_child=1 2 3 4 -6 -7 7 -9 19 11 -12 12 14 -15 -16 16 21 18 -20 -21 -22 -23 23 24 -26 -27 27 28 -30 -31
leaf_value=-0.0068744193271626447 -0.12607501584507369 0.031476445480381657 -0.30269455326780914 0.0084109390879084124 -0.15674648791828499 -0.026368169177751997 -0.11116881316445879 1.4465761766637546 -0.056708324239598706 -0.033377255878978933 -0.0049836191913381137 -0.043076439552928662 0.0042283261885648557 0.0013270729594918108 0.0014863158158090345 -0.13403550106938547 -0.079977455922588078 -0.19003655754400617 5.6570041260911923 -1.2780893027602094e-05 0.00037547067954343192 0.0035600998197593218 0.0063180661948842049 -0.10990403773753522 0.0045317265196217473 0.011053416398140264 0.0026628636771351883 0.002375752091966399 0.011129977314687373 -0.0021995548192678136
leaf_weight=35 29 215 20 36 21 20 30 23 38 24 33 25 59 38 333 20 20 21 22 37 250 34 47 22 30 187 117 51 58 46
leaf_count=35 29 215 20 36 21 20 30 23 38 24 33 25 59 38 333 20 20 21 22 37 250 34 47 22 30 187 117 51 58 46
internal_value=0.000697063 -0.00166819 -0.000823529 -0.00442268 -0.00245455 -0.000214286 0.000299035 -0.00266038 0.00138431 0.00068116 -0.00181132 0.00119417 0.00141141 0.000534247 0.00164807 6.76693e-05 -0.00186486 0.000906977 -0.00188372 0.00187882 0.00200709 0.000222222 0.0015906 -3.03029e-05 -0.00219231 0.00191348 0.00135484 0.00189706 0.00106452 -9.27834e-05
internal_weight=1941 437 408 97 77 56 311 53 1504 621 106 515 491 73 466 133 74 258 43 883 846 54 596 99 52 497 310 272 155 97
internal_count=1941 437 408 97 77 56 311 53 1504 621 106 515 491 73 466 133 74 258 43 883 846 54 596 99 52 497 310 272 155 97
is_linear=0
shrinkage=0.03


Tree=132
num_leaves=31
num_cat=0
split_feature=54 54 18 9 2 16 42 16 3 37 1 45 49 37 26 33 27 45 9 17 11 53 41 58 40 37 2 35 11 27
split_gain=3.46002 4.06219 1.74353 1.62502 1.46046 1.14532 1.01276 1.11371 0.734118 0.575418 1.76762 0.395406 0.371103 0.334718 0.871599 0.453847 0.284527 0.354124 0.332974 0.444538 0.382696 1.209 1.81071 0.314031 0.365307 0.603782 0.358473 0.361182 0.287877 0.577238
threshold=522.95000000000016 535.15000000000009 3.5000000000000004 149.50000000000003 4882.3125000000009 23.150000000000002 121.86607135000004 23.750000000000004 6343678.5000000009 1069.7642860000003 396.07142855000006 92.500000000000014 25.500000000000004 569.85000000000002 16.450000000000003 805.65625000000011 57.500000000000007 62.500000000000007 137.50000000000003 55.500000000000007 -0.47114434510950048 76.500000000000014 285.36449000222746 1008.35 1.0000000180025095e-35 2.5928571430000003 8909.5000000000018 1150.1142860000002 0.60876142900872032 320.50000000000006
decision_type=2 2 2 2 2 2 2 2 2 2 2 2 2 2 2 2 2 2 2 2 2 2 2 2 2 2 2 2 2 2
left_child=9 -2 6 4 5 -4 13 -8 -7 11 -11 16 -13 -3 -15 -16 -1 -18 19 -19 -20 23 -23 24 25 28 27 -26 29 -22
right_child=1 2 3 -5 -6 8 7 -9 -10 10 -12 12 -14 14 15 -17 17 18 20 -21 21 22 -24 -25 26 -27 -28 -29 -30 -31
leaf_value=0.00069582206092527418 -0.12229276536972147 0.062623930471936179 -0.16502175894764426 2.350022866071324 -0.16991660363990202 0.062048786440398962 -0.18634363742783441 0.70741220057911536 -0.12076637502601227 -0.0083071851347241623 8.3284844485849359 5.8203093343339885e-05 -2.742370012451098e-05 -0.049673954548133822 -0.021797536104384091 0.18113147730713736 -0.010866594731947971 0.0081383660145222178 3.0574854295263294 -0.17933874833740493 0.0034258612237132212 -0.23870352010592175 0.017014493337021437 -1.4489041172628469e-05 0.0013486287360297241 -0.013801779814686201 -0.031542880645995287 -0.0017706744080776137 0.00014982273007289299 -0.0076073582660934501
leaf_weight=152 29 75 20 34 36 26 25 21 25 21 29 34 28 23 34 89 32 40 194 28 89 21 35 37 461 22 31 34 173 43
leaf_count=152 29 75 20 34 36 26 25 21 25 21 29 34 28 23 34 89 32 40 194 28 89 21 35 37 461 22 31 34 173 43
internal_value=0.000681608 -0.00166819 -0.000897059 -0.00359574 -0.00541121 -0.00291549 0.00052809 -0.00352174 -0.000529412 0.00136436 -0.0018 0.00147318 -0.000870968 0.00137104 0.000534247 0.00153659 0.00157759 0.00142742 0.00150993 -0.000529412 0.00163158 0.00138266 -0.00289286 0.00165169 0.00176905 0.000981651 0.00225856 0.00245455 0.00132787 0.000272727
internal_weight=1941 437 408 141 107 71 267 46 51 1504 50 1454 62 221 146 123 1392 1240 1208 68 1140 946 56 890 853 327 526 495 305 132
internal_count=1941 437 408 141 107 71 267 46 51 1504 50 1454 62 221 146 123 1392 1240 1208 68 1140 946 56 890 853 327 526 495 305 132
is_linear=0
shrinkage=0.03


Tree=133
num_leaves=31
num_cat=0
split_feature=45 23 49 44 9 19 33 21 9 32 18 38 27 57 18 44 34 40 26 45 49 14 50 3 19 18 27 8 36 51
split_gain=3.07122 2.96816 2.33028 2.23399 1.77557 5.39454 5.50611 0.963227 2.025 0.636345 1.20348 0.410256 0.407104 0.858306 0.964512 3.1543 1.07772 0.873091 0.540807 0.421158 0.505853 0.4 0.304314 0.252472 0.189344 0.439118 0.746064 0.221206 0.492308 0.168839
threshold=69.500000000000014 121.50000000000001 8.5000000000000018 30.950000000000003 141.50000000000003 3.5000000000000004 585.77500000000009 937.50000000000011 145.50000000000003 942.17857140000012 3.5000000000000004 958.19843758750005 268.50000000000006 178.50000000000003 20.500000000000004 28.250000000000004 522.16250000000014 821.52020090625012 3.6500000000000008 91.500000000000014 38.500000000000007 28.150000000000002 1.0000000180025095e-35 6281600.8570000008 1.5000000000000002 22.500000000000004 299.50000000000006 5.5000000000000009 653.31875000000014 581.50000000000011
decision_type=2 2 2 2 2 2 2 2 2 2 2 2 2 2 2 2 2 2 2 2 2 2 2 2 2 2 2 2 2 2
left_child=1 2 3 -1 5 6 -3 9 -9 29 11 -11 13 -2 15 -15 22 19 21 -16 -21 -14 -17 -7 25 26 -20 -27 -29 -6
right_child=12 4 -4 -5 7 23 -8 8 -10 10 -12 -13 18 14 17 16 -18 -19 24 20 -22 -23 -24 -25 -26 27 -28 28 -30 -31
leaf_value=-0.11829589413275443 0.00062394162348563566 -0.15822840381320777 0.0061710256283036089 -0.016678193223049077 2.205026689419777 -0.0005791290520534997 -0.010395784638146249 11.190240326559348 -0.10672709163773303 -0.036416035546989495 -0.19963724306679972 2.2390388892383499 0.0033229536092909844 -0.010109846973156303 0.0028120404558208993 0.0018670385616936648 -0.084621389977364556 -0.23893547257755973 0.0026466812774534731 0.00011096277762816145 -8.3018518443968173e-05 -0.067133373841831004 -1.232309870446229e-05 0.16471616775490169 0.0012985013382124909 0.0016342695066553297 -0.049346136449798586 -0.0082528619827635392 0.00070243253048820047 0.0092970303393872834
leaf_weight=31 208 21 21 21 101 31 34 20 20 26 37 52 20 28 204 73 25 25 58 26 20 20 30 58 381 133 37 20 32 128
leaf_count=31 208 21 21 21 101 31 34 20 20 26 37 52 20 28 204 73 25 25 58 26 20 20 30 58 381 133 37 20 32 128
internal_value=0.000588872 -0.00119301 -0.00686301 -0.0102692 -0.000409091 -0.00325 -0.0106364 0.00065625 -0.00375 0.0011686 -0.000652174 0.00146154 0.00138806 0.000840376 7.65662e-05 -0.00180769 0.0001875 0.00114545 0.0018873 0.00168 -0.000913043 -0.0015 0.00154369 0.00131461 0.00209228 0.0015 -0.000157895 0.00235135 0.000692308 0.00208297
internal_weight=1941 601 73 52 528 144 55 384 40 344 115 78 1340 639 431 156 128 275 701 250 46 40 103 89 661 280 95 185 52 229
internal_count=1941 601 73 52 528 144 55 384 40 344 115 78 1340 639 431 156 128 275 701 250 46 40 103 89 661 280 95 185 52 229
is_linear=0
shrinkage=0.03


Tree=134
num_leaves=31
num_cat=0
split_feature=45 53 8 9 6 11 37 37 35 37 41 48 27 40 26 41 6 11 16 16 10 36 36 27 58 58 37 17 35 40
split_gain=3.08347 3.76555 1.93632 2.72 4.1201 4.55155 3.77326 1.62207 1.5067 0.860336 2.32264 0.549288 0.919453 0.496032 1.35266 0.468085 0.404252 0.331274 0.35535 1.04344 1.29711 0.351619 0.456793 1.70494 0.244256 0.243806 0.855556 0.225 0.289286 0.215719
threshold=69.500000000000014 121.50000000000001 3.5000000000000004 141.50000000000003 26.500000000000004 -0.88144907265856332 479.87142860000006 195.92857145000002 177.27142855000002 989.91250000000014 283.34254602456753 68.000000000000014 195.50000000000003 799.4922246875002 17.650000000000002 282.13686530638756 19.500000000000004 0.91037613702198772 24.650000000000002 24.750000000000004 -0.63405362205439475 384.05892855000008 630.78839285000015 306.50000000000006 1007.2500000000001 1007.4500000000002 126.36607145000001 68.500000000000014 776.64642855000011 959.3269965333335
decision_type=2 2 2 2 2 2 2 2 2 2 2 2 2 2 2 2 2 2 2 2 2 2 2 2 2 2 2 2 2 2
left_child=1 7 3 6 -5 -6 -3 -1 15 11 -11 17 -13 -4 -15 -8 -14 18 -2 20 -20 25 23 24 -23 -21 -27 28 -24 -16
right_child=9 2 13 4 5 -7 8 -9 -10 10 -12 12 16 14 29 -17 -18 -19 19 21 -22 22 27 -25 -26 26 -28 -29 -30 -31
leaf_value=-0.1150751055846472 0.0017137700348381015 -0.14346008498248469 4.9101660728870042 3.8859227470972986 -0.23064478058994553 0.0038902491688654183 3.9809978458794055 -0.05192937786483777 -0.032995016965665931 -0.0084467506204131768 0.0089645323888068451 -0.016033517766433261 0.0017186172827211449 -0.17324884541648564 1.5788969656272949 -0.048801919925329888 -0.029319682303145356 0.00028796500637351543 -0.13004642167708941 0.0043627753829289344 0.049443231334312554 0.001333321016283285 0.0012535262418688804 -0.02931482927613149 -2.3991708430351096e-06 -0.16990051247493243 1.8467567940960865 -8.2893025586409148e-06 -0.070362858719012947 -0.099340579543922461
leaf_weight=29 254 20 162 136 30 38 22 28 21 20 37 30 58 21 43 25 23 224 20 279 29 51 140 25 20 35 55 20 20 26
leaf_count=29 254 20 162 136 30 38 22 28 21 20 37 30 58 21 43 25 23 224 20 279 29 51 140 25 20 35 55 20 20 26
internal_value=0.000542504 -0.00124293 -0.000474265 -0.00213699 -0.000235294 -0.00626471 -0.00654545 -0.00857895 -0.00317647 0.00134328 -0.00226316 0.00150351 -0.000513513 0.00145238 -0.000333333 -0.000191489 0.00114815 0.00169454 0.00144937 0.00109798 -0.00312245 0.0014186 0.000608696 -0.0010625 0.00130986 0.00202439 0.000666667 0.0015 0.001875 0.00169565
internal_weight=1941 601 544 292 204 68 88 57 68 1340 57 1283 111 252 90 47 81 1172 948 694 49 645 276 96 71 369 90 180 160 69
internal_count=1941 601 544 292 204 68 88 57 68 1340 57 1283 111 252 90 47 81 1172 948 694 49 645 276 96 71 369 90 180 160 69
is_linear=0
shrinkage=0.03


Tree=135
num_leaves=31
num_cat=0
split_feature=45 53 48 37 8 41 27 32 38 37 1 56 8 37 46 38 37 41 48 8 48 48 27 27 3 48 18 2 8 19
split_gain=3.19116 3.76555 1.67694 1.62207 1.22941 1.31772 1.47733 1.25994 1.49311 2.41474 2.04466 1.24076 0.932168 0.91614 1.7699 0.914286 0.881832 2.32264 0.474123 0.314881 0.249707 0.484335 0.810558 0.293354 0.3065 0.479921 0.667425 0.28368 0.23223 0.169582
threshold=69.500000000000014 121.50000000000001 68.000000000000014 195.92857145000002 5.5000000000000009 207.35764367468065 278.50000000000006 594.59553570000014 1038.8388393250004 641.01875000000007 8402.5714285000013 16.950000000000003 1.5000000000000002 138.64375000000004 23.150000000000002 743.97968750000018 989.91250000000014 283.34254602456753 87.500000000000014 4.5000000000000009 52.000000000000007 42.500000000000007 243.50000000000003 332.50000000000006 7285498.0000000009 1.0000000180025095e-35 19.500000000000004 8909.5000000000018 3.5000000000000004 15.500000000000002
decision_type=2 2 2 2 2 2 2 2 2 2 2 2 2 2 2 2 2 2 2 2 2 2 2 2 2 2 2 2 2 2
left_child=1 3 4 -1 5 -3 12 -8 9 15 -11 -12 -7 -14 -15 -9 18 -18 20 -20 21 23 -23 24 27 -26 -27 29 -24 -2
right_child=16 2 -4 -5 -6 6 7 8 -10 10 11 -13 13 14 -16 -17 17 -19 19 -21 -22 22 28 -25 25 26 -28 -29 -30 -31
leaf_value=-0.11162285241710777 0.001029864891951544 0.59716965107844489 -0.070593719118241111 -0.050371496528892626 4.8742548259406027 4.8699781120041212 0.015827173808420223 -0.26566274572147908 0.09089778529179339 -0.35942701456090165 -0.0052989554655995018 -0.49062929365199087 6.8715497763448985 -0.16077949427189861 0.0038797854740188539 0.099501355707321049 -0.0081933481018007809 0.0086955964171426398 -0.036529193736651609 0.0002048558000512969 0.0034143960008051668 -0.11506264078601933 0.00021428244008869126 -0.0032697354913285813 0.0010979780035787962 -0.0078093361802530478 0.004426127355709155 -0.021635665372071015 1.7500223954889358e-06 0.00078661394975005315
leaf_weight=29 458 81 20 28 92 70 30 21 31 24 22 21 39 30 39 24 20 37 28 20 152 33 55 28 36 33 29 32 43 336
leaf_count=29 458 81 20 28 92 70 30 21 31 24 22 21 39 30 39 24 20 37 28 20 152 33 55 28 36 33 29 32 43 336
internal_value=0.000573416 -0.00124293 -0.000474265 -0.00857895 -0.000148855 -0.000819444 -0.00161538 -0.0035896 -0.00476224 -0.006375 -0.00998507 -0.00606977 0.000303371 -0.00144444 -0.00352174 -0.001 0.00138806 -0.00226316 0.00155027 -0.001375 0.00166397 0.00150416 -0.000206107 0.0017395 0.00183117 0.000244898 -0.00135484 0.00201937 0.00116327 0.00213098
internal_weight=1941 601 544 57 524 432 351 173 143 112 67 43 178 108 69 45 1340 57 1283 48 1235 1083 131 952 924 98 62 826 98 794
internal_count=1941 601 544 57 524 432 351 173 143 112 67 43 178 108 69 45 1340 57 1283 48 1235 1083 131 952 924 98 62 826 98 794
is_linear=0
shrinkage=0.03


Tree=136
num_leaves=31
num_cat=0
split_feature=45 53 48 19 8 6 16 15 9 53 37 41 17 19 8 1 34 34 41 19 27 48 10 27 45 10 28 31 10 5
split_gain=3.03463 3.43768 1.74266 1.65235 1.09895 1.11529 1.81901 3.025 1.08 1.33929 0.947911 2.32264 0.776719 0.543379 1.49366 0.535714 0.383209 0.94347 0.682501 0.368553 0.776383 1.03125 0.679839 0.297458 0.296278 0.266829 0.25649 0.389812 0.239483 0.412544
threshold=69.500000000000014 121.50000000000001 68.000000000000014 1.0000000180025095e-35 5.5000000000000009 26.500000000000004 23.250000000000004 55.500000000000007 141.50000000000003 170.00000000000003 989.91250000000014 283.34254602456753 1.0000000180025095e-35 1.0000000180025095e-35 2.5000000000000004 10368.937500000002 503.98750000000007 602.9000000000002 272.73733998393732 1.5000000000000002 299.50000000000006 20.500000000000004 0.88144907265856365 285.50000000000006 73.500000000000014 0.98611507088852057 1008.35 44.249107145000004 0.95642797789208711 1.0000000180025095e-35
decision_type=2 2 2 2 2 2 2 2 2 2 2 2 2 2 2 2 2 2 2 2 2 2 2 2 2 2 2 2 2 2
left_child=1 3 4 -1 5 8 7 -7 9 -3 16 -12 -8 -10 -15 -11 19 -18 -19 20 25 -22 -23 -14 -21 -2 28 -28 -26 -30
right_child=10 2 -4 -5 -6 6 12 -9 13 15 11 -13 23 14 -16 -17 17 18 -20 24 21 22 -24 -25 26 -27 27 -29 29 -31
leaf_value=-0.072965752054365313 0.003191512418986831 -0.1272181417645851 -0.068475907544693876 -0.076183628835305939 4.7280271811623837 0.0021621392227967862 -0.034992434193339833 -0.15137337767533582 5.286385726388299 0.0048378082853854599 -0.0079475476587467578 0.0084347285246283606 0.047366031105710159 5.2511660541158696 -0.38664345189677995 -0.10766558092783739 -0.070794536991957327 -0.14759340800845905 0.0085081757998289251 -0.019620732805166498 -0.13078654239808485 0.00028118140982124804 -0.015155854373024576 -0.14691349698627698 0.00053834794096301378 -0.052653747207375916 -4.4331944296034134e-05 0.67772585566266996 -0.0030610921360894809 0.0080658264479116695
leaf_weight=20 274 24 20 37 92 20 33 20 119 64 20 37 39 46 27 20 27 33 111 22 27 86 28 20 503 22 21 22 34 73
leaf_count=20 274 24 20 37 92 20 33 20 119 64 20 37 39 46 27 20 27 33 111 22 27 86 28 20 503 22 21 22 34 73
internal_value=0.000727975 -0.00104326 -0.000308823 -0.00805263 2.29009e-05 -0.000611111 -0.00290909 -0.00825 0.0004 -0.002 0.00152239 -0.00226316 -0.000586956 0.00175 -0.000287671 -0.000214286 0.00169057 0.000368421 0.00133333 0.00189388 0.0012151 -0.000617021 0.000631579 0.00147458 0.00233333 0.00208784 0.0024487 0.000209302 0.00260656 0.00131776
internal_weight=1941 601 544 57 524 432 132 40 300 108 1340 57 92 192 73 84 1283 171 144 1112 437 141 114 59 675 296 653 43 610 107
internal_count=1941 601 544 57 524 432 132 40 300 108 1340 57 92 192 73 84 1283 171 144 1112 437 141 114 59 675 296 653 43 610 107
is_linear=0
shrinkage=0.03


Tree=137
num_leaves=31
num_cat=0
split_feature=45 53 49 48 8 41 27 46 57 16 46 44 53 49 4 18 46 18 56 27 40 10 3 36 43 35 34 44 1 58
split_gain=2.2854 3.1716 1.91219 1.83224 0.936387 0.925812 1.16498 1.51435 1.01427 0.994178 2.77088 0.779442 0.541935 0.411473 0.84886 0.492306 0.976007 2.38095 0.755324 0.507967 0.442201 0.440212 0.744084 0.405467 0.290533 0.272758 0.674804 0.309298 0.159596 0.138462
threshold=69.500000000000014 121.50000000000001 1.5000000000000002 68.000000000000014 5.5000000000000009 232.23546690007882 278.50000000000006 23.350000000000005 288.50000000000006 23.150000000000002 22.950000000000003 32.250000000000007 170.00000000000003 2.5000000000000004 1.0000000180025095e-35 20.500000000000004 25.050000000000004 3.5000000000000004 4.5500000000000007 299.50000000000006 861.35115326458333 0.95642797789208711 6535062.3750000009 38.178571425000008 -328.25803569999999 1029.6071430000002 506.94375000000008 30.250000000000004 3570.0000000000005 1007.1500000000002
decision_type=2 2 2 2 2 2 2 2 2 2 2 2 2 2 2 2 2 2 2 2 2 2 2 2 2 2 2 2 2 2
left_child=1 2 -1 4 5 24 9 -8 12 10 -7 -10 -9 14 -2 16 17 -16 -17 29 21 25 -23 -24 -3 27 -27 -15 -11 -18
right_child=13 3 -4 -5 -6 6 7 8 11 28 -12 -13 -14 20 15 18 19 -19 -20 -21 -22 22 23 -25 -26 26 -28 -29 -30 -31
leaf_value=-0.070776779492734351 -0.0009810350709165065 -0.0072728836963864467 -0.073898119970246756 -0.066421630318353062 4.5861863657275128 0.016401419419045486 -0.12536202725291615 -0.10672213425872482 -0.26671745620891602 0.01723819082228879 -0.25917954124743448 -0.14510198741651084 0.025017861853493237 0.00065579989236090933 0.0067637475520010756 -0.036259420146882299 0.0024047313017567279 -0.049572736773829659 0.0022201450327887511 -0.052385068895426275 -0.099202404359958599 0.0066976858270578251 -0.020227533622403277 0.0043338947283765522 0.062343890526154085 0.007105446516501893 -0.023762735704888151 0.0017178867351216409 0.059101052668986666 0.00056143820412891162
leaf_weight=20 36 20 37 20 92 39 33 20 23 20 21 28 42 575 21 33 64 21 276 36 33 59 26 23 107 43 31 23 79 40
leaf_count=20 36 20 37 20 92 39 33 20 23 20 21 28 42 575 21 33 64 21 276 36 33 59 26 23 107 43 31 23 79 40
internal_value=0.000743431 -0.000793677 -0.00752632 -8.82352e-05 0.000251909 -0.000333333 -0.00122951 -0.00316438 -0.00151327 0.00054717 -0.0025 -0.00464706 0.00106452 0.00143284 0.000779886 0.00110591 -0.000131868 -0.00414286 0.00183495 0.00107143 0.00185609 0.002 0.000222222 -0.0025102 0.0018189 0.00228571 0.000567568 0.00249833 0.00239394 0.00213462
internal_weight=1941 601 57 544 524 432 305 146 113 159 60 51 62 1340 527 491 182 42 309 140 813 780 108 49 127 672 74 598 99 104
internal_count=1941 601 57 544 524 432 305 146 113 159 60 51 62 1340 527 491 182 42 309 140 813 780 108 49 127 672 74 598 99 104
is_linear=0
shrinkage=0.03


Tree=138
num_leaves=31
num_cat=0
split_feature=45 53 19 48 6 6 11 37 59 12 56 10 48 36 5 33 33 34 34 48 3 57 56 6 28 27 10 47 10 27
split_gain=2.35296 3.07824 1.91219 1.78717 0.950959 3.16236 3.17358 0.871051 1.69389 0.840678 1.34728 0.718758 1.08252 0.533461 0.755462 0.448718 0.395257 0.289161 0.777778 0.456964 0.816588 0.440577 0.506137 0.266327 0.222166 0.207523 0.376544 0.467577 0.181941 0.331263
threshold=69.500000000000014 121.50000000000001 1.0000000180025095e-35 68.000000000000014 26.500000000000004 28.500000000000004 -0.88144907265856332 989.91250000000014 0.15000000000000005 0.60980454008255491 9.4500000000000011 -0.32143946530316159 1.5000000000000002 1187.3553570000001 22.500000000000004 1008.5285715000001 910.72857145000012 506.94375000000008 602.9000000000002 3.5000000000000004 6411832.0715000005 330.50000000000006 4.6500000000000012 30.500000000000004 1008.7500000000001 304.50000000000006 -0.58216583101416164 83.500000000000014 0.98611507088852057 70.000000000000014
decision_type=2 2 2 2 2 2 2 2 2 2 2 2 2 2 2 2 2 2 2 2 2 2 2 2 2 2 2 2 2 2
left_child=1 2 -1 4 9 6 -6 13 -9 -3 -11 12 16 17 -15 -7 -12 21 -19 -20 -21 24 -23 -24 25 28 -27 -28 -2 -30
right_child=7 3 -4 -5 5 15 -8 8 -10 10 11 -13 -14 14 -16 -17 -18 18 19 20 -22 22 23 -25 -26 26 27 -29 29 -31
leaf_value=-0.068653476107952333 0.0010463134080831756 3.8796728577101716 -0.071681176371139355 -0.064428981408802474 -0.21379133617490831 1.9981209953137902 -0.00060136790110346789 -0.0079841099726972592 7.8425385915487693 -0.24999324667340084 -0.19234780538623061 0.027702167256091131 -0.22443450483309749 -3.1622145134425267e-05 0.00024809106545880215 -0.048195451761419913 0.11014881209735858 -0.082049003320871394 0.0083105436178132364 -0.14467647416555882 0.01958044851831672 -0.061380021342045933 0.0063741590070295817 -0.0039646456562064643 -0.010931866261219178 -0.15932731775551237 0.00085990299569552924 -8.9545998048413497e-05 -0.016139842427091978 0.023939619987073328
leaf_weight=20 672 124 37 20 30 70 38 29 28 20 33 117 30 26 29 26 36 24 73 22 49 20 29 20 23 22 182 22 24 46
leaf_count=20 672 124 37 20 30 70 38 29 28 20 33 117 30 26 29 26 36 24 73 22 49 20 29 20 23 22 182 22 24 46
internal_value=0.000666152 -0.000893511 -0.00752632 -0.000198529 0.000137405 -0.0017561 -0.00670588 0.00136567 -0.00226316 0.001 -5.08473e-05 0.000638889 -0.00124242 0.00152689 -0.00136364 0.00175 0.000826087 0.00165635 0.0005 0.00133333 -0.000380282 0.00183962 -0.000478261 0.00116327 0.00200101 0.00207025 0.00127434 0.00167647 0.00231267 0.000857143
internal_weight=1941 601 57 544 524 164 68 1340 57 360 236 216 99 1283 55 96 69 1228 168 144 71 1060 69 49 991 968 226 204 742 70
internal_count=1941 601 57 544 524 164 68 1340 57 360 236 216 99 1283 55 96 69 1228 168 144 71 1060 69 49 991 968 226 204 742 70
is_linear=0
shrinkage=0.03


Tree=139
num_leaves=31
num_cat=0
split_feature=45 44 12 49 17 6 6 30 58 44 16 12 33 27 45 14 35 46 53 10 40 33 24 45 8 18 48 3 5 10
split_gain=2.1944 3.28682 6.01475 5.56001 2.7681 1.16722 3.04357 2.28438 0.670111 1.06896 2.64652 0.838095 0.625 0.544023 0.521383 1.12163 0.550608 0.475014 0.92507 1.52269 0.45313 0.441472 0.422725 0.4 0.250679 0.126106 0.361956 0.213301 0.184689 0.192888
threshold=69.500000000000014 31.650000000000002 0.64987354830121502 1.5000000000000002 14.500000000000002 26.500000000000004 28.500000000000004 896.91428570000016 1006.85 28.250000000000004 25.050000000000004 0.56811179347017271 747.78750000000002 330.50000000000006 84.500000000000014 28.650000000000002 794.49553570000012 23.750000000000004 179.50000000000003 1.0000000180025095e-35 861.35115326458333 1008.5285715000001 336.4500000000001 88.500000000000014 1.0000000180025095e-35 45.500000000000007 43.500000000000007 7356808.642500001 1.0000000180025095e-35 0.84874750804349197
decision_type=2 2 2 2 2 2 2 2 2 2 2 2 2 2 2 2 2 2 2 2 2 2 2 2 2 2 2 2 2 2
left_child=1 2 4 -4 12 17 7 -7 20 10 -10 -12 -1 14 16 24 -11 18 -3 -20 22 -8 25 -13 -16 26 27 28 29 -2
right_child=8 5 3 -5 -6 6 21 -9 9 13 11 23 -14 -15 15 -17 -18 -19 19 -21 -22 -23 -24 -25 -26 -27 -28 -29 -30 -31
leaf_value=-0.10588808284751368 0.0020310731655266349 0.044369148528851501 -0.10812641387402251 -0.07475860283959454 1.1252179787597969 -0.016732714675744661 3.0589322546634317 -0.12271374738042724 -0.010937634207899552 0.001115380861099329 0.0035725849754910731 -0.00023576337546740204 -0.040215270197630291 -0.012632692245082107 2.1036661640807165e-05 -0.025083660543689813 -0.087512641705422653 2.0353063028338125 -0.21200861600378121 0.015944052654713655 -0.092706192384890002 -0.046749588208577442 -0.044408526183346494 8.5420737419837886e-05 0.0016172782244138939 0.0023039683379121544 -0.0076142855365703638 0.00010040967334807561 0.0012301190796474612 -0.0035194468878160879
leaf_weight=20 109 71 24 33 76 30 66 22 20 247 44 20 20 33 23 23 23 160 24 29 33 26 25 20 41 188 27 25 407 32
leaf_count=20 109 71 24 33 76 30 66 22 20 247 44 20 20 33 23 23 23 160 24 29 33 26 25 20 41 188 27 25 407 32
internal_value=0.000712519 -0.000793677 -0.00428324 -0.0122632 -0.000362069 0.000616823 -0.00158333 -0.00738462 0.00138806 0.000510122 -0.00219231 0.000142857 -0.00675 0.00123077 0.00157143 -0.000448276 0.00222222 0.00173239 0.00033871 -0.00266038 0.00190071 0.00169565 0.00204059 -0.003 0.00159375 0.00216244 0.00195 0.00210995 0.00223358 0.00129787
internal_weight=1941 601 173 57 116 428 144 52 1340 494 104 84 40 390 357 87 270 284 124 53 846 92 813 40 64 788 600 573 548 141
internal_count=1941 601 173 57 116 428 144 52 1340 494 104 84 40 390 357 87 270 284 124 53 846 92 813 40 64 788 600 573 548 141
is_linear=0
shrinkage=0.03


Tree=140
num_leaves=31
num_cat=0
split_feature=45 53 9 48 58 2 17 37 41 51 22 48 56 46 42 48 36 28 26 9 35 36 57 24 15 3 18 47 43 37
split_gain=3.059 3.86874 2.20258 5.82054 3.20703 2.14796 1.06115 0.903593 2.32264 0.83753 1.15728 1.1018 1.60232 1.4881 0.534396 0.30521 0.477513 0.296882 0.528526 0.859847 0.657515 0.356375 0.310239 0.277822 0.25 0.237863 0.235043 0.137845 0.170275 0.292951
threshold=69.500000000000014 121.50000000000001 141.50000000000003 26.500000000000004 1006.0500000000001 6398.1071430000011 50.500000000000007 989.91250000000014 283.34254602456753 579.50000000000011 441.50000000000006 3.5000000000000004 14.450000000000001 23.450000000000003 121.86607135000004 87.500000000000014 82.36875000000002 1007.1500000000002 4.5500000000000007 146.50000000000003 794.49553570000012 1148.9428570000002 322.50000000000006 336.4500000000001 84.500000000000014 6394710.7500000009 1.5000000000000002 10.500000000000002 1.0000000180025095e-35 267.70982145000011
decision_type=2 2 2 2 2 2 2 2 2 2 2 2 2 2 2 2 2 2 2 2 2 2 2 2 2 2 2 2 2 2
left_child=1 5 3 6 -5 -1 26 15 -9 -4 -11 14 -13 -14 -12 17 -17 23 19 -19 21 22 -20 27 -21 -23 -3 -2 29 -29
right_child=7 2 9 4 -6 -7 -8 8 -10 10 11 12 13 -15 -16 16 -18 18 20 24 -22 25 -24 -25 -26 -27 -28 28 -30 -31
leaf_value=-0.057262291168803325 0.0040465329579407886 1.4126785552175778 2.0163772136597298 -0.11088388071349609 -0.034271031000490448 -0.089126840020909731 -0.27625995376255397 -0.0071120378514389565 0.0083058755620252292 -0.33986975760268157 0.071655502468826793 8.779500635480165 -0.13177076617987415 -0.10098113753704194 -0.023622409944654661 -0.14204193212991637 0.00038759602977328923 -0.17414397973234669 0.0032398226361379919 0.0019062377501000245 -0.091259781761552708 0.0001963368168900527 0.00054448292536691774 -0.035691474697143739 -0.0017809172876787043 -3.4740675845134234e-05 0.00082777915790630647 0.00048540071224547937 0.014001810662753345 -0.0051680846415691406
leaf_weight=20 129 55 112 21 20 37 26 20 37 32 139 31 20 28 34 21 27 23 199 25 24 21 39 32 20 20 26 550 113 40
leaf_count=20 129 55 112 21 20 37 26 20 37 32 139 31 20 28 34 21 27 23 199 25 24 21 39 32 20 20 26 550 113 40
internal_value=0.00063524 -0.00114309 -0.00036397 -0.00348649 -0.0130976 -0.00857895 0.000196262 0.00143284 -0.00226316 0.00080303 -6.33802e-05 0.000619048 -0.00231646 -0.00575 0.00195954 0.00159704 -0.00075 0.00168826 0.000978437 -0.00141176 0.00151485 0.00192473 0.00236975 0.00199306 0.001 -0.000658536 0.00188889 0.00209856 0.00193314 0.00172881
internal_weight=1941 601 544 148 41 57 107 1340 57 396 284 252 79 48 173 1283 48 1235 371 68 303 279 238 864 45 41 81 832 703 590
internal_count=1941 601 544 148 41 57 107 1340 57 396 284 252 79 48 173 1283 48 1235 371 68 303 279 238 864 45 41 81 832 703 590
is_linear=0
shrinkage=0.03


Tree=141
num_leaves=31
num_cat=0
split_feature=45 9 49 45 4 1 6 53 37 59 2 58 43 17 34 9 27 56 27 40 2 56 2 27 58 2 11 54 9 9
split_gain=3.4815 3.66338 8.2871 3.96006 2.83393 1.27069 0.999958 2.19111 0.914573 1.69389 0.67624 0.68911 0.690643 0.635856 0.443001 0.894548 0.320603 0.617869 0.492638 0.429734 0.330357 0.29553 0.680272 0.212042 0.471353 0.570466 0.852439 0.56155 0.301286 0.200918
threshold=69.500000000000014 141.50000000000003 3.5000000000000004 61.500000000000007 15.500000000000002 1215.7500000000002 26.500000000000004 199.50000000000003 989.91250000000014 0.15000000000000005 4396.5000000000009 1005.4500000000002 -90.129464270000042 50.500000000000007 1032.7062500000002 144.50000000000003 314.00000000000006 3.6500000000000008 317.50000000000006 861.35115326458333 8909.5000000000018 10.250000000000002 63.750000000000007 268.50000000000006 1007.1500000000002 151.25000000000003 0.52778511650980109 336.4500000000001 137.50000000000003 157.50000000000003
decision_type=2 2 2 2 2 2 2 2 2 2 2 2 2 2 2 2 2 2 2 2 2 2 2 2 2 2 2 2 2 2
left_child=1 2 3 -1 -5 -3 14 10 16 -10 -8 -12 -13 -4 -7 -16 19 -18 -19 20 23 -20 -23 24 27 26 -26 29 -25 -2
right_child=8 5 13 4 -6 6 7 -9 9 -11 11 12 -14 -15 15 -17 17 18 21 -21 -22 22 -24 28 25 -27 -28 -29 -30 -31
leaf_value=-0.029161308759882536 0.00097707904655854549 -0.095442742987095139 0.093917591054398272 -0.09355442602880458 -0.064290356793691314 3.4446703050857894 0.17944763172993738 -0.24964869409470261 -0.0072030965117361873 7.6092427296608678 0.020522062076357116 -0.049571759421536951 0.0025977645166721961 -0.28425370417269391 -0.36054491757131663 1.7551805723338676 -0.033193022085560513 -2.2743096834835847e-05 0.0014675409419804299 -0.12962803956514371 -0.019826468876922701 -0.0059252002798005137 1.1581307466068178 6.5771592903128277e-05 -0.10213382079545018 0.0043044552134800743 4.3298315165548035e-05 -0.04322108463543773 0.0018360168915191029 4.4406921331197364e-05
leaf_weight=28 405 21 74 28 20 170 61 20 29 28 39 31 22 23 22 42 27 36 112 23 28 21 28 24 21 60 37 21 411 29
leaf_count=28 405 21 74 28 20 170 61 20 29 28 39 31 22 23 22 42 27 36 112 23 28 21 28 24 21 60 37 21 411 29
internal_value=0.000604328 -0.00129285 -0.00497688 -0.0123947 -0.017625 0.000196262 0.000567568 -0.00116185 0.00145522 -0.00226316 5.88236e-05 -0.00156522 -0.00379245 0.000835052 0.00184615 -0.00028125 0.00162042 0.000589286 0.00117259 0.00183853 0.00192857 0.00188199 -6.12244e-05 0.00201786 0.00163874 -5.08473e-05 -0.00217241 0.00207692 0.00251724 0.00230876
internal_weight=1941 601 173 76 48 428 407 173 1340 57 153 92 53 97 234 64 1283 224 197 1059 1036 161 49 1008 573 118 58 455 435 434
internal_count=1941 601 173 76 48 428 407 173 1340 57 153 92 53 97 234 64 1283 224 197 1059 1036 161 49 1008 573 118 58 455 435 434
is_linear=0
shrinkage=0.03


Tree=142
num_leaves=31
num_cat=0
split_feature=45 9 49 41 27 23 6 6 41 17 17 2 28 6 27 40 19 19 10 9 26 10 10 8 4 36 3 6 19 39
split_gain=4.34486 3.09194 8.2871 4.64645 2.28846 1.37143 1.51601 2.82159 3.31813 1.38473 0.635856 0.555255 0.490038 0.997159 1.53409 0.343555 0.408841 0.616086 1.02172 1.04044 0.521046 0.497696 0.538911 0.394055 0.548753 1.33885 0.278404 0.216242 0.272807 0.52108
threshold=69.500000000000014 141.50000000000003 3.5000000000000004 318.54190185531883 295.50000000000006 117.50000000000001 26.500000000000004 28.500000000000004 337.32860797504355 1.5000000000000002 50.500000000000007 6291.4375000000009 1006.5500000000001 21.500000000000004 294.50000000000006 861.35115326458333 2.5000000000000004 1.0000000180025095e-35 0.44228869021900147 143.50000000000003 9.1500000000000004 0.98611507088852057 -0.97335555334614932 3.5000000000000004 4.5000000000000009 679.66071430000011 7632893.3575000009 24.500000000000004 16.500000000000004 26.904687499000005
decision_type=2 2 2 2 2 2 2 2 2 2 2 2 2 2 2 2 2 2 2 2 2 2 2 2 2 2 2 2 2 2
left_child=1 2 3 4 -1 -3 12 8 9 -8 -4 -9 13 -7 -15 16 17 21 19 -19 -21 22 -2 -24 25 -25 27 -18 29 -29
right_child=15 5 10 -5 -6 6 7 11 -10 -11 -12 -13 -14 14 -16 -17 26 18 -20 20 -22 -23 23 24 -26 -27 -28 28 -30 -31
leaf_value=-0.08674695404223004 -0.049421423532310729 -0.094993632008262913 0.091100063322766336 -0.03293714897282482 -0.060565031022605506 3.1938737481357067 -0.0073069717294596912 3.3211103169921929 -0.23831290162208651 0.009278703268707434 -0.27572609304751294 -0.022127254652477286 5.284033938130511 -0.32212941604846862 0.78985701739616454 -0.086604008998552279 0.00086703841630344884 -0.0069870036163841012 0.0040776716093452615 0.00024901497681728731 -0.0016334410822713104 -0.037284061387002604 0.0062974260077557328 -0.013041299012583196 0.002497170403112179 0.00066786216569877412 -0.0012059365033400512 -0.020882260798224896 0.0031634674869094768 0.011442795303009456
leaf_weight=20 20 28 74 25 31 52 22 77 22 30 23 20 133 24 20 33 682 29 42 24 37 28 188 25 99 40 20 20 26 27
leaf_count=20 20 28 74 25 31 52 22 77 22 30 23 20 133 24 20 33 682 29 42 24 37 28 188 25 99 40 20 20 26 27
internal_value=0.000527048 -0.00159235 -0.00497688 -0.0123947 -0.0175882 -0.000224299 0.000225 -0.00191228 -0.00632432 -0.00219231 0.000835052 0.00145361 0.00182096 0.0001875 -0.00313636 0.00147761 0.00155394 0.000913534 -0.000863636 -0.00266667 -0.000442623 0.0015 0.00179032 0.0020625 0.000987805 -0.00115385 0.00199355 0.00208609 0.000534247 -0.000829787
internal_weight=1941 601 173 76 51 428 400 171 74 52 97 97 229 96 44 1340 1307 532 132 90 61 400 372 352 164 65 775 755 73 47
internal_count=1941 601 173 76 51 428 400 171 74 52 97 97 229 96 44 1340 1307 532 132 90 61 400 372 352 164 65 775 755 73 47
is_linear=0
shrinkage=0.03


Tree=143
num_leaves=31
num_cat=0
split_feature=45 9 49 41 27 23 6 6 41 17 2 17 19 4 40 8 10 33 1 51 6 15 16 44 16 3 19 44 9 8
split_gain=4.00579 3.27704 8.2871 4.64645 2.28846 1.43199 1.48013 2.06744 3.29571 0.999349 0.778563 0.635856 0.419899 1.14835 0.450166 0.380318 0.940206 0.4 0.360995 0.52474 0.504736 0.579321 1.57537 0.853296 1.44 0.284608 0.213571 0.188153 0.180703 0.145946
threshold=69.500000000000014 141.50000000000003 3.5000000000000004 318.54190185531883 295.50000000000006 117.50000000000001 26.500000000000004 28.500000000000004 341.41430920263832 9.5000000000000018 6267.6250000000009 50.500000000000007 2.5000000000000004 1.0000000180025095e-35 861.35115326458333 3.5000000000000004 -0.41248606129204546 1100.7142855000004 2070.0000000000005 105.00000000000001 26.500000000000004 86.500000000000014 25.950000000000003 28.350000000000005 24.550000000000004 7632893.3575000009 1.0000000180025095e-35 30.250000000000004 157.50000000000003 1.5000000000000002
decision_type=2 2 2 2 2 2 2 2 2 2 2 2 2 2 2 2 2 2 2 2 2 2 2 2 2 2 2 2 2 2
left_child=1 2 3 4 -1 -3 15 8 9 -8 -9 29 13 -2 25 -7 17 -17 19 20 21 22 23 24 -15 27 -25 28 -14 -4
right_child=12 5 11 -5 -6 6 7 10 -10 -11 -12 -13 14 18 -16 16 -18 -19 -20 -21 -22 -23 -24 26 -26 -27 -28 -29 -30 -31
leaf_value=-0.08414454542096314 -0.00030436264197104075 -0.092143823048015036 0.0026651593022565356 -0.031949034503640068 -0.058748080091927349 3.4500137466959337 -0.011426385479985668 4.331489155407005 -0.23352927196564333 0.031040461361887164 -0.044536638240908456 -0.26745431025608724 0.00097122291813947297 0.007369794786356766 -0.084005888728595726 -0.33313757483448719 9.9979145848585258 0.013709332328807427 2.3196901164178461 -0.042019351547429758 0.001021865997214912 0.00056228900905753423 -0.16119851362384505 0.0088202615435486898 -0.015375365830095571 -0.0011697584082398496 0.0025033283163663866 0.021377634786268907 1.7063561202157976e-05 4.8422675796341492
leaf_weight=20 37 28 20 25 31 132 29 75 21 24 22 23 699 25 33 20 57 20 82 30 157 67 21 64 20 20 29 27 29 54
leaf_count=20 37 28 20 25 31 132 29 75 21 24 22 23 699 25 33 20 57 20 82 30 157 67 21 64 20 20 29 27 29 54
internal_value=0.000542504 -0.00149251 -0.00497688 -0.0123947 -0.0175882 -8.4112e-05 0.000375 -0.00173684 -0.00551351 -0.0015283 0.00114433 0.000835052 0.00145522 0.000800752 0.00188614 0.00195197 0.000525773 -0.003 0.00118182 0.000820823 0.0011201 0.000212389 -0.000773585 0.000391304 -0.003 0.00203226 0.00203226 0.00212583 0.00221703 0.00218919
internal_weight=1941 601 173 76 51 428 400 171 74 53 97 97 1340 532 808 229 97 40 495 413 383 226 159 138 45 775 93 755 728 74
internal_count=1941 601 173 76 51 428 400 171 74 53 97 97 1340 532 808 229 97 40 495 413 383 226 159 138 45 775 93 755 728 74
is_linear=0
shrinkage=0.03


Tree=144
num_leaves=31
num_cat=0
split_feature=44 28 34 8 23 51 23 46 19 19 4 37 27 40 46 16 35 42 12 15 15 16 44 2 8 16 16 58 36 6
split_gain=3.10333 4.25995 7.19204 2.20203 3.14816 2.36469 4.3503 0.908444 0.870606 0.640477 1.01503 0.621776 0.816459 0.488511 0.478417 0.466479 0.609524 0.3576 0.376738 0.425076 0.839752 0.927536 1.13635 0.304458 0.50168 0.568422 0.824656 0.274709 0.456269 0.238631
threshold=30.250000000000004 1006.5500000000001 152.01875000000004 4.5000000000000009 119.50000000000001 835.50000000000011 179.50000000000003 23.150000000000002 64.500000000000014 2.5000000000000004 1.0000000180025095e-35 257.67857145000005 289.50000000000006 861.35115326458333 23.950000000000003 23.650000000000002 683.04464285000006 -10.553571500000059 0.56811179347017271 80.500000000000014 86.500000000000014 25.950000000000003 28.350000000000005 118.14285715000001 1.5000000000000002 24.850000000000005 25.050000000000004 1007.5500000000001 179.56785715000004 26.500000000000004
decision_type=2 2 2 2 2 2 2 2 2 2 2 2 2 2 2 2 2 2 2 2 2 2 2 2 2 2 2 2 2 2
left_child=9 2 -2 4 -4 15 -7 -3 29 10 -1 -5 -13 23 -12 -6 -17 -16 -19 -20 21 22 -21 24 25 -11 -27 28 -28 -9
right_child=1 7 3 11 5 6 -8 8 -10 13 14 12 -14 -15 17 16 -18 18 19 20 -22 -23 -24 -25 -26 26 27 -29 -30 -31
leaf_value=-0.0002952317627119096 -0.10247396834201537 -0.039756947783725842 -0.099181462091078545 -0.058782252756444595 0.019678325677916341 -0.017449616380034241 -0.26634472471495324 4.6536101847163316 -0.26485786395607674 0.00029659684953115331 -0.056610270545445984 -0.07414582333832892 0.74145198856605721 -0.088010355322560463 -0.039181228843982382 -0.086790987750578225 0.010125498540264895 0.0010417129844138896 0.019331245222663742 -0.012689662381851942 0.00054542033878580824 -0.1563625582151297 0.0031747817680054958 0.0026653357019215565 0.00034276401832558846 -0.00019519362200154359 0.0064193195370082622 0.0058457184191315001 -0.023828165659206025 0.10186705447878763
leaf_weight=37 20 33 26 20 43 36 23 178 22 35 24 21 97 31 21 20 28 179 65 24 70 23 45 440 220 22 23 21 20 74
leaf_count=37 20 33 26 20 43 36 23 178 22 35 24 21 97 31 21 20 28 179 65 24 70 23 45 440 220 22 23 21 20 74
internal_value=0.000496136 -0.00121217 -0.00355689 -0.00244586 -0.00467045 -0.003 -0.00767797 0.00133876 0.00190511 0.00133846 0.000479508 0.000391304 0.00122034 0.00185468 0.000871397 3.29671e-05 -0.002 0.00110304 0.00130049 0.000488987 -0.000333333 -0.00221739 -0.000478261 0.00200128 0.00132845 -0.00022314 -0.00153488 0.0001875 -0.00118605 0.00240476
internal_weight=1941 641 334 314 176 150 59 307 274 1300 488 138 118 812 451 91 48 427 406 227 162 92 69 781 341 121 86 64 43 252
internal_count=1941 641 334 314 176 150 59 307 274 1300 488 138 118 812 451 91 48 427 406 227 162 92 69 781 341 121 86 64 43 252
is_linear=0
shrinkage=0.03


Tree=145
num_leaves=31
num_cat=0
split_feature=45 28 10 53 18 51 43 30 16 37 47 6 52 38 27 40 14 44 58 3 27 17 16 10 40 58 4 17 24 10
split_gain=3.45089 3.41788 6.81026 2.28178 2.8074 2.89307 1.27315 0.968495 0.801921 0.490804 1.33636 0.470879 0.574449 1.58622 0.365604 0.778236 0.604892 1.05887 1.47659 0.55245 0.391575 0.570775 0.811118 1.23553 0.778302 0.573641 0.544444 0.310749 0.302201 0.278108
threshold=69.500000000000014 1006.5500000000001 0.47114434510950082 117.50000000000001 3.5000000000000004 838.00000000000011 -105.81517854999991 1147.2705355000001 23.150000000000002 1069.7642860000003 39.500000000000007 17.500000000000004 601.50000000000011 687.18348215000026 304.50000000000006 861.35115326458333 28.550000000000004 28.650000000000002 1007.35 6278640.8750000009 268.50000000000006 54.500000000000007 24.750000000000004 0.72947329433276253 452.89589534312506 1007.1500000000002 19.500000000000004 55.500000000000007 331.90000000000003 0.84874750804349197
decision_type=2 2 2 2 2 2 2 2 2 2 2 2 2 2 2 2 2 2 2 2 2 2 2 2 2 2 2 2 2 2
left_child=1 2 3 -1 7 6 -6 11 -3 14 -11 -5 13 -13 15 20 -16 18 -18 -19 21 22 23 24 -2 -24 -27 -21 -10 -29
right_child=9 8 -4 4 5 -7 -8 -9 28 10 -12 12 -14 -15 16 -17 17 19 -20 27 -22 -23 25 -25 -26 26 -28 29 -30 -31
leaf_value=-0.073160085761267438 0.017395243249368669 -0.067067407576686999 -0.096549767477070822 3.5349333979782287 -0.080976641228941368 -0.10301704028978925 0.020063073612377479 -0.084430787279011169 -0.05077346917710155 -0.0064549858799116903 0.0093571885964753871 0.037493031647205764 0.03674184563552127 -0.35365355911424184 0.00052905772862223393 -0.1220569090976603 8.9913406483172972e-05 -0.063033154315689635 -0.0061854466204800162 0.0029343220387872205 0.0023233935483661086 0.00038646088633600365 0.0010218647527075512 -0.060326616524026218 -0.035270785447307627 -0.084524631421164037 0.004338026673429177 0.002749105423445526 2.3479538619064662 -0.017561164745316635
leaf_weight=33 33 36 21 66 32 23 22 20 20 20 24 35 72 29 155 22 36 24 20 71 327 328 131 21 20 24 36 27 192 21
leaf_count=33 33 36 21 66 32 23 22 20 20 20 24 35 72 29 155 22 36 24 20 71 327 328 131 21 20 24 36 27 192 21
internal_value=0.000496136 -0.00139268 -0.00328895 -0.00224096 -0.00141472 -0.00635065 -0.00255556 0.000297297 0.00130645 0.00134328 -0.00177273 0.000920792 -8.82352e-05 -0.00215625 0.00144907 0.00175796 0.000627119 -0.000467337 -0.00396429 0.000902098 0.0018913 0.0014317 0.000396227 -0.00227027 0.000169811 0.00142932 -0.001 0.0017395 0.00200943 -0.000125
internal_weight=1941 601 353 332 299 77 54 222 248 1340 44 202 136 64 1296 942 354 199 56 143 920 593 265 74 53 191 60 119 212 48
internal_count=1941 601 353 332 299 77 54 222 248 1340 44 202 136 64 1296 942 354 199 56 143 920 593 265 74 53 191 60 119 212 48
is_linear=0
shrinkage=0.03


Tree=146
num_leaves=31
num_cat=0
split_feature=45 53 54 9 6 31 6 6 11 2 47 28 18 16 37 47 57 56 57 27 34 41 39 42 37 56 31 9 28 58
split_gain=3.82533 3.01114 1.63441 1.62415 5.61073 1.90431 1.41909 2.41517 3.56909 0.888158 0.850694 0.599893 0.976864 0.592208 0.50501 1.33636 0.330844 0.623649 0.726846 0.470614 0.626196 1.62054 0.916667 0.456355 1.45738 0.30608 0.669643 0.283377 0.248771 0.481441
threshold=69.500000000000014 121.50000000000001 528.10000000000014 141.50000000000003 18.500000000000004 766.22410715000012 26.500000000000004 28.500000000000004 -0.88144907265856332 6267.6250000000009 50.500000000000007 1006.5500000000001 1.5000000000000002 23.550000000000004 1069.7642860000003 39.500000000000007 314.00000000000006 3.6500000000000008 317.50000000000006 268.50000000000006 522.16250000000014 260.15625666338218 180.75446428312503 36.331250015000002 126.36607145000001 10.250000000000002 64.175000000000011 137.50000000000003 1006.1500000000002 1005.35
decision_type=2 2 2 2 2 2 2 2 2 2 2 2 2 2 2 2 2 2 2 2 2 2 2 2 2 2 2 2 2 2
left_child=1 2 -1 4 10 -6 11 8 -8 -9 -3 12 13 -5 16 -16 19 -18 -19 20 23 -22 -23 28 -25 -20 -27 -21 29 -2
right_child=14 3 -4 6 5 -7 7 9 -10 -11 -12 -13 -14 -15 15 -17 17 18 25 27 21 22 -24 24 -26 26 -28 -29 -30 -31
leaf_value=-0.030075923862674318 0.00031575352923315833 4.9841137662743593 -0.080910470905583134 3.7882300483623288 -0.089652434948962523 -0.025767037203974167 -0.20350741994776897 4.0736027294134942 0.0016945338546697222 -0.037894273904087811 -0.20051310868961003 4.5032488269219906 -0.27960462541102804 -0.11649680721115857 -0.0062613363035143397 0.0090764729385811246 -0.026993568648148034 -2.2160583755618752e-05 0.0012045634207534868 -0.00045133045901432796 -0.24350674810935222 -0.038704713446468461 0.045345931731682949 -0.16962453075819464 0.92370370234926391 -0.005232549271863467 1.3332673695262771 0.0017218071359018049 0.0013834511426799286 -2.3300970370252393e-05
leaf_weight=32 145 60 25 57 23 29 30 76 38 20 36 135 20 20 20 24 26 36 113 24 21 20 55 20 43 21 27 446 229 70
leaf_count=32 145 60 25 57 23 29 30 76 38 20 36 135 20 20 20 24 26 36 113 24 21 20 55 20 43 21 27 446 229 70
internal_value=0.000496136 -0.00149251 -0.00805263 -0.000805147 -0.00348649 -0.0114231 0.00019697 -0.00193902 -0.00626471 0.001125 0.0008125 0.0017069 -9.27834e-05 0.00144156 0.00138806 -0.00177273 0.00149537 0.000443946 0.0010203 0.00171389 0.0011592 -0.0010625 0.001 0.00157988 -0.000809524 0.00188199 -0.000125 0.00242553 0.00191892 0.00118605
internal_weight=1941 601 57 544 148 52 396 164 68 96 96 232 97 77 1340 44 1296 223 197 1073 603 96 75 507 63 161 48 470 444 215
internal_count=1941 601 57 544 148 52 396 164 68 96 96 232 97 77 1340 44 1296 223 197 1073 603 96 75 507 63 161 48 470 444 215
is_linear=0
shrinkage=0.03


Tree=147
num_leaves=31
num_cat=0
split_feature=45 28 34 19 23 23 6 6 27 57 2 31 37 24 40 57 57 56 56 31 15 2 27 57 11 9 44 10 9 34
split_gain=3.81169 3.24031 8.0353 2.17459 2.9419 2.60346 0.968781 1.96669 0.94623 1.18007 1.12397 0.473469 0.436581 0.396746 0.376266 0.348534 0.536532 0.525288 0.37183 0.595238 0.322741 0.313212 0.321741 0.809842 1.02564 0.317135 0.253968 0.239069 0.203609 0.148718
threshold=69.500000000000014 1006.5500000000001 152.01875000000004 12.500000000000002 117.50000000000001 179.50000000000003 26.500000000000004 28.500000000000004 283.50000000000006 273.50000000000006 6145.3839285000004 710.55000000000007 1114.6571430000001 331.90000000000003 861.35115326458333 314.00000000000006 317.50000000000006 3.6500000000000008 10.250000000000002 64.175000000000011 71.500000000000014 8909.5000000000018 262.50000000000006 256.50000000000006 0.77259657388510627 137.50000000000003 31.750000000000004 0.9946518923062071 157.50000000000003 602.9000000000002
decision_type=2 2 2 2 2 2 2 2 2 2 2 2 2 2 2 2 2 2 2 2 2 2 2 2 2 2 2 2 2 2
left_child=1 2 -1 4 -4 8 13 -8 9 11 -11 -6 14 -3 15 20 -17 -18 -19 -20 -2 22 23 27 -25 -24 -10 28 -22 -5
right_child=12 6 3 29 5 -7 7 -9 26 10 -12 -13 -14 -15 -16 16 17 18 19 -21 21 -23 25 24 -26 -27 -28 -29 -30 -31
leaf_value=-0.090963701404289818 -0.027637477225825567 -0.043234871841099892 -0.08544781769623154 0.10247354191548516 -0.025756725519415109 -0.11447459588146225 -0.16840128613262648 5.7279532389364736 -0.028266169148637603 -0.02750747143967007 -0.078549545260908057 0.022183817073814806 -0.00041130940938535434 4.4220459158958301 -0.071140813318761584 -2.149576624295019e-05 -0.026183761588703593 0.0011684265181308826 -0.0050755727937075619 1.0961344919316172 0.00078236726920111947 -0.016743844724555541 -0.00043779054524389904 -0.063746439147858366 0.027560624787732031 0.0016020892136856687 0.084637010269518836 -0.0036264552069489881 -3.2279730523387544e-05 1.7055106068389982
leaf_weight=21 39 20 32 20 20 39 38 41 21 29 21 29 38 149 32 36 26 113 21 21 414 29 24 39 26 434 63 22 26 58
leaf_count=21 39 20 32 20 20 39 38 41 21 29 21 29 38 149 32 36 26 113 21 21 414 29 24 39 26 434 63 22 26 58
internal_value=0.000542504 -0.0014426 -0.00328895 -0.0021506 -0.00349606 -0.00227027 0.00118548 -0.00155696 -0.000770492 -0.00275758 -0.006 0.000551021 0.00143284 0.00246746 0.00152535 0.0016063 0.000511521 0.0011768 0.00183871 -0.000571428 0.00183191 0.00193491 0.00202538 0.00151992 -0.00161538 0.00260699 0.00157143 0.00196104 0.00211364 0.00223077
internal_weight=1941 601 353 332 254 222 248 79 183 99 50 49 1340 169 1302 1270 217 181 155 42 1053 1014 985 527 65 458 84 462 440 78
internal_count=1941 601 353 332 254 222 248 79 183 99 50 49 1340 169 1302 1270 217 181 155 42 1053 1014 985 527 65 458 84 462 440 78
is_linear=0
shrinkage=0.03


Tree=148
num_leaves=31
num_cat=0
split_feature=45 28 34 23 54 51 23 6 6 54 30 6 15 39 37 54 40 32 15 3 43 47 47 47 2 36 51 36 9 3
split_gain=3.57796 3.24031 8.0353 2.44431 2.87269 1.96883 3.71736 0.968781 1.96669 0.737395 1.31688 0.651258 0.606026 1.05332 0.412261 0.396746 0.354988 0.356488 0.55991 0.652497 0.44862 0.345794 1.88777 1.225 0.365479 0.246737 0.328346 0.722766 0.374802 0.429813
threshold=69.500000000000014 1006.5500000000001 152.01875000000004 117.50000000000001 528.10000000000014 835.50000000000011 179.50000000000003 26.500000000000004 28.500000000000004 776.40000000000009 906.21875000000011 17.500000000000004 62.500000000000007 689.59843750625009 1114.6571430000001 331.75000000000006 861.35115326458333 242.59285715000001 72.500000000000014 6394771.3125000009 -161.47232139999997 42.500000000000007 44.500000000000007 43.500000000000007 8909.5000000000018 896.91428570000016 4.5000000000000009 77.07053571500002 139.50000000000003 7311514.6430000011
decision_type=2 2 2 2 2 2 2 2 2 2 2 2 2 2 2 2 2 2 2 2 2 2 2 2 2 2 2 2 2 2
left_child=1 2 -1 4 -4 11 9 15 -9 10 -7 -5 -13 -14 16 -3 17 18 19 -2 -20 24 23 -23 -22 26 27 -24 -29 -30
right_child=14 7 3 5 -6 6 -8 8 -10 -11 -12 12 13 -15 -16 -17 -18 -19 20 -21 21 22 25 -25 -26 -27 -28 28 29 -31
leaf_value=-0.088234790362161128 -0.060973118095281477 -0.04193782568586709 -0.0033951658126486124 4.6595443110368775 -0.086040490469894912 0.0078910202803464009 -0.21706257594793227 -0.16334924754864763 5.5561146417683789 4.9686171038863982 -0.12277053948038111 0.022850813087926521 0.0013896699757375774 -0.19032243903452353 -0.0003989701271037937 4.2893845384189566 -0.069006588919198739 0.60622811961812806 -0.028040589289069936 0.021792504717008172 0.0013093117970030617 -0.0081556101249362131 -0.018528658152709383 -0.0015602804017485375 -0.016241529382818875 0.00030230353231626168 0.0093860650287220185 -0.00014807281202110741 0.00055200041927664463 -3.2211527663010515e-05
leaf_weight=21 20 20 23 68 24 22 26 38 41 26 20 68 29 26 38 149 32 164 20 21 452 20 25 20 29 115 97 39 226 22
leaf_count=21 20 20 23 68 24 22 26 38 41 26 20 68 29 26 38 149 32 164 20 21 452 20 25 20 29 115 97 39 226 22
internal_value=0.00048068 -0.0014426 -0.00328895 -0.0021506 -0.00848936 -0.00110526 -0.00465957 0.00118548 -0.00155696 -0.000970588 -0.00342857 0.000643979 -0.000658536 -0.003 0.00134328 0.00246746 0.00143318 0.00151181 0.00131826 -0.00212195 0.0014507 0.00153589 0.00103191 -0.00525 0.00212682 0.00151145 0.00116626 0.000692308 0.00111847 0.00154839
internal_weight=1941 601 353 332 47 285 94 248 79 68 42 191 123 55 1340 169 1302 1270 1106 41 1065 1045 564 40 481 524 409 312 287 248
internal_count=1941 601 353 332 47 285 94 248 79 68 42 191 123 55 1340 169 1302 1270 1106 41 1065 1045 564 40 481 524 409 312 287 248
is_linear=0
shrinkage=0.03


Tree=149
num_leaves=31
num_cat=0
split_feature=24 28 10 23 54 34 28 19 21 30 56 52 24 18 53 9 10 8 46 21 2 8 19 9 19 35 57 43 38 38
split_gain=3.18562 3.95714 9.00256 1.73409 2.38043 1.51392 1.16589 0.810205 0.915426 0.729433 1.3913 0.530689 0.866581 0.508233 0.382609 1.50223 0.307872 0.547783 0.477922 0.336915 0.308454 0.300416 0.565614 1.70161 0.41973 0.849836 0.39009 0.245455 0.195182 0.388431
threshold=204.75000000000003 1006.5500000000001 0.5277851165098012 117.50000000000001 528.10000000000014 653.90714285000013 1006.35 47.500000000000007 938.50000000000011 1040.2910715 16.250000000000004 441.50000000000006 543.85000000000002 93.000000000000014 199.50000000000003 147.50000000000003 0.95642797789208711 1.5000000000000002 24.450000000000003 5.5000000000000009 8909.5000000000018 2.5000000000000004 2.5000000000000004 143.50000000000003 40.500000000000007 280.83571430000006 312.50000000000006 -207.74910714999999 839.31674107500021 902.82433036250006
decision_type=2 2 2 2 2 2 2 2 2 2 2 2 2 2 2 2 2 2 2 2 2 2 2 2 2 2 2 2 2 2
left_child=13 2 3 4 5 -2 9 8 14 11 -11 12 -5 16 -3 -16 20 19 -19 -18 21 -1 23 -23 -24 -26 -25 -7 -13 -30
right_child=1 7 -4 6 -6 27 -8 -9 -10 10 -12 28 -14 -15 15 -17 17 18 -20 -21 -22 22 24 26 25 -27 -28 -29 29 -31
leaf_value=0.00063924948697931911 -0.019367244639727561 1.8492141570097589 -0.080754502423821969 0.030392336150733671 -0.08168745641574704 0.022935969728241783 -0.090859083847444594 -0.2541820155708111 -0.054598342325780841 0.038282485514258106 -0.53217222390927721 0.033696493989760837 -0.025957718493616323 -4.7871349913458875e-05 9.5423015001451024 -0.21437400104068643 0.0019699202914098836 -0.017684153652321358 0.015757555281836932 -0.070578182842501336 -0.016157956531671434 -0.0090395457830529363 0.0015819181001935699 0.00045692672290569567 0.0005209241483268678 -0.016443582875534796 -0.0023847845013605278 -0.015428387264554018 -0.06961744513956343 0.022593504504010951
leaf_weight=481 20 230 26 41 29 24 24 20 20 23 23 84 34 36 55 23 30 23 86 23 28 39 219 127 36 25 35 20 20 37
leaf_count=481 20 230 26 41 29 24 24 20 20 23 23 84 34 36 55 23 30 23 86 23 28 39 219 127 36 25 35 20 20 37
internal_value=0.000542504 -0.000984064 -0.003 -0.0018285 -0.0053871 -0.00215625 -0.000671329 0.00136207 0.00171951 -9.16029e-05 -0.00352174 0.000638889 -0.0014 0.0015101 0.00212338 0.000307692 0.00161979 0.000407408 0.00162385 -0.00209434 0.00181818 0.00190852 0.00137838 0.000164179 0.00225 4.91804e-05 0.00151852 0.000954546 0.0017234 0.000368421
internal_weight=1941 753 405 379 93 64 286 348 328 262 46 216 75 1188 308 78 1152 162 109 53 990 962 481 201 280 61 162 44 141 57
internal_count=1941 753 405 379 93 64 286 348 328 262 46 216 75 1188 308 78 1152 162 109 53 990 962 481 201 280 61 162 44 141 57
is_linear=0
shrinkage=0.03


Tree=150
num_leaves=31
num_cat=0
split_feature=24 28 4 23 54 34 28 6 33 14 19 8 51 48 14 37 51 2 35 33 28 2 47 47 9 50 10 3 49 40
split_gain=3.36436 3.50183 9.00256 1.73409 2.38043 1.51392 1.16589 0.896695 2.83137 3.6 1.06402 0.652676 0.755714 0.640166 0.775544 0.565421 0.504959 0.476723 1.0974 0.369769 0.326353 0.301239 0.246175 1.40823 0.292406 0.66592 0.181818 0.170455 0.16815 0.302869
threshold=204.75000000000003 1006.5500000000001 9.5000000000000018 117.50000000000001 528.10000000000014 653.90714285000013 1006.35 26.500000000000004 522.16250000000014 32.95000000000001 47.500000000000007 2.5000000000000004 835.50000000000011 87.500000000000014 26.550000000000004 1114.6571430000001 733.00000000000011 6206.0000000000009 648.57142855000018 870.77857140000015 1008.7500000000001 8909.5000000000018 42.500000000000007 44.500000000000007 139.50000000000003 55.500000000000007 -0.79335334029123528 6587709.6785000013 38.500000000000007 0.13184523810416668
decision_type=2 2 2 2 2 2 2 2 2 2 2 2 2 2 2 2 2 2 2 2 2 2 2 2 2 2 2 2 2 2
left_child=13 2 -2 4 5 -4 11 10 -9 -10 26 12 16 15 -15 20 -5 -13 -19 -20 21 22 -1 -24 25 -25 -3 -7 -26 -30
right_child=1 7 3 6 -6 27 -8 8 9 -11 -12 17 -14 14 -16 -17 -18 18 19 -21 -22 -23 23 24 28 -27 -28 -29 29 -31
leaf_value=0.0013376347974817339 -0.078331867351107323 0.18372823603112712 -0.018786227300535818 -0.018535928114755733 -0.079236832723274628 0.011841034704218259 -0.08813331133202125 1.4391696519069479 -0.22182480501890556 0.025127955282553131 -0.24655655510368651 4.4724246074475493 -0.11710618619381413 0.00076670839997099117 -0.012999541302972482 -0.0028709110259668743 0.023098233033197309 -0.076721436150164163 -0.02775215010875352 0.032986593405317483 -0.010289886588259297 -0.015673217835721294 -0.0029310027561022869 0.0025481550229647615 0.00044533394952681434 -0.0063356643726621325 4.0405563685364125 -0.0084613581575567389 7.4829585269630528e-05 0.0016914941094395321
leaf_weight=421 26 20 20 21 29 20 24 68 20 20 20 93 20 25 24 26 29 22 36 41 26 28 38 44 255 27 200 24 81 193
leaf_count=421 26 20 20 21 29 20 24 68 20 20 20 93 20 25 24 26 29 22 36 41 26 28 38 44 255 27 200 24 81 193
internal_value=0.000465224 -0.00110359 -0.003 -0.0018285 -0.0053871 -0.00215625 -0.000671329 0.00110345 -0.00116667 -0.0075 0.002125 -9.16029e-05 -0.00257143 0.0014596 -0.00189796 0.00160404 -0.0006 0.0008125 -0.000636364 0.00105195 0.0017062 0.00178565 0.00186686 0.0014953 0.00185 4.22536e-05 0.00272727 0.000954546 0.00209263 0.00157664
internal_weight=1941 753 405 379 93 64 286 348 108 40 240 262 70 1188 49 1139 50 192 99 77 1113 1087 1059 638 600 71 220 44 529 274
internal_count=1941 753 405 379 93 64 286 348 108 40 240 262 70 1188 49 1139 50 192 99 77 1113 1087 1059 638 600 71 220 44 529 274
is_linear=0
shrinkage=0.03


Tree=151
num_leaves=31
num_cat=0
split_feature=24 28 4 23 54 34 28 19 6 33 14 42 42 44 55 27 27 59 37 28 2 48 15 35 43 20 56 28 26 9
split_gain=3.51631 3.13281 9.23838 1.65213 1.92882 1.51392 1.24447 0.740293 0.974626 2.42489 3.025 0.468385 0.499373 0.804138 0.512795 0.280914 0.450577 0.734803 0.312259 0.329261 0.30642 0.273583 0.273485 0.259091 0.245455 0.22571 0.156606 0.299371 0.43008 0.323
threshold=204.75000000000003 1006.5500000000001 9.5000000000000018 117.50000000000001 528.10000000000014 653.90714285000013 1006.35 47.500000000000007 26.500000000000004 522.16250000000014 32.95000000000001 -211.37589270000007 -67.413392849999951 32.150000000000013 835.50000000000011 47.500000000000007 149.50000000000003 0.35000000000000003 1114.6571430000001 1008.7500000000001 8909.5000000000018 87.500000000000014 90.500000000000014 737.0875000000002 -207.74910714999999 20.500000000000004 10.250000000000002 1007.1500000000002 11.250000000000002 138.50000000000003
decision_type=2 2 2 2 2 2 2 2 2 2 2 2 2 2 2 2 2 2 2 2 2 2 2 2 2 2 2 2 2 2
left_child=15 2 -2 4 5 -4 11 8 23 -10 -11 -5 13 -13 25 -1 17 -17 19 20 21 26 -23 -3 -7 -14 -18 29 -29 -28
right_child=1 7 3 6 -6 24 -8 -9 9 10 -12 12 14 -15 -16 16 18 -19 -20 -21 -22 22 -24 -25 -26 -27 27 28 -30 -31
leaf_value=0.0071840489464004989 -0.075981911330574095 4.5478037590655216 -0.018222640481519687 0.068677889293741537 -0.076859727741576386 0.021892659595267983 -0.085489311992060626 -0.23915985845057569 1.3959945623497394 -0.2151700608683384 0.024374116624076535 -0.24334420821868863 0.025851168132833603 0.014867688117730269 -0.13751133447471672 -0.0035434259888143323 0.00062439499976208455 0.00022680311878994918 -0.0027847836951878681 -0.0099811899906116861 -0.015203021300649655 -0.024154080130135869 0.00038663138081468064 0.18150977283807981 -0.014711694901890695 -0.017670005572388011 -0.0060598827636613754 -0.001743133816920191 0.0026732490145803677 0.0011117845017001231
leaf_weight=122 26 190 20 43 29 24 24 20 68 20 20 34 87 37 39 21 453 38 26 26 28 20 24 30 20 22 30 23 55 322
leaf_count=122 26 190 20 43 29 24 24 20 68 20 20 34 87 37 39 21 453 38 26 26 28 20 24 30 20 22 30 23 55 322
internal_value=0.000619784 -0.000984064 -0.00277778 -0.00159103 -0.00506452 -0.00215625 -0.000461538 0.00110345 0.00144512 -0.000888889 -0.00675 0.000137405 -0.000424657 -0.00249296 0.000567568 0.00163636 0.0014803 -0.0010678 0.00162959 0.0017156 0.00180628 0.00189968 -0.000409091 0.00259091 0.000954546 0.00162385 0.00201472 0.00160465 -7.6923e-05 0.00197727
internal_weight=1941 753 405 379 93 64 286 348 328 108 40 262 219 71 148 1188 1066 59 1007 981 955 927 44 220 44 109 883 430 78 352
internal_count=1941 753 405 379 93 64 286 348 328 108 40 262 219 71 148 1188 1066 59 1007 981 955 927 44 220 44 109 883 430 78 352
is_linear=0
shrinkage=0.03


Tree=152
num_leaves=31
num_cat=0
split_feature=24 28 4 23 54 17 37 18 15 6 39 15 19 57 50 40 43 2 28 37 45 10 33 10 53 37 15 56 9 9
split_gain=3.68239 2.76591 9.39729 1.80616 1.92882 0.944545 1.31976 2.13479 0.923011 0.829885 2.49019 2.83969 1.02424 0.758698 0.617689 0.470724 0.436364 0.326765 0.322621 0.339288 0.288138 0.280519 0.272331 0.21244 0.287011 0.49089 0.399157 1.04167 0.280505 0.210373
threshold=204.75000000000003 1006.5500000000001 9.5000000000000018 117.50000000000001 528.10000000000014 9.5000000000000018 367.30714285000005 1.0000000180025095e-35 74.500000000000014 26.500000000000004 756.13415178750006 56.500000000000007 47.500000000000007 294.50000000000006 41.500000000000007 861.35115326458333 -182.99999999999997 8909.5000000000018 1008.7500000000001 1114.6571430000001 63.500000000000007 -0.63405362205439475 910.72857145000012 0.72947329433276253 5.5000000000000009 2.5928571430000003 86.500000000000014 6.8500000000000005 137.50000000000003 151.50000000000003
decision_type=2 2 2 2 2 2 2 2 2 2 2 2 2 2 2 2 2 2 2 2 2 2 2 2 2 2 2 2 2 2
left_child=15 2 -2 4 8 6 -5 13 16 12 -11 -12 21 -8 20 17 -4 18 19 23 -7 -3 -22 28 25 26 27 -25 -1 -29
right_child=1 9 3 5 -6 14 7 -9 -10 10 11 -13 -14 -15 -16 -17 -18 -19 -20 -21 22 -23 -24 24 -26 -27 -28 29 -30 -31
leaf_value=-0.0015357221088597641 -0.073702453990656877 0.13200171731836152 0.014057974947412606 0.061142454020690074 -0.074553935909329072 0.013863961103880516 -0.07810513910574246 -0.15865138377645868 -0.025561412238940484 1.7613662192065549 0.016651759758221793 -0.19483293503284854 -0.23198506269705879 7.7977899006718241 -0.12489393440305754 -0.10984585086284841 -0.011097524811777773 -0.015150603691967293 -0.0085542479666175404 -0.0016601719750337471 -0.013736429683417307 4.4857115539058148 1.1040914970173643 -0.014351876672520135 0.043255489305222057 -0.017549166162354447 0.0021738303396708703 0.0095620513234764767 0.0004064433896723522 -0.0016518934681672638
leaf_weight=23 26 28 24 39 29 89 38 21 20 65 20 23 20 21 24 21 20 27 28 28 34 192 20 20 82 33 113 78 713 22
leaf_count=23 26 28 24 39 29 89 38 21 20 65 20 23 20 21 24 21 20 27 28 28 34 192 20 20 82 33 113 78 713 22
internal_value=0.000697063 -0.000944223 -0.00262963 -0.00143272 -0.00506452 -0.000251748 -0.00229412 -0.0045 -0.00215625 0.00101724 -0.00116667 -0.00676744 0.002 -0.00157627 0.00120359 0.00173737 0.000272727 0.00181748 0.00189474 0.00197482 0.00195105 0.00259091 0.000222222 0.00205904 0.00144828 0.000969925 0.00145494 0.00025 0.00234783 0.0015
internal_weight=1941 753 405 379 93 286 119 80 64 348 108 43 240 59 167 1188 44 1167 1140 1112 143 220 54 1084 348 266 233 120 736 100
internal_count=1941 753 405 379 93 286 119 80 64 348 108 43 240 59 167 1188 44 1167 1140 1112 143 220 54 1084 348 266 233 120 736 100
is_linear=0
shrinkage=0.03


Tree=153
num_leaves=31
num_cat=0
split_feature=24 28 4 23 48 28 6 39 15 37 53 19 40 35 30 21 39 38 37 47 28 10 38 10 48 47 56 28 57 18
split_gain=2.9923 2.35166 8.57227 1.49417 1.37634 0.948435 0.896695 2.49019 2.83969 0.768049 1.00087 0.636742 0.465399 0.446511 0.63208 0.487546 0.838095 0.336174 0.600021 0.856969 0.443074 0.280519 0.257875 0.208994 0.375312 0.4 0.214081 0.644815 0.239543 0.185502
threshold=204.75000000000003 1006.5500000000001 9.5000000000000018 117.50000000000001 1.0000000180025095e-35 1006.35 26.500000000000004 756.13415178750006 56.500000000000007 64.175000000000011 114.50000000000001 47.500000000000007 861.35115326458333 123.93750000000001 1040.2910715 583.50000000000011 689.59843750625009 84.030357142500037 434.79285715000003 10.500000000000002 1008.4500000000002 -0.63405362205439475 859.70520838750019 0.72947329433276253 68.000000000000014 85.500000000000014 11.850000000000003 1007.4500000000002 306.50000000000006 41.500000000000007
decision_type=2 2 2 2 2 2 2 2 2 2 2 2 2 2 2 2 2 2 2 2 2 2 2 2 2 2 2 2 2 2
left_child=12 2 -2 4 9 13 11 -8 -9 -4 -11 21 17 -5 15 16 -15 18 20 -20 23 -3 -17 26 29 -26 -1 28 -28 -25
right_child=1 6 3 5 -6 -7 7 8 -10 10 -12 -13 -14 14 -16 22 -18 -19 19 -21 -22 -23 -24 24 25 -27 27 -29 -30 -31
leaf_value=0.00038320741716318328 -0.071491380370937163 0.12804166579881071 0.0034848986708671012 0.01071842467856083 -0.075152228421327627 -0.079856562174274032 1.7085252326303582 0.01615220696547514 -0.18898794698186308 -0.037881880645064134 0.0003853554225367753 -0.22502551081614733 -0.10655047533696278 0.030553848583480595 -0.25122200379907506 0.035712831321584836 -0.04240054927311275 1.1633039755487011 0.0069617563404599453 -0.013081393426494897 -0.011680139500446463 4.3511402072886405 0.0080869234073135971 0.0021388574568740248 -0.0075689638532224126 0.0032067364084858358 0.00027773474711249179 -0.051173020291055235 -2.9544065443256361e-05 0.0008476959582677363
leaf_weight=316 26 28 20 51 31 24 65 20 23 20 22 20 21 42 29 66 35 176 22 31 22 192 39 179 20 20 226 34 39 82
leaf_count=316 26 28 20 51 31 24 65 20 23 20 22 20 21 42 29 66 35 176 22 31 22 192 39 179 20 20 226 34 39 82
internal_value=0.000774343 -0.000705179 -0.00225926 -0.00111609 -0.00441935 -4.19579e-05 0.00110345 -0.00116667 -0.00676744 -0.00183871 -0.00414286 0.002125 0.00171212 0.000480916 -0.000127962 0.000527473 -0.00128571 0.00179177 0.00157719 -0.0015283 0.00175267 0.00259091 0.00185714 0.00185371 0.00120598 -0.0015 0.00217073 0.00159532 0.00209434 0.00162069
internal_weight=1941 753 405 379 93 286 348 108 43 62 42 240 1188 262 211 182 77 1167 991 53 938 220 105 916 301 40 615 299 265 261
internal_count=1941 753 405 379 93 286 348 108 43 62 42 240 1188 262 211 182 77 1167 991 53 938 220 105 916 301 40 615 299 265 261
is_linear=0
shrinkage=0.03


Tree=154
num_leaves=31
num_cat=0
split_feature=52 28 34 16 23 18 42 17 37 18 6 39 38 57 30 47 9 28 58 31 3 10 9 50 34 49 10 37 28 4
split_gain=3.12691 2.77754 4.97308 6.88095 2.54612 2.4404 1.01878 1.00424 1.1768 1.62229 0.815245 2.09211 2.29368 0.758698 0.728455 0.7095 0.547937 0.484284 0.410073 0.417086 0.5 0.253132 0.202398 0.474215 0.50646 0.422972 0.674475 0.282009 0.232015 0.147368
threshold=26.500000000000004 1006.5500000000001 108.81428570000001 24.150000000000002 117.50000000000001 1.0000000180025095e-35 -22.642857155000048 9.5000000000000018 367.30714285000005 1.0000000180025095e-35 26.500000000000004 756.13415178750006 1001.2850446625001 294.50000000000006 104.29285715000002 9.5000000000000018 137.50000000000003 1008.7500000000001 1005.4500000000002 650.92142855000009 6412542.2145000007 -0.63405362205439475 147.50000000000003 55.500000000000007 436.81428570000008 2.5000000000000004 0.98611507088852057 2.5928571430000003 1007.1500000000002 7.5000000000000009
decision_type=2 2 2 2 2 2 2 2 2 2 2 2 2 2 2 2 2 2 2 2 2 2 2 2 2 2 2 2 2 2
left_child=17 2 3 -2 5 6 15 8 -6 13 16 29 -13 -10 -7 -4 -3 22 19 -9 -21 -18 23 24 25 26 27 28 -1 -12
right_child=1 10 4 -5 7 14 -8 18 9 -11 11 12 -14 -15 -16 -17 21 -19 -20 20 -22 -23 -24 -25 -26 -27 -28 -29 -30 -31
leaf_value=0.0014295678277795587 -0.07417988349537108 -0.20548389668876349 0.0091181553292742617 0.0091168956348583654 0.0588292912057745 -0.025814567560365168 0.0026775653719160733 0.039072234392769856 -0.075213101410016747 -0.15149614539793638 0.88686529787251667 -0.16258334953497044 0.01123013900978796 7.5629395881895514 -0.093383643573491562 -0.038542039486073543 0.0077092829134419172 -0.01189348847757116 0.050252362308834522 -0.13099299551945462 0.0063407397488063682 3.2855360463891397 0.00039532918395417582 -0.0047595758828518145 -0.022798156985175334 0.0016255811743088428 -0.051734461763245393 -0.0036845025492332753 1.2327116104731848e-05 2.8183747236322718
leaf_weight=134 21 23 20 21 39 21 26 50 38 21 20 20 23 21 20 29 31 21 86 36 36 211 573 28 20 208 21 28 39 56
leaf_count=134 21 23 20 21 39 21 26 50 38 21 20 20 23 21 20 29 31 21 86 36 36 211 573 28 20 208 21 28 39 56
internal_value=0.000712519 -0.000624856 -0.00213402 -0.012 -0.00119865 -0.00501724 -0.0018 0.000155963 -0.00204202 -0.004125 0.00128125 -0.000781512 -0.00606977 -0.00157627 -0.0109024 -0.00434694 0.00220755 0.00179664 0.00141346 0.000295082 -0.00116667 0.0026281 0.00188677 0.00143096 0.00166667 0.00188372 0.000972973 0.00150746 0.00195954 0.00221053
internal_weight=1941 869 485 42 443 116 75 327 119 80 384 119 43 59 41 49 265 1072 208 122 72 242 1051 478 450 430 222 201 173 76
internal_count=1941 869 485 42 443 116 75 327 119 80 384 119 43 59 41 49 265 1072 208 122 72 242 1051 478 450 430 222 201 173 76
is_linear=0
shrinkage=0.03


Tree=155
num_leaves=31
num_cat=0
split_feature=54 58 40 19 2 35 46 43 53 43 27 57 46 19 8 24 2 2 10 58 47 2 47 47 36 36 46 20 5 15
split_gain=3.24648 2.10326 5.02938 4.92894 2.01982 1.43453 1.65088 1.26175 1.24616 1.13592 1.38667 2.28287 1.28021 0.50722 0.540541 0.876132 1.47913 0.348139 0.367763 0.654211 0.447508 0.343137 0.342686 0.539293 1.91862 0.227733 0.22211 0.212317 0.257703 0.17623
threshold=53.850000000000001 1005.85 524.23742560083349 3.5000000000000004 6267.6250000000009 103.61964285000001 23.450000000000003 -86.894642849999983 170.00000000000003 -122.56160714999999 284.50000000000006 276.50000000000006 24.550000000000004 47.500000000000007 3.5000000000000004 589.20000000000016 3509.0446430000006 8909.5000000000018 0.95642797789208711 1007.6500000000002 52.500000000000007 7018.5000000000009 56.500000000000007 43.500000000000007 609.95000000000016 1026.2446430000002 23.750000000000004 28.500000000000004 22.500000000000004 66.500000000000014
decision_type=2 2 2 2 2 2 2 2 2 2 2 2 2 2 2 2 2 2 2 2 2 2 2 2 2 2 2 2 2 2
left_child=17 2 3 -2 29 13 -7 -8 -9 10 11 12 -6 14 15 26 -17 18 22 20 -20 -12 23 -1 -25 -26 -3 -22 -29 -4
right_child=1 5 4 -5 9 6 7 8 -10 -11 21 -13 -14 -15 -16 16 -18 -19 19 -21 27 -23 -24 24 25 -27 -28 28 -30 -31
leaf_value=0.00074356615794737401 -0.13300306706583553 0.00024032364296461037 0.017638339222388361 -0.001374570126961036 0.0045014813734428772 -0.070847673361536967 0.012892555161959036 -0.15878958294788245 0.1003143652746834 0.00343113024441023 0.55776626444461141 -0.068651315295723284 -0.10141875244207191 -0.21211022859099948 3.6182012205352616 -0.17387678792174244 0.028242630942371526 -0.014023372099195297 0.018246374561741052 -0.089060529428454827 -0.015474423891375707 -0.035589162773413431 0.00054747066203933729 -0.0090898996808683966 0.00035603353042886696 6.5606166176598268e-06 4.8164163338363029 -0.0044372883589581672 0.0027283075934980746 0.0037655806050140832
leaf_weight=397 35 29 86 30 34 29 51 23 20 43 21 33 29 20 185 25 21 26 70 20 20 30 407 21 50 26 73 28 23 36
leaf_count=397 35 29 86 30 34 29 51 23 20 43 21 33 29 20 185 25 21 26 70 20 20 30 407 21 50 26 73 28 23 36
internal_value=0.000727975 -0.000657679 -0.00233156 -0.00992308 -0.00075 0.000668067 -0.00212195 -0.000191489 -0.00397674 -0.00268421 -0.00393878 -0.0060625 -0.00271429 0.00164023 0.00191892 0.000567568 -0.00286957 0.00181434 0.00189831 0.00057764 0.00129787 5.88236e-05 0.0021343 0.00160324 -0.000402062 0.00181579 0.00211765 -0.000380282 0.000647059 0.0022623
internal_weight=1941 853 377 65 312 476 123 94 43 190 147 96 63 353 333 148 46 1088 1062 161 141 51 901 494 97 76 102 71 51 122
internal_count=1941 853 377 65 312 476 123 94 43 190 147 96 63 353 333 148 46 1088 1062 161 141 51 901 494 97 76 102 71 51 122
is_linear=0
shrinkage=0.03


Tree=156
num_leaves=31
num_cat=0
split_feature=54 28 34 6 23 48 37 21 34 28 6 32 38 10 8 33 39 32 28 12 28 10 19 27 36 28 18 37 12 34
split_gain=3.26646 2.57838 4.31699 6.91429 1.72537 1.90974 1.07556 1.05872 1.01467 0.932731 0.732869 1.83795 1.76087 0.542292 0.581138 0.568182 1.375 1.74545 1.25789 0.515001 0.365762 0.364056 0.286125 0.378314 0.734066 0.948888 0.306233 0.256449 0.441084 0.224026
threshold=53.850000000000001 1006.5500000000001 152.01875000000004 18.500000000000004 117.50000000000001 1.0000000180025095e-35 64.175000000000011 156.00000000000003 760.9633928500001 1006.35 26.500000000000004 688.90803570000014 992.50044653750012 -0.32143946530316159 5.5000000000000009 910.72857145000012 689.59843750625009 907.54285715000015 1005.7500000000001 0.70058932884324621 1008.7500000000001 -0.5 2.5000000000000004 299.50000000000006 620.72053570000014 1006.35 22.500000000000004 2.5928571430000003 0.58218302397213695 794.49553570000012
decision_type=2 2 2 2 2 2 2 2 2 2 2 2 2 2 2 2 2 2 2 2 2 2 2 2 2 2 2 2 2 2
left_child=20 2 3 -2 5 6 -4 -7 -8 13 19 -12 -13 14 15 16 29 -18 -17 21 22 -3 23 27 25 -25 -26 -1 -29 -6
right_child=1 10 4 -5 9 7 8 -9 -10 -11 11 12 -14 -15 -16 18 17 -19 -20 -21 -22 -23 -24 24 26 -27 -28 28 -30 -31
leaf_value=0.0037684958011541501 3.5727325311841174 -0.0028497230152268313 0.0032340524860079625 -0.065064448257197663 -0.0024046810763229125 -0.047982151260819679 -0.014402504209647634 -0.072904867029656081 0.00071851556576069142 -0.072392494591575221 1.843771733494296 -0.13631153400899584 0.010045955911223176 0.017387957560880053 0.92814529935258594 0.034818120323342271 -0.51851821394013886 0.00017780682383506774 -0.10433459338646224 -0.19295607293037018 -0.0066098552918388027 3.2642604259819334 0.00055233154832911408 0.0057435484735151258 -0.00052351911102970752 -0.030232058389918801 0.00012701589446544373 0.0022307555682685959 -0.0083174184069497396 0.034480693176089088
leaf_weight=207 21 37 30 24 21 23 23 21 22 24 73 23 23 75 38 68 24 20 20 23 25 197 651 20 29 23 67 40 26 23
leaf_count=207 21 37 30 24 21 23 23 21 22 24 73 23 23 75 38 68 24 20 20 23 25 197 651 20 29 23 67 40 26 23
internal_value=0.000697063 -0.000692849 -0.00215723 -0.011 -0.00123611 -0.00431092 -0.0014 -0.00927273 -0.00433333 -6.70925e-05 0.00116489 -0.000781512 -0.00547826 0.000404844 -0.000364486 -0.00109091 -0.00279545 -0.00654545 0.000613636 0.00206615 0.00178676 0.00248718 0.00187112 0.00125243 -2.15826e-05 -0.00327907 0.0014375 0.0019011 0.000272727 0.000954546
internal_weight=1941 853 477 45 432 119 75 44 45 313 376 119 46 289 214 176 88 44 88 257 1088 234 1063 412 139 43 96 273 66 44
internal_count=1941 853 477 45 432 119 75 44 45 313 376 119 46 289 214 176 88 44 88 257 1088 234 1063 412 139 43 96 273 66 44
is_linear=0
shrinkage=0.03


Tree=157
num_leaves=31
num_cat=0
split_feature=54 28 26 2 6 27 57 31 35 2 56 32 49 32 6 46 30 42 35 40 11 42 40 49 2 49 11 48 6 41
split_gain=2.74472 2.07824 6.50485 4.14673 2.0964 1.05091 1.94726 1.72941 0.985342 1.41569 0.848478 0.594225 0.526794 0.498152 1.52788 0.482444 0.428571 0.41957 0.4 0.377901 0.358942 0.679968 0.620954 0.186733 0.42988 0.188355 0.376262 0.33955 0.273485 0.240182
threshold=138.85000000000002 1006.5500000000001 14.750000000000002 1991.4285715000003 21.500000000000004 282.50000000000006 276.50000000000006 987.0571428500001 103.61964285000001 4882.3125000000009 21.450000000000003 1120.2687500000002 47.500000000000007 745.88750000000016 26.500000000000004 24.550000000000004 815.06428575000007 -39.425000004999973 303.50089285000007 524.23742560083349 -0.290129255202841 34.040178570000009 650.41421130479182 78.500000000000014 0.56250000000000011 3.5000000000000004 0.98611507088852057 70.000000000000014 5.5000000000000009 326.18988363030729
decision_type=2 2 2 2 2 2 2 2 2 2 2 2 2 2 2 2 2 2 2 2 2 2 2 2 2 2 2 2 2 2
left_child=20 2 3 -2 -5 6 11 -8 12 -10 19 15 13 -3 -15 -4 -11 -17 -12 -7 -1 22 23 25 -25 27 -27 29 -28 -22
right_child=1 8 5 4 -6 10 7 -9 9 16 18 -13 -14 14 -16 17 -18 -19 -20 -21 21 -23 -24 24 -26 26 28 -29 -30 -31
leaf_value=3.0902495008955033 -0.06311251480948174 2.5958290801796404 0.0080991851325035863 0.022339342100824368 -0.069756024176848702 -0.0023770407148991954 -0.070542287196773287 -0.020671096925847818 -0.060590584639544524 0.54052818363126154 0.019693756228150425 -0.045461235610920983 -0.1999582395453583 8.1975195738488349 -0.12607986737496901 -0.094614540135334491 -0.026684459104521666 0.043416352902281102 -0.29343549155738424 0.015543106363912405 0.00036688669461616772 -0.14196423184264667 -0.014426586943343568 -0.00017084968639387478 0.00090650094104700017 0.00051888923654068008 -1.1625108777513708e-05 -0.0030419731856583636 0.0011342280847363338 -0.0032640829071845846
leaf_weight=144 24 178 50 21 20 28 34 20 20 27 20 25 20 68 35 20 21 21 20 133 386 22 24 34 41 377 20 23 24 41
leaf_count=144 24 178 50 21 20 28 34 20 20 27 20 25 20 68 35 20 21 21 20 133 386 22 24 34 41 377 20 23 24 41
internal_value=0.000650696 -0.000689441 -0.00209174 -0.0108462 -0.00504878 -0.000557951 -0.00229412 -0.007 0.00096748 -0.00229412 0.000910448 -0.000103448 0.00170432 0.00203915 0.000378641 0.00102198 0.0005 -0.00139024 -0.003 0.00188199 0.00160035 0.00139718 0.00151546 0.00163636 0.0002 0.00176005 0.00221615 0.00133333 -0.000409091 0.00152459
internal_weight=1941 805 436 65 41 371 170 54 369 68 201 116 301 281 103 91 48 41 40 161 1136 992 970 946 75 871 421 450 44 427
internal_count=1941 805 436 65 41 371 170 54 369 68 201 116 301 281 103 91 48 41 40 161 1136 992 970 946 75 871 421 450 44 427
is_linear=0
shrinkage=0.03


Tree=158
num_leaves=31
num_cat=0
split_feature=54 28 26 2 6 25 27 57 31 56 33 48 11 34 23 6 23 1 11 34 38 4 57 19 27 36 10 10 34 33
split_gain=2.8084 1.8793 6.6075 4.14673 2.0964 1.11415 0.938356 2.09604 1.72941 0.848478 0.9 0.47565 0.484332 0.460138 0.379516 0.37084 1.1283 0.35933 0.345525 0.558578 0.275229 0.292908 0.734818 0.220652 0.461538 0.837607 0.328205 0.253511 0.2112 0.419048
threshold=138.85000000000002 1006.5500000000001 14.750000000000002 1991.4285715000003 21.500000000000004 938.50000000000011 282.50000000000006 276.50000000000006 987.0571428500001 21.450000000000003 783.35535715000003 1.0000000180025095e-35 -0.88144907265856332 623.15000000000009 189.00000000000003 26.500000000000004 199.50000000000003 1686.6428575000002 -0.290129255202841 710.55000000000007 33.727901786250008 1.0000000180025095e-35 251.50000000000003 1.5000000000000002 299.50000000000006 620.72053570000014 0.47114434510950082 0.98611507088852057 340.78035715000004 134.97767855000004
decision_type=2 2 2 2 2 2 2 2 2 2 2 2 2 2 2 2 2 2 2 2 2 2 2 2 2 2 2 2 2 2
left_child=18 2 3 -2 -5 11 7 14 -9 13 -11 12 -3 -8 17 -13 -17 -4 -1 20 21 22 -20 24 27 -26 -27 -23 -25 -30
right_child=1 5 6 4 -6 -7 9 8 -10 10 -12 15 -14 -15 -16 16 -18 -19 19 -21 -22 23 -24 28 25 26 -28 -29 29 -31
leaf_value=2.9975420158686381 -0.061219139365197295 1.4051807773877629 -0.032694274494012993 0.021669161837799638 -0.06766334345154329 -0.046902619898871074 -0.0024080533822786062 -0.068426018580869968 -0.020050964018072329 -0.30472533107326738 0.036774770269597336 2.9990759823877182 -0.033575235635465606 0.015333592308906588 -0.060637283410553945 0.19677574622337637 -0.18787940310712339 0.015144954480362974 -9.6377762071750935e-05 -0.013590116304706131 -0.046009637724566878 0.0028469140937395524 4.0896932588877348e-05 0.00050573405810029441 -0.0077683453192547462 -0.00026440691931341843 0.00035588009377768271 -0.043729384269973678 -0.0079157917347659427 0.0072822731594434321
leaf_weight=144 24 29 25 21 20 20 37 34 20 20 20 177 39 124 32 84 20 59 24 25 27 212 52 471 39 30 48 22 20 22
leaf_count=144 24 29 25 21 20 20 37 34 20 20 20 177 39 124 32 84 20 59 24 25 27 212 52 471 39 30 48 22 20 22
internal_value=0.000666152 -0.000689441 -0.00202294 -0.0108462 -0.00504878 0.000886179 -0.000477089 -0.00211765 -0.007 0.000910448 -0.003 0.0012808 -0.000970588 0.00188199 0.000155173 0.00182562 0.000403846 0.00121429 0.00162676 0.00142742 0.00154188 0.00162766 -0.000157895 0.00178472 0.00120513 -0.000333333 0.00146154 0.00197436 0.00218129 0.000142857
internal_weight=1941 805 436 65 41 369 371 170 54 201 40 349 68 161 116 281 104 84 1136 992 967 940 76 864 351 117 78 234 513 42
internal_count=1941 805 436 65 41 369 371 170 54 201 40 349 68 161 116 281 104 84 1136 992 967 940 76 864 351 117 78 234 513 42
is_linear=0
shrinkage=0.03


Tree=159
num_leaves=31
num_cat=0
split_feature=54 23 46 36 28 8 8 32 40 26 32 5 53 10 28 32 56 39 34 3 26 27 27 19 27 36 19 47 11 56
split_gain=2.72264 1.7641 3.84669 1.66357 1.43509 0.953053 2.35948 2.02381 1.14731 0.921453 1.69118 1.69 0.883123 0.875758 0.604785 1.3023 0.533333 0.377745 0.794185 0.470239 0.314447 0.273943 0.596701 0.62572 0.343451 0.449264 0.852771 0.28877 0.316394 0.179013
threshold=53.850000000000001 124.50000000000001 23.750000000000004 59.128571430000008 1006.1500000000002 2.5000000000000004 1.5000000000000002 822.28571425000007 799.4922246875002 18.350000000000005 822.28571425000007 22.500000000000004 170.00000000000003 -0.68322629814330782 1005.35 365.14464285000003 20.850000000000005 21.823772321187501 316.67142855000003 7673880.6430000011 21.650000000000002 193.50000000000003 47.500000000000007 34.500000000000007 304.50000000000006 604.88571430000013 1.5000000000000002 98.500000000000014 0.77259657388510627 6.3500000000000005
decision_type=2 2 2 2 2 2 2 2 2 2 2 2 2 2 2 2 2 2 2 2 2 2 2 2 2 2 2 2 2 2
left_child=17 2 -2 4 14 6 12 -8 -7 10 -10 -12 13 -3 15 -4 -11 18 19 21 -14 22 -1 -24 29 26 -26 -25 -29 -23
right_child=1 5 3 -5 -6 8 7 -9 9 16 11 -13 20 -15 -16 -17 -18 -19 -20 -21 -22 24 23 27 25 -27 -28 28 -30 -31
leaf_value=0.0020670027256238896 -0.052412166637906578 0.0041075076913163937 0.0048536331414694945 -0.089720130782500185 0.70658636326432323 2.5866462141393161 -0.080634354106333558 0.00034082094350969554 0.041626732043713359 1.1635880568976096 -0.015885662310319085 -0.31610036120710422 0.011648956241963822 -0.026245698267047712 -0.016050187659854206 -0.063946815572024113 -0.26710704874181024 0.011969444586404169 -0.020964391235399154 -0.00088128471163014205 -0.16913231040006954 0.00044938304654924507 -7.8687540916618721e-05 0.00034580286551350807 -0.0099224759288580044 8.2240911013685265e-05 0.0010264925979709034 -0.0023457169073823432 0.00010740957884898737 0.0010761791890054235
leaf_weight=52 22 20 44 38 70 272 30 21 23 49 25 20 89 24 34 31 21 201 20 20 20 79 21 24 31 181 46 23 21 369
leaf_count=52 22 20 44 38 70 272 30 21 23 49 25 20 89 24 34 31 21 201 20 20 20 79 21 24 31 181 46 23 21 369
internal_value=0.000681608 -0.000587339 -0.00277406 -0.00156221 -0.000351955 0.000263844 -0.00141176 -0.007 0.00109756 -0.00113043 -0.00361765 -0.007 0.00045098 -0.00313636 -0.00250459 -0.001 0.00128571 0.00167647 0.00141037 0.00154671 0.00189908 0.00165407 0.000446809 -0.00104494 0.00189518 0.00102326 -0.000896104 0.000352941 -0.00109091 0.00239732
internal_weight=1941 853 239 217 179 614 204 51 410 138 68 45 153 44 109 75 70 1088 887 867 109 847 141 89 706 258 77 68 44 448
internal_count=1941 853 239 217 179 614 204 51 410 138 68 45 153 44 109 75 70 1088 887 867 109 847 141 89 706 258 77 68 44 448
is_linear=0
shrinkage=0.03


Tree=160
num_leaves=31
num_cat=0
split_feature=24 35 26 58 26 33 45 6 57 34 43 49 49 3 18 10 36 4 57 38 49 14 58 8 20 57 58 56 49 56
split_gain=2.61956 2.01362 1.11015 2.19876 4.31603 2.88 1.96459 1.92163 1.88744 2.07435 0.949258 0.835175 0.791369 0.734928 0.726073 0.537861 0.751111 0.452488 0.607287 0.364907 0.281078 0.421421 0.778851 1.07852 0.301167 0.276923 0.270588 0.209088 0.394536 0.196058
threshold=138.85000000000002 1243.1750000000002 17.950000000000003 1005.85 14.750000000000002 460.41696430000007 59.500000000000007 28.500000000000004 275.50000000000006 703.81875000000014 -21.244642849999988 47.500000000000007 1.0000000180025095e-35 6281600.8570000008 3.5000000000000004 -0.97335555334614932 59.128571430000008 1.0000000180025095e-35 251.50000000000003 75.02470237750002 3.5000000000000004 28.550000000000004 1006.85 1.5000000000000002 10.500000000000002 310.50000000000006 1007.5500000000001 21.250000000000004 8.5000000000000018 14.450000000000001
decision_type=2 2 2 2 2 2 2 2 2 2 2 2 2 2 2 2 2 2 2 2 2 2 2 2 2 2 2 2 2 2
left_child=15 2 3 4 5 -2 7 8 -5 -10 12 19 -6 -4 -14 16 -1 18 -17 -8 21 -19 24 -24 -23 -20 -25 -15 -29 -21
right_child=1 -3 13 6 10 -7 11 -9 9 -11 -12 -13 14 27 -16 17 -18 20 25 29 -22 22 23 26 -26 -27 -28 28 -30 -31
leaf_value=0.0075473916638018786 -0.056335551933839212 -0.047952892699827256 -0.024765302775094079 0.0025826761432725131 0.0020039845950850393 -0.04983578365705691 -0.0041668535373216749 2.6872884055759978 -0.16400132509170623 -0.06583479049456975 0.04044850024872905 -0.27162047603080069 -0.0020457893697495753 0.014311539166025511 -0.2739741515066787 -0.00010221528477593131 -0.016260442553544405 0.0011943731197187615 0.00079803204954248487 2.8498024164150499 0.00060652150752566099 0.0040511808911015646 -0.076305689860935097 -0.00024649706845683182 -0.0032921934227194182 -4.4425905352475298e-06 0.0030765345983457216 0.048116248844637513 -0.35317498272567383 0.0075751871967299524
leaf_weight=25 25 21 30 23 37 25 27 43 22 21 38 20 25 126 22 24 20 197 32 163 606 95 28 45 21 20 23 43 21 73
leaf_count=25 25 21 30 23 37 25 27 43 22 21 38 20 25 126 22 24 20 197 32 163 606 95 28 45 21 20 23 43 21 73
internal_value=0.000619784 -0.000689441 -0.000443877 -0.00114894 -0.00397674 -0.0114 9.18368e-05 -0.00333028 -0.00654545 -0.0102558 -0.000934426 0.00140989 -0.00271429 0.00136364 -0.00529787 0.00154754 -0.00166667 0.00168011 -0.000552631 0.00185932 0.00184729 0.00123961 0.000311321 -0.0016875 0.00196552 0.00126923 0.000352941 0.00205263 0.00065625 0.00223729
internal_weight=1941 805 784 564 172 50 392 109 66 43 122 283 84 220 47 1136 45 1091 76 263 1015 409 212 96 116 52 68 190 64 236
internal_count=1941 805 784 564 172 50 392 109 66 43 122 283 84 220 47 1136 45 1091 76 263 1015 409 212 96 116 52 68 190 64 236
is_linear=0
shrinkage=0.03


Tree=161
num_leaves=31
num_cat=0
split_feature=54 35 28 26 58 2 34 58 23 21 26 39 27 27 40 26 46 26 19 27 48 28 47 26 15 34 11 27 4 5
split_gain=2.69641 1.52504 1.17843 2.60603 4.11455 4.35374 1.245 1.16697 0.953092 0.650538 0.579771 0.981818 0.466513 1.3954 0.7559 0.674607 0.969697 0.484803 0.43916 0.466489 0.537424 0.826651 1.00919 0.396517 0.814655 0.396429 0.352221 0.588942 0.21882 0.390625
threshold=138.85000000000002 1243.1750000000002 1008.0500000000001 15.050000000000002 1006.1500000000002 1991.4285715000003 728.71875000000011 1007.35 213.00000000000003 260.50000000000006 14.450000000000001 910.62020090625003 282.50000000000006 279.50000000000006 870.59410466666679 21.250000000000004 23.550000000000004 17.650000000000002 2.5000000000000004 298.50000000000006 1.0000000180025095e-35 1006.9500000000002 43.500000000000007 6.4500000000000011 86.500000000000014 245.86875000000003 0.98611507088852057 252.50000000000003 20.500000000000004 22.500000000000004
decision_type=2 2 2 2 2 2 2 2 2 2 2 2 2 2 2 2 2 2 2 2 2 2 2 2 2 2 2 2 2 2
left_child=18 2 3 4 5 -2 -7 12 9 -6 -4 -12 13 14 -5 25 -17 -16 19 23 -21 -22 -23 24 -1 -14 -20 -28 -25 -30
right_child=1 -3 10 7 8 6 -8 -9 -10 -11 11 -13 15 -15 17 16 -18 -19 26 20 21 22 -24 28 -26 -27 27 -29 29 -31
leaf_value=-0.010776245233958042 -0.058173414749606009 -0.038510483582370678 3.3909878967857621 0.010724963171057011 -0.082158234432326047 0.00091085386300929639 -0.050936953550590747 -0.028948901600446844 -0.18012695615539534 0.75886088578989597 -0.1160741990107622 2.2609173915310974 -0.00216232429729227 -0.20152993339704472 -0.060182846974998594 1.7602912890931466 -0.25790670454649167 0.013897200652812945 0.00069574718080162078 -0.055591327560082136 0.00034488928315217784 8.4941797389411917e-05 -0.00076732704245603212 0.0046386561038208162 0.0071381738992611537 0.013911661296603968 -4.0280224721212891e-05 0.0011056141771120702 -0.00019349387356053997 0.0024472175924513174
leaf_weight=29 21 24 107 98 31 26 23 38 28 62 20 24 20 23 37 25 30 20 668 23 76 37 23 137 27 148 20 32 32 32
leaf_count=29 21 24 107 98 31 26 23 38 28 62 20 24 20 23 37 25 30 20 668 23 76 37 23 137 27 148 20 32 32 32
internal_value=0.000527048 -0.000801242 -0.000572343 -0.00114286 -0.00406806 -0.00985714 -0.00495918 0.000129841 -0.000719008 0.000741936 0.00180795 -0.00109091 0.000605985 -0.000539326 0.000483871 0.00152018 -0.00136364 -0.00226316 0.00146831 0.000692308 -0.000584906 0.000132353 -0.0025 0.00148249 -0.00075 0.00246429 0.00191667 -0.000461538 0.00210448 0.00065625
internal_weight=1941 805 781 630 191 70 49 439 121 93 151 44 401 178 155 223 55 57 1136 416 159 136 60 257 56 168 720 52 201 64
internal_count=1941 805 781 630 191 70 49 439 121 93 151 44 401 178 155 223 55 57 1136 416 159 136 60 257 56 168 720 52 201 64
is_linear=0
shrinkage=0.03


Tree=162
num_leaves=31
num_cat=0
split_feature=54 37 37 9 48 46 8 42 17 27 54 31 2 42 26 14 11 38 45 2 24 9 47 47 48 35 27 10 45 47
split_gain=3.57791 1.91172 3.19498 4.12706 2.45611 2.11508 2.83341 1.3835 1.11796 1.83946 1.42981 0.821329 0.782445 1.14258 0.621096 0.429757 0.345525 0.523906 0.568182 0.302519 0.274088 0.777065 0.189938 0.920762 0.313731 0.325273 0.301997 0.62616 0.186857 0.186499
threshold=138.85000000000002 273.36607145000005 14.437500000000002 143.50000000000003 1.0000000180025095e-35 23.650000000000002 4.5000000000000009 -24.863392849999993 31.500000000000004 280.50000000000006 731.75000000000011 350.39285715000005 6049.6071430000011 -12.525892854999999 14.750000000000002 32.150000000000013 -0.290129255202841 33.727901786250008 83.500000000000014 8909.5000000000018 589.20000000000016 147.50000000000003 42.500000000000007 44.500000000000007 2.5000000000000004 365.14464285000003 322.50000000000006 0.88144907265856365 77.500000000000014 83.500000000000014
decision_type=2 2 2 2 2 2 2 2 2 2 2 2 2 2 2 2 2 2 2 2 2 2 2 2 2 2 2 2 2 2
left_child=16 2 11 4 -4 6 8 -5 9 10 -3 14 20 15 -2 -14 -1 19 -19 22 -7 -22 -18 -24 25 29 28 -28 -26 -25
right_child=1 5 3 7 -6 12 -8 -9 -10 -11 -12 -13 13 -15 -16 -17 17 18 -20 -21 21 -23 23 24 26 -27 27 -29 -30 -31
leaf_value=2.8958864108471136 -0.10052964510156941 -0.17474868369235047 -0.03955722395176331 -0.040856691604542236 -0.051211365201463618 5.8275243794945855 4.7810852216276443 0.018336553624712839 -0.012384345591752314 -0.16550966755082799 -0.011804282572827353 0.95763516626676415 0.014539484481618101 -0.033534264397227287 0.0026699484615231328 -0.016452459168838918 0.0011912614293838142 0.009375484571276415 -0.14865551601801819 -0.012188876108815661 0.01400153350281504 -0.22188284894306121 -0.0013950419638066797 0.0022326813393599731 0.0027902299863570429 -0.010651284585672587 0.0010886012547092177 -0.0028622898581792925 0.00043171893956039025 4.8464418784682499e-05
leaf_weight=144 30 22 24 35 29 182 63 43 29 21 27 58 63 30 22 20 418 22 22 26 71 36 39 33 35 27 27 22 256 65
leaf_count=144 30 22 24 35 29 182 63 43 29 21 27 58 63 30 22 20 418 22 22 26 71 36 39 33 35 27 27 22 256 65
internal_value=0.000542504 -0.000987578 -0.00322407 -0.00638931 -0.0128491 -3.19148e-05 -0.00292593 -0.002 -0.00609091 -0.00814286 -0.00495918 0.000545455 0.00113433 -0.000982301 -0.00219231 0.000831325 0.00162676 0.00142742 -0.00177273 0.00157595 0.00196194 0.000757009 0.00166594 0.00127381 0.00164516 0.00036 0.00211765 -6.12244e-05 0.00248454 0.00116327
internal_weight=1941 805 241 131 53 564 162 78 99 70 49 110 402 113 52 83 1136 992 44 948 289 107 922 504 465 125 340 49 291 98
internal_count=1941 805 241 131 53 564 162 78 99 70 49 110 402 113 52 83 1136 992 44 948 289 107 922 504 465 125 340 49 291 98
is_linear=0
shrinkage=0.03


Tree=163
num_leaves=31
num_cat=0
split_feature=54 37 28 26 46 57 54 28 30 47 37 1 23 40 42 30 3 57 11 34 2 6 41 3 57 14 51 36 57 37
split_gain=3.85954 1.58663 2.7209 5.68048 2.15268 2.64765 2.0569 1.84415 1.718 1.3387 1.28826 1.03052 0.676485 0.865214 0.949879 0.616333 0.571429 0.445323 0.332363 0.566235 0.327448 0.305916 0.853175 0.214271 0.251946 0.34905 0.287313 0.546104 0.693758 0.199836
threshold=138.85000000000002 273.36607145000005 1006.2500000000001 14.950000000000001 23.650000000000002 293.50000000000006 705.70000000000016 1006.35 156.64553570000001 62.500000000000007 55.597916665000007 1512.6696430000002 115.50000000000001 870.59410466666679 -93.948214199999924 1221.4714285000002 6309268.5270000007 276.50000000000006 -0.290129255202841 710.55000000000007 151.25000000000003 26.500000000000004 302.85349531039407 7699074.5355000012 312.50000000000006 28.150000000000002 4.5000000000000009 579.43571430000009 319.50000000000006 2.5928571430000003
decision_type=2 2 2 2 2 2 2 2 2 2 2 2 2 2 2 2 2 2 2 2 2 2 2 2 2 2 2 2 2 2
left_child=18 2 3 8 5 6 -3 -8 -2 20 -5 -12 -6 15 -15 21 -7 -16 -1 23 -4 -14 -23 24 29 -26 27 -27 -29 -20
right_child=1 4 9 10 12 16 7 -9 -10 -11 11 -13 13 14 17 -17 -18 -19 19 -21 -22 22 -24 -25 25 26 -28 28 -30 -31
leaf_value=2.8090098185217003 -0.020265999864014523 -0.21981987228689281 -0.047212950744575224 0.0032449009968108693 -0.0095414509929970387 -0.06458447548633961 0.0011550235242715674 -0.06338978369509117 -0.054891871351073929 -0.24865556120221965 -0.024885109702682009 -0.039645250846777412 0.24136832264799984 0.081058344046321715 -0.005230055934031916 -0.21469586382753067 0.1275473687686875 -0.027482172077984892 0.00033912454653306864 -0.012226882855888322 0.1866991537847115 0.21399259043224461 -0.23267069688929931 -0.0010395418964438742 0.00077316800819902606 -0.0051876759236046703 0.0025017102785376811 -6.803806834216884e-05 0.0017233349119055203 0.0010639410891419069
leaf_weight=144 20 25 21 46 35 20 38 29 21 23 20 22 212 26 22 20 50 24 632 25 68 43 20 20 42 35 22 31 46 139
leaf_count=144 20 25 21 46 35 20 38 29 21 23 20 22 212 26 22 20 50 24 632 25 68 43 20 20 42 35 22 31 46 139
internal_value=0.000527048 -0.00106211 -0.00309958 -0.00606977 -0.000191489 -0.00311111 -0.00645652 -0.00371642 -0.0152927 0.000321429 -0.00177273 -0.00557143 0.000985075 0.00136512 -0.00158333 0.00208475 0.00128571 -0.00417391 0.00165317 0.00145766 0.00198876 0.00245455 0.000619048 0.00157291 0.0016378 0.000613636 -0.000134328 -0.00075 0.000662338 0.0018716
internal_weight=1941 805 241 129 564 162 92 67 41 112 88 42 402 367 72 295 70 46 1136 992 89 275 63 967 947 176 134 112 77 771
internal_count=1941 805 241 129 564 162 92 67 41 112 88 42 402 367 72 295 70 46 1136 992 89 275 63 967 947 176 134 112 77 771
is_linear=0
shrinkage=0.03


Tree=164
num_leaves=31
num_cat=0
split_feature=54 8 57 16 57 58 26 1 52 58 19 32 4 57 57 1 38 47 40 30 2 4 28 28 28 48 6 10 57 41
split_gain=3.82873 1.59659 4.43332 2.02159 2.46412 3.27328 2.69572 1.43402 2.82202 1.42173 1.01302 1.19788 1.09377 0.864427 1.94198 0.546032 0.421607 0.543311 0.367034 0.327273 0.320987 0.332317 0.365442 0.713665 0.197882 0.650914 0.263153 0.329808 0.588942 0.176984
threshold=138.85000000000002 2.5000000000000004 260.50000000000006 24.350000000000005 280.50000000000006 1007.35 15.250000000000002 2029.6428570000003 244.50000000000003 1005.6500000000002 49.500000000000007 688.90803570000014 15.500000000000002 284.50000000000006 275.50000000000006 5414.2142860000013 170.23549107500008 10.500000000000002 793.89713541250001 1166.4571430000003 8909.5000000000018 1.0000000180025095e-35 1005.9500000000002 1007.0500000000001 1007.35 42.500000000000007 24.500000000000004 -0.13052619222005163 260.50000000000006 285.36449000222746
decision_type=2 2 2 2 2 2 2 2 2 2 2 2 2 2 2 2 2 2 2 2 2 2 2 2 2 2 2 2 2 2
left_child=20 2 -2 4 15 6 -6 8 16 -8 11 -9 13 14 18 -4 17 -3 -13 -15 21 22 -1 -24 29 26 -26 28 -28 -23
right_child=1 7 3 -5 5 -7 9 10 -10 -11 -12 12 -14 19 -16 -17 -18 -19 -20 -21 -22 24 23 -25 25 -27 27 -29 -30 -31
leaf_value=0.00014411245492953301 -0.092330472788437493 0.001228687099516046 -0.03052771747035762 0.023716430471759545 -0.032249582291067849 -0.08661795995416062 -0.011145860954174244 1.0207545533880515 -0.055281416790945254 0.024840073561791604 -0.24953265838089245 4.814757846346291 -0.17587542742568499 5.067097143871 -0.18850560657037863 0.031146411239725152 0.0003219371120724441 -0.043139460798270711 -0.025622807989603234 0.18978934067449757 -0.011456403339874544 0.00029716777599515809 -0.00059236605215111414 1.8225584704864786e-05 0.0013933918427122545 -0.0026207908847257736 0.0062741130102983494 0.010142388679159805 -0.00040785874912674982 0.0048176325199770151
leaf_weight=23 20 20 20 77 20 21 31 174 20 37 20 44 26 88 39 43 20 26 37 22 26 625 20 33 98 22 20 28 32 209
leaf_count=23 20 20 20 77 20 21 31 174 20 37 20 44 26 88 39 43 20 26 37 22 26 625 20 33 98 22 20 28 32 209
internal_value=0.00055796 -0.00102484 -0.00291078 -0.00181928 -0.00362791 -0.0063578 -0.00381818 -7.83581e-05 -0.00362791 -0.000970588 0.0006 0.000906977 -0.000398437 0.00026087 -0.0015 0.00109524 -0.000636364 -0.00221739 0.00114815 0.00218182 0.00167958 0.00175676 -0.000157895 -0.0015283 0.00189749 0.00105 0.00165169 0.000375 -0.00103846 0.00210072
internal_weight=1941 805 269 249 172 109 88 536 86 68 450 430 256 230 120 63 66 46 81 110 1136 1110 76 53 1034 200 178 80 52 834
internal_count=1941 805 269 249 172 109 88 536 86 68 450 430 256 230 120 63 66 46 81 110 1136 1110 76 53 1034 200 178 80 52 834
is_linear=0
shrinkage=0.03


Tree=165
num_leaves=31
num_cat=0
split_feature=54 8 27 15 9 11 49 30 47 10 49 20 46 26 49 42 58 17 2 11 54 34 44 37 26 15 57 36 57 9
split_gain=3.66354 1.49216 1.75413 2.04848 1.55657 4.12503 1.73907 1.89277 2.92403 1.16802 1.44889 1.43398 1.69616 0.627315 0.533023 0.518758 0.503113 0.482143 0.33136 0.259997 0.277662 0.30813 0.369423 0.227713 0.644318 0.34628 0.535444 0.340136 0.514286 0.458009
threshold=138.85000000000002 3.5000000000000004 259.50000000000006 78.500000000000014 147.50000000000003 -0.88144907265856332 1.0000000180025095e-35 182.19285710000003 70.500000000000014 -0.41248606129204546 47.500000000000007 1.5000000000000002 23.750000000000004 18.350000000000005 15.500000000000002 -39.425000004999973 1006.0500000000001 30.500000000000004 8909.5000000000018 -0.290129255202841 42.750000000000007 15.237500000000002 29.250000000000004 2.5928571430000003 6.5500000000000007 86.500000000000014 310.50000000000006 675.34464285000001 319.50000000000006 144.50000000000003
decision_type=2 2 2 2 2 2 2 2 2 2 2 2 2 2 2 2 2 2 2 2 2 2 2 2 2 2 2 2 2 2
left_child=18 2 3 -2 6 -6 13 -8 16 11 -11 12 -3 -4 15 -14 -9 -7 19 -1 21 22 23 25 -25 26 -21 29 -29 -28
right_child=1 9 4 -5 5 17 7 8 -10 10 -12 -13 14 -15 -16 -17 -18 -19 -20 20 -22 -23 -24 24 -26 -27 27 28 -30 -31
leaf_value=2.7247306089327696 -0.070039698704634626 -0.35502437603302511 0.030265558006735596 -0.04725255725892101 -0.18159549006330353 -0.027962978577091138 0.0027210827150968022 -0.1931698334454246 -0.08240910624088893 3.075613133292443 -0.24204667862946544 0.54930692538644499 -2.0597271323500779e-05 -0.016894048462077267 0.22764517891743938 -0.023154342760254576 3.7181400761525891 1.9775580245347788 -0.011112711239678308 0.00032860994260523366 -0.053669213147487488 0.0026600043084380248 -0.00024988680519038371 -0.0079587567215071084 0.00107445754110716 0.00014545602576583255 0.00016914857554911484 -0.00040637726740331843 0.0027742732860947168 -0.0065565960047517533
leaf_weight=144 20 32 118 24 30 32 45 27 21 215 20 58 40 20 21 38 20 24 26 254 39 184 32 35 64 260 22 20 36 20
leaf_count=144 20 32 118 24 30 32 45 27 21 215 20 58 40 20 21 38 20 24 26 254 39 184 32 35 64 260 22 20 36 20
internal_value=0.00063524 -0.000913043 -0.00227559 -0.00790909 -0.00154006 -0.00502326 -0.000346613 -0.00310619 -0.00626471 0.000311321 0.0017234 -0.00144444 -0.00318321 0.00191304 -0.00124242 -0.00238462 -0.00210638 -0.000214286 0.00173239 0.00181081 0.00163354 0.00173786 0.00146568 0.0016076 0.000272727 0.00182353 0.00121023 -0.000673469 0.000857143 -0.00271429
internal_weight=1941 805 381 44 337 86 251 113 68 424 235 189 131 138 99 78 47 56 1136 1110 966 927 743 711 99 612 352 98 56 42
internal_count=1941 805 381 44 337 86 251 113 68 424 235 189 131 138 99 78 47 56 1136 1110 966 927 743 711 99 612 352 98 56 42
is_linear=0
shrinkage=0.03


Tree=166
num_leaves=31
num_cat=0
split_feature=54 58 56 10 46 8 50 3 49 35 43 53 23 43 33 40 27 41 1 2 11 1 32 9 15 56 15 45 8 14
split_gain=3.53146 1.49079 6.24598 3.05968 1.12218 1.84334 0.77512 0.9 0.717001 0.873261 1.24009 1.10592 0.670771 1.21388 0.625312 0.584748 0.59141 0.664831 0.550671 0.336608 0.248313 0.493744 0.241472 0.728707 0.213667 0.71322 0.723443 0.186176 0.216706 0.458428
threshold=138.85000000000002 1006.2500000000001 14.750000000000002 0.58216583101416164 23.250000000000004 3.5000000000000004 37.000000000000007 6332731.2855000012 47.500000000000007 103.61964285000001 -86.894642849999983 167.50000000000003 117.50000000000001 -296.25535714999995 365.14464285000003 803.90152529375007 294.50000000000006 213.26905334195325 4693.3928570000007 8909.5000000000018 -0.290129255202841 1407.2142860000001 745.88750000000016 147.50000000000003 86.500000000000014 4.2500000000000009 83.500000000000014 74.500000000000014 3.5000000000000004 28.350000000000005
decision_type=2 2 2 2 2 2 2 2 2 2 2 2 2 2 2 2 2 2 2 2 2 2 2 2 2 2 2 2 2 2
left_child=19 2 3 -2 5 -3 12 -8 9 22 -11 -12 13 -4 -15 -14 17 -17 -19 20 -1 24 -6 -24 25 26 -22 -27 -29 -30
right_child=1 4 6 -5 8 -7 7 -9 -10 10 11 -13 15 14 -16 16 -18 18 -20 -21 21 -23 23 -25 -26 27 -28 28 29 -31
leaf_value=2.6429886906647866 -0.01225450461760658 -0.055485561914797393 -0.043483773332872247 -0.076780551317182061 1.8331376540354023 4.1449401499378142 -0.14281382778843041 -0.0028998666252157777 -0.23478527827058149 0.10223830733110387 -0.16623541745024858 -0.028496573505810894 0.026755234129904087 -0.0068126411197750635 0.00087496503309748939 0.6098923263070759 0.51051853351605048 0.0033101306325529082 -0.36827452133218846 -0.01077932990248796 0.00062317190877809916 -0.16022383424465944 7.1279695269311256 -0.076541204546314731 0.00014674529305705997 0.00037870515684969183 -0.025348702708978824 0.00070273610134490288 -0.0066108342174620027 0.00032287101697651689
leaf_weight=144 34 36 25 22 176 32 20 20 20 42 21 20 76 21 40 20 33 23 39 26 23 20 63 22 307 23 24 347 27 195
leaf_count=144 34 36 25 22 176 32 20 20 20 42 21 20 76 21 40 20 33 23 39 26 23 20 63 22 307 23 24 347 27 195
internal_value=0.000681608 -0.000838509 -0.00222788 -0.0114643 0.000361111 -0.00317647 -0.000596214 -0.0045 0.00102198 0.00134302 -0.00133735 -0.00504878 -3.24909e-05 -0.00223256 4.91804e-05 0.000958115 -0.000391304 -0.0017561 -0.00329032 0.0017588 0.00183784 0.0016646 0.0021954 0.000882353 0.00176321 0.0014507 -0.00210638 0.00173311 0.00184007 0.00110811
internal_weight=1941 805 373 56 432 68 317 40 364 344 83 41 277 86 61 191 115 82 62 1136 1110 966 261 85 946 639 47 592 569 222
internal_count=1941 805 373 56 432 68 317 40 364 344 83 41 277 86 61 191 115 82 62 1136 1110 966 261 85 946 639 47 592 569 222
is_linear=0
shrinkage=0.03


Tree=167
num_leaves=31
num_cat=0
split_feature=54 46 52 28 36 26 26 3 56 27 54 54 54 54 1 48 2 17 28 58 58 36 10 41 2 20 21 36 14 1
split_gain=3.13773 1.33585 3.68066 4.335 1.23792 0.934672 1.63719 0.876859 0.649105 0.842958 0.633168 0.549428 0.722145 0.613509 0.458009 0.438196 0.336608 0.330266 0.344048 0.224635 0.375424 0.290976 0.33245 0.209041 0.313972 0.588942 0.159489 0.335308 0.265154 0.156989
threshold=138.85000000000002 23.750000000000004 394.50000000000006 1006.85 12.312500000000002 16.150000000000002 17.050000000000004 6266552.3570000008 21.450000000000003 282.50000000000006 315.00000000000006 500.05000000000001 532.35000000000002 171.05000000000004 8623.839285500002 12.500000000000002 8909.5000000000018 1.5000000000000002 1006.85 1007.4500000000002 1007.5500000000001 1144.1169645000002 0.95642797789208711 285.36449000222746 7282.6250000000009 10.500000000000002 4.5000000000000009 122.85625 29.050000000000004 2627.5714285000008
decision_type=2 2 2 2 2 2 2 2 2 2 2 2 2 2 2 2 2 2 2 2 2 2 2 2 2 2 2 2 2 2
left_child=16 2 3 -2 7 -4 -7 -3 9 14 -6 13 -13 -9 -8 17 19 18 -14 23 -21 22 -22 24 26 -26 27 -1 -29 -19
right_child=1 4 5 -5 10 6 8 11 -10 -11 -12 12 15 -15 -16 -17 -18 29 -20 20 21 -23 -24 -25 25 -27 -28 28 -30 -31
leaf_value=-0.0043898316400586279 -0.0493232536151215 -0.15016728209152783 0.02688615944759289 0.13316280763714958 -0.13378880198629628 -0.025021624706085491 -0.084285523875903323 -0.061864388690759345 -0.32522338130246864 0.062717595943327722 -0.0013549106937450611 -0.037695243007668966 -0.032229828449054296 0.40509120246798247 0.0032404060821121456 -0.069539120054707054 -0.010455950005413319 -0.00080165445129153632 1.4562888040733546 -0.0076083830243305435 0.0034844074473433652 -3.4199250632782347e-06 -0.080708723616640901 0.004259585729180412 -0.043796288585580871 0.0018218903961906029 0.027963080548867997 0.00015387697621012514 -0.10784047315551641 0.16493548311377598
leaf_weight=26 25 35 69 24 35 21 20 31 32 52 33 22 32 199 22 32 26 20 28 20 106 38 20 211 20 32 154 463 20 73
leaf_count=26 25 35 69 24 35 21 20 31 32 52 33 22 32 199 22 32 26 20 28 20 106 38 20 211 20 32 154 463 20 73
internal_value=0.000743431 -0.000689441 -0.00243396 -0.00985714 0.000166667 -0.00075 -0.00210204 0.000711865 -0.000809524 0.000446809 -0.00361765 0.0010778 -4.34781e-05 0.00208696 -0.00271429 0.000567568 0.0017588 0.00123529 -0.0005 0.00183784 0.000880435 0.00135366 0.00204762 0.00202808 0.00178322 -0.000461538 0.00195928 0.00170334 0.00188199 0.00235484
internal_weight=1941 805 265 49 540 216 147 472 126 94 68 437 207 230 42 185 1136 153 60 1110 184 164 126 926 715 52 663 509 483 93
internal_count=1941 805 265 49 540 216 147 472 126 94 68 437 207 230 42 185 1136 153 60 1110 184 164 126 926 715 52 663 509 483 93
is_linear=0
shrinkage=0.03


Tree=168
num_leaves=31
num_cat=0
split_feature=54 37 36 58 58 6 46 51 57 58 54 3 4 30 42 58 9 6 58 37 58 41 50 18 18 6 2 10 18 16
split_gain=3.90387 1.96896 3.00325 2.85788 4.68866 2.46156 1.924 2.41108 2.03347 1.34538 1.20671 0.9909 0.705108 1.23569 0.47153 0.427907 0.375632 0.622381 0.601334 0.420097 0.360853 0.37425 0.343079 0.258783 0.568182 0.250486 0.787037 0.241385 0.216346 0.225
threshold=138.85000000000002 248.08303570000001 38.178571425000008 1006.35 1004.5500000000001 23.500000000000004 23.650000000000002 637.00000000000011 290.50000000000006 1006.9500000000002 304.90000000000003 6348568.4285000013 13.500000000000002 989.91250000000014 -12.525892854999999 1007.85 147.50000000000003 24.500000000000004 1006.9500000000002 434.79285715000003 1007.9500000000002 2.6434076807348261 55.500000000000007 1.5000000000000002 30.500000000000004 26.500000000000004 1383.5000000000002 0.72947329433276253 41.500000000000007 24.550000000000004
decision_type=2 2 2 2 2 2 2 2 2 2 2 2 2 2 2 2 2 2 2 2 2 2 2 2 2 2 2 2 2 2
left_child=16 2 3 4 -2 -6 7 -3 9 11 -4 -9 25 14 23 -5 17 19 -19 22 21 -20 27 -14 -25 -8 -27 -1 -29 -30
right_child=1 6 10 15 5 -7 12 8 -10 -11 -12 -13 13 -15 -16 -17 -18 18 20 -21 -22 -23 -24 24 -26 26 -28 28 29 -31
leaf_value=0.0021163328115766113 -0.0074622061053143873 -0.18400451102542975 -0.25177498108237334 0.67299469816529511 -0.035338123442013022 -0.054076131945425814 3.1328046654483641 0.010669160071945714 0.05815702481523051 -0.053655574232041293 0.019379992616377698 -0.034913130221264167 0.060672353072570358 -0.18156356466481174 -0.060008456599311359 -0.13835114394625764 0.00034636697375936857 0.00026789585666667925 -0.00020163543888940654 -0.0036484275042048481 0.002203976805160969 -0.071961606627551702 -0.0046525192522561317 -0.0011684695268003712 0.099877647277192949 7.0100438912848491 -0.20812491061241145 0.0055535808705154894 0.030304436463344964 -0.0062928903075620936
leaf_weight=223 35 25 21 23 33 26 193 20 73 24 73 23 67 20 31 20 654 24 26 32 24 21 28 22 22 34 20 64 20 20
leaf_count=223 35 25 21 23 33 26 193 20 73 24 73 23 67 20 31 20 654 24 26 32 24 21 28 22 22 34 20 64 20 20
internal_value=0.000573416 -0.00102484 -0.00336364 -0.00619708 -0.00912766 -0.0142881 -8.36236e-05 -0.00281818 -0.00128571 -0.0050597 0.000765958 -0.00188372 0.00101956 -0.000518518 0.000464789 0.000209302 0.00170599 0.00107054 -0.00110526 0.00160465 -0.00249296 -0.00402128 0.00190141 0.00137838 -0.000409091 0.00202834 0.000222222 0.00217431 0.000980769 -0.00075
internal_weight=1941 805 231 137 94 59 574 165 140 67 94 43 409 162 142 43 1136 482 95 387 71 47 355 111 44 247 54 327 104 40
internal_count=1941 805 231 137 94 59 574 165 140 67 94 43 409 162 142 43 1136 482 95 387 71 47 355 111 44 247 54 327 104 40
is_linear=0
shrinkage=0.03


Tree=169
num_leaves=31
num_cat=0
split_feature=24 8 53 37 48 44 37 35 17 45 32 20 53 44 21 50 32 35 27 9 10 48 8 2 10 53 48 36 37 30
split_gain=3.76749 1.95973 1.63259 2.67954 2.75 2.23466 1.60205 2.01313 0.746667 0.610898 0.967931 1.15456 1.08651 1.47424 1.95938 0.81 0.418988 0.869505 1.03058 0.5464 0.360116 0.604277 0.375717 0.332804 0.375639 0.62699 0.268758 0.240497 0.237863 0.218182
threshold=138.85000000000002 3.5000000000000004 198.50000000000003 896.91428570000016 40.500000000000007 29.650000000000002 242.59285715000001 509.62857145000004 33.500000000000007 69.500000000000014 754.41517855000018 19.500000000000004 119.50000000000001 31.350000000000005 662.00000000000011 1.0000000180025095e-35 688.90803570000014 455.33571430000006 294.50000000000006 149.50000000000003 0.95642797789208711 55.500000000000007 1.0000000180025095e-35 8909.5000000000018 -0.95642797789208689 73.500000000000014 8.5000000000000018 320.68660715000004 1080.10625 1147.2705355000001
decision_type=2 2 2 2 2 2 2 2 2 2 2 2 2 2 2 2 2 2 2 2 2 2 2 2 2 2 2 2 2 2
left_child=20 2 5 4 -4 -2 7 8 -3 10 11 12 -7 -14 -15 -12 -8 29 19 -19 23 22 -22 24 25 -1 -24 -26 -5 -18
right_child=1 6 3 28 -6 9 16 -9 -10 -11 15 -13 13 14 -16 -17 17 18 -20 -21 21 -23 26 -25 27 -27 -28 -29 -30 -31
leaf_value=0.0014796904343828553 -0.081932037935361968 1.2611083192692809 -0.19059551699531171 -0.025911261415816147 -0.0099675545838009902 0.0046934596842468949 0.52544678694234104 -0.027281088532105677 -0.20552896385791755 0.052123499875944404 0.01859957796682345 0.012876725362373952 -0.083978279362031394 0.021659892924589311 -0.028027866565884428 -0.0077864483998778163 4.723904622813218 -0.33534728657272095 3.3279058941244415 -0.0094717071276192513 -0.065295578354579054 -0.010341266787771451 -0.00025851558536392304 -0.0092254726194505171 0.0097066644094703364 -0.059292994452594082 0.010145358305738273 0.00018581895474588007 0.097947883974662336 1.6912620061774952
leaf_weight=40 33 40 22 20 22 20 139 37 35 51 80 22 23 27 20 20 80 21 22 20 22 20 22 28 243 27 83 651 21 30
leaf_count=40 33 40 22 20 22 20 139 37 35 51 80 22 23 27 20 20 80 21 22 20 22 20 22 28 243 27 83 651 21 30
internal_value=0.000619784 -0.00095031 -0.00251181 -0.00617647 -0.0113182 -0.00145946 0.00045283 -0.002625 0.0002 -0.000536122 -0.00124528 -0.00316071 -0.00466667 -0.00642857 -0.00338298 0.0009 0.00155769 0.000572254 -0.0022381 -0.00504878 0.00173239 0.000346939 0.00111024 0.00193832 0.00203226 -0.000134328 0.00185714 0.00219463 -0.000658536 0.00218182
internal_weight=1941 805 381 85 44 296 424 112 75 263 212 112 90 70 47 100 312 173 63 41 1136 147 127 989 961 67 105 894 41 110
internal_count=1941 805 381 85 44 296 424 112 75 263 212 112 90 70 47 100 312 173 63 41 1136 147 127 989 961 67 105 894 41 110
is_linear=0
shrinkage=0.03


Tree=170
num_leaves=31
num_cat=0
split_feature=24 28 2 26 27 57 42 6 16 35 19 57 8 32 56 37 35 43 10 26 1 2 10 46 16 28 6 2 20 8
split_gain=3.69368 1.80648 3.03956 2.66778 1.21718 1.68085 1.70929 3.13043 1.12803 0.809703 0.734999 0.673401 0.768254 0.753463 0.598665 0.568182 0.566007 0.867968 0.381219 0.7 0.365878 0.348778 0.34554 0.502526 0.361505 0.334198 0.723214 0.262083 0.231429 0.203584
threshold=138.85000000000002 1006.5500000000001 1991.4285715000003 15.250000000000002 289.50000000000006 276.50000000000006 -45.249999999999993 21.500000000000004 23.150000000000002 319.89375000000001 47.500000000000007 271.50000000000006 3.5000000000000004 710.55000000000007 21.450000000000003 523.18035715000008 103.61964285000001 -165.55357145000002 -0.97335555334614932 15.750000000000002 2627.5714285000008 8909.5000000000018 0.95642797789208711 26.050000000000004 24.350000000000005 1008.85 26.500000000000004 6461.7142855000011 66.500000000000014 3.5000000000000004
decision_type=2 2 2 2 2 2 2 2 2 2 2 2 2 2 2 2 2 2 2 2 2 2 2 2 2 2 2 2 2 2
left_child=18 2 3 -2 5 9 15 -8 -3 -4 16 12 13 -11 20 -7 25 -18 19 -1 27 22 29 24 -24 -10 -27 -6 -26 -20
right_child=1 8 4 -5 14 6 7 -9 10 11 -12 -13 -14 -15 -16 -17 17 -19 21 -21 -22 -23 23 -25 28 26 -28 -29 -30 -31
leaf_value=-0.02914814425029023 -0.082587176790453909 -0.035179895645329869 0.031697652830672378 -0.02481554283724402 -0.0042160129457915283 0.050128335576946494 -0.060204445023822863 -0.1384612311214104 2.249578803029292 -0.049820290793569359 -0.21262916223692718 0.0027306395970703857 0.0079375717174175603 -0.034455831693129699 -0.17882250161235652 -0.085489171979309456 0.68134520369464258 -0.072066018709387544 0.00067651151378687055 0.0063874647600564195 0.13510662979861396 -0.0097560545015412583 -0.015637847133201849 -0.0046485564472185693 0.015151377007144379 7.4976628991667988 -0.062878386014502838 0.014912999613043102 0.0009467036606961315 0.00019923697919232733
leaf_weight=24 25 36 38 20 20 22 23 23 193 20 20 27 30 22 37 22 28 39 566 21 73 26 24 23 72 36 28 23 28 352
leaf_count=24 25 36 38 20 20 22 23 23 193 20 20 27 30 22 37 22 28 39 566 21 73 26 24 23 72 36 28 23 28 352
internal_value=0.000604328 -0.00095031 -0.00229412 -0.00966667 -0.00142105 -0.00281498 -0.006 -0.0100435 0.000552632 -0.000722628 0.0010814 -0.00215151 -0.00366667 -0.00628571 0.000647059 -0.00177273 0.00142593 -0.00102985 0.00170599 -0.001 0.0017069 0.0018176 0.00190141 0.000551021 0.00130645 0.00206615 0.0001875 -0.000488372 0.0021 0.00211765
internal_weight=1941 805 425 45 380 227 90 46 380 137 344 99 72 42 153 44 324 67 1136 45 116 1091 1065 147 124 257 64 43 100 918
internal_count=1941 805 425 45 380 227 90 46 380 137 344 99 72 42 153 44 324 67 1136 45 116 1091 1065 147 124 257 64 43 100 918
is_linear=0
shrinkage=0.03


Tree=171
num_leaves=31
num_cat=0
split_feature=54 58 40 19 27 46 46 37 39 57 40 31 58 49 43 6 24 57 32 11 46 37 56 11 9 2 2 4 27 19
split_gain=3.18152 1.37703 2.71183 2.08238 1.62857 1.57849 1.29401 2.19629 0.970372 1.04879 1.19837 0.823123 1.07023 0.761007 0.625 0.366182 0.545241 0.99142 0.658407 0.345525 0.626294 0.55826 0.73958 0.422434 0.390028 0.339324 0.250216 0.225 0.193494 0.353473
threshold=138.85000000000002 1006.5500000000001 524.23742560083349 3.5000000000000004 289.50000000000006 23.550000000000004 23.250000000000004 540.32946430000015 457.93850449375003 278.50000000000006 937.76719990000026 980.58125000000007 1005.5500000000001 47.500000000000007 -221.03303572999999 24.500000000000004 589.20000000000016 280.50000000000006 77.07053571500002 -0.290129255202841 23.450000000000003 2.5928571430000003 6.5500000000000007 -0.16280825711808986 141.50000000000003 7018.5000000000009 7584.6428570000007 5.5000000000000009 304.50000000000006 2.5000000000000004
decision_type=2 2 2 2 2 2 2 2 2 2 2 2 2 2 2 2 2 2 2 2 2 2 2 2 2 2 2 2 2 2
left_child=19 2 3 5 8 -2 7 -3 14 10 -10 12 -11 15 -4 -8 18 -18 -17 -1 27 28 -23 -24 -25 -6 -27 -21 -22 -30
right_child=1 6 4 -5 25 -7 13 -9 9 11 -12 -13 -14 -15 -16 16 17 -19 -20 20 21 22 23 24 -26 26 -28 -29 29 -31
leaf_value=2.5624956817569711 -0.027467248260272137 6.4072091421003661 -0.0061793535250180345 0.0066592945803126474 0.036662917369872983 -0.17453100662604523 4.1020419339110799 -0.1389705538749359 0.020691359610387636 -0.043138741689705815 -0.036499811104051691 0.0026644367991581412 -0.13223510336911046 -0.20625028736981907 -0.029646234031300202 -0.14652271330301037 1.6242200845088561 -0.064056088699948041 1.3504161378179735 2.7448820681354924e-05 0.00038225554280789885 -0.0073807838290752773 -0.0494907132450388 -0.00088267928496195208 0.0024423344738521754 -0.011564607053429637 0.0075544031715114911 -0.0020003829470666484 2.1884532611694761e-06 0.00090706690057399818
leaf_weight=144 22 23 20 26 93 25 128 29 78 26 31 22 20 20 20 20 34 33 93 20 523 35 20 27 90 20 22 20 124 133
leaf_count=144 22 23 20 26 93 25 128 29 78 26 31 22 20 20 20 20 34 33 93 20 523 35 20 27 90 20 22 20 124 133
internal_value=0.000604328 -0.000838509 -0.00201176 -0.00727397 -0.000920454 -0.0110426 0.000473684 -0.00392308 -0.00252995 -0.00157627 0.000247707 -0.0045 -0.00678261 0.00117073 -0.00675 0.00153896 0.000666667 -0.00147761 0.00193805 0.00162676 0.00142742 0.00158193 3.48838e-05 0.0010292 0.00171795 0.00166667 -0.000571428 -0.00225 0.00192308 0.00124903
internal_weight=1941 805 425 73 352 47 380 52 217 177 109 68 46 328 40 308 180 67 113 1136 992 952 172 137 117 135 42 40 780 257
internal_count=1941 805 425 73 352 47 380 52 217 177 109 68 46 328 40 308 180 67 113 1136 992 952 172 137 117 135 42 40 780 257
is_linear=0
shrinkage=0.03


Tree=172
num_leaves=31
num_cat=0
split_feature=52 28 6 2 57 46 42 47 46 47 26 43 2 28 26 26 6 26 2 40 57 10 57 29 36 46 48 39 31 44
split_gain=2.12673 1.07644 1.58813 3.65394 1.46409 1.28253 1.21096 2.15385 1.04647 0.77479 0.678788 0.594381 0.542716 0.431715 0.409808 0.406625 0.492162 1.34537 0.311967 0.336567 0.4077 0.510441 0.473941 0.546181 0.482575 0.416843 0.301835 0.375171 0.29067 0.256813
threshold=26.500000000000004 1006.5500000000001 18.500000000000004 1991.4285715000003 293.50000000000006 22.950000000000003 -36.823214450000087 7.5000000000000009 23.050000000000004 6.5000000000000009 17.650000000000002 -263.73303567999994 6955.2142855000011 1008.7500000000001 21.900000000000002 4.6500000000000012 26.500000000000004 14.450000000000001 8909.5000000000018 53.113392856874995 198.50000000000003 0.9946518923062071 49.000000000000007 0.45000000000000007 902.08125000000007 24.950000000000003 3.5000000000000004 617.53939733125014 1160.0785715000004 28.950000000000003
decision_type=2 2 2 2 2 2 2 2 2 2 2 2 2 2 2 2 2 2 2 2 2 2 2 2 2 2 2 2 2 2
left_child=13 2 12 -4 5 -5 9 -8 -3 -7 -9 -11 14 18 -2 -10 26 -18 19 20 21 22 -1 24 25 -24 27 -17 -29 -21
right_child=1 8 3 4 -6 6 7 10 15 11 -12 -13 -14 -15 -16 16 17 -19 -20 29 -22 -23 23 -25 -26 -27 -28 28 -30 -31
leaf_value=0.0037549085979847355 0.039348975783075855 -0.029276878707845361 -0.10480781782894764 0.021015938898414539 0.018932552945270138 0.0060025848112525591 -0.22890157987902077 0.0047179977468705687 -0.19233314306325805 -0.013911207903804965 -0.018758230508773621 -0.07752843927934662 -0.033072992904365321 -0.030966900741391513 -0.36516241086893592 -0.17113539237753495 1.2482261543457818 -0.16995023284091126 -0.0094368924879461632 0.0035161538315955196 0.00022278356910480362 -0.0039355966152468469 -0.00011779657656630449 0.00021693428193230983 3.9537007815957304e-05 -9.8289976054408416e-06 4.2530434307180469 3.7681710779077342 0.049580032787563649 0.001726534749400857
leaf_weight=49 125 26 28 29 59 48 36 22 20 29 20 26 39 21 24 21 65 32 26 245 495 20 21 26 21 22 144 54 22 126
leaf_count=49 125 26 28 29 59 48 36 22 20 29 20 26 39 21 24 21 65 32 26 245 495 20 21 26 21 22 144 54 22 126
internal_value=0.000650696 -0.000452244 -0.00139175 -0.00275758 -0.00168401 -0.00285714 -0.00379558 -0.00661538 0.000734375 -0.00166019 -0.002 -0.00409091 0.000765958 0.00154478 0.0015906 0.00115642 0.00140237 -0.000402062 0.00162988 0.0017122 0.00130275 -1.88678e-05 0.000625899 -0.000666667 -0.00215625 -0.00397674 0.00212863 0.000835052 0.00181579 0.00243396
internal_weight=1941 869 485 297 269 210 181 78 384 103 42 55 188 1072 149 358 338 97 1051 1025 654 159 139 90 64 43 241 97 76 371
internal_count=1941 869 485 297 269 210 181 78 384 103 42 55 188 1072 149 358 338 97 1051 1025 654 159 139 90 64 43 241 97 76 371
is_linear=0
shrinkage=0.03


Tree=173
num_leaves=31
num_cat=0
split_feature=24 8 1 30 31 30 35 6 26 44 19 35 57 46 30 34 33 37 24 1 43 37 47 17 17 47 28 35 41 35
split_gain=2.145 0.909603 1.44652 1.31154 1.0533 1.64727 1.50096 0.89042 1.37111 0.840776 0.771926 0.810515 0.894444 1.0217 0.577997 0.564171 0.879331 0.4 0.334753 0.316964 0.470375 0.46113 0.674329 0.34299 1.21027 1.03371 0.246632 0.567156 0.186726 0.489097
threshold=138.85000000000002 3.5000000000000004 2029.6428570000003 124.98125000000002 650.92142855000009 775.09464285000013 457.11875000000003 26.500000000000004 18.350000000000005 29.650000000000002 49.500000000000007 260.79285715000009 294.50000000000006 23.750000000000004 902.08125000000007 751.50892855000018 775.09464285000013 41.13750000000001 597.50000000000011 3967.2500000000005 46.204464285000007 434.79285715000003 10.500000000000002 41.500000000000007 44.500000000000007 43.500000000000007 1007.4500000000002 630.78839285000015 285.98928676918467 362.47857145000006
decision_type=2 2 2 2 2 2 2 2 2 2 2 2 2 2 2 2 2 2 2 2 2 2 2 2 2 2 2 2 2 2
left_child=19 4 3 17 9 6 -6 8 14 -2 11 -4 13 -13 -7 -11 -17 -3 -15 20 21 23 -23 26 25 -25 -1 -28 29 -26
right_child=1 2 10 -5 5 7 -8 -9 -10 15 -12 12 -14 18 -16 16 -18 -19 -20 -21 -22 22 -24 24 28 -27 27 -29 -30 -31
leaf_value=0.0012026771460485078 -0.069498679520508727 0.0098022436491926167 4.2525924860460398 -0.032078250760382544 -0.07091709435238909 -0.0075244832083951685 -0.010475443909440602 -0.13087968786823082 -0.11068935510238799 0.0093790119702482529 -0.19486512374334652 -0.33907047934966106 0.88196917299283839 0.50424564842024533 0.033068157610093872 -0.045081889090610901 0.012695491902632786 -0.012019065501666653 -0.02695224600193746 5.8249433061072402 -0.0651146449882955 0.0050541418803490825 -0.00915378565315581 0.00023938830580603435 0.00010865613931864366 -0.00029718070610276152 0.001215666877662477 -0.066030787485109113 0.002787903599666121 -4.644047585695758e-05
leaf_weight=276 33 20 209 29 33 21 21 30 26 97 20 27 46 22 66 31 23 20 31 117 27 22 36 25 375 21 85 26 70 56
leaf_count=276 33 20 209 29 33 21 21 30 26 97 20 27 46 22 66 31 23 20 31 117 27 22 36 25 375 21 85 26 70 56
internal_value=0.000681608 -0.000503105 0.00045283 -0.00352174 -0.00156693 -0.00309137 -0.00755556 -0.00140559 -0.000185841 6.52175e-05 0.00122535 0.00156716 -0.000333333 -0.00225 0.00162069 0.00101325 -0.00144444 1.11759e-10 0.000169811 0.00152113 0.00135132 0.00145766 -0.00113793 0.00161884 0.00113528 -0.00352174 0.00230233 0.00110811 0.00156287 0.00132947
internal_weight=1941 805 424 69 381 197 54 143 113 184 355 335 126 80 87 151 54 40 53 1136 1019 992 58 934 547 46 387 111 501 431
internal_count=1941 805 424 69 381 197 54 143 113 184 355 335 126 80 87 151 54 40 53 1136 1019 992 58 934 547 46 387 111 501 431
is_linear=0
shrinkage=0.03


Tree=174
num_leaves=31
num_cat=0
split_feature=54 8 51 32 22 58 2 34 5 9 2 11 1 50 9 9 32 46 47 2 3 26 40 27 58 9 57 48 9 28
split_gain=1.88359 1.04624 1.16104 2.44217 1.65962 0.94316 1.40616 0.958408 1.07326 0.761552 0.600029 0.412855 0.847771 0.409731 0.812027 0.450149 1.72806 0.388493 0.330688 0.292018 0.265797 0.225166 0.527539 0.20407 0.678685 0.335497 0.268469 0.208354 0.185288 0.662189
threshold=138.85000000000002 5.5000000000000009 835.50000000000011 907.54285715000015 728.50000000000011 1006.0500000000001 1719.2142860000001 1032.7062500000002 22.500000000000004 146.50000000000003 8133.0803570000007 -0.32143946530316164 1407.2142860000001 1.0000000180025095e-35 141.50000000000003 147.50000000000003 745.88750000000016 23.450000000000003 28.500000000000004 8909.5000000000018 6610741.6340000005 17.050000000000004 739.63370535000001 311.50000000000006 1007.4500000000002 137.50000000000003 271.50000000000006 19.500000000000004 147.50000000000003 1007.4500000000002
decision_type=2 2 2 2 2 2 2 2 2 2 2 2 2 2 2 2 2 2 2 2 2 2 2 2 2 2 2 2 2 2
left_child=11 2 5 -4 9 6 -2 10 -9 -5 21 -1 17 14 -7 20 -17 -13 -3 23 -16 22 -8 25 27 -19 28 -25 29 -27
right_child=1 18 3 4 -6 13 7 8 -10 -11 -12 12 -14 -15 15 16 -18 19 -20 -21 -22 -23 -24 24 -26 26 -28 -29 -30 -31
leaf_value=3.4709957433561658 -0.066718144872122007 0.051762583941970537 -0.25476380844013563 -0.10788191482585079 0.049245861808733873 -0.17285406872362169 0.0020723275154426717 0.0061642669152186464 -0.070736100554411097 -0.0104342539294996 -0.044019237459403712 -1.3863346510103196e-05 -0.10233101873985082 0.24537248853102689 1.6610139154337713 1.5813144122330782 -0.17092625561073441 -0.00083166477118767218 -0.0049500692332818336 -0.0088791721437131033 -0.010014464100577837 0.0051853363255715797 -0.034859365859994176 0.00064526976465704761 -0.00012443468930012282 0.0019935299385839618 0.0011573295910956459 3.8228727772411445e-06 0.00016722640363298129 -0.067962805747814881
leaf_weight=139 27 108 37 22 56 28 44 25 34 21 20 40 25 64 86 58 22 27 32 26 26 74 21 71 20 99 281 93 295 20
leaf_count=139 27 108 37 22 56 28 44 25 34 21 20 40 25 64 86 58 22 27 32 26 26 74 21 71 20 99 281 93 295 20
internal_value=0.000681608 -0.000428571 -0.000924812 -0.00339706 -0.000939394 -0.000289225 -0.00165306 -0.000853211 -0.00411864 -0.00537209 0.000358491 0.00146831 0.00125476 0.000887324 0.000272727 0.00096875 -0.00075 0.00139506 0.00192857 0.00151931 0.00219643 0.00105755 -0.000230769 0.00160927 0.000717391 0.00183657 0.00196403 0.00135366 0.00147826 0.000478992
internal_weight=1941 805 665 136 99 529 245 218 59 43 159 1136 997 284 220 192 80 972 140 932 112 139 65 906 184 722 695 164 414 119
internal_count=1941 805 665 136 99 529 245 218 59 43 159 1136 997 284 220 192 80 972 140 932 112 139 65 906 184 722 695 164 414 119
is_linear=0
shrinkage=0.03


Tree=175
num_leaves=31
num_cat=0
split_feature=24 35 8 53 24 1 37 19 37 40 56 17 30 43 9 1 37 26 50 17 8 28 10 14 26 56 3 3 30 35
split_gain=1.47652 1.57649 0.67199 1.71393 1.71445 1.12805 0.853333 0.814793 0.758423 0.670487 0.798592 0.650348 0.625 0.437807 2.23828 0.384825 0.510894 1.10208 0.581471 0.479168 0.420582 0.989591 0.378602 0.311538 0.304535 0.296622 0.281609 0.425809 0.251696 0.246499
threshold=138.85000000000002 1243.1750000000002 3.5000000000000004 198.50000000000003 589.20000000000016 2029.6428570000003 820.66428570000005 49.500000000000007 963.55000000000007 799.4922246875002 18.350000000000005 12.500000000000002 1012.8687500000002 183.17499995000006 141.50000000000003 3988.4107145000003 267.70982145000011 11.050000000000002 28.500000000000004 56.500000000000007 1.5000000000000002 1006.9500000000002 0.35206144883412577 31.950000000000003 4.2500000000000009 6.8500000000000005 6397297.0895000007 6662970.0000000009 1147.2705355000001 319.89375000000001
decision_type=2 2 2 2 2 2 2 2 2 2 2 2 2 2 2 2 2 2 2 2 2 2 2 2 2 2 2 2 2 2
left_child=15 2 3 8 6 11 -5 9 13 28 -11 -4 -10 29 -15 16 18 -18 20 -20 21 -1 -21 -12 -24 -26 -27 -28 -7 -2
right_child=1 -3 5 4 -6 7 -8 -9 12 10 23 -13 -14 14 -16 -17 17 -19 19 22 -22 -23 24 -25 25 26 27 -29 -30 -31
leaf_value=0.0024245887332813945 0.0071475925407682613 -0.04240885550935692 -0.023069774192002561 -0.12309626868160414 -0.18332850760735789 3.9715492483116819 2.9313763274762938 -0.18383354796933801 -0.022837367082997228 -0.11970888079573677 -0.3151102306754211 -0.0016754677062016385 0.023975292787736385 -0.074398660220630589 0.85918560918266962 6.2283548629286871 0.0015989670796643001 -0.034575249209056962 -0.042728788279947888 6.7260006835800877e-05 0.00087240670079738079 -0.0055455526361989482 0.0012029078469509456 1.6574749313175607 -0.002979098974053203 0.0014040459544312346 -0.0021690616332635778 8.7296794472787483e-05 1.6099176812814935 0.003769742490024576
leaf_weight=90 66 21 20 20 35 202 30 20 20 34 20 39 20 22 58 116 48 32 28 145 466 71 33 45 20 29 23 35 31 102
leaf_count=90 66 21 20 20 35 202 30 20 20 34 20 39 20 22 58 116 48 32 28 145 466 71 33 45 20 29 23 35 31 102
internal_value=0.000666152 -0.00031677 -9.94897e-05 -0.00102145 -0.00476471 0.000737226 -0.0012 0.00138068 8.33334e-05 0.00173494 -0.000333333 -0.00310169 -0.00375 0.000701613 -0.001125 0.00136268 0.00117647 -0.001125 0.00137234 0.000316294 0.00189952 0.00057764 0.000684211 0.00161538 -0.000428571 -0.00120561 -0.000448276 -0.00165517 0.00261373 0.00157143
internal_weight=1941 805 784 373 85 411 50 352 288 332 99 59 40 248 80 1136 1020 80 940 313 627 161 285 65 140 107 87 58 233 168
internal_count=1941 805 784 373 85 411 50 352 288 332 99 59 40 248 80 1136 1020 80 940 313 627 161 285 65 140 107 87 58 233 168
is_linear=0
shrinkage=0.03


Tree=176
num_leaves=31
num_cat=0
split_feature=54 10 2 57 28 17 30 9 37 6 23 43 17 37 37 56 48 11 1 2 27 27 56 46 40 31 37 56 44 1
split_gain=1.79832 1.02686 1.32634 1.24307 1.15378 1.35992 1.6129 0.844941 0.967966 0.787441 1.4986 0.696429 0.502976 0.756366 0.469341 0.44583 0.429792 0.357873 0.885596 0.291526 0.302383 1.10274 0.394085 0.308875 0.290533 0.237999 0.184322 1.05026 0.16 0.152941
threshold=138.85000000000002 -0.32143946530316159 4882.3125000000009 284.50000000000006 1005.5500000000001 4.5000000000000009 653.90714285000013 141.50000000000003 485.12589285000007 26.500000000000004 198.50000000000003 183.17499995000006 6.5000000000000009 430.72857140000002 1028.3375000000003 21.450000000000003 26.500000000000004 -0.32143946530316164 1407.2142860000001 8909.5000000000018 318.50000000000006 322.50000000000006 10.250000000000002 23.450000000000003 593.73545387833349 650.92142855000009 2.5928571430000003 6.5500000000000007 29.550000000000004 3425.1428570000003
decision_type=2 2 2 2 2 2 2 2 2 2 2 2 2 2 2 2 2 2 2 2 2 2 2 2 2 2 2 2 2 2
left_child=17 2 -2 4 12 6 -6 8 11 -9 14 -3 -4 -14 29 24 -10 -1 19 20 23 -22 -23 -19 -5 -15 -25 -28 -29 -11
right_child=1 7 3 15 5 -7 -8 9 16 10 -12 -13 13 25 -16 -17 -18 18 -20 -21 21 22 -24 26 -26 -27 27 28 -30 -31
leaf_value=3.3294574050813566 -0.19745843296712731 -0.10377479591022784 0.0041567553306792052 -0.0014424159976703353 0.018904053030659534 -0.09943450351062641 -0.10549302621262367 3.3870484006382759 0.033560175746458032 0.22983752224552664 -0.15661373026259726 -0.16235894856825769 -0.043455026390294325 0.036889610121392295 -0.002894840098749578 -0.055490882164551433 -0.016836373755228912 -9.5953757683038873e-06 -0.098077067006855562 -0.0075755395031300021 -0.00015324880070748947 0.00084101033819500716 -0.0079504014829858572 0.00039057109303882939 0.01655553324987941 -0.0048349191427118892 -0.0065253313058413432 0.0021763678473834466 0.0037285467760651606 0.13821376658400711
leaf_weight=139 28 24 28 20 31 23 31 180 50 20 24 28 33 22 21 20 21 40 25 26 25 81 26 644 107 29 30 80 20 65
leaf_count=139 28 24 28 20 31 23 31 180 50 20 24 28 33 22 21 20 21 40 25 26 25 81 26 644 107 29 30 80 20 65
internal_value=0.000805255 -0.000279503 -0.00143548 -0.000924418 -0.00248223 -0.00511765 -0.00280645 0.000713626 -0.00139024 0.00154839 -0.000230769 -0.0045 -0.000482143 -0.00164286 0.00130189 0.00116327 0.000887324 0.00157394 0.00137513 0.00151852 0.00160465 0.000272727 0.00159813 0.00182064 0.0018189 0.000647059 0.00195349 0.000923077 0.0024 0.00229412
internal_weight=1941 805 372 344 197 85 62 433 123 310 130 52 112 84 106 147 71 1136 997 972 946 132 107 814 127 51 774 130 100 85
internal_count=1941 805 372 344 197 85 62 433 123 310 130 52 112 84 106 147 71 1136 997 972 946 132 107 814 127 51 774 130 100 85
is_linear=0
shrinkage=0.03


Tree=177
num_leaves=31
num_cat=0
split_feature=54 10 2 57 28 9 41 31 9 14 31 1 26 9 9 41 33 38 44 41 35 28 2 57 57 36 17 10 41 44
split_gain=1.58791 0.940816 0.984867 0.947238 0.946342 1.47727 0.817083 0.839874 0.710504 0.897597 0.675075 1.16883 0.620425 0.521279 1.17132 2.05539 0.5 0.49 0.458109 0.649344 0.365094 0.323324 0.31539 0.229664 0.553017 0.595019 0.301863 0.156128 0.380952 0.152544
threshold=138.85000000000002 -0.32143946530316159 5041.9791665000002 284.50000000000006 1005.4500000000002 143.50000000000003 286.99834563159067 648.57142855000018 141.50000000000003 32.45000000000001 225.70625000000004 9644.2857145000016 17.250000000000004 147.50000000000003 149.50000000000003 334.25102099474725 787.69196430000011 593.57566963750014 31.550000000000004 321.11657227109714 66.478571430000017 1008.7500000000001 8909.5000000000018 312.50000000000006 323.50000000000006 964.94107145000009 68.500000000000014 -0.95642797789208689 335.62918893161896 26.250000000000004
decision_type=2 2 2 2 2 2 2 2 2 2 2 2 2 2 2 2 2 2 2 2 2 2 2 2 2 2 2 2 2 2
left_child=21 2 -2 4 12 -6 7 -7 9 10 -3 17 16 -10 15 -15 -4 -12 19 -5 -16 22 23 27 25 26 -25 28 -1 -29
right_child=1 8 3 18 5 6 -8 -9 13 -11 11 -13 -14 14 20 -17 -18 -19 -20 -21 -22 -23 -24 24 -26 -27 -28 29 -30 -31
leaf_value=-0.028783582157787257 -0.22961120216281555 0.0097925991813147609 -0.075648721445511491 -0.022712869627882867 -0.10112208800510221 0.0064142136567228933 0.012222919355453931 -0.10863735481966497 3.7121012496244981 0.097621455975407584 -0.14975441984006949 0.015919191890926828 0.0095576799358227001 0.026185418375062174 1.717736381166171 -0.15375775958051646 0.0080869312179334685 -0.14721915301316177 0.37806762954972972 0.0055876096419053911 -0.25561771737100253 -0.020324890863411767 -0.0073482733180361007 0.00063772504298216493 0.0011179812554278192 -6.4564971746223826e-05 -0.0001760341602310228 3.3777176221371471e-05 0.0068860157496800425 0.00090264093917538342
leaf_weight=21 37 23 25 23 21 20 27 27 152 34 25 21 48 29 86 23 25 20 79 40 20 25 26 49 96 22 22 81 21 773
leaf_count=21 37 23 25 23 21 20 27 27 152 34 25 21 48 29 86 23 25 20 79 40 20 25 26 49 96 22 22 81 21 773
internal_value=0.000851623 -0.000167702 -0.00127419 -0.000761194 -0.00212953 -0.00426316 -0.00227027 -0.00465957 0.00078291 -0.00114634 -0.00273034 -0.00427273 -6.12244e-05 0.00154839 0.000341772 -0.00334615 -0.0024 -0.007 0.00109859 -0.000809524 0.00215094 0.00157394 0.00164987 0.00172811 0.000777778 -0.000870968 0.000464789 0.00192857 0.000142857 0.00201639
internal_weight=1941 805 372 335 193 95 74 47 433 123 89 66 98 310 158 52 50 45 142 63 106 1136 1111 1085 189 93 71 896 42 854
internal_count=1941 805 372 335 193 95 74 47 433 123 89 66 98 310 158 52 50 45 142 63 106 1136 1111 1085 189 93 71 896 42 854
is_linear=0
shrinkage=0.03


Tree=178
num_leaves=31
num_cat=0
split_feature=54 35 9 27 28 42 57 14 30 3 32 56 5 47 41 31 53 9 1 28 39 34 34 34 27 37 57 17 18 57
split_gain=1.21617 1.2137 1.03006 0.970527 1.20309 1.3686 1.65826 0.816742 0.931285 0.827736 0.934751 0.788215 0.60162 0.593842 0.580762 0.4 0.358434 0.680556 0.330263 0.303395 0.279674 0.764721 0.23043 0.439591 0.338629 0.264947 0.675475 0.4 0.350801 0.32569
threshold=138.85000000000002 242.59285715000001 141.50000000000003 292.50000000000006 1005.35 -43.40803575000001 280.50000000000006 32.45000000000001 242.59285715000001 6555405.9375000009 640.62500000000011 21.450000000000003 22.500000000000004 9.5000000000000018 288.14284533621122 602.9000000000002 198.50000000000003 147.50000000000003 4071.3392855000006 1008.7500000000001 21.823772321187501 316.67142855000003 63.264285715000007 7.2553571430000003 279.50000000000006 2.5928571430000003 252.50000000000003 50.500000000000007 87.500000000000014 312.50000000000006
decision_type=2 2 2 2 2 2 2 2 2 2 2 2 2 2 2 2 2 2 2 2 2 2 2 2 2 2 2 2 2 2
left_child=19 2 7 4 12 14 18 8 -2 10 -10 -5 -3 -14 -6 -15 -4 -18 -7 20 21 22 23 25 -25 28 27 -27 29 -1
right_child=1 3 16 11 5 6 -8 -9 9 -11 -12 -13 13 15 -16 -17 17 -19 -20 -21 -22 -23 -24 24 -26 26 -28 -29 -30 -31
leaf_value=0.00025639513015858636 0.018403784888995141 0.0098613011660085709 1.1511294009244621 0.015981633598532066 -0.025089772698804986 -0.074517314719689698 -0.097906709787975374 0.10684282522459546 -0.17576183986428146 0.011384241844826601 -0.06602302851886592 -0.3033108112013857 0.0051761271484405541 -0.0066470220837729225 0.051307858517786145 -0.052124645557421384 7.1672328918575134 -0.12009176498185282 -0.26325407534087669 -0.019715144137509567 0.010329138436740749 -0.014788778924504349 0.0026237171889663745 0.0053063752353150794 -0.067787182217218536 -0.073077282976774974 0.0058782537828260869 -0.00010045134875860049 -1.0069049811086431e-05 0.0001317312138029025
leaf_weight=462 22 57 239 95 38 22 23 32 28 25 29 20 22 20 20 20 36 36 21 25 229 20 77 26 20 20 61 20 25 151
leaf_count=462 22 57 239 95 38 22 23 32 28 25 29 20 22 20 20 20 36 36 21 25 229 20 77 26 20 20 61 20 25 151
internal_value=0.000836167 -5.59005e-05 0.000986577 -0.00135754 -0.0024321 -0.0045 -0.00745455 -0.00119118 -0.00248077 -0.00395122 -0.00594737 0.000913044 -0.000277311 -0.00232258 -0.00113793 -0.0045 0.00193891 8.33334e-05 -0.00397674 0.00146831 0.00154185 0.00129932 0.00143387 0.00128025 -0.00156522 0.00145737 2.97031e-05 -0.003 0.00168339 0.00182545
internal_weight=1941 805 447 358 243 124 66 136 104 82 57 115 119 62 58 40 311 72 43 1136 1111 882 862 785 46 739 101 40 638 613
internal_count=1941 805 447 358 243 124 66 136 104 82 57 115 119 62 58 40 311 72 43 1136 1111 882 862 785 46 739 101 40 638 613
is_linear=0
shrinkage=0.03


Tree=179
num_leaves=31
num_cat=0
split_feature=51 44 51 6 44 54 52 4 31 26 24 19 3 19 27 26 10 28 2 41 35 37 37 56 56 26 37 36 29 12
split_gain=1.96457 2.62827 1.51197 0.759277 1.14286 0.601774 0.921094 0.670712 1.12998 0.685146 0.705953 0.551493 0.394461 0.366806 0.746809 0.808754 1.91736 0.3055 0.297726 0.329954 0.477627 0.27446 0.668605 0.270179 0.301855 1.14834 0.563982 0.293878 0.687013 0.203642
threshold=835.50000000000011 32.650000000000013 883.50000000000011 26.500000000000004 33.45000000000001 51.300000000000004 29.500000000000004 15.500000000000002 669.85178570000005 15.750000000000002 328.85000000000008 47.500000000000007 6231746.7410000013 1.0000000180025095e-35 254.00000000000003 14.450000000000001 0.25881904510252091 1008.7500000000001 8909.5000000000018 91.300082452083004 208.85267855000004 163.95267855000003 55.597916665000007 14.250000000000002 6.4500000000000011 6.2500000000000009 2.5928571430000003 829.54285715000015 0.45000000000000007 0.68821212559966971
decision_type=2 2 2 2 2 2 2 2 2 2 2 2 2 2 2 2 2 2 2 2 2 2 2 2 2 2 2 2 2 2
left_child=5 2 -2 -3 -5 17 -7 11 9 10 -9 12 -8 14 -14 -16 -17 18 19 20 23 22 -11 24 25 26 -1 28 -25 -21
right_child=1 3 -4 4 -6 6 7 8 -10 21 -12 -13 13 -15 15 16 -18 -19 -20 29 -22 -23 -24 27 -26 -27 -28 -29 -30 -31
leaf_value=0.0005013938540283419 -0.095347361969433372 1.6914413018245609 -0.0014067169509298816 -0.030140583745971391 3.4266043934693879 -0.10657338722096014 -0.036073749360973559 0.0046360812931269925 -0.27743162357587237 0.0035603489040471107 -0.038606455144637987 -0.16014405212551375 -0.1740648227874938 0.56730262862065506 1.5842552955656646 0.039436555150648749 -0.15184175597319877 -0.019123689813384359 -0.0066841617507598875 0.0031070417420656082 -8.5125079306200342e-05 0.014034843545849567 -0.006217199773457794 -0.0001232554085421636 0.00049432402808929801 -0.00048557653440582351 -0.0042380664607807811 4.8119002427424274e-05 0.0014517533614862787 0.0002742329409283261
leaf_weight=194 29 60 23 28 28 20 22 37 24 23 36 32 26 182 136 42 20 25 26 366 26 69 20 33 273 20 27 35 30 29
leaf_count=194 29 60 23 28 28 20 22 37 24 23 36 32 26 182 136 42 20 25 26 366 26 69 20 33 273 20 27 35 30 29
internal_value=0.000743431 -0.00235714 -0.00796154 0.000155173 -0.00235714 0.00103723 0.000343977 0.000533632 -0.000875598 -8.1081e-05 -0.00234247 0.00117391 0.00145794 0.00166995 0.000857143 0.00148485 -0.00135484 0.00147786 0.00155524 0.00163504 0.00121317 0.00139286 -0.000488372 0.00138235 0.00165759 0.000883818 0.00150679 -6.12244e-05 -0.00128571 0.00231646
internal_weight=1941 168 52 116 56 1773 689 669 209 185 73 460 428 406 224 198 62 1084 1059 1033 638 112 43 612 514 241 221 98 63 395
internal_count=1941 168 52 116 56 1773 689 669 209 185 73 460 428 406 224 198 62 1084 1059 1033 638 112 43 612 514 241 221 98 63 395
is_linear=0
shrinkage=0.03


Tree=180
num_leaves=31
num_cat=0
split_feature=52 8 16 49 57 43 21 35 56 51 32 32 37 56 3 17 33 53 3 21 28 51 42 2 18 47 16 41 37 48
split_gain=1.97909 1.86192 1.90299 1.30797 2.94746 1.35534 1.06795 0.791316 0.83653 0.728455 0.657391 0.608683 0.571895 0.540494 0.52521 0.469173 0.768254 0.379842 0.363025 0.353571 0.411081 0.464902 0.465396 0.281486 0.28776 0.827586 0.240259 0.262115 0.388894 0.235744
threshold=81.500000000000014 2.5000000000000004 24.050000000000004 1.5000000000000002 280.50000000000006 118.20625000000001 260.50000000000006 260.79285715000009 18.350000000000005 844.00000000000011 640.62500000000011 1032.7062500000002 670.75178570000014 21.250000000000004 6288535.8750000009 30.500000000000004 630.78839285000015 198.50000000000003 6530118.7145000007 148.50000000000003 1008.5500000000001 108.00000000000001 -24.474107154999995 8909.5000000000018 68.000000000000014 77.500000000000014 23.450000000000003 2.5191106569626167 2.5928571430000003 2.5000000000000004
decision_type=2 2 2 2 2 2 2 2 2 2 2 2 2 2 2 2 2 2 2 2 2 2 2 2 2 2 2 2 2 2
left_child=19 2 3 4 5 -2 -3 14 11 -6 -5 12 18 -10 17 16 -4 -8 -9 20 21 23 -23 24 26 -26 -1 28 29 -28
right_child=1 6 15 10 9 -7 7 8 13 -11 -12 -13 -14 -15 -16 -17 -18 -19 -20 -21 -22 22 -24 -25 25 -27 27 -29 -30 -31
leaf_value=-4.8740056006973057e-06 0.0085439614887960515 -0.041991268511739246 -0.14553017299354049 0.061856807718692737 -0.033285955881589793 -0.015244709077279832 0.93437454540152998 -0.092173332245976625 0.74514141971627856 -0.052357420796025157 -0.027348731991215181 -0.2261233277832127 0.075746510293115424 -0.055551018908136594 2.3851176490702697 0.90635364014247433 0.010261593676387619 -0.14529305794406794 9.0607754410069742e-05 0.077272517167198657 -0.029562511674987264 0.0042975396075189687 -0.088652017273285311 -0.0064836368982370907 -0.014149333957019927 0.00042306445960068012 -1.2482258586499715e-05 0.001643186677427933 -0.0010625015819215398 0.00025461048764949826
leaf_weight=43 29 30 20 21 20 22 23 30 63 21 25 25 21 31 210 39 36 22 21 112 28 31 24 26 29 58 30 492 39 320
leaf_count=43 29 30 20 21 20 22 23 30 63 21 25 25 21 31 210 39 36 22 21 112 28 31 24 26 29 58 30 492 39 320
internal_value=0.000666152 -0.000596615 -0.00279399 -0.00504348 -0.0071087 -0.00229412 0.000478992 0.000847534 -0.000612565 -0.0130976 -0.000913043 -0.00256701 -0.00116667 0.00140426 0.00194118 0.000473684 -0.00128571 -0.001 -0.00288235 0.00139286 0.00123214 0.00132418 -0.00136364 0.00146673 0.00154599 -0.000103448 0.0017013 0.00180817 0.00122622 0.00154286
internal_weight=1941 709 233 138 92 51 476 446 191 41 46 97 72 94 255 95 56 45 51 1232 1120 1092 55 1037 1011 87 924 881 389 350
internal_count=1941 709 233 138 92 51 476 446 191 41 46 97 72 94 255 95 56 45 51 1232 1120 1092 55 1037 1011 87 924 881 389 350
is_linear=0
shrinkage=0.03


Tree=181
num_leaves=31
num_cat=0
split_feature=24 18 42 23 8 43 57 34 3 35 57 54 37 18 22 43 26 23 5 34 46 36 28 34 22 26 26 12 27 18
split_gain=2.76958 2.55273 2.33028 3.80817 1.28931 1.23012 1.18843 0.735775 0.938857 0.562537 0.833934 0.3653 1.26752 1.23082 0.73274 0.800539 0.992465 0.615218 0.486786 0.383524 0.309154 0.281017 0.280705 0.270637 0.232471 0.211219 0.362895 0.40986 0.6125 1.14286
threshold=589.20000000000016 8.5000000000000018 109.24732150000001 181.00000000000003 2.5000000000000004 -95.874106999999967 278.50000000000006 1032.7062500000002 6336208.6875000009 260.79285715000009 281.50000000000006 53.850000000000001 305.97500000000008 62.500000000000007 76.500000000000014 289.08392860000004 13.750000000000002 115.50000000000001 22.500000000000004 51.664285715000005 23.750000000000004 89.406250000000014 1008.6500000000002 12.350000000000001 441.50000000000006 8.4500000000000011 3.9500000000000006 0.63670430569443026 323.50000000000006 35.500000000000007
decision_type=2 2 2 2 2 2 2 2 2 2 2 2 2 2 2 2 2 2 2 2 2 2 2 2 2 2 2 2 2 2
left_child=7 4 3 -3 5 -2 -7 11 -9 -6 -11 19 13 14 21 16 -16 -14 -18 22 -19 -13 23 25 -12 26 -1 28 29 -28
right_child=1 2 -4 -5 9 6 -8 8 -10 10 24 12 17 -15 15 -17 18 20 -20 -21 -22 -23 -24 -25 -26 -27 27 -29 -30 -31
leaf_value=0.0010396598535153281 0.005341393432094511 -0.0010263971409493371 0.0090196498499437935 -0.16384379869563373 4.241022699618183 -0.0050348823846398322 -0.090189356065762213 -0.015716085142360361 0.014124845487857073 -0.10300107213544622 -0.28422200759082378 0.0093096962659855714 -0.019536199376475983 -0.2220468493371269 -0.15862142649658964 0.043617693640060955 0.0016712856208801184 -0.013624499618810081 -0.024974920474158009 0.003368302166660609 2.7995930398537729 -0.10325224417434535 -0.019928084157167632 -0.033436654208217099 0.48657299886397198 0.00020210999180790508 1.9015331223123751e-05 0.0018246482062652673 0.00082899648637157206 -0.0073409390052824987
leaf_weight=103 32 20 21 32 86 26 29 20 37 31 20 67 29 22 23 22 32 24 29 255 202 20 24 35 47 384 112 89 36 32
leaf_count=103 32 20 21 32 86 26 29 20 37 31 20 67 29 22 23 22 32 24 29 255 202 20 24 35 47 384 112 89 36 32
internal_value=0.00055796 -0.00188372 -0.00686301 -0.0102692 -0.000542435 -0.00355172 -0.00627273 0.00108391 -0.00226316 0.000880435 -0.000673469 0.00120779 0.000510638 -0.00118605 -0.000419689 -0.00209434 -0.00342857 0.00194118 -0.00142623 0.00151402 0.00246903 0.00162069 0.00119632 0.0012933 0.00120896 0.0014127 0.000903226 0.00032342 -0.0005 -0.001375
internal_weight=1941 344 73 52 271 87 55 1597 57 184 98 1540 470 215 193 106 84 255 61 1070 226 87 815 791 67 756 372 269 180 144
internal_count=1941 344 73 52 271 87 55 1597 57 184 98 1540 470 215 193 106 84 255 61 1070 226 87 815 791 67 756 372 269 180 144
is_linear=0
shrinkage=0.03


Tree=182
num_leaves=31
num_cat=0
split_feature=54 8 37 46 34 57 51 1 31 40 26 27 4 46 19 23 54 19 57 28 2 46 1 48 36 26 26 9 37 18
split_gain=3.02046 2.19252 2.5989 1.83946 1.52381 1.3198 1.42164 1.10769 0.84801 0.720973 1.41176 0.421505 0.54697 0.328503 0.942857 0.409481 0.906595 0.858704 0.709475 0.409082 0.297561 0.245581 0.296296 0.255843 0.63 0.240015 0.790665 0.275874 0.250082 0.638291
threshold=589.20000000000016 4.5000000000000009 499.42767855000005 23.350000000000005 791.23303570000019 280.50000000000006 835.50000000000011 7528.9375000000009 653.90714285000013 851.24558533750007 17.550000000000004 294.50000000000006 13.500000000000002 23.150000000000002 36.500000000000007 124.50000000000001 218.50000000000003 10.500000000000002 268.50000000000006 1008.5500000000001 8909.5000000000018 23.550000000000004 209.36607145000002 70.000000000000014 210.55714285000002 8.4500000000000011 8.1500000000000004 138.50000000000003 2.5928571430000003 38.500000000000007
decision_type=2 2 2 2 2 2 2 2 2 2 2 2 2 2 2 2 2 2 2 2 2 2 2 2 2 2 2 2 2 2
left_child=9 2 8 4 -4 7 -7 -5 -2 13 -11 12 -3 14 -1 16 19 18 -18 20 21 22 -15 25 -25 26 28 -27 -23 -30
right_child=1 11 3 5 -6 6 -8 -9 -10 10 -12 -13 -14 15 -16 -17 17 -19 -20 -21 -22 23 -24 24 -26 27 -28 -29 29 -31
leaf_value=-0.13108570201592057 -0.066479882579166608 2.6040411517335111 -0.012848673433331454 -0.099903259358544896 -0.082417070518846072 -0.033207712695548224 -0.12437705004080368 0.0586350740721664 0.11562391804652805 -0.06213418179706217 0.97335814303822255 4.5986363019894867 -0.16639217468655731 -5.8596949694129652e-05 6.8471508554157081e-05 1.3725932690285683 -0.078001216854585484 -0.032317922918953627 0.0023700357500908713 -0.026776053387881409 -0.0058176452370191671 0.00048959208360235362 0.0073669212082881144 -0.062297935735856388 0.00035921959673623321 6.3534705185611611e-05 -6.0595487303654309e-05 0.0011792240671792264 0.0024276421597196085 -0.012891508553061861
leaf_weight=20 21 33 21 20 21 33 20 32 52 27 24 64 27 27 22 299 32 32 74 30 26 280 27 20 50 38 20 478 51 20
leaf_count=20 21 33 21 20 21 33 20 32 52 27 24 64 27 27 22 299 32 32 74 30 26 280 27 20 50 38 20 478 51 20
internal_value=0.000666152 -0.00188372 -0.00368182 -0.00597959 -0.0112857 -0.00385714 -0.00718868 -0.000461538 0.000945206 0.0012154 -0.00229412 0.00130645 -0.0005 0.00133118 -0.00128571 0.00140426 0.00115768 -0.00113043 0.000169811 0.00145361 0.00155352 0.00163501 -0.000333333 0.00174608 1.11759e-10 0.00188388 0.00130189 0.00230233 0.00163248 4.22536e-05
internal_weight=1941 344 220 147 42 105 53 52 73 1597 51 124 60 1546 42 1504 1205 138 106 1067 1037 1011 54 957 70 887 371 516 351 71
internal_count=1941 344 220 147 42 105 53 52 73 1597 51 124 60 1546 42 1504 1205 138 106 1067 1037 1011 54 957 70 887 371 516 351 71
is_linear=0
shrinkage=0.03


Tree=183
num_leaves=31
num_cat=0
split_feature=45 8 57 47 51 27 8 27 48 58 41 53 39 40 54 33 30 33 32 34 56 42 56 32 39 51 6 11 4 44
split_gain=2.8618 1.7805 2.2269 1.46478 2.70728 1.80172 1.21264 4.13007 1.43574 0.9375 0.865534 0.789414 1.14469 0.529505 0.466667 1.47273 0.443861 0.433653 0.379628 0.436831 1.52748 0.446612 0.72691 0.480681 0.290374 0.415223 0.37613 0.629648 0.241411 0.802139
threshold=69.500000000000014 4.5000000000000009 269.50000000000006 1.0000000180025095e-35 844.00000000000011 280.50000000000006 1.0000000180025095e-35 288.50000000000006 31.500000000000004 1006.0500000000001 301.95956723712624 151.50000000000003 444.23236606875008 861.35115326458333 530.65000000000009 747.78750000000002 1147.2705355000001 843.57321430000013 242.59285715000001 530.72857140000008 15.15 34.040178570000009 4.6500000000000012 12.341071430000001 1.0000000180025095e-35 1.0000000180025095e-35 29.500000000000004 0.88144907265856365 1.0000000180025095e-35 28.150000000000002
decision_type=2 2 2 2 2 2 2 2 2 2 2 2 2 2 2 2 2 2 2 2 2 2 2 2 2 2 2 2 2 2
left_child=1 2 14 -4 6 -6 9 8 10 -5 17 12 -3 18 -1 -16 -13 -8 19 21 -21 24 -23 -24 25 26 28 -28 29 -2
right_child=13 11 3 4 5 -7 7 -9 -10 -11 -12 16 -14 -15 15 -17 -18 -19 -20 20 -22 22 23 -25 -26 -27 27 -29 -30 -31
leaf_value=2.5121027987369211 -0.00016683406474424087 0.0076327238820516879 0.00078263583289144587 -0.081154670018590849 -0.022468756767483684 -0.083270585594962726 -0.01921077430308368 -0.13439445267279232 0.051158152759002644 5.974154035230729 -0.1611583328514283 3.4414209345900666 -0.16882028826212128 -0.033839038421835124 -0.039300038256539327 0.033520952412318318 -0.40337646510332403 0.0019153770465562925 0.47682476144208424 -0.065441845437866339 0.0059479625835740122 -0.24557283553604903 -0.060428997663780702 0.033372858001887128 0.0028817313723985246 -0.0035112810148581371 0.00011850589106983129 -3.5951262950249223e-05 0.0004223268621856665 0.00025678362474914956
leaf_weight=56 24 28 39 24 27 22 21 21 31 40 21 133 24 33 20 44 27 23 181 29 35 27 20 54 200 20 44 30 599 44
leaf_count=56 24 28 39 24 27 22 21 21 31 40 21 133 24 33 20 44 27 23 181 29 35 27 20 54 200 20 44 30 599 44
internal_value=0.000527048 -0.00119301 -0.00239846 -0.0039145 -0.00482609 -0.0110816 -0.0031326 -0.00494872 -0.0023125 0.0001875 -0.00484615 0.00101887 -0.00219231 0.00129851 0.001 -0.00075 0.0020625 -0.00245455 0.00139327 0.00118828 -0.00121875 0.00133333 -0.000564356 0.000972973 0.00153278 0.00126544 0.00138057 -0.000648649 0.0016057 -8.82352e-05
internal_weight=1941 601 389 269 230 49 181 117 96 64 65 212 52 1340 120 64 160 44 1307 1126 64 1062 101 74 961 761 741 74 667 68
internal_count=1941 601 389 269 230 49 181 117 96 64 65 212 52 1340 120 64 160 44 1307 1126 64 1062 101 74 961 761 741 74 667 68
is_linear=0
shrinkage=0.03


Tree=184
num_leaves=31
num_cat=0
split_feature=54 8 16 23 58 57 2 35 24 57 50 41 17 58 2 35 58 11 34 42 50 9 58 14 15 46 17 35 2 2
split_gain=3.38074 1.9809 1.98425 2.88916 1.55863 3.17025 1.37246 1.61533 1.30867 1.51036 1.30641 1.24288 0.961405 0.60379 0.385573 0.335113 0.908378 0.333813 0.513731 0.395099 0.273277 0.424227 0.384856 0.445762 0.545595 0.515601 1.46812 0.317647 0.25954 0.273485
threshold=138.85000000000002 3.5000000000000004 23.150000000000002 181.00000000000003 1006.35 303.50000000000006 6049.6071430000011 630.78839285000015 589.20000000000016 278.50000000000006 22.500000000000004 345.84987370642074 57.500000000000007 1005.4500000000002 7708.4642855000011 103.61964285000001 1006.2500000000001 -0.290129255202841 710.55000000000007 34.040178570000009 55.500000000000007 139.50000000000003 1006.85 28.550000000000004 83.500000000000014 25.950000000000003 42.500000000000007 728.71875000000011 7167.6875000000009 7567.5000000000009
decision_type=2 2 2 2 2 2 2 2 2 2 2 2 2 2 2 2 2 2 2 2 2 2 2 2 2 2 2 2 2 2
left_child=17 2 3 -2 5 10 12 -8 -6 -10 13 28 15 14 -4 -3 -17 -1 19 20 22 -22 -19 -24 27 26 -26 -25 -9 -30
right_child=1 6 4 -5 8 -7 7 11 9 -11 -12 -13 -14 -15 -16 16 -18 18 -20 -21 21 -23 23 24 25 -27 -28 -29 29 -31
leaf_value=2.4194794291397073 -0.0059976362443275718 2.5560685687791151 0.0026367821139847082 -0.12571497659848957 0.59877723104129366 -0.19515589916594495 -0.10281395290632855 0.048116688436329699 0.96555795961027913 -0.084301445267751712 -0.039092281689657754 -0.025085327413721742 -0.18686227590550863 -0.04337566295270931 -0.026900190264687464 0.268821611971376 -0.27354239021885535 0.0010705258140084803 -0.010257984571599533 -0.12602983075846147 -0.0091954282966682874 3.347003705413306e-05 0.0006417207612880681 0.0027556769309850741 -0.031843272705185631 0.0007909986547170409 7.5740133128749903e-05 -0.055449907381017287 -0.014774116003608045 0.022658892081846214
leaf_weight=144 27 174 53 24 100 28 21 37 34 30 32 30 33 30 23 52 33 429 25 21 24 193 154 48 21 37 20 20 20 24
leaf_count=144 27 174 53 24 100 28 21 37 34 30 32 30 33 30 23 52 33 429 25 21 24 193 154 48 21 37 20 20 20 24
internal_value=0.000387944 -0.00109938 -0.00266929 -0.00817647 -0.00181818 -0.00386747 0.000311321 -0.00222727 0.000256098 -0.00309375 -0.002 -0.000783784 0.0014589 -0.000396226 0.00102632 0.00207336 0.000529412 0.0014419 0.00124597 0.00135574 0.00144609 0.000511521 0.00172428 0.0009 -0.000287671 -0.002 -0.00431707 0.00167647 0.00114815 -0.000409091
internal_weight=1941 805 381 51 330 166 424 132 164 64 138 111 292 106 76 259 85 1136 992 967 946 217 729 300 146 78 41 68 81 44
internal_count=1941 805 381 51 330 166 424 132 164 64 138 111 292 106 76 259 85 1136 992 967 946 217 729 300 146 78 41 68 81 44
is_linear=0
shrinkage=0.03


Tree=185
num_leaves=31
num_cat=0
split_feature=54 8 16 6 58 57 24 27 35 28 57 49 42 54 56 50 5 41 14 35 14 28 2 44 41 56 37 56 16 50
split_gain=4.13733 1.77311 1.60866 2.91493 1.47232 3.2618 1.30867 1.59014 1.27828 2.0194 1.69911 1.40788 1.3417 0.984089 1.61745 1.54209 1.24654 1.1763 0.403333 0.397059 0.583333 0.326484 0.319387 0.335543 0.252724 0.236185 0.519742 0.42002 0.444974 0.699676
threshold=51.300000000000004 3.5000000000000004 23.150000000000002 26.500000000000004 1006.4500000000002 303.50000000000006 589.20000000000016 280.50000000000006 245.86875000000003 1005.35 281.50000000000006 47.500000000000007 -41.752678569999986 680.45000000000016 15.950000000000001 22.500000000000004 22.500000000000004 261.34067348340949 31.150000000000002 874.45000000000016 30.450000000000003 1008.7500000000001 8909.5000000000018 25.850000000000005 66.300545936615634 6.4500000000000011 2.5928571430000003 13.050000000000002 25.050000000000004 33.500000000000007
decision_type=2 2 2 2 2 2 2 2 2 2 2 2 2 2 2 2 2 2 2 2 2 2 2 2 2 2 2 2 2 2
left_child=21 2 3 -2 5 13 -6 -8 11 19 12 24 -11 14 17 16 -16 -4 -12 -10 -21 22 23 -1 -3 26 -25 -27 -29 -30
right_child=1 8 4 -5 6 -7 7 -9 9 10 18 -13 -14 -15 15 -17 -18 -19 -20 20 -22 -23 -24 25 -26 27 -28 28 29 -31
leaf_value=-0.0064844203070784133 -0.0056757286395325646 0.025838759769111961 -0.079653321851318612 -0.15533161685154254 1.0060397476096303 -0.18930122219096659 0.041910149621320537 -0.089451329988912365 0.61102795651785158 -0.096556263284888894 -0.013098367805863714 -0.19582960924288592 -0.28751342615989567 0.010911188765534834 0.0013017023269066453 -0.044086295971391923 -0.03256971636824621 0.03636170833357371 0.024602796462674634 0.016216407854502381 -0.013321007269668016 -0.026424039684019702 -0.003372120979624616 0.00037510441862597109 4.0693942151169367 0.0013564383141681808 -0.0036199750703702401 0.00066959942168037291 0.00049384702057210115 -0.010257033717366118
leaf_weight=37 35 26 30 20 100 28 39 25 54 21 20 20 20 29 22 20 24 53 30 21 27 25 26 213 193 435 33 189 103 23
leaf_count=37 35 26 30 20 100 28 39 25 54 21 20 20 20 29 22 20 24 53 30 21 27 25 26 213 193 435 33 189 103 23
internal_value=0.000357033 -0.0012007 -0.00257647 -0.00736364 -0.00186486 -0.0035534 0.000256098 -0.00309375 0.000152778 -0.00166321 -0.00491209 0.00161925 -0.00943902 -0.00205618 -0.00304027 -0.00654545 -0.00352174 -0.000253012 -0.0012 0.00123529 -0.00075 0.00158856 0.00166856 0.00175121 0.00231507 0.00185542 0.00104878 0.00212 0.00128571 -9.5238e-05
internal_weight=1941 857 425 55 370 206 164 64 432 193 91 239 41 178 149 66 46 83 50 102 48 1084 1059 1033 219 996 246 750 315 126
internal_count=1941 857 425 55 370 206 164 64 432 193 91 239 41 178 149 66 46 83 50 102 48 1084 1059 1033 219 996 246 750 315 126
is_linear=0
shrinkage=0.03


Tree=186
num_leaves=31
num_cat=0
split_feature=54 8 19 28 4 10 51 41 39 6 37 19 54 37 31 27 19 44 10 35 41 28 2 5 57 27 3 29 26 26
split_gain=4.30316 1.91648 1.94371 3.03481 3.8655 1.64476 1.38735 1.25333 1.0656 1.40495 1.87759 0.998885 0.938775 0.812949 0.805219 0.755714 0.675313 0.480769 0.386622 0.9 0.373832 0.337237 0.330502 0.320057 0.200664 0.303705 0.305351 0.284809 0.255954 0.632438
threshold=51.300000000000004 2.5000000000000004 3.5000000000000004 1008.35 10.500000000000002 -0.88144907265856332 844.00000000000011 257.73863465230119 920.22667411250006 27.500000000000004 499.42767855000005 47.500000000000007 680.45000000000016 367.30714285000005 380.0750000000001 288.50000000000006 9.5000000000000018 30.450000000000003 -0.41248606129204546 617.91428570000005 66.300545936615634 1008.7500000000001 8909.5000000000018 22.500000000000004 267.50000000000006 259.50000000000006 6400702.2500000009 2.7500000000000004 6.5500000000000007 3.9500000000000006
decision_type=2 2 2 2 2 2 2 2 2 2 2 2 2 2 2 2 2 2 2 2 2 2 2 2 2 2 2 2 2 2
left_child=21 2 3 4 -2 7 12 -3 11 18 -11 20 13 -6 16 -5 17 -9 19 -10 -7 22 24 -4 25 27 -27 28 29 -1
right_child=1 5 23 15 6 8 -8 14 9 10 -12 -13 -14 -15 -16 -17 -18 -19 -20 -21 -22 -23 -24 -25 -26 26 -28 -29 -30 -31
leaf_value=0.00093368083036472326 -0.067430432148107858 -0.24027914986668997 0.034603220853068904 1.5735293887736801 -0.0053197098638581236 -0.043671670894827617 -0.039772546986321253 0.0015257264949667827 -0.070775503873684989 0.071677140146367418 -0.15345114794107192 -0.23076248109141384 0.0211226373448598 -0.10257770844432554 0.028133352655140782 -0.096134842476079466 -0.014738217201686358 -0.022318450516903485 5.5539702100118795 2.0834878232242517 1.5756053574214535 -0.025631318493499151 -0.0032709573502358773 -0.00033376096110753308 0.0007227913259502442 0.0066596636091498457 -0.00013565545691665939 -0.01657884234486065 0.00059864246437241057 -0.00057077489556254656
leaf_weight=46 35 21 36 50 29 31 34 26 20 20 29 26 23 20 24 20 35 26 52 20 242 25 26 38 534 25 32 28 319 49
leaf_count=46 35 21 36 50 29 31 34 26 20 20 29 26 23 20 24 20 35 26 52 20 242 25 26 38 534 25 32 28 319 49
internal_value=0.000387944 -0.0012007 -0.00321053 -0.00467772 -0.00721277 -0.000199301 -0.00435849 -0.00313636 0.000681818 -0.00146808 -0.00557143 0.00169565 -0.002 -0.00434694 -0.00186486 0.000428572 -0.0032069 -0.00103846 0.000717391 -0.0015 0.00223077 0.00164391 0.00172521 0.000972973 0.00180929 0.00137675 -0.00068421 0.00164253 0.00184058 0.000473684
internal_weight=1941 857 285 211 141 572 106 132 440 141 49 299 72 49 111 70 87 52 92 40 273 1084 1059 74 1033 499 57 442 414 95
internal_count=1941 857 285 211 141 572 106 132 440 141 49 299 72 49 111 70 87 52 92 40 273 1084 1059 74 1033 499 57 442 414 95
is_linear=0
shrinkage=0.03


Tree=187
num_leaves=31
num_cat=0
split_feature=54 8 52 6 37 16 37 33 24 44 35 38 37 58 17 35 57 58 11 46 28 34 1 28 36 36 44 56 15 14
split_gain=4.05564 1.75649 1.59932 1.43445 2.39797 3.01935 2.34567 2.069 1.70772 2.0413 1.52988 1.39184 1.31821 0.840278 0.647803 0.763936 0.868205 0.627886 0.613946 0.552273 0.475052 0.453333 0.3375 0.321172 0.246253 0.833333 0.202491 0.201764 0.566933 0.409344
threshold=51.300000000000004 4.5000000000000009 31.000000000000004 18.500000000000004 2.5928571430000003 23.350000000000005 195.92857145000002 327.22857140000002 543.85000000000002 32.650000000000013 766.22410715000012 1024.1857143875002 907.97678570000016 1005.5500000000001 51.500000000000007 316.67142855000003 294.50000000000006 1003.9500000000002 -0.63405362205439475 24.850000000000005 1006.5500000000001 742.5562500000002 3255.6250000000005 1008.7500000000001 1183.3071430000002 1239.7571430000003 25.850000000000005 6.4500000000000011 87.500000000000014 28.850000000000005
decision_type=2 2 2 2 2 2 2 2 2 2 2 2 2 2 2 2 2 2 2 2 2 2 2 2 2 2 2 2 2 2
left_child=23 2 -2 13 22 11 7 -7 20 10 12 -6 -10 17 15 -3 18 -4 -17 -19 -8 -18 -5 24 26 -26 -1 28 29 -28
right_child=1 14 3 4 5 6 8 -9 9 -11 -12 -13 -14 -15 -16 16 21 19 -20 -21 -22 -23 -24 -25 25 -27 27 -29 -30 -31
leaf_value=-0.010806389195210212 -0.095651463771891043 2.47992147973356 0.0067610463508354403 -0.1943305500636944 -0.11673434877663087 -0.024039821167505641 -0.0081272406938479591 -0.030591115634095892 -0.071679943840106355 0.031483050644419072 0.00049241612462795289 -0.040797717014740914 -0.070373441718815086 6.6535212458928692 -0.18303184653285748 0.33795521041740656 -0.0079934319707416195 0.0032203781184935074 -0.088184634217998659 -0.10654435996510281 3.401679757398953 0.024853901966923109 1.7619809816062508 -0.024862378938694221 -9.9664015458068392e-05 0.00017273952942786078 -0.00013075521302173898 0.0010895348023569843 0.0009865266299651078 0.0012401327794467364
leaf_weight=34 20 144 28 20 31 21 25 29 32 31 32 29 23 72 20 21 24 24 28 20 72 51 60 25 24 30 101 740 103 27
leaf_count=34 20 144 28 20 31 21 25 29 32 31 32 29 23 72 20 21 24 24 28 20 72 51 60 25 24 30 101 740 103 27
internal_value=0.000341577 -0.0012007 -0.00216696 -0.00186339 -0.00277778 -0.00392308 -0.00254717 -0.0084 -0.00118605 -0.00361017 -0.00596552 -0.01 -0.009 0.000708333 0.000708333 0.00109702 -0.000629032 -0.00158333 -0.00373469 -0.00381818 0.00176289 0.0014 0.001875 0.00156089 0.00164023 -0.000333333 0.00174627 0.00182595 0.00105195 -0.00028125
internal_weight=1941 857 569 549 405 325 265 50 215 118 87 60 55 144 288 268 124 72 49 44 97 75 80 1084 1059 54 1005 971 231 128
internal_count=1941 857 569 549 405 325 265 50 215 118 87 60 55 144 288 268 124 72 49 44 97 75 80 1084 1059 54 1005 971 231 128
is_linear=0
shrinkage=0.03


Tree=188
num_leaves=31
num_cat=0
split_feature=54 8 37 16 36 27 8 2 6 41 1 10 17 1 42 1 54 32 6 19 53 16 38 2 2 39 49 26 9 58
split_gain=3.27914 1.50827 1.16129 2.05901 2.46718 1.70039 5.00168 1.90165 1.24038 1.07445 1.72154 0.728408 0.939898 0.892857 0.715925 0.709302 0.675551 0.519723 0.436728 0.793981 0.428571 0.390084 0.345476 0.297307 0.330256 1.02705 0.58715 0.769231 0.333618 0.233781
threshold=51.300000000000004 4.5000000000000009 2.5928571430000003 23.350000000000005 12.312500000000002 286.50000000000006 1.0000000180025095e-35 6049.6071430000011 21.500000000000004 248.55869741980896 6332.7053570000007 -0.77259657388510594 51.500000000000007 3910.3035715000005 23.605535711999924 2800.0000000000005 529.65000000000009 683.04464285000006 30.500000000000004 16.500000000000004 117.50000000000001 25.050000000000004 1032.1955357375002 8909.5000000000018 284.07142855000006 16.863950893125004 75.500000000000014 4.1500000000000012 137.50000000000003 1005.9500000000002
decision_type=2 2 2 2 2 2 2 2 2 2 2 2 2 2 2 2 2 2 2 2 2 2 2 2 2 2 2 2 2 2
left_child=18 2 15 8 5 7 17 21 -4 10 -9 13 22 20 -8 -2 -11 -7 23 -20 -3 -5 -13 24 25 26 29 -28 -26 -1
right_child=1 11 3 4 -6 6 14 9 -10 16 -12 12 -14 -15 -16 -17 -18 -19 19 -21 -22 -23 -24 -25 28 -27 27 -29 -30 -31
leaf_value=0.00042406162484885044 -0.1408618271605688 -0.0045514624285087546 -0.026974362282771922 0.092423449127324808 -0.052859193807236263 0.017622671742730182 -0.12961521347063956 -0.14082560032134839 -0.15482307224835792 0.027849589568969199 -0.018158622092845047 2.5351510049535455 -0.1775408911368718 -0.089583772878189097 -0.036815943638766606 1.1402256932569226 -0.024457112515935946 -0.061372762959396671 -0.00012271351786448232 0.0048875113275973804 0.39702078151294545 -0.04218617058731837 0.36338018151608142 -0.0032055146737995106 -0.014347054490300919 -0.065205991517879661 0.00036572557374113101 -0.0002559356736839869 0.0022482192458911422 0.00028557531607290596
leaf_weight=223 25 36 34 136 20 39 20 24 36 30 29 147 20 21 23 61 34 28 27 21 27 30 37 26 20 22 20 32 397 296
leaf_count=223 25 36 34 136 20 39 20 24 36 30 29 147 20 21 23 61 34 28 27 21 27 30 37 26 20 22 20 32 397 296
internal_value=0.000326121 -0.00106068 -0.00195606 -0.00252795 -0.00172155 -0.00119847 -0.00436364 3.18022e-05 -0.00728571 -0.00289744 -0.0060566 0.000708333 0.00167647 -0.00164286 -0.0123488 0.00125581 -0.00028125 0.000761194 0.00142251 -0.001375 0.000142857 0.00209639 0.00234783 0.00155212 0.00163366 0.00117875 0.00142382 -0.00161538 0.00228058 0.00172832
internal_weight=1941 857 569 483 413 393 110 283 70 117 53 288 204 84 43 86 64 67 1084 48 63 166 184 1036 1010 593 571 52 417 519
internal_count=1941 857 569 483 413 393 110 283 70 117 53 288 204 84 43 86 64 67 1084 48 63 166 184 1036 1010 593 571 52 417 519
is_linear=0
shrinkage=0.03


Tree=189
num_leaves=31
num_cat=0
split_feature=54 35 8 19 46 54 57 11 2 26 49 35 19 32 41 1 30 17 6 19 46 6 6 16 17 30 27 27 53 37
split_gain=2.88742 1.47612 1.087 1.74149 2.44647 3.13043 1.75521 2.84924 1.33241 2.67464 1.05314 0.858058 0.635165 0.570789 0.558426 0.611868 0.553846 0.49 0.41119 0.793981 0.303571 0.286026 0.657658 0.623275 1.2004 0.27768 0.299574 0.27 0.254452 0.869962
threshold=51.300000000000004 1221.4714285000002 2.5000000000000004 3.5000000000000004 24.450000000000003 438.35000000000008 280.50000000000006 -0.81241147629688992 5654.5892855000011 17.950000000000003 47.500000000000007 578.6142857000001 3.5000000000000004 996.84553570000014 393.17745682921776 2528.1071430000006 202.51607145000003 4.5000000000000009 30.500000000000004 16.500000000000004 23.650000000000002 26.500000000000004 24.500000000000004 26.050000000000004 44.500000000000007 1029.6071430000002 280.50000000000006 296.50000000000006 11.500000000000002 2.5928571430000003
decision_type=2 2 2 2 2 2 2 2 2 2 2 2 2 2 2 2 2 2 2 2 2 2 2 2 2 2 2 2 2 2
left_child=18 2 3 4 5 -2 13 -8 10 11 14 -10 17 -7 15 -4 -6 -13 21 -20 -5 22 28 27 -25 -17 -27 -24 29 -1
right_child=1 -3 8 20 16 6 7 -9 9 -11 -12 12 -14 -15 -16 25 -18 -19 19 -21 -22 -23 23 24 -26 26 -28 -29 -30 -31
leaf_value=0.00037608307303084427 -0.063584874945289971 -0.01168690970315947 -0.05632567541243904 -8.1378930051554386e-05 -0.058646728437681012 -0.050091900960658235 -0.081962569723377746 0.0049034915818634544 -0.082643475683006118 0.022096853755807777 -0.25383018617460135 -0.012584667817368299 -0.017679235271852341 0.03952272481972776 -0.076202811829102643 4.1876200130550219 1.9636296356715262 0.0065542594705718989 -0.00011903211232854787 0.0047408859877694593 0.018216498626791533 0.0020463406681415931 -0.031716894703315603 -0.060426804437137424 0.0066178892666533522 1.4984882193683111 -0.17927355818975629 3.2140606382525722e-05 0.01795640643688709 -0.0013805412033422908
leaf_weight=537 24 32 30 21 20 36 33 23 29 89 22 20 39 26 37 208 45 25 27 21 51 161 20 24 21 22 25 30 157 86
leaf_count=537 24 32 30 21 20 36 33 23 29 89 22 20 39 26 37 208 45 25 27 21 51 161 20 24 21 22 25 30 157 86
internal_value=0.000310665 -0.000990665 -0.000745454 -0.00226882 -0.00366667 -0.00587324 -0.00386441 -0.00771429 3.29671e-05 -0.00190099 0.0011686 -0.0049646 -0.00342857 -0.000387097 0.00160248 0.00205263 0.00115385 -0.001 0.00133948 -0.001375 0.00175 0.00146525 0.00125143 -0.00110526 -0.00366667 0.00252941 0.000446809 0.0012 0.00153846 0.00126645
internal_weight=1941 857 825 279 207 142 118 56 546 202 344 113 84 62 322 285 65 45 1084 48 72 1036 875 95 45 255 47 50 780 623
internal_count=1941 857 825 279 207 142 118 56 546 202 344 113 84 62 322 285 65 45 1084 48 72 1036 875 95 45 255 47 50 780 623
is_linear=0
shrinkage=0.03


Tree=190
num_leaves=31
num_cat=0
split_feature=54 35 8 49 28 10 51 40 56 24 21 37 27 38 9 49 39 46 26 41 6 16 27 29 39 40 8 26 27 3
split_gain=3.09684 1.47612 1.24587 1.3924 1.90068 2.83853 1.20398 1.12077 1.3841 0.987657 0.812698 1.66667 0.755714 0.705141 1.16407 0.857903 0.919658 0.533333 0.477273 0.459906 0.436728 0.729167 0.280215 0.408047 0.367784 0.77548 0.357156 0.59597 0.573062 0.308591
threshold=51.300000000000004 1221.4714285000002 2.5000000000000004 3.5000000000000004 1008.35 0.63405362205439497 857.00000000000011 821.52020090625012 18.350000000000005 606.35000000000002 372.50000000000006 518.31964285000015 288.50000000000006 185.50758929250003 149.50000000000003 49.500000000000007 1076.4545759375003 23.650000000000002 20.850000000000005 393.17745682921776 30.500000000000004 25.750000000000004 271.50000000000006 1.5000000000000002 21.823772321187501 340.8760044666667 1.5000000000000002 3.9500000000000006 245.50000000000003 6636065.5715000005
decision_type=2 2 2 2 2 2 2 2 2 2 2 2 2 2 2 2 2 2 2 2 2 2 2 2 2 2 2 2 2 2
left_child=20 2 3 4 5 6 9 13 10 -2 -9 -12 -6 14 -4 16 19 -5 -10 -15 22 -22 23 24 25 26 27 -1 -29 -28
right_child=1 -3 7 17 12 -7 -8 8 18 -11 11 -13 -14 15 -16 -17 -18 -19 -20 -21 21 -23 -24 -25 -26 -27 29 28 -30 -31
leaf_value=0.00095581310936984295 -0.057148409079029273 -0.011336302412064687 0.0085523583970661711 -0.079847966518735033 1.4636974230471744 -0.06317171008669123 -0.032030423295278374 -0.16637768984355772 0.61556985633230665 0.0026406733359468841 0.015292106674152305 -0.072938449761693919 -0.084788340949157659 1.4460174681669136 -0.058051418866567429 -0.16459975881752689 -0.033105257098639304 0.015687946240146959 -0.22687541340065501 -0.14278895588512225 -9.2540460208261275e-05 0.00076311048135830706 0.00097271624502966365 -0.036851808045582406 0.02211009087609141 -0.0034716060278223854 0.0013239606062664048 -0.00028542033339612824 0.00013946839721544027 0.00011986090605859596
leaf_weight=33 35 32 43 21 50 23 34 21 42 47 30 30 20 255 34 20 21 49 22 28 28 20 487 36 94 25 186 36 31 108
leaf_count=33 35 32 43 21 50 23 34 21 42 47 30 30 20 255 34 20 21 49 22 28 28 20 487 36 94 25 186 36 31 108
internal_value=0.000357033 -0.000990665 -0.000745454 -0.00237634 -0.00360287 -0.00563309 -0.00372414 8.79122e-05 -0.00217241 -0.0017561 -0.00477778 -0.003 0.000428572 0.000905237 -0.00167532 0.00151852 0.00191447 0.00128571 0.001125 0.00236396 0.00142251 -0.001375 0.00155212 0.00108743 0.00130409 0.000923628 0.00124873 -0.0003 -0.00192537 0.00177551
internal_weight=1941 857 825 279 209 139 116 546 145 82 81 60 70 401 77 324 304 70 64 283 1084 48 1036 549 513 419 394 100 67 294
internal_count=1941 857 825 279 209 139 116 546 145 82 81 60 70 401 77 324 304 70 64 283 1084 48 1036 549 513 419 394 100 67 294
is_linear=0
shrinkage=0.03


Tree=191
num_leaves=31
num_cat=0
split_feature=54 23 8 26 53 23 41 40 26 43 56 58 58 16 40 58 16 21 41 35 33 14 28 21 42 34 35 27 49 27
split_gain=2.86928 1.88459 0.930703 1.12326 2.02868 3.01985 1.13511 0.926282 1.03712 0.89767 1.69808 1.1751 1.88929 1.82292 0.820305 0.648346 0.616092 0.566261 0.536444 0.467368 0.442951 0.409929 0.285214 0.236579 0.386726 0.273364 0.52108 0.308059 0.454735 0.624096
threshold=51.300000000000004 124.50000000000001 3.5000000000000004 13.350000000000003 198.50000000000003 211.00000000000003 277.74972145845237 799.4922246875002 18.350000000000005 -309.15982142999997 15.950000000000001 1005.35 1006.5500000000001 24.550000000000004 524.23742560083349 1006.4500000000002 23.150000000000002 271.50000000000006 286.99834563159067 902.08125000000007 882.94642855000006 29.750000000000004 1008.7500000000001 68.500000000000014 36.331250015000002 506.94375000000008 1006.6687500000002 303.50000000000006 1.5000000000000002 322.50000000000006
decision_type=2 2 2 2 2 2 2 2 2 2 2 2 2 2 2 2 2 2 2 2 2 2 2 2 2 2 2 2 2 2
left_child=22 9 3 16 14 -6 -7 -4 -9 10 -2 19 13 -13 -5 -16 -3 21 -17 -11 -10 -14 23 24 25 27 -27 -1 29 -29
right_child=1 2 7 4 5 6 -8 8 20 11 -12 12 17 -15 15 18 -18 -19 -20 -21 -22 -23 -24 -25 -26 26 -28 28 -30 -31
leaf_value=0.00054594311910900566 -0.0012596061334704499 -0.088787228984164759 2.0072761903169334 -0.019773804271978248 -0.22598559540380184 0.042943698838101514 -0.15126363776141941 -0.10190354325721614 -0.24712202752831031 0.011569023158257504 -0.055309964594067881 -0.050187138705410909 0.0052384039491783158 -0.0096492153106762842 0.005805897184569574 -0.032085425586151704 4.2993622494942221 5.3165327461953344 0.009729856577262868 -0.0085092368816293458 0.98580525264809393 -0.20342763942436043 -0.023549242852842073 1.1571002724677453 -0.055558904622228157 0.0072238855171611526 -0.010365154097419305 -2.3853586921765261e-05 0.0005668226634629928 0.00035862194502790841
leaf_weight=640 21 20 216 25 20 25 23 30 20 37 20 24 27 32 67 33 67 23 23 38 46 20 25 81 21 27 20 62 160 48
leaf_count=640 21 20 216 25 20 25 23 30 20 37 20 24 27 32 67 33 67 23 23 38 46 20 25 81 21 27 20 62 160 48
internal_value=0.000341577 -0.000955659 -7.31706e-05 -0.00125743 -0.00241667 -0.00670588 -0.002625 0.00107692 -0.001375 -0.00319835 -0.0072439 -0.00237313 -0.00414286 -0.00825 -0.000445946 0.000560976 0.00162069 -0.000857143 -0.00182143 0.0006 0.000727273 -0.00274468 0.00136716 0.00144193 0.00131288 0.00140125 -0.000829787 0.00151648 0.000666667 -0.000818182
internal_weight=1941 857 615 303 216 68 48 312 96 242 41 201 126 56 148 123 87 70 56 75 66 47 1084 1059 978 957 47 910 270 110
internal_count=1941 857 615 303 216 68 48 312 96 242 41 201 126 56 148 123 87 70 56 75 66 47 1084 1059 978 957 47 910 270 110
is_linear=0
shrinkage=0.03


Tree=192
num_leaves=31
num_cat=0
split_feature=54 23 15 38 49 35 2 8 37 37 24 53 11 37 2 56 53 37 6 6 16 21 16 42 2 2 39 49 26 9
split_gain=2.53377 2.12726 0.966308 1.29356 0.842361 0.889857 0.778899 0.688575 0.911262 2.13211 1.64789 1.74826 2.35875 0.700422 1.06788 1.17993 0.620343 0.55969 0.51942 0.419617 0.729167 0.4 0.342171 0.319565 0.286534 0.31758 1.01078 0.567025 0.769231 0.415333
threshold=51.300000000000004 124.50000000000001 69.500000000000014 290.00491070000004 31.500000000000004 1230.1714290000002 208.78571430000002 5.5000000000000009 123.93750000000001 214.63750000000002 589.20000000000016 198.50000000000003 -0.97335555334614932 518.31964285000015 6206.0000000000009 18.650000000000002 178.50000000000003 376.30446430000006 24.500000000000004 30.500000000000004 25.750000000000004 902.50000000000011 23.750000000000004 83.570535700000008 8909.5000000000018 284.07142855000006 16.863950893125004 75.500000000000014 4.1500000000000012 138.50000000000003
decision_type=2 2 2 2 2 2 2 2 2 2 2 2 2 2 2 2 2 2 2 2 2 2 2 2 2 2 2 2 2 2
left_child=19 2 3 -2 5 6 18 8 -3 -10 17 13 -13 -12 16 -16 23 -11 -4 24 -21 -18 -19 -15 25 26 27 -1 -29 -27
right_child=1 7 4 -5 -6 -7 -8 -9 9 10 11 12 -14 14 15 -17 21 22 -20 20 -22 -23 -24 -25 -26 29 -28 28 -30 -31
leaf_value=0.00041303984961925204 0.0023500090925502384 0.55699208898368824 -0.010512639644825203 -0.053115632679165116 -0.094168421075846401 -0.0097102123333209379 0.0092078450232622646 3.8638980678267907 -0.16525518654085269 -0.10116190657883346 0.006356211844099003 -0.019675287962603788 -0.50024299231688452 0.0091112363523146098 -0.075297522673575645 -0.021465897979298623 -0.046201341401649852 -0.083874947911955613 -0.16495887440777965 -0.00010522788543395225 0.00072383887334428771 2.9936440497812017e-05 2.8012853219388001 -0.11224016243673068 -0.0026528301937280055 -6.4742302260413433e-05 -0.061967145404477592 0.00029958038327814905 -0.00026735577923577897 0.0023550212154628334
leaf_weight=519 23 65 25 37 27 21 88 100 24 20 36 23 20 49 26 20 20 21 21 28 20 20 151 20 26 41 22 20 32 376
leaf_count=519 23 65 25 37 27 21 88 100 24 20 36 23 20 49 26 20 20 21 21 28 20 20 151 20 26 41 22 20 32 376
internal_value=0.0004034 -0.000815636 -0.00319835 -0.0065 -0.00210989 -0.00125806 -0.000358209 0.000121951 -0.000320388 -0.0008 -0.000309859 -0.002 -0.00746512 -0.000769633 -0.00164516 -0.00547826 -2.75228e-05 0.00175 -0.00352174 0.00136716 -0.001375 -0.003 0.00230233 0.00169565 0.00149421 0.00157426 0.00112816 0.00137128 -0.00161538 0.00220863
internal_weight=1941 857 242 60 182 155 134 615 515 450 426 234 43 191 155 46 109 192 46 1084 48 40 172 69 1036 1010 593 571 52 417
internal_count=1941 857 242 60 182 155 134 615 515 450 426 234 43 191 155 46 109 192 46 1084 48 40 172 69 1036 1010 593 571 52 417
is_linear=0
shrinkage=0.03


Tree=193
num_leaves=31
num_cat=0
split_feature=54 23 43 56 58 58 37 32 37 37 54 39 33 8 27 32 47 35 10 35 37 9 35 33 42 34 27 19 27 58
split_gain=1.84386 2.28372 0.953528 1.69808 1.06008 1.2004 1.38135 0.622144 0.856296 1.77778 0.695652 1.25921 0.622931 0.805174 1.16736 1.6 0.798093 0.888415 0.857143 0.467368 0.450799 0.568182 0.420584 0.342285 0.964752 0.732856 0.426241 0.640785 1.01284 0.90262
threshold=51.300000000000004 124.50000000000001 -309.15982142999997 15.950000000000001 1005.35 1006.5500000000001 221.52053570000001 745.88750000000016 214.63750000000002 123.93750000000001 768.10000000000002 1114.9291295000003 824.84375000000011 3.5000000000000004 273.50000000000006 879.69017855000004 7.5000000000000009 658.6196428500001 -0.5 902.08125000000007 226.47500000000002 145.50000000000003 88.262500000000003 88.262500000000003 36.331250015000002 316.67142855000003 303.50000000000006 1.5000000000000002 322.50000000000006 1006.9500000000002
decision_type=2 2 2 2 2 2 2 2 2 2 2 2 2 2 2 2 2 2 2 2 2 2 2 2 2 2 2 2 2 2
left_child=23 2 3 -2 19 6 -6 8 9 -3 11 12 13 14 -9 -16 17 18 -14 -4 21 -7 -15 24 25 26 -1 28 29 -28
right_child=1 7 4 -5 5 20 -8 10 -10 -11 -12 -13 16 22 15 -17 -18 -19 -20 -21 -22 -23 -24 -25 -26 -27 27 -29 -30 -31
leaf_value=0.00046986054133281435 -0.00093051150395521 0.3801012313079965 0.011967174830970741 -0.052057196675870915 -0.014374607062521774 0.22580104260784614 -0.058476564929168903 0.0058381133038775575 0.038520685748065039 -0.071451686276047657 1.2496805192581608 -0.063174393594698869 -0.07901453390989456 3.6265639434700758 -0.27059084162678304 -0.012207845903654079 0.054808645488667665 0.056658547858084274 0.27816817146871103 -0.007825269363753308 1.5885870875453871 -0.15009180221874954 -0.32568863742841536 0.0084162525821782214 -0.11283622771580351 -0.0097966716734322126 -0.005925048413596987 0.00052268843295246099 0.00033547209118849357 3.9482369911072279e-05
leaf_weight=601 21 25 37 20 36 22 20 32 225 20 45 22 21 42 20 20 77 25 21 38 26 22 20 173 22 20 31 161 48 28
leaf_count=601 21 25 37 20 36 22 20 32 225 20 45 22 21 42 20 20 77 25 21 38 26 22 20 173 22 20 31 161 48 28
internal_value=0.000434312 -0.000605601 -0.00307438 -0.0072439 -0.00222388 -0.00390476 -0.00717857 0.000365854 0.00144444 -0.00233333 -0.000478261 -0.001 -0.000453237 -0.00192537 -0.00408333 -0.0075 0.000916667 -0.00147761 -0.00414286 0.0006 -0.00128571 -0.00313636 0.000580645 0.00125646 0.00102415 0.00117773 0.0013084 0.000313433 -0.00148598 -0.00411864
internal_weight=1941 857 242 41 201 126 56 615 270 45 345 300 278 134 72 40 144 67 42 75 70 44 62 1084 911 889 869 268 107 59
internal_count=1941 857 242 41 201 126 56 615 270 45 345 300 278 134 72 40 144 67 42 75 70 44 62 1084 911 889 869 268 107 59
is_linear=0
shrinkage=0.03


Tree=194
num_leaves=31
num_cat=0
split_feature=54 23 15 38 35 47 57 57 30 6 6 41 4 57 35 57 12 14 17 49 41 41 28 2 47 47 4 2 3 10
split_gain=2.40318 1.93894 0.824394 1.07239 0.881579 0.942595 0.6895 1.04412 0.783794 1.3173 1.39456 2.25017 1.14614 1.56928 0.602468 0.737242 0.540388 0.790775 0.479167 0.364942 0.668605 0.326274 0.300363 0.292429 0.282174 0.366186 0.404256 0.640778 0.432143 0.270587
threshold=51.300000000000004 124.50000000000001 69.500000000000014 290.00491070000004 1221.4714285000002 24.500000000000004 306.50000000000006 300.50000000000006 669.85178570000005 26.500000000000004 28.500000000000004 337.32860797504355 13.500000000000002 281.50000000000006 103.61964285000001 294.50000000000006 0.64987354830121502 32.250000000000007 1.0000000180025095e-35 8.5000000000000018 276.0346830634806 219.70913002393488 1008.7500000000001 8909.5000000000018 42.500000000000007 44.500000000000007 20.500000000000004 6704.5625000000009 6414269.8125000009 0.88144907265856365
decision_type=2 2 2 2 2 2 2 2 2 2 2 2 2 2 2 2 2 2 2 2 2 2 2 2 2 2 2 2 2 2
left_child=22 2 3 -2 5 -4 7 8 19 12 11 -11 16 -14 15 -7 -10 -18 -12 -3 -21 -15 23 24 -1 -26 29 28 -28 -27
right_child=1 6 4 -5 -6 14 -8 -9 9 10 18 -13 13 21 -16 -17 17 -19 -20 20 -22 -23 -24 -25 25 26 27 -29 -30 -31
leaf_value=0.00086350251805341379 0.0023955122160524388 0.034889153583661625 0.0082703632244988459 -0.049883415389805306 -0.0087090575891969769 0.038228990090108689 2.6157168673293505 -0.13497425304512439 5.1093331001184401 -0.016112553102218128 -0.21105670115287775 -0.13889910635297617 -0.075608615366453191 1.7648388388883214 -0.1389440079159838 -0.070149368723506036 -0.049860967468197334 0.027004717057418068 1.9996241128336865 -0.20336808605308468 3.6597036147041297 -0.007584983128703154 -0.022863667300364932 -0.0022793451377132001 -0.0013140778636841583 0.00036132556363357369 0.0010398495514364163 0.0017767873922776528 -0.00016404724400891391 0.0013201746666976748
leaf_weight=417 23 117 73 37 23 34 71 22 131 26 25 20 30 26 23 29 22 34 23 20 23 25 25 26 39 320 21 53 24 159
leaf_count=417 23 117 73 37 23 34 71 22 131 26 25 20 30 26 23 29 22 34 23 20 23 25 25 26 39 320 21 53 24 159
internal_value=0.000511592 -0.000675612 -0.00295041 -0.006 -0.00194505 -0.00115094 0.000219512 -0.000143382 0.000126437 -0.000646409 -0.00370213 -0.00743478 0.000425373 -0.00255556 -0.00327907 -0.0017619 0.00171658 -0.00075 -0.000125 0.001875 -0.000488372 0.000647059 0.00145018 0.00152691 0.001606 0.00119805 0.00138821 -0.000367347 -0.003 0.00174739
internal_weight=1941 857 242 60 182 159 615 544 522 362 94 46 268 81 86 63 187 56 48 160 43 51 1084 1059 1033 616 577 98 45 479
internal_count=1941 857 242 60 182 159 615 544 522 362 94 46 268 81 86 63 187 56 48 160 43 51 1084 1059 1033 616 577 98 45 479
is_linear=0
shrinkage=0.03


Tree=195
num_leaves=31
num_cat=0
split_feature=54 37 48 31 50 14 10 30 51 23 16 5 36 34 17 52 30 28 50 34 32 37 56 37 26 49 2 2 48 17
split_gain=2.26355 1.61938 3.65429 1.55591 1.18791 1.29408 1.07568 1.6008 2.16919 1.02108 0.868901 0.78039 0.777786 0.546432 0.380645 0.710577 0.346917 0.29527 0.291766 0.485937 0.449052 0.567655 0.354498 0.672354 0.297166 0.365701 1.49207 0.407976 0.998048 0.274372
threshold=51.300000000000004 317.07857140000004 62.500000000000007 653.90714285000013 19.500000000000004 30.650000000000002 -0.16280825711808977 1040.2910715 928.50000000000011 118.50000000000001 23.150000000000002 22.500000000000004 7.2553571430000003 747.78750000000002 9.5000000000000018 600.50000000000011 776.64642855000011 1008.7500000000001 10.500000000000002 530.72857140000008 103.61964285000001 110.75000000000001 6.3500000000000005 2.5928571430000003 4.1500000000000012 75.500000000000014 0.56250000000000011 5921.7500000000009 1.5000000000000002 88.500000000000014
decision_type=2 2 2 2 2 2 2 2 2 2 2 2 2 2 2 2 2 2 2 2 2 2 2 2 2 2 2 2 2 2
left_child=17 2 3 4 5 11 7 9 -9 -3 -8 12 -2 -13 15 -11 -16 18 19 22 21 24 23 -1 -20 27 -27 29 -29 -26
right_child=1 6 -4 -5 -6 -7 10 8 -10 14 -12 13 -14 -15 16 -17 -18 -19 20 -21 -22 -23 -24 -25 25 26 -28 28 -30 -31
leaf_value=0.00051495785401647572 -0.019355766791708074 -0.051565360855135321 -0.17592238919282993 0.68582724614756896 0.14522268928033968 -0.15233271902849188 -0.082846443847769305 -0.48757674915663085 0.014922398103569679 -0.17070018421278163 1.4470970084166164 0.016413093422701971 -0.1200675744782897 -0.027068594741836316 0.0094359430795495757 0.0098398793064832842 0.005449893031776354 -0.022177757281353915 0.0007961999239497903 -0.0038256569049303192 2.7928505940866115 -0.028040914603181442 0.0017284815887207408 -0.0068219009095554124 7.4563136993524486e-05 -0.0015444034562693166 0.0013279335755834194 -0.020112093527720806 0.0017771973199005877 0.00017531594498072179
leaf_weight=132 40 35 23 55 37 39 37 30 21 34 243 39 22 29 83 57 33 25 44 22 99 20 438 21 99 22 34 23 32 73
leaf_count=132 40 35 23 55 37 39 37 30 21 34 243 39 22 29 83 57 33 25 44 22 99 20 438 21 99 22 34 23 32 73
internal_value=0.000511592 -0.000640607 -0.00249296 -0.00148276 -0.00267961 -0.00374556 0.000277487 -0.000993174 -0.00582353 2.47935e-05 0.00160714 -0.00230769 -0.00474194 -8.82352e-05 0.000826087 -0.000626374 0.00196552 0.00142251 0.00149858 0.00192333 0.000914798 0.00040634 0.00208629 0.000843137 0.000706422 0.000349823 -0.00182143 0.000885463 -0.00136364 0.00160465
internal_weight=1941 857 284 261 206 169 573 293 51 242 280 130 62 68 207 91 116 1084 1059 613 446 347 591 153 327 283 56 227 55 172
internal_count=1941 857 284 261 206 169 573 293 51 242 280 130 62 68 207 91 116 1084 1059 613 446 347 591 153 327 283 56 227 55 172
is_linear=0
shrinkage=0.03


Tree=196
num_leaves=31
num_cat=0
split_feature=24 37 6 21 1 3 45 24 8 34 6 41 40 40 2 57 41 2 27 18 53 35 47 23 24 44 49 3 2 47
split_gain=2.00255 1.33279 2.8783 3.16483 1.51647 0.696338 0.794948 0.689868 1.02916 0.940989 0.9 0.58395 0.555162 1.17009 0.509697 0.9 0.507692 0.453987 0.45303 0.438312 0.332579 0.29639 0.262066 0.333994 0.525072 0.569164 0.282514 0.560185 0.735643 0.21578
threshold=138.85000000000002 317.07857140000004 20.500000000000004 250.50000000000003 2481.0000000000005 6582678.2855000012 73.500000000000014 530.85000000000002 4.5000000000000009 498.2142857500001 19.500000000000004 345.84987370642074 793.89713541250001 899.16287202500007 6049.6071430000011 294.50000000000006 238.6661160492213 8909.5000000000018 282.50000000000006 40.500000000000007 74.500000000000014 1136.1008930000003 12.500000000000002 100.50000000000001 16.900000000000002 27.550000000000004 78.500000000000014 6662970.0000000009 284.07142855000006 88.500000000000014
decision_type=2 2 2 2 2 2 2 2 2 2 2 2 2 2 2 2 2 2 2 2 2 2 2 2 2 2 2 2 2 2
left_child=17 2 3 19 5 20 -7 11 9 10 -9 -3 18 -14 -10 -16 -15 21 -11 -2 -4 22 -1 24 26 -26 29 28 -28 -24
right_child=1 7 4 -5 -6 6 -8 8 14 12 -12 -13 13 16 15 -17 -18 -19 -20 -21 -22 -23 23 -25 25 -27 27 -29 -30 -31
leaf_value=0.0025464601973968835 0.012955823873620206 0.93762899924922194 -0.028238558866769563 -0.14776273745763707 0.51519429801515126 -0.020389026731538154 -0.12620053246041374 -0.011711448947983471 3.3474119231268795 0.014968962354524717 -0.12071453606359168 -0.018834565858187578 -0.34002821433132158 -0.031821980481112913 -0.1923613197346965 3.9145975331737159 0.023313988283005828 -0.0032659980436640377 -0.017658220050231255 -0.028289545148810907 0.0023491826123863612 -0.01535965191704855 0.00021667725684470037 5.9285521367962239 -0.11957779980685669 0.015076779805183771 -0.0029374404276742987 0.0014632007416051206 0.0017663724371888773 0.00020110619856718447
leaf_weight=176 22 163 25 39 87 20 21 20 110 54 20 29 20 30 20 20 22 28 37 20 26 36 524 103 21 20 29 36 43 120
leaf_count=176 22 163 25 39 87 20 21 20 110 54 20 29 20 30 20 20 22 28 37 20 26 36 524 103 21 20 29 36 43 120
internal_value=0.000604328 -0.000540373 -0.00230769 -0.007 -0.000184357 -0.00286957 -0.00578049 0.000302752 -0.000484419 -0.00187685 -0.006 0.00175 -0.000865031 -0.00283333 0.0014 -0.0015 -0.000461538 0.00141549 0.000692308 -0.00128571 -0.000529412 0.00151083 0.00160075 0.00139286 0.00118411 -0.00212195 0.00136436 -5.55554e-05 -0.00158333 0.00160248
internal_weight=1941 805 260 81 179 92 41 545 353 203 40 192 163 72 150 40 52 1136 91 42 51 1108 1072 896 793 41 752 108 72 644
internal_count=1941 805 260 81 179 92 41 545 353 203 40 192 163 72 150 40 52 1136 91 42 51 1108 1072 896 793 41 752 108 72 644
is_linear=0
shrinkage=0.03


Tree=197
num_leaves=31
num_cat=0
split_feature=54 23 31 36 3 3 3 23 27 23 40 37 26 43 16 44 28 31 27 18 48 57 29 5 28 44 50 57 56 19
split_gain=2.08156 1.43058 2.03708 1.00831 1.08922 0.794948 0.766621 0.748028 2.06465 1.08421 0.555589 0.74565 1.14683 0.688538 0.4212 0.361688 0.3055 0.295538 0.270323 0.241258 0.606615 0.723508 0.308669 0.222397 0.395604 0.191753 0.684481 0.169858 0.378671 0.888942
threshold=51.300000000000004 124.50000000000001 436.81428570000008 57.48125000000001 6283678.7500000009 6625868.7855000012 7218678.0000000009 198.50000000000003 295.50000000000006 208.00000000000003 840.07456100208344 518.31964285000015 17.650000000000002 -68.814285640499989 23.250000000000004 29.650000000000002 1008.7500000000001 1133.0267855000004 256.50000000000006 41.500000000000007 43.500000000000007 304.50000000000006 2.7500000000000004 37.500000000000007 1006.85 26.650000000000002 11.500000000000002 303.50000000000006 13.550000000000002 26.500000000000004
decision_type=2 2 2 2 2 2 2 2 2 2 2 2 2 2 2 2 2 2 2 2 2 2 2 2 2 2 2 2 2 2
left_child=16 2 3 4 -2 -5 15 10 9 -9 23 -12 -13 -14 -11 18 19 -16 -6 22 21 -21 27 -3 -25 -22 -27 -1 -29 -30
right_child=1 7 -4 5 6 -7 -8 8 -10 14 11 12 13 -15 17 -17 -18 -19 -20 20 25 -23 -24 24 -26 26 -28 28 29 -31
leaf_value=0.00079918578629868035 -0.026021226540529668 0.012797464844274202 -0.058315911677792667 -0.11434231614841936 0.01460587692996441 -0.0087406023002639527 -0.04892829872567768 -0.11433191462418316 -0.062468166413590022 -0.10066504011775843 0.032127198500276566 -0.059420551739587608 0.011771059836603381 -0.047069646385720761 5.1311700489861956 0.0077996364089349297 -0.020043854318810898 -0.0062430714941275767 -0.04394392533796046 -0.00015923960252070855 0.00018364981975318133 0.00060561675011640932 -0.0077565366766635278 -0.070494455781974247 0.27924634019819766 0.00098182098476731999 -0.00034025098216773977 0.00033252502810897968 -0.02521195806367605 0.0031082751631685778
leaf_weight=583 26 218 24 21 23 20 24 24 32 21 47 21 38 25 90 78 25 21 26 23 52 21 28 36 42 136 21 143 20 32
leaf_count=583 26 218 24 21 23 20 24 24 32 21 47 21 38 25 90 78 25 21 26 23 52 21 28 36 42 136 21 143 20 32
internal_value=0.000604328 -0.000500583 -0.00245455 -0.00154128 -0.000559322 -0.00578049 0.000417219 0.000268293 -0.00130851 0.000115385 0.000962529 -0.000664122 -0.00235714 -0.000333333 0.00118182 0.00134646 0.00147786 0.00191892 -0.000673469 0.00155524 0.000747036 -0.00245455 0.00180893 0.00168243 0.000307692 0.00142105 0.000898089 0.00192031 0.00115385 -0.00103846
internal_weight=1941 857 242 218 177 41 151 615 188 156 427 131 84 63 132 127 1084 111 49 1059 253 44 806 296 78 209 157 778 195 52
internal_count=1941 857 242 218 177 41 151 615 188 156 427 131 84 63 132 127 1084 111 49 1059 253 44 806 296 78 209 157 778 195 52
is_linear=0
shrinkage=0.03


Tree=198
num_leaves=31
num_cat=0
split_feature=24 8 53 37 23 31 49 31 48 56 56 10 28 35 28 23 38 45 37 42 6 37 53 58 9 36 46 3 14 56
split_gain=2.09248 1.6405 2.36561 3.03329 1.39774 4.36731 1.01418 0.856344 0.818182 0.79536 1.51679 0.661922 1.00187 1.2352 0.393665 0.363358 0.547556 1.50007 0.293735 0.500347 0.297266 0.625 0.287179 0.284459 0.388659 0.380009 0.30303 0.297875 0.277423 0.698902
threshold=138.85000000000002 3.5000000000000004 198.50000000000003 896.91428570000016 121.50000000000001 242.59285715000001 49.500000000000007 202.51607145000003 40.500000000000007 9.3500000000000032 14.750000000000002 -0.41248606129204546 1005.35 643.76428570000019 1005.35 100.50000000000001 33.727901786250008 86.500000000000014 802.69880950000004 -30.000892899999993 20.500000000000004 616.4642857 66.500000000000014 1005.7500000000001 153.50000000000003 59.128571430000008 25.050000000000004 7192415.0000000009 28.550000000000004 4.6500000000000012
decision_type=2 2 2 2 2 2 2 2 2 2 2 2 2 2 2 2 2 2 2 2 2 2 2 2 2 2 2 2 2 2
left_child=15 2 4 8 5 14 7 9 -4 -3 -11 12 -9 -14 -2 16 23 22 20 -20 21 -6 -18 25 27 -1 -26 28 -25 -30
right_child=1 6 3 -5 18 -7 -8 11 -10 10 -12 -13 13 -15 -16 -17 17 -19 19 -21 -22 -23 -24 24 26 -27 -28 -29 29 -31
leaf_value=-1.5067568921483932e-05 0.013201810898853193 0.7827586599448807 -0.14786216016978365 -0.013213784069343145 -0.043276422741428171 -0.057710696441132331 -0.19829358764267915 0.23763058198592479 -0.060594121491166671 -0.087225948271720199 0.00075416990661903327 3.6474256154704232 -0.36374271277774561 0.006569893041107523 -0.01790394983912157 5.4244647784314814 0.1133525522437441 -0.071359714110932795 -0.023239625019524739 0.0025120581916126972 0.032729898413312225 0.0085399463861950027 -0.051940196106305341 0.0007257510757872896 0.00024330243802522119 0.00042437503393056132 -9.8991904200193927e-05 0.0013855453151987384 -0.025692040302929233 8.1202466164205259e-05
leaf_weight=40 29 20 22 41 20 29 20 78 22 20 31 194 34 27 39 104 35 22 24 43 92 20 30 201 24 323 20 95 23 219
leaf_count=40 29 20 22 41 20 29 20 78 22 20 31 194 34 27 39 104 35 22 24 43 92 20 30 201 24 323 20 95 23 219
internal_value=0.00048068 -0.000689441 -0.00211811 -0.00652941 -0.000851351 -0.00380412 0.00059434 0.000920792 -0.012 -0.00207042 -0.00405882 0.00155856 -2.15826e-05 -0.00290164 0.000352941 0.00130986 0.00113953 -0.00113793 0.00058794 -0.00102985 0.00140909 -0.00075 0.00115385 0.00134921 0.000938144 0.00200826 -0.00177273 0.00115985 0.000832957 0.00014876
internal_weight=1941 805 381 85 296 97 424 404 44 71 51 333 139 61 68 1136 1032 87 199 67 132 40 65 945 582 363 44 538 443 242
internal_count=1941 805 381 85 296 97 424 404 44 71 51 333 139 61 68 1136 1032 87 199 67 132 40 65 945 582 363 44 538 443 242
is_linear=0
shrinkage=0.03


Tree=199
num_leaves=31
num_cat=0
split_feature=24 8 58 24 31 22 24 2 11 40 37 37 33 5 23 31 45 41 27 27 2 3 15 5 36 36 3 58 58 14
split_gain=1.76209 1.59847 2.1003 2.83189 2.89551 1.71055 0.992299 1.25837 0.712322 0.634264 0.549867 0.832661 0.479436 0.468085 0.386423 0.745333 0.926282 0.69076 0.386164 1.19101 0.380952 0.335843 0.328646 0.279056 0.573556 0.569209 0.514319 0.49466 0.755008 0.91201
threshold=138.85000000000002 2.5000000000000004 1006.4500000000002 637.45000000000016 239.25000000000003 258.50000000000006 589.20000000000016 4616.4464285000004 -0.5 867.41514136666672 138.64375000000004 55.597916665000007 5.9357142855000005 22.500000000000004 100.50000000000001 12.341071430000001 86.500000000000014 352.76148834985395 282.50000000000006 278.50000000000006 6206.0000000000009 6278650.0625000009 57.500000000000007 37.500000000000007 122.85625 520.4258928500002 6400716.0625000009 1007.7500000000001 1005.7500000000001 28.150000000000002
decision_type=2 2 2 2 2 2 2 2 2 2 2 2 2 2 2 2 2 2 2 2 2 2 2 2 2 2 2 2 2 2
left_child=14 2 3 4 -2 -6 -4 -8 18 10 11 13 -12 -10 15 23 17 -17 19 22 -9 -20 -3 24 26 -25 -1 28 -27 -30
right_child=1 8 6 -5 5 -7 7 20 9 -11 12 -13 -14 -15 -16 16 -18 -19 21 -21 -22 -23 -24 25 -26 27 -28 -29 29 -31
leaf_value=-0.0040401038432683334 -0.003328985386575951 -0.012480527500335787 0.54322979954634742 0.0043043828528179489 -0.058776297846431666 -0.12113079497641818 -0.10460567566947657 0.022184056677101292 -0.086871939680052426 -0.19360619541766039 -0.042924081498898772 -0.021096326781903794 0.012549682488629461 0.012300112548687622 5.261730835078537 0.053725036645966867 -0.061898531036467162 -0.0076021949369890311 -0.043009969566956303 -0.16875728685320071 -0.045361575285809058 1.7891087576911617 0.069091238927284318 0.0021885987417589021 0.00042162464638669569 0.00014972257317573786 0.0041292727041242882 0.0012929187759937303 -9.6022147074188098e-05 -0.0001194304903211976
leaf_weight=31 31 36 80 39 22 35 20 21 25 29 23 20 51 22 104 58 26 20 32 34 21 158 106 87 627 41 49 25 20 48
leaf_count=31 31 36 80 39 22 35 20 21 25 29 23 20 51 22 104 58 26 20 32 34 21 158 106 87 627 41 49 25 20 48
internal_value=0.000496136 -0.00057764 -0.00246468 -0.00526772 -0.00825 -0.0122632 4.22536e-05 -0.00280645 0.000369403 -0.00123529 -0.000404255 -0.00237313 0.00137838 -0.000191489 0.00125704 0.0010814 -0.00132692 0.000307692 0.00111475 0.000102273 0.000142857 0.00205263 0.00130986 0.00135129 0.00164215 0.000420815 -0.00075 -0.00080597 -0.0016789 -0.00361765
internal_weight=1941 805 269 127 88 57 142 62 536 170 141 67 74 47 1136 1032 104 78 366 176 42 190 142 928 707 221 80 134 109 68
internal_count=1941 805 269 127 88 57 142 62 536 170 141 67 74 47 1136 1032 104 78 366 176 42 190 142 928 707 221 80 134 109 68
is_linear=0
shrinkage=0.03


Tree=200
num_leaves=31
num_cat=0
split_feature=24 8 37 30 47 27 2 49 2 3 3 41 30 37 37 51 42 3 10 9 11 2 39 41 30 3 45 5 36 27
split_gain=2.03757 1.41467 1.48933 2.04034 0.996344 1.72532 1.06944 0.887759 1.02496 0.911567 0.653333 0.591335 0.922086 0.629523 0.953744 0.743169 0.510204 0.793393 0.379791 0.683766 0.775758 0.455776 1.21558 0.330802 0.326723 0.320061 0.347841 0.264737 0.607336 0.45873
threshold=138.85000000000002 2.5000000000000004 376.30446430000006 242.59285715000001 55.500000000000007 287.50000000000006 6206.0000000000009 49.500000000000007 6049.6071430000011 7259758.2145000007 6548161.1875000009 66.300545936615634 950.34732145000009 645.58660715000008 769.4937500000002 872.50000000000011 -37.261607099999985 6411832.0715000005 -0.95642797789208689 149.50000000000003 0.097964660725097227 284.07142855000006 11.964285714312501 278.85736723330399 460.41696430000007 6270713.8035000013 89.500000000000014 37.500000000000007 776.16785715000003 305.50000000000006
decision_type=2 2 2 2 2 2 2 2 2 2 2 2 2 2 2 2 2 2 2 2 2 2 2 2 2 2 2 2 2 2
left_child=18 2 3 10 5 6 23 8 11 16 -2 -3 -13 -14 -15 -16 24 -18 19 -1 -21 22 27 -4 -10 -23 -27 -20 -29 -30
right_child=1 7 4 -5 -6 -7 -8 -9 9 -11 -12 12 13 14 15 -17 17 -19 21 20 -22 25 -24 -25 -26 26 -28 28 29 -31
leaf_value=0.009435025146559143 0.005515114819049401 -0.041636358909129319 -0.00025945637553081606 -0.055134380929064565 0.025582137459856002 -0.13747559364479009 -0.034460826627702841 -0.19105448092639057 0.0067632736830527396 -0.23864279861226365 -0.053035560216561209 2.3930233513843406 2.1049955560222111 -1.2743867564942188 0.78010320492650609 -0.012038742691773121 -0.013747744509689023 0.01261448591398211 0.0002025947083023936 0.019873149824868729 -0.050301587616088064 -0.0032028810812940126 -0.056246103608891096 0.015034935341342467 -0.03714461976308369 0.0022835533462440176 -2.4405426354878517e-05 0.0013742116170251018 -1.2789539465528712e-05 -0.00010290048093350607
leaf_weight=26 30 33 30 36 44 36 24 20 50 20 20 200 35 20 34 27 34 29 451 24 20 32 30 49 34 403 20 74 36 20
leaf_count=26 30 33 30 36 44 36 24 20 50 20 20 200 35 20 34 27 34 29 451 24 20 32 30 49 34 403 20 74 36 20
internal_value=0.000465224 -0.000689441 -0.00246468 -0.00572093 -0.000934426 -0.00217986 -0.000203883 0.000201493 0.000441861 -0.00149102 -0.0018 0.00136676 0.00176582 -0.000362069 -0.00181481 4.91804e-05 -0.000673469 -0.00271429 0.00128345 -0.000857143 -0.00313636 0.00142402 0.000888707 0.00148101 0.000857143 0.00214286 0.0023617 0.00119277 1.11759e-10 -0.00235714
internal_weight=1941 805 269 86 183 139 103 536 516 167 50 349 316 116 81 61 147 63 1136 70 44 1066 611 79 84 455 423 581 130 56
internal_count=1941 805 269 86 183 139 103 536 516 167 50 349 316 116 81 61 147 63 1136 70 44 1066 611 79 84 455 423 581 130 56
is_linear=0
shrinkage=0.03


Tree=201
num_leaves=31
num_cat=0
split_feature=24 23 45 35 37 23 8 53 46 26 19 27 26 42 27 46 47 46 11 38 48 58 58 35 26 18 44 37 30 30
split_gain=2.44063 1.23042 1.50634 2.07872 1.74545 0.946961 2.22496 2.63891 1.3757 0.91078 0.908279 0.637727 0.837911 0.799313 0.625 0.58367 0.948888 0.542481 0.388209 1.42794 1.47126 0.40581 0.729472 0.75563 0.700579 0.529 1.15043 0.371429 0.244461 0.795455
threshold=138.85000000000002 124.50000000000001 69.500000000000014 809.55000000000007 199.85178570000002 198.50000000000003 3.5000000000000004 211.00000000000003 23.950000000000003 14.750000000000002 1.0000000180025095e-35 294.50000000000006 16.650000000000002 89.843749950000088 280.50000000000006 23.650000000000002 1.5000000000000002 25.450000000000003 -0.32143946530316164 33.727901786250008 1.0000000180025095e-35 1006.9500000000002 1007.0500000000001 794.49553570000012 6.5500000000000007 42.500000000000007 28.550000000000004 715.48750000000007 771.96428570000012 617.91428570000005
decision_type=2 2 2 2 2 2 2 2 2 2 2 2 2 2 2 2 2 2 2 2 2 2 2 2 2 2 2 2 2 2
left_child=18 2 3 -2 -5 11 7 -7 -9 10 17 12 28 15 -15 16 -14 -4 -1 21 -21 -20 24 25 -23 -24 -27 -8 29 -3
right_child=1 5 9 4 -6 6 27 8 -10 -11 -12 -13 13 14 -16 -17 -18 -19 19 20 -22 22 23 -25 -26 26 -28 -29 -30 -31
leaf_value=3.0365008911647919 -0.038081808328202189 0.093491523045207331 0.021712903374918272 -0.056139153933769816 0.0056485227179433953 -0.10988531694677138 -0.11499649801758012 -0.12752760954000195 2.0082877808970676 0.011605248234251877 -0.060149474177645046 0.080362146974202492 0.015530898559862658 -0.029837370773859409 -0.31233387719677691 0.010209619612682885 -0.29117212254936181 -0.13698755311576624 0.00039291723516999259 0.019566582798089642 -0.093270792828622995 -0.00037417625858554966 0.00096785492265478838 -0.054558720561474948 0.00081429542049944867 0.00056739648172224831 -0.0022203453633002084 7.9796538960458046 0.015854231591507135 -0.032447136534434075
leaf_weight=137 26 35 32 20 24 20 28 34 31 56 38 132 20 20 20 89 23 21 623 29 25 21 200 20 31 27 23 52 64 20
leaf_count=137 26 35 32 20 24 20 28 34 31 56 38 132 20 20 20 89 23 21 623 29 25 21 200 20 31 27 23 52 64 20
internal_value=0.000387944 -0.000875776 -0.00280645 -0.00642857 -0.00245455 -0.000163265 -0.00209091 -0.00547059 -0.00253846 -0.00108163 -0.00293407 0.000588653 -0.000195876 -0.00153488 -0.00525 -0.000409091 -0.00327907 -0.000396226 0.00128345 0.00107808 -0.00366667 0.00134921 0.000484472 0.00111111 -0.00276923 0.00156 -0.0012 0.0015 0.0017395 0.000272727
internal_weight=1941 805 217 70 44 588 165 85 65 147 91 423 291 172 40 132 43 53 1136 999 54 945 322 270 52 250 50 80 119 55
internal_count=1941 805 217 70 44 588 165 85 65 147 91 423 291 172 40 132 43 53 1136 999 54 945 322 270 52 250 50 80 119 55
is_linear=0
shrinkage=0.03


Tree=202
num_leaves=31
num_cat=0
split_feature=37 37 48 52 40 51 58 45 27 37 33 27 49 33 2 2 57 6 17 57 27 47 9 44 18 6 49 5 27 49
split_gain=1.81342 1.54939 2.3747 1.3988 1.69623 1.21154 1.17153 1.16447 0.881212 1.0209 0.900417 1.24783 2.88095 0.894873 0.673193 0.615904 0.544574 0.778905 0.525439 0.450371 0.380063 0.70687 0.369379 0.389895 0.875886 0.273673 0.245884 0.496323 0.222222 0.206488
threshold=2.5928571430000003 376.30446430000006 68.000000000000014 81.500000000000014 810.22783481458362 565.00000000000011 1005.5500000000001 85.500000000000014 293.50000000000006 826.44732145000012 1029.6071430000002 275.50000000000006 1.5000000000000002 1133.0267855000004 43.571428570000002 7778.1250000000009 289.50000000000006 18.500000000000004 47.500000000000007 286.50000000000006 316.50000000000006 71.500000000000014 155.50000000000003 26.550000000000004 37.500000000000007 25.500000000000004 75.500000000000014 22.500000000000004 323.50000000000006 5.5000000000000009
decision_type=2 2 2 2 2 2 2 2 2 2 2 2 2 2 2 2 2 2 2 2 2 2 2 2 2 2 2 2 2 2
left_child=20 2 3 7 6 15 -5 16 9 10 11 -7 -13 19 -9 -3 -2 -18 -10 -11 22 25 26 -24 -25 28 29 -28 -22 -1
right_child=1 5 -4 4 -6 8 -8 14 18 13 -12 12 -14 -15 -16 -17 17 -19 -20 -21 21 -23 23 24 -26 -27 27 -29 -30 -31
leaf_value=0.001574892713157445 0.0059972018250637445 0.010160637031288474 -0.096720294888353361 -0.041784094013458631 0.012220823089935192 -0.017464816698156221 -0.057092867238025535 -0.0028980975764794767 5.3264366045915654 0.084838606375298969 0.0024079479368801144 -0.16886123090442759 -0.00048020035627182543 -0.032361118257119965 -0.073157975958128993 -0.026047212315792642 0.021157197964984668 -0.016058065184701646 -0.010558891307588266 -0.040212714370455545 -0.002137794300051571 -0.0096104214812392733 0.00012923546526588697 0.00078986655608897214 -0.00013470630514868955 -1.9146587784850258e-05 0.00061952786704677035 -0.00014078708084637386 0.00072488227568455216 0.00065627002396286254
leaf_weight=418 110 281 23 35 35 34 39 30 71 84 39 21 21 26 22 37 24 34 23 39 27 23 44 41 29 35 30 34 54 178
leaf_count=418 110 281 23 35 35 34 39 30 71 84 39 21 21 26 22 37 24 34 23 39 27 23 44 41 29 35 30 34 54 178
internal_value=0.000449768 -0.000414397 -0.00202841 -0.0013769 -0.00415596 0.000426036 -0.00672973 1.11759e-10 -0.00077095 -0.00165909 -0.00378261 -0.00568421 -0.00914286 -2.01341e-05 -0.00392308 0.00177358 0.00121429 -0.00113793 0.0017234 0.00104878 0.00142278 -2.15826e-05 0.00168217 0.000105263 -0.00128571 0.000931035 0.00195455 0.0001875 0.00188889 0.0021443
internal_weight=1941 1028 352 329 109 676 74 220 358 264 115 76 42 149 52 318 168 58 94 123 913 139 774 114 70 116 660 64 81 596
internal_count=1941 1028 352 329 109 676 74 220 358 264 115 76 42 149 52 318 168 58 94 123 913 139 774 114 70 116 660 64 81 596
is_linear=0
shrinkage=0.03


Tree=203
num_leaves=31
num_cat=0
split_feature=24 8 53 16 34 19 14 31 28 31 9 35 57 54 42 14 57 27 15 19 9 56 57 28 56 27 45 51 3 19
split_gain=1.84651 1.55603 1.36629 1.56228 2.04642 0.992532 0.945763 3.0063 0.685802 0.662014 0.9416 0.735126 1.12337 1.10153 1.25794 0.568396 0.667929 0.828831 1.24793 0.522482 0.831898 0.85604 0.897032 0.488549 0.488123 0.429981 0.476837 0.415014 0.364644 0.349857
threshold=138.85000000000002 3.5000000000000004 198.50000000000003 23.950000000000003 245.86875000000003 49.500000000000007 30.450000000000003 242.59285715000001 1005.35 200.53750000000005 149.50000000000003 316.67142855000003 294.50000000000006 597.50000000000011 -93.948214199999924 27.350000000000005 50.500000000000007 236.50000000000003 87.500000000000014 2.5000000000000004 151.50000000000003 6.4500000000000011 262.50000000000006 1003.5500000000001 13.350000000000003 195.50000000000003 89.500000000000014 937.50000000000011 6274199.5000000009 1.0000000180025095e-35
decision_type=2 2 2 2 2 2 2 2 2 2 2 2 2 2 2 2 2 2 2 2 2 2 2 2 2 2 2 2 2 2
left_child=15 2 6 4 -4 9 7 8 -2 10 -3 -11 13 -13 -15 16 -1 18 -18 20 21 22 -17 -8 -20 26 -26 28 -25 -23
right_child=1 5 3 -5 -6 -7 23 -9 -10 11 -12 12 -14 14 -16 19 17 -19 24 -21 -22 29 -24 27 25 -27 -28 -29 -30 -31
leaf_value=0.0020565191516696817 0.013240363652968538 0.00051678800586606665 -0.033529443328070903 -0.035271724090982698 -0.14921948897934698 -0.18543484912163985 -0.0045753487280304492 -0.068629979106395705 -0.011403403444406806 3.5655789124945216 -0.068854101490606237 0.34472367802704301 0.21745772577229847 0.023821543759243419 -0.30064696230851673 -0.013068076211814659 -0.081527473966833505 0.0035196113077500587 0.003836171480622254 0.00080284890936921274 -1.6127570886334333e-05 0.0024399264198280836 1.9986253937857282e-05 -0.029535610470693092 0.00029169567046596337 0.00011699624175955186 -0.0001460994541055533 -0.0016721379802328302 0.013778955370737648 0.0013586965333006725
leaf_weight=66 28 37 22 38 25 20 20 22 39 200 31 23 55 24 34 26 32 50 26 479 23 215 59 21 22 32 36 24 142 70
leaf_count=66 28 37 22 38 25 20 20 22 39 200 31 23 55 24 34 26 32 50 26 479 23 215 59 21 22 32 36 24 142 70
internal_value=0.000372489 -0.000726708 -0.00211811 -0.00547059 -0.00912766 0.000523585 -0.00115541 -0.00374157 -0.000582089 0.000846535 -0.00185294 0.00139286 -0.000308823 -0.00255556 -0.00475862 0.00115141 -6.81817e-05 -0.000939394 -0.00206757 0.00152064 0.000709924 0.00105405 -0.00158824 -4.34781e-05 -0.00062069 -0.00166667 -0.0032069 0.000433155 0.00097546 0.00184211
internal_weight=1941 805 381 85 47 424 296 89 67 404 68 336 136 81 58 1136 264 198 148 872 393 370 85 207 116 90 58 187 163 285
internal_count=1941 805 381 85 47 424 296 89 67 404 68 336 136 81 58 1136 264 198 148 872 393 370 85 207 116 90 58 187 163 285
is_linear=0
shrinkage=0.03


Tree=204
num_leaves=31
num_cat=0
split_feature=24 3 3 8 23 37 23 31 32 49 45 44 55 14 35 17 57 37 31 18 17 4 14 29 57 24 38 15 26 26
split_gain=2.27505 1.26967 1.22939 0.869986 1.63187 1.87929 1.20669 3.30512 0.983349 2.70221 0.628571 0.539464 0.664821 0.460018 0.450733 0.718757 0.518754 0.516373 0.625 0.41798 0.970451 1.06153 0.731488 0.543367 0.432143 0.37013 0.363636 0.2625 0.210512 0.327203
threshold=138.85000000000002 6217771.5625000009 7661467.4375000009 3.5000000000000004 198.50000000000003 820.66428570000005 119.50000000000001 242.59285715000001 200.53750000000005 11.500000000000002 74.500000000000014 32.350000000000001 884.50000000000011 32.850000000000001 115.54821430000001 9.5000000000000018 294.50000000000006 523.18035715000008 989.91250000000014 41.500000000000007 45.500000000000007 15.500000000000002 28.550000000000004 1.5000000000000002 199.50000000000003 331.75000000000006 871.35580358750019 75.500000000000014 4.1500000000000012 6.4500000000000011
decision_type=2 2 2 2 2 2 2 2 2 2 2 2 2 2 2 2 2 2 2 2 2 2 2 2 2 2 2 2 2 2
left_child=19 -2 3 4 6 -6 7 10 9 27 -3 -8 -13 -14 25 16 17 -16 -19 23 22 -22 -21 28 -23 -10 -7 -5 -1 -30
right_child=1 2 -4 8 5 26 11 -9 14 -11 -12 12 13 -15 15 -17 -18 18 -20 20 21 24 -24 -25 -26 -27 -28 -29 29 -31
leaf_value=0.00070516020961062457 -0.030388288064853369 0.017108693059295559 -0.03170511631553851 0.005837513923364005 -0.10170265495860026 -0.25309147807020743 0.010990986254165117 -0.065831361948847852 -0.033875204364145116 -0.091525865174957463 -0.021280656685133729 -0.028649542523461764 0.016410628738227417 -0.0016519430587328191 0.010534176876127883 0.20807622418881841 0.023358842133280423 -0.29995980866288613 -0.13096765550677475 0.0004471253911179606 0.00042293409512694693 -0.012700024296779832 -0.024352819013268745 -0.039342954069490906 0.00042388379758854394 4.5786000300824474 0.088299468039418433 -0.0805105386641988 1.9386666319721567e-05 0.0010297789355633727
leaf_weight=108 22 33 23 28 36 22 116 22 21 20 30 21 32 21 23 94 26 20 20 28 178 24 23 36 21 133 22 20 114 604
leaf_count=108 22 33 23 28 36 22 116 22 21 20 30 21 32 21 23 94 26 20 20 28 178 24 23 36 21 133 22 20 114 604
internal_value=0.000418856 -0.000801242 -0.000601532 -0.000394737 -0.00147887 -0.00525 -0.000381818 -0.00335294 0.000555556 -0.00273529 0.000142857 0.000947369 -0.00105405 0.000735849 0.00121958 0.000213115 -0.0017191 -0.00319048 -0.00525 0.00128345 0.000262774 0.00111659 -0.00347059 0.00160789 -0.003 0.00241558 -0.00109091 0.001125 0.00176513 0.00157939
internal_weight=1941 805 783 760 355 80 275 85 405 68 63 190 74 53 337 183 89 63 40 1136 274 223 51 862 45 154 44 48 826 718
internal_count=1941 805 783 760 355 80 275 85 405 68 63 190 74 53 337 183 89 63 40 1136 274 223 51 862 45 154 44 48 826 718
is_linear=0
shrinkage=0.03


Tree=205
num_leaves=31
num_cat=0
split_feature=38 11 41 41 50 34 8 53 23 5 19 44 35 42 28 56 19 31 9 44 57 37 2 56 56 45 11 40 31 31
split_gain=2.19284 1.67773 1.39141 2.25882 1.09782 1.05547 1.04477 1.84801 1.59008 1.38803 0.987966 0.666667 0.627 0.615775 0.605424 1.06904 0.840331 1.07769 0.507705 0.457158 0.64029 0.262117 0.250216 0.233168 0.686786 0.341341 1.11324 0.219436 0.196456 0.364492
threshold=33.727901786250008 -0.3520614488341256 240.40408207183438 44.025737949376811 43.500000000000007 432.15714285000007 3.5000000000000004 198.50000000000003 211.00000000000003 22.500000000000004 47.500000000000007 30.450000000000003 1238.6660715000003 -13.549999999999995 1007.1500000000002 18.350000000000005 13.500000000000002 950.34732145000009 157.50000000000003 32.550000000000004 278.50000000000006 77.07053571500002 7422.6875000000009 6.4500000000000011 6.2500000000000009 86.500000000000014 0.68322629814330826 937.76719990000026 715.48750000000007 822.28571425000007
decision_type=2 2 2 2 2 2 2 2 2 2 2 2 2 2 2 2 2 2 2 2 2 2 2 2 2 2 2 2 2 2
left_child=18 4 3 -3 6 -4 7 11 -9 -10 14 -2 13 21 15 16 17 -8 23 28 -21 22 -7 24 25 26 -1 -17 -13 -30
right_child=1 2 5 -5 -6 12 10 8 9 -11 -12 19 -14 -15 -16 27 -18 -19 -20 20 -22 -23 -24 -25 -26 -27 -28 -29 29 -31
leaf_value=-0.0065067730395787227 -0.036547034108958772 -0.034997520746048935 -0.057861271760798562 -0.18303222704365027 0.15044994065813025 -0.031727434526052492 -0.25240627866558113 -0.17219938479285077 0.011045534215875046 -0.13440387216223465 -0.20844915584058007 0.064753254284754341 -0.0056180563611950129 -0.045347194401498564 2.8902552703772049 5.1310204379741826 2.3542835185588755 -0.052693480175124673 -1.3175020923462922e-05 0.014674807133995235 -0.025859237960314974 0.015758426566392449 0.0028126792314351282 0.00076293288231042624 -7.63843136696459e-05 0.00071133394907676832 0.00047855005638678999 -0.03520929939865812 -0.086675116493770465 0.01371729911370069
leaf_weight=31 28 34 23 20 154 20 24 21 32 27 27 51 22 20 129 70 25 25 27 38 20 61 22 684 20 130 68 29 21 38
leaf_count=31 28 34 23 20 154 20 24 21 32 27 27 51 22 20 129 70 25 25 27 38 20 61 22 684 20 130 68 29 21 38
internal_value=0.00048068 -0.000516819 -0.00281081 -0.007 0.00015415 -0.00146429 -0.000421487 -0.00178261 -0.005625 -0.00310169 0.000720365 -0.000214286 -0.000517241 0.000317073 0.00121192 5.20232e-05 -0.00267568 -0.00495918 0.0015 0.0005 -0.00165517 0.00125243 -0.000571428 0.00161736 0.000831325 0.00129694 -3.03029e-05 0.00209091 0.00163636 0.000457627
internal_weight=1941 981 222 54 759 168 605 276 80 59 329 196 145 123 302 173 74 49 960 168 58 103 42 933 249 229 99 99 110 59
internal_count=1941 981 222 54 759 168 605 276 80 59 329 196 145 123 302 173 74 49 960 168 58 103 42 933 249 229 99 99 110 59
is_linear=0
shrinkage=0.03


Tree=206
num_leaves=31
num_cat=0
split_feature=54 23 32 26 10 19 9 47 33 54 9 34 33 43 44 2 8 9 48 14 42 43 37 58 29 33 19 27 48 9
split_gain=2.73019 1.70759 1.42077 0.965894 1.97045 4.21277 0.903246 0.892597 1.16091 0.719305 0.718059 0.672135 1.62792 0.641921 1.31406 0.625 0.593713 0.659357 0.504569 0.494278 0.6673 0.922266 0.425386 0.270642 0.252849 0.641026 0.249727 0.428195 0.644788 0.402248
threshold=51.300000000000004 124.50000000000001 578.6142857000001 14.450000000000001 0.29012925520284133 1.5000000000000002 141.50000000000003 50.500000000000007 783.35535715000003 654.55000000000007 157.50000000000003 794.49553570000012 530.72857140000008 -135.13035711999996 30.250000000000004 1719.2142860000001 1.5000000000000002 149.50000000000003 3.5000000000000004 31.750000000000004 89.843749950000088 103.28571429999995 88.262500000000003 1007.7500000000001 1.5000000000000002 569.0883928500001 2.5000000000000004 299.50000000000006 5.5000000000000009 146.50000000000003
decision_type=2 2 2 2 2 2 2 2 2 2 2 2 2 2 2 2 2 2 2 2 2 2 2 2 2 2 2 2 2 2
left_child=10 2 11 6 7 -6 15 9 -9 -5 24 12 13 -2 16 -3 -15 -18 19 -11 23 -22 -13 -21 26 -26 27 -1 -29 -30
right_child=1 3 -4 4 5 -7 -8 8 -10 18 -12 22 -14 14 -16 -17 17 -19 -20 20 21 -23 -24 -25 25 -27 -28 28 29 -31
leaf_value=0.0020132791301987704 0.022401376521847257 -0.09755995292224541 -0.035717881788571174 0.086103913097743651 -0.095830150106065992 6.378355765085324 3.5817282435211037 -0.38480794638270571 0.002369436605134125 -0.28410132471656319 -1.8971178353530704e-05 -0.01759232508372215 -0.010282779311688344 -0.066948117299890614 -0.064226240032709631 0.013787135024603183 0.014156240247127064 -0.11963565843974733 -0.034047310762824454 0.039301827068983206 -0.19760781405535854 0.034395673659255672 0.015285673714025215 -0.00078728370263270306 -0.05806793533870639 3.5311537509409034 0.00067199916444077388 -0.12011283880974871 0.0011647878175018442 -2.6469133578439071e-05
leaf_weight=276 30 20 23 96 25 22 155 23 25 21 29 22 25 21 25 20 44 21 36 107 21 23 31 21 27 25 588 23 69 47
leaf_count=276 30 20 23 96 25 22 155 23 25 21 29 22 25 21 25 20 44 21 36 107 21 23 31 21 27 25 588 23 69 47
internal_value=0.000449768 -0.000815636 -0.00295041 2.43904e-05 -0.000785714 -0.00657447 0.00176923 -5.63002e-05 -0.003875 0.000507692 0.00145018 -0.00220548 -0.00314458 -0.00189362 -0.00294595 -0.00225 -0.00118605 0.000230769 -0.000406113 0.000202073 0.000732558 -0.00245455 0.000735849 0.00182813 0.0015782 -0.000461538 0.00168395 0.00112048 -0.00023741 0.000672414
internal_weight=1941 857 242 615 420 47 195 373 48 325 1084 219 166 141 111 40 86 65 229 193 172 44 53 128 1055 52 1003 415 139 116
internal_count=1941 857 242 615 420 47 195 373 48 325 1084 219 166 141 111 40 86 65 229 193 172 44 53 128 1055 52 1003 415 139 116
is_linear=0
shrinkage=0.03


Tree=207
num_leaves=31
num_cat=0
split_feature=54 23 42 30 30 47 30 9 37 37 19 28 23 28 27 28 28 9 6 46 33 29 34 58 8 11 26 16 56 35
split_gain=2.02373 0.796617 1.20104 0.727688 0.969619 0.734679 0.896412 0.718059 0.691796 3.52205 0.984294 1.1689 1.87939 0.916959 1.58806 1.17027 0.532609 0.689068 0.47123 0.391162 0.30316 0.776533 0.456884 0.248964 0.267026 0.447223 0.437354 0.545455 0.26463 0.446078
threshold=51.300000000000004 124.50000000000001 -98.543750000000031 119.29375000000002 164.37142855000002 62.500000000000007 399.85803570000007 157.50000000000003 123.93750000000001 263.65982145000004 1.5000000000000002 1008.0500000000001 198.50000000000003 1006.2500000000001 294.50000000000006 1006.7500000000001 1005.5500000000001 146.50000000000003 26.500000000000004 23.650000000000002 66.478571430000017 1.5000000000000002 266.13125000000008 1005.85 1.5000000000000002 0.91037613702198772 3.9500000000000006 25.850000000000005 12.65 620.29910715000017
decision_type=2 2 2 2 2 2 2 2 2 2 2 2 2 2 2 2 2 2 2 2 2 2 2 2 2 2 2 2 2 2
left_child=7 2 -2 16 -5 6 -6 20 -3 -10 11 12 13 -11 15 -15 -4 -18 -13 -12 21 22 23 -1 25 26 -25 -28 -26 -30
right_child=1 8 3 4 5 -7 -8 -9 9 10 19 18 -14 14 -16 -17 17 -19 -20 -21 -22 -23 -24 24 28 -27 27 -29 29 -31
leaf_value=0.0008374689882991971 -0.022796759433234434 0.41524977939297109 0.011869628213778315 -0.040731169057676576 0.010163424988088405 -0.15771411613536576 -0.059818049259287603 -1.8402043002924783e-05 -0.15635627133190852 0.0086532828678372153 -0.19653819187393828 4.0062419804288378 -0.10438913166069051 -0.235948038259406 5.9704380939172861 -0.021368473791461794 0.0023670780634148605 -0.060380076682763496 -0.013890508836221243 0.07502083196526084 0.007495992326649499 -0.041283390172464435 -0.0081019768467887956 0.0015303382173937907 0.00055787822899758168 0.00086308685814240956 0.0007966478751014744 -0.038037543264840414 -0.0002113263877956559 0.003550075506181128
leaf_weight=295 20 65 46 28 57 23 22 29 29 76 39 76 26 27 28 40 25 21 36 173 186 20 20 29 321 50 33 33 42 26
leaf_count=295 20 65 46 28 57 23 22 29 29 76 39 76 26 27 28 40 25 21 36 173 186 20 20 29 321 50 33 33 42 26
internal_value=0.000588872 -0.000500583 -0.00195868 -0.00132432 -0.00276923 -0.00141176 -3.79746e-05 0.00145018 7.31708e-05 -0.000272727 0.000293666 -0.000786408 -0.00217766 -0.00103509 -0.003 -0.00550746 0.000717391 -0.00156522 0.00166071 0.00186792 0.0015782 0.00134292 0.00148057 0.00158866 0.00120225 0.000103448 -0.00110526 -0.00245455 0.00161183 -8.82352e-05
internal_weight=1941 857 242 222 130 102 79 1084 615 550 521 309 197 171 95 67 92 46 112 212 1055 869 849 829 534 145 95 66 389 68
internal_count=1941 857 242 222 130 102 79 1084 615 550 521 309 197 171 95 67 92 46 112 212 1055 869 849 829 534 145 95 66 389 68
is_linear=0
shrinkage=0.03


Tree=208
num_leaves=31
num_cat=0
split_feature=54 53 53 53 46 58 19 26 43 43 27 27 40 1 27 33 27 9 34 52 16 10 42 57 10 2 58 56 26 16
split_gain=2.24389 1.11064 0.773123 2.14222 0.895342 0.7875 0.765635 0.862146 1.30408 1.05405 1.37143 1.04004 0.843746 0.640244 0.499674 0.538812 0.523558 0.46831 0.460829 0.402014 0.337711 0.32478 0.595753 0.383757 0.432692 0.271619 0.217152 0.488668 0.708972 0.284668
threshold=51.300000000000004 144.50000000000003 198.50000000000003 208.00000000000003 23.250000000000004 1005.4500000000002 49.500000000000007 16.650000000000002 -83.609821449999956 -207.74910714999999 295.50000000000006 267.50000000000006 105.60755208070834 3226.2857145000003 290.50000000000006 1141.1357145000002 280.50000000000006 157.50000000000003 1150.1142860000002 41.000000000000007 23.950000000000003 0.88144907265856365 34.447321450000011 317.50000000000006 0.97335555334614954 8780.7857145000016 1005.85 12.65 13.65 24.750000000000004
decision_type=2 2 2 2 2 2 2 2 2 2 2 2 2 2 2 2 2 2 2 2 2 2 2 2 2 2 2 2 2 2
left_child=17 6 14 -4 -5 -6 7 11 9 10 -9 12 13 -2 15 18 -17 21 -3 -13 -21 25 23 -23 -25 26 -1 29 -29 -28
right_child=1 2 3 4 5 -7 -8 8 -10 -11 -12 19 -14 -15 -16 16 -18 -19 -20 20 -22 22 -24 24 -26 -27 27 28 -30 -31
leaf_value=0.0014138172224445124 -0.1606102074473082 0.0079691064304627766 -0.074611490656231336 -0.070965194345705293 -0.34641553946081155 1.0985227578536352 -0.13686417853474106 0.0077117144112290844 -0.13682991065321476 0.017545003224153168 -0.020862912523712342 -0.023750175218218636 -0.035798957687675124 0.020324082397131928 2.1656119864867329 0.0033562106738655776 -0.20030383042836875 -1.7849981712837038e-05 -0.02152495949433398 -0.004962826525986049 0.011232117166758617 0.0039268391542763466 -0.085172411279872767 -0.0036537122090701474 0.001757792786723498 3.0962394097549734e-06 0.00029322640072481932 -0.05323253446846879 0.00068240710141922296 0.00068449792252855545
leaf_weight=339 20 155 28 21 28 112 20 28 23 26 20 29 29 21 104 32 20 29 20 30 91 145 21 20 32 32 49 29 47 341
leaf_count=339 20 155 28 21 28 112 20 28 23 26 20 29 29 21 104 32 20 29 20 30 91 145 21 20 32 32 49 29 47 341
internal_value=0.000681608 -0.000465577 0.000403846 -0.00112698 0.000204969 0.00107143 -0.00180712 -0.00144795 -0.00380412 -0.00186486 -0.0045 -0.000409091 -0.00342857 -0.000658536 0.00127795 0.000488987 -0.00219231 0.00158856 0.00128571 0.001 0.00176033 0.00169194 0.000660551 0.00117259 -0.00103846 0.00196057 0.00206832 0.00164807 -0.000552631 0.00207692
internal_weight=1941 857 520 189 161 140 337 317 97 74 48 220 70 41 331 227 52 1084 175 150 121 1055 218 197 52 837 805 466 76 390
internal_count=1941 857 520 189 161 140 337 317 97 74 48 220 70 41 331 227 52 1084 175 150 121 1055 218 197 52 837 805 466 76 390
is_linear=0
shrinkage=0.03


Tree=209
num_leaves=31
num_cat=0
split_feature=54 3 52 26 34 6 50 3 16 54 49 9 49 49 37 47 58 3 34 33 29 33 16 2 1 34 10 36 48 4
split_gain=2.7086 1.2122 0.847029 0.844854 1.32556 2.87603 1.61397 1.29515 0.647487 1.1983 0.485353 0.475227 0.380375 0.537781 0.361341 0.741596 0.633578 0.629762 0.6 0.334961 0.289327 0.641026 0.287899 0.245135 0.225 0.20202 0.300652 0.211481 0.232471 0.201826
threshold=51.300000000000004 6217771.5625000009 31.000000000000004 14.050000000000002 344.61875000000003 18.500000000000004 37.000000000000007 7311514.6430000011 25.250000000000004 271.30000000000007 64.500000000000014 157.50000000000003 13.500000000000002 8.5000000000000018 760.9633928500001 24.500000000000004 1005.4500000000002 6587869.5715000005 971.00000000000011 1141.1357145000002 1.5000000000000002 569.0883928500001 23.150000000000002 8780.7857145000016 5845.7857140000006 15.237500000000002 -0.58216583101416164 954.77142860000015 70.000000000000014 1.0000000180025095e-35
decision_type=2 2 2 2 2 2 2 2 2 2 2 2 2 2 2 2 2 2 2 2 2 2 2 2 2 2 2 2 2 2
left_child=11 -2 -3 8 5 24 7 12 10 -10 22 20 13 14 15 16 -6 18 -18 -16 23 -22 -4 25 -5 26 -1 28 29 -28
right_child=1 2 3 4 6 -7 -8 -9 9 -11 -12 -13 -14 -15 19 -17 17 -19 -20 -21 21 -23 -24 -25 -26 -27 27 -29 -30 -31
leaf_value=-0.02052453310410737 -0.050743286679561024 -0.056716657191150301 -0.07011987651917348 4.2652301510314032 0.0076229762311524106 -0.080310230720045631 -0.096852397954006797 -0.11639547705303688 -0.10328015266192166 0.45045205884293338 -0.064958075273968824 -1.7314482261451928e-05 0.441381492709009 -0.007078829263495838 0.011954645261124369 -0.029165385675974653 -0.035287644442537382 -0.040821521506004106 0.037582393988236026 -0.015919614582500123 -0.052532223234975743 3.4249518441262032 0.073041151000527479 3.003352227462369e-06 -0.061012441953028657 0.002848178103686472 2.9757246087249756e-06 0.00056510828464820587 -1.017342045917046e-05 0.00084702041358999112
leaf_weight=27 23 23 23 20 73 34 25 25 25 22 22 29 65 25 116 20 30 24 30 37 27 25 175 32 20 254 33 180 29 448
leaf_count=27 23 23 23 20 73 34 25 25 25 22 22 29 65 25 116 20 30 24 30 37 27 25 175 32 20 254 33 180 29 448
internal_value=0.000619784 -0.000640607 -0.000453237 -0.000292232 -0.000970588 -0.0047027 -0.000382979 3.3708e-05 0.00108989 -0.00210638 0.00177273 0.00161624 0.000428572 4.22536e-05 0.000363636 -0.000559322 0.000133758 -0.00164286 1.11759e-10 0.00143137 0.00172038 -0.000461538 0.00224242 0.0018335 0.00075 0.00191864 0.00166109 0.00178261 0.00147059 0.00162786
internal_weight=1941 857 834 811 544 74 470 445 267 47 220 1084 420 355 330 177 157 84 60 153 1055 52 198 1003 40 971 717 690 510 481
internal_count=1941 857 834 811 544 74 470 445 267 47 220 1084 420 355 330 177 157 84 60 153 1055 52 198 1003 40 971 717 690 510 481
is_linear=0
shrinkage=0.03


Tree=210
num_leaves=31
num_cat=0
split_feature=54 58 8 1 35 53 31 48 34 26 3 20 1 9 6 42 38 29 2 29 33 27 26 35 18 36 38 32 21 2
split_gain=2.30476 0.951876 0.929857 2.40127 2.06037 1.11902 1.02982 0.705856 1.68456 2.05268 0.848077 0.677413 0.820513 0.475227 0.460716 0.81974 0.937279 0.385246 0.363482 0.317895 0.641026 0.286588 1.20984 0.276923 0.261411 0.456522 0.231791 0.163003 0.313469 0.161491
threshold=51.300000000000004 1008.0500000000001 1.5000000000000002 6571.7142860000013 182.19285710000003 144.50000000000003 76.194642855000012 39.500000000000007 678.46428575000016 9.1500000000000004 6321504.0715000005 1.0000000180025095e-35 2283.6250000000005 157.50000000000003 23.500000000000004 1.4223214499999843 885.03526787500016 0.65000000000000002 8678.5000000000018 1.5000000000000002 569.0883928500001 288.50000000000006 13.350000000000003 934.03482145000009 70.000000000000014 774.33125000000007 954.77373513750013 1040.2910715 875.00000000000011 1646.9553570000003
decision_type=2 2 2 2 2 2 2 2 2 2 2 2 2 2 2 2 2 2 2 2 2 2 2 2 2 2 2 2 2 2
left_child=13 2 3 11 -5 6 -4 8 9 -8 -10 12 -2 18 17 26 -17 27 19 24 -21 -3 -23 -12 -1 -26 -16 29 -29 -7
right_child=1 21 5 4 -6 14 7 -9 10 -11 23 -13 -14 -15 15 16 -18 -19 -20 20 -22 22 -24 -25 25 -27 -28 28 -30 -31
leaf_value=0.0008448286330360737 0.0025877633242643891 0.62911613119114829 0.010666463876249015 -0.092574226707926657 -0.014329221871347598 0.01756904938521885 -0.068006177774455279 0.040427799418239437 -0.04817278067069776 -0.06950579266229627 -0.011409389103651899 0.0066111334952157295 -0.026603708185951758 -1.679504779360837e-05 0.016260588482407606 0.014962152902346249 -0.26096601328825714 -0.12199160731570928 -3.5686643675282268e-05 -0.050956256537926452 3.3222032888024167 1.9504762896329166 -0.082074677415302916 0.0065488610881346259 -0.0017427202846969853 0.00023111985970384393 -0.0051817539836266939 -0.22214010486801725 0.040106303302944311 0.98940011791731586
leaf_weight=922 26 95 41 26 20 21 32 38 20 38 20 53 24 29 36 24 25 24 35 27 25 41 20 32 25 21 35 25 24 117
leaf_count=922 26 95 41 26 20 21 32 38 20 38 20 53 24 29 36 24 25 24 35 27 25 41 20 32 25 21 35 25 24 117
internal_value=0.000697063 -0.000465577 -0.000937232 -0.00304027 -0.00873913 -0.000369565 -0.00202262 -0.003 -0.00397183 -0.00728571 -0.00075 -0.000495146 -0.003 0.00161624 0.000734139 -0.00075 -0.00373469 0.0015782 0.00172038 0.00182353 -0.000461538 0.00165385 4.91804e-05 0.00126923 0.00194628 -0.000260869 0.00130986 0.00203743 0.000551021 0.00256522
internal_weight=1941 857 701 149 46 552 221 180 142 70 72 103 50 1084 331 120 49 211 1055 1020 52 156 61 52 968 46 71 187 49 138
internal_count=1941 857 701 149 46 552 221 180 142 70 72 103 50 1084 331 120 49 211 1055 1020 52 156 61 52 968 46 71 187 49 138
is_linear=0
shrinkage=0.03


Tree=211
num_leaves=31
num_cat=0
split_feature=54 8 46 27 19 30 47 40 57 34 19 58 43 40 10 30 33 58 9 37 37 29 33 37 14 33 34 15 58 56
split_gain=3.30923 0.946616 1.65291 2.6673 1.30727 1.09195 1.16512 1.10648 0.939167 0.937662 0.844215 1.40947 1.8861 0.794118 0.623401 0.599112 0.576086 0.572727 0.482195 0.423443 1.74545 0.296918 0.641026 0.294828 0.249554 0.179298 0.501146 0.241217 0.295241 0.356678
threshold=51.300000000000004 2.5000000000000004 23.650000000000002 281.50000000000006 49.500000000000007 245.86875000000003 9.5000000000000018 28.019345238125002 273.50000000000006 486.48303570000002 3.5000000000000004 1008.35 23.880357150000041 851.24558533750007 -0.93540483100319605 966.0875000000002 833.9312500000002 1005.7500000000001 157.50000000000003 769.4937500000002 540.32946430000015 1.5000000000000002 569.0883928500001 1069.7642860000003 32.050000000000004 66.478571430000017 266.13125000000008 87.500000000000014 1008.1500000000002 6.5500000000000007
decision_type=2 2 2 2 2 2 2 2 2 2 2 2 2 2 2 2 2 2 2 2 2 2 2 2 2 2 2 2 2 2
left_child=18 2 3 8 5 6 -3 -8 -2 -9 11 12 14 15 -4 -7 -15 -18 21 20 -17 25 -23 -21 -13 26 27 28 29 -1
right_child=1 4 10 -5 -6 13 7 9 -10 -11 -12 24 -14 16 -16 19 17 -19 -20 23 -22 22 -24 -25 -26 -27 -28 -29 -30 -31
leaf_value=2.9206317985260906e-05 -0.020707286026552023 0.0057416842734182511 -0.022607184834260753 -0.063651076802938175 -0.14199928481514593 2.4675077400073997 0.31903929469806008 -0.1084030866776063 0.0087403885855707117 -0.0048075561869202702 0.015714164212463935 -0.02934541919192794 -0.08705180129176894 -0.17055873270385885 0.014755386298020891 3.4919825128416071 0.033154183820323826 -0.034083088807974095 -1.6291196359800117e-05 0.83176950171640751 -1.20966310205903 -0.049427568841788984 3.2225371901383437 -0.11675659930920904 0.98793466923349982 0.0065615889028299255 -0.0077095001498369347 0.00079431872759278747 -2.7818422438217125e-05 0.0011930731158119304
leaf_weight=132 25 35 28 33 24 209 26 20 23 35 53 33 28 31 27 24 55 35 29 38 20 27 25 20 35 154 20 203 26 468
leaf_count=132 25 35 28 33 24 209 26 20 23 35 53 33 28 31 27 24 55 35 29 38 20 27 25 20 35 154 20 203 26 468
internal_value=0.000542504 -0.000850642 -0.00226316 -0.00588889 -0.000146853 0.000153285 -0.00243103 -0.00440741 -0.001375 -0.00681818 -0.000823529 -0.00196689 -0.00459036 0.000847222 -0.00136364 0.00164952 -0.00121488 1.11759e-10 0.00164391 -0.000235294 -0.00245455 0.00174882 -0.000461538 0.00144828 0.00123529 0.00186341 0.00169258 0.00180579 0.00151438 0.00165
internal_weight=1941 857 285 81 572 548 116 81 48 55 204 151 83 432 55 311 121 90 1084 102 44 1055 52 58 68 1003 849 829 626 600
internal_count=1941 857 285 81 572 548 116 81 48 55 204 151 83 432 55 311 121 90 1084 102 44 1055 52 58 68 1003 849 829 626 600
is_linear=0
shrinkage=0.03


Tree=212
num_leaves=31
num_cat=0
split_feature=54 52 8 19 27 54 19 16 14 37 26 34 3 56 5 9 33 2 2 2 2 10 37 8 57 53 37 2 39 8
split_gain=2.86521 1.04929 0.973235 1.77553 2.27362 3.6523 1.32666 1.30564 0.954746 0.949012 0.857099 1.62455 0.882827 0.933053 0.966376 0.447861 0.431728 0.37037 0.35752 0.3375 0.336496 0.336626 0.625758 0.860656 0.477732 0.306539 0.718085 0.343176 0.301706 0.262106
threshold=51.300000000000004 31.000000000000004 2.5000000000000004 2.5000000000000004 287.50000000000006 380.30000000000001 49.500000000000007 23.450000000000003 30.450000000000003 691.54285715000015 15.950000000000001 380.0750000000001 6582678.2855000012 18.350000000000005 22.500000000000004 157.50000000000003 552.42142855000009 6049.6071430000011 208.78571430000002 6163.5000000000009 8678.5000000000018 0.88144907265856365 7.0553571430000011 2.5000000000000004 322.50000000000006 230.50000000000003 824.76250000000016 7291.9285715000015 1068.2125000000003 3.5000000000000004
decision_type=2 2 2 2 2 2 2 2 2 2 2 2 2 2 2 2 2 2 2 2 2 2 2 2 2 2 2 2 2 2
left_child=15 -2 3 4 7 -6 10 -3 -9 -7 18 -12 16 14 -14 20 -13 -15 -4 -10 21 29 24 -24 -23 27 -27 -20 -18 -1
right_child=1 2 6 -5 5 9 -8 8 19 -11 11 12 13 17 -16 -17 28 -19 25 -21 -22 22 23 -25 -26 26 -28 -29 -30 -31
leaf_value=0.0011037626767988311 -0.051063293399490825 -0.017259513242454817 -0.072114064112776932 0.0094317622024292884 0.012578224370743735 -0.023988992561097031 -0.15664574509058449 -0.033211536814880184 0.050577488613200758 -0.092675843097775587 -0.077610925198349487 -0.072356089630275983 -0.0034029893589539923 7.6693528484667972 -0.26325307559774697 -1.5802460469006114e-05 0.025647259060657811 -0.0082639687035485493 0.96806968629650492 -0.017860649477817236 -3.3781491691877284e-05 0.0037156798248495406 -0.03085975810235796 0.017091825304563706 -0.0021811313179936577 -0.085130429725871093 1.301617410922441 -0.010716328501196415 -0.062188391287033622 0.00038566619580811761
leaf_weight=505 24 31 25 76 23 23 20 22 60 22 24 21 21 24 20 29 117 30 164 20 35 124 40 21 33 20 27 23 20 297
leaf_count=505 24 31 25 76 23 23 20 22 60 22 24 21 21 24 20 29 117 30 164 20 35 124 40 21 33 20 27 23 20 297
internal_value=0.00048068 -0.000815636 -0.000637455 -0.00209025 -0.00356716 -0.00802941 8.6331e-05 -0.00128571 0.000352941 -0.013 0.000369403 -0.000790614 -8.30038e-05 -0.00236842 -0.00578049 0.00150554 0.00129114 0.000222222 0.00161004 0.001875 0.00160664 0.00170588 0.000660551 -0.00191803 0.00166242 0.00197436 -0.000191489 0.00251872 0.00190511 0.00199003
internal_weight=1941 857 833 277 201 68 556 133 102 45 536 277 253 95 41 1084 158 54 259 80 1055 1020 218 61 157 234 47 187 137 802
internal_count=1941 857 833 277 201 68 556 133 102 45 536 277 253 95 41 1084 158 54 259 80 1055 1020 218 61 157 234 47 187 137 802
is_linear=0
shrinkage=0.03


Tree=213
num_leaves=31
num_cat=0
split_feature=24 8 46 1 27 10 37 37 19 19 27 8 1 47 48 51 27 37 46 30 23 52 42 2 50 45 36 56 19 14
split_gain=2.89285 0.904774 1.73384 2.22063 1.37772 1.28 1.38302 2.72581 0.837345 0.823202 1.24973 2.40048 1.22006 0.739023 1.30516 0.764466 0.751822 0.688575 1.28547 0.716955 0.319525 0.912286 0.638431 0.300688 0.384108 0.358608 0.568182 0.25612 0.403448 0.472496
threshold=110.40000000000002 2.5000000000000004 23.650000000000002 6645.5000000000009 282.50000000000006 -0.9103761370219875 276.7214285500001 64.175000000000011 47.500000000000007 3.5000000000000004 287.50000000000006 1.0000000180025095e-35 3803.0714285000008 34.500000000000007 30.500000000000004 269.50000000000006 294.50000000000006 499.42767855000005 23.650000000000002 1126.2321430000002 100.50000000000001 10.000000000000002 36.331250015000002 8678.5000000000018 11.500000000000002 91.500000000000014 826.04732145000014 8.2500000000000018 1.0000000180025095e-35 28.650000000000002
decision_type=2 2 2 2 2 2 2 2 2 2 2 2 2 2 2 2 2 2 2 2 2 2 2 2 2 2 2 2 2 2
left_child=20 2 3 -2 -5 6 7 -3 13 10 12 -12 -4 14 15 -7 17 -17 -19 -20 21 22 23 24 27 -26 -27 28 29 -1
right_child=1 5 9 4 -6 8 -8 -9 -10 -11 11 -13 -14 -15 -16 16 -18 18 19 -21 -22 -23 -24 -25 25 26 -28 -29 -30 -31
leaf_value=0.00048659123460554807 0.0059388139232559129 0.00037611290335990685 -0.031669702560210303 -0.020510466837810753 -0.097836403816505477 -0.092255548282465086 0.008951522401706373 -0.044388876485357082 -0.19354611246691744 0.013508147608804673 -0.003797916939310469 -0.085777769882462468 0.062384912176501002 1.6378054390598042 -0.11301742159099569 0.10456487086045324 4.8193676735156483 -0.062290602070823126 0.15905042759044563 -1.1052209616737736 4.7718868167641997 -0.039437422814746173 -0.079753820619547847 -3.2768046941120968e-05 0.00021259845889076329 -4.056070453945687e-05 7.7908419291468231e-05 0.0013926410070791936 0.00096837392656261257 -0.00044171592755381909
leaf_weight=85 21 31 24 23 25 23 42 31 27 48 35 25 68 114 20 55 96 35 62 20 92 30 30 35 304 22 22 337 138 21
leaf_count=85 21 31 24 23 25 23 42 31 27 48 35 25 68 114 20 55 96 35 62 20 92 30 30 35 304 22 22 337 138 21
internal_value=0.000310665 -0.00103636 -0.00246468 -0.00656522 -0.010125 -0.000345324 -0.00334615 -0.00619355 0.000345133 -0.00105 -0.00213158 -0.0055 6.52175e-05 0.000670588 -8.68166e-05 0.000422681 0.000873134 -0.000313953 -0.00161538 0.000439024 0.00130645 0.0011543 0.00130986 0.00144398 0.00154682 0.000758621 -0.00177273 0.00201893 0.00127869 -0.000113207
internal_weight=1941 825 269 69 48 556 104 62 452 200 152 60 92 425 311 291 268 172 117 82 1116 1024 994 964 929 348 44 581 244 106
internal_count=1941 825 269 69 48 556 104 62 452 200 152 60 92 425 311 291 268 172 117 82 1116 1024 994 964 929 348 44 581 244 106
is_linear=0
shrinkage=0.03


Tree=214
num_leaves=31
num_cat=0
split_feature=54 44 27 32 46 37 41 8 27 1 2 37 31 37 2 16 9 54 24 47 1 9 33 42 2 22 36 37 49 36
split_gain=3.20646 1.13739 2.5 0.75356 0.908562 1.13686 1.52885 1.83314 3.14293 1.40434 1.12736 1.09891 1.12072 1.03812 0.933406 0.746675 0.7095 0.595466 0.616917 0.50411 0.427907 0.421307 0.352042 0.749248 0.478594 0.320287 0.277571 0.234882 0.21136 0.299599
threshold=51.300000000000004 27.550000000000004 209.00000000000003 1211.8696430000002 24.350000000000005 8.6303571430000012 267.43525081307399 4.5000000000000009 280.50000000000006 7203.0625000000009 5851.7678570000007 226.47500000000002 78.218750000000014 383.01607145000008 6784.1071430000011 23.150000000000002 142.50000000000003 319.05000000000007 218.50000000000003 6.5000000000000009 5845.7857140000006 157.50000000000003 66.478571430000017 38.242857145000009 8678.5000000000018 707.50000000000011 983.18571425000016 989.91250000000014 40.500000000000007 852.86875000000009
decision_type=2 2 2 2 2 2 2 2 2 2 2 2 2 2 2 2 2 2 2 2 2 2 2 2 2 2 2 2 2 2
left_child=21 2 -2 4 5 -3 13 8 15 -10 -9 12 -6 16 25 -8 -7 18 -14 -13 -17 22 23 24 26 -15 28 -21 -1 -30
right_child=1 3 -4 -5 11 6 7 10 9 -11 -12 19 17 14 -16 20 -18 -19 -20 27 -22 -23 -24 -25 -26 -27 -28 -29 29 -31
leaf_value=0.00088539345619541277 -0.12370302634213265 0.036316398555046654 5.9900874690288104 0.014061871978250987 0.009318506566756965 -0.036781127466476715 -0.020984087349291958 1.515040012562725 -0.019045704103837331 -0.22031998317889839 -0.028662604490759521 -0.0043187359865991164 -0.017018820563668977 0.023238822197070866 -0.044438205369944077 -0.022455975436054643 0.028193363130945198 -0.016797632112521742 -0.18773972909290987 1.0533124605571729 2.4774001789091575 -1.4822380113450266e-05 0.0068679106596141095 -0.077816688521098201 -0.0010983678150200912 -0.005306633942075231 0.00050637820799998186 0.073249405929913108 -1.566266123296772e-05 0.00099484000205547979
leaf_weight=509 20 59 20 44 37 29 26 52 21 36 23 20 22 94 30 20 20 31 27 159 23 29 186 20 27 20 160 24 124 29
leaf_count=509 20 59 20 44 37 29 26 52 21 36 23 20 22 94 30 20 20 31 27 159 23 29 186 20 27 20 160 24 124 29
internal_value=0.000310665 -0.00106068 -0.006 -0.000818849 -0.00103622 -0.00190066 -0.00248223 -0.00431343 -0.00652381 -0.0117368 -0.0006 0.0001875 -0.0021282 -0.000575129 0.000708333 -0.00221739 -0.00434694 -0.004125 -0.00618367 0.00152217 0.000209302 0.00139483 0.00149289 0.00123936 0.00137456 0.00194737 0.00150365 0.00201639 0.00123263 0.000254902
internal_weight=1941 857 40 817 773 453 394 201 126 57 75 320 117 193 144 69 49 80 49 203 43 1084 1055 869 849 114 822 183 662 153
internal_count=1941 857 40 817 773 453 394 201 126 57 75 320 117 193 144 69 49 80 49 203 43 1084 1055 869 849 114 822 183 662 153
is_linear=0
shrinkage=0.03


Tree=215
num_leaves=31
num_cat=0
split_feature=24 14 27 58 34 33 20 39 6 32 6 33 49 31 4 56 41 52 45 30 47 9 36 21 42 42 39 3 49 4
split_gain=2.37754 1.21943 2.5 0.848897 1.71442 2.27907 0.999117 0.935086 0.758625 1.31373 2.34472 0.802108 0.895083 0.782572 0.720776 0.668605 0.664053 1.09701 1.29586 0.911099 0.689815 0.382997 0.38321 0.362256 0.545827 0.551634 0.453616 0.367553 0.459029 0.512735
threshold=51.300000000000004 27.550000000000004 210.50000000000003 1006.4500000000002 506.94375000000008 242.59285715000001 39.500000000000007 587.50926339375008 26.500000000000004 705.31428570000014 28.500000000000004 1141.1357145000002 49.500000000000007 198.09285715000001 13.500000000000002 11.750000000000002 207.35764367468065 244.50000000000003 62.500000000000007 848.99285715000008 9.5000000000000018 157.50000000000003 983.18571425000016 68.500000000000014 -12.312499999999998 47.892857169999992 1.0000000180025095e-35 6337680.7145000007 75.500000000000014 22.500000000000004
decision_type=2 2 2 2 2 2 2 2 2 2 2 2 2 2 2 2 2 2 2 2 2 2 2 2 2 2 2 2 2 2
left_child=21 2 -2 4 5 15 14 -7 11 13 -11 12 -5 -10 -6 -3 -16 -18 19 -19 -20 22 23 24 -1 26 27 -26 29 -29
right_child=1 3 -4 8 6 7 -8 -9 9 10 -12 -13 -14 -15 16 -17 17 18 20 -21 -22 -23 -24 -25 25 -27 -28 28 -30 -31
leaf_value=-0.027127985788078447 -0.11999193555186882 -0.032886927880538701 5.8103848449579454 1.6964368192596697 0.13379473680461212 -0.03761365956972481 -0.059654396222981743 -0.018478125772387829 -0.093702149385757508 -0.060933575624061653 1.5103606355668706 -0.03012081008114283 -0.12664122022852448 0.058827810885230501 0.1181391766165657 0.015877644560089596 0.0047769891802024594 0.025967781631384908 -0.015558415393866402 -0.052876655534576635 -0.060052993577882866 -1.4377708710046757e-05 0.00048146884215950682 4.7983590634200688 0.0011495217642314363 -0.062348510896912263 0.0024491522556746416 0.00046848824152776126 -0.00034495922298953747 -5.3655087240989667e-05
leaf_weight=37 20 20 20 225 55 20 26 23 21 31 25 27 21 64 35 23 67 51 35 26 22 29 167 80 186 23 181 317 42 22
leaf_count=37 20 20 20 225 55 20 26 23 21 31 25 27 21 64 35 23 67 51 35 26 22 29 167 80 186 23 181 317 42 22
internal_value=0.000295209 -0.000885647 -0.006 -0.000635251 -0.00161538 -0.00537209 -0.000596214 -0.0102558 0.000318841 -0.00146808 -0.00503571 0.00124176 0.00178049 0.000882353 -9.27834e-05 -0.000488372 -0.000813559 -0.00147761 -0.00304478 -0.000506493 -0.00647368 0.00122878 0.00132227 0.00107432 0.000883663 0.00105447 0.00119519 0.000777778 0.000244095 0.00061062
internal_weight=1941 857 40 817 403 86 317 43 414 141 56 273 246 85 291 43 236 201 134 77 57 1084 1055 888 808 771 748 567 381 339
internal_count=1941 857 40 817 403 86 317 43 414 141 56 273 246 85 291 43 236 201 134 77 57 1084 1055 888 808 771 748 567 381 339
is_linear=0
shrinkage=0.03


Tree=216
num_leaves=31
num_cat=0
split_feature=54 10 41 8 1 46 55 55 9 40 57 26 43 57 48 30 40 26 28 33 42 43 50 4 45 18 41 28 1 9
split_gain=2.94217 1.0303 1.79817 1.05817 1.60052 3.58902 1.25444 1.06176 1.1489 0.689889 0.650551 1.07477 0.741507 0.634033 0.922266 0.535796 0.663238 1.0331 0.808595 0.503719 0.945907 0.486207 0.415339 0.514389 0.516859 0.723748 0.441619 0.41957 0.4 0.381349
threshold=51.300000000000004 -0.9103761370219875 248.55869741980896 2.5000000000000004 6307.3571425000009 23.750000000000004 735.50000000000011 268.50000000000006 149.50000000000003 544.63679315208344 284.50000000000006 17.650000000000002 -216.47053569999994 280.50000000000006 30.500000000000004 1141.1357145000002 799.4922246875002 17.650000000000002 1005.1500000000002 66.478571430000017 36.331250015000002 126.86875000000001 11.500000000000002 2.5000000000000004 91.500000000000014 5.5000000000000009 339.22157483328903 1006.35 3867.5833335000002 144.50000000000003
decision_type=2 2 2 2 2 2 2 2 2 2 2 2 2 2 2 2 2 2 2 2 2 2 2 2 2 2 2 2 2 2
left_child=19 2 -2 4 21 6 -6 8 -5 -4 11 12 -11 -7 -15 16 -9 18 -18 20 22 -3 26 24 25 -24 -1 -28 -23 -17
right_child=1 3 9 7 5 13 -8 15 -10 10 -12 -13 -14 14 -16 29 17 -19 -20 -21 -22 28 23 -25 -26 -27 27 -29 -30 -31
leaf_value=0.00088777993821938814 -0.094867123957097343 0.017383550821882469 -0.038183020364851328 0.17319675617178085 -0.049755220854569938 1.098094670006698 -0.033958086802201977 2.4882756204780745 -0.10713006981119731 -0.010331775873258817 0.0035068503207618383 0.014161915994600281 -0.035404845319841671 -0.066569609950326403 0.05256876251741447 1.8530038396691502 0.043054145419058887 0.074119740187589933 -0.055968501459406003 0.0065883987721554469 -0.098138766427326218 -0.10728190233935518 -2.6082061899652683e-05 0.00031403893055403979 -7.0024019030178765e-05 0.00068519239152224892 0.00023682397403964646 -0.051281630862797224 0.0051993238839989761 -0.16245147716265584
leaf_weight=519 24 47 21 36 25 34 33 218 32 39 55 21 22 21 23 20 20 69 21 186 22 20 24 235 20 37 21 20 20 36
leaf_count=519 24 47 21 36 25 34 33 218 32 39 55 21 22 21 23 20 20 69 21 186 22 20 24 235 20 37 21 20 20 36
internal_value=0.000217929 -0.00109568 -0.0030989 -0.000555555 -0.00224664 -0.00427941 -0.00993103 0.000278761 -0.00317647 -0.00193671 -0.00116058 -0.00285366 -0.00486885 -7.6923e-05 -0.00245455 0.000890625 0.00135366 -0.000545454 -0.00431707 0.00125646 0.000962138 0.000931035 0.00111644 0.000246836 -0.00181481 -0.000442623 0.00160714 -0.00139024 -0.0015 -0.00182143
internal_weight=1941 857 182 675 223 136 58 452 68 158 137 82 61 78 44 384 328 110 41 1084 898 87 876 316 81 61 560 41 40 56
internal_count=1941 857 182 675 223 136 58 452 68 158 137 82 61 78 44 384 328 110 41 1084 898 87 876 316 81 61 560 41 40 56
is_linear=0
shrinkage=0.03


Tree=217
num_leaves=31
num_cat=0
split_feature=24 14 27 9 19 1 21 57 27 41 31 38 10 46 19 1 24 15 46 2 32 38 19 2 40 52 2 18 51 47
split_gain=2.5585 1.10538 2.5 0.942507 2.57343 1.84453 1.5092 1.2121 1.56473 1.86939 1.45313 2.3205 1.63902 1.06061 0.962952 0.89269 1.62998 0.795777 0.78064 0.573887 0.416751 1.80224 0.892886 0.47088 0.407487 0.428571 0.380233 0.35342 0.236758 0.365474
threshold=51.300000000000004 27.550000000000004 210.50000000000003 141.50000000000003 3.5000000000000004 6307.3571425000009 826.00000000000011 293.50000000000006 280.50000000000006 219.70913002393488 1032.7062500000002 727.04866071250024 -0.9103761370219875 24.150000000000002 47.500000000000007 3570.0000000000005 331.00000000000006 57.500000000000007 25.050000000000004 6461.7142855000011 128.83750000000003 29.982366071250002 98.500000000000014 8678.5000000000018 821.52020090625012 600.50000000000011 284.07142855000006 87.500000000000014 17.500000000000004 15.500000000000002
decision_type=2 2 2 2 2 2 2 2 2 2 2 2 2 2 2 2 2 2 2 2 2 2 2 2 2 2 2 2 2 2
left_child=20 2 -2 4 5 13 -7 8 15 -10 11 12 -11 -3 19 16 18 -17 -5 -6 21 22 23 27 -19 -26 -9 28 29 -1
right_child=1 3 -4 7 14 6 -8 26 9 10 -12 -13 -14 -15 -16 17 -18 24 -20 -21 -22 -23 -24 -25 25 -27 -28 -29 -30 -31
leaf_value=0.0022621075109946387 -0.1135461637665998 0.0050835321640857797 5.6315009868371266 0.031521988473550533 0.75425447293419845 -0.068415725103127212 -0.049784311195801026 -0.019430212233298799 0.32821890031899831 -0.035339759171687482 0.0029245342389203452 -0.24001813847526884 0.045471810749319191 -0.024725186155110896 -0.21135682949855958 -0.019459377997939335 -0.062871982670233376 0.7684877934468155 -0.087677182798286277 -0.0061980218901227426 1.6259845462843612 -0.064614423313323885 -1.7952271956080594e-05 -0.00012106136850769934 -0.018114117183822425 0.050775650602166295 0.36506314171521725 -1.3230637133900533e-05 -0.0039105992981380081 0.00038107434485007977
leaf_weight=176 20 20 20 40 87 26 20 20 45 20 30 37 21 22 20 36 30 127 21 26 118 28 37 35 35 25 109 32 29 629
leaf_count=176 20 20 20 40 87 26 20 20 45 20 30 37 21 22 20 36 30 127 21 26 118 28 37 35 35 25 109 32 29 629
internal_value=9.42814e-05 -0.00113069 -0.006 -0.000892289 -0.00256561 -0.00654545 -0.0106957 -0.000271812 -0.000982869 -0.00347059 -0.00561111 -0.00776923 -0.00285366 -0.002 6.76693e-05 0.000229299 -0.00227473 0.00125112 0.000540984 0.00114159 0.00106273 0.000857143 0.00108102 0.00126859 0.00203743 1.11759e-10 0.00230233 0.00140647 0.00152518 0.00162112
internal_weight=1941 857 40 817 221 88 46 596 467 153 108 78 41 42 133 314 91 223 61 113 1084 966 938 901 187 60 129 866 834 805
internal_count=1941 857 40 817 221 88 46 596 467 153 108 78 41 42 133 314 91 223 61 113 1084 966 938 901 187 60 129 866 834 805
is_linear=0
shrinkage=0.03


Tree=218
num_leaves=31
num_cat=0
split_feature=54 10 41 34 9 6 17 1 44 6 23 14 40 37 37 5 42 47 21 9 44 39 2 41 17 46 46 57 35 36
split_gain=3.32674 1.62055 0.955372 0.8929 0.806095 1.54906 1.45405 1.7145 1.21011 0.724767 2.69721 0.841167 1.01123 0.675247 1.85143 0.670701 0.668735 0.751452 0.625 0.611398 0.558461 0.508285 0.45178 0.47194 1.19534 0.479406 0.924053 0.416497 0.406161 0.3806
threshold=51.300000000000004 -0.9103761370219875 248.55869741980896 432.15714285000007 141.50000000000003 18.500000000000004 55.500000000000007 5081.9285715000015 31.950000000000003 26.500000000000004 199.50000000000003 27.550000000000004 759.95070683750009 150.99375000000003 64.175000000000011 37.500000000000007 -83.294642849999988 1.0000000180025095e-35 760.50000000000011 157.50000000000003 29.850000000000005 1017.3111606750001 8678.5000000000018 91.300082452083004 98.500000000000014 25.350000000000005 24.750000000000004 274.50000000000006 211.71250000000003 954.77142860000015
decision_type=2 2 2 2 2 2 2 2 2 2 2 2 2 2 2 2 2 2 2 2 2 2 2 2 2 2 2 2 2 2
left_child=19 2 -2 -4 5 6 -3 -8 -7 11 15 -6 -13 14 20 21 -14 -18 -17 22 -5 27 23 24 28 26 -26 -11 29 -1
right_child=1 4 3 13 9 8 7 -9 -10 10 -12 12 16 -15 -16 18 17 -19 -20 -21 -22 -23 -24 -25 25 -27 -28 -29 -30 -31
leaf_value=0.00084353418543672983 -0.088614725325386182 2.5035442049776973 -0.037199380811362523 -0.032787712891771403 -0.031049416669687042 -0.033646164173121544 0.048531016518399847 -0.1815311359366131 -0.037168286805991324 -0.0063927302100288946 -0.1302439328408766 3.3569849010642585 0.16900468024248569 0.0026312140628560105 -0.019513530673929993 0.043577982342002171 0.8317273771424073 -0.26928940737189078 -0.032704968112282587 -1.74787533763479e-05 0.0095548924225432996 -0.021139443194130417 -0.00011742952745246836 0.0022982527024831929 -0.00014566346770840014 0.0014055147773208284 -0.0001521531357221475 0.019754581220001278 -0.00011288133476978155 0.00045538665534740921
leaf_weight=373 24 72 20 24 30 38 20 22 23 25 20 177 45 68 20 20 20 38 20 29 26 24 35 407 47 22 28 81 21 122
leaf_count=373 24 72 20 24 30 38 20 22 23 25 20 177 45 68 20 20 20 38 20 29 26 24 35 407 47 22 28 81 21 122
internal_value=-1.39102e-05 -0.00141073 -0.00392308 -0.00307595 -0.000733333 -0.00248571 -0.000421053 -0.00485714 -0.00634426 -0.00012 -0.00157895 0.000774194 0.00128571 -0.00221739 -0.00428571 -0.000352941 -0.00107767 -0.0032069 -0.00375 0.00109041 -0.0012 0.000692308 0.00120853 0.00132353 0.000797716 -0.00225773 -0.0034 0.00158491 0.00137209 0.00154545
internal_weight=1941 857 182 158 675 175 114 42 61 500 190 310 280 138 70 170 103 58 40 1084 50 130 1055 1020 613 97 75 106 516 495
internal_count=1941 857 182 158 675 175 114 42 61 500 190 310 280 138 70 170 103 58 40 1084 50 130 1055 1020 613 97 75 106 516 495
is_linear=0
shrinkage=0.03


Tree=219
num_leaves=31
num_cat=0
split_feature=54 10 28 41 34 3 37 37 28 43 8 32 50 6 15 58 1 32 3 9 26 3 1 2 3 41 50 23 16 36
split_gain=3.1431 1.71213 0.972769 0.955372 0.8929 0.788379 0.675247 1.85143 0.668874 1.18671 0.942502 1.2974 1.27286 1.04862 1.24444 0.676858 0.648037 0.996377 0.962215 0.611398 0.558461 0.554994 0.535812 0.45178 0.379957 0.408594 0.839112 0.575832 0.358042 0.394343
threshold=51.300000000000004 -0.9103761370219875 1003.85 248.55869741980896 432.15714285000007 7312872.9285000013 150.99375000000003 64.175000000000011 1008.0500000000001 31.913392849999955 2.5000000000000004 766.22410715000012 4.5000000000000009 27.500000000000004 56.500000000000007 1007.5500000000001 7777.0714285000004 123.93750000000001 6535156.0000000009 157.50000000000003 15.15 6345689.8305000011 3506.0000000000005 8678.5000000000018 6381406.0000000009 85.556105629106582 22.500000000000004 4.5000000000000009 25.750000000000004 650.49285710000015
decision_type=2 2 2 2 2 2 2 2 2 2 2 2 2 2 2 2 2 2 2 2 2 2 2 2 2 2 2 2 2 2
left_child=19 3 -3 -2 -5 8 7 20 9 15 11 12 -11 16 -15 -4 17 -12 -19 23 -6 -8 -10 24 -1 26 -26 28 29 -28
right_child=1 2 5 4 6 -7 21 -9 22 10 13 -13 -14 14 -16 -17 -18 18 -20 -21 -22 -23 -24 -25 25 -27 27 -29 -30 -31
leaf_value=0.00096610339734579738 -0.085956283565624625 -0.025293171705737607 0.019206801713600587 -0.036083399387021757 -0.065628533391902721 -0.04658347811291301 -0.015964178779150857 -0.018928124753712094 -0.10231349246876947 -0.032636779669969695 0.77489463457216678 -0.11411585974824014 0.077477154080930019 0.080235494670782392 -0.1696037005492339 -0.034777504094734395 3.2679189347904782 -0.30806515201406309 0.30557752626645923 -1.6954390775057462e-05 0.0079633464659822333 0.030170218600285161 0.91172919445034561 -0.00011390664162889431 0.00043353408265198797 0.0018115436689178212 4.8940771911923719e-05 -0.014889077587623298 0.0015694384736171139 -0.00010084436904858177
leaf_weight=405 24 21 185 20 24 29 21 20 20 28 25 21 22 20 36 21 77 23 21 29 26 47 126 35 183 278 57 24 20 53
leaf_count=405 24 21 185 20 24 29 21 20 20 28 25 21 22 20 36 21 77 23 21 29 26 47 126 35 183 278 57 24 20 53
internal_value=1.70017e-05 -0.00134072 -0.000644444 -0.00392308 -0.00307595 -0.000440367 -0.00221739 -0.00428571 -0.000216 -0.000757829 -0.00205494 -0.00502817 -0.0024 -0.0010099 -0.0045 0.000961165 0.000328767 -0.00178261 -0.0045 0.00109041 -0.0012 -8.82352e-05 0.00156164 0.00120853 0.00132353 0.000853659 0.000151335 -0.00148052 -0.000692308 -0.00136364
internal_weight=1941 857 675 182 158 654 138 70 625 479 273 71 50 202 56 206 146 69 44 1084 50 68 146 1055 1020 615 337 154 130 110
internal_count=1941 857 675 182 158 654 138 70 625 479 273 71 50 202 56 206 146 69 44 1084 50 68 146 1055 1020 615 337 154 130 110
is_linear=0
shrinkage=0.03


Tree=220
num_leaves=31
num_cat=0
split_feature=54 10 41 34 46 8 1 51 53 21 24 23 54 3 54 9 40 46 30 3 2 21 1 3 36 11 57 21 42 34
split_gain=3.26849 1.5443 1.01268 0.951055 0.910927 1.93979 2.14738 1.92121 1.38225 1.13445 0.853333 0.717817 0.755462 0.694444 0.815217 0.635251 0.50989 0.569693 0.842977 0.48 0.475073 0.456137 1.02984 0.433838 0.310363 0.497825 0.821906 0.293756 0.503213 0.378951
threshold=51.300000000000004 -0.9103761370219875 248.55869741980896 432.15714285000007 23.750000000000004 2.5000000000000004 5954.3125000000009 735.50000000000011 215.50000000000003 268.50000000000006 218.50000000000003 72.000000000000014 331.00000000000006 6335789.0625000009 530.85000000000002 157.50000000000003 799.4922246875002 22.950000000000003 822.28571425000007 6372175.5000000009 8678.5000000000018 857.00000000000011 10812.785715000002 6266552.3570000008 983.18571425000016 0.97335555334614954 252.50000000000003 92.500000000000014 47.892857169999992 530.72857140000008
decision_type=2 2 2 2 2 2 2 2 2 2 2 2 2 2 2 2 2 2 2 2 2 2 2 2 2 2 2 2 2 2
left_child=15 2 -2 -4 5 6 -3 -8 16 10 19 -5 -13 -14 -15 20 -7 -18 -19 -6 24 23 -23 -11 25 27 -27 28 29 -1
right_child=1 4 3 11 9 8 7 -9 -10 21 -12 12 13 14 -16 -17 17 18 -20 -21 -22 22 -24 -25 -26 26 -28 -29 -30 -31
leaf_value=0.00089497168232712421 -0.083377595058655968 0.0088140847430795127 -0.035000897405411027 -0.024731468808164132 0.30114762934535544 1.5827470652552473 -0.038060862116534241 -0.027542359438947298 -0.10085460709310559 -0.17646165438474307 -0.10813810340522251 0.013650986046983398 -0.021058048186567726 -0.048792160889568205 0.069646521705911374 -1.6445759051805737e-05 2.9128184604036766 0.018005672210391548 -0.061023483808412333 -0.1586635236904107 -0.00011048944238002747 -0.15490662689105997 0.49288583430983435 0.19313037936328048 0.00039763017058097361 -0.00034822984864600994 0.0015300491416426522 2.2887575205929096 -0.045116079077291711 -0.048522695376617797
leaf_weight=644 24 30 20 25 20 76 27 34 20 21 30 41 24 23 25 29 22 26 20 30 35 22 30 267 160 24 37 90 25 40
leaf_count=644 24 30 20 25 20 76 27 34 20 21 30 41 24 23 25 29 22 26 20 30 35 22 30 267 160 24 37 90 25 40
internal_value=7.88255e-05 -0.00130572 -0.00375824 -0.00288608 -0.000644444 -0.00205882 -0.00557143 -0.00880328 -0.000109756 0.000214286 -0.003 -0.002 -0.000982301 -0.00283333 -0.00075 0.00117343 0.000916667 -0.000970588 -0.00286957 -0.0006 0.00129384 0.000970588 -0.00161538 0.0014375 0.00141176 0.00118605 -0.00142623 0.00138548 0.00118054 0.00133333
internal_weight=1941 857 182 158 675 255 91 61 164 420 80 138 113 72 48 1084 144 68 46 50 1055 340 52 288 1020 860 61 799 709 684
internal_count=1941 857 182 158 675 255 91 61 164 420 80 138 113 72 48 1084 144 68 46 50 1055 340 52 288 1020 860 61 799 709 684
is_linear=0
shrinkage=0.03


Tree=221
num_leaves=31
num_cat=0
split_feature=54 10 41 34 8 58 8 53 27 51 12 32 32 3 12 37 37 17 37 3 2 3 17 31 6 41 17 26 26 6
split_gain=2.91381 1.34369 1.07166 1.01104 0.897888 1.44409 1.533 1.61333 1.20144 0.942917 1.1489 0.663397 0.81277 1.55726 0.59575 0.548441 0.541103 0.825601 0.753463 0.638291 0.436577 0.38912 0.621948 0.53386 0.989622 0.372253 1.19534 0.773865 0.8293 0.493584
threshold=51.300000000000004 -0.9103761370219875 248.55869741980896 432.15714285000007 2.5000000000000004 1005.5500000000001 1.5000000000000002 178.50000000000003 287.50000000000006 268.50000000000006 0.53946920585801694 1029.6071430000002 1211.8696430000002 6619421.0000000009 0.41886391893847991 298.25357145000004 134.06339285000004 3.5000000000000004 35.407142855000011 6335789.0625000009 8678.5000000000018 6422269.8570000008 60.500000000000007 751.50892855000018 27.500000000000004 91.300082452083004 98.500000000000014 3.8500000000000001 4.7500000000000009 29.500000000000004
decision_type=2 2 2 2 2 2 2 2 2 2 2 2 2 2 2 2 2 2 2 2 2 2 2 2 2 2 2 2 2 2
left_child=14 2 -2 -4 5 8 15 -8 -3 10 -6 21 13 -13 -1 -7 17 -5 -19 -18 25 22 23 -11 -25 26 29 -28 -29 -16
right_child=1 4 3 16 9 6 7 -9 -10 11 -12 12 -14 -15 20 -17 19 18 -20 -21 -22 -23 -24 24 -26 -27 27 28 -30 -31
leaf_value=-1.5952386280251566e-05 -0.080876267206896335 -0.007655433822240142 -0.033950870483248713 0.0077536904333904621 -0.093791980375932657 -0.080460685085849734 -0.0060723545633967401 -0.080621890577763117 -0.14162136034932529 2.5048377916771116 0.15885459423379916 0.020762902594966576 0.091418059364271678 -0.25677670901538041 0.000749890205745275 0.39682659305323992 -0.015783214507525224 -0.021224385036645154 -0.027001457988803299 0.026576166592301595 -0.00010717475910862665 0.43923531968635915 -0.1850343863435405 3.3494064230150449 -0.12423946896005274 0.002148109660871349 0.00089413666586946299 -0.00048354900764175312 -7.3003672052139381e-05 -0.0001329576381999409
leaf_weight=29 24 27 20 25 32 24 30 20 22 73 36 38 34 20 449 100 20 22 20 51 35 113 20 48 38 407 20 24 53 67
leaf_count=29 24 27 20 25 32 24 30 20 22 73 36 38 34 20 449 100 20 22 20 51 35 113 20 48 38 407 20 24 53 67
internal_value=1.54571e-06 -0.00130572 -0.00359341 -0.0026962 -0.000688889 -0.00224664 -0.000965517 -0.0054 -0.00679592 7.96461e-05 -0.00317647 0.00065625 -0.00156522 -0.00372414 0.00103506 0.000822581 -0.00178261 -0.00371642 -0.00628571 4.22536e-05 0.00115166 0.00135616 0.000486034 0.00111321 -0.000488372 0.00126471 0.000797716 -0.00225773 -0.00362338 0.00137209
internal_weight=1941 857 182 158 675 223 174 50 49 452 68 384 92 58 1084 124 138 67 42 71 1055 292 179 159 86 1020 613 97 77 516
internal_count=1941 857 182 158 675 223 174 50 49 452 68 384 92 58 1084 124 138 67 42 71 1055 292 179 159 86 1020 613 97 77 516
is_linear=0
shrinkage=0.03


Tree=222
num_leaves=31
num_cat=0
split_feature=54 10 2 34 48 17 37 27 18 24 23 32 9 6 33 9 37 15 21 42 28 36 2 41 42 19 6 44 18 14
split_gain=3.07195 1.01476 1.35023 0.987429 1.01431 1.15481 2.24137 1.27347 0.853982 3.01099 1.6 1.02257 0.975238 0.755106 0.719837 0.603549 0.538483 0.493032 0.921951 0.456235 0.612813 0.366146 0.443012 0.482292 1.34064 0.712483 0.422409 0.521783 0.447613 0.396429
threshold=51.300000000000004 -0.32143946530316159 4682.7410715000015 429.34642855000004 1.0000000180025095e-35 18.500000000000004 75.516071430000011 207.50000000000003 10.500000000000002 589.20000000000016 198.50000000000003 242.59285715000001 149.50000000000003 19.500000000000004 421.1107143000001 157.50000000000003 1007.7687500000001 62.500000000000007 625.00000000000011 -7.6642856949999958 1005.5500000000001 983.18571425000016 8780.7857145000016 85.556105629106582 34.040178570000009 98.500000000000014 29.500000000000004 28.450000000000003 70.000000000000014 29.050000000000004
decision_type=2 2 2 2 2 2 2 2 2 2 2 2 2 2 2 2 2 2 2 2 2 2 2 2 2 2 2 2 2 2
left_child=15 2 -2 -4 14 6 -6 -7 -3 11 -11 12 13 -10 -5 21 19 18 -13 -16 -21 22 23 24 25 26 28 -28 -1 -23
right_child=1 8 3 4 5 7 -8 -9 9 10 -12 17 -14 -15 16 -17 -18 -19 -20 20 -22 29 -24 -25 -26 -27 27 -29 -30 -31
leaf_value=0.00070692449679158091 -0.28081894051396289 0.074608775206190664 -0.030955735820442344 -0.020737627143851765 0.0064650031251969782 -0.10216712563026571 -0.054498385420418766 0.013960596091901725 -0.049679853765061961 -0.0035405224655542457 -0.078203233860430321 -0.10730036311991288 -0.086305734122777922 0.028850425135894732 0.012735875355298147 -1.5473814691844022e-05 -0.025151110181039407 3.1149805602334393 4.6167418939981371 0.017826036707591315 -0.04084794784639547 0.00040685284236299606 -0.0016858983056374087 0.002194453057363929 -0.065361937089029126 -2.8760635745548618e-05 0.005692263968411773 -0.00031483883642818437 -0.00064357942640319739 -1.9445121490929903e-05
leaf_weight=348 21 164 25 32 24 25 38 48 28 20 20 20 30 47 116 29 21 111 21 24 22 148 25 387 21 32 22 23 29 20
leaf_count=348 21 164 25 32 24 25 38 48 28 20 20 20 30 47 116 29 21 111 21 24 22 148 25 387 21 32 22 23 29 20
internal_value=1.54571e-06 -0.00134072 -0.00245455 -0.00204 -0.00162857 -0.00366667 -0.00667742 -0.00110959 -0.000383948 -0.00134343 -0.009 -0.000151751 -0.00242857 -0.0006 -0.000348837 0.00106273 0.000377049 0.00142105 -0.00139024 0.000962963 -0.00156522 0.00118009 0.000936866 0.00105104 0.000410526 0.000753304 0.00108057 -0.00166667 0.00140849 0.00246429
internal_weight=1941 857 396 375 350 135 62 73 461 297 40 257 105 75 215 1084 183 152 41 162 46 1055 887 862 475 454 422 45 377 168
internal_count=1941 857 396 375 350 135 62 73 461 297 40 257 105 75 215 1084 183 152 41 162 46 1055 887 862 475 454 422 45 377 168
is_linear=0
shrinkage=0.03


Tree=223
num_leaves=31
num_cat=0
split_feature=54 28 14 19 6 3 41 22 44 47 46 6 43 47 57 37 26 6 22 42 6 35 9 41 57 27 4 15 3 34
split_gain=3.31163 1.30259 1.39161 1.72077 4.49766 1.42779 1.544 1.43723 1.25751 1.18709 1.67245 1.0582 1.3932 1.39342 0.827414 1.16863 0.709917 1.86667 0.691766 1.92857 0.670871 0.75013 0.580304 0.562636 0.382914 0.713576 0.759104 0.948887 0.542636 0.367933
threshold=51.300000000000004 1008.0500000000001 32.45000000000001 1.5000000000000002 19.500000000000004 6332731.2855000012 201.54060052432433 31.000000000000004 31.250000000000004 40.500000000000007 23.350000000000005 24.500000000000004 -254.28303560000003 3.5000000000000004 289.50000000000006 499.42767855000005 14.050000000000002 26.500000000000004 727.00000000000011 -28.727678599999987 21.500000000000004 907.54285715000015 157.50000000000003 218.88535465283988 47.500000000000007 229.00000000000003 8.5000000000000018 87.500000000000014 6683015.9645000007 530.72857140000008
decision_type=2 2 2 2 2 2 2 2 2 2 2 2 2 2 2 2 2 2 2 2 2 2 2 2 2 2 2 2 2 2
left_child=22 2 3 4 -2 6 -5 -7 -8 10 -6 -12 -13 -14 15 -4 -3 -18 19 -17 23 -22 24 -9 -1 26 27 -26 -28 -27
right_child=1 16 14 5 9 7 8 20 -10 -11 11 12 13 -15 -16 18 17 -19 -20 -21 21 -23 -24 -25 25 29 28 -29 -30 -31
leaf_value=0.0048811241978573405 -0.083417045618637942 1.6391064154261568 0.10325947976292134 0.020169832623902751 -0.10935472699761575 -0.033440000385624037 -0.0088748585311186259 -0.098717941975613524 -0.2472744534826945 4.0876546030541334 0.032047536921821849 0.002674067218161387 -0.010195728192899109 -0.074181645170088392 2.6499244404614046 6.0742182609440084e-05 1.0133605898531539 -0.088989449978592275 -0.01488308684699711 -0.12945583364698107 -0.041562350470122404 0.0099461341740841765 -1.5009600251088702e-05 0.051640785018720881 -0.015745045863121903 0.00044501816262563349 0.0022321393247916282 6.9491564649504065e-06 -0.00023502282932472639 -0.0047216693193037687
leaf_weight=114 38 103 46 24 20 28 28 41 37 26 24 35 29 20 74 21 28 20 34 21 22 28 29 110 39 719 56 57 30 40
leaf_count=114 38 103 46 24 20 28 28 41 37 26 24 35 29 20 74 21 28 20 34 21 22 28 29 110 39 719 56 57 30 40
internal_value=-0.000122102 -0.00151575 -0.00205666 -0.00288235 -0.005125 -0.0015283 -0.00475281 -0.000275109 -0.00715385 -0.00284416 -0.00403125 -0.00255556 -0.00414286 -0.00740816 9.18368e-05 -0.00142623 0.00101325 -0.002 -0.00371053 -0.00628571 0.00061194 -0.0024 0.000979705 0.00160927 0.00109479 0.000895856 -0.000791209 -0.002625 0.00125581 0.0013004
internal_weight=1941 857 706 510 192 318 89 229 65 154 128 108 84 49 196 122 151 48 76 42 201 50 1084 151 1055 941 182 96 86 759
internal_count=1941 857 706 510 192 318 89 229 65 154 128 108 84 49 196 122 151 48 76 42 201 50 1084 151 1055 941 182 96 86 759
is_linear=0
shrinkage=0.03


Tree=224
num_leaves=31
num_cat=0
split_feature=54 23 8 6 41 12 32 41 14 45 36 44 10 3 31 33 31 12 39 1 57 57 40 8 47 17 36 36 3 10
split_gain=3.66858 1.23312 1.59329 1.95794 3.00357 1.84611 1.96512 1.35016 1.21116 1.05859 1.37946 1.08933 1.38433 1.30763 0.79017 0.661033 0.634221 0.62725 0.564587 0.401111 0.307475 0.467387 0.809614 0.339544 0.393661 0.889412 0.458558 1.73571 0.390887 0.365403
threshold=51.300000000000004 147.00000000000003 3.5000000000000004 26.500000000000004 337.32860797504355 0.66285048286959747 766.22410715000012 232.23546690007882 27.750000000000004 69.500000000000014 12.312500000000002 30.950000000000003 -0.98611507088852035 6332731.2855000012 76.194642855000012 1141.1357145000002 620.29910715000017 0.41886391893847991 109.53147321975003 2676.3571430000006 47.500000000000007 70.000000000000014 39.526227678520819 3.5000000000000004 12.500000000000002 17.500000000000004 598.20000000000016 429.34642855000004 7222786.7145000007 0.93540483100319627
decision_type=2 2 2 2 2 2 2 2 2 2 2 2 2 2 2 2 2 2 2 2 2 2 2 2 2 2 2 2 2 2
left_child=17 8 3 5 -5 7 -7 -3 -2 11 18 12 -10 -13 -12 -4 -15 -1 19 -11 -19 22 -22 29 -25 -26 27 -27 -28 -23
right_child=1 2 15 4 -6 6 -8 -9 9 10 14 13 -14 16 -16 -17 -18 20 -20 -21 21 23 -24 24 25 26 28 -29 -30 -31
leaf_value=-1.4559312243556039e-05 -0.08062998854299494 -0.02037166176468615 1.8043297149131758 -0.015286888710152373 -0.10799602885405236 -0.0047393518351444616 -0.10141521496327703 0.13229898238452284 -0.012396582711544559 -0.12038231786981697 -0.018313958372807262 -0.089363150401508482 -0.067093082584129451 0.026992240332711144 -0.084203171142284414 -0.093151813362757255 -0.14872694913421131 0.0047346904719216204 0.021108149253242645 0.022466113489108049 -0.011714743113734334 0.0010478650833333069 0.0023536826641219239 0.0011107936321829333 -0.00035726618157595042 0.0036161305680168579 0.00019965889113104598 -0.040104515636139308 -2.3467012081859619e-05 -0.0012685714790755841
leaf_weight=29 21 32 218 36 20 36 21 114 23 25 33 28 30 41 26 38 21 114 74 20 31 448 20 87 25 64 148 20 23 75
leaf_count=29 21 32 218 36 20 36 21 114 23 25 33 28 30 41 26 38 21 114 74 20 31 448 20 87 25 64 148 20 23 75
internal_value=-1.39102e-05 -0.00148075 -0.000553398 -0.00221236 -0.00717857 -0.000842364 -0.00542105 0.000945206 -0.00287719 -0.00242056 -0.000876404 -0.00434266 -0.00775472 -0.00233333 -0.00462712 0.001125 9.67743e-05 0.00114576 0.000983193 -0.00166667 0.0012654 0.00108714 -0.00170588 0.00124719 0.000547684 1.11759e-10 0.000529412 -0.00128571 0.00142105 0.00173805
internal_weight=1941 857 515 259 56 203 57 146 342 321 178 143 53 90 59 256 62 1084 119 45 1055 941 51 890 367 280 255 84 171 523
internal_count=1941 857 515 259 56 203 57 146 342 321 178 143 53 90 59 256 62 1084 119 45 1055 941 51 890 367 280 255 84 171 523
is_linear=0
shrinkage=0.03


Tree=225
num_leaves=31
num_cat=0
split_feature=54 28 56 18 56 18 34 34 50 44 54 47 43 19 30 9 27 26 53 10 30 8 35 34 56 56 24 54 5 5
split_gain=3.57315 1.23761 1.67272 1.35264 1.00964 1.44857 1.8495 1.07478 1.55342 1.4977 2.16267 2.25678 1.04143 1.19688 0.998755 0.635724 0.59553 1.56026 0.437011 0.422562 0.886689 0.411659 0.670337 0.750183 0.456484 0.597746 0.391778 1.26725 0.367647 0.355776
threshold=138.85000000000002 1008.0500000000001 18.150000000000002 68.000000000000014 15.950000000000001 1.0000000180025095e-35 775.09464285000013 509.62857145000004 1.0000000180025095e-35 29.750000000000004 485.05000000000001 40.500000000000007 37.272321550000107 1.0000000180025095e-35 987.0571428500001 157.50000000000003 286.50000000000006 13.350000000000003 77.500000000000014 0.93540483100319627 71.721428570000015 3.5000000000000004 989.91250000000014 506.94375000000008 5.2500000000000009 6.3500000000000005 631.10000000000014 684.50000000000011 22.500000000000004 1.0000000180025095e-35
decision_type=2 2 2 2 2 2 2 2 2 2 2 2 2 2 2 2 2 2 2 2 2 2 2 2 2 2 2 2 2 2
left_child=15 2 3 4 7 6 -6 8 9 -2 11 -11 13 -7 26 19 -3 -18 -9 21 29 22 -1 -24 -23 -26 -4 -28 -8 -21
right_child=1 16 14 -5 5 12 28 18 -10 10 -12 -13 -14 -15 -16 -17 17 -19 -20 20 -22 24 23 -25 25 -27 27 -29 -30 -31
leaf_value=0.0011194977492846245 0.025992728179977859 3.0898745685905191 0.017839913787363385 -0.090911843031836581 -0.034132582560745146 -0.0078065997161163468 0.0067715149165752794 -0.029041886447090937 0.074006504830123152 -0.1562604461883346 -0.0095587696548785073 -0.14573714819730757 -0.088353074423729486 -0.07844359783980194 -0.074163176481291268 -1.4122532876249358e-05 1.6842298226485861 -0.07984798258491263 0.017712475294311161 -0.00050455359956419607 -0.058568399944789379 0.00036242627408502795 0.0022285739847507651 -0.04790517852494431 -0.0041642489429755333 0.00013770185076965232 -0.058135056801287978 0.55373854554112756 -0.0027159120131755414 0.0027010769841997349
leaf_weight=546 24 86 98 26 37 28 34 21 38 21 39 23 20 22 37 29 42 23 74 37 20 62 39 21 31 231 28 50 34 120
leaf_count=546 24 86 98 26 37 28 34 21 38 21 39 23 20 22 37 29 42 23 74 37 20 62 39 21 31 231 28 50 34 120
internal_value=9.42814e-05 -0.00143478 -0.002 -0.00305442 -0.00263855 -0.00437143 -0.00214286 -0.001375 -0.003 -0.00485047 -0.00675904 -0.0113182 -0.00771429 -0.0054 0.000183099 0.00117782 0.00101325 -0.00115385 0.00110526 0.00129268 -5.08473e-05 0.00154839 0.0020099 -0.001 0.000685185 0.000137405 0.001125 -0.000461538 0.000794118 0.000707006
internal_weight=1941 805 654 441 415 175 105 240 145 107 83 44 70 50 213 1136 151 65 95 1107 177 930 606 60 324 262 176 78 68 157
internal_count=1941 805 654 441 415 175 105 240 145 107 83 44 70 50 213 1136 151 65 95 1107 177 930 606 60 324 262 176 78 68 157
is_linear=0
shrinkage=0.03


Tree=226
num_leaves=31
num_cat=0
split_feature=52 28 2 37 56 53 47 43 9 32 33 45 11 3 31 10 31 9 49 19 26 32 3 58 16 56 59 56 56 6
split_gain=2.57149 1.39853 2.03091 1.49269 1.71984 1.65155 1.34981 1.31041 1.2899 1.26074 1.067 0.865313 1.0077 0.675948 0.997463 0.624581 1.21449 0.696977 0.693202 1.27059 0.539112 0.981818 0.520764 0.506033 0.415862 0.383445 0.351086 0.307104 0.305501 0.287914
threshold=66.500000000000014 1008.0500000000001 591.78571430000011 8.6303571430000012 18.150000000000002 235.50000000000003 1.0000000180025095e-35 -338.26249999999993 148.50000000000003 327.22857140000002 703.81875000000014 62.500000000000007 -0.95642797789208678 6302351.5625000009 658.6196428500001 0.93540483100319627 88.262500000000003 155.50000000000003 23.500000000000004 31.500000000000004 14.450000000000001 971.00000000000011 6328993.3125000009 1007.7500000000001 24.350000000000005 5.2500000000000009 0.35000000000000003 5.2500000000000009 16.950000000000003 28.500000000000004
decision_type=2 2 2 2 2 2 2 2 2 2 2 2 2 2 2 2 2 2 2 2 2 2 2 2 2 2 2 2 2 2
left_child=15 2 -2 -4 5 6 28 -8 9 -9 -10 12 -11 14 -6 17 23 25 -19 -20 -3 -22 -13 24 -17 -1 -21 -26 -5 -27
right_child=1 20 3 4 13 -7 7 8 10 11 -12 22 -14 -15 -16 16 -18 18 19 26 21 -23 -24 -25 27 29 -28 -29 -30 -31
leaf_value=0.00082385309530614225 -0.07839409106033747 3.4995865215122097 0.039304729008204482 0.0050960216133025971 0.0028033629849879755 1.6223130184425143 0.0049750241167710735 -0.027962434658092429 -0.10526495760466807 -0.00011998321691295124 -0.050405554041663789 -0.11732750687384851 -0.075430033237433095 0.014991281126235186 -0.053113863369134831 -0.011334660039377447 -0.10414848642515963 0.0011197431996153426 -0.0005487512078277113 0.00018149135788148127 -0.067830260343778398 0.26601474844299855 0.029841967024066586 -0.094646725561788131 0.00025584326848339796 0.00096830017435609809 -0.00041395172115741153 0.011269668379863158 -0.023114972895584899 -3.1322798885942421e-05
leaf_weight=150 32 85 73 30 29 41 33 27 30 21 28 27 25 150 23 35 20 31 29 36 20 24 31 21 56 607 21 85 28 93
leaf_count=150 32 85 73 30 29 41 33 27 30 21 28 27 25 150 23 35 20 31 29 36 20 24 31 21 56 607 21 85 28 93
internal_value=0.000125193 -0.00124042 -0.00182484 -0.00142953 -0.00199044 -0.00335514 -0.00417857 -0.00524324 -0.00620635 -0.00455725 -0.00993103 -0.00305769 -0.00613043 0.000178218 -0.00276923 0.000998311 -0.000456221 0.00132472 -0.000846154 -0.00223256 0.00160465 -0.00109091 -0.00062069 0.000258883 0.000784091 0.00162353 0.000368421 0.00151064 -0.000103448 0.00132857
internal_weight=1941 757 628 596 523 321 280 222 189 131 58 104 46 202 52 1184 217 967 117 86 129 44 58 197 176 850 57 141 58 700
internal_count=1941 757 628 596 523 321 280 222 189 131 58 104 46 202 52 1184 217 967 117 86 129 44 58 197 176 850 57 141 58 700
is_linear=0
shrinkage=0.03


Tree=227
num_leaves=31
num_cat=0
split_feature=54 57 57 57 8 6 23 58 1 43 33 38 40 33 15 51 26 1 46 37 14 10 43 8 35 34 47 17 16 47
split_gain=2.85706 0.901264 0.752556 1.77479 2.46136 1.10238 1.89121 0.773617 0.703544 1.25909 1.6 0.83538 0.745681 0.63244 0.555785 1.32514 0.610082 0.657983 0.741394 0.620713 0.976135 0.442317 1.32294 0.417872 0.605817 0.750183 0.400888 0.882146 0.37357 1.02768
threshold=138.85000000000002 180.00000000000003 309.50000000000006 303.50000000000006 4.5000000000000009 26.500000000000004 198.50000000000003 1008.1500000000002 3988.4107145000003 -254.28303560000003 287.46428570000006 722.07410713750016 659.32626489020845 36.746428570000006 57.500000000000007 857.00000000000011 9.3500000000000032 431.93750000000006 24.050000000000004 257.67857145000005 31.550000000000004 0.93540483100319627 74.531250000000014 3.5000000000000004 989.91250000000014 506.94375000000008 12.500000000000002 17.500000000000004 25.250000000000004 49.500000000000007
decision_type=2 2 2 2 2 2 2 2 2 2 2 2 2 2 2 2 2 2 2 2 2 2 2 2 2 2 2 2 2 2
left_child=21 -2 3 5 -5 7 8 14 9 -7 -11 -10 -13 -4 -3 16 -16 -18 19 -19 -21 23 -23 24 -1 -26 -25 -28 29 -29
right_child=1 2 13 4 -6 6 -8 -9 11 10 -12 12 -14 -15 15 -17 17 18 -20 20 -22 22 -24 26 25 -27 27 28 -30 -31
leaf_value=0.0010795899934653965 -0.10120207078060212 0.099674403072998422 -0.050902475401013926 -0.14892415995237654 -0.0014488124045869517 0.0072727760997864949 -0.088304742672380962 2.7504893096380618 0.012180179336675536 -0.02695779006035184 -0.050674880478028032 -0.048093376701046325 -0.015033887235292864 1.1176298087804828 -0.14815171651979939 -0.06612227018488652 -0.019494109672676816 0.0057071860421486079 0.080936434596926066 -0.1069162073969698 -0.00011638377878306314 0.0021307517801983479 -0.064749613131166145 0.0010433264346411141 0.0021326677599775592 -0.046497072174426668 -0.00033314958161055917 -0.004591896383755221 0.00013451046467473376 3.4229120899072194e-05
leaf_weight=546 20 34 28 20 24 21 24 60 52 20 20 20 43 68 22 39 35 36 132 26 61 167 20 87 39 21 25 27 151 53
leaf_count=546 20 34 28 20 24 21 24 60 52 20 20 20 43 68 22 39 35 36 132 26 61 167 20 87 39 21 25 27 151 53
internal_value=0.000156105 -0.00121118 -0.00105096 -0.00139768 -0.00722727 -0.001 -0.00285 -0.000168539 -0.00177273 -0.00437705 -0.0075 -0.000391304 -0.00271429 0.0014375 -0.000662338 -0.00101709 -0.000365384 1.11759e-10 0.000529412 -0.00114634 -0.00251724 0.001125 -0.000208556 0.00138778 0.00186139 -0.001 0.000551021 -4.68749e-05 0.000532468 -0.001125
internal_weight=1941 805 785 689 44 645 200 445 176 61 40 115 63 96 385 351 312 290 255 123 87 1136 187 949 606 60 343 256 231 80
internal_count=1941 805 785 689 44 645 200 445 176 61 40 115 63 96 385 351 312 290 255 123 87 1136 187 949 606 60 343 256 231 80
is_linear=0
shrinkage=0.03


Tree=228
num_leaves=31
num_cat=0
split_feature=54 19 8 10 27 8 58 6 57 39 14 35 10 3 30 2 55 14 33 10 42 56 8 56 36 5 49 20 5 18
split_gain=2.93363 0.922754 1.05192 1.15416 1.0308 3.90348 1.1198 1.31637 2.17594 1.03901 0.990536 0.825529 0.593939 0.491068 0.487918 0.510719 0.481996 0.624026 0.339528 0.311067 0.650815 0.452577 0.432627 0.555808 0.699181 0.502811 0.401519 1.80254 0.309247 0.9
threshold=138.85000000000002 49.500000000000007 4.5000000000000009 -0.98611507088852035 286.50000000000006 1.0000000180025095e-35 1008.0500000000001 21.500000000000004 280.50000000000006 756.13415178750006 28.050000000000004 1029.6071430000002 0.29012925520284133 7089669.5000000009 1147.2705355000001 7422.6875000000009 879.00000000000011 30.950000000000003 455.33571430000006 0.93540483100319627 34.040178570000009 5.2500000000000009 3.5000000000000004 8.4500000000000011 1015.9258930000001 22.500000000000004 40.500000000000007 90.500000000000014 1.0000000180025095e-35 30.500000000000004
decision_type=2 2 2 2 2 2 2 2 2 2 2 2 2 2 2 2 2 2 2 2 2 2 2 2 2 2 2 2 2 2
left_child=19 2 4 -4 6 9 7 10 11 -6 -2 13 -7 16 15 -5 17 -9 -12 21 28 -1 26 24 25 -24 -23 -28 29 -21
right_child=1 -3 3 14 5 12 -8 8 -10 -11 18 -13 -14 -15 -16 -17 -18 -19 -20 20 -22 22 23 -25 -26 -27 27 -29 -30 -31
leaf_value=0.00071692804089020304 -0.098166008657183987 -0.16496707573267091 -0.017103964629555518 0.53680802187744936 0.017113137494504271 -0.025854231969407566 0.66760185842902842 -0.058221699815595544 -0.078757746086771663 -0.02881285421739084 -0.049473832669701748 -0.047365128900538581 -0.11871315173434141 0.050674737540694292 -0.48338713110886933 -0.052881162716804139 -0.039409501140805075 0.0049799915010932056 0.00396540488716105 -0.0031852940945725611 -0.082110909798081333 0.0013717908708326565 -0.0044966446769450384 0.0001242999827707484 8.4897649430392259e-05 2.9006680778137869e-05 -0.00080267727070942212 0.0017237877699896255 0.0026299483793157229 0.0072681794009520472
leaf_weight=144 20 20 30 191 57 20 77 20 27 20 34 32 24 23 27 21 30 35 97 20 24 340 23 210 26 22 29 155 123 20
leaf_count=144 20 20 30 191 57 20 77 20 27 20 34 32 24 23 27 21 30 35 97 20 24 340 23 210 26 22 29 155 123 20
internal_value=0.000248841 -0.00113665 -0.000974522 0.000546469 -0.00176744 -0.00419008 -0.00102532 -0.00181132 -0.00364671 -0.000116883 0.000218543 -0.00214286 -0.0113182 -0.000888889 0.00124268 0.00172642 -0.00194118 -0.000272727 0.00116794 0.00123063 0.0001123 0.001451 0.00117391 0.000224199 -0.00207042 -0.00433333 0.00168321 0.000554348 0.000791411 -0.0015
internal_weight=1941 805 785 269 516 121 395 318 167 77 151 140 44 108 239 212 85 55 131 1136 187 949 805 281 71 45 524 184 163 40
internal_count=1941 805 785 269 516 121 395 318 167 77 151 140 44 108 239 212 85 55 131 1136 187 949 805 281 71 45 524 184 163 40
is_linear=0
shrinkage=0.03


Tree=229
num_leaves=31
num_cat=0
split_feature=24 6 45 41 3 51 48 24 14 37 51 52 20 47 1 38 58 27 5 35 39 37 27 27 10 36 14 36 44 50
split_gain=2.73624 1.16437 1.35641 2.03572 1.33396 1.0409 1.74222 0.872059 1.26509 0.947072 0.935936 1.10227 0.832505 0.979081 0.823304 1.17627 0.746669 0.931224 0.728139 0.693336 0.618658 0.492996 0.905775 0.445323 0.372585 0.257007 0.372879 0.30839 0.515848 0.400742
threshold=43.650000000000006 26.500000000000004 54.500000000000007 328.86280383685556 6375597.9465000005 331.50000000000006 68.000000000000014 631.10000000000014 32.650000000000013 257.67857145000005 857.00000000000011 600.50000000000011 13.500000000000002 62.500000000000007 4071.3392855000006 722.07410713750016 1006.9500000000002 268.50000000000006 22.500000000000004 20.210714285000005 202.10602678187504 298.25357145000004 295.50000000000006 293.50000000000006 -0.97335555334614932 954.77142860000015 29.050000000000004 469.59285715000004 25.950000000000003 55.500000000000007
decision_type=2 2 2 2 2 2 2 2 2 2 2 2 2 2 2 2 2 2 2 2 2 2 2 2 2 2 2 2 2 2
left_child=24 5 -3 14 -5 6 12 21 9 -9 11 23 13 16 19 -16 17 -2 -17 -4 -19 22 -7 -11 -1 27 -27 28 -26 -29
right_child=1 2 3 4 -6 7 -8 8 -10 10 -12 -13 -14 -15 15 18 -18 20 -20 -21 -22 -23 -24 -25 25 26 -28 29 -30 -31
leaf_value=-0.019496964098582075 -0.067227633106561824 1.6646987625217586 0.093458935038441771 -0.15341053759286824 -0.024841628298391365 0.0074682603543991229 -0.070201446374118903 0.2300576775823977 3.7111445936583132 -0.26204535590978467 -0.066784674633875621 0.031618980869219458 0.5044944411572414 -0.1404704085085613 0.022609076398473538 0.0058192640707452701 0.63379221184838452 -0.015220386691000282 -0.074725528182948267 -0.031424248558932805 0.0082305568520855913 0.076435339957002316 -0.071577152266065591 -0.002266112423007483 -0.0083844375107018504 0.00028300141910994717 -9.8178228215521927e-05 0.0001951732711433198 0.0019022928725144683 -0.00010751534867062798
leaf_weight=30 21 32 24 20 27 33 20 21 60 22 32 25 55 21 57 20 36 26 22 38 21 208 20 24 20 173 20 308 421 84
leaf_count=30 21 32 24 20 27 33 20 21 60 22 32 25 55 21 57 20 36 26 22 38 21 208 20 24 20 173 20 308 421 84
internal_value=0.000264297 -0.000966102 -0.00275 -0.00363462 -0.00912766 -0.000302325 -0.0021 0.000505618 -0.00107609 -0.00280645 -0.00399029 -0.00207042 -0.00116667 -0.00252 -0.00203106 -0.000333333 -0.00132692 -0.00317647 -0.00414286 -0.00474194 -0.000829787 0.00162069 -0.000962264 -0.00482609 0.00129545 0.00139181 0.00237824 0.00116327 0.00170748 0.000551021
internal_weight=1941 885 240 208 47 645 200 445 184 124 103 71 180 125 161 99 104 68 42 62 47 261 53 46 1056 1026 193 833 441 392
internal_count=1941 885 240 208 47 645 200 445 184 124 103 71 180 125 161 99 104 68 42 62 47 261 53 46 1056 1026 193 833 441 392
is_linear=0
shrinkage=0.03


Tree=230
num_leaves=31
num_cat=0
split_feature=54 19 6 28 49 42 46 23 11 42 27 39 15 41 56 36 26 5 16 10 42 56 8 56 49 20 5 18 9 18
split_gain=2.9723 0.933594 1.09533 1.5531 1.98976 2.97472 2.23408 1.40046 1.22549 0.926356 0.908195 0.829719 1.06001 0.771429 0.717813 0.71649 0.636684 0.601579 0.467381 0.341144 0.650815 0.416386 0.315265 0.407468 0.401519 1.3002 0.309247 0.9 0.328007 0.337494
threshold=138.85000000000002 49.500000000000007 26.500000000000004 1006.9500000000002 3.5000000000000004 -28.727678599999987 22.950000000000003 198.50000000000003 -0.3520614488341256 -32.94107144999996 272.50000000000006 580.19140624375007 54.500000000000007 286.49197483746383 16.550000000000004 1.0000000180025095e-35 20.850000000000005 22.500000000000004 23.850000000000005 0.93540483100319627 34.040178570000009 5.2500000000000009 3.5000000000000004 6.3500000000000005 40.500000000000007 90.500000000000014 1.0000000180025095e-35 30.500000000000004 147.50000000000003 41.500000000000007
decision_type=2 2 2 2 2 2 2 2 2 2 2 2 2 2 2 2 2 2 2 2 2 2 2 2 2 2 2 2 2 2
left_child=19 2 3 4 5 18 -7 8 11 -10 -8 -4 -13 -12 -14 16 -6 -16 -2 21 26 -1 24 -24 -23 -26 27 -21 29 -28
right_child=1 -3 7 -5 15 6 10 -9 9 -11 13 12 14 -15 17 -17 -18 -19 -20 20 -22 22 23 -25 25 -27 28 -29 -30 -31
leaf_value=0.00068055737328505351 0.0019358947217267366 -0.15601063091564607 0.26702807184003674 1.2974785396753421 0.013511291691330524 0.0016384611464008963 -0.065861232727372584 -0.079039118355502841 -0.023740182088154704 -0.038272273635078041 -0.072055565008846398 1.3413018356640714 -0.064044483908834896 -0.2308598950920277 0.0027447063147851575 -0.014148195550653364 -0.19151541009095638 -0.053482186483987913 -0.015849043506512232 -0.0028630329058702518 -0.079082481885424771 0.0013268974371474789 -0.0038015694566704383 7.7143414763203752e-05 -0.00044619356960169285 0.0016682702982184542 0.012300796435214889 0.0069930652327480523 0.00762588873186532 -0.016818843367171508
leaf_weight=144 40 20 65 186 126 21 29 24 29 26 28 25 20 20 27 20 36 24 39 20 24 340 31 250 29 155 31 20 65 27
leaf_count=144 40 20 65 186 126 21 29 24 29 26 28 25 20 20 27 20 36 24 39 20 24 340 31 250 29 155 31 20 65 27
internal_value=0.000295209 -0.00109938 -0.000936306 -0.00019266 -0.0013454 -0.00361017 -0.00710204 -0.002625 -0.00186111 -0.00572727 -0.00946753 -0.000540373 -0.0023125 -0.012 -0.0041831 0.000857143 0.00151852 -0.00229412 0.000721519 0.00128345 0.0001123 0.00151423 0.00124845 0.000437723 0.00168321 0.000554348 0.000791411 -0.0015 0.00153659 -0.000103448
internal_weight=1941 805 785 545 359 177 98 240 216 55 77 161 96 48 71 182 162 51 79 1136 187 949 805 281 524 184 163 40 123 58
internal_count=1941 805 785 545 359 177 98 240 216 55 77 161 96 48 71 182 162 51 79 1136 187 949 805 281 524 184 163 40 123 58
is_linear=0
shrinkage=0.03


Tree=231
num_leaves=31
num_cat=0
split_feature=54 52 6 6 41 52 36 19 41 21 51 37 46 24 11 40 39 30 24 36 37 38 14 36 50 59 28 41 6 42
split_gain=2.67417 1.17838 1.14194 2.52083 2.40763 1.08927 1.98286 1.01731 0.728328 0.891831 1.6 0.902381 1.15687 1.08696 0.543642 0.511355 0.484584 0.4 0.36 0.316838 0.518742 1.24599 0.486711 0.460707 0.670486 0.782609 0.897456 0.387273 0.419037 0.375185
threshold=138.85000000000002 136.00000000000003 26.500000000000004 28.500000000000004 332.17803101110945 81.500000000000014 59.128571430000008 1.0000000180025095e-35 328.02841620502363 857.00000000000011 895.00000000000011 345.28125000000006 23.650000000000002 432.00000000000006 -0.72947329433276253 870.59410466666679 86.89895833162501 465.17500000000001 637.45000000000016 896.91428570000016 126.36607145000001 29.982366071250002 29.050000000000004 469.59285715000004 22.500000000000004 0.35000000000000003 1005.2500000000001 318.54190185531883 29.500000000000004 -160.51249995000003
decision_type=2 2 2 2 2 2 2 2 2 2 2 2 2 2 2 2 2 2 2 2 2 2 2 2 2 2 2 2 2 2
left_child=19 5 8 4 14 6 16 -7 9 11 -11 13 18 -3 -4 -5 -2 -15 -13 20 21 23 -21 -1 27 26 -26 28 -25 -22
right_child=1 2 3 15 -6 7 -8 -9 -10 10 -12 12 -14 17 -16 -17 -18 -19 -20 22 29 -23 -24 24 25 -27 -28 -29 -30 -31
leaf_value=0.00139599670541614 -0.085227690145710799 -0.12281997282801446 -0.036892274538152477 0.4811311788198997 -0.069421524025717968 -0.011386957998312137 -0.019681375852319657 -0.083231673653321528 0.025628857448618973 -0.052351074745894739 0.24891892390433304 -0.0065519391128739416 0.051053678864678473 -0.026397640905092386 -0.00031932499573444689 -0.047281470808055989 0.013790671848119152 0.14214211946156718 -0.19800992317329752 0.00028659261182007709 -0.11053946402542685 -0.051577874418505497 -0.00011744144287768254 0.0017051609035161231 -0.00040290436785395502 0.00095496869613166267 -1.8867259569265784e-05 -0.00038339698268874802 -0.0001535541825687665 0.012066080261776326
leaf_weight=332 35 21 23 97 27 20 25 32 134 20 20 20 161 20 30 23 52 20 25 219 20 34 26 167 29 25 61 21 23 179
leaf_count=332 35 21 23 97 27 20 25 32 134 20 20 20 161 20 30 23 52 20 25 219 20 34 26 167 29 25 61 21 23 179
internal_value=0.000372489 -0.00095031 -0.000369735 -0.00225 -0.006375 -0.00321951 -0.00155357 -0.00680769 0.000482993 -0.000322475 -0.0045 0.000303371 0.00125243 -0.00290164 -0.00266038 0.0005 0.000586207 1.11759e-10 -0.003 0.00130986 0.00104714 0.00065896 0.00226531 0.000948328 0.000147239 -0.00169565 -0.003 0.00115166 0.00157895 0.00239698
internal_weight=1941 805 641 200 80 164 112 52 441 307 40 267 206 61 53 120 87 40 45 1136 891 692 245 658 326 115 90 211 190 199
internal_count=1941 805 641 200 80 164 112 52 441 307 40 267 206 61 53 120 87 40 45 1136 891 692 245 658 326 115 90 211 190 199
is_linear=0
shrinkage=0.03


Tree=232
num_leaves=31
num_cat=0
split_feature=54 23 36 8 9 41 5 42 39 39 31 57 33 3 43 24 41 42 38 17 23 38 31 18 59 49 50 9 28 44
split_gain=2.81556 0.990075 1.08011 0.982286 2.50376 1.60565 1.0213 0.829538 0.74922 0.698413 1.15927 0.547978 1.06202 0.899366 1.17907 0.60451 0.44885 0.684983 0.35089 0.292378 0.280767 0.367903 1.31029 0.39733 0.386934 0.458009 0.273296 1.17668 0.270634 0.787571
threshold=138.85000000000002 151.50000000000003 59.128571430000008 3.5000000000000004 147.50000000000003 337.32860797504355 22.500000000000004 -145.95446449999994 133.00993303937506 967.5714286000001 989.91250000000014 269.50000000000006 30.084821430000002 6320405.9375000009 100.28482140000001 265.35000000000008 328.02841620502363 119.48571444999997 904.57098216250017 60.500000000000007 100.50000000000001 29.982366071250002 58.328571430000004 68.000000000000014 0.25000000000000006 1.0000000180025095e-35 55.500000000000007 139.50000000000003 1007.4500000000002 28.550000000000004
decision_type=2 2 2 2 2 2 2 2 2 2 2 2 2 2 2 2 2 2 2 2 2 2 2 2 2 2 2 2 2 2
left_child=20 2 7 4 16 6 -6 -2 -4 19 -11 12 -9 14 -13 -15 17 18 -3 -5 21 23 -23 26 25 -25 28 -28 -1 -30
right_child=1 3 8 9 5 -7 -8 11 -10 10 -12 13 -14 15 -16 -17 -18 -19 -20 -21 -22 22 -24 24 -26 -27 27 -29 29 -31
leaf_value=0.00062192097026446543 -0.045928738158253976 0.0093582775146764646 -0.0056490378009507354 2.8635787705335689 0.0014745118464943481 -0.083006953976737283 -0.059583746238212804 0.032132502149181653 -0.040565296083836092 -0.067194276276230244 0.41617079491001258 -0.03176326719932749 -0.060568885731478818 -0.093163688347838128 0.0085441377342484279 0.0047227197544846512 0.0059428123860856474 -0.061563331804107127 -0.039254778211585448 0.030981344916532941 4.1205776781157804 -0.061675339347183188 0.0061541608252192502 0.0012608051370928267 0.00057498367820324741 -1.2559442796534356e-05 -0.0086372854532782272 0.00026581750986719697 0.00046764550219973193 -0.00014753539146849146
leaf_weight=517 24 53 21 153 26 20 25 20 22 20 57 36 32 22 23 126 61 21 21 22 107 20 68 22 27 20 24 179 69 83
leaf_count=517 24 53 21 153 26 20 25 20 22 20 57 36 32 22 23 126 61 21 21 22 107 20 68 22 27 20 24 179 69 83
internal_value=0.000295209 -0.00106211 -0.00233742 -0.000194154 -0.00162555 -0.00629577 -0.00347059 -0.00166431 -0.00676744 0.00109524 -0.00128571 -0.00116988 -0.00392308 -0.000478261 -0.00361017 0.00077027 0.0005 -0.000789474 0.000567568 0.00214286 0.00125704 0.00110496 -0.00075 0.00127843 -0.000913043 -0.00271429 0.00145183 0.000487685 0.00174439 0.000631579
internal_weight=1941 805 326 479 227 71 51 283 43 252 77 259 52 207 59 148 156 95 74 175 1136 1029 88 941 69 42 872 203 669 152
internal_count=1941 805 326 479 227 71 51 283 43 252 77 259 52 207 59 148 156 95 74 175 1136 1029 88 941 69 42 872 203 669 152
is_linear=0
shrinkage=0.03


Tree=233
num_leaves=31
num_cat=0
split_feature=54 55 53 57 37 37 46 27 57 43 37 54 9 40 44 10 52 9 10 50 50 36 44 14 17 56 58 2 49 8
split_gain=2.65109 1.17915 1.8 0.973961 0.873789 1.26004 1.47341 2.45012 1.19552 1.54286 1.01185 0.611632 0.5625 0.535714 0.499446 1.1544 0.873348 0.351621 0.387099 0.35252 0.450266 0.467744 0.35 0.530017 0.326797 0.323187 0.570549 0.297458 0.284452 0.274526
threshold=170.55000000000004 252.50000000000003 74.500000000000014 309.50000000000006 70.32053571500002 195.92857145000002 23.650000000000002 293.50000000000006 280.50000000000006 147.71339286499997 826.44732145000012 589.20000000000016 145.50000000000003 627.69765626125013 32.650000000000013 -0.55557023301960229 444.50000000000006 155.50000000000003 0.95642797789208711 41.500000000000007 22.500000000000004 799.80803570000012 28.850000000000005 28.650000000000002 1.5000000000000002 17.050000000000004 1007.35 3433.7142855000006 45.500000000000007 3.5000000000000004
decision_type=2 2 2 2 2 2 2 2 2 2 2 2 2 2 2 2 2 2 2 2 2 2 2 2 2 2 2 2 2 2
left_child=17 2 12 4 -3 -6 7 8 9 -7 -10 25 -2 -4 15 16 -13 18 29 20 -19 -22 23 28 -16 26 -8 -9 -20 -1
right_child=1 3 13 -5 5 6 11 27 10 -11 -12 14 -14 -15 24 -17 -18 19 22 -21 21 -23 -24 -25 -26 -27 -28 -29 -30 -31
leaf_value=0.00093737060456128491 0.010855479885822167 0.061244498707279611 -0.068357758989315023 1.8995997888252141 -0.058280258626228251 0.0001890469542358244 -0.079204919785288666 -0.09018238431905598 -0.11887695903776638 -0.066571300693638993 -0.010812207262344536 -0.017573492260576376 -0.25972226817014421 -0.0074618116404644771 -0.12374162350273352 -0.081621375904803381 0.0079327154558115915 0.0010837709578514283 0.003389663295628178 0.0015518312079955202 -0.045635023687386415 2.1588141362234415e-05 0.082614334916322626 -0.046669799830233762 4.3054602263884245 0.42927490186202805 3.1481767740123208 1.9489062116648457 -0.00042903489466137587 0.00010709080441880904
leaf_weight=561 48 73 28 64 33 35 29 20 20 21 21 35 24 20 36 24 32 57 61 56 33 23 28 29 32 70 73 39 22 294
leaf_count=561 48 73 28 64 33 35 29 20 20 21 21 35 24 20 36 24 32 57 61 56 33 23 28 29 32 70 73 39 22 294
internal_value=0.000341577 -0.00101544 -0.00375 -0.000515982 -0.000895447 -0.00132692 -0.000942505 -0.00334615 -0.00627835 -0.00342857 -0.0101707 0.000190332 -0.00075 -0.00825 -0.00115094 -0.0026044 -0.000582089 0.00124742 0.00146231 -1.77514e-05 -0.000982301 -0.00289286 1.11759e-10 -0.00075 0.000794118 0.00143023 0.000352941 0.00147458 0.00046988 0.00170175
internal_weight=1941 777 120 657 593 520 487 156 97 56 41 331 72 48 159 91 67 1164 995 169 113 56 140 112 68 172 102 59 83 855
internal_count=1941 777 120 657 593 520 487 156 97 56 41 331 72 48 159 91 67 1164 995 169 113 56 140 112 68 172 102 59 83 855
is_linear=0
shrinkage=0.03


Tree=234
num_leaves=31
num_cat=0
split_feature=54 55 44 9 57 37 37 46 8 57 39 37 36 17 34 40 27 8 3 46 4 41 16 35 42 1 32 1 3 46
split_gain=2.62109 1.00389 1.75208 1.10205 0.973961 1.0374 1.68924 1.63801 2.36046 1.64162 1.45455 0.73373 0.593939 0.561765 0.567881 0.467048 0.470843 0.777778 0.412698 0.353567 0.340499 0.463807 0.967655 0.788674 0.364467 0.408435 0.733841 0.344309 0.322141 0.577766
threshold=170.55000000000004 252.50000000000003 30.250000000000004 145.50000000000003 309.50000000000006 91.033928570000015 195.92857145000002 23.650000000000002 4.5000000000000009 280.50000000000006 818.45323660625002 594.59553570000014 14.437500000000002 1.5000000000000002 827.61190480000016 903.1601562604169 287.50000000000006 4.5000000000000009 6298367.9285000013 25.050000000000004 4.5000000000000009 91.300082452083004 24.350000000000005 208.85267855000004 -160.51249995000003 209.36607145000002 46.804464285000009 61.571428570000002 6327905.3125000009 26.050000000000004
decision_type=2 2 2 2 2 2 2 2 2 2 2 2 2 2 2 2 2 2 2 2 2 2 2 2 2 2 2 2 2 2
left_child=20 2 3 -2 5 -3 -7 8 9 11 -11 -8 -5 14 -9 16 19 -18 -19 -15 -1 22 27 28 -23 26 -26 -22 -24 -30
right_child=1 4 -4 12 -6 6 7 13 -10 10 -12 -13 -14 15 -16 -17 17 18 -20 -21 21 24 23 -25 25 -27 -28 -29 29 -31
leaf_value=0.00023025168130600535 0.0015451911436422129 0.024830368797652332 -0.045183821402112169 -0.079335061261033166 1.8426117951604584 -0.064508376844262888 -0.056166665994286803 -0.32142192631304745 2.862212643922406 -0.069271470933325363 -0.12457507897059832 4.5963286986824144e-05 -0.054535164836290818 0.054825951150371373 -0.0028238289452374365 -0.019810071358798736 -0.04383621746412901 -0.033681871427915802 0.57636658390480155 -0.066686786725953878 -0.00099607056998981289 -0.082225175418143406 0.0029992948855527011 -0.00010741745672488825 0.0011568665622744591 0.86571553948442925 -0.038542892145338521 -0.061552411636586923 0.0011967235567475101 -0.0013234625169793496
leaf_weight=389 52 81 24 24 64 25 20 23 56 22 22 36 20 134 38 32 21 24 39 20 20 23 65 24 306 141 20 21 134 21
leaf_count=389 52 81 24 24 64 25 20 23 56 22 22 36 20 134 38 32 21 24 39 20 20 23 65 24 306 141 20 21 134 21
internal_value=0.000372489 -0.000976834 -0.0035 -0.0016875 -0.000515982 -0.000895447 -0.00139453 -0.00100411 -0.00353846 -0.0063 -0.0106364 -0.00289286 -0.00518182 0.000190332 -0.00240984 0.000777778 0.00123529 -0.000571428 0.00109524 0.00222078 0.0012732 0.000909678 -5.26315e-05 0.000663935 0.00146939 0.00165096 0.00106748 -0.00431707 0.00122727 0.000483871
internal_weight=1941 777 120 96 657 593 512 487 156 100 44 56 44 331 61 270 238 84 63 154 1164 775 285 244 490 467 326 41 220 155
internal_count=1941 777 120 96 657 593 512 487 156 100 44 56 44 331 61 270 238 84 63 154 1164 775 285 244 490 467 326 41 220 155
is_linear=0
shrinkage=0.03


Tree=235
num_leaves=31
num_cat=0
split_feature=24 11 44 47 28 40 58 31 44 56 6 43 58 37 31 39 18 10 6 15 15 37 33 33 4 17 16 3 17 3
split_gain=2.51167 1.41781 1.12229 0.958426 1.0653 2.64461 1.28115 1.07669 0.965898 1.59143 0.826629 0.750581 1.00044 0.962497 1.78628 0.732358 0.509665 0.458547 0.384682 0.593939 0.294828 0.285548 0.280518 0.590932 0.289233 0.319119 0.583295 0.962963 0.908238 0.336606
threshold=53.850000000000001 -0.93540483100319605 27.450000000000003 78.500000000000014 1006.5500000000001 531.46551339354176 1005.7500000000001 958.43928570000014 32.350000000000001 21.450000000000003 27.500000000000004 214.57767855000003 1007.4500000000002 239.25000000000003 822.28571425000007 183.29285713750002 3.5000000000000004 -0.97335555334614932 26.500000000000004 54.500000000000007 75.500000000000014 730.56428570000014 66.478571430000017 27.155357145000004 3.5000000000000004 39.500000000000007 25.550000000000004 6648918.7855000012 56.500000000000007 6411832.0715000005
decision_type=2 2 2 2 2 2 2 2 2 2 2 2 2 2 2 2 2 2 2 2 2 2 2 2 2 2 2 2 2 2
left_child=17 18 -3 4 5 15 8 -8 9 10 16 12 20 -14 -15 -4 -7 -1 -2 -20 -6 -13 23 24 -19 -26 29 28 -28 -27
right_child=1 2 3 -5 11 6 7 -9 -10 -11 -12 21 13 14 -16 -17 -18 22 19 -21 -22 -23 -24 -25 25 26 27 -29 -30 -31
leaf_value=-0.014013379446487808 0.10424107549730512 -0.080387635040802416 -0.041157684610273811 0.82823827488080415 1.4789425112081001 0.002243525988490563 -0.08557538545420533 -0.0026809488599602313 0.044945131521949892 -0.18489817396577843 -0.0086925440808626169 1.4858636994193068 -0.35014047317154279 3.3074872031484661 -0.067188971712614537 -0.096354909107320877 -0.0070224167472347238 0.0002009291778322837 1.0028910257737065 -0.023646605726364775 -0.030562158376421386 -0.096146631065671909 0.0063829187253450232 -0.00020550765379848395 0.0014956102591343493 0.0014569510290737199 -0.078868194134987468 0.004313088627584857 -3.4165702010313693e-05 0.00012726317846533668
leaf_weight=35 140 21 22 42 38 81 35 24 50 22 35 78 34 35 22 27 40 309 22 33 20 32 169 38 233 95 23 24 31 131
leaf_count=35 140 21 22 42 38 81 35 24 50 22 35 78 34 35 22 27 40 309 22 33 20 32 169 38 233 95 23 24 31 131
internal_value=0.000279753 -0.000939039 -0.00160486 -0.00137991 -0.00168908 -0.00280357 -0.00170383 -0.00564407 -0.00068421 -0.0017191 -0.000653846 -0.000243243 -0.00163087 -0.00359341 -0.00121053 -0.0092449 0.000520661 0.00123529 0.00130769 -0.000818182 0.00144828 0.00163636 0.00134758 0.00113348 0.00129787 0.000877095 0.000236842 -0.002 -0.00422222 0.00100885
internal_weight=1941 853 658 637 595 336 287 59 228 178 156 259 149 91 57 49 121 1088 195 55 58 110 1053 884 846 537 304 78 54 226
internal_count=1941 853 658 637 595 336 287 59 228 178 156 259 149 91 57 49 121 1088 195 55 58 110 1053 884 846 537 304 78 54 226
is_linear=0
shrinkage=0.03


Tree=236
num_leaves=31
num_cat=0
split_feature=54 23 36 55 39 46 37 27 46 17 27 8 33 37 31 39 6 56 35 32 55 38 26 33 33 14 14 4 48 8
split_gain=2.70287 1.09155 1.09481 1.13869 1.04203 0.738162 0.818755 1.06494 2.08346 1.44488 1.35905 1.0631 0.854199 0.633959 0.998646 1.43406 0.733092 0.684689 0.623974 0.622191 0.31779 1.35091 0.317117 0.288313 0.750258 0.542175 0.685714 0.283347 0.883838 0.271438
threshold=51.300000000000004 151.50000000000003 59.128571430000008 147.50000000000003 692.83203125000011 24.550000000000004 138.64375000000004 289.50000000000006 23.350000000000005 50.500000000000007 287.50000000000006 2.5000000000000004 1100.7142855000004 418.3562500000001 280.83571430000006 540.88772321937518 29.500000000000004 14.450000000000001 266.13125000000008 95.449107145000013 21.500000000000004 33.727901786250008 16.650000000000002 66.478571430000017 27.155357145000004 29.250000000000004 29.550000000000004 22.500000000000004 16.500000000000004 1.0000000180025095e-35
decision_type=2 2 2 2 2 2 2 2 2 2 2 2 2 2 2 2 2 2 2 2 2 2 2 2 2 2 2 2 2 2
left_child=20 2 4 -4 13 6 -3 8 11 -9 12 -8 -10 14 16 -16 17 19 -7 -2 21 23 -15 24 25 27 -27 29 -29 -1
right_child=1 5 3 -5 -6 18 7 9 10 -11 -12 -13 -14 22 15 -17 -18 -19 -20 -21 -22 -23 -24 -25 -26 26 -28 28 -30 -31
leaf_value=0.00011643920144664314 0.0034537646439425475 3.4399369991783062 -0.033550200403607337 -0.035942642159463793 -0.058120654216088967 4.2225485308761357 -0.0060411905319592519 0.11417974560492501 0.011006402789980147 -0.090885414639352166 -0.20069504890204062 -0.095141815424806181 -0.040691399007879762 0.030607906896520501 -0.050656852360988769 -0.0016182794632128089 -0.02851052419550363 0.0049637919384586992 -0.074829930052021126 -0.045868490051290213 1.4159576010752963 -0.058694191570395564 -0.0281897468780971 0.0029683238564215579 -0.00028269219347834416 -0.0034668286758112597 0.0038582444098429307 0.0012193977720881646 -4.2536108720013502e-05 0.00048720623318227927
leaf_weight=110 37 46 20 27 39 95 31 115 90 29 23 26 31 44 31 28 21 53 21 20 113 23 30 76 33 32 28 44 28 597
leaf_count=110 37 46 20 27 39 95 31 115 90 29 23 26 31 44 31 28 21 53 21 20 113 23 30 76 33 32 28 44 28 597
internal_value=0.000233385 -0.00102567 -0.00231429 -0.00657447 -0.00165347 -0.000136095 -0.000759591 -0.00126087 -0.00267164 0.000708333 -0.00075 -0.00752632 0.000520661 -0.000977273 -0.00189474 -0.00513559 -0.000435114 0.000545455 0.00196552 -0.00173684 0.00122878 0.00105355 0.00137838 0.00122785 0.00107339 0.00124791 -0.0015 0.00145956 -0.000333333 0.00164215
internal_weight=1941 857 350 47 303 507 391 345 201 144 144 57 121 264 190 59 131 110 116 57 1084 971 74 948 872 839 60 779 72 707
internal_count=1941 857 350 47 303 507 391 345 201 144 144 57 121 264 190 59 131 110 116 57 1084 971 74 948 872 839 60 779 72 707
is_linear=0
shrinkage=0.03


Tree=237
num_leaves=31
num_cat=0
split_feature=54 51 44 40 1 30 45 35 52 46 9 15 37 18 37 37 32 51 21 21 23 38 37 26 33 33 2 47 47 18
split_gain=2.42726 1.06851 2.45223 0.991424 1.02377 1.47846 0.973295 1.45968 0.9 0.692278 1.58001 1.30662 1.02486 1.61318 0.903485 1.15167 0.591312 0.886447 0.560466 0.383394 0.338896 1.09528 2.09243 0.301724 0.278406 0.757683 0.293838 0.253762 1.02906 0.74652
threshold=51.300000000000004 252.50000000000003 30.250000000000004 840.07456100208344 6332.7053570000007 399.85803570000007 75.500000000000014 103.61964285000001 441.50000000000006 23.650000000000002 141.50000000000003 59.500000000000007 687.82946430000015 3.5000000000000004 221.52053570000001 91.033928570000015 1019.2357145000002 889.00000000000011 857.00000000000011 206.50000000000003 68.500000000000014 29.982366071250002 126.36607145000001 13.350000000000003 66.478571430000017 27.155357145000004 8678.5000000000018 15.500000000000002 20.500000000000004 17.500000000000004
decision_type=2 2 2 2 2 2 2 2 2 2 2 2 2 2 2 2 2 2 2 2 2 2 2 2 2 2 2 2 2 2
left_child=20 2 6 9 5 -5 23 19 -7 10 11 -3 -12 -14 15 -11 -6 -18 -16 -8 21 24 -23 -2 25 26 27 -1 29 -29
right_child=1 3 -4 4 16 8 7 -9 -10 14 12 -13 13 -15 18 -17 17 -19 -20 -21 -22 22 -24 -25 -26 -27 -28 28 -30 -31
leaf_value=0.0014345895775539662 -0.012070828600595104 -0.00088661805352310559 -0.040015284596805999 0.001676000093043905 0.031697507828870826 -0.084552670347984166 0.10141684637092728 -0.03978354528705258 -0.2169329634265236 0.008200158432763803 0.57308413706536032 -0.12108242616142577 0.0021650446979577386 -0.06052300411148142 0.049925665531786963 -0.052387775838520438 -0.076641310234739163 0.019717070890702609 -0.086595553709934173 -0.11856819912559147 4.1882488612366862 -0.051197434433864215 0.039406668685869076 0.0087110271887007682 0.0028132755623231287 -0.00027421142767399388 -3.0357806457069769e-05 -0.00031777581984622353 0.00028188942556941099 5.5644458534790193e-05
leaf_weight=135 29 21 24 29 50 20 38 26 20 26 62 20 37 23 261 27 24 28 37 20 82 23 38 35 75 33 24 25 616 33
leaf_count=135 29 21 24 29 50 20 38 26 20 26 62 20 37 23 261 27 24 28 37 20 82 23 38 35 75 33 24 25 616 33
internal_value=0.000202473 -0.000990665 -0.00310465 -0.000459854 -0.0024386 -0.00526087 -0.00166216 -0.00378571 -0.009 0.000198444 -0.00141718 -0.00651219 0.000295082 -0.0025 0.000948718 -0.00266038 -0.000529412 -0.00276923 0.0015906 -0.00113793 0.00114576 0.000994012 -0.00290164 0.001125 0.00124655 0.00109469 0.00127131 0.00136836 0.00113056 -0.00268966
internal_weight=1941 857 172 685 171 69 148 84 40 514 163 41 122 60 351 53 102 52 298 58 1084 1002 61 64 941 866 833 809 674 58
internal_count=1941 857 172 685 171 69 148 84 40 514 163 41 122 60 351 53 102 52 298 58 1084 1002 61 64 941 866 833 809 674 58
is_linear=0
shrinkage=0.03


Tree=238
num_leaves=31
num_cat=0
split_feature=38 11 20 14 11 28 57 17 20 27 57 57 56 43 58 30 33 57 5 40 10 3 42 33 33 14 14 2 2 19
split_gain=2.60193 2.08799 1.97564 1.56314 2.45019 0.962597 1.26441 1.15491 1.45455 1.4491 2.31312 1.17513 1.23441 3.22062 1.04809 0.845938 0.626438 0.691364 0.9538 1.83333 0.523108 0.387521 0.325926 0.307693 0.748112 0.425976 0.430059 0.322385 0.294583 0.29095
threshold=29.982366071250002 0.097964660725097227 99.500000000000014 27.550000000000004 -0.47114434510950048 1008.0500000000001 239.50000000000003 69.500000000000014 37.000000000000007 283.50000000000006 280.50000000000006 259.50000000000006 15.950000000000001 40.378571450000059 1005.7500000000001 225.70625000000004 822.28571425000007 305.50000000000006 22.500000000000004 563.04367559666673 -0.88144907265856332 6313702.5715000005 -28.14464299999997 66.478571430000017 27.155357145000004 29.250000000000004 29.550000000000004 8678.5000000000018 6398.1071430000011 43.500000000000007
decision_type=2 2 2 2 2 2 2 2 2 2 2 2 2 2 2 2 2 2 2 2 2 2 2 2 2 2 2 2 2 2
left_child=23 2 3 4 -2 6 -5 9 -9 10 11 -8 21 28 -12 -7 17 18 20 -20 -11 -13 -17 24 25 27 -27 29 -14 -1
right_child=1 -3 -4 5 -6 15 7 8 -10 16 14 12 13 -15 -16 22 -18 -19 19 -21 -22 -23 -24 -25 -26 26 -28 -29 -30 -31
leaf_value=0.00047084212386111393 -0.054279408931168512 -0.032509158407136314 1.8127073773908695 1.2300706326006166 -0.079046641779857291 -0.10138802614837873 -0.080205243240676113 -0.10941628084929682 -0.02419889292658978 -0.0074087844521821405 -0.019081925921302867 -0.0023754392617796188 -0.0059601447504343489 -0.032004603239668514 -0.090471870838717453 -0.017524388664167296 0.034763609375043768 0.049699145546646867 -1.2462032189132122 -0.0031904997205614034 0.025643759602708822 0.051614017879012077 1.3498372030214949 0.0024648829916648616 -0.00026598508484377409 -0.00033446584505394191 0.0037283573819735191 -2.944707226335768e-05 0.0019414029261751683 0.00010962687059465711
leaf_weight=610 31 39 115 77 21 20 21 22 22 23 21 28 27 22 26 36 105 50 22 27 38 59 99 81 33 32 24 24 40 146
leaf_count=610 31 39 115 77 21 20 21 22 22 23 21 28 27 22 26 36 105 50 22 27 38 59 99 81 33 32 24 24 40 146
internal_value=0.000109737 -0.000965691 -0.000686975 -0.00119355 -0.00623077 -0.000859872 -0.00138095 -0.00188246 -0.00654545 -0.00147937 -0.00314754 -0.00172081 -0.000920454 -0.00340449 -0.00912766 0.00125806 5.66039e-05 -0.001125 -0.00245455 -0.00557143 4.91804e-05 0.00162069 0.00211111 0.00123158 0.00106674 0.00124163 -0.00128571 0.00142308 -0.000134328 0.00153175
internal_weight=1941 991 952 837 52 785 630 553 44 509 244 197 176 89 47 155 265 160 110 49 61 87 135 950 869 836 56 780 67 756
internal_count=1941 991 952 837 52 785 630 553 44 509 244 197 176 89 47 155 265 160 110 49 61 87 135 950 869 836 56 780 67 756
is_linear=0
shrinkage=0.03


Tree=239
num_leaves=31
num_cat=0
split_feature=38 11 20 14 11 46 37 37 27 46 3 15 30 27 24 18 47 3 24 52 3 33 33 2 14 2 19 47 18 10
split_gain=2.2558 2.18193 1.55266 1.34662 1.95111 0.684793 2.63941 1.97757 2.71976 2.63987 1.51891 2.57124 1.1171 1.3354 1.00888 1.22549 0.749109 0.702498 0.569635 1.03712 0.44971 0.307693 0.748112 0.363309 0.325901 0.296675 0.287551 0.758158 0.3367 0.273485
threshold=29.982366071250002 0.097964660725097227 99.500000000000014 27.550000000000004 -0.47114434510950048 23.650000000000002 226.47500000000002 138.64375000000004 284.50000000000006 23.450000000000003 6312448.5835000006 73.500000000000014 1117.3642855000003 265.50000000000006 589.20000000000016 12.500000000000002 11.500000000000002 6438432.1250000009 749.00000000000011 749.50000000000011 7146727.0715000005 66.478571430000017 27.155357145000004 8573.1250000000018 29.250000000000004 6267.6250000000009 43.500000000000007 90.000000000000014 2.5000000000000004 -0.13052619222005163
decision_type=2 2 2 2 2 2 2 2 2 2 2 2 2 2 2 2 2 2 2 2 2 2 2 2 2 2 2 2 2 2
left_child=21 2 3 4 -2 7 10 -5 12 -10 11 -7 13 -9 -8 18 -12 -18 25 -20 -19 22 23 24 26 -16 -1 -28 29 -29
right_child=1 -3 -4 5 -6 6 14 8 9 -11 16 -13 -14 -15 15 -17 17 20 19 -21 -22 -23 -24 -25 -26 -27 27 28 -30 -31
leaf_value=0.00046206881230735132 -0.052651026663233541 -0.031533883654922226 1.7583261560691437 1.0318925929280569 -0.07667524252646167 -0.073765042033080722 0.33574969442815844 -0.043098516806232119 0.12951411200653512 -0.1879156813407192 0.0061313112854012031 0.00051007987683220437 -0.012950170985314324 -0.05958365810938112 0.040020098794748292 -0.1218204382037939 0.041435428623628742 -0.31038357710003017 -0.32830089639199483 0.29649132880745038 -0.02940097443469869 0.0023909365019149156 -0.00025800553229846085 -1.6513742682326902e-05 -7.9530220899532247e-05 -0.012838868950814966 -5.7313256242612095e-05 0.00013210911141169694 0.00077097039995290429 -0.00023771440948837919
leaf_weight=606 31 39 115 53 21 26 254 21 67 27 34 20 23 34 58 24 25 20 20 24 21 81 33 30 54 34 38 24 64 20
leaf_count=606 31 39 115 53 21 26 254 21 67 27 34 20 23 34 58 24 25 20 20 24 21 81 33 30 54 34 38 24 64 20
internal_value=0.000187017 -0.000814329 -0.000529412 -0.000978494 -0.00565385 -0.00066879 -0.000107143 -0.00206667 -0.00362791 -0.000191489 -0.00357534 -0.00808696 -0.00776923 -0.0100909 0.00111594 -0.00075 -0.0015 -0.00336364 0.000352941 -0.00245455 -0.00578049 0.00123158 0.00106674 0.00124163 0.00136228 0.00169565 0.00152394 0.000328767 0.00161111 -0.000409091
internal_weight=1941 991 952 837 52 785 560 225 172 94 146 46 78 55 414 160 100 66 136 44 41 950 869 836 806 92 752 146 108 44
internal_count=1941 991 952 837 52 785 560 225 172 94 146 46 78 55 414 160 100 66 136 44 41 950 869 836 806 92 752 146 108 44
is_linear=0
shrinkage=0.03


Tree=240
num_leaves=31
num_cat=0
split_feature=38 11 36 44 51 49 58 38 6 6 31 31 3 46 3 6 57 57 33 42 5 12 33 33 2 33 47 47 18 18
split_gain=2.53378 1.92914 1.91148 1.62002 1.40518 1.33802 1.42472 3.13434 1.42566 2.29584 2.52468 1.0208 1.23405 0.981818 0.733028 0.660056 0.789036 0.598586 0.588986 0.441818 0.424908 0.410406 0.296802 0.481906 0.363309 0.256549 0.24919 0.994894 0.773858 0.325095
threshold=29.982366071250002 -0.5 57.48125000000001 27.450000000000003 565.00000000000011 2.5000000000000004 1006.7500000000001 629.14508928750013 26.500000000000004 28.500000000000004 800.00000000000011 952.86875000000009 6548168.5000000009 24.950000000000003 6281600.8570000008 16.500000000000004 267.50000000000006 295.50000000000006 1141.1357145000002 18.551785725000006 1.0000000180025095e-35 0.62334665204000361 66.478571430000017 27.155357145000004 8573.1250000000018 1117.3642855000003 15.500000000000002 20.500000000000004 17.500000000000004 2.5000000000000004
decision_type=2 2 2 2 2 2 2 2 2 2 2 2 2 2 2 2 2 2 2 2 2 2 2 2 2 2 2 2 2 2
left_child=22 5 3 -3 15 6 7 -2 18 10 -10 12 21 -4 -7 -5 -17 20 -8 -19 -18 -9 23 24 26 -13 -1 28 -28 -29
right_child=1 2 13 4 -6 14 8 11 9 -11 -12 25 -14 -15 -16 16 17 19 -20 -21 -22 -23 -24 -25 -26 -27 27 29 -30 -31
leaf_value=0.0013607075899974214 -0.086647409591826652 -0.07237110426056062 -0.02644814081388806 0.48710305364980389 -0.043328710841967641 -0.064997275150754555 5.0153903211948245 0.0012091751897730298 0.0021278804241212264 0.87639433037243386 -0.14488876068499557 0.0098469129716873532 -0.092202190222248889 -0.078388733518609297 1.5973271513192377 -0.03278682920151945 -0.0067532605082893079 0.0025857118801910464 -0.023883794645695865 -0.055386029043739453 0.012752690445256735 -0.038175398282223841 0.0023192084068574684 -0.00025026536632950704 -1.6018330401857097e-05 -0.0014373385947087853 -0.00031198554874277033 1.9580798774361046e-05 3.5839565110511493e-05 0.00051975372089224127
leaf_weight=133 24 36 24 47 34 33 127 25 20 50 22 37 28 20 225 33 26 30 23 25 58 22 81 33 30 22 25 125 34 489
leaf_count=133 24 36 24 47 34 33 127 25 20 50 22 37 28 20 225 33 26 30 23 25 58 22 81 33 30 22 25 125 34 489
internal_value=0.000156105 -0.000905146 -0.00276577 -0.00187889 -0.00103162 3.64743e-05 -0.00105 -0.00326582 0.000396694 -0.00254348 -0.00771429 -0.00147761 -0.0038 -0.00859091 0.00172093 -0.000150685 -0.00101163 -2.15826e-05 0.0022 -0.00245455 0.00157143 -0.000829787 0.00126316 0.00110127 0.00124163 0.00147458 0.00136228 0.00112779 -0.00259322 0.00148534
internal_weight=1941 991 333 289 253 658 400 158 242 92 42 134 75 44 258 219 172 139 150 55 84 47 950 869 836 59 806 673 59 614
internal_count=1941 991 333 289 253 658 400 158 242 92 42 134 75 44 258 219 172 139 150 55 84 47 950 869 836 59 806 673 59 614
is_linear=0
shrinkage=0.03


Tree=241
num_leaves=31
num_cat=0
split_feature=24 11 8 28 11 37 19 34 26 42 16 31 43 37 43 3 14 1 32 52 28 30 33 42 33 4 48 9 20 8
split_gain=2.55406 1.13861 0.935275 2.29117 1.87112 1.09076 1.00753 1.06667 1.17564 1.7556 0.933426 0.867539 0.757576 0.638454 0.595255 1.55556 0.586667 0.570365 0.535801 0.823802 0.363636 0.337233 0.295783 0.833061 0.470777 0.321458 1.24076 0.372318 0.649038 0.328526
threshold=138.85000000000002 -0.93540483100319605 2.5000000000000004 1006.35 -0.16280825711808986 505.52142855000005 49.500000000000007 728.71875000000011 17.750000000000004 -36.823214450000087 25.150000000000002 783.35535715000003 -165.55357145000002 248.08303570000001 -122.56160714999999 6662970.0000000009 30.450000000000003 9757.3839285000013 688.90803570000014 601.50000000000011 1005.35 1243.1750000000002 66.478571430000017 36.331250015000002 27.155357145000004 22.500000000000004 16.500000000000004 139.50000000000003 55.500000000000007 5.5000000000000009
decision_type=2 2 2 2 2 2 2 2 2 2 2 2 2 2 2 2 2 2 2 2 2 2 2 2 2 2 2 2 2 2
left_child=14 21 3 4 5 13 7 10 9 12 17 16 20 -3 15 -1 -5 -4 -10 -20 -9 -2 23 24 25 27 -27 28 29 -16
right_child=1 2 6 11 -6 -7 -8 8 18 -11 -12 -13 -14 -15 22 -17 -18 -19 19 -21 -22 -23 -24 -25 -26 26 -28 -29 -30 -31
leaf_value=0.016960459135050707 0.015021218616134585 -0.034275658280479036 0.056075628981915183 -0.068766410558263741 0.013548532729648588 -0.039148874168039728 -0.16178784389223724 -0.0028007189388272774 0.023898627112354878 -0.13687986212742734 -0.033607910715216918 -0.13216812887061177 0.015810451561483498 -0.051340431293343973 0.00123113367562881 -0.013225567151485859 1.0069709168161469 -0.053451073273165381 -0.16707949451207624 2.0999022103790979 -0.046687354452210506 -0.015606661623009555 0.0050035846213069826 -0.080026913419355208 -0.00022608745148085883 0.0012197379842672268 -4.2049295101381621e-05 0.000403946525100594 -0.0074813246907957315 -2.8356599283759269e-05
leaf_weight=42 157 26 143 20 20 32 20 22 38 35 38 32 22 21 41 21 55 21 24 27 22 30 182 24 34 48 28 653 24 39
leaf_count=42 157 26 143 20 20 32 20 22 38 35 38 32 22 21 41 21 55 21 24 27 22 30 182 24 34 48 28 653 24 39
internal_value=0.000156105 -0.00113665 -0.00175728 -0.00340777 -0.00669697 -0.00877215 -0.000932039 -0.000596939 -0.00221053 -0.00442574 0.000920792 -0.000364486 -0.00154545 -0.0116809 0.00107218 -0.0017619 0.0014 0.00190244 0.000303371 -0.00170588 -0.00381818 0.000914439 0.00123858 0.00101347 0.00116609 0.00130732 -0.000552631 0.00149406 -0.000173077 0.001125
internal_weight=1941 805 618 206 99 79 412 392 190 101 202 107 66 47 1136 63 75 164 89 51 44 187 1073 891 867 833 76 757 104 80
internal_count=1941 805 618 206 99 79 412 392 190 101 202 107 66 47 1136 63 75 164 89 51 44 187 1073 891 867 833 76 757 104 80
is_linear=0
shrinkage=0.03


Tree=242
num_leaves=31
num_cat=0
split_feature=54 19 8 37 16 11 44 2 47 1 19 56 2 18 15 14 1 1 30 31 30 2 29 41 10 42 35 8 27 41
split_gain=2.75535 1.36928 1.1603 1.04018 2.57363 1.14465 1.3911 1.00427 0.973558 0.964808 1.08945 1.35418 1.46497 0.948772 0.800675 0.775758 0.698795 0.679847 0.554625 0.594367 0.553846 0.483815 0.886154 0.62929 0.513592 0.994621 0.458009 0.31332 0.326027 0.525235
threshold=138.85000000000002 49.500000000000007 4.5000000000000009 2.5928571430000003 23.750000000000004 -0.93540483100319605 32.45000000000001 6852.5000000000009 31.500000000000004 7943.5000000000009 3.5000000000000004 13.250000000000002 7322.7142855000011 3.5000000000000004 62.500000000000007 32.050000000000004 3466.4732145000003 3717.0625000000005 1147.2705355000001 147.41964285000003 365.14464285000003 7146.8125000000009 0.45000000000000007 124.88190819491919 0.93540483100319627 34.040178570000009 202.51607145000003 2.5000000000000004 307.50000000000006 219.70913002393488
decision_type=2 2 2 2 2 2 2 2 2 2 2 2 2 2 2 2 2 2 2 2 2 2 2 2 2 2 2 2 2 2
left_child=21 2 3 16 5 8 14 18 -5 10 11 -6 13 -13 15 -7 -2 -9 19 -4 -12 24 23 26 27 -26 -23 -1 29 -29
right_child=1 -3 7 4 9 6 -8 17 -10 -11 20 12 -14 -15 -16 -17 -18 -19 -20 -21 -22 22 -24 -25 25 -27 -28 28 -30 -31
leaf_value=0.00073015850359489794 -0.022098223125118076 -0.15693420857547041 -0.011955229501902984 -0.010937560163035067 0.046048564141696828 0.002130363189165881 -0.22215632969331472 -0.00041635253460116378 0.006369545958775375 0.056081488821122016 0.0089418151013032788 -0.025374420369711447 -0.0026715104485621811 -0.13359464230145737 -0.042863930392288668 -0.052187443336798076 1.8177670594797053 -0.13084249003510193 -0.5133240889837718 1.5898946112124817 -0.013696643021955382 0.00026528831535173005 -0.0281484963115518 0.0015392969272775535 0.0017376338084147515 -0.077626106016774415 -6.0136319895968698e-05 -7.1395656125236692e-06 0.00025036349288391768 0.0020015154417992436
leaf_weight=408 25 20 21 32 42 24 25 34 20 92 45 25 33 32 23 20 58 20 27 167 20 22 30 153 163 24 20 179 82 55
leaf_count=408 25 20 21 32 42 24 25 34 20 92 45 25 33 32 23 20 58 20 27 167 20 22 30 153 163 24 20 179 82 55
internal_value=9.42814e-05 -0.00124845 -0.00105096 -0.00188372 -0.00247344 -0.00575 -0.00776087 0.000546469 -0.00219231 -0.00084083 -0.00202538 -0.00359091 -0.00566667 -0.00857895 -0.00550746 -0.00313636 0.00119277 -0.00311111 0.00146512 0.00204255 0.00115385 0.00104577 -0.0002 0.000538462 0.00135346 -4.81282e-05 -0.00271429 0.00171547 0.00100633 0.000435898
internal_weight=1941 805 785 516 433 144 92 269 52 289 197 132 90 57 67 44 83 54 215 188 65 1136 225 195 911 187 42 724 316 234
internal_count=1941 805 785 516 433 144 92 269 52 289 197 132 90 57 67 44 83 54 215 188 65 1136 225 195 911 187 42 724 316 234
is_linear=0
shrinkage=0.03


Tree=243
num_leaves=31
num_cat=0
split_feature=24 28 41 53 25 32 56 25 32 27 35 1 10 2 1 35 56 42 56 34 16 38 1 58 35 47 56 10 56 8
split_gain=2.51822 1.08923 1.19449 2.21929 1.41506 1.52074 1.96933 1.30562 1.76114 1.08383 1.12737 2.21312 0.828823 0.995145 0.792798 0.766671 0.937508 0.953726 1.20359 0.570992 0.951452 0.439547 0.427907 0.387691 0.696407 0.763908 1.34127 0.543236 0.872727 0.494794
threshold=138.85000000000002 1008.0500000000001 278.85736723330399 234.00000000000003 583.50000000000011 569.0883928500001 17.450000000000003 309.00000000000006 115.54821430000001 290.50000000000006 662.54285715000015 8402.5714285000013 -0.95642797789208689 7464.2857145000007 3226.2857145000003 12.693750000000003 17.950000000000003 -104.83035719999997 15.950000000000001 776.64642855000011 24.050000000000004 692.57053571250015 396.07142855000006 1006.85 147.41964285000003 15.500000000000002 8.5500000000000025 0.93540483100319627 4.5500000000000007 1.5000000000000002
decision_type=2 2 2 2 2 2 2 2 2 2 2 2 2 2 2 2 2 2 2 2 2 2 2 2 2 2 2 2 2 2
left_child=12 2 4 15 5 7 -7 8 -2 10 11 -6 13 -1 -3 -4 17 -17 22 -20 -21 -8 -19 -14 27 29 -27 -25 -29 -26
right_child=1 14 3 -5 9 6 21 -9 -10 -11 -12 -13 23 -15 -16 16 -18 18 19 20 -22 -23 -24 24 25 26 -28 28 -30 -31
leaf_value=0.00077375620683801775 -0.025359846676859497 -0.095030993395177982 0.04441137145550484 -0.1080258620835662 -0.12812346852271014 -0.061045902501602502 -0.035629649354054431 0.027039228421856562 -0.10522344312062228 4.3183921370397238 0.0018879543844904506 -0.0050406853462420433 0.0007437087419468368 -0.022419400506846536 0.25869809227099144 0.017357212347517078 0.014165980154324435 -0.011525668294927354 -0.36628876648690145 -0.041951064825822143 0.058917188771162227 -0.030659816143732564 0.011298421485841027 0.00036591097183505682 -0.045234669825964101 -0.0002562289013371945 1.3313631116389033e-05 -0.02530246004097755 0.015885966289892726 0.001987167090300411
leaf_weight=36 48 20 99 21 20 25 20 42 31 57 34 27 689 34 136 24 76 20 20 20 21 21 23 174 27 21 42 33 27 53
leaf_count=36 48 20 99 21 20 25 20 42 31 57 34 27 689 34 136 24 76 20 20 20 21 21 23 174 27 21 42 33 27 53
internal_value=0.000109737 -0.00117391 -0.00171495 -0.000425926 -0.003 -0.00470053 -0.00836364 -0.00270248 -0.00497468 -0.000695652 -0.00292593 -0.00593617 0.00101937 -0.00214286 0.00107692 0.000227723 -0.000823529 -0.00239062 -0.00363462 -0.00634426 -0.00431707 -0.00431707 0.000209302 0.00122702 0.000453581 -0.0011958 -0.00366667 0.00146154 -0.001 0.00075
internal_weight=1941 805 649 324 325 187 66 121 79 138 81 47 1136 70 156 303 204 128 104 61 41 41 43 1066 377 143 63 234 60 80
internal_count=1941 805 649 324 325 187 66 121 79 138 81 47 1136 70 156 303 204 128 104 61 41 41 43 1066 377 143 63 234 60 80
is_linear=0
shrinkage=0.03


Tree=244
num_leaves=31
num_cat=0
split_feature=24 14 46 37 46 38 31 37 17 24 18 5 43 6 1 39 10 43 9 6 21 27 28 51 58 35 35 16 35 4
split_gain=2.43337 0.996698 1.2319 2.29365 1.4816 2.53279 1.49441 1.48045 2.25306 1.32139 1.21482 0.863492 0.779989 0.937312 1.16189 0.717391 0.619388 0.986896 0.642951 0.567881 0.439685 0.28125 0.346809 0.72803 0.261039 0.591232 0.904176 0.45031 0.433067 0.41957
threshold=138.85000000000002 32.750000000000007 23.650000000000002 14.437500000000002 22.950000000000003 853.3618303500001 754.41517855000018 385.97142855000004 69.500000000000014 589.20000000000016 12.500000000000002 22.500000000000004 207.18571415 28.500000000000004 2283.6250000000005 609.21595982500014 -0.95642797789208689 -122.56160714999999 157.50000000000003 25.500000000000004 268.50000000000006 289.50000000000006 1007.1500000000002 924.50000000000011 1006.85 211.71250000000003 340.78035715000004 25.150000000000002 794.49553570000012 11.500000000000002
decision_type=2 2 2 2 2 2 2 2 2 2 2 2 2 2 2 2 2 2 2 2 2 2 2 2 2 2 2 2 2 2
left_child=16 2 3 -2 -5 6 15 8 12 20 11 -11 13 14 19 -6 17 -1 24 -4 -9 22 23 -3 -18 27 -27 29 -28 -26
right_child=1 21 7 4 5 -7 -8 9 -10 10 -12 -13 -14 -15 -16 -17 18 -19 -20 -21 -22 -23 -24 -25 25 26 28 -29 -30 -31
leaf_value=-0.025837285151235827 2.4484610454038163 -0.2812306664619097 0.0066753019410674356 0.0013479994142204595 -0.031215888161505851 -0.25126487660124497 0.0069437687776588543 -0.024553677568703507 -0.058999536792137 -0.036752768626955472 -0.11754977219477236 0.026516684915139983 0.38135630320858183 -0.023266847353719238 -0.033318424665501063 -0.15805332752709406 0.00083089126567754826 0.00040482631936678438 -3.0619593320386236e-05 -0.034632070692609318 2.1591730048180287 2.2367399098714276 0.011594891172795717 0.048720006972062559 -0.0054859681735167339 -4.1623708222772174e-05 0.00076773061760792693 0.00041042665101744219 -0.046402620134285207 0.00046819485174435453
leaf_weight=31 32 20 68 24 24 21 21 25 32 36 24 34 29 38 39 22 660 39 29 24 168 48 52 24 20 27 66 218 25 21
leaf_count=31 32 20 68 24 24 21 21 25 32 36 24 34 29 38 39 22 660 39 29 24 168 48 52 24 20 27 66 218 25 21
internal_value=0.000125193 -0.00113665 -0.00162935 -0.00408333 -0.00610714 -0.00790909 -0.0050597 -0.000945841 -0.00273913 0.000491289 -0.00242553 -0.000428571 -0.00154545 -0.00232544 -0.00112214 -0.00808696 0.00101937 -0.00171429 0.00119887 0.000717391 0.00191192 0.001125 0.0001875 -0.00177273 0.00132208 0.000692308 -0.0010678 0.00149421 0.000362637 -0.00139024
internal_weight=1941 805 661 144 112 88 67 517 230 287 94 70 198 169 131 46 1136 70 1066 92 193 144 96 44 1037 377 118 259 91 41
internal_count=1941 805 661 144 112 88 67 517 230 287 94 70 198 169 131 46 1136 70 1066 92 193 144 96 44 1037 377 118 259 91 41
is_linear=0
shrinkage=0.03


Tree=245
num_leaves=31
num_cat=0
split_feature=38 11 36 46 9 36 14 41 53 11 26 6 51 22 14 48 46 57 6 43 18 51 14 9 14 1 8 14 44 41
split_gain=2.04898 1.60328 1.56265 1.27193 1.04958 1.17654 0.908704 1.24272 1.09472 1.08747 1.04809 0.981712 0.83626 0.849618 0.725331 0.814182 1.23817 0.628205 0.515741 0.574555 0.512334 0.93487 0.415773 0.413809 0.410684 0.670635 0.315902 0.294318 0.498507 0.429501
threshold=29.982366071250002 -0.58216583101416131 122.85625 24.550000000000004 151.50000000000003 2.7142857145000003 32.650000000000013 267.43525081307399 185.50000000000003 -0.93540483100319605 13.450000000000001 22.500000000000004 21.500000000000004 84.000000000000014 30.350000000000005 25.500000000000004 24.450000000000003 266.50000000000006 26.500000000000004 16.292857150000035 32.500000000000007 102.50000000000001 32.350000000000001 157.50000000000003 31.750000000000004 2528.1071430000006 4.5000000000000009 29.250000000000004 29.550000000000004 199.45479814150647
decision_type=2 2 2 2 2 2 2 2 2 2 2 2 2 2 2 2 2 2 2 2 2 2 2 2 2 2 2 2 2 2
left_child=23 3 12 4 5 6 7 8 11 -9 -11 -2 -3 20 17 16 24 -15 -8 -20 26 -22 -13 27 25 -16 -14 -1 29 -29
right_child=1 2 -4 -5 -6 -7 18 9 -10 10 -12 22 13 14 15 -17 -18 -19 19 -21 21 -23 -24 -25 -26 -27 -28 28 -30 -31
leaf_value=0.00032563886296400364 -0.041518445607893611 -0.063987838413016321 -0.072168206523707271 3.3588627059086713 2.1412092481597806 3.3454871458464726 3.1011332554011797 -0.0010499878375472948 0.050967586989387928 -0.047096275458199284 -0.20940198900604201 0.0075985435736637763 0.014062222225660543 -0.049336032476222015 0.0020312609212926823 1.4478174501018632 -0.029344352288436626 -0.049076039510759104 0.0010869020569374257 -0.19208730115837008 0.029279190610102854 -0.049359705679715864 -0.01435500489584151 -1.4839952833242953e-05 0.031268173912242792 -0.1146653092946039 -0.00070438081250815895 -0.012998656132931399 0.0012130387683587291 0.002019503762672395
leaf_weight=836 23 23 20 159 85 47 59 35 45 21 26 23 78 26 28 26 22 24 28 25 29 20 21 27 26 36 36 20 46 21
leaf_count=836 23 23 20 159 85 47 59 35 45 21 26 23 78 26 28 26 22 24 28 25 29 20 21 27 26 36 36 20 46 21
internal_value=0.000109737 -0.000844601 -0.00232995 0.000135679 -0.00069863 -0.00141926 -0.00209804 -0.00334021 -0.00128571 -0.00614634 -0.00912766 -0.00371642 -0.00189305 -0.00152991 -0.00290426 -0.00178261 -0.00289286 -0.006 5.35715e-05 -0.00209434 5.52148e-05 -0.0025102 -0.00109091 0.00110526 -0.00133333 -0.002625 0.00115789 0.00121235 -0.000448276 -0.00285366
internal_weight=1941 991 394 597 438 353 306 194 112 82 47 67 374 351 188 138 112 50 112 53 163 49 44 950 90 64 114 923 87 41
internal_count=1941 991 394 597 438 353 306 194 112 82 47 67 374 351 188 138 112 50 112 53 163 49 44 950 90 64 114 923 87 41
is_linear=0
shrinkage=0.03


Tree=246
num_leaves=31
num_cat=0
split_feature=38 38 20 53 28 8 41 27 40 33 31 19 37 19 56 19 49 27 53 37 1 37 42 14 3 20 35 49 8 11
split_gain=2.05723 1.684 1.54194 1.53651 1.16355 1.98077 1.2777 0.99592 0.94504 1.3058 1.28717 0.859524 0.72 0.626455 0.745132 0.824526 1.51226 0.733303 1.25055 0.944908 0.588462 0.882891 0.544448 0.34632 0.333333 0.30275 0.584127 0.4 0.301408 0.712587
threshold=29.982366071250002 99.981026781250009 99.500000000000014 35.500000000000007 1005.85 1.5000000000000002 248.55869741980896 294.50000000000006 870.59410466666679 766.22410715000012 724.31875000000002 2.5000000000000004 651.56428570000014 49.500000000000007 11.750000000000002 1.5000000000000002 1.0000000180025095e-35 278.50000000000006 193.50000000000003 1007.7687500000001 1046.2053570000003 342.19910715000009 31.921428600000031 29.450000000000003 6571864.5715000005 99.500000000000014 436.81428570000008 97.500000000000014 4.5000000000000009 0.95642797789208689
decision_type=2 2 2 2 2 2 2 2 2 2 2 2 2 2 2 2 2 2 2 2 2 2 2 2 2 2 2 2 2 2
left_child=25 3 4 -2 5 6 -3 8 9 20 -10 -5 -12 14 -6 16 17 24 19 -19 -7 -22 -23 -13 -16 28 27 -27 -1 -30
right_child=1 2 -4 11 13 7 -8 -9 10 -11 12 23 -14 -15 15 -17 -18 18 -20 -21 21 22 -24 -25 -26 26 -28 -29 29 -31
leaf_value=0.00066455584998099124 -0.068618725934120231 -0.038616564450115264 2.8817229746133157 -0.028210100381087774 1.5471133350343336 0.0047622565868142694 -0.015342345870097085 0.010405468508424009 -0.19432820397658918 0.019571311350811974 0.0024645225207806654 -0.0056154934243171917 -0.067128396685398994 -0.061766339943615876 0.063790853390549213 2.9824377224836405 -0.24368741834458099 0.011487518917847449 -0.09583425165927599 -0.019924667614777944 -0.030749979289364418 -0.43690263550098873 0.0059783485695562699 0.018454406135838288 0.0025692512596350047 -0.00015154851943148092 0.0026634569918271554 1.9866194177926812e-05 0.00021416373661680964 -2.7833751936435432e-05
leaf_weight=592 20 20 108 28 119 20 31 75 31 53 25 22 25 30 64 69 37 55 21 21 22 22 21 20 32 20 23 20 241 54
leaf_count=592 20 20 108 28 119 20 31 75 31 53 25 22 25 30 64 69 37 55 21 21 22 22 21 20 32 20 23 20 241 54
internal_value=0.000202473 -0.000753784 -0.00036293 -0.00466667 -0.000820933 -0.00213043 -0.00758824 -0.00118367 -0.00220548 -0.000695652 -0.00477778 -0.00257143 -0.0018 0.0001875 0.000488038 -0.000311037 -0.00117391 -0.000108808 -0.00194845 -0.000157895 -0.003 -0.00438462 -0.00188372 0.000142857 0.00175 0.0012 -0.000809524 -0.003 0.00134273 0.000559322
internal_weight=1941 991 901 90 793 345 51 294 219 138 81 70 50 448 418 299 230 193 97 76 85 65 43 42 96 950 63 40 887 295
internal_count=1941 991 901 90 793 345 51 294 219 138 81 70 50 448 418 299 230 193 97 76 85 65 43 42 96 950 63 40 887 295
is_linear=0
shrinkage=0.03


Tree=247
num_leaves=31
num_cat=0
split_feature=24 2 56 27 11 28 40 28 42 8 9 10 2 31 24 28 43 46 41 6 11 33 33 44 2 27 9 10 27 35
split_gain=1.84803 1.67035 1.26445 0.996574 0.965641 0.912361 1.98593 0.994802 1.07225 0.909376 0.581976 0.5939 0.995494 0.56754 0.54141 0.488654 0.474084 0.445136 0.421769 0.666667 0.4 0.373932 0.678788 0.322144 0.325477 0.456269 0.283649 0.494281 0.537778 0.258511
threshold=170.55000000000004 389.16071430000005 7.4500000000000011 280.50000000000006 -0.93540483100319605 1006.5500000000001 531.46551339354176 1005.7500000000001 -43.40803575000001 1.5000000000000002 157.50000000000003 -0.95642797789208689 7795.0000000000009 966.0875000000002 319.05000000000007 1004.9500000000002 273.47678575000003 24.650000000000002 286.49197483746383 25.500000000000004 -0.98611507088852035 896.91428570000016 719.56250000000011 25.850000000000005 8573.1250000000018 298.50000000000006 138.50000000000003 0.41248606129204562 307.50000000000006 919.35982145000014
decision_type=2 2 2 2 2 2 2 2 2 2 2 2 2 2 2 2 2 2 2 2 2 2 2 2 2 2 2 2 2 2
left_child=10 2 -2 -4 16 6 -6 9 -9 -8 11 12 29 14 -7 -11 -3 21 -16 -20 -18 22 -17 -13 26 -26 27 28 -25 -1
right_child=1 4 3 -5 5 13 7 8 -10 15 -12 23 -14 -15 18 17 20 -19 19 -21 -22 -23 -24 24 25 -27 -28 -29 -30 -31
leaf_value=-0.0024233022253635685 -0.11274760338043002 0.026757175318383893 -0.049851693637687801 -0.017032460142543032 -0.064531591754213302 -0.04218510353707753 -0.026938732410006744 0.00015527499155808724 -0.20980880373412972 0.013320291281647691 -2.9872779006096112e-05 -4.4741353320280284e-05 -0.019024848337422014 -0.01932692778843087 3.4058503122120385 0.013239680401541682 -0.12341297442119926 -0.0070075596968254454 3.2585971344634248 -0.1582354229036925 0.62177763323600799 0.012196225721567765 -0.16424883595727258 -0.013203115143000261 0.0033725700142701182 -0.0042778785747791233 0.00049835387975438034 0.001448217368428478 0.00084918760027437572 0.00545125502215994
leaf_weight=20 32 147 20 21 32 25 39 25 27 100 29 32 26 21 93 22 20 23 27 27 20 36 20 20 23 20 902 40 25 27
leaf_count=20 32 147 20 21 32 25 39 25 27 100 29 32 26 21 93 22 20 23 27 27 20 36 20 20 23 20 902 40 25 27
internal_value=0.000233385 -0.000899614 -0.00521918 -0.00870732 -0.000451704 -0.00111992 -0.00209259 -0.00131507 -0.00507692 -0.0005 0.000989691 0.00109692 -0.00152055 0.000512953 0.0010814 0.000313433 0.00139572 -0.00115842 0.00177551 -0.000333333 -0.0015 -7.6923e-05 -0.002 0.00127684 0.00136893 -0.00118605 0.00148024 -0.00017647 -0.00233333 0.00108511
internal_weight=1941 777 73 41 704 517 324 292 52 240 1164 1135 73 193 172 201 187 101 147 54 40 78 42 1062 1030 43 987 85 45 47
internal_count=1941 777 73 41 704 517 324 292 52 240 1164 1135 73 193 172 201 187 101 147 54 40 78 42 1062 1030 43 987 85 45 47
is_linear=0
shrinkage=0.03


Tree=248
num_leaves=31
num_cat=0
split_feature=24 2 56 37 8 16 1 51 43 2 28 19 43 10 9 10 2 3 35 31 23 33 44 15 26 3 36 33 19 46
split_gain=2.00259 1.73061 1.26445 1.718 0.773093 1.09277 1.19168 1.92776 1.28533 0.676395 1.38673 0.759916 0.634024 1.16958 0.625656 0.668048 0.995494 0.487497 0.392619 0.378695 0.580331 0.514668 0.360035 0.29341 0.410715 0.993057 0.297076 0.448426 0.268053 0.56821
threshold=170.55000000000004 389.16071430000005 7.4500000000000011 176.95892855000002 2.5000000000000004 24.450000000000003 2676.3571430000006 735.50000000000011 1.0000000180025095e-35 6049.6071430000011 1005.7500000000001 47.500000000000007 -68.814285640499989 -0.32143946530316159 157.50000000000003 -0.95642797789208689 7795.0000000000009 6320405.9375000009 1184.6642860000004 966.0875000000002 230.50000000000003 1133.0267855000004 25.850000000000005 87.500000000000014 4.8500000000000005 6535062.3750000009 384.05892855000008 12.350000000000001 2.5000000000000004 25.650000000000002
decision_type=2 2 2 2 2 2 2 2 2 2 2 2 2 2 2 2 2 2 2 2 2 2 2 2 2 2 2 2 2 2
left_child=14 2 -2 -4 5 6 -3 8 -8 11 17 19 -9 -14 15 16 -1 -11 -19 -6 21 -21 -17 24 25 -24 -26 28 29 -28
right_child=1 4 3 -5 9 -7 7 12 -10 10 -12 -13 13 -15 -16 22 -18 18 -20 20 -22 -23 23 -25 26 -27 27 -29 -30 -31
leaf_value=0.00096069422031125242 -0.10936517527901721 0.034435719371467936 -0.036246101288402222 -0.02927643184932837 1.7264967148092525 0.022583504880854029 -0.042945690810302008 0.0081095417417205544 -0.049296933167664543 -0.037236939957962616 -0.1012496992570229 -0.084203927581673721 -0.10079848773909046 0.00033357373425300962 -2.8976595635913227e-05 -4.3399112720671883e-05 -0.018454102887299338 0.0032880313768361307 -0.0085352692696051679 0.7530881109064248 -0.093118622335474632 -0.25376416819029396 0.00033483804299018927 0.00050727681579609005 0.0072365661358531706 -0.00047822192168537058 0.0020602011874798101 -9.9248121797125007e-05 0.00024445208205697106 -0.00014681869822859929
leaf_weight=47 32 26 20 21 186 55 21 33 38 33 21 20 20 39 29 32 26 89 20 63 20 20 55 232 285 36 135 34 159 94
leaf_count=47 32 26 20 21 186 55 21 33 38 33 21 20 20 39 29 32 26 89 20 63 20 20 55 232 285 36 135 34 159 94
internal_value=0.000357033 -0.000822394 -0.00521918 -0.00870732 -0.000366477 -0.00178448 -0.0029322 -0.00395364 -0.00818644 0.000330509 -0.00123313 0.00115534 -0.00123913 -0.00310169 0.00114433 0.00125551 -0.00152055 -0.000169014 0.000798165 0.00154671 8.73788e-05 0.00119277 0.00144633 0.00154369 0.00127068 -0.000626374 0.00151485 0.00100948 0.00129897 0.000641921
internal_weight=1941 777 73 41 704 232 177 151 59 472 163 309 92 59 1164 1135 73 142 109 289 103 83 1062 1030 798 91 707 422 388 229
internal_count=1941 777 73 41 704 232 177 151 59 472 163 309 92 59 1164 1135 73 142 109 289 103 83 1062 1030 798 91 707 422 388 229
is_linear=0
shrinkage=0.03


Tree=249
num_leaves=31
num_cat=0
split_feature=24 2 53 28 42 10 6 2 52 39 43 58 27 46 15 8 9 30 53 10 43 3 42 18 18 3 57 38 20 51
split_gain=2.01824 1.24031 1.37209 0.814881 0.694444 0.660348 0.816984 0.972001 1.37567 2.85049 0.863967 0.860656 0.843006 0.653579 1.38594 1.15227 0.620501 0.533756 0.916667 0.529018 0.738509 0.366596 0.313636 0.287978 0.627548 0.727058 0.651042 0.287818 0.679389 0.821007
threshold=138.85000000000002 389.16071430000005 62.500000000000007 1008.0500000000001 38.242857145000009 -0.32143946530316159 17.500000000000004 7452.5892855000011 596.50000000000011 729.16406250000011 -227.33214289999998 1005.7500000000001 280.50000000000006 24.550000000000004 63.500000000000007 3.5000000000000004 157.50000000000003 1085.9000000000003 198.50000000000003 -0.95642797789208689 -122.56160714999999 6335789.0625000009 -78.955357099999972 21.500000000000004 15.500000000000002 6370377.6250000009 270.50000000000006 1.0000000180025095e-35 99.500000000000014 1.0000000180025095e-35
decision_type=2 2 2 2 2 2 2 2 2 2 2 2 2 2 2 2 2 2 2 2 2 2 2 2 2 2 2 2 2 2
left_child=16 2 4 -4 -2 6 -3 8 9 10 -8 -10 -13 14 17 -16 19 -7 -19 20 -1 -9 -23 24 27 -26 -27 28 29 -21
right_child=1 5 3 -5 -6 13 7 21 11 -11 -12 12 -14 -15 15 -17 -18 18 -20 23 -22 22 -24 -25 25 26 -28 -29 -30 -31
leaf_value=-0.023381593162722213 -0.033185688367065397 0.0099280775118172331 -0.065457712694120415 -0.081926716850618711 0.24070599389717465 0.019750683240929323 0.00047113359480416891 -0.055648806339761665 0.037157828260573719 -0.22077277771831763 -0.055483972585416541 -0.00091418480156654671 -0.097946745007516975 2.6487185424130453 -0.13844785861527539 0.067493919553993087 -2.810729776683583e-05 0.0038396538233274073 -0.082619607315031152 0.00033899921853934584 0.0014749788164058147 -0.0058766750174991641 0.0078226313952345656 0.00056814570757752038 0.0019072527303290996 -0.002111326670692971 -0.006618301216194133 0.016077690734665827 -1.6122646293963011e-05 -0.00058006486120265187
leaf_weight=31 20 76 28 20 25 141 31 20 35 26 38 38 23 108 20 24 29 44 22 310 39 20 46 404 37 40 24 142 52 28
leaf_count=31 20 76 28 20 25 141 31 20 35 26 38 38 23 108 20 24 29 44 22 310 39 20 46 404 37 40 24 142 52 28
internal_value=0.000310665 -0.000838509 -0.00409677 -0.007625 -0.000333333 -0.000412921 -0.00133428 -0.00209025 -0.00328272 -0.00584211 -0.00265217 -0.00075 -0.00290164 0.000493036 -0.000346613 -0.00518182 0.001125 0.00068116 -0.00154545 0.00123848 -0.00128571 0.00055814 0.00163636 0.00140887 0.00100948 -0.00115842 -0.00309375 0.00142105 0.001 0.00149112
internal_weight=1941 805 93 48 45 712 353 277 191 95 69 96 61 359 251 44 1136 207 66 1107 70 86 66 1037 633 101 64 532 390 338
internal_count=1941 805 93 48 45 712 353 277 191 95 69 96 61 359 251 44 1136 207 66 1107 70 86 66 1037 633 101 64 532 390 338
is_linear=0
shrinkage=0.03


Tree=250
num_leaves=31
num_cat=0
split_feature=54 54 37 57 57 56 44 31 56 39 28 37 19 57 12 31 20 41 31 41 10 43 33 48 12 57 11 44 28 42
split_gain=1.79815 1.75261 1.4638 0.767416 1.24008 1.46098 1.23356 2.4135 1.37767 0.829541 0.89966 0.825368 0.737805 0.659672 0.596361 0.529015 0.50679 0.427907 0.385326 0.503226 0.371489 0.448443 0.356497 0.616935 0.541505 0.671842 0.981712 0.474386 0.450092 0.399721
threshold=170.55000000000004 251.70000000000002 195.92857145000002 293.50000000000006 276.50000000000006 11.750000000000002 32.250000000000007 783.35535715000003 17.650000000000002 317.69832589625008 1006.9500000000002 1148.9428570000002 27.500000000000004 281.50000000000006 0.41886391893847991 1182.0312500000002 41.500000000000007 288.14284533621122 719.56250000000011 236.26791514762348 -0.95642797789208689 -100.70892857149998 66.478571430000017 1.0000000180025095e-35 0.59608197715088396 51.500000000000007 0.58216583101416119 29.150000000000002 1008.5500000000001 -160.51249995000003
decision_type=2 2 2 2 2 2 2 2 2 2 2 2 2 2 2 2 2 2 2 2 2 2 2 2 2 2 2 2 2 2
left_child=14 2 -2 4 9 -6 7 8 17 10 -3 13 16 -8 -1 18 -5 -7 19 -11 21 -16 23 24 25 -22 -27 -26 -25 -24
right_child=1 3 -4 12 5 6 11 -9 -10 15 -12 -13 -14 -15 20 -17 -18 -19 -20 -21 22 -23 29 28 27 26 -28 -29 -30 -31
leaf_value=-2.7264078833830758e-05 -0.18460720042689813 -0.044130690391315022 -0.012255163905419078 0.018892689854704627 2.7363984305104778 0.007276198486283832 -0.044778866022263178 -0.14793223136400008 -0.1155898608447464 -0.035706741674118199 1.1719946596072659 -0.1654076739997774 -0.1107962912825987 0.02657109186384133 -0.021131947905115751 -0.017111783722682215 -0.034635305604445617 -0.050312719816839782 0.037034095125504804 0.016481198986166231 0.00016684504193146179 0.0018120547713645608 -0.098915183122010877 0.0004150051569730804 0.00037935211985839286 -0.045895556115202324 -3.2205975245989341e-06 -0.033564424025072946 -0.019623490560817112 0.0090055361388907528
leaf_weight=29 25 28 23 185 36 23 31 27 26 23 21 26 20 63 32 26 20 20 103 51 27 25 20 690 75 23 44 20 20 159
leaf_count=29 25 28 23 185 36 23 31 27 26 23 21 26 20 63 32 26 20 20 103 51 27 25 20 690 75 23 44 20 20 159
internal_value=0.000295209 -0.000822394 -0.006375 -0.00045679 -0.00110714 -0.00259524 -0.00352778 -0.0060625 -0.00308696 0.000380952 -0.00312245 -0.0015 0.001 -0.000191489 0.00104124 0.0012266 0.00153659 0.000209302 0.00181356 0.000162162 0.00114978 -0.00121053 0.00127458 0.00103115 -0.000492063 -0.00210638 -0.00371642 0.00110526 0.00143662 0.00249721
internal_weight=1941 777 48 729 504 252 216 96 69 252 49 120 225 94 1164 203 205 43 177 74 1135 57 1078 899 189 94 67 95 710 179
internal_count=1941 777 48 729 504 252 216 96 69 252 49 120 225 94 1164 203 205 43 177 74 1135 57 1078 899 189 94 67 95 710 179
is_linear=0
shrinkage=0.03


Tree=251
num_leaves=31
num_cat=0
split_feature=24 2 3 56 9 10 3 58 42 49 2 3 49 51 21 28 21 30 3 10 3 32 2 42 19 3 34 20 40 15
split_gain=1.87382 1.50608 1.07034 1.1983 0.640568 0.599004 0.823255 1.02241 1.06061 0.782534 0.585387 0.59161 0.817425 0.963333 0.524635 1.75301 1.64626 0.868639 0.606457 0.506815 0.777637 0.363525 0.398721 0.280193 0.2625 0.237082 0.229865 0.315899 0.547635 0.297735
threshold=170.55000000000004 389.16071430000005 6405398.0000000009 7.4500000000000011 157.50000000000003 -0.32143946530316159 6332731.2855000012 1005.2500000000001 -26.255357154999988 4.5000000000000009 7322.7142855000011 6587869.5715000005 2.5000000000000004 757.00000000000011 675.50000000000011 1006.85 619.50000000000011 1259.0250000000003 6279643.5715000005 -0.95642797789208689 7089669.5000000009 805.65625000000011 5921.7500000000009 -98.543750000000031 37.500000000000007 6283678.7500000009 66.478571430000017 99.500000000000014 13.815029761979149 87.500000000000014
decision_type=2 2 2 2 2 2 2 2 2 2 2 2 2 2 2 2 2 2 2 2 2 2 2 2 2 2 2 2 2 2
left_child=4 2 3 -2 19 6 7 9 -9 25 11 21 13 -13 15 -7 18 -16 -17 20 24 22 -8 -12 -1 -3 27 29 -29 -21
right_child=1 5 -4 -5 -6 14 10 8 -10 -11 23 12 -14 -15 17 16 -18 -19 -20 26 -22 -23 -24 -25 -26 -27 -28 28 -30 -31
leaf_value=0.0013891375237867389 0.17973313890363174 -0.00010978110459594577 -0.29071472859465897 -0.02270737419767916 -2.6446156468815834e-05 -0.035355090011786813 -0.088984256832966041 -0.022489764197053286 -0.20544348391256273 -0.029638333474195051 0.00041818916081204637 -0.20216606501308718 0.0076621228213809506 -0.037497392145952178 0.015298661792231815 -0.05131307510534782 -0.12985645591589715 -0.016931419258268712 2.6505977039120148 0.00016878710298613475 -0.0060887237175644695 0.036763902514373843 0.020688329339766422 0.010904249955351313 -0.02694790102823726 0.0039834010562231478 0.0022477607558437571 -3.6447970197322937e-05 0.0013108307100457637 0.00045674876649424778
leaf_weight=28 22 21 26 25 29 20 21 22 20 20 23 20 29 30 175 20 20 21 103 552 25 33 22 58 20 26 248 32 31 199
leaf_count=28 22 21 26 25 29 20 21 22 20 20 23 20 29 30 175 20 20 21 103 552 25 33 22 58 20 26 248 32 31 199
internal_value=0.000434312 -0.000706564 -0.00480822 -0.00210638 0.00119588 -0.00028125 -0.00117391 -0.00333028 -0.007 -0.00102985 -0.000177966 -0.00125806 -0.00307595 -0.0054 0.000576602 -0.000680981 0.000482518 0.00162245 0.00178049 0.00130837 -0.00110959 0.000631579 -0.00118605 0.00188889 0.001125 0.00108511 0.00147458 0.00123096 -0.000809524 0.00140213
internal_weight=1941 777 73 47 1164 704 345 109 42 67 236 155 79 50 359 163 143 196 123 1135 73 76 43 81 48 47 1062 814 63 751
internal_count=1941 777 73 47 1164 704 345 109 42 67 236 155 79 50 359 163 143 196 123 1135 73 76 43 81 48 47 1062 814 63 751
is_linear=0
shrinkage=0.03


Tree=252
num_leaves=31
num_cat=0
split_feature=54 53 46 3 32 37 15 24 3 16 31 9 58 37 30 9 37 3 35 6 45 14 23 38 38 47 3 41 15 56
split_gain=1.51352 0.833338 0.952208 0.738259 1.02139 1.44089 1.28433 1.35387 0.857994 1.35969 1.06055 0.946711 0.871385 0.948605 0.695548 0.659561 0.528992 0.718946 0.341566 0.319125 1 0.25974 0.259536 0.777051 1.61333 0.227983 0.392619 0.284717 0.226842 0.678763
threshold=51.300000000000004 181.00000000000003 22.950000000000003 6312448.5835000006 902.08125000000007 395.94910715000003 73.500000000000014 415.65000000000003 6363516.2500000009 25.150000000000002 455.33571430000006 148.50000000000003 1006.4500000000002 802.69880950000004 1230.1714290000002 157.50000000000003 167.00000000000003 6625868.7855000012 952.86875000000009 26.500000000000004 58.500000000000007 32.250000000000007 68.500000000000014 35.908407737500006 192.07522321250002 47.500000000000007 6305735.6785000013 227.64303600054251 86.500000000000014 6.5500000000000007
decision_type=2 2 2 2 2 2 2 2 2 2 2 2 2 2 2 2 2 2 2 2 2 2 2 2 2 2 2 2 2 2
left_child=15 2 -2 4 5 6 7 -4 18 10 16 12 -12 -14 19 22 17 -10 -5 25 -21 -13 23 28 -25 -3 -27 -28 29 -1
right_child=1 14 3 8 -6 -7 -8 -9 9 -11 11 21 13 -15 -16 -17 -18 -19 -20 20 -22 -23 -24 24 -26 26 27 -29 -30 -31
leaf_value=-3.3353560632683605e-05 0.09997606135752142 2.2352400965106853 -0.045859702543282005 0.014815564150848686 -0.026424251286042765 0.017575731760377314 0.0016018234850741964 -0.026977345993795497 -0.057553294295194325 -0.18710151610855966 -0.10823817640751406 0.012067704819386302 0.70389952664559807 -0.18718889590848792 -0.34738028887708478 -2.565277177475136e-05 0.020545192382207422 0.0046621039176680344 -0.056941354575490932 0.0058319058259073079 -0.0587827458526382 -0.047501654193473589 3.8268687215488248 -0.05041361504281703 0.75376043681669314 -0.20386827664723764 -0.11731975945386638 0.088560052106911036 0.00035350962003926885 0.00059718249724244679
leaf_weight=113 47 111 22 63 22 48 24 21 21 36 27 20 24 25 20 29 80 37 20 25 20 35 82 20 30 20 20 69 282 528
leaf_count=113 47 111 22 63 22 48 24 21 21 36 27 20 24 25 20 29 80 37 20 25 20 35 82 20 30 20 20 69 282 528
internal_value=0.000511592 -0.000430572 -0.00109091 -0.00145714 -0.00335036 -0.00221739 -0.0050597 -0.00816279 -0.00078866 -0.00152459 -0.000791821 -0.00272519 -0.00489474 -0.0025102 0.000894737 0.00125646 0.00104348 -0.00113793 0.00191566 0.00130189 -0.001 0.000272727 0.00137915 0.00124255 -0.0024 0.00177273 0.000798165 0.00165169 0.00143987 0.00112793
internal_weight=1941 857 572 525 137 115 67 43 388 305 269 131 76 49 285 1084 138 58 83 265 45 55 1055 973 50 220 109 89 923 641
internal_count=1941 857 572 525 137 115 67 43 388 305 269 131 76 49 285 1084 138 58 83 265 45 55 1055 973 50 220 109 89 923 641
is_linear=0
shrinkage=0.03


Tree=253
num_leaves=31
num_cat=0
split_feature=24 19 8 46 51 49 27 47 39 37 46 27 17 51 6 9 31 47 42 23 38 37 20 35 28 48 14 44 26 35
split_gain=1.97654 1.02887 1.17214 2.16074 2.44464 0.857143 0.814884 0.877241 0.97795 1.05516 1.75607 1.51309 0.783224 0.646027 0.715639 0.63309 0.520833 0.454816 0.348022 0.407792 0.68906 0.986896 0.344447 0.939394 0.350812 0.651715 0.476725 0.510102 0.950722 0.544881
threshold=170.55000000000004 49.500000000000007 2.5000000000000004 23.750000000000004 735.50000000000011 1.0000000180025095e-35 294.50000000000006 34.500000000000007 234.44408481625001 523.18035715000008 23.750000000000004 280.50000000000006 1.0000000180025095e-35 252.50000000000003 26.500000000000004 157.50000000000003 805.65625000000011 1.5000000000000002 -160.51249995000003 61.500000000000007 33.727901786250008 177.95714285000003 99.500000000000014 164.37142855000002 1006.9500000000002 54.500000000000007 28.550000000000004 28.750000000000004 9.9500000000000011 728.71875000000011
decision_type=2 2 2 2 2 2 2 2 2 2 2 2 2 2 2 2 2 2 2 2 2 2 2 2 2 2 2 2 2 2
left_child=15 2 3 4 5 -2 7 8 -4 -10 11 -11 -12 -5 17 18 -6 -15 -1 20 22 -22 24 -24 -20 26 -26 28 -28 -29
right_child=1 -3 6 13 16 -7 -8 -9 9 10 12 -13 -14 14 -16 -17 -18 -19 19 -21 21 -23 23 -25 25 -27 27 29 -30 -31
leaf_value=-0.053874256097041467 -0.063219977328908411 -0.12159874754216377 -0.069202480545364334 -0.017970948816641713 0.0040003166890051423 -0.020351288825302027 0.028527900520221857 1.4602937026922471 0.0063849336293986137 -0.0043295860144474604 -0.19705228464201807 -0.22782685959089644 0.91404467771868636 -0.001292816394897243 -0.12073031370226915 -2.4883188621508819e-05 -0.059693233590084868 0.035714610357374506 0.00043700700997524247 1.3823135953639893 -0.027850556731238745 0.01961128190228598 -3.2921180873036897e-05 0.0014585407139151997 0.00065867093184209847 -0.00020304357057630948 -0.012439371162956772 0.00053932374064125121 0.0007744267198033436 -0.042666792499126104
leaf_weight=22 21 20 32 35 24 21 156 89 92 23 23 20 65 24 20 29 24 88 539 121 31 39 33 31 141 20 36 73 29 20
leaf_count=22 21 20 32 35 24 21 156 89 92 23 23 20 65 24 20 29 24 88 539 121 31 39 33 31 141 20 36 73 29 20
internal_value=0.000387944 -0.000783784 -0.000606341 -0.00225292 -0.006 -0.0112857 0.00024 -0.000575581 -0.00147059 -0.000766816 -0.00249618 -0.00746512 -6.81817e-05 -0.000233533 0.000727273 0.0011701 -0.001375 0.00166071 0.00128194 0.0013558 0.00115524 -0.00171429 0.0013731 -0.00075 0.00153147 0.000742947 0.00109365 -3.79746e-05 -0.00207692 0.0013871
internal_weight=1941 777 757 257 90 42 500 344 255 223 131 43 88 167 132 1164 48 112 1135 1113 992 70 922 64 858 319 299 158 65 93
internal_count=1941 777 757 257 90 42 500 344 255 223 131 43 88 167 132 1164 48 112 1135 1113 992 70 922 64 858 319 299 158 65 93
is_linear=0
shrinkage=0.03


Tree=254
num_leaves=31
num_cat=0
split_feature=24 19 28 34 19 54 28 35 50 6 12 27 47 18 18 5 6 38 3 36 11 26 16 3 35 2 38 35 32 35
split_gain=2.44063 0.999962 0.977049 3.07384 2.96593 1.31414 1.16965 0.928246 0.772595 0.768182 0.666724 0.649276 0.714312 0.812487 1.1006 0.394046 0.379359 0.840278 0.365803 0.370313 0.947448 0.45173 1.26669 0.413081 0.395778 0.542373 0.515341 0.319149 0.454545 0.285
threshold=138.85000000000002 49.500000000000007 1006.9500000000002 486.48303570000002 1.5000000000000002 530.65000000000009 1005.6500000000002 12.693750000000003 37.000000000000007 26.500000000000004 0.41886391893847991 293.50000000000006 19.500000000000004 3.5000000000000004 8.5000000000000018 1.0000000180025095e-35 26.500000000000004 722.07410713750016 6383439.2145000007 969.10535715000015 0.97335555334614954 6.8500000000000005 25.150000000000002 6636077.7320000008 794.49553570000012 7396.1607145000007 26.270535713750004 509.62857145000004 874.45000000000016 1032.7062500000002
decision_type=2 2 2 2 2 2 2 2 2 2 2 2 2 2 2 2 2 2 2 2 2 2 2 2 2 2 2 2 2 2
left_child=10 2 3 4 5 -2 -6 16 11 -9 -1 12 13 15 -15 -5 -4 -18 -12 20 21 22 -20 -24 -23 -26 -27 -17 -29 -13
right_child=1 -3 7 8 6 -7 -8 9 -10 -11 18 29 -14 14 -16 27 17 -19 19 -21 -22 24 23 -25 25 26 -28 28 -30 -31
leaf_value=-2.4136692962863554e-05 -0.067715282671343968 -0.11795078511589924 1.4729264460916365 -0.066982009555978453 -0.062305652107726539 -0.055771308382836934 3.9348037380115017 0.003684586455269985 -0.024585429686271993 -0.071634805116224984 0.00050453758501749831 0.015959907470845039 0.030689956869417952 -0.18341945847770194 -0.00027722806540362915 0.014105538594036232 1.8629075943333344 -0.091176284427209889 -0.0163699976817159 0.000283014039335304 -4.6839238367249248e-05 0.0012421123134870404 -0.00014877321510531604 0.0042790546263018594 0.0024003986978663821 5.6067956381200333e-05 -0.024584588979979023 0.0066419518930485276 -0.082907254031925282 0.00063491750577686411
leaf_weight=29 27 20 148 33 23 23 28 44 25 20 448 76 72 20 28 30 64 36 30 95 33 300 35 48 59 39 20 44 20 24
leaf_count=29 27 20 148 33 23 23 28 44 25 20 448 76 72 20 28 30 64 36 30 95 33 300 35 48 59 39 20 44 20 24
internal_value=0.000387944 -0.000875776 -0.000707006 -0.0015666 -0.00620792 -0.0114 -0.00111765 0.000596154 -0.000306451 -0.002625 0.00128345 6.05188e-05 -0.000765182 -0.0018 -0.005125 -0.000543307 0.00142742 1.11759e-10 0.00140108 0.000951442 0.000659575 0.000966102 -0.000716814 0.00119277 0.00142105 -5.08473e-05 -0.00208475 0.000446809 -0.00075 0.0021
internal_weight=1941 805 785 473 101 50 51 312 372 64 1136 347 247 175 48 127 248 100 1107 659 564 531 113 83 418 118 59 94 64 100
internal_count=1941 805 785 473 101 50 51 312 372 64 1136 347 247 175 48 127 248 100 1107 659 564 531 113 83 418 118 59 94 64 100
is_linear=0
shrinkage=0.03


Tree=255
num_leaves=31
num_cat=0
split_feature=24 52 52 57 55 46 52 58 31 3 3 6 31 48 40 40 49 30 44 11 24 3 56 18 57 36 36 31 9 20
split_gain=2.48998 0.996052 1.69673 0.919686 0.910323 0.89395 1.78687 2.23406 2.44212 0.990476 1.02889 0.821051 1.50016 0.631417 0.753667 0.625199 0.575002 0.484848 0.459927 0.565179 0.637157 0.753463 0.494578 0.669192 1.06522 0.54375 0.773244 0.369231 0.318422 0.856405
threshold=138.85000000000002 136.00000000000003 81.500000000000014 261.50000000000006 252.50000000000003 23.750000000000004 596.50000000000011 1006.85 455.33571430000006 7312872.9285000013 6266552.3570000008 26.500000000000004 800.00000000000011 3.5000000000000004 688.46759672416681 781.94635417708332 11.500000000000002 295.05803570000006 27.650000000000002 0.96592582628906831 16.900000000000002 6649575.2855000012 6.4500000000000011 41.500000000000007 326.50000000000006 847.42142855000009 990.98750000000007 1141.1357145000002 139.50000000000003 55.500000000000007
decision_type=2 2 2 2 2 2 2 2 2 2 2 2 2 2 2 2 2 2 2 2 2 2 2 2 2 2 2 2 2 2
left_child=18 2 3 -2 -4 6 7 8 -3 10 -7 27 17 -8 -15 -10 -5 -13 19 20 -1 -22 23 25 -25 -20 -27 -12 29 -24
right_child=1 5 4 16 -6 9 13 -9 15 -11 11 12 -14 14 -16 -17 -18 -19 22 -21 21 -23 28 24 -26 26 -28 -29 -30 -31
leaf_value=0.00076658302377902881 -0.028292022285868471 0.014585827603922984 -0.076929142762437591 0.0079647712314512668 -0.037434446341374127 -0.11582840659745866 0.0092905206118620593 0.015863154942557245 -0.061920480605312918 -0.092829898644274975 0.063964259657119049 -0.042007407750743332 -0.33251070612928568 0.0074227523735512953 -0.016847143574335418 -0.16579146216105889 -0.048868781843186965 0.097778879223522186 0.00075748676456313159 -2.1196212238050497e-05 0.015712410301211482 -0.060790733643955992 0.0016474988072869609 -0.021155605648015711 0.0023345615095475402 -0.00022884256163013578 0.00027782837038207791 0.00083119632129337372 0.0008411432081286193 -0.0074889195402718239
leaf_weight=215 32 20 27 62 20 27 91 44 33 20 208 20 22 22 23 24 23 55 122 32 20 22 67 23 23 20 26 32 542 24
leaf_count=215 32 20 27 62 20 27 91 44 33 20 208 20 22 22 23 24 23 55 122 32 20 22 67 23 23 20 26 32 542 24
internal_value=0.000326121 -0.00095031 -0.00303659 -0.00110256 -0.00785106 -0.000416537 -0.00178599 -0.00443802 -0.00751948 0.0005 0.000857143 0.00130861 -0.00102062 0.00057353 -0.00233333 -0.0106842 0.000529412 0.001 0.00123063 0.000197232 0.00066537 -0.00271429 0.00158324 0.000336449 -0.00286957 0.00121429 -0.00156522 0.00225 0.00200474 0.000362637
internal_weight=1941 805 164 117 47 641 257 121 77 384 364 337 97 136 45 57 85 75 1136 289 257 42 847 214 46 168 46 240 633 91
internal_count=1941 805 164 117 47 641 257 121 77 384 364 337 97 136 45 57 85 75 1136 289 257 42 847 214 46 168 46 240 633 91
is_linear=0
shrinkage=0.03


Tree=256
num_leaves=31
num_cat=0
split_feature=24 19 58 34 50 34 38 30 50 14 37 6 18 40 11 24 28 31 14 18 57 2 9 56 45 45 16 18 43 2
split_gain=2.33305 1.02259 0.937007 4.26964 2.75207 0.857143 0.854062 0.888619 0.836821 0.725925 0.547076 0.5415 0.938857 0.609989 0.512651 0.561354 0.469378 1.11547 0.458009 0.393794 0.584455 0.339496 0.338394 0.328626 0.488861 0.826457 0.405761 0.321047 0.315657 0.248076
threshold=138.85000000000002 49.500000000000007 1006.4500000000002 476.62857140000006 29.500000000000004 208.85267855000004 138.61450892875004 1243.1750000000002 37.000000000000007 27.650000000000002 705.46250000000009 26.500000000000004 12.500000000000002 759.95070683750009 0.96592582628906831 16.900000000000002 1005.7500000000001 950.34732145000009 27.150000000000002 1.5000000000000002 278.50000000000006 8678.5000000000018 157.50000000000003 6.4500000000000011 86.500000000000014 85.500000000000014 25.050000000000004 7.5000000000000009 -227.33214289999998 6676.8125000000009
decision_type=2 2 2 2 2 2 2 2 2 2 2 2 2 2 2 2 2 2 2 2 2 2 2 2 2 2 2 2 2 2
left_child=9 2 3 4 5 -2 -4 10 16 14 -8 13 -13 -12 15 22 19 -18 -17 29 28 23 -1 24 25 26 27 -11 -21 -5
right_child=1 -3 6 8 -6 -7 7 -9 -10 21 11 12 -14 -15 -16 18 17 -19 -20 20 -22 -23 -24 -25 -26 -27 -28 -29 -30 -31
leaf_value=0.00087271097669619523 -0.027825973118079991 -0.11210438727954926 -0.071207261643957603 0.031663413434534111 0.31227111428133109 -0.056235129621797289 1.0076812042171155 -0.067251497307421373 -0.022640435443470705 0.00043464156443351343 5.860046400821493 0.0067884387559590679 -0.1043977945745064 -0.071725992116172851 -2.0560325870908982e-05 0.0063070511582107172 -0.060164291555305373 0.043554801693975367 -0.036335776649568871 0.03013722529416556 -0.029876491660868046 -1.0417958462303943e-05 -2.7246530238364819e-05 0.0006795471878342363 0.00059774111004212032 -0.0024293200481110481 0.0010136941819465092 -0.0030778142163767107 -0.025597263571671611 0.0010212298351169778
leaf_weight=196 32 20 40 77 20 24 151 23 25 32 86 37 20 36 32 22 24 27 20 30 23 37 22 596 84 26 46 23 36 74
leaf_count=196 32 20 40 77 20 24 151 23 25 32 86 37 20 36 32 22 24 27 20 30 23 37 22 596 84 26 46 23 36 74
internal_value=0.000434312 -0.000801242 -0.000630573 -0.00166837 -0.00805263 -0.0114643 0.00040458 0.000875354 -0.000132911 0.00130986 0.00127273 0.000150838 -0.00226316 0.00127869 2.05481e-05 0.000461539 0.000319588 -0.00229412 -0.00271429 0.000875 -0.000707865 0.00175592 0.00107339 0.00188476 0.000867299 -0.000307086 0.000920792 -0.000818182 0.000727273 0.00180795
internal_weight=1941 805 785 392 76 56 393 353 316 1136 330 179 57 122 292 260 291 51 42 240 89 844 218 807 211 127 101 55 66 151
internal_count=1941 805 785 392 76 56 393 353 316 1136 330 179 57 122 292 260 291 51 42 240 89 844 218 807 211 127 101 55 66 151
is_linear=0
shrinkage=0.03


Tree=257
num_leaves=31
num_cat=0
split_feature=24 28 34 28 6 58 17 1 44 5 50 27 6 28 42 58 11 24 3 38 9 40 33 5 3 23 53 58 58 30
split_gain=2.80061 1.05916 1.64188 3.15551 2.26568 1.57635 2.23536 0.848416 0.811946 0.770587 0.669405 0.816307 0.764809 0.710377 1.44993 1.2326 0.504484 0.552169 0.753463 0.486496 0.33378 0.33367 0.498459 0.325682 0.275094 0.25963 0.421532 0.234234 0.222778 0.459574
threshold=138.85000000000002 1008.0500000000001 486.48303570000002 1006.85 18.500000000000004 1007.4500000000002 30.500000000000004 3226.2857145000003 27.650000000000002 22.500000000000004 37.000000000000007 293.50000000000006 21.500000000000004 1005.6500000000002 -43.40803575000001 1006.5500000000001 0.96592582628906831 16.900000000000002 6649575.2855000012 672.58035713750007 157.50000000000003 756.01156995625013 927.76250000000016 22.500000000000004 6295617.8660000013 5.5000000000000009 4.5000000000000009 1008.1500000000002 1008.9500000000002 809.55000000000007
decision_type=2 2 2 2 2 2 2 2 2 2 2 2 2 2 2 2 2 2 2 2 2 2 2 2 2 2 2 2 2 2
left_child=8 2 3 4 -2 -5 -7 -3 16 -6 11 12 21 19 23 -16 17 20 -19 -14 -1 -4 -23 -15 -13 26 27 -10 -9 -30
right_child=1 7 10 5 9 6 -8 28 25 -11 -12 24 13 14 15 -17 -18 18 -20 -21 -22 22 -24 -25 -26 -27 -28 -29 29 -31
leaf_value=0.0008726331679693441 -0.033727956816345044 -0.12730128953618916 0.058346149761157859 0.96251448063219547 -0.025025472863901388 0.34753252027745757 -0.11618744727907658 0.25594827352300759 0.00041687813661963968 -0.065044354825055425 -0.01887190572942973 0.0046315922464310183 0.0024494632894811849 0.031568534122962622 -0.14163088832343423 -0.031602626292171018 -1.994351609478171e-05 0.016331111291662086 -0.059028294645928542 -0.095441084130185899 -2.6429134331213874e-05 -0.22816386671861122 0.024804951862392628 -0.023477673012185396 0.013503689733932059 0.0080205813178627679 -0.0003309795642246843 -2.8105752465473993e-06 -0.10126586073727113 3.3210034862030966
leaf_weight=193 32 20 61 67 27 34 30 89 592 28 26 25 42 21 24 38 32 20 22 25 22 20 37 31 81 182 41 32 20 27
leaf_count=193 32 20 61 67 27 34 30 89 592 28 26 25 42 21 24 38 32 20 22 25 22 20 37 31 81 182 41 32 20 27
internal_value=0.0004034 -0.00095031 -0.00148382 -0.0036055 -0.00803448 -0.000664122 -0.00403125 0.00126923 0.00136268 -0.0117273 -0.000410673 -0.000111111 -0.000913043 -0.00213812 -0.00357895 -0.00667742 -1.03805e-05 0.000431907 -0.00271429 0.000313433 0.00104651 0.000966102 -0.00068421 0.000115385 0.00215094 0.00183117 0.00155639 0.00175 0.00211765 0.000446809
internal_weight=1941 805 649 218 87 131 64 156 1136 55 431 405 299 181 114 62 289 257 42 67 215 118 57 52 106 847 665 624 136 47
internal_count=1941 805 649 218 87 131 64 156 1136 55 431 405 299 181 114 62 289 257 42 67 215 118 57 52 106 847 665 624 136 47
is_linear=0
shrinkage=0.03


Tree=258
num_leaves=31
num_cat=0
split_feature=22 23 26 14 56 22 9 1 44 6 28 46 9 23 38 17 14 30 35 27 50 44 37 17 56 2 3 26 56 56
split_gain=2.8677 1.1287 1.04436 1.66328 1.27097 1.06667 1.06113 1.5403 1.82445 1.13593 0.961043 0.930748 0.68737 0.68712 0.722724 0.67566 0.562987 0.416158 0.562919 0.497124 0.459375 0.366989 0.36 0.335731 0.30062 0.295101 0.238977 0.251706 0.6946 0.354172
threshold=26.500000000000004 270.00000000000006 17.650000000000002 29.650000000000002 17.450000000000003 81.500000000000014 141.50000000000003 3178.6607145000003 32.050000000000004 25.500000000000004 1003.4500000000002 24.750000000000004 157.50000000000003 198.50000000000003 159.04977678250006 1.5000000000000002 31.350000000000005 910.72857145000012 874.45000000000016 290.50000000000006 1.0000000180025095e-35 25.850000000000005 651.56428570000014 41.500000000000007 15.850000000000003 8678.5000000000018 6346132.7145000007 4.3500000000000005 4.1500000000000012 13.050000000000002
decision_type=2 2 2 2 2 2 2 2 2 2 2 2 2 2 2 2 2 2 2 2 2 2 2 2 2 2 2 2 2 2
left_child=12 2 3 5 6 11 7 -5 16 24 -4 -2 21 14 -11 22 -9 18 -12 -20 -19 -1 -16 -17 -8 26 -23 28 -28 -29
right_child=1 -3 10 4 -6 -7 9 8 -10 13 17 -13 -14 -15 15 23 -18 20 19 -21 -22 25 -24 -25 -26 -27 27 29 -30 -31
leaf_value=-4.6784877316432424e-05 -0.047243353841139403 5.2475243706551202 -0.0068089440256217035 0.0087875332448451825 -0.034039354134250778 -0.11340615106915547 0.93604152048036926 -0.068203750054099149 -0.00081842855066585781 -0.076198241507253531 0.062088880947516051 -0.021220437311890033 -3.140901289010152e-05 -0.059077163047402785 0.0057316631256597219 0.018952425117510635 -0.055518529955855503 0.11243534064582249 0.0058805419595668804 -0.048264437727126408 -0.18980724206346267 0.00055419205020874093 -0.17555368829623247 -0.015454694081508607 -0.028921593461143234 -1.0021102451038402e-05 0.00033037516106073999 0.00042975424163056459 -0.00013477142507243317 0.00032088761154821735
leaf_weight=32 23 60 20 25 33 20 97 22 39 25 120 37 29 32 20 84 20 40 27 26 24 321 25 26 24 37 61 336 24 232
leaf_count=32 23 60 20 25 33 20 97 22 39 25 120 37 29 32 20 84 20 40 27 26 24 321 25 26 24 37 61 336 24 232
internal_value=0.000310665 -0.00097008 -0.00126452 -0.002 -0.00132203 -0.006 -0.000895216 -0.00350943 -0.00551852 -6.30629e-05 0.000315175 -0.004 0.00134888 -0.00138679 -0.000666667 9.67743e-05 -0.00985714 0.000848101 0.00161272 -0.000962264 -0.00121875 0.00147555 -0.003 0.00136364 0.0022562 0.00157567 0.00167556 0.0013461 -0.00017647 0.00157394
internal_weight=1941 869 809 552 472 80 439 106 81 333 257 60 1072 212 180 155 42 237 173 53 64 1043 45 110 121 1011 974 653 85 568
internal_count=1941 869 809 552 472 80 439 106 81 333 257 60 1072 212 180 155 42 237 173 53 64 1043 45 110 121 1011 974 653 85 568
is_linear=0
shrinkage=0.03


Tree=259
num_leaves=31
num_cat=0
split_feature=24 46 15 53 42 37 49 21 9 14 37 30 14 54 46 17 43 43 56 24 14 11 43 10 1 2 56 35 36 36
split_gain=2.85345 0.995131 3.40491 2.14084 1.70422 1.52256 2.199 2.52488 0.674589 0.652123 0.924406 1.3629 0.650849 0.802681 0.611717 0.525055 0.595238 0.47422 0.458431 0.45873 0.337005 0.730825 0.421481 0.447044 0.557771 0.331224 0.649921 0.286653 0.21523 0.426407
threshold=138.85000000000002 23.750000000000004 62.500000000000007 223.50000000000003 34.040178570000009 248.08303570000001 10.500000000000002 150.00000000000003 157.50000000000003 32.650000000000013 257.67857145000005 927.76250000000016 28.150000000000002 589.20000000000016 24.250000000000004 1.5000000000000002 -59.005357145000012 -77.130357149999966 14.15 319.05000000000007 27.650000000000002 0.97335555334614954 -86.894642849999983 0.68322629814330837 1557.1339285000001 8573.1250000000018 12.65 319.89375000000001 35.900000000000013 74.478571430000002
decision_type=2 2 2 2 2 2 2 2 2 2 2 2 2 2 2 2 2 2 2 2 2 2 2 2 2 2 2 2 2 2
left_child=8 2 3 9 -4 6 18 -8 20 10 -2 17 -7 -14 15 16 -15 -12 19 -3 21 22 -1 -24 -25 28 -27 -11 -22 -30
right_child=1 5 4 -5 -6 12 7 -9 -10 27 11 -13 13 14 -16 -17 -18 -19 -20 -21 25 -23 23 24 -26 26 -28 -29 29 -31
leaf_value=-0.026252099122159249 0.065764374932023389 -0.0015795874291102898 -0.1209816132599572 -0.073456487239089804 -0.0072669098043241188 -0.11000396653708111 -0.023962958042119488 -0.095102288837323815 -3.0466742503398476e-05 0.017613097073900175 -0.010917477786479796 -0.051132364116214753 0.47388412598313506 0.021943173865966184 -0.053960167213033046 0.026458211617221273 -0.33649332662927811 0.0098347042936913383 0.001313933926765603 -0.025954641719478654 0.067236423908331192 -4.2118637753683752e-05 0.0010058927970057593 0.00079336697305051234 -0.105322437281443 -0.00045244046110673713 0.0052101947399055201 -0.0091268817889129418 -0.00068326160115503233 0.00032156695712298413
leaf_weight=36 30 36 22 24 21 20 26 23 29 63 28 25 220 21 39 55 21 30 58 20 127 24 116 67 20 26 23 23 22 646
leaf_count=36 30 36 22 24 21 20 26 23 29 63 28 25 220 21 39 55 21 30 58 20 127 24 116 67 20 26 23 23 22 646
internal_value=0.000341577 -0.00102484 -0.00252632 -0.00103587 -0.0102558 -0.000283859 -0.00270552 -0.00802041 0.00130986 -1.50753e-05 -0.00151327 -0.00314458 0.000765958 0.0010618 -0.00075 0.000525773 -0.002 -0.00062069 -0.000421053 -0.00235714 0.00142818 0.000490494 0.000991632 0.00152217 -0.000103448 0.00172038 -0.000673469 0.00195349 0.00186792 0.00165269
internal_weight=1941 805 266 223 43 539 163 49 1136 199 113 83 376 356 136 97 42 58 114 56 1107 263 239 203 87 844 49 86 795 668
internal_count=1941 805 266 223 43 539 163 49 1136 199 113 83 376 356 136 97 42 58 114 56 1107 263 239 203 87 844 49 86 795 668
is_linear=0
shrinkage=0.03


Tree=260
num_leaves=31
num_cat=0
split_feature=24 33 28 26 19 16 44 27 6 41 45 10 30 34 13 28 35 34 3 28 36 11 23 60 26 16 44 57 27 56
split_gain=2.88005 1.55034 2.3888 3.17759 1.89677 1.8102 1.54286 1.14727 1.09684 1.20581 0.945518 0.735691 0.820606 0.903828 0.666724 0.537929 1.13438 1.21247 0.364002 0.340974 0.334424 0.715803 0.273338 0.519939 0.696691 0.492817 0.539264 0.276573 0.432535 0.32257
threshold=138.85000000000002 824.84375000000011 1006.85 12.65 47.500000000000007 23.750000000000004 31.950000000000003 212.00000000000003 25.500000000000004 344.65951327361932 77.500000000000014 -0.9103761370219875 242.59285715000001 617.91428570000005 -0.90800828101366193 1005.7500000000001 316.67142855000003 1023.6214285000002 6337680.7145000007 1003.6500000000002 969.10535715000015 0.97335555334614954 100.50000000000001 1.0000000180025095e-35 7.9500000000000011 24.750000000000004 26.950000000000003 299.50000000000006 308.50000000000006 5.9500000000000011
decision_type=2 2 2 2 2 2 2 2 2 2 2 2 2 2 2 2 2 2 2 2 2 2 2 2 2 2 2 2 2 2
left_child=14 2 3 -2 8 6 -5 -7 -4 10 -10 12 13 -9 -1 19 -17 -18 -16 -3 21 22 23 27 -25 26 -26 -20 -29 -30
right_child=1 15 4 5 -6 7 -8 11 9 -11 -12 -13 -14 -15 18 16 17 -19 20 -21 -22 -23 -24 24 25 -27 -28 28 29 -31
leaf_value=-2.9552740228296523e-05 -0.051711340235482212 -0.0032728543995139692 1.8047925078939491 -0.05312279145726035 -0.1448440377292958 -0.47169619096258658 -0.0087327436003886306 -0.033558728745153504 0.02717536106941993 -0.043995118144675625 -0.098877095137029775 0.022936195885566949 -0.023369060138082525 0.0069422837390473759 0.00052791927998878906 0.034645860707437547 -0.2206703621088186 -0.018460246870079935 0.00075195205138858183 0.0081372117744496052 0.00021563395427175148 -2.9520521713844471e-05 3.3939169786296057 -0.0054274571539081953 0.016105242166364431 0.0068452820998730745 -0.026593487210687723 -0.0022391310066443033 -0.00012366369917996331 0.00064374398606981305
leaf_weight=29 24 20 130 21 20 22 35 21 83 27 21 50 29 51 321 77 22 36 325 116 121 39 83 25 39 36 22 22 25 49
leaf_count=29 24 20 130 21 20 22 35 21 83 27 21 50 29 51 321 77 22 36 325 116 121 39 83 25 39 36 22 22 25 49
internal_value=0.000310665 -0.00106211 -0.002 -0.00411462 -9.60853e-05 -0.0030262 -0.00771429 -0.00150867 0.000586207 -0.00135114 0.000115385 -0.000576159 -0.0020495 -0.000333333 0.00128345 0.000785978 -0.000555555 -0.00372414 0.00140108 0.00211765 0.00105344 0.000789474 0.00103514 0.000790055 -0.000934426 0.000216495 -0.00142623 0.00128979 -0.000125 0.000972973
internal_weight=1941 805 534 253 281 229 56 173 261 131 104 151 101 72 1136 271 135 58 1107 136 786 665 626 543 122 97 61 421 96 74
internal_count=1941 805 534 253 281 229 56 173 261 131 104 151 101 72 1136 271 135 58 1107 136 786 665 626 543 122 97 61 421 96 74
is_linear=0
shrinkage=0.03


Tree=261
num_leaves=31
num_cat=0
split_feature=24 21 46 36 12 16 15 30 42 3 12 17 43 35 35 47 26 57 36 3 6 6 44 57 12 2 17 56 2 35
split_gain=2.51483 1.29753 2.30859 1.4752 0.981991 0.763949 1.48201 1.815 0.757899 1.564 0.643405 0.62004 0.5625 0.538105 0.981761 0.633182 0.625 0.52433 0.91978 0.35368 0.314441 0.625 0.307161 0.326468 0.654422 1.18575 0.268923 0.260213 0.327273 0.656448
threshold=138.85000000000002 373.50000000000006 23.750000000000004 77.07053571500002 0.51018811501624672 23.750000000000004 58.500000000000007 987.0571428500001 31.921428600000031 6320405.9375000009 0.41886391893847991 1.5000000000000002 -59.005357145000012 934.03482145000009 1141.1357145000002 57.500000000000007 12.750000000000002 286.50000000000006 2.7142857145000003 6337680.7145000007 26.500000000000004 29.500000000000004 25.850000000000005 297.50000000000006 0.60980454008255491 0.56250000000000011 22.500000000000004 16.650000000000002 7918.0000000000009 32.322321430000009
decision_type=2 2 2 2 2 2 2 2 2 2 2 2 2 2 2 2 2 2 2 2 2 2 2 2 2 2 2 2 2 2
left_child=10 2 -2 4 -4 6 17 8 9 -8 -1 12 -7 15 -15 -6 -17 18 -3 -12 -13 -22 -21 27 26 -26 -25 -24 29 -29
right_child=1 5 3 -5 13 11 7 -9 -10 -11 19 20 -14 14 -16 16 -18 -19 -20 22 21 -23 23 24 25 -27 -28 28 -30 -31
leaf_value=-2.8666158021447628e-05 -0.026792832866857259 -0.033223104139226051 -0.048642257411609519 -0.090048864323825861 0.014068809411279679 0.0081470324247789952 -0.017921591758634583 -0.086936393881381566 0.0065375296529916168 -0.00078921731430084885 0.0005120817015891254 0.077879731805962665 -0.21958394954130522 -0.032452495253574028 0.0023362670515000576 -0.12535996121726226 0.0052623666859283307 0.37662363215800376 3.7824500494937503 -5.6075309170216346e-05 -0.10969031082686044 4.7120801100634777 0.00092160490104690475 -7.2756027139165839e-05 0.00017101351597618406 -0.00028707433945614408 0.00022289832090051535 0.0016846276689064948 0.00032774282760189403 -0.00049471414074414891
leaf_weight=29 22 39 39 22 87 32 22 20 43 35 321 184 32 23 36 20 20 58 31 30 20 20 461 26 33 26 120 23 24 43
leaf_count=29 22 39 39 22 87 32 22 20 43 35 321 184 32 23 36 20 20 58 31 30 20 20 461 26 33 26 120 23 24 43
internal_value=0.000295209 -0.000987578 -0.00268773 -0.0018583 -0.00113333 -0.000134328 -0.00135484 -0.00375 -0.0021 -0.00436842 0.00120423 0.000916667 -0.0016875 -0.000225806 -0.00259322 0.000874016 -0.00225 0.000890625 -0.000857143 0.00131978 0.00166071 -0.00075 0.000977099 0.00109524 7.31708e-05 -0.00259322 0.00115069 0.0014755 1.11759e-10 -0.00109091
internal_weight=1941 805 269 247 225 536 248 120 100 57 1136 288 64 186 59 127 40 128 70 1107 224 40 786 756 205 59 146 551 90 66
internal_count=1941 805 269 247 225 536 248 120 100 57 1136 288 64 186 59 127 40 128 70 1107 224 40 786 756 205 59 146 551 90 66
is_linear=0
shrinkage=0.03


Tree=262
num_leaves=31
num_cat=0
split_feature=24 33 28 16 14 19 6 9 40 43 18 33 19 5 9 24 1 58 47 34 8 18 1 23 34 27 42 27 27 14
split_gain=2.01824 1.3667 1.73592 2.49997 2.1661 1.31152 1.2298 1.13008 1.05457 1.00986 0.94611 0.981818 0.886506 0.773986 0.620501 0.5464 0.488822 0.924231 0.921053 0.917112 0.64466 0.465244 0.292105 0.276743 0.406462 0.754143 0.598208 0.355549 0.443223 0.669923
threshold=138.85000000000002 824.84375000000011 1006.85 23.750000000000004 31.850000000000005 47.500000000000007 25.500000000000004 139.50000000000003 549.31175594458341 225.52678570000003 23.500000000000004 516.83571430000018 10.500000000000002 22.500000000000004 157.50000000000003 331.00000000000006 10325.285710000002 1005.7500000000001 10.500000000000002 1023.6214285000002 2.5000000000000004 3.5000000000000004 8793.6250000000018 100.50000000000001 522.16250000000014 276.50000000000006 47.892857169999992 303.50000000000006 323.50000000000006 28.250000000000004
decision_type=2 2 2 2 2 2 2 2 2 2 2 2 2 2 2 2 2 2 2 2 2 2 2 2 2 2 2 2 2 2
left_child=14 2 3 4 -2 6 -4 -5 -9 10 11 -8 21 -6 23 -14 17 20 19 -19 -3 -10 -11 24 26 -26 27 -1 29 -29
right_child=1 16 5 7 13 -7 9 8 12 22 -12 -13 15 -15 -16 -17 -18 18 -20 -21 -22 -23 -24 -25 25 -27 -28 28 -30 -31
leaf_value=0.00053126915135045551 -0.051159958971880574 -0.0024299766670201109 1.7485037731021547 0.0085869844682325436 0.001508326411737009 -0.13684385102158744 1.7883013751619732 -0.06078463651204729 0.0060499777014107929 0.91285032947457923 -0.11003521719561833 -0.034006837030430885 -0.012798290756975876 -0.050689768523198293 -2.78061732808042e-05 -0.053383141550768724 0.015796908740021876 -0.20802181547047205 0.044940101512382521 -0.045786397434749243 0.014482714838398601 -0.012962793709370675 -0.058381522465379442 3.6830374415457197 -0.031641709066382737 0.0065181225309714572 -0.069991814200943928 0.00020354178960997426 0.00051524295356431221 -1.4570102687990575e-05
leaf_weight=633 29 20 130 47 21 20 24 30 34 37 30 20 20 22 29 21 92 22 20 34 83 29 20 104 39 35 23 55 84 134
leaf_count=633 29 20 130 47 21 20 24 30 34 37 30 20 20 22 29 21 92 22 20 34 83 29 20 104 39 35 23 55 84 134
internal_value=0.000310665 -0.000838509 -0.0017191 -0.00352174 -0.00825 -9.60853e-05 0.000471264 -0.00164088 -0.00304478 -0.00158015 -0.00389189 -0.00109091 -0.00161538 -0.00397674 0.001125 -0.00504878 0.000896679 -1.67597e-05 -0.00252632 -0.0045 0.00183495 0.000619048 0.00142105 0.00123848 0.00108574 -0.00105405 0.00125619 0.00137748 0.000472528 -0.000333333
internal_weight=1941 805 534 253 72 281 261 181 134 131 74 44 104 43 1136 41 271 179 76 56 103 63 57 1107 1003 74 929 906 273 189
internal_count=1941 805 534 253 72 281 261 181 134 131 74 44 104 43 1136 41 271 179 76 56 103 63 57 1107 1003 74 929 906 273 189
is_linear=0
shrinkage=0.03


Tree=263
num_leaves=31
num_cat=0
split_feature=24 11 46 8 36 46 46 32 27 1 3 6 41 9 3 11 3 4 15 56 56 44 44 55 21 47 39 11 42 9
split_gain=1.67362 1.00265 1.2604 2.00363 1.33056 1.14388 1.01977 1.00249 0.859613 0.80284 0.647289 0.664927 0.880518 0.612958 0.455577 0.434028 0.334152 0.427152 0.926897 0.365116 0.71242 0.519723 0.382226 0.320221 0.251872 0.249948 0.468306 0.222656 0.257263 0.210285
threshold=138.85000000000002 -0.93540483100319605 23.750000000000004 2.5000000000000004 12.312500000000002 23.550000000000004 25.050000000000004 966.0875000000002 207.50000000000003 6767.5714285000004 6266552.3570000008 26.500000000000004 271.87549080938328 157.50000000000003 7210111.7500000009 -0.44228869021900113 6335789.0625000009 22.500000000000004 84.500000000000014 4.3500000000000005 4.0500000000000007 28.250000000000004 25.850000000000005 678.50000000000011 152.00000000000003 13.500000000000002 1004.9350446812501 0.93540483100319627 9.3982142850000017 140.50000000000003
decision_type=2 2 2 2 2 2 2 2 2 2 2 2 2 2 2 2 2 2 2 2 2 2 2 2 2 2 2 2 2 2
left_child=13 23 3 9 8 7 -6 -5 -4 -3 -10 14 15 16 24 -13 -1 19 -19 20 21 -18 -21 -2 -12 26 -25 28 29 -24
right_child=1 2 4 5 6 -7 -8 -9 10 -11 11 12 -14 -15 -16 -17 17 18 -20 22 -22 -23 27 25 -26 -27 -28 -29 -30 -31
leaf_value=0.00048520566503667428 -0.0065040391877417445 -0.01402763621012087 -0.45426249161748827 0.048453531299702049 -0.034066931427589792 -0.099141626284408715 -0.002209449727984614 -0.072717776469494746 -0.047482388000747167 -0.062281608735224384 0.0033210762079914197 0.094827660806649325 -0.091935288381399277 -2.6971988082380076e-05 -0.0067295556805449996 -0.029733480721859395 0.0010197636604974303 0.0030830883494996435 -3.5748911182115447e-05 -7.0331124435623509e-05 -0.00015011319739537905 -1.8905124089190454e-05 -0.00018249745027770607 -0.02294030759458714 0.019769128904125289 0.015442178685390008 0.030715038355372485 0.00053061821759035075 0.16525054368228412 0.00043892824655502249
leaf_weight=313 24 36 32 62 32 24 27 29 26 21 30 40 34 29 36 32 39 21 29 30 21 28 46 36 157 74 53 75 67 438
leaf_count=313 24 36 32 62 32 24 27 29 26 21 30 40 34 29 36 32 39 21 29 30 21 28 46 36 157 74 53 75 67 438
internal_value=0.000357033 -0.000689441 -0.00127184 -0.00345349 -0.000430493 -0.00117391 -0.00462712 0.000362637 0.000209302 -0.00805263 0.000633803 0.000993921 -0.000962264 0.00109859 0.00192377 0.000916667 0.00121138 0.000884131 -0.0018 0.00106452 -0.00075 0.000761194 0.00130793 0.00123529 0.00251872 0.00171166 0.00064045 0.00146645 0.00125771 0.00101653
internal_weight=1941 805 618 172 446 115 59 91 387 57 355 329 106 1136 223 72 1107 794 50 744 88 67 656 187 187 163 89 626 551 484
internal_count=1941 805 618 172 446 115 59 91 387 57 355 329 106 1136 223 72 1107 794 50 744 88 67 656 187 187 163 89 626 551 484
is_linear=0
shrinkage=0.03


Tree=264
num_leaves=31
num_cat=0
split_feature=24 23 46 26 49 32 27 33 34 46 5 27 33 12 23 47 1 41 1 30 1 41 49 49 44 44 27 56 56 17
split_gain=1.55843 1.13405 0.7907 0.753463 0.735407 0.915719 0.619847 0.699539 0.902406 0.843621 0.977024 1.52043 1.43575 0.603619 0.528814 0.514668 0.545271 0.887772 0.501684 0.472799 0.606187 0.333027 0.537951 0.832433 0.440752 0.378097 0.360117 0.353323 0.872203 0.416538
threshold=170.55000000000004 124.50000000000001 23.850000000000005 14.750000000000002 10.500000000000002 222.95625000000004 309.50000000000006 824.84375000000011 1061.6517855000002 23.150000000000002 22.500000000000004 285.50000000000006 572.8214286000001 0.41886391893847991 166.50000000000003 9.5000000000000018 10325.285710000002 271.87549080938328 2481.0000000000005 131.17857145000002 310.39285715000005 223.35025982202322 26.500000000000004 36.500000000000007 28.650000000000002 28.750000000000004 297.50000000000006 20.050000000000004 14.750000000000002 99.500000000000014
decision_type=2 2 2 2 2 2 2 2 2 2 2 2 2 2 2 2 2 2 2 2 2 2 2 2 2 2 2 2 2 2
left_child=13 2 3 -2 18 -6 7 8 9 -3 -11 14 -13 -1 -12 16 17 -9 19 20 -4 22 24 -24 -15 -26 -27 28 -25 -30
right_child=1 6 4 -5 5 -7 -8 15 -10 10 11 12 -14 21 -16 -17 -18 -19 -20 -21 -22 -23 23 27 25 26 -28 -29 29 -31
leaf_value=-2.6162828439908672e-05 -0.021170702306624069 -0.03731383564473606 -0.011108383402269537 -0.021632773387322647 -0.070614596684847111 0.0019463372906410965 1.8319833484866768 0.0036062543854496142 -0.13685049806753391 0.0054562366653253076 -0.011597268706632257 -0.25902090640508996 0.0072761553636250063 0.00044472878393927919 0.96708775570849126 0.0094572787564196174 0.021791422237792395 -0.15142199609964652 0.01867334714121148 -0.21391493547171656 0.017618555662970319 0.0018239376905497269 -0.012756066830938486 0.00026972128844124236 -4.8286372776657095e-05 0.0032597169008231992 -0.00059530065826479792 0.0025824288834042941 -0.015398166791112024 5.0040505762785746e-05
leaf_weight=29 20 32 23 22 26 20 56 62 20 115 20 29 20 382 39 105 57 25 30 27 29 363 30 137 37 56 43 37 26 24
leaf_count=29 20 32 23 22 26 20 56 62 20 115 20 29 20 382 39 105 57 25 30 27 29 363 30 137 37 56 43 37 26 24
internal_value=0.000372489 -0.000667954 -0.00263452 -0.00628571 -0.00164516 -0.00482609 1.11759e-10 -0.000320611 -0.00136364 -0.000882353 -0.000228699 -0.00227778 -0.00618367 0.00106701 0.000966102 0.000831325 -0.000333333 -0.00182759 -0.000302752 -0.00155696 0.000115385 0.00117621 0.000823834 -0.000307086 0.00137838 -8.82352e-05 0.000878788 0.000321429 -0.000208556 -0.0036
internal_weight=1941 777 197 42 155 46 580 524 275 255 223 108 49 1164 59 249 144 87 109 79 52 1135 772 254 518 136 99 224 187 50
internal_count=1941 777 197 42 155 46 580 524 275 255 223 108 49 1164 59 249 144 87 109 79 52 1135 772 254 518 136 99 224 187 50
is_linear=0
shrinkage=0.03


Tree=265
num_leaves=31
num_cat=0
split_feature=24 3 21 46 49 39 36 39 6 45 27 33 46 16 23 1 12 30 3 57 27 19 57 42 26 16 4 11 36 45
split_gain=1.33568 1.37958 0.98375 1.58661 1.16908 1.40211 1.10747 0.785248 0.682768 1.14943 1.04784 1.01689 0.869047 1.65968 0.776471 0.625 0.589146 0.381426 0.353893 0.413095 0.598212 0.572727 0.882436 0.40496 0.424686 0.664374 0.505484 0.496729 0.489879 0.310685
threshold=170.55000000000004 7632893.3575000009 371.50000000000006 23.750000000000004 10.500000000000002 234.44408481625001 14.437500000000002 580.19140624375007 26.500000000000004 54.500000000000007 274.50000000000006 751.50892855000018 23.750000000000004 23.550000000000004 174.50000000000003 2237.3392855000006 0.41886391893847991 1174.6544645000001 6335789.0625000009 297.50000000000006 309.50000000000006 17.500000000000004 299.50000000000006 -147.57857140000002 6.2500000000000009 24.850000000000005 21.500000000000004 0.13052619222005149 876.34285710000006 76.500000000000014
decision_type=2 2 2 2 2 2 2 2 2 2 2 2 2 2 2 2 2 2 2 2 2 2 2 2 2 2 2 2 2 2
left_child=16 2 3 -2 6 -6 29 -4 12 -10 -11 -12 13 14 -9 -7 -1 -14 -18 23 21 22 -21 -20 25 -25 -26 -27 -28 -5
right_child=1 -3 7 4 5 15 -8 8 9 10 11 -13 17 -15 -16 -17 18 -19 19 20 -22 -23 -24 24 26 27 28 -29 -30 -31
leaf_value=-2.5377943586711409e-05 -0.025597152725805219 -0.034899645335446476 0.024592638548029025 0.011749447998934412 -0.0567098446213826 0.014859840141464402 -0.019195405161489435 0.055336937673755263 1.2190919361664603 0.00019443470773128081 -0.2438545667335705 -0.029217849227245761 0.075469325760186917 -0.15618261200482178 -0.0054606727661037965 -0.012369774852999256 0.00054388929198122087 -0.086674693922823662 -0.09160935702232334 0.0010428746217999226 0.0001805372770450529 0.0026283232306293911 -0.0017777018758884271 -0.0002078760147233404 0.00097740459016792632 -0.001208303098306478 -0.00021690012252487812 0.00031182049161599941 0.00023995198096593272 -0.30435405871129689
leaf_weight=29 21 26 103 86 29 20 32 55 29 38 20 29 155 37 30 20 320 27 20 23 139 22 32 29 408 20 26 58 38 20
leaf_count=29 21 26 103 86 29 20 32 55 29 38 20 29 155 37 30 20 320 27 20 23 139 22 32 29 408 20 26 58 38 20
internal_value=0.000372489 -0.000590733 -0.000355526 -0.002 -0.0012029 -0.0043913 0.000391304 0.000361377 -0.000214286 -0.00217241 -0.00389655 -0.00679592 0.000532895 -0.00142623 0.000882353 -0.00075 0.00101546 0.00184615 0.00112335 0.000791411 -0.000333333 -0.00245455 -0.00409091 0.001197 0.00134197 -0.000364486 0.00172881 0.00107692 -0.00075 0.00186792
internal_weight=1941 777 751 228 207 69 138 523 420 116 87 49 304 122 85 40 1164 182 1135 815 216 77 55 599 579 107 472 78 64 106
internal_count=1941 777 751 228 207 69 138 523 420 116 87 49 304 122 85 40 1164 182 1135 815 216 77 55 599 579 107 472 78 64 106
is_linear=0
shrinkage=0.03


Tree=266
num_leaves=31
num_cat=0
split_feature=24 3 32 9 37 21 46 37 57 37 3 9 6 39 45 43 17 3 21 42 1 42 3 3 3 43 53 45 46 47
split_gain=1.15014 1.01697 0.881418 1.03123 1.09149 1.18627 0.651309 0.941459 1.46738 0.867366 0.652183 0.610921 0.538376 1.42676 0.532129 0.508523 0.798746 0.46592 0.406347 0.333408 0.387384 0.653375 0.307095 0.299997 0.637954 0.485316 0.55102 0.285926 0.418705 0.306732
threshold=170.55000000000004 7632893.3575000009 242.59285715000001 151.50000000000003 58.328571430000004 156.00000000000003 23.750000000000004 75.516071430000011 293.50000000000006 594.59553570000014 6266552.3570000008 157.50000000000003 26.500000000000004 580.19140624375007 59.500000000000007 147.71339286499997 9.5000000000000018 7123392.5000000009 235.00000000000003 -160.51249995000003 3988.4107145000003 47.892857169999992 7224905.7145000007 6381406.0000000009 6390086.0980000012 -64.378571429999951 46.000000000000007 86.500000000000014 25.950000000000003 68.500000000000014
decision_type=2 2 2 2 2 2 2 2 2 2 2 2 2 2 2 2 2 2 2 2 2 2 2 2 2 2 2 2 2 2
left_child=11 2 3 4 5 -2 7 -4 9 -9 -8 19 17 -14 -10 16 -11 -12 -6 -1 21 23 -19 -21 -25 26 -26 28 29 -27
right_child=1 -3 6 -5 18 -7 10 8 14 15 12 -13 13 -15 -16 -17 -18 22 -20 20 -22 -23 -24 24 25 27 -28 -29 -30 -31
leaf_value=-0.041535146738345269 -0.0025791375253135609 -0.033852655975383089 2.7466680343412615 -0.047151008262370273 -0.010036566299090964 -0.044358993758787012 -0.071381088118301281 -0.02385403308753058 0.45765546236316518 -0.066728821192235041 0.024287883856712971 -2.4616605279110066e-05 0.016645426761329997 -0.14976240725535303 -0.0048181259223697209 -0.040495414954849838 0.0062861439203258738 -0.0053529958318788411 0.13646322532777655 0.00044122102795136707 2.6658112612275007 -0.074873036577057114 0.29239952372302391 -0.00011341154573079514 -0.016410794875461265 0.00090526416660635255 0.00315973145683628 0.00033930476490873679 -0.00053255961639733654 -6.3110336872490609e-06
leaf_weight=22 27 26 45 21 34 24 29 32 53 29 198 29 45 38 30 23 26 27 42 409 106 21 28 20 21 209 28 163 25 111
leaf_count=22 27 26 45 21 34 24 29 32 53 29 198 29 45 38 30 23 26 27 42 409 106 21 28 20 21 209 28 163 25 111
internal_value=0.000496136 -0.000397683 -0.000195739 -0.00227027 -0.00125197 -0.00464706 0.000313433 -0.000907563 -0.00181865 -0.00409091 0.00110959 0.00109278 0.00148214 -0.000614458 0.00119277 -0.00238462 -0.000818182 0.00216996 0.00102632 0.00120264 0.00127493 0.00109335 -0.000272727 0.00120487 0.000764298 0.000953321 -0.00189796 0.00122835 0.000739131 0.00103125
internal_weight=1941 777 751 148 127 51 603 238 193 110 365 1164 336 83 83 78 55 253 76 1135 1113 1007 55 986 577 557 49 508 345 320
internal_count=1941 777 751 148 127 51 603 238 193 110 365 1164 336 83 83 78 55 253 76 1135 1113 1007 55 986 577 557 49 508 345 320
is_linear=0
shrinkage=0.03


Tree=267
num_leaves=31
num_cat=0
split_feature=24 33 34 46 51 53 57 27 46 34 9 28 43 34 17 47 34 3 1 32 21 19 19 27 58 14 14 27 15 57
split_gain=1.11177 1.18978 1.18115 0.84493 0.690558 0.883669 0.807335 0.814011 0.82505 1.67659 0.635724 0.585798 0.729985 0.558468 1.17157 0.451016 0.663397 0.381349 0.314003 1.09336 0.227227 0.495579 0.610826 0.325 0.352083 0.68432 0.315977 0.257992 0.400641 0.651741
threshold=138.85000000000002 824.84375000000011 1032.7062500000002 23.050000000000004 252.50000000000003 75.500000000000014 304.50000000000006 287.50000000000006 24.450000000000003 506.94375000000008 157.50000000000003 1006.85 -235.35624999999996 552.42142855000009 33.500000000000007 9.5000000000000018 776.64642855000011 6548168.5000000009 9490.6875000000018 1032.7062500000002 129.50000000000003 49.500000000000007 63.500000000000007 282.50000000000006 1007.1500000000002 28.250000000000004 26.050000000000004 303.50000000000006 86.500000000000014 323.50000000000006
decision_type=2 2 2 2 2 2 2 2 2 2 2 2 2 2 2 2 2 2 2 2 2 2 2 2 2 2 2 2 2 2
left_child=10 2 3 -2 5 13 7 11 9 -9 20 12 -6 14 -5 16 -3 -16 19 -18 21 27 -23 24 25 26 -24 -1 29 -29
right_child=1 15 -4 4 6 -7 -8 8 -10 -11 -12 -13 -14 -15 17 -17 18 -19 -20 -21 -22 22 23 -25 -26 -27 -28 28 -30 -31
leaf_value=0.00065554438879598801 -0.036284041046316953 -0.14328165833229572 -0.095524463745770533 -0.027401628740524285 0.012956253807550059 -0.043892830267952841 0.3143233842506476 -0.12998501950049701 0.0056463692479440638 -0.00084501218003951316 -2.3878107120736768e-05 2.3205399184484596 -0.027790078299932533 0.013344556102049755 0.024346447820472614 0.0084877608261593723 0.0055788839638958448 -0.29019366732900237 0.0119487694117947 -0.099327231210066855 4.8910357676238982 -0.023182813877625979 -0.03941784298697084 0.00097056646907614074 0.0010579205862547025 -0.00015190536940932784 0.00068298697551846485 -0.00030146866976229716 0.00015292770324506119 0.0010646713507936928
leaf_weight=566 27 25 35 26 30 31 77 20 31 36 29 103 37 25 36 117 53 20 50 26 96 29 20 36 24 20 56 103 104 53
leaf_count=566 27 25 35 26 30 31 77 20 31 36 29 103 37 25 36 117 53 20 50 26 96 29 20 36 24 20 56 103 104 53
internal_value=0.000573416 -0.000279503 -0.00110112 -0.000727455 -0.000432203 -0.00221739 0.000305389 -0.000501945 -0.00286207 -0.00503571 0.00117782 0.000705882 -0.00147761 -0.000925234 -0.00212195 0.00133948 0.000272727 0.000321429 0.00113953 -3.79746e-05 0.00129268 0.00116024 -0.000243243 0.0005 -0.00025 -0.0010625 0.000236842 0.00147458 0.000692308 -0.000269231
internal_weight=1941 805 534 499 472 138 334 257 87 56 1136 170 67 107 82 271 154 56 129 79 1107 1011 185 156 120 96 76 826 260 156
internal_count=1941 805 534 499 472 138 334 257 87 56 1136 170 67 107 82 271 154 56 129 79 1107 1011 185 156 120 96 76 826 260 156
is_linear=0
shrinkage=0.03


Tree=268
num_leaves=31
num_cat=0
split_feature=38 11 45 2 36 46 21 54 54 14 37 1 23 23 49 28 53 12 3 58 19 10 15 12 37 3 14 49 28 4
split_gain=0.938127 1.58589 1.79987 0.838893 1.15404 0.880941 0.689954 0.686091 1.95027 1.38528 0.749757 1.10087 0.554267 0.685518 0.930769 0.611576 0.472349 0.442858 0.421099 0.360045 0.472476 0.294377 0.406112 0.27925 0.837608 0.259752 0.211452 0.433645 0.561475 0.497065
threshold=29.982366071250002 -0.5 87.500000000000014 8163.6250000000009 38.178571425000008 23.750000000000004 129.50000000000003 589.20000000000016 632.05000000000007 32.45000000000001 1134.6428570000003 11280.714285000002 118.50000000000001 76.500000000000014 6.5000000000000009 1008.0500000000001 172.50000000000003 0.41886391893847991 6587869.5715000005 1005.85 96.000000000000014 0.95642797789208711 84.500000000000014 0.64987354830121502 485.12589285000007 6295617.8660000013 28.550000000000004 3.5000000000000004 1007.7500000000001 20.500000000000004
decision_type=2 2 2 2 2 2 2 2 2 2 2 2 2 2 2 2 2 2 2 2 2 2 2 2 2 2 2 2 2 2
left_child=17 7 3 4 5 -3 -6 23 9 -9 16 -12 13 15 -15 -7 18 -1 25 21 26 -19 -23 -2 -25 -10 -21 28 29 -28
right_child=1 2 -4 -5 6 12 -8 8 10 -11 11 -13 -14 14 -16 -17 -18 19 -20 20 -22 22 -24 24 -26 -27 27 -29 -30 -31
leaf_value=-1.483365520043365e-05 2.4555087077241002 -0.047248313944296384 -0.075028125156477637 0.0031309228368480088 -0.020945817067652334 0.012955398025274706 -0.036651297667559757 -0.11125263444542249 -0.0034653983889731278 -0.04844908262597352 -0.24569631482811463 0.05134478381473475 0.032226116453087164 -0.0016002270075808256 -0.051510133927395202 -0.043165655923811767 0.00327858100951325 0.00074391493856483754 -0.073894400563600596 0.00027706967017283711 -2.1163176834551885e-05 -0.0042845902986199148 0.0023383822794320482 -0.042576045446594143 2.8617094181924401 0.01194849902730403 0.00019966484910374945 0.00085435041554267289 -0.044267928198082368 -0.0001827784148932465
leaf_weight=27 273 36 20 49 21 61 20 20 20 22 23 24 52 32 20 22 96 294 39 267 24 27 39 31 53 57 109 97 29 37
leaf_count=27 273 36 20 49 21 61 20 20 20 22 23 24 52 32 20 22 96 294 39 267 24 27 39 31 53 57 109 97 29 37
internal_value=0.00055796 -8.779e-05 -0.00177477 -0.00121725 -0.00188636 -0.00103587 -0.00651219 0.000765958 -0.000289036 -0.00628571 0.000683398 -0.00274468 -0.000208556 -0.00122222 -0.00392308 0.00046988 0.0014434 0.00123158 0.000155173 0.00134236 0.000868561 0.00208333 0.000272727 0.00165546 0.000142857 0.00144156 0.00105195 0.000463235 -0.000428571 0.000328767
internal_weight=1941 991 333 313 264 223 41 658 301 42 259 47 187 135 52 83 212 950 116 923 563 360 66 357 84 77 539 272 175 146
internal_count=1941 991 333 313 264 223 41 658 301 42 259 47 187 135 52 83 212 950 116 923 563 360 66 357 84 77 539 272 175 146
is_linear=0
shrinkage=0.03


Tree=269
num_leaves=31
num_cat=0
split_feature=38 32 14 50 29 37 32 56 38 9 41 56 18 14 39 16 55 42 6 27 9 8 14 33 34 49 36 38 27 27
split_gain=1.02426 1.61146 1.99884 0.98157 1.25813 0.896398 1.65283 0.632366 0.895638 0.627305 0.715255 0.870573 0.669335 1.10331 1.53174 1.11447 2.35278 0.4599 0.515292 0.557724 0.435503 0.377422 0.332184 0.310234 0.675292 0.330822 0.817818 0.245455 0.234813 0.580096
threshold=29.982366071250002 200.53750000000005 27.650000000000002 43.500000000000007 0.65000000000000002 195.92857145000002 154.23571425000003 15.15 68.50825892875001 151.50000000000003 206.1575795110173 21.250000000000004 3.5000000000000004 32.350000000000001 535.46205358125019 24.350000000000005 678.50000000000011 23.605535711999924 23.500000000000004 277.50000000000006 157.50000000000003 4.5000000000000009 26.650000000000002 80.929464285000009 280.83571430000006 75.500000000000014 705.04375000000016 534.56986607500005 288.50000000000006 278.50000000000006
decision_type=2 2 2 2 2 2 2 2 2 2 2 2 2 2 2 2 2 2 2 2 2 2 2 2 2 2 2 2 2 2
left_child=20 2 -2 4 9 6 7 8 -4 10 -3 12 17 14 27 16 -16 28 -19 -20 22 -7 -1 24 25 -24 -27 -14 29 -12
right_child=1 3 5 -5 -6 21 -8 -9 -10 -11 11 -13 13 -15 15 -17 -18 18 19 -21 -22 -23 23 -25 -26 26 -28 -29 -30 -31
leaf_value=0.00062680983169818491 -0.058969141796330275 0.015206983235611503 -0.02518872078720847 0.1497197606618596 -0.80392396813845213 0.028605967791333536 -0.099258363305990846 0.014573605002766454 0.005737020689853785 0.40723333648786358 0.022789446190260233 -0.139093590713499 -0.0035079337446797345 0.001221171662660797 -0.098136892805955986 -0.00096991841551220966 0.0007763084765426303 0.27112314436792229 -0.011187221250645744 -0.1761584936292922 -1.4388645544420643e-05 -0.036555964794303411 0.00029439240779277029 0.0016959233742342994 -0.0042565689697370065 0.00023402351498941315 -0.00014671331302201147 0.067318327387258861 0.011040127602545757 -0.0054167697787926451
leaf_weight=94 24 99 23 150 20 51 22 22 26 80 49 22 20 69 36 20 20 36 20 21 27 23 678 72 20 39 20 24 61 53
leaf_count=94 24 99 23 150 20 51 22 22 26 80 49 22 20 69 36 20 20 36 20 21 27 23 678 72 20 39 20 24 61 53
internal_value=0.000496136 -0.000178607 -0.00265445 0.0004125 -9.23076e-05 -0.00149102 -0.00345161 -0.00122535 -0.00312245 0.000142857 -0.000218182 -0.000725055 -0.000426573 -0.0017619 -0.0035 -0.00607895 -0.00825 0.000625 -0.00128571 -0.00358537 0.0012 0.000972973 0.00130986 0.00111821 0.000939234 0.00108684 -0.0010678 0.000954546 0.00152761 0.000647059
internal_weight=1941 991 191 800 650 167 93 71 49 630 550 451 429 189 120 76 56 240 77 41 950 74 923 829 757 737 59 44 163 102
internal_count=1941 991 191 800 650 167 93 71 49 630 550 451 429 189 120 76 56 240 77 41 950 74 923 829 757 737 59 44 163 102
is_linear=0
shrinkage=0.03


Tree=270
num_leaves=31
num_cat=0
split_feature=38 11 14 36 21 50 34 16 28 27 8 46 49 18 27 3 9 58 33 34 51 10 15 11 11 40 40 49 58 3
split_gain=1.0262 1.81879 1.38213 1.19918 0.9 0.809795 0.733227 2.89869 1.41862 0.7106 0.652094 0.927149 0.537778 0.537753 0.693032 0.48272 0.442858 0.360045 0.337898 0.592416 0.323227 0.294377 0.406112 0.248824 0.508948 0.465181 0.725926 0.623985 0.340177 0.276845
threshold=29.982366071250002 -0.5 27.550000000000004 52.21696428500001 119.50000000000001 13.500000000000002 509.62857145000004 23.150000000000002 1006.85 191.50000000000003 5.5000000000000009 23.750000000000004 11.500000000000002 17.500000000000004 287.50000000000006 7259758.2145000007 157.50000000000003 1005.85 1100.7142855000004 924.44285715000012 565.00000000000011 0.95642797789208711 84.500000000000014 0.63405362205439486 0.68322629814330826 37.019680060541667 54.842745539791657 2.5000000000000004 1007.4500000000002 6394710.7500000009
decision_type=2 2 2 2 2 2 2 2 2 2 2 2 2 2 2 2 2 2 2 2 2 2 2 2 2 2 2 2 2 2
left_child=16 5 9 10 -5 6 7 -2 -9 -3 11 -4 -12 14 -10 18 17 21 -8 -20 -13 -1 -23 28 -25 -26 -27 29 -19 -28
right_child=1 2 3 4 -6 -7 15 8 13 -11 12 20 -14 -15 -16 -17 -18 23 19 -21 -22 22 -24 24 25 26 27 -29 -30 -31
leaf_value=0.00070977395700491707 -0.083623031663595734 -0.051024912320279406 -0.031001237330140288 -0.0025991225434533315 -0.034531750995958302 0.079469288521307385 0.0083921279285302935 -0.069911229776611183 3.9805563595912039 -0.017669908251938909 0.0021810581667536543 0.011211634091820589 -0.04193272060755527 2.3858435873765558 -0.12353320516059758 -0.10004129676833504 -1.3956986178088024e-05 0.0017136060736618515 -0.22293273912026895 0.0030607517747834362 -0.0099554164668719004 -0.0041648843618951005 0.0022574045348365593 -0.0040901193531698151 0.00013636449384715253 -0.00015116759657224458 -0.0013850925547777724 0.0010811030607969945 -0.040645593128073879 -0.039404583289941918
leaf_weight=294 23 25 33 20 20 212 148 25 23 21 20 145 25 86 36 26 27 180 20 59 24 27 39 21 207 20 20 65 27 23
leaf_count=294 23 25 33 20 20 212 148 25 23 21 20 145 25 86 36 26 27 180 20 59 24 27 39 21 207 20 20 65 27 23
internal_value=0.000527048 -0.000148335 -0.00195495 -0.00118118 -0.006 0.000765958 4.03589e-05 -0.00135233 1.11759e-10 -0.00678261 -0.00040081 0.000326733 -0.00366667 0.00113793 -0.0010678 0.00110277 0.00123158 0.00134236 0.00154626 -3.79746e-05 0.00122485 0.00208333 0.000272727 0.000868561 0.000387641 0.000671642 -0.00075 0.000222222 0.00169565 -0.0025814
internal_weight=1941 991 333 287 40 658 446 193 170 46 247 202 45 145 59 253 950 923 227 79 169 360 66 563 356 335 128 108 207 43
internal_count=1941 991 333 287 40 658 446 193 170 46 247 202 45 145 59 253 950 923 227 79 169 360 66 563 356 335 128 108 207 43
is_linear=0
shrinkage=0.03


Tree=271
num_leaves=31
num_cat=0
split_feature=24 44 15 11 9 20 46 36 30 24 34 9 51 42 35 58 22 9 37 21 32 39 27 26 37 16 58 11 57 27
split_gain=1.29962 0.959724 2.34083 0.749593 1.09409 1.46566 0.841563 1.06443 0.783813 0.660913 1.20797 0.629152 0.472772 0.352947 0.676921 0.490714 0.857143 0.312963 0.634921 0.287125 0.549702 1.15238 0.365065 0.519647 1.23495 0.563218 0.449354 0.307852 0.405344 0.79049
threshold=53.850000000000001 32.350000000000001 59.500000000000007 -0.5 151.50000000000003 19.500000000000004 23.750000000000004 38.178571425000008 389.65625000000006 589.20000000000016 771.96428570000012 157.50000000000003 268.50000000000006 -15.237499999999999 58.021428570000005 1005.7500000000001 720.50000000000011 141.50000000000003 513.41785715000015 68.500000000000014 80.929464285000009 266.58348214250003 303.50000000000006 6.3500000000000005 2.5928571430000003 24.850000000000005 1007.9500000000002 0.98611507088852057 320.50000000000006 317.50000000000006
decision_type=2 2 2 2 2 2 2 2 2 2 2 2 2 2 2 2 2 2 2 2 2 2 2 2 2 2 2 2 2 2
left_child=11 2 -2 9 6 -6 -5 8 -8 12 -11 19 -4 -3 -15 -16 -17 18 -14 20 22 -22 23 24 25 -1 -25 28 29 -24
right_child=1 13 3 4 5 -7 7 -9 -10 10 -12 -13 17 14 15 16 -18 -19 -20 -21 21 -23 27 26 -26 -27 -28 -29 -30 -31
leaf_value=-2.3385948600708757e-05 -0.070228476220452779 0.010396227011964531 -0.043525832219291731 -0.024573928360675585 -0.03363105875536531 0.0003897234184578713 0.006530606564838796 -0.020068462196123044 -0.031535073080406789 -0.091755240188759718 0.002621909480512251 -2.1866385299426394e-05 -0.025517167037090064 0.032526278929574791 0.0050111078875802332 -0.17096556440302457 0.010851448833833257 2.9399382136260566 6.3286510617729848 3.4964518676930871 -0.022988183412640938 0.41699451756872236 1.8910705474074383e-06 0.0007828892961825308 -0.016421965242830447 0.00090014229402916911 -2.2408968753726692e-05 0.00040055288991361175 0.00044239734340635226 -0.0012853203972823235
leaf_weight=29 29 137 28 27 23 24 145 33 25 22 41 29 21 68 29 21 21 135 24 80 20 28 118 488 28 87 25 35 98 23
leaf_count=29 29 137 28 27 23 24 145 33 25 22 41 29 21 68 29 21 21 135 24 80 20 28 118 488 28 87 25 35 98 23
internal_value=0.000465224 -0.000411489 -0.00110745 -0.000667883 -0.00176534 -0.00593617 -0.000913043 -0.000251231 0.000705882 0.000453875 -0.0022381 0.00115257 0.00126923 0.00104348 -2.15826e-05 -0.00207042 -0.00414286 0.00183333 -0.000333333 0.00127195 0.00113075 -0.002 0.00129216 0.0016758 8.33334e-05 0.00144828 0.00212281 0.000372263 -1.25522e-05 -0.00104255
internal_weight=1941 853 577 548 277 47 230 203 170 271 63 1088 208 276 139 71 42 180 45 1059 979 48 931 657 144 116 513 274 239 141
internal_count=1941 853 577 548 277 47 230 203 170 271 63 1088 208 276 139 71 42 180 45 1059 979 48 931 657 144 116 513 274 239 141
is_linear=0
shrinkage=0.03


Tree=272
num_leaves=31
num_cat=0
split_feature=24 33 46 34 49 38 9 1 8 46 54 9 46 32 20 1 34 38 52 22 39 43 2 34 27 40 29 14 28 44
split_gain=1.21946 0.805797 1.19042 0.825919 0.675174 0.67601 1.18969 0.673151 0.960828 1.3355 1.47759 0.642724 0.568182 0.494638 0.483516 0.535714 0.82451 0.453147 0.374798 0.444159 0.567168 0.397805 0.307982 0.481317 0.634515 0.296933 0.403287 0.393628 0.241702 0.227587
threshold=89.90000000000002 824.84375000000011 23.050000000000004 1032.7062500000002 49.500000000000007 234.04732142500004 149.50000000000003 6443.2857145000007 2.5000000000000004 24.550000000000004 627.25000000000011 157.50000000000003 25.050000000000004 552.42142855000009 1.0000000180025095e-35 2676.3571430000006 602.9000000000002 1027.8495536000003 594.50000000000011 728.50000000000011 1081.3422991937503 -207.74910714999999 7753.5714285000004 678.46428575000016 298.50000000000006 135.65911458520836 1.5000000000000002 29.250000000000004 1007.7500000000001 26.650000000000002
decision_type=2 2 2 2 2 2 2 2 2 2 2 2 2 2 2 2 2 2 2 2 2 2 2 2 2 2 2 2 2 2
left_child=11 2 -2 4 5 6 14 -7 9 10 -9 22 -8 -3 15 16 -4 -10 -15 20 21 -20 25 24 -24 26 27 29 -26 -1
right_child=1 13 3 -5 -6 7 12 8 17 -11 -12 -13 -14 18 -16 -17 -18 -19 19 -21 -22 -23 23 -25 28 -27 -28 -29 -30 -31
leaf_value=0.00024700497837288574 -0.056229164437461052 -0.01156667189529792 -0.027163576127971149 -0.061722424471569157 -0.10772315328647319 0.0086560117747061724 -0.0086335827808078427 -0.14047168513041122 1.5718813377094922 3.6914755146104983 0.0011901817753062448 -2.1210393740443602e-05 -0.076791727495105724 0.021670624835722699 0.44819728333471992 0.0096092666675140215 0.0030701021734818733 -1.6877906007476666 -0.050712236505470451 0.014127043006408699 -0.031813194921972286 0.0098884030746042659 0.0011547692862950913 -0.016130879254842311 0.00097759105083366875 0.0027512551470135729 -0.053560615139294783 -3.5353707123813333e-05 -7.2494221591355048e-05 0.00020174001359809984
leaf_weight=76 31 25 34 38 21 120 22 26 110 21 20 29 22 88 33 20 30 20 29 63 23 45 74 21 32 252 20 21 27 548
leaf_count=76 31 25 34 38 21 120 22 26 110 21 20 29 22 88 33 20 30 20 29 63 23 45 74 21 32 252 20 21 27 548
internal_value=0.000542504 -0.000317479 -0.000961267 -0.000631285 -0.000306613 -7.53137e-05 -0.00165838 0.000728707 -0.000350254 -0.00326866 -0.00613043 0.0012 -0.00586364 0.00102198 -7.6923e-05 -0.00128571 -0.002625 0.00115385 0.00142742 0.0005625 -0.00071134 0.000567568 0.00131933 7.79222e-05 0.000744361 0.00152781 0.00119549 0.00132558 -0.00157627 0.00146154
internal_weight=1941 841 568 537 499 478 161 317 197 67 46 1100 44 273 117 84 64 130 248 160 97 74 1071 154 133 917 665 645 59 624
internal_count=1941 841 568 537 499 478 161 317 197 67 46 1100 44 273 117 84 64 130 248 160 97 74 1071 154 133 917 665 645 59 624
is_linear=0
shrinkage=0.03


Tree=273
num_leaves=31
num_cat=0
split_feature=24 25 14 36 32 34 38 46 51 41 9 8 17 37 32 9 35 2 42 27 2 29 14 49 17 5 1 30 28 10
split_gain=1.13762 0.716777 0.90999 0.868131 1.30178 0.804762 0.739628 0.777225 1.73699 2.92864 0.66139 0.602 0.637121 0.598344 0.558621 0.466667 0.455075 0.722631 1.13778 0.344224 0.580661 0.510375 0.334263 0.432826 0.472799 0.480769 0.271978 0.484432 0.259479 0.504565
threshold=53.850000000000001 371.50000000000006 27.550000000000004 12.312500000000002 154.23571425000003 1012.8687500000002 596.69308036250015 24.550000000000004 678.50000000000011 335.62918893161896 157.50000000000003 5.5000000000000009 29.500000000000004 742.5562500000002 54.513095235000002 141.50000000000003 41.487500000000004 4616.4464285000004 56.754464299999988 303.50000000000006 7983.7142855000011 3.6500000000000004 28.550000000000004 16.500000000000004 55.500000000000007 22.500000000000004 9490.6875000000018 910.72857145000012 1007.9500000000002 -0.3520614488341256
decision_type=2 2 2 2 2 2 2 2 2 2 2 2 2 2 2 2 2 2 2 2 2 2 2 2 2 2 2 2 2 2
left_child=10 2 -2 5 -5 11 -3 8 9 13 19 14 -13 15 -4 -8 -10 18 -18 21 22 28 -21 24 25 -24 27 -19 -1 -30
right_child=1 6 3 4 -6 -7 7 -9 16 -11 -12 12 -14 -15 -16 -17 17 26 -20 20 -22 -23 23 -25 -26 -27 -28 -29 29 -31
leaf_value=0.00063464297666600679 -0.049715222508072178 0.012648038630782224 -0.030651236240050748 -0.0023647576860667948 -0.032697715623692468 -0.030230945902075732 -0.025448376039629614 1.6605608163226744 0.0077249650897629075 -0.090395155818839293 -2.0574081928230296e-05 -0.036988889318461796 0.040670902606966333 -0.18699604418248908 0.011939968052508455 0.093173817475321372 0.0081115445877974757 0.0047976381351720315 -0.89959781989263976 0.00024660527490282951 -0.0067783872640741248 -0.051953796685115662 0.00035449544434017563 0.00043437217509476636 -0.0050023293847822666 -6.7744912815161085e-05 0.0091447364321970304 -0.076879469833402533 -6.6481039043676267e-05 0.0057135231580737961
leaf_weight=676 24 104 29 35 24 21 20 93 85 21 29 24 20 21 116 28 25 64 20 143 27 20 26 55 27 26 52 27 23 36
leaf_count=676 24 104 29 35 24 21 20 93 85 21 29 24 20 21 116 28 25 64 20 143 27 20 26 55 27 26 52 27 23 36
internal_value=0.000619784 -0.000200469 -0.00140273 -0.000903346 -0.00411864 1.11759e-10 0.000428572 -9.21051e-05 -0.000719008 -0.00433333 0.00126287 0.000619048 -0.00245455 -0.00134783 0.00155172 0.0005 0.000472528 -0.000351064 -0.00366667 0.00138527 0.000532895 0.00172848 0.000942238 -0.000134328 -0.00155696 0.000115385 0.000692308 -0.000296703 0.00185714 -5.08473e-05
internal_weight=1941 853 293 269 59 210 560 456 363 90 1088 189 44 69 145 48 273 188 45 1059 304 755 277 134 79 52 143 91 735 59
internal_count=1941 853 293 269 59 210 560 456 363 90 1088 189 44 69 145 48 273 188 45 1059 304 755 277 134 79 52 143 91 735 59
is_linear=0
shrinkage=0.03


Tree=274
num_leaves=31
num_cat=0
split_feature=24 38 9 9 30 11 34 11 36 46 51 45 17 31 19 32 3 6 27 27 42 11 38 51 22 58 14 3 18 35
split_gain=1.21097 0.849922 1.04268 0.678615 0.551682 1.26969 0.483131 1.02806 0.473866 0.637309 2.78822 1.20001 0.847856 0.75665 0.66289 0.410053 0.654762 0.405297 0.357817 0.285142 0.195596 0.274058 0.559281 0.939191 0.258706 0.253316 0.463105 0.465193 0.436317 0.660427
threshold=170.55000000000004 172.66718750000007 149.50000000000003 157.50000000000003 389.65625000000006 -0.41248606129204524 602.9000000000002 -0.290129255202841 154.23571425000003 23.650000000000002 718.50000000000011 59.500000000000007 1.5000000000000002 1029.6071430000002 47.500000000000007 266.13125000000008 6370377.6250000009 26.500000000000004 284.50000000000006 274.50000000000006 -164.83571425 -0.5 33.727901786250008 45.000000000000007 28.500000000000004 1006.85 28.550000000000004 7209069.4375000009 41.500000000000007 630.78839285000015
decision_type=2 2 2 2 2 2 2 2 2 2 2 2 2 2 2 2 2 2 2 2 2 2 2 2 2 2 2 2 2 2
left_child=3 2 6 20 15 8 7 -2 9 10 -6 18 13 -11 17 16 -3 -14 19 -12 -1 -22 25 -24 -25 -23 -27 28 29 -28
right_child=1 4 -4 -5 5 -7 -8 -9 -10 12 11 -13 14 -15 -16 -17 -18 -19 -20 -21 21 22 23 24 -26 26 27 -29 -30 -31
leaf_value=-0.069888909042944494 0.036163273910121148 0.014158383973934704 -0.031698435207355755 -1.9956859470383386e-05 -0.070024857566578363 -0.031721179945152431 0.0094174407725049966 -0.018398560570774759 4.7667960897897244 -0.19636440323111423 0.0040763435855071094 -0.14102403860199975 0.066821348696093574 0.019694498367342682 -0.091137210577620559 0.0041219901471719455 -0.060088534443827502 -0.042874016551600322 0.016694857724936646 -0.024669920037389055 4.6616348311733802 0.00058904015071333687 -0.043586694327017977 0.0098011348440802237 -0.01874244079800419 0.00027964718337967435 0.00015133555692120067 0.0013554849575634614 -0.00043418989812420703 -0.040377596358088609
leaf_weight=20 22 22 24 29 30 24 29 23 45 30 26 23 192 28 23 93 20 37 59 27 99 575 23 43 27 179 76 33 35 25
leaf_count=20 22 22 24 29 30 24 29 23 45 30 26 23 192 28 23 93 20 37 59 27 99 575 23 43 27 179 76 33 35 25
internal_value=0.000712519 -0.000204633 -0.00281633 0.00132474 0.000172312 -0.000253676 -0.00105405 -0.003 5.76924e-05 -0.000221053 -0.00172727 0.000111111 0.000580645 -0.00268966 0.00133333 0.00188889 -0.000571428 0.00182096 0.00139286 -0.000396226 0.00144053 0.00149327 0.00134646 -0.000870968 0.000857143 0.00156988 0.000931035 -0.000195266 -0.000970588 2.97031e-05
internal_weight=1941 777 98 1164 679 544 74 45 520 475 165 135 310 58 252 135 42 229 112 53 1135 1115 1016 93 70 923 348 169 136 101
internal_count=1941 777 98 1164 679 544 74 45 520 475 165 135 310 58 252 135 42 229 112 53 1135 1115 1016 93 70 923 348 169 136 101
is_linear=0
shrinkage=0.03


Tree=275
num_leaves=31
num_cat=0
split_feature=38 32 51 50 57 53 36 16 2 20 49 14 54 54 26 27 9 31 41 48 31 26 47 17 48 45 47 48 27 3
split_gain=0.859329 1.32712 1.79506 0.820513 0.794546 0.795085 0.732076 0.952411 2.75172 0.612689 1.77607 0.588137 0.922963 1.22605 0.616225 0.484432 0.465292 0.409756 0.361442 0.380639 0.595238 0.287574 0.338374 0.514069 0.753463 0.302587 0.697154 0.379433 0.503737 0.282778
threshold=29.982366071250002 200.53750000000005 37.500000000000007 43.500000000000007 293.50000000000006 213.00000000000003 66.986607145000008 23.350000000000005 3433.7142855000006 4.5000000000000009 11.500000000000002 28.150000000000002 589.20000000000016 652.35000000000014 18.550000000000004 276.50000000000006 157.50000000000003 1120.2687500000002 234.85851218711937 3.5000000000000004 1032.7062500000002 8.4500000000000011 16.500000000000004 20.500000000000004 18.500000000000004 81.500000000000014 83.500000000000014 28.500000000000004 322.50000000000006 6612719.7855000012
decision_type=2 2 2 2 2 2 2 2 2 2 2 2 2 2 2 2 2 2 2 2 2 2 2 2 2 2 2 2 2 2
left_child=16 2 -2 4 6 -6 7 8 -3 10 15 -9 29 -14 18 -4 21 -10 -15 20 -20 22 -1 24 -24 26 -25 -27 -29 -13
right_child=1 3 9 -5 5 -7 -8 11 17 -11 -12 12 13 14 -16 -17 -18 -19 19 -21 -22 -23 23 25 -26 27 -28 28 -30 -31
leaf_value=0.0010892949095860332 -0.052929694524253335 -0.052576978703071653 -0.033421272475627609 0.14229297172423586 0.016356270427536138 -0.094214150020845933 2.8385517462087901 -0.2110773746465881 -0.045313411817054922 0.01203446716552522 -0.039795232380465055 0.16359100751938899 -0.043676952506915605 0.0090804337165087505 -0.10299961152244172 0.014257911424260878 -1.1030044979590871e-05 0.0013181642462129044 -0.17239560341660706 0.0050541575116350304 0.13911910783594622 0.00051995631395473007 -0.00014528844165859371 0.00068596523067094791 0.002866780808680607 0.00041028874243514036 -7.2167813361247537e-05 -0.0013364878215477902 0.00058808664903287338 0.00047383821877341852
leaf_weight=76 23 20 39 150 156 24 48 28 20 57 20 97 30 39 29 52 27 21 32 20 24 539 22 54 20 105 28 38 41 62
leaf_count=76 23 20 39 150 156 24 48 28 20 57 20 97 30 39 29 52 27 21 32 20 24 539 22 54 20 105 28 38 41 62
internal_value=0.000681608 6.35723e-05 -0.00218325 0.0006 0.000138462 0.00183333 -0.000510638 -0.000909952 -0.00437705 -0.00110714 -0.00240541 -0.0003241 2.70271e-05 -0.00148276 -0.000333333 -0.000626374 0.00132632 7.31708e-05 0.000652174 -0.000552631 -0.00182143 0.00143987 0.0008125 0.00037013 -0.00271429 0.000857143 -0.000658536 0.00153261 -3.79746e-05 0.00167925
internal_weight=1941 991 191 800 650 180 470 422 61 168 111 361 333 174 144 91 950 41 115 76 56 923 384 308 42 266 82 184 79 159
internal_count=1941 991 191 800 650 180 470 422 61 168 111 361 333 174 144 91 950 41 115 76 56 923 384 308 42 266 82 184 79 159
is_linear=0
shrinkage=0.03


Tree=276
num_leaves=31
num_cat=0
split_feature=24 23 9 46 38 51 15 3 9 30 56 33 33 34 37 51 42 58 16 41 41 40 33 41 41 40 40 20 47 56
split_gain=0.960276 0.86093 0.924052 0.78542 0.724106 0.721709 2.27729 0.653891 0.640568 0.603986 0.723508 0.581602 0.492029 0.757069 0.484359 1.09716 0.377705 0.330731 0.465977 0.208524 0.6492 1.09435 0.498113 0.285105 0.319301 0.963978 0.34632 0.692641 0.458009 0.268081
threshold=170.55000000000004 144.50000000000003 151.50000000000003 23.750000000000004 638.01116073750006 692.00000000000011 59.500000000000007 7212105.3215000005 157.50000000000003 824.84375000000011 13.450000000000001 572.8214286000001 1100.7142855000004 910.72857145000012 41.13750000000001 160.50000000000003 23.605535711999924 1005.6500000000002 24.450000000000003 387.06539043108074 353.7579213378238 549.31175594458341 80.929464285000009 223.35025982202322 67.326895090339818 53.113392856874995 94.718526787020835 58.000000000000007 23.500000000000004 6.3500000000000005
decision_type=2 2 2 2 2 2 2 2 2 2 2 2 2 2 2 2 2 2 2 2 2 2 2 2 2 2 2 2 2 2
left_child=8 2 3 -2 -3 6 -6 14 19 10 -8 -7 -13 -14 15 -5 -15 18 -16 20 23 22 -22 24 29 -26 -27 28 -28 -1
right_child=1 4 -4 7 5 11 9 -9 -10 -11 -12 12 13 16 17 -17 -18 -19 -20 -21 21 -23 -24 -25 25 26 27 -29 -30 -31
leaf_value=0.00013277052121018132 -0.033895592525345415 0.028841652331822353 -0.038591616056920339 0.0076035555272275426 -0.063276509981756476 -1.1013956372237332 0.75514587610349715 -0.026655704186419795 -1.9027252336884158e-05 1.2004290781958016 -0.11977236460896828 0.0070142823940983869 -0.20115608749259389 0.022592731007003201 0.0013128081142753996 -0.1391147595544156 -0.017059911294880315 0.14633482178609492 -0.0034113869345764312 0.0028971425854268157 -0.0038759411015675724 -0.086414382899205444 0.0083267536075729166 0.002350782716009572 -0.0088731736238472306 0.0010791879279442064 0.0023402327938082572 0.0015486806473655043 -0.12481138344032099 0.00027729888158693202
leaf_weight=230 38 92 28 26 22 22 21 34 29 49 23 177 21 36 42 20 25 79 22 62 20 20 33 228 37 55 22 35 20 373
leaf_count=230 38 92 28 26 22 22 21 34 29 49 23 177 21 36 42 20 25 79 22 62 20 20 33 228 37 55 22 35 20 373
internal_value=0.000650696 -0.000166023 -0.00146367 -0.000908046 0.000602459 4.54547e-05 -0.00195652 -0.000228699 0.00119588 9.67743e-05 -0.00245455 0.000864769 0.00126255 -0.000658536 0.000460318 -0.00221739 0.00103279 0.00132168 -0.00028125 0.00130837 0.00121062 -0.00152055 0.000735849 0.00141 0.00113472 -1.77514e-05 0.00118182 -0.000116883 -0.00271429 0.00145771
internal_weight=1941 777 289 261 488 396 115 223 1164 93 44 281 259 82 189 46 61 143 64 1135 1073 73 53 1000 772 169 132 77 42 603
internal_count=1941 777 289 261 488 396 115 223 1164 93 44 281 259 82 189 46 61 143 64 1135 1073 73 53 1000 772 169 132 77 42 603
is_linear=0
shrinkage=0.03


Tree=277
num_leaves=31
num_cat=0
split_feature=54 51 46 54 37 32 9 56 56 1 18 9 22 35 30 15 40 57 47 46 57 59 6 56 46 45 54 45 57 50
split_gain=1.22491 0.717674 2.16015 0.702173 1.95483 0.910146 0.692684 0.57791 1.48178 0.590858 0.885422 0.669888 0.544282 0.437306 0.657356 0.802778 0.411981 0.461327 0.52025 0.941404 0.335103 0.544375 0.457143 0.333107 0.308259 0.468831 0.286364 0.285197 0.328363 0.810052
threshold=51.300000000000004 689.00000000000011 23.150000000000002 589.20000000000016 573.51785715000017 327.22857140000002 157.50000000000003 18.150000000000002 16.850000000000005 2676.3571430000006 23.500000000000004 141.50000000000003 81.500000000000014 58.021428570000005 1040.2910715 57.500000000000007 889.23813245625013 284.50000000000006 28.500000000000004 24.550000000000004 298.50000000000006 3.6500000000000004 30.500000000000004 8.2500000000000018 23.650000000000002 59.500000000000007 763.65000000000009 86.500000000000014 251.50000000000003 92.500000000000014
decision_type=2 2 2 2 2 2 2 2 2 2 2 2 2 2 2 2 2 2 2 2 2 2 2 2 2 2 2 2 2 2
left_child=6 2 -2 5 -5 7 20 8 9 10 12 -11 -4 -3 24 -16 17 -7 -19 -20 21 23 -22 27 25 26 -15 28 29 -1
right_child=1 13 3 4 -6 16 -8 -9 -10 11 -12 -13 -14 14 15 -17 -18 18 19 -21 22 -23 -24 -25 -26 -27 -28 -29 -30 -31
leaf_value=-0.0034751823838594384 -0.076739641787267804 0.029287881053974122 0.0027739363044586218 0.0025417633526157689 -0.083345865742540048 0.056186771412098734 -1.8456434766777631e-05 0.012280086817167435 -0.036762586069624362 -0.04214012525177388 -0.099366643544942027 1.0814714652511028 -0.017372100298092188 0.010096792219554777 0.0061950480262858041 -0.25847963234050253 -0.0019821666148770924 0.092524170376484263 -0.26377367760129128 2.4408619549424109 0.00015675192320934405 -0.04726094732005312 -5.4888452087043847e-05 0.0010281386218449929 0.037489071379324154 -0.12510243402431998 -0.016722631009309322 0.0040338975096868984 0.0002311051181703567 9.2350362216704013e-05
leaf_weight=31 20 113 41 34 26 112 29 24 22 23 35 60 20 35 24 36 21 36 35 24 336 20 24 435 74 22 20 78 99 32
leaf_count=31 20 113 41 34 26 112 29 24 22 23 35 60 20 35 24 36 21 36 35 24 336 20 24 435 74 22 20 78 99 32
internal_value=0.000697063 -0.000150525 -0.000827392 -0.000450292 -0.0035 -4.63575e-05 0.00136716 -0.0014 -0.00192537 -0.00102235 -0.002625 0.000831325 -0.000442623 0.000962963 0.000156398 -0.0025 0.00128947 0.00169565 0.000157895 -0.00157627 0.00149289 0.0018777 0.00075 0.00202222 0.00121192 -0.000116883 0.00136364 0.001125 0.000407408 -0.00128571
internal_weight=1941 857 533 513 60 453 1084 225 201 179 96 83 61 324 211 60 228 207 95 59 1055 695 360 675 151 77 55 240 162 63
internal_count=1941 857 533 513 60 453 1084 225 201 179 96 83 61 324 211 60 228 207 95 59 1055 695 360 675 151 77 55 240 162 63
is_linear=0
shrinkage=0.03


Tree=278
num_leaves=31
num_cat=0
split_feature=24 32 9 21 39 51 16 6 38 9 52 47 33 37 1 53 32 39 57 57 29 4 43 57 58 47 26 56 11 45
split_gain=1.4456 0.752847 1.13169 0.806791 0.725353 1.27466 1.89033 1.3714 1.07905 0.686356 0.529692 0.526959 0.466348 0.436724 0.336606 0.51585 0.325998 0.471154 0.282858 0.505404 0.481814 0.409226 0.390748 0.376068 0.954635 0.324537 0.268494 0.549395 0.400021 0.563333
threshold=170.55000000000004 200.53750000000005 149.50000000000003 252.50000000000003 514.97700893125011 678.50000000000011 23.650000000000002 26.500000000000004 528.71071428750008 157.50000000000003 76.500000000000014 50.500000000000007 1023.6214285000002 1144.1169645000002 7919.4732145000007 168.50000000000003 327.22857140000002 300.24821428125006 300.50000000000006 323.50000000000006 3.6500000000000004 21.500000000000004 -306.09374999999994 309.50000000000006 1005.35 68.500000000000014 6.4500000000000011 3.9500000000000006 0.83146961230254512 86.500000000000014
decision_type=2 2 2 2 2 2 2 2 2 2 2 2 2 2 2 2 2 2 2 2 2 2 2 2 2 2 2 2 2 2
left_child=9 2 3 10 16 6 -6 8 -8 18 -2 12 -7 14 -14 -16 17 -3 20 21 22 23 -1 24 -20 -25 27 -24 29 -29
right_child=1 4 -4 -5 5 11 7 -9 -10 -11 -12 -13 13 -15 15 -17 -18 -19 19 -21 -22 -23 26 25 -26 -27 -28 28 -30 -31
leaf_value=-0.011831396890782336 -0.00091577014978195365 0.0081744972475239711 -0.043987316669256087 0.78860019747076326 -0.063284462874874312 0.0071276713704297827 -0.0035131967246677161 -0.054469128325017144 0.036975153899115772 -1.7902741723774301e-05 -0.026332384373282114 -0.22045380733233585 0.044303569543065552 -0.046357759984114795 -0.08909929671218382 0.013658933742374865 0.019356131763159003 -0.026418535992362952 0.0006729536555794049 0.00071200713052210611 -0.043199690680958296 0.00054521604159909977 0.0005033374928678846 0.00011459042552997626 -0.11162977681972343 -0.001585747320696292 0.0010679409751721926 -0.021268063030145973 0.0005149698301713634 0.00201806610402217
leaf_weight=25 40 40 32 33 36 178 21 27 89 29 22 29 30 20 25 37 93 25 34 106 21 48 66 76 38 28 601 30 42 20
leaf_count=25 40 40 32 33 36 178 21 27 89 29 22 29 30 20 25 37 93 25 34 106 21 48 66 76 38 28 601 30 42 20
internal_value=0.000681608 -0.000320463 -0.00243307 -0.000789474 9.23078e-05 -0.00047561 -0.00254913 -0.000941606 0.000545455 0.00135052 -0.00280645 0.000648903 0.00103448 -0.000482143 0.000391304 -0.000870968 0.00186076 0.000230769 0.00146696 0.000727273 0.00177019 -8.0357e-05 0.00189031 -0.00075 -0.00241667 0.000403846 0.00201186 0.000911392 -0.000586956 -0.0024
internal_weight=1941 777 127 95 650 492 173 137 110 1164 62 319 290 112 92 62 158 65 1135 330 805 224 784 176 72 104 759 158 92 50
internal_count=1941 777 127 95 650 492 173 137 110 1164 62 319 290 112 92 62 158 65 1135 330 805 224 784 176 72 104 759 158 92 50
is_linear=0
shrinkage=0.03


Tree=279
num_leaves=31
num_cat=0
split_feature=38 32 51 50 8 22 49 57 51 51 40 8 39 9 42 3 17 3 26 14 54 38 11 33 2 9 15 6 46 50
split_gain=1.62007 1.4436 1.72404 0.969929 0.906669 1.93348 1.225 0.749892 1.01097 3.07755 0.99723 0.635519 0.612319 0.568909 0.540881 1.0213 0.390298 0.363569 0.395451 0.444451 0.69555 0.289916 0.425926 0.234002 0.674779 0.202833 0.249997 0.725902 0.283238 0.282401
threshold=29.982366071250002 200.53750000000005 37.500000000000007 11.500000000000002 3.5000000000000004 72.500000000000014 7.5000000000000009 293.50000000000006 678.50000000000011 619.50000000000011 877.42354912291682 3.5000000000000004 79.01216517875001 157.50000000000003 47.892857169999992 6555405.9375000009 34.500000000000007 6367151.2855000012 15.850000000000003 32.850000000000001 723.00000000000011 1027.8495536000003 -0.98611507088852035 572.8214286000001 2684.7500000000005 147.50000000000003 86.500000000000014 24.500000000000004 25.650000000000002 55.500000000000007
decision_type=2 2 2 2 2 2 2 2 2 2 2 2 2 2 2 2 2 2 2 2 2 2 2 2 2 2 2 2 2 2
left_child=13 2 -2 7 12 -6 -7 8 9 10 11 14 -4 25 15 -3 -9 21 -19 20 -20 -10 -23 24 -5 26 27 29 -29 -1
right_child=1 3 4 23 5 6 -8 16 17 -11 -12 -13 -14 -15 -16 -17 -18 18 19 -21 -22 22 -24 -25 -26 -27 -28 28 -30 -31
leaf_value=0.0011264730974008996 -0.050744471446846511 0.0050259447372783097 -0.088675021217810401 3.1256435259868605 0.0059230622206919124 -0.031230723353618681 -0.071497450257405573 0.031440148778231362 0.023899988836915978 -0.078688516769824274 -0.063073793714568671 0.009067166357507447 0.015152204588786447 -9.0375507653800634e-06 0.079039120986788697 -0.034883613168732078 -0.0093313309581800289 0.065055008684625784 -0.13866477124953397 -0.11379039007929348 0.0076964038114844986 0.14399077814588068 -0.022794793838050248 0.035536742235103037 -0.074416340932547939 0.00046989049366158919 0.00034461789306071335 0.0012808649081378078 -0.039391266740017486 -0.0031059100635844974
leaf_weight=268 23 26 23 61 36 20 20 103 69 20 35 58 69 27 26 25 28 22 28 33 33 23 27 160 23 444 132 22 29 28
leaf_count=268 23 26 23 61 36 20 20 103 69 20 35 58 69 27 26 25 28 22 28 33 33 23 27 160 23 444 132 22 29 28
internal_value=0.000851623 3.02736e-06 -0.00234031 0.0005625 -0.00128571 -0.00371053 -0.00825 -0.000129496 -0.000741176 -0.00236842 -0.00105882 0.000111111 0.000717391 0.00173684 -0.00167532 -0.00347059 0.00185496 0.000574468 -0.00062069 -0.00146808 4.91804e-05 0.0017395 1.11759e-10 0.00213934 0.000857143 0.00186241 0.00143424 0.00101153 -0.00229412 0.00158108
internal_weight=1941 991 191 800 168 76 40 556 425 190 170 135 92 950 77 51 131 235 116 94 61 119 50 244 84 923 479 347 51 296
internal_count=1941 991 191 800 168 76 40 556 425 190 170 135 92 950 77 51 131 235 116 94 61 119 50 244 84 923 479 347 51 296
is_linear=0
shrinkage=0.03


Tree=280
num_leaves=31
num_cat=0
split_feature=38 38 9 20 34 3 5 9 22 24 41 6 27 31 54 58 51 30 30 29 20 3 28 1 15 16 56 58 57 16
split_gain=1.47578 1.26958 1.04053 0.796985 0.686831 0.688095 0.625 0.563952 0.505026 1.72876 0.871432 0.847894 2.29558 2.42216 1.80764 0.973629 0.750117 1.34595 0.408339 0.327948 0.808421 0.307143 0.187013 0.260815 0.177733 0.305192 0.216314 0.666084 0.296536 0.257647
threshold=33.727901786250008 154.41450892125002 151.50000000000003 13.500000000000002 602.9000000000002 6548168.5000000009 22.500000000000004 157.50000000000003 124.50000000000001 320.45000000000005 207.35764367468065 26.500000000000004 275.50000000000006 705.31428570000014 719.10000000000002 1006.0500000000001 800.50000000000011 399.85803570000007 1166.4571430000003 1.1500000000000001 99.500000000000014 6386244.4285000013 1006.6500000000002 9225.4821430000029 86.500000000000014 26.050000000000004 13.050000000000002 1006.35 299.50000000000006 25.050000000000004
decision_type=2 2 2 2 2 2 2 2 2 2 2 2 2 2 2 2 2 2 2 2 2 2 2 2 2 2 2 2 2 2
left_child=7 2 4 8 5 -2 -4 24 -3 -10 -11 15 21 -14 -15 16 17 -12 22 -5 -21 -13 23 -17 25 26 -1 28 -28 -30
right_child=1 3 6 19 -6 -7 -8 -9 9 10 11 12 13 14 -16 18 -18 -19 -20 20 -22 -23 -24 -25 -26 -27 27 -29 29 -31
leaf_value=0.0005798963499316288 0.0060871985342079594 0.0061589160657978988 -0.015570990136686983 0.07533114568225012 0.0064163938714040317 -0.27636178200418543 -0.067203985842935104 -8.7664242424186614e-06 -0.21522928898437588 0.029447878896846687 0.00013538740680982619 0.0087780459120441034 0.0059248487492359571 -0.11425680017985974 -0.019584846764160262 -0.01132274924043297 0.045507361649102185 -0.13155885436890452 -0.0071717585790741934 -0.35582642324207553 7.0527584750330181 -0.0034266965366448483 3.4756876101276704 0.030525322211302885 0.00035116525348872401 -0.039813018558222057 0.0013324839297439561 -0.038162423844461384 0.0020742242100795657 -0.00010037050687120963
leaf_weight=445 28 43 20 205 37 20 20 27 24 105 35 43 27 21 23 29 29 36 34 25 32 20 99 26 283 26 92 28 29 30
leaf_count=445 28 43 20 205 37 20 20 27 24 105 35 43 27 21 23 29 29 36 34 25 32 20 99 26 283 26 92 28 29 30
internal_value=0.000882535 6.42203e-05 -0.00276 0.000476636 -0.000882353 -0.00325 -0.00675 0.00171875 -0.000131313 -0.00037568 -1.70777e-05 -0.000625592 -0.00259701 -0.00629577 -0.0106364 0.000291667 -0.0021 -0.00376056 0.00156383 0.00185496 -0.000157895 0.00157143 0.00222078 0.000818182 0.00184244 0.00156923 0.00170192 0.000821229 0.00160927 -5.08473e-05
internal_weight=1941 981 125 856 85 48 40 960 594 551 527 422 134 71 44 288 100 71 188 262 57 63 154 55 933 650 624 179 151 59
internal_count=1941 981 125 856 85 48 40 960 594 551 527 422 134 71 44 288 100 71 188 262 57 63 154 55 933 650 624 179 151 59
is_linear=0
shrinkage=0.03


Tree=281
num_leaves=31
num_cat=0
split_feature=38 32 51 47 8 51 21 53 8 49 24 9 3 39 24 30 9 3 41 17 41 24 26 56 3 9 35 32 38 41
split_gain=1.47459 1.34748 1.67826 1.03243 1.26639 1.38611 3.4856 0.839236 0.979697 1.50494 0.625312 0.555736 0.546543 0.726881 0.545907 0.38782 0.354286 0.324848 0.300504 0.52901 0.844828 0.32967 0.182088 0.875122 0.433653 0.212634 0.392857 0.151778 0.110415 0.204844
threshold=33.727901786250008 200.53750000000005 48.500000000000007 73.500000000000014 3.5000000000000004 735.50000000000011 619.50000000000011 62.500000000000007 3.5000000000000004 7.5000000000000009 265.35000000000008 157.50000000000003 6548168.5000000009 557.92444195625012 764.20000000000016 1147.2705355000001 145.50000000000003 6298231.1875000009 272.73733998393732 14.500000000000002 219.70913002393488 319.05000000000007 3.9500000000000006 4.3500000000000005 6400702.2500000009 138.50000000000003 365.14464285000003 316.67142855000003 1.0000000180025095e-35 339.22157483328903
decision_type=2 2 2 2 2 2 2 2 2 2 2 2 2 2 2 2 2 2 2 2 2 2 2 2 2 2 2 2 2 2
left_child=11 2 -2 4 5 6 12 -4 10 -10 -9 22 16 -14 17 18 -3 -7 19 20 -6 -21 -1 24 -24 26 -25 -20 29 -27
right_child=1 3 7 -5 15 14 -8 8 9 -11 -12 -13 13 -15 -16 -17 -18 -19 27 21 -22 -23 23 25 -26 28 -28 -29 -30 -31
leaf_value=0.00072145139841008261 -0.051109441344315325 -0.0014643164434216564 0.022860749571583971 0.43245776448408535 0.63614199422536366 -0.0090246719630977298 -0.066787771137345242 -0.096189017772078944 -0.016854528383890871 -0.057082451305024991 0.014489703583003036 -8.5034315151461012e-06 -0.0090928619811226144 -0.13838040278808589 -0.0039041346947729649 -0.30692459651308635 0.027297115479188647 0.0086247123599876158 -0.0032495204093158942 -0.021003034314989014 -0.12761074544353615 2.1776526354153245 -0.024821905628672973 0.0068027246432166844 0.00011460682472066312 0.00041326992377356862 -0.0065928851564814655 0.19228942310485436 0.0078300303711559393 0.00019833146282704231
leaf_weight=103 20 25 43 169 29 33 28 21 34 23 40 27 34 23 39 39 31 67 20 21 29 70 21 22 23 578 28 143 91 67
leaf_count=103 20 25 43 169 29 33 28 21 34 23 40 27 34 23 39 39 31 67 20 21 29 70 21 22 23 578 28 143 91 67
internal_value=0.000851623 3.36393e-05 -0.00230387 0.0005625 4.75447e-06 -0.0015 -0.00359574 -0.00128571 -0.00259322 -0.00542105 4.91804e-05 0.0016875 -0.00124779 -0.00331579 0.000625899 0.00120513 0.000857143 0.0018 0.00155769 0.000583893 -0.00165517 0.00201099 0.00181029 0.00166265 -0.00245455 0.00189313 1.11759e-10 0.00244785 0.00202174 0.00188372
internal_weight=1941 981 181 800 631 280 141 161 118 57 61 960 113 57 139 351 56 100 312 149 58 91 933 830 44 786 50 163 736 645
internal_count=1941 981 181 800 631 280 141 161 118 57 61 960 113 57 139 351 56 100 312 149 58 91 933 830 44 786 50 163 736 645
is_linear=0
shrinkage=0.03


Tree=282
num_leaves=31
num_cat=0
split_feature=54 14 9 49 57 47 27 53 46 58 2 17 21 22 18 23 40 51 57 33 16 26 56 15 27 27 59 3 3 44
split_gain=1.32359 0.758927 0.728282 0.580251 0.40198 0.59095 1.1049 1.08748 0.619462 0.57555 0.70259 0.515425 0.48761 0.928478 0.770409 0.714152 0.674572 0.482143 0.410522 0.623021 0.304839 0.210579 0.459086 0.526066 0.244642 0.956651 0.439826 0.400758 0.204055 0.31114
threshold=53.850000000000001 27.550000000000004 157.50000000000003 68.500000000000014 293.50000000000006 31.500000000000004 272.50000000000006 186.50000000000003 25.050000000000004 1005.85 6757.7857145000007 24.500000000000004 156.00000000000003 441.50000000000006 1.0000000180025095e-35 171.50000000000003 846.5630580645834 883.50000000000011 309.50000000000006 617.91428570000005 24.950000000000003 3.8500000000000001 4.3500000000000005 86.500000000000014 316.50000000000006 323.50000000000006 3.6500000000000004 6548161.1875000009 7297707.3570000008 28.750000000000004
decision_type=2 2 2 2 2 2 2 2 2 2 2 2 2 2 2 2 2 2 2 2 2 2 2 2 2 2 2 2 2 2
left_child=2 -2 21 4 5 6 9 12 -7 10 -3 -6 -8 16 15 17 -14 -15 19 -13 -20 -1 23 -23 26 27 28 -26 -24 -30
right_child=1 3 -4 -5 11 8 7 -9 -10 -11 -12 18 13 14 -16 -17 -18 -19 20 -21 -22 22 24 -25 25 -27 -28 -29 29 -31
leaf_value=0.00079684533619090955 -0.035637702154126046 -0.014262808365329151 -1.657643727637273e-05 -0.071424225493195867 0.021650036849449213 0.013274824725212143 0.0034744243359317844 -0.066150715239318758 -0.13460911734670714 0.023490256139603493 0.0047178740230847879 -0.068035187608742942 -0.0028582450953150394 -0.068082477384447296 0.0038273586543199284 -0.099346511204333174 -0.11766554336164245 0.0053456200495033022 3.847194062308942 0.0027082361430285692 -0.030753936329346886 -1.8280993135885397e-05 0.00071050115673485903 0.0010154652102108393 -0.0054258510745372034 0.00047145230856615312 -0.023980778231736773 4.3424070231180432e-05 -5.1322277454094396e-06 0.0034284707873304884
leaf_weight=90 37 21 29 24 130 137 21 36 33 88 36 30 24 32 39 26 22 24 42 31 20 31 675 39 24 86 23 20 44 27
leaf_count=90 37 21 29 24 130 137 21 36 33 88 36 30 24 32 39 26 22 24 42 31 20 31 675 39 24 86 23 20 44 27
internal_value=0.000789799 -9.49589e-05 0.00148346 9.55883e-05 0.000234849 -0.0002282 -0.000902439 -0.00222321 0.00123529 0.00113793 -0.00121053 0.00122134 -0.00130851 -0.0018503 -0.000471074 -0.00212195 -0.00547826 -0.000214286 -0.000170732 -0.00191803 0.00154839 0.0016119 0.00148297 -0.000857143 0.00166518 0.000461539 0.00186866 -0.00313636 0.00199464 0.000464789
internal_weight=1941 853 1088 816 792 539 369 224 170 145 57 253 188 167 121 82 46 56 123 61 62 1059 969 70 899 130 769 44 746 71
internal_count=1941 853 1088 816 792 539 369 224 170 145 57 253 188 167 121 82 46 56 123 61 62 1059 969 70 899 130 769 44 746 71
is_linear=0
shrinkage=0.03


Tree=283
num_leaves=31
num_cat=0
split_feature=38 51 50 15 6 38 27 54 45 13 10 58 17 42 43 42 11 45 28 5 46 33 56 41 41 6 57 58 28 14
split_gain=1.4722 1.22652 0.944422 0.938207 0.882341 1.79179 2.76888 1.72391 0.917182 0.539484 0.482077 0.444285 0.796596 0.411031 0.842952 0.445983 0.577329 0.7 0.362427 0.347826 0.335763 0.845217 0.327718 0.576752 0.312172 0.20063 0.230482 0.481665 0.521034 0.38782
threshold=33.727901786250008 32.000000000000007 11.500000000000002 82.500000000000014 26.500000000000004 672.58035713750007 275.50000000000006 719.10000000000002 74.500000000000014 -0.90800828101366193 -0.88144907265856332 1008.1500000000002 64.500000000000014 91.945535700000036 294.97410715000007 -28.727678599999987 -0.93540483100319605 69.500000000000014 1004.0500000000001 22.500000000000004 23.750000000000004 889.74196430000018 21.650000000000002 273.68790880294563 300.30477659004856 26.500000000000004 261.50000000000006 1005.7500000000001 1006.1500000000002 28.650000000000002
decision_type=2 2 2 2 2 2 2 2 2 2 2 2 2 2 2 2 2 2 2 2 2 2 2 2 2 2 2 2 2 2
left_child=9 -2 3 4 11 8 19 -8 24 -1 18 12 13 14 15 20 -17 -18 -4 -7 21 -3 -12 -24 -6 26 27 -11 -29 -30
right_child=1 2 10 -5 5 6 7 -9 -10 25 22 -13 -14 -15 -16 16 17 -19 -20 -21 -22 -23 23 -25 -26 -27 -28 28 29 -31
leaf_value=-7.7510354514005373e-06 -0.029496722595089574 -0.063597818051308458 0.09955746016072485 -0.5331168533781131 0.023677042536065014 0.020217485368400828 -0.10638896617052754 -0.012713528520251541 -0.054447359675993512 0.00053125863303900419 0.10244645742497778 1.4267651291156807 -0.092026341619207072 0.043510505998817166 -0.57078673949887326 0.084995496604865495 -0.011913070656030792 0.00046251499581643509 -0.034195116499048245 -0.00041070729581498038 0.0092531933965319113 0.014408395518879666 3.9347581412288561 -0.04496075739613814 0.00014491257260699605 0.00082553835901993825 0.00048232020788506089 -8.3124460228637439e-05 0.00038120394282249021 -0.037533762516414
leaf_weight=27 30 23 20 22 67 23 22 27 23 130 192 77 21 67 20 22 35 35 21 23 101 27 26 23 34 208 467 24 78 26
leaf_count=27 30 23 20 22 67 23 22 27 23 130 192 77 21 67 20 22 35 35 21 23 101 27 26 23 34 208 467 24 78 26
internal_value=0.000789799 -2.75228e-05 0.000160883 -0.000452915 -0.000245749 -0.00179452 -0.00489474 -0.00985714 0.000580645 0.001625 0.00161702 0.000546729 9.40172e-05 0.000454546 -7.98478e-05 0.000407408 -0.00123913 -0.00257143 -0.00139024 0.000391304 0.0014106 -0.0006 0.00212863 -6.12244e-05 0.00181188 0.00174598 0.00151034 0.000790698 -0.000515625 0.000403846
internal_weight=1941 981 951 669 647 219 95 49 124 960 282 428 351 330 263 243 92 70 41 46 151 50 241 49 101 933 725 258 128 104
internal_count=1941 981 951 669 647 219 95 49 124 960 282 428 351 330 263 243 92 70 41 46 151 50 241 49 101 933 725 258 128 104
is_linear=0
shrinkage=0.03


Tree=284
num_leaves=31
num_cat=0
split_feature=24 39 44 9 45 24 54 35 52 40 38 56 16 47 3 32 38 24 22 3 31 31 43 3 50 50 16 3 44 17
split_gain=1.54637 0.799203 0.875935 0.699935 0.687527 0.560266 0.788581 1.04646 0.650854 0.607797 0.469602 0.703943 0.392283 0.304845 0.290269 0.309897 1.81673 1.60714 0.603727 0.389607 0.26548 0.961262 0.301042 0.239402 0.224839 0.430417 0.519105 0.230488 0.218788 0.17855
threshold=286.75000000000006 1174.6620536250002 32.350000000000001 157.50000000000003 60.500000000000007 313.7000000000001 589.20000000000016 617.91428570000005 444.50000000000006 851.24558533750007 197.33303571250002 15.250000000000002 23.550000000000004 44.500000000000007 6319815.9285000013 222.95625000000004 33.727901786250008 20.250000000000004 28.500000000000004 6548168.5000000009 906.21875000000011 989.91250000000014 286.7526785500001 6328730.9285000013 29.500000000000004 83.500000000000014 25.050000000000004 6548161.1875000009 31.350000000000005 20.500000000000004
decision_type=2 2 2 2 2 2 2 2 2 2 2 2 2 2 2 2 2 2 2 2 2 2 2 2 2 2 2 2 2 2
left_child=3 2 4 14 -2 -6 9 -8 -9 10 11 -7 -12 -14 -1 16 23 -18 -19 -20 -4 -22 -23 -16 29 26 -26 -28 -15 -25
right_child=1 -3 20 -5 5 6 7 8 -10 -11 12 -13 13 28 15 -17 17 18 19 -21 21 22 -24 24 25 -27 27 -29 -30 -31
leaf_value=0.00085238282810768187 -0.028350577367304255 -0.057353398762710811 0.0078320410098730725 -1.584661309453953e-05 -0.014294807477278924 -0.016668705545971586 -0.034442358793397028 -0.065970077785140302 0.023594970180656271 -0.025151193046779083 -0.021670588882851945 0.012055692873135739 0.019976545725264576 2.4644216931115857 -0.00012156555458749631 0.24888245691456776 -0.064154393521811431 0.01596882023220024 0.00050111081812986402 -0.18932567877456161 -0.045684694678444999 0.1124982921157867 -0.029923677513749792 0.00058569352722436213 -0.00014195611694973461 0.00039514670146498595 -0.001084819777868815 0.0017253179557038835 -0.064103879560301696 0.00045533513375516744
leaf_weight=280 28 24 119 29 32 20 33 34 28 20 24 23 112 30 29 163 20 24 21 25 34 79 20 199 23 143 20 21 25 259
leaf_count=280 28 24 119 29 32 20 33 34 28 20 24 23 112 30 29 163 20 24 21 25 34 79 20 199 23 143 20 21 25 259
internal_value=0.000774343 -0.000372263 -0.000177004 0.00139968 -0.00103423 -0.000700787 -0.000352435 -0.00268421 -0.000387097 0.000519685 0.000948718 -0.00188372 0.00158639 0.0021018 0.00150856 0.00125766 0.0010102 -0.003 -0.000857143 -0.00286957 0.00121429 0.000293233 0.00178788 0.00153026 0.00164662 0.000826087 -0.00121875 0.000804878 0.000272727 0.00201747
internal_weight=1941 685 661 1256 409 381 349 95 62 254 234 43 191 167 1227 947 784 90 70 46 252 133 99 694 665 207 64 41 55 458
internal_count=1941 685 661 1256 409 381 349 95 62 254 234 43 191 167 1227 947 784 90 70 46 252 133 99 694 665 207 64 41 55 458
is_linear=0
shrinkage=0.03


Tree=285
num_leaves=31
num_cat=0
split_feature=54 14 9 45 49 54 46 16 53 49 58 28 17 3 3 51 1 43 34 26 45 41 50 50 35 28 8 3 45 56
split_gain=1.22045 0.771683 0.719744 0.601552 0.52535 0.518504 0.996001 0.944967 0.590795 0.531718 0.568363 1.14286 0.526211 0.863054 0.584012 0.374387 0.363462 0.323563 0.308571 0.261587 0.366691 0.420822 0.234967 0.288868 0.569407 0.42473 0.649537 0.351461 0.362271 0.307824
threshold=53.850000000000001 27.550000000000004 157.50000000000003 56.500000000000007 68.500000000000014 589.20000000000016 24.250000000000004 23.250000000000004 121.50000000000001 8.5000000000000018 1007.1500000000002 1007.6500000000002 9.5000000000000018 6400478.3750000009 6628296.3215000005 757.00000000000011 4451.8571430000011 132.42499998550002 602.9000000000002 19.850000000000005 85.500000000000014 338.38551934775393 99.500000000000014 29.500000000000004 303.50089285000007 1007.35 1.0000000180025095e-35 6381406.0000000009 81.500000000000014 12.65
decision_type=2 2 2 2 2 2 2 2 2 2 2 2 2 2 2 2 2 2 2 2 2 2 2 2 2 2 2 2 2 2
left_child=2 -2 19 -3 5 7 9 -5 12 10 15 -12 18 17 -15 16 -7 -14 -9 22 21 -21 23 25 27 -1 -27 -25 -29 -28
right_child=1 3 -4 4 -6 6 -8 8 -10 -11 11 -13 13 14 -16 -17 -18 -19 -20 20 -22 -23 -24 24 -26 26 29 28 -30 -31
leaf_value=0.0006469510192414061 -0.027478135206996584 0.0089513697628199815 -1.5371214701703345e-05 -0.029506470549985151 -0.067617034192559142 0.0035172330654504686 -0.06275702669839496 -0.0032556893081913557 0.41752122810998415 -0.059819665566339775 -0.13135460586789699 0.0032694871423959654 -0.017484846877598121 -0.054058780336533059 -0.00027643491750704895 0.0070584988831408103 -0.069334833543429633 0.017698524765359946 0.0016318842987365747 0.0019639366150986321 -7.063362215727409e-05 -0.00018963661139693861 0.00090171413741874052 0.0009409926107497279 -0.0092224485000520461 -0.041949991079505852 0.00038692500129980546 -0.00017007425634763321 0.00039275265315897852 -0.0019393807651222708
leaf_weight=482 37 79 29 21 24 26 39 21 218 24 28 28 37 26 34 93 30 34 54 48 33 25 117 57 21 20 129 41 61 25
leaf_count=482 37 79 29 21 24 26 39 21 218 24 28 28 37 26 34 93 30 34 54 48 33 25 117 57 21 20 129 41 61 25
internal_value=0.000789799 -5.97889e-05 0.00145588 0.000132353 -0.000134328 1.26228e-05 -0.00102985 0.00064045 0.000948113 -0.000275109 0.000219512 -0.00235714 -0.000203883 -0.00135114 -0.004 0.00118792 -0.00075 0.000887324 0.0018 0.00158357 0.000169811 0.00135616 0.00174082 0.00156459 0.0005 0.00185671 0.000586207 0.00111321 5.88236e-05 0.00124675
internal_weight=1941 853 1088 816 737 713 268 445 424 229 205 56 206 131 60 149 56 71 75 1059 106 73 953 836 180 656 174 159 102 154
internal_count=1941 853 1088 816 737 713 268 445 424 229 205 56 206 131 60 149 56 71 75 1059 106 73 953 836 180 656 174 159 102 154
is_linear=0
shrinkage=0.03


Tree=286
num_leaves=31
num_cat=0
split_feature=54 9 19 15 6 39 56 45 35 2 35 3 28 57 57 1 1 26 32 29 32 28 35 44 14 3 3 57 56 26
split_gain=1.3573 0.745508 0.728317 0.610414 0.607878 2.0303 3.59455 1.0582 0.627842 0.619203 0.906065 0.559451 0.403155 0.837693 1.95926 0.41221 0.901018 0.379718 0.373666 0.876812 0.358623 0.231049 0.565552 0.339788 1.31436 0.244062 0.240816 0.222919 0.522935 0.212105
threshold=53.850000000000001 157.50000000000003 58.500000000000007 56.500000000000007 26.500000000000004 574.83928570625005 16.150000000000002 74.500000000000014 476.62857140000006 6784.1071430000011 794.49553570000012 6332731.2855000012 1007.1500000000002 303.50000000000006 309.50000000000006 5978.4910715000015 7260.1607145000007 19.600000000000005 202.51607145000003 0.45000000000000007 1046.5857140000001 1007.1500000000002 794.49553570000012 28.750000000000004 28.650000000000002 7334700.7500000009 6327905.3125000009 306.50000000000006 13.550000000000002 20.050000000000004
decision_type=2 2 2 2 2 2 2 2 2 2 2 2 2 2 2 2 2 2 2 2 2 2 2 2 2 2 2 2 2 2
left_child=1 17 3 -2 9 7 -7 -6 -8 12 -11 -12 13 15 -15 -5 -17 21 19 -19 -18 25 23 24 26 27 -23 -1 -29 -13
right_child=2 -3 -4 4 5 6 8 -9 -10 10 11 29 -14 14 -16 16 20 18 -20 -21 -22 22 -24 -25 -26 -27 -28 28 -30 -31
leaf_value=0.00079779519601080157 0.0071560430001712735 -1.4910078260652243e-05 -0.012846928066373746 0.0074234264375165129 0.006974364519709229 -0.10849742931806172 -0.017201759552855449 -0.04842728325500243 0.0069553583589302154 -0.056735652128945761 -0.043764852573386935 0.013231578995366769 0.82729204878357487 -0.061874168408718538 0.8125742675881259 -0.019893242239852262 0.016392577349100775 0.0003572889747395131 1.75612357356452 -0.0035558892941147981 -0.1001773242733628 2.8492890869124412e-05 -0.036856085432484247 0.0015922562965446294 -0.015527028522840451 0.00010758020712472289 0.0017757935484920544 0.00022366717908370458 -0.013102485285105088 -0.0002592292985957932
leaf_weight=450 79 29 32 68 84 23 22 24 35 35 27 52 147 24 30 27 87 46 41 23 35 36 24 95 24 38 115 139 28 22
leaf_count=450 79 29 32 68 84 23 22 24 35 35 27 52 147 24 30 27 87 46 41 23 35 36 24 95 24 38 115 139 28 22
internal_value=0.000836167 0.0015386 -5.97889e-05 0.000113277 -0.000153639 -0.00162766 -0.00525 0.00105556 -0.00121053 0.000346571 -0.00141176 2.97031e-05 0.00091866 0.000232472 -0.00311111 0.00106452 0.000181208 0.00166856 1.11759e-10 -0.00134783 0.00127869 0.00186196 0.00116327 0.00155556 0.000771429 0.00217557 0.00180795 0.00231929 0.00138323 0.00137838
internal_weight=1941 1088 853 821 742 188 80 108 57 554 136 101 418 271 54 217 149 1059 110 69 122 949 294 270 175 655 151 617 167 74
internal_count=1941 1088 853 821 742 188 80 108 57 554 136 101 418 271 54 217 149 1059 110 69 122 949 294 270 175 655 151 617 167 74
is_linear=0
shrinkage=0.03


Tree=287
num_leaves=31
num_cat=0
split_feature=38 51 50 17 37 18 23 46 58 9 2 35 58 35 3 2 8 3 3 37 46 40 58 6 15 6 57 56 31 51
split_gain=1.42056 1.09328 0.82701 1.16293 1.84011 1.04486 0.583977 1.48764 0.590103 0.555736 0.492293 0.952196 0.381935 0.370712 0.717732 0.376923 0.353741 0.592036 0.429501 0.354776 0.33457 0.709707 0.324673 0.241576 0.231215 0.500262 0.769231 0.436899 0.2276 0.369122
threshold=33.727901786250008 26.500000000000004 43.500000000000007 55.500000000000007 172.92500000000004 56.500000000000007 230.50000000000003 24.050000000000004 1008.9500000000002 157.50000000000003 6130.0000000000009 530.72857140000008 1006.1500000000002 952.86875000000009 6335789.0625000009 7584.6428570000007 2.5000000000000004 6367151.2855000012 6610741.6340000005 1134.6428570000003 23.550000000000004 681.82994790395844 1005.7500000000001 26.500000000000004 86.500000000000014 24.500000000000004 310.50000000000006 3.9500000000000006 274.78571430000005 108.00000000000001
decision_type=2 2 2 2 2 2 2 2 2 2 2 2 2 2 2 2 2 2 2 2 2 2 2 2 2 2 2 2 2 2
left_child=9 -2 3 6 -5 -6 8 -8 10 23 16 -12 -7 22 -15 -16 17 -3 -19 28 21 -4 -13 24 25 27 -27 -1 29 -18
right_child=1 2 20 4 5 12 7 -9 -10 -11 11 13 -14 14 15 -17 19 18 -20 -21 -22 -23 -24 -25 -26 26 -28 -29 -30 -31
leaf_value=-2.3767160790349027e-05 -0.033519779860766354 0.0012287603072115606 -0.010975222873733462 -0.15856112386699447 -0.31165260903569997 -0.052366714795561216 -0.044407118425018433 2.7714122076787078 -0.052241354379708206 -6.1346672061516661e-06 -0.064611486784018804 0.0061840856070321717 1.5977192005593464 -0.048540036453407764 -0.013953128718901935 0.0013142549898699522 0.16221861829674941 -0.028741032773144146 0.0028928959934496424 -0.18361230066819034 0.1100556720148549 5.2656886220124335 -0.0010676625086755724 0.00072863587429514653 0.00024761980203601819 -0.036239349241779975 0.0015614556482864185 0.00057680572561462015 0.92725130434793579 -0.021251471137612096
leaf_weight=21 27 55 21 25 22 25 24 28 33 27 23 75 37 25 20 52 26 20 21 29 119 31 29 208 252 32 20 400 191 23
leaf_count=21 27 55 21 25 22 25 24 28 33 27 23 75 37 25 20 52 26 20 21 29 119 31 29 208 252 32 20 400 191 23
internal_value=0.000867079 6.42203e-05 0.000232705 -0.000180077 -0.00305505 -0.000928571 0.000284867 -0.00276923 0.000540193 0.0016875 0.000758914 -0.000348214 0.00106452 0.000313433 -0.00102062 0.0005 0.00143836 -0.000125 -0.00285366 0.00199628 0.00212281 0.000115385 0.00155769 0.00181029 0.00155172 0.00116068 -0.00161538 0.00150356 0.002375 0.000551021
internal_weight=1941 981 954 783 109 84 674 52 622 960 589 224 62 201 97 72 365 96 41 269 171 52 104 933 725 473 52 421 240 49
internal_count=1941 981 954 783 109 84 674 52 622 960 589 224 62 201 97 72 365 96 41 269 171 52 104 933 725 473 52 421 240 49
is_linear=0
shrinkage=0.03


Tree=288
num_leaves=31
num_cat=0
split_feature=38 51 50 39 43 28 17 37 6 23 30 52 32 41 41 9 10 34 1 33 31 58 46 6 58 34 10 27 19 18
split_gain=1.41939 1.25177 1.00141 0.78928 0.722791 0.725764 1.59091 0.899909 1.87605 1.91293 0.954778 0.73952 0.809524 0.58848 0.793981 0.54758 0.516788 0.479525 0.436818 0.41957 0.4 0.328663 0.718085 0.259121 0.237204 0.376585 0.297163 0.413612 0.29221 0.600198
threshold=33.727901786250008 32.000000000000007 11.500000000000002 1174.6620536250002 -263.73303567999994 1008.0500000000001 60.500000000000007 645.58660715000008 21.500000000000004 179.50000000000003 906.21875000000011 400.00000000000006 156.64553570000001 328.86280383685556 292.37591581039925 157.50000000000003 -0.88144907265856332 1150.1142860000002 3506.0000000000005 623.15000000000009 1056.7848215000001 1008.9500000000002 24.550000000000004 26.500000000000004 1005.7500000000001 336.55982145000002 0.95642797789208711 259.50000000000006 2.5000000000000004 21.500000000000004
decision_type=2 2 2 2 2 2 2 2 2 2 2 2 2 2 2 2 2 2 2 2 2 2 2 2 2 2 2 2 2 2
left_child=15 -2 3 4 17 6 7 11 -9 10 -10 12 -6 14 -14 23 19 -3 -7 -4 -12 -20 -23 24 26 28 -1 -28 29 -26
right_child=1 2 16 -5 5 18 -8 8 9 -11 20 -13 13 -15 -16 -17 -18 -19 21 -21 -22 22 -24 -25 25 -27 27 -29 -30 -31
leaf_value=0.00048762420661402361 -0.025776004306058475 0.0051874869026162628 -0.059677870705868614 -0.061820673578925317 0.0058336219201539459 -0.076706095787829359 -0.23036862712449746 0.082760209846091615 -0.10030022930127558 -0.053247887692686013 -0.21847794346222399 0.018995246961362913 -0.014141602875962434 -0.018992358567639006 0.0077125671876082163 -5.9506271899671165e-06 0.066235168977647044 -0.0014247599539693792 0.61867336498331615 0.0035464815506483925 3.0380441779961616 -0.062168779124358496 3.1002684905826436 0.00070677679806629219 -0.0079470877694166279 -0.023460132988115463 0.0023409379095577182 -0.0040870218946534483 0.00036422996418121592 0.00023349797797703661
leaf_weight=266 30 103 20 24 51 20 34 52 26 20 20 84 27 20 21 27 241 24 76 21 20 20 27 208 58 20 40 27 206 108
leaf_count=266 30 103 20 24 51 20 34 52 26 20 20 84 27 20 21 27 241 24 76 21 20 20 27 208 58 20 40 27 206 108
internal_value=0.000836167 3.36393e-05 0.000223975 -0.000408072 -0.000209302 -0.000706564 -0.0014 -0.000782991 -0.00265217 -0.00537209 -0.00290909 0.000487685 -0.00103361 -0.00317647 -0.001375 0.00165625 0.0017234 0.0018189 0.00111189 -0.00139024 1.11759e-10 0.00178049 -0.000191489 0.00177814 0.00151034 0.0010102 0.0020991 0.000313433 0.00122581 0.000289157
internal_weight=1941 981 951 669 645 518 375 341 138 86 66 203 119 68 48 960 282 127 143 41 40 123 47 933 725 392 333 67 372 166
internal_count=1941 981 951 669 645 518 375 341 138 86 66 203 119 68 48 960 282 127 143 41 40 123 47 933 725 392 333 67 372 166
is_linear=0
shrinkage=0.03


Tree=289
num_leaves=31
num_cat=0
split_feature=54 39 9 46 58 37 2 8 35 35 45 9 26 35 30 34 9 31 56 47 31 29 6 26 56 10 51 42 10 8
split_gain=2.1642 0.776944 0.766181 0.649895 2.6573 0.919346 0.84726 0.843357 0.968868 1.30509 0.553846 0.371527 0.369532 0.311455 0.771811 0.662879 0.366565 0.620345 1.7011 0.433813 0.33 0.225257 0.175804 0.209863 0.477749 0.188103 0.367733 0.894783 0.209712 0.35728
threshold=170.55000000000004 1174.6620536250002 157.50000000000003 23.750000000000004 1007.9500000000002 41.13750000000001 389.16071430000005 4.5000000000000009 607.38125000000014 177.27142855000002 59.500000000000007 145.50000000000003 15.950000000000001 963.55000000000007 350.39285715000005 678.46428575000016 147.50000000000003 705.31428570000014 16.550000000000004 69.500000000000014 295.05803570000006 4.3500000000000005 26.500000000000004 3.8500000000000001 4.0500000000000007 -0.88144907265856332 17.500000000000004 -31.708035735000035 0.95642797789208711 1.5000000000000002
decision_type=2 2 2 2 2 2 2 2 2 2 2 2 2 2 2 2 2 2 2 2 2 2 2 2 2 2 2 2 2 2
left_child=2 3 21 4 5 -2 11 8 9 12 -9 -5 -7 16 15 -15 19 20 -19 -8 -18 22 23 -1 -25 26 -26 -28 -27 -30
right_child=1 -3 -4 6 -6 7 13 10 -10 -11 -12 -13 -14 14 -16 -17 17 18 -20 -21 -22 -23 -24 24 25 28 27 -29 29 -31
leaf_value=0.00074523713122672745 1.6964992464273871 -0.059966053371556818 -1.4100217080949112e-05 -0.0051183186338852249 -0.025156812033253158 -0.017827118765876358 0.021188873648906887 3.4161734079770651 0.0050145816568143353 -0.11060157114754142 -0.067639050468594947 -0.19506173755106804 0.019616692015356534 -0.0015563113694331083 -0.063749000094325825 0.0057940679412354645 -0.025096888450077886 -0.44759495010179101 0.068761783013078698 -0.00093492963588987063 0.1219894518409753 0.03447066327058728 0.00066040107087264003 -6.6905963776551659e-05 0.0015973188142618651 0.00035316955712288067 0.0071658227408088046 -0.033714945198263055 -0.00096533648878590359 0.0034011044555536324
leaf_weight=89 50 24 29 20 20 34 198 45 27 31 20 33 26 24 20 42 20 23 40 25 55 32 213 37 60 578 21 25 28 52
leaf_count=89 50 24 29 20 20 34 198 45 27 31 20 33 26 24 20 42 20 23 40 25 55 32 213 37 60 578 21 25 28 52
internal_value=0.000789799 -0.000436293 0.00160825 -0.000266932 -0.00150593 -0.00060515 0.00036 -0.00159016 -0.00310169 -0.00458242 0.00115385 -0.00322641 -0.002 0.000785235 -0.000837209 0.000727273 0.00117175 -4.34781e-05 -0.0022381 0.00192377 0.0018 0.00173128 0.00180326 0.00161798 0.00146442 0.00162565 0.00045283 -0.00156522 0.00181459 0.000375
internal_weight=1941 777 1164 753 253 233 500 183 118 91 65 53 60 447 86 66 361 138 63 223 75 1135 1103 890 801 764 106 46 658 80
internal_count=1941 777 1164 753 253 233 500 183 118 91 65 53 60 447 86 66 361 138 63 223 75 1135 1103 890 801 764 106 46 658 80
is_linear=0
shrinkage=0.03


Tree=290
num_leaves=31
num_cat=0
split_feature=54 2 39 12 46 58 8 36 27 27 16 8 32 17 44 6 5 30 52 31 20 20 28 11 11 42 44 35 20 20
split_gain=1.82436 0.974836 0.867097 0.749864 0.695539 2.7544 1.17737 0.453616 0.938897 1.06013 0.343137 0.337149 0.488427 0.84441 0.62609 0.567868 0.914769 0.951452 0.518006 0.504597 0.275578 0.573723 0.361466 0.548571 0.322123 0.317048 0.441471 0.213333 0.180689 0.156535
threshold=170.55000000000004 151.25000000000003 1174.6620536250002 0.41886391893847991 23.650000000000002 1007.9500000000002 1.5000000000000002 2.7142857145000003 294.50000000000006 280.50000000000006 23.450000000000003 1.0000000180025095e-35 340.78035715000004 57.500000000000007 29.650000000000002 26.500000000000004 22.500000000000004 620.29910715000017 216.50000000000003 1160.0785715000004 28.500000000000004 30.500000000000004 1007.7500000000001 0.72947329433276265 -0.5 35.355654765000004 29.250000000000004 389.65625000000006 20.500000000000004 87.500000000000014
decision_type=2 2 2 2 2 2 2 2 2 2 2 2 2 2 2 2 2 2 2 2 2 2 2 2 2 2 2 2 2 2
left_child=3 -2 4 -1 5 6 -3 8 9 10 -8 -6 13 14 -13 19 -17 -18 -16 28 22 -22 -5 -24 -23 26 29 -25 -14 -26
right_child=1 2 -4 20 11 -7 7 -9 -10 -11 -12 12 15 -15 18 16 17 -19 -20 -21 21 24 23 27 25 -27 -28 -29 -30 -31
leaf_value=-1.3677210568520639e-05 -0.23598732790567994 -0.036399364102558465 -0.058167071770409778 0.00056424722117786295 0.02263111995421303 -0.024402107672255383 -0.018863059322189485 3.2960286330801623 4.0386383543460855 -0.12492165112187742 0.0061667237030738143 -0.0078436343476303658 0.041476698479742703 -0.10707941684886758 0.0052329613366297817 0.013489891326856575 0.00037017204074010654 -0.26497375712437721 -0.016792084371522416 -0.020655458585633505 -0.0010736525941514447 4.475006969316432 -0.033975956578997914 0.00031493724373064905 6.0910084697076261e-05 -0.023790783734700793 -0.00393054001878113 0.0010168522523851529 -0.00010917756707597769 0.00045799098673999806
leaf_weight=29 22 21 24 590 70 20 30 48 45 26 21 31 184 22 64 37 21 20 20 21 23 111 30 48 84 21 36 27 30 165
leaf_count=29 22 21 24 590 70 20 30 48 45 26 21 31 184 22 64 37 21 20 20 21 23 111 30 48 84 21 36 27 30 165
internal_value=0.000805255 -0.000320463 -0.000139073 0.0015567 4.51437e-05 -0.00140758 -0.000298429 0.000529412 -0.000442623 -0.00245455 5.88236e-05 0.000634615 0.000333333 -0.00116058 -0.000130435 0.000987221 -0.00123077 -0.00431707 0.00121429 0.0017234 0.00167841 0.00109091 0.00205036 0.000428572 0.00134532 0.000843137 0.00110526 0.0018 0.00215888 0.00155422
internal_weight=1941 777 755 1164 731 211 191 170 122 77 51 520 450 137 115 313 78 41 84 235 1135 440 695 105 417 306 285 75 214 249
internal_count=1941 777 755 1164 731 211 191 170 122 77 51 520 450 137 115 313 78 41 84 235 1135 440 695 105 417 306 285 75 214 249
is_linear=0
shrinkage=0.03


Tree=291
num_leaves=31
num_cat=0
split_feature=54 2 39 12 46 53 37 43 43 33 56 26 44 39 30 39 14 6 3 28 47 37 26 56 57 59 27 27 27 40
split_gain=2.00361 0.938896 0.830645 0.741772 0.637158 1.98129 0.84152 0.940104 1.70142 0.529414 0.652022 0.588992 0.856357 1.08445 1.5 0.425486 0.407181 0.331271 0.307143 0.301733 0.444444 0.670145 0.278231 0.658052 0.321632 0.544128 0.51296 1.03059 0.466021 0.37229
threshold=170.55000000000004 151.25000000000003 1174.6620536250002 0.41886391893847991 23.750000000000004 223.50000000000003 1007.7687500000001 -122.56160714999999 -291.90089284999993 902.08125000000007 13.050000000000002 17.250000000000004 29.850000000000005 510.24754464375002 822.28571425000007 154.10647322062502 31.450000000000003 26.500000000000004 6353144.6160000013 1005.6500000000002 9.5000000000000018 754.72142855000004 3.8500000000000001 4.0500000000000007 298.50000000000006 3.6500000000000004 323.50000000000006 318.50000000000006 309.50000000000006 105.60755208070834
decision_type=2 2 2 2 2 2 2 2 2 2 2 2 2 2 2 2 2 2 2 2 2 2 2 2 2 2 2 2 2 2
left_child=3 -2 4 -1 5 6 7 8 -3 10 15 12 -12 18 -15 -6 -9 22 -14 20 -13 -22 -5 -24 25 -25 27 28 29 -26
right_child=1 2 -4 17 9 -7 -8 16 -10 -11 11 19 13 14 -16 -17 -18 -19 -20 -21 21 -23 23 24 26 -27 -28 -29 -30 -31
leaf_value=-1.3266894251465019e-05 -0.22890770806850927 0.0076188950617732997 -0.056422059617297397 0.00071152277153790412 -0.05523083750400213 -0.052020233254736724 -0.019141263472583152 -0.0051462086109915588 -0.05437477771150568 0.016435220961791876 -0.055628597735462089 0.012977207566273437 -0.0027011544560046679 -0.12549507161423953 0.046515091082543439 0.79503762999591898 0.016364140897006229 0.00062515748433855341 0.010516690828876112 0.4567171721407256 -0.012640221717413129 0.05432662381788219 -7.1491057589650087e-05 0.00073892247016965889 0.0011680338544555989 -0.026741254452467379 0.00039272506975309774 -0.0020782251570082371 0.000216504781585471 -0.00033823824832732836
leaf_weight=29 22 38 24 89 26 24 35 27 26 106 23 24 20 27 27 99 101 213 43 37 25 23 37 503 57 20 79 28 68 41
leaf_count=29 22 38 24 89 26 24 35 27 26 106 23 24 20 27 27 99 101 213 43 37 25 23 37 503 57 20 79 28 68 41
internal_value=0.000743431 -0.000436293 -0.000258278 0.00153093 -7.79753e-05 -0.00130279 -0.000436123 0.00034375 -0.002625 0.0005625 3.20857e-05 -0.000855422 -0.00214286 -0.00110256 -0.00422222 0.0018 0.00182813 0.00165198 0.00157143 0.000798165 -0.000333333 -0.002 0.00140564 0.00123529 0.00141709 0.00185277 0.000582418 -0.000247423 0.000650603 -0.000673469
internal_weight=1941 777 755 1164 731 251 227 192 64 480 374 249 140 117 54 125 128 1135 63 109 72 48 922 833 796 523 273 194 166 98
internal_count=1941 777 755 1164 731 251 227 192 64 480 374 249 140 117 54 125 128 1135 63 109 72 48 922 833 796 523 273 194 166 98
is_linear=0
shrinkage=0.03


Tree=292
num_leaves=31
num_cat=0
split_feature=54 9 46 58 37 21 17 8 32 18 42 26 40 27 48 6 21 16 26 56 29 57 41 36 11 3 6 26 28 41
split_gain=2.24671 0.766181 0.748502 2.47165 1.12141 1.22043 1.00796 0.951149 0.843006 0.769695 1.49444 0.587417 0.515716 0.35386 0.624046 0.283834 0.271343 0.245455 0.245205 0.694912 0.192599 0.301751 0.713839 0.354838 0.336949 0.344198 0.291808 0.257682 0.460716 0.201021
threshold=170.55000000000004 157.50000000000003 23.650000000000002 1007.9500000000002 263.65982145000004 844.00000000000011 58.500000000000007 1.5000000000000002 1012.8687500000002 1.5000000000000002 14.958035949999998 17.750000000000004 952.28456100416668 276.50000000000006 5.5000000000000009 26.500000000000004 268.50000000000006 23.250000000000004 3.8500000000000001 4.0500000000000007 4.3500000000000005 298.50000000000006 326.18988363030729 675.34464285000001 0.63405362205439486 6540258.3215000005 25.500000000000004 6.8500000000000005 1006.0500000000001 88.589219561671158
decision_type=2 2 2 2 2 2 2 2 2 2 2 2 2 2 2 2 2 2 2 2 2 2 2 2 2 2 2 2 2 2
left_child=1 15 3 7 6 16 11 -2 -7 12 -11 13 -9 14 -4 18 -6 -12 -1 -20 21 26 23 24 25 -23 27 28 -21 -25
right_child=2 -3 4 -5 5 8 -8 9 -10 10 17 -13 -14 -15 -16 -17 -18 -19 19 20 -22 22 -24 29 -26 -27 -28 -29 -30 -31
leaf_value=0.00069017708839176693 -0.033746776207871192 -1.2868887423921068e-05 -0.010619403281725451 -0.022997169656490121 -0.00089162412821194284 -0.18696640761914163 -0.21092269267584782 0.017202675710813322 -0.0027904869829173703 -0.035751408992282699 0.027690735454492112 -0.0073810928005394513 -0.05860916038505621 0.0027192662838683821 0.067446071068212668 0.00060640275980839678 0.028168191027537672 -0.013248800855463917 -6.9346325861960594e-05 -0.0092345851571629754 0.02145610502446196 0.005207022031177783 -0.00022165256113324195 0.00019634324683930667 -0.0027187120750628538 -0.0052199607859977843 -0.02037942301863397 0.0012534271041984093 0.00051266423044420085 0.00024243254093488545
leaf_weight=89 21 29 27 20 30 23 26 79 38 31 24 32 30 53 25 213 298 20 37 27 32 33 26 119 24 26 20 412 47 30
leaf_count=89 21 29 27 20 30 23 26 79 38 31 24 32 30 53 25 213 298 20 37 27 32 33 26 119 24 26 20 412 47 30
internal_value=0.000774343 0.00160825 -0.000474903 -0.00193333 0.000119565 0.000994859 -0.00196932 -0.000951219 -0.00290164 -0.000260869 -0.0026 -0.000941606 0.00134862 0.000142857 -0.00161538 0.00173128 0.00171951 0.000954546 0.00150325 0.00134334 0.00153015 0.00162565 0.000790698 0.00131897 -0.000253012 0.000966102 0.00205138 0.00219753 0.000567568 0.00219463
internal_weight=1941 1164 777 225 552 389 163 205 61 184 75 137 109 105 52 1135 328 44 922 833 796 764 258 232 83 59 506 486 74 149
internal_count=1941 1164 777 225 552 389 163 205 61 184 75 137 109 105 52 1135 328 44 922 833 796 764 258 232 83 59 506 486 74 149
is_linear=0
shrinkage=0.03


Tree=293
num_leaves=31
num_cat=0
split_feature=54 35 46 23 23 23 51 9 38 37 42 26 45 27 26 41 16 56 33 39 40 34 43 33 34 26 56 20 26 2
split_gain=1.95145 0.776944 0.875437 1.5458 0.832273 1.24495 3.51728 0.733724 0.575698 0.684734 1.47274 0.556172 1.37669 0.418353 0.449028 0.324422 0.314836 0.421692 0.905307 1.18971 0.292032 0.505561 0.274423 0.294983 0.254491 0.160862 0.327676 0.735293 0.344086 0.243127
threshold=170.55000000000004 1243.1750000000002 23.750000000000004 223.50000000000003 144.50000000000003 179.50000000000003 835.50000000000011 157.50000000000003 1143.246875 242.59285715000001 77.281250000000014 19.150000000000002 87.500000000000014 262.50000000000006 17.750000000000004 338.38551934775393 23.950000000000003 13.450000000000001 585.77500000000009 549.7989955375001 867.41514136666672 1076.825 -161.47232139999997 1019.2357145000002 1006.6687500000002 15.450000000000001 13.050000000000002 55.500000000000007 13.450000000000001 8780.7857145000016
decision_type=2 2 2 2 2 2 2 2 2 2 2 2 2 2 2 2 2 2 2 2 2 2 2 2 2 2 2 2 2 2
left_child=7 2 3 4 -2 22 -7 11 9 10 13 24 15 -4 -15 -13 -11 -18 19 -19 -20 -22 23 -6 25 26 29 28 -28 -1
right_child=1 -3 8 -5 5 6 -8 -9 -10 16 -12 12 -14 14 -16 -17 17 18 20 -21 21 -23 -24 -25 -26 -27 27 -29 -30 -31
leaf_value=0.00041277895571863242 -0.040776409611699309 -0.0064269517564212114 -0.038269752325469045 -0.043279034374384427 0.003464319604763122 0.0094279699537424162 -0.02509635096094319 -1.2482820801203437e-05 -0.085813207843382935 0.011926567631760527 -0.19578699230424354 0.0017003183970738262 -0.00032502643401409909 0.0020956788600939953 -0.0023161410458429421 -8.3760090623365512e-05 1.9002769661186272 0.0030691086432886555 0.31942115689644646 -0.56112879642871571 -0.023513009912964296 0.015017582333126344 0.0090180758100985806 -0.046945545244687227 -0.0035780971804238305 0.00085804608914142352 -0.0072456091454168323 -0.0080341474011212718 0.0013601142433980783 -5.2851696430309349e-05
leaf_weight=741 37 24 24 22 26 48 29 29 20 84 21 72 20 63 22 25 83 33 76 20 23 20 82 20 20 110 31 32 62 22
leaf_count=741 37 24 24 22 26 48 29 29 20 84 21 72 20 63 22 25 83 33 76 20 23 20 82 20 20 110 31 32 62 22
internal_value=0.000727975 -0.000436293 -0.000266932 -0.00165909 -0.000966942 -0.000219512 -0.00323377 0.00150515 0.000484663 0.000697228 -0.00115385 0.00162555 -0.000333333 0.000247707 0.00123529 0.00114433 0.00140708 0.000882353 3.48838e-05 -0.00322641 0.0014874 -0.000488372 0.00159375 -0.000260869 0.00185069 0.00191784 0.00178378 0.00036 0.00170968 0.00201704
internal_weight=1941 777 753 264 242 205 77 1164 489 469 130 1135 117 109 85 97 339 255 172 53 119 43 128 46 1018 998 888 125 93 763
internal_count=1941 777 753 264 242 205 77 1164 489 469 130 1135 117 109 85 97 339 255 172 53 119 43 128 46 1018 998 888 125 93 763
is_linear=0
shrinkage=0.03


Tree=294
num_leaves=31
num_cat=0
split_feature=54 39 38 17 46 28 46 12 28 26 56 18 42 3 3 46 6 6 31 41 28 6 44 29 36 51 23 12 2 56
split_gain=1.44594 0.857989 0.965809 1.04615 0.805078 2.1505 0.954476 0.733724 0.668457 0.556172 1.16178 0.448565 0.856494 0.396147 0.55969 0.717458 1.02806 0.402749 0.71606 0.318195 0.278571 0.225294 0.246747 0.349754 0.28187 0.634178 0.70852 0.243328 0.219867 0.238521
threshold=170.55000000000004 1174.6620536250002 151.18125000125005 25.500000000000004 23.650000000000002 1007.85 23.550000000000004 0.41886391893847991 1005.6500000000002 19.150000000000002 20.050000000000004 1.5000000000000002 18.551785725000006 6259065.5000000009 6363516.2500000009 24.950000000000003 23.500000000000004 25.500000000000004 783.35535715000003 338.38551934775393 1005.1500000000002 26.500000000000004 26.950000000000003 1.1500000000000001 14.437500000000002 3.5000000000000004 11.500000000000002 0.48030317736429479 8678.5000000000018 13.550000000000002
decision_type=2 2 2 2 2 2 2 2 2 2 2 2 2 2 2 2 2 2 2 2 2 2 2 2 2 2 2 2 2 2
left_child=7 2 3 8 5 6 11 -1 -2 21 -11 -4 -13 -6 -15 17 -17 -16 20 -12 -19 22 -9 24 -24 27 -27 -26 29 -29
right_child=1 -3 4 -5 13 -7 -8 9 -10 10 19 12 -14 14 15 16 -18 18 -20 -21 -22 -23 23 -25 25 26 -28 28 -30 -31
leaf_value=-1.2108336177167335e-05 0.0060681912922653592 -0.052071286983988718 0.0085188530644170497 -0.25544720351450695 -0.059302156090367097 -0.02100888353556362 -0.10922645544935521 0.00054267149677056511 -0.0065755579022657128 -0.00018746949440058216 0.0017437326162373314 -0.027469228336288863 0.0077143623981268533 0.0072098314727508704 0.021062121711496143 -0.49386978915503493 1.0065295322252386 -0.010484481429535947 -0.14628928615265768 -8.1247287904664169e-05 0.023669783052568425 0.00057433252549225419 0.030345810053718371 -0.028475307254375571 2.6493631457485349e-06 -0.0072349495002869153 0.0023857694899427706 0.00040247868066848615 -5.9913209239121337e-05 -0.0039882956492569843
leaf_weight=29 31 24 93 20 28 20 24 102 34 22 70 30 43 172 124 23 22 21 29 25 39 213 163 23 42 37 29 351 22 36
leaf_count=29 31 24 93 20 28 20 24 102 34 22 70 30 43 172 124 23 22 21 29 25 39 213 163 23 42 37 29 351 22 36
internal_value=0.000836167 -0.000166023 1.19523e-05 -0.003 0.00039521 -0.00114286 -0.000157895 0.00150515 -0.00115385 0.00162555 -0.000333333 0.000650603 -0.00110959 0.00110044 0.00132558 0.000441861 -0.003 0.00116901 -0.000370786 0.00110526 0.0015 0.00185069 0.00162112 0.00142105 0.00154412 0.00120116 -0.00154545 0.0016031 0.00182641 0.00199225
internal_weight=1941 777 753 85 668 210 190 1164 65 1135 117 166 73 458 430 258 45 213 89 95 60 1018 805 703 680 517 66 451 409 387
internal_count=1941 777 753 85 668 210 190 1164 65 1135 117 166 73 458 430 258 45 213 89 95 60 1018 805 703 680 517 66 451 409 387
is_linear=0
shrinkage=0.03


Tree=295
num_leaves=31
num_cat=0
split_feature=46 58 56 27 57 38 35 2 10 42 28 2 51 56 2 47 18 2 2 10 15 56 21 27 18 10 43 53 47 9
split_gain=1.32146 2.983 0.758844 0.683575 1.36601 0.638852 0.599496 0.730825 0.516414 0.513548 0.611161 1.30632 0.474063 0.466919 0.720462 0.439924 0.714105 0.409626 0.393475 0.403683 0.386161 0.427333 0.420918 0.394397 0.56289 0.424825 0.378241 0.741664 0.373874 0.306876
threshold=23.750000000000004 1007.9500000000002 13.050000000000002 193.50000000000003 191.50000000000003 1143.246875 902.08125000000007 7265.2857145000007 0.77259657388510639 24.63660700000003 1006.0500000000001 4259.8571425000009 835.50000000000011 17.550000000000004 6883.7589285000004 9.5000000000000018 6.5000000000000009 3887.5000000000005 8780.7857145000016 0.63405362205439497 87.500000000000014 6.8500000000000005 252.50000000000003 322.50000000000006 41.500000000000007 0.88144907265856365 100.28482140000001 183.50000000000003 68.500000000000014 149.50000000000003
decision_type=2 2 2 2 2 2 2 2 2 2 2 2 2 2 2 2 2 2 2 2 2 2 2 2 2 2 2 2 2 2
left_child=1 8 18 4 -4 6 26 -8 9 10 13 -12 -11 -1 17 -9 -17 -15 19 -2 21 22 23 24 25 -21 -5 -28 29 -23
right_child=2 -3 3 5 -6 -7 7 15 -10 12 11 -13 -14 14 -16 16 -18 -19 -20 20 -22 28 -24 -25 -26 -27 27 -29 -30 -31
leaf_value=0.0054982512218345525 0.00037905768945944085 -0.020378617029496886 0.00020848728340180776 0.0011835440326289437 -0.041308252542966259 -0.081676672998564237 -0.023484058336246966 0.0082981327181964101 -0.016022511537770526 0.035557308216596917 0.062616551686696831 -0.018577880113856374 -0.011842945097871248 -7.8289098268599714e-05 -0.081417773639988519 -0.008724711723598259 0.0016617992809047956 0.0025505059642726455 -0.00059690782813395359 -0.00013502169771623378 0.0020792376009504737 0.020444392272012633 0.75083925843126065 0.0014674882619460268 -0.14789178461240102 0.0075709796801476711 -0.10577684446130346 0.10438696896486858 -0.00042739683150906877 -0.00021802162962639509
leaf_weight=72 470 20 46 316 20 20 37 68 37 87 37 27 37 31 25 26 27 32 24 22 108 123 22 24 26 26 38 46 25 22
leaf_count=72 470 20 46 316 20 20 37 68 37 87 37 27 37 31 25 26 27 32 24 22 108 123 22 24 26 26 38 46 25 22
internal_value=0.000820711 -0.000703704 0.00122266 0.000437888 -0.00245455 0.000768166 0.000956989 -0.000607595 -0.000116883 0.000241379 -0.000616071 -0.00309375 0.00179032 0.000375 -0.00109091 0.000520661 -0.0015283 0.000619048 0.00178924 0.00189401 0.00119095 0.00062069 -0.00075 -0.00159184 -0.00267568 -0.00075 0.001575 -0.000214286 0.00158824 0.00217241
internal_weight=1941 405 1536 644 66 578 558 158 385 348 224 64 124 160 88 121 53 63 892 868 398 290 120 98 74 48 400 84 170 145
internal_count=1941 405 1536 644 66 578 558 158 385 348 224 64 124 160 88 121 53 63 892 868 398 290 120 98 74 48 400 84 170 145
is_linear=0
shrinkage=0.03


Tree=296
num_leaves=31
num_cat=0
split_feature=54 39 16 28 37 24 30 28 39 3 42 9 32 32 14 41 24 43 15 2 18 10 58 8 19 37 43 42 58 57
split_gain=1.72592 0.857989 0.723108 2.0425 1.01781 0.734117 1.08076 0.753738 1.01308 0.652349 0.472115 0.716298 0.578022 1.55576 0.408708 0.760206 0.298587 0.573016 0.24381 0.235045 0.18565 0.16742 0.703572 0.305339 0.202619 0.397805 0.146667 0.138548 0.466878 0.121901
threshold=170.55000000000004 1174.6620536250002 23.750000000000004 1007.9500000000002 242.59285715000001 688.10000000000014 966.0875000000002 1006.2500000000001 655.28392857500023 6587869.5715000005 77.281250000000014 142.50000000000003 316.67142855000003 154.23571425000003 26.050000000000004 0.64590711697134939 589.20000000000016 245.20982145000002 63.500000000000007 8780.7857145000016 93.000000000000014 0.95642797789208711 1004.85 1.0000000180025095e-35 99.500000000000014 214.63750000000002 100.28482140000001 50.579464500000064 1007.1500000000002 306.50000000000006
decision_type=2 2 2 2 2 2 2 2 2 2 2 2 2 2 2 2 2 2 2 2 2 2 2 2 2 2 2 2 2 2
left_child=14 2 3 5 10 6 7 8 -2 -7 11 -4 13 -13 15 -1 27 18 26 20 21 24 -23 -24 29 -26 -18 -6 -29 -16
right_child=1 -3 4 -5 16 9 -8 -9 -10 -11 -12 12 -14 -15 19 -17 17 -19 -20 -21 -22 22 23 -25 25 -27 -28 28 -30 -31
leaf_value=0.0015754992098828914 -0.032154160139026521 -0.048058848184510727 0.0038042850979228202 -0.019767258518611705 0.025404478434853561 0.020308360197342539 -0.015239081513288599 0.12261599287945796 0.0027707853504834535 -0.020097684208402619 -0.17514131390296372 0.00029792975036252781 0.012698709646321828 -0.016971588171014133 0.00092994439689173187 -0.020433026455649463 0.054199308882370609 -0.19908437895424985 -0.0010183686295991117 -3.1561507836175786e-05 3.5875769276944363e-05 -0.0022467435363500601 -0.030962135493139642 0.0053204317072461866 -5.2510438346953574e-05 2.0169437363310316 0.015410429673501274 -0.12437278379043699 3.0301998391248643 0.00015324500501567645
leaf_weight=32 22 24 45 20 140 92 21 30 34 32 21 38 23 23 619 22 55 21 30 32 24 29 21 99 29 45 20 33 53 212
leaf_count=32 22 24 45 20 140 92 21 30 34 32 21 38 23 23 619 22 55 21 30 32 24 29 21 99 29 45 20 33 53 212
internal_value=0.000928903 -0.000166023 1.19523e-05 -0.00130279 0.000669323 -0.000506493 -0.0023271 -0.000837209 -0.00289286 0.00106452 -0.0014 -0.00072093 -0.00235714 -0.00388525 0.00165979 -0.000888889 0.00155114 0.000380952 0.00128571 0.00178378 0.001859 0.00191841 0.000986577 0.002 0.00207182 0.000567568 0.0022 0.00220354 0.00125581 0.00220578
internal_weight=1941 777 753 251 502 231 107 86 56 124 150 129 84 61 1164 54 352 126 105 1110 1078 1054 149 120 905 74 75 226 86 831
internal_count=1941 777 753 251 502 231 107 86 56 124 150 129 84 61 1164 54 352 126 105 1110 1078 1054 149 120 905 74 75 226 86 831
is_linear=0
shrinkage=0.03


Tree=297
num_leaves=31
num_cat=0
split_feature=54 39 46 58 36 32 11 53 6 31 54 11 14 43 43 18 42 50 50 47 59 58 50 40 29 2 31 42 2 42
split_gain=1.92593 0.811186 0.781329 2.6573 1.07679 0.791807 0.786908 0.915169 0.405208 1.11834 0.4668 0.418182 0.415773 0.377489 0.750649 0.28343 0.548847 0.282089 0.630009 0.918403 0.520833 0.345689 0.593407 0.352174 0.30094 0.278157 0.256182 0.212595 0.463146 0.203226
threshold=170.55000000000004 1174.6620536250002 23.750000000000004 1007.9500000000002 14.437500000000002 154.23571425000003 -0.47114434510950048 218.00000000000003 26.500000000000004 800.00000000000011 251.70000000000002 -0.44228869021900113 30.750000000000004 -151.62767855000001 -292.64107144999997 1.5000000000000002 14.958035949999998 28.500000000000004 94.500000000000014 93.500000000000014 0.35000000000000003 1005.0500000000001 73.000000000000014 105.60755208070834 4.3500000000000005 8780.7857145000016 1160.0785715000004 34.447321450000011 6049.6071430000011 212.80714285000005
decision_type=2 2 2 2 2 2 2 2 2 2 2 2 2 2 2 2 2 2 2 2 2 2 2 2 2 2 2 2 2 2
left_child=17 2 3 6 8 -6 7 13 10 11 -4 -10 -13 14 -2 -15 -17 25 19 21 -21 22 -19 -23 -20 -1 27 -12 29 -29
right_child=1 -3 4 -5 5 -7 -8 -9 9 -11 26 12 -14 15 -16 16 -18 18 24 20 -22 23 -24 -25 -26 -27 -28 28 -30 -31
leaf_value=0.00048241257656640789 0.010847656917954302 -0.046617082738975843 -0.14577198536578717 -0.019174240763053328 0.00023401590251410554 -0.022843925149361708 -0.037448317699291717 -0.022648100474903565 0.20621747335058696 -0.42251597652493339 0.014083734522627877 0.0042211469972498845 -0.017580712012238112 0.016446645171590175 -0.044046968403633931 -0.018032842068960112 0.01701705145721322 -0.0050248293885876791 0.00067430018754843063 -4.688364020780269e-05 -0.024047005059964512 0.0010852749570331194 0.00012978117181888362 -0.11488561055325294 0.015653547782736171 -3.0614662601090527e-05 -0.0033700693329205933 2.1219794781895001 -0.10429364272470003 0.056391780734825897
leaf_weight=676 35 24 21 20 37 27 24 25 46 22 169 23 21 65 20 23 41 24 232 24 24 72 28 20 32 32 21 63 20 30
leaf_count=676 35 24 21 20 37 27 24 25 46 22 169 23 21 65 20 23 41 24 232 24 24 72 28 20 32 32 21 63 20 30
internal_value=0.000836167 -0.000320463 -0.00014741 -0.00150593 0.00054 -0.00309375 -0.00060515 -1.4354e-05 0.00107339 -0.000482143 0.00161111 0.001 -0.00109091 0.000717391 -0.00136364 0.00160465 0.0001875 0.00160825 0.00102632 -0.00028125 -0.003875 0.000916667 -0.00103846 0.00202174 0.00197727 0.00198305 0.00191089 0.00214894 0.00114159 0.00203226
internal_weight=1941 777 753 253 500 64 233 209 436 112 324 90 44 184 55 129 64 1164 456 192 48 144 52 92 264 708 303 282 113 93
internal_count=1941 777 753 253 500 64 233 209 436 112 324 90 44 184 55 129 64 1164 456 192 48 144 52 92 264 708 303 282 113 93
is_linear=0
shrinkage=0.03


Tree=298
num_leaves=31
num_cat=0
split_feature=54 39 47 46 58 37 46 20 42 42 14 36 39 21 43 28 9 2 29 26 26 27 26 2 46 57 27 34 28 42
split_gain=1.79949 0.822764 0.702072 1.19593 2.20274 1.4193 0.968145 0.663872 0.905945 0.787953 0.597809 0.794513 1.26572 0.500549 0.259244 0.88983 0.244557 0.21109 0.223704 0.267865 0.748411 0.407482 0.675422 0.476865 0.460383 0.267942 0.657989 0.176319 0.157569 0.156522
threshold=170.55000000000004 1174.6620536250002 1.0000000180025095e-35 23.650000000000002 1007.9500000000002 263.65982145000004 23.550000000000004 1.5000000000000002 94.87767879999997 -28.727678599999987 30.750000000000004 14.437500000000002 139.85066964249998 844.00000000000011 294.97410715000007 1007.35 157.50000000000003 8780.7857145000016 4.3500000000000005 7.7500000000000009 7.4500000000000011 251.50000000000003 3.8500000000000001 63.750000000000007 25.450000000000003 306.50000000000006 308.50000000000006 882.94642855000006 1007.9500000000002 106.14375
decision_type=2 2 2 2 2 2 2 2 2 2 2 2 2 2 2 2 2 2 2 2 2 2 2 2 2 2 2 2 2 2
left_child=16 2 29 4 6 10 7 8 9 -4 11 27 -13 14 -7 -16 17 18 19 20 21 22 -1 24 -24 28 -27 -5 -21 -2
right_child=1 -3 3 5 -6 13 -8 -9 -10 -11 -12 12 -14 -15 15 -17 -18 -19 -20 25 -22 -23 23 -25 -26 26 -28 -29 -30 -31
leaf_value=0.00060399904800023099 0.013075390773318306 -0.045218570256806562 -0.01573957043541491 0.0043178128451408044 -0.018599013540161826 0.016520660448718451 -0.135839818364238 0.037927011844432798 0.034248271356056605 -0.018185863281917798 -0.020822203910746143 0.01189873093394966 -0.024872250355086636 -0.0037554284139419214 -0.42952638029392809 3.5279141722377227 -1.588080403170674e-05 -2.9696222723057819e-05 0.015183941349254172 0.0012169759110317183 -9.6258522314531076e-05 0.0003271363083392542 -0.0031051591020615711 0.0039266822353369469 -0.00019233515883501282 -0.065365896681980021 0.00015293472104867595 -0.0010381549668539959 0.0029585681857023879 -0.0074789538945630911
leaf_weight=45 72 24 26 51 20 250 20 48 22 28 35 20 26 36 24 35 29 32 32 534 20 229 22 25 31 22 107 20 36 20
leaf_count=45 72 24 26 51 20 250 20 48 22 28 35 20 26 36 24 35 29 32 32 534 20 229 22 25 31 22 107 20 36 20
internal_value=0.000836167 -0.000281853 -0.00010757 -0.000449319 -0.00267073 0.000283702 -0.001375 -0.000387097 -0.00213158 -0.00422222 -0.00213158 -0.00110256 -0.00417391 0.00134783 0.00173786 -5.08473e-05 0.00158247 0.00165198 0.00172167 0.00179552 0.00114516 0.00146591 7.31708e-05 -0.00161538 -0.00322641 0.00214163 0.000906977 0.000887324 0.00242105 0.00234783
internal_weight=1941 777 753 661 164 497 144 124 76 54 152 117 46 345 309 59 1164 1135 1103 1071 372 352 123 78 53 699 129 71 570 92
internal_count=1941 777 753 661 164 497 144 124 76 54 152 117 46 345 309 59 1164 1135 1103 1071 372 352 123 78 53 699 129 71 570 92
is_linear=0
shrinkage=0.03


Tree=299
num_leaves=31
num_cat=0
split_feature=54 46 28 54 42 18 38 36 37 47 46 37 21 1 11 3 3 44 30 27 12 32 19 34 34 2 29 27 27 28
split_gain=1.82821 1.00311 1.85521 1.10062 1.13482 0.842105 0.832752 0.825833 0.832661 0.718085 0.428854 0.422402 0.304613 0.857143 0.336863 0.338438 0.295263 0.385559 0.837142 0.447174 0.279542 0.265152 0.26222 0.250937 0.371661 0.24726 0.263037 0.24595 0.499874 0.184644
threshold=75.200000000000017 23.650000000000002 1007.85 756.30000000000007 14.958035949999998 1.5000000000000002 1143.246875 14.437500000000002 14.437500000000002 33.500000000000007 23.250000000000004 329.7044643000001 844.00000000000011 10812.785715000002 -0.88144907265856332 6259065.5000000009 6400478.3750000009 31.750000000000004 766.22410715000012 287.50000000000006 0.41886391893847991 271.42857145000005 1.5000000000000002 950.34732145000009 1126.2321430000002 8780.7857145000016 4.3500000000000005 318.50000000000006 322.50000000000006 1006.35
decision_type=2 2 2 2 2 2 2 2 2 2 2 2 2 2 2 2 2 2 2 2 2 2 2 2 2 2 2 2 2 2
left_child=20 2 3 4 5 -2 7 12 9 -9 -6 -12 14 -14 -3 -16 23 18 19 22 -1 -21 -18 -17 -25 26 27 -22 -29 -30
right_child=1 6 -4 -5 10 -7 -8 8 -10 -11 11 -13 13 -15 15 16 17 -19 -20 21 25 -23 -24 24 -26 -27 -28 28 29 -31
leaf_value=-1.5404379910755538e-05 -0.005193956717419076 2.5241138204382532 -0.018041043133957168 0.012193923449706059 0.022035971656988906 -0.05192626924849153 -0.065635358687450421 0.015682080742656413 -0.0052787567620685592 -0.17566039508891965 0.010031124692657845 -0.02064333876404641 -0.18032370236134837 0.38513450040207842 -0.026952007043572066 0.009879427459923323 0.00062846540262450246 0.05899262983978823 -0.46970147038486482 -0.076301057133344549 0.00048111738793082996 0.010206126395355669 0.012722561829536605 -0.046835146137205477 0.011864477920278001 -2.8805336041366079e-05 0.014728423108776605 -0.00029896589404615454 0.00012871272136531097 0.00063631821885698503
leaf_weight=29 38 93 20 60 31 38 22 27 20 20 21 25 21 21 21 129 37 41 20 20 864 22 57 21 20 32 32 25 41 73
leaf_count=29 38 93 20 60 31 38 22 27 20 20 21 25 21 21 21 129 37 41 20 20 864 22 57 21 20 32 32 25 41 73
internal_value=0.000959815 -8.87573e-05 -0.00176395 -0.000943662 -0.00229412 -0.00489474 0.00054902 0.000762712 -0.00237313 -0.000191489 0.000272727 -0.00156522 0.00116444 -0.00128571 0.00137838 0.000989691 0.00120163 0.000411168 -0.000269231 0.00057353 0.00176825 -0.002 0.0017234 0.00211765 7.31708e-05 0.00184724 0.00192754 0.00201296 0.000841727 0.00168421
internal_weight=1941 845 233 213 153 76 612 590 67 47 77 46 523 42 481 388 367 197 156 136 1096 42 94 170 41 1067 1035 1003 139 114
internal_count=1941 845 233 213 153 76 612 590 67 47 77 46 523 42 481 388 367 197 156 136 1096 42 94 170 41 1067 1035 1003 139 114
is_linear=0
shrinkage=0.03


Tree=300
num_leaves=31
num_cat=0
split_feature=24 46 58 11 53 2 36 18 28 38 45 42 41 28 3 6 53 10 43 12 59 58 58 20 2 35 50 2 28 48
split_gain=2.05666 0.853084 2.53102 1.05289 0.820746 1.17285 0.77227 0.981818 0.67584 0.643811 0.600796 0.718717 0.373505 0.378233 0.472692 0.607497 1.15568 0.3 0.287548 0.253912 0.220484 0.231963 0.263971 0.545201 0.260357 0.254741 0.1788 0.900073 0.358473 0.252673
threshold=170.55000000000004 23.750000000000004 1007.9500000000002 -0.41248606129204524 179.50000000000003 4259.8571425000009 14.437500000000002 8.5000000000000018 1006.2500000000001 1143.246875 59.500000000000007 46.881250000000001 63.00267372787598 1003.9500000000002 6259065.5000000009 26.500000000000004 167.50000000000003 -0.9103761370219875 364.08125000000013 0.41886391893847991 4.3500000000000005 1003.9500000000002 1004.6500000000002 29.500000000000004 8780.7857145000016 1150.1142860000002 18.500000000000004 5893.6428570000007 1006.5500000000001 22.500000000000004
decision_type=2 2 2 2 2 2 2 2 2 2 2 2 2 2 2 2 2 2 2 2 2 2 2 2 2 2 2 2 2 2
left_child=19 2 3 4 10 8 9 -8 -6 12 -2 -12 -3 -14 -15 18 17 -17 -16 -1 21 -21 23 -23 25 26 -24 29 -29 -28
right_child=1 6 -4 -5 5 -7 7 -9 -10 -11 11 -13 13 14 15 16 -18 -19 -20 20 -22 22 24 -25 -26 -27 27 28 -30 -31
leaf_value=-1.4942248513432872e-05 0.013063186874971993 -0.043131854043422707 -0.017499811839938297 -0.022778916880605772 -0.018560423053144055 -0.022847874945327563 -0.0052107798535214554 0.004486057727634613 0.052478978785111596 -0.073060477012574593 -0.028671702131248502 0.024082239884329292 -0.00045712597318404953 -0.033385606089066037 0.029724153120320541 -0.0011156534111715355 -0.37237033458638369 0.093996493599593944 -0.039309487374728412 0.0014535901266932521 0.014286570415513341 0.0037119875452132412 0.00039827064435559145 -0.0029890530099772228 -0.00014399633314145024 -0.0031977883615400627 0.00042803551597403585 -0.077412840752225709 0.00025023871516590036 0.00020852258047387138
leaf_weight=29 86 20 20 20 23 20 22 33 42 20 34 21 39 20 228 32 23 48 26 164 32 50 549 28 30 20 151 22 29 60
leaf_count=29 86 20 20 20 23 20 22 33 42 20 34 21 39 20 228 32 23 48 26 164 32 50 549 28 30 20 151 22 29 60
internal_value=0.000836167 -0.000359073 -0.00173684 -0.000902439 -0.000318584 -0.00264706 0.000358121 -0.003 -0.000692308 0.000763158 0.00108511 -0.00136364 0.00100459 0.00119712 0.00148806 0.0017395 -0.000203883 0.0015 0.00252756 0.00163402 0.00170485 0.00177607 0.00159425 -7.6923e-05 0.00174564 0.00184477 0.00192725 0.00128244 -0.00229412 0.00214692
internal_weight=1941 777 266 246 226 85 511 55 65 456 141 55 436 416 377 357 103 80 254 1164 1135 1103 939 78 861 831 811 262 51 211
internal_count=1941 777 266 246 226 85 511 55 65 456 141 55 436 416 377 357 103 80 254 1164 1135 1103 939 78 861 831 811 262 51 211
is_linear=0
shrinkage=0.03


Tree=301
num_leaves=31
num_cat=0
split_feature=54 39 38 57 22 16 28 53 14 3 57 19 56 26 1 1 37 21 1 9 26 2 29 14 14 3 48 29 47 10
split_gain=1.95185 0.822764 0.686574 0.913199 0.82672 0.639019 2.18519 0.753187 0.542249 0.529372 0.502087 0.389194 0.386441 0.469002 0.678908 0.515305 0.572607 0.955473 0.285407 0.258656 0.230488 0.225257 0.238718 0.162384 0.299441 0.402381 0.172619 0.150366 0.183883 0.585446
threshold=170.55000000000004 1174.6620536250002 151.18125000125005 268.50000000000006 75.500000000000014 23.750000000000004 1007.9500000000002 223.50000000000003 31.850000000000005 6587869.5715000005 286.50000000000006 47.500000000000007 12.050000000000002 17.250000000000004 2451.0803570000003 4071.3392855000006 619.63571430000013 684.00000000000011 1970.2142855000002 157.50000000000003 16.250000000000004 8780.7857145000016 4.3500000000000005 26.650000000000002 27.250000000000004 7249590.4375000009 36.500000000000007 0.15000000000000005 68.500000000000014 0.95642797789208711
decision_type=2 2 2 2 2 2 2 2 2 2 2 2 2 2 2 2 2 2 2 2 2 2 2 2 2 2 2 2 2 2
left_child=19 2 3 -2 -5 6 7 8 10 -10 -4 12 -7 14 -14 -16 -17 -18 -15 21 -19 22 23 -1 25 26 -25 28 -26 -30
right_child=1 -3 5 4 -6 11 -8 -9 9 -11 -12 -13 13 18 15 16 17 20 -20 -21 -22 -23 -24 24 27 -27 -28 -29 29 -31
leaf_value=0.00044501062579387448 -0.031145000905665274 -0.039701138078101328 0.0010374978064515512 0.0020013113022061841 -0.0073556098779542925 1.5205760109676412 -0.016974817484740091 -0.021961478159659081 0.01933530874215637 -0.011333035514022833 -0.045681565403638116 -0.1415975814408619 0.0034821202176035064 -0.00033055733429166931 -0.023865429202480273 0.068436796857934662 -0.43624333289478517 2.8124844595029188 0.015712996545258841 -1.4493981058029889e-05 -0.22619754103854611 -2.3621285965881569e-05 0.013857973303047784 0.0055254384053531353 0.00044473022629510348 -5.4414682194728575e-05 0.00022630796718129328 0.0021928746098974004 0.00030080324092309434 -0.0005792517887707175
leaf_weight=105 22 24 31 36 27 82 20 21 119 37 20 27 38 20 20 27 29 21 136 29 20 32 32 29 592 24 27 102 169 23
leaf_count=105 22 24 31 36 27 82 20 21 119 37 20 27 38 20 20 27 29 21 136 29 20 32 32 29 592 24 27 102 169 23
internal_value=0.000882535 -0.000281853 -0.00010757 -0.00264706 -0.000809524 0.000215569 -0.000991935 -0.000157895 0.000391304 0.00126923 -0.00229412 0.000928572 0.00116794 0.000684888 -0.000483871 -0.00161538 -0.00071134 -0.00214286 0.00184615 0.00165979 0.000804878 0.00173128 0.00180326 0.00187955 0.00175776 1.11759e-10 0.00139286 0.00191648 0.00177551 0.00096875
internal_weight=1941 777 753 85 63 668 248 228 207 156 51 420 393 311 155 117 97 70 156 1164 41 1135 1103 1071 966 80 56 886 784 192
internal_count=1941 777 753 85 63 668 248 228 207 156 51 420 393 311 155 117 97 70 156 1164 41 1135 1103 1071 966 80 56 886 784 192
is_linear=0
shrinkage=0.03


Tree=302
num_leaves=31
num_cat=0
split_feature=54 16 28 53 30 53 37 17 38 37 31 28 43 43 24 18 43 27 50 50 18 19 32 38 6 10 2 3 59 3
split_gain=1.8748 0.68172 1.92108 0.89655 1.50783 0.760993 0.692353 0.758419 0.717001 0.488854 0.866667 0.466667 0.444218 0.829697 0.369331 0.96 0.390446 0.296703 0.26959 0.566189 1.22185 0.523709 0.385713 0.774367 0.452774 0.727389 0.273691 0.163724 0.142045 0.249582
threshold=170.55000000000004 23.750000000000004 1007.9500000000002 195.50000000000003 966.0875000000002 144.50000000000003 242.59285715000001 58.500000000000007 1143.246875 20.210714285000005 123.93750000000001 1005.2500000000001 -151.62767855000001 -313.46071406499999 589.20000000000016 12.500000000000002 92.058928550000061 265.50000000000006 24.500000000000004 41.500000000000007 36.500000000000007 32.500000000000007 164.37142855000002 33.727901786250008 11.000000000000002 0.58216583101416164 8780.7857145000016 7218678.0000000009 0.15000000000000005 6648918.7855000012
decision_type=2 2 2 2 2 2 2 2 2 2 2 2 2 2 2 2 2 2 2 2 2 2 2 2 2 2 2 2 2 2
left_child=18 2 3 5 -5 -2 7 9 14 -3 -11 -12 13 -7 27 16 -16 -14 26 20 -20 -22 23 24 28 -26 -1 -8 29 -21
right_child=1 6 -4 4 -6 12 8 -9 -10 10 11 -13 17 -15 15 -17 -18 -19 19 22 21 -23 -24 -25 25 -27 -28 -29 -30 -31
leaf_value=0.00044195237949131469 -0.027336487610614659 0.0022325362489676432 -0.016465572960197981 0.0044408503828920146 -0.020398074080368478 0.020455216020198338 0.15334133265987815 -0.22709445251586821 -0.069677628559854321 -0.0082021717892872201 -0.0016431170011728608 0.0093662266955716628 -5.7421210815129376e-05 -0.02356796696984375 0.026504371585939556 -0.046137056771389101 -0.053138539624252717 0.016496413763845291 0.0011711683766237773 0.00028407357675989714 -0.00049214282560802129 -1.6048496056002586e-05 2.6400791479929309 -0.022161187974099557 -3.1275331903448899e-05 0.00016416513140434698 -2.2912647386905145e-05 0.010577788913565157 0.00090544220710690488 -8.7639752953683722e-06
leaf_weight=660 28 50 20 25 23 30 194 22 20 30 20 28 21 25 66 20 34 91 33 57 22 21 136 32 22 30 32 30 88 31
leaf_count=660 28 50 20 25 23 30 194 22 20 30 20 28 21 25 66 20 34 91 33 57 22 21 136 32 22 30 32 30 88 31
internal_value=0.000820711 -0.000320463 -0.00156274 -0.00082716 -0.0045 7.69232e-05 0.000315175 -0.0014 0.00102198 -0.000515625 -0.002 0.0005 0.000844311 -0.00136364 0.00134302 1.11759e-10 0.0012 0.00192857 0.00158247 0.00102966 -0.00134211 -0.00467442 0.00148485 0.000807692 0.00142105 -0.00103846 0.00195954 0.0020625 0.00214773 0.00129545
internal_weight=1941 777 263 243 48 195 514 150 364 128 78 48 167 55 344 120 100 112 1164 472 76 43 396 260 228 52 692 224 176 88
internal_count=1941 777 263 243 48 195 514 150 364 128 78 48 167 55 344 120 100 112 1164 472 76 43 396 260 228 52 692 224 176 88
is_linear=0
shrinkage=0.03


Tree=303
num_leaves=31
num_cat=0
split_feature=52 38 48 35 39 16 28 23 51 45 56 43 50 41 28 3 6 31 18 11 21 38 51 57 57 4 28 14 46 11
split_gain=1.45935 0.761897 1.1999 1.28571 0.584179 0.617136 2.21424 0.523432 1.0471 0.586918 0.672677 0.456522 0.595238 0.35652 0.384065 0.417414 0.51191 1.17318 0.355595 0.289727 0.281339 0.527742 0.925219 0.288488 0.720373 0.534545 0.318209 0.490626 0.337659 0.307095
threshold=35.500000000000007 151.18125000125005 23.500000000000004 1006.6687500000002 1174.6620536250002 23.750000000000004 1007.9500000000002 179.50000000000003 835.50000000000011 59.500000000000007 19.150000000000002 238.73392855000006 11.500000000000002 91.300082452083004 1004.1500000000002 6266055.5355000012 26.500000000000004 800.00000000000011 7.5000000000000009 -0.41248606129204524 92.500000000000014 33.727901786250008 26.500000000000004 314.00000000000006 323.50000000000006 2.5000000000000004 1007.7500000000001 28.550000000000004 25.650000000000002 0.35206144883412543
decision_type=2 2 2 2 2 2 2 2 2 2 2 2 2 2 2 2 2 2 2 2 2 2 2 2 2 2 2 2 2 2
left_child=20 2 3 -2 5 6 7 9 11 -3 -11 12 -9 -7 18 -16 -17 19 -15 -18 21 23 -23 26 25 -25 -1 -28 -29 -27
right_child=1 4 -4 -5 -6 13 -8 8 -10 10 -12 -13 -14 14 15 16 17 -19 -20 -21 -22 22 -24 24 -26 29 27 28 -30 -31
leaf_value=0.00043015816322476192 0.0076404199784589309 0.012102104381644913 -0.1831413978313528 -0.0053393313182860287 -0.036419775078962109 -0.030462225572009657 -0.015971605771392353 -0.012302684814253647 -0.057901540045148601 0.0047035693371354666 -0.046827776859011287 0.018293117516368633 0.057624764275411272 0.00079372043549278759 -0.096914500089098493 0.039843185452935893 0.27852811807885186 -0.35273356006268536 -0.006030408968262564 -0.00065479550641242285 0.25325309551557729 -0.05652610419457757 0.0044893683529439125 -2.2356086788231675e-05 0.00028729077519335801 -0.00040155497284743969 0.0014531988271162853 0.00042616971530595054 -0.022172580300169616 0.0017920695385286831
leaf_weight=674 36 84 23 28 24 20 20 21 23 44 21 27 21 27 21 268 49 23 20 33 97 23 49 20 82 27 50 20 38 28
leaf_count=674 36 84 23 28 24 20 20 21 23 44 21 27 21 27 21 268 49 23 20 33 97 23 49 20 82 27 50 20 38 28
internal_value=0.000743431 -0.000205282 -0.00286207 -0.00075 0.000104558 0.000257618 -0.000908046 -0.000112033 -0.0018913 0.000986577 -0.00115385 -4.34781e-05 -0.002 0.000917571 0.00109524 0.00140102 0.00163271 -0.000142857 -0.00146808 0.00153659 0.00145668 0.00130861 -0.00116667 0.0014984 0.000324841 -0.0018 0.00173402 0.000222222 -0.00165517 -0.000272727
internal_weight=1941 833 87 64 746 722 261 241 92 149 65 69 42 461 441 394 373 105 47 82 1108 1011 72 939 157 75 782 108 58 55
internal_count=1941 833 87 64 746 722 261 241 92 149 65 69 42 461 441 394 373 105 47 82 1108 1011 72 939 157 75 782 108 58 55
is_linear=0
shrinkage=0.03


Tree=304
num_leaves=31
num_cat=0
split_feature=24 46 53 11 53 54 36 35 3 28 46 31 17 34 6 18 45 42 6 42 27 27 50 29 27 6 36 17 10 34
split_gain=1.40152 0.722606 1.34756 1.05289 0.820746 1.79012 0.62216 0.617753 0.473338 0.45431 0.404424 0.834815 0.550659 0.811128 0.400206 0.393765 0.362953 0.550267 0.292087 0.538462 0.284562 0.857814 0.517703 0.403301 0.387134 0.387563 0.829697 0.399157 0.45879 0.463768
threshold=170.55000000000004 23.750000000000004 226.00000000000003 -0.41248606129204524 179.50000000000003 719.60000000000002 20.210714285000005 20.210714285000005 6266055.5355000012 1003.9500000000002 25.150000000000002 316.67142855000003 1.5000000000000002 906.21875000000011 26.500000000000004 30.500000000000004 59.500000000000007 46.881250000000001 26.500000000000004 -28.14464299999997 323.50000000000006 316.50000000000006 18.500000000000004 4.3500000000000005 47.500000000000007 24.500000000000004 860.83125000000007 10.500000000000002 -0.81241147629689037 724.31875000000002
decision_type=2 2 2 2 2 2 2 2 2 2 2 2 2 2 2 2 2 2 2 2 2 2 2 2 2 2 2 2 2 2
left_child=14 2 3 4 16 15 8 -8 -3 -10 12 -12 13 -11 20 -6 -2 -18 -14 -20 21 23 -23 24 -1 27 -27 -26 29 -29
right_child=1 6 -4 -5 5 -7 7 -9 9 10 11 -13 18 -15 -16 -17 17 -19 19 -21 -22 22 -24 -25 25 26 -28 28 -30 -31
leaf_value=0.0031913805758643338 0.01305701029352664 -0.037884587201298649 -0.041098364414857959 -0.015212193849748416 0.052471331832894152 -0.0086621559645448584 0.02190156089856999 -0.0089234256374255225 -0.0030947773262289774 -0.13700815397915275 -0.16154249812336174 1.2251604830030516 0.032982250214155635 0.02590116600191375 0.00063504853404577476 -0.00049246193325133106 -0.027627081383853877 0.024389608192568718 -0.019544033938609321 1.8683474872941275 0.00035796560694110465 -2.9483634838150873e-06 -0.0068287721159610093 -0.025431180636479429 0.0027033477070282004 -0.030854739089471457 0.00011685788725108431 1.6562312666558712e-05 0.00040826398738478284 -0.01581690678373535
leaf_weight=106 86 31 20 20 30 32 20 33 34 27 27 23 203 35 213 23 34 21 36 42 96 29 23 20 100 25 30 46 453 23
leaf_count=106 86 31 20 20 30 32 20 33 34 27 27 23 203 35 213 23 34 21 36 42 96 29 23 20 100 25 30 46 453 23
internal_value=0.000743431 -0.000243243 -0.00151128 -0.000902439 -0.000318584 -0.00264706 0.00041683 -0.00266038 0.000772926 0.00103279 0.00132061 -0.0012 0.00168805 -0.000870968 0.00140206 0.000735849 0.00108511 -0.000818182 0.00225267 0.000692308 0.0011388 0.000964912 -0.00276923 0.00120672 0.00131418 0.00105022 -0.00136364 0.00126367 0.000931035 -0.00134783
internal_weight=1941 777 266 246 226 85 511 53 458 427 393 50 343 62 1164 53 141 55 281 78 951 855 52 803 783 677 55 622 522 69
internal_count=1941 777 266 246 226 85 511 53 458 427 393 50 343 62 1164 53 141 55 281 78 951 855 52 803 783 677 55 622 522 69
is_linear=0
shrinkage=0.03


Tree=305
num_leaves=31
num_cat=0
split_feature=54 53 31 16 28 23 51 38 45 56 37 32 19 28 45 2 4 3 19 15 49 47 57 54 44 2 49 18 11 57
split_gain=1.37957 0.733909 0.860119 0.821077 2.70504 0.90538 1.03108 0.628109 0.543956 0.642857 0.501462 0.412194 0.93927 0.476994 0.428985 0.341064 0.478067 0.412373 0.79499 0.754385 0.401139 0.346101 0.790974 0.309062 0.478329 0.278401 0.275281 0.318421 0.238015 0.362179
threshold=170.55000000000004 72.000000000000014 115.54821430000001 23.750000000000004 1007.9500000000002 179.50000000000003 835.50000000000011 1143.246875 59.500000000000007 19.150000000000002 177.95714285000003 222.95625000000004 10.500000000000002 1003.9500000000002 74.500000000000014 1111.7142855000002 5.5000000000000009 6535062.3750000009 4.5000000000000009 86.500000000000014 2.5000000000000004 37.500000000000007 311.50000000000006 589.20000000000016 32.150000000000013 8780.7857145000016 75.500000000000014 93.000000000000014 0.47114434510950071 322.50000000000006
decision_type=2 2 2 2 2 2 2 2 2 2 2 2 2 2 2 2 2 2 2 2 2 2 2 2 2 2 2 2 2 2
left_child=15 2 -2 4 5 8 10 11 -3 -10 -7 12 14 -13 -5 16 21 20 -19 -20 -18 22 -1 -15 -25 -17 27 28 29 -23
right_child=1 3 -4 7 -6 6 -8 -9 9 -11 -12 13 -14 23 -16 25 17 18 19 -21 -22 26 -24 24 -26 -27 -28 -29 -30 -31
leaf_value=0.000351288730969804 -0.012731625172103874 0.01172059692182374 0.00099221004607172639 0.0093659473394524483 -0.038279121044178091 0.032927681502371124 -0.031966687321984592 -0.062384461831316615 0.0041012373598932599 -0.045330100222620275 -0.0041795774124791579 -0.0016820168419567725 -0.04571646846149649 0.030427600232745586 -0.00060245947451695683 0.0010292310682002725 -0.0065502298354295548 0.0061583518337486138 -0.013207563216530379 -4.0508278472588168e-05 0.0067283911823866182 0.0025388793333954835 -3.1890073292215932e-05 -0.06772825805014196 0.018323374243580215 -7.7918257189295084e-05 -8.4115255760265624e-06 -2.2037671512961799e-05 0.00041554516617181461 -0.00025529632385540681
leaf_weight=73 21 91 27 37 20 21 28 20 42 21 36 37 23 209 23 456 31 42 25 37 76 77 36 32 89 32 32 20 203 24
leaf_count=73 21 91 27 37 20 21 28 20 42 21 36 37 23 209 23 456 31 42 25 37 76 77 36 32 89 32 32 20 203 24
internal_value=0.000697063 -0.000281853 -0.003875 -4.52674e-05 -0.00140154 -0.000514644 -0.003 0.000702128 0.000857143 -0.00128571 -0.00068421 0.000933333 -0.000975903 0.00136512 0.001 0.00135052 0.000914201 -0.000270142 -0.00161538 -0.00377419 0.00103738 0.00145161 -2.75228e-05 0.00172727 0.000520661 0.00195492 0.00190449 0.00216667 0.00240789 0.00121782
internal_weight=1941 777 48 729 259 239 85 470 154 63 57 450 83 367 60 1164 676 211 104 62 107 465 109 330 121 488 356 324 304 101
internal_count=1941 777 48 729 259 239 85 470 154 63 57 450 83 367 60 1164 676 211 104 62 107 465 109 330 121 488 356 324 304 101
is_linear=0
shrinkage=0.03


Tree=306
num_leaves=31
num_cat=0
split_feature=54 53 43 46 53 50 47 22 27 44 2 35 8 30 32 27 58 23 11 14 50 50 27 26 32 42 19 6 33 43
split_gain=1.67698 0.687354 0.734411 0.703573 0.796243 0.632484 0.711572 0.751434 1.99597 0.844652 0.581818 1.9417 0.820448 0.362681 0.45286 0.679936 0.3375 0.3224 0.640244 0.311817 0.453762 0.841442 0.371412 0.281104 0.280189 0.275456 0.273102 0.261905 0.25 0.225
threshold=170.55000000000004 72.000000000000014 139.09107145000004 24.350000000000005 230.50000000000003 13.500000000000002 1.0000000180025095e-35 657.50000000000011 280.50000000000006 32.45000000000001 7452.5892855000011 902.08125000000007 2.5000000000000004 1147.2705355000001 312.25803570000005 269.50000000000006 1003.85 165.50000000000003 -0.93540483100319605 27.650000000000002 41.500000000000007 28.500000000000004 310.50000000000006 14.450000000000001 728.71875000000011 47.892857169999992 43.500000000000007 24.500000000000004 843.57321430000013 20.585714150000058
decision_type=2 2 2 2 2 2 2 2 2 2 2 2 2 2 2 2 2 2 2 2 2 2 2 2 2 2 2 2 2 2
left_child=19 2 -2 4 5 6 17 9 29 10 11 12 23 14 15 -5 -7 -3 -19 20 21 22 26 -8 -14 -22 -1 -17 -12 -9
right_child=1 3 -4 13 -6 16 7 8 -10 -11 28 -13 24 -15 -16 27 -18 18 -20 -21 25 -23 -24 -25 -26 -27 -28 -29 -30 -31
leaf_value=0.0010984143069977007 -0.012208217839296409 0.021455263544113919 0.0030142951317842842 -0.01535270265013948 -0.016143051006545325 -0.0049631462289955542 -0.0014544336295883502 0.019945965939534703 -0.13119502536421662 0.50648388064198036 -0.017948276976527486 -0.05111937178650526 0.0098430216797666913 -0.12584461197594665 0.021949504017878582 -6.1311192939615398e-05 0.23366357442230867 0.014175013835458316 -0.037075323912367134 0.00036261471951015895 0.0011685924117721374 -0.0013832666209083178 -1.6332802867953573e-05 -0.021881481338221539 -0.020057843034934783 -0.00013651849573266246 -4.2280079433485267e-06 0.012107897510033525 0.022113783621516912 -0.0059656196475385195
leaf_weight=63 22 46 26 23 32 20 20 20 22 39 20 21 33 21 166 21 60 21 20 869 126 35 20 26 20 31 20 33 25 20
leaf_count=63 22 46 26 23 32 20 20 20 22 39 20 21 33 21 166 21 60 21 20 869 126 35 20 26 20 31 20 33 25 20
internal_value=0.000681608 -0.000397683 -0.003875 -0.000168724 -0.000870968 -0.000533487 -0.00107932 -0.00184962 -0.00474194 -0.000970588 -0.00190909 -0.003 -0.00124242 0.00106818 0.00139506 -0.000506493 0.001875 0.00127586 -0.000658536 0.00140206 0.000559322 -0.000695652 0.000669903 -0.00417391 0.00130189 0.00166242 0.00155422 0.00133333 0.001 -0.00075
internal_weight=1941 777 48 729 465 433 353 266 62 204 165 120 99 264 243 77 80 87 41 1164 295 138 103 46 53 157 83 54 45 40
internal_count=1941 777 48 729 465 433 353 266 62 204 165 120 99 264 243 77 80 87 41 1164 295 138 103 46 53 157 83 54 45 40
is_linear=0
shrinkage=0.03


Tree=307
num_leaves=31
num_cat=0
split_feature=54 39 47 46 45 38 30 50 38 38 40 40 43 54 48 33 39 28 8 50 38 19 16 27 10 17 4 56 27 39
split_gain=0.986401 0.558242 0.559907 0.689627 1.31552 0.982482 1.05128 1.51231 0.480372 0.606443 0.550671 0.516545 0.531288 0.467678 1.41872 0.428361 0.347004 0.495996 0.695544 0.276458 0.600517 0.425516 0.394129 0.358241 0.530916 0.405845 0.933333 0.404935 0.361781 0.701909
threshold=53.850000000000001 1174.6620536250002 1.0000000180025095e-35 23.650000000000002 58.500000000000007 859.70520838750019 728.71875000000011 3.5000000000000004 151.18125000125005 59.376785716250005 25.363913689708337 867.41514136666672 -350.97499999999997 589.20000000000016 8.5000000000000018 1029.6071430000002 266.58348214250003 1007.85 3.5000000000000004 99.500000000000014 29.982366071250002 96.000000000000014 24.950000000000003 299.50000000000006 -0.58216583101416164 42.500000000000007 2.5000000000000004 10.250000000000002 269.50000000000006 5.3547991075000008
decision_type=2 2 2 2 2 2 2 2 2 2 2 2 2 2 2 2 2 2 2 2 2 2 2 2 2 2 2 2 2 2
left_child=19 2 -2 4 15 6 7 -6 9 -5 -11 13 -13 16 -15 -4 17 18 -10 20 21 22 -1 28 -25 26 -26 -27 29 -24
right_child=1 -3 3 8 5 -7 -8 -9 11 10 -12 12 -14 14 -16 -17 -18 -19 -20 -21 -22 -23 23 24 25 27 -28 -29 -30 -31
leaf_value=0.001347625703667243 0.0075258646141207709 -0.029804408848939982 0.020217504034691858 0.0022601617070314352 -0.040464826876594577 -0.056346636746174149 0.0025960267825131593 0.012118408185950138 0.026682429932954145 0.022832860287938357 -0.0089940659838502815 0.016076826031180033 -0.024389419504292728 0.0078024302035374672 -0.035917819906849613 -0.013031143616752118 0.017735132162364314 1.6626929045410817 -0.13764199654290518 0.00075588236528649293 -0.010639900025423983 -3.8514298937512505e-05 0.00034935146975493886 -0.068349702762975917 -2.3700989298106245e-05 0.00020478942259037158 0.00086112555805884341 -7.6194477848497637e-05 0.0012628630134334925 -0.011691631614797044
leaf_weight=232 92 24 57 29 21 21 29 26 24 23 39 24 39 63 24 22 241 30 25 172 38 20 215 26 35 80 70 29 144 27
leaf_count=232 92 24 57 29 21 21 29 26 24 23 39 24 39 63 24 22 241 30 25 172 38 20 215 26 35 80 70 29 144 27
internal_value=0.000774343 1.05511e-05 0.000141134 -0.000134328 -0.00177273 -0.0041134 -0.00252632 -0.00529787 0.000379679 -0.00161538 -0.00329032 0.000765958 -0.0017619 0.00115725 -0.000793103 0.00110127 0.0016875 -3.79746e-05 -0.00189796 0.00137316 0.00116594 0.00132574 0.00142657 0.00103514 0.000125 0.000616823 -0.000714286 0.00189908 0.00160104 0.000892562
internal_weight=1941 853 829 737 176 97 76 47 561 91 62 470 63 407 87 79 320 79 49 1088 916 878 858 626 240 214 105 109 386 242
internal_count=1941 853 829 737 176 97 76 47 561 91 62 470 63 407 87 79 320 79 49 1088 916 878 858 626 240 214 105 109 386 242
is_linear=0
shrinkage=0.03


Tree=308
num_leaves=31
num_cat=0
split_feature=38 32 52 24 8 12 32 27 5 32 37 58 44 26 40 15 57 40 38 46 37 42 46 23 27 35 6 40 33 14
split_gain=1.09568 1.02185 1.39793 0.788576 0.86843 1.04429 1.31688 0.903712 1.22545 0.73374 2.32288 0.532584 0.600811 0.811741 1.24536 0.737084 0.517286 0.485872 0.66438 0.44929 0.441729 0.424466 0.403937 0.369402 0.276377 0.722377 0.262159 0.242816 0.494891 0.241561
threshold=29.982366071250002 198.09285715000001 2.5000000000000004 344.15000000000003 3.5000000000000004 0.55387244954848092 822.28571425000007 280.50000000000006 37.500000000000007 154.23571425000003 197.62232145000004 1005.4500000000002 28.150000000000002 4.2500000000000009 0.53958333333333341 92.500000000000014 210.50000000000003 959.3269965333335 1104.5341517500003 24.250000000000004 861.71250000000009 -93.948214199999924 25.350000000000005 157.50000000000003 304.50000000000006 365.14464285000003 25.500000000000004 821.52020090625012 896.91428570000016 27.550000000000004
decision_type=2 2 2 2 2 2 2 2 2 2 2 2 2 2 2 2 2 2 2 2 2 2 2 2 2 2 2 2 2 2
left_child=11 2 -2 29 5 6 -5 23 20 19 -11 -1 13 -13 15 -15 -14 18 27 -4 21 -9 -21 -7 -18 26 -26 -6 -29 -3
right_child=1 3 9 4 17 7 -8 8 -10 10 -12 12 16 14 -16 -17 24 -19 -20 22 -22 -23 -24 -25 25 -27 -28 28 -30 -31
leaf_value=0.00052268338354972748 -0.054326386395408745 0.0058082853792228778 -0.0034764748175420213 -0.00033020802994601699 1.015598759798948 -0.0069655705744693999 -0.032340933105403286 -0.0031823531916518526 -0.029167691800551104 -0.08246004690279933 0.0097559976916595566 0.0035377140530848277 -0.00010438521674949969 -0.00070085026534514444 0.00053094889505091788 2.1499026120872246e-06 0.00056285127195077555 -0.079118826668561168 -0.10967579999080049 0.011728070374424122 -0.03092399352880491 0.0033124801885925669 -0.051792033122352268 0.011477689679390425 0.0003251401081742827 -0.058566328521264213 1.3172652364445379e-05 -0.025098846267582051 0.0094171345581973397 0.030096994529444698
leaf_weight=315 23 76 31 20 174 27 22 23 28 21 20 40 28 33 45 23 318 26 33 55 27 36 37 79 86 27 35 27 31 175
leaf_count=315 23 76 31 20 174 27 22 23 28 21 20 40 28 33 45 23 318 26 33 55 27 36 37 79 86 27 35 27 31 175
internal_value=0.000882535 0.000184662 -0.00181283 0.000649254 1.6275e-05 -0.00123664 -0.00557143 -0.000409091 -0.00226316 -0.000841463 -0.00431707 0.00161053 0.00111024 -0.000617021 -0.0020495 -0.00503571 0.00160324 0.00114433 0.0015283 0.000317073 -0.000488372 0.000966102 0.00136957 0.00158491 0.0018412 0.00077027 0.00176033 0.00209483 0.000413793 0.00204382
internal_weight=1941 991 187 804 553 262 42 220 114 164 41 950 635 141 101 56 494 291 265 123 86 59 92 106 466 148 121 232 58 251
internal_count=1941 991 187 804 553 262 42 220 114 164 41 950 635 141 101 56 494 291 265 123 86 59 92 106 466 148 121 232 58 251
is_linear=0
shrinkage=0.03


Tree=309
num_leaves=31
num_cat=0
split_feature=54 11 46 39 36 32 30 18 46 53 45 44 44 43 43 33 43 43 57 3 15 27 18 36 45 42 34 56 45 57
split_gain=1.33162 0.629291 1.3265 0.779146 0.70534 1.10612 0.549605 0.637121 0.476886 0.622817 1.40192 0.460116 0.682031 0.37612 0.442901 0.36863 0.522056 0.301255 0.297872 0.455257 0.27221 0.318337 0.410635 1.0593 0.394478 0.390972 0.403343 0.285539 0.387478 0.488372
threshold=53.850000000000001 -0.5 23.750000000000004 1174.6620536250002 14.437500000000002 154.23571425000003 365.14464285000003 3.5000000000000004 24.550000000000004 230.50000000000003 61.500000000000007 32.150000000000013 31.950000000000003 183.17499995000006 326.64464265000004 1126.2321430000002 16.292857150000035 273.47678575000003 290.50000000000006 6400478.3750000009 80.500000000000014 302.50000000000006 42.500000000000007 1044.8741070000003 83.500000000000014 36.331250015000002 530.72857140000008 6.4500000000000011 86.500000000000014 257.50000000000006
decision_type=2 2 2 2 2 2 2 2 2 2 2 2 2 2 2 2 2 2 2 2 2 2 2 2 2 2 2 2 2 2
left_child=20 3 -3 8 6 -6 18 -8 9 11 -11 12 13 -2 -15 17 -17 -13 -4 -20 -1 25 23 24 -23 26 27 28 29 -22
right_child=1 2 4 -5 5 -7 7 -9 -10 10 -12 15 -14 14 -16 16 -18 -19 19 -21 21 22 -24 -25 -26 -27 -28 -29 -30 -31
leaf_value=0.00053162635466052913 0.0052751415678581387 -0.025845880908581205 0.0060252368128203794 -0.028371846820253774 0.0006173704441277205 -0.029424745287163479 0.0072548529609740321 -0.034983955497998549 1.2636214079270311 -0.035572121225342854 0.02395093624124962 0.026615802796266332 -0.038474160491605063 -0.017394528042654532 0.023876942183520211 0.036834330737005518 -0.080380840510582127 -0.00014186776707547852 0.0069775698228049928 -0.02501710625766591 -0.00016003985836775128 -0.018817721747391575 0.00012099115064433549 -2.3219823111233627e-05 0.00031490215687042923 -0.032874591332586599 -0.017382980727048337 0.00070663288457600512 0.0041863394831073916 0.0096623943945922594
leaf_weight=316 46 34 79 23 37 20 20 24 137 20 32 144 26 25 22 39 20 37 45 23 43 35 76 27 103 34 25 343 65 21
leaf_count=316 46 34 79 23 37 20 20 24 137 20 32 144 26 25 22 39 20 37 45 23 43 35 76 27 103 34 25 343 65 21
internal_value=0.000897991 1.05511e-05 -0.00114894 0.000583187 -0.000387097 -0.00331579 0.000486911 -0.00245455 0.000810219 0.00029927 -0.00276923 0.000743733 -0.000781512 0.000419355 -0.00146808 0.0015 -0.000559322 0.00217127 0.00136735 -8.82352e-05 0.00159375 0.00129016 0.000385892 -0.000454545 0.000608696 0.00170057 0.00191348 0.00211017 0.000906977 -0.00075
internal_weight=1941 853 282 571 248 57 191 44 548 411 52 359 119 93 47 240 59 181 147 68 1088 772 241 165 138 531 497 472 129 64
internal_count=1941 853 282 571 248 57 191 44 548 411 52 359 119 93 47 240 59 181 147 68 1088 772 241 165 138 531 497 472 129 64
is_linear=0
shrinkage=0.03


Tree=310
num_leaves=31
num_cat=0
split_feature=54 53 31 39 19 57 16 53 53 3 14 37 56 34 17 3 18 28 21 47 27 28 17 58 11 28 4 27 18 46
split_gain=1.33651 0.765793 0.860119 0.567612 0.507807 0.708102 0.620125 1.31803 0.831059 0.410869 0.616315 0.543602 0.346914 0.528064 0.72236 0.488661 0.272358 0.314945 0.365513 0.551658 0.444359 0.953373 0.507936 0.433653 0.325624 0.254632 0.245269 0.279365 0.238095 0.34266
threshold=170.55000000000004 72.000000000000014 115.54821430000001 1174.6620536250002 47.500000000000007 306.50000000000006 23.750000000000004 223.50000000000003 144.50000000000003 6587869.5715000005 32.550000000000004 907.97678570000016 12.050000000000002 344.61875000000003 27.500000000000004 6279643.5715000005 93.000000000000014 1005.9500000000002 52.000000000000007 95.500000000000014 302.50000000000006 1006.5500000000001 23.500000000000004 1007.1500000000002 0.29012925520284111 1003.9500000000002 22.500000000000004 159.50000000000003 1.0000000180025095e-35 24.350000000000005
decision_type=2 2 2 2 2 2 2 2 2 2 2 2 2 2 2 2 2 2 2 2 2 2 2 2 2 2 2 2 2 2
left_child=16 2 -2 4 5 6 7 8 -3 11 -11 -10 -8 14 -14 -15 17 24 19 20 26 -22 -23 -21 28 -17 27 -19 -1 -30
right_child=1 3 -4 -5 -6 -7 12 -9 9 10 -12 -13 13 15 -16 25 -18 18 -20 23 21 22 -24 -25 -26 -27 -28 -29 29 -31
leaf_value=0.020683435051167529 -0.0098898143580008133 -0.025070504562878741 0.003368257836778115 -0.027147208090360354 -0.12728596265049733 0.056405935679119459 1.3625388650559773 -0.038534105663085724 0.0051622022921073074 0.046500283387937436 -0.025022252344411123 -0.0059082251570896907 -0.041952889861744572 -0.0068077040730488529 0.021376790490096872 -0.00080920431276975996 -6.992766351194299e-06 -0.0029227469274616721 0.64521817127221837 -0.00013737892276280777 -0.00011138994666098167 -2.3595218128391821e-05 9.0801441877428121e-05 0.00051726666370810991 0.00045518003350449254 0.0035668937457931718 -1.4796065504299734e-05 0.00094586811932404337 -0.014746048484882576 0.001205097724968954
leaf_weight=70 21 24 27 24 26 80 52 21 100 21 25 26 22 32 27 38 36 20 75 21 24 32 112 23 292 211 31 288 54 86
leaf_count=70 21 24 27 24 26 80 52 21 100 21 25 26 22 32 27 38 36 20 75 21 24 32 112 23 292 211 31 288 54 86
internal_value=0.000758887 -0.000204633 -0.003875 3.70371e-05 0.000191489 0.000349043 -5.00824e-06 -0.00128571 -0.000520408 0.000209302 -0.00221739 0.00109524 0.000722513 0.000363636 -0.0025102 0.000864769 0.00140206 0.00148404 0.00103514 0.000767695 0.00104734 -0.000214286 0.000708333 -0.00245455 0.00204382 0.00131325 0.00167257 0.00192857 0.00114286 0.000428572
internal_weight=1941 777 48 729 705 679 599 217 196 172 46 126 382 330 49 281 1164 1128 626 551 507 168 144 44 502 249 339 308 210 140
internal_count=1941 777 48 729 705 679 599 217 196 172 46 126 382 330 49 281 1164 1128 626 551 507 168 144 44 502 249 339 308 210 140
is_linear=0
shrinkage=0.03


Tree=311
num_leaves=31
num_cat=0
split_feature=54 32 6 39 2 16 33 1 6 44 28 37 31 30 34 33 42 43 28 44 36 35 6 47 47 36 17 20 50 48
split_gain=1.12582 0.733025 0.917344 0.636213 0.643692 0.765306 0.812949 0.634786 1.10266 1.47102 0.798129 0.619749 1.20674 0.53689 0.467435 0.446575 0.834543 0.420117 0.401012 0.37934 1.2248 0.30542 0.41957 0.35564 0.607044 0.373831 0.689747 0.394251 0.404714 0.554147
threshold=51.300000000000004 198.09285715000001 16.500000000000004 1174.6620536250002 6805.2500000000009 23.950000000000003 907.54285715000015 6443.2857145000007 26.500000000000004 32.250000000000007 1004.0500000000001 195.92857145000002 73.37142857000002 613.01250000000016 848.99285715000008 66.478571430000017 34.040178570000009 20.585714150000058 1005.0500000000001 26.750000000000004 776.16785715000003 924.44285715000012 21.500000000000004 15.500000000000002 19.500000000000004 1044.8741070000003 43.500000000000007 55.500000000000007 99.500000000000014 14.500000000000002
decision_type=2 2 2 2 2 2 2 2 2 2 2 2 2 2 2 2 2 2 2 2 2 2 2 2 2 2 2 2 2 2
left_child=15 2 -2 4 7 6 -6 -3 10 -10 -9 12 -4 -12 -7 16 18 -11 -1 20 -20 23 -23 -21 -25 27 -27 -26 29 -29
right_child=1 3 11 -5 5 14 -8 8 9 17 13 -13 -14 -15 -16 -17 -18 -19 19 21 -22 22 -24 24 25 26 -28 28 -30 -31
leaf_value=0.00047572624667035422 -0.022569819456484067 0.0088468566129278354 0.002052622557978551 -0.026332791847649705 -0.088454455234524568 -0.0065083725637293394 -0.0077356624056665602 -0.014393633086632673 -0.032255486042105298 0.0023677070361514062 -0.085581505919814699 0.010262749657502198 -0.17620680812265491 0.032295309155942122 0.0067252788904206108 0.0045345464896469154 -0.037973367550351043 -0.020178753275082263 0.0014417301044555716 0.00088464625091947357 -2.3497092207658889e-05 0.0046241044464680808 -0.028353053783658419 -0.00012290509871556746 0.0012348111961258995 -1.8331273208810746e-05 1.0690276565379308e-05 -0.00047887387862159334 0.00019754995210362417 0.00077184265599869939
leaf_weight=202 27 151 40 24 20 40 29 20 26 35 20 57 33 238 58 186 31 39 30 119 32 21 20 36 275 22 39 27 22 22
leaf_count=202 27 151 40 24 20 40 29 20 26 35 20 57 33 238 58 186 31 39 30 119 32 21 20 36 275 22 39 27 22 22
internal_value=0.000697063 -0.000115519 -0.00196815 0.0003 0.000470414 -0.00128571 -0.00434694 0.000958412 0.000301587 -0.0024 0.00127338 -0.000923077 -0.00275342 0.00172093 0.000244898 0.00133948 0.00106236 -0.000243243 0.00123529 0.000879699 -0.00135484 0.00110945 -0.00139024 0.00129182 0.000900677 0.00123096 -0.000934426 0.00161272 -0.000380282 -0.00189796
internal_weight=1941 857 157 700 676 147 49 529 378 100 278 130 73 258 98 1084 898 74 867 665 62 603 41 562 443 407 61 346 71 49
internal_count=1941 857 157 700 676 147 49 529 378 100 278 130 73 258 98 1084 898 74 867 665 62 603 41 562 443 407 61 346 71 49
is_linear=0
shrinkage=0.03


Tree=312
num_leaves=31
num_cat=0
split_feature=24 35 40 3 32 6 48 10 16 40 2 3 36 15 18 28 6 3 37 3 3 9 17 36 19 18 28 49 31 32
split_gain=1.05307 0.670992 0.508849 1.44788 0.633625 0.930965 2.46376 0.903724 0.81468 0.855057 0.754209 0.614603 0.43179 0.606528 1.02071 0.957507 0.436818 0.386847 0.367188 0.83371 0.343267 0.31665 0.307471 0.340792 0.409237 0.300073 0.305716 0.502564 0.315789 0.507936
threshold=170.55000000000004 1243.1750000000002 54.842745539791657 6405398.0000000009 724.31875000000002 26.500000000000004 12.500000000000002 -0.32143946530316159 23.950000000000003 867.41514136666672 6591.5000000000009 6372175.5000000009 768.03125000000011 86.500000000000014 31.500000000000004 1006.5500000000001 2.5000000000000004 6312448.5835000006 485.12589285000007 6278650.0625000009 7179908.6875000009 137.50000000000003 40.500000000000007 954.77142860000015 2.5000000000000004 1.0000000180025095e-35 1007.4500000000002 3.5000000000000004 44.249107145000004 225.70625000000004
decision_type=2 2 2 2 2 2 2 2 2 2 2 2 2 2 2 2 2 2 2 2 2 2 2 2 2 2 2 2 2 2
left_child=12 2 3 17 18 7 11 8 9 -6 -11 -7 21 16 -15 -16 -14 -2 19 -4 -21 -1 23 24 -18 -23 28 -28 -27 -30
right_child=1 -3 4 -5 5 6 -8 -9 -10 10 -12 -13 13 14 15 -17 22 -19 -20 20 -22 25 -24 -25 -26 26 27 -29 29 -31
leaf_value=-0.00044765172235764606 -0.0028389992757600208 -0.029318139749687076 -0.019580784122838188 -0.21213674541264113 -0.03859583597277573 -0.005211356787248979 -0.029393964815432157 0.023370689519432629 0.078590676919814542 0.034226935578317616 -0.028016706322518226 0.021478790047672783 -1.7019121708408089e-05 0.00023751827119099155 -2.3896367333928252e-05 -9.0551269969468456e-06 -0.010282310861300463 0.18564879260632544 0.01894289931909135 0.0032367235509654824 -0.0060483623645922807 0.0010838664366172055 0.00050755944599560935 0.00030655879485256985 0.0058714701483621916 0.00077174059354900609 -0.026248194886715318 0.0063708932406365748 -0.045982422879727251 0.02491614562453804
leaf_weight=25 22 21 21 23 24 25 25 133 43 21 33 45 20 74 22 35 26 25 177 109 30 243 109 43 22 380 26 39 28 72
leaf_count=25 22 21 21 23 24 25 25 133 43 21 33 45 20 74 22 35 26 25 177 109 30 243 109 43 22 380 26 39 28 72
internal_value=0.000573416 -0.000281853 -0.000134921 -0.00257143 0.000113703 -0.000782235 -0.00331579 0.000165354 -0.00171074 -0.00353846 -0.00144444 -0.000428571 0.00114433 0.000264957 -0.00135114 -0.00436842 0.00122727 0.000446809 0.00104154 1.11759e-10 0.000841727 0.00152399 0.00165 0.000362637 -0.001375 0.00162944 0.00123853 -0.000692308 0.0015 1.11759e-10
internal_weight=1941 777 756 70 686 349 95 254 121 78 54 70 1164 351 131 57 220 47 337 160 139 813 200 91 48 788 545 65 480 100
internal_count=1941 777 756 70 686 349 95 254 121 78 54 70 1164 351 131 57 220 47 337 160 139 813 200 91 48 788 545 65 480 100
is_linear=0
shrinkage=0.03


Tree=313
num_leaves=31
num_cat=0
split_feature=54 49 57 33 42 40 30 38 33 16 57 41 14 1 56 57 31 42 3 15 28 17 28 46 28 33 40 17 48 11
split_gain=0.901448 0.544379 0.58953 0.441861 0.810476 0.433515 0.790171 0.694444 0.552319 0.677528 0.848305 1.46107 0.573348 0.564205 0.948281 0.640544 0.599003 0.4 0.372816 0.344845 0.322122 0.43517 0.527514 0.362457 0.503486 0.307692 0.967248 0.304376 0.984635 0.274959
threshold=51.300000000000004 68.500000000000014 309.50000000000006 91.033928570000015 34.040178570000009 952.28456100416668 879.69017855000004 759.54754463750021 715.48750000000007 23.750000000000004 278.50000000000006 278.85736723330399 27.550000000000004 2862.0000000000005 12.65 295.50000000000006 822.28571425000007 46.881250000000001 7312872.9285000013 93.500000000000014 1005.35 93.500000000000014 1006.1500000000002 25.850000000000005 1006.5500000000001 1085.9000000000003 817.70736608333357 44.500000000000007 31.500000000000004 0.83146961230254512
decision_type=2 2 2 2 2 2 2 2 2 2 2 2 2 2 2 2 2 2 2 2 2 2 2 2 2 2 2 2 2 2
left_child=3 2 5 4 19 8 7 -7 9 10 17 -12 -11 14 -14 -16 -15 -2 25 20 -1 23 -23 -22 -25 -10 -27 28 -26 -24
right_child=1 -3 -4 -5 -6 6 -8 -9 18 12 11 -13 13 16 15 -17 -18 -19 -20 -21 21 22 29 24 27 26 -28 -29 -30 -31
leaf_value=0.00044672279718860862 -0.0036247765198498304 -0.062766122725537193 0.25216132563249649 0.0080406600263230356 -0.035454693779548914 -0.028799167962169959 -0.034534190901071848 0.053247013785176739 0.0033486850470089537 -0.021317621805665866 0.00024000003105678194 -0.039985039723672934 -0.19812484204090988 0.077748573122346232 0.0020875784161737535 -0.0020062373069981796 -0.054977431477753497 0.010105033646961191 -0.058332888856175269 -1.002474136023363e-05 0.00085955806323865364 -2.2212011974456952e-05 -7.6489076173370162e-05 -4.7111997580151294e-05 0.0001980448227991771 -0.081652354514066813 0.011848967156144944 0.00043694781289536553 -1.5938555821145964e-05 0.00048565761161307699
leaf_weight=253 20 24 92 172 31 20 20 25 221 24 23 20 21 108 66 26 39 20 20 30 341 22 26 34 91 26 42 43 20 21
leaf_count=253 20 24 92 172 31 20 20 25 221 24 23 20 21 108 66 26 39 20 20 30 341 22 26 34 91 26 42 43 20 21
internal_value=0.000681608 -4.55075e-05 8.28332e-05 0.00125646 0.000993421 -0.00019838 -0.00253846 -0.000333333 2.66273e-05 -0.000760218 -0.00314458 -0.00606977 -6.33802e-05 0.000346154 -0.00124779 6.52175e-05 0.00157143 1.11759e-10 0.000961165 0.00116118 0.00127262 0.000892977 -0.00134783 0.00118526 0.00012766 0.00123529 -0.000529412 0.000857143 2.70271e-05 0.000446809
internal_weight=1941 857 833 1084 912 741 65 45 676 367 83 43 284 260 113 92 147 40 309 881 851 598 69 529 188 289 68 154 111 47
internal_count=1941 857 833 1084 912 741 65 45 676 367 83 43 284 260 113 92 147 40 309 881 851 598 69 529 188 289 68 154 111 47
is_linear=0
shrinkage=0.03


Tree=314
num_leaves=31
num_cat=0
split_feature=24 41 15 36 48 6 35 24 31 33 33 30 39 39 39 18 14 54 54 32 6 58 58 14 1 26 58 17 6 26
split_gain=0.58806 0.532883 0.478223 0.805279 0.942219 1.11028 0.453494 0.438267 1.35772 0.437937 1.40806 0.458687 0.422745 0.381464 1.04689 0.520227 0.874744 0.585142 1.20536 0.511717 0.637933 0.529922 0.56448 0.46013 1.1096 0.312619 0.277439 0.486111 0.251266 0.276113
threshold=170.55000000000004 66.300545936615634 85.500000000000014 812.55446430000006 31.500000000000004 5.5000000000000009 1243.1750000000002 14.050000000000002 64.175000000000011 1126.2321430000002 1160.0785715000004 927.76250000000016 954.14276783750017 557.92444195625012 602.52935268750014 30.500000000000004 32.150000000000013 589.20000000000016 632.05000000000007 336.55982145000002 17.500000000000004 1006.35 1005.4500000000002 32.250000000000007 4451.8571430000011 17.850000000000005 1008.0500000000001 27.500000000000004 30.500000000000004 5.3500000000000005
decision_type=2 2 2 2 2 2 2 2 2 2 2 2 2 2 2 2 2 2 2 2 2 2 2 2 2 2 2 2 2 2
left_child=2 -2 28 7 26 -6 9 25 -9 12 -11 -12 13 19 -15 17 -17 -16 -19 20 -3 22 -22 24 -20 -4 27 -5 29 -1
right_child=1 6 3 4 5 -7 -8 8 -10 10 11 -13 -14 14 15 16 -18 18 23 -21 21 -23 -24 -25 -26 -27 -28 -29 -30 -31
leaf_value=7.3975457970905325e-06 -0.012881938116117998 -0.084885709342065477 0.0010565797334936048 -4.8046426310220117e-05 0.00041602205267027753 -2.0787529243414263e-05 -0.028119577746555671 -0.035858429205534836 0.0072478842260445793 -0.044724708487484652 0.030613838690109359 -0.025333130763276437 0.05224938760103285 -0.12498229798794341 0.52243035822763395 0.0017416555201746596 -0.030389266725761872 -0.014701563109019093 0.021604601863193885 0.017689774791174798 0.0047493705637967421 0.5512799773884991 -0.014280918936949601 0.0028282519835263246 -0.032468288064425234 1.3390717802797329e-05 0.0040817341168694846 0.00020895853217677601 -1.5460398765061896e-05 0.00096792391305247269
leaf_weight=67 37 24 185 36 23 32 21 20 49 21 33 37 100 26 69 27 20 21 25 105 26 70 29 63 23 43 26 20 40 623
leaf_count=67 37 24 185 36 23 32 21 20 49 21 33 37 100 26 69 27 20 21 25 105 26 70 29 63 23 43 26 20 40 623
internal_value=0.000666152 2.70271e-05 0.00109278 0.000304148 -0.00159854 -0.00463636 0.000202703 0.00118182 -0.000913043 0.000329625 -0.00161538 0.000428572 0.000611465 0.000272727 -0.00050365 9.67743e-05 -0.00274468 0.000761194 -0.000409091 0.00111024 -2.01341e-05 0.00084 -0.00136364 0.000837838 -0.001375 0.00181579 0.000439024 -0.00075 0.00156164 0.00169565
internal_weight=1941 777 1164 434 137 55 740 297 69 719 91 70 628 528 274 248 47 201 132 254 149 125 55 111 48 228 82 56 730 690
internal_count=1941 777 1164 434 137 55 740 297 69 719 91 70 628 528 274 248 47 201 132 254 149 125 55 111 48 228 82 56 730 690
is_linear=0
shrinkage=0.03


Tree=315
num_leaves=31
num_cat=0
split_feature=36 24 24 35 6 38 42 6 18 10 1 15 26 28 58 1 11 38 51 53 26 24 36 56 9 36 31 16 38 28
split_gain=0.666338 0.662796 0.973981 0.629001 1.19888 0.616535 0.904655 0.881866 1.875 1.01899 1.0006 0.604962 0.366945 0.773345 0.45873 0.358605 0.333323 0.438387 0.744215 0.376782 0.442303 0.404351 0.359553 0.559908 0.617448 0.343323 0.295196 0.262492 0.256061 0.230414
threshold=1257.2196430000001 286.75000000000006 311.85000000000008 952.86875000000009 23.500000000000004 821.33727677500019 -185.01696430000001 26.500000000000004 10.500000000000002 -0.41248606129204546 9452.8571430000011 93.500000000000014 17.450000000000003 1006.2500000000001 1005.6500000000002 3226.2857145000003 -0.5 29.982366071250002 26.500000000000004 60.500000000000007 9.1500000000000004 155.30000000000004 847.42142855000009 6.4500000000000011 146.50000000000003 896.91428570000016 800.00000000000011 26.050000000000004 1148.8903273750004 1007.7500000000001
decision_type=2 2 2 2 2 2 2 2 2 2 2 2 2 2 2 2 2 2 2 2 2 2 2 2 2 2 2 2 2 2
left_child=1 11 -3 5 -5 12 -7 9 -9 10 -8 16 13 14 -4 -6 -1 22 -19 -20 -21 -22 29 24 -24 -25 -15 -27 -11 -18
right_child=-2 2 3 4 15 6 7 8 -10 28 -12 -13 -14 26 -16 -17 17 18 19 20 21 -23 23 25 -26 27 -28 -29 -30 -31
leaf_value=1.804147264835201 -1.3716654640194287e-05 -0.021259066818111648 -0.00012912021403956738 -0.030783126735554483 0.0051796431457546126 0.04878406249115394 -0.029092885939156064 -0.006960848317752657 -0.027504365491613031 0.12579126406663146 -0.024616117682391501 -2.4124039797680771e-05 0.0081672451480448004 0.11232721386175804 -0.033514766165142311 -0.015843911494261738 0.00065414476886103349 -0.043454726509222677 0.012307034259215701 -0.11509404071815144 -0.0013616864298553212 0.010514125969104693 0.00013551512655375609 -1.9928293492512523e-05 -4.4754833047291981e-05 0.00041384252758953487 -0.023152486776914172 -8.4948360128270457e-06 -0.0054752479687424022 0.00044011310324475856
leaf_weight=138 31 28 36 25 33 52 28 40 20 80 20 29 116 111 20 20 599 26 38 20 37 46 33 22 23 134 20 30 30 56
leaf_count=138 31 28 36 25 33 52 28 40 20 80 20 29 116 111 20 20 599 26 38 20 37 46 33 22 23 134 20 30 30 56
internal_value=0.000588872 0.000659686 -9.27834e-05 0.000142857 -0.00238462 0.000486911 -0.000555555 -0.00140367 -0.0045 -0.000227848 -0.003875 0.00107474 0.00141584 0.000593583 -0.00235714 0.000169811 0.00117804 0.00099812 -0.000413174 0.000446809 -0.000495146 0.00046988 0.00126087 0.000272727 -0.00235714 0.00106452 0.00185496 0.00153659 0.00136364 0.00162595
internal_weight=1941 1910 679 651 78 573 270 218 60 158 48 1231 303 187 56 53 1202 1064 167 141 103 83 897 242 56 186 131 164 110 655
internal_count=1941 1910 679 651 78 573 270 218 60 158 48 1231 303 187 56 53 1202 1064 167 141 103 83 897 242 56 186 131 164 110 655
is_linear=0
shrinkage=0.03


Tree=316
num_leaves=31
num_cat=0
split_feature=24 4 57 57 57 56 43 57 57 40 56 3 32 56 37 37 6 38 31 2 8 57 28 14 6 37 56 27 17 10
split_gain=0.85407 0.843715 1.50635 2.30263 0.983351 1.40076 0.814295 0.789292 1.26076 0.730142 0.980492 0.755439 0.903863 0.954305 1.06523 1.0077 0.728604 1.50635 1.83995 0.642756 0.637121 0.539888 0.385918 0.567075 0.259615 0.204518 0.384425 0.19465 0.231435 0.406248
threshold=170.55000000000004 2.5000000000000004 311.50000000000006 326.50000000000006 210.50000000000003 15.850000000000003 -291.90089284999993 306.50000000000006 303.50000000000006 952.28456100416668 18.150000000000002 6405398.0000000009 327.22857140000002 13.450000000000001 705.46250000000009 1045.9026785000003 26.500000000000004 727.04866071250024 1032.7062500000002 7322.7142855000011 3.5000000000000004 332.50000000000006 1006.5500000000001 32.050000000000004 29.500000000000004 569.85000000000002 17.250000000000004 42.000000000000007 10.500000000000002 -0.88144907265856332
decision_type=2 2 2 2 2 2 2 2 2 2 2 2 2 2 2 2 2 2 2 2 2 2 2 2 2 2 2 2 2 2
left_child=1 2 4 -4 5 -1 25 8 9 10 11 16 20 -14 -15 -16 22 -18 -19 -11 -13 -9 23 -8 -6 26 -2 -3 -29 -30
right_child=6 27 3 -5 24 -7 7 21 -10 19 -12 12 13 14 15 -17 17 18 -20 -21 -22 -23 -24 -25 -26 -27 -28 28 29 -31
leaf_value=-2.9112298769633476e-05 0.01659910920629595 0.010865844221690348 -2.8499790804129455e-05 0.00045122074075424397 0.00078044014162311219 0.00020341361641774286 -0.0037535577422046647 0.037116979509895003 -0.031544405751959742 -0.038177697717321046 0.0077878388879716364 -0.0068786624401445022 0.15396113057991206 0.015055999948818545 -0.048316435721647531 -0.001018320888215313 0.0057596498625156088 -0.16059315059944976 0.00057398344893995609 -0.0031293572150859726 -0.23688875965650916 -0.019826545705738909 0.82626286619937583 0.013961562378413101 -3.3253871767939003e-06 0.02790952012438094 -0.0085875811598030618 0.0015332703806965433 -0.00016659382183428916 0.0004599711571859911
leaf_weight=20 31 92 36 21 104 24 25 86 21 21 98 24 31 31 25 21 42 21 20 22 20 21 89 29 24 67 32 181 72 590
leaf_count=20 31 92 36 21 104 24 25 86 21 21 98 24 31 31 25 21 42 21 20 22 20 21 89 29 24 67 32 181 72 590
internal_value=0.000449768 0.000963918 -0.000668122 -0.00489474 0.000732558 -0.00313636 -0.000320463 -0.000755796 -0.00122222 -0.000930636 -0.000592437 -0.00128571 -0.00292105 -0.00144444 -0.00323377 -0.00613043 -0.000185841 -0.00242169 -0.00651219 -0.00467442 -0.00654545 0.00159813 0.00111189 -0.000888889 0.0020625 0.00184615 0.000619048 0.00136364 0.00122064 0.000960725
internal_weight=1941 1164 229 57 172 44 777 647 540 519 476 378 152 108 77 46 226 83 41 43 44 107 143 54 128 130 63 935 843 662
internal_count=1941 1164 229 57 172 44 777 647 540 519 476 378 152 108 77 46 226 83 41 43 44 107 143 54 128 130 63 935 843 662
is_linear=0
shrinkage=0.03


Tree=317
num_leaves=31
num_cat=0
split_feature=40 30 38 36 54 43 46 56 9 41 30 56 18 3 31 4 14 8 45 2 30 1 6 27 44 33 42 34 2 10
split_gain=0.681131 0.790171 0.694444 0.665618 0.422997 0.626089 0.780695 1.30446 1.12804 0.856595 1.21954 1.43142 0.928802 0.712733 0.774194 0.624935 0.799485 2.3902 0.846209 0.512657 1.11111 0.463212 0.301385 0.299893 0.294828 0.256854 0.410727 0.396715 0.215745 0.184001
threshold=952.28456100416668 879.69017855000004 759.54754463750021 1257.2196430000001 51.300000000000004 -135.13035711999996 24.550000000000004 17.250000000000004 140.50000000000003 250.90870725776196 824.84375000000011 13.450000000000001 18.500000000000004 6405398.0000000009 316.67142855000003 2.5000000000000004 28.350000000000005 1.5000000000000002 91.500000000000014 6601.5535715000015 384.05892855000008 10098.000000000002 27.500000000000004 314.00000000000006 30.750000000000004 245.86875000000003 36.331250015000002 460.41696430000007 3351.8571425000005 -0.98611507088852035
decision_type=2 2 2 2 2 2 2 2 2 2 2 2 2 2 2 2 2 2 2 2 2 2 2 2 2 2 2 2 2 2
left_child=3 2 -2 4 15 19 7 8 -7 24 11 -11 22 -8 -15 16 17 -1 -19 -6 29 -9 -12 -18 -10 26 27 -17 -16 -21
right_child=1 -3 -4 -5 5 6 13 21 9 10 12 -13 -14 14 28 25 23 18 -20 20 -22 -23 -24 -25 -26 -27 -28 -29 -30 -31
leaf_value=-2.3978326842297374e-05 -0.024950183308079577 -0.030317353873157229 0.052176930533300844 -2.0564742275610119e-05 0.0068266039164482633 -0.031874318714063904 0.22861144282731216 0.0094797688837978192 -0.00095606735644286644 -0.0050798305443489197 0.013949243085260139 -0.060518959249890196 -0.006025237444266883 -0.12662174293245479 1.1847154314353674 0.00065059649470115323 0.00066377851529820695 0.0002109529559930735 -2.8427060780460347e-05 0.0014414809083501674 -0.019506326586524705 -0.029035874049418809 -0.011928478016165917 -4.8410997876742072e-06 0.066672206377178078 0.019294906955454712 -0.036822638453164226 -0.02736099099619552 -0.11709609723688687 -0.0042542073006017096
leaf_weight=21 20 20 25 31 123 38 107 79 20 20 42 21 27 31 42 687 71 60 29 64 30 23 33 30 38 114 28 21 20 26
leaf_count=21 20 20 25 31 123 38 107 79 20 20 42 21 27 31 42 687 71 60 29 64 30 23 33 30 38 114 28 21 20 26
internal_value=0.00048068 -0.00253846 -0.000333333 0.000585288 0.000658537 0.000130102 -0.000438078 -0.00131085 -0.00252301 -0.00162687 -0.00287413 -0.0072439 -0.00111765 0.00105 -0.000870968 0.00104901 -0.000412322 -0.00218182 -3.37078e-05 0.00139506 1.11759e-10 0.00152941 0.0006 0.00151485 0.00144828 0.00141176 0.00120652 0.00134746 0.00106452 0.00166667
internal_weight=1941 65 45 1876 1845 784 541 341 239 201 143 41 102 200 93 1061 211 110 89 243 120 102 75 101 58 850 736 708 62 90
internal_count=1941 65 45 1876 1845 784 541 341 239 201 143 41 102 200 93 1061 211 110 89 243 120 102 75 101 58 850 736 708 62 90
is_linear=0
shrinkage=0.03


Tree=318
num_leaves=31
num_cat=0
split_feature=50 49 56 30 3 31 28 42 40 46 15 4 18 57 42 43 42 43 2 56 51 54 54 3 50 50 42 57 6 50
split_gain=0.553168 0.681878 1.35 0.646743 0.693878 1.52111 0.622271 0.936643 0.66808 0.935101 0.843994 1.03703 1.04801 0.933613 0.545455 0.51182 0.936643 0.441977 0.428282 0.350674 0.376087 0.822221 0.816667 0.763978 0.379775 0.417756 0.350327 0.341312 0.329502 0.324107
threshold=99.500000000000014 68.500000000000014 4.5500000000000007 966.0875000000002 6306807.5000000009 1040.2910715 1008.9500000000002 54.971428550000006 867.41514136666672 24.450000000000003 85.500000000000014 2.5000000000000004 50.500000000000007 311.50000000000006 23.605535711999924 260.56071430000009 201.58392870000009 46.204464285000007 8573.1250000000018 15.550000000000002 17.500000000000004 251.70000000000002 204.75000000000003 6400702.2500000009 18.500000000000004 78.500000000000014 -70.714285699999934 306.50000000000006 23.500000000000004 98.500000000000014
decision_type=2 2 2 2 2 2 2 2 2 2 2 2 2 2 2 2 2 2 2 2 2 2 2 2 2 2 2 2 2 2
left_child=1 3 -3 6 5 -5 8 -8 10 14 19 12 13 -12 28 26 -17 18 -13 20 24 22 23 -22 -1 27 -6 -26 -10 -4
right_child=-2 2 29 4 15 -7 7 -9 9 -11 11 17 -14 -15 -16 16 -18 -19 -20 -21 21 -23 -24 -25 25 -27 -28 -29 -30 -31
leaf_value=0.0011325806856842535 0.00069520211539655246 -0.0086189966862102608 0.0016582453350481039 -0.14137256289441799 -0.016150683094896895 0.04133047459875492 -0.034854741289376455 0.10998324505860256 -0.020596465546714848 -0.01750419515230444 0.00038882413237556707 0.00072733137453601462 -2.7386117983130659e-05 -2.3001365102344027e-05 -0.066986683864659682 -0.062939804939505059 0.0095350192605705882 -0.040515140111190236 -0.002422335980804094 0.0014686517867202712 0.016872593925128115 0.0025882115961989912 -0.036721036719971269 -0.026775489854685811 0.0065788875659698008 0.00042040293398549995 0.028303927027023397 -0.0070619463093673212 0.043796579432858647 -0.00043081470152693627
leaf_weight=356 184 20 32 20 24 25 20 21 29 21 36 213 20 35 27 20 21 25 20 273 29 186 20 31 29 28 73 32 43 28
leaf_count=356 184 20 32 20 24 25 20 21 29 21 36 213 20 35 27 20 21 25 20 273 29 186 20 31 29 28 73 32 43 28
internal_value=0.000619784 0.000455891 -0.00225 0.000584973 -0.00109836 -0.00433333 0.000791165 -0.00285366 0.000894012 -0.00125 0.00108702 -0.000180516 -0.00293407 -0.00122535 -3.03029e-05 -4.34781e-05 -0.00285366 0.000790698 0.00119742 0.00153659 0.00118565 0.000293233 -0.00225 -0.0005 0.0017191 -3.37078e-05 0.00114433 -0.00142623 0.00133333 1.11759e-10
internal_weight=1941 1757 80 1677 183 45 1494 41 1453 120 1333 349 91 71 99 138 41 258 233 984 711 266 80 60 445 89 97 61 72 60
internal_count=1941 1757 80 1677 183 45 1494 41 1453 120 1333 349 91 71 99 138 41 258 233 984 711 266 80 60 445 89 97 61 72 60
is_linear=0
shrinkage=0.03


Tree=319
num_leaves=31
num_cat=0
split_feature=39 36 15 43 12 26 31 26 1 30 20 28 40 16 36 57 27 36 37 20 14 37 36 44 1 56 4 43 43 2
split_gain=0.755528 0.75059 0.560637 0.558324 0.550166 0.83519 0.942035 0.905388 0.719697 0.608839 1.06646 0.348541 0.289728 0.784542 0.370041 0.62209 1.42788 0.639684 0.273226 0.262039 0.309525 0.737241 0.31303 0.597301 0.283333 0.277484 0.273485 0.201698 0.693164 0.185869
threshold=1174.6620536250002 1257.2196430000001 93.500000000000014 70.916071450000032 0.64987354830121502 16.250000000000004 123.93750000000001 17.650000000000002 6493.3750000000009 987.0571428500001 1.0000000180025095e-35 1008.7500000000001 877.42354912291682 24.450000000000003 847.42142855000009 314.00000000000006 326.50000000000006 886.14017855000009 645.58660715000008 1.0000000180025095e-35 30.250000000000004 317.07857140000004 537.08571430000018 28.950000000000003 7203.0625000000009 14.750000000000002 19.500000000000004 -216.47053569999994 -366.59553569999997 7795.0000000000009
decision_type=2 2 2 2 2 2 2 2 2 2 2 2 2 2 2 2 2 2 2 2 2 2 2 2 2 2 2 2 2 2
left_child=1 2 3 11 5 6 -5 -7 -9 10 -6 12 14 27 19 17 -17 -16 -19 -1 22 -22 29 25 -23 -24 -27 28 -14 -21
right_child=-2 -3 -4 4 9 7 -8 8 -10 -11 -12 -13 13 -15 15 16 -18 18 -20 20 21 24 23 -25 -26 26 -28 -29 -30 -31
leaf_value=0.0010939472424992727 -0.016425754280032557 -4.6565870329425911e-05 -3.5606236892363125e-05 -0.029579031109821893 -0.036405061653745074 -0.21305740726058398 0.27864638333743597 -0.047223300929846279 2.8981524717523612 -0.023923620941103708 0.019978556769769229 -0.015385734151173771 0.028235801723954596 -0.01608588546130918 -0.00015078379341143766 -3.4261231618634296e-05 0.00035051558583428102 0.000414969379065266 -0.00037760333491953022 0.0009054726204720181 -0.031399928521791784 0.071225966563705126 0.00021302155004745415 -0.010658437005241319 -0.00051019047583685027 -5.7755736532819453e-05 0.00061532726997662204 0.017204279673238176 -0.080282206957538432 2.8877714846137631e-05
leaf_weight=572 24 31 29 35 36 35 216 22 38 23 47 22 42 22 23 26 22 155 20 238 22 34 42 20 20 20 24 33 20 28
leaf_count=572 24 31 29 35 36 35 216 22 38 23 47 22 42 22 23 26 22 155 20 238 22 34 42 20 20 20 24 33 20 28
internal_value=0.000789799 0.000856025 0.000932132 0.000996769 7.96461e-05 0.00065896 0.00156574 -0.00173684 0.0005 -0.00181132 -0.000614458 0.00129182 0.00135141 -7.6923e-05 0.00148341 0.000439024 -0.002625 0.00118182 0.0018 0.00173529 0.00119196 -0.000552631 0.00154839 0.000169811 0.00133333 0.00125581 -0.000409091 0.00110526 9.67743e-05 0.00209774
internal_weight=1941 1917 1886 1857 452 346 251 95 60 106 83 1405 1383 117 1266 246 48 198 175 1020 448 76 372 106 54 86 44 95 62 266
internal_count=1941 1917 1886 1857 452 346 251 95 60 106 83 1405 1383 117 1266 246 48 198 175 1020 448 76 372 106 54 86 44 95 62 266
is_linear=0
shrinkage=0.03


Tree=320
num_leaves=31
num_cat=0
split_feature=39 2 15 23 37 57 40 37 28 17 19 58 44 59 40 33 44 57 6 23 54 6 17 46 49 10 10 30 46 17
split_gain=0.746724 0.812019 0.602472 1.86667 0.691676 0.535134 0.653706 1.66407 1.04638 1.01418 1.08624 0.944844 0.578711 0.64463 0.366241 1.1314 0.593939 0.357838 0.258137 0.247439 0.340845 0.930792 0.218447 0.214154 0.428871 0.41744 0.266327 0.202837 0.233279 0.475857
threshold=1174.6620536250002 4455.6250000000009 59.500000000000007 218.00000000000003 1028.3375000000003 285.50000000000006 2.0373139881041573 226.47500000000002 1005.85 37.500000000000007 12.500000000000002 1007.7500000000001 27.650000000000002 0.15000000000000005 867.41514136666672 896.91428570000016 31.750000000000004 291.50000000000006 30.500000000000004 160.50000000000003 14.050000000000002 24.500000000000004 3.5000000000000004 25.150000000000002 40.500000000000007 0.81241147629689026 1.0000000180025095e-35 1008.5285715000001 25.150000000000002 49.500000000000007
decision_type=2 2 2 2 2 2 2 2 2 2 2 2 2 2 2 2 2 2 2 2 2 2 2 2 2 2 2 2 2 2
left_child=1 2 3 4 -1 12 9 11 -9 10 -7 -8 13 -4 22 16 -16 -10 -11 20 -14 -22 -3 24 -15 26 -26 28 -24 -30
right_child=-2 14 5 -5 -6 6 7 8 17 18 -12 -13 19 23 15 -17 -18 -19 -20 -21 21 -23 27 -25 25 -27 -28 -29 29 -31
leaf_value=0.0037566727359149999 -0.01593298165163191 0.001121548380078091 -0.00044625874703943552 -0.025670099653291208 -0.015194691550589062 -4.2587231918759537e-05 -0.00025584261375005495 -0.16191429499059712 -0.0070538384501111157 0.00020577106072958647 0.00018481721482315597 -0.11520058489603116 0.00051562180216020996 0.00094942344515469568 -0.067586110176379971 0.0051688974605293469 0.011025245202334191 1.329191261510869 4.7048171516515835e-05 5.5941094053608991 0.012301893999425649 -0.041884575982456117 0.00084941169249701026 -2.4617345103877202e-05 -0.00015578402325356751 -0.0063641431968214229 0.0012450752403411053 -0.028821458689014881 0.00062656168386346887 -0.01001128461949986
leaf_weight=58 24 125 28 21 26 22 31 20 38 148 29 32 225 53 24 108 20 77 22 102 60 33 350 23 20 28 29 21 111 33
leaf_count=58 24 125 28 21 26 22 31 20 38 148 29 32 225 53 24 108 20 77 22 102 60 33 350 23 20 28 29 21 111 33
internal_value=0.000758887 0.000824726 0.000306667 -0.00185714 0.000142857 0.000529412 -0.000293556 -0.00154545 0.000333333 0.000828054 -0.00288235 -0.00557143 0.00110316 -0.000314917 0.00156061 0.000236842 -0.00381818 0.00143478 0.00194118 0.00171429 0.00130189 -0.000225806 0.001875 0.00045098 0.000923077 -0.000506493 0.00116327 0.00160194 0.0017247 0.000708333
internal_weight=1941 1917 1125 105 84 1020 419 198 135 221 51 63 601 181 792 152 44 115 170 420 318 93 640 153 130 77 49 515 494 144
internal_count=1941 1917 1125 105 84 1020 419 198 135 221 51 63 601 181 792 152 44 115 170 420 318 93 640 153 130 77 49 515 494 144
is_linear=0
shrinkage=0.03


end of trees

feature_importances:
hour_sin=399
generation_lag_96=361
day=346
wind_direction_10m=327
day_of_year=318
wind_direction_10m_lag1=313
day_of_week=300
DAILY_YIELD=275
surface_pressure=269
hour_cos=260
surface_pressure_lag1=256
wind_speed_10m_lag1=254
generation_lag_48=245
TOTAL_YIELD=234
wind_speed_10m=231
dew_point_2m_lag1=231
DC_POWER=227
cloud_cover_mid=219
direct_normal_irradiance_lag1=194
generation_lag_24=193
cloud_cover_lag1=186
generation_rolling_std_24=184
cloud_cover_mid_lag1=183
cloud_cover=176
temperature_2m_lag1=170
generation_lag_12=168
temperature_2m=167
dew_point_2m=162
relative_humidity_2m=152
generation_rolling_mean_24=143
cloud_cover_low_lag1=141
generation_lag_1=137
generation_change_4=137
cloud_cover_low=129
generation_lag_8=127
generation_change_1=127
generation_lag_2=126
direct_normal_irradiance=125
generation_rolling_mean_4=124
relative_humidity_2m_lag1=120
generation_lag_4=110
shortwave_radiation_lag1=110
diffuse_radiation_lag1=110
diffuse_radiation=108
generation_rolling_mean_8=106
hour=92
day_sin=87
cloud_cover_high_lag1=79
minute=76
shortwave_radiation=71
cloud_cover_high=69
direct_radiation_lag1=51
precipitation=36
direct_radiation=28
precipitation_lag1=22
global_tilted_irradiance_lag1=14
day_cos=10
is_daytime=8
global_tilted_irradiance=7

parameters:
[boosting: gbdt]
[objective: quantile]
[metric: quantile]
[tree_learner: serial]
[device_type: cpu]
[data_sample_strategy: bagging]
[data: ]
[valid: ]
[num_iterations: 500]
[learning_rate: 0.03]
[num_leaves: 31]
[num_threads: 2]
[seed: 42]
[deterministic: 0]
[force_col_wise: 0]
[force_row_wise: 0]
[histogram_pool_size: -1]
[max_depth: -1]
[min_data_in_leaf: 20]
[min_sum_hessian_in_leaf: 0.001]
[bagging_fraction: 0.8]
[pos_bagging_fraction: 1]
[neg_bagging_fraction: 1]
[bagging_freq: 0]
[bagging_seed: 400]
[bagging_by_query: 0]
[feature_fraction: 0.8]
[feature_fraction_bynode: 1]
[feature_fraction_seed: 30056]
[extra_trees: 0]
[extra_seed: 12879]
[early_stopping_round: 0]
[early_stopping_min_delta: 0]
[first_metric_only: 0]
[max_delta_step: 0]
[lambda_l1: 0]
[lambda_l2: 0]
[linear_lambda: 0]
[min_gain_to_split: 0]
[drop_rate: 0.1]
[max_drop: 50]
[skip_drop: 0.5]
[xgboost_dart_mode: 0]
[uniform_drop: 0]
[drop_seed: 17869]
[top_rate: 0.2]
[other_rate: 0.1]
[min_data_per_group: 100]
[max_cat_threshold: 32]
[cat_l2: 10]
[cat_smooth: 10]
[max_cat_to_onehot: 4]
[top_k: 20]
[monotone_constraints: ]
[monotone_constraints_method: basic]
[monotone_penalty: 0]
[feature_contri: ]
[forcedsplits_filename: ]
[refit_decay_rate: 0.9]
[cegb_tradeoff: 1]
[cegb_penalty_split: 0]
[cegb_penalty_feature_lazy: ]
[cegb_penalty_feature_coupled: ]
[path_smooth: 0]
[interaction_constraints: ]
[verbosity: -1]
[saved_feature_importance_type: 0]
[use_quantized_grad: 0]
[num_grad_quant_bins: 4]
[quant_train_renew_leaf: 0]
[stochastic_rounding: 1]
[linear_tree: 0]
[max_bin: 255]
[max_bin_by_feature: ]
[min_data_in_bin: 3]
[bin_construct_sample_cnt: 200000]
[data_random_seed: 175]
[is_enable_sparse: 1]
[enable_bundle: 1]
[use_missing: 1]
[zero_as_missing: 0]
[feature_pre_filter: 1]
[pre_partition: 0]
[two_round: 0]
[header: 0]
[label_column: ]
[weight_column: ]
[group_column: ]
[ignore_column: ]
[categorical_feature: ]
[forcedbins_filename: ]
[precise_float_parser: 0]
[parser_config_file: ]
[objective_seed: 16083]
[num_class: 1]
[is_unbalance: 0]
[scale_pos_weight: 1]
[sigmoid: 1]
[boost_from_average: 1]
[reg_sqrt: 0]
[alpha: 0.1]
[fair_c: 1]
[poisson_max_delta_step: 0.7]
[tweedie_variance_power: 1.5]
[lambdarank_truncation_level: 30]
[lambdarank_norm: 1]
[label_gain: ]
[lambdarank_position_bias_regularization: 0]
[eval_at: ]
[multi_error_top_k: 1]
[auc_mu_weights: ]
[num_machines: 1]
[local_listen_port: 12400]
[time_out: 120]
[machine_list_filename: ]
[machines: ]
[gpu_platform_id: -1]
[gpu_device_id: -1]
[gpu_use_dp: 0]
[num_gpu: 1]

end of parameters

pandas_categorical:[]
