tree
version=v4
num_class=1
num_tree_per_iteration=1
label_index=0
max_feature_idx=60
objective=quantile
feature_names=PLANT_ID DC_POWER DAILY_YIELD TOTAL_YIELD hour minute day month day_of_week day_of_year hour_sin hour_cos day_sin day_cos temperature_2m relative_humidity_2m dew_point_2m cloud_cover cloud_cover_low cloud_cover_mid cloud_cover_high shortwave_radiation direct_radiation diffuse_radiation direct_normal_irradiance global_tilted_irradiance wind_speed_10m wind_direction_10m surface_pressure precipitation generation_lag_1 generation_lag_2 generation_lag_4 generation_lag_8 generation_lag_12 generation_lag_24 generation_lag_48 generation_lag_96 generation_rolling_mean_4 generation_rolling_mean_8 generation_rolling_mean_24 generation_rolling_std_24 generation_change_1 generation_change_4 temperature_2m_lag1 relative_humidity_2m_lag1 dew_point_2m_lag1 cloud_cover_lag1 cloud_cover_low_lag1 cloud_cover_mid_lag1 cloud_cover_high_lag1 shortwave_radiation_lag1 direct_radiation_lag1 diffuse_radiation_lag1 direct_normal_irradiance_lag1 global_tilted_irradiance_lag1 wind_speed_10m_lag1 wind_direction_10m_lag1 surface_pressure_lag1 precipitation_lag1 is_daytime
feature_infos=none [0:14413.42857] [0:9163] [6190002:7757913.7139999997] [0:23] [0:45] [1:31] [5:6] [0:6] [137:158] [-1:1] [-1:1] [0.41105375468703509:0.70672655557761577] [-0.91161110719302396:-0.7074868024503348] [25.199999999999999:34.600000000000001] [50:99] [20.800000000000001:26.5] [0:100] [0:100] [0:100] [0:100] [0:958] [0:789] [0:375] [0:795.29999999999995] [0:958] [1.3:58.600000000000001] [7:356] [987.20000000000005:1009.6] [0:32.700000000000003] [0:1405.3] [0:1405.3] [0:1405.3] [0:1405.3] [0:1405.3] [0:1405.3] [0:1405.3] [0:1405.3] [0:1274.8656249999999] [0:1243.16316975] [0:1100.1531002083334] [0:596.18673098771092] [-1031.22:742.03392899999994] [-1163.6199999999999:796.08750000000009] [25.199999999999999:34.600000000000001] [50:99] [20.800000000000001:26.5] [0:100] [0:100] [0:100] [0:100] [0:958] [0:789] [0:375] [0:795.29999999999995] [0:958] [1.3:58.600000000000001] [7:356] [987.20000000000005:1009.6] [0:32.700000000000003] [0:1]
tree_sizes=2450 2465 2630 2705 2719 2731 2745 2738 2740 2733 2745 2712 2721 2731 2722 2731 2710 2718 2717 2727 2727 2737 2719 2720 2729 2730 2726 2714 2724 2736 2723 2734 2722 2694 2738 2721 2703 2706 2716 2705 2712 2727 2738 2720 2712 2729 2737 2720 2733 2704 2742 2741 2719 2701 2745 2730 2754 2739 2727 2742 2738 2734 2745 2725 2734 2717 2741 2734 2737 2741 2725 2742 2748 2739 2737 2746 2729 2750 2743 2748 2755 2744 2741 2722 2756 2744 2710 2745 2736 2749 2770 2762 2755 2754 2746 2760 2748 2752 2778 2778 2771 2757 2734 2771 2751 2753 2759 2759 2780 2771 2765 2765 2751 2781 2770 2751 2793 2767 2768 2781 2768 2773 2757 2762 2781 2770 2768 2778 2773 2790 2741 2755 2780 2770 2779 2777 2734 2772 2769 2787 2766 2767 2751 2757 2771 2765 2752 2758 2761 2776 2779 2778 2773 2791 2776 2790 2802 2771 2785 2799 2781 2789 2801 2771 2798 2777 2794 2778 2772 2786 2797 2797 2794 2807 2804 2791 2782

Tree=0
num_leaves=29
num_cat=0
split_feature=11 9 49 9 6 57 49 57 40 8 6 6 10 36 27 26 10 11 1 10 9 1 50 10 27 31 10 10
split_gain=195.819 20.08 32.4553 18.8831 25.0717 13.2611 8.26429 8.63856 11.0401 15.291 7.95603 22.9787 21.7021 4.58468 4.28472 4 3.4127 2.6489 1.4795 1.00129 2.03636 0.948795 0.685541 0.346552 0.190345 0.0453307 0.041453 0.0385057
threshold=-0.032701564615071434 141.50000000000003 3.5000000000000004 141.50000000000003 17.500000000000004 310.50000000000006 2.5000000000000004 302.50000000000006 53.113392856874995 3.5000000000000004 26.500000000000004 28.500000000000004 0.44228869021900147 7.2553571430000003 287.50000000000006 8.6500000000000004 0.81241147629689026 -0.097964660725097338 131.50000000000003 -0.9103761370219875 145.50000000000003 2528.1071430000006 29.500000000000004 0.58216583101416164 266.50000000000006 1238.6660715000003 -0.41248606129204546 -0.81241147629689037
decision_type=2 2 2 2 2 2 2 2 2 2 2 2 2 2 2 2 2 2 2 2 2 2 2 2 2 2 2 2
left_child=1 2 21 4 27 13 7 8 9 15 17 12 -12 -6 -4 -5 -11 19 -8 20 -3 -1 -16 -15 -10 -21 -9 -2
right_child=3 10 14 6 5 -7 18 26 24 16 11 -13 -14 23 22 -17 -18 -19 -20 25 -22 -23 -24 -25 -26 -27 -28 -29
leaf_value=37.095573120117187 37.095573120117187 38.578992748260497 38.849287376403808 38.667198114395141 37.095573120117187 37.095573120117187 37.095573120117187 37.095573120117187 37.095573120117187 37.095573120117187 37.095573120117187 53.243287353515626 56.633715820312503 62.278430786132816 56.394572753906246 63.591198120117184 38.367465934753419 38.411287422180173 37.911144561767578 60.00118927001953 46.482144470214841 37.095573120117187 53.324287719726563 43.372456970214841 37.095573120117187 66.812448120117182 37.095573120117187 37.095573120117187
leaf_weight=20 20 20 29 24 22 34 397 20 46 43 60 141 34 67 77 48 20 21 23 416 35 63 27 20 29 21 97 67
leaf_count=20 20 20 29 24 22 34 397 20 46 43 60 141 34 67 77 48 20 21 23 416 35 63 27 20 29 21 97 67
internal_value=38.2429 38.2524 38.2444 38.2334 38.2409 38.2486 38.2311 38.2346 38.2383 38.2434 38.2548 38.2502 38.2387 38.2537 38.2536 38.2529 38.2326 38.2569 38.2283 38.2573 38.2535 38.2297 38.2564 38.2568 38.2291 38.2578 38.2281 38.2282
internal_weight=1941 964 216 977 230 143 747 327 210 135 748 235 94 109 133 72 63 513 420 492 55 83 104 87 75 437 117 87
internal_count=1941 964 216 977 230 143 747 327 210 135 748 235 94 109 133 72 63 513 420 492 55 83 104 87 75 437 117 87
is_linear=0
shrinkage=1


Tree=1
num_leaves=28
num_cat=0
split_feature=1 9 57 10 6 9 49 26 6 6 10 28 47 10 56 47 28 1 1 57 11 50 10 1 31 36 1
split_gain=191.453 19.9276 21.1974 19.2264 19.6686 17.9798 32.5186 14.7235 8.48499 22.2725 20.5663 5.8183 5.39739 5.38594 4.94085 2.10705 1.61535 1.37647 1.07077 1.94382 0.688112 0.636844 0.629787 0.0474026 0.0451977 0.0442857 0.0303922
threshold=344.75000000000006 149.50000000000003 302.50000000000006 -0.41248606129204546 20.500000000000004 141.50000000000003 3.5000000000000004 6.8500000000000005 26.500000000000004 28.500000000000004 0.44228869021900147 1003.85 19.500000000000004 -0.98611507088852035 13.250000000000002 15.500000000000002 1004.9500000000002 2451.0803570000003 2676.3571430000006 272.50000000000006 -0.22695468355932455 29.500000000000004 0.95642797789208711 61.571428570000002 1238.6660715000003 421.1107143000001 1215.7500000000002
decision_type=2 2 2 2 2 2 2 2 2 2 2 2 2 2 2 2 2 2 2 2 2 2 2 2 2 2 2
left_child=1 2 3 4 14 6 17 12 13 10 -10 -8 -5 -7 -1 -9 -4 -2 19 26 -11 -13 -17 -3 -20 -18 -15
right_child=5 23 16 7 -6 8 11 15 9 20 -12 21 -14 18 -16 22 25 -19 24 -21 -22 -23 -24 -25 -26 -27 -28
leaf_value=13.297140032958984 -1.1128671936035155 -1.1128671936035155 -1.1128671936035155 2.3087259304046626 -1.1128671936035155 0.38634447383880616 -1.1128671936035155 1.0786359237670897 -1.1128671936035155 16.685130578613283 17.839131225585934 17.812099584960936 -1.1128671936035155 1.1343928802490235 -1.1128671936035155 21.624375000000001 -1.1128671936035155 -1.1128671936035155 21.374642971801759 0.74463026332855231 0.79514782104492177 12.087771368408204 16.483262556266787 -0.7685100511550903 27.712501556396482 -1.1128671936035155 6.2776785552978511
leaf_weight=34 20 365 39 23 128 35 21 20 61 123 34 82 35 20 29 74 20 65 392 25 20 29 20 20 21 155 31
leaf_count=34 20 365 39 23 128 35 21 20 61 123 34 82 35 20 29 74 20 65 392 25 20 29 20 20 21 155 31
internal_value=-0.000131376 -0.00963617 -0.00610919 -0.00169421 -0.00824607 0.00920838 0.00158986 0.0055814 0.011378 0.00668067 -0.00457895 0.0109091 -0.00672414 0.0135115 0.00547619 0.0118421 -0.0135981 -0.0128824 0.0143252 0.0110526 0.0141608 0.0136486 0.0137234 -0.0149221 0.0149274 -0.0148286 0.0144118
internal_weight=1941 962 577 363 191 979 217 172 762 238 95 132 58 524 63 114 214 85 489 76 143 111 94 385 413 175 51
internal_count=1941 962 577 363 191 979 217 172 762 238 95 132 58 524 63 114 214 85 489 76 143 111 94 385 413 175 51
is_linear=0
shrinkage=0.03


Tree=2
num_leaves=30
num_cat=0
split_feature=1 9 8 9 9 57 17 19 44 9 9 40 4 27 14 57 11 18 26 11 1 11 11 1 1 40 19 1 3
split_gain=190.22 19.6932 22.2721 17.5485 31.7502 17.2971 23.7697 10.3697 9.74523 6.89893 24.8369 21.2211 7.16876 4.90871 3.10402 2.37538 2.07849 1.46812 0.792839 0.582837 0.528593 0.320287 0.179695 0.146667 0.0474026 0.0432338 0.145205 0.0393617 0.0336066
threshold=344.75000000000006 149.50000000000003 3.5000000000000004 141.50000000000003 139.50000000000003 310.50000000000006 7.5000000000000009 3.5000000000000004 29.050000000000004 149.50000000000003 147.50000000000003 331.40621279581256 16.500000000000004 250.00000000000003 29.050000000000004 259.50000000000006 -0.16280825711808986 21.500000000000004 9.1500000000000004 0.55557023301960229 2676.3571430000006 -0.41248606129204524 0.22695468355932433 3425.1428570000003 61.571428570000002 821.52020090625012 37.500000000000007 9550.4910715000024 6369944.2860000012
decision_type=2 2 2 2 2 2 2 2 2 2 2 2 2 2 2 2 2 2 2 2 2 2 2 2 2 2 2 2 2
left_child=1 2 5 4 7 6 14 -2 13 10 12 -12 20 -8 28 -4 25 -18 -7 -15 -5 27 -17 -6 -3 -11 -27 -9 -1
right_child=3 24 15 9 23 18 8 21 -10 16 11 -13 -14 19 -16 22 17 -19 -20 -21 -22 -23 -24 -25 -26 26 -28 -29 -30
leaf_value=-1.0794811777954101 -1.0794811777954101 -1.0794811777954101 -1.0794811777954101 3.9644911734924317 -1.0794811777954101 -1.0794811777954101 0.14265507023620599 17.963932529571533 -1.0794811777954101 18.275224666534424 17.383028638916013 -1.0794811777954101 -0.1474625519657134 23.166604680685044 -0.61148119496154785 -1.0794811777954101 0.72228967592525484 0.20075456803894048 -1.0794811777954101 20.97564375 21.974867000518799 5.8063457538299561 -1.0794811777954101 -1.0794811777954101 -0.74545474962043756 7.5047722789306635 18.158599316954614 20.742774093406677 -1.0794811777954101
leaf_weight=20 28 365 28 27 20 62 31 74 27 273 32 63 30 32 22 20 20 21 23 94 223 20 177 55 20 53 20 20 41
leaf_count=20 28 365 28 27 20 62 31 74 27 273 32 63 30 32 22 20 20 21 23 94 223 20 177 55 20 53 20 20 41
internal_value=-0.000193199 -0.00966736 -0.00616118 0.00911645 0.00158986 -0.00144886 0.00230337 0.00992958 0.00831522 0.0112598 0.00836 -0.00489474 0.0128571 0.0111783 -0.0110241 -0.0135333 0.0140698 0.00768293 -0.0132353 0.0138095 0.01452 0.0139474 -0.0146954 -0.0142 -0.0149221 0.0148266 0.0141781 0.0146809 -0.0145082
internal_weight=1941 962 577 979 217 352 267 142 184 762 375 95 280 157 83 225 387 41 85 126 250 114 197 75 385 346 73 94 61
internal_count=1941 962 577 979 217 352 267 142 184 762 375 95 280 157 83 225 387 41 85 126 250 114 197 75 385 346 73 94 61
is_linear=0
shrinkage=0.03


Tree=3
num_leaves=31
num_cat=0
split_feature=1 9 8 9 49 57 17 15 6 6 34 27 27 58 1 47 36 19 35 26 11 1 40 58 3 19 31 11 1 36
split_gain=189.375 18.2495 21.0107 18.0013 32.9379 15.3076 21.7719 11.3065 9.18124 24.5387 19.7582 8.11189 5.12326 4.99234 3.84648 3.2119 2.81319 5.5641 2.34425 1.25171 0.945122 0.645606 2.3607 0.544709 0.276738 0.171429 0.0450012 0.0445055 0.0366667 0.0350746
threshold=610.92857145000005 149.50000000000003 3.5000000000000004 141.50000000000003 3.5000000000000004 310.50000000000006 7.5000000000000009 78.500000000000014 26.500000000000004 28.500000000000004 198.09285715000001 269.50000000000006 250.00000000000003 1003.9500000000002 277.58928570000006 1.0000000180025095e-35 263.65982145000004 3.5000000000000004 1136.1008930000003 9.6000000000000014 -0.3520614488341256 3506.0000000000005 775.95531994583337 1005.4500000000002 6363513.2855000012 6.5000000000000009 1238.6660715000003 0.41248606129204546 1147.6517855000002 413.57410715000009
decision_type=2 2 2 2 2 2 2 2 2 2 2 2 2 2 2 2 2 2 2 2 2 2 2 2 2 2 2 2 2 2
left_child=1 2 5 4 20 6 15 11 18 10 -10 -8 -9 -6 -3 -1 17 -4 21 29 -2 22 28 -15 -17 -11 -23 -18 -5 -7
right_child=3 14 16 8 13 19 7 12 9 25 -12 -13 -14 23 -16 24 27 -19 -20 -21 -22 26 -24 -25 -26 -27 -28 -29 -30 -31
leaf_value=3.8766403012529747 -1.047096742461548 -1.047096742461548 0.6133433949133299 1.8552607118749667 -1.047096742461548 -1.047096742461548 -1.047096742461548 0.87918787235275275 16.870752562463377 15.704543187860411 -1.047096742461548 9.5540825438445847 22.076405827880858 14.41459681976715 -0.10643257217051981 -1.047096742461548 -1.047096742461548 -1.047096742461548 1.4247442540137292 -1.047096742461548 -1.047096742461548 20.932478290307923 0.40529995743304259 18.568945806250536 -1.047096742461548 3.110033605340881 26.221880499689025 -1.047096742461548 6.6123543889407346 -1.047096742461548
leaf_weight=20 62 378 21 20 21 20 29 30 29 120 62 26 109 23 20 22 20 31 23 20 20 361 20 83 46 20 21 162 55 47
leaf_count=20 62 378 21 20 21 20 29 30 29 120 62 26 109 23 20 22 20 31 23 20 20 361 20 83 46 20 21 162 55 47
internal_value=-0.000255023 -0.00933566 -0.00604478 0.00941489 0.00165072 -0.00158537 0.00180851 0.00742268 0.0116347 0.00668831 -0.00543956 -0.00409091 0.0119784 0.0112205 -0.0143216 -0.0105682 -0.0130769 -0.00692308 0.01392 -0.0125862 -0.0131707 0.0143711 0.0121579 0.0138679 -0.0136765 0.0145714 0.0149215 -0.0148352 0.0146 -0.0145522
internal_weight=1941 1001 603 940 209 369 282 194 731 231 91 55 139 127 398 88 234 52 500 87 82 477 95 106 68 140 382 182 75 67
internal_count=1941 1001 603 940 209 369 282 194 731 231 91 55 139 127 398 88 234 52 500 87 82 477 95 106 68 140 382 182 75 67
is_linear=0
shrinkage=0.03


Tree=4
num_leaves=31
num_cat=0
split_feature=11 9 49 9 8 27 17 2 1 54 8 9 27 27 10 17 47 1 28 56 50 10 1 2 1 3 2 10 19 1
split_gain=187.285 18.4857 31.7683 16.1921 20.0777 14.6388 20.5619 12.7959 7.61914 6.68302 12.9154 34.121 6.558 4.45392 3.84457 3.2119 2.5 2.45632 2.025 1.25171 0.754902 0.630757 0.597468 0.370125 0.348876 0.296218 0.188024 0.179798 0.178836 0.0474026
threshold=-0.097964660725097338 141.50000000000003 3.5000000000000004 149.50000000000003 3.5000000000000004 310.50000000000006 7.5000000000000009 7965.0000000000009 344.75000000000006 483.25000000000006 3.5000000000000004 147.50000000000003 250.00000000000003 287.50000000000006 0.88144907265856365 1.0000000180025095e-35 39.500000000000007 2928.5714285000004 1005.9500000000002 10.400000000000002 29.500000000000004 0.91037613702198772 3255.6250000000005 7265.2857145000007 5141.5535715000015 6363513.2855000012 37.437500000000007 -0.98611507088852035 8.5000000000000018 61.571428570000002
decision_type=2 2 2 2 2 2 2 2 2 2 2 2 2 2 2 2 2 2 2 2 2 2 2 2 2 2 2 2 2 2
left_child=1 2 22 4 5 6 15 12 29 23 11 24 -8 -4 27 -2 -16 -12 -9 -7 -15 -14 -1 26 -11 -17 -3 -6 -19 -5
right_child=3 9 13 8 14 19 7 18 -10 10 17 -13 21 20 16 25 -18 28 -20 -21 -22 -23 -24 -25 -26 -27 -28 -29 -30 -31
leaf_value=-1.0156838401877015 3.8341971478711039 0.76756358396670332 -0.045370417594040757 -1.0156838401877015 -1.0156838401877015 -1.0156838401877015 -0.45170621327797394 -1.0156838401877015 0.17196356579995192 4.927163844651985 1.5003451520938846 -1.0156838401877015 19.462783172087398 16.094562747337449 0.14593850230474539 -1.0156838401877015 -1.0156838401877015 20.883076939645559 -0.28667062787504743 -0.85839813080659799 14.910379114342605 27.443394098128838 -1.0156838401877015 6.7525651049287632 19.432361607614311 -1.0156838401877015 17.298599727620736 -1.0156838401877015 13.205122472921165 -0.69167820485797804
leaf_weight=20 20 20 25 365 20 67 34 20 24 20 22 62 101 77 20 21 20 169 20 20 25 21 59 21 69 47 314 178 20 20
leaf_count=20 20 20 25 365 20 67 34 20 24 20 22 62 101 77 20 21 20 169 20 20 25 21 59 21 69 47 314 178 20 20
internal_value=-0.000409583 0.00937703 0.00145631 -0.00928291 -0.00618227 -0.00181941 0.00147887 0.00688776 -0.0138998 0.0116527 0.00878453 0.00208609 0.0107692 0.010748 -0.0129832 -0.0105682 -0.0045 0.0135782 -0.00825 -0.0125862 0.0135294 0.0140164 -0.013481 0.0145775 0.0139888 -0.0136765 0.0148204 -0.014697 0.0146825 -0.0149221
internal_weight=1941 923 206 1018 609 371 284 196 409 717 362 151 156 127 238 88 40 211 40 87 102 122 79 355 89 68 334 198 189 385
internal_count=1941 923 206 1018 609 371 284 196 409 717 362 151 156 127 238 88 40 211 40 87 102 122 79 355 89 68 334 198 189 385
is_linear=0
shrinkage=0.03


Tree=5
num_leaves=31
num_cat=0
split_feature=11 9 49 9 8 27 17 2 1 24 8 9 27 11 27 14 36 19 28 48 11 11 59 50 1 21 1 1 14 1
split_gain=181.981 17.6579 31.1518 15.2774 19.2146 13.9866 19.4944 12.0314 7.55114 6.58663 10.5248 31.4294 5.92464 5.00298 4.27042 3.23907 2.94772 6.20942 2.025 1.24472 1.07011 0.993913 1.86998 0.660046 0.597468 0.420968 0.342857 0.18961 0.142857 0.121569
threshold=-0.097964660725097338 141.50000000000003 3.5000000000000004 149.50000000000003 3.5000000000000004 310.50000000000006 7.5000000000000009 7965.0000000000009 344.75000000000006 522.95000000000016 3.5000000000000004 147.50000000000003 250.00000000000003 -0.47114434510950048 287.50000000000006 29.050000000000004 263.65982145000004 3.5000000000000004 1005.9500000000002 63.500000000000007 0.55557023301960229 -0.290129255202841 0.15000000000000005 29.500000000000004 3255.6250000000005 619.50000000000011 5141.5535715000015 61.571428570000002 31.750000000000004 1557.1339285000001
decision_type=2 2 2 2 2 2 2 2 2 2 2 2 2 2 2 2 2 2 2 2 2 2 2 2 2 2 2 2 2 2
left_child=1 2 24 4 5 6 15 12 27 21 11 26 -8 28 -4 -2 17 -6 -9 -14 -7 25 29 -16 -1 -3 -11 -5 -12 -23
right_child=3 9 14 8 16 20 7 18 -10 10 13 -13 19 -15 23 -17 -18 -19 -20 -21 -22 22 -24 -25 -26 -27 -28 -29 -30 -31
leaf_value=-0.98521332498207059 -0.98521332498207059 17.046243403445597 -0.044009305066219466 -0.98521332498207059 0.68722834683124512 -0.98521332498207059 -0.43815502687963481 -0.98521332498207059 0.16680465882595347 4.7793489293124249 28.157266034044081 -0.98521332498207059 21.882350867110326 -0.012679115945574431 15.611725864917323 -0.91439618487968399 -0.98521332498207059 -0.98521332498207059 -0.27807050903879593 8.7036907164450437 -0.98521332498207059 2.0174234186421329 0.76530661680170009 14.463067740912326 -0.98521332498207059 23.0956580077263 18.54060444346791 -0.6709278587122387 19.811084448350723 3.8590910160100091
leaf_weight=20 60 290 25 365 22 30 34 20 24 20 24 60 100 24 77 28 182 34 20 22 57 31 20 25 59 20 64 20 144 20
leaf_count=20 60 290 25 365 22 30 34 20 24 20 24 60 100 24 77 28 182 34 20 22 57 31 20 25 59 20 64 20 144 20
internal_value=-0.000595054 0.009052 0.00131068 -0.00934185 -0.00633005 -0.00206199 0.00116197 0.00642857 -0.0138264 0.0112762 0.00821429 0.00208333 0.0101923 0.0128125 0.0105118 -0.0105682 -0.0129832 -0.00696429 -0.00825 0.0132787 -0.0125862 0.0139764 0.0107746 0.0132353 -0.013481 0.0147097 0.0139286 -0.0148442 0.0146429 0.0138235
internal_weight=1941 923 206 1018 609 371 284 196 409 717 336 144 156 192 127 88 238 56 40 122 87 381 71 102 79 310 84 385 168 51
internal_count=1941 923 206 1018 609 371 284 196 409 717 336 144 156 192 127 88 238 56 40 122 87 381 71 102 79 310 84 385 168 51
is_linear=0
shrinkage=0.03


Tree=6
num_leaves=31
num_cat=0
split_feature=11 12 49 12 8 27 17 14 6 6 40 11 27 11 27 10 10 12 14 26 11 56 50 4 10 10 4 16 21 43
split_gain=178.899 18.5528 29.9371 15.6817 19.0559 14.2023 19.8471 11.9046 9.72924 21.66 19.6556 7.2245 5.19335 8.09047 3.91501 3.73117 3.38809 4.00216 3.23907 2.5 1.44762 1.25171 0.864497 0.706522 0.597468 0.404545 0.366287 0.235714 0.189583 0.180375
threshold=-0.097964660725097338 0.64987354830121502 3.5000000000000004 0.53946920585801694 3.5000000000000004 310.50000000000006 7.5000000000000009 29.550000000000004 26.500000000000004 28.500000000000004 313.93515625604169 1.0000000180025095e-35 269.50000000000006 0.60876142900872032 287.50000000000006 0.88144907265856365 -0.88144907265856332 0.59608197715088396 29.050000000000004 4.5500000000000007 -0.32143946530316164 10.400000000000002 29.500000000000004 19.500000000000004 -0.63405362205439475 -0.98611507088852035 6.5000000000000009 24.350000000000005 19.500000000000004 -497.36785694999998
decision_type=2 2 2 2 2 2 2 2 2 2 2 2 2 2 2 2 2 2 2 2 2 2 2 2 2 2 2 2 2 2
left_child=1 8 24 11 5 6 18 12 16 10 -10 -2 13 -8 -4 25 17 27 -5 -17 -11 -7 -16 -15 -3 -6 -18 -1 -13 -28
right_child=3 2 14 4 15 21 7 -9 9 20 -12 28 -14 23 22 19 26 -19 -20 -21 -22 -23 -24 -25 -26 -27 29 -29 -30 -31
leaf_value=8.4931576677120564 0.13583917669823889 -0.95565692523260848 -0.042689025914232702 -0.95565692523260848 -0.95565692523260848 -0.95565692523260848 -0.98898800298297329 -0.95565692523260848 15.334284691657485 14.646128887668301 -0.95565692523260848 -0.95565692523260848 17.203112915981428 14.684230233896548 15.143374088969804 -0.95565692523260848 0.82261120158581058 -0.1363195060717951 -0.88696429933329346 0.32339283093450721 1.1127236437071566 -0.80308978713293799 14.029175708684956 3.8755758151387583 -0.95565692523260848 -0.95565692523260848 20.973414178290366 4.7245348511882783 -0.753179155010821 19.019522917686224
leaf_weight=22 25 20 25 60 20 67 33 23 29 114 61 364 94 26 77 20 21 24 28 20 21 20 25 20 59 178 20 20 20 385
leaf_count=22 25 20 25 60 20 67 33 23 29 114 61 364 94 26 77 20 21 24 28 20 21 20 25 20 59 178 20 20 20 385
internal_value=-0.00061051 0.0089545 0.00101942 -0.00928291 -0.00623153 -0.00198113 0.00126761 0.00658163 0.0112343 0.00606667 -0.00533333 -0.0138264 0.00927746 0.00360759 0.0100394 -0.0128571 0.0135976 0.00727273 -0.0105682 -0.0045 0.0136667 -0.0125862 0.0126471 0.0117391 -0.013481 -0.0145455 0.0145775 0.0128571 -0.0148437 0.0147778
internal_weight=1941 923 206 1018 609 371 284 196 717 225 90 409 173 79 127 238 492 66 88 40 135 87 102 46 79 198 426 42 384 405
internal_count=1941 923 206 1018 609 371 284 196 717 225 90 409 173 79 127 238 492 66 88 40 135 87 102 46 79 198 426 42 384 405
is_linear=0
shrinkage=0.03


Tree=7
num_leaves=31
num_cat=0
split_feature=11 12 6 12 8 57 17 44 6 6 2 19 11 27 11 10 8 10 57 36 37 56 11 4 10 4 25 43 16 3
split_gain=175.607 18.8521 28.2001 15.2774 18.4934 13.9463 18.516 13.0393 10.988 23.4696 18.4889 8.59349 7.2245 5.21203 6.92505 3.82287 4.09091 3.73117 3.33715 2.5 2.34306 2.06128 1.36009 1.01739 0.404545 0.366287 0.189583 0.180375 0.156044 0.135484
threshold=-0.097964660725097338 0.64987354830121502 18.500000000000004 0.53946920585801694 3.5000000000000004 304.50000000000006 7.5000000000000009 29.550000000000004 26.500000000000004 28.500000000000004 1619.0000000000002 3.5000000000000004 1.0000000180025095e-35 269.50000000000006 0.60876142900872032 -0.88144907265856332 2.5000000000000004 0.88144907265856365 270.50000000000006 257.67857145000005 197.62232145000004 10.950000000000001 -0.32143946530316164 19.500000000000004 -0.98611507088852035 6.5000000000000009 19.500000000000004 -497.36785694999998 23.750000000000004 6405398.0000000009
decision_type=2 2 2 2 2 2 2 2 2 2 2 2 2 2 2 2 2 2 2 2 2 2 2 2 2 2 2 2 2 2
left_child=1 8 11 12 5 6 18 13 15 10 -10 -3 -2 14 -8 16 -1 24 29 -19 -13 -7 -11 -16 -6 -17 -14 -27 -22 -5
right_child=3 2 -4 4 17 21 7 -9 9 22 -12 20 26 -15 23 25 -18 19 -20 -21 28 -23 -24 -25 -26 27 -28 -29 -30 -31
leaf_value=7.9034981461940124 0.13176400139729166 -0.92698721747563018 -0.92698721747563018 -0.92698721747563018 -0.92698721747563018 -0.92698721747563018 -0.95931836289348404 -0.92698721747563018 15.81657731789995 14.20674502103825 -0.92698721747563018 0.59625220284856162 -0.92698721747563018 17.90436356608263 14.24370332687965 0.79793286553823617 -0.0092119033017833366 0.67609545784077929 -0.92698721747563018 -0.92698721747563018 12.94162225172642 -0.59412209637997282 1.0793419343959421 3.7593085406845956 -0.92698721747563018 20.344211752941657 -0.73058378036049643 18.448937230155639 16.99682433114446 -0.92698721747563018
leaf_weight=30 25 24 71 20 20 72 31 25 26 114 64 20 364 90 26 21 36 20 23 20 20 22 21 20 178 20 20 385 71 42
leaf_count=30 25 24 71 20 20 72 31 25 26 114 64 20 364 90 26 21 36 20 23 20 20 22 21 20 178 20 20 385 71 42
internal_value=-0.000749614 0.00872698 0.000728155 -0.00934185 -0.00633005 -0.00214286 0.00124549 0.00640625 0.0110251 0.00553333 -0.00633333 0.00877778 -0.0138264 0.00943114 0.0037013 0.0135366 0.00681818 -0.0128571 -0.0104118 -0.0045 0.0122973 -0.0121277 0.0134444 0.011087 -0.0145455 0.0145775 -0.0148437 0.0147778 0.0143407 -0.0140323
internal_weight=1941 923 206 1018 609 371 277 192 717 225 90 135 409 167 77 492 66 238 85 40 111 94 135 46 198 426 384 405 91 62
internal_count=1941 923 206 1018 609 371 277 192 717 225 90 135 409 167 77 492 66 238 85 40 111 94 135 46 198 426 384 405 91 62
is_linear=0
shrinkage=0.03


Tree=8
num_leaves=31
num_cat=0
split_feature=11 12 49 12 8 6 6 10 17 47 26 40 11 36 4 12 10 44 43 26 14 26 11 44 6 10 47 18 10 10
split_gain=175.371 18.9258 28.1603 14.4849 17.3937 11.0193 22.9452 18.4889 9.35195 8.08397 13.3465 9.6327 7.2245 6.70062 3.90757 7.28139 3.73117 3.51823 5.60357 3.41002 3.32153 2.5 1.2753 0.929487 0.836237 0.597468 0.589474 0.514286 0.423697 0.404545
threshold=-0.097964660725097338 0.64987354830121502 3.5000000000000004 0.53946920585801694 3.5000000000000004 26.500000000000004 28.500000000000004 0.58216583101416164 7.5000000000000009 42.500000000000007 9.9500000000000011 597.47176339458349 1.0000000180025095e-35 924.44285715000012 15.500000000000002 0.60980454008255491 0.88144907265856365 31.750000000000004 64.603571500000029 13.050000000000002 29.050000000000004 4.5500000000000007 -0.32143946530316164 28.150000000000002 27.500000000000004 -0.63405362205439475 49.500000000000007 1.5000000000000002 0.95642797789208711 -0.98611507088852035
decision_type=2 2 2 2 2 2 2 2 2 2 2 2 2 2 2 2 2 2 2 2 2 2 2 2 2 2 2 2 2 2
left_child=1 5 25 12 8 14 7 -7 20 11 23 13 -2 -10 28 27 29 18 -4 24 -5 -18 -8 -11 -12 -3 -19 -16 -1 -6
right_child=3 2 17 4 16 6 22 -9 9 10 19 -13 -14 -15 15 -17 21 26 -20 -21 -22 -23 -24 -25 -26 -27 -28 -29 -30 -31
leaf_value=18.590248275848623 0.12781108135537286 -0.89917760095136123 -1.0365235888947963 -0.89917760095136123 -0.89917760095136123 -0.89917760095136123 13.780542670407103 15.342079998362951 19.835706856470036 -0.89917760095136123 6.4005646762282966 -0.89817766861885029 -0.89917760095136123 -0.89917760095136123 7.7766559962954016 -0.25844663790625316 -0.89917760095136123 17.416111611541663 4.8562936856827825 -0.89917760095136123 -0.83254575382902574 0.31745442240099464 1.0469616763640637 -0.89917760095136123 16.964800411762784 -0.89917760095136123 16.22915188847476 5.2238294609152156 1.2781504372842405 -0.89917760095136123
leaf_weight=383 25 20 22 64 20 64 114 26 82 20 21 23 384 35 36 21 20 56 29 20 28 20 21 58 20 59 20 20 32 178
leaf_count=383 25 20 22 64 20 64 114 26 82 20 21 23 384 35 36 21 20 56 29 20 28 20 21 58 20 59 20 20 32 178
internal_value=-0.000873261 0.00859697 0.000582524 -0.00945972 -0.00652709 0.0108996 0.0054 -0.00633333 -0.00246631 0.000268817 -0.00485612 0.00535714 -0.0138264 0.00884615 0.0134146 0.00720779 -0.0128571 0.00933071 0.00323529 0.00565574 -0.0107609 -0.0045 0.0132222 -0.0130769 0.0106098 -0.013481 0.0134211 0.0128571 0.0145663 -0.0145455
internal_weight=1941 923 206 1018 609 717 225 90 371 279 139 140 409 117 492 77 238 127 51 61 92 40 135 78 41 79 76 56 415 198
internal_count=1941 923 206 1018 609 717 225 90 371 279 139 140 409 117 492 77 238 127 51 61 92 40 135 78 41 79 76 56 415 198
is_linear=0
shrinkage=0.03


Tree=9
num_leaves=31
num_cat=0
split_feature=31 12 6 12 27 17 4 6 26 45 6 6 34 49 47 43 47 2 46 47 21 26 10 19 16 10 16 41 3 10
split_gain=151.761 17.1928 26.2116 16.6066 19.2958 19.3875 13.7281 13.4858 12.6654 9.98763 9.95646 17.8898 15.6528 9.1222 8.44532 8.43609 5.31094 5.21238 3.6003 2.93182 2.69277 1.4098 1.3697 0.969101 0.867348 0.311962 0.308995 0.286364 0.237863 0.169861
threshold=58.328571430000004 0.64987354830121502 18.500000000000004 0.53946920585801694 302.50000000000006 12.500000000000002 15.500000000000002 19.500000000000004 7.0000000000000009 78.500000000000014 26.500000000000004 28.500000000000004 161.45446430000001 3.5000000000000004 15.500000000000002 7.2553571430000003 7.5000000000000009 7360.6875000000009 24.550000000000004 39.500000000000007 4.5000000000000009 20.850000000000005 -0.47114434510950048 47.500000000000007 24.950000000000003 -0.29012925520284144 24.350000000000005 326.98786331583108 6535062.3750000009 0.93540483100319627
decision_type=2 2 2 2 2 2 2 2 2 2 2 2 2 2 2 2 2 2 2 2 2 2 2 2 2 2 2 2 2 2
left_child=3 6 13 15 5 7 10 -5 19 -10 29 12 -12 -3 16 -1 17 -8 27 -7 24 23 -9 -15 -6 -11 -13 -16 -21 -2
right_child=1 2 -4 4 20 8 14 22 9 25 11 26 -14 21 18 -17 -18 -19 -20 28 -22 -23 -24 -25 -26 -27 -28 -29 -30 -31
leaf_value=-0.87220227292282038 18.301898127377854 -0.87220227292282038 -0.87220227292282038 14.467665299376051 -0.87220227292282038 0.18793273630881205 -0.32098351567269062 -0.87220227292282038 -0.87220227292282038 18.281766194331631 13.921066865990189 16.517677453601927 -0.87220227292282038 16.455065257614628 5.8039385882449848 0.11332142294515449 -0.87220227292282038 4.023827791622721 -0.13495976483258215 -0.87220227292282038 -0.63224096323053314 4.9920361875940102 -0.87220227292282038 0.45314015114379314 -0.87220227292282038 18.525464131712479 5.4836986023138676 1.467220137910203 -0.87220227292282038 2.1676631556854566
leaf_weight=374 371 28 72 33 24 30 33 113 33 20 23 73 49 69 35 25 32 20 20 21 23 20 22 20 176 87 35 20 20 20
leaf_count=374 371 28 72 33 24 30 33 113 33 20 23 73 49 69 35 25 32 20 20 21 23 20 22 20 176 87 35 20 20 20
internal_value=-0.000996909 0.00765957 7.17703e-05 -0.00912587 -0.00598007 -0.00186016 0.009829 -0.00946429 0.00419431 0.00942857 0.0120053 0.00616667 -0.00541667 0.00777372 0.0020625 -0.0138722 -0.00441176 0.00141509 0.0094 -0.00612676 -0.0129821 0.0116972 -0.0136667 0.0133146 -0.0141 0.0138785 0.0138889 0.0133636 -0.0113415 0.0146931
internal_weight=1941 940 209 1001 602 379 731 168 211 140 571 180 72 137 160 399 85 53 75 71 223 109 135 89 200 107 108 55 41 391
internal_count=1941 940 209 1001 602 379 731 168 211 140 571 180 72 137 160 399 85 53 75 71 223 109 135 89 200 107 108 55 41 391
is_linear=0
shrinkage=0.03


Tree=10
num_leaves=31
num_cat=0
split_feature=11 12 12 12 8 57 17 12 45 19 24 8 12 23 11 26 10 26 11 59 37 26 41 21 21 14 10 21 14 35
split_gain=171.429 18.9198 26.6132 14.8742 17.8183 13.9343 17.296 15.3509 8.18011 7.904 6.78091 8.85938 32.5446 7.88438 6.28339 5.0992 3.19482 2.51915 2.12766 3.19471 2.03639 2.025 1.6035 0.697664 0.616092 0.486275 0.404545 0.344118 0.342857 0.31875
threshold=-0.097964660725097338 0.64987354830121502 0.67563126931585993 0.53946920585801694 3.5000000000000004 304.50000000000006 12.500000000000002 0.66285048286959747 78.500000000000014 3.5000000000000004 522.95000000000016 3.5000000000000004 0.56811179347017271 142.50000000000003 1.0000000180025095e-35 7.0000000000000009 0.88144907265856365 10.950000000000001 -0.290129255202841 0.15000000000000005 224.70000000000002 4.5500000000000007 201.54060052432433 619.50000000000011 800.50000000000011 29.750000000000004 -0.98611507088852035 152.00000000000003 31.750000000000004 585.77500000000009
decision_type=2 2 2 2 2 2 2 2 2 2 2 2 2 2 2 2 2 2 2 2 2 2 2 2 2 2 2 2 2 2
left_child=1 10 -3 14 5 6 7 22 -8 -4 18 12 -12 -13 -2 -10 26 -7 23 25 -11 -18 -5 -1 -22 -20 -6 -24 -14 -15
right_child=3 2 9 4 16 17 8 -9 15 20 11 13 28 29 -16 -17 21 -19 19 -21 24 -23 27 -25 -26 -27 -28 -29 -30 -31
leaf_value=14.600729215205105 0.10108911590340078 -0.84603620473513585 -0.84603620473513585 -0.75264612687649368 -0.86186919600527589 -0.84603620473513585 -0.84603620473513585 16.138742111733666 -0.19755667359187518 0.41908162165830731 -0.84603620473513585 -0.04305476769070523 2.0073660464454899 20.487698912864442 -0.84603620473513585 18.747728837680022 -0.84603620473513585 -0.43950369920514992 2.5514255833441659 -0.057461680547282436 15.001665600735732 0.047070342614297114 -0.84603620473513585 20.171970070962459 21.268275981814131 2.0979070551137275 -0.84603620473513585 -0.84606620270511113 17.144113925061173 9.0200040167103062
leaf_weight=290 25 71 24 20 20 74 28 28 22 24 60 32 20 136 384 94 20 20 31 20 67 20 65 20 20 20 178 20 64 24
leaf_count=290 25 71 24 20 20 74 28 28 22 24 60 32 20 136 384 94 20 20 31 20 67 20 65 20 20 20 178 20 64 24
internal_value=-0.00105873 0.00830444 0.000291262 -0.00954813 -0.00657635 -0.00246631 0.000920578 -0.0068797 0.008125 0.00811111 0.0106067 0.0075 0.001875 0.0117188 -0.0139731 0.0116379 -0.0129832 -0.0124468 0.0133465 0.00866197 0.0114865 -0.00525 -0.0121429 0.0144194 0.0136207 0.0126471 -0.0145455 -0.0139412 0.0139286 0.0144375
internal_weight=1941 923 206 1018 609 371 277 133 144 135 717 336 144 192 409 116 238 94 381 71 111 40 105 310 87 51 198 85 84 160
internal_count=1941 923 206 1018 609 371 277 133 144 135 717 336 144 192 409 116 238 94 381 71 111 40 105 310 87 51 198 85 84 160
is_linear=0
shrinkage=0.03


Tree=11
num_leaves=31
num_cat=0
split_feature=1 9 49 9 8 57 47 6 6 6 33 48 4 10 8 57 10 1 40 10 23 56 36 56 17 18 49 10 1 10
split_gain=162.232 17.1928 26.2938 16.2279 18.5812 14.4302 16.8406 16.1852 12.9209 19.1696 18.1319 7.0854 7.94118 6.0634 7.2005 3.7501 3.28953 3.0392 2.81894 2.59286 2.53601 2.23541 2.11853 2.03658 1.97403 1.52381 1.225 0.945122 0.918908 0.411081
threshold=610.92857145000005 141.50000000000003 3.5000000000000004 149.50000000000003 3.5000000000000004 304.50000000000006 12.500000000000002 19.500000000000004 26.500000000000004 28.500000000000004 340.78035715000004 45.500000000000007 3.5000000000000004 -0.88144907265856332 2.5000000000000004 287.50000000000006 0.88144907265856365 277.58928570000006 76.542968746166665 -0.70710678118654735 52.500000000000007 10.950000000000001 240.41785715000003 17.450000000000003 50.500000000000007 16.500000000000004 87.500000000000014 -0.70710678118654735 2800.0000000000005 -0.79335334029123528
decision_type=2 2 2 2 2 2 2 2 2 2 2 2 2 2 2 2 2 2 2 2 2 2 2 2 2 2 2 2 2 2
left_child=3 2 27 4 5 6 7 -1 13 10 -10 -8 -13 14 -3 -4 -6 -5 -9 -11 26 -7 -18 -16 -17 -26 -15 -2 -21 -22
right_child=1 8 15 17 16 21 11 18 9 19 -12 12 -14 20 23 24 22 -19 -20 28 29 -23 -24 -25 25 -27 -28 -29 -30 -31
leaf_value=16.21963414341797 -0.82065511859308171 6.8618031766468199 -0.039463733604885788 -0.82065511859308171 -0.82065511859308171 -0.82065511859308171 19.161291001178832 -0.34674920475365434 14.193414082187143 0.63367453134342411 -0.82065511859308171 8.0930399788603502 -0.8637397994407594 0.20548319052713573 -0.47911925717903131 14.717864796707866 0.41566248260095617 -0.070603050348517299 -0.82065511859308171 0.86011710822889054 8.7639515749053523 -0.50387393871324382 -0.82065511859308171 0.73480478999514143 0.32272354373609713 12.245598933248507 6.9060415823418122 -0.82065511859308171 14.725016162607936 17.29630873921263
leaf_weight=28 20 34 28 378 193 73 84 20 25 35 66 20 34 20 20 57 20 20 88 20 20 22 21 22 21 21 20 62 85 364
leaf_count=28 20 34 28 378 193 73 84 20 25 35 66 20 34 20 20 57 20 20 88 20 20 22 21 22 21 21 20 62 85 364
internal_value=-0.00129057 0.00765957 7.17703e-05 -0.0096953 -0.00659204 -0.00239837 0.00109489 -0.00639706 0.009829 0.00396104 -0.00675824 0.00847826 0 0.01254 0.00473684 0.00862205 -0.0132051 -0.014397 -0.0116667 0.0109286 0.0139387 -0.0124737 -0.0054878 -0.00357143 0.0113636 0.00642857 0.00675 -0.0131707 0.0132857 0.0146875
internal_weight=1941 940 209 1001 603 369 274 136 731 231 91 138 54 500 76 127 234 398 108 140 424 95 41 42 99 42 40 82 105 384
internal_count=1941 940 209 1001 603 369 274 136 731 231 91 138 54 500 76 127 234 398 108 140 424 95 41 42 99 42 40 82 105 384
is_linear=0
shrinkage=0.03


Tree=12
num_leaves=31
num_cat=0
split_feature=1 9 9 9 8 57 10 9 2 8 56 26 4 56 9 9 33 32 10 1 16 14 26 26 20 23 35 35 17 1
split_gain=157.458 17.1921 25.1947 16.0217 18.3026 14.1983 17.1049 17.8609 7.89926 6.65973 9.11173 5.90663 7.32015 5.24899 3.43317 17.893 15.942 6.51414 3.28953 3.0392 2.7581 2.66251 2.52632 2.11853 2.00879 1.93401 1.84875 0.331118 0.328378 0.178142
threshold=610.92857145000005 141.50000000000003 139.50000000000003 149.50000000000003 3.5000000000000004 304.50000000000006 -0.41248606129204546 140.50000000000003 6206.0000000000009 1.5000000000000002 18.550000000000004 8.2500000000000018 3.5000000000000004 20.350000000000005 147.50000000000003 149.50000000000003 340.78035715000004 66.478571430000017 0.88144907265856365 277.58928570000006 23.950000000000003 30.950000000000003 10.950000000000001 4.5500000000000007 1.5000000000000002 125.50000000000001 1076.825 545.30000000000007 64.500000000000014 3255.6250000000005
decision_type=2 2 2 2 2 2 2 2 2 2 2 2 2 2 2 2 2 2 2 2 2 2 2 2 2 2 2 2 2 2
left_child=3 2 13 4 5 6 7 -1 14 -10 20 12 -8 21 29 16 -16 -17 -6 -5 -11 -2 -7 -20 -12 -22 -9 -19 -23 -3
right_child=1 8 -4 19 18 22 11 26 9 10 24 -13 -14 -15 15 17 -18 27 23 -21 25 28 -24 -25 -26 -27 -28 -29 -30 -31
leaf_value=12.747911051065998 1.0182891762088488 2.3475623222003712 -0.79603546503528932 -0.79603546503528932 -0.79603546503528932 -0.79603546503528932 12.884506912571688 -0.79603546503528932 7.1281051297994305 -0.79603546503528932 1.9737849991332979 17.594800649540947 -0.98715989731319131 -0.79603546503528932 13.767611659721529 0.19694618389660121 -0.79603546503528932 15.577705447756015 -0.79603546503528932 -0.068484958838061799 -0.28790696314180025 14.808186942039855 -0.41120237006759819 0.051733121875750035 8.7499155425637447 0.84053560103413583 -0.79603546503528932 10.779196677527709 15.003802789799403 19.400143912111488
leaf_weight=37 27 20 72 378 193 75 23 75 39 33 27 72 36 36 25 36 44 227 21 20 23 54 20 20 32 24 31 38 20 163
leaf_count=37 27 20 72 378 193 75 23 75 39 33 27 72 36 36 25 36 44 227 21 20 23 54 20 20 32 24 31 38 20 163
internal_value=-0.00144513 0.00737234 -0.000215311 -0.00972527 -0.00664179 -0.00247967 0.000985401 -0.00618881 0.00954172 0.00404494 0.000971223 0.00881679 0.00177966 0.00733577 0.011311 0.00964865 -0.00413043 0.0128073 -0.0132051 -0.014397 -0.005625 0.0108416 -0.0124737 -0.0054878 0.00991525 -0.000957447 -0.0124528 0.014434 0.0137838 0.0146721
internal_weight=1941 940 209 1001 603 369 274 143 731 178 139 131 59 137 553 370 69 301 234 398 80 101 95 41 59 47 106 265 74 183
internal_count=1941 940 209 1001 603 369 274 143 731 178 139 131 59 137 553 370 69 301 234 398 80 101 95 41 59 47 106 265 74 183
is_linear=0
shrinkage=0.03


Tree=13
num_leaves=31
num_cat=0
split_feature=1 12 6 12 8 57 4 6 6 6 10 11 19 10 26 37 44 17 21 1 10 26 35 35 26 17 34 6 10 35
split_gain=152.685 17.5545 23.7071 15.411 18.1854 13.7401 17.2931 16.2352 13.0699 18.0433 17.6703 9.67819 7.76339 7.35532 8.66117 4.67669 3.90105 5.57113 3.47143 3.0392 2.79515 2.52632 1.99641 1.84875 1.67828 0.765686 0.739796 0.642857 0.397796 0.0767677
threshold=610.92857145000005 0.64987354830121502 18.500000000000004 0.53946920585801694 3.5000000000000004 304.50000000000006 3.5000000000000004 19.500000000000004 26.500000000000004 28.500000000000004 0.63405362205439497 -0.47114434510950048 3.5000000000000004 -0.41248606129204546 8.9500000000000011 197.62232145000004 27.450000000000003 12.500000000000002 270.50000000000006 277.58928570000006 0.88144907265856365 10.950000000000001 413.57410715000009 1076.825 4.5500000000000007 50.500000000000007 177.27142855000002 23.500000000000004 -0.77259657388510594 545.30000000000007
decision_type=2 2 2 2 2 2 2 2 2 2 2 2 2 2 2 2 2 2 2 2 2 2 2 2 2 2 2 2 2 2
left_child=3 8 12 19 5 6 -5 26 11 10 -10 28 -3 23 -15 -14 -13 -18 -11 -1 -6 -7 -20 -9 -22 -17 -8 -19 -2 -30
right_child=1 2 -4 4 20 21 7 13 9 18 -12 16 15 14 -16 25 17 27 22 -21 24 -23 -24 -25 -26 -27 -28 -29 29 -31
leaf_value=-0.77215440108423072 10.398180616727908 -0.77215440108423072 -0.77215440108423072 12.083218636614365 -0.77215440108423072 -0.77215440108423072 20.355160385956339 -0.77215440108423072 -0.77215440108423072 -0.045418202088126094 13.950083493035352 -0.14067404471769379 -0.039950360132394419 -0.95754510039379559 22.149578203783527 15.564808103575812 -0.086369622938965163 4.8177295149666088 13.828309697402487 -0.066430410072919915 -0.77215440108423072 -0.39886629896557019 1.6479114029654798 -0.77215440108423072 0.05018112821947756 11.433985356989856 7.1845807356372227 1.6420696500884902 18.7582381403756 14.412869396508846
leaf_weight=378 33 26 72 60 193 75 29 75 67 20 24 36 20 31 28 60 31 45 82 20 21 20 38 31 20 31 20 25 285 45
leaf_count=378 33 26 72 60 193 75 29 75 67 20 24 36 20 31 28 60 31 45 82 20 21 20 38 31 20 31 20 25 285 45
internal_value=-0.00166151 0.00702128 -0.000645933 -0.00981518 -0.00679104 -0.00264228 0.000766423 -0.0032243 0.00921341 0.00331169 -0.00708791 0.01194 0.00667883 -0.00772727 0.000762712 0.0101351 0.00514599 0.00816832 0.0100714 -0.014397 -0.0133333 -0.0124737 0.012 -0.0124528 -0.00621951 0.013022 0.0119388 0.0128571 0.0145041 0.0148182
internal_weight=1941 940 209 1001 603 369 274 214 731 231 91 500 137 165 59 111 137 101 140 398 234 95 120 106 41 91 49 70 363 330
internal_count=1941 940 209 1001 603 369 274 214 731 231 91 500 137 165 59 111 137 101 140 398 234 95 120 106 41 91 49 70 363 330
is_linear=0
shrinkage=0.03


Tree=14
num_leaves=31
num_cat=0
split_feature=11 12 49 12 8 6 6 2 17 11 26 44 20 11 6 6 11 14 54 14 21 14 16 35 11 11 19 17 14 14
split_gain=149.476 17.6176 23.156 13.6163 17.1557 12.3659 18.0267 17.6 9.35789 9.22306 7.89028 8.18597 7.90962 6.22029 4.81989 6.36011 6.98688 4.75637 4.08333 4.07197 5.13611 3.57764 3.09643 2.46114 1.99245 1.70168 3.49681 1.52002 0.768002 0.644841
threshold=-0.097964660725097338 0.64987354830121502 3.5000000000000004 0.53946920585801694 3.5000000000000004 26.500000000000004 28.500000000000004 1383.5000000000002 7.5000000000000009 -0.47114434510950048 6.4500000000000011 29.550000000000004 66.500000000000014 1.0000000180025095e-35 26.500000000000004 20.500000000000004 0.63405362205439486 31.750000000000004 286.75000000000006 27.550000000000004 339.50000000000006 29.050000000000004 24.150000000000002 46.804464285000009 0.84874750804349197 0.47114434510950071 3.5000000000000004 49.500000000000007 28.650000000000002 28.650000000000002
decision_type=2 2 2 2 2 2 2 2 2 2 2 2 2 2 2 2 2 2 2 2 2 2 2 2 2 2 2 2 2 2
left_child=1 5 -3 13 8 9 7 -7 21 -1 24 12 14 -2 15 16 28 18 -4 -11 -21 -5 -8 -24 -10 26 -6 -19 -12 -18
right_child=3 2 17 4 25 6 22 -9 10 19 11 -13 -14 -15 -16 -17 29 27 -20 20 -22 -23 23 -25 -26 -27 -28 -29 -30 -31
leaf_value=16.06750163401718 0.10422199500408375 -0.74898976905170378 3.9883916618512809 -0.74898976905170378 -0.15758760630968391 13.53158098824429 14.202120447961565 -0.74898976905170378 -0.74898976905170378 -0.12142327654232644 -0.76197579703822016 -0.77245550857132494 -0.74898976905170378 -0.74898976905170378 16.484908189920933 -0.74898976905170378 15.789275552215422 15.415659198469969 -0.89102136883662941 3.5990788321367564 -0.019692152385923867 -0.68435597740393905 7.0997247542363455 0.18843736227069427 -0.74898976905170378 -0.74898976905170378 -0.74898976905170378 11.966933364970986 1.4563368061253494 15.050281684899334
leaf_weight=363 25 79 30 64 32 24 72 66 33 33 20 25 20 384 54 23 39 56 20 60 36 28 29 34 20 153 53 21 21 24
leaf_count=363 25 79 30 64 32 24 72 66 33 33 20 25 20 384 54 23 39 56 20 60 36 28 29 34 20 153 53 21 21 24
internal_value=-0.00173879 0.00700433 -0.000728155 -0.00966601 -0.00682266 0.00922594 0.0034 -0.007 -0.00278976 0.0118902 -5.37634e-05 0.00238938 0.00440299 -0.0138998 0.00638122 0.00318898 0.00634615 0.00720472 0 0.005 0.008125 -0.011087 0.0103333 0.00547619 -0.0104717 -0.0131092 -0.00970588 0.0118831 -0.00329268 0.012619
internal_weight=1941 923 206 1018 609 717 225 90 371 492 279 226 201 409 181 127 104 127 50 129 96 92 135 63 53 238 85 77 41 63
internal_count=1941 923 206 1018 609 717 225 90 371 492 279 226 201 409 181 127 104 127 50 129 96 92 135 63 53 238 85 77 41 63
is_linear=0
shrinkage=0.03


Tree=15
num_leaves=31
num_cat=0
split_feature=11 9 6 6 6 2 19 8 2 6 9 10 36 19 11 36 47 14 17 15 49 16 9 16 58 43 10 58 20 4
split_gain=145.865 17.1364 23.4145 13.2326 17.9101 16.3721 12.6474 13.5589 9.18138 12.3849 17.2783 8.1052 7.97462 7.26578 6.71065 6.67542 5.97333 4.0566 5.28603 3.45658 3.32512 3.13745 2.32129 9.41497 1.4225 1.24076 0.882431 0.812698 0.797893 0.574648
threshold=-0.16280825711808986 141.50000000000003 18.500000000000004 26.500000000000004 28.500000000000004 1383.5000000000002 2.5000000000000004 3.5000000000000004 5708.0000000000009 26.500000000000004 141.50000000000003 0.77259657388510639 59.128571430000008 3.5000000000000004 -0.5277851165098012 111.5732143 16.500000000000004 27.550000000000004 12.500000000000002 85.500000000000014 47.500000000000007 24.150000000000002 141.50000000000003 24.850000000000005 1007.7500000000001 -122.56160714999999 0.84874750804349197 1006.4500000000002 24.500000000000004 5.5000000000000009
decision_type=2 2 2 2 2 2 2 2 2 2 2 2 2 2 2 2 2 2 2 2 2 2 2 2 2 2 2 2 2 2
left_child=1 2 13 14 5 -5 7 8 9 10 11 -2 16 -1 -3 -9 -8 -16 -19 25 28 -6 23 -14 -23 -18 -17 -10 -15 -12
right_child=6 3 -4 4 21 -7 12 15 27 -11 29 -13 22 20 17 26 19 18 -20 -21 -22 24 -24 -25 -26 -27 -28 -29 -30 -31
leaf_value=-0.72652007598015267 18.110385259378255 16.349652801906981 -0.72652007598015267 12.362883009280555 13.894592059109339 -0.72652007598015267 -0.74868243766922327 0.61804969121270836 -0.74868333760832251 16.956474764339159 -0.72652007598015267 -0.72652007598015267 11.087211808381051 14.879239660054374 -0.11032563588212312 -0.72652007598015267 0.062720556705670491 -0.051491627249051708 4.7279849363674522 -0.22839059959812452 -0.0017860692544130073 0.41313353080922005 -0.72652007598015267 -0.72652007598015267 7.239823258311807 1.7349986049215393 -0.72652007598015267 -0.72652007598015267 7.4617343317052498 -0.57501756006622884
leaf_weight=21 55 341 67 22 71 64 47 23 28 56 51 22 23 51 32 133 21 30 68 23 21 32 386 90 26 22 24 35 36 20
leaf_count=21 55 341 67 22 71 64 47 23 28 56 51 22 23 51 32 133 21 30 68 23 21 32 386 90 26 22 24 35 36 20
internal_value=-0.00180062 0.00721088 -0.000612245 0.00944606 0.00327907 -0.00732558 -0.00930595 -0.0054698 -0.00117978 0.00191176 -0.00263514 0.00720779 -0.0121078 0.00686047 0.0122611 -0.0118333 -0.0049115 0.00646154 0.0094898 0.000909091 0.01 0.0103488 -0.0137375 -0.00995575 0.00517241 0.00593023 -0.0140446 -0.0111905 0.0125862 -0.0133099
internal_weight=1941 882 196 686 215 86 1059 447 267 204 148 77 612 129 471 180 113 130 98 66 108 129 499 113 58 43 157 63 87 71
internal_count=1941 882 196 686 215 86 1059 447 267 204 148 77 612 129 471 180 113 130 98 66 108 129 499 113 58 43 157 63 87 71
is_linear=0
shrinkage=0.03


Tree=16
num_leaves=31
num_cat=0
split_feature=1 12 6 12 8 6 6 33 27 17 6 45 1 19 37 26 40 44 16 36 19 35 1 12 56 35 8 37 1 16
split_gain=145.252 17.6266 22.2648 15.9222 17.0547 13.5576 16.2857 17.6703 13.4398 17.1197 15.2206 8.63333 7.37824 7.08752 5.81582 5.30728 4.09657 5.20934 4.03959 2.81319 5.5641 2.40525 2.32688 2.28429 1.39091 1.23842 1.35172 1.225 1.00927 0.851132
threshold=610.92857145000005 0.64987354830121502 18.500000000000004 0.53946920585801694 3.5000000000000004 26.500000000000004 28.500000000000004 319.89375000000001 310.50000000000006 12.500000000000002 19.500000000000004 78.500000000000014 3988.4107145000003 3.5000000000000004 224.70000000000002 7.0000000000000009 768.70803572708348 27.550000000000004 24.150000000000002 263.65982145000004 3.5000000000000004 20.210714285000005 277.58928570000006 0.59608197715088396 10.400000000000002 465.17500000000001 2.5000000000000004 485.12589285000007 7260.1607145000007 23.750000000000004
decision_type=2 2 2 2 2 2 2 2 2 2 2 2 2 2 2 2 2 2 2 2 2 2 2 2 2 2 2 2 2 2
left_child=3 5 13 22 8 12 7 -7 9 10 -5 -11 16 -3 -15 -13 17 -2 -8 20 -6 -20 -1 -18 -10 -14 -27 -23 -28 -16
right_child=1 2 -4 4 19 6 18 -9 24 11 -12 15 25 14 29 -17 23 -19 21 -21 -22 27 -24 -25 -26 26 28 -29 -30 -31
leaf_value=-0.7047244737007482 -0.14453190283726655 -0.7047244737007482 -0.7047244737007482 14.087913862771741 0.40837538347911906 12.754747068318546 13.359219072749436 -0.7047244737007482 -0.7047244737007482 -0.74514774408856166 -0.7047244737007482 -0.41397353895253558 17.159878549881025 -0.12485925319551462 9.3361355751693509 15.608705943820379 4.4786069786386022 3.2850804420438764 6.7186445985631966 -0.7047244737007482 -0.73957314397552143 -0.32464144790212507 -0.05985889227510785 -0.26189283284995696 -0.58394884979794515 12.520480878132409 2.1802614850621875 1.1223794729042249 8.2594368798045661 13.847782831068157
leaf_weight=378 21 26 72 27 21 24 72 67 68 28 106 23 275 24 20 97 22 65 28 182 31 20 20 25 20 39 22 20 31 67
leaf_count=378 21 26 72 27 21 24 72 67 68 28 106 23 275 24 20 97 22 65 28 182 31 20 20 25 20 39 22 20 31 67
internal_value=-0.00186244 0.00660638 -0.00107656 -0.00981518 -0.00674129 0.00880301 0.00279221 -0.00708791 -0.00272358 0.000480427 -0.00733083 0.0075 0.01158 0.0060219 0.00932432 0.011 0.00552632 0.0094186 0.00921429 -0.0130769 -0.00692308 0.00397059 -0.0144724 -0.00159574 -0.0129545 0.0137738 0.0107609 -0.00075 0.00764151 0.012931
internal_weight=1941 940 209 1001 603 731 231 91 369 281 133 148 500 137 111 120 133 86 140 234 52 68 398 47 88 367 92 40 53 87
internal_count=1941 940 209 1001 603 731 231 91 369 281 133 148 500 137 111 120 133 86 140 234 52 68 398 47 88 367 92 40 53 87
is_linear=0
shrinkage=0.03


Tree=17
num_leaves=31
num_cat=0
split_feature=11 12 6 12 8 57 4 6 6 6 33 1 48 27 11 36 18 56 37 14 22 16 26 49 57 6 4 1 10 34
split_gain=144.466 16.5455 23.4145 12.0838 15.2396 12.1455 16.3682 15.856 11.9175 17.2101 16.8488 8.08588 8.06312 10.0775 6.50923 4.99365 7.52676 4.637 6.16721 3.85723 5.33246 3.13745 3.02209 2.37576 1.62652 1.5166 1.50769 1 0.716846 0.86666
threshold=-0.16280825711808986 0.64987354830121502 18.500000000000004 0.52490632455031438 3.5000000000000004 304.50000000000006 3.5000000000000004 19.500000000000004 26.500000000000004 28.500000000000004 340.78035715000004 209.36607145000002 8.5000000000000018 261.50000000000006 -0.5277851165098012 263.65982145000004 18.500000000000004 20.350000000000005 224.70000000000002 27.550000000000004 216.50000000000003 24.150000000000002 10.950000000000001 36.500000000000007 280.50000000000006 26.500000000000004 19.500000000000004 149.50000000000003 -0.41248606129204546 919.35982145000014
decision_type=2 2 2 2 2 2 2 2 2 2 2 2 2 2 2 2 2 2 2 2 2 2 2 2 2 2 2 2 2 2
left_child=1 8 17 11 5 6 -5 26 14 10 -10 -2 27 25 28 16 -6 18 -3 -16 -21 -11 -7 -13 -23 -14 -8 -9 29 -1
right_child=3 2 -4 4 15 22 7 12 9 21 -12 23 13 -15 19 -17 -18 -19 -20 20 -22 24 -24 -25 -26 -27 -28 -29 -30 -31
leaf_value=11.225041568341702 -0.6835827394897257 -0.14102151614691649 -0.6835827394897257 10.249219410573522 -0.68608949878660019 -0.6835827394897257 6.3003964754786681 -0.6835827394897257 11.442103740741645 13.076977725153576 -0.6835827394897257 -0.22660538090159846 -0.87213424586244992 16.030594930009638 -0.14310584100563276 -0.6835827394897257 0.86801315263972023 -0.6835827394897257 12.930210590691773 4.1673428106269474 0.13141156220191916 0.46954237430360873 -0.21348434248704193 0.12995995495008561 6.3014300043453879 -0.67970863091822709 18.083874772904071 -0.6978242596203289 17.479583613926291 12.549903778212808
leaf_weight=28 354 23 67 60 48 76 20 80 23 71 63 20 22 30 32 202 25 34 72 62 36 31 21 24 27 25 32 20 242 71
leaf_count=28 354 23 67 60 48 76 20 80 23 71 63 20 22 30 32 202 25 34 72 62 36 31 21 24 27 25 32 20 242 71
internal_value=-0.00189335 0.00707483 -0.000612245 -0.00936261 -0.00687595 -0.00303109 5.19031e-05 -0.00360262 0.00927114 0.0034186 -0.00697674 -0.0134925 -0.00788136 -0.000584416 0.0119427 -0.0122727 -0.00554795 0.00686047 0.0102632 0.00623077 0.00918367 0.0103488 -0.0122165 -0.00136364 0.00517241 -0.00925532 0.0109615 -0.0135 0.0141202 0.0119697
internal_weight=1941 882 196 1059 661 386 289 229 686 215 86 398 177 77 471 275 73 129 95 130 98 129 97 44 58 47 52 100 341 99
internal_count=1941 882 196 1059 661 386 289 229 686 215 86 398 177 77 471 275 73 129 95 130 98 129 97 44 58 47 52 100 341 99
is_linear=0
shrinkage=0.03


Tree=18
num_leaves=31
num_cat=0
split_feature=30 58 6 9 57 2 27 8 45 6 6 6 2 57 27 6 26 58 17 35 2 2 26 10 30 26 6 10 28 9
split_gain=137.938 18.0467 32.2377 14.5141 16.5602 16.0346 15.0946 13.1404 10.2155 10.0846 6.14978 7.48001 12.8333 5.4818 5.28006 5.14592 7.07868 4.5802 4 3.79558 3.73285 3.76374 3.00332 2.95541 2.58959 2.41012 2.30769 1.98 0.681905 0.60083
threshold=58.764285715000007 1006.5500000000001 17.500000000000004 149.50000000000003 302.50000000000006 6451.0000000000009 269.50000000000006 2.5000000000000004 61.500000000000007 27.500000000000004 26.500000000000004 28.500000000000004 1303.3839285000001 307.50000000000006 284.50000000000006 20.500000000000004 11.850000000000003 1006.6500000000002 42.500000000000007 457.11875000000003 7360.6875000000009 351.80357145000005 4.6500000000000012 0.81241147629689026 7.2553571430000003 7.8500000000000005 28.500000000000004 0.98611507088852057 1004.5500000000001 138.50000000000003
decision_type=2 2 2 2 2 2 2 2 2 2 2 2 2 2 2 2 2 2 2 2 2 2 2 2 2 2 2 2 2 2
left_child=3 2 20 4 5 6 9 13 14 17 22 12 -12 -4 19 16 -7 18 -1 -9 21 -2 -3 -13 -5 -8 -10 28 -6 -24
right_child=1 10 7 24 27 15 25 8 26 -11 11 23 -14 -15 -16 -17 -18 -19 -20 -21 -22 -23 29 -25 -26 -27 -28 -29 -30 -31
leaf_value=2.4053745666029216 0.35491428340417841 1.733816613211026 -0.66307525730503403 -0.66307525730503403 -0.66307525730503403 7.4100661127827774 0.59291138028952739 7.7855026452728699 -0.66307525730503403 8.2518127216078305 11.433341360941272 13.234460145823515 -0.66307525730503403 8.2897545313950474 12.194677525790912 -0.66307525730503403 -0.96731693298001964 -0.66307525730503403 -0.66307525730503403 -0.66307525730503403 0.52052094491343193 11.717109504957691 10.263960551631003 0.73241811111051058 -0.083422009085093979 18.727432448851328 -0.055426072815495483 -0.48737432679000459 -0.66307525730503403 15.361283064074431
leaf_weight=32 24 30 101 369 21 21 22 25 39 23 21 54 33 21 48 113 22 49 32 27 30 170 30 20 29 69 26 20 179 241
leaf_count=32 24 30 101 369 21 21 22 25 39 23 21 54 33 21 48 113 22 49 32 27 30 170 30 20 29 69 26 20 179 241
internal_value=-0.00212519 0.00612766 0.00231898 -0.00987512 -0.0069403 -0.00317232 0.0019163 -0.00433798 0.00118182 -0.00441176 0.0106643 0.00515625 -0.00333333 -0.0118033 0.0072 -0.0105769 -0.00174419 -0.00809735 -0.0028125 0.000576923 0.0108482 0.0123711 0.0130066 0.0113514 -0.0143216 0.0113736 -0.00807692 -0.0135 -0.0144 0.0140037
internal_weight=1941 940 511 1001 603 383 227 287 165 136 429 128 54 122 100 156 43 113 64 52 224 194 301 74 398 91 65 220 200 271
internal_count=1941 940 511 1001 603 383 227 287 165 136 429 128 54 122 100 156 43 113 64 52 224 194 301 74 398 91 65 220 200 271
is_linear=0
shrinkage=0.03


Tree=19
num_leaves=31
num_cat=0
split_feature=1 12 49 6 6 2 12 8 27 17 6 45 11 56 1 14 11 14 17 28 18 10 6 17 26 33 33 1 49 28
split_gain=140.587 16.1354 21.998 13.6302 17.3426 16.0449 12.9771 15.0299 11.3487 16.8453 15.3466 7.53293 6.7735 6.27583 5.84219 5.02724 4.73009 4.28906 4.69638 7.14583 3.83546 3.50302 3.9636 2.01353 1.90556 1.77887 1.37639 0.597468 0.51533 0.672549
threshold=791.07142855000018 0.64987354830121502 3.5000000000000004 26.500000000000004 28.500000000000004 1170.0000000000002 0.53946920585801694 3.5000000000000004 307.50000000000006 12.500000000000002 19.500000000000004 78.500000000000014 -0.58216583101416131 7.6500000000000012 209.36607145000002 31.750000000000004 -0.44228869021900113 27.550000000000004 17.500000000000004 1005.6500000000002 16.500000000000004 0.88144907265856365 21.500000000000004 49.500000000000007 10.400000000000002 1008.5285715000001 7.2553571430000003 3255.6250000000005 1.5000000000000002 1006.85
decision_type=2 2 2 2 2 2 2 2 2 2 2 2 2 2 2 2 2 2 2 2 2 2 2 2 2 2 2 2 2 2
left_child=6 3 27 12 5 -5 14 8 9 10 -8 -11 -2 -13 -1 20 25 26 19 -19 -4 -9 -23 -17 -10 -6 -14 -3 29 -12
right_child=1 2 15 4 16 -7 7 21 24 11 28 13 17 -15 -16 23 -18 18 -20 -21 -22 22 -24 -25 -26 -27 -28 -29 -30 -31
leaf_value=-0.64318299958588288 15.425178651174454 -0.64318299958588288 -0.66485265046532516 12.281341486323972 11.609286591113735 -0.64318299958588288 12.415718129451658 -0.64318299958588288 -0.64318299958588288 -0.68250979511920695 -0.66479758662235244 -0.04374563245350771 -0.26553387017667041 15.227309864050715 -0.036299348814197573 13.373756379212608 -0.059641588733510387 -0.2671575412189573 4.2500651692895657 5.9222434437993829 6.9501294625943286 -0.6774713384170814 0.29792249039746627 10.49672032689776 -0.5330821203552043 6.2976811044644005 4.348690261993025 -0.64318299958588288 -0.64318299958588288 -0.64318299958588288
leaf_weight=377 319 20 27 21 77 68 28 195 70 30 21 33 20 88 31 56 35 27 77 21 20 20 23 21 20 25 23 59 59 30
leaf_count=377 319 20 27 21 77 68 28 195 70 30 21 33 20 88 31 56 35 27 77 21 20 20 23 21 20 25 23 59 59 30
internal_value=-0.00218702 0.00635371 -0.00110837 0.00847826 0.00238938 -0.00792135 -0.00981951 -0.00707455 -0.00336412 -0.000467128 -0.00804348 0.00645695 0.0113039 0.00979339 -0.0139706 0.00677419 0.00908759 0.00642857 0.00924 0.001875 -0.000957447 -0.0129832 -0.00523256 0.0114935 -0.0126667 0.0123529 -0.00174419 -0.013481 -0.0130909 -0.0108824
internal_weight=1941 916 203 713 226 89 1025 617 379 289 138 151 487 121 408 124 137 168 125 48 47 238 43 77 90 102 43 79 110 51
internal_count=1941 916 203 713 226 89 1025 617 379 289 138 151 487 121 408 124 137 168 125 48 47 238 43 77 90 102 43 79 110 51
is_linear=0
shrinkage=0.03


Tree=20
num_leaves=31
num_cat=0
split_feature=1 9 49 9 8 57 17 9 45 35 8 26 1 56 14 24 9 9 2 41 36 19 26 20 18 17 57 14 48 32
split_gain=137.815 15.0667 22.0986 12.6785 15.4144 11.7228 15.4048 14.5714 7.60424 7.09655 9.9739 12.5406 6.11397 5.74607 4.72003 4.92902 4.45318 12.6054 12.9825 10.9059 2.88617 5.42763 2.85529 2.34416 2.03961 2.01353 1.85522 1.63435 0.681818 0.618182
threshold=872.12500000000011 141.50000000000003 3.5000000000000004 149.50000000000003 3.5000000000000004 304.50000000000006 12.500000000000002 140.50000000000003 78.500000000000014 455.33571430000006 1.5000000000000002 18.550000000000004 127.93750000000001 7.6500000000000012 31.750000000000004 286.75000000000006 147.50000000000003 149.50000000000003 1170.0000000000002 94.82642610209318 263.65982145000004 3.5000000000000004 10.950000000000001 2.5000000000000004 31.500000000000004 49.500000000000007 280.50000000000006 27.650000000000002 6.5000000000000009 91.033928570000015
decision_type=2 2 2 2 2 2 2 2 2 2 2 2 2 2 2 2 2 2 2 2 2 2 2 2 2 2 2 2 2 2
left_child=3 2 -2 4 5 6 7 -1 -8 16 -11 24 -5 -10 15 -4 -3 18 -18 27 21 -6 -7 -13 26 -16 -12 -19 29 -9
right_child=1 9 14 12 20 22 8 28 13 10 11 23 -14 -15 25 -17 17 19 -20 -21 -22 -23 -24 -25 -26 -27 -28 -29 -30 -31
leaf_value=12.043246585568109 -0.62388750959830641 15.197100833509337 4.4049975366474348 -0.62388750959830641 0.89847473534175382 -0.62388750959830641 -0.66203450126563079 -0.62388750959830641 -0.030242729461965323 9.033790246065621 -0.62388750959830641 1.6968460573820823 -0.053441742424647103 15.350246419637159 12.972543687836229 -0.77563782193315334 11.317401058628784 -0.29284538778966035 -0.62388750959830641 13.200939297062188 -0.62388750959830641 -0.71903103817005265 -0.28263250712749299 8.9990691514864718 0.67270320713455234 10.181818717090827 -0.16993762916870184 0.78588317687232778 -0.63343459113224065 -0.64482180338940154
leaf_weight=28 78 171 24 373 24 76 30 68 32 56 43 28 38 86 56 22 20 21 37 201 183 33 22 44 24 21 34 28 20 20
leaf_count=28 78 171 24 373 24 76 30 68 32 56 43 28 38 86 56 22 20 21 37 201 183 33 22 44 24 21 34 28 20 20
internal_value=-0.00224884 0.00627753 -0.000970149 -0.00974347 -0.0070418 -0.00329843 -0.000211268 -0.0075 0.00648649 0.00833805 0.00399563 0.000433526 -0.0138321 0.00991525 0.00695122 -0.000652174 0.0104184 0.00825733 -0.00447368 0.01116 -0.013 -0.00710526 -0.0122449 0.01 -0.00638614 0.0114935 -0.00876623 -0.00153061 -0.0125 -0.0136364
internal_weight=1941 908 201 1033 622 382 284 136 148 707 229 173 411 118 123 46 478 307 57 250 240 57 98 72 101 77 77 49 108 88
internal_count=1941 908 201 1033 622 382 284 136 148 707 229 173 411 118 123 46 478 307 57 250 240 57 98 72 101 77 77 49 108 88
is_linear=0
shrinkage=0.03


Tree=21
num_leaves=31
num_cat=0
split_feature=11 9 6 6 6 2 9 8 27 17 6 36 45 11 19 56 37 16 16 14 10 6 57 35 56 10 9 17 1 18
split_gain=135.345 15.1838 21.9438 12.337 17.4419 15.3488 11.2115 14.7688 11.1505 15.7595 14.8911 8.93129 7.12706 6.92746 6.65144 5.76302 5.3504 3.93605 3.71285 3.5679 3.22162 3.71212 2.87629 2.39556 1.78889 1.59826 2.06229 1.00627 0.721182 0.533594
threshold=-0.16280825711808986 141.50000000000003 18.500000000000004 26.500000000000004 28.500000000000004 1170.0000000000002 149.50000000000003 3.5000000000000004 310.50000000000006 12.500000000000002 19.500000000000004 57.48125000000001 78.500000000000014 -0.47114434510950048 3.5000000000000004 7.6500000000000012 293.57410715000009 24.150000000000002 24.650000000000002 27.550000000000004 0.88144907265856365 21.500000000000004 272.50000000000006 20.210714285000005 10.400000000000002 -0.47114434510950048 144.50000000000003 50.500000000000007 127.93750000000001 28.500000000000004
decision_type=2 2 2 2 2 2 2 2 2 2 2 2 2 2 2 2 2 2 2 2 2 2 2 2 2 2 2 2 2 2
left_child=1 2 14 13 5 -5 7 8 9 10 -2 18 -11 25 -1 -14 -16 -6 -8 -15 28 -22 -21 -19 -10 26 -3 -18 -9 -17
right_child=6 3 -4 4 17 -7 11 20 24 12 -12 -13 15 19 16 29 27 23 -20 22 21 -23 -24 -25 -26 -27 -28 -29 -30 -31
leaf_value=-0.60517088431035737 11.681949188001067 1.3316824882042613 -0.60517088431035737 10.977879026869921 11.543327812378985 -0.60517088431035737 0.50949446632233464 -0.60517088431035737 -0.60517088431035737 -0.6421734662276618 -0.60884427321694568 -0.60517088431035737 -0.041525981596042809 -0.28406002615597031 -0.25846016647348391 15.371205347067907 12.583367377201142 6.2802697037629134 -0.1538970566771278 3.4068310000857172 -0.63700342004804356 0.49758249855478148 0.17464224002648307 -0.22838616128668263 -0.38559094815853762 15.125988569012575 10.839755570984561 11.159488667852566 -0.62485563365212671 13.797831937872852
leaf_weight=21 28 27 67 20 71 66 25 183 69 32 114 374 33 27 25 20 58 26 27 43 20 24 38 32 21 264 72 25 20 69
leaf_count=21 28 27 67 20 71 66 25 183 69 32 114 374 33 27 25 20 58 26 27 43 20 24 38 32 21 264 72 25 20 69
internal_value=-0.00238794 0.00629252 -0.00107143 0.0083965 0.00244186 -0.00802326 -0.00961756 -0.00708531 -0.00341969 -0.000608108 -0.0078169 -0.0133803 0.00603896 0.0111146 0.00616279 0.00934426 0.00916667 0.0094186 -0.00173077 0.00444444 -0.0128138 -0.00545455 0.00759259 0.00362069 -0.0126667 0.0130992 0.00984848 0.0128313 -0.0144089 0.0133146
internal_weight=1941 882 196 686 215 86 1059 633 386 296 142 426 154 471 129 122 108 129 52 108 247 44 81 58 90 363 99 83 203 89
internal_count=1941 882 196 686 215 86 1059 633 386 296 142 426 154 471 129 122 108 129 52 108 247 44 81 58 90 363 99 83 203 89
is_linear=0
shrinkage=0.03


Tree=22
num_leaves=31
num_cat=0
split_feature=11 9 6 6 6 2 9 8 57 17 6 1 11 15 26 17 18 16 44 16 36 49 26 14 21 35 4 48 49 41
split_gain=133.901 15.1137 21.4642 11.6228 18.624 13.8523 11.5468 14.5255 10.9436 14.9619 14.7346 8.76479 6.67216 6.66706 5.06584 4.59702 8.14881 4 3.63014 3.55901 3.20935 4.99288 3.02209 2.93572 3.70309 2.04319 1.63203 2.07424 1.6 1.21935
threshold=-0.16280825711808986 141.50000000000003 18.500000000000004 26.500000000000004 28.500000000000004 1170.0000000000002 149.50000000000003 3.5000000000000004 304.50000000000006 12.500000000000002 19.500000000000004 310.39285715000005 -0.5277851165098012 78.500000000000014 7.0000000000000009 50.500000000000007 6.5000000000000009 24.650000000000002 32.050000000000004 24.150000000000002 263.65982145000004 3.5000000000000004 10.950000000000001 27.550000000000004 339.50000000000006 20.210714285000005 13.500000000000002 1.0000000180025095e-35 17.500000000000004 47.754784182249928
decision_type=2 2 2 2 2 2 2 2 2 2 2 2 2 2 2 2 2 2 2 2 2 2 2 2 2 2 2 2 2 2
left_child=1 2 15 12 5 -5 7 8 9 10 -2 -8 26 -11 -15 18 -17 -13 -1 -6 21 -9 -10 -14 29 -21 -3 -28 -29 -25
right_child=6 3 -4 4 19 -7 11 20 22 13 -12 17 23 14 -16 16 -18 -19 -20 25 -22 -23 -24 24 -26 -27 27 28 -30 -31
leaf_value=-0.0073937461941522998 11.331490712361035 15.10599008944604 -0.58701575778104664 10.648542656063823 11.197027978007615 -0.58701575778104664 -0.58701575778104664 0.71820694852762967 -0.58701575778104664 -0.62290826224083207 -0.58690555611384898 0.60876062709980738 -0.12418691575392003 -0.35203261738358949 13.296005720571184 -0.58701575778104664 8.451293638510009 -0.19142603810492836 12.909916990115152 6.0918616126500265 -0.58701575778104664 -0.60644240006789896 -0.15114838722404286 0.68892624050794227 -0.031035629338447206 -0.22153457644808183 11.514863327318317 -0.18170901981350168 8.7827745947928992 4.6366988822794788
leaf_weight=20 28 253 67 20 71 66 381 27 76 33 111 20 32 23 94 24 32 25 53 26 183 37 21 20 36 32 48 20 20 42
leaf_count=20 28 253 67 20 71 66 381 27 76 33 111 20 32 23 94 24 32 25 53 26 183 37 21 20 36 32 48 20 20 42
internal_value=-0.00251159 0.00612245 -0.00122449 0.00822157 0.00244186 -0.00837209 -0.00970255 -0.0071327 -0.00349741 -0.000570934 -0.00766187 -0.0135211 0.0108599 0.006 0.00935897 0.00593023 -0.000535714 -0.001 0.0108904 0.00965116 -0.0128138 -0.00703125 -0.0122165 0.00507692 0.00765306 0.00413793 0.0130645 0.00954545 0.0045 0.0120968
internal_weight=1941 882 196 686 215 86 1059 633 386 289 139 426 471 150 117 129 56 45 73 129 247 64 97 130 98 58 341 88 40 62
internal_count=1941 882 196 686 215 86 1059 633 386 289 139 426 471 150 117 129 56 45 73 129 247 64 97 130 98 58 341 88 40 62
is_linear=0
shrinkage=0.03


Tree=23
num_leaves=31
num_cat=0
split_feature=11 9 9 19 27 2 26 36 2 19 57 8 37 26 41 9 9 47 27 44 10 2 46 15 2 36 9 16 58 46
split_gain=130.943 14.9045 20.9898 10.6658 12.5301 13.5288 13.0739 7.24966 7.03421 6.25695 5.15711 4.95658 4.87294 4.24353 4.17313 4.69222 27.3323 4.0568 4.04937 3.98216 3.33472 6.66815 3.16129 2.81636 2.62895 2.23087 2.1464 8.30762 2.01273 1.99068
threshold=-0.16280825711808986 141.50000000000003 139.50000000000003 2.5000000000000004 302.50000000000006 5708.0000000000009 7.6500000000000012 59.128571430000008 6206.0000000000009 3.5000000000000004 287.50000000000006 1.5000000000000002 293.57410715000009 18.350000000000005 94.82642610209318 149.50000000000003 147.50000000000003 19.500000000000004 272.50000000000006 27.650000000000002 0.19509032201612816 4990.3125000000009 25.450000000000003 84.500000000000014 2349.8750000000005 111.5732143 141.50000000000003 24.850000000000005 1006.4500000000002 24.750000000000004
decision_type=2 2 2 2 2 2 2 2 2 2 2 2 2 2 2 2 2 2 2 2 2 2 2 2 2 2 2 2 2 2
left_child=1 2 9 4 5 6 18 17 14 -1 11 -10 -11 -13 19 16 -16 -5 28 -3 21 -8 -21 -19 -18 -7 27 -9 -2 -6
right_child=3 8 -4 7 29 25 20 26 10 12 -12 13 -14 -15 15 -17 24 23 -20 22 -22 -23 -24 -25 -26 -27 -28 -29 -30 -31
leaf_value=-0.56940528504761523 -0.56940528504761523 -0.27181261789867389 -0.56940528504761523 -0.58968992196975956 -0.30605068358871834 -0.56713999062690856 -0.56940528504761523 7.803446683132349 5.762641490424766 -0.23931003059155073 6.6353194532062316 -0.56940528504761523 11.460487862646175 2.8510955193726475 15.235757426165101 11.125621981841727 -0.03888923019216875 0.95329102903284291 1.1359663721655564 7.2236613566159953 12.571098444840469 15.8834339476719 0.13323677710275147 -0.19722306112045859 -0.56940528504761523 -0.56940528504761523 -0.56940528504761523 -0.56940528504761523 -0.56940528504761523 -0.56940528504761523
leaf_weight=21 25 21 67 49 21 20 23 23 25 25 47 58 83 21 155 240 20 38 20 31 72 25 31 26 37 78 386 90 41 122
leaf_count=21 25 21 67 49 21 20 23 23 25 25 47 58 83 21 155 240 20 38 20 31 72 25 31 26 37 78 386 90 41 122
internal_value=-0.00261978 0.00591837 -0.00137755 -0.00973088 -0.00620805 -0.00276316 0.00160194 -0.0123039 0.00800292 0.00569767 0.00228477 -0.00144231 0.00861111 -0.00512658 0.00961682 0.0107522 0.0075 -0.00544248 -0.00732558 0.00343373 0.008 0.001875 0.00725806 -0.00046875 -0.0102632 -0.0119388 -0.0138577 -0.0102212 -0.0109091 -0.0135315
internal_weight=1941 882 196 1059 447 304 206 612 686 129 151 104 108 79 535 452 212 113 86 83 120 48 62 64 57 98 499 113 66 143
internal_count=1941 882 196 1059 447 304 206 612 686 129 151 104 108 79 535 452 212 113 86 83 120 48 62 64 57 98 499 113 66 143
is_linear=0
shrinkage=0.03


Tree=24
num_leaves=31
num_cat=0
split_feature=11 9 6 6 6 10 19 27 8 27 10 36 36 11 19 27 37 46 17 35 15 14 22 46 4 9 46 35 23 10
split_gain=129.147 14.9741 20.5208 11.3399 17.6752 13.8523 10.838 11.8225 9.94009 12.369 7.89375 6.83995 6.55112 6.32738 6.06423 4.96358 4.64257 4.17828 3.63121 3.61896 3.3894 2.76649 3.41277 2.60007 2.21741 2.17004 11.4058 1.58383 1.43695 1.24995
threshold=-0.16280825711808986 141.50000000000003 18.500000000000004 26.500000000000004 28.500000000000004 0.68322629814330837 2.5000000000000004 302.50000000000006 3.5000000000000004 277.50000000000006 -0.22695468355932472 35.900000000000013 273.36607145000005 -0.5277851165098012 3.5000000000000004 250.00000000000003 293.57410715000009 24.150000000000002 23.500000000000004 20.210714285000005 83.500000000000014 27.550000000000004 216.50000000000003 24.750000000000004 13.500000000000002 141.50000000000003 24.750000000000004 578.6142857000001 64.000000000000014 -0.63405362205439475
decision_type=2 2 2 2 2 2 2 2 2 2 2 2 2 2 2 2 2 2 2 2 2 2 2 2 2 2 2 2 2 2
left_child=1 2 14 13 5 -5 7 8 9 10 -2 18 -10 24 -1 -12 -16 -6 -8 -19 -20 -15 28 -9 -3 26 -13 -26 -23 -11
right_child=6 3 -4 4 17 -7 11 23 12 29 15 25 -14 21 16 -17 -18 19 20 -21 -22 22 -24 -25 27 -27 -28 -29 -30 -31
leaf_value=-0.55232312649618676 -0.57306615704723551 14.319041727307408 -0.55232312649618676 -0.55232312649618676 10.509124586233909 10.221314794485552 -0.57310518260973908 -0.29686916308105676 0.56308513450316167 7.3079097304931491 -0.59379786044029714 9.3377272430086524 -0.55232312649618676 -0.11230692974434291 -0.2321307296738041 14.63565965771987 11.116673226766789 5.9582278113962852 1.1642719304053342 -0.39727519470861122 -0.12638557776281026 0.70007710583950677 -0.054494343699662016 -0.55232312649618676 6.2292197863893817 -0.55232312649618676 -0.55232312649618676 9.7657583452976748 4.3683918606641337 15.406930929241746
leaf_weight=21 57 253 67 66 70 20 49 21 25 20 32 20 79 32 25 38 83 29 22 30 25 22 36 122 26 399 97 62 40 53
leaf_count=21 57 253 67 66 70 20 49 21 25 20 32 20 79 32 25 38 83 29 22 30 25 22 36 122 26 399 97 62 40 53
internal_value=-0.00269706 0.00578231 -0.00153061 0.00787172 0.00216279 -0.00837209 -0.00975921 -0.00620805 -0.00286184 0.00105 -0.0046063 -0.0123529 -0.0103846 0.0104777 0.00546512 0.00214286 0.00833333 0.00918605 -0.005 0.00330508 0.000957447 0.00484615 0.00734694 -0.0133217 0.0126246 -0.0137209 -0.0101282 0.00852273 0.0116129 0.0108904
internal_weight=1941 882 196 686 215 86 1059 447 304 200 127 612 104 471 129 70 108 129 96 59 47 130 98 143 341 516 117 88 62 73
internal_count=1941 882 196 686 215 86 1059 447 304 200 127 612 104 471 129 70 108 129 96 59 47 130 98 143 341 516 117 88 62 73
is_linear=0
shrinkage=0.03


Tree=25
num_leaves=31
num_cat=0
split_feature=11 12 6 6 6 2 12 19 11 36 11 19 8 6 6 40 17 15 16 16 37 44 57 6 40 20 18 57 16 57
split_gain=125.313 14.15 20.5208 10.8571 17.2101 13.8523 10.6459 15.2345 10.2791 9.2049 6.13184 6.06423 6.05326 5.6554 13.4158 16.4626 5.18649 7.15911 5.02836 4.74706 4.64257 3.30063 3.68367 3.0621 2.85716 1.63333 1.51724 1.47021 0.782609 0.775565
threshold=-0.16280825711808986 0.64987354830121502 18.500000000000004 26.500000000000004 28.500000000000004 1170.0000000000002 0.64987354830121502 7.5000000000000009 0.81241147629689003 59.128571430000008 -0.5277851165098012 3.5000000000000004 1.0000000180025095e-35 26.500000000000004 28.500000000000004 25.363913689708337 18.500000000000004 83.500000000000014 24.350000000000005 24.150000000000002 293.57410715000009 27.450000000000003 272.50000000000006 23.500000000000004 903.1601562604169 10.500000000000002 1.0000000180025095e-35 285.50000000000006 24.650000000000002 300.50000000000006
decision_type=2 2 2 2 2 2 2 2 2 2 2 2 2 2 2 2 2 2 2 2 2 2 2 2 2 2 2 2 2 2
left_child=1 3 11 10 5 -5 9 8 12 16 24 -3 -8 -11 15 -15 28 -18 -9 -6 -13 -12 -23 -24 -1 -14 -26 -21 -2 -22
right_child=6 2 -4 4 19 -7 7 18 -10 13 21 20 25 14 -16 -17 17 -19 -20 27 29 22 23 -25 26 -27 -28 -29 -30 -31
leaf_value=13.492331448863249 -0.54924391660425054 -0.53575343270130116 -0.53575343270130116 9.9146753506509846 10.348601644870245 -0.53575343270130116 9.7970822309382193 1.3994309083202925 15.148447167792963 -0.53575343270130116 -0.11141955423372295 -0.22516680778359016 -0.56517743035893242 11.031804111799097 -0.53575343270130116 -0.56994687111076159 2.5896082304752985 -0.14033059781255039 -0.53575343270130116 -0.093204691769536788 10.231922725790806 3.3294825003611237 -0.46735508582113339 3.0603683646916355 10.181569802076247 -1.0326534582256102 0.12527768899110328 5.4416836894411347 -0.27209125761691094 11.18945828062299
leaf_weight=283 23 21 67 20 71 66 21 22 43 497 32 25 40 49 117 35 32 33 104 35 46 49 20 29 36 20 22 23 23 37
leaf_count=283 23 21 67 20 71 66 21 22 43 497 32 25 40 49 117 35 32 33 104 35 46 49 20 29 36 20 22 23 23 37
internal_value=-0.00277434 0.00557823 -0.00153061 0.00760933 0.00202326 -0.00837209 -0.00973088 -0.00432 0.00314516 -0.011403 0.0101592 0.00546512 -0.00314815 -0.0126791 -0.00843284 0.000714286 -0.00337838 0.00207692 -0.0116667 0.00895349 0.00833333 0.00461538 0.00734694 0.00153061 0.0122727 -0.008 0.0062069 0.00258621 -0.011087 0.011747
internal_weight=1941 882 196 686 215 86 1059 250 124 809 471 129 81 698 201 84 111 65 126 129 108 130 98 49 341 60 58 58 46 83
internal_count=1941 882 196 686 215 86 1059 250 124 809 471 129 81 698 201 84 111 65 126 129 108 130 98 49 341 60 58 58 46 83
is_linear=0
shrinkage=0.03


Tree=26
num_leaves=31
num_cat=0
split_feature=11 9 6 6 6 2 9 57 17 6 26 44 1 11 17 16 56 37 16 16 14 24 6 35 10 10 21 53 14 26
split_gain=124.055 12.6299 19.5423 12.2174 17.15 11.0095 10.7051 13.2793 14.8262 15.4199 9.62102 12.5716 9.52813 5.69749 5.36583 4.81377 4.4209 5.27548 4.14124 3.72105 3.67142 4.27887 5.33333 3.09717 2.23725 2.0025 1.69958 1.68079 1.29869 1.16883
threshold=-0.19509032201612839 141.50000000000003 18.500000000000004 26.500000000000004 28.500000000000004 1383.5000000000002 149.50000000000003 299.50000000000006 12.500000000000002 19.500000000000004 7.6500000000000012 29.450000000000003 277.58928570000006 -0.63405362205439475 32.500000000000007 24.150000000000002 20.350000000000005 224.70000000000002 24.750000000000004 24.850000000000005 27.550000000000004 466.75000000000006 23.500000000000004 20.210714285000005 -0.41248606129204546 0.97335555334614954 549.00000000000011 165.50000000000003 28.450000000000003 5.4500000000000011
decision_type=2 2 2 2 2 2 2 2 2 2 2 2 2 2 2 2 2 2 2 2 2 2 2 2 2 2 2 2 2 2
left_child=1 2 16 13 5 -5 7 8 9 -2 14 28 -8 24 -10 -6 17 -1 -9 -14 -15 29 -23 -17 26 -20 -3 -28 -12 -22
right_child=6 3 -4 4 15 -7 12 18 10 -11 11 -13 19 20 -16 23 -18 -19 25 -21 21 22 -24 -25 -26 -27 27 -29 -30 -31
leaf_value=-0.36708672096384959 10.001893213717105 14.738569646845018 -0.51968082972026208 8.2996987742134856 10.038143595524138 -0.51968082972026208 -0.51968082972026208 -0.11157101729646043 0.71292294756917329 -0.51968082972026208 8.6311254814140081 -0.55284846497743867 0.16324205538232639 -0.087654693137680512 -0.51968082972026208 5.5671241816678663 -0.51968082972026208 9.9263096350223439 -0.51968082972026208 -0.1566707404492706 1.0854428418147117 -0.6802338833612217 5.923099614633248 -0.28363841850871691 14.345809550692241 -0.32598721974414385 6.5169855285314284 3.7839864985840035 13.128682152916474 5.13099409726403
leaf_weight=20 28 24 65 20 71 64 378 23 29 165 36 27 29 38 50 24 34 72 196 28 22 24 24 31 220 22 24 29 69 55
leaf_count=20 28 24 65 20 71 64 378 23 29 165 36 27 29 38 50 24 34 72 196 28 22 24 24 31 220 22 24 29 69 55
internal_value=-0.00286708 0.00562718 -0.00117801 0.00756716 0.00157143 -0.00892857 -0.00963889 -0.00718605 -0.00386139 -0.00987047 0.00163507 0.00659091 -0.0132759 0.0103043 -0.00664557 0.00857143 0.00571429 0.00913043 -0.0127593 -0.00184211 0.00579755 0.00828 0.00125 0.00190909 0.0127778 -0.0140367 0.00837662 0.00537736 0.0112857 0.0126623
internal_weight=1941 861 191 670 210 84 1080 645 404 193 211 132 435 460 79 126 126 92 241 57 163 125 48 55 297 218 77 53 105 77
internal_count=1941 861 191 670 210 84 1080 645 404 193 211 132 435 460 79 126 126 92 241 57 163 125 48 55 297 218 77 53 105 77
is_linear=0
shrinkage=0.03


Tree=27
num_leaves=31
num_cat=0
split_feature=11 9 19 6 6 9 19 2 11 36 11 8 6 6 10 16 16 17 15 14 20 40 35 14 27 56 28 20 17 10
split_gain=121.811 12.508 20.5088 11.5061 16.524 10.87 15.2345 10.6977 10.2791 8.16605 7.54223 6.05326 5.6554 13.4158 16.4626 5.26255 5.02836 4.48462 5.87449 4.08135 3.76275 3.27585 3.08762 2.6124 3.29727 1.7912 1.75819 1.63333 1.225 0.9
threshold=-0.16280825711808986 141.50000000000003 3.5000000000000004 26.500000000000004 28.500000000000004 141.50000000000003 7.5000000000000009 1170.0000000000002 0.81241147629689003 59.128571430000008 -0.5277851165098012 1.0000000180025095e-35 26.500000000000004 28.500000000000004 -0.22695468355932472 24.150000000000002 24.350000000000005 18.500000000000004 83.500000000000014 32.150000000000013 1.5000000000000002 903.1601562604169 20.210714285000005 27.550000000000004 280.50000000000006 18.850000000000005 1006.5500000000001 10.500000000000002 51.500000000000007 0.72947329433276253
decision_type=2 2 2 2 2 2 2 2 2 2 2 2 2 2 2 2 2 2 2 2 2 2 2 2 2 2 2 2 2 2
left_child=1 2 -1 10 7 6 8 -5 11 17 21 -2 -11 14 -14 -6 -8 -7 -19 20 -4 -3 -17 -12 -25 -23 -26 29 -22 -13
right_child=5 3 19 4 15 9 16 -9 -10 12 23 27 13 -15 -16 22 -18 18 -20 -21 28 25 -24 24 26 -27 -28 -29 -30 -31
leaf_value=-0.50409040482865419 9.2031129675985603 12.847137379796978 -0.65128820779345564 9.3682441269050507 9.7369992876584135 -0.50168192305264092 1.2157123098395883 -0.50409040482865419 14.435059988316754 -0.50409040482865419 -0.10296549443087044 -0.093363406192904314 -0.53626301102811558 -0.50409040482865419 10.441916224002705 5.2312118124111997 -0.50409040482865419 2.50702272189957 -0.12503848675932588 12.854572226950447 1.4770852204316309 0.37991195385000481 -0.28736631696914028 3.1415202225447456 -0.38850135425710675 9.6895214308664883 1.1796737683459975 -0.99170756224473322 7.8260045966726706 -0.98820814707766069
leaf_weight=77 21 283 23 20 71 46 22 66 43 497 32 20 35 117 49 26 104 32 33 56 20 32 32 57 21 26 20 20 20 20
leaf_count=77 21 283 23 20 71 46 22 66 43 497 32 20 35 117 49 26 104 32 33 56 20 32 32 57 21 26 20 20 20 20
internal_value=-0.0029289 0.00530612 -0.00137755 0.00721574 0.00146512 -0.00978754 -0.00432 -0.00872093 0.00314516 -0.0114771 0.00984076 -0.00314815 -0.0126791 -0.00843284 0.000714286 0.00825581 -0.0116667 -0.00391892 0.00115385 0.00642857 0.00119048 0.0121848 0.00155172 0.00369231 0.00612245 0.00568966 -0.000365854 -0.008 0.00675 -0.0045
internal_weight=1941 882 196 686 215 1059 250 86 124 809 471 81 698 201 84 129 126 111 65 119 63 341 58 130 98 58 41 60 40 40
internal_count=1941 882 196 686 215 1059 250 86 124 809 471 81 698 201 84 129 126 111 65 119 63 341 58 130 98 58 41 60 40 40
is_linear=0
shrinkage=0.03


Tree=28
num_leaves=31
num_cat=0
split_feature=1 58 6 9 57 17 6 44 26 14 33 6 6 2 56 1 24 19 27 17 2 26 35 1 58 27 48 37 57 33
split_gain=118.5 14.2638 25.8126 13.3696 13.8302 13.2112 16.0627 11.6578 8.9755 11.2676 4.81178 4.72066 7.17715 10.9349 6.32331 4.99417 4.69841 4.19475 6.92123 3.80278 3.28507 3.74885 3.15545 2.32688 2.1087 2.01603 1.94289 1.38125 3.12 1.42422
threshold=610.92857145000005 1006.5500000000001 17.500000000000004 149.50000000000003 299.50000000000006 12.500000000000002 19.500000000000004 32.95000000000001 7.0000000000000009 29.250000000000004 7.2553571430000003 26.500000000000004 28.500000000000004 1017.7678570000002 4.6500000000000012 3506.0000000000005 765.20000000000016 3.5000000000000004 294.50000000000006 36.500000000000007 6676.8125000000009 17.450000000000003 934.03482145000009 277.58928570000006 1004.9500000000002 255.50000000000003 19.500000000000004 263.65982145000004 270.50000000000006 1133.0267855000004
decision_type=2 2 2 2 2 2 2 2 2 2 2 2 2 2 2 2 2 2 2 2 2 2 2 2 2 2 2 2 2 2
left_child=3 2 10 4 5 6 -1 16 19 25 -2 14 13 -13 -3 -14 17 20 -19 -7 -4 -22 -12 -5 26 -10 -6 28 -16 -29
right_child=1 11 7 23 24 8 -8 -9 9 -11 22 12 15 -15 27 -17 -18 18 -20 -21 21 -23 -24 -25 -26 -27 -28 29 -30 -31
leaf_value=9.9244664779846676 -0.045497969314782123 -0.11987166924183995 -0.48896769268379459 -0.48896769268379459 -0.48896769268379459 0.1854566551163962 -0.48896769268379459 9.1325277906203013 0.71610938900194421 -0.52017512069727212 8.6766808347102131 10.829419703488524 -0.49812003644733449 -0.48896769268379459 12.580436643263777 10.529893956390497 6.2410116062381267 -0.63174956155965201 7.3991375005469031 -0.48896769268379459 -0.48896769268379459 0.76561736481247888 1.1408581480231195 -0.026497403792667667 -0.48896769268379459 12.332818390698092 -0.14424208111917639 13.123235769952586 0.22526807354891901 4.4166513450779483
leaf_weight=27 29 38 105 378 24 24 153 32 23 22 158 20 20 36 26 56 23 38 33 36 26 24 36 20 181 88 25 191 24 25
leaf_count=27 29 38 105 378 24 24 153 32 23 22 158 20 20 36 26 56 23 38 33 36 26 24 36 20 181 88 25 191 24 25
internal_value=-0.00302164 0.00462766 0.00119048 -0.0102048 -0.00738806 -0.00382038 -0.00966667 -0.00485765 0.00163212 0.00597744 0.00881166 0.00860092 0.00386364 -0.00428571 0.0106579 0.00986842 -0.00704819 -0.00836283 -0.00232394 -0.008 -0.011129 -0.0048 0.0105155 -0.0144724 -0.0131739 0.00986486 -0.00765306 0.0122932 0.0078 0.0133333
internal_weight=1941 940 504 1001 603 373 180 281 193 133 223 436 132 56 304 76 249 226 71 60 155 50 194 398 230 111 49 266 50 216
internal_count=1941 940 504 1001 603 373 180 281 193 133 223 436 132 56 304 76 249 226 71 60 155 50 194 398 230 111 49 266 50 216
is_linear=0
shrinkage=0.03


Tree=29
num_leaves=31
num_cat=0
split_feature=30 58 6 9 57 17 6 45 26 44 36 8 26 6 6 2 17 26 49 37 20 16 35 2 36 14 41 2 31 46
split_gain=115.201 14.0673 26.2044 13.0017 14.5088 14.6568 15.2009 12.1588 9.44763 10.9996 5.33762 5.15238 5.97118 4.85679 9.60051 6.35817 4.80735 4.53261 4.15088 3.09437 4.16354 2.93779 2.37576 2.07876 2.07544 1.64063 1.54548 1.89351 1.4903 1.43482
threshold=110.75000000000001 1006.5500000000001 17.500000000000004 149.50000000000003 299.50000000000006 12.500000000000002 19.500000000000004 55.500000000000007 7.6500000000000012 29.450000000000003 57.48125000000001 2.5000000000000004 18.550000000000004 26.500000000000004 28.500000000000004 1383.5000000000002 32.500000000000007 4.6500000000000012 3.5000000000000004 283.87321430000003 99.500000000000014 24.750000000000004 859.97857140000008 566.61607145000005 163.68839285000004 28.450000000000003 223.35025982202322 6145.3839285000004 952.86875000000009 24.850000000000005
decision_type=2 2 2 2 2 2 2 2 2 2 2 2 2 2 2 2 2 2 2 2 2 2 2 2 2 2 2 2 2 2
left_child=3 2 19 4 5 6 -1 -4 16 25 29 18 28 17 15 -15 -7 -3 -9 20 -2 -6 -14 -16 -23 -10 27 -21 -13 -5
right_child=1 13 7 10 21 8 -8 11 9 -11 -12 12 22 14 23 -17 -18 -19 -20 26 -22 24 -24 -25 -26 -27 -28 -29 -30 -31
leaf_value=9.1280090339380973 -0.32614400251641573 -0.11485985624987875 12.198773737537131 0.030405871968734777 -0.25019070179266245 0.70109427163346572 -0.47429866190328068 -0.47429866190328068 7.8469788729834988 -0.50456986707635398 -0.47429866190328068 -0.47429866190328068 6.4097622189699415 7.4447778960752755 1.584417370506876 -0.47429866190328068 -0.47429866190328068 11.025994923762177 -0.61279707471286238 5.8202509208605306 5.8224347327622921 -0.47429866190328068 -0.16911658400366639 10.620670536602359 -0.47429866190328068 12.243492547784209 10.638758439042929 0.0089145156227871773 -0.058609378171601632 -0.16813648033407574
leaf_weight=28 22 27 28 25 21 31 157 84 36 22 375 60 24 20 20 32 52 261 30 35 24 27 20 51 190 70 105 20 21 23
leaf_count=28 22 27 28 25 21 31 157 84 36 22 375 60 24 20 20 32 52 261 30 35 24 27 20 51 190 70 105 20 21 23
internal_value=-0.00303709 0.00495475 0.00142706 -0.00972091 -0.00700315 -0.00348485 -0.00964865 -0.00477528 0.00191943 0.00703125 -0.0137943 -0.00696653 -0.00276 0.0090146 0.00402439 -0.00576923 -0.00596386 0.0111458 -0.0115789 0.00946602 0.0026087 -0.0128571 0.00613636 0.0111972 -0.013894 0.0110377 0.0114375 0.00736364 -0.00759259 -0.004375
internal_weight=1941 884 473 1057 634 396 185 267 211 128 423 239 125 411 123 52 83 288 114 206 46 238 44 71 217 106 160 55 81 48
internal_count=1941 884 473 1057 634 396 185 267 211 128 423 239 125 411 123 52 83 288 114 206 46 238 44 71 217 106 160 55 81 48
is_linear=0
shrinkage=0.03


Tree=30
num_leaves=31
num_cat=0
split_feature=11 58 6 54 9 19 11 11 49 57 10 56 8 16 23 27 6 6 27 8 10 8 9 30 45 44 46 16 20 18
split_gain=119.755 12.9555 23.5897 12.1216 11.7934 15.7199 8.86903 6.31119 5.73691 6.42276 10.2576 16.1812 5.09091 4.86 4.82614 4.64395 4.64201 12.1367 4.17166 4.14413 4.06957 3.32411 3.17863 2.59712 2.35675 2.3141 2.29814 2.25124 2.24799 1.46566
threshold=-0.065403129230142895 1006.5500000000001 17.500000000000004 741.80000000000007 141.50000000000003 7.5000000000000009 0.81241147629689003 -0.5 2.5000000000000004 302.50000000000006 0.35206144883412577 7.0000000000000009 5.5000000000000009 24.350000000000005 108.50000000000001 307.50000000000006 26.500000000000004 28.500000000000004 281.50000000000006 1.5000000000000002 0.47114434510950082 1.5000000000000002 137.50000000000003 58.764285715000007 85.500000000000014 28.450000000000003 23.950000000000003 25.450000000000003 25.500000000000004 1.5000000000000002
decision_type=2 2 2 2 2 2 2 2 2 2 2 2 2 2 2 2 2 2 2 2 2 2 2 2 2 2 2 2 2 2
left_child=1 2 7 12 5 6 21 -1 9 10 25 -12 15 -7 19 26 22 20 -5 -3 -18 -2 -16 -10 28 -6 -4 -21 -9 -28
right_child=4 14 3 18 8 13 -8 24 23 -11 11 -13 -14 -15 16 -17 17 -19 -20 27 -22 -23 -24 -25 -26 -27 29 -29 -30 -31
leaf_value=9.8323070395531786 1.0124566049177366 -0.30625203460156442 -0.46006970204618231 -0.46006970204618231 -0.46006970204618231 1.819638559687984 13.393891254544352 -0.039088935825316612 -0.46006970204618231 -0.46006970204618231 -0.46006970204618231 14.133997851598739 4.4205235544484127 -0.46006970204618231 0.1965015600907688 3.317594035433157 -0.46006970204618231 9.1412127940240104 12.339606510439374 10.364226037041821 0.027835429928347605 -0.99318660225204303 11.002549201954107 -0.20926165293831703 -0.096513871424078551 -0.46006970204618231 -0.46006970204618231 -0.10111208530521132 4.1741091835397395 -0.20793255018738277
leaf_weight=140 33 22 114 34 30 20 43 21 408 118 41 43 22 100 21 24 26 63 33 28 20 39 241 23 37 100 24 25 25 23
leaf_count=140 33 22 114 34 30 20 43 21 408 118 41 43 22 100 21 24 26 63 33 28 20 39 241 23 37 100 24 25 25 23
internal_value=-0.00303709 0.00462884 0.00129779 -0.00459854 -0.0102806 -0.00440426 0.00352174 0.0085426 -0.0120904 -0.00912651 -0.00602804 0.00214286 -0.00818841 -0.012 0.00834081 -0.00981081 0.00974394 0.00454128 0.00649254 0.0014 -0.00717391 -0.00291667 0.0119084 -0.0143735 0.00198795 -0.0113077 -0.011646 0.0059434 0.00652174 -0.00606383
internal_weight=1941 943 497 274 998 235 115 223 763 332 214 84 207 120 446 185 371 109 67 75 46 72 262 431 83 130 161 53 46 47
internal_count=1941 943 497 274 998 235 115 223 763 332 214 84 207 120 446 185 371 109 67 75 46 72 262 431 83 130 161 53 46 47
is_linear=0
shrinkage=0.03


Tree=31
num_leaves=31
num_cat=0
split_feature=1 58 6 9 27 45 17 6 26 44 32 53 8 27 26 6 6 47 9 26 2 2 9 27 33 58 35 44 32 17
split_gain=114.924 13.8008 25.7532 12.9241 14.3629 12.3995 12.2208 17.2662 9.82806 8.86377 5.88719 5.30855 4.79744 6.94683 5.35782 4.48985 13.2593 4.06612 3.99936 3.46939 3.15087 2.72727 2.51716 2.37614 2.18427 1.99426 1.97045 1.40248 1.38979 1.27219
threshold=344.75000000000006 1006.5500000000001 17.500000000000004 149.50000000000003 299.50000000000006 55.500000000000007 12.500000000000002 19.500000000000004 7.0000000000000009 29.450000000000003 164.37142855000002 108.50000000000001 2.5000000000000004 307.50000000000006 18.550000000000004 26.500000000000004 28.500000000000004 20.500000000000004 149.50000000000003 7.9500000000000011 7360.6875000000009 2349.8750000000005 137.50000000000003 284.50000000000006 1133.0267855000004 1004.2500000000001 859.97857140000008 28.450000000000003 260.79285715000009 1.5000000000000002
decision_type=2 2 2 2 2 2 2 2 2 2 2 2 2 2 2 2 2 2 2 2 2 2 2 2 2 2 2 2 2 2
left_child=3 2 10 4 6 -4 7 -1 17 23 -2 18 13 -7 29 22 21 -8 19 -3 -12 -17 -13 27 28 -6 -16 -10 -24 -14
right_child=1 11 5 -5 25 12 8 -9 9 -11 20 15 14 -15 26 16 -18 -19 -20 -21 -22 -23 24 -25 -26 -27 -28 -29 -30 -31
leaf_value=9.1741648966035836 -0.028130635224151417 -0.094274661184145431 11.462622330097838 -0.44626761098479684 -0.45920496780932935 -0.44626761098479684 0.20625232933879886 -0.44626761098479684 0.70030745595795107 -0.47563068000267789 7.5942754507925327 0.42275156158286092 -0.043049005765069523 5.2335243187042408 6.0848536457673896 -0.042252864431757513 9.1456641894801169 -0.44626761098479684 -0.30428323535809992 10.382361308415 0.20326682601310619 -0.44626761098479684 6.4233165237852869 13.939775715038605 3.623295480954122 -0.44626761098479684 -0.15400311615878895 8.8592223595993111 12.187287032409623 -0.45873828949674722
leaf_weight=26 40 29 28 385 20 106 21 140 31 20 167 20 27 22 24 20 60 39 29 30 28 24 27 45 25 207 20 28 184 69
leaf_count=26 40 29 28 385 20 106 21 140 31 20 167 20 27 22 24 20 60 39 29 30 28 24 27 45 25 207 20 28 184 69
internal_value=-0.00314529 0.00409091 0.000819209 -0.0105094 -0.00766898 -0.00506757 -0.00385714 -0.00975904 0.00146739 0.00629032 0.00823404 0.00796875 -0.00705224 -0.01125 -0.00321429 0.00958333 0.00432692 -0.0085 0.00136364 0.00584746 0.0103846 -0.00818182 0.0117188 0.00980769 0.0125847 -0.0135463 0.00545455 0.00584746 0.0135782 -0.0071875
internal_weight=1941 979 531 962 577 296 350 166 184 124 235 448 268 128 140 360 104 60 88 59 195 44 256 104 236 227 44 59 211 96
internal_count=1941 979 531 962 577 296 350 166 184 124 235 448 268 128 140 360 104 60 88 59 195 44 256 104 236 227 44 59 211 96
is_linear=0
shrinkage=0.03


Tree=32
num_leaves=31
num_cat=0
split_feature=11 12 8 12 12 11 47 37 26 26 8 38 17 1 11 26 12 12 10 30 18 53 10 44 45 28 27 18 26 46
split_gain=115.145 11.5239 16.3368 11.0773 19.0715 10.7104 8.94417 11.2654 7.74454 10.948 7.43728 6.78193 4.65557 7.225 5.18685 4.33932 3.90776 12.8728 17.4139 5.4594 3.13326 2.65777 2.61231 2.5 2.35673 2.65789 2.9417 2.29562 1.52547 1.42399
threshold=-0.065403129230142895 0.64987354830121502 4.5000000000000009 0.64987354830121502 0.67563126931585993 -0.41248606129204524 45.500000000000007 77.07053571500002 15.65 18.450000000000003 1.5000000000000002 952.23571425000023 50.500000000000007 3178.6607145000003 -0.47114434510950048 11.65 0.53946920585801694 0.56811179347017271 -0.22695468355932472 58.764285715000007 48.500000000000007 125.50000000000001 0.88144907265856365 31.450000000000003 69.500000000000014 1008.0500000000001 269.50000000000006 1.0000000180025095e-35 10.850000000000003 23.950000000000003
decision_type=2 2 2 2 2 2 2 2 2 2 2 2 2 2 2 2 2 2 2 2 2 2 2 2 2 2 2 2 2 2
left_child=3 16 6 5 -5 8 7 -3 -1 10 -10 29 14 -14 -6 -8 19 18 -18 -2 21 24 -19 -23 -7 26 -26 -13 -20 -12
right_child=1 2 -4 4 12 20 15 -9 9 -11 11 27 13 -15 -16 -17 17 22 28 -21 -22 23 -24 -25 25 -27 -28 -29 -30 -31
leaf_value=9.0499179798935057 -0.43287958265525295 11.070073709832359 -0.43287958265525295 -0.43287958265525295 9.6281111076697652 -0.49056182052692249 -0.44517654333670731 -0.79337220859970303 8.7268088993141522 9.8944481552459322 -0.43287958265525295 6.0183366432777037 7.7522435821791884 -0.43287958265525295 -0.3863011796058996 0.67904186519505483 -0.46136175960259757 -0.43287958265525295 13.057176804471586 0.017986105552129386 2.0183815209273059 2.0031782375679636 -0.44396141886998747 -0.2561377239991009 -0.092774536224631846 -0.51384378985598145 0.78556692311185994 -0.43287958265525295 2.4030432060085944 -0.42901901441039547
leaf_weight=271 379 67 89 73 56 21 38 20 45 130 39 29 24 36 22 21 41 234 33 21 23 20 35 20 37 20 31 24 20 22
leaf_count=271 379 67 89 73 56 21 38 20 45 130 39 29 24 36 22 21 41 234 33 21 23 20 35 20 37 20 31 24 20 22
internal_value=-0.00323802 -0.0103407 -0.00453191 0.0042789 -0.00177725 0.00602459 0.00164384 0.00775862 0.00803571 0.00461938 -0.000660377 -0.00473684 0.00478261 -0.0015 0.00961538 -0.00737288 -0.0121298 -0.00987603 -0.000319149 -0.014175 -0.000523256 -0.00211409 -0.0132156 0.0045 -0.00454128 -0.00238636 0.000441176 0.00311321 0.0110377 -0.0115574
internal_weight=1941 998 235 943 211 732 146 87 560 289 159 114 138 60 78 59 763 363 94 400 172 149 269 40 109 88 68 53 53 61
internal_count=1941 998 235 943 211 732 146 87 560 289 159 114 138 60 78 59 763 363 94 400 172 149 269 40 109 88 68 53 53 61
is_linear=0
shrinkage=0.03


Tree=33
num_leaves=31
num_cat=0
split_feature=11 9 6 58 6 14 47 37 56 6 6 2 11 11 49 57 35 26 52 49 57 26 2 45 41 23 50 31 31 33
split_gain=112.103 11.7637 16.3368 10.7083 23.8035 10.9597 8.94417 11.2654 5.85655 7.27532 6.41386 13.1034 6.69423 5.8037 5.4965 5.46693 9.00501 12.75 5.14966 4.85696 4.34386 4.33932 3.06317 2.4381 2.40814 2.27835 1.8843 1.81397 1.58445 1.48491
threshold=-0.065403129230142895 141.50000000000003 17.500000000000004 1006.5500000000001 17.500000000000004 32.95000000000001 45.500000000000007 77.07053571500002 4.6500000000000012 26.500000000000004 28.500000000000004 820.00892855000018 -0.58216583101416131 -0.5 2.5000000000000004 302.50000000000006 12.312500000000002 7.0000000000000009 728.50000000000011 3.5000000000000004 294.50000000000006 11.65 6955.2142855000011 83.500000000000014 272.73733998393732 175.50000000000003 50.500000000000007 82.108035715000014 280.83571430000006 1120.2687500000002
decision_type=2 2 2 2 2 2 2 2 2 2 2 2 2 2 2 2 2 2 2 2 2 2 2 2 2 2 2 2 2 2
left_child=3 2 -2 4 13 18 7 -4 23 25 11 -11 -12 -1 15 16 17 -3 19 22 -21 -8 -6 -5 26 28 -15 -16 -10 -30
right_child=1 14 6 8 5 -7 21 -9 9 10 12 -13 -14 24 27 -17 -18 -19 -20 20 -22 -23 -24 -25 -26 -27 -28 -29 29 -31
leaf_value=9.029339128529358 -0.41989319517559531 -0.41989319517559531 10.737971498537387 1.0529817926352856 -0.41989319517559531 9.0217574786873218 -0.43182124703660607 -0.76957104234171192 0.39821306191860978 10.447228612043682 9.4725099583008525 -0.41989319517559531 -0.52589217025603685 -0.32618367065894033 -0.41989319517559531 -0.41989319517559531 -0.41989319517559531 8.8245641646493702 6.444014828455769 -0.61808785844764214 5.4214055927461757 0.65867060923920329 -0.19678047584371242 -0.27882893821060761 1.8060769801106709 13.059784676112328 0.22239833331177525 -0.23290504090119091 6.3761257966353817 3.0743149235471838
leaf_weight=140 89 48 67 28 121 28 38 20 28 20 52 38 20 29 406 118 112 54 24 27 37 21 37 20 24 145 30 25 75 20
leaf_count=140 89 48 67 28 121 28 38 20 28 20 52 38 20 29 406 118 112 54 24 27 37 21 37 20 24 145 30 25 75 20
internal_value=-0.00339258 -0.0104008 -0.00453191 0.00402439 0.000995976 -0.00492701 0.00164384 0.00775862 0.0073991 0.00859296 0.00276923 -0.00465517 0.00875 0.00827354 -0.0122084 -0.00930723 -0.0064486 0 -0.00695122 -0.00837838 -0.00140625 -0.00737288 -0.0112025 -0.0025 0.00198795 0.0114179 -0.00127119 -0.0144432 0.00841463 0.0102632
internal_weight=1941 998 235 943 497 274 146 87 446 398 130 58 72 223 763 332 214 102 246 222 64 59 158 48 83 268 59 431 123 95
internal_count=1941 998 235 943 497 274 146 87 446 398 130 58 72 223 763 332 214 102 246 222 64 59 158 48 83 268 59 431 123 95
is_linear=0
shrinkage=0.03


Tree=34
num_leaves=31
num_cat=0
split_feature=11 9 8 58 9 8 36 19 11 53 46 19 10 16 8 41 23 9 26 20 8 9 24 53 8 10 57 57 16 1
split_gain=112.049 12.0059 16.3368 11.1159 21.1754 11.5646 9.47651 7.13764 7.6139 4.95267 4.74589 4.72741 5.37344 7.13427 4.56962 4.53696 4.19839 4.11727 3.37931 3.09243 6.07109 13.9616 7.30694 2.3051 2.29739 3.16202 8.25721 2.89403 2.21762 2.19354
threshold=-0.065403129230142895 141.50000000000003 4.5000000000000009 1006.5500000000001 151.50000000000003 4.5000000000000009 2.7142857145000003 13.500000000000002 0.68322629814330826 108.50000000000001 23.950000000000003 2.5000000000000004 0.88144907265856365 25.550000000000004 1.5000000000000002 218.88535465283988 161.50000000000003 149.50000000000003 7.9500000000000011 3.5000000000000004 3.5000000000000004 147.50000000000003 320.45000000000005 175.50000000000003 3.5000000000000004 -0.22695468355932472 306.50000000000006 255.50000000000003 23.950000000000003 131.50000000000003
decision_type=2 2 2 2 2 2 2 2 2 2 2 2 2 2 2 2 2 2 2 2 2 2 2 2 2 2 2 2 2 2
left_child=3 2 7 4 5 6 10 8 14 17 -1 12 24 -14 -2 -6 28 18 -5 20 21 23 -22 -11 25 -3 27 -27 -7 -13
right_child=1 11 -4 9 15 16 -8 -9 -10 19 -12 29 13 -15 -16 -17 -18 -19 -20 -21 22 -23 -24 -25 -26 26 -28 -29 -30 -31
leaf_value=-0.41361566054492543 0.87926447773117744 -0.43492411095925176 -0.40729639932032746 -0.089760584673198307 0.12631259378288887 2.1072573854373871 4.892923482832841 -0.40656964894405356 10.385817426213263 2.9709571383361948 -0.40729639932032746 -0.40729639932032746 13.962778310056082 -0.4454531837594144 -0.96213746430730507 8.16836906139158 8.5376939446414948 -0.36983905940154482 9.9450415088505615 10.891560876231184 -0.82341630897709162 -0.40729639932032746 10.137387861831705 13.282836311655712 -0.40729639932032746 -0.4840144826579228 -0.40729639932032746 8.0245993832994245 -0.51917022926841783 -0.21163988910100279
leaf_weight=131 40 65 89 29 68 28 25 23 58 46 45 395 24 29 25 130 39 30 29 63 21 44 143 41 134 23 38 21 31 34
leaf_count=131 40 65 89 29 68 28 25 23 58 46 45 395 24 29 25 130 39 30 29 63 21 44 143 41 134 23 38 21 31 34
internal_value=-0.0034544 -0.0104609 -0.00453191 0.00396076 0.000875252 -0.00416388 -0.00828358 0.00164384 0.0045122 0.0073991 -0.0107386 -0.012287 -0.00961078 -0.000849057 -0.00253846 0.00848485 0.00428571 0.00102273 0.00568966 0.00896648 0.00767797 0.0028626 0.0115244 0.00982759 -0.0112633 -0.00867347 -0.0047561 0.00409091 -0.000762712 -0.0143706
internal_weight=1941 998 235 943 497 299 201 146 123 446 176 763 334 53 65 198 98 88 58 358 295 131 164 87 281 147 82 44 59 429
internal_count=1941 998 235 943 497 299 201 146 123 446 176 763 334 53 65 198 98 88 58 358 295 131 164 87 281 147 82 44 59 429
is_linear=0
shrinkage=0.03


Tree=35
num_leaves=31
num_cat=0
split_feature=11 12 6 58 6 45 47 37 53 6 6 32 8 6 6 10 46 39 12 26 53 37 56 46 2 48 26 16 38 58
split_gain=110.026 11.2284 15.5238 11.0455 22.2828 11.095 9.13868 10.8756 5.17114 5.69695 16.1233 5.10643 5.09616 4.73662 8.8792 14.6543 3.85525 3.82582 3.81202 3.64037 3.20689 3.09196 2.92971 2.91886 2.71978 1.92857 1.86667 1.68172 1.46664 2.42625
threshold=-0.065403129230142895 0.64987354830121502 17.500000000000004 1006.5500000000001 17.500000000000004 55.500000000000007 45.500000000000007 77.07053571500002 108.50000000000001 26.500000000000004 28.500000000000004 164.37142855000002 4.5000000000000009 26.500000000000004 28.500000000000004 0.032701564615071572 24.150000000000002 234.44408481625001 0.53946920585801694 11.65 175.50000000000003 7.0553571430000011 5.4500000000000011 23.750000000000004 7291.9285715000015 36.500000000000007 10.750000000000002 23.850000000000005 461.35691963750008 1007.5500000000001
decision_type=2 2 2 2 2 2 2 2 2 2 2 2 2 2 2 2 2 2 2 2 2 2 2 2 2 2 2 2 2 2
left_child=3 13 -3 4 11 -6 7 -4 18 20 -11 -1 16 17 15 -15 21 -2 -5 -8 27 -7 -20 -14 -13 -18 -17 -10 -29 -30
right_child=1 2 6 8 5 12 19 -9 9 10 -12 24 23 14 -16 26 25 -19 22 -21 -22 -23 -24 -25 -26 -27 -28 28 29 -31
leaf_value=-0.042016304827048143 -0.39507750734071767 -0.39507750734071767 10.104257830794868 -0.35874388761949838 10.30620641933516 -0.086235674698808745 -0.42595703205731478 -0.71761978714224139 16.362524392369071 -0.39507750734071767 8.0877606806903959 7.1649542426664219 8.1029233841867789 -0.42187638763047425 -0.39507750734071767 13.088713896463958 -0.41160789044915075 -0.17204097448568037 -0.13795705434424804 0.61253255663009187 12.455371937753863 -0.40120719072857769 9.4343140156417817 -0.19413573215712859 0.47540303393367456 2.010281549241637 2.9252763580489476 -0.15028526308089282 5.3476074994551004 1.0247175454665955
leaf_weight=41 517 89 67 30 28 22 38 20 21 44 60 160 24 46 125 28 21 27 26 21 144 125 32 33 22 21 20 25 35 29
leaf_count=41 517 89 67 30 28 22 38 20 21 44 60 160 24 46 125 28 21 27 26 21 144 125 32 33 22 21 20 25 35 29
internal_value=-0.00357805 -0.010521 -0.00478723 0.00376988 0.000694165 -0.0050365 0.00123288 0.00741379 0.00719731 0.00879888 0.00288462 0.00773543 -0.00707317 -0.012287 -0.00856164 -0.00159574 -0.00944444 -0.0137868 0.000681818 -0.00788136 0.0112205 -0.0117347 0.00517241 0.000789474 0.00989011 -0.00142857 0.01 0.00736364 0.0055618 0.00796875
internal_weight=1941 998 235 943 497 274 146 87 446 358 104 223 246 763 219 94 189 544 88 59 254 147 58 57 182 42 48 110 89 64
internal_count=1941 998 235 943 497 274 146 87 446 358 104 223 246 763 219 94 189 544 88 59 254 147 58 57 182 42 48 110 89 64
is_linear=0
shrinkage=0.03


Tree=36
num_leaves=31
num_cat=0
split_feature=1 58 6 9 6 45 17 53 6 6 11 36 6 6 10 26 53 45 20 9 27 9 45 28 6 53 9 26 43 27
split_gain=108.813 12.4384 22.3142 12.0552 16.2774 11.1654 10.9669 5.55601 5.59044 16.1233 5.48267 5.36204 5.06664 10.2426 14.0417 4.20795 3.99759 8.43225 5.14834 3.15287 4.3503 2.98762 2.93256 2.67756 2.20331 2.02916 2.24491 1.86667 1.67356 1.1268
threshold=344.75000000000006 1006.5500000000001 17.500000000000004 141.50000000000003 17.500000000000004 55.500000000000007 45.500000000000007 108.50000000000001 26.500000000000004 28.500000000000004 -0.58216583101416131 14.437500000000002 26.500000000000004 28.500000000000004 0.032701564615071572 11.65 173.50000000000003 58.500000000000007 2.5000000000000004 149.50000000000003 294.50000000000006 137.50000000000003 85.500000000000014 1003.0500000000001 28.500000000000004 175.50000000000003 145.50000000000003 10.750000000000002 -249.87767854999996 280.50000000000006
decision_type=2 2 2 2 2 2 2 2 2 2 2 2 2 2 2 2 2 2 2 2 2 2 2 2 2 2 2 2 2 2
left_child=3 2 10 4 -1 -4 11 19 21 -10 -2 -6 -5 14 -14 -8 17 -7 24 20 -3 -9 23 -12 29 26 -23 -16 -25 -19
right_child=1 7 5 12 6 16 15 8 9 -11 22 -13 13 -15 27 -17 -18 18 -20 -21 -22 25 -24 28 -26 -27 -28 -29 -30 -31
leaf_value=-0.38322518212049617 8.7944207987868452 6.1391082891270612 9.9970202267551027 -0.38322518212049617 -0.38868747858459013 9.2580996483400231 -0.45057360197646168 0.05149009433303689 -0.38322518212049617 7.8451278602696846 5.4660828931517145 11.328535810003086 -0.40922009600156001 -0.38322518212049617 12.696052479570037 0.69612755108604107 -0.3828517137821224 -0.39494827193871423 3.0490637882777429 -0.37984340661609078 -0.29720905509206558 9.7327587198659806 -0.099192138805921953 -0.3501241505804179 -0.17648752337595416 12.80962834610156 2.5628210311330779 2.8375180673074789 0.97067172117406397 -0.61708795485073431
leaf_weight=87 123 36 28 522 20 20 41 20 44 60 21 59 43 120 28 22 64 57 34 29 23 36 39 20 38 132 68 20 32 55
leaf_count=87 123 36 28 522 20 20 41 20 44 60 21 59 43 120 28 22 64 57 34 29 23 36 39 20 38 132 68 20 32 55
internal_value=-0.00362442 0.00341675 0.000310734 -0.01079 -0.00478166 -0.00516892 0.00147887 0.00709821 0.00875 0.00288462 0.00721277 0.00892405 -0.0126671 -0.00874408 -0.00115385 -0.00785714 -0.00705224 -0.005 -0.00701087 0.000340909 0.00432203 0.0111328 0.00241071 0.0059589 -0.0094 0.0120763 0.00894231 0.01 0.00230769 -0.0115179
internal_weight=1941 979 531 962 229 296 142 448 360 104 235 79 733 211 91 63 268 204 184 88 59 256 112 73 150 236 104 48 52 112
internal_count=1941 979 531 962 229 296 142 448 360 104 235 79 733 211 91 63 268 204 184 88 59 256 112 73 150 236 104 48 52 112
is_linear=0
shrinkage=0.03


Tree=37
num_leaves=31
num_cat=0
split_feature=1 58 6 9 6 8 47 37 1 16 57 26 6 6 10 24 6 6 2 45 24 50 28 33 16 19 35 1 57 19
split_gain=108.059 10.6532 20.8714 9.79269 13.876 9.53443 9.34291 10.4927 8.90279 7.44176 5.16611 4.79175 4.66872 10.7229 12.8867 4.52821 6.90278 15.5343 4.33884 3.77465 3.06708 3.04834 2.71647 2.51175 2.47814 2.42608 2.12182 1.8087 1.57576 1.43442
threshold=1147.6517855000002 1006.5500000000001 17.500000000000004 141.50000000000003 17.500000000000004 2.5000000000000004 45.500000000000007 77.07053571500002 131.50000000000003 23.350000000000005 307.50000000000006 11.65 26.500000000000004 28.500000000000004 0.032701564615071572 320.45000000000005 26.500000000000004 28.500000000000004 2047.0000000000002 87.500000000000014 22.100000000000005 1.0000000180025095e-35 1007.7500000000001 1133.0267855000004 25.150000000000002 11.500000000000002 942.17857140000012 7867.9821430000011 281.50000000000006 2.5000000000000004
decision_type=2 2 2 2 2 2 2 2 2 2 2 2 2 2 2 2 2 2 2 2 2 2 2 2 2 2 2 2 2 2
left_child=3 2 19 4 -1 10 7 -6 12 28 -4 -8 -5 14 -14 18 23 27 22 26 24 -11 -3 -17 -10 -24 -2 -18 -7 -22
right_child=1 15 5 8 6 9 11 -9 20 21 -12 -13 13 -15 -16 16 17 -19 -20 -21 29 -23 25 -25 -26 -27 -28 -29 -30 -31
leaf_value=-0.37172842665688127 6.6951738172740569 2.9920039904119191 -0.37136616236865871 -0.37172842665688127 9.4612740215709277 3.3425665981144608 -0.41910157064515402 -0.81183725121222405 0.78738896442674233 -0.38979320536050921 6.256859065292173 0.77721469570831192 -0.39694349312151322 -0.37172842665688127 9.5563280974667268 10.400243013203575 -0.34155977660049286 7.7121368496639189 11.436955695077653 -0.13222906722260688 -0.27175588396536909 4.6352201764780352 0.13133428574932268 2.7204872550828645 -0.081629142374070041 -0.41097954333830172 1.0337564464782449 -0.37172842665688127 11.168888015271596 -0.39272168485785963
leaf_weight=94 148 38 92 509 67 22 44 20 20 77 21 23 40 117 46 170 20 59 21 28 20 22 32 24 22 30 28 26 26 35
leaf_count=94 148 38 92 509 67 22 44 20 20 77 21 23 40 117 46 170 20 59 21 28 20 22 32 24 22 30 28 26 26 35
internal_value=-0.0037017 0.00403846 0.000905172 -0.010175 -0.00495968 -0.00473077 0.000584416 0.00706897 -0.0117738 0.000306122 -0.0112832 -0.00783582 -0.0129354 -0.00908867 -0.00104651 0.0075 0.00948161 0.00328571 0.00260331 0.00808824 -0.00324742 -0.00439394 0 0.0128351 0.00285714 -0.00387097 0.00971591 -0.00978261 0.01 -0.00790909
internal_weight=1941 884 464 1057 248 260 154 87 809 147 113 67 712 203 86 420 299 105 121 204 97 99 100 194 42 62 176 46 48 55
internal_count=1941 884 464 1057 248 260 154 87 809 147 113 67 712 203 86 420 299 105 121 204 97 99 100 194 42 62 176 46 48 55
is_linear=0
shrinkage=0.03


Tree=38
num_leaves=31
num_cat=0
split_feature=1 58 6 8 9 6 47 37 1 16 49 26 6 6 10 24 6 6 27 41 10 9 24 50 35 16 15 1 27 43
split_gain=107.459 10.6313 19.5592 9.87318 9.44808 13.5088 8.91561 10.1166 8.90279 7.13173 5.02411 4.79175 4.66872 10.7229 12.8867 4.39707 6.68102 15.5343 4.38222 3.78156 3.15091 4.12208 3.06708 2.86364 2.55241 2.47814 2.17286 1.8087 1.71429 1.68892
threshold=1147.6517855000002 1006.5500000000001 17.500000000000004 2.5000000000000004 141.50000000000003 17.500000000000004 45.500000000000007 77.07053571500002 131.50000000000003 23.350000000000005 3.5000000000000004 11.65 26.500000000000004 28.500000000000004 0.032701564615071572 320.45000000000005 26.500000000000004 28.500000000000004 294.50000000000006 219.70913002393488 0.77259657388510639 148.50000000000003 22.100000000000005 1.0000000180025095e-35 942.17857140000012 25.150000000000002 77.500000000000014 7867.9821430000011 281.50000000000006 144.08779733500006
decision_type=2 2 2 2 2 2 2 2 2 2 2 2 2 2 2 2 2 2 2 2 2 2 2 2 2 2 2 2 2 2
left_child=4 2 19 10 5 -1 7 -7 12 28 -4 -8 -6 14 -14 18 -17 27 20 26 -3 -22 25 -11 -21 -10 -2 -18 -5 -28
right_child=1 15 3 9 8 6 11 -9 22 23 -12 -13 13 -15 -16 16 17 -19 -20 24 21 -23 -24 -25 -26 -27 29 -29 -30 -31
leaf_value=-0.36057657385717484 6.1233185015161862 11.093847024225322 -0.36022517749759897 2.7677178339089874 -0.36057657385717484 9.1774358009238011 -0.40652852352579938 -0.78748213367585729 0.76376729549394007 -0.37809940919969393 -0.48159571079267344 0.75389825483706263 -0.38503518832786782 -0.36057657385717484 9.2696382545427252 9.1753271546408897 -0.33131298330247805 7.4807727441740015 -0.37629768794614848 8.7616696502898215 5.2421568748477494 -0.47161306543508769 -0.35721058745330947 4.4961635711836943 1.0027437530838972 -0.079180268102847964 -0.31198441302699165 -0.36057657385717484 10.827813772632123 0.80801415709802027
leaf_weight=94 20 29 84 21 509 67 44 20 20 77 29 23 40 117 46 194 20 59 50 108 20 22 55 22 26 22 23 26 27 27
leaf_count=94 20 29 84 21 509 67 44 20 20 77 29 23 40 117 46 194 20 59 50 108 20 22 55 22 26 22 23 26 27 27
internal_value=-0.00374807 0.00397059 0.000840517 -0.00461538 -0.0102034 -0.00508065 0.00038961 0.00672414 -0.0117738 0.000510204 -0.0112832 -0.00783582 -0.0129354 -0.00908867 -0.00104651 0.00742857 0.00938127 0.00328571 0.00260331 0.00779412 0.00739437 0.00214286 -0.00324742 -0.00409091 0.0107463 0.00285714 0.00214286 -0.00978261 0.01 -0.0012
internal_weight=1941 884 464 260 1057 248 154 87 809 147 113 67 712 203 86 420 299 105 121 204 71 42 97 99 134 42 70 46 48 50
internal_count=1941 884 464 260 1057 248 154 87 809 147 113 67 712 203 86 420 299 105 121 204 71 42 97 99 134 42 70 46 48 50
is_linear=0
shrinkage=0.03


Tree=39
num_leaves=31
num_cat=0
split_feature=11 9 6 58 6 8 47 37 21 15 6 6 6 6 10 39 37 27 26 1 58 43 20 27 1 53 26 26 53 16
split_gain=106.57 10.4769 14.7315 10.3026 18.4963 9.98891 8.33313 10.1166 6.18222 5.93414 5.55962 13.369 5.09137 8.53341 14.6543 5.02616 4.68069 5.41917 3.64037 3.46276 3.17979 2.99662 2.64672 4.27669 2.28913 2.19469 2.02797 1.86667 1.56287 1.512
threshold=-0.065403129230142895 141.50000000000003 17.500000000000004 1006.5500000000001 17.500000000000004 3.5000000000000004 45.500000000000007 77.07053571500002 268.50000000000006 57.500000000000007 26.500000000000004 28.500000000000004 26.500000000000004 28.500000000000004 0.032701564615071572 159.26763392750004 59.850000000000009 307.50000000000006 11.65 131.50000000000003 1007.35 -328.25803569999999 99.500000000000014 201.50000000000003 7867.9821430000011 175.50000000000003 18.650000000000002 10.750000000000002 191.00000000000003 25.250000000000004
decision_type=2 2 2 2 2 2 2 2 2 2 2 2 2 2 2 2 2 2 2 2 2 2 2 2 2 2 2 2 2 2
left_child=3 2 -2 4 15 16 7 -4 20 -7 25 24 19 14 -14 -1 -6 -18 -8 -3 -5 -11 23 -17 -12 -10 -23 -16 -25 -15
right_child=1 12 6 8 5 9 18 -9 10 21 11 -13 13 29 27 22 17 -19 -20 -21 -22 26 -24 28 -26 -27 -28 -29 -30 -31
leaf_value=-0.082889970234255941 -0.34975927664145956 -0.34975927664145956 8.9021127268960853 2.8247969102215564 0.19906792396589948 10.502979359453159 -0.3748922102111728 -0.64755243839938348 4.1131864775688634 1.2677180403237001 -0.32137359380340369 6.8991021296531994 -0.37348413267803177 -0.34975927664145956 11.75039191462265 -0.74662399719788819 -0.36245826261707392 6.0836011646571881 0.52733936488224664 -0.13199451865614253 -0.24708026925269364 -0.75780344229947449 8.3655484303794996 0.7908757834434732 -0.34975927664145956 11.306848781965019 0.25456555510584167 2.1876135347279706 8.2589193022363219 -0.34975927664145956
leaf_weight=41 89 509 67 41 32 29 38 20 91 21 20 63 46 20 28 24 112 21 21 35 64 38 69 33 26 141 21 20 56 105
leaf_count=41 89 509 67 41 32 29 38 20 91 21 20 63 46 20 28 24 112 21 21 35 64 38 69 33 26 141 21 20 56 105
internal_value=-0.00374807 -0.0105812 -0.00504255 0.00348356 0.000513078 -0.00470803 0.000821918 0.00672414 0.00679372 0.00233945 0.00875367 0.00316514 -0.012287 -0.00842466 -0.00159574 0.00692825 -0.00936364 -0.0118421 -0.00788136 -0.0138419 0.000428571 -0.001875 0.00906593 0.00623894 -0.00913043 0.0113793 -0.00533898 0.01 0.00926966 -0.01356
internal_weight=1941 998 235 943 497 274 146 87 446 109 341 109 763 219 94 223 165 133 59 544 105 80 182 113 46 232 59 48 89 125
internal_count=1941 998 235 943 497 274 146 87 446 109 341 109 763 219 94 223 165 133 59 544 105 80 182 113 46 232 59 48 89 125
is_linear=0
shrinkage=0.03


Tree=40
num_leaves=31
num_cat=0
split_feature=1 9 6 11 8 54 17 6 6 37 6 6 10 33 26 4 54 27 26 18 34 52 43 18 37 22 53 25 23 45
split_gain=104.646 11.2674 15.4533 10.3976 11.5504 18.6706 9.99664 9.74227 14.4909 5.96992 5.06664 9.37217 13.1188 4.24403 4.20795 3.59258 4.14205 3.74834 3.53488 3.45168 4.38341 3.96418 3.36898 2.90514 2.63043 2.42106 2.41924 2.15714 1.754 3.39481
threshold=344.75000000000006 141.50000000000003 17.500000000000004 -0.58216583101416131 3.5000000000000004 380.30000000000001 45.500000000000007 26.500000000000004 20.500000000000004 11.392857145000002 26.500000000000004 28.500000000000004 0.097964660725097311 319.89375000000001 11.65 13.500000000000002 319.05000000000007 290.50000000000006 17.950000000000003 48.500000000000007 1136.1008930000003 241.50000000000003 35.623214304999983 61.500000000000007 336.70000000000005 136.00000000000003 118.50000000000001 124.50000000000001 62.500000000000007 85.500000000000014
decision_type=2 2 2 2 2 2 2 2 2 2 2 2 2 2 2 2 2 2 2 2 2 2 2 2 2 2 2 2 2 2
left_child=1 2 -1 4 5 -2 9 8 13 -4 -3 12 -12 -7 -8 16 -6 -17 -10 20 21 22 26 -21 -25 28 27 -5 29 -24
right_child=3 10 6 19 15 7 14 -9 18 -11 11 -13 -14 -15 -16 17 -18 -19 -20 23 -22 -23 25 24 -26 -27 -28 -29 -30 -31
leaf_value=-0.33926649834221578 6.8338754615575299 -0.33926649834221578 10.162455059221264 0.10089474911359303 -0.092332819249105275 17.842413723154753 -0.40104072478570402 -0.34195894456936293 10.763105706332738 -0.30962069952842852 -0.36227960869769082 -0.33926649834221578 10.359405118299669 -0.3385446742941588 0.61349015509063143 -0.48147066134783811 10.149638653425678 5.2653500150378783 -0.29122599784294434 9.0637944370265497 2.1417829468435712 -0.36644901293136245 2.505238019383921 -0.83797145029442099 6.2015856094975863 2.1829536151992484 1.5017042783865509 -0.36440671239280181 -0.57364361697539601 -0.24111047674815836
leaf_weight=87 142 522 59 27 22 20 41 54 53 20 45 120 46 47 22 31 176 32 20 20 32 97 21 23 23 23 26 24 35 31
leaf_count=87 142 522 59 27 22 20 41 54 53 20 45 120 46 47 22 31 176 32 20 20 32 97 21 23 23 23 26 24 35 31
internal_value=-0.00382535 -0.0108524 -0.00504367 0.00307967 0.00555276 0.001875 0.00105634 -0.00417526 0 0.00816456 -0.0126671 -0.00874408 -0.00148352 -0.0100746 -0.00785714 0.0102874 0.0122727 0.00404762 0.00924658 -0.00078534 -0.00208861 -0.00327465 -0.000721925 0.00545455 0.00130435 -0.00409091 0.00409091 0.000294118 -0.00637931 -0.00288462
internal_weight=1941 962 229 979 597 336 142 194 140 79 733 211 91 67 63 261 198 63 73 382 316 284 187 66 46 110 77 51 87 52
internal_count=1941 962 229 979 597 336 142 194 140 79 733 211 91 67 63 261 198 63 73 382 316 284 187 66 46 110 77 51 87 52
is_linear=0
shrinkage=0.03


Tree=41
num_leaves=31
num_cat=0
split_feature=1 58 12 8 12 8 47 45 40 39 27 37 53 19 10 26 27 26 57 8 16 37 46 18 20 17 37 8 10 57
split_gain=102.82 11.256 19.066 10.6772 10.3898 14.6507 9.09418 6.08145 5.86984 5.64667 5.28742 5.17126 4.91889 4.42216 5.20444 6.42298 4.19234 3.74403 3.60788 5.19613 9.48671 4.64534 3.56935 3.50635 3.96307 2.349 3.25338 2.24307 2.78944 7.11973
threshold=344.75000000000006 1006.5500000000001 0.51018811501624672 3.5000000000000004 0.64987354830121502 4.5000000000000009 45.500000000000007 77.500000000000014 475.22768601247918 248.89196428937504 307.50000000000006 7.0553571430000011 191.00000000000003 2.5000000000000004 0.88144907265856365 8.6500000000000004 62.500000000000007 11.65 270.50000000000006 3.5000000000000004 23.650000000000002 329.7044643000001 23.250000000000004 40.500000000000007 43.500000000000007 12.500000000000002 462.90714285000007 3.5000000000000004 -0.22695468355932472 306.50000000000006
decision_type=2 2 2 2 2 2 2 2 2 2 2 2 2 2 2 2 2 2 2 2 2 2 2 2 2 2 2 2 2 2
left_child=4 2 9 10 13 6 8 18 -6 -2 11 -4 22 14 27 -16 -9 -8 -3 20 -20 -21 -5 -11 -25 -24 -27 28 -1 -30
right_child=1 7 3 12 5 -7 17 16 -10 23 -12 -13 -14 -15 15 -17 -18 -19 19 21 -22 -23 25 24 -26 26 -28 -29 29 -31
leaf_value=-0.3514112204367601 -0.079877150310706926 10.430045252064108 0.16646587723823952 9.4472848061159542 9.6168315905500936 -0.32908850339194934 -0.38610409889249114 2.7902882636856461 -0.30033207854257565 6.6409730751295921 3.9140678770638839 -0.35337358946683911 7.2272806318922802 -0.32908850339194934 -0.36912626286658018 13.948512807854961 -0.23817003192451935 0.4931144792830604 -0.33164226770860911 -0.50763267165797554 3.6994153333983171 8.2337222519403053 -0.53723696218703254 -0.28122419202379717 8.2901961687682881 -0.44317169775038928 1.1846353707623922 -0.32908850339194934 0.50949324804640628 -0.32908850339194934
leaf_weight=60 50 85 28 20 60 87 40 22 21 90 22 124 24 408 33 20 69 21 34 20 94 124 56 37 33 22 25 130 44 38
leaf_count=60 50 85 28 20 60 87 40 22 21 90 22 124 24 408 33 20 69 21 34 20 94 124 56 37 33 22 25 130 44 38
internal_value=-0.00391808 0.00292646 -2.82486e-05 -0.00462617 -0.0108836 -0.00530568 0.000633803 0.00642857 0.00722222 0.007 -0.00965517 -0.0116447 0.00132653 -0.0126262 -0.0100154 -0.00141509 -0.000494505 -0.00811475 0.00819328 0.00650735 0.00210938 0.0104167 -0.00109756 0.00975 0.00471429 -0.00334951 0.00159574 -0.0116912 -0.00908451 -0.0054878
internal_weight=1941 979 531 321 962 229 142 448 81 210 174 152 147 733 325 53 91 61 357 272 128 144 123 160 70 103 47 272 142 82
internal_count=1941 979 531 321 962 229 142 448 81 210 174 152 147 733 325 53 91 61 357 272 128 144 123 160 70 103 47 272 142 82
is_linear=0
shrinkage=0.03


Tree=42
num_leaves=31
num_cat=0
split_feature=1 58 13 8 13 8 36 11 41 53 16 47 46 57 51 8 8 37 49 57 40 26 48 16 18 33 58 23 10 47
split_gain=101.306 10.3773 18.5058 10.4427 8.31272 12.8474 9.50071 7.62321 5.7173 5.59585 5.88902 4.81741 4.66649 4.58455 4.28273 4.34062 10.9304 10.4143 3.481 3.78851 6.86842 9.08777 3.24024 3.09213 2.74288 2.68235 2.42317 1.83749 1.6875 1.55388
threshold=1242.6875000000002 1006.5500000000001 -0.86001983016326766 2.5000000000000004 -0.75999367905021098 4.5000000000000009 57.48125000000001 0.77259657388510627 218.88535465283988 191.00000000000003 23.250000000000004 39.500000000000007 25.050000000000004 307.50000000000006 271.50000000000006 3.5000000000000004 1.5000000000000002 687.82946430000015 2.5000000000000004 302.50000000000006 0.38511904762499055 7.0000000000000009 29.500000000000004 24.850000000000005 15.500000000000002 1133.0267855000004 1004.0500000000001 126.50000000000001 0.72947329433276253 51.500000000000007
decision_type=2 2 2 2 2 2 2 2 2 2 2 2 2 2 2 2 2 2 2 2 2 2 2 2 2 2 2 2 2 2
left_child=4 2 8 13 6 7 22 12 26 10 -5 -9 -6 -4 23 16 25 -18 19 20 21 -8 -1 -3 -25 -16 -2 -10 -23 -17
right_child=1 14 3 9 5 -7 18 11 27 -11 -12 -13 -14 -15 15 29 17 -19 -20 -21 -22 28 -24 24 -26 -27 -28 -29 -30 -31
leaf_value=-0.19892144499920775 3.2843151076901096 8.7620898354155212 -0.33842591795470339 7.9138207197174966 -0.38943945867381807 -0.31921584829019084 -0.31921584829019084 9.9453853452054357 4.2515422226015156 7.0104622129355114 -0.32851076981649735 -0.308446626612909 2.0314963373522108 5.5848740050293664 8.7491341165441856 7.9905372848060425 8.5731450452610165 -0.32169299967735082 -0.31921584829019084 -0.31921584829019084 -0.31921584829019084 0.1704204705591377 0.571349853749616 1.3574353271027262 -0.43028856417072403 2.1379715483974264 -0.24796753588371687 7.846577059207009 12.605971719315564 4.5374865100895381
leaf_weight=81 29 21 92 32 74 96 50 37 34 24 108 22 22 20 77 136 20 36 391 113 103 24 28 27 59 20 26 95 24 20
leaf_count=81 29 21 92 32 74 96 50 37 34 24 108 22 22 20 77 136 20 36 391 113 103 24 28 27 59 20 26 95 24 20
internal_value=-0.00399536 0.00356164 0.000456522 -0.00445652 -0.0102113 -0.00543825 -0.011683 -9.67742e-05 0.00782609 0.000365854 -0.00192857 0.00838983 -0.0053125 -0.0115179 0.00699519 0.00878641 0.00519608 -0.00535714 -0.0129574 -0.0106051 -0.00813433 -0.00244898 -0.00344037 0.00182243 -0.000697674 0.0112887 -0.000272727 0.0112791 0.006875 0.0123077
internal_weight=1941 876 460 276 1065 251 814 155 184 164 140 59 96 112 416 309 153 56 705 314 201 98 109 107 86 97 55 129 48 156
internal_count=1941 876 460 276 1065 251 814 155 184 164 140 59 96 112 416 309 153 56 705 314 201 98 109 107 86 97 55 129 48 156
is_linear=0
shrinkage=0.03


Tree=43
num_leaves=31
num_cat=0
split_feature=11 9 49 9 19 11 11 6 6 36 53 16 51 6 6 35 19 16 48 45 16 47 58 2 18 16 14 17 1 11
split_gain=101.281 9.33039 18.5637 9.29105 13.6363 11.6313 8.22759 8.61477 19.9111 5.17936 4.75311 3.92069 3.93897 3.8874 9.03578 11.1608 3.38386 3.22667 3.14864 3.03044 3.4614 6.3601 6.66073 2.7795 2.56423 2.3346 1.93465 1.67222 1.56877 1.55878
threshold=-0.065403129230142895 141.50000000000003 3.5000000000000004 141.50000000000003 7.5000000000000009 0.81241147629689003 -0.77259657388510616 26.500000000000004 28.500000000000004 66.986607145000008 191.00000000000003 23.350000000000005 760.50000000000011 26.500000000000004 28.500000000000004 12.693750000000003 2.5000000000000004 24.350000000000005 21.500000000000004 85.500000000000014 25.450000000000003 17.500000000000004 1006.5500000000001 5423.1875000000009 18.500000000000004 25.150000000000002 31.150000000000002 1.5000000000000002 4408.0803570000007 0.44228869021900113
decision_type=2 2 2 2 2 2 2 2 2 2 2 2 2 2 2 2 2 2 2 2 2 2 2 2 2 2 2 2 2 2
left_child=1 2 -1 4 5 25 7 23 -9 16 18 -8 19 -11 15 -15 -5 -6 -4 20 21 22 26 -3 -21 29 -13 -10 -28 -2
right_child=3 6 10 9 17 -7 11 8 27 13 -12 12 -14 14 -16 -17 -18 -19 -20 24 -22 -23 -24 -25 -26 -27 28 -29 -30 -31
leaf_value=-0.37285128115850635 -0.98451523570765254 10.277417448836237 -0.42458790499595073 0.1372204665313545 -0.44805586395871794 9.3995333215275885 7.6890053129950608 -0.3154974609143637 1.3612269253539255 -0.30963937284148513 7.3038083059003878 -0.4572872722049881 -0.32516737992960992 6.4317064958507943 -0.30963937284148513 -0.33129240837495161 -0.29352931648778735 -0.30963937284148513 3.6661965794418157 0.034946286421703478 -0.42340878346074284 3.9503309311683221 2.9762556417427599 5.1291911968829238 -0.25621448506997341 3.2595383072522623 0.044929199860834323 9.2413204946345395 -0.4410541095472979 -0.31744625626315381
leaf_weight=80 27 193 45 25 20 43 27 42 20 489 64 23 23 41 114 42 52 100 22 40 33 140 31 38 34 22 22 43 23 23
leaf_count=80 27 193 45 25 20 43 27 42 20 489 64 23 23 41 114 42 52 100 22 40 33 140 31 38 34 22 22 43 23 23
internal_value=-0.00397991 0.00306999 -0.00248815 -0.0106413 -0.00542553 0.00195652 0.00467213 0.008125 0.001 -0.0122477 0.00446565 0.00174242 0.000934959 -0.0130758 -0.00951777 -0.00198795 -0.00487013 -0.0125 -0.0011194 0.0017341 0.00319853 0.00445607 -0.00136364 0.0113636 -0.00364865 -0.00541667 -0.00661765 0.0116667 -0.003 -0.009
internal_weight=1941 943 211 998 235 115 732 336 105 763 131 396 369 686 197 83 77 120 67 346 272 239 99 231 74 72 68 63 45 50
internal_count=1941 943 211 998 235 115 732 336 105 763 131 396 369 686 197 83 77 120 67 346 272 239 99 231 74 72 68 63 45 50
is_linear=0
shrinkage=0.03


Tree=44
num_leaves=31
num_cat=0
split_feature=11 9 19 11 8 24 23 6 6 26 19 36 2 2 6 6 10 19 15 50 6 46 36 18 46 26 51 26 15 35
split_gain=99.7992 9.15801 13.1486 9.59191 9.13196 14.5151 12.5863 11.5614 16.5422 7.96493 7.59775 5.29036 4.19877 4.00641 3.42747 8.05969 9.7256 3.38386 3.13346 3.21062 5.33333 2.85869 2.52375 3.64018 4.67726 3.11144 2.14881 2.12121 2.91212 2.03295
threshold=-0.065403129230142895 141.50000000000003 7.5000000000000009 0.81241147629689003 3.5000000000000004 380.30000000000001 160.50000000000003 26.500000000000004 20.500000000000004 8.0500000000000025 13.500000000000002 66.986607145000008 1243.5267855000002 5454.5000000000009 26.500000000000004 28.500000000000004 0.097964660725097311 2.5000000000000004 68.500000000000014 43.500000000000007 25.500000000000004 24.350000000000005 57.48125000000001 6.5000000000000009 25.050000000000004 7.0000000000000009 84.500000000000014 18.650000000000002 61.500000000000007 443.67500000000001
decision_type=2 2 2 2 2 2 2 2 2 2 2 2 2 2 2 2 2 2 2 2 2 2 2 2 2 2 2 2 2 2
left_child=4 2 3 -2 5 9 22 8 10 12 -7 17 -1 -10 -13 16 -16 -3 -11 20 -20 -4 23 27 -25 -26 -21 -6 -29 -8
right_child=1 11 21 -5 6 7 29 -9 13 18 -12 14 -14 -15 15 -17 -18 -19 19 26 -22 -23 -24 24 25 -27 -28 28 -30 -31
leaf_value=-0.32657149161161797 -0.35591318040288489 0.1331038525354139 -0.43461418803995644 9.1175473218817622 -0.80197642476465825 -0.37173086234803698 9.3892958144387872 -0.31300486187056586 9.8787641578268222 8.2957719811133011 16.714570578784826 -0.30035019165624055 3.6778334602049139 0.87710299306334971 -0.32135363612370305 -0.30035019165624055 6.2387553009752708 -0.28472343699315361 -0.90019769632422808 1.8580700004494699 8.2943931007847098 -0.30035019165624055 -0.45884133465629728 2.2284984267188883 1.4139871977016918 -0.73592919476687968 5.3810337517261582 6.3289102832528279 -0.13842111312720376 2.258206482996687
leaf_weight=47 72 25 22 43 40 69 177 72 48 48 20 489 25 52 42 114 41 52 30 42 20 98 23 49 27 21 54 20 24 35
leaf_count=47 72 25 22 43 40 69 177 72 48 48 20 489 25 52 42 114 41 52 30 42 20 98 23 49 27 21 54 20 24 35
internal_value=-0.00411901 -0.0107315 -0.00555319 0.00169565 0.00287911 0.000256167 0.00620192 -0.00477011 -0.000873016 0.00518797 -0.0102809 -0.0123263 -0.00333333 0.0075 -0.0131633 -0.00982234 -0.00271084 -0.00487013 0.00835052 0.00616438 0 -0.0125 0.000882353 0.00207182 0.00603093 -0.000625 0.009375 -0.0025 0.00204545 0.0113208
internal_weight=1941 998 235 115 943 527 416 261 189 266 89 763 72 100 686 197 83 77 194 146 50 120 204 181 97 48 96 84 44 212
internal_count=1941 998 235 115 943 527 416 261 189 266 89 763 72 100 686 197 83 77 194 146 50 120 204 181 97 48 96 84 44 212
is_linear=0
shrinkage=0.03


Tree=45
num_leaves=31
num_cat=0
split_feature=1 28 6 24 9 19 11 36 45 30 14 27 19 6 37 18 11 46 57 6 6 35 21 33 46 27 6 19 51 15
split_gain=96.8785 9.63984 17.669 9.23223 8.38716 11.9144 10.3655 8.62236 5.60707 5.14 5.15887 4.82948 4.1626 4.12577 10.7037 4.74074 3.88076 3.39948 3.37134 3.29785 8.11867 9.7256 2.88495 2.85621 2.79168 2.51184 2.42472 1.99059 1.72857 1.69615
threshold=1242.6875000000002 1006.5500000000001 17.500000000000004 741.80000000000007 141.50000000000003 7.5000000000000009 0.81241147629689003 66.986607145000008 77.500000000000014 365.14464285000003 30.950000000000003 281.50000000000006 2.5000000000000004 26.500000000000004 687.82946430000015 10.500000000000002 -0.63405362205439475 25.150000000000002 159.50000000000003 26.500000000000004 28.500000000000004 12.693750000000003 331.50000000000006 1133.0267855000004 24.350000000000005 209.00000000000003 2.5000000000000004 38.500000000000007 338.50000000000006 78.500000000000014
decision_type=2 2 2 2 2 2 2 2 2 2 2 2 2 2 2 2 2 2 2 2 2 2 2 2 2 2 2 2 2 2
left_child=4 2 16 9 5 6 17 12 13 10 -4 -5 -6 22 -15 -16 29 -1 -10 -9 21 -21 -3 -24 -7 26 -18 -14 -27 -2
right_child=1 8 3 11 7 24 -8 19 18 -11 -12 -13 27 14 15 -17 25 -19 -20 20 -22 -23 23 -25 -26 28 -28 -29 -30 -31
leaf_value=-0.67486289442832081 9.9079538170497123 0.19480827548966714 -0.36517123369249566 -0.29998182541080343 0.12911073695935152 -0.38530235755400521 8.84402090222531 -0.29133968590655335 2.2759671922975802 -0.30638510942030245 1.7397990946749948 8.5050416129105635 -0.30200418253250877 6.0743917270241612 0.85566357578372043 -0.4940365277459593 1.6653212195730176 1.7547853659779393 -0.39792640921278466 6.0515926419460113 -0.29133968590655335 -0.31171302703999199 9.1716809691177659 1.3905420547345033 -0.29133968590655335 2.9042228684992839 -0.43516498106129203 -0.036477065419883201 0.021793612585436221 7.0074053312026932
leaf_weight=60 52 33 31 35 41 21 43 492 23 139 28 32 51 54 27 27 20 23 50 41 116 42 169 23 104 24 23 31 21 65
leaf_count=60 52 33 31 35 41 21 43 492 23 139 28 32 51 54 27 27 20 23 50 41 116 42 169 23 104 24 23 31 21 65
internal_value=-0.00427357 0.00311644 0.000191489 -0.00492453 -0.0103521 -0.00555777 0.000952381 -0.0118305 0.00650246 -0.00818182 -0.000762712 0.00470149 -0.0045122 0.00815315 0.00333333 -0.00611111 0.00680488 -0.00524096 -0.0010274 -0.0131331 -0.00987437 -0.00271084 0.0104667 0.011875 -0.01212 0.00204545 -0.00313953 -0.00841463 0.007 0.0103846
internal_weight=1941 876 470 265 1065 251 126 814 406 198 59 67 123 333 108 54 205 83 73 691 199 83 225 192 125 88 43 82 45 117
internal_count=1941 876 470 265 1065 251 126 814 406 198 59 67 123 333 108 54 205 83 73 691 199 83 225 192 125 88 43 82 45 117
is_linear=0
shrinkage=0.03


Tree=46
num_leaves=31
num_cat=0
split_feature=11 58 6 8 9 36 6 27 11 57 21 6 6 46 47 36 45 47 45 6 6 10 33 51 58 46 18 1 39 35
split_gain=95.4615 10.0546 15.4645 10.1603 8.33178 10.9385 10.8214 7.05357 6.53949 4.90849 4.78161 5.48148 14.2055 4.51241 3.97637 3.80975 3.69728 3.44627 5.72171 3.2741 8.37728 10.4334 2.67881 2.48849 2.13578 2.21024 3.20017 1.8087 1.76605 2.22824
threshold=-0.22695468355932455 1006.5500000000001 17.500000000000004 2.5000000000000004 141.50000000000003 57.48125000000001 17.500000000000004 294.50000000000006 0.77259657388510627 307.50000000000006 271.50000000000006 26.500000000000004 28.500000000000004 25.050000000000004 39.500000000000007 2.7142857145000003 87.500000000000014 18.500000000000004 82.500000000000014 26.500000000000004 28.500000000000004 0.29012925520284133 1133.0267855000004 331.50000000000006 1008.9500000000002 25.050000000000004 24.500000000000004 7867.9821430000011 923.52656247500011 874.45000000000016
decision_type=2 2 2 2 2 2 2 2 2 2 2 2 2 2 2 2 2 2 2 2 2 2 2 2 2 2 2 2 2 2
left_child=1 2 16 9 6 17 -2 15 13 -4 24 22 27 -8 -10 28 -1 -6 -19 -7 21 -21 23 -12 25 -3 -27 -13 29 -5
right_child=4 10 3 7 5 19 8 -9 14 -11 11 12 -14 -15 -16 -17 -18 18 -20 20 -22 -23 -24 -25 -26 26 -28 -29 -30 -31
leaf_value=5.1147805891733489 -0.28259949532935674 6.6964780989494459 -0.29621632055105196 0.44540283066810815 -0.30718302463117064 -0.28259949532935674 -0.34326975558065914 7.7901815330155042 8.8261907384802338 5.1568660119542216 2.4658657188211288 -0.27842395269477654 5.7394948648553212 1.7521798888555671 -0.27215335030239335 4.2698651245741814 -0.21303863472046203 1.5768053508855757 -0.13989588329576857 -0.3023616362287922 -0.28259949532935674 9.5843678302967774 1.3488257930924681 9.0115608163027403 -0.34191619539080703 1.6705065378639106 -0.73588221251668273 -0.51380686039970791 -0.89779629851205889 -0.35611370234675754
leaf_weight=163 99 22 86 22 55 502 79 34 37 20 22 20 59 22 22 21 25 29 52 48 118 37 25 173 21 25 21 26 31 25
leaf_count=163 99 22 86 22 55 502 79 34 37 20 22 20 59 22 22 21 25 29 52 48 118 37 25 173 21 25 21 26 31 25
internal_value=-0.00427357 0.00333532 0.000105386 -0.00495816 -0.0100909 -0.0115398 -0.0053861 0.00056391 -0.0005625 -0.0118868 0.00666667 0.00835385 0.00271429 -0.00519802 0.00737288 -0.00348485 0.00654255 -0.00375 0.000185185 -0.0130426 -0.00982759 -0.00264706 0.0110455 0.0122308 0.000505618 0.00308824 -0.000652174 -0.00978261 -0.00653846 -0.00287234
internal_weight=1941 841 427 239 1100 841 259 133 160 106 414 325 105 101 59 99 188 136 81 705 203 85 220 195 89 68 46 46 78 47
internal_count=1941 841 427 239 1100 841 259 133 160 106 414 325 105 101 59 99 188 136 81 705 203 85 220 195 89 68 46 46 78 47
is_linear=0
shrinkage=0.03


Tree=47
num_leaves=31
num_cat=0
split_feature=11 58 9 9 9 1 54 49 46 11 58 21 44 2 49 10 46 14 24 40 40 9 9 24 33 26 9 49 1 44
split_gain=91.9727 10.0209 15.5301 8.30793 10.5022 9.72002 6.9026 9.17228 6.4 6.14545 5.30608 4.74251 4.56121 4.22698 3.61745 4.01074 9.77567 3.6 3.14819 3.06651 3.06515 3.01697 15.9385 2.69721 3.35649 2.06052 2.30205 1.99711 1.8087 1.74773
threshold=-0.22695468355932455 1006.5500000000001 151.50000000000003 141.50000000000003 138.50000000000003 131.50000000000003 777.55000000000007 3.5000000000000004 25.150000000000002 0.81241147629689003 1005.4500000000002 271.50000000000006 32.150000000000013 1619.0000000000002 2.5000000000000004 0.72947329433276253 25.550000000000004 28.550000000000004 16.900000000000002 889.23813245625013 889.23813245625013 147.50000000000003 149.50000000000003 331.90000000000003 1133.0267855000004 5.4500000000000011 149.50000000000003 2.5000000000000004 7867.9821430000011 28.450000000000003
decision_type=2 2 2 2 2 2 2 2 2 2 2 2 2 2 2 2 2 2 2 2 2 2 2 2 2 2 2 2 2 2
left_child=1 2 6 4 -2 14 7 19 9 -6 12 25 -9 -4 15 29 -17 -11 -7 -1 -15 23 28 -13 -25 -3 -27 -20 -23 -5
right_child=3 11 13 5 8 18 -8 10 -10 17 -12 21 -14 20 -16 16 -18 -19 27 -21 -22 22 -24 24 -26 26 -28 -29 -30 -31
leaf_value=-0.28708633349465507 -0.27412151046947603 -0.34804100452442982 -0.1835662261360744 -0.27412151046947603 -0.2976218782892836 0.044032148295018982 9.3324336319571515 -0.45427445029826063 8.8455817410080435 9.3988448797454769 8.3416137891000748 0.96121667426488011 1.9363093495623007 7.0842304707926207 -0.27412151046947603 9.1503219241050981 -0.27568776891719105 -0.26398874979332154 -0.010635417908676031 -0.29271655914701117 -0.33213442530015358 -0.27007123411393325 6.7073262310056094 8.3497051960865036 1.3063117081091418 4.0301731830284169 -0.30424853564324594 -0.33860432088581455 -0.49839265458771653 -0.27412151046947603
leaf_weight=103 99 39 39 75 88 45 20 23 32 20 30 20 24 112 397 33 56 20 31 56 20 20 89 146 24 26 24 53 26 151
leaf_count=103 99 39 39 75 88 45 20 23 32 20 30 20 24 112 397 33 56 20 31 56 20 20 89 146 24 26 24 53 26 151
internal_value=-0.00448995 0.0029786 -0.000245902 -0.0102 -0.00550193 -0.0116468 -0.00492188 -0.00635593 -0.00075 -0.00375 0.00214286 0.00630435 -0.00414894 0.00675439 -0.0130197 -0.010619 -0.00522472 0.006 -0.00406977 -0.0104717 0.00931818 0.00798462 0.00455556 0.0104211 0.0116471 0.000168539 0.0042 -0.0075 -0.00978261 -0.0127434
internal_weight=1941 841 427 1100 259 841 256 236 160 128 77 414 47 171 712 315 89 40 129 159 132 325 135 190 170 89 50 84 46 226
internal_count=1941 841 427 1100 259 841 256 236 160 128 77 414 47 171 712 315 89 40 129 159 132 325 135 190 170 89 50 84 46 226
is_linear=0
shrinkage=0.03


Tree=48
num_leaves=31
num_cat=0
split_feature=11 58 19 24 12 19 11 11 11 21 6 6 8 8 6 6 10 20 45 39 16 19 58 33 51 27 12 27 10 27
split_gain=88.5204 8.93657 14.7468 10.2034 8.72264 12.4039 9.86182 9.27977 5.27162 4.59268 6.10495 11.7261 4.12845 3.84811 3.46409 7.86395 10.12 3.35588 5.46672 3.26168 3.12265 2.31818 2.33742 2.29827 2.80951 2.05409 2.7 1.98529 1.8087 1.67828
threshold=-0.22695468355932455 1006.5500000000001 2.5000000000000004 761.90000000000009 0.64987354830121502 7.5000000000000009 0.81241147629689003 0.097964660725097227 -0.58216583101416131 271.50000000000006 26.500000000000004 28.500000000000004 3.5000000000000004 1.0000000180025095e-35 26.500000000000004 28.500000000000004 0.29012925520284133 1.5000000000000002 85.500000000000014 923.52656247500011 24.350000000000005 2.5000000000000004 1004.1500000000002 1133.0267855000004 331.50000000000006 320.50000000000006 0.59608197715088396 266.50000000000006 0.47114434510950082 281.50000000000006
decision_type=2 2 2 2 2 2 2 2 2 2 2 2 2 2 2 2 2 2 2 2 2 2 2 2 2 2 2 2 2 2
left_child=1 2 3 12 7 6 13 21 -4 25 23 28 -1 -6 -9 16 -16 -10 -19 -14 -7 27 -23 24 -11 26 -3 -2 -12 -5
right_child=4 9 8 29 5 20 -8 14 17 10 11 -13 19 -15 15 -17 -18 18 -20 -21 -22 22 -24 -25 -26 -27 -28 -29 -30 -31
leaf_value=-0.27551211707902201 -0.29348353786703868 -0.15491499281297536 6.0021378920727244 0.32768910583019989 1.4842851238166246 -0.35451653781128672 8.0319492066117775 -0.26589786515539177 -0.5815631179893842 2.1413985913739024 -0.3024021916727328 5.3660902319794923 0.73577612904577305 -0.58334452747690502 -0.28506714182784415 -0.26589786515539177 8.9490697020233334 4.4948066863106488 -0.38865395456371388 -0.85781015182838483 -0.26589786515539177 0.043816449497529032 -0.26589786515539177 1.2691716680564207 8.4907228359310629 -0.42590640091048215 2.9066972572351508 0.37922821969829729 -0.21131740565238785 9.1003117202165313
leaf_weight=94 20 40 144 20 23 23 43 492 33 22 26 59 23 64 48 112 36 50 22 20 106 23 76 25 173 29 20 34 20 21
leaf_count=94 20 40 144 20 23 23 43 492 33 22 26 59 23 64 48 112 36 50 22 20 106 23 76 25 173 29 20 34 20 21
internal_value=-0.00459815 0.00272889 -0.000316159 -0.00691011 -0.0102 -0.0053861 0.00115385 -0.0116825 0.00439759 0.00586957 0.00752308 0.00157143 -0.0108394 -0.00465517 -0.0131686 -0.00979592 -0.00285714 -0.000714286 0.00291667 -0.00313953 -0.0119767 -0.005 -0.00772727 0.0103636 0.0114615 -0.000168539 0.003 0 -0.00978261 0.00621951
internal_weight=1941 841 427 178 1100 259 130 841 249 414 325 105 137 87 688 196 84 105 72 43 129 153 99 220 195 89 60 54 46 41
internal_count=1941 841 427 178 1100 259 130 841 249 414 325 105 137 87 688 196 84 105 72 43 129 153 99 220 195 89 60 54 46 41
is_linear=0
shrinkage=0.03


Tree=49
num_leaves=31
num_cat=0
split_feature=1 58 6 9 6 8 47 11 36 44 6 16 16 6 50 27 36 50 39 56 9 6 6 10 46 56 27 9 27 41
split_gain=88.3097 11.7394 15.2935 10.6468 13.6027 8.69855 7.87202 5.84128 5.70417 5.55093 6.1246 6.29139 5.83401 9.46678 5.3339 5.16962 5.69569 3.69813 4.17111 3.69304 3.66667 3.51943 8.68553 10.7405 3.11421 2.96515 2.89132 2.47634 2.26981 2.00119
threshold=131.50000000000003 1006.5500000000001 17.500000000000004 141.50000000000003 17.500000000000004 3.5000000000000004 45.500000000000007 -0.84874750804349197 14.437500000000002 28.150000000000002 24.500000000000004 25.450000000000003 23.750000000000004 28.500000000000004 2.5000000000000004 307.50000000000006 12.693750000000003 50.500000000000007 365.92232143125005 11.65 137.50000000000003 26.500000000000004 28.500000000000004 0.29012925520284133 23.250000000000004 13.350000000000003 320.50000000000006 137.50000000000003 277.50000000000006 227.64303600054251
decision_type=2 2 2 2 2 2 2 2 2 2 2 2 2 2 2 2 2 2 2 2 2 2 2 2 2 2 2 2 2 2
left_child=3 2 7 4 -1 15 8 -2 -6 -3 20 12 13 -12 24 16 -4 27 -19 -8 -11 -5 23 -23 -7 -14 -22 -9 -27 -30
right_child=1 9 5 21 6 14 19 17 -10 10 11 -13 25 -15 -16 -17 -18 18 -20 -21 26 22 -24 -25 -26 28 -28 -29 29 -31
leaf_value=-0.25792092920073001 8.9896128507283759 -0.2224694776255523 -0.31516597507705746 -0.25792092920073001 -0.22539536994319545 7.6139810179424963 -0.26855737215857245 0.2037993347212706 7.9147359620742659 -0.5125362929735372 -0.29333012592255076 -0.46979746942849115 5.1721456704466027 7.0589197813321718 5.700763242556218 1.439756570102126 2.9788289100750718 -0.048925413465715904 5.3659823696556499 0.13446011935488414 8.2304085923223251 -0.27651512757300883 -0.25792092920073001 9.099874344361071 -0.36708250671883136 5.7706846638406741 2.623768758073342 -0.31339871283560272 3.9103045935143466 -0.20547427243444899
leaf_weight=85 70 22 138 509 20 20 39 20 60 24 30 33 58 22 28 23 20 49 40 21 151 48 117 38 78 33 25 64 21 35
leaf_count=85 70 22 138 509 20 20 39 20 60 24 30 33 58 22 28 23 20 49 40 21 151 48 117 38 78 33 25 64 21 35
internal_value=-0.00459815 0.00158367 -0.00136364 -0.011222 -0.00553333 -0.00581433 0.000214286 0.00425926 0.006375 0.00515419 0.00590278 0.00258621 0.00459799 -0.00403846 0.000238095 -0.0100276 -0.011962 0.00130058 0.0055618 -0.008 0.00975 -0.0130197 -0.0096798 -0.00244186 -0.00306122 0.00765306 0.01125 -0.00321429 0.00421348 0.000535714
internal_weight=1941 1004 550 937 225 307 140 243 80 454 432 232 199 52 126 181 158 173 89 60 200 712 203 86 98 147 176 84 89 56
internal_count=1941 1004 550 937 225 307 140 243 80 454 432 232 199 52 126 181 158 173 89 60 200 712 203 86 98 147 176 84 89 56
is_linear=0
shrinkage=0.03


Tree=50
num_leaves=31
num_cat=0
split_feature=11 9 49 11 58 9 8 57 45 33 6 6 31 11 53 54 53 40 6 6 10 46 58 33 24 8 26 48 45 22
split_gain=85.8365 9.26464 11.6073 9.2807 9.13232 14.2327 8.92941 5.70462 5.62366 5.22295 5.07116 6.15732 9.19545 5.01393 4.45177 5.48439 3.78054 3.73356 3.46409 7.86395 10.12 3.39578 3.10047 2.87066 2.38606 2.15848 2.08742 1.85391 1.65344 2.5037
threshold=-0.065403129230142895 141.50000000000003 7.5000000000000009 0.84874750804349197 1006.5500000000001 151.50000000000003 2.5000000000000004 307.50000000000006 77.500000000000014 465.17500000000001 26.500000000000004 28.500000000000004 585.77500000000009 0.097964660725097227 191.00000000000003 777.55000000000007 151.50000000000003 889.23813245625013 26.500000000000004 28.500000000000004 0.29012925520284133 24.350000000000005 1008.0500000000001 1133.0267855000004 304.90000000000003 1.5000000000000002 17.650000000000002 22.500000000000004 84.500000000000014 71.000000000000014
decision_type=2 2 2 2 2 2 2 2 2 2 2 2 2 2 2 2 2 2 2 2 2 2 2 2 2 2 2 2 2 2
left_child=4 2 3 25 5 6 7 -1 10 -7 16 12 -12 28 15 26 24 -11 -15 20 -20 -4 27 -18 -6 -2 -8 -10 29 -3
right_child=1 13 21 -5 8 9 14 -9 22 17 11 -13 -14 18 -16 -17 23 -19 19 -21 -22 -23 -24 -25 -26 -27 -28 -29 -30 -31
leaf_value=-0.27031469078575804 0.18556042540177423 0.18364166608921803 -0.23984545366825166 7.95706018261507 -1.0834522688947539 -0.031054315112650457 -0.34409727693848269 1.1488320205852047 2.5778620942790766 6.1461536252806459 7.5799139465404712 4.9840194457596985 -0.28453022214487422 -0.25018330132470812 5.4835053640983489 8.6467766016621734 9.1956252690487137 -0.33803731204907533 -0.26821967374581862 -0.25018330132470812 8.4076013806318031 -0.25018330132470812 -0.33416899568219122 1.2372607461877623 1.5683553799833929 -0.88668052765231742 -0.16469725717910846 -0.33698955259836694 -0.25018330132470812 -0.27523936394272125
leaf_weight=96 34 24 22 38 20 70 66 26 27 108 20 61 35 492 24 20 159 20 48 112 36 99 34 25 34 42 67 31 21 30
leaf_count=96 34 24 22 38 20 70 66 26 27 108 20 61 35 492 24 20 159 20 48 112 36 99 34 25 34 42 67 31 21 30
internal_value=-0.00462906 -0.0107615 -0.00555319 0.00131579 0.00186108 -0.000935614 -0.00506689 -0.0113115 0.00497758 0.00530303 0.00669492 0.00155172 -0.00572727 -0.0123657 -0.000762712 -0.00264706 0.00920168 0.00890625 -0.0131686 -0.00979592 -0.00285714 -0.0120248 -0.00163043 0.01125 0.00222222 -0.00473684 -0.00484962 0.00258621 -0.005 -0.00222222
internal_weight=1941 998 235 114 943 497 299 122 446 198 354 116 55 763 177 153 238 128 688 196 84 121 92 184 54 76 133 58 75 54
internal_count=1941 998 235 114 943 497 299 122 446 198 354 116 55 763 177 153 238 128 688 196 84 121 92 184 54 76 133 58 75 54
is_linear=0
shrinkage=0.03


Tree=51
num_leaves=31
num_cat=0
split_feature=11 12 49 11 11 8 6 12 27 27 11 18 6 6 10 35 54 16 14 27 29 37 16 18 37 8 18 42 23 45
split_gain=86.6801 9.37189 11.6073 9.2807 8.77065 9.25391 16.9898 16.6668 9.90857 4.53336 4.03179 3.77345 3.37509 7.86395 10.12 3.14543 2.99822 2.94903 2.85824 2.90497 2.33067 2.32692 2.30989 2.18939 2.25678 2.15848 1.94912 1.9137 1.45068 3.31758
threshold=-0.065403129230142895 0.64987354830121502 7.5000000000000009 0.84874750804349197 -0.58216583101416131 3.5000000000000004 26.500000000000004 0.64987354830121502 307.50000000000006 277.50000000000006 0.097964660725097227 48.500000000000007 26.500000000000004 28.500000000000004 0.29012925520284133 443.67500000000001 320.45000000000005 24.350000000000005 31.950000000000003 29.500000000000004 1.5000000000000002 809.38571430000013 23.750000000000004 62.500000000000007 336.70000000000005 1.5000000000000002 26.500000000000004 78.176785700000053 62.500000000000007 84.500000000000014
decision_type=2 2 2 2 2 2 2 2 2 2 2 2 2 2 2 2 2 2 2 2 2 2 2 2 2 2 2 2 2 2
left_child=4 10 3 25 5 6 7 9 -9 20 26 18 -12 14 -14 16 -7 -4 19 -6 -1 -17 -21 -13 -25 -3 -2 -11 29 -24
right_child=1 2 17 -5 11 15 -8 8 -10 27 12 23 13 -15 -16 21 -18 -19 -20 22 -22 -23 28 24 -26 -27 -28 -29 -30 -31
leaf_value=7.7076275764811939 -0.15051101850742632 0.17999361263972097 -0.36380607051726399 7.7183483771366159 1.0355946621539414 -0.12730850605501787 -0.275994315480528 -0.23277646814525604 14.781778313662604 1.4390028824328975 -0.24267780228496685 6.8956122578993435 -0.26017308353344409 -0.24267780228496685 8.1553733392128471 -0.53935081108636662 7.501181161588808 -0.24267780228496685 1.6650060712192436 -0.30860553342910757 2.3102824050390391 3.0799281868563404 2.9258598272059464 -0.78979834428147877 4.7323520026431494 -0.86008011182274802 0.012287478463455946 -0.34587906293443438 -0.31705919510337194 -0.15606602987663337
leaf_weight=119 51 34 20 38 21 24 58 54 21 43 492 22 48 112 36 26 185 101 20 47 21 26 24 21 23 42 24 20 135 33
leaf_count=119 51 34 20 38 21 24 58 54 21 43 492 22 48 112 36 26 185 101 20 47 21 26 24 21 23 42 24 20 135 33
internal_value=-0.00462906 -0.0107916 -0.00555319 0.00131579 0.0018929 0.00409548 0.000803571 0.00388489 -0.0082 0.00834975 -0.012405 -0.00190751 -0.013125 -0.00979592 -0.00285714 0.00833333 0.00997608 -0.0120248 -0.00342857 -0.00426923 0.0113571 0.00173077 -0.00520921 0.00454545 0.000681818 -0.00473684 -0.0058 0.00166667 -0.00375 0.000263158
internal_weight=1941 998 235 114 943 597 336 278 75 203 763 346 688 196 84 261 209 121 280 260 140 52 239 66 44 76 75 63 192 57
internal_count=1941 998 235 114 943 597 336 278 75 203 763 346 688 196 84 261 209 121 280 260 140 52 239 66 44 76 75 63 192 57
is_linear=0
shrinkage=0.03


Tree=52
num_leaves=31
num_cat=0
split_feature=1 9 6 58 6 8 47 40 11 50 44 6 27 37 46 37 46 49 57 35 26 9 50 40 11 46 57 21 26 19
split_gain=86.232 10.5273 13.6027 9.98889 15.3718 8.41993 7.87202 5.74083 5.6457 5.3339 5.25553 6.50169 5.04146 5.96051 3.92746 5.45588 6.58059 3.49158 3.86254 5.93805 8.37883 3.46939 3.40326 4.05684 3.29521 3.11421 3.06205 3.03649 2.72601 2.5105
threshold=131.50000000000003 141.50000000000003 17.500000000000004 1006.5500000000001 17.500000000000004 3.5000000000000004 45.500000000000007 323.40915921812501 -0.84874750804349197 2.5000000000000004 28.150000000000002 24.500000000000004 307.50000000000006 7.0553571430000011 25.450000000000003 687.82946430000015 23.750000000000004 2.5000000000000004 302.50000000000006 12.312500000000002 7.0000000000000009 137.50000000000003 50.500000000000007 701.27533479791668 0.68322629814330826 23.250000000000004 277.50000000000006 260.50000000000006 11.65 99.500000000000014
decision_type=2 2 2 2 2 2 2 2 2 2 2 2 2 2 2 2 2 2 2 2 2 2 2 2 2 2 2 2 2 2
left_child=1 2 -1 4 8 12 7 -4 -2 25 -5 21 13 -6 15 -13 -17 18 19 20 -3 -12 -10 29 -22 -7 -18 -23 -8 -24
right_child=3 17 6 10 5 9 28 -9 22 -11 11 14 -14 -15 -16 16 26 -19 -20 -21 24 27 23 -25 -26 -27 -28 -29 -30 -31
leaf_value=-0.23539746821641785 8.3043110291536735 -0.23539746821641785 7.8954158501782388 -0.22479656620390523 0.019205966086352645 7.0996137570102995 -0.26565646383577662 -0.19247774847198845 -0.20930538754396422 5.2078629280289919 -0.71519025818767812 3.7568163757819035 1.1742469498513952 -0.29350269579823468 -0.43114743395267791 -0.26771448601611214 6.7076460031605301 -0.23539746821641785 -0.23539746821641785 -0.23539746821641785 10.060723136012262 0.63200759290825148 0.43891472349030819 4.9895504499429446 -0.43508400569809913 -0.33976642869988644 -0.11691744186854065 8.0625361686581964 0.14521214888252792 -0.35512304165751485
leaf_weight=85 70 48 50 22 29 20 39 30 84 28 24 86 23 129 37 29 31 397 115 101 27 35 30 36 24 78 49 141 21 23
leaf_count=85 70 48 50 22 29 20 39 30 84 28 24 86 23 129 37 29 31 397 115 101 27 35 30 36 24 78 49 141 21 23
internal_value=-0.00464451 -0.01119 -0.00553333 0.00146414 -0.00125455 -0.00571661 0.000214286 0.006375 0.00438272 0.000238095 0.00475771 0.00548611 -0.00986188 -0.0117722 0.00206897 0.00376923 -0.000688073 -0.0129775 -0.010619 -0.0081 -0.00287879 0.00945 0.00147399 0.0055618 0.00558824 -0.00306122 0.00375 0.0109091 -0.008 0.000283019
internal_weight=1941 937 225 1004 550 307 140 80 243 126 454 432 181 158 232 195 109 712 315 200 99 200 173 89 51 98 80 176 60 53
internal_count=1941 937 225 1004 550 307 140 80 243 126 454 432 181 158 232 195 109 712 315 200 99 200 173 89 51 98 80 176 60 53
is_linear=0
shrinkage=0.03


Tree=53
num_leaves=31
num_cat=0
split_feature=1 9 9 58 9 47 57 54 9 38 36 40 9 19 16 46 9 56 18 53 29 50 49 57 10 26 30 44 56 26
split_gain=86.6689 10.1535 13.2222 9.98889 14.4519 7.46667 7.26424 8.03115 7.42733 5.56243 5.4 4.99646 4.94068 5.71429 4.09851 4.76826 8.42917 3.69304 3.58948 3.52083 3.39231 3.34461 3.21529 3.69643 6.63344 9.04088 3.07731 2.86125 2.78582 3.38559
threshold=131.50000000000003 141.50000000000003 138.50000000000003 1006.5500000000001 151.50000000000003 45.500000000000007 309.50000000000006 777.55000000000007 138.50000000000003 249.83861606250008 14.437500000000002 854.74579614791685 145.50000000000003 47.500000000000007 25.450000000000003 23.750000000000004 149.50000000000003 11.65 40.500000000000007 191.00000000000003 0.25000000000000006 43.500000000000007 2.5000000000000004 302.50000000000006 0.72947329433276253 8.6500000000000004 737.0875000000002 28.450000000000003 13.350000000000003 5.3500000000000005
decision_type=2 2 2 2 2 2 2 2 2 2 2 2 2 2 2 2 2 2 2 2 2 2 2 2 2 2 2 2 2 2
left_child=1 2 -1 4 6 10 7 8 19 -6 -4 -10 13 -5 15 16 -14 -7 -11 -2 -16 -20 23 24 27 -26 -13 -3 29 -17
right_child=3 22 5 12 9 17 -8 -9 11 18 -12 26 14 -15 20 28 -18 -19 21 -21 -22 -23 -24 -25 25 -27 -28 -29 -30 -31
leaf_value=-0.22833554416992533 -0.39364653026389695 -0.22833554416992533 -0.19807334328244966 6.858021352926575 -0.12678020615129079 -0.26349757821998687 2.7765459033308231 8.0156682506753238 -0.29584639513158117 5.2149830390326493 6.9701691509141392 0.018988373682607324 -0.33290667883124136 -1.0228274775649051 -0.48351234540432081 -0.046065071691449008 6.3598916783982951 0.14085578441605207 -0.75982523232671551 5.038858478324574 0.99053046527497979 5.1401232948412314 -0.22833554416992533 -0.22833554416992533 -0.42094283515909336 10.669040369817765 -0.64300839472632576 -0.22833554416992533 1.1604803605851985 6.9813575954506364
leaf_weight=85 24 47 20 140 60 39 23 20 154 86 60 52 28 20 32 22 20 21 35 24 20 36 397 115 30 23 36 100 107 65
leaf_count=85 24 47 20 140 60 39 23 20 154 86 60 52 28 20 32 22 20 21 35 24 20 36 397 115 30 23 36 100 107 65
internal_value=-0.00465997 -0.011222 -0.00566667 0.00146414 -0.00125455 0 -0.00518018 -0.0063871 -0.00765517 0.00476959 0.006 -0.00979339 0.00475771 0.009 0.00244898 0.00409091 -0.004375 -0.008 0.00773885 0.003125 -0.00519231 0.00274648 -0.0129775 -0.0107143 -0.00825 0.000849057 -0.00409091 -0.0115306 0.00618557 0.0101724
internal_weight=1941 937 225 1004 550 140 333 310 290 217 80 242 454 160 294 242 48 60 157 48 52 71 712 315 200 53 88 147 194 87
internal_count=1941 937 225 1004 550 140 333 310 290 217 80 242 454 160 294 242 48 60 157 48 52 71 712 315 200 53 88 147 194 87
is_linear=0
shrinkage=0.03


Tree=54
num_leaves=31
num_cat=0
split_feature=11 9 19 11 23 8 23 24 36 46 26 14 11 6 6 35 49 27 16 15 37 14 58 35 11 25 16 3 43 37
split_gain=84.1382 8.71203 12.6698 9.05975 8.28611 8.64414 9.38253 8.47728 10.8182 11.0584 6.07882 5.34426 4.90744 3.60068 8.33333 8.67857 3.33384 3.31482 3.22667 3.03136 2.86118 4.50149 3.44314 3.16294 2.61905 2.49495 2.18384 1.93389 1.89804 1.89062
threshold=-0.065403129230142895 141.50000000000003 7.5000000000000009 0.84874750804349197 270.00000000000006 3.5000000000000004 160.50000000000003 380.30000000000001 154.23571425000003 23.850000000000005 8.2500000000000018 31.650000000000002 0.097964660725097227 26.500000000000004 28.500000000000004 12.693750000000003 8.5000000000000018 277.50000000000006 24.350000000000005 68.500000000000014 317.07857140000004 29.750000000000004 1007.2500000000001 572.8214286000001 0.68322629814330826 235.00000000000003 25.150000000000002 7224905.7145000007 118.20625000000001 248.08303570000001
decision_type=2 2 2 2 2 2 2 2 2 2 2 2 2 2 2 2 2 2 2 2 2 2 2 2 2 2 2 2 2 2
left_child=4 2 3 26 5 7 20 10 9 16 29 -11 -3 -14 15 24 -9 -13 -4 -12 21 28 23 -22 -15 -21 -2 -8 -7 -1
right_child=1 12 18 -5 -6 6 27 8 -10 11 19 17 13 14 -16 -17 -18 -19 -20 25 22 -23 -24 -25 -26 -27 -28 -29 -30 -31
leaf_value=-0.28623058511820532 -0.71517925940622074 -0.12955531308172791 -0.34465645873827727 7.2493064930165092 7.87497426389612 -0.17627647968754612 6.5174968576857584 -0.24969585107069153 7.0209383691280358 -0.27210449528233099 6.913823442448841 5.8267976314452143 -0.22148547784482756 10.074251732414307 -0.22148547784482756 -0.23845590065585048 -0.23378921425211074 -0.20811270137300389 -0.22148547784482756 2.1467381862668922 -0.88039481748510817 -0.69593305234666114 3.5167159535158303 0.907564388061877 0.091235602031132429 -0.43012420682102137 4.9364427092568084 0.25905943752387828 1.6385516649829353 -0.051008411922499018
leaf_weight=32 54 75 20 38 64 34 180 118 24 30 32 32 492 20 112 42 20 33 100 102 20 42 29 59 22 20 23 20 20 32
leaf_count=32 54 75 20 38 64 34 180 118 24 30 32 32 492 20 112 42 20 33 100 102 20 42 29 59 22 20 23 20 20 32
internal_value=-0.00465997 -0.0107315 -0.00568085 0.00143478 0.00176564 0.00100683 0.00423267 -0.00173684 -0.00542802 -0.00740343 0.00261468 0.000473684 -0.012287 -0.0130814 -0.00964286 -0.0025 -0.0128261 0.00530769 -0.0125 0.00584416 -0.000294118 -0.0040625 0.00305556 -0.000189873 0.00714286 0.00368852 -0.00448052 0.00885 0.00166667 -0.00515625
internal_weight=1941 998 235 115 943 879 404 475 257 233 218 95 763 688 196 84 138 65 120 154 204 96 108 79 42 122 77 200 54 64
internal_count=1941 998 235 115 943 879 404 475 257 233 218 95 763 688 196 84 138 65 120 154 204 96 108 79 42 122 77 200 54 64
is_linear=0
shrinkage=0.03


Tree=55
num_leaves=31
num_cat=0
split_feature=11 9 19 11 9 19 11 26 26 9 11 58 26 9 27 8 18 39 18 16 49 57 10 56 40 2 23 23 44 8
split_gain=81.9866 8.81604 12.6698 9.05975 8.16782 15.7392 6.66885 5.76638 10.9106 5.2003 4.96055 4.56977 6.41262 3.85118 3.31614 3.7889 3.88235 3.39753 3.29673 3.22667 3.06105 3.30023 5.11607 6.10159 3.0121 2.91505 2.80963 3.17202 2.80333 2.88325
threshold=-0.065403129230142895 141.50000000000003 7.5000000000000009 0.84874750804349197 141.50000000000003 3.5000000000000004 -0.41248606129204524 15.65 17.550000000000004 147.50000000000003 0.097964660725097227 1004.1500000000002 10.550000000000002 145.50000000000003 269.50000000000006 4.5000000000000009 48.500000000000007 457.93850449375003 48.500000000000007 24.350000000000005 2.5000000000000004 302.50000000000006 0.77259657388510639 7.8500000000000005 952.28456100416668 6931.5267855000011 125.50000000000001 62.500000000000007 28.450000000000003 2.5000000000000004
decision_type=2 2 2 2 2 2 2 2 2 2 2 2 2 2 2 2 2 2 2 2 2 2 2 2 2 2 2 2 2 2
left_child=4 2 3 -2 5 -1 7 13 9 -9 -3 -7 -13 -6 17 16 -16 -15 26 -4 21 22 28 -24 -10 -26 27 -8 29 -12
right_child=1 10 19 -5 6 11 18 8 24 -11 20 12 -14 14 15 -17 -18 -19 -20 -21 -22 -23 23 -25 25 -27 -28 -29 -30 -31
leaf_value=-0.25660908431112495 -0.37854601770877216 -0.12566865368927607 -0.33431676497612889 7.0318272982260135 7.6541718994715646 -0.37554869695825766 -0.063917437241788375 1.1950581116412653 6.4698218873165088 -0.24220497553857076 0.7894496943811864 -0.91675706641694799 5.1351211763154856 -0.36106903987543576 -0.44188897063030558 4.8196059343882327 1.8905138803840582 6.9237582505694162 1.4716344271533011 -0.21484091350948276 -0.21484091350948276 -0.21484091350948276 -0.4477394404971563 9.4973067541329552 -0.91718248021469628 2.7038888699911823 0.63398867203204989 -0.39774465730129477 -0.21484091350948276 -0.29185463461293376
leaf_weight=82 77 75 20 38 72 22 56 33 134 75 22 34 73 20 44 32 24 79 23 100 381 112 24 21 20 27 29 64 100 28
leaf_count=82 77 75 20 38 72 22 56 33 134 75 22 34 73 20 44 32 24 79 23 100 381 112 24 21 20 27 29 64 100 28
internal_value=-0.00476816 -0.0107615 -0.00568085 0.00143478 0.00157476 -0.00362559 0.00307377 0.00466071 0.0017128 -0.00583333 -0.0123263 0.00290698 0.00546729 0.00780443 0.00565327 0.0018 -0.00220588 0.00954545 -0.00209302 -0.0125 -0.013125 -0.0108958 -0.00853846 0.000333333 0.00621547 -0.000319149 -0.00372483 -0.00575 -0.0112 -0.0054
internal_weight=1941 998 235 115 943 211 732 560 289 108 763 129 107 271 199 100 68 99 172 120 688 307 195 45 181 47 149 120 150 50
internal_count=1941 998 235 115 943 211 732 560 289 108 763 129 107 271 199 100 68 99 172 120 688 307 195 45 181 47 149 120 150 50
is_linear=0
shrinkage=0.03


Tree=56
num_leaves=31
num_cat=0
split_feature=1 9 57 11 11 54 8 8 37 46 10 57 27 35 30 49 10 46 18 18 37 17 48 27 8 57 40 57 27 57
split_gain=80.5967 10.4084 12.6338 9.16409 8.91897 8.66199 12.1179 6.13305 5.35624 6.34933 4.27315 3.74503 5.79886 3.39211 4.11482 3.36794 3.98879 4.65097 2.95374 3.86322 3.25338 2.74805 2.65819 2.61462 2.21009 2.27254 4.92432 2.15582 2.09854 2.11519
threshold=131.50000000000003 141.50000000000003 299.50000000000006 -0.58216583101416131 0.83146961230254512 589.20000000000016 3.5000000000000004 1.5000000000000002 342.19910715000009 23.750000000000004 0.44228869021900147 311.50000000000006 284.50000000000006 373.31785715000007 848.99285715000008 2.5000000000000004 0.88144907265856365 25.550000000000004 48.500000000000007 61.500000000000007 345.28125000000006 30.500000000000004 19.500000000000004 280.50000000000006 3.5000000000000004 304.50000000000006 94.718526787020835 248.50000000000003 29.500000000000004 269.50000000000006
decision_type=2 2 2 2 2 2 2 2 2 2 2 2 2 2 2 2 2 2 2 2 2 2 2 2 2 2 2 2 2 2
left_child=1 2 4 5 7 10 8 -1 -7 -10 -2 12 21 -8 -15 16 24 -18 28 -20 -21 -12 -4 -11 25 26 27 -3 -5 -30
right_child=3 15 22 18 -6 6 13 -9 9 23 11 -13 -14 14 -16 -17 17 -19 19 20 -22 -23 -24 -25 -26 -27 -28 -29 29 -31
leaf_value=3.4117876444657194 7.0386500862032335 -0.88898385765467325 -0.20839568610419826 0.43172326875903966 6.820872479279231 3.7404057532705659 7.3443917785888839 -0.58483822672007901 -0.21839315872357803 6.1745649702789063 -0.28207247378214417 3.0206798906243022 -0.73835230523501671 2.5018178636626374 -0.76179661138412369 -0.20839568610419826 9.7618224041268125 -0.28472823801462838 6.4791610985009873 -0.53725789163563631 4.5183550753848714 4.0696546233725917 -0.19718624012988362 -0.19417104780248001 -0.20839568610419826 -0.20839568610419826 -0.22485699623089048 0.97203643086482316 -0.23197795274618799 -0.19281946491335972
leaf_weight=30 166 24 89 24 38 20 89 44 70 22 22 46 35 25 23 397 21 32 22 25 22 55 24 24 126 45 38 29 97 217
leaf_count=30 166 24 89 24 38 20 89 44 70 22 22 46 35 25 23 397 21 32 22 25 22 55 24 24 126 45 38 29 97 217
internal_value=-0.00482998 -0.011158 -0.00553333 0.0010757 0.00160714 0.00344221 -0.000494505 -0.00445946 -0.00683824 -0.00931034 0.00675926 0.00322785 0.000267857 0.00580292 -0.000625 -0.0129354 -0.010619 -0.00311321 -0.00239558 0.00326087 -0.00159574 0.00487013 -0.0126106 -0.000652174 -0.0121374 -0.00948529 -0.00675824 -0.000849057 -0.0035503 -0.00420382
internal_weight=1941 937 225 1004 112 597 273 74 136 116 324 158 112 137 48 712 315 53 407 69 47 77 113 46 262 136 91 53 338 314
internal_count=1941 937 225 1004 112 597 273 74 136 116 324 158 112 137 48 712 315 53 407 69 47 77 113 46 262 136 91 53 338 314
is_linear=0
shrinkage=0.03


Tree=57
num_leaves=31
num_cat=0
split_feature=1 9 57 11 54 48 11 35 57 10 57 27 16 49 10 56 18 18 14 52 34 17 48 58 56 17 44 53 43 40
split_gain=79.3919 10.7868 13.1143 8.85127 8.70335 8.84117 8.51911 6.58862 4.51415 4.05201 3.74503 5.79886 3.47837 3.36794 3.98879 4.65097 2.95374 3.86322 2.8842 2.92876 2.78792 2.74805 2.65819 2.36218 2.14123 2.12072 2.11593 2.00664 1.77231 1.66805
threshold=131.50000000000003 141.50000000000003 299.50000000000006 -0.58216583101416131 589.20000000000016 10.500000000000002 0.83146961230254512 123.93750000000001 278.50000000000006 0.44228869021900147 311.50000000000006 284.50000000000006 22.950000000000003 2.5000000000000004 0.88144907265856365 7.8500000000000005 48.500000000000007 61.500000000000007 31.950000000000003 241.50000000000003 1100.7142855000004 30.500000000000004 19.500000000000004 1006.7500000000001 17.650000000000002 74.500000000000014 32.550000000000004 125.50000000000001 200.5267857 2.0373139881041573
decision_type=2 2 2 2 2 2 2 2 2 2 2 2 2 2 2 2 2 2 2 2 2 2 2 2 2 2 2 2 2 2
left_child=1 2 6 4 9 7 8 28 -1 -2 11 21 -9 14 -3 -16 18 -18 19 27 -21 -11 -4 24 -14 -19 -26 29 -6 -5
right_child=3 13 22 16 5 -7 -8 12 -10 10 -12 -13 23 -15 15 -17 17 25 -20 20 -22 -23 -24 -25 26 -27 -28 -29 -30 -31
leaf_value=-0.4954289396860509 6.8274905836171369 -0.2021438155210723 -0.2021438155210723 0.018854067055110519 8.6753534966410708 -0.18637175854984206 6.6162463049008533 6.3254559668874197 2.2147685218644186 -0.27361029956867999 2.9300594939055746 -0.71620173607796622 -0.40871193033687409 -0.2021438155210723 -0.30864334554779294 9.4689677320030068 6.2847862655459581 -0.8618636771691558 1.371530518598548 -0.28593611997685647 -0.033130595719945144 3.9475649846714145 -0.19127065292598716 1.5794389173426338 -0.429392980307503 0.38308464440486628 0.50930438742270101 0.65811300440484277 5.545525521441026 -0.23168359740401717
leaf_weight=36 166 262 89 28 56 53 38 21 38 22 46 35 27 397 32 21 22 20 20 75 26 55 24 41 26 27 23 34 26 155
leaf_count=36 166 262 89 28 56 53 38 21 38 22 46 35 27 397 32 21 22 20 20 75 26 55 24 41 26 27 23 34 26 155
internal_value=-0.00484544 -0.0111259 -0.0054 0.00101594 0.00334171 -0.000604396 0.001875 0.00204545 -0.00405405 0.00666667 0.00322785 0.000267857 -0.00195652 -0.0129354 -0.010619 -0.00311321 -0.00239558 0.00326087 -0.0035503 -0.00424528 -0.00846535 0.00487013 -0.0126106 -0.00397436 -0.00710526 -0.00159574 -0.00336735 -0.00228111 0.00878049 -0.00352459
internal_weight=1941 937 225 1004 597 273 112 220 74 324 158 112 138 712 315 53 407 69 338 318 101 77 113 117 76 47 49 217 82 183
internal_count=1941 937 225 1004 597 273 112 220 74 324 158 112 138 712 315 53 407 69 338 318 101 77 113 117 76 47 49 217 82 183
is_linear=0
shrinkage=0.03


Tree=58
num_leaves=31
num_cat=0
split_feature=1 9 57 23 8 37 36 27 9 8 51 39 8 27 57 35 49 57 35 26 58 1 35 58 15 36 48 9 47 48
split_gain=77.0647 10.7868 13.1143 8.23615 7.80002 9.58552 8.76384 10.4841 13.1781 7.45634 11.448 6.29854 5.69979 4.31161 3.51501 3.45296 3.36794 3.86254 5.26878 7.48599 3.21482 2.93709 2.89695 3.03648 2.85057 2.84292 2.65819 2.40543 1.39259 1.31688
threshold=131.50000000000003 141.50000000000003 299.50000000000006 270.00000000000006 3.5000000000000004 298.25357145000004 154.23571425000003 309.50000000000006 141.50000000000003 1.5000000000000002 301.50000000000006 376.13616070625005 1.5000000000000002 275.50000000000006 276.50000000000006 2.7142857145000003 2.5000000000000004 302.50000000000006 12.312500000000002 8.6500000000000004 1007.1500000000002 4408.0803570000007 373.31785715000007 1005.7500000000001 75.500000000000014 579.43571430000009 19.500000000000004 139.50000000000003 24.500000000000004 42.500000000000007
decision_type=2 2 2 2 2 2 2 2 2 2 2 2 2 2 2 2 2 2 2 2 2 2 2 2 2 2 2 2 2 2
left_child=1 2 12 4 6 13 7 8 -2 11 20 -10 -1 15 -13 -6 17 18 19 -3 21 -11 24 -24 -7 -14 -4 -9 -15 -21
right_child=3 16 26 -5 5 22 -8 27 9 10 -12 14 25 28 -16 -17 -18 -19 -20 29 -22 -23 23 -25 -26 -27 -28 -29 -30 -31
leaf_value=5.0467867761235334 -0.27644743420241286 -0.19607950105544011 -0.19607950105544011 7.015028068367541 1.473141435876077 5.9319347397075877 6.1554863866492546 10.95662175744391 -0.21943347754725379 -0.34453736332623391 -0.27901664410593907 5.5782026845810124 -0.48056607149546937 -0.088140210229921648 0.38133622902644448 -0.26483099487206374 -0.19607950105544011 -0.19607950105544011 -0.19607950105544011 8.2668470707667527 6.9445130204477445 3.3775348808659031 0.61109376980713115 -0.99295662033815146 -0.2806841947462172 2.4424832637374299 -0.18553253333820743 0.86083396040481086 -0.89424747528754855 1.6935117350822491
leaf_weight=54 98 57 89 64 47 150 28 26 53 26 94 56 38 33 37 26 397 115 101 20 24 29 93 23 22 20 24 38 37 22
leaf_count=54 98 57 89 64 47 150 28 26 53 26 94 56 38 33 37 26 397 115 101 20 24 29 93 23 22 20 24 38 37 22
internal_value=-0.00493818 -0.0111259 -0.0054 0.000836653 0.00012766 0.00309745 -0.00238703 -0.0033368 -0.00507194 -0.00211599 -0.00632948 0.00287671 0.001875 -0.00325175 0.00758065 0.00184932 -0.0129354 -0.010619 -0.0081 -0.00318182 0.00208861 -0.00190909 0.00625 0.00258621 0.00872093 -0.00465517 -0.0126106 0.00796875 -0.00857143 0.00642857
internal_weight=1941 937 225 1004 940 431 509 481 417 319 173 146 112 143 93 73 712 315 200 99 79 55 288 116 172 58 113 64 70 42
internal_count=1941 937 225 1004 940 431 509 481 417 319 173 146 112 143 93 73 712 315 200 99 79 55 288 116 172 58 113 64 70 42
is_linear=0
shrinkage=0.03


Tree=59
num_leaves=31
num_cat=0
split_feature=1 12 6 11 54 8 17 37 16 40 33 57 12 56 12 49 57 40 26 11 44 54 40 26 43 18 57 17 16 19
split_gain=74.4204 10.4084 13.6027 8.53651 8.32759 11.6352 7.82702 6.20393 5.9119 4.92821 4.52566 4.76656 7.84732 4.15279 3.84869 3.36794 3.86254 5.26878 7.48599 3.42857 3.30787 2.94744 2.85491 3.88785 2.72206 2.10237 2.03966 3.88373 2.53968 5.35714
threshold=131.50000000000003 0.64987354830121502 17.500000000000004 -0.44228869021900113 589.20000000000016 3.5000000000000004 45.500000000000007 376.30446430000006 23.750000000000004 323.40915921812501 578.6142857000001 311.50000000000006 0.64987354830121502 11.65 0.56811179347017271 2.5000000000000004 302.50000000000006 0.38511904762499055 8.6500000000000004 0.63405362205439486 30.750000000000004 723.00000000000011 799.4922246875002 18.650000000000002 -165.55357145000002 30.500000000000004 261.50000000000006 45.500000000000007 24.950000000000003 7.5000000000000009
decision_type=2 2 2 2 2 2 2 2 2 2 2 2 2 2 2 2 2 2 2 2 2 2 2 2 2 2 2 2 2 2
left_child=1 15 -3 4 10 7 9 -6 -9 -4 11 12 14 -8 -2 16 17 18 -1 -20 -13 -10 -7 -24 -5 -12 -26 28 29 -28
right_child=3 2 6 24 5 22 13 8 21 -11 25 20 -14 -15 -16 -17 -18 -19 19 -21 -22 -23 23 -25 26 -27 27 -29 -30 -31
leaf_value=-0.19019711602377692 -0.12610083798581811 -0.19019711602377692 6.7392979909208197 -0.24782223576559331 2.6181106188396539 5.8674768125582109 -0.20819672372584058 -0.26556741729140465 -0.17446134058583798 -0.11098544355526728 6.5408223181553273 -0.18153234797869686 -0.71302550226372186 0.13713462265911686 5.2101906217467224 -0.19019711602377692 -0.19019711602377692 -0.19019711602377692 9.1384854209961865 -0.53291706734368605 6.9719727633378126 3.9853781640381971 -0.97127513804671795 2.4412728947402229 -0.17637048776731101 4.4369485510665676 0.9261827268105054 2.4674229543442161 -0.37683582041557517 -0.46063154789475441
leaf_weight=57 90 85 48 110 27 85 40 77 21 30 103 22 30 22 38 397 115 101 21 21 43 32 28 45 77 58 21 46 30 21
leaf_count=57 90 85 48 110 27 85 40 77 21 30 103 22 30 22 38 397 115 101 21 21 43 32 28 45 77 58 21 46 30 21
internal_value=-0.00507728 -0.011158 -0.00553333 0.00059761 0.00242489 -0.00119048 0.000214286 -0.00697452 -0.00969231 0.00653846 0.00539062 0.00262332 -0.000189873 -0.00774194 0.00304688 -0.0129354 -0.010619 -0.0081 -0.00318182 0.00642857 0.00946154 -0.00198113 0.00455696 0.000205479 -0.00359016 0.0092236 -0.00146154 0.00101695 -0.00333333 0.00142857
internal_weight=1941 937 225 1004 699 315 140 157 130 78 384 223 158 62 128 712 315 200 99 42 65 53 158 73 305 161 195 118 72 42
internal_count=1941 937 225 1004 699 315 140 157 130 78 384 223 158 62 128 712 315 200 99 42 65 53 158 73 305 161 195 118 72 42
is_linear=0
shrinkage=0.03


Tree=60
num_leaves=31
num_cat=0
split_feature=1 9 19 11 9 19 6 31 6 2 11 28 19 8 2 50 6 6 10 14 18 56 30 46 14 23 1 37 10 28
split_gain=74.4727 8.92695 11.7581 9.44135 7.21142 14.1215 9.79085 8.28678 8.22802 8.63372 5.68378 4.40955 5.69707 4.23375 4.11674 3.74961 3.37509 7.86395 8.76587 3.30449 2.96401 2.95894 3.04204 2.78323 2.16071 1.99081 2.85703 2.33333 1.76126 1.64
threshold=1147.6517855000002 141.50000000000003 7.5000000000000009 0.84874750804349197 141.50000000000003 3.5000000000000004 26.500000000000004 260.79285715000009 28.500000000000004 1170.0000000000002 0.097964660725097227 1003.9500000000002 47.500000000000007 1.0000000180025095e-35 5423.1875000000009 50.500000000000007 26.500000000000004 28.500000000000004 0.29012925520284133 29.450000000000003 29.500000000000004 17.250000000000004 827.61190480000016 24.350000000000005 31.650000000000002 158.50000000000003 8120.2589285000004 329.7044643000001 0.44228869021900147 1005.4500000000002
decision_type=2 2 2 2 2 2 2 2 2 2 2 2 2 2 2 2 2 2 2 2 2 2 2 2 2 2 2 2 2 2
left_child=1 2 3 13 5 -2 7 -6 9 -8 20 -7 29 -1 19 21 -12 18 -18 28 -3 -16 24 -4 -23 27 -27 -10 -9 -13
right_child=4 10 23 -5 6 11 8 14 25 -11 16 12 -14 -15 15 -17 17 -19 -20 -21 -22 22 -24 -25 -26 26 -28 -29 -30 -31
leaf_value=4.8079657550548909 -0.22233669869464798 -0.17833876598419643 -0.25924870835560843 6.4158056798799548 -0.26494273339297647 -0.35489075729478203 5.1991468082791448 4.9845595545214172 -0.27617552794329581 -0.24349988740222134 -0.18449120254306361 0.32476487357124423 -0.92590174275872139 -0.56655933380962831 -1.1408390440790048 5.1094021382958736 -0.20079112229037768 -0.18449120254306361 6.0437793479638398 6.8721074649330438 0.04642068502726529 0.027559780809801475 -0.85394550367056177 -0.18449120254306361 4.3920035405737066 6.1366024646725892 1.0786096015106397 0.86742904452962954 0.102726805834576 5.757870394025641
leaf_weight=22 77 86 21 38 61 22 20 43 27 66 492 20 20 64 25 34 48 112 36 169 35 28 34 103 28 25 43 36 47 59
leaf_count=22 77 86 21 38 61 22 20 43 27 66 492 20 20 64 25 34 48 112 36 169 35 28 34 103 28 25 43 36 47 59
internal_value=-0.00517002 -0.010544 -0.00556452 0.000967742 0.00125566 -0.00378788 0.00271137 0.00514925 -0.0025576 -0.00976744 -0.0120705 0.00260331 0.00530303 -0.00453488 0.00669118 0.00271812 -0.013125 -0.00979592 -0.00285714 0.00897683 -0.00607438 0.000130435 0.00266667 -0.0120968 0.00696429 0.00217557 0.00573529 -0.00166667 0.00433333 0.00892405
internal_weight=1941 1057 248 124 884 198 686 469 217 86 809 121 99 86 408 149 688 196 84 259 121 115 90 124 56 131 68 63 90 79
internal_count=1941 1057 248 124 884 198 686 469 217 86 809 121 99 86 408 149 688 196 84 259 121 115 90 124 56 131 68 63 90 79
is_linear=0
shrinkage=0.03


Tree=61
num_leaves=31
num_cat=0
split_feature=1 19 12 10 56 12 19 6 6 2 11 11 58 19 28 36 27 17 40 37 15 44 30 17 4 17 47 53 10 15
split_gain=74.0608 9.11258 9.27548 7.58392 7.4793 6.87841 13.9667 8.46252 8.87519 8.63372 8.63303 6.33503 4.89418 6.00395 3.27014 3.21391 3.20392 3.32306 2.58776 2.32584 2.15796 2.9979 2.07261 2.00381 2.07439 1.95161 3.60549 1.92443 1.88105 1.60156
threshold=1242.6875000000002 2.5000000000000004 0.64987354830121502 0.88144907265856365 8.6500000000000004 0.64987354830121502 3.5000000000000004 26.500000000000004 28.500000000000004 1170.0000000000002 -0.58216583101416131 0.81241147629689003 1004.1500000000002 47.500000000000007 1008.0500000000001 104.29285715000002 209.00000000000003 17.500000000000004 903.1601562604169 206.81785715000004 76.500000000000014 32.350000000000001 830.63571430000013 15.500000000000002 4.5000000000000009 1.5000000000000002 24.500000000000004 173.50000000000003 0.44228869021900147 63.500000000000007
decision_type=2 2 2 2 2 2 2 2 2 2 2 2 2 2 2 2 2 2 2 2 2 2 2 2 2 2 2 2 2 2
left_child=1 2 3 -1 -5 7 -7 10 9 -9 18 23 -8 -14 16 -3 19 -18 20 -12 21 -2 -20 -4 -25 -10 29 -23 -22 -27
right_child=5 15 11 4 -6 6 12 8 25 -11 14 -13 13 -15 -16 -17 17 -19 22 -21 28 27 -24 24 -26 26 -28 -29 -30 -31
leaf_value=-0.17895646646677171 6.6718077557372553 -0.17895646646677171 0.27887981978281767 -0.24980405591908733 8.7409130436408944 -0.21566659773380853 -0.36077875005924054 5.0431724040307708 -0.46614977055817619 -0.23619489078015468 0.35303751436579145 6.3244650993161065 4.0987878878949164 -0.89812469047595966 -0.34461693048918673 -0.17895646646677171 -0.11300032125264876 3.8078470384490424 4.5270511721271722 -0.66512638034087845 5.6830589145618564 10.693040402205401 -0.91367429111563747 -0.08611154664486384 -0.39144389887279862 5.6064360355106571 -0.28898968596693703 4.2932515685696533 0.099645001659539503 0.076730281377576259
leaf_weight=285 96 147 24 42 27 76 23 20 32 66 21 31 76 20 27 468 36 38 20 25 54 23 31 20 21 42 28 54 41 27
leaf_count=285 96 147 24 42 27 76 23 20 32 66 21 31 76 20 27 468 36 38 20 25 54 23 31 20 21 42 28 54 41 27
internal_value=-0.00526275 -0.0105775 -0.00733333 -0.00957627 -0.000652174 0.00119863 -0.00376923 0.00262115 -0.00230233 -0.00976744 0.0048927 0.0009375 0.00264706 0.005625 -0.00112245 -0.0129512 0.001 0.00486486 0.00766458 -0.00521739 0.00884328 0.0108382 0.00147059 -0.00438462 -0.00841463 0.00267442 0.00479381 0.00642857 0.00521053 0.00847826
internal_weight=1941 1065 450 354 69 876 195 681 215 86 466 96 119 96 147 615 120 74 319 46 268 173 51 65 41 129 97 77 95 69
internal_count=1941 1065 450 354 69 876 195 681 215 86 466 96 119 96 147 615 120 74 319 46 268 173 51 65 41 129 97 77 95 69
is_linear=0
shrinkage=0.03


Tree=62
num_leaves=31
num_cat=0
split_feature=1 19 12 10 26 12 19 6 6 10 31 58 19 14 17 40 16 51 36 56 38 12 27 30 6 44 16 21 1 1
split_gain=70.7295 9.33014 8.44453 8.04152 8.3231 6.64265 13.5422 7.57829 8.87519 8.63372 7.65207 4.69767 5.75011 4.60991 6.84783 4.06133 3.96917 3.78169 3.21391 3.04167 2.82531 4.34381 2.79741 1.98675 1.63151 2.53773 3.10303 1.62827 2.83246 3.30172
threshold=1242.6875000000002 2.5000000000000004 0.64987354830121502 0.88144907265856365 8.6500000000000004 0.64987354830121502 3.5000000000000004 26.500000000000004 28.500000000000004 0.68322629814330837 260.79285715000009 1004.1500000000002 47.500000000000007 29.250000000000004 46.500000000000007 759.95070683750009 23.150000000000002 268.50000000000006 104.29285715000002 17.250000000000004 593.57566963750014 0.60980454008255491 279.50000000000006 989.91250000000014 25.500000000000004 28.450000000000003 25.850000000000005 359.50000000000006 8120.2589285000004 10154.991070000002
decision_type=2 2 2 2 2 2 2 2 2 2 2 2 2 2 2 2 2 2 2 2 2 2 2 2 2 2 2 2 2 2
left_child=1 2 3 24 -5 7 -7 10 9 -9 -2 -8 -13 14 -4 17 -17 22 -3 -18 -21 23 -12 -22 -1 26 -26 -10 -29 -30
right_child=5 18 13 4 -6 6 11 8 27 -11 15 12 -14 -15 -16 16 19 -19 -20 20 21 -23 -24 -25 25 -27 -28 28 29 -31
leaf_value=-0.17358777247276858 -0.24448228491513765 -0.17358777247276858 7.4998201061832876 -0.27823056722867301 8.4786856523316647 -0.20919659980179425 -0.34995538755746336 -0.22910904405675003 -0.33173111084344098 4.8918772319098478 3.399740708079189 3.9758242512580693 -0.87118094976168103 -0.75045546566596177 -0.1911317847941402 5.7684686385598818 -0.69366645542121685 6.2925491333141412 -0.17358777247276858 2.5448102487975506 3.9200351096420216 -1.3693571473649595 -0.46350737672718989 -0.98111300410005808 1.4827492086051772 -0.17358777247276858 -0.17358777247276858 2.8765512793391919 -0.69925178652257158 4.7936016818962841
leaf_weight=89 58 147 37 42 27 76 23 66 25 20 53 76 20 23 36 31 33 165 468 22 37 20 21 26 22 141 33 55 22 27
leaf_count=89 58 147 37 42 27 76 23 66 25 20 53 76 20 23 36 31 33 165 468 22 37 20 21 26 22 141 33 55 22 27
internal_value=-0.00535549 -0.0105493 -0.00726667 -0.00940678 -0.000217391 0.000958904 -0.00392308 0.00235683 -0.00230233 -0.00976744 0.00450644 0.00239496 0.0053125 0.000625 0.00431507 0.00595588 0.00239645 0.0084728 -0.0129512 0.000217391 0.00271429 0.000180723 0.00283784 0.00404762 -0.0116316 -0.010102 -0.00463636 0.00267442 0.00432692 -0.000918367
internal_weight=1941 1065 450 354 69 876 195 681 215 86 466 119 96 96 73 408 169 239 615 138 105 83 74 63 285 196 55 129 104 49
internal_count=1941 1065 450 354 69 876 195 681 215 86 466 119 96 96 73 408 169 239 615 138 105 83 74 63 285 196 55 129 104 49
is_linear=0
shrinkage=0.03


Tree=63
num_leaves=31
num_cat=0
split_feature=1 19 9 10 26 58 19 22 14 17 9 19 10 16 37 45 8 36 50 52 51 58 16 56 59 16 41 38 17 6
split_gain=65.4347 9.1707 8.44453 8.04152 8.3231 7.10699 12.8884 8.66275 4.60991 6.84783 4.49672 5.75758 4.23047 3.5755 7.36029 4.19993 3.53464 3.48818 2.87852 2.55812 2.37635 2.24323 3.43434 2.09864 2.01688 1.72854 1.72391 1.67984 1.6623 1.63151
threshold=1242.6875000000002 2.5000000000000004 141.50000000000003 0.88144907265856365 8.6500000000000004 1006.5500000000001 3.5000000000000004 728.50000000000011 29.250000000000004 46.500000000000007 145.50000000000003 47.500000000000007 -0.88144907265856332 23.750000000000004 677.43571430000009 77.500000000000014 2.5000000000000004 77.07053571500002 2.5000000000000004 100.50000000000001 84.500000000000014 1005.4500000000002 23.350000000000005 17.650000000000002 0.25000000000000006 24.750000000000004 241.57196499926866 675.86696428750008 12.500000000000002 25.500000000000004
decision_type=2 2 2 2 2 2 2 2 2 2 2 2 2 2 2 2 2 2 2 2 2 2 2 2 2 2 2 2 2 2
left_child=1 2 8 29 -5 6 7 16 9 -1 11 25 18 14 -12 19 -2 28 -8 -15 -14 22 -22 -18 -17 -7 -25 -24 -3 -4
right_child=5 17 3 4 -6 10 12 -9 -10 -11 13 -13 20 15 -16 24 23 -19 -20 -21 21 -23 27 26 -26 -27 -28 -29 -30 -31
leaf_value=7.2748255029977891 -0.15724264186222764 -0.22881121640478802 -0.1683801392985855 -0.26988365021181288 8.2243250827617143 8.2097746327842458 -0.53774354118312928 5.445521461604466 -0.72794180169598288 -0.18539783125031598 5.6013186252703315 -0.8450455212688307 -0.17829724798099847 6.4135380340553034 -0.42057565548305514 -0.56088281648901783 -0.16298532671905777 -0.1683801392985855 0.76789816743684436 2.4378492483867973 4.9252904902519399 6.2477861373645913 1.9691858616872888 -0.27183192664397915 0.54414896032461002 0.93706579096891551 0.77155796191108261 -0.24205886964364903 -0.091861722992146538 -0.1683801392985855
leaf_weight=37 80 41 89 42 27 96 27 34 23 36 21 20 39 21 32 29 41 485 37 136 22 63 22 27 25 36 22 46 89 196
leaf_count=37 80 41 89 42 27 96 27 34 23 36 21 20 39 21 32 29 41 485 37 136 22 63 22 27 25 36 22 46 89 196
internal_value=-0.0055255 -0.0105211 -0.00726667 -0.00940678 -0.000217391 0.000547945 -0.00202174 -0.00764706 0.000625 0.00431507 0.00338942 0.0075 0.00246094 0.00102273 -0.0059434 0.00277251 -0.0104118 -0.0129024 -0.00421875 0.00525478 0.0046875 0.00637255 0.00333333 -0.00633333 -0.00444444 0.00977273 -0.00214286 0 -0.00853846 -0.0116316
internal_weight=1941 1065 450 354 69 876 460 204 96 73 416 152 256 264 53 211 170 615 64 157 192 153 90 90 54 132 49 68 130 285
internal_count=1941 1065 450 354 69 876 460 204 96 73 416 152 256 264 53 211 170 615 64 157 192 153 90 90 54 132 49 68 130 285
is_linear=0
shrinkage=0.03


Tree=64
num_leaves=31
num_cat=0
split_feature=11 49 16 54 8 36 11 2 26 46 58 36 47 27 28 10 57 27 16 40 48 17 23 39 14 47 15 47 47 2
split_gain=66.0291 8.0456 6.94861 6.62293 10.5798 8.02543 6.66574 5.90486 6.41067 5.72391 4.98269 4.81883 3.67361 3.51823 4.57067 3.26682 3.4338 6.95015 2.92276 3.09356 2.48128 2.0185 1.91179 1.8051 1.77213 1.77109 2.29885 1.76762 1.75312 1.92205
threshold=-0.22695468355932455 2.5000000000000004 25.550000000000004 589.20000000000016 4.5000000000000009 154.23571425000003 -0.58216583101416131 6451.0000000000009 7.6500000000000012 23.850000000000005 1006.0500000000001 104.29285715000002 6.5000000000000009 255.50000000000003 1004.2500000000001 0.35206144883412577 311.50000000000006 284.50000000000006 23.550000000000004 724.35468751520841 48.500000000000007 32.500000000000007 130.50000000000003 921.8390996937502 30.350000000000005 24.500000000000004 71.500000000000014 17.500000000000004 12.500000000000002 5921.7500000000009
decision_type=2 2 2 2 2 2 2 2 2 2 2 2 2 2 2 2 2 2 2 2 2 2 2 2 2 2 2 2 2 2
left_child=3 2 7 6 5 9 15 8 -2 -5 -4 28 -11 -10 -15 23 17 21 27 -20 25 -17 -22 -1 -9 -8 -27 -6 -3 -30
right_child=1 11 10 4 18 -7 20 24 13 12 -12 -13 -14 14 -16 16 -18 -19 19 -21 22 -23 -24 -25 -26 26 -28 -29 29 -31
leaf_value=7.3117462073223933 -0.40751839745221746 -0.22194687991264439 3.3316063818347965 -0.22555129285739958 9.7863598324242371 5.2244588560509699 0.28761729866853897 -0.1788072083501 -1.4785464732487108 1.4481887385496748 -0.16332873511962795 -0.16332873511962795 -0.20543356896066181 -0.16332873511962795 7.6361380418395592 -0.12207270912956848 2.385293164500232 -0.76420748504513825 4.7597575318351719 -0.5198713230147084 2.8241415673884234 4.0093052001881286 -0.16819369060225084 2.3682411396963863 -0.033658362628813096 0.080420223224589332 -0.33874230963908758 1.1526111871671014 -0.16332873511962795 -0.058726124579400039
leaf_weight=92 39 47 20 123 29 24 32 61 24 48 197 470 24 39 60 37 49 39 35 39 34 49 21 58 23 29 58 21 67 53
leaf_count=92 39 47 20 123 29 24 32 61 24 48 197 470 24 39 60 37 49 39 35 39 34 49 21 58 23 29 58 21 67 53
internal_value=-0.0055255 -0.0103636 -0.00735421 0.000802616 -0.00240525 -0.00636986 0.00301205 -0.00390244 -0.000555556 -0.00838462 -0.0112673 -0.012551 -0.00166667 0.00280488 0.00530303 0.00555556 0.00275862 0.00012 0.00459677 0.000810811 -0.00172414 0.00488372 0.00354545 0.0088 -0.0103571 -0.00415966 -0.00637931 0.0102 -0.00817365 -0.00625
internal_weight=1941 1100 463 841 343 219 498 246 162 195 217 637 72 123 99 324 174 125 124 74 174 86 55 150 84 119 87 50 167 120
internal_count=1941 1100 463 841 343 219 498 246 162 195 217 637 72 123 99 324 174 125 124 74 174 86 55 150 84 119 87 50 167 120
is_linear=0
shrinkage=0.03


Tree=65
num_leaves=31
num_cat=0
split_feature=1 28 9 9 8 8 17 36 56 23 10 9 56 56 47 46 27 9 56 30 15 20 56 27 58 45 15 54 43 23
split_gain=64.8706 8.79955 12.083 8.60715 11.5044 7.18699 7.01845 6.511 4.81078 5.34601 4.04628 4.68099 5.18571 3.86746 7.75723 7.29379 4.24627 4.56761 3.82775 3.53968 3.16252 3.21055 3.01362 2.08944 4.22759 1.92857 2.73485 2.0975 1.72004 1.51826
threshold=595.90178570000012 1005.9500000000002 151.50000000000003 141.50000000000003 4.5000000000000009 3.5000000000000004 45.500000000000007 7.2553571430000003 18.450000000000003 235.50000000000003 0.88144907265856365 149.50000000000003 7.9500000000000011 14.750000000000002 24.500000000000004 23.650000000000002 294.50000000000006 145.50000000000003 17.650000000000002 177.27142855000002 78.500000000000014 43.500000000000007 11.65 294.50000000000006 1004.1500000000002 68.500000000000014 72.500000000000014 16.900000000000002 126.86875000000001 74.500000000000014
decision_type=2 2 2 2 2 2 2 2 2 2 2 2 2 2 2 2 2 2 2 2 2 2 2 2 2 2 2 2 2 2
left_child=3 2 5 4 6 -2 7 -1 9 13 29 12 -12 14 -3 -15 17 -16 -7 -4 -21 -22 -8 -20 -25 -19 -27 -28 -18 -5
right_child=1 8 19 10 -6 18 22 -9 -10 -11 11 -13 -14 15 16 -17 28 25 23 20 21 -23 -24 24 -26 26 27 -29 -30 -31
leaf_value=-0.50330359350137421 -0.16714110298433096 4.9601768530692016 -0.18397715469675105 -0.15842887306603912 -0.15842887306603912 -0.30636445307130722 -0.17127318932422883 4.7232766602386249 9.6435886821835606 7.2910770841122741 -0.3705456649323246 -0.15842887306603912 7.7485111890236746 -0.42004871709640229 3.8766030535093554 2.0034589940557042 -0.98808916026090288 -0.84955928826693361 -0.2968544980215479 4.8861658091062896 -0.48459462748229726 2.7437989911458698 0.018446702820600364 -0.24193974849420655 5.2686924012143699 3.356216920039532 2.3496678684266747 -0.24981890249663977 -0.2999552002432142 -0.14129716035724058
leaf_weight=21 134 86 29 601 90 33 42 61 51 48 35 74 21 47 45 74 26 21 35 47 39 63 23 20 26 20 21 34 45 29
leaf_count=21 134 86 29 601 90 33 42 61 51 48 35 74 21 47 45 74 26 21 35 47 39 63 23 20 26 20 21 34 45 29
internal_value=-0.00554096 9.5339e-05 -0.00309859 -0.0108776 -0.00588608 -0.00737903 -0.000714286 0.00512195 0.00272201 0.0017666 -0.0124342 -0.00761538 -0.00107143 0.000680191 0.00251678 -0.00384298 -0.000566038 0.00244681 -0.00184211 0.00286517 0.00473154 0.00176471 -0.00807692 0.00166667 0.00586957 -0.00125 0.001 -0.00245455 -0.0065493 -0.0134286
internal_weight=1941 944 426 997 237 248 147 82 518 467 760 130 56 419 298 121 212 141 114 178 149 102 65 81 46 96 75 55 71 630
internal_count=1941 944 426 997 237 248 147 82 518 467 760 130 56 419 298 121 212 141 114 178 149 102 65 81 46 96 75 55 71 630
is_linear=0
shrinkage=0.03


Tree=66
num_leaves=31
num_cat=0
split_feature=1 28 9 9 9 47 36 36 38 53 56 16 26 47 16 57 47 27 37 9 18 19 27 35 56 11 9 37 51 48
split_gain=61.9384 8.5271 11.3009 8.40086 11.5044 6.28912 6.04626 4.38118 4.23908 4.14531 4.74431 4.10472 4.0618 7.68768 6.05613 4.02001 5.9197 3.62808 3.7963 3.48002 3.20864 2.66073 2.8189 3.61185 7.03433 2.65646 1.80908 2.11498 1.7984 1.76333
threshold=595.90178570000012 1005.9500000000002 151.50000000000003 141.50000000000003 138.50000000000003 52.500000000000007 7.2553571430000003 111.5732143 249.83861606250008 235.50000000000003 18.450000000000003 24.150000000000002 14.750000000000002 24.500000000000004 23.650000000000002 290.50000000000006 24.500000000000004 288.50000000000006 336.70000000000005 145.50000000000003 29.500000000000004 2.5000000000000004 302.50000000000006 12.312500000000002 8.6500000000000004 -0.58216583101416131 149.50000000000003 7.0553571430000011 338.50000000000006 1.5000000000000002
decision_type=2 2 2 2 2 2 2 2 2 2 2 2 2 2 2 2 2 2 2 2 2 2 2 2 2 2 2 2 2 2
left_child=3 2 15 4 -1 6 -6 20 -4 10 12 -10 13 -3 -14 26 25 19 -19 -15 -5 22 23 24 -9 -17 27 -2 -13 -8
right_child=1 9 8 7 5 -7 29 21 11 -11 -12 28 14 17 -16 16 -18 18 -20 -21 -22 -23 -24 -25 -26 -27 -28 -29 -30 -31
leaf_value=-0.15367600687405794 -0.15377624424781941 4.5213581177788527 -0.25715865600670934 -0.15367600687405794 -0.48820448569633296 -0.14343045656193418 1.4500399697317243 -0.15367600687405794 3.9518266155408721 7.072344771588905 9.3542810217180534 -0.4253105240797509 -0.40251506238890294 4.2287425052711747 1.4467626370130051 5.2984723123044031 -0.22852025683277916 -0.77904094232143117 0.052320283974651147 -0.028517467185024969 0.03496656453895497 -0.15367600687405794 -0.15367600687405794 -0.15599338295725046 3.7947306441368727 -0.023457678157809383 -0.094603929464099248 -0.15291838253019088 3.1152295721051493 4.3656891469051313
leaf_weight=90 21 80 36 73 23 49 27 55 77 46 51 28 53 41 78 22 53 40 39 90 31 359 109 99 34 29 26 97 37 48
leaf_count=90 21 80 36 73 23 49 27 55 77 46 51 28 53 41 78 22 53 40 39 90 31 359 109 99 34 29 26 97 37 48
internal_value=-0.00560278 -9.5339e-05 -0.00323944 -0.0108175 -0.00588608 -0.000714286 0.00367347 -0.0123553 0.00252809 0.00249035 0.00165254 0.00485915 0.000605701 0.00258621 -0.00377863 -0.00737903 -0.00288462 -0.000428571 -0.00550633 0.00263359 -0.00663462 -0.0132622 -0.0111616 -0.00893617 -0.00455056 0.00441176 -0.010625 -0.0122034 -0.000692308 0.0078
internal_weight=1941 944 426 997 237 147 98 760 178 518 472 142 421 290 131 248 104 210 79 131 104 656 297 188 89 51 144 118 65 75
internal_count=1941 944 426 997 237 147 98 760 178 518 472 142 421 290 131 248 104 210 79 131 104 656 297 188 89 51 144 118 65 75
is_linear=0
shrinkage=0.03


Tree=67
num_leaves=31
num_cat=0
split_feature=11 9 57 28 9 10 27 53 56 47 56 16 24 9 44 26 49 10 26 49 18 57 1 53 59 14 25 48 37 16
split_gain=61.5245 9.95766 15.1883 9.1985 12.4366 6.86487 5.23859 4.55059 5.18608 4.39005 3.53764 6.76994 5.87309 3.78089 4.77721 3.3835 3.19687 3.84615 8.15686 3.16075 3.06818 2.76128 3.12111 2.54848 2.22658 2.77149 3.47115 2.01299 1.80111 1.68452
threshold=0.065403129230142756 141.50000000000003 298.50000000000006 1005.9500000000002 149.50000000000003 0.63405362205439497 276.50000000000006 235.50000000000003 18.450000000000003 18.500000000000004 14.750000000000002 23.650000000000002 430.25000000000006 147.50000000000003 32.250000000000007 20.050000000000004 2.5000000000000004 0.77259657388510639 8.6500000000000004 5.5000000000000009 45.500000000000007 294.50000000000006 3466.4732145000003 131.50000000000003 1.1500000000000001 31.150000000000002 129.50000000000003 19.500000000000004 329.7044643000001 24.450000000000003
decision_type=2 2 2 2 2 2 2 2 2 2 2 2 2 2 2 2 2 2 2 2 2 2 2 2 2 2 2 2 2 2
left_child=3 2 5 4 6 19 -1 8 10 21 12 -12 20 -14 -15 24 17 -3 -19 -2 28 -8 -23 -22 25 26 -6 -4 -5 -11
right_child=1 16 27 7 15 -7 9 -9 -10 29 11 -13 13 14 -16 -17 -18 18 -20 -21 23 22 -24 -25 -26 -27 -28 -29 -30 -31
leaf_value=-0.17388469930680925 6.2048470723420541 -0.14906572666783621 -0.14906572666783621 -0.21125588167202977 -0.06572968206876037 -0.4968818402270902 -0.29258596800326225 6.8601744284412387 9.0736525910665105 -0.221855819892122 -0.39537180371184311 0.79513504163237025 4.5610549120313841 -0.71493895783022587 5.834994492460063 3.2858121729786784 -0.14906572666783621 -0.20039838740106167 6.3681628042960092 -0.0093977366620104381 4.2648068666534682 -0.18404885649060224 4.7739492950553606 -0.57235103910401308 -0.42738121947911506 -0.315231842366274 1.1718650955343082 -0.13334576048272326 0.11534794623197285 -0.20514136057324986
leaf_weight=74 45 234 92 101 32 21 47 46 51 61 47 77 57 21 28 75 389 51 27 32 33 20 25 22 20 32 72 25 64 20
leaf_count=74 45 234 92 101 32 21 47 46 51 61 47 77 57 21 28 75 389 51 27 32 33 20 25 22 20 32 72 25 64 20
internal_value=-0.00564915 -0.0112991 -0.00565116 -0.0006 -0.00364017 0.00306122 -0.00831984 0.00205667 0.00122754 -0.00546243 0.0002 -0.0041129 0.00184049 0.00764151 0.00153061 0.00136364 -0.0130314 -0.0107692 -0.005 0.00720779 -0.000954545 -0.000978261 0.00433333 0.00518182 -0.00115385 0.000220588 0.00259615 -0.0129487 -0.003 -0.0105556
internal_weight=1941 916 215 1025 478 98 247 547 501 173 450 124 326 106 49 231 701 312 78 77 220 92 45 55 156 136 104 117 165 81
internal_count=1941 916 215 1025 478 98 247 547 501 173 450 124 326 106 49 231 701 312 78 77 220 92 45 55 156 136 104 117 165 81
is_linear=0
shrinkage=0.03


Tree=68
num_leaves=31
num_cat=0
split_feature=1 9 57 28 9 8 53 56 17 37 56 47 46 27 9 49 57 35 28 26 37 26 20 38 35 49 8 26 16 17
split_gain=60.3965 10.1893 14 7.72174 11.1809 8.98154 4.78951 5.49383 4.64032 4.69433 3.31862 7.03726 5.06318 3.27923 3.80131 2.97157 3.54334 4.86515 7.08215 2.96245 2.90909 2.44444 2.41186 3.0933 2.20543 2.18939 2.17174 2.14061 2.11243 2.83663
threshold=127.93750000000001 141.50000000000003 299.50000000000006 1005.9500000000002 149.50000000000003 4.5000000000000009 235.50000000000003 18.450000000000003 46.500000000000007 46.59196428500001 14.450000000000001 24.500000000000004 23.850000000000005 287.50000000000006 145.50000000000003 2.5000000000000004 302.50000000000006 1.0000000180025095e-35 1007.1500000000002 20.050000000000004 336.70000000000005 8.6500000000000004 43.500000000000007 197.33303571250002 815.06428575000007 5.5000000000000009 3.5000000000000004 11.550000000000002 24.250000000000004 1.5000000000000002
decision_type=2 2 2 2 2 2 2 2 2 2 2 2 2 2 2 2 2 2 2 2 2 2 2 2 2 2 2 2 2 2
left_child=1 2 8 4 5 -2 7 10 9 25 11 -5 26 14 -13 16 17 18 21 22 -15 -3 -6 -24 -7 -1 -12 -16 29 -14
right_child=3 15 -4 6 19 24 -8 -9 -10 -11 12 13 28 20 27 -17 -18 -19 -20 -21 -22 -23 23 -25 -26 -27 -28 -29 -30 -31
leaf_value=6.2443992920077287 -0.19495354761016404 -0.14459375486780113 -0.14459375486780113 4.0330750983467976 -0.16580159991833723 2.7445832314758114 6.6543691955880009 8.8014430133345147 -0.53934529723639868 -0.67337990691109062 -0.35072910266797341 4.0978872184909676 -0.44253051900848561 -0.5821024684349746 -0.27343588358468701 -0.14459375486780113 -0.14459375486780113 -0.14768175757179619 6.9516813511101958 3.1872378077893178 0.018710719383014975 0.33363397529280348 -0.12930330411881072 3.0604344090096127 -0.2668394040106859 0.19363826079702859 -0.57885249911403658 1.526635870544258 -0.43461922722204843 6.8158196763848551
leaf_weight=44 161 50 112 74 81 36 46 51 26 20 37 40 30 44 44 395 114 102 25 75 44 22 29 43 42 22 23 54 29 26
leaf_count=44 161 50 112 74 81 36 46 51 26 20 37 40 30 44 44 395 114 102 25 75 44 22 29 43 42 22 23 54 29 26
internal_value=-0.00569552 -0.0112017 -0.005625 -0.000609514 -0.00343683 -0.00797071 0.00182657 0.000967742 0.001875 0.00523256 -0.000101124 0.0017 -0.00382759 -0.000929204 0.00195652 -0.0129661 -0.0107827 -0.00836683 -0.0035567 0.00131579 -0.00545455 -0.00833333 -0.00107843 0.00291667 0.000384615 0.00909091 -0.0105 -0.00122449 0.000882353 0.00428571
internal_weight=1941 932 224 1009 467 239 542 496 112 86 445 300 145 226 138 708 313 199 97 228 88 72 153 72 78 66 60 98 85 56
internal_count=1941 932 224 1009 467 239 542 496 112 86 445 300 145 226 138 708 313 199 97 228 88 72 153 72 78 66 60 98 85 56
is_linear=0
shrinkage=0.03


Tree=69
num_leaves=31
num_cat=0
split_feature=1 9 57 28 9 8 10 37 53 56 56 54 16 6 6 10 27 30 16 17 18 39 8 27 27 51 39 16 17 37
split_gain=60.0858 10.3073 14 8.10332 10.5562 8.98154 6.5454 4.97663 4.78951 5.49383 3.31862 6.51765 4.57662 3.25849 7.35603 9.21055 2.63748 2.48865 3.95727 2.40015 2.26244 2.21821 2.06811 2.06464 4.80159 4.24452 2.03655 2.01821 2.72061 1.77561
threshold=127.93750000000001 141.50000000000003 299.50000000000006 1005.9500000000002 149.50000000000003 4.5000000000000009 0.72947329433276253 29.999107145000004 235.50000000000003 18.450000000000003 14.450000000000001 488.05000000000001 23.850000000000005 26.500000000000004 28.500000000000004 0.29012925520284133 320.50000000000006 266.13125000000008 24.150000000000002 93.500000000000014 45.500000000000007 871.24040180625013 3.5000000000000004 300.50000000000006 279.50000000000006 164.50000000000003 912.59750746250006 24.250000000000004 1.5000000000000002 11.392857145000002
decision_type=2 2 2 2 2 2 2 2 2 2 2 2 2 2 2 2 2 2 2 2 2 2 2 2 2 2 2 2 2 2
left_child=1 2 6 4 5 29 7 -1 9 10 11 16 22 -3 15 -15 20 -6 26 -20 23 -7 -12 24 25 -5 -19 28 -14 -2
right_child=3 13 -4 8 17 21 -8 -9 -10 -11 12 -13 27 14 -16 -17 -18 18 19 -21 -22 -23 -24 -25 -26 -27 -28 -29 -30 -31
leaf_value=4.049916073095547 -0.15204641253393611 -0.14025594222176707 -0.14025594222176707 -0.14590166563176127 -0.055692099181988933 -0.21595512104663456 -0.48778453284418843 -0.49338036928351664 6.4547381197203624 8.5373997229344791 -0.3402072295879342 5.7571186804200325 -0.42925460343823146 -0.16441966721817011 -0.14025594222176707 5.6340275691420949 -0.38579814005920976 5.3578211962964462 0.31375175207461664 -0.86274803134723932 3.1477035894332372 5.5801708974943782 -0.59393414051718196 0.29542221751315861 -0.65448241677208807 3.4134147291976751 1.2629356467675712 -0.42158065040538717 5.4327809972200845 -0.19035334832635945
leaf_weight=67 27 507 112 50 67 58 23 22 46 51 39 51 30 48 115 38 47 51 64 20 48 20 22 24 49 31 26 29 25 134
leaf_count=67 27 507 112 50 67 58 23 22 46 51 39 51 30 48 115 38 47 51 64 20 48 20 22 24 49 31 26 29 25 134
internal_value=-0.00574189 -0.0112339 -0.005625 -0.000668979 -0.00356531 -0.00797071 0.001875 0.0055618 0.00182657 0.000967742 -0.000101124 0.0017 -0.00382759 -0.0130085 -0.00977612 -0.00313953 -0.000301205 0.00105263 0.00307453 -0.00142857 0.00118812 0.000384615 -0.010082 -0.000584416 -0.00207692 0.00240741 0.00798701 0.000714286 0.00409091 -0.0120186
internal_weight=1941 932 224 1009 467 239 112 89 542 496 445 300 145 708 201 86 249 228 161 84 202 78 61 154 130 81 77 84 55 161
internal_count=1941 932 224 1009 467 239 112 89 542 496 445 300 145 708 201 86 249 228 161 84 202 78 61 154 130 81 77 84 55 161
is_linear=0
shrinkage=0.03


Tree=70
num_leaves=31
num_cat=0
split_feature=1 9 57 58 9 10 57 47 6 39 6 14 57 16 16 6 6 6 10 48 45 45 48 27 26 46 57 26 31 40
split_gain=58.713 10.6846 14.1077 7.7027 9.90434 7.37038 5.24586 5.29033 5.21805 4.64209 7.15507 4.33406 4.28963 4.28211 5.9492 5.44493 3.25849 7.35603 9.21055 3.06762 2.98493 2.91212 2.7381 2.72682 2.63117 2.26288 2.00995 1.88884 1.86283 1.61367
threshold=127.93750000000001 141.50000000000003 298.50000000000006 1005.9500000000002 149.50000000000003 0.72947329433276253 280.50000000000006 18.500000000000004 23.500000000000004 786.72578125000007 20.500000000000004 32.150000000000013 309.50000000000006 23.750000000000004 25.350000000000005 28.500000000000004 26.500000000000004 28.500000000000004 0.29012925520284133 1.0000000180025095e-35 78.500000000000014 71.500000000000014 19.500000000000004 188.50000000000003 20.050000000000004 23.350000000000005 279.50000000000006 15.65 745.88750000000016 698.30427827708354
decision_type=2 2 2 2 2 2 2 2 2 2 2 2 2 2 2 2 2 2 2 2 2 2 2 2 2 2 2 2 2 2
left_child=1 2 5 4 6 20 -2 11 9 10 12 -8 23 15 19 -10 -3 18 -18 -15 -1 -14 -4 -5 25 -6 -21 -27 -28 -11
right_child=3 16 22 8 24 -7 7 -9 13 29 -12 -13 21 14 -16 -17 17 -19 -20 26 -22 -23 -24 -25 -26 27 28 -29 -30 -31
leaf_value=-0.03422300190401005 -0.14748502015791801 -0.13604826395511407 -0.13604826395511407 0.0013828104922226103 1.8266934057530693 -0.4731509968588628 -0.24461123970475429 -0.2034497676529364 -0.35785036643820339 7.3719930099140329 5.1487279673247972 4.9438468407425908 9.3900052741158699 -0.1619999786080018 -0.30931923079200391 2.8934011892811586 -0.15948707720162503 -0.13604826395511407 5.4650067420678337 7.534650292670019 4.9691315889660013 -0.58062974543295631 -0.12369078794673088 -0.56070583774392291 2.6468728723719761 0.02480561594482026 1.7420508861332273 -0.18659232167460857 -0.40893323089322547 3.0717717658618913
leaf_weight=28 79 507 92 34 30 23 57 74 39 66 47 24 24 63 54 30 48 115 38 40 53 20 28 42 73 57 46 65 25 20
leaf_count=28 79 507 92 34 30 23 57 74 39 66 47 24 24 63 54 30 48 115 38 40 53 20 28 42 73 57 46 65 25 20
internal_value=-0.0057728 -0.0112017 -0.00549107 -0.000758176 -0.00362745 0.00259615 -0.00794872 -0.00474194 0.00163636 0.00480237 0.00188623 0.000555556 -0.002 -0.00106061 0.000921053 -0.0076087 -0.0130085 -0.00977612 -0.00313953 0.00362069 0.00685185 0.00545455 -0.0125 -0.00631579 0.000866667 -0.00138158 0.00662162 -0.00319672 0.00359155 0.0104651
internal_weight=1941 932 224 1009 459 104 234 155 550 253 167 81 120 297 228 69 708 201 86 174 81 44 120 76 225 152 111 122 71 86
internal_count=1941 932 224 1009 459 104 234 155 550 253 167 81 120 297 228 69 708 201 86 174 81 44 120 76 225 152 111 122 71 86
is_linear=0
shrinkage=0.03


Tree=71
num_leaves=31
num_cat=0
split_feature=11 9 57 28 6 10 6 24 11 19 37 1 6 6 10 15 57 2 18 48 23 27 2 6 19 27 11 24 1 20
split_gain=58.777 9.75747 13.1291 7.63725 9.9709 6.08355 5.7983 5.56053 4.89854 5.26682 4.26667 4.20886 3.61062 6.53524 9.49522 2.88777 3.00317 4.39133 3.16904 2.4103 2.24926 2.19562 2.40929 3.28578 2.59792 2.96566 2.16371 2.04721 1.70323 1.68948
threshold=0.032701564615071184 141.50000000000003 298.50000000000006 1005.9500000000002 16.500000000000004 0.63405362205439497 23.500000000000004 741.80000000000007 -0.91037613702198739 1.0000000180025095e-35 11.392857145000002 2481.0000000000005 26.500000000000004 28.500000000000004 0.29012925520284133 72.500000000000014 269.50000000000006 1619.0000000000002 8.5000000000000018 19.500000000000004 62.500000000000007 269.50000000000006 6955.2142855000011 23.500000000000004 3.5000000000000004 294.50000000000006 -0.5 727.55000000000007 7190.6309520000004 13.500000000000002
decision_type=2 2 2 2 2 2 2 2 2 2 2 2 2 2 2 2 2 2 2 2 2 2 2 2 2 2 2 2 2 2
left_child=3 2 5 4 26 10 8 21 -5 -10 -2 -11 -3 14 -14 16 -8 28 27 -4 -17 -6 24 -24 -23 -26 -1 -19 -18 -13
right_child=1 12 19 6 7 -7 15 -9 9 11 -12 29 13 -15 -16 20 17 18 -20 -21 -22 22 23 -25 25 -27 -28 -29 -30 -31
leaf_value=2.9841280160480292 3.8420823360959075 -0.13196681603646065 -0.13196681603646065 6.8445356112500679 -0.14145998741345561 -0.45895646695309694 5.3042331374703435 2.9450440434574126 3.8738474593347916 0.76431588763649472 -0.085787251921099289 -1.4537757097965298 -0.19949119195602832 -0.13196681603646065 5.3010565398057965 -0.0066183257112689192 3.262562082671459 2.1432259791536405 -0.47615300717500847 -0.11708917311715254 -0.50825232306328183 -0.18654477093044702 -0.44601849152028616 0.39741197195306821 -0.44459078895904075 0.13372792487038013 -0.050449930934791672 -0.3310801350634574 -0.034346401923443182 -0.18269733446495875
leaf_weight=108 60 512 94 102 44 21 36 35 44 37 20 33 50 117 38 31 35 34 33 25 40 77 35 29 21 32 79 59 23 37
leaf_count=108 60 512 94 102 44 21 36 35 44 37 20 33 50 117 38 31 35 34 33 25 40 77 35 29 21 32 79 59 23 37
internal_value=-0.00585008 -0.011254 -0.00572727 -0.000806773 -0.00365217 0.00222772 0.00159926 -0.00730769 0.00492095 0.00149007 0.006 -0.0021028 -0.0129498 -0.00958537 -0.00340909 -0.00128866 0.000409091 -0.0011413 -0.00428571 -0.012479 -0.0065493 -0.00894958 -0.00757732 -0.0028125 -0.00992308 -0.00481132 0.00168449 -0.00145161 0.00568966 -0.00642857
internal_weight=1941 937 220 1004 460 101 544 273 253 151 80 107 717 205 88 291 220 184 126 119 71 238 194 64 130 53 187 93 58 70
internal_count=1941 937 220 1004 460 101 544 273 253 151 80 107 717 205 88 291 220 184 126 119 71 238 194 64 130 53 187 93 58 70
is_linear=0
shrinkage=0.03


Tree=72
num_leaves=31
num_cat=0
split_feature=1 12 57 58 12 8 17 49 53 26 49 57 35 26 18 26 16 16 45 31 16 41 23 27 16 18 47 27 37 23
split_gain=57.1426 9.71947 12.5181 7.2498 8.44599 7.90633 5.37736 5.09904 5.07796 3.715 3.01659 3.38411 4.54976 7.36198 2.85625 2.8524 6.78506 6.0008 2.609 2.42754 3.54386 2.29004 2.10211 2.07655 2.44581 3.85665 2.21196 1.83203 1.8289 1.69436
threshold=61.571428570000002 0.64987354830121502 298.50000000000006 1005.9500000000002 0.53946920585801694 4.5000000000000009 42.500000000000007 5.5000000000000009 235.50000000000003 19.150000000000002 2.5000000000000004 302.50000000000006 1.0000000180025095e-35 8.6500000000000004 19.500000000000004 14.750000000000002 24.150000000000002 23.650000000000002 61.500000000000007 319.89375000000001 24.150000000000002 257.1342189636942 179.50000000000003 57.500000000000007 25.350000000000005 45.500000000000007 33.500000000000007 281.50000000000006 11.392857145000002 175.50000000000003
decision_type=2 2 2 2 2 2 2 2 2 2 2 2 2 2 2 2 2 2 2 2 2 2 2 2 2 2 2 2 2 2
left_child=1 10 6 4 19 28 7 -3 9 15 11 12 13 -1 -4 16 22 -17 -7 -2 -21 -22 -5 -18 25 26 -25 -24 -6 -19
right_child=3 2 14 8 5 18 -8 -9 -10 -11 -12 -13 -14 -15 -16 17 23 29 -20 20 21 -23 27 24 -26 -27 -28 -29 -30 -31
leaf_value=-0.12800781155536681 -0.060345925714883036 5.6712334133027715 -0.12800781155536681 6.0720733609940698 -0.15465236320600997 4.5520600554673134 -0.57655916483826686 -0.03062269428925677 6.1257946406266761 8.0882506431592827 -0.12800781155536681 -0.12800781155536681 -0.12905354314933984 3.9565562012933433 -0.11935828030599087 -0.32114773101155492 0.9441218324664441 -0.15854151006066786 -0.26186146186749792 4.0983423935800598 -0.52490035937274027 0.85401806933155655 5.1203098145207138 0.73236033654915667 -0.35214128717726823 3.1646852201913145 -0.2337687192180482 -0.72384426603459973 -0.17651387303653163 7.9587941427964672
leaf_weight=57 85 44 91 44 29 28 20 37 48 49 385 114 102 40 27 61 25 62 49 69 33 44 22 47 74 23 54 20 133 25
leaf_count=57 85 44 91 44 29 28 20 37 48 49 385 114 102 40 27 61 25 62 49 69 33 44 22 47 74 23 54 20 133 25
internal_value=-0.00589645 -0.0113359 -0.00582192 -0.00102539 -0.00376596 -0.00771967 0.00193069 0.00537037 0.00129964 0.00041502 -0.0130659 -0.0108786 -0.00851759 -0.00386598 -0.0124576 -0.000426696 0.00121359 -0.00385135 0.000194805 0.000324675 0.00267123 -0.00175325 0.00837209 -0.00154709 -0.00257576 0 -0.00252475 0.00357143 -0.0114815 0.0012069
internal_weight=1941 917 219 1024 470 239 101 81 554 506 698 313 199 97 118 457 309 148 77 231 146 77 86 223 198 124 101 42 162 87
internal_count=1941 917 219 1024 470 239 101 81 554 506 698 313 199 97 118 457 309 148 77 231 146 77 86 223 198 124 101 42 162 87
is_linear=0
shrinkage=0.03


Tree=73
num_leaves=31
num_cat=0
split_feature=11 9 57 11 6 6 9 49 10 37 6 6 10 27 34 18 3 35 43 23 27 30 34 18 10 19 30 27 41 37
split_gain=57.1079 9.75747 12.1669 6.78692 6.50435 9.72874 9.68606 11.0837 6.30464 4.20378 3.61062 6.53524 9.49522 3.57718 3.49299 2.88115 2.54473 2.48482 2.46702 2.37201 3.01532 3.16957 2.35438 3.20862 2.21497 2.46 2.22857 1.99249 1.76372 2.32314
threshold=0.032701564615071184 141.50000000000003 298.50000000000006 -0.58216583101416131 26.500000000000004 28.500000000000004 141.50000000000003 9.5000000000000018 0.58216583101416164 11.392857145000002 26.500000000000004 28.500000000000004 0.29012925520284133 309.50000000000006 524.67857140000012 36.500000000000007 6587869.5715000005 245.86875000000003 -240.14642859999992 62.500000000000007 262.50000000000006 116.72857145000002 1147.2705355000001 48.500000000000007 -0.25881904510252113 98.500000000000014 1008.5285715000001 307.50000000000006 255.44107604957972 430.72857140000002
decision_type=2 2 2 2 2 2 2 2 2 2 2 2 2 2 2 2 2 2 2 2 2 2 2 2 2 2 2 2 2 2
left_child=3 2 8 4 6 -6 7 -1 9 -2 -3 12 -12 14 -9 -4 24 -7 -18 20 -5 27 23 28 26 -26 -8 -22 -21 -30
right_child=1 10 15 19 5 17 16 13 -10 -11 11 -13 -14 -15 -16 -17 18 -19 -20 22 21 -23 -24 -25 25 -27 -28 -29 29 -31
leaf_value=-0.18220719911113184 3.5922063344778836 -0.1241675772087058 -0.1241675772087058 -0.13488051211515065 -0.29534647956155319 3.1536826276293493 3.4266143419053159 -0.89910494050556955 -0.44426909211582633 -0.082294953534788648 -0.1896348499028673 -0.1241675772087058 5.0233281575728226 9.4718968491590925 3.2886388778030953 -0.091347811451520322 4.1143579516429325 -0.38652303911768071 -0.065734801460539533 -0.18645451530433893 0.14587721327630487 2.6334519801850433 1.0114521584546861 1.1345302861366866 6.1799818558556074 1.6489918311027314 -0.66556773466497421 -0.43559454940138292 -0.22686759303681256 0.23637371383169137
leaf_weight=60 59 512 98 60 58 65 35 22 22 20 50 117 38 23 28 21 22 22 86 104 22 24 29 38 123 23 30 23 84 23
leaf_count=60 59 512 98 60 58 65 35 22 22 20 50 117 38 23 28 21 22 22 86 104 22 24 29 38 123 23 30 23 84 23
internal_value=-0.00592736 -0.011254 -0.00572727 -0.000956175 0.0010804 -0.00444828 0.00285398 -0.00394737 0.00193069 0.00588608 -0.0129498 -0.00958537 -0.00340909 0.00390411 -0.0006 -0.0122269 0.00568966 0.00189655 0.00194444 -0.00394349 -0.000581395 0.00369565 -0.0055036 -0.00644578 0.00760664 0.00965753 0.003 -0.001 -0.007891 -0.00518692
internal_weight=1941 937 220 1004 597 145 452 133 101 79 717 205 88 73 50 119 319 87 108 407 129 69 278 249 211 146 65 45 211 107
internal_count=1941 937 220 1004 597 145 452 133 101 79 717 205 88 73 50 119 319 87 108 407 129 69 278 249 211 146 65 45 211 107
is_linear=0
shrinkage=0.03


Tree=74
num_leaves=31
num_cat=0
split_feature=11 9 57 11 54 8 10 40 6 6 57 21 20 27 6 6 10 48 40 57 28 48 48 20 14 23 45 34 55 41
split_gain=56.4706 9.87084 12.1669 7.052 6.43373 8.64442 6.30464 3.91047 3.57775 6.98224 3.92195 3.43928 4.2012 4.21842 3.38981 6.12997 8.75658 2.99383 2.88207 3.42857 2.80479 2.47506 2.26497 2.25081 2.04209 2.00661 3.06976 2.08626 1.84379 1.70682
threshold=0.032701564615071184 141.50000000000003 298.50000000000006 -0.58216583101416131 589.20000000000016 3.5000000000000004 0.58216583101416164 323.40915921812501 26.500000000000004 20.500000000000004 277.50000000000006 678.50000000000011 37.000000000000007 311.50000000000006 26.500000000000004 28.500000000000004 0.29012925520284133 19.500000000000004 720.66785715541675 295.50000000000006 1008.1500000000002 48.500000000000007 61.500000000000007 19.500000000000004 33.45000000000001 62.500000000000007 84.500000000000014 1136.1008930000003 156.00000000000003 255.44107604957972
decision_type=2 2 2 2 2 2 2 2 2 2 2 2 2 2 2 2 2 2 2 2 2 2 2 2 2 2 2 2 2 2
left_child=3 2 6 4 11 8 7 -2 9 -6 -11 12 13 20 -3 16 -16 -4 24 -20 -1 25 -23 -24 -7 26 -5 29 -14 -27
right_child=1 14 17 21 5 18 -8 -9 -10 10 -12 -13 28 -15 15 -17 -18 -19 19 -21 -22 22 23 -25 -26 27 -28 -29 -30 -31
leaf_value=-0.7084717681963747 4.7309884903735497 -0.12044254989244463 -0.12044254989244463 0.90179129463102692 -0.088653082794442187 7.1832022631825749 -0.43094101935235152 -0.027235164854535407 -0.24613733620952244 7.0206001889168448 -0.58986954807265934 7.716578750087014 1.1797586194659162 1.2943274172528345 -0.18394580440578151 -0.12044254989244463 4.8726283128456389 -0.10725531517091255 -0.61674339311088899 4.2806426001403466 1.8403668171945564 2.912358233968904 -0.72068624310492424 0.37800529533095584 1.67012399736794 -0.18216297605750098 -0.13153750983224996 0.99420672365258866 5.0949457268759994 -0.15858453554121671
leaf_weight=80 48 512 94 39 45 39 22 31 42 23 26 66 37 30 50 117 38 25 54 21 36 26 20 23 23 104 59 28 75 108
leaf_count=80 48 512 94 39 45 39 22 31 42 23 26 66 37 30 50 117 38 25 54 21 36 26 20 23 23 104 59 28 75 108
internal_value=-0.00598918 -0.011286 -0.00572727 -0.00104582 0.00103015 -0.00236264 0.00193069 0.00588608 -0.00772059 -0.00446809 0.00336735 0.00388889 0.00232558 -0.0010274 -0.0129916 -0.00973171 -0.00375 -0.0122269 0.0029562 -0.001 -0.00362069 -0.00409091 0.00108696 -0.00313953 0.00774194 -0.00514793 -0.00153061 -0.006625 0.00669643 -0.00764151
internal_weight=1941 937 220 1004 597 273 101 79 136 94 49 324 258 146 717 205 88 119 137 75 116 407 69 43 62 338 98 240 112 212
internal_count=1941 937 220 1004 597 273 101 79 136 94 49 324 258 146 717 205 88 119 137 75 116 407 69 43 62 338 98 240 112 212
is_linear=0
shrinkage=0.03


Tree=75
num_leaves=31
num_cat=0
split_feature=1 9 57 11 54 8 36 10 16 49 21 20 27 48 49 10 26 27 51 37 34 8 57 8 48 56 50 9 9 49
split_gain=56.8183 10.2084 13.0402 6.91431 6.02371 9.07844 7.08052 5.86643 4.41947 4.19923 3.54429 3.91487 4.21842 2.9987 2.87253 3.51065 7.38419 2.64701 2.42793 3.5319 2.74203 1.79162 3.60085 3.08345 3.40732 3.10377 2.36802 1.78254 4.00216 1.77778
threshold=61.571428570000002 141.50000000000003 298.50000000000006 -0.58216583101416131 589.20000000000016 4.5000000000000009 154.23571425000003 0.58216583101416164 23.750000000000004 5.5000000000000009 678.50000000000011 37.000000000000007 311.50000000000006 19.500000000000004 2.5000000000000004 0.77259657388510639 8.6500000000000004 277.50000000000006 362.00000000000006 585.77500000000009 1100.7142855000004 5.5000000000000009 261.50000000000006 1.5000000000000002 29.500000000000004 14.050000000000002 19.500000000000004 141.50000000000003 147.50000000000003 92.000000000000014
decision_type=2 2 2 2 2 2 2 2 2 2 2 2 2 2 2 2 2 2 2 2 2 2 2 2 2 2 2 2 2 2
left_child=1 2 7 4 10 6 8 9 -6 -1 11 12 27 -4 15 -3 -17 -10 19 21 -20 22 26 25 -25 -24 -5 -2 -29 -13
right_child=3 14 13 18 5 -7 -8 -9 17 -11 -12 29 -14 -15 -16 16 -18 -19 20 -21 -22 -23 23 24 -26 -27 -28 28 -30 -31
leaf_value=5.2514005661581482 -0.62031601830589433 -0.1168292733956713 -0.1168292733956713 -0.24285476055916988 -0.24355209896396457 4.1522233221361349 3.490748744125499 -0.418012788771781 3.6459668162323533 -0.026418109908899347 7.4850813875844038 4.4229273648731722 1.25549759473525 -0.10692854690696159 -0.1168292733956713 -0.15362793501346242 5.0609893739519949 -0.085993490310608919 -0.17539599056348373 0.67608726176313705 -0.028640635807330665 -0.28462948809293487 -0.35940210329436867 -0.02281146826380457 5.9728836521026727 0.12600489549323407 -0.083652042960547415 3.7884313596678054 -1.0201022938564515 2.6821394683302686
leaf_weight=44 39 234 92 48 98 99 24 23 23 34 66 49 30 26 385 52 27 29 79 21 36 48 29 40 33 20 73 27 50 63
leaf_count=44 39 234 92 48 98 99 24 23 23 34 66 49 30 26 385 52 27 29 79 21 36 48 29 40 33 20 73 27 50 63
internal_value=-0.0059119 -0.0113359 -0.00568493 -0.00105469 0.00103015 -0.00225275 -0.00637931 0.00222772 -0.0088 0.00615385 0.0037963 0.0022093 -0.0010274 -0.0124576 -0.0131089 -0.0109744 -0.00550633 -0.00173077 -0.00396956 -0.00259615 -0.00769565 -0.00345361 -0.00240741 0.00122951 0.00513699 -0.00459184 -0.00607438 -0.00362069 -0.000974026 0.00642857
internal_weight=1941 917 219 1024 597 273 174 101 150 78 324 258 146 118 698 313 79 52 427 312 115 291 243 122 73 49 121 116 77 112
internal_count=1941 917 219 1024 597 273 174 101 150 78 324 258 146 118 698 313 79 52 427 312 115 291 243 122 73 49 121 116 77 112
is_linear=0
shrinkage=0.03


Tree=76
num_leaves=31
num_cat=0
split_feature=11 9 57 58 6 8 57 11 27 53 6 6 37 56 6 6 35 31 58 39 57 23 15 48 11 18 46 20 24 26
split_gain=58.0826 10.6259 13.2094 8.04834 10.0132 5.82317 6.55111 5.50085 4.79488 4.29983 5.01784 4.80114 3.47119 3.43962 3.38981 6.12997 7.53869 3.38659 3.367 3.28234 3.23719 3.02434 4.18579 2.99383 2.83969 2.57857 2.39224 2.18042 2.15808 1.92
threshold=0.032701564615071184 141.50000000000003 298.50000000000006 1006.5500000000001 16.500000000000004 3.5000000000000004 309.50000000000006 0.83146961230254512 279.50000000000006 151.50000000000003 26.500000000000004 28.500000000000004 7.0553571430000011 17.650000000000002 26.500000000000004 28.500000000000004 1.0000000180025095e-35 344.61875000000003 1005.1500000000002 1047.9784597750001 294.50000000000006 62.500000000000007 66.500000000000014 19.500000000000004 0.63405362205439486 30.500000000000004 24.250000000000004 47.000000000000007 342.35000000000008 8.6500000000000004
decision_type=2 2 2 2 2 2 2 2 2 2 2 2 2 2 2 2 2 2 2 2 2 2 2 2 2 2 2 2 2 2
left_child=3 2 7 4 17 6 12 8 -2 21 19 -12 -6 -7 -3 16 24 -1 -15 26 -20 29 -23 -4 -16 -19 -11 -27 -24 -5
right_child=1 14 23 9 5 13 -8 -9 -10 10 11 -13 -14 18 15 -17 -18 25 20 -21 -22 22 28 -25 -26 27 -28 -29 -30 -31
leaf_value=-0.050447786950604152 -0.40547240510862753 -0.11332439519380115 -0.11332439519380115 -0.044888709576567862 -0.11909764573928527 -0.46620388547500452 2.4356413606084977 3.8021954090087196 2.4956785569641395 7.4857060984631358 -0.30646303861805935 2.9222394337890614 -0.16677482768504567 -0.26040477941091694 6.077332288002828 -0.11332439519380115 -0.12148695552367006 3.3827510963634366 -0.3605847245393079 -0.120203394700726 5.6171594039349637 1.9544912094255016 -0.39635611000547666 -0.10082979930857633 -0.22626144401586201 -0.63988074379016491 1.972053706590692 3.2977469341225034 0.098204039868529519 5.8793263467777068
leaf_weight=75 38 512 94 30 30 51 20 34 29 72 36 44 131 45 20 117 45 70 25 35 29 26 74 25 23 41 89 29 32 20
leaf_count=75 38 512 94 30 30 51 20 34 29 72 36 44 131 45 20 117 45 70 25 35 29 26 74 25 23 41 89 29 32 20
internal_value=-0.00585008 -0.011222 -0.00545455 -0.000836653 -0.0032967 -0.006571 -0.0101934 0.00252475 -0.00246269 0.00209607 0.00445652 -0.001875 -0.012205 -0.0022 -0.0129916 -0.00973171 -0.00375 0.00174419 0.00106061 0.00704082 0.00611111 -0.00148352 -0.00386364 -0.0122269 0.00523256 0.0045 0.00885093 0.000428571 -0.00650943 0.0048
internal_weight=1941 937 220 1004 546 331 181 101 67 458 276 80 161 150 717 205 88 215 99 196 54 182 132 119 43 140 161 70 106 50
internal_count=1941 937 220 1004 546 331 181 101 67 458 276 80 161 150 717 205 88 215 99 196 54 182 132 119 43 140 161 70 106 50
is_linear=0
shrinkage=0.03


Tree=77
num_leaves=31
num_cat=0
split_feature=11 9 57 58 6 8 11 53 16 59 18 57 21 6 6 10 36 48 19 57 16 18 57 21 8 21 1 46 40 17
split_gain=56.7534 10.6259 13.2094 7.6472 8.70442 7.7522 5.50085 4.30711 3.64505 4.28442 3.66384 3.62471 3.60505 3.38981 6.12997 8.75658 3.35797 2.99383 2.52598 4.06506 5.29189 4.65523 2.42477 2.90136 2.85051 2.04971 1.8383 1.76291 3.12963 2.90053
threshold=0.032701564615071184 141.50000000000003 298.50000000000006 1005.9500000000002 16.500000000000004 3.5000000000000004 0.83146961230254512 235.50000000000003 25.050000000000004 0.25000000000000006 45.500000000000007 278.50000000000006 770.50000000000011 26.500000000000004 28.500000000000004 0.29012925520284133 639.65625000000011 19.500000000000004 47.500000000000007 294.50000000000006 23.650000000000002 21.500000000000004 276.50000000000006 583.50000000000011 2.5000000000000004 273.50000000000006 5351.5714285000004 24.450000000000003 793.89713541250001 93.500000000000014
decision_type=2 2 2 2 2 2 2 2 2 2 2 2 2 2 2 2 2 2 2 2 2 2 2 2 2 2 2 2 2 2
left_child=3 2 6 4 27 -6 11 8 10 25 16 -2 -7 -3 15 -15 18 -4 19 20 -5 -21 23 -22 -24 -10 -12 28 -1 -29
right_child=1 13 17 7 5 12 -8 -9 9 -11 26 -13 -14 14 -16 -17 -18 -19 -20 21 22 -23 24 -25 -26 -27 -28 29 -30 -31
leaf_value=-0.0080558914001422725 -0.39330823295536871 -0.10992466333798712 -0.10992466333798712 -0.31785893854382125 -0.14632585032111914 -0.18269333349359698 3.6881295467384572 5.2749463087782837 -0.31300505299208287 1.545991461122773 5.3570606685638911 2.187603835639659 4.4476293586993769 -0.17127794340602776 -0.10992466333798712 4.3922998136016238 7.9969408887569644 -0.097804905329319208 -0.3270858964091195 6.3631519224642785 -0.020715927073979828 -0.20826382211031538 -0.52766005249613046 6.7885940085811951 2.1003129551721802 0.59128345066492161 0.76345470767774259 0.16838702903363609 3.1397117492630535 -0.50177634747416622
leaf_weight=72 33 512 94 59 147 95 34 48 74 30 27 34 24 50 117 38 22 25 25 62 27 20 37 30 51 20 20 49 36 29
leaf_count=72 33 512 94 59 147 95 34 48 74 30 27 34 24 50 117 38 22 25 25 62 27 20 37 30 51 20 20 49 36 29
internal_value=-0.0059119 -0.011222 -0.00545455 -0.000956175 -0.00384956 -0.00733083 0.00252475 0.00141304 0.000595238 -0.00387097 0.00205263 -0.00246269 -0.00163866 -0.0129916 -0.00973171 -0.00375 0.000945946 -0.0122269 0.000144695 0.000944056 -0.00132353 0.00658537 0.00175862 0.00657895 -0.00136364 -0.00702128 0.00989362 0.00112903 0.00361111 -0.00230769
internal_weight=1941 937 220 1004 452 266 101 552 504 124 380 67 119 717 205 88 333 119 311 286 204 82 145 57 88 94 47 186 108 78
internal_count=1941 937 220 1004 452 266 101 552 504 124 380 67 119 717 205 88 333 119 311 286 204 82 145 57 88 94 47 186 108 78
is_linear=0
shrinkage=0.03


Tree=78
num_leaves=31
num_cat=0
split_feature=1 12 27 58 19 8 10 40 24 46 10 15 6 30 27 1 41 27 8 19 54 14 45 44 6 44 28 41 27 20
split_gain=54.9263 8.99036 11.0096 6.55048 9.28246 8.78121 5.01843 4.73655 4.50208 4.4189 4.34015 4.08852 3.23438 3.22883 3.17351 4.19021 2.85287 3.61604 2.90574 3.44459 2.2933 3.38999 2.59286 2.25543 2.17305 2.86102 3.29588 2.15644 2.27203 2.12187
threshold=610.92857145000005 0.64987354830121502 298.50000000000006 1006.5500000000001 3.5000000000000004 2.5000000000000004 0.58216583101416164 323.40915921812501 761.90000000000009 25.050000000000004 0.88144907265856365 84.500000000000014 26.500000000000004 613.01250000000016 309.50000000000006 2928.5714285000004 114.08552970081003 269.50000000000006 3.5000000000000004 42.500000000000007 592.90000000000009 29.250000000000004 61.500000000000007 31.750000000000004 25.500000000000004 28.550000000000004 1007.1500000000002 191.29453253894749 277.50000000000006 43.500000000000007
decision_type=2 2 2 2 2 2 2 2 2 2 2 2 2 2 2 2 2 2 2 2 2 2 2 2 2 2 2 2 2 2
left_child=1 10 6 4 5 -2 7 -3 23 16 24 12 -12 -11 15 -6 -5 -18 27 -20 21 29 -22 -7 -1 26 -26 -19 -29 -17
right_child=3 2 -4 9 14 8 -8 -9 -10 13 11 -13 -14 -15 -16 20 17 18 19 -21 22 -23 -24 -25 25 -27 -28 28 -30 -31
leaf_value=-0.10662692343784749 -0.14687360921654977 4.5109035815980061 -0.10662692343784749 6.0509152137554345 -0.25968926567852774 0.0088888277920015912 -0.29880282351517984 -0.10889341234376729 3.3654079133399191 -0.31475521895305364 -0.10662692343784749 -0.10662692343784749 5.7632433249546935 1.2660769189633787 3.8944925894210169 -0.67875105289155691 4.1735108840754309 1.9467647901998646 3.9533332599239901 -0.60263561346785155 1.8559205608609293 4.09558829739714 -0.40113225733290248 -0.35423287031554601 -0.10662692343784749 -0.10662692343784749 0.0028284956721114441 0.025427664219064974 -0.40995324827250396 2.0677936546628031
leaf_weight=409 89 47 125 32 75 31 31 34 35 76 21 91 20 34 32 32 65 20 106 22 28 43 20 64 36 152 35 26 55 55
leaf_count=409 89 47 125 32 75 31 31 34 35 76 21 91 20 34 32 32 65 20 106 22 28 43 20 64 36 152 35 26 55 55
internal_value=-0.00597372 -0.0108641 -0.00575949 -0.000765957 -0.00309524 -0.00773973 0.00107143 0.005 -0.00276923 0.00192661 -0.0124476 -0.0075 0.000365854 -0.00327273 0.000473684 -0.000652174 0.00368098 0.0027551 0.000982533 0.00398438 0.00185393 0.00392308 -0.00375 -0.00615789 -0.013481 -0.0110987 -0.00612676 -0.00282178 -0.005 0.000517241
internal_weight=1941 1001 237 940 504 219 112 81 130 436 764 132 41 110 285 253 326 294 229 128 178 130 48 95 632 223 71 101 81 87
internal_count=1941 1001 237 940 504 219 112 81 130 436 764 132 41 110 285 253 326 294 229 128 178 130 48 95 632 223 71 101 81 87
is_linear=0
shrinkage=0.03


Tree=79
num_leaves=31
num_cat=0
split_feature=11 9 57 11 10 46 48 46 6 6 10 28 46 3 28 26 48 27 56 58 6 15 28 47 38 6 26 36 17 3
split_gain=53.1316 10.8941 13.7467 8.09912 4.77991 3.99826 3.94528 3.92235 3.61062 6.53524 8.22246 3.50491 3.43228 3.00945 3.00626 3.06159 2.99383 2.92666 2.73528 2.69104 4.28131 3.24485 2.69235 2.75783 2.64609 2.59979 2.52571 4.15519 2.35278 2.01348
threshold=0.032701564615071184 141.50000000000003 298.50000000000006 -0.88144907265856332 0.58216583101416164 23.250000000000004 48.500000000000007 22.950000000000003 26.500000000000004 28.500000000000004 0.77259657388510639 1005.4500000000002 25.450000000000003 7179908.6875000009 1006.4500000000002 18.650000000000002 19.500000000000004 277.50000000000006 18.450000000000003 1006.5500000000001 16.500000000000004 66.500000000000014 1007.7500000000001 33.500000000000007 594.28593750000016 24.500000000000004 20.700000000000006 243.28571430000002 40.500000000000007 6309268.5270000007
decision_type=2 2 2 2 2 2 2 2 2 2 2 2 2 2 2 2 2 2 2 2 2 2 2 2 2 2 2 2 2 2
left_child=3 2 4 5 -2 26 7 -5 -3 10 12 -7 -10 17 15 -8 -4 -13 -19 20 -9 24 28 -24 -21 -16 27 -1 -23 -22
right_child=1 8 16 6 -6 11 14 19 9 -11 -12 13 -14 -15 25 -17 -18 18 -20 21 29 22 23 -25 -26 -27 -28 -29 -30 -31
leaf_value=-0.25382857273121751 1.8610779960737096 -0.10342811573471207 -0.10342811573471207 2.454980163574918 -0.37254490126125228 -0.069614456984609205 -0.63887256268989889 -0.021449640176756473 -0.2394866687546687 -0.10342811573471207 5.5903460252060517 6.6932808797286567 0.45143113278757607 -0.3108997803795836 5.8118896498624855 6.0053529953227809 -0.091671950466304108 0.12255481450508361 8.6586449415694098 3.1075959786074847 -0.18763999354253263 -0.22490902879495112 0.017376827977877839 -0.36967653828991887 -0.09323258056638245 0.62412227139523624 3.2838254995095753 3.4714135606772616 1.404973976902214 -0.13434724649664523
leaf_weight=62 79 512 94 31 22 21 49 95 46 117 20 66 22 20 22 20 25 78 23 21 65 42 24 54 48 34 20 20 30 159
leaf_count=62 79 512 94 31 22 21 49 95 46 117 20 66 22 20 22 20 25 78 23 21 65 42 24 54 48 34 20 20 30 159
internal_value=-0.00602009 -0.011158 -0.00531818 -0.0012251 0.00282178 0.00280645 -0.00302594 -0.00408612 -0.0129498 -0.00958537 -0.00340909 0.00519231 -0.00838235 0.00649733 0.0018 -0.0023913 -0.0122269 0.00781437 0.00460396 -0.00468401 -0.00644201 -0.00212329 -0.0046 -0.00846154 0.00326087 0.00696429 -0.00205882 -0.00439024 -0.000416667 -0.00870536
internal_weight=1941 937 220 1004 101 310 694 569 717 205 88 208 68 187 125 69 119 167 101 538 319 219 150 78 69 56 102 82 72 224
internal_count=1941 937 220 1004 101 310 694 569 717 205 88 208 68 187 125 69 119 167 101 538 319 219 150 78 69 56 102 82 72 224
is_linear=0
shrinkage=0.03


Tree=80
num_leaves=31
num_cat=0
split_feature=11 12 57 11 46 11 16 54 56 46 57 57 8 6 6 10 28 16 28 8 28 18 18 57 56 8 26 36 21 42
split_gain=54.2103 9.03448 11.1673 8.34101 3.99826 3.98893 3.97405 4.36753 4.09972 3.9193 4.30375 3.78869 3.77706 3.61062 6.53524 8.22246 3.50491 3.43228 3.422 4.13748 3.13966 2.98092 2.88115 2.56159 2.6235 3.23287 2.52571 4.15519 2.26852 2.09237
threshold=0.032701564615071184 0.64987354830121502 298.50000000000006 -0.88144907265856332 23.250000000000004 0.83146961230254512 22.950000000000003 493.65000000000003 8.2500000000000018 25.050000000000004 310.50000000000006 295.50000000000006 1.5000000000000002 26.500000000000004 28.500000000000004 0.77259657388510639 1005.4500000000002 25.450000000000003 1006.5500000000001 3.5000000000000004 1004.9500000000002 45.500000000000007 36.500000000000007 274.50000000000006 18.450000000000003 3.5000000000000004 20.700000000000006 243.28571430000002 309.00000000000006 46.881250000000001
decision_type=2 2 2 2 2 2 2 2 2 2 2 2 2 2 2 2 2 2 2 2 2 2 2 2 2 2 2 2 2 2
left_child=3 13 5 4 26 12 -5 8 28 10 11 20 -3 -2 15 17 -6 -15 19 -9 -10 -22 -4 -18 25 -25 27 -1 29 -8
right_child=1 2 22 6 16 -7 7 18 9 -11 -12 -13 -14 14 -16 -17 23 -19 -20 -21 21 -23 -24 24 -26 -27 -28 -29 -30 -31
leaf_value=-0.24621371554928095 -0.10032527226267071 2.1523187003982254 -0.10032527226267071 2.4180208102805385 -0.067526023275070929 3.3863262130061536 -0.14559741965073955 -0.14015728959565762 -0.1986512307592517 -0.28417236986635086 2.6777086398368795 -0.97995753177721334 -0.36136855422341474 -0.25706821851236328 -0.10032527226267071 5.4226356444498709 5.9384346233071437 0.4378881988039488 0.37661723894592025 -0.38762294847024892 0.0304197987126975 3.0605044772970786 -0.070273853889374321 -0.50320829790822386 7.9318327475704367 3.6306671531116814 3.1853107345242875 3.3672711538569455 0.58194212321861416 -0.27067025380139192
leaf_weight=62 512 30 98 29 21 34 68 79 60 63 51 21 37 46 117 20 65 22 44 113 60 39 21 31 25 66 20 20 27 40
leaf_count=62 512 30 98 29 21 34 68 79 60 63 51 21 37 46 117 20 65 22 44 113 60 39 21 31 25 66 20 20 27 40
internal_value=-0.00612828 -0.011318 -0.006 -0.00128486 0.00280645 0.00133663 -0.00311239 -0.00358647 -0.00178322 0.000204082 0.00201299 -0.000166667 -0.00291045 -0.0129498 -0.00958537 -0.00340909 0.00519231 -0.00838235 -0.00686441 -0.00859375 0.00141509 0.00469697 -0.0122269 0.00649733 0.00393443 0.00170103 -0.00205882 -0.00439024 -0.00611111 -0.00805556
internal_weight=1941 937 220 1004 310 101 694 665 429 294 231 180 67 717 205 88 208 68 236 192 159 99 119 187 122 97 102 82 135 108
internal_count=1941 937 220 1004 310 101 694 665 429 294 231 180 67 717 205 88 208 68 236 192 159 99 119 187 122 97 102 82 135 108
is_linear=0
shrinkage=0.03


Tree=81
num_leaves=31
num_cat=0
split_feature=11 9 57 11 9 57 16 47 16 11 27 57 8 26 26 49 57 10 26 8 40 24 46 11 31 23 31 22 37 9
split_gain=54.1872 8.92602 11.1673 7.83258 4.09924 5.15907 4.3096 4.3695 5.24523 3.98893 4.20198 3.98495 7.29649 3.77613 3.3275 3.22833 3.35837 5.59348 6.95271 3.04853 3.96379 2.56011 2.48029 2.99391 3.37931 2.44034 2.29225 2.28553 2.56709 2.2741
threshold=0.032701564615071184 141.50000000000003 298.50000000000006 -0.88144907265856332 141.50000000000003 314.00000000000006 23.250000000000004 14.500000000000002 24.850000000000005 0.83146961230254512 279.50000000000006 269.50000000000006 3.5000000000000004 14.15 13.250000000000002 2.5000000000000004 302.50000000000006 0.77259657388510639 8.6500000000000004 2.5000000000000004 94.718526787020835 363.25000000000006 23.850000000000005 -0.3520614488341256 769.4937500000002 173.50000000000003 771.96428570000012 241.50000000000003 602.9000000000002 139.50000000000003
decision_type=2 2 2 2 2 2 2 2 2 2 2 2 2 2 2 2 2 2 2 2 2 2 2 2 2 2 2 2 2 2
left_child=3 2 9 11 5 -5 -6 22 14 10 -2 -1 26 -7 -9 16 17 19 -19 20 -3 -10 -8 24 -24 -14 -13 28 -16 -4
right_child=1 15 29 4 6 13 7 8 21 -11 -12 12 25 -15 27 -17 -18 18 -20 -21 -22 -23 23 -25 -26 -27 -28 -29 -30 -31
leaf_value=4.2611390792351846 -0.35052749759671231 0.1613709234007121 -0.097315514094790584 -0.19528524610205636 2.7533614327420151 -0.63976909703751128 -0.39733870740677441 2.6663937783391853 -0.21379383534158025 3.2847364266159707 2.0994510768439296 0.0491458661693343 6.8969192995323549 2.5718376887054486 -0.094297989244628858 -0.097315514094790584 -0.097315514094790584 -0.30042486253455708 5.1258351095798309 -0.097121980783355807 -0.33057477045364475 1.1192073633344262 0.90007230667984739 -0.12221200349049886 -0.54584992641221131 3.0683343939922949 -0.28566452662089248 -0.11837947230496582 2.3647471735927534 -0.077489607304163349
leaf_weight=112 38 27 99 115 43 20 56 74 134 34 29 25 20 21 49 400 115 27 21 102 25 23 29 42 29 85 68 29 30 20
leaf_count=112 38 27 99 115 43 20 56 74 134 34 29 25 20 21 49 400 115 27 21 102 25 23 29 42 29 85 68 29 30 20
internal_value=-0.00609737 -0.011286 -0.006 -0.00125498 -0.00302594 -0.00730769 -0.00178439 -0.00257576 -0.000663717 0.00133663 -0.00291045 0.00270968 0.000151515 0.00182927 0.0028022 -0.0129079 -0.0106467 -0.00831683 0.000625 -0.0111039 -0.00519231 -0.00468153 -0.00673077 -0.0039 0.000517241 0.00557143 -0.00596774 -0.000555556 0.00208861 -0.0122269
internal_weight=1941 937 220 1004 694 156 538 495 339 101 67 310 198 41 182 717 317 202 48 154 52 157 156 100 58 105 93 108 79 119
internal_count=1941 937 220 1004 694 156 538 495 339 101 67 310 198 41 182 717 317 202 48 154 52 157 156 100 58 105 93 108 79 119
is_linear=0
shrinkage=0.03


Tree=82
num_leaves=31
num_cat=0
split_feature=11 9 57 11 16 28 6 16 6 6 10 57 8 16 8 15 39 18 45 23 23 21 18 31 28 57 41 15 27 39
split_gain=54.2103 8.5771 10.6835 7.5705 3.91109 4.25349 7.44708 5.54376 3.8384 6.22921 8.22246 3.68915 7.29649 3.43228 3.4027 3.20371 3.15391 2.88115 2.47059 2.44034 2.38852 2.73565 2.50396 2.29225 2.2881 2.18779 1.68848 1.60353 1.575 1.56385
threshold=0.032701564615071184 141.50000000000003 298.50000000000006 -0.88144907265856332 22.950000000000003 1006.4500000000002 16.500000000000004 24.250000000000004 26.500000000000004 28.500000000000004 0.77259657388510639 269.50000000000006 3.5000000000000004 25.450000000000003 3.5000000000000004 79.500000000000014 308.76662946875007 36.500000000000007 82.500000000000014 173.50000000000003 62.500000000000007 271.50000000000006 15.500000000000002 771.96428570000012 1005.85 297.50000000000006 406.98995540321187 62.500000000000007 279.50000000000006 859.89564731250005
decision_type=2 2 2 2 2 2 2 2 2 2 2 2 2 2 2 2 2 2 2 2 2 2 2 2 2 2 2 2 2 2
left_child=3 2 15 11 -5 6 25 16 -3 10 13 24 23 -10 -8 28 -7 -4 20 -14 -9 -22 -23 -13 29 -6 -25 -18 -2 -1
right_child=1 8 17 4 5 7 14 18 9 -11 -12 12 19 -15 -16 -17 27 -19 -20 -21 21 22 -24 26 -26 -27 -28 -29 -30 -31
leaf_value=6.304569284674896 -0.39270730893036115 -0.094396048671946869 -0.094396048671946869 2.2628793429898622 -0.077158637239911732 4.537391444235845 -0.13728312319115682 1.9734554777969504 -0.23943892884338311 -0.094396048671946869 5.1061815218289794 0.047671490184254268 6.6900117205463845 0.4199104251378088 -0.27473831775263791 4.2521598421462388 -0.19714501742671078 -0.065840950053567437 -0.21266385777502023 2.9762843621725277 -0.32149721615596388 -0.35810650147553075 0.7781689532531374 -0.74145410115682409 4.9674403646941077 1.8514995335878555 -0.036623612644517529 2.443298502628787 1.2327627667429037 -0.39731311177350731
leaf_weight=20 36 512 98 29 114 24 123 26 46 117 20 25 20 22 112 45 33 21 57 85 42 27 52 48 70 30 20 25 20 22
leaf_count=20 36 512 98 29 114 24 123 26 46 117 20 25 20 22 112 45 33 21 57 85 42 27 52 48 70 30 20 25 20 22
internal_value=-0.00612828 -0.011318 -0.00613636 -0.00128486 -0.00302594 -0.00349624 -0.00558047 -0.000734266 -0.0129079 -0.00943902 -0.00340909 0.0026129 0.000151515 -0.00838235 -0.00887234 0.0010396 0.00585366 -0.0122269 -0.00338235 0.00557143 -0.00132653 -0.00309917 0.000189873 -0.00596774 0.00696429 -0.000208333 -0.00882353 0.00206897 -0.00375 0.00142857
internal_weight=1941 937 220 1004 694 665 379 286 717 205 88 310 198 68 235 101 82 119 204 105 147 121 79 93 112 144 68 58 56 42
internal_count=1941 937 220 1004 694 665 379 286 717 205 88 310 198 68 235 101 82 119 204 105 147 121 79 93 112 144 68 58 56 42
is_linear=0
shrinkage=0.03


Tree=83
num_leaves=31
num_cat=0
split_feature=1 9 6 9 6 17 31 6 6 27 56 36 41 47 47 56 6 6 10 18 9 16 23 23 27 9 31 47 56 16
split_gain=54.4421 7.96838 10.5059 7.18845 8.63166 5.58806 5.53311 5.51068 6.84328 4.47137 3.93195 3.92628 3.9166 3.43606 3.27942 3.21048 3.12183 6.89156 7.27142 2.63409 2.7904 2.53882 3.14056 3.91222 2.46332 2.93445 2.44392 2.26493 2.13434 1.64804
threshold=61.571428570000002 141.50000000000003 17.500000000000004 141.50000000000003 18.500000000000004 45.500000000000007 242.59285715000001 26.500000000000004 28.500000000000004 306.50000000000006 15.550000000000002 74.478571430000002 367.07584504266839 40.500000000000007 51.500000000000007 18.750000000000004 26.500000000000004 28.500000000000004 0.29012925520284133 45.500000000000007 148.50000000000003 23.150000000000002 209.50000000000003 48.500000000000007 269.50000000000006 151.50000000000003 710.55000000000007 1.5000000000000002 11.65 24.450000000000003
decision_type=2 2 2 2 2 2 2 2 2 2 2 2 2 2 2 2 2 2 2 2 2 2 2 2 2 2 2 2 2 2
left_child=1 2 -1 4 9 11 19 12 13 14 -11 -4 21 -9 15 -2 -3 18 -18 20 -5 -8 23 -23 -22 -26 -24 -10 -7 -13
right_child=3 16 5 6 -6 28 7 8 27 10 -12 29 -14 -15 -16 -17 17 -19 -20 -21 24 22 26 -25 25 -27 -28 -29 -30 -31
leaf_value=-0.09156416721178845 0.70396035965329695 -0.09156416721178845 -0.039395435208622508 -0.2666062196991193 -0.18191174659941275 -0.12663982675646662 3.0292325578097983 -0.1260820860671126 -0.46488732319872228 -0.081354699327567906 6.4743074797590419 0.2242081200323878 6.4961940753652758 0.029695677929891064 -0.23548147287738236 -0.63970373999499197 -0.13023534825577643 -0.09156416721178845 3.6247378465781188 0.31121522743704316 -0.13479087550160129 4.1600845587997428 7.9272593347933924 -0.20628394204176856 1.3003886002720946 -0.11159602971880932 1.0261557272790724 1.2466563563644759 -0.05425269830111034 5.6031578313073407
leaf_weight=82 44 498 24 50 78 38 43 58 32 22 28 20 72 21 25 30 48 114 38 33 55 20 26 217 22 32 42 74 21 34
leaf_count=82 44 498 24 50 78 38 43 58 32 22 28 20 72 21 25 30 48 114 38 33 55 20 26 217 22 32 42 74 21 34
internal_value=-0.00619011 -0.0114995 -0.00650685 -0.00143555 -0.00614537 -0.00142336 -9.41029e-05 0.00131405 -0.003 -0.00191275 0.0054 0.00384615 0.00321429 -0.00968354 -0.00560606 -0.00243243 -0.0130659 -0.0099 -0.00348837 -0.00453125 -0.00613208 0.00189655 0.000934426 -0.000696203 -0.00344037 0.00111111 0.00661765 0.00198113 -0.00838983 0.00833333
internal_weight=1941 917 219 1024 227 137 797 605 185 149 50 78 420 79 99 74 698 200 86 192 159 348 305 237 109 54 68 106 59 54
internal_count=1941 917 219 1024 227 137 797 605 185 149 50 78 420 79 99 74 698 200 86 192 159 348 305 237 109 54 68 106 59 54
is_linear=0
shrinkage=0.03


Tree=84
num_leaves=31
num_cat=0
split_feature=1 9 6 58 9 17 8 44 41 2 48 26 57 6 6 10 46 16 31 48 8 34 23 19 26 46 26 48 6 16
split_gain=53.4953 7.96838 10.5059 6.98125 9.23614 5.58806 5.48824 4.53634 4.17025 4.11081 3.65701 3.63523 3.584 3.12183 6.89156 7.27142 2.77417 3.79338 3.70704 3.20261 2.20724 1.72194 1.71129 2.33595 2.04198 1.64505 2.19249 1.46893 1.44559 1.42998
threshold=61.571428570000002 141.50000000000003 17.500000000000004 1005.9500000000002 149.50000000000003 45.500000000000007 4.5000000000000009 31.950000000000003 346.54394520017365 6931.5267855000011 45.500000000000007 19.750000000000004 271.50000000000006 26.500000000000004 28.500000000000004 0.29012925520284133 23.650000000000002 24.250000000000004 906.21875000000011 33.500000000000007 4.5000000000000009 688.90803570000014 234.00000000000003 47.500000000000007 12.750000000000002 22.850000000000005 25.000000000000004 19.500000000000004 24.500000000000004 24.950000000000003
decision_type=2 2 2 2 2 2 2 2 2 2 2 2 2 2 2 2 2 2 2 2 2 2 2 2 2 2 2 2 2 2
left_child=1 2 -1 4 6 9 -2 -8 10 -4 11 16 -10 -3 15 -15 21 18 -18 22 -14 -5 23 24 -19 -6 29 -7 -12 -27
right_child=3 13 5 8 25 27 7 -9 12 -11 28 -13 20 14 -16 -17 17 19 -20 -21 -22 -23 -24 -25 -26 26 -28 -29 -30 -31
leaf_value=-0.088817242195434798 -0.12610018530910064 -0.088817242195434798 3.890226518409106 -0.18681161504012994 2.74815394536492 -0.075036519164962887 -0.21699980291213197 2.2795820853452193 5.4777117638041091 -0.038213572152364532 5.2972461500480659 6.313543261734055 -0.22537619732282682 -0.12632828780810307 -0.088817242195434798 3.5159957111807754 3.1339482789897772 0.072798764856846249 -1.3806762721075916 -0.33001254474577546 4.9150513390651502 -0.28014536239951077 3.0786419691717106 -0.44107387815270993 -0.34117478817001312 -0.099745583739922664 2.4687600295140681 -0.21840391875068463 0.48737417878161293 0.011949524993688171
leaf_weight=82 162 498 50 24 24 20 37 40 65 28 32 30 37 48 114 38 49 62 29 34 39 25 20 42 33 129 43 39 33 35
leaf_count=82 162 498 50 24 24 20 37 40 65 28 32 30 37 48 114 38 49 62 29 34 39 25 20 42 33 129 43 39 33 35
internal_value=-0.00623648 -0.0114995 -0.00650685 -0.00152344 -0.00421277 -0.00142336 -0.00834728 -0.00175325 0.000758123 0.00384615 -0.000762712 -0.00198276 0.00521277 -0.0130659 -0.0099 -0.00348837 -0.00292453 -0.00172862 0.00384615 -0.00400524 0.000789474 -0.0094898 -0.00219745 -0.00339416 -0.000789474 6.49351e-05 -0.000797101 -0.00838983 0.00576923 -0.00237805
internal_weight=1941 917 219 1024 470 137 239 77 554 78 413 348 141 698 200 86 318 269 78 191 76 49 157 137 95 231 207 59 65 164
internal_count=1941 917 219 1024 470 137 239 77 554 78 413 348 141 698 200 86 318 269 78 191 76 49 157 137 95 231 207 59 65 164
is_linear=0
shrinkage=0.03


Tree=85
num_leaves=31
num_cat=0
split_feature=11 9 6 11 15 16 58 16 9 1 9 19 6 6 6 6 10 50 35 48 47 58 46 19 41 26 50 15 6 1
split_gain=53.6583 7.67199 9.6999 7.59165 5.37371 4.07116 3.93653 5.44738 5.18362 4.84614 3.68229 6.97494 3.41417 3.62549 3.30335 6.12997 7.52921 2.9718 2.43323 1.99672 2.75623 3.26337 1.92849 2.43744 1.91024 1.8784 1.73395 1.3451 1.18519 1.14024
threshold=0.032701564615071184 141.50000000000003 17.500000000000004 -0.84874750804349197 81.500000000000014 22.950000000000003 1006.4500000000002 24.350000000000005 149.50000000000003 8402.5714285000013 141.50000000000003 3.5000000000000004 26.500000000000004 28.500000000000004 26.500000000000004 28.500000000000004 0.29012925520284133 6.5000000000000009 5.9357142855000005 45.500000000000007 33.500000000000007 1007.0500000000001 24.650000000000002 14.500000000000002 265.40411646992749 29.650000000000002 13.500000000000002 79.500000000000014 25.500000000000004 7585.0625000000009
decision_type=2 2 2 2 2 2 2 2 2 2 2 2 2 2 2 2 2 2 2 2 2 2 2 2 2 2 2 2 2 2
left_child=3 2 -2 10 17 -5 8 9 22 28 11 -1 18 -14 -3 16 -16 27 -12 20 21 -9 23 -7 -13 29 -22 -4 -8 -10
right_child=1 14 4 5 -6 6 7 19 25 -11 12 24 13 -15 15 -17 -18 -19 -20 -21 26 -23 -24 -25 -26 -27 -28 -29 -30 -31
leaf_value=-0.10676623032956838 -0.086152724929571753 -0.086152724929571753 -0.099138577595016944 2.0103549196987864 4.5815309299106692 -0.15529860098335291 3.55121780090662 -0.33385605326463119 -0.04717460022709076 -0.42360835235742339 5.7222186308317591 9.2783167200985659 -0.22506380663697828 2.2107725954423971 -0.17607990826011508 -0.086152724929571753 3.4105158398453539 -0.075364776611027112 1.99202496801243 1.1019802253076365 -0.43025088044909349 0.78595797109003795 -0.032847289386128901 -0.46498289560292733 -0.18657008811974832 2.3457959966620643 -0.11834949418318927 2.2469226214108651 2.0332221335427847 -0.92535721611150556
leaf_weight=30 83 512 64 24 24 151 27 21 122 21 99 20 34 51 50 117 38 28 88 38 45 47 27 21 29 21 36 21 27 25
leaf_count=30 83 512 64 24 24 151 27 21 122 21 99 20 34 51 50 117 38 28 88 38 45 47 27 21 29 21 36 21 27 25
internal_value=-0.00628284 -0.0114461 -0.00654545 -0.00146414 -0.00164234 -0.00337672 -0.00383943 -0.00103053 -0.00584469 0.0058 0.00209402 -0.00360759 0.00375 -0.00123529 -0.0129498 -0.00973171 -0.00375 -0.00438053 0.00601604 -0.00377005 -0.00533557 -0.000882353 -0.0091206 -0.0102907 0.00336735 -0.00196429 -0.00907407 -0.00158824 0.0105556 -0.00316327
internal_weight=1941 937 220 1004 137 653 629 262 367 75 351 79 272 85 717 205 88 113 187 187 149 68 199 172 49 168 81 85 54 147
internal_count=1941 937 220 1004 137 653 629 262 367 75 351 79 272 85 717 205 88 113 187 187 149 68 199 172 49 168 81 85 54 147
is_linear=0
shrinkage=0.03


Tree=86
num_leaves=31
num_cat=0
split_feature=11 9 27 11 10 16 2 27 8 19 54 6 6 10 2 56 46 58 27 30 58 49 37 18 50 58 58 3 22 46
split_gain=54.3027 7.67199 9.88453 6.98457 5.03201 3.97914 3.95396 3.76676 7.96747 4.7862 3.53356 3.30335 6.12997 7.52921 3.22064 2.81174 2.80812 5.19627 4.125 3.09316 2.78316 2.74635 2.7242 2.2788 2.12985 1.829 1.81986 1.77558 1.89774 2.02258
threshold=0.032701564615071184 141.50000000000003 298.50000000000006 -0.84874750804349197 0.5277851165098012 22.950000000000003 6931.5267855000011 273.50000000000006 3.5000000000000004 13.500000000000002 493.65000000000003 26.500000000000004 28.500000000000004 0.29012925520284133 4882.3125000000009 8.2500000000000018 25.050000000000004 1006.35 310.50000000000006 678.46428575000016 1006.85 14.500000000000002 602.9000000000002 19.500000000000004 19.500000000000004 1005.85 1008.35 6309268.5270000007 253.50000000000003 23.850000000000005
decision_type=2 2 2 2 2 2 2 2 2 2 2 2 2 2 2 2 2 2 2 2 2 2 2 2 2 2 2 2 2 2
left_child=3 2 4 7 6 -5 -2 14 9 26 15 -3 13 -13 25 -7 17 18 22 -19 21 27 24 -4 -17 -1 -9 -12 -29 -30
right_child=1 11 23 5 -6 10 -8 8 -10 -11 20 12 -14 -15 -16 16 -18 19 -20 -21 -22 -23 -24 -25 -26 -27 -28 28 29 -31
leaf_value=2.0211772125076606 3.7795510529295759 -0.083568143181684595 -0.083568143181684595 1.9500442721078228 -0.45958044390309427 -0.14040348885804188 -0.052398858709470912 -0.16996949404557044 3.0996527319345679 9.8239139427040527 -0.2280075087835205 -0.17079751101231136 -0.083568143181684595 3.3082003646499918 -0.3772208089277585 -0.60038927631195305 -0.31005101774166632 4.0457287833093183 1.9264645981854949 -0.059227971396028915 1.2993008424148649 0.050985207311102912 0.51597138703568368 -0.078588590483351192 -0.095337978220912306 4.9525404671900208 -0.44807443523314777 -0.2398654409795167 -0.11177202885610001 -0.018439196465400015
leaf_weight=33 48 512 92 24 25 132 29 50 119 20 46 50 117 38 28 35 63 64 24 22 21 26 26 26 47 77 24 30 55 38
leaf_count=33 48 512 92 24 25 132 29 50 119 20 46 50 117 38 28 35 63 64 24 22 21 26 26 26 47 77 24 30 55 38
internal_value=-0.00625193 -0.0114461 -0.00654545 -0.00140438 0.000294118 -0.0032389 0.00409091 0.00200855 -0.000492958 -0.00702128 -0.00369634 -0.0129498 -0.00973171 -0.00375 0.00586957 -0.00207022 -0.000373665 0.00123853 -0.0025 0.00697674 -0.00680556 -0.00792308 -0.005 -0.0124576 -0.00768293 0.00818182 -0.0105405 -0.00931953 -0.00743902 -0.00532258
internal_weight=1941 937 220 1004 102 653 77 351 213 94 629 717 205 88 138 413 281 218 132 86 216 195 108 118 82 110 74 169 123 93
internal_count=1941 937 220 1004 102 653 77 351 213 94 629 717 205 88 138 413 281 218 132 86 216 195 108 118 82 110 74 169 123 93
is_linear=0
shrinkage=0.03


Tree=87
num_leaves=31
num_cat=0
split_feature=1 8 9 6 40 15 11 11 48 16 46 8 27 41 8 3 2 1 47 27 2 37 39 56 27 48 3 3 20 2
split_gain=54.0599 5.91222 8.21126 7.07957 6.86611 5.15844 4.98458 4.31615 4.21571 4.56504 3.86151 4.96288 3.28401 3.15726 4.98235 2.7153 2.68058 2.66587 2.47407 2.00791 1.92051 1.89573 4.38863 1.8413 3.58341 1.81336 1.61323 2.10072 1.57315 2.10244
threshold=872.12500000000011 2.5000000000000004 145.50000000000003 26.500000000000004 0.53958333333333341 81.500000000000014 -0.88144907265856332 0.097964660725097227 46.500000000000007 23.250000000000004 23.150000000000002 3.5000000000000004 276.50000000000006 239.38885475742759 1.5000000000000002 6305566.0000000009 5851.7678570000007 1.0000000180025095e-35 24.500000000000004 212.00000000000003 6931.5267855000011 560.03571425000007 719.25747766875008 15.550000000000002 303.50000000000006 9.5000000000000018 6582678.2855000012 6628296.3215000005 3.5000000000000004 3225.7946430000006
decision_type=2 2 2 2 2 2 2 2 2 2 2 2 2 2 2 2 2 2 2 2 2 2 2 2 2 2 2 2 2 2
left_child=1 2 5 17 -5 18 10 25 9 16 11 -2 28 -14 -15 21 -8 -4 20 -10 -1 -11 -23 24 -21 -3 -17 -28 -12 -30
right_child=6 7 3 4 -6 -7 8 -9 19 15 12 -13 13 14 -16 26 -18 -19 -20 23 -22 22 -24 -25 -26 -27 27 -29 29 -31
leaf_value=1.8300907465297769 -0.20676391238266556 -0.16526954219222756 -0.081061098886234056 4.3367188571504958 -0.26881451528217343 4.3306984704254621 -0.32045727006668073 -0.081061098886234056 -0.63666599015873815 -0.34854777878971172 7.0986772009058425 2.6486356045002739 10.275003624403309 -0.91714929918475641 1.3281580638450066 -0.052501028088731798 3.3839098251381663 -0.10378240169072107 -0.1158215487850424 1.9955002088736704 -0.2127376466075134 0.81340637464389653 -0.2888737529954799 3.7226577541332153 -1.0700776684921132 -0.025277358396834655 -0.30074948720941619 -0.079544487083488769 3.3260390848281247 -0.53694373432732612
leaf_weight=26 44 29 226 23 29 24 25 497 20 55 49 27 20 34 85 175 23 35 81 42 21 20 26 32 20 42 29 131 26 25
leaf_count=26 44 29 226 23 29 24 25 497 20 55 49 27 20 34 85 175 23 35 81 42 21 20 26 32 20 42 29 131 26 25
internal_value=-0.0062983 -0.0109923 -0.00848387 -0.011262 -0.00115385 -0.00276316 -0.00095815 -0.0130458 -0.00255853 -0.00378099 0.00212903 -0.00401408 0.00395397 0.000971223 -0.000882353 -0.00474771 0.005 -0.0132759 -0.00515625 0.00263158 0.000319149 -0.00905941 -0.00456522 0.00446809 0.00145161 -0.00612676 -0.00344776 -0.005625 0.0081 0.00441176
internal_weight=1941 1033 465 313 52 152 908 568 598 484 310 71 239 139 119 436 48 261 128 114 47 101 46 94 62 71 335 160 100 51
internal_count=1941 1033 465 313 52 152 908 568 598 484 310 71 239 139 119 436 48 261 128 114 47 101 46 94 62 71 335 160 100 51
is_linear=0
shrinkage=0.03


Tree=88
num_leaves=31
num_cat=0
split_feature=11 9 27 11 11 27 46 8 27 39 39 27 6 6 35 9 27 16 47 9 46 30 46 28 18 45 42 31 41 9
split_gain=55.6265 7.34876 9.43382 6.96751 3.68839 5.01401 3.68229 5.55383 3.41518 4.00804 3.54119 3.48647 3.30335 6.12997 7.10227 3.19584 4.08083 3.33506 2.99787 4.7209 3.95768 2.60004 4.21412 2.46136 2.2788 1.66615 2.16722 1.65079 1.52368 1.51143
threshold=0.032701564615071184 141.50000000000003 298.50000000000006 -0.84874750804349197 0.84874750804349197 279.50000000000006 23.150000000000002 3.5000000000000004 276.50000000000006 544.05803571875015 782.11194195625001 284.50000000000006 26.500000000000004 28.500000000000004 12.693750000000003 141.50000000000003 323.50000000000006 23.250000000000004 14.500000000000002 144.50000000000003 24.850000000000005 256.33482145000005 23.850000000000005 1007.1500000000002 19.500000000000004 59.500000000000007 44.502678585000012 775.09464285000013 373.65621477112137 146.50000000000003
decision_type=2 2 2 2 2 2 2 2 2 2 2 2 2 2 2 2 2 2 2 2 2 2 2 2 2 2 2 2 2 2
left_child=3 2 4 6 5 -2 7 -1 28 -10 -11 -12 -3 14 23 16 -5 -17 21 -20 -21 -19 -23 -14 -4 -13 -27 -24 -8 -22
right_child=1 12 24 15 -6 -7 8 -9 9 10 11 25 13 -15 -16 17 -18 18 19 20 29 22 27 -25 -26 26 -28 -29 -30 -31
leaf_value=-0.20375550297976189 -0.41188367028664086 -0.078629265919647043 -0.078629265919647043 -0.1725240975371439 3.0223960041325175 1.8551352907986893 3.1522091642967607 3.0701981291802256 9.1834251807010912 -0.5373978357230651 -1.7153293387353148 4.8552366097459476 -1.2539264676548203 -0.078629265919647043 -0.10600480899283703 1.8081093981168868 1.7299098808251239 -0.20616412790080788 3.3776490842893119 0.069102333139164571 -0.22482188017677543 -0.18641348187333145 0.31185117127568984 4.1100595723508135 -0.072756286305299386 4.2459557832123567 -0.78404320390454585 -0.49271092801241195 6.6820175686682779 -0.17735895877310112
leaf_weight=48 41 512 92 124 32 29 79 31 20 43 22 26 20 117 44 34 23 40 28 147 24 44 39 24 26 26 23 24 33 126
leaf_count=48 41 512 92 124 32 29 79 31 20 43 22 26 20 117 44 34 23 40 28 147 24 44 39 24 26 26 23 24 33 126
internal_value=-0.00622102 -0.0114781 -0.00668182 -0.00131474 0 -0.00385714 0.00209402 -0.00360759 0.00375 0.0009375 -0.000857143 0.00231959 -0.0129498 -0.00973171 -0.00375 -0.00314701 -0.00704082 -0.00201581 -0.00266949 -0.00106154 -0.00217172 -0.00622449 -0.00378505 0.00477273 -0.0124576 0.0054 0.00214286 0.00119048 0.00776786 -0.0056
internal_weight=1941 937 220 1004 102 70 351 79 272 160 140 97 717 205 88 653 147 506 472 325 297 147 107 44 118 75 49 63 112 150
internal_count=1941 937 220 1004 102 70 351 79 272 160 140 97 717 205 88 653 147 506 472 325 297 147 107 44 118 75 49 63 112 150
is_linear=0
shrinkage=0.03


Tree=89
num_leaves=31
num_cat=0
split_feature=11 9 57 11 10 57 8 19 9 57 57 3 49 10 46 48 17 27 14 3 37 10 21 8 27 41 36 18 14 56
split_gain=52.6761 8.44416 11.0934 5.78145 4.86617 3.91373 6.88736 3.50211 3.12087 4.62054 3.04193 2.72846 2.68192 3.41104 4.16919 2.4103 2.15126 2.24399 2.17347 2.02548 1.80163 1.84588 1.76109 1.70416 2.72478 4.83482 1.68253 1.62909 1.6 1.56112
threshold=0.032701564615071184 141.50000000000003 298.50000000000006 -0.84874750804349197 0.5277851165098012 264.50000000000006 3.5000000000000004 13.500000000000002 141.50000000000003 323.50000000000006 271.50000000000006 6582678.2855000012 2.5000000000000004 0.88144907265856365 25.550000000000004 19.500000000000004 48.500000000000007 264.50000000000006 31.950000000000003 6412542.2145000007 824.76250000000016 -0.93540483100319605 678.50000000000011 2.5000000000000004 304.50000000000006 181.13271287703955 74.478571430000002 15.500000000000002 27.850000000000005 18.450000000000003
decision_type=2 2 2 2 2 2 2 2 2 2 2 2 2 2 2 2 2 2 2 2 2 2 2 2 2 2 2 2 2 2
left_child=3 2 4 5 26 22 7 10 9 -5 -7 19 13 23 -15 -4 18 27 -13 20 21 -10 -1 24 25 -3 -2 -18 -21 -8
right_child=1 12 15 8 -6 6 29 -9 11 -11 -12 16 -14 14 -16 -17 17 -19 -20 28 -22 -23 -24 -25 -26 -27 -28 -29 -30 -31
leaf_value=2.1403122989996497 -0.10356591442540207 0.3480537943745835 -0.076270387942057635 -0.17235106618455567 -0.43100468751081511 0.42469688805962164 2.3753270799049653 8.8683642951966917 -0.14499782059816305 1.6922452942719839 -0.19080045284062966 -0.16422017438146005 -0.076270387942057635 3.8902000660951215 -0.16855098867256432 -0.067668193566498627 -0.00053239380870430788 1.618941690079946 -0.0205864693010912 -0.027577375612973132 1.5634655552854559 -0.016540334070488983 7.8665703497950332 -0.076270387942057635 -0.076270387942057635 -0.30265934073909451 3.2358206356013657 -0.44737246293249389 1.3239256700933157 5.5264255631323591
leaf_weight=67 25 32 94 123 23 26 100 20 45 24 77 87 400 21 30 25 28 29 34 20 36 185 33 169 41 24 53 22 20 28
leaf_count=67 25 32 94 123 23 26 100 20 45 24 77 87 400 21 30 25 28 29 34 20 36 185 33 169 41 24 53 22 20 28
internal_value=-0.0062983 -0.0114141 -0.00627273 -0.0015239 0.0010396 0.0015812 -0.000418327 -0.0054878 -0.00319296 -0.00704082 -0.00771845 -0.0020751 -0.0129916 -0.0109306 -0.00382353 -0.012479 -0.0048 -0.000949367 -0.00731405 -0.000294118 -0.0012406 -0.00221739 0.0066 -0.0122932 -0.00912371 -0.00482143 0.00461538 -0.0048 0.006 0.00445312
internal_weight=1941 937 220 1004 101 351 251 123 653 147 103 506 717 317 51 119 200 79 121 306 266 230 100 266 97 56 78 50 40 128
internal_count=1941 937 220 1004 101 351 251 123 653 147 103 506 717 317 51 119 200 79 121 306 266 230 100 266 97 56 78 50 40 128
is_linear=0
shrinkage=0.03


Tree=90
num_leaves=31
num_cat=0
split_feature=11 13 27 11 10 6 6 6 6 10 13 16 27 3 31 13 14 8 41 48 2 39 34 47 16 51 21 28 24 46
split_gain=54.6496 7.77256 9.88453 5.34493 5.03201 4.47595 7.05882 3.0923 5.73768 8.04785 3.08801 3.24847 3.09884 2.88587 2.54099 3.3482 3.07584 2.43386 2.75607 2.2788 1.64577 1.58795 2.83697 1.56878 3.09043 1.5642 2.12318 2.43753 1.82391 1.62843
threshold=0.032701564615071184 -0.75999367905021098 298.50000000000006 -0.84874750804349197 0.5277851165098012 26.500000000000004 28.500000000000004 26.500000000000004 28.500000000000004 0.29012925520284133 -0.75999367905021098 23.250000000000004 320.50000000000006 6582678.2855000012 589.3214286000001 -0.75999367905021098 32.350000000000001 1.0000000180025095e-35 377.72117884077096 19.500000000000004 6931.5267855000011 902.61026785000013 843.57321430000013 12.500000000000002 24.850000000000005 763.00000000000011 408.50000000000006 1006.5500000000001 14.050000000000002 25.050000000000004
decision_type=2 2 2 2 2 2 2 2 2 2 2 2 2 2 2 2 2 2 2 2 2 2 2 2 2 2 2 2 2 2
left_child=3 7 4 5 20 14 -7 -2 9 -9 11 -5 -12 25 -1 17 -17 -16 21 -4 -3 -19 -23 -15 -25 26 28 -28 -13 -30
right_child=1 2 19 10 -6 6 -8 8 -10 -11 12 13 -14 23 15 16 -18 18 -20 -21 -22 22 -24 24 -26 -27 27 -29 29 -31
leaf_value=8.285736390244276 -0.073982276303795905 3.3660059787369163 -0.073982276303795905 1.7342553361330357 -0.41807454688549073 -0.21889723965726499 1.7530483791558571 -0.15510992275822358 -0.073982276303795905 3.0982007396696001 -0.16718053419901902 0.1679239780357851 1.1763978268012467 -0.20965037278082557 -1.734062027971347 -0.1457469111565767 0.022262988346455567 4.9826312246862843 6.5159390723295747 -0.068543551909145448 -0.10045893699263957 -1.3514241199164427 5.7621442109353644 0.0022194229190484372 -0.28117796578001503 -0.17621016196530814 -0.0091186934154067149 2.1489324118072797 -0.036044172556315701 -0.22823528047859007
leaf_weight=25 512 48 92 34 25 34 51 50 117 38 119 41 28 63 30 28 40 46 42 26 29 26 29 71 54 25 36 33 92 57
leaf_count=25 512 48 92 34 25 34 51 50 117 38 119 41 28 63 30 28 40 46 42 26 29 26 29 71 54 25 36 33 92 57
internal_value=-0.00626739 -0.0114781 -0.00654545 -0.00140438 0.000294118 0.0015812 -0.00441176 -0.0129916 -0.00987805 -0.00409091 -0.00300919 -0.00189723 -0.00683673 -0.00254237 0.00349624 0.00255187 -0.00308824 0.00476879 0.0063986 -0.0124576 0.00409091 0.00371287 0.000272727 -0.00542553 -0.00348 -0.000633803 5.79151e-05 0.00456522 -0.00157895 -0.00312081
internal_weight=1941 937 220 1004 102 351 85 717 205 88 653 506 147 472 266 241 68 173 143 118 77 101 55 188 125 284 259 69 190 149
internal_count=1941 937 220 1004 102 351 85 717 205 88 653 506 147 472 266 241 68 173 143 118 77 101 55 188 125 284 259 69 190 149
is_linear=0
shrinkage=0.03


Tree=91
num_leaves=31
num_cat=0
split_feature=1 12 57 11 11 11 38 26 27 12 41 48 27 14 41 24 49 57 12 57 58 12 45 27 47 12 18 39 15 27
split_gain=55.6249 5.01114 9.4031 7.92077 4.84875 3.90382 3.77327 3.72442 3.45919 4.36207 3.98449 3.26394 2.87929 2.85888 3.88293 2.71408 2.52158 2.8456 3.30219 6.18022 2.40512 2.22173 2.21117 2.18753 3.66382 2.01667 1.9173 1.68645 1.6822 1.61474
threshold=1215.7500000000002 0.64987354830121502 295.50000000000006 0.097964660725097227 0.16280825711809002 -0.91037613702198739 672.58035713750007 12.65 269.50000000000006 0.59608197715088396 377.72117884077096 48.500000000000007 33.000000000000007 31.650000000000002 249.39165732094168 316.20000000000005 2.5000000000000004 302.50000000000006 0.53946920585801694 272.50000000000006 1006.0500000000001 0.53946920585801694 67.500000000000014 290.50000000000006 19.500000000000004 0.63670430569443026 20.500000000000004 639.41852678750013 80.500000000000014 212.00000000000003
decision_type=2 2 2 2 2 2 2 2 2 2 2 2 2 2 2 2 2 2 2 2 2 2 2 2 2 2 2 2 2 2
left_child=1 3 4 15 -3 6 -2 26 20 21 25 12 -7 14 22 28 17 18 -5 -20 -8 -10 -14 -15 -25 -11 -6 -16 -1 -13
right_child=5 2 -4 16 7 11 8 -9 9 10 -12 29 13 23 27 -17 -18 -19 19 -21 -22 -23 -24 24 -26 -27 -28 -29 -30 -31
leaf_value=0.023087376243237187 9.176627739686948 -0.39946936255721316 -0.071762808014682031 -0.071575080702590305 1.3993003370517676 1.1364364515560033 -0.020609646585484143 4.0178816886167477 0.18894882213223355 2.5355901674833405 4.7296358394759439 -0.49168068702834627 -0.32451989526222574 -0.13425530508732861 0.010893691140963958 -0.16462312385901764 -0.071762808014682031 -0.071762808014682031 -0.26601045797934031 1.0906465586606986 4.5401267398623188 -0.19505518961452842 -0.16160040948731669 1.9636002535226917 -0.1179813133890326 -0.37854082869357875 -0.40553231047892596 -0.76898798151038739 -0.073208904458549634 1.5919532907681742
leaf_weight=27 24 28 134 58 39 21 31 21 22 24 35 21 43 120 78 29 381 112 106 31 54 39 118 51 37 40 29 25 66 97
leaf_count=27 24 28 134 58 39 21 31 21 22 24 35 21 43 120 78 29 381 112 106 31 54 39 118 51 37 40 29 25 66 97
internal_value=-0.00619011 -0.0108153 -0.00711155 -0.011963 -0.000897436 -0.000613636 0.00239777 0.00252809 0.00128571 -0.0013125 0.00257576 -0.00193944 -0.00301217 -0.00349576 -0.00556818 -0.00491803 -0.0132122 -0.0111889 -0.009 -0.00645985 0.00617647 -0.00762295 -0.00847826 -0.000865385 0.00272727 -0.001875 -0.000882353 -0.00101942 -0.00241935 0.00254237
internal_weight=1941 1061 251 810 117 880 269 89 245 160 99 611 493 472 264 122 688 307 195 137 85 61 161 208 88 64 68 103 93 118
internal_count=1941 1061 251 810 117 880 269 89 245 160 99 611 493 472 264 122 688 307 195 137 85 61 161 208 88 64 68 103 93 118
is_linear=0
shrinkage=0.03


Tree=92
num_leaves=31
num_cat=0
split_feature=11 9 57 11 57 8 57 36 46 57 6 6 10 8 46 35 49 25 46 11 2 14 20 28 28 8 46 17 49 56
split_gain=55.0208 6.72316 8.78989 5.07386 3.94518 6.02083 5.82068 4.25608 3.97318 4.2983 3.61062 6.64689 5.27801 3.02733 2.96892 3.79722 2.835 2.4343 2.36757 2.28846 2.12143 1.85294 1.7887 1.77198 2.35134 2.2158 2.2066 3.64224 4.47016 3.03268
threshold=0.032701564615071184 141.50000000000003 298.50000000000006 -0.58216583101416131 264.50000000000006 3.5000000000000004 309.50000000000006 2.7142857145000003 23.550000000000004 277.50000000000006 26.500000000000004 27.500000000000004 0.22695468355932447 1.5000000000000002 22.950000000000003 443.67500000000001 42.500000000000007 678.50000000000011 25.150000000000002 0.41248606129204546 7965.0000000000009 33.45000000000001 47.000000000000007 1002.5500000000001 1004.9500000000002 3.5000000000000004 25.050000000000004 27.500000000000004 2.5000000000000004 17.250000000000004
decision_type=2 2 2 2 2 2 2 2 2 2 2 2 2 2 2 2 2 2 2 2 2 2 2 2 2 2 2 2 2 2
left_child=3 2 13 4 17 6 7 8 -6 -10 -3 12 -12 -2 -7 16 21 22 20 -15 -13 -16 -1 -5 25 -25 27 29 -29 -26
right_child=1 10 -4 23 5 14 -8 -9 9 -11 11 18 -14 19 15 -17 -18 -19 -20 -21 -22 -23 -24 24 26 -27 -28 28 -30 -31
leaf_value=-0.5073041507069096 1.8022140724706679 -0.069609923774241564 -0.069609923774241564 0.79017532216066011 -0.16689619795372906 3.7464085762842227 5.4533066312236151 0.86580902747045452 1.4103642748127281 -0.49557346169295186 -0.25823248075880539 0.0086693714596469858 3.8741302136424189 -0.38739433746167112 3.3547876629469928 -0.67510428595882788 -0.57953764962284959 6.8369642021713455 -0.069609923774241564 -0.066837738343616587 -0.04003368781458802 -1.1701850140265282 2.3263186611181594 -0.12961287457802206 -0.12254930975995509 -0.11659644257051503 -0.16817122398164555 3.9843324945211984 -0.075340714879042134 0.047945627468093832
leaf_weight=42 50 512 119 30 63 27 39 20 22 72 27 22 20 20 102 39 24 41 116 31 20 24 82 73 51 38 105 33 41 36
leaf_count=42 50 512 119 30 63 27 39 20 22 72 27 22 20 20 102 39 24 41 116 31 20 24 82 73 51 38 105 33 41 36
internal_value=-0.00631376 -0.0115422 -0.00695455 -0.00143426 0.000326633 -0.00118056 -0.00472222 -0.0070339 -0.00869427 -0.00478723 -0.0129498 -0.00958537 0.000319149 -0.000445545 0.00236111 0.00103175 0.0032 0.00427273 -0.0125316 -0.00558824 -0.00642857 0.005 0.00217742 -0.0040172 -0.0045756 -0.00824324 -0.00304511 -0.000838509 0.00405405 -0.005
internal_weight=1941 937 220 1004 597 432 216 177 157 94 717 205 47 101 216 189 150 165 158 51 42 126 124 407 377 111 266 161 74 87
internal_count=1941 937 220 1004 597 432 216 177 157 94 717 205 47 101 216 189 150 165 158 51 42 126 124 407 377 111 266 161 74 87
is_linear=0
shrinkage=0.03


Tree=93
num_leaves=31
num_cat=0
split_feature=11 12 57 56 12 12 10 19 40 6 6 10 26 41 16 8 16 48 11 47 37 16 52 15 41 20 8 6 11 42
split_gain=53.4063 6.72316 8.78989 4.84776 4.567 4.86638 6.7633 4.65152 3.64121 3.61062 6.64689 5.27801 3.03994 5.41993 3.0625 3.02733 2.53885 2.4103 2.28846 2.15392 1.89719 2.8812 2.29586 2.33618 2.60019 3.05423 2.26148 2.59225 2.08333 2.07141
threshold=0.032701564615071184 0.64987354830121502 298.50000000000006 22.150000000000002 0.64987354830121502 0.60980454008255491 -0.25881904510252113 1.5000000000000002 854.74579614791685 26.500000000000004 27.500000000000004 0.22695468355932447 14.850000000000003 153.67257683459059 23.750000000000004 1.5000000000000002 25.150000000000002 19.500000000000004 0.41248606129204546 64.500000000000014 947.40625000000011 23.850000000000005 605.50000000000011 72.500000000000014 203.69147777579278 2.5000000000000004 3.5000000000000004 26.500000000000004 -0.77259657388510616 47.892857169999992
decision_type=2 2 2 2 2 2 2 2 2 2 2 2 2 2 2 2 2 2 2 2 2 2 2 2 2 2 2 2 2 2
left_child=3 9 15 4 5 20 8 -6 -7 -2 11 -11 19 -14 -15 -3 -12 -4 -17 -9 22 -22 23 24 -1 26 27 -26 -28 -25
right_child=1 2 17 -5 7 6 -8 12 -10 10 16 -13 13 14 -16 18 -18 -19 -20 -21 21 -23 -24 29 25 -27 28 -29 -30 -31
leaf_value=1.5237714679863439 -0.06752162606101432 1.7481476502965489 -0.06752162606101432 1.9837766844206328 -0.13643200520497373 -0.901184042611618 4.5884982168923951 -0.13116975319614071 0.015883402942186819 -0.25048550633604122 -0.033656467854602953 3.7579063072331471 3.0281747034225188 -0.23268093707870272 0.0043441017907626519 -0.37577250733782097 -0.06752162606101432 -0.059340659248561592 -0.064832606193309633 -1.0769924145413849 -0.1044603168704327 2.4983220484601882 -0.22057091022933395 -0.064716653862831486 -0.22305657746960605 1.7528725854744538 3.8824282192613713 -0.079434544176639116 -0.25406990002051699 -0.38489440963964056
leaf_weight=47 512 50 94 77 61 21 77 34 39 27 40 20 21 24 48 20 118 25 31 26 32 87 51 139 27 50 20 34 30 59
leaf_count=47 512 50 94 77 61 21 77 34 39 27 40 20 21 24 48 20 118 25 31 26 32 87 51 139 27 50 20 34 30 59
internal_value=-0.00639104 -0.0115422 -0.00695455 -0.00158367 -0.00218447 -0.00103086 0.00405109 -0.00602804 -0.0035 -0.0129498 -0.00958537 0.000319149 -0.00323529 0.00016129 -0.00375 -0.000445545 -0.0125316 -0.012479 -0.00558824 -0.0085 -0.00223958 0.00113445 -0.00311816 -0.00236453 -0.000144231 -0.00195652 -0.00472973 -0.00860656 0 -0.00469697
internal_weight=1941 937 220 1004 927 713 137 214 60 717 205 47 153 93 72 101 158 119 51 60 576 119 457 406 208 161 111 61 50 198
internal_count=1941 937 220 1004 927 713 137 214 60 717 205 47 153 93 72 101 158 119 51 60 576 119 457 406 208 161 111 61 50 198
is_linear=0
shrinkage=0.03


Tree=94
num_leaves=31
num_cat=0
split_feature=11 19 8 27 27 37 9 27 54 9 4 17 6 24 17 16 37 10 51 15 51 3 43 36 51 3 33 36 57 34
split_gain=52.0415 6.81629 7.93356 5.69995 8.06372 4.22841 4.58789 3.89187 3.74683 3.62945 6.06455 3.10132 2.86987 2.57506 2.2792 2.17185 3.36111 4.24444 2.83895 2.71794 2.38817 2.22383 2.16926 2.08636 2.03735 1.97786 2.87527 1.89784 1.84377 1.79242
threshold=0.032701564615071184 2.5000000000000004 3.5000000000000004 301.50000000000006 257.50000000000006 824.76250000000016 141.50000000000003 323.50000000000006 589.20000000000016 144.50000000000003 12.500000000000002 4.5000000000000009 17.500000000000004 719.10000000000002 1.5000000000000002 24.850000000000005 687.82946430000015 -0.93540483100319605 367.00000000000006 85.500000000000014 283.00000000000006 6369944.2860000012 -59.005357145000012 82.36875000000002 648.50000000000011 6348568.4285000013 578.6142857000001 273.36607145000005 284.50000000000006 991.58571430000018
decision_type=2 2 2 2 2 2 2 2 2 2 2 2 2 2 2 2 2 2 2 2 2 2 2 2 2 2 2 2 2 2
left_child=5 2 3 4 -2 6 7 12 25 10 -8 14 24 15 22 16 17 -11 -17 20 -19 -22 -10 -3 -1 -7 -27 -4 -6 -12
right_child=1 23 27 -5 28 8 9 -9 11 13 29 -13 -14 -15 -16 18 -18 19 -20 -21 21 -23 -24 -25 -26 26 -28 -29 -30 -31
leaf_value=-0.32537067505923684 -0.25391619774490248 -0.081904501562054352 -0.095302818454751775 -0.065495977279183895 -0.047509104973524383 4.450843270385624 4.3494481878964839 1.4556096723888241 1.5477311805166971 -0.088313108877620602 -0.47617314948328826 -0.16816504801369517 -0.20913588316574402 -0.18125958577342152 5.3765050125557776 -0.17610191857972551 -0.70695822796007979 4.700429400938785 1.2800549371403867 -0.079368573097187894 1.9310776757937469 -0.022148526256535721 -0.59155740835617965 -0.065495977279183895 2.2804748286928942 -0.83357115859180775 2.1707033240869475 -0.065495977279183895 3.4067644675523563 0.0060337233243207677
leaf_weight=52 73 58 28 68 45 45 59 23 23 62 22 67 83 50 24 135 44 39 20 27 26 44 31 474 21 24 63 137 54 20
leaf_count=52 73 58 28 68 45 45 59 23 23 62 22 67 83 50 24 135 44 39 20 27 26 44 31 474 21 24 63 137 54 20
internal_value=-0.00632921 -0.0114141 -0.00848148 -0.005 -0.00209302 -0.00158367 -0.00278542 -0.00695531 0.0015704 -0.00142336 0.00371287 -0.00175862 -0.00865385 -0.00258389 0.00230769 -0.00177582 0 0.00166667 -0.00454839 0.00463235 0.00674312 0.00342857 -0.00111111 -0.0136466 -0.00431507 0.00522727 0.00258621 -0.0135455 0.00348485 -0.005
internal_weight=1941 937 405 240 172 1004 727 179 277 548 101 145 156 447 78 397 242 198 155 136 109 70 54 532 73 132 87 165 99 42
internal_count=1941 937 405 240 172 1004 727 179 277 548 101 145 156 447 78 397 242 198 155 136 109 70 54 532 73 132 87 165 99 42
is_linear=0
shrinkage=0.03


Tree=95
num_leaves=31
num_cat=0
split_feature=1 9 27 19 27 2 9 19 19 6 19 6 38 16 16 6 31 14 16 31 52 3 27 6 44 27 41 6 47 28
split_gain=50.8069 8.03685 8.87363 5.36075 6.93422 4.48743 4.22415 6.03823 4.53312 3.9081 4.60216 3.60431 3.41191 3.26204 3.59717 3.37699 3.11465 2.80692 2.74951 2.41509 2.2295 2.31014 2.14471 2.13548 1.88515 2.14686 1.83986 1.76961 1.70397 1.67882
threshold=1.0000000180025095e-35 149.50000000000003 299.50000000000006 2.5000000000000004 284.50000000000006 7753.5714285000004 141.50000000000003 9.5000000000000018 47.500000000000007 23.500000000000004 1.0000000180025095e-35 20.500000000000004 347.86361607500004 23.950000000000003 25.050000000000004 28.500000000000004 33.306250000000006 27.950000000000003 25.550000000000004 737.0875000000002 4.5000000000000009 7256375.0000000009 309.50000000000006 26.500000000000004 28.350000000000005 255.50000000000003 249.39165732094168 26.500000000000004 33.500000000000007 1008.7500000000001
decision_type=2 2 2 2 2 2 2 2 2 2 2 2 2 2 2 2 2 2 2 2 2 2 2 2 2 2 2 2 2 2
left_child=1 2 3 4 17 6 7 -2 22 10 -8 -5 16 15 19 27 -12 -1 -6 29 -14 26 -9 -21 -19 -26 -22 -11 -16 -15
right_child=5 -3 -4 11 18 -7 9 8 -10 13 12 -13 20 14 28 -17 -18 24 -20 23 21 -23 -24 -25 25 -27 -28 -29 -30 -31
leaf_value=0.64918444351283233 -0.12008860018241288 -0.063531097960808372 -0.063531097960808372 -0.084540116067422011 5.3214027869183012 -0.13229615507517681 4.0143509303369642 0.11384772029884228 -0.62089784555751382 -0.16743899108126242 0.031698078639945046 -0.063531097960808372 2.633733642031717 1.6038739994865112 0.01558789977264011 0.0057691214499806165 -0.16343000961836893 -0.29437991361238869 -0.33853726111005072 2.7708468652186005 -0.45240890117345539 -1.5140844971073182 5.2977448217233025 -0.52717993314765688 -0.26359587750297969 0.0015107615268238172 1.2286062219269476 -0.13666630419109208 -0.36648837940115553 -0.037338289707311102
leaf_weight=26 122 361 219 49 30 77 92 49 23 25 23 77 47 55 25 52 63 37 28 44 43 20 28 29 51 29 88 60 46 23
leaf_count=26 122 361 219 49 30 77 92 49 23 25 23 77 47 55 25 52 63 37 28 44 43 20 28 29 51 29 88 60 46 23
internal_value=-0.00634467 -0.011527 -0.00923077 -0.00610092 -0.0030597 -0.00179884 -0.00123824 -0.00486486 0.0006 -0.000142857 0.00199468 -0.0109524 0.000105634 -0.00238162 -0.000135135 -0.0060219 -0.00488372 -0.00660839 0.00568966 0.00248344 0.00227273 0.000496689 0.00409091 -0.00143836 -0.00858974 -0.006 0.00194656 -0.00970588 -0.00570423 0.00615385
internal_weight=1941 907 546 327 201 1034 957 222 100 735 376 126 284 359 222 137 86 143 58 151 198 151 77 73 117 80 131 85 71 78
internal_count=1941 907 546 327 201 1034 957 222 100 735 376 126 284 359 222 137 86 143 58 151 198 151 77 73 117 80 131 85 71 78
is_linear=0
shrinkage=0.03


Tree=96
num_leaves=31
num_cat=0
split_feature=11 19 8 27 27 37 9 54 4 9 4 49 49 24 16 37 49 22 9 15 55 8 16 1 57 9 46 32 28 33
split_gain=49.5192 7.0132 8.16735 5.8954 7.5673 4.50317 4.05924 3.97205 3.53173 3.76333 3.36531 3.17665 3.02585 2.65366 3.52092 3.55424 2.51716 2.48966 2.43356 2.31362 2.72456 2.21744 5.38233 1.97786 1.84377 1.67414 3.80171 1.62714 1.54717 1.50698
threshold=0.032701564615071184 2.5000000000000004 3.5000000000000004 301.50000000000006 257.50000000000006 824.76250000000016 141.50000000000003 589.20000000000016 16.500000000000004 144.50000000000003 12.500000000000002 9.5000000000000018 49.500000000000007 665.95000000000016 24.850000000000005 687.82946430000015 12.500000000000002 600.50000000000011 147.50000000000003 85.500000000000014 283.00000000000006 4.5000000000000009 23.750000000000004 7682.1696430000011 284.50000000000006 141.50000000000003 24.750000000000004 582.78750000000002 1005.4500000000002 607.38125000000014
decision_type=2 2 2 2 2 2 2 2 2 2 2 2 2 2 2 2 2 2 2 2 2 2 2 2 2 2 2 2 2 2
left_child=5 2 3 4 -2 6 11 23 9 10 27 -1 -13 14 15 19 -10 -9 -16 20 -11 22 -19 -7 -6 26 -3 -8 -22 -25
right_child=1 25 -4 -5 24 7 8 17 16 13 -12 12 -14 -15 18 -17 -18 21 -20 -21 28 -23 -24 29 -26 -27 -28 -29 -30 -31
leaf_value=-0.12330913015036798 -0.23746731440418375 -0.082003912585399352 -0.061625165021984118 -0.061625165021984118 -0.046129154670123365 4.0962853227702212 1.5285724472103663 -0.32655961232338199 -0.14691495956241213 4.1613813860140567 -0.25365854859034581 0.50110936279839491 -1.0162945864866404 -0.13023058917568925 -0.23295164705681032 -0.68737853326990606 -0.049260696740129999 -0.20567537045703713 -0.074947166480197044 -0.072084615615721354 -0.1028049882247714 2.376634641919134 0.87426597680268914 -0.48818507552984469 3.229818550638663 -0.061625165021984118 -0.061625165021984118 5.3513110619214554 0.86804372319207457 2.285273270365352
leaf_weight=107 73 40 165 68 45 45 30 29 41 41 27 52 20 62 34 38 34 30 111 27 26 54 32 26 54 398 94 29 48 61
leaf_count=107 73 40 165 68 45 45 30 29 41 41 27 52 20 62 34 38 34 30 111 27 26 54 32 26 54 398 94 29 48 61
internal_value=-0.00642195 -0.0113821 -0.00840741 -0.004875 -0.0019186 -0.00179283 -0.00303301 0.00146209 -0.00175182 -0.000792812 0.00488372 -0.00695531 -0.00208333 -0.00205426 -0.000969231 0.00183333 -0.0078 -0.00196552 -0.00444828 0.00401408 0.00586957 0 -0.00387097 0.00522727 0.00348485 -0.0136466 -0.0107463 0.00889831 0.00243243 0.00258621
internal_weight=1941 937 405 240 172 1004 727 277 548 473 86 179 72 387 325 180 75 145 145 142 115 116 62 132 99 532 134 59 74 87
internal_count=1941 937 405 240 172 1004 727 277 548 473 86 179 72 387 325 180 75 145 145 142 115 116 62 132 99 532 134 59 74 87
is_linear=0
shrinkage=0.03


Tree=97
num_leaves=31
num_cat=0
split_feature=11 19 12 11 6 6 27 10 12 41 16 28 49 16 1 57 46 27 10 6 27 36 40 32 6 16 38 54 53 27
split_gain=47.9665 7.21291 7.07316 4.73404 4.50905 6.14902 3.77617 4.56341 3.49134 5.00417 3.30285 3.57511 6.27048 5.11994 3.22133 3.12457 2.7293 2.52815 3.23269 2.39491 3.12146 2.08636 2.04385 2.03125 1.88573 2.21067 1.5956 2.91358 1.44339 1.6227
threshold=0.032701564615071184 2.5000000000000004 0.64987354830121502 -0.84874750804349197 26.500000000000004 28.500000000000004 302.50000000000006 0.88144907265856365 0.64987354830121502 261.34067348340949 22.950000000000003 1006.4500000000002 12.500000000000002 24.250000000000004 8332.4285715000024 294.50000000000006 23.750000000000004 298.50000000000006 0.22695468355932447 28.500000000000004 277.50000000000006 82.36875000000002 734.56748513958348 1012.8687500000002 26.500000000000004 25.450000000000003 908.19285711250006 551.95000000000016 158.50000000000003 276.50000000000006
decision_type=2 2 2 2 2 2 2 2 2 2 2 2 2 2 2 2 2 2 2 2 2 2 2 2 2 2 2 2 2 2
left_child=3 2 6 4 8 -6 7 19 22 -10 -5 12 -12 14 -13 -14 -11 18 -4 20 -2 -3 26 -24 28 -26 -1 -28 29 -15
right_child=1 21 17 10 5 -7 -8 -9 9 16 11 13 15 24 -16 -17 -18 -19 -20 -21 -22 -23 23 -25 25 -27 27 -29 -30 -31
leaf_value=4.9552816981237005 -0.13876333545644348 -0.073573378465794925 3.4679506929576878 1.2637112003169448 -0.18232195742732119 1.2512413061058725 -0.059776410071324594 0.62216983079060173 7.5013971353152309 -0.20030911828809955 -0.10053060053655866 2.3959084297374305 -0.11892801597277852 -0.057012757040224356 -0.28405521071156442 1.7230593263129708 -0.078597819514765271 -0.23179633883745301 -0.42433667138945808 -0.059594314578595625 0.72040826761063492 -0.059776410071324594 -1.620933719362702 3.2965385443770696 1.940479195241537 -0.18482706964969065 -0.75423014345035599 4.9259909172566667 0.49264472937656706 -0.35008131899931982
leaf_weight=65 93 58 32 24 34 51 115 33 20 27 213 51 122 50 20 29 32 34 20 56 22 474 20 32 35 24 32 38 22 63
leaf_count=65 93 58 32 24 34 51 115 33 20 27 213 51 122 50 20 29 32 34 20 56 22 474 20 32 35 24 32 38 22 63
internal_value=-0.00646832 -0.0113501 -0.00833333 -0.00191235 0.000897436 -0.00511765 -0.0103918 -0.00794118 0.00281955 -0.00246835 -0.00342266 -0.00383943 -0.00576923 -0.00118868 0.00570423 -0.00109272 -0.00686441 -0.000697674 0.00346154 -0.00991228 -0.00743478 -0.0136466 0.00505348 0 -0.00371134 0.000762712 0.007 0.00385714 -0.00566667 -0.0070354
internal_weight=1941 937 405 1004 351 85 319 204 266 79 653 629 364 265 71 151 59 86 52 171 115 532 187 52 194 59 135 70 135 113
internal_count=1941 937 405 1004 351 85 319 204 266 79 653 629 364 265 71 151 59 86 52 171 115 532 187 52 194 59 135 70 135 113
is_linear=0
shrinkage=0.03


Tree=98
num_leaves=31
num_cat=0
split_feature=1 9 27 10 6 48 27 9 19 56 9 19 10 46 37 27 26 10 26 31 49 10 16 27 19 44 44 23 33 1
split_gain=48.6246 8.34593 9.29585 6.25702 5.24497 6.64474 4.39406 3.59649 6.00069 5.09859 4.34114 3.01706 4.6191 3.16756 3.64513 2.96126 5.50378 2.59969 2.58237 2.77552 2.49931 2.39844 2.38922 2.38019 2.19965 2.18595 2.82997 1.76901 1.64284 1.69551
threshold=1.0000000180025095e-35 149.50000000000003 299.50000000000006 -0.9103761370219875 19.500000000000004 8.5000000000000018 284.50000000000006 141.50000000000003 9.5000000000000018 15.250000000000002 144.50000000000003 1.0000000180025095e-35 0.44228869021900147 23.850000000000005 499.42767855000005 294.50000000000006 15.550000000000002 -0.097964660725097186 9.9500000000000011 705.31428570000014 14.500000000000002 0.13052619222005177 24.950000000000003 277.50000000000006 5.5000000000000009 27.850000000000005 28.550000000000004 118.50000000000001 827.61190480000016 9452.8571430000011
decision_type=2 2 2 2 2 2 2 2 2 2 2 2 2 2 2 2 2 2 2 2 2 2 2 2 2 2 2 2 2 2
left_child=1 2 4 20 24 -6 25 8 -5 -10 15 13 21 14 -12 16 -9 -11 -15 22 27 28 -20 -21 -1 -7 -27 -2 -13 -30
right_child=3 -3 -4 7 5 6 -8 10 9 17 11 12 -14 18 -16 -17 -18 -19 19 23 -22 -23 -24 -25 -26 26 -28 -29 29 -31
leaf_value=3.0099749556415447 -0.13704601407609662 -0.057983117769184855 -0.057983117769184855 -0.10798213312806715 -0.057983117769184855 0.83905666079637509 3.041462880459096 4.0975327091965639 -0.35964519680347223 0.71285836666235525 -0.0022241761204142515 -0.32112321443555913 -0.09611659646445872 -0.18590258808831833 -0.16580628034007594 4.4922130163365326 -0.9661332118791659 5.8225532264216504 3.9717962242503493 3.1782213064007192 -0.054463171013999272 4.1133254255367264 -0.040501663305196868 -0.62627840935254253 -0.21216270103089593 -0.27324511947877606 0.0070122133848161076 -0.021768284301841561 4.2402583809746508 -1.0646523135912729
leaf_weight=38 90 361 219 100 116 22 23 51 45 26 32 57 123 43 54 28 37 23 27 27 61 34 21 53 29 72 27 24 54 24
leaf_count=38 90 361 219 100 116 22 23 51 45 26 32 57 123 43 54 28 37 23 27 27 61 34 21 53 29 72 27 24 54 24
internal_value=-0.00639104 -0.0114609 -0.00912088 -0.00194391 -0.00591743 -0.00784615 -0.00354167 -0.00089057 -0.00448454 0.000957447 0.000157895 -0.000956284 0.00113014 -0.00332685 -0.00802326 0.00543103 0.00272727 0.00765306 -0.000964912 0.00117187 -0.00711429 0.00434911 0.006875 -0.00225 0.00156716 -0.00582645 -0.00772727 -0.00973684 0.00255556 0.00538462
internal_weight=1941 907 546 1034 327 260 144 859 194 94 665 549 292 257 86 116 88 49 171 128 175 169 48 80 67 121 99 114 135 78
internal_count=1941 907 546 1034 327 260 144 859 194 94 665 549 292 257 86 116 88 49 171 128 175 169 48 80 67 121 99 114 135 78
is_linear=0
shrinkage=0.03


Tree=99
num_leaves=31
num_cat=0
split_feature=11 12 8 27 12 18 10 27 12 19 56 12 27 47 19 10 46 46 37 10 49 10 57 27 16 21 3 33 1 42
split_gain=48.2707 7.01739 8.31867 5.55132 5.44631 6.903 4.90546 3.83318 3.45208 6.09085 5.09859 3.76843 3.33274 5.01828 3.24639 4.6191 3.07873 3.62722 2.98579 2.59969 2.5477 2.39844 2.19695 1.95203 1.75129 1.70426 1.69841 1.64284 1.69551 1.54981
threshold=0.032701564615071184 0.53946920585801694 3.5000000000000004 310.50000000000006 0.66285048286959747 4.5000000000000009 -0.9103761370219875 284.50000000000006 0.64987354830121502 9.5000000000000018 15.250000000000002 0.60980454008255491 294.50000000000006 17.500000000000004 1.0000000180025095e-35 0.44228869021900147 23.950000000000003 24.250000000000004 499.42767855000005 -0.097964660725097186 14.500000000000002 0.13052619222005177 259.50000000000006 255.50000000000003 25.150000000000002 19.500000000000004 6369944.2860000012 827.61190480000016 9452.8571430000011 98.24017860000005
decision_type=2 2 2 2 2 2 2 2 2 2 2 2 2 2 2 2 2 2 2 2 2 2 2 2 2 2 2 2 2 2
left_child=6 25 3 4 5 -3 20 23 11 -10 -11 14 13 -13 16 21 18 -18 -8 -12 -1 27 -4 -7 -6 -2 -25 -16 -29 -17
right_child=1 2 22 -5 24 7 8 -9 9 10 19 12 -14 -15 15 29 17 -19 -20 -21 -22 -23 -24 26 -26 -27 -28 28 -30 -31
leaf_value=-0.10851388610696369 -0.056243624236109319 -0.05753757978680716 -0.2713395076053009 -0.056243624236109319 -0.17634194609165774 -0.42718877550030726 -0.0021574508368018236 3.1433344322156631 -0.10679317802254777 -0.34885584089936772 0.69147261566248575 -0.63695150742408513 4.3574466258464355 4.2579654102105575 -0.31148951800249275 -0.04700693431464472 3.8250851324961639 -0.11708418163145778 -0.1635048500657372 5.6478766296290015 -0.085107380196687149 3.9899256627706254 -0.056243624236109319 -0.089107904465115267 3.2736129234997104 -0.06685150102403592 0.068939721508527604 4.1130506295454117 -1.0327127441835342 -1.1068714160669242
leaf_weight=91 356 70 25 81 37 41 32 21 101 45 26 50 28 38 57 102 36 121 69 23 52 34 195 32 24 20 35 54 24 21
leaf_count=91 356 70 25 81 37 41 32 21 101 45 26 50 28 38 57 102 36 121 69 23 52 34 195 32 24 20 35 54 24 21
internal_value=-0.00645286 -0.0113501 -0.0092246 -0.00629032 -0.00415385 -0.00655779 -0.00188247 -0.00244186 -0.00102787 -0.00453846 0.000957447 0 0.00491379 0.00204545 -0.00103636 0.00113014 -0.00348837 -0.000859873 -0.00757426 0.00765306 -0.00702797 0.00434911 -0.0137727 -0.00472222 0.00368852 -0.0145213 -0.00156716 0.00255556 0.00538462 -0.00329268
internal_weight=1941 937 561 341 260 199 1004 129 861 195 94 666 116 88 550 292 258 157 101 49 143 169 220 108 61 376 67 135 78 123
internal_count=1941 937 561 341 260 199 1004 129 861 195 94 666 116 88 550 292 258 157 101 49 143 169 220 108 61 376 67 135 78 123
is_linear=0
shrinkage=0.03


Tree=100
num_leaves=31
num_cat=0
split_feature=1 9 57 8 10 10 57 9 9 9 19 19 10 46 46 37 54 56 2 57 48 49 10 56 23 33 1 36 35 26
split_gain=48.3699 8.19066 8.99531 6.80215 6.11736 5.09889 5.08672 3.16123 5.93169 3.7351 3.51975 3.17716 4.6191 3.1545 3.55577 2.98579 2.91551 3.37196 2.7225 2.58761 4.87072 2.49931 2.39844 1.8375 1.76901 1.64284 1.69551 1.58884 1.57579 1.79231
threshold=1.0000000180025095e-35 149.50000000000003 299.50000000000006 2.5000000000000004 -0.9103761370219875 0.84874750804349197 269.50000000000006 141.50000000000003 139.50000000000003 144.50000000000003 47.500000000000007 1.0000000180025095e-35 0.44228869021900147 23.950000000000003 24.250000000000004 499.42767855000005 595.05000000000007 15.250000000000002 6931.5267855000011 294.50000000000006 15.500000000000002 14.500000000000002 0.13052619222005177 7.8500000000000005 118.50000000000001 827.61190480000016 9452.8571430000011 799.80803570000012 2.7142857145000003 9.9500000000000011
decision_type=2 2 2 2 2 2 2 2 2 2 2 2 2 2 2 2 2 2 2 2 2 2 2 2 2 2 2 2 2 2
left_child=1 2 3 6 21 -5 27 8 10 19 16 13 22 15 -15 -11 17 -6 23 20 -9 24 25 -8 -2 -13 -27 -1 29 -16
right_child=4 -3 -4 5 7 -7 18 9 -10 11 -12 12 -14 14 28 -17 -18 -19 -20 -21 -22 -23 -24 -25 -26 26 -28 -29 -30 -31
leaf_value=-0.21157050779486786 -0.1323410211848372 -0.054556315509026038 -0.054556315509026038 -0.054556315509026038 -0.096675091793625392 0.014825648776209528 -0.15413585357456056 -0.72035243369643553 -0.1346924047346045 -0.00209272731169777 -0.54002460189512336 -0.30214483246241852 -0.091822890541085084 3.7103325785212791 -0.17813907444121099 -0.1585997045637651 -0.058679901023399213 3.2129655391607956 -0.28583195341806178 4.2267232270710409 3.7991622269104277 -0.050276054477678828 3.8702278928875078 2.8344702193245541 -0.017859819189577415 3.9896591106590478 -1.0017313618580284 -0.036169649299297356 -0.62095452180893485 0.72703296636142911
leaf_weight=58 90 361 218 120 29 29 20 42 68 32 23 57 123 36 37 69 32 42 20 28 46 61 34 60 24 54 24 21 21 62
leaf_count=58 90 361 218 120 29 29 20 42 68 32 23 57 123 36 37 69 32 42 20 28 46 61 34 60 24 54 24 21 21 62
internal_value=-0.0064374 -0.0114939 -0.00917582 -0.00603659 -0.00200193 -0.0107718 -0.00209497 -0.000960419 -0.0043299 2.25564e-05 -0.00047619 -0.00101093 0.00113014 -0.00344358 -0.000769231 -0.00757426 0.0018932 0.00528169 0.0024 0.00491379 0.00238636 -0.00711429 0.00434911 0.004875 -0.00973684 0.00255556 0.00538462 -0.00778481 -0.00325 -0.00166667
internal_weight=1941 907 546 328 1034 149 179 859 194 665 126 549 292 257 156 101 103 71 100 116 88 175 169 80 114 135 78 79 120 99
internal_count=1941 907 546 328 1034 149 179 859 194 665 126 549 292 257 156 101 103 71 100 116 88 175 169 80 114 135 78 79 120 99
is_linear=0
shrinkage=0.03


Tree=101
num_leaves=31
num_cat=0
split_feature=1 9 27 8 10 10 27 11 26 39 11 34 2 17 23 41 17 15 34 43 43 31 37 6 58 19 58 16 17 19
split_gain=50.462 8.19066 9.08351 6.89869 4.65224 4.60342 4.46535 3.66984 3.0326 2.76355 2.57121 2.80229 2.22725 2.09627 2.07064 2.56531 3.87948 3.71191 2.00602 1.98914 1.8149 1.47723 1.47511 1.75733 1.43749 1.4324 2.25818 3.18719 3.81108 1.91203
threshold=1.0000000180025095e-35 149.50000000000003 299.50000000000006 2.5000000000000004 -0.9103761370219875 0.84874750804349197 269.50000000000006 0.88144907265856365 20.700000000000006 1145.3267857687504 -0.91037613702198739 889.74196430000018 6327.9285715000005 47.500000000000007 282.50000000000006 367.07584504266839 10.500000000000002 59.500000000000007 620.29910715000017 -150.35803573500002 292.94642855000006 245.86875000000003 705.46250000000009 20.500000000000004 1004.6500000000002 50.500000000000007 1006.5500000000001 25.350000000000005 45.500000000000007 1.5000000000000002
decision_type=2 2 2 2 2 2 2 2 2 2 2 2 2 2 2 2 2 2 2 2 2 2 2 2 2 2 2 2 2 2
left_child=1 2 3 6 19 -5 7 -1 9 14 13 -12 -8 -10 15 20 -17 -18 -16 21 25 -2 23 -22 -4 26 29 28 -28 -6
right_child=4 -3 24 5 8 -7 12 -9 10 -11 11 -13 -14 -15 18 16 17 -19 -20 -21 22 -23 -24 -25 -26 -27 27 -29 -30 -31
leaf_value=-0.11175986555583015 -0.1327240658498284 -0.052919626043755254 -0.043792375773505879 -0.052919626043755254 -0.11125236857903602 -0.0083142954932160559 1.2998733620893863 0.23844838532181686 7.1855994813355935 -0.8628327333519894 -0.31484283629117499 2.8718101828564246 -0.33447155279412755 0.57109241873041017 4.2646585659760605 4.7570353223290178 -0.1291163353059431 2.6025453425800729 -0.070813799159292326 -0.027473304119702079 -0.45482174982426121 -0.049283592695927129 -0.34337745262022679 0.082522459145975516 -0.052919626043755254 -0.2428635007273533 0.36202016604935805 -0.17146881276348835 3.637481821399192 -0.022536571167154448
leaf_weight=60 57 361 37 118 95 31 70 21 25 25 36 34 27 21 23 38 21 37 33 50 23 68 37 36 182 55 113 59 37 111
leaf_count=60 57 361 37 118 95 31 70 21 25 25 36 34 27 21 23 38 21 37 33 50 23 68 37 36 182 55 113 59 37 111
internal_value=-0.00632921 -0.0114939 -0.00917582 -0.00600917 -0.00179884 -0.0107718 -0.00202247 -0.00722222 -0.00089057 -0.00159489 0.00362069 0 0.00231959 0.00913043 -0.00125348 -0.00172205 0.0028125 -0.00206897 0.00428571 -0.00625714 -0.00249117 -0.00828 -0.00625 -0.00330508 -0.0139041 -0.0017234 -0.00112048 0.00107656 0.0034 -0.00334951
internal_weight=1941 907 546 327 1034 149 178 81 859 743 116 70 97 46 718 662 96 58 56 175 566 125 96 59 219 470 415 209 150 206
internal_count=1941 907 546 327 1034 149 178 81 859 743 116 70 97 46 718 662 96 58 56 175 566 125 96 59 219 470 415 209 150 206
is_linear=0
shrinkage=0.03


Tree=102
num_leaves=31
num_cat=0
split_feature=11 9 27 28 6 56 56 10 8 9 9 49 49 27 47 1 54 18 21 15 28 45 1 31 10 46 17 16 23 41
split_gain=49.7722 8.24065 9.52504 6.00223 6.55542 5.16725 4.26319 3.73373 2.80061 2.7291 4.22213 3.93519 4.1697 2.75884 5.01828 2.09648 2.07088 3.43749 2.42513 1.90324 1.80087 2.38095 1.65329 2.09194 2.55776 1.83914 1.58391 1.5211 2.82639 2.45005
threshold=0.065403129230142756 149.50000000000003 299.50000000000006 1005.85 26.500000000000004 10.750000000000002 22.150000000000002 -0.9103761370219875 1.5000000000000002 141.50000000000003 144.50000000000003 9.5000000000000018 49.500000000000007 294.50000000000006 17.500000000000004 7682.1696430000011 764.20000000000016 8.5000000000000018 794.00000000000011 80.500000000000014 1005.5500000000001 83.500000000000014 11646.901785000002 783.35535715000003 0.44228869021900147 23.850000000000005 1.5000000000000002 24.850000000000005 178.50000000000003 227.64303600054251
decision_type=2 2 2 2 2 2 2 2 2 2 2 2 2 2 2 2 2 2 2 2 2 2 2 2 2 2 2 2 2 2
left_child=6 2 3 8 -5 -6 7 -1 19 11 13 -9 15 14 -11 -13 17 22 27 -2 21 -8 23 24 25 -12 -25 28 -19 -29
right_child=1 -3 -4 4 5 -7 20 9 -10 10 16 12 -14 -15 -16 -17 -18 18 -20 -21 -22 -23 -24 26 -26 -27 -28 29 -30 -31
leaf_value=-0.10718879471287064 0.27767282492359241 -0.051332037262442599 -0.051332037262442599 -0.051332037262442599 0.81852226842356801 -0.23123554955487086 -0.53407913566791076 -0.096916982635293525 -0.051522703152473842 -0.59422555509427555 0.47109407333993958 1.894309516349753 -0.93402893465769976 3.920782008203942 3.9174208377791544 -0.2546963665175821 -0.26438791503334058 1.2327739380204592 -0.12524284524676482 4.4575816899824519 8.1155800895946228 1.9205509930352709 5.0724821324319027 -0.63382160013215405 -0.06837248843333682 2.6808315285990045 0.38308961755472748 -0.16632474838058356 -0.46591648042847994 1.2578918116585454
leaf_weight=156 26 368 218 143 36 40 24 97 64 50 34 34 20 28 38 32 40 41 20 21 22 32 22 31 44 29 42 103 60 26
leaf_count=156 26 368 218 143 36 40 24 97 64 50 34 34 20 28 38 32 40 41 20 21 22 32 22 31 44 29 42 103 60 26
internal_value=-0.00628284 -0.0113646 -0.00903285 -0.00581818 -0.00869863 -0.00157895 -0.00174146 -0.00229673 -0.000135135 -0.00146018 -0.000493421 -0.00467213 0 0.00465517 0.00204545 0.00363636 -0.00170732 -0.00112832 -0.00348 0.00542553 0.005 0.00214286 0.00178218 0.000833333 0.00350467 0.00738095 -0.00308219 -0.0026087 0.000148515 -0.00476744
internal_weight=1941 916 548 330 219 76 1025 947 111 791 608 183 86 116 88 66 492 452 250 47 78 56 202 180 107 63 73 230 101 129
internal_count=1941 916 548 330 219 76 1025 947 111 791 608 183 86 116 88 66 492 452 250 47 78 56 202 180 107 63 73 230 101 129
is_linear=0
shrinkage=0.03


Tree=103
num_leaves=31
num_cat=0
split_feature=11 9 27 8 27 56 58 16 9 37 35 9 16 24 49 26 56 47 44 35 27 49 16 44 3 24 24 8 57 26
split_gain=47.8309 8.87419 10.4016 6.50619 4.9405 4.84209 3.59725 3.57537 4.40984 3.81623 3.38645 3.28387 3.19118 2.91908 3.26672 2.90386 3.5616 2.71136 2.60467 2.56398 2.52165 2.26591 2.09277 2.06488 2.02785 2.00093 2.92589 1.90823 1.84889 1.71237
threshold=0.065403129230142756 149.50000000000003 299.50000000000006 3.5000000000000004 284.50000000000006 22.150000000000002 1006.5500000000001 24.250000000000004 147.50000000000003 513.41785715000015 32.322321430000009 151.50000000000003 23.750000000000004 776.40000000000009 1.5000000000000002 14.850000000000003 19.300000000000001 7.5000000000000009 27.450000000000003 594.59553570000014 248.50000000000003 1.0000000180025095e-35 23.950000000000003 27.950000000000003 6369944.2860000012 170.55000000000004 342.35000000000008 3.5000000000000004 259.50000000000006 14.050000000000002
decision_type=2 2 2 2 2 2 2 2 2 2 2 2 2 2 2 2 2 2 2 2 2 2 2 2 2 2 2 2 2 2
left_child=5 2 3 4 17 6 11 8 10 -10 -8 13 -11 14 -1 -16 19 -2 29 -17 -19 -6 -12 -9 -22 -25 -27 -28 -5 -13
right_child=1 -3 -4 28 21 -7 7 23 9 12 22 18 -14 -15 15 16 -18 20 -20 -21 24 -23 -24 25 -26 26 27 -29 -30 -31
leaf_value=-0.099940386495715614 -0.049646361860866683 -0.049792076144569319 -0.049792076144569319 -0.25843508301268514 2.9535026584885609 1.6029878237212491 4.6573499413813533 -0.21720962942564198 3.0902875490727575 -0.18788555393584255 -0.5872530503980965 -0.049559626191182982 0.6708186873137163 3.8115099720662204 -0.37888031572084219 1.7803752707656826 -0.25746495056454854 -0.44104683104553299 0.083355364199478504 -0.025179478821181309 -0.10188310019425557 -0.034261534921084441 1.3317610800166886 0.16733005959943895 0.029084658960936916 -0.36176329110577854 -0.36396855877280293 1.3427119867775479 -0.049792076144569319 -0.28741464790211296
leaf_weight=160 58 368 218 25 41 78 56 20 24 35 30 26 23 21 33 31 44 28 114 48 38 27 22 63 48 77 44 53 65 23
leaf_count=160 58 368 218 25 41 78 56 20 24 35 30 26 23 21 33 31 44 28 114 48 38 27 22 63 48 77 44 53 65 23
internal_value=-0.00625193 -0.0112336 -0.00881387 -0.00545455 -0.002875 -0.0018 -0.00239176 -0.000436242 0.00268421 -0.00256098 0.00666667 -0.00414 -0.00672414 -0.00583086 -0.00655063 -0.00346154 -0.00134146 -0.0055814 -0.000644172 0.00246835 -0.00289474 0.00397059 0.00115385 -0.00274319 -0.000348837 -0.00196203 -0.00362069 -0.000154639 -0.0123333 -0.00642857
internal_weight=1941 916 548 330 240 1025 947 447 190 82 108 500 58 337 316 156 123 172 163 79 114 68 52 257 86 237 174 97 90 49
internal_count=1941 916 548 330 240 1025 947 447 190 82 108 500 58 337 316 156 123 172 163 79 114 68 52 257 86 237 174 97 90 49
is_linear=0
shrinkage=0.03


Tree=104
num_leaves=31
num_cat=0
split_feature=1 9 27 8 27 9 27 6 46 35 16 18 3 40 10 2 3 16 41 48 57 47 39 8 33 33 18 46 47 9
split_gain=48.4172 9.14415 10.3943 6.21149 4.75996 4.01929 5.21024 4.69444 4.43438 3.8211 3.10539 2.66028 2.35939 2.34697 2.32035 2.26679 2.25606 2.20819 2.54262 2.55694 2.52464 3.04013 2.01667 1.89804 1.83333 1.55191 1.49333 1.43601 1.42113 2.06215
threshold=1.0000000180025095e-35 149.50000000000003 299.50000000000006 3.5000000000000004 284.50000000000006 141.50000000000003 309.50000000000006 17.500000000000004 24.850000000000005 1200.1604165000001 22.950000000000003 4.5000000000000009 6377960.2145000007 937.76719990000026 0.88144907265856365 5497.4285715000015 7312872.9285000013 23.150000000000002 367.07584504266839 63.500000000000007 266.50000000000006 2.5000000000000004 871.24040180625013 4.5000000000000009 1133.0267855000004 260.79285715000009 43.500000000000007 24.850000000000005 15.500000000000002 144.50000000000003
decision_type=2 2 2 2 2 2 2 2 2 2 2 2 2 2 2 2 2 2 2 2 2 2 2 2 2 2 2 2 2 2
left_child=1 2 3 4 11 6 7 22 -8 10 23 -1 26 16 -5 -6 17 -12 19 28 -20 -22 -2 -7 -15 -21 -13 -14 -19 -30
right_child=5 -3 -4 14 15 9 8 -9 -10 -11 13 12 27 24 -16 -17 -18 18 20 25 21 -23 -24 -25 -26 -27 -28 -29 29 -31
leaf_value=-0.048156971005040683 -0.24723800047334621 -0.048298313860232242 -0.048298313860232242 -0.048298313860232242 2.6187279058290756 0.13636664838759827 4.3592847142499984 -0.1416944666036079 -0.19197220691865169 -0.11839141856842555 -0.18339806523737767 -0.036467734690459108 0.3688278730645847 -0.06796896115564123 -0.06376243829431251 -0.033233688873451912 -0.39562042144929233 -0.054892732734483966 5.5336945329323095 -0.029286194253306173 4.4432310735485032 -0.35678790636535784 2.3056050385073759 3.8016013779645395 -0.85361953433046212 4.7558173871533791 -1.7887230704254351 -0.2039858563382847 2.1189568394609584 -0.031142652982626601
leaf_weight=58 60 361 219 67 45 48 29 100 20 31 27 35 30 33 21 24 42 133 31 24 22 28 20 20 33 31 25 22 26 276
leaf_count=58 60 361 219 67 45 48 29 100 20 31 27 35 30 33 21 24 42 133 31 24 22 28 20 20 33 31 25 22 26 276
internal_value=-0.00623648 -0.0112955 -0.00884615 -0.00545872 -0.00294979 -0.00179884 -0.00530568 -0.00766667 0.00336735 -0.000801242 -0.000387597 -0.00564706 -0.00294643 -0.000977337 -0.0122727 0.00369565 -0.000421875 5.01672e-05 0.000446585 -0.000367347 0.00537037 0.0012 -0.00225 0.00573529 -0.00636364 0.00572727 -0.007 0.00173077 -0.00113793 0
internal_weight=1941 907 546 327 239 1034 229 180 49 805 774 170 112 706 88 69 640 598 571 490 81 50 80 68 66 55 60 52 435 302
internal_count=1941 907 546 327 239 1034 229 180 49 805 774 170 112 706 88 69 640 598 571 490 81 50 80 68 66 55 60 52 435 302
is_linear=0
shrinkage=0.03


Tree=105
num_leaves=31
num_cat=0
split_feature=1 9 57 28 6 56 10 9 6 57 46 16 26 26 26 9 8 57 33 57 57 41 5 2 58 10 44 1 8 14
split_gain=48.5001 8.82049 9.85192 6.51065 7.3297 4.41528 4.06445 3.5496 5.14405 3.21498 4.94716 3.1721 3.0234 3.11884 3.26294 3.16455 2.87867 3.41714 2.75004 2.6472 2.51842 2.33825 1.84091 1.77778 1.43615 1.31756 1.67697 1.27628 2.18758 2.1
threshold=1.0000000180025095e-35 149.50000000000003 299.50000000000006 1005.7500000000001 26.500000000000004 10.750000000000002 -0.97335555334614932 141.50000000000003 18.500000000000004 305.50000000000006 24.850000000000005 24.650000000000002 21.550000000000004 15.550000000000002 8.0500000000000025 144.50000000000003 1.5000000000000002 294.50000000000006 578.6142857000001 295.50000000000006 276.50000000000006 326.98786331583108 22.500000000000004 5527.0000000000009 1004.6500000000002 -0.41248606129204546 28.350000000000005 7190.6309520000004 3.5000000000000004 30.750000000000004
decision_type=2 2 2 2 2 2 2 2 2 2 2 2 2 2 2 2 2 2 2 2 2 2 2 2 2 2 2 2 2 2
left_child=1 2 3 11 25 -6 21 8 9 19 -11 -1 13 14 -9 -16 20 -18 -14 22 -15 -2 -8 -21 -4 -5 -27 28 -17 -30
right_child=6 -3 24 4 5 -7 7 12 -10 10 -12 -13 18 16 15 27 17 -19 -20 23 -22 -23 -24 -25 -26 26 -28 -29 29 -31
leaf_value=-0.06205321127076549 -0.045639982557590171 -0.046849364444425272 -0.037995931682283372 -0.046849364444425272 0.75782312276790231 -0.22136438308224751 0.85932102335012495 -0.11208226017962715 -0.15538835111233903 4.6315484035562111 -0.21237768397797593 2.1708450123599472 -0.36875567563263983 3.9521740349082881 3.7204548216148781 1.638196072956589 -0.17924916430799454 3.7564802505742327 2.6557527418495823 -0.16918108378410607 -0.65311300254665694 -0.12023559768238121 -0.91607502796423901 -0.06892631483760113 -0.046849364444425272 -0.16238068710756676 -0.11818078119932569 -0.15698754697535475 -0.1100830214977946 2.6156165904131923
leaf_weight=53 53 361 37 90 36 44 22 99 71 26 20 46 28 29 55 58 182 25 50 25 25 62 22 20 181 34 25 106 35 21
leaf_count=53 53 361 37 90 36 44 22 99 71 26 20 46 28 29 55 58 182 25 50 25 25 62 22 20 181 34 25 106 35 21
internal_value=-0.0062983 -0.0113616 -0.00895604 -0.00567073 -0.00844978 -0.001125 -0.00185687 -0.00119151 -0.00466019 -0.00122222 0.00521739 0.000757576 -0.000189341 -0.000874016 0.000882353 0.00256364 -0.0033908 -0.005 0.00538462 -0.00455056 0.00277778 -0.00717391 0.000681818 -0.00966667 -0.0138991 -0.0123826 -0.00889831 0.000954545 0.00315789 -0.00107143
internal_weight=1941 907 546 328 229 80 1034 919 206 135 46 99 713 635 374 275 261 207 78 89 54 115 44 45 218 149 59 220 114 56
internal_count=1941 907 546 328 229 80 1034 919 206 135 46 99 713 635 374 275 261 207 78 89 54 115 44 45 218 149 59 220 114 56
is_linear=0
shrinkage=0.03


Tree=106
num_leaves=31
num_cat=0
split_feature=1 9 27 8 47 26 58 6 27 16 31 6 15 35 58 24 28 40 5 43 46 49 31 23 16 35 3 33 16 26
split_gain=50.3774 8.50266 9.51064 6.16406 5.5213 3.83805 4.62666 3.71141 3.56902 3.47606 3.48115 3.52571 3.45882 2.99799 2.95071 2.70766 2.26907 4.85213 2.25644 2.23714 1.9811 1.98054 1.97489 1.94134 1.87032 1.81797 1.78916 1.60955 2.5299 2.32763
threshold=1.0000000180025095e-35 149.50000000000003 299.50000000000006 3.5000000000000004 7.5000000000000009 21.550000000000004 1006.5500000000001 18.500000000000004 248.50000000000003 24.250000000000004 524.67857140000012 26.500000000000004 81.500000000000014 88.262500000000003 1004.5500000000001 776.40000000000009 1005.5500000000001 768.70803572708348 1.0000000180025095e-35 247.72499985000005 23.450000000000003 1.0000000180025095e-35 1040.2910715 173.50000000000003 25.550000000000004 147.41964285000003 6619372.7500000009 1147.2705355000001 23.650000000000002 17.150000000000002
decision_type=2 2 2 2 2 2 2 2 2 2 2 2 2 2 2 2 2 2 2 2 2 2 2 2 2 2 2 2 2 2
left_child=1 2 3 4 21 6 7 14 -6 10 -8 13 26 19 20 23 17 25 -16 -12 -2 -1 -13 27 -14 -7 -10 28 -9 -30
right_child=5 -3 -4 -5 8 16 9 15 12 -11 11 22 24 -15 18 -17 -18 -19 -20 -21 -22 -23 -24 -25 -26 -27 -28 -29 29 -31
leaf_value=-0.070540357407955709 0.84095301713936799 -0.045443883511092513 -0.045443883511092513 -0.045443883511092513 -0.37385023605486722 0.0008144238371131995 3.1628560584026792 0.003616983509746386 -0.094823930373144086 -0.1214610600264541 4.3096552182903523 -0.38930352996775036 5.4519278287355126 -0.22068873453228832 0.96261441626829447 3.4704222240480713 6.0569020071968556 1.5064880564240235 -0.033717900080184646 1.6582169083268843 -0.10891163529422045 -0.045306780941556705 0.018441214355227567 -0.20483140263096034 0.40015922986611485 -0.33632474120342992 0.77807665302224049 -0.69409623897181716 -0.095630096080508195 -0.016266900537433866
leaf_weight=31 20 361 219 88 29 25 38 43 59 251 29 41 25 38 32 21 32 28 91 21 77 43 22 53 26 23 26 23 69 57
leaf_count=31 20 361 219 88 29 25 38 43 59 251 29 41 25 38 32 21 32 28 91 21 77 43 22 53 26 23 26 23 69 57
internal_value=-0.00626739 -0.0114278 -0.00906593 -0.00582569 -0.00332636 -0.00174081 -0.00236501 -0.00438272 -0.000272727 -0.000136364 0.00293651 0.00089404 0.00176471 0.00477273 -0.0015 -0.00676692 0.00361111 0.000789474 0.00158537 0.0096 -0.00541237 -0.0101351 -0.00452381 -0.00765306 0.00794118 -0.005 -0.00194118 -0.00625 -0.00523669 -0.00738095
internal_weight=1941 907 546 327 239 1034 926 486 165 440 189 151 136 88 220 266 108 76 123 50 97 74 63 245 51 48 85 192 169 126
internal_count=1941 907 546 327 239 1034 926 486 165 440 189 151 136 88 220 266 108 76 123 50 97 74 63 245 51 48 85 192 169 126
is_linear=0
shrinkage=0.03


Tree=107
num_leaves=31
num_cat=0
split_feature=11 19 12 27 10 12 27 56 11 31 6 36 39 16 47 12 47 26 17 47 57 57 4 24 16 20 47 30 6 42
split_gain=51.7256 6.81629 7.35029 3.90367 3.90788 3.52461 5.16816 5.49337 3.04603 3.13201 2.81483 2.50757 2.46225 2.37797 2.60726 3.23373 2.25477 2.04058 2.09246 1.91976 1.89804 3.02056 2.07492 1.84356 2.81858 1.67663 1.6254 1.45833 1.45741 1.38278
threshold=0.032701564615071184 2.5000000000000004 0.64987354830121502 302.50000000000006 0.88144907265856365 0.64987354830121502 309.50000000000006 15.550000000000002 -0.91037613702198739 688.90803570000014 17.500000000000004 82.36875000000002 871.24040180625013 22.950000000000003 15.500000000000002 0.62334665204000361 52.500000000000007 29.650000000000002 19.500000000000004 25.500000000000004 294.50000000000006 265.50000000000006 11.500000000000002 535.15000000000009 23.950000000000003 7.5000000000000009 42.500000000000007 530.72857140000008 24.500000000000004 87.707142850000039
decision_type=2 2 2 2 2 2 2 2 2 2 2 2 2 2 2 2 2 2 2 2 2 2 2 2 2 2 2 2 2 2
left_child=5 2 3 4 19 8 10 -8 9 -1 12 -3 -7 -10 23 17 25 18 -16 -2 21 22 -11 -15 -25 -4 -21 -26 -23 -12
right_child=1 11 16 -5 -6 6 7 -9 13 20 29 -13 -14 14 15 -17 -18 -19 -20 26 -22 28 -24 24 27 -27 -28 -29 -30 -31
leaf_value=5.974948037562906 -0.044097467689247424 -0.051491414638443311 1.6482178157216167 -0.044080567005759741 0.60371850454830489 -0.25468668438373837 -0.22186946666039148 4.0905712577182216 1.5846188776198562 2.4822564521354096 -0.14901849095600028 -0.044080567005759741 2.2396158818229668 -0.1514024985223715 0.35421676249794815 3.5760247855976592 -0.2109398979089043 2.0688268862360815 -0.10576899385045528 0.02770752269113675 3.6499307851359344 1.4268937534380659 -0.19914959156675932 -0.17123908186346418 0.51456899938027911 -0.58033622223606995 -0.043903934377812641 -0.29020683710360601 -0.30225911273102041 -0.040864380502470869
leaf_weight=28 115 58 38 115 33 58 23 27 31 34 76 474 20 46 43 29 26 25 269 20 27 34 32 71 21 22 36 35 53 22
leaf_count=28 115 58 38 115 33 58 23 27 31 34 76 474 20 46 43 29 26 25 269 20 27 34 32 71 21 22 36 35 53 22
internal_value=-0.00634467 -0.0114141 -0.00848148 -0.0105799 -0.00808824 -0.00161355 -0.0049115 0.0036 -0.000655527 0.00245192 -0.00732955 -0.0136466 -0.00307692 -0.00178947 -0.00225417 -0.000819672 -0.000697674 -0.00164688 -0.00230769 -0.00991228 0.001 -0.000294118 0.00454545 -0.00528902 -0.0034252 0.0025 -0.00535714 0.00160714 -0.00396552 -0.0107143
internal_weight=1941 937 405 319 204 1004 226 50 778 208 176 532 78 570 539 366 86 337 312 171 180 153 66 173 127 60 56 56 87 98
internal_count=1941 937 405 319 204 1004 226 50 778 208 176 532 78 570 539 366 86 337 312 171 180 153 66 173 127 60 56 56 87 98
is_linear=0
shrinkage=0.03


Tree=108
num_leaves=31
num_cat=0
split_feature=11 19 27 37 6 27 26 58 16 27 1 36 43 41 49 52 23 38 57 16 27 37 20 6 43 1 16 6 27 55
split_gain=53.3375 6.28713 5.72594 6.49479 4.25407 5.49772 3.52412 3.97546 3.68393 3.62196 3.45482 2.45977 2.44625 2.29942 2.16271 3.22531 2.47203 2.06353 1.99955 1.87976 1.72105 1.92364 1.83689 1.62901 1.61962 1.58976 1.54892 1.48073 1.35121 2.24387
threshold=0.032701564615071184 2.5000000000000004 299.50000000000006 1.0000000180025095e-35 29.500000000000004 255.50000000000003 21.550000000000004 1006.5500000000001 24.250000000000004 163.50000000000003 8402.5714285000013 82.36875000000002 8.2857143499999797 371.04065667362403 9.5000000000000018 107.50000000000001 173.50000000000003 1038.8388393250004 284.50000000000006 24.950000000000003 309.50000000000006 724.69375000000002 17.500000000000004 26.500000000000004 -1.3749999999999998 9757.3839285000013 25.550000000000004 27.500000000000004 287.50000000000006 98.500000000000014
decision_type=2 2 2 2 2 2 2 2 2 2 2 2 2 2 2 2 2 2 2 2 2 2 2 2 2 2 2 2 2 2
left_child=6 2 3 4 5 -2 7 9 10 12 23 -3 -1 25 16 24 17 -11 -7 -4 21 -8 -23 -9 -16 -12 -20 -15 29 -10
right_child=1 11 19 -5 -6 18 20 8 28 14 13 -13 -14 27 15 -17 -18 -19 26 -21 -22 22 -24 -25 -26 -27 -28 -29 -30 -31
leaf_value=0.76689258643270986 -0.20648149132273236 -0.049946672199289714 -0.042331766764224656 -0.042774543658570009 -0.042581010347135219 -0.020225260914576122 -0.21041154636613099 3.0625881256779826 0.8443966096054768 -0.076689847683858253 -0.84459937565482501 -0.042758149995586948 -0.092898343281793236 3.9221377858627147 -0.41355982862985824 0.087492975306440707 -0.20487376473722388 3.2568116337725517 4.4331354212326115 -0.042758149995586948 5.4184278774831593 3.145242813633006 -0.079791686231858047 0.28409953814313721 -0.021834592517779753 -0.015089682944209114 0.26299019516988437 -0.037508041122598874 -0.18625872687693296 -0.19210151461097666
leaf_weight=32 66 58 22 62 25 58 25 45 32 179 21 474 31 24 31 78 56 23 30 119 26 29 26 32 28 44 23 23 120 99
leaf_count=32 66 58 22 62 25 58 25 45 32 179 21 474 31 24 31 78 56 23 30 119 26 29 26 32 28 44 23 23 120 99
internal_value=-0.0062983 -0.0114461 -0.00862963 -0.00602273 -0.00341584 -0.00177966 -0.00149402 -0.00210468 -6.81818e-05 -0.00406114 0.00309524 -0.0135902 0.00261905 -0.000267857 -0.00512658 -0.00208029 -0.00674419 -0.00519802 0.0022973 -0.0135106 0.00367925 0.0015 0.00463636 0.00798701 -0.00737288 -0.00392308 0.00650943 0.00478723 -0.0024502 -0.000343511
internal_weight=1941 937 405 264 202 177 1004 898 440 458 189 532 63 112 395 137 258 202 111 141 106 80 55 77 59 65 53 47 251 131
internal_count=1941 937 405 264 202 177 1004 898 440 458 189 532 63 112 395 137 258 202 111 141 106 80 55 77 59 65 53 47 251 131
is_linear=0
shrinkage=0.03


Tree=109
num_leaves=31
num_cat=0
split_feature=11 12 27 17 6 27 26 58 16 31 6 49 27 35 51 23 14 14 47 43 38 33 23 31 3 58 31 21 44 54
split_gain=52.0641 6.59874 7.74217 5.40353 5.59197 4.29936 3.30489 3.5786 3.42564 2.9611 2.93317 2.90273 2.69491 2.68481 2.42569 2.32332 2.25471 2.93787 2.11332 1.89163 1.81189 1.95918 1.95918 1.80388 2.52759 1.7634 1.72402 1.70426 1.58876 1.47649
threshold=0.032701564615071184 0.53946920585801694 299.50000000000006 12.500000000000002 20.500000000000004 284.50000000000006 21.550000000000004 1006.5500000000001 24.250000000000004 524.67857140000012 26.500000000000004 9.5000000000000018 251.50000000000003 88.262500000000003 158.50000000000003 173.50000000000003 27.850000000000005 28.550000000000004 37.500000000000007 247.72499985000005 1040.9241072125003 1136.1008930000003 117.50000000000001 413.57410715000009 6311435.1430000011 1004.6500000000002 1040.2910715 19.500000000000004 28.350000000000005 328.85000000000008
decision_type=2 2 2 2 2 2 2 2 2 2 2 2 2 2 2 2 2 2 2 2 2 2 2 2 2 2 2 2 2 2
left_child=6 27 3 4 -3 16 7 11 9 -9 13 12 -1 19 -13 20 -5 -18 -7 -11 21 22 29 -24 -25 -4 -12 -2 -10 -14
right_child=1 2 25 5 -6 18 -8 8 28 10 26 14 15 -15 -16 -17 17 -19 -20 -21 -22 -23 23 24 -26 -27 -28 -29 -30 -31
leaf_value=0.033070025127046813 -0.04147540549571934 -0.0093534752744225732 -0.031312042950599937 1.3173403332667086 -0.04147540549571934 -0.063408543237855844 0.95109904702641634 2.9579980277352664 -0.19073019929207469 4.0344543582523853 -0.37707963683108137 -0.10187853245187689 -0.087287427952063429 -0.26420742335727365 0.084868186047247524 -0.19872755179510715 -0.2405857169589381 -0.002785843213609006 3.1003521249957613 1.5059662544318029 3.4222537139901186 -0.70568737639082912 0.0060869958950297582 -0.2876385222919845 -0.022027550811477097 -0.04147540549571934 0.028080992540179324 -0.051765045980008167 -0.10648035939568344 -0.24187988550945874
leaf_weight=20 356 36 38 22 129 30 106 38 27 29 41 66 23 38 126 56 71 30 23 21 22 21 25 22 51 182 22 20 224 26
leaf_count=20 356 36 38 22 129 30 106 38 27 29 41 66 23 38 126 56 71 30 23 21 22 21 25 22 51 182 22 20 224 26
internal_value=-0.00636012 -0.0114461 -0.00938503 -0.00655425 -0.0104545 -0.00289773 -0.00161355 -0.0022049 -0.000272727 0.00277778 0.00089404 -0.00406114 -0.00609023 0.00443182 -0.00125 -0.00695122 -0.00597561 -0.00787129 0.00424528 0.009 -0.00536842 -0.00642857 -0.00520408 -0.0027551 -0.00513699 -0.0137727 -0.00404762 -0.0145213 -0.00256972 -0.010102
internal_weight=1941 937 561 341 165 176 1004 898 440 189 151 458 266 88 192 246 123 101 53 50 190 168 147 98 73 220 63 376 251 49
internal_count=1941 937 561 341 165 176 1004 898 440 189 151 458 266 88 192 246 123 101 53 50 190 168 147 98 73 220 63 376 251 49
is_linear=0
shrinkage=0.03


Tree=110
num_leaves=31
num_cat=0
split_feature=1 12 27 17 6 27 58 56 20 57 39 45 58 2 17 42 25 23 1 56 53 12 42 37 34 24 3 55 36 35
split_gain=48.5001 8.82049 9.94758 6.01006 6.09436 4.34302 2.9688 5.40916 4.8232 4.22983 3.24807 1.97111 2.035 1.84949 2.40815 2.59395 2.02667 1.94654 2.06815 2.69234 1.9397 2.55754 1.77792 1.77778 1.7456 1.93484 1.86674 2.53968 1.69618 1.67461
threshold=1.0000000180025095e-35 0.53946920585801694 299.50000000000006 12.500000000000002 20.500000000000004 255.50000000000003 1005.4500000000002 18.550000000000004 99.500000000000014 294.50000000000006 365.92232143125005 81.500000000000014 1006.1500000000002 4682.7410715000015 5.5000000000000009 -189.54107139999996 920.00000000000011 291.00000000000006 7034.8214285000004 8.4500000000000011 125.50000000000001 0.53946920585801694 1.0000000180025095e-35 418.3562500000001 977.2491071500001 654.55000000000007 6386244.4285000013 581.50000000000011 643.42142855000009 582.78750000000002
decision_type=2 2 2 2 2 2 2 2 2 2 2 2 2 2 2 2 2 2 2 2 2 2 2 2 2 2 2 2 2 2
left_child=1 -1 3 4 -3 -5 8 13 24 -9 -10 12 -7 14 16 -16 -8 18 19 22 21 -21 -17 -22 25 -2 -26 -28 -13 -15
right_child=6 2 -4 5 -6 11 7 9 10 -11 -12 28 -14 29 15 17 -18 -19 -20 20 23 -23 -24 -25 26 -27 27 -29 -30 -31
leaf_value=-0.040231143330847763 -0.085430907460115516 0.02743497966298334 -0.040231143330847763 -0.23317461213873514 -0.040231143330847763 -0.31381968420399259 3.3183953086672466 -0.025004393432634515 -0.16202247457159624 4.7812618825370725 1.3178032187659141 2.7206282514013718 0.028554673532216551 -0.42175187207025028 3.1201861525667707 0.026013161346052589 0.0051886144307373471 3.3163693138265038 -0.30034525650001798 -0.018123198768689903 -0.88153180148781096 3.2002691681380053 -0.12827194077093168 1.7011505562816762 -0.14874704277445744 -0.22375048985257381 -0.1318820840974054 1.349552700856903 0.23104474176343728 -0.025367573593531083
leaf_weight=361 144 33 219 57 118 47 25 39 20 40 51 25 20 63 25 21 32 26 153 28 20 37 85 25 33 40 24 21 27 82
leaf_count=361 144 33 219 57 118 47 25 39 20 40 51 25 20 63 25 21 32 26 153 28 20 37 85 25 33 40 24 21 27 82
internal_value=-0.0062983 -0.0113616 -0.00895604 -0.0056422 -0.0100331 -0.001875 -0.00185687 -0.00074893 -0.00418919 0.00664557 0.00274648 0.00138655 -0.00201493 -0.0016881 -0.000786164 -0.00157143 0.005 -0.00216456 -0.00272358 -0.000833333 0.00245455 0.00576923 -0.00424528 -0.00233333 -0.0060687 -0.00766304 -0.00230769 0.00166667 0.00576923 -0.00465517
internal_weight=1941 907 546 327 151 176 1034 701 333 79 71 119 67 622 477 420 57 395 369 216 110 65 106 45 262 184 78 45 52 145
internal_count=1941 907 546 327 151 176 1034 701 333 79 71 119 67 622 477 420 57 395 369 216 110 65 106 45 262 184 78 45 52 145
is_linear=0
shrinkage=0.03


Tree=111
num_leaves=31
num_cat=0
split_feature=11 9 57 19 57 6 2 11 38 57 57 33 28 28 39 44 1 20 58 48 26 57 3 21 58 48 58 44 10 57
split_gain=51.0519 7.01739 7.27276 5.54692 4.83645 3.88009 2.92898 2.91717 3.83219 2.40751 2.64724 3.32945 2.28541 3.07105 2.33195 1.97495 1.84667 2.03782 1.82469 1.8166 2.8675 4.04561 2.08511 1.70426 1.60117 1.50566 1.47543 1.23786 1.28571 1.45688
threshold=0.032701564615071184 149.50000000000003 299.50000000000006 2.5000000000000004 284.50000000000006 20.500000000000004 5377.3750000000009 -0.91037613702198739 672.58035713750007 265.50000000000006 283.50000000000006 667.71160715000008 1002.5500000000001 1004.7500000000001 609.21595982500014 27.850000000000005 1812.3571430000002 5.5000000000000009 1006.0500000000001 39.500000000000007 15.550000000000002 287.50000000000006 6332731.2855000012 19.500000000000004 1004.6500000000002 1.0000000180025095e-35 1007.7500000000001 28.350000000000005 -0.47114434510950048 245.50000000000003
decision_type=2 2 2 2 2 2 2 2 2 2 2 2 2 2 2 2 2 2 2 2 2 2 2 2 2 2 2 2 2 2
left_child=7 2 3 4 15 -5 -6 8 -1 18 -11 -12 14 16 -9 -2 -14 -18 -10 -15 21 22 -21 -3 -4 -13 -24 -17 -29 -30
right_child=1 23 24 5 6 -7 -8 12 9 10 11 25 13 19 -16 27 17 -19 -20 20 -22 -23 26 -25 -26 -27 -28 28 29 -31
leaf_value=6.5919360479119113 1.0303802723766815 -0.039024209030922331 -0.029165747362156505 -0.054838368093840885 2.2544400795238184 -0.039024209030922331 -0.50635799441555529 -0.074632334007177906 -0.15670301652025767 -0.20742521913489945 -0.75330710753221519 3.2442085641586549 -0.30843347182384767 -0.095715122645470371 3.9872153436258362 -0.25438344615510816 0.0012522538125687647 -0.17341430750610293 3.2632192810705636 0.48927718899747447 1.4042675537569624 -0.9457516452277831 1.9395850138036701 -0.049005160300682492 -0.039024209030922331 -0.0046672734226748938 -0.21339524436248208 -0.047705386225298282 -1.1078020412232337 0.33762362204413388
leaf_weight=24 21 356 38 48 36 87 25 28 32 63 38 41 38 408 22 41 44 60 42 21 22 31 29 20 181 29 32 36 22 26
leaf_count=24 21 356 38 48 36 87 25 28 32 63 38 41 38 408 22 41 44 60 42 21 22 31 29 20 181 29 32 36 22 26
internal_value=-0.00631376 -0.0113501 -0.0092246 -0.00649123 -0.0034058 -0.0112222 0.00368852 -0.00161355 0.00105948 -6.12245e-05 -0.00201754 0.000833333 -0.00259184 -0.0030438 0.0036 -0.00636986 -0.00697183 -0.00490385 0.00445946 -0.00201657 0.001 -0.000929204 0.00256098 -0.0145213 -0.0134932 0.00471429 -0.000245902 -0.0078 -0.00571429 -0.0025
internal_weight=1941 937 561 342 207 135 61 1004 269 245 171 108 735 685 50 146 142 104 74 543 135 113 82 376 219 70 61 125 84 48
internal_count=1941 937 561 342 207 135 61 1004 269 245 171 108 735 685 50 146 142 104 74 543 135 113 82 376 219 70 61 125 84 48
is_linear=0
shrinkage=0.03


Tree=112
num_leaves=31
num_cat=0
split_feature=11 19 27 9 27 11 38 36 2 57 57 8 28 28 39 16 53 1 23 34 25 28 9 28 2 11 38 39 53 45
split_gain=50.6497 7.67018 7.00711 7.07491 5.08894 2.7248 3.83219 2.45977 2.42424 2.62091 2.21434 4.42496 2.19591 2.33569 2.33195 1.87976 1.87595 1.80752 2.62145 1.71721 1.92 1.58416 1.52909 1.77792 1.52727 1.52381 1.44282 1.95258 1.88613 2.03386
threshold=0.032701564615071184 2.5000000000000004 299.50000000000006 149.50000000000003 255.50000000000003 -0.91037613702198739 672.58035713750007 82.36875000000002 6461.7142855000011 284.50000000000006 263.50000000000006 3.5000000000000004 1002.5500000000001 1004.7500000000001 609.21595982500014 24.950000000000003 270.00000000000006 7091.5357145000007 154.50000000000003 710.55000000000007 338.50000000000006 1006.85 147.50000000000003 1006.5500000000001 5377.3750000000009 -0.98611507088852035 540.30044642500013 457.93850449375003 64.000000000000014 77.500000000000014
decision_type=2 2 2 2 2 2 2 2 2 2 2 2 2 2 2 2 2 2 2 2 2 2 2 2 2 2 2 2 2 2
left_child=5 2 3 4 -2 6 -1 -3 9 -6 16 25 14 19 -7 -4 -8 18 26 -14 -21 24 23 -19 -20 -12 27 28 29 -15
right_child=1 7 15 -5 8 12 10 -9 -10 -11 11 -13 13 17 -16 -17 -18 22 21 20 -22 -23 -24 -25 -26 -27 -28 -29 -30 -31
leaf_value=6.3941779664745537 -0.20187241189447105 -0.042526074697981586 -0.038040545751989813 -0.037681657300996485 -0.0010342267712576596 -0.072393363986962375 4.2362869017859737 -0.037853482759994658 -0.11447892764559374 2.1868068771381024 -0.004141890706809391 1.6452309745820333 -0.2322094469735915 0.81257570922087718 3.8675988833170605 -0.037853482759994658 -0.36797385576421676 -0.39738987909762696 -0.70490090595997423 -0.31384539031590009 -0.011860357621721255 2.6964046579867658 -0.63738880115520713 0.41527443032989819 0.53005628594794096 -0.33998495018717356 -0.17651225088863098 0.023010685068327374 -0.16528560687582711 -0.02332530799204818
leaf_weight=24 74 58 22 58 60 28 39 474 22 50 28 99 42 30 22 119 23 35 22 25 75 37 75 55 20 56 37 25 102 105
leaf_count=24 74 58 22 58 60 28 39 474 22 50 28 99 42 30 22 119 23 35 22 25 75 37 75 55 20 56 37 25 102 105
internal_value=-0.00620556 -0.011222 -0.00811111 -0.00522727 -0.00262136 -0.0015239 0.00105948 -0.0135902 0.000909091 0.00272727 -6.12245e-05 -0.00172131 -0.00246939 -0.00291241 0.0036 -0.0135106 0.00483871 -0.00201657 -0.000873016 -0.00633803 -0.0042 0.00398734 -0.00463636 -0.002 0 -0.00678571 -0.00215719 -0.00137405 -0.00221519 0.000111111
internal_weight=1941 937 405 264 206 1004 269 532 132 110 245 183 735 685 50 141 62 543 378 142 100 79 165 90 42 84 299 262 237 135
internal_count=1941 937 405 264 206 1004 269 532 132 110 245 183 735 685 50 141 62 543 378 142 100 79 165 90 42 84 299 262 237 135
is_linear=0
shrinkage=0.03


Tree=113
num_leaves=31
num_cat=0
split_feature=1 9 27 57 18 10 10 28 27 16 43 43 16 3 39 41 46 28 28 10 18 56 38 15 28 43 32 31 23 6
split_gain=52.6044 9.30817 10.0803 5.12311 3.91483 2.94978 2.87238 2.06946 2.01664 1.6541 1.60391 1.94992 1.71467 1.58783 1.48413 1.8312 2.30382 1.59698 1.94095 1.90061 1.52974 1.98749 2.66689 2.4327 1.86873 1.875 1.58458 1.52273 1.99544 1.89593
threshold=1.0000000180025095e-35 149.50000000000003 296.50000000000006 286.50000000000006 4.5000000000000009 -0.13052619222005163 -0.93540483100319605 1005.2500000000001 248.50000000000003 24.850000000000005 -200.21071429999998 -268.56785714999995 24.250000000000004 6225693.0000000009 1174.6620536250002 367.07584504266839 23.150000000000002 1003.0500000000001 1004.1500000000002 -0.32143946530316159 45.500000000000007 17.650000000000002 610.55602678750017 59.500000000000007 1006.4500000000002 112.92946429999996 662.54285715000015 896.91428570000016 294.00000000000006 27.500000000000004
decision_type=2 2 2 2 2 2 2 2 2 2 2 2 2 2 2 2 2 2 2 2 2 2 2 2 2 2 2 2 2 2
left_child=1 2 3 4 7 -5 10 -1 -6 -4 11 -2 -12 -8 15 17 -17 19 -19 -15 21 27 -23 -24 26 -26 -22 28 29 -20
right_child=6 -3 9 5 8 -7 13 -9 -10 -11 12 -13 -14 14 -16 16 -18 18 20 -21 24 22 23 -25 25 -27 -28 -29 -30 -31
leaf_value=-0.049960749876890476 -0.064634642724640146 -0.036717878277194825 -0.096154165207536099 -0.036717878277194825 -0.38097018032987584 2.1543888011336843 -0.20570261979764645 -0.036717878277194825 -0.0010031999681199299 -0.036717878277194825 -0.14163319977787722 -0.14551456532220364 0.027472677664678796 3.6448601371148448 -0.80456915564427345 -0.046377170948947263 3.0536062825954366 -0.10544208038141885 -0.11658475898789163 -0.038329269301661736 -0.59518502286496244 4.472706033880633 1.4334456168070051 -0.28011124049019043 3.4622679290927114 0.39307399386902941 1.9063864367919665 -0.43579594364397506 3.0063105523013944 0.068152359732126702
leaf_weight=20 70 361 28 31 55 21 23 77 96 218 34 29 22 25 22 33 73 46 223 30 35 26 29 64 20 40 23 68 20 79
leaf_count=20 70 361 28 31 55 21 23 77 96 218 34 29 22 25 22 33 73 46 223 30 35 26 29 64 20 40 23 68 20 79
internal_value=-0.00598918 -0.0112624 -0.00879121 -0.0051 -0.00689516 0.00346154 -0.00136364 -0.0115979 -0.00387417 -0.0132927 -0.00512903 -0.00742424 -0.00107143 -0.000699659 -0.000490654 -0.00028777 0.00339623 -0.000824176 -0.00122585 0.00409091 -0.000789474 -0.00150295 0.00189076 -0.000483871 0.00228814 0.006 -0.00155172 -0.00253846 -0.00167702 -0.00228477
internal_weight=1941 907 546 300 248 52 1034 97 151 246 155 99 56 879 856 834 106 728 673 55 627 509 119 93 118 60 58 390 322 302
internal_count=1941 907 546 300 248 52 1034 97 151 246 155 99 56 879 856 834 106 728 673 55 627 509 119 93 118 60 58 390 322 302
is_linear=0
shrinkage=0.03


Tree=114
num_leaves=31
num_cat=0
split_feature=1 9 27 19 27 6 37 40 26 32 36 10 56 16 34 9 40 15 1 16 31 42 16 46 30 39 15 31 42 53
split_gain=54.2452 8.98159 9.62044 6.42241 5.25377 3.60431 3.04025 3.46037 2.45268 2.20572 2.17372 2.65273 2.5888 1.87298 1.90556 1.72906 3.27379 2.15209 2.10401 1.6948 2.28475 1.52381 1.51871 1.95132 1.49303 2.24388 2.54901 2.03814 1.8168 1.84725
threshold=1.0000000180025095e-35 149.50000000000003 299.50000000000006 2.5000000000000004 255.50000000000003 20.500000000000004 824.76250000000016 709.02487598958339 17.650000000000002 457.11875000000003 177.85000000000002 -0.13052619222005163 8.6500000000000004 23.750000000000004 391.88125000000008 141.50000000000003 99.856212797229176 71.500000000000014 11959.142860000002 23.750000000000004 674.48214285000006 -34.90357143 23.950000000000003 23.450000000000003 225.70625000000004 874.62645084375015 63.500000000000007 33.306250000000006 50.579464500000064 124.50000000000001
decision_type=2 2 2 2 2 2 2 2 2 2 2 2 2 2 2 2 2 2 2 2 2 2 2 2 2 2 2 2 2 2
left_child=1 2 3 4 -1 -5 15 9 -9 -8 -6 -12 -13 -11 -15 16 17 -2 24 -18 21 -21 23 -10 27 26 -26 -17 -28 -30
right_child=6 -3 -4 5 10 -7 7 8 22 13 11 12 -14 14 -16 18 19 -19 -20 20 -22 -23 -24 -25 25 -27 28 -29 29 -31
leaf_value=-0.19471470318932108 0.03466732946131517 -0.035616341928878976 -0.035616341928878976 -0.050426443767911645 3.2534050976155169 -0.035616341928878976 5.1197774550893111 -0.54410254241685962 1.2184890249171569 -0.04138469245294725 -0.11198376737885027 -0.00097310396907633199 2.0897571370996708 0.001489086596802025 2.6870439618496014 0.010705071527840495 -0.20087264283612255 -0.089663390095127929 2.3940630844265764 -0.13049730802400994 0.018971232313209723 -0.26432135138138618 0.99367939058167964 -0.38537652594408994 1.2298924656930454 -0.46458281036181687 0.012946205489656356 -0.0984374678332567 0.0067828551841398622 -0.62694333636051514
leaf_weight=75 20 361 219 49 20 77 20 44 24 41 32 45 29 45 60 50 49 38 21 21 31 21 23 23 63 91 120 138 35 56
leaf_count=75 20 361 219 49 20 77 20 44 24 41 32 45 29 45 60 50 49 38 21 21 31 21 23 23 63 91 120 138 35 56
internal_value=-0.00597372 -0.0113286 -0.0089011 -0.0056422 -0.00231343 -0.0109524 -0.0012766 0.00139286 -0.00263158 0.00415663 0.00142857 -0.000283019 0.00283784 0.00287671 0.005 -0.0022679 -0.00483333 0.00103448 -0.00146341 -0.00762295 -0.00472603 -0.00928571 0.000857143 -0.00223404 -0.00181736 -0.00069863 0.000656934 -0.00398936 -0.000924171 -0.00412088
internal_weight=1941 907 546 327 201 126 1034 280 114 166 126 106 74 146 105 754 180 58 574 122 73 42 70 47 553 365 274 188 211 91
internal_count=1941 907 546 327 201 126 1034 280 114 166 126 106 74 146 105 754 180 58 574 122 73 42 70 47 553 365 274 188 211 91
is_linear=0
shrinkage=0.03


Tree=115
num_leaves=31
num_cat=0
split_feature=1 12 57 19 57 6 11 38 48 57 42 16 46 57 8 41 26 16 12 41 46 11 10 37 39 3 3 3 5 26
split_gain=51.9895 9.30817 9.97501 6.4521 5.44311 3.67885 2.95423 3.68421 2.8652 3.76704 3.00412 2.16344 2.89 1.99853 3.77547 1.95853 1.85409 1.73551 1.71157 2.2018 1.92666 1.66987 1.51315 1.50177 2.3442 1.68892 1.28 1.25952 1.1536 1.14932
threshold=1.0000000180025095e-35 0.53946920585801694 296.50000000000006 2.5000000000000004 284.50000000000006 20.500000000000004 -0.91037613702198739 672.58035713750007 39.500000000000007 205.50000000000003 39.992857160000014 24.650000000000002 24.450000000000003 263.50000000000006 3.5000000000000004 366.47330372033241 11.050000000000002 24.850000000000005 0.62334665204000361 183.27565300365066 22.950000000000003 -0.95642797789208678 0.88144907265856365 687.82946430000015 549.7989955375001 6327947.7855000012 6422269.8570000008 6379010.3335000006 22.500000000000004 18.650000000000002
decision_type=2 2 2 2 2 2 2 2 2 2 2 2 2 2 2 2 2 2 2 2 2 2 2 2 2 2 2 2 2 2
left_child=1 -1 3 4 11 28 7 -2 18 -10 27 12 -3 15 21 -9 -12 -4 20 -20 -8 -15 -13 24 -21 -26 -18 -11 -5 -16
right_child=6 2 17 5 -6 -7 8 13 9 10 16 22 -14 14 29 -17 26 -19 19 23 -22 -23 -24 -25 25 -27 -28 -29 -30 -31
leaf_value=-0.034547851671012604 6.0862398299955611 -0.45122078725003179 -0.039000489826426482 -0.095597033444616675 2.1618519182750968 -0.034547851671012604 1.273441634638766 -0.059152071475165824 -0.23372536684498527 1.0065183971058158 -0.39307493582249375 -0.18887326209364144 0.0072791349090010598 -0.040143151679358835 0.66138986381218723 4.7160464239093924 0.80931900982937122 -0.034547851671012604 0.0076205716323965427 -0.32044196217211995 -0.069792734736100273 -0.75729207489573347 -0.030914000866884131 -0.26210738959763263 -0.19350536191863338 0.11787149913790017 -0.26072308162505409 0.82205726231250331 0.025449376464913472 3.0893896445049687
leaf_weight=361 24 20 27 24 42 70 30 34 27 24 26 72 25 55 79 28 25 218 44 47 372 29 25 39 23 27 25 56 23 20
leaf_count=361 24 20 27 24 42 70 30 34 27 24 26 72 25 55 79 28 25 218 44 47 372 29 25 39 23 27 25 56 23 20
internal_value=-0.00602009 -0.0112624 -0.00879121 -0.00513289 -0.00163043 -0.010641 -0.00142166 0.00128253 -0.00237255 0.000901639 0.00269231 -0.00443662 0.001 0.000183673 -0.00139344 0.00483871 -0.00157895 -0.0132857 -0.00340206 -0.00583333 -0.00231343 -0.00607143 -0.00695876 -0.00772059 -0.00572165 -0.0012 0.0018 0.00675 -0.00414894 0.00257576
internal_weight=1941 907 546 301 184 117 1034 269 765 183 156 142 45 245 183 62 76 245 582 180 402 84 97 136 97 50 50 80 47 99
internal_count=1941 907 546 301 184 117 1034 269 765 183 156 142 45 245 183 62 76 245 582 180 402 84 97 136 97 50 50 80 47 99
is_linear=0
shrinkage=0.03


Tree=116
num_leaves=31
num_cat=0
split_feature=11 9 27 19 27 6 11 31 56 28 28 47 6 28 6 3 41 27 28 18 45 6 6 31 19 8 49 19 23 29
split_gain=51.1188 9.05938 10.3539 6.72614 6.02219 2.92276 2.63234 2.5119 2.37182 2.07779 1.79911 1.70712 1.92308 1.66449 2.15773 2.12803 1.82144 1.65108 1.72212 2.4973 2.18475 3.02233 1.7519 1.60286 1.58169 1.56522 1.69692 3.06638 2.27005 1.87378
threshold=0.032701564615071184 149.50000000000003 296.50000000000006 2.5000000000000004 255.50000000000003 20.500000000000004 -0.93540483100319605 667.71160715000008 36.100000000000001 1004.2500000000001 1004.9500000000002 37.500000000000007 21.500000000000004 1005.6500000000002 26.500000000000004 6400716.0625000009 367.07584504266839 29.500000000000004 1006.5500000000001 45.500000000000007 63.500000000000007 27.500000000000004 24.500000000000004 503.98750000000007 8.5000000000000018 1.0000000180025095e-35 12.500000000000002 6.5000000000000009 172.50000000000003 1.0000000180025095e-35
decision_type=2 2 2 2 2 2 2 2 2 2 2 2 2 2 2 2 2 2 2 2 2 2 2 2 2 2 2 2 2 2
left_child=6 2 3 4 -2 -5 7 -1 17 -6 24 12 -11 15 16 -9 -15 -8 25 20 -20 23 -21 -22 -4 -19 27 28 -27 -28
right_child=1 -3 10 5 9 -7 8 13 -10 11 -12 -13 -14 14 -16 -17 -18 18 19 22 21 -23 -24 -25 -26 26 29 -29 -30 -31
leaf_value=5.7950476571294001 -0.18320706423083222 -0.033511416120882223 -0.017545491744363324 -0.046045739451535797 -0.38109130673557529 -0.033511416120882223 0.083462011213257484 -0.55701869097259615 1.0240148985199795 2.0969963607268425 -0.033511416120882223 0.17496268405034235 -0.063489666895041555 -0.053454333286406377 -0.077645555053468832 0.026541323712311587 2.8615450793477235 0.001058588775534645 0.88010059839020416 3.3787697336575921 -0.2643176689335871 0.096075485684472703 0.0065673031894596078 -0.23591740256785512 -0.019424939733916586 -0.037314606576062719 0.06135949710026381 -0.29227992741392111 -0.32167188770299543 -0.25736848518368494
leaf_weight=29 74 376 24 50 22 74 29 20 21 26 201 42 26 45 49 24 61 46 61 23 68 45 35 80 22 166 51 36 31 84
leaf_count=29 74 376 24 50 22 74 29 20 21 26 201 42 26 45 49 24 61 46 61 23 68 45 35 80 22 166 51 36 31 84
internal_value=-0.00595827 -0.0109979 -0.00858289 -0.00496815 -0.00142105 -0.0104032 -0.00125498 0.00157895 -0.00208763 0.00284483 -0.0131781 0.00478723 0.00115385 0.000376884 0.00183871 -0.00477273 0.00424528 -0.00236424 -0.00264463 -0.000961538 -0.00224409 -0.00380829 0.00465517 -0.00587838 -0.00782609 -0.00391304 -0.00456522 -0.00611588 -0.00464467 -0.00188889
internal_weight=1941 937 561 314 190 124 1004 228 776 116 247 94 52 199 155 44 106 755 726 312 254 193 58 148 46 414 368 233 197 135
internal_count=1941 937 561 314 190 124 1004 228 776 116 247 94 52 199 155 44 106 755 726 312 254 193 58 148 46 414 368 233 197 135
is_linear=0
shrinkage=0.03


Tree=117
num_leaves=31
num_cat=0
split_feature=11 9 27 19 27 6 26 58 16 15 6 23 23 53 30 11 44 36 37 5 52 58 5 4 18 5 42 47 38 43
split_gain=52.8124 8.27227 9.21195 6.24561 4.07067 3.15298 2.5126 2.77814 2.98164 2.9922 2.92454 2.69449 2.68515 2.63721 2.58169 2.36666 2.0232 1.94083 1.91535 1.73028 1.68619 1.68253 1.45732 1.32978 1.30322 1.81934 1.26866 1.24989 1.24941 1.82422
threshold=0.032701564615071184 149.50000000000003 299.50000000000006 2.5000000000000004 255.50000000000003 20.500000000000004 21.550000000000004 1006.5500000000001 24.250000000000004 59.500000000000007 18.500000000000004 173.50000000000003 196.50000000000003 171.50000000000003 503.98750000000007 -0.41248606129204524 29.450000000000003 448.15714285000007 607.38125000000014 22.500000000000004 34.000000000000007 1004.6500000000002 37.500000000000007 20.500000000000004 39.500000000000007 22.500000000000004 144.68660710000003 8.5000000000000018 1032.1955357375002 -291.90089284999993
decision_type=2 2 2 2 2 2 2 2 2 2 2 2 2 2 2 2 2 2 2 2 2 2 2 2 2 2 2 2 2 2
left_child=6 2 3 4 23 -5 7 10 9 13 15 22 14 -9 -11 20 17 -6 -8 -16 -1 -4 28 -2 25 -19 -10 -24 29 -12
right_child=1 -3 21 5 16 -7 18 8 26 12 11 -13 -14 -15 19 -17 -18 24 -20 -21 -22 -23 27 -25 -26 -27 -28 -29 -30 -31
leaf_value=1.626028003358529 -0.17771085230390724 -0.032506073637255758 -0.022221714863034443 -0.044664367267989724 2.3643298724274415 -0.032506073637255758 -0.1877319587243404 2.7213799038686224 -0.054336180001861294 1.8691775631354568 0.016805855024829411 -0.16552827764867634 4.4434643250731094 -0.085217236760487494 -0.74893930704423639 -0.051777454785495183 -0.088194190687578611 -0.171953653947684 1.3168037667133978 0.36940057886970179 0.01024632969195575 -0.032506073637255758 -0.33148938726790644 -0.22709707980847182 0.012083111072307036 0.44665054322549619 -0.60718058549529808 -0.024968563152424152 3.3765663049947321 -0.15998871207259127
leaf_weight=22 54 376 38 50 35 85 21 22 221 20 37 53 30 74 20 93 21 20 85 23 94 182 27 20 35 21 30 23 20 89
leaf_count=22 54 376 38 50 35 85 21 22 221 20 37 53 30 74 20 93 21 20 85 23 94 182 27 20 35 21 30 23 20 89
internal_value=-0.00603555 -0.011158 -0.00885027 -0.00576246 -0.00247573 -0.0107778 -0.00125498 -0.0017706 -6.81818e-05 0.00277778 -0.00340611 -0.00560241 0.0066129 -0.0009375 0.00309524 -0.000789474 0.000681818 0.0022973 0.00311321 -0.00104651 0.00206897 -0.0136364 -0.00397959 -0.00810811 -0.000394737 -0.00402439 -0.00221116 -0.0084 -0.00246575 -0.00357143
internal_weight=1941 937 561 341 206 135 1004 898 440 189 458 249 93 96 63 209 132 111 106 43 116 220 196 74 76 41 251 50 146 126
internal_count=1941 937 561 341 206 135 1004 898 440 189 458 249 93 96 63 209 132 111 106 43 116 220 196 74 76 41 251 50 146 126
is_linear=0
shrinkage=0.03


Tree=118
num_leaves=31
num_cat=0
split_feature=1 9 57 19 6 57 11 38 2 46 57 8 41 41 1 23 53 28 28 10 34 43 16 46 6 34 57 33 51 37
split_gain=52.3395 9.14415 9.74171 6.563 3.85529 3.80007 2.95423 3.68421 2.08333 2.69141 1.99853 3.77547 1.95853 1.93814 2.59107 2.28792 2.91124 2.4236 2.25149 2.22697 2.10857 1.77316 1.73278 1.69808 1.60893 1.73699 1.53088 1.29976 1.3805 2.27341
threshold=1.0000000180025095e-35 149.50000000000003 299.50000000000006 2.5000000000000004 20.500000000000004 255.50000000000003 -0.91037613702198739 672.58035713750007 6163.5000000000009 24.450000000000003 263.50000000000006 3.5000000000000004 366.47330372033241 298.91126748988069 7399.8392855000011 154.50000000000003 141.50000000000003 1006.85 1004.5500000000001 -0.63405362205439475 907.54285715000015 82.108035715000014 25.550000000000004 23.650000000000002 26.500000000000004 1184.6642860000004 277.50000000000006 356.12678570000008 368.50000000000006 442.08571425000008
decision_type=2 2 2 2 2 2 2 2 2 2 2 2 2 2 2 2 2 2 2 2 2 2 2 2 2 2 2 2 2 2
left_child=1 2 3 5 -5 -1 7 -2 9 -7 12 21 -9 14 15 16 20 19 -15 23 -8 -12 -11 -17 25 26 -16 -20 -29 -30
right_child=6 -3 -4 4 -6 8 13 10 -10 22 11 -13 -14 18 24 17 -18 -19 27 -21 -22 -23 -24 -25 -26 -27 -28 28 29 -31
leaf_value=-0.17237952673479001 5.7376403323272269 -0.031530891428138086 -0.031530891428138086 -0.043324436249950027 -0.031530891428138086 -0.46754319278156797 -0.021638475649067814 -0.093740981149478556 -0.038311546722638368 1.9570673680976267 -0.32381586573549753 1.4696021084797688 4.3851364162738475 -0.1820999999626102 -0.37047450983745017 1.5663976242691944 -0.25799886787657655 3.2213313147537996 0.0077948072874474876 -0.50549931353480526 0.12025445372322337 -0.020829125876782664 -0.011283568266115136 -0.17710838479063656 -0.29824534074679859 1.1290122144665229 -0.19481243820290045 -0.11925445229984837 0.013497825622268296 -0.25383964090418271
leaf_weight=71 24 361 218 47 79 20 270 34 21 58 44 99 28 41 35 21 41 35 34 30 37 40 32 20 31 24 55 38 20 33
leaf_count=71 24 361 218 47 79 20 270 34 21 58 44 99 28 41 35 21 41 35 34 30 37 40 32 20 31 24 55 38 20 33
internal_value=-0.00603555 -0.0112955 -0.00884615 -0.00557927 -0.0109524 -0.00222772 -0.00142166 0.00128253 0.000801527 0.00245455 0.000183673 -0.00139344 0.00483871 -0.00237255 -0.00157763 -0.000462555 -0.00163793 0.00339623 -0.00524096 0.000211268 -0.000635179 -0.00607143 0.00466667 0.0047561 -0.00506897 -0.00342105 -0.00533333 -0.00324 -0.00510989 -0.00198113
internal_weight=1941 907 546 328 126 202 1034 269 131 110 245 183 62 765 599 454 348 106 166 71 307 84 90 41 145 114 90 125 91 53
internal_count=1941 907 546 328 126 202 1034 269 131 110 245 183 62 765 599 454 348 106 166 71 307 84 90 41 145 114 90 125 91 53
is_linear=0
shrinkage=0.03


Tree=119
num_leaves=31
num_cat=0
split_feature=1 12 8 57 47 57 15 11 38 16 42 18 57 43 56 57 8 41 11 5 47 57 3 43 42 40 30 31 24 51
split_gain=53.8389 8.19066 8.56256 5.78923 5.42621 3.53623 3.60492 3.3363 3.61132 2.26474 2.10348 2.08333 3.06923 1.94131 1.9409 1.89477 3.47004 1.95853 1.88091 1.84186 1.82708 1.66485 1.44471 1.30132 1.80634 1.4988 1.62402 1.97425 1.58769 1.47642
threshold=1.0000000180025095e-35 0.53946920585801694 3.5000000000000004 310.50000000000006 7.5000000000000009 248.50000000000003 81.500000000000014 -0.91037613702198739 672.58035713750007 25.550000000000004 144.68660710000003 39.500000000000007 212.00000000000003 -497.36785694999998 7.9500000000000011 263.50000000000006 3.5000000000000004 366.47330372033241 -0.95642797789208678 22.500000000000004 2.5000000000000004 259.50000000000006 6619372.7500000009 -328.25803569999999 -59.206250000000004 1.6286086310208241 136.00714285000001 794.49553570000012 746.20000000000016 760.50000000000011
decision_type=2 2 2 2 2 2 2 2 2 2 2 2 2 2 2 2 2 2 2 2 2 2 2 2 2 2 2 2 2 2
left_child=1 -1 3 4 20 -6 22 8 -2 -8 11 13 -13 -9 -14 17 18 -10 -17 -12 -3 -4 -7 24 -15 -25 -27 -28 29 -29
right_child=7 2 21 -5 5 6 9 10 15 -11 19 12 14 23 -16 16 -18 -19 -20 -21 -22 -23 -24 25 -26 26 27 28 -30 -31
leaf_value=-0.030584964685293942 5.5655111223574121 -0.16654324308390137 -0.17355603036661468 -0.030584964685293942 -0.42399407332952183 -0.11149961484020308 4.61624675147032 -0.23151179589217691 -0.090928751714993719 0.23873310575985668 -0.59725404378359315 -0.16473879147342177 -0.15202346331771421 0.15665195245540164 0.82583864167248977 -0.025289098105586265 1.4255140452253761 4.2535823237856345 -0.71024283171624647 -0.027060294493349017 -0.030451975192844205 -0.030584964685293942 0.65562568331355264 0.010366611479712694 -0.053831764753627026 -0.07946444520390171 -0.018450240068926316 -0.24622445167705725 2.8935050543186773 -1.2143476414428238
leaf_weight=361 24 28 25 81 28 68 25 31 34 26 42 36 23 32 100 55 99 28 29 32 51 188 26 29 25 90 228 57 20 20
leaf_count=361 24 28 25 81 28 68 25 31 34 26 42 36 23 32 100 55 99 28 29 32 51 188 26 29 25 90 228 57 20 20
internal_value=-0.0061592 -0.0114939 -0.00917582 -0.00617117 -0.00392857 -0.000953757 0.000931034 -0.00147969 0.00139405 0.00735294 -0.0024902 -0.0019754 0.00103774 -0.00287594 0.00329268 0.000306122 -0.00122951 0.00483871 -0.00571429 -0.0072973 -0.010443 -0.0138732 -0.00255319 -0.00242515 0.00184211 -0.00297297 -0.00343373 -0.00244615 -0.00603093 -0.00798701
internal_weight=1941 907 546 333 252 173 145 1034 269 51 765 691 159 532 123 245 183 62 84 74 79 213 94 501 57 444 415 325 97 77
internal_count=1941 907 546 333 252 173 145 1034 269 51 765 691 159 532 123 245 183 62 84 74 79 213 94 501 57 444 415 325 97 77
is_linear=0
shrinkage=0.03


Tree=120
num_leaves=31
num_cat=0
split_feature=1 9 27 19 37 27 9 11 38 57 57 17 53 2 48 27 26 57 17 30 32 53 9 31 37 32 37 3 14 57
split_gain=53.5274 8.19066 8.56481 5.36075 4.3174 4.89907 3.60431 3.14746 3.68421 1.99853 1.92247 4.42951 1.87595 1.78319 1.76825 3.68886 2.91965 3.10685 1.88743 1.87234 1.67538 1.78478 1.61107 2.69754 3.77486 1.66667 1.62279 1.55547 1.5262 1.69705
threshold=1.0000000180025095e-35 149.50000000000003 299.50000000000006 2.5000000000000004 2.5928571430000003 255.50000000000003 141.50000000000003 -0.91037613702198739 672.58035713750007 263.50000000000006 294.50000000000006 17.500000000000004 270.00000000000006 4616.4464285000004 39.500000000000007 205.50000000000003 15.450000000000001 287.50000000000006 45.500000000000007 20.210714285000005 1133.0267855000004 235.50000000000003 143.50000000000003 152.01875000000004 313.22053570000008 174.48571430000004 687.82946430000015 6412542.2145000007 31.650000000000002 290.50000000000006
decision_type=2 2 2 2 2 2 2 2 2 2 2 2 2 2 2 2 2 2 2 2 2 2 2 2 2 2 2 2 2 2
left_child=1 2 3 4 5 -1 -5 8 -2 12 13 -12 -10 20 19 -16 17 18 -17 -9 21 -11 26 25 27 -24 -21 -25 -26 -30
right_child=7 -3 -4 6 -6 -7 -8 14 9 10 11 -13 -14 -15 15 16 -18 -19 -20 22 -22 -23 23 24 28 -27 -28 -29 29 -31
leaf_value=-0.16154694579138432 5.398545788686687 -0.029667415744735123 -0.029667415744735123 -0.038679714717245434 -0.16844611611133364 0.29840323012576103 -0.029667415744735123 0.016293355482073148 4.0786040150024521 -0.088571943795814373 2.9414789597349693 -1.0215937644233515 -0.52567266836712856 -0.63243406224741427 -0.28927036515975268 -0.021186418632262342 1.2590416948339185 -1.0844989699140208 1.0627022369122767 -0.11068401210552868 1.713364560792902 1.9808395358954713 -0.07102483338034879 0.00028330139353457181 -0.32115459924265793 -0.10452742937645283 -0.20341841772717656 0.096025967985533492 -0.071106496515429857 1.8095499708844822
leaf_weight=67 24 361 219 49 24 110 77 30 39 62 22 24 23 32 26 27 50 33 47 127 23 20 60 44 88 20 45 43 79 46
leaf_count=67 24 361 219 49 24 110 77 30 39 62 22 24 23 32 26 27 50 33 47 127 23 20 60 44 88 20 45 43 79 46
internal_value=-0.00617465 -0.0114939 -0.00917582 -0.00610092 -0.0030597 -0.00144068 -0.0109524 -0.0015087 0.00128253 0.000183673 -0.00139344 0.00391304 0.00483871 -0.00317518 -0.0024902 8.19672e-05 0.00181529 -0.000981308 0.00243243 -0.00329897 -0.00128571 -0.00329268 -0.00369565 -0.00260526 -0.0013 -0.0075 -0.00610465 0.00396552 -0.0034507 -0.00132
internal_weight=1941 907 546 327 201 177 126 1034 269 245 183 46 62 137 765 183 157 107 74 582 105 82 552 380 300 80 172 87 213 125
internal_count=1941 907 546 327 201 177 126 1034 269 245 183 46 62 137 765 183 157 107 74 582 105 82 552 380 300 80 172 87 213 125
is_linear=0
shrinkage=0.03


Tree=121
num_leaves=31
num_cat=0
split_feature=1 9 27 8 47 27 28 56 57 59 39 57 18 8 47 43 39 42 28 19 43 40 57 27 10 46 5 27 18 40
split_gain=53.8389 8.19066 8.56481 5.67433 4.92746 3.36027 3.14732 4.4781 3.48752 3.04197 2.34389 2.06218 2.60839 2.72269 2.84031 2.27108 2.27475 2.06707 2.0525 1.98054 1.93393 1.92324 1.91265 1.82074 1.77652 1.71905 1.59409 1.79197 1.56956 1.5254
threshold=1.0000000180025095e-35 149.50000000000003 299.50000000000006 3.5000000000000004 7.5000000000000009 286.50000000000006 1005.4500000000002 18.550000000000004 294.50000000000006 12.550000000000002 1114.9291295000003 278.50000000000006 48.500000000000007 4.5000000000000009 24.500000000000004 53.158928549999985 655.28392857500023 -26.255357154999988 1007.2500000000001 1.0000000180025095e-35 139.09107145000004 664.37444196875015 287.50000000000006 248.50000000000003 0.88144907265856365 24.450000000000003 1.0000000180025095e-35 38.500000000000007 12.500000000000002 157.77898065347918
decision_type=2 2 2 2 2 2 2 2 2 2 2 2 2 2 2 2 2 2 2 2 2 2 2 2 2 2 2 2 2 2
left_child=1 2 3 4 19 23 9 10 -9 26 11 15 13 -13 21 16 17 -8 28 -1 -20 -15 -14 -6 -5 -25 -2 -28 -17 -27
right_child=6 -3 -4 24 5 -7 7 8 -10 -11 -12 12 22 14 -16 18 -18 -19 20 -21 -22 -23 -24 25 -26 29 27 -29 -30 -31
leaf_value=-0.07015452031358399 -0.0099244787154044098 -0.028777393272393072 -0.028777393272393072 -0.028777393272393072 -0.25835920146034097 1.6731283105284882 -0.021066934502049498 0.18044128899437395 3.9146918619008466 0.91338762149730324 -0.88880845527564656 -0.23939871664144105 3.2113562162177685 1.5156292475121995 -0.34913882645102373 0.018665161540123414 1.9293390213407451 0.027851961240231801 -0.24323406973286676 -0.028648393464716825 0.66570874611023723 -0.53138681053858994 -0.076833207465072384 -0.35783920964995958 -0.039810824105087822 0.65314016524964091 0.48565635055006168 -0.14338088314413538 -0.13378026541686325 -0.01708039158105663
leaf_weight=31 81 361 219 67 29 40 22 39 36 20 28 103 21 70 71 28 51 38 20 43 64 22 32 40 21 36 25 213 50 20
leaf_count=31 81 361 219 67 29 40 22 39 36 20 28 103 21 70 71 28 51 38 20 43 64 22 32 40 21 36 25 213 50 20
internal_value=-0.0061592 -0.0114939 -0.00917582 -0.00610092 -0.00370293 -0.000818182 -0.00147969 -0.000323741 0.0066 -0.00384956 -0.00116129 -0.000760135 -0.00239812 -0.00360902 -0.00119632 0.00115385 0.00445946 0.0005 -0.00111111 -0.0101351 0.00214286 0.00228261 0.00367925 -0.00324 -0.0126136 -0.00125 -0.00456113 -0.00579832 -0.00461538 0.00214286
internal_weight=1941 907 546 327 239 165 1034 695 75 339 620 592 319 266 163 273 111 60 162 74 84 92 53 125 88 96 319 238 78 56
internal_count=1941 907 546 327 239 165 1034 695 75 339 620 592 319 266 163 273 111 60 162 74 84 92 53 125 88 96 319 238 78 56
is_linear=0
shrinkage=0.03


Tree=122
num_leaves=31
num_cat=0
split_feature=11 12 8 27 6 35 27 16 11 38 15 28 56 11 56 23 15 43 16 57 46 16 58 42 31 54 8 36 31 19
split_gain=52.5851 7.66833 8.40693 4.14055 3.72111 4.694 3.80334 2.48377 2.42525 3.24808 2.16803 2.11732 2.04708 1.87654 1.78703 1.77624 1.68207 1.77679 1.76024 1.55161 1.50809 2.76561 3.15973 2.82159 2.4464 2.02412 3.32234 3.04037 1.88989 1.49588
threshold=0.032701564615071184 0.53946920585801694 3.5000000000000004 310.50000000000006 19.500000000000004 12.693750000000003 255.50000000000003 24.450000000000003 -0.93540483100319605 712.7993303625002 80.500000000000014 1005.4500000000002 18.650000000000002 0.55557023301960229 36.100000000000001 173.50000000000003 59.500000000000007 156.30000000000004 24.650000000000002 259.50000000000006 23.850000000000005 24.250000000000004 1006.35 -36.322321449999997 747.78750000000002 380.30000000000001 4.5000000000000009 2.7142857145000003 156.64553570000001 37.500000000000007
decision_type=2 2 2 2 2 2 2 2 2 2 2 2 2 2 2 2 2 2 2 2 2 2 2 2 2 2 2 2 2 2
left_child=8 -2 3 4 10 6 -6 -8 9 -1 -3 -11 15 -5 20 -13 -17 18 -18 -4 25 22 23 -22 -24 28 27 -27 -10 -30
right_child=1 2 19 13 5 -7 7 -9 14 11 -12 12 -14 -15 -16 16 17 -19 -20 -21 21 -23 24 -25 -26 26 -28 -29 29 -31
leaf_value=5.5449280016612637 -0.027914071474221279 -0.21710059774844864 -0.16243264417410444 -0.010126524384425359 -0.1782143730816983 -0.027788941660775321 -0.44838882916719058 2.4111915449029095 -0.065260321261292178 -0.21606502821243193 2.2274305439101783 2.0709930223842803 3.1219337411048809 -0.027914071474221279 0.9746605098425718 -0.053854918426125595 4.4779850038423499 -1.5888677588053166 0.0070847454216033156 -0.027914071474221279 0.030097631765614846 -0.067586556299078615 3.341033914237832 -0.22325421534330842 0.17502805032454147 -0.16380906862967229 -0.046702211688965461 1.0489201959716978 1.2962308740476531 -0.49785197006897192
leaf_weight=22 376 36 25 24 22 123 20 34 20 33 25 22 20 57 21 61 21 27 22 195 22 384 32 29 25 103 71 22 24 23
leaf_count=22 376 36 25 24 22 123 20 34 20 33 25 22 20 57 21 61 21 27 22 195 22 384 32 29 25 103 71 22 24 23
internal_value=-0.00617465 -0.011286 -0.00906417 -0.00611437 -0.00426923 -0.00625628 -0.000394737 0.00388889 -0.00140438 0.00131579 0.00221311 0.000145631 0.00147399 -0.012037 -0.00220361 0.000294118 -0.00103053 0.00214286 0.00593023 -0.0136364 -0.00244371 -0.00146341 0.00277778 -0.00264706 0.00763158 -0.00427757 -0.00581633 -0.00876 0.000223881 0.00351064
internal_weight=1941 937 561 341 260 199 76 54 1004 228 61 206 173 81 776 153 131 70 43 220 755 492 108 51 57 263 196 125 67 47
internal_count=1941 937 561 341 260 199 76 54 1004 228 61 206 173 81 776 153 131 70 43 220 755 492 108 51 57 263 196 125 67 47
is_linear=0
shrinkage=0.03


Tree=123
num_leaves=31
num_cat=0
split_feature=11 9 8 27 47 27 15 16 11 46 26 37 14 10 56 46 44 26 56 20 16 27 10 28 30 24 58 37 37 10
split_gain=53.5665 7.52092 7.72331 3.89819 4.00862 3.5614 3.55793 2.69686 2.09606 2.84323 2.55058 2.475 2.08538 1.87654 1.73934 1.67353 2.32419 2.77397 2.55456 2.24527 2.23214 1.93814 1.84551 2.4047 2.20049 2.81654 1.83341 1.7409 1.72471 1.49787
threshold=0.032701564615071184 149.50000000000003 3.5000000000000004 310.50000000000006 7.5000000000000009 256.50000000000006 81.500000000000014 25.550000000000004 -0.93540483100319605 23.250000000000004 22.150000000000002 715.48750000000007 29.050000000000004 0.84874750804349197 36.100000000000001 23.750000000000004 27.550000000000004 11.050000000000002 21.250000000000004 1.5000000000000002 23.350000000000005 287.50000000000006 -0.5 1008.9500000000002 815.06428575000007 655.55000000000007 1005.5500000000001 293.57410715000009 430.72857140000002 0.88144907265856365
decision_type=2 2 2 2 2 2 2 2 2 2 2 2 2 2 2 2 2 2 2 2 2 2 2 2 2 2 2 2 2 2
left_child=8 2 3 4 12 -6 -7 -8 9 11 -11 -1 -2 -5 15 19 -17 21 22 20 28 -18 24 27 25 -19 -21 -24 -10 -4
right_child=1 -3 29 13 5 6 7 -9 14 10 -12 -13 -14 -15 -16 16 17 18 -20 26 -22 -23 23 -25 -26 -27 -28 -29 -30 -31
leaf_value=0.038704155670892887 -0.026955273410952062 -0.02707664932999464 -0.02707664932999464 -0.02707664932999464 -0.067876434071640776 -0.090785785395184351 4.3517904863892793 0.11538924219953059 0.16942198186124921 0.26586312509512822 5.7379167097721426 -0.079401938763358243 -0.0029116821880569659 -0.0098227286528925987 0.94542069454729438 -0.076083333820799195 -0.010317366128311391 -0.010746293083021094 -0.5367503742718821 -0.076963398365099994 -0.18753871912954745 -0.23135355685006628 0.013130576575601082 -0.15622283571632686 -0.84668083423244767 0.21279873631643156 0.91374615323241182 2.7174746970999046 -0.34691018488016995 -0.13046750756656655
leaf_weight=35 63 376 188 57 46 80 25 26 27 134 20 39 20 24 21 49 90 111 26 66 70 89 39 28 24 25 26 56 29 32
leaf_count=35 63 376 188 57 46 80 25 26 27 134 20 39 20 24 21 49 90 111 26 66 70 89 39 28 24 25 26 56 29 32
internal_value=-0.0061592 -0.011318 -0.00911765 -0.00629032 -0.0045 -0.00194915 0.000572519 0.00676471 -0.00134462 0.00118421 0.00350649 -0.00364865 -0.00993976 -0.012037 -0.00208763 -0.0023245 -0.00142458 -0.00079918 0.00092233 -0.00454128 -0.00714286 -0.00377095 0.00174912 0.0045122 -0.000375 0.00110294 -0.000978261 0.00678947 -0.00267857 -0.0135
internal_weight=1941 937 561 341 260 177 131 51 1004 228 154 74 83 81 776 755 537 488 309 218 126 179 283 123 160 136 92 95 56 220
internal_count=1941 937 561 341 260 177 131 51 1004 228 154 74 83 81 776 755 537 488 309 218 126 179 283 123 160 136 92 95 56 220
is_linear=0
shrinkage=0.03


Tree=124
num_leaves=31
num_cat=0
split_feature=60 9 8 27 27 19 10 31 17 18 57 37 38 10 51 41 21 42 5 41 27 16 26 14 10 41 48 3 16 3
split_gain=50.3039 8.18531 7.94518 4.25529 4.04737 3.76661 3.31782 3.95805 2.48876 2.22308 2.17043 1.89006 3.12643 1.87654 1.73976 3.22449 1.92799 2.10411 1.5893 1.54316 1.43853 1.33688 1.86088 1.49517 1.24029 1.22258 1.19952 2.60072 1.87795 1.51546
threshold=1.0000000180025095e-35 149.50000000000003 3.5000000000000004 310.50000000000006 269.50000000000006 1.0000000180025095e-35 -0.97335555334614932 239.25000000000003 50.500000000000007 4.5000000000000009 259.50000000000006 952.86875000000009 624.00915178750017 0.84874750804349197 835.50000000000011 365.34976399814411 774.00000000000011 144.68660710000003 22.500000000000004 241.57196499926866 255.50000000000003 23.750000000000004 19.150000000000002 32.850000000000001 -0.41248606129204546 326.98786331583108 39.500000000000007 6336208.6875000009 24.150000000000002 6259065.5000000009
decision_type=2 2 2 2 2 2 2 2 2 2 2 2 2 2 2 2 2 2 2 2 2 2 2 2 2 2 2 2 2 2
left_child=1 2 3 4 9 8 7 25 -6 -1 -4 14 -13 -5 16 -16 17 26 -19 -7 -11 22 -14 -23 -22 -2 29 -28 -29 -8
right_child=6 -3 10 13 5 19 11 -9 -10 20 -12 12 21 -15 15 -17 -18 18 -20 -21 24 23 -24 -25 -26 -27 27 28 -30 -31
leaf_value=-0.02553981160908831 -0.066407558252024657 -0.026264349850094803 -0.15674736536898148 -0.026264349850094803 2.1571459503268886 -0.052066185744844229 -0.3561337882102722 0.01442005082657899 -0.55607019279685654 -0.35858719366669034 -0.026264349850094803 4.7283242189475114 -0.20720101920315823 -0.0095280467933058204 -0.61614436043317578 1.405665461366816 1.3046791671094677 -0.62602009049905749 -0.19103444680941151 -0.11647382472128195 -0.025282556086148808 0.7382157302307274 1.0136056249630325 -2.2599689097486668 1.0886007851637896 -0.068478942847193872 0.64190300215903962 0.81393690152967901 -0.12060339255627696 -0.016849243644265925
leaf_weight=40 29 352 25 57 37 25 25 38 20 41 180 22 29 24 66 24 42 43 33 24 22 78 24 25 27 79 36 31 80 363
leaf_count=40 29 352 25 57 37 25 25 38 20 41 180 22 29 24 66 24 42 43 33 24 22 78 24 25 27 79 36 31 80 363
internal_value=-0.00612828 -0.0114645 -0.00908046 -0.0061041 -0.0040678 0.000283019 -0.00175726 -0.0059589 0.00552632 -0.00761538 -0.0136829 -0.00109121 0.00168539 -0.012037 -0.00175639 -0.00566667 -0.00121746 -0.00164484 -0.00631579 -0.00581633 -0.005 0.000192308 -0.00367925 0.00218447 -0.00153061 -0.00888889 -0.000981308 0.00132653 -0.000945946 -0.00185567
internal_weight=1941 874 522 317 236 106 1067 146 57 130 205 921 178 81 743 90 653 611 76 49 90 156 53 103 49 108 535 147 111 388
internal_count=1941 874 522 317 236 106 1067 146 57 130 205 921 178 81 743 90 653 611 76 49 90 156 53 103 49 108 535 147 111 388
is_linear=0
shrinkage=0.03


Tree=125
num_leaves=31
num_cat=0
split_feature=11 9 27 19 6 27 14 44 17 46 26 46 27 27 34 27 56 44 31 47 22 23 31 9 17 1 3 27 47 19
split_gain=53.8649 7.66833 6.96984 4.80597 3.81769 3.63666 2.43419 2.40995 2.27112 1.83691 3.0094 2.42782 4.00302 3.40115 2.16106 1.99842 2.40333 3.15608 1.93573 1.76973 1.93623 1.76276 1.68361 1.74789 2.18788 1.71613 1.57185 1.45833 1.45716 1.4336
threshold=0.032701564615071184 149.50000000000003 299.50000000000006 2.5000000000000004 20.500000000000004 284.50000000000006 27.950000000000003 28.350000000000005 39.500000000000007 23.750000000000004 11.050000000000002 23.550000000000004 294.50000000000006 271.50000000000006 934.03482145000009 306.50000000000006 13.050000000000002 27.550000000000004 239.25000000000003 3.5000000000000004 540.00000000000011 5.5000000000000009 578.6142857000001 147.50000000000003 1.5000000000000002 3425.1428570000003 6422269.8570000008 256.50000000000006 70.500000000000014 3.5000000000000004
decision_type=2 2 2 2 2 2 2 2 2 2 2 2 2 2 2 2 2 2 2 2 2 2 2 2 2 2 2 2 2 2
left_child=9 2 3 5 -5 6 -2 -8 -7 11 21 12 13 14 -1 16 26 -18 -19 -14 -21 -11 25 24 -24 29 -12 -9 -4 -20
right_child=1 -3 28 4 -6 8 7 27 -10 10 15 -13 19 -15 -16 -17 17 18 22 20 -22 -23 23 -25 -26 -27 -28 -29 -30 -31
leaf_value=0.057388156377847374 0.66027240245283325 -0.025476419354591957 -0.025476419354591957 -0.023793892347461727 -0.025476419354591957 -0.15681240062158622 -0.15223847771934684 -0.065820275306648371 2.6719508600846678 0.033554293951151705 2.1107808105883814 -0.16578189709056901 2.6030498387628267 -0.13778304886629636 -0.18366022675593485 0.61790055059643234 -0.23907182823099149 -0.13571440804818988 0.016829403702924906 3.7028848776800851 -0.014033033547232423 -0.22168137664007531 -2.2348066907718254 -0.25462993870141576 0.503759157705023 0.98063344975535982 -0.063021212470366947 0.023267398646270875 -0.0076888722647960378 -0.13517906560515375
leaf_weight=79 26 376 196 50 85 38 37 60 21 27 41 84 20 77 31 53 27 40 25 22 29 188 30 74 80 28 23 24 24 26
leaf_count=79 26 376 196 50 85 38 37 60 21 27 41 84 20 77 31 53 27 40 25 22 29 188 30 74 80 28 23 24 24 26
internal_value=-0.00611283 -0.011286 -0.00906417 -0.0063783 -0.0107778 -0.00349515 -0.00602041 -0.00780992 0.00279661 -0.00128486 -0.000362538 -0.00307018 -0.00162791 -0.00393048 -0.000545455 0.00104027 0.000304569 -0.000727273 0.000148515 0.00443662 0.00147059 -0.00327907 0.00108365 -0.00048913 0.00190909 0.00474684 0.005625 -0.005 -0.0132273 0.00147059
internal_weight=1941 937 561 341 135 206 147 121 59 1004 662 342 258 187 110 447 394 330 303 71 51 215 263 184 110 79 64 84 220 51
internal_count=1941 937 561 341 135 206 147 121 59 1004 662 342 258 187 110 447 394 330 303 71 51 215 263 184 110 79 64 84 220 51
is_linear=0
shrinkage=0.03


Tree=126
num_leaves=31
num_cat=0
split_feature=30 9 27 47 27 58 56 57 19 20 39 18 16 37 54 38 17 58 35 23 34 43 16 23 45 46 31 14 41 17
split_gain=45.7032 8.07325 9.78388 4.93195 3.12096 3.00718 4.10215 3.36527 2.71826 2.65717 2.26491 2.26044 2.04512 1.89036 1.79895 1.71931 2.23277 2.24507 2.05908 1.90808 1.77121 2.41797 1.63436 1.62703 3.03209 1.72687 1.53061 1.48128 3.6492 3.53156
threshold=20.210714285000005 149.50000000000003 296.50000000000006 7.5000000000000009 286.50000000000006 1005.4500000000002 18.550000000000004 294.50000000000006 1.0000000180025095e-35 99.500000000000014 365.92232143125005 56.500000000000007 23.950000000000003 37.564285710000007 147.05000000000004 1143.246875 4.5000000000000009 1007.6500000000002 742.5562500000002 242.00000000000003 669.85178570000005 -55.178571419999997 24.250000000000004 123.50000000000001 82.500000000000014 25.050000000000004 991.58571430000018 28.550000000000004 255.44107604957972 19.500000000000004
decision_type=2 2 2 2 2 2 2 2 2 2 2 2 2 2 2 2 2 2 2 2 2 2 2 2 2 2 2 2 2 2
left_child=1 2 3 8 13 9 15 -8 -1 12 -11 -4 -2 27 -14 16 17 18 26 20 21 -18 -21 24 25 -23 -7 29 -29 -5
right_child=5 -3 11 4 -6 6 7 -9 -10 10 -12 -13 14 -15 -16 -17 19 -19 -20 22 -22 23 -24 -25 -26 -27 -28 28 -30 -31
leaf_value=-0.034235200906025692 -0.14669498837798853 -0.024712126773954197 -0.024712126773954197 0.89158223001499814 1.2819223536863205 -0.28493714992825997 -0.017346853494001453 3.5262867065562489 -0.024712126773954197 -0.13038953016148633 0.96250120245078052 -0.014710653338312684 -0.42176310544106804 -0.055222844647860203 -0.0079117635207585114 -0.6453663102375331 0.21611535106898322 3.0277243729173007 0.025315703455142599 3.2420716305475841 -0.2592842695313432 2.0474573862707302 -0.21761767083405287 -0.21461634740913649 -0.062727165244527969 -0.0043569670356237112 0.93855876904347779 0.53298394809005534 -0.020154358761046803 -0.31136981550691206
leaf_weight=32 118 378 234 28 35 28 39 40 62 20 51 21 25 34 107 34 37 38 30 22 48 31 36 187 44 37 21 26 23 75
leaf_count=32 118 378 234 28 35 28 39 40 62 20 51 21 25 34 107 34 37 38 30 22 48 31 36 187 44 37 21 26 23 75
internal_value=-0.00617465 -0.0108861 -0.00863158 -0.00509524 -0.00264706 -0.00167674 -0.000535714 0.00588608 -0.0108511 -0.00406542 0.00105634 -0.013 -0.00552 -0.00419355 -0.00295455 -0.00139123 -0.000992844 0.00269231 -0.000189873 -0.00196833 -0.00273437 -0.00196429 0.00310345 -0.00285953 0 0.00397059 -0.00397959 -0.00276316 0.00153061 -0.00480583
internal_weight=1941 948 570 315 221 993 672 79 94 321 71 255 250 186 132 593 559 117 79 442 384 336 58 299 112 68 49 152 49 103
internal_count=1941 948 570 315 221 993 672 79 94 321 71 255 250 186 132 593 559 117 79 442 384 336 58 299 112 68 49 152 49 103
is_linear=0
shrinkage=0.03


Tree=127
num_leaves=31
num_cat=0
split_feature=11 9 8 19 46 26 40 58 56 57 20 8 57 46 36 16 24 17 8 3 58 40 20 57 24 54 26 9 23 31
split_gain=51.3979 8.06127 9.5326 4.30813 4.35495 2.97301 2.50054 2.47265 4.38545 3.11795 2.59715 2.27066 2.54066 2.18078 3.97232 3.17086 2.97875 2.50068 2.12904 1.74654 1.71429 1.68243 1.61184 1.40943 1.39976 1.96721 1.89896 1.7519 1.41849 1.91763
threshold=0.097964660725097227 149.50000000000003 3.5000000000000004 1.0000000180025095e-35 24.750000000000004 12.050000000000002 203.86971726049998 1005.4500000000002 18.550000000000004 294.50000000000006 99.500000000000014 1.0000000180025095e-35 278.50000000000006 23.750000000000004 639.65625000000011 24.250000000000004 756.85000000000014 1.0000000180025095e-35 2.5000000000000004 6406586.5535000013 1006.35 928.42316468541674 14.500000000000002 259.50000000000006 170.55000000000004 363.25000000000006 8.5500000000000025 151.50000000000003 123.50000000000001 115.54821430000001
decision_type=2 2 2 2 2 2 2 2 2 2 2 2 2 2 2 2 2 2 2 2 2 2 2 2 2 2 2 2 2 2
left_child=7 2 3 5 6 11 -5 10 13 -10 18 -2 -13 14 17 16 20 -9 -1 -12 -15 -20 -19 -4 26 28 -17 -28 29 -26
right_child=1 -3 23 4 -6 -7 -8 8 9 -11 19 12 -14 15 -16 24 -18 22 21 -21 -22 -23 -24 -25 25 -27 27 -29 -30 -31
leaf_value=-0.12623034351506698 -0.023970762970735571 -0.023970762970735571 -0.14591787139261322 1.5587317158853107 -0.023970762970735571 0.043991902581447473 -0.021982486596456324 0.014723368678467097 -0.0034379384076362383 3.4204981053595622 -0.25388576468520141 -0.19742535852251678 0.015937485026014272 -0.0033931862116581141 3.8468201100203143 -0.033983541639692985 -2.7926154705114707 -0.23757043973387254 -0.01677066929942907 1.0232837871821789 1.9744314033798107 -0.18277443548004327 -0.17619794752111986 -0.023970762970735571 -0.098996610694382731 0.0013643604272821363 3.040351812592692 0.0034227532424484508 -0.41889561951939808 0.029228851332570336
leaf_weight=91 23 360 22 20 108 58 38 31 38 40 22 52 28 30 21 77 21 90 144 47 70 35 24 189 29 88 23 35 61 26
leaf_count=91 23 360 22 20 108 58 38 31 38 40 22 52 28 30 21 77 21 90 144 47 70 35 24 189 29 88 23 35 61 26
internal_value=-0.00609737 -0.0113586 -0.00903346 -0.00582569 -0.00921687 -0.00232919 -0.00258621 -0.00156759 -0.000553977 0.00615385 -0.00367257 -0.00538835 -0.003 -0.00138978 -0.00433735 -0.000326087 0.00384298 -0.00610345 -0.005 0.00152174 0.006 -0.00310056 -0.00815789 -0.0140047 -0.00181416 -0.00338235 0.000555556 0.00465517 -0.00594828 -0.00245455
internal_weight=1941 898 538 327 166 161 58 1043 704 78 339 103 80 626 166 460 121 145 270 69 100 179 114 211 339 204 135 58 116 55
internal_count=1941 898 538 327 166 161 58 1043 704 78 339 103 80 626 166 460 121 145 270 69 100 179 114 211 339 204 135 58 116 55
is_linear=0
shrinkage=0.03


Tree=128
num_leaves=31
num_cat=0
split_feature=11 9 27 6 6 58 56 57 10 15 48 20 27 16 3 43 43 57 16 57 35 27 18 30 26 45 17 16 54 53
split_gain=54.9749 7.45316 7.28835 5.29953 5.10624 2.96829 4.00408 3.11795 2.70334 2.85469 2.70251 2.59715 2.54066 1.9156 1.74654 1.73378 2.26563 1.83396 2.41545 3.41822 2.18049 2.17461 1.91962 2.42638 1.73077 1.70391 1.68612 1.63367 1.99649 1.55152
threshold=0.097964660725097227 149.50000000000003 296.50000000000006 20.500000000000004 26.500000000000004 1005.4500000000002 18.550000000000004 294.50000000000006 0.5277851165098012 79.500000000000014 47.500000000000007 99.500000000000014 256.50000000000006 23.950000000000003 6406586.5535000013 303.47142880000007 373.60803570000002 277.50000000000006 23.150000000000002 257.50000000000006 88.262500000000003 282.50000000000006 46.500000000000007 800.00000000000011 10.950000000000001 86.500000000000014 68.500000000000014 24.050000000000004 363.25000000000006 189.00000000000003
decision_type=2 2 2 2 2 2 2 2 2 2 2 2 2 2 2 2 2 2 2 2 2 2 2 2 2 2 2 2 2 2
left_child=5 2 3 8 25 11 15 -8 9 -2 -4 13 24 -1 -13 17 -17 18 -7 -20 -21 -19 23 27 -6 -5 -15 -23 -29 -25
right_child=1 -3 10 4 12 6 7 -9 -10 -11 -12 14 -14 26 -16 16 -18 21 19 20 -22 22 -24 29 -26 -27 -28 28 -30 -31
leaf_value=-0.13369320678579732 -0.019430734118524494 -0.023251640081613505 -0.023251640081613505 -0.023307282642937487 -0.020558407918333219 -0.052548782907284985 -0.0033348002554077993 3.317883162198775 -0.32565606434815181 2.9235362524729669 -0.016275223839181927 -0.24626919174464518 0.2805122403294078 -0.00013953770981718348 0.99258527356671267 -0.32793037130024855 -0.0042671888373729417 -0.59116285199327823 -0.031290523175820234 3.9528019451827094 0.0071286134553969847 -0.2714763161705292 0.82771330024442247 2.3347465616125986 -0.14326295596575508 -0.023251640081613505 -0.31098591345085108 -0.11585396179938022 0.17805731403134564 -0.14604489338372559
leaf_weight=124 40 360 207 100 20 42 38 40 22 34 34 22 28 91 47 48 51 55 99 49 53 28 40 27 32 21 55 73 28 33
leaf_count=124 40 360 207 100 20 42 38 40 22 34 34 22 28 91 47 48 51 55 99 49 53 28 40 27 32 21 55 73 28 33
internal_value=-0.006051 -0.0114922 -0.00925651 -0.00611111 -0.0088806 -0.00136625 -0.000255682 0.00615385 -0.0003125 0.00243243 -0.0131328 -0.00367257 -0.003 -0.005 0.00152174 -0.00105431 -0.00469697 -0.000370019 0.00154321 0.00291045 0.00676471 -0.00200704 -0.000720524 -0.00198413 -0.00692308 -0.0127686 -0.00267123 -0.00430233 -0.00252475 0.003
internal_weight=1941 898 538 297 201 1043 704 78 96 74 241 339 80 270 69 626 99 527 243 201 102 284 229 189 52 121 146 129 101 60
internal_count=1941 898 538 297 201 1043 704 78 96 74 241 339 80 270 69 626 99 527 243 201 102 284 229 189 52 121 146 129 101 60
is_linear=0
shrinkage=0.03


Tree=129
num_leaves=31
num_cat=0
split_feature=11 9 8 49 16 26 10 58 56 57 8 57 20 57 16 18 8 54 18 57 57 40 3 16 42 52 57 18 35 28
split_gain=54.3617 8.37426 9.9651 4.60903 4.35285 3.18361 2.5008 2.45196 3.95101 3.11795 2.38951 2.71493 2.25523 1.91345 2.29003 2.02169 2.19886 2.38372 2.17994 2.01667 1.84599 1.81125 1.74654 1.54263 1.49777 1.47641 1.40943 1.38245 1.3639 1.35501
threshold=0.097964660725097227 149.50000000000003 3.5000000000000004 1.0000000180025095e-35 24.750000000000004 12.050000000000002 -0.63405362205439475 1005.4500000000002 18.550000000000004 294.50000000000006 1.0000000180025095e-35 278.50000000000006 99.500000000000014 277.50000000000006 23.150000000000002 48.500000000000007 4.5000000000000009 363.25000000000006 68.000000000000014 257.50000000000006 263.50000000000006 720.66785715541675 6406586.5535000013 23.950000000000003 63.163392784999985 31.000000000000004 259.50000000000006 8.5000000000000018 662.54285715000015 1004.1500000000002
decision_type=2 2 2 2 2 2 2 2 2 2 2 2 2 2 2 2 2 2 2 2 2 2 2 2 2 2 2 2 2 2
left_child=7 2 3 5 6 10 -5 12 13 -10 -2 -12 23 14 -9 16 28 -18 -17 -16 -21 24 -14 -1 -19 -25 -4 -7 -15 -27
right_child=1 -3 26 4 -6 27 -8 8 9 -11 11 -13 22 15 19 18 17 21 -20 20 -22 -23 -24 25 -26 29 -28 -29 -30 -31
leaf_value=-0.12968241058222341 -0.022554090879165101 -0.022554090879165101 -0.14084111677154673 -0.022516071399312654 -0.022554090879165101 1.3632305612402456 1.3170698607777496 -0.051528291456865036 -0.0032347562477457359 3.218346667332812 -0.19202638405706293 0.016011557735484398 -0.23888111599230541 -0.22294421397726677 -0.012897131818895473 2.4832988761645463 -0.20292276752563679 2.8023465900778275 -0.068929681498952372 3.8710436983264205 0.033949162978541295 -0.53830400079898533 0.96280771535970977 -0.21693788583338089 -0.13878561927857389 -0.19290893023347622 -0.022554090879165101 -0.0029755681426242254 -0.029415179516035395 0.017069180707737306
leaf_weight=124 23 360 22 33 111 22 24 51 38 40 51 27 22 94 120 28 63 48 24 23 97 21 47 34 35 33 189 36 22 79
leaf_count=124 23 360 22 33 111 22 24 51 38 40 51 27 22 94 120 28 63 48 24 23 97 21 47 34 35 33 189 36 22 79
internal_value=-0.00588099 -0.0112918 -0.00892193 -0.0056422 -0.00910714 -0.00198113 -0.00236842 -0.00122244 -0.000213068 0.00615385 -0.00519802 -0.00269231 -0.00331858 -0.00100639 0.000773196 -0.00255224 -0.00355124 -0.00134731 0.00288462 0.002 0.00475 0.00144231 0.00152174 -0.00455556 0.00343373 -0.00246575 -0.0140047 0.00362069 -0.00672414 -0.000803571
internal_weight=1941 898 538 327 168 159 57 1043 704 78 101 78 339 626 291 335 283 167 52 240 120 104 69 270 83 146 211 58 116 112
internal_count=1941 898 538 327 168 159 57 1043 704 78 101 78 339 626 291 335 283 167 52 240 120 104 69 270 83 146 211 58 116 112
is_linear=0
shrinkage=0.03


Tree=130
num_leaves=31
num_cat=0
split_feature=11 9 27 6 6 48 57 10 15 28 50 45 41 34 43 57 41 37 38 38 6 20 58 5 43 57 31 6 3 37
split_gain=56.4964 7.60295 7.49955 5.69315 5.10624 2.70251 2.48205 2.12285 2.85469 2.09886 2.4956 1.70391 1.69761 1.55346 1.55245 2.628 2.19064 2.4916 1.71116 2.06744 1.63807 2.00402 2.44881 1.85766 2.16558 1.58595 1.88811 1.81894 1.48526 1.36298
threshold=0.097964660725097227 149.50000000000003 296.50000000000006 20.500000000000004 26.500000000000004 47.500000000000007 257.50000000000006 0.5277851165098012 79.500000000000014 1005.5500000000001 50.500000000000007 86.500000000000014 335.62918893161896 658.6196428500001 26.570535699999997 276.50000000000006 206.1575795110173 356.12678570000008 540.30044642500013 1051.7276785375002 16.500000000000004 13.500000000000002 1006.5500000000001 22.500000000000004 318.52321430000001 314.00000000000006 830.63571430000013 24.500000000000004 6313702.5715000005 12.543750000000001
decision_type=2 2 2 2 2 2 2 2 2 2 2 2 2 2 2 2 2 2 2 2 2 2 2 2 2 2 2 2 2 2
left_child=9 2 3 7 11 -4 -6 8 -2 10 -1 -5 13 -12 15 29 17 -17 -18 -20 28 22 -22 24 -24 26 -25 -28 -16 -11
right_child=1 -3 5 4 6 -7 -8 -9 -10 14 12 -13 -14 -15 20 16 18 -19 19 -21 21 -23 23 25 -26 -27 27 -29 -30 -31
leaf_value=-0.089028225957176826 -0.031645363857293281 -0.021877468152790149 -0.021877468152790149 -0.021931441437274407 -0.080516868292977703 -0.01568882912685126 0.27277349584590038 -0.31166114891456081 2.8154263400023112 1.4449102049051736 -0.039322491838851385 -0.021877468152790149 -0.19245338264056192 0.32433744162354966 -0.3483891486227047 -0.023961827933983808 0.031993702428897312 1.7401762606641591 -0.42063401798496297 1.4546243798766523 -0.19627167306064885 0.54627603123111868 -0.021570505916665181 1.2097991141516717 -0.69306779379449779 -0.14372201893329703 1.7803396807500462 -0.34574467129884084 -0.091480909496522142 0.11209540619626604
leaf_weight=246 40 360 207 100 54 34 26 22 34 25 55 21 20 47 20 22 24 24 61 20 42 40 87 60 26 21 20 24 79 80
leaf_count=246 40 360 207 100 54 34 26 22 34 25 55 21 20 47 20 22 24 24 61 20 42 40 87 60 26 21 20 24 79 80
internal_value=-0.00594281 -0.0114588 -0.00920074 -0.0060101 -0.0088806 -0.0131328 -0.003 0 0.00243243 -0.00119367 -0.0030163 -0.0127686 0.000491803 0.00205882 -0.0002 0.00164062 -0.00089404 0.00456522 -0.00328571 -0.00537037 -0.00132458 -0.00028125 -0.00117857 0 -0.00278761 0.00252 0.00403846 -0.000681818 -0.00469697 0.00528571
internal_weight=1941 898 538 297 201 241 80 96 74 1043 368 121 122 102 675 256 151 46 105 81 419 320 280 238 113 125 104 44 99 105
internal_count=1941 898 538 297 201 241 80 96 74 1043 368 121 122 102 675 256 151 46 105 81 419 320 280 238 113 125 104 44 99 105
is_linear=0
shrinkage=0.03


Tree=131
num_leaves=31
num_cat=0
split_feature=11 12 49 46 6 6 6 10 57 14 10 21 12 6 41 56 10 42 36 41 21 47 57 18 48 11 38 38 45 41
split_gain=53.8189 7.23269 6.90986 4.2098 3.88106 3.25798 2.45639 2.78571 1.77084 1.76861 1.67421 1.67249 1.60605 4.04187 2.85549 3.60487 3.75926 1.42616 1.40817 1.18966 1.82079 1.67709 3.14325 1.26306 3.13271 1.22953 2.78973 1.40522 1.9032 1.88707
threshold=0.032701564615071184 0.53946920585801694 1.0000000180025095e-35 24.750000000000004 20.500000000000004 19.500000000000004 25.500000000000004 0.68322629814330837 294.50000000000006 27.950000000000003 -0.52778511650980109 19.500000000000004 0.64987354830121502 18.500000000000004 257.1342189636942 15.550000000000002 -0.5 57.616964200000048 705.04375000000016 367.07584504266839 937.50000000000011 6.5000000000000009 266.50000000000006 89.500000000000014 63.500000000000007 -0.93540483100319605 821.33727677500019 13.295758927500001 82.500000000000014 236.26791514762348
decision_type=2 2 2 2 2 2 2 2 2 2 2 2 2 2 2 2 2 2 2 2 2 2 2 2 2 2 2 2 2 2
left_child=12 11 5 4 10 8 9 18 -3 -7 -4 -2 19 14 15 -14 -17 -15 -8 20 23 -21 -23 24 25 26 -1 -27 29 -29
right_child=1 2 3 -5 -6 6 7 -9 -10 -11 -12 -13 13 17 -16 16 -18 -19 -20 21 -22 22 -24 -25 -26 27 -28 28 -30 -31
leaf_value=3.828352919805909 -0.021221144108206445 2.730963549802242 -0.22883696692014918 -0.021221144108206445 -0.021354588673219415 -0.021197650231490745 -0.13078876971628123 0.8667003821713245 -0.11014157879406752 -0.023479996640333602 1.4641166773110728 -0.031443637373425634 -0.074337702155940807 -0.12793511312144096 -0.15328058586422438 -0.024596341022511077 3.6941854306302102 -0.01904670125669761 -0.0068335229721509794 2.0505687457779755 -0.4746264894946885 3.244105062720275 -0.21194365736931425 -0.53600573087039349 1.6429114054117007 0.021287308225501674 -0.22567436077402669 0.01623870888440649 -0.18801901673575003 -0.15002072315961126
leaf_weight=26 356 20 33 275 26 20 29 32 27 56 20 20 33 54 58 27 29 25 23 39 25 30 42 24 48 38 38 172 95 201
leaf_count=26 356 20 33 275 26 20 29 32 27 56 20 20 33 54 58 27 29 25 23 39 25 30 42 24 48 38 38 172 95 201
internal_value=-0.006051 -0.011222 -0.00906417 -0.0116102 -0.00550633 -0.00471014 -0.00675 -0.00321429 0.00223404 -0.0106579 -0.000849057 -0.0144415 -0.0012251 -0.00345133 -0.000510204 0.00286517 0.0075 -0.00892405 -0.0075 -0.000578406 -0.00105697 0.0022973 -0.000416667 -0.000747664 -0.000485437 -0.00110526 0.0028125 -0.00160079 -0.00205128 -0.00108579
internal_weight=1941 937 561 354 79 207 160 84 47 76 53 376 1004 226 147 89 56 79 52 778 667 111 72 642 618 570 64 506 468 373
internal_count=1941 937 561 354 79 207 160 84 47 76 53 376 1004 226 147 89 56 79 52 778 667 111 72 642 618 570 64 506 468 373
is_linear=0
shrinkage=0.03


Tree=132
num_leaves=31
num_cat=0
split_feature=11 9 27 6 6 18 27 45 26 39 32 47 23 56 27 56 30 16 51 17 41 24 42 43 1 9 33 44 3 16
split_gain=55.5096 7.27625 7.49869 3.88461 6.63769 3.26512 3.00682 2.1757 1.89351 1.57162 3.22064 1.43142 1.28267 1.51044 3.01595 2.43465 2.08035 1.86648 1.63822 2.07193 2.69077 1.86768 1.62695 1.7305 1.98316 1.82277 1.57809 1.57423 1.72336 2.44577
threshold=0.032701564615071184 141.50000000000003 298.50000000000006 26.500000000000004 28.500000000000004 19.500000000000004 257.50000000000006 80.500000000000014 10.950000000000001 1174.6620536250002 1211.8696430000002 20.500000000000004 291.00000000000006 17.450000000000003 309.50000000000006 18.850000000000005 848.99285715000008 24.850000000000005 920.00000000000011 6.5000000000000009 367.07584504266839 14.050000000000002 137.93303570000003 123.41785715000002 3688.2142855000006 149.50000000000003 503.98750000000007 28.450000000000003 6655586.9285000013 23.950000000000003
decision_type=2 2 2 2 2 2 2 2 2 2 2 2 2 2 2 2 2 2 2 2 2 2 2 2 2 2 2 2 2 2
left_child=9 2 7 -3 6 -4 8 -2 -5 10 12 -9 13 18 15 16 -15 -17 19 20 26 -21 23 27 -25 -26 -1 -23 -29 -30
right_child=1 3 5 4 -6 -7 -8 11 -10 -11 -12 -13 -14 14 -16 17 -18 -19 -20 21 -22 22 -24 24 25 -27 -28 28 29 -31
leaf_value=0.034058293585505273 -0.15149845809962698 -0.020584509784960254 -0.020584509784960254 -0.0097010237199557734 -0.020584509784960254 -0.012895296793092524 0.604520416020631 7.0661274336626478 -0.11172397576520177 -0.58001794698768372 1.6303442936001034 -0.023193602177973498 1.3977974117865095 0.076451867924111822 2.9127167787401373 -0.11968508770800218 -0.35530709458123227 1.598072035959601 -0.47682354308526892 0.027102602949554536 2.2722149417536666 -0.29707129790459885 -0.84939815225458171 0.05099883771898131 -0.052652017788911445 0.40351876447660684 -0.066766841624060547 -0.075866006667852967 -0.27281423131450244 0.073167508716930243
leaf_weight=20 61 512 92 20 117 26 33 20 35 24 37 21 47 76 36 133 24 21 34 55 20 30 60 51 105 32 37 114 21 27
leaf_count=20 61 512 92 20 117 26 33 20 35 24 37 21 47 76 36 133 24 21 34 55 20 30 60 51 105 32 37 114 21 27
internal_value=-0.00606646 -0.011318 -0.00654545 -0.0127824 -0.00929268 -0.0116949 -0.00306818 -0.000588235 -0.00736364 -0.00116534 -0.000979592 0.0047561 -0.00132025 -0.00157366 0.000206897 -0.000944882 0.0027 -0.00331169 -0.00242574 -0.00204545 0.00253247 -0.00275758 -0.00340909 -0.00268421 -0.000638298 -0.00251825 -0.000789474 -0.0046875 -0.00351852 0.00125
internal_weight=1941 937 220 717 205 118 88 102 55 1004 980 41 943 896 290 254 100 154 606 572 77 495 440 380 188 137 57 192 162 48
internal_count=1941 937 220 717 205 118 88 102 55 1004 980 41 943 896 290 254 100 154 606 572 77 495 440 380 188 137 57 192 162 48
is_linear=0
shrinkage=0.03


Tree=133
num_leaves=31
num_cat=0
split_feature=11 9 27 18 49 27 9 57 45 18 39 32 50 17 46 27 27 33 43 21 38 31 3 36 57 24 46 19 32 3
split_gain=56.165 7.69798 7.9011 3.26512 3.25969 3.46396 3.6558 3.08384 2.30706 3.17303 1.59649 1.64584 1.45857 2.13233 1.60573 2.9865 5.62804 2.9641 2.20317 2.86501 2.749 1.77649 1.76399 1.60202 1.49901 1.36329 1.95236 1.93921 1.89027 1.23047
threshold=0.032701564615071184 141.50000000000003 298.50000000000006 19.500000000000004 2.5000000000000004 302.50000000000006 149.50000000000003 290.50000000000006 78.500000000000014 19.500000000000004 1174.6620536250002 1230.1714290000002 41.500000000000007 68.500000000000014 23.750000000000004 294.50000000000006 275.50000000000006 643.76428570000019 292.94642855000006 408.50000000000006 717.25066965000008 1029.6071430000002 6363516.2500000009 537.08571430000018 310.50000000000006 319.05000000000007 25.050000000000004 11.500000000000002 429.34642855000004 7203262.5000000009
decision_type=2 2 2 2 2 2 2 2 2 2 2 2 2 2 2 2 2 2 2 2 2 2 2 2 2 2 2 2 2 2
left_child=10 2 8 -4 5 6 7 29 -2 -10 11 12 13 14 15 16 23 -17 19 25 22 -22 -21 -1 -14 26 27 -16 -27 -3
right_child=1 4 3 -5 -6 -7 -8 -9 9 -11 -12 -13 24 -15 18 17 -18 -19 -20 20 21 -23 -24 -25 -26 28 -28 -29 -30 -31
leaf_value=-0.01415044763403042 -0.26888031948907382 -0.047459268920286735 -0.019966974491411445 -0.012508437889299747 -0.019966974491411445 -0.019966974491411445 -0.019800303796183215 1.0587427129111189 1.5503799920322785 -0.15178661799237944 -0.5626174085780532 1.6623376536491321 -0.003096188982906744 -0.42048336412731457 0.30568531469899479 -0.56540427277202243 -0.21688585517658646 1.9667649679470696 -0.33240746669056392 1.9849287674643699 -0.12857391244763383 2.6714879551986064 0.14082942545855984 3.149057891038701 0.48884570217514861 -0.39152035953314257 -0.032841138206047657 -0.10047386909767275 0.0079455813515142519 -0.12351338735183676
leaf_weight=57 33 100 92 26 400 114 59 21 33 36 24 30 168 72 29 26 79 39 65 29 76 42 32 20 41 50 72 21 32 23
leaf_count=57 33 100 92 26 400 114 59 21 33 36 24 30 168 72 29 26 79 39 65 29 76 42 32 20 41 50 72 21 32 23
internal_value=-0.00603555 -0.011318 -0.00640909 -0.0116949 -0.0128243 -0.0105521 -0.00820197 -0.005625 -0.000294118 0.00282609 -0.00110558 -0.000918367 -0.00113684 -0.00176113 -0.00123318 -0.00332579 -0.00557692 0.00207692 -0.000200893 0.000665796 0.00343575 0.000762712 0.00860656 0.000194805 0.00107656 -0.00176471 0.000245902 0.0048 -0.0047561 -0.00743902
internal_weight=1941 937 220 118 717 317 203 144 102 69 1004 980 950 741 669 221 156 65 448 383 179 118 61 77 209 204 122 50 82 123
internal_count=1941 937 220 118 717 317 203 144 102 69 1004 980 950 741 669 221 156 65 448 383 179 118 61 77 209 204 122 50 82 123
is_linear=0
shrinkage=0.03


Tree=134
num_leaves=31
num_cat=0
split_feature=11 9 57 6 6 10 18 10 11 39 41 17 24 11 8 27 14 41 46 8 28 23 45 25 3 41 2 40 17 40
split_gain=51.8832 7.72402 8.71009 4.02536 7.05915 3.33743 3.21429 2.81201 2.63529 1.83212 1.86329 2.09614 1.69173 1.79587 1.66569 2.53133 2.19215 2.09296 2.9932 2.06979 2.85841 2.8548 2.22317 1.85581 1.81731 1.79474 1.70221 1.62976 1.6 2.54459
threshold=0.032701564615071184 141.50000000000003 294.50000000000006 26.500000000000004 28.500000000000004 -0.77259657388510594 36.500000000000007 0.5277851165098012 0.72947329433276265 1145.3267857687504 377.72117884077096 6.5000000000000009 14.050000000000002 -0.065403129230142895 1.0000000180025095e-35 277.50000000000006 28.350000000000005 240.40408207183438 24.850000000000005 3.5000000000000004 1008.2500000000001 168.50000000000003 56.500000000000007 108.00000000000001 6564649.5625000009 218.88535465283988 820.00892855000018 515.14892112458347 27.500000000000004 701.27533479791668
decision_type=2 2 2 2 2 2 2 2 2 2 2 2 2 2 2 2 2 2 2 2 2 2 2 2 2 2 2 2 2 2
left_child=9 2 7 -3 5 -5 -4 -2 -7 10 12 -12 -1 14 17 16 -16 18 -14 21 22 24 -21 -18 -17 -25 -22 -19 29 -27
right_child=1 3 6 4 -6 8 -8 -9 -10 -11 11 -13 13 -15 15 19 23 27 -20 20 26 -23 -24 25 -26 28 -28 -29 -30 -31
leaf_value=0.045607370881491603 0.081368414758919053 -0.0193679652566691 -0.0193679652566691 -0.065488680244732839 -0.0193679652566691 1.2496217536011067 -0.0036868624956117248 -0.29642527351876718 -0.32674967059257798 -0.52701718187926982 2.4552215623068969 -0.0030299664364392288 0.92203503327575043 -0.063814631571547265 -0.29882816359253866 -0.13875431430716162 0.25792852315466314 -0.5802023774885916 -0.021930359618408488 2.0684982894108472 -0.10266459130891974 -0.17675711393398397 -0.27882955858327135 -0.1610989759825307 0.12701539996796499 -0.15525067959709399 3.2216608527781383 0.0028266515155113271 1.5737722706097916 0.021295181057955494
leaf_weight=108 71 512 105 20 117 28 21 23 40 32 34 60 39 37 61 28 22 21 23 21 20 59 165 49 24 24 31 35 54 57
leaf_count=108 71 512 105 20 117 28 21 23 40 32 34 60 39 37 61 28 22 21 23 21 20 59 165 49 24 24 31 35 54 57
internal_value=-0.00611283 -0.01119 -0.00627273 -0.0126987 -0.00914634 -0.00272727 -0.0114286 0.000638298 0.000441176 -0.0013745 -0.00114198 0.00287234 -0.00157175 -0.00206494 -0.00173943 -0.00236585 -0.000168539 0.00152542 0.00532258 -0.00405172 -0.00246835 -0.00743243 -0.00419355 0.00131068 -0.00230769 0.000326087 0.00382353 -0.00267857 0.00211111 -0.000555556
internal_weight=1941 937 220 717 205 88 126 94 68 1004 972 94 878 770 733 615 267 118 62 348 237 111 186 206 52 184 51 56 135 81
internal_count=1941 937 220 717 205 88 126 94 68 1004 972 94 878 770 733 615 267 118 62 348 237 111 186 206 52 184 51 56 135 81
is_linear=0
shrinkage=0.03


Tree=135
num_leaves=31
num_cat=0
split_feature=11 9 27 8 27 49 11 46 10 10 8 41 31 37 27 33 42 23 23 27 8 56 46 24 56 27 37 42 31 42
split_gain=55.0901 7.70719 8.45222 6.00535 3.55894 3.51212 2.86883 2.20806 1.69565 1.69032 1.62976 1.41575 1.8993 3.98771 2.77768 2.07502 2.26364 2.01353 1.94622 1.80556 3.21824 1.63479 1.54327 2.03919 1.63645 2.96016 1.73358 1.4767 1.38997 1.45562
threshold=0.065403129230142756 149.50000000000003 296.50000000000006 2.5000000000000004 284.50000000000006 1.0000000180025095e-35 0.84874750804349197 24.850000000000005 -0.98611507088852035 0.84874750804349197 4.5000000000000009 367.07584504266839 617.91428570000005 751.50892855000018 309.50000000000006 754.41517855000018 140.89910714999996 187.50000000000003 282.50000000000006 271.50000000000006 4.5000000000000009 19.000000000000004 25.150000000000002 14.050000000000002 11.850000000000003 284.50000000000006 395.94910715000003 25.768750000500003 658.6196428500001 207.59732140000008
decision_type=2 2 2 2 2 2 2 2 2 2 2 2 2 2 2 2 2 2 2 2 2 2 2 2 2 2 2 2 2 2
left_child=8 2 3 4 6 9 -2 -4 10 -5 -1 12 13 15 18 16 21 -15 28 -13 -21 22 24 -24 25 -10 27 -26 -14 -30
right_child=1 -3 7 5 -6 -7 -8 -9 11 -11 -12 19 14 17 -16 -17 -18 -19 -20 20 -22 -23 23 -25 26 -27 -28 -29 29 -31
leaf_value=-0.11993646422093245 -0.03661829166089417 -0.018786926298969026 -0.020555670425449764 -0.075364680137926757 1.1174159728375346 -0.018916367527031609 0.2211931072660574 -0.018786926298969026 0.019922574135272129 0.79558412316580074 0.0061865705678270898 2.4079498041519667 -0.47778255520626867 0.594133616528838 2.8761744371751505 0.030699930178694997 -0.4853312425882757 3.4543701146426535 1.3558715755569346 -0.10514046501384858 1.6614291146393145 -0.20545685456472795 0.012106361462474497 -0.10778025554824409 -0.05038242635246129 -0.36497061415413212 1.1005932704930064 0.18549288380458392 -0.14165647020948086 0.038574102233836997
leaf_weight=60 70 368 28 37 52 83 40 217 44 21 24 52 32 42 32 51 33 24 41 33 32 21 27 83 28 25 20 31 259 31
leaf_count=60 70 368 28 37 52 83 40 217 44 21 24 52 32 42 32 51 33 24 41 33 32 21 27 83 28 25 20 31 259 31
internal_value=-0.006051 -0.0113974 -0.00914234 -0.00579208 -0.00185185 -0.0103191 -0.00490909 -0.0132857 -0.00127317 -0.00465517 -0.00535714 -0.000908608 -0.00134709 3.4965e-05 -0.0028481 -0.00119835 -0.00211538 0.00681818 -0.00359504 0.00217949 -0.00115385 -0.00123656 -0.000581395 -0.00327273 0.00141892 -0.00195652 0.00436709 0.00177966 -0.00437888 -0.00372414
internal_weight=1941 916 548 303 162 141 110 245 1025 58 84 941 824 429 395 363 312 66 363 117 65 279 258 110 148 69 79 59 322 290
internal_count=1941 916 548 303 162 141 110 245 1025 58 84 941 824 429 395 363 312 66 363 117 65 279 258 110 148 69 79 59 322 290
is_linear=0
shrinkage=0.03


Tree=136
num_leaves=31
num_cat=0
split_feature=11 9 6 17 6 6 10 11 26 10 8 26 39 11 31 26 1 26 37 17 18 9 6 34 41 51 21 17 42 23
split_gain=52.7716 8.53631 8.8286 3.95276 3.70732 7.43427 3.32097 2.01746 1.60826 1.59983 1.62976 1.55827 1.45086 1.6705 2.38899 1.67889 1.42721 2.14906 2.09302 2.84755 1.74406 1.41634 1.39247 1.76277 1.38891 1.35831 2.44444 1.35 1.98529 1.32996
threshold=0.065403129230142756 141.50000000000003 17.500000000000004 45.500000000000007 26.500000000000004 28.500000000000004 -0.72947329433276231 0.91037613702198772 12.65 -0.98611507088852035 4.5000000000000009 11.65 1174.6620536250002 -0.93540483100319605 648.57142855000018 29.650000000000002 7091.5357145000007 21.450000000000003 594.59553570000014 31.500000000000004 68.000000000000014 147.50000000000003 26.500000000000004 1184.6642860000004 368.61601716782167 841.00000000000011 678.50000000000011 10.500000000000002 63.163392784999985 175.50000000000003
decision_type=2 2 2 2 2 2 2 2 2 2 2 2 2 2 2 2 2 2 2 2 2 2 2 2 2 2 2 2 2 2
left_child=9 2 -2 8 -3 6 -6 -8 -4 10 -1 -5 13 14 -11 16 17 18 20 -20 21 -15 23 25 29 26 -18 -26 -29 -16
right_child=1 4 3 11 5 -7 7 -9 -10 12 -12 -13 -14 15 24 -17 22 -19 19 -21 -22 -23 -24 -25 27 -27 -28 28 -30 -31
leaf_value=-0.11633837029430447 -0.018223318509999954 -0.018223318509999954 0.0012503261101380757 -0.014041422722714372 -0.042040078183642415 -0.018223318509999954 0.13057164076873193 -0.401714714511684 1.537863522190807 4.3636706064598636 0.006000973450792273 -0.025836577902658212 -0.50915693855944466 -0.038791022403527789 -0.91876640388922848 2.3751640470341009 -0.30459271619999695 -0.19130101839538505 -0.010451519714909752 2.4408795183176992 -0.50208162326091266 0.010210222190559962 -0.44649329958983319 1.2528844461823081 1.9755116588756823 -0.88953418846893328 0.016536281690320627 0.036446164193305007 -0.25294960687479884 -0.027978892204306129
leaf_weight=60 81 501 53 37 20 114 46 20 23 25 24 21 23 155 23 24 96 26 52 34 28 161 52 22 36 21 36 34 20 73
leaf_count=60 81 501 53 37 20 114 46 20 23 25 24 21 23 155 23 24 96 26 52 34 28 161 52 22 36 21 36 34 20 73
internal_value=-0.00606646 -0.0112991 -0.00606977 -0.00134328 -0.012903 -0.00945 -0.0027907 0.000454545 0.00315789 -0.00139024 -0.00535714 -0.00724138 -0.00103613 -0.000849673 0.00149289 -0.0015488 -0.00182284 -0.000855263 -0.000348837 0.00383721 -0.00139535 -0.000759494 -0.00376652 -0.00248571 0.000322581 -0.00362745 -0.0025 0.003 0 -0.0021875
internal_weight=1941 916 215 134 701 200 86 66 76 1025 84 58 941 918 211 707 683 456 430 86 344 316 227 175 186 153 132 90 54 96
internal_count=1941 916 215 134 701 200 86 66 76 1025 84 58 941 918 211 707 683 456 430 86 344 316 227 175 186 153 132 90 54 96
is_linear=0
shrinkage=0.03


Tree=137
num_leaves=31
num_cat=0
split_feature=1 9 8 57 47 10 57 27 15 16 49 8 39 58 56 31 3 31 20 34 48 30 35 51 1 9 26 27 8 57
split_gain=56.6384 7.95859 8.05678 5.0503 5.66475 2.18608 2.18504 2.05701 2.43494 2.67885 1.71499 1.57193 1.56433 1.4342 2.98148 3.66305 2.68317 2.00238 1.9421 2.48851 1.9122 1.60087 1.45529 1.66244 3.00805 1.87391 1.67112 1.74054 1.45747 1.37312
threshold=1.0000000180025095e-35 149.50000000000003 3.5000000000000004 310.50000000000006 7.5000000000000009 -0.98611507088852035 259.50000000000006 248.50000000000003 81.500000000000014 25.550000000000004 1.0000000180025095e-35 3.5000000000000004 1174.6620536250002 1005.4500000000002 17.650000000000002 620.29910715000017 6394771.3125000009 991.58571430000018 99.500000000000014 977.2491071500001 32.500000000000007 863.11250000000007 260.79285715000009 678.50000000000011 7190.6309520000004 147.50000000000003 9.3500000000000032 254.00000000000003 3.5000000000000004 317.50000000000006
decision_type=2 2 2 2 2 2 2 2 2 2 2 2 2 2 2 2 2 2 2 2 2 2 2 2 2 2 2 2 2 2
left_child=1 2 3 4 10 11 -4 -6 -9 -10 -1 -2 13 16 22 -16 20 21 19 -18 -7 -17 23 24 26 -25 29 -28 -24 -15
right_child=5 -3 6 -5 7 12 -8 8 9 -11 -12 -13 -14 14 15 17 18 -19 -20 -21 -22 -23 28 25 -26 -27 27 -29 -30 -31
leaf_value=-0.03598117341556531 -0.11433720258652953 -0.01767661895469996 -0.13148799614635001 -0.01767661895469996 -0.27130581216910815 -0.14896503237381667 -0.01767661895469996 -0.046131605502122704 3.7057278918846666 -0.083477946544242052 -0.017601841517579507 -0.0044411096545901784 -0.49388223040266127 0.002183978239912321 3.2782307980109247 0.68286241908642231 -0.15246469400186111 1.5714305124693237 1.1577218426094971 0.10783413621225861 0.042721583769840553 -2.6300027136760171 -0.0015644671462957808 2.0816182012960178 -0.2865010134961733 -0.024392009785573234 -0.059508457152655916 1.0132865722581812 -0.55959288890351588 -0.23487473396586342
leaf_weight=31 54 361 25 81 28 89 188 94 25 26 48 41 23 92 29 22 82 28 44 33 21 20 45 71 133 47 21 75 32 32
leaf_count=31 54 361 25 81 28 89 188 94 25 26 48 41 23 92 29 22 82 28 44 33 21 20 45 71 133 47 21 75 32 32
internal_value=-0.00598918 -0.0114609 -0.00917582 -0.00626126 -0.00416667 -0.00118956 -0.0137324 -0.00112717 0.000310345 0.00558824 -0.0108228 -0.00552632 -0.000750799 -0.000556769 0.000208655 0.005 -0.00239777 0.00128571 9.43396e-05 -0.00195652 -0.006 -0.00285714 -0.000656934 -3.18471e-05 -0.00106232 0.00305085 0.00109091 0.0040625 -0.00448052 -0.00120968
internal_weight=1941 907 546 333 252 1034 213 173 145 51 79 95 939 916 647 99 269 70 159 115 110 42 548 471 353 118 220 96 77 124
internal_count=1941 907 546 333 252 1034 213 173 145 51 79 95 939 916 647 99 269 70 159 115 110 42 548 471 353 118 220 96 77 124
is_linear=0
shrinkage=0.03


Tree=138
num_leaves=31
num_cat=0
split_feature=11 12 27 6 10 6 10 15 28 51 28 6 56 16 1 1 35 10 24 28 42 43 43 27 43 3 32 51 10 27
split_gain=54.6587 8.16479 8.25071 3.99266 5.46089 3.55419 2.52471 2.44451 2.3848 2.24822 2.13575 2.91007 3.42533 2.64324 3.80551 1.97628 2.6232 1.9431 1.88126 1.7952 1.72482 1.70984 1.69322 2.00321 1.71429 1.56922 1.53959 1.52715 1.62963 1.37869
threshold=0.065403129230142756 0.53946920585801694 298.50000000000006 20.500000000000004 0.93540483100319627 24.500000000000004 0.5277851165098012 79.500000000000014 1004.9500000000002 17.500000000000004 1006.5500000000001 18.500000000000004 16.350000000000005 24.250000000000004 8402.5714285000013 9694.8571430000029 51.664285715000005 -0.88144907265856332 53.850000000000001 1006.35 114.22321430000002 38.52678571499996 123.41785715000002 311.50000000000006 167.00000001000004 7210111.7500000009 198.09285715000001 97.000000000000014 0.35206144883412577 272.50000000000006
decision_type=2 2 2 2 2 2 2 2 2 2 2 2 2 2 2 2 2 2 2 2 2 2 2 2 2 2 2 2 2 2
left_child=10 -2 3 6 5 -5 7 -3 -4 -7 11 17 29 14 -12 -16 -17 18 -1 25 22 -19 23 27 -24 -14 -26 -15 -29 -13
right_child=1 2 8 4 -6 9 -8 -9 -10 -11 13 12 19 20 15 16 -18 21 -20 -21 -22 -23 24 -25 26 -27 -28 28 -30 -31
leaf_value=0.20392362964017052 -0.017146320386058959 -0.043840957895606353 -0.0038747083706677948 -0.017271878377279663 0.96390861660177052 -0.01530072857962908 -0.18630079680935341 2.3852660971546533 -0.017146320386058959 -0.037284034927123927 1.3116925475307755 -0.041164998423801981 -0.038599901096646454 0.07410344370216862 -0.71491139994954322 0.45515778546304542 -1.3068888279156932 0.066870154231269227 -0.12492582488603222 -0.47906576349058144 -0.4217295032866184 -0.073169193861321841 1.0636854363527326 -0.37296465323531391 -0.3104900532592606 0.027258921582221769 0.087314154458817086 0.028976398609792967 -1.0038536962971625 -0.21029867422681398
leaf_weight=22 368 40 44 84 21 83 25 34 197 20 81 43 128 27 23 53 27 105 50 23 50 113 28 26 22 24 62 31 20 67
leaf_count=22 368 40 44 84 21 83 25 34 197 20 81 43 128 27 23 53 27 105 50 23 50 113 28 26 22 24 62 31 20 67
internal_value=-0.00597372 -0.0112991 -0.0089781 -0.00571661 -0.00807692 -0.00970588 -0.000757576 0.00202703 -0.0131328 -0.00597087 -0.00121463 -0.00242609 -0.00457895 0.000333333 0.00309783 -0.000728155 0.0015 -0.000310345 -0.00458333 -0.00197143 -0.00157895 0.00110092 -0.000416667 -0.00317308 0.00214286 -0.000789474 0 -0.000769231 -0.00382353 -0.00872727
internal_weight=1941 916 548 307 208 187 99 74 241 103 1025 575 285 450 184 103 80 290 72 175 266 218 216 104 112 152 84 78 51 110
internal_count=1941 916 548 307 208 187 99 74 241 103 1025 575 285 450 184 103 80 290 72 175 266 218 216 104 112 152 84 78 51 110
is_linear=0
shrinkage=0.03


Tree=139
num_leaves=31
num_cat=0
split_feature=60 12 8 16 16 4 18 28 27 39 3 46 33 40 48 43 41 27 27 58 43 10 27 28 27 27 17 24 20 45
split_gain=48.7009 8.91898 9.18033 5.02444 4.65052 4.33496 3.45576 2.47387 2.15091 1.97118 1.73331 2.01227 3.07416 2.3067 1.78521 3.62707 2.34325 2.75977 2.02078 1.75008 1.67281 1.61066 1.56621 2.19869 1.51667 2.2529 2.10744 2.03677 2.00415 3.49823
threshold=1.0000000180025095e-35 0.53946920585801694 3.5000000000000004 25.550000000000004 25.450000000000003 17.500000000000004 4.5000000000000009 1004.6500000000002 298.50000000000006 1145.3267857687504 7307054.0625000009 23.750000000000004 827.61190480000016 688.46759672416681 1.0000000180025095e-35 -90.129464270000042 206.1575795110173 273.50000000000006 294.50000000000006 1006.2500000000001 62.499999650000014 0.88144907265856365 256.50000000000006 1004.85 287.50000000000006 269.50000000000006 27.500000000000004 320.45000000000005 13.500000000000002 75.500000000000014
decision_type=2 2 2 2 2 2 2 2 2 2 2 2 2 2 2 2 2 2 2 2 2 2 2 2 2 2 2 2 2 2
left_child=1 -1 3 4 6 9 7 -3 -5 10 11 14 24 -14 15 -2 -16 19 -17 -18 -12 -4 -8 -24 25 26 -13 -27 -26 -30
right_child=5 2 21 8 -6 -7 22 -9 -10 -11 20 12 13 -15 16 18 17 -19 -20 -21 -22 -23 23 -25 28 27 -28 -29 29 -31
leaf_value=-0.01663193077447719 -0.12373795923751794 -0.0014549484561660582 -0.01663193077447719 -0.018525586730985873 0.9349913581037208 -0.039688117443950822 -0.37721426729757584 -0.018175832435328356 -0.01663193077447719 -0.46652533068198321 -0.0081116120328470487 -0.20565422139782549 3.4003894156949741 0.056350530039288742 0.01684346661529499 0.0081277786190883279 -0.10326945284772288 -0.3848076661593916 1.7123050765392269 0.88110247662492036 -0.63242932265261997 -0.11376885134223856 -0.12194890779573028 0.48862508617500677 -0.15179622881649038 2.6002049069620581 0.001462817746399594 0.042070755731557483 0.58716686185616362 -0.1554013085146306
leaf_weight=352 50 21 173 44 23 84 33 55 56 32 33 32 33 101 34 49 28 87 25 30 26 32 45 40 141 29 116 83 23 31
leaf_count=352 50 21 173 44 23 84 33 55 56 32 33 32 33 101 34 49 28 87 25 30 26 32 45 40 141 29 116 83 23 31
internal_value=-0.00597372 -0.0112243 -0.00873563 -0.00553628 -0.00297235 -0.00167291 -0.00448454 -0.00947368 -0.0111 -0.00111394 -0.000867508 -0.000538117 0.000483871 0.00447761 -0.00252475 0.000241935 -0.00444134 -0.00610345 0.00445946 -0.00103448 -0.00584746 -0.0136829 -0.00127119 0.000882353 -0.000692308 0.000807692 -0.00162162 0.00401786 -0.00269231 0.00222222
internal_weight=1941 874 522 317 217 1067 194 76 100 983 951 892 589 134 303 124 179 145 74 58 59 205 118 85 455 260 148 112 195 54
internal_count=1941 874 522 317 217 1067 194 76 100 983 951 892 589 134 303 124 179 145 74 58 59 205 118 85 455 260 148 112 195 54
is_linear=0
shrinkage=0.03


Tree=140
num_leaves=31
num_cat=0
split_feature=11 9 8 19 27 37 15 56 10 44 56 3 58 9 19 19 32 57 26 31 33 26 3 43 57 3 21 33 9 58
split_gain=53.8234 8.40207 8.51632 3.30817 3.67596 3.65051 2.67069 2.55557 2.39909 1.48775 1.40065 1.38926 1.38307 2.65974 3.43215 2.41649 2.40364 2.0295 2.929 2.46193 2.51174 2.35083 2.07906 1.92969 1.79189 1.47027 1.47786 1.40394 2.14002 1.3414
threshold=0.065403129230142756 141.50000000000003 4.5000000000000009 2.5000000000000004 302.50000000000006 1.0000000180025095e-35 81.500000000000014 9.6000000000000014 0.93540483100319627 28.650000000000002 6.4500000000000011 6297804.0000000009 1006.4500000000002 144.50000000000003 42.500000000000007 14.500000000000002 1184.6642860000004 237.50000000000003 15.250000000000002 607.38125000000014 737.0875000000002 18.150000000000002 6309268.5270000007 299.36160720000004 294.50000000000006 7291043.3335000006 937.50000000000011 879.69017855000004 146.50000000000003 1005.85
decision_type=2 2 2 2 2 2 2 2 2 2 2 2 2 2 2 2 2 2 2 2 2 2 2 2 2 2 2 2 2 2
left_child=12 2 6 4 5 8 7 11 9 10 -3 -2 15 14 23 16 17 -1 -19 20 21 -20 -21 -14 -17 26 27 -15 -29 -24
right_child=1 3 -4 -5 -6 -7 -8 -9 -10 -11 -12 -13 13 25 -16 24 -18 18 19 22 -22 -23 29 -25 -26 -27 -28 28 -30 -31
leaf_value=0.06116859796036031 -0.41162121623228187 -0.043255616550148999 -0.016132972851242874 -0.016132972851242874 -0.016132972851242874 -0.029906758179225102 1.4282254666756091 0.00014203312222953293 0.9069416173606123 -0.0160304923816596 -0.10100235339060006 -0.038613690975264486 2.3026522727796919 -0.037993552666706447 -0.29297680258591241 -0.055887215481654699 1.4633083246685969 -0.091930579841783863 0.014164446523691648 -0.12040951159058487 0.033942620752524987 -0.29786348344065461 -0.021445731122493043 -0.12244136887569311 1.6789140600660697 -0.40415950275274437 -0.075545362559043608 -0.12851365375628232 1.3289720897182882 -0.78003460502404842
leaf_weight=20 23 26 81 387 114 53 24 54 21 50 50 33 69 250 31 188 20 70 28 40 35 26 65 32 32 21 20 25 33 20
leaf_count=20 23 26 81 387 114 53 24 54 21 50 50 33 69 250 31 188 20 70 28 40 35 26 65 32 32 21 20 25 33 20
internal_value=-0.00611283 -0.0113974 -0.0062093 -0.0129886 -0.0107006 -0.00825 -0.00156716 -0.00354545 -0.00581633 -0.00738095 -0.00473684 -0.00803571 -0.00139024 -0.000218295 0.00340909 -0.00242647 -0.00407407 -0.00473684 -0.00538732 -0.00364486 0.000168539 -0.00388889 -0.00636 0.00608911 0 -0.00159026 -0.00109756 -0.000584416 0.00362069 -0.00370588
internal_weight=1941 916 215 701 314 200 134 110 147 126 76 56 1025 481 132 544 324 304 284 214 89 54 125 101 220 349 328 308 58 85
internal_count=1941 916 215 701 314 200 134 110 147 126 76 56 1025 481 132 544 324 304 284 214 89 54 125 101 220 349 328 308 58 85
is_linear=0
shrinkage=0.03


Tree=141
num_leaves=31
num_cat=0
split_feature=11 9 6 6 6 10 15 11 39 32 20 58 6 5 56 38 33 14 9 19 40 56 46 47 3 33 17 47 25 3
split_gain=50.1985 10.6054 10.4744 3.89339 7.43427 3.32097 2.45424 2.01746 1.74781 1.62818 1.6 1.55652 2.46888 2.54133 2.47143 4.14525 2.30321 1.91853 1.71281 2.94488 2.3572 3.11803 2.31648 1.4892 1.67933 1.67224 1.62118 1.77158 1.50906 1.61568
threshold=0.065403129230142756 141.50000000000003 17.500000000000004 26.500000000000004 28.500000000000004 -0.72947329433276231 80.500000000000014 0.91037613702198772 1145.3267857687504 1230.1714290000002 7.5000000000000009 1006.4500000000002 17.500000000000004 1.0000000180025095e-35 15.250000000000002 579.39642857500019 737.0875000000002 27.550000000000004 144.50000000000003 42.500000000000007 429.18943452622926 10.050000000000002 23.250000000000004 24.500000000000004 6343678.5000000009 530.72857140000008 29.500000000000004 33.500000000000007 440.50000000000006 6349833.5625000009
decision_type=2 2 2 2 2 2 2 2 2 2 2 2 2 2 2 2 2 2 2 2 2 2 2 2 2 2 2 2 2 2
left_child=8 2 -2 -3 5 -5 -4 -7 9 11 -8 12 13 17 -14 16 -16 -1 19 20 21 -13 -20 24 25 -24 -25 -28 29 -29
right_child=1 3 6 4 -6 7 10 -9 -10 -11 -12 18 14 -15 15 -17 -18 -19 22 -21 -22 -23 23 26 -26 -27 27 28 -30 -31
leaf_value=-0.036924113179156559 -0.015648983665705586 -0.015648983665705586 -0.039884906905630874 -0.043161734160491828 -0.015648983665705586 0.13248599209166984 6.2130355732768709 -0.37578252747870322 -0.48785317710201676 1.6039319613537224 -5.7558572330247424e-05 0.044492429209277588 -0.10645368316275497 -0.097425811489291608 -0.04656255387312129 -0.088606578544988809 0.041580298912829022 1.2374331125267222 -0.062608250774641189 -0.28418749850833508 -1.210124288943341 2.8208085340497027 0.004340055305497117 -0.49973467128832311 -0.032740334410225953 2.3391867326801421 2.0845321570885345 -0.14477568718070344 -0.33343321597535891 0.033158475182411565
leaf_weight=25 81 501 94 20 114 46 20 20 32 29 20 39 77 177 44 125 28 39 31 31 21 36 20 29 70 26 22 41 22 61
leaf_count=25 81 501 94 20 114 46 20 20 32 29 20 39 77 177 44 125 28 39 31 31 21 36 20 29 70 26 22 41 22 61
internal_value=-0.00609737 -0.0112009 -0.00537209 -0.0129886 -0.00945 -0.0027907 -0.000223881 0.000454545 -0.00153659 -0.0013142 0.006 -0.0015249 -0.00265049 -0.000435685 -0.00459854 -0.00281726 0.00291667 0.0046875 -0.000233853 0.00271654 0.0053125 0.0078 -0.00139752 -0.00056701 0.00206897 0.00652174 -0.00231429 -0.0010274 -0.00241935 -0.000882353
internal_weight=1941 916 215 701 200 86 134 66 1025 993 40 964 515 241 274 197 72 64 449 127 96 75 322 291 116 46 175 146 124 102
internal_count=1941 916 215 701 200 86 134 66 1025 993 40 964 515 241 274 197 72 64 449 127 96 75 322 291 116 46 175 146 124 102
is_linear=0
shrinkage=0.03


Tree=142
num_leaves=31
num_cat=0
split_feature=11 9 6 6 6 10 15 11 27 56 3 3 3 20 27 10 28 42 3 45 56 26 48 38 31 41 47 53 1 17
split_gain=51.8155 10.1593 9.71566 3.97832 6.63769 3.64015 2.69098 2.01746 1.74562 4.06557 2.95695 2.17835 2.26846 1.6 1.38471 1.32675 1.25361 2.74024 1.80365 1.7042 1.54646 2.84799 1.62277 1.22015 2.43791 2.2772 2.08683 1.96817 1.16684 1.16396
threshold=0.032701564615071184 141.50000000000003 17.500000000000004 26.500000000000004 28.500000000000004 -0.72947329433276231 80.500000000000014 0.91037613702198772 309.50000000000006 15.550000000000002 6225693.0000000009 6274199.5000000009 6298367.9285000013 7.5000000000000009 314.00000000000006 -0.5 1007.0500000000001 -54.900892850000012 6346132.7145000007 59.500000000000007 11.850000000000003 14.750000000000002 24.500000000000004 339.30245535000012 620.29910715000017 276.0346830634806 98.500000000000014 5.5000000000000009 3425.1428570000003 68.500000000000014
decision_type=2 2 2 2 2 2 2 2 2 2 2 2 2 2 2 2 2 2 2 2 2 2 2 2 2 2 2 2 2 2
left_child=8 2 -2 -3 5 -5 14 -7 10 29 -1 -12 -13 -8 -4 -11 23 19 -19 -18 22 -22 -20 27 25 26 -25 -14 -27 -10
right_child=1 3 6 4 -6 7 13 -9 9 15 11 12 16 -15 -16 -17 17 18 20 -21 21 -23 -24 24 -26 28 -28 -29 -30 -31
leaf_value=-0.27197448435072358 -0.015179514155734422 -0.015179514155734422 -0.20538355366846359 -0.045846429810323996 -0.015179514155734422 0.12851141232891947 6.0266445060785658 -0.3645090516543425 0.00030307873908185456 0.11615566111607563 0.25208327978374429 -0.076729539162812957 0.024065592579063152 -5.5831815160339994e-05 0.001334319335731573 2.5374184948904621 -0.12937626198347857 1.8162116142953026 0.027055166957630945 -0.023673783769615965 3.206118689402524 -0.069690134188836739 -0.26482871780129585 -0.19626043277506833 -0.090300196254073622 0.036077399559358111 1.5870893158189177 -0.11096156400373866 0.9427687342359774 -0.32118323047870406
leaf_weight=23 83 512 76 22 117 46 20 20 65 21 47 82 23 20 21 25 21 47 29 30 34 28 37 40 257 22 21 105 23 24
leaf_count=23 83 512 76 22 117 46 20 20 65 21 47 82 23 20 21 25 21 47 29 30 34 28 37 40 257 22 21 105 23 24
internal_value=-0.00602009 -0.0110939 -0.00545455 -0.0128243 -0.00929268 -0.00306818 -0.000547445 0.000454545 -0.00128486 0.00188889 -0.00177791 -0.00148936 -0.00185857 0.006 -0.00324742 0.00913043 -0.00131799 0.000530973 0.00231429 -0.00558824 0.00046875 0.00387097 -0.00272727 -0.00216904 -0.00128099 0.00254717 -0.00122951 -0.0046875 0.00766667 -0.00185393
internal_weight=1941 937 220 717 205 88 137 66 1004 135 869 846 799 40 97 46 717 226 175 51 128 62 66 491 363 106 61 128 45 89
internal_count=1941 937 220 717 205 88 137 66 1004 135 869 846 799 40 97 46 717 226 175 51 128 62 66 491 363 106 61 128 45 89
is_linear=0
shrinkage=0.03


Tree=143
num_leaves=31
num_cat=0
split_feature=1 9 6 6 6 10 35 40 15 31 27 56 3 44 33 27 9 9 35 3 33 38 32 2 57 21 45 1 1 26
split_gain=48.3758 10.1653 9.86853 3.84143 7.98002 2.91667 2.61076 2.43 2.20049 1.86023 1.76417 3.97094 2.75242 1.53061 1.37629 1.91493 1.74767 2.43779 2.96387 1.93323 2.15231 2.41211 2.05441 1.8702 1.94329 1.73633 2.11449 1.48624 1.34774 1.34216
threshold=1.0000000180025095e-35 141.50000000000003 17.500000000000004 26.500000000000004 28.500000000000004 0.77259657388510639 991.58571430000018 781.94635417708332 80.500000000000014 389.65625000000006 309.50000000000006 15.550000000000002 6225693.0000000009 28.950000000000003 1136.1008930000003 292.50000000000006 141.50000000000003 145.50000000000003 32.322321430000009 7312872.9285000013 827.61190480000016 1062.6580357875002 710.55000000000007 3818.6875000000005 293.50000000000006 243.00000000000003 82.500000000000014 5271.8571430000011 5414.2142860000013 10.950000000000001
decision_type=2 2 2 2 2 2 2 2 2 2 2 2 2 2 2 2 2 2 2 2 2 2 2 2 2 2 2 2 2 2
left_child=1 2 -1 -3 5 29 10 -8 -4 -9 12 13 -2 -12 16 -16 23 18 -18 20 25 22 -22 24 -14 26 -19 -28 -27 -5
right_child=6 3 8 4 -6 -7 7 9 -10 -11 11 -13 14 -15 15 -17 17 19 -20 -21 21 -23 -24 -25 -26 28 27 -29 -30 -31
leaf_value=-0.014724128731062387 -0.2073217898398548 -0.014724128731062387 -0.035776441422155907 -0.012430513940249095 -0.014724128731062387 1.9405726296872041 -0.092376885372908266 0.045434329792985576 0.82304234458894765 -0.10166333534466304 -0.39383315127680707 2.072825893728095 -0.029345916908478955 0.0027890120895260394 -0.3339404728789907 0.15645348260768116 2.2068633510723474 0.23738558036555332 -0.033446263025780174 -0.27200240256369113 -0.036712504616625896 -0.44856817997463505 2.3056452284249009 -0.0074592609340669008 -0.72738845788258699 0.0039317806779431402 -0.032487542863669602 1.7318151651358835 -0.30685874048365008 -0.11025138183432368
leaf_weight=81 22 494 96 30 112 20 48 21 40 29 20 43 42 68 65 20 71 41 53 35 22 28 46 63 35 47 63 27 125 34
leaf_count=81 22 494 96 30 112 20 48 21 40 29 20 43 42 68 65 20 71 41 53 35 22 28 46 63 35 47 63 27 125 34
internal_value=-0.00620556 -0.0112624 -0.00559908 -0.0130435 -0.0094898 -0.0025 -0.00176983 -0.00642857 -0.000661765 -0.0018 -0.00128205 0.00194656 -0.00180745 -0.00170455 -0.00151341 -0.00511765 -0.0010745 -0.000322581 0.0033871 -0.00138249 -0.000789474 0.003125 0.00617647 -0.00407143 -0.00720779 -0.0020297 0.000572519 -0.002 -0.00401163 -0.005625
internal_weight=1941 907 217 690 196 84 1034 98 136 50 936 131 805 88 783 85 698 558 124 434 399 96 68 140 77 303 131 90 172 64
internal_count=1941 907 217 690 196 84 1034 98 136 50 936 131 805 88 783 85 698 558 124 434 399 96 68 140 77 303 131 90 172 64
is_linear=0
shrinkage=0.03


Tree=144
num_leaves=31
num_cat=0
split_feature=11 12 6 6 6 34 11 35 40 31 15 26 57 56 3 43 42 3 3 37 37 12 21 37 16 23 26 23 16 46
split_gain=49.1328 9.10805 9.14652 3.89339 7.43427 3.32097 2.01746 1.88672 2.0154 1.86023 1.76419 1.65059 1.17533 3.27199 2.08373 1.92806 2.98779 1.46598 1.82778 1.64973 1.63093 1.37426 1.26237 1.63364 1.19846 1.23339 1.16176 2.2553 1.76479 1.70001
threshold=0.065403129230142756 0.64987354830121502 17.500000000000004 26.500000000000004 28.500000000000004 54.513095235000002 0.91037613702198772 991.58571430000018 781.94635417708332 389.65625000000006 81.500000000000014 9.6000000000000014 309.50000000000006 16.250000000000004 6225693.0000000009 123.41785715000002 98.24017860000005 6274687.1250000009 6304524.4375000009 11.392857145000002 573.51785715000017 0.62334665204000361 835.50000000000011 687.82946430000015 22.750000000000004 270.00000000000006 17.650000000000002 166.50000000000003 23.850000000000005 24.150000000000002
decision_type=2 2 2 2 2 2 2 2 2 2 2 2 2 2 2 2 2 2 2 2 2 2 2 2 2 2 2 2 2 2
left_child=7 3 -3 -2 5 6 -5 12 -9 -10 11 -4 14 15 -1 -14 -17 20 22 21 -16 -20 23 -19 -21 26 27 -26 -29 -30
right_child=1 2 10 4 -6 -7 -8 8 9 -11 -12 -13 13 -15 17 16 -18 18 19 24 -22 -23 -24 -25 25 -27 -28 28 29 -31
leaf_value=-0.20110213614465916 -0.014282404869130516 -0.014282404869130516 -0.093994307617842873 0.12502898537725804 -0.014282404869130516 -0.037183947786337643 -0.35173355166809328 -0.10114535324259309 0.044071299899196101 -0.098613435284323425 1.3606908340492951 0.002367582998324303 -0.40542499814370037 2.3799682905189381 -0.0045774275513875296 0.50084970009048391 -0.21975635937909616 -0.1012002266484499 -0.024493521401958113 0.74958069834117758 1.1614013848295235 0.36428704236899506 -0.088825709509043616 0.007165816223344214 -0.025512885820304979 1.0488637037039996 -0.039905189704961659 -0.16888552207482721 3.009934380591528 -0.61444154726958689
leaf_weight=22 501 81 58 46 114 20 20 42 21 29 24 52 40 38 21 37 20 55 32 28 22 30 21 26 185 54 175 56 21 50
leaf_count=22 501 81 58 46 114 20 20 42 21 29 24 52 40 38 21 37 20 55 32 28 22 30 21 26 185 54 175 56 21 50
internal_value=-0.00628284 -0.0113319 -0.00593023 -0.0129886 -0.00945 -0.0027907 0.000454545 -0.00177073 -0.00586957 -0.0018 -0.0011194 -0.00272727 -0.00136656 0.00122222 -0.00180451 -0.00170103 0.00184211 -0.00154639 -0.00186221 -0.0012599 0.00383721 0.0033871 -0.00558824 -0.00388889 -0.00176626 -0.00207948 -0.00255647 -0.00365385 -0.00673228 -0.00359155
internal_weight=1941 916 215 701 200 86 66 1025 92 50 134 110 933 135 798 97 57 776 733 631 43 62 102 81 569 541 487 312 127 71
internal_count=1941 916 215 701 200 86 66 1025 92 50 134 110 933 135 798 97 57 776 733 631 43 62 102 81 569 541 487 312 127 71
is_linear=0
shrinkage=0.03


Tree=145
num_leaves=31
num_cat=0
split_feature=11 12 6 6 6 10 10 4 43 42 26 45 26 27 1 56 53 37 37 37 18 48 12 24 57 24 57 14 49 28
split_gain=47.8309 9.72803 9.79921 4.13287 7.88486 3.54084 2.43492 2.16182 1.62575 1.96926 1.56873 1.55632 1.30053 1.33247 1.29569 2.48435 1.62697 1.64019 1.84258 2.22062 1.61229 1.77482 1.56875 1.43889 1.41764 2.55314 1.84457 1.35107 1.31765 1.10171
threshold=0.065403129230142756 0.64987354830121502 17.500000000000004 26.500000000000004 28.500000000000004 -0.72947329433276231 -0.93540483100319605 3.5000000000000004 -132.28571429999997 -31.708035735000035 15.250000000000002 81.500000000000014 8.3500000000000032 284.50000000000006 5414.2142860000013 8.6500000000000004 184.50000000000003 774.33125000000007 305.97500000000008 167.00000000000003 33.500000000000007 21.500000000000004 0.53946920585801694 778.45000000000016 262.50000000000006 570.45000000000016 304.50000000000006 32.050000000000004 1.5000000000000002 1004.4500000000002
decision_type=2 2 2 2 2 2 2 2 2 2 2 2 2 2 2 2 2 2 2 2 2 2 2 2 2 2 2 2 2 2
left_child=6 3 -3 -2 5 -5 8 -7 9 10 -1 12 -4 -14 15 20 17 18 19 22 21 -8 -17 24 25 -16 -26 -28 -20 -15
right_child=1 2 11 4 -6 7 14 -9 -10 -11 -12 -13 13 29 23 16 -18 -19 28 -21 -22 -23 -24 -25 26 -27 27 -29 -30 -31
leaf_value=-0.097976304257228294 -0.013853932723056602 -0.013853932723056602 -0.45284896160057247 -0.036068429352747511 -0.013853932723056602 -0.37991531107691173 -0.073136304196676744 0.18921434163365711 0.014977088784050433 -0.12904433123919351 -0.02816210330716842 1.319870109027816 -0.034126022128782282 -0.007018912536433085 -0.18408918549905648 -0.035640275028960638 2.2026138338457435 -0.16964435711414283 0.0066376999799637303 -0.24550746320253949 -0.13074754217072423 0.049746405248664638 0.14839191982228497 1.538020369564308 -0.072064805506705118 3.5851077632039914 -0.098799012807679665 2.6967882193771859 1.1866247299549766 0.01391827123243055
leaf_weight=30 501 81 34 20 114 32 50 34 28 33 53 24 21 34 129 32 26 26 34 28 31 23 29 22 322 22 39 32 36 21
leaf_count=30 501 81 34 20 114 32 50 34 28 33 53 24 21 34 129 32 26 26 34 28 31 23 29 22 322 22 39 32 36 21
internal_value=-0.00625193 -0.0112336 -0.00565116 -0.0129458 -0.0093 -0.00244186 -0.0018 0.000909091 -0.00541667 -0.00698276 -0.00451807 -0.000671642 -0.00218182 0 -0.00120885 0.000333333 0.00220379 0.00121622 0.00235849 -0.000505618 -0.00346154 -0.0010274 0.00270492 -0.00206714 -0.00237132 9.93377e-05 -0.00332061 0.00105634 0.006 0.00245455
internal_weight=1941 916 215 701 200 86 1025 66 144 116 83 134 110 76 881 315 211 185 159 89 104 73 61 566 544 151 393 71 70 55
internal_count=1941 916 215 701 200 86 1025 66 144 116 83 134 110 76 881 315 211 185 159 89 104 73 61 566 544 151 393 71 70 55
is_linear=0
shrinkage=0.03


Tree=146
num_leaves=31
num_cat=0
split_feature=11 9 6 6 6 10 11 10 26 42 27 56 9 57 1 3 54 54 9 5 34 14 16 2 32 37 42 27 18 37
split_gain=46.9097 10.1038 10.134 3.79978 7.43427 3.32097 2.01746 1.96681 1.99031 1.95169 1.66417 5.50493 2.35016 1.94211 3.18896 2.07435 2.01809 1.9628 1.99426 1.8223 2.75783 2.2575 1.90476 1.79185 1.66731 1.61751 1.50952 2.17554 1.72464 2.2808
threshold=0.065403129230142756 141.50000000000003 17.500000000000004 26.500000000000004 28.500000000000004 -0.72947329433276231 0.91037613702198772 -0.97335555334614932 14.850000000000003 -31.708035735000035 309.50000000000006 15.550000000000002 141.50000000000003 293.50000000000006 7777.0714285000004 6400716.0625000009 733.60000000000002 723.00000000000011 143.50000000000003 22.500000000000004 824.84375000000011 31.050000000000004 23.750000000000004 2667.0714285000008 1023.6214285000002 153.64017855 -37.261607099999985 263.50000000000006 6.5000000000000009 833.9312500000002
decision_type=2 2 2 2 2 2 2 2 2 2 2 2 2 2 2 2 2 2 2 2 2 2 2 2 2 2 2 2 2 2
left_child=7 2 -2 -3 5 -5 -7 8 -1 25 12 -12 19 16 15 -15 17 18 23 21 -21 -9 -23 -14 -18 -10 27 -20 29 -28
right_child=1 3 -4 4 -6 6 -8 10 9 -11 11 -13 13 14 -16 -17 24 -19 26 20 -22 22 -24 -25 -26 -27 28 -29 -30 -31
leaf_value=-0.098887760797444615 -0.013438314741364902 -0.013438314741364902 -0.010720135536928053 -0.034986376472165091 -0.013438314741364902 0.12413863035758919 -0.32978408578574314 0.015933591604681357 -0.060474856197465926 -0.19449026665942959 -0.10873265311012857 2.26163369950096 2.3957513971800335 -0.20205253746361818 2.1424739840350151 0.076123397665401812 -0.53324461885913133 0.042658672947659453 -0.09248116708799746 -0.27189601535606123 -0.0033742984686401722 -0.076570309263480393 0.011106984574560563 -0.24492043362991409 -0.10758971418094461 0.077970834218464555 -0.0032783938508578856 -0.39346229915750452 -0.034936707899068151 4.1016474151032014
leaf_weight=27 81 501 134 20 114 46 20 21 31 25 88 39 35 22 30 21 39 24 70 54 24 28 32 24 65 21 67 44 172 22
leaf_count=27 81 501 134 20 114 46 20 21 31 25 88 39 35 22 30 21 39 24 70 54 24 28 32 24 65 21 67 44 172 22
internal_value=-0.00626739 -0.0112009 -0.00551163 -0.0129458 -0.00945 -0.0027907 0.000454545 -0.00185854 -0.00576923 -0.00331169 -0.00141694 0.00177165 -0.00192695 -0.00111024 0.00349315 -0.00174419 -0.00170819 -0.000851528 -0.00131336 -0.00518868 -0.00846154 -0.00203704 -0.005 0.00381356 -0.00548077 0 -0.00212 -0.005 -0.000862069 0.00252809
internal_weight=1941 916 215 701 200 86 66 1025 104 77 921 127 794 635 73 43 562 458 434 159 78 81 60 59 104 52 375 114 261 89
internal_count=1941 916 215 701 200 86 66 1025 104 77 921 127 794 635 73 43 562 458 434 159 78 81 60 59 104 52 375 114 261 89
is_linear=0
shrinkage=0.03


Tree=147
num_leaves=31
num_cat=0
split_feature=11 9 6 6 6 58 11 10 40 15 47 16 35 11 27 56 9 1 57 57 1 3 33 15 21 6 21 1 57 32
split_gain=48.0966 9.67388 9.39128 3.88461 6.63769 3.84691 2.61333 1.87656 2.23092 1.79905 1.74727 1.33636 1.22095 1.08 1.06708 3.93169 1.93569 2.11549 1.96841 1.78592 3.18896 2.07435 1.93743 1.5016 3.33355 1.51947 2.09222 1.48651 1.54324 1.60104
threshold=0.032701564615071184 141.50000000000003 17.500000000000004 26.500000000000004 28.500000000000004 1006.6500000000002 0.91037613702198772 -0.97335555334614932 686.08545387500021 79.500000000000014 32.500000000000007 24.350000000000005 919.35982145000014 0.91037613702198772 309.50000000000006 16.250000000000004 141.50000000000003 2528.1071430000006 301.50000000000006 293.50000000000006 7777.0714285000004 6400716.0625000009 1133.0267855000004 81.500000000000014 260.50000000000006 26.500000000000004 584.50000000000011 7919.4732145000007 265.50000000000006 963.55000000000007
decision_type=2 2 2 2 2 2 2 2 2 2 2 2 2 2 2 2 2 2 2 2 2 2 2 2 2 2 2 2 2 2
left_child=7 2 -2 -3 5 -5 -7 8 -1 12 -11 -10 -4 -12 16 -16 17 -9 -19 22 21 -21 23 24 -18 26 -26 -28 -29 -30
right_child=1 3 9 4 -6 6 -8 14 11 10 13 -13 -14 -15 15 -17 19 18 -20 20 -22 -23 -24 -25 25 -27 27 28 29 -31
leaf_value=-0.17268853117461799 -0.013035165299123954 -0.013035165299123954 -0.2322565513558188 -0.053746112755431695 -0.013035165299123954 0.52637517220044805 -0.31989056321217163 0.014235658022550854 -0.15081917566778144 6.4478447842055484 0.0024163564206822262 0.029588966898935119 0.0077121593945858533 -0.371137606597155 -0.077909011059448405 2.6255804612095788 3.0112874554597795 -0.04050752555430677 -0.98607338328461602 -0.19599096133971017 2.0781997645139665 0.073839695735439859 -0.41061265314870643 -0.07775514860458986 -0.13892746452965113 -0.044004941358332786 3.4530806785438162 3.5412357386825009 -1.4568401202986201 0.7252279310495009
leaf_weight=28 83 512 43 38 117 30 20 20 22 22 30 33 22 20 92 35 35 115 24 22 30 21 71 138 94 128 22 23 20 31
leaf_count=28 83 512 43 38 117 30 20 20 22 22 30 33 22 20 92 35 35 115 24 22 30 21 71 138 94 128 22 23 20 31
internal_value=-0.00620556 -0.0110939 -0.00559091 -0.0127824 -0.00929268 -0.00306818 0.0024 -0.00164343 -0.00596386 -0.000766423 0.0025 -0.00245455 -0.00438462 -0.0006 -0.00125407 0.00129921 -0.00166247 -0.00462264 -0.00593525 -0.00092126 0.00349315 -0.00174419 -0.00149466 -0.000824847 0.000212465 -0.000754717 0.000947368 0.0040625 0.00202703 -0.000882353
internal_weight=1941 937 220 717 205 88 50 1004 83 137 72 55 65 50 921 127 794 159 139 635 73 43 562 491 353 318 190 96 74 51
internal_count=1941 937 220 717 205 88 50 1004 83 137 72 55 65 50 921 127 794 159 139 635 73 43 562 491 353 318 190 96 74 51
is_linear=0
shrinkage=0.03


Tree=148
num_leaves=31
num_cat=0
split_feature=60 9 6 4 6 6 28 36 36 16 17 37 38 23 6 35 34 32 3 32 37 32 27 28 39 32 28 30 35 43
split_gain=44.161 9.67543 9.53838 4.24976 3.86689 8.12723 2.43405 2.23399 1.78058 1.75095 1.73639 1.16173 3.73216 2.59826 1.25695 1.4838 1.45761 1.39455 1.22739 1.20635 1.1887 1.75236 2.68126 1.7093 1.6765 1.89121 1.43682 2.11232 1.23566 1.75899
threshold=1.0000000180025095e-35 141.50000000000003 17.500000000000004 17.500000000000004 26.500000000000004 28.500000000000004 1006.6500000000002 675.34464285000001 35.900000000000013 24.450000000000003 27.500000000000004 870.77857140000015 704.4584821000002 170.00000000000003 26.500000000000004 88.262500000000003 391.88125000000008 996.84553570000014 6225693.0000000009 1046.5857140000001 705.46250000000009 802.69880950000004 292.50000000000006 1007.1500000000002 828.32220980625004 950.34732145000009 1005.0500000000001 809.55000000000007 1012.8687500000002 -313.46071406499999
decision_type=2 2 2 2 2 2 2 2 2 2 2 2 2 2 2 2 2 2 2 2 2 2 2 2 2 2 2 2 2 2
left_child=1 2 -1 11 -3 6 -6 -8 -5 -4 -11 18 13 -13 15 16 -14 -17 -2 -18 21 28 24 26 -23 -26 -22 -28 29 -20
right_child=3 4 9 8 5 -7 7 -9 -10 10 -12 12 14 -15 -16 17 19 -19 20 -21 23 22 -24 -25 25 -27 27 -29 -30 -31
leaf_value=-0.012644110340150236 -0.24619903108916258 -0.012644110340150236 -0.23423563878213144 -0.030699315547937402 -0.10208429438829353 -0.012644110340150236 3.2486649251469601 -0.24125074981516434 -0.034766680382402555 3.3011081897545509 -0.0074902713795749493 0.28829897520902831 -0.84382693434924128 2.8540935753594678 -0.09291860981152586 -1.1651764870040586 2.9535404615353809 -0.015717382068395409 0.037115546719586515 -0.0090745330922534714 -0.25464027862211258 1.7607749593894129 1.1981948426642617 -0.34806728470386722 -0.4754450779668819 0.0098219542249489682 0.85082999819018934 -0.11407374654555684 -0.10760730110240732 -0.028445718443832389
leaf_weight=77 21 479 39 37 30 108 21 31 47 24 65 22 22 27 36 34 36 48 33 21 31 22 26 43 20 55 24 31 53 378
leaf_count=77 21 479 39 37 30 108 21 31 47 24 65 22 22 27 36 34 36 48 33 21 31 22 26 43 20 55 24 31 53 378
internal_value=-0.00619011 -0.0111899 -0.0054878 -0.00209466 -0.0129372 -0.00931579 -0.00219512 0.00173077 -0.00857143 -0.00046875 0.00185393 -0.0015412 0.000243902 0.00765306 -0.00159898 -0.000465839 0.00246835 -0.00329268 -0.00213704 0.005 -0.00192737 -0.00135434 0.00182927 -0.00453488 -0.000463918 -0.0026 -0.00209302 0.000818182 -0.00219828 -0.00164234
internal_weight=1941 874 205 1067 669 190 82 52 84 128 89 983 246 49 197 161 79 82 737 57 716 587 123 129 97 75 86 55 464 411
internal_count=1941 874 205 1067 669 190 82 52 84 128 89 983 246 49 197 161 79 82 737 57 716 587 123 129 97 75 86 55 464 411
is_linear=0
shrinkage=0.03


Tree=149
num_leaves=31
num_cat=0
split_feature=1 9 8 49 57 9 35 40 57 15 47 40 9 10 18 9 33 26 46 40 47 57 47 54 21 31 57 54 45 38
split_gain=46.2469 9.44473 9.54212 3.78931 4.08739 4.02706 2.4507 2.43 2.37824 1.94485 1.74727 1.57962 1.55204 1.48463 1.24445 1.14036 3.24417 3.4494 1.6376 1.95802 1.60169 1.38437 2.94898 1.77708 2.25403 2.60796 2.318 1.56914 2.67066 1.97176
threshold=1.0000000180025095e-35 141.50000000000003 4.5000000000000009 2.5000000000000004 302.50000000000006 149.50000000000003 991.58571430000018 781.94635417708332 290.50000000000006 79.500000000000014 32.500000000000007 861.35115326458333 143.50000000000003 -0.72947329433276231 37.500000000000007 141.50000000000003 356.12678570000008 16.250000000000004 23.750000000000004 669.15040924854179 57.500000000000007 294.50000000000006 1.5000000000000002 733.60000000000002 678.50000000000011 705.31428570000014 264.50000000000006 210.50000000000003 82.500000000000014 743.97968750000018
decision_type=2 2 2 2 2 2 2 2 2 2 2 2 2 2 2 2 2 2 2 2 2 2 2 2 2 2 2 2 2 2
left_child=1 2 9 4 5 8 15 -8 12 -1 -11 -9 -3 -14 -15 16 17 20 -18 -20 -2 23 -23 24 27 -26 -27 28 29 -17
right_child=6 3 -4 -5 -6 -7 7 11 -10 10 -12 -13 13 14 -16 21 18 -19 19 -21 -22 22 -24 -25 25 26 -28 -29 -30 -31
leaf_value=-0.11591831317890247 0.014884015555641937 -0.12234160926198759 -0.012264787029945729 -0.012264787029945729 -0.012264787029945729 -0.011877630207826615 -0.074367512293972052 0.038685548535934283 0.62576945474970669 6.2084063524147943 -0.0048441482535326041 -0.054849186054622974 -0.07232977021401793 0.027858449852765661 -0.056406053553974246 1.2689424782747512 -0.058754802220581902 2.2714382712686203 -0.29624693626850385 0.023192664620302016 -0.62128758780767646 1.4816621593784953 0.0023521297767214833 -0.31013353784480951 3.2856050581868748 3.0273770814320096 -0.044836830302268184 -0.09757662334527803 -0.050040836698834766 -0.42858852429062377
leaf_weight=64 34 28 81 380 113 58 48 24 20 22 50 26 20 40 31 57 49 20 38 42 38 21 126 103 22 31 55 155 120 25
leaf_count=64 34 28 81 380 113 58 48 24 20 22 50 26 20 40 31 57 49 20 38 42 38 21 126 103 22 31 55 155 120 25
internal_value=-0.00625193 -0.0111963 -0.00573733 -0.012913 -0.0104516 -0.00784264 -0.00191489 -0.00642857 -0.00507194 -0.000882353 0.0025 -0.0018 -0.00668067 -0.00478022 -0.00274648 -0.00144231 -0.00332579 0.000978261 -0.00639535 -0.00375 -0.00208333 -0.00086014 0.00173469 -0.00153169 -0.000741935 0.00305556 0.000697674 -0.00189076 -0.000148515 0.00402439
internal_weight=1941 907 217 690 310 197 1034 98 139 136 72 50 119 91 71 936 221 92 129 80 72 715 147 568 465 108 86 357 202 82
internal_count=1941 907 217 690 310 197 1034 98 139 136 72 50 119 91 71 936 221 92 129 80 72 715 147 568 465 108 86 357 202 82
is_linear=0
shrinkage=0.03


Tree=150
num_leaves=31
num_cat=0
split_feature=1 9 8 6 6 10 57 35 40 15 47 40 28 28 56 49 51 34 3 31 39 23 41 1 3 57 11 57 19 42
split_gain=45.3034 9.55485 9.56654 5.33022 8.37775 2.32515 2.11179 2.10028 2.1192 1.94485 1.74727 1.57962 1.11673 1.09816 3.22072 2.88366 2.25195 2.29905 2.03941 1.65815 1.44632 1.33275 1.49976 2.44643 2.08362 1.50516 1.71703 1.62023 1.32816 1.31065
threshold=1.0000000180025095e-35 149.50000000000003 3.5000000000000004 20.500000000000004 26.500000000000004 0.77259657388510639 259.50000000000006 991.58571430000018 781.94635417708332 79.500000000000014 32.500000000000007 861.35115326458333 1007.0500000000001 1005.4500000000002 18.650000000000002 5.5000000000000009 301.50000000000006 805.65625000000011 6386244.4285000013 436.81428570000008 890.8642857437502 291.00000000000006 356.70279228116334 7190.6309520000004 6348568.4285000013 254.00000000000003 -0.83146961230254512 57.500000000000007 8.5000000000000018 98.24017860000005
decision_type=2 2 2 2 2 2 2 2 2 2 2 2 2 2 2 2 2 2 2 2 2 2 2 2 2 2 2 2 2 2
left_child=1 2 3 9 -5 12 -4 13 -9 -1 -11 -10 -6 16 21 -16 19 -18 -19 -2 -21 22 23 25 -24 27 -27 -15 -20 -28
right_child=7 -3 6 4 5 -7 -8 8 11 10 -12 -13 -14 14 15 -17 17 18 28 20 -22 -23 24 -25 -26 26 29 -29 -30 -31
leaf_value=-0.1124407637835355 -0.022928012277157215 -0.011896843419047358 -0.11857459432841055 -0.011896843419047358 -0.096851872450224183 1.8063753957045423 -0.011896843419047358 -0.072136486925152885 0.03752498207985621 6.0221541618423489 -0.0046988238059266271 -0.053203710472984223 0.010093071024158462 0.0040558864256399832 0.048158216568266424 3.8483332848408724 -0.20348060788669381 -0.076427574230826675 0.17559284084014279 2.747698840075762 -0.045236622887593399 1.245594929967603 1.2979569039966281 -0.28308031143324225 -0.08037685301263342 -0.092581536878987999 0.034225167102305158 -0.053174198256626254 -0.41765624484615071 -0.13226603486113162
leaf_weight=64 71 361 25 113 34 20 188 48 24 22 50 26 30 29 42 24 60 52 27 26 20 40 49 163 58 26 149 39 28 33
leaf_count=64 71 361 25 113 34 20 188 48 24 22 50 26 30 29 42 24 60 52 27 26 20 40 49 163 58 26 149 39 28 33
internal_value=-0.00623648 -0.0111301 -0.00862637 -0.00545045 -0.00860406 -0.00142857 -0.0135915 -0.00194391 -0.00612245 -0.000882353 0.0025 -0.0018 -0.00421875 -0.00150641 -0.000828221 0.00545455 -0.00306338 -0.0052994 -0.00266355 0.000128205 0.00456522 -0.00153584 -0.00192308 -0.00269932 0.00126168 -0.000978261 0.000288462 -0.00485294 0.00136364 0.00131868
internal_weight=1941 907 546 333 197 84 213 1034 98 136 72 50 64 936 652 66 284 167 107 117 46 586 546 439 107 276 208 68 55 182
internal_count=1941 907 546 333 197 84 213 1034 98 136 72 50 64 936 652 66 284 167 107 117 46 586 546 439 107 276 208 68 55 182
is_linear=0
shrinkage=0.03


Tree=151
num_leaves=31
num_cat=0
split_feature=1 9 6 28 6 15 27 28 35 37 3 57 57 28 56 49 44 14 2 33 56 14 46 23 34 23 6 17 35 27
split_gain=45.5498 9.72249 6.80952 10.1649 6.42668 4.11935 1.9644 1.95209 1.85828 2.14303 2.42846 1.59145 1.2683 1.14384 3.17372 2.88366 2.0858 1.92474 1.70178 1.98743 1.57753 1.69439 1.4902 1.30706 1.30583 1.18997 1.97567 1.54611 3.36271 1.59049
threshold=1.0000000180025095e-35 149.50000000000003 26.500000000000004 1005.7500000000001 17.500000000000004 81.500000000000014 248.50000000000003 1004.9500000000002 991.58571430000018 91.033928570000015 7089669.5000000009 278.50000000000006 278.50000000000006 1005.4500000000002 18.650000000000002 5.5000000000000009 29.450000000000003 28.650000000000002 4171.9375000000009 1061.6517855000002 18.850000000000005 31.950000000000003 24.550000000000004 291.00000000000006 607.38125000000014 62.500000000000007 25.500000000000004 4.5000000000000009 29.999107145000004 276.50000000000006
decision_type=2 2 2 2 2 2 2 2 2 2 2 2 2 2 2 2 2 2 2 2 2 2 2 2 2 2 2 2 2 2
left_child=1 2 3 4 -1 7 -4 11 13 -10 -11 -6 -5 16 23 -16 17 22 -18 20 -20 -22 24 25 -2 26 -15 28 -27 -30
right_child=8 -3 6 12 5 -7 -8 -9 9 10 -12 -13 -14 14 15 -17 18 -19 19 -21 21 -23 -24 -25 -26 27 -28 -29 29 -31
leaf_value=-0.011539938116475938 -0.073991243230671411 -0.011539938116475938 -0.096890138349298868 -0.020414172537335858 -0.089670649710092781 2.6249025016937062 0.0090224328293856387 -0.023074563764113397 -0.056958248858914047 -0.077219303856408766 0.022393180764138869 0.0026391180480600579 -0.011539938116475938 -0.020186418326569252 0.046713470071218809 3.732883286295646 -0.19737618965009301 0.08242776959845978 0.0089522866179895817 -0.26523656592683459 -0.04358730155180876 -0.051475641491360677 -0.200363014728376 1.2082270820685739 0.57431170889495176 1.8616396583844583 0.35191534750350517 -0.077149389219675721 0.01757158669164317 -0.23519195061524301
leaf_weight=43 41 361 32 96 22 22 52 23 32 46 20 63 193 53 42 24 20 24 60 30 26 25 34 40 24 33 29 346 37 48
leaf_count=43 41 361 32 96 22 22 52 23 32 46 20 63 193 53 42 24 20 24 60 30 26 25 34 40 24 33 29 346 37 48
internal_value=-0.00619011 -0.011097 -0.00857143 -0.01 -0.00424855 -0.000923077 -0.000714286 -0.00333333 -0.00188588 -0.00581633 -0.00272727 -0.00123529 -0.0134429 -0.00147436 -0.000782209 0.00545455 -0.00306338 -0.000121951 -0.00531056 -0.00414894 -0.0022973 -0.00617647 -0.0019697 -0.00148464 0.000692308 -0.00186813 0.00146341 -0.0024569 0.000508475 -0.00264706
internal_weight=1941 907 546 462 173 130 84 108 1034 98 66 85 289 936 652 66 284 123 161 141 111 51 99 586 65 546 82 464 118 85
internal_count=1941 907 546 462 173 130 84 108 1034 98 66 85 289 936 652 66 284 123 161 141 111 51 99 586 65 546 82 464 118 85
is_linear=0
shrinkage=0.03


Tree=152
num_leaves=31
num_cat=0
split_feature=60 9 8 28 6 10 46 10 57 19 31 51 27 56 17 41 38 39 43 43 47 3 2 54 49 57 28 43 46 33
split_gain=42.9567 9.42365 9.83135 4.96333 7.25013 4.02869 2.47206 2.18939 2.17043 2.13529 2.064 1.5009 1.42673 2.84459 1.39469 1.27997 1.72568 2.3591 2.10152 1.50066 1.68709 1.77355 1.47125 1.45457 1.59994 1.59691 1.79487 1.54325 1.48996 1.39557
threshold=1.0000000180025095e-35 149.50000000000003 3.5000000000000004 1005.85 26.500000000000004 -0.97335555334614932 24.450000000000003 0.77259657388510639 259.50000000000006 3.5000000000000004 245.86875000000003 152.00000000000003 309.50000000000006 19.000000000000004 52.500000000000007 366.47330372033241 555.54687500000011 549.7989955375001 429.21250000000003 1.0000000180025095e-35 4.5000000000000009 6397828.7855000012 1346.5714285000001 582.30000000000007 4.5000000000000009 290.50000000000006 1005.6500000000002 -328.25803569999999 23.550000000000004 827.61190480000016
decision_type=2 2 2 2 2 2 2 2 2 2 2 2 2 2 2 2 2 2 2 2 2 2 2 2 2 2 2 2 2 2
left_child=1 2 3 6 -5 10 -1 -6 -4 14 11 -2 15 -14 -8 16 17 -7 22 -17 -21 -22 -18 29 25 27 -27 -25 -29 -24
right_child=5 -3 8 4 7 12 9 -9 -10 -11 -12 -13 13 -15 -16 19 18 -19 -20 20 21 -23 23 24 -26 26 -28 28 -30 -31
leaf_value=-0.16262055739923098 -0.028307307457435423 -0.01119373997298166 -0.11440493132243817 -0.014477402546280421 -0.092659037159550095 -0.019713486509477178 1.2311428341147075 1.7519134608485256 -0.01119373997298166 -0.0062870371634805222 -0.0097753296098285602 -0.075530521428000458 -0.045823775005472953 2.6480385236066426 0.00041989630918992671 1.9214526295347361 -0.53077144395151676 0.030845757683669959 0.5169769117534142 1.4547213312649978 -0.37135515729877394 0.0053196579807500369 -0.15288340144752566 0.0089613667866106361 -0.60344635615425413 -0.051175709118421855 1.4524522630722483 -0.36181219380687651 -0.064226211569418865 0.78649086968863569
leaf_weight=40 51 352 25 117 55 224 31 20 180 34 35 60 101 26 20 32 20 36 22 25 35 22 99 22 24 30 26 49 75 53
leaf_count=40 51 352 25 117 55 224 31 20 180 34 35 60 101 26 20 32 20 36 22 25 35 22 99 22 24 30 26 49 75 53
internal_value=-0.00619011 -0.0111213 -0.00856322 -0.00525237 -0.00828125 -0.00215089 -0.0006 -0.001 -0.0136829 0.00229412 -0.00678082 -0.00878378 -0.00141694 0.00153543 0.00617647 -0.00188917 -0.00238235 -0.000461538 -0.00357143 0.00105263 -0.00109756 -0.00394737 -0.00407035 -0.00365079 -0.00517699 -0.00430693 0 -0.0059589 -0.00725806 -0.00138158
internal_weight=1941 874 522 317 192 1067 125 75 205 85 146 111 921 127 51 794 680 260 420 114 82 57 398 378 226 202 56 146 124 152
internal_count=1941 874 522 317 192 1067 125 75 205 85 146 111 921 127 51 794 680 260 420 114 82 57 398 378 226 202 56 146 124 152
is_linear=0
shrinkage=0.03


Tree=153
num_leaves=31
num_cat=0
split_feature=1 12 8 6 6 57 28 11 35 37 3 33 15 3 11 33 33 47 39 32 15 38 54 40 8 30 48 46 18 26
split_gain=45.2633 9.72249 8.71274 4.54238 8.86295 2.61182 2.37363 3.25 2.16704 1.93558 1.56573 1.53592 1.52002 1.44183 1.28403 1.047 2.05635 2.01625 1.64446 2.71252 1.55377 2.73778 1.45787 1.60474 1.34221 1.64902 2.30501 1.23118 1.36513 1.15136
threshold=1.0000000180025095e-35 0.53946920585801694 3.5000000000000004 20.500000000000004 26.500000000000004 259.50000000000006 1006.6500000000002 0.84874750804349197 987.0571428500001 91.033928570000015 7089669.5000000009 1166.4571430000003 79.500000000000014 6297804.0000000009 0.91037613702198772 827.61190480000016 683.04464285000006 6.5000000000000009 1142.4796874125002 1184.6642860000004 72.500000000000014 579.39642857500019 218.50000000000003 90.47496279604168 2.5000000000000004 907.54285715000015 17.500000000000004 23.950000000000003 1.0000000180025095e-35 14.350000000000003
decision_type=2 2 2 2 2 2 2 2 2 2 2 2 2 2 2 2 2 2 2 2 2 2 2 2 2 2 2 2 2 2
left_child=1 -1 3 12 -5 -4 -6 -8 11 -10 -11 15 13 -3 -14 16 20 -18 19 27 21 -2 -22 -24 -23 26 -26 -17 -29 -19
right_child=8 2 5 4 6 -7 7 -9 9 10 -12 -13 14 -15 -16 18 17 29 -20 -21 22 24 23 -25 25 -27 -28 28 -30 -31
leaf_value=-0.010857927773792211 0.051619642195111129 -0.94338548891573404 -0.11097278338276502 -0.010759417896593248 -0.068448430067880234 -0.010857927773792211 0.71467772425976017 -0.34838375516851755 -0.053691933959865094 -0.073345157307434863 0.020665965604827811 -0.10796243711038903 0.011082381994976015 -0.010935036650866342 -0.037907646635914678 -0.038374528054881958 0.028347354715804157 -0.21567995261823908 -0.2421808009823552 3.885176099955538 -0.020202744478505109 -0.066950522309304872 -0.9932045931907959 -0.055464934797152921 -1.3620960492702301 3.1050761839296328 0.49896039186164215 -0.093642984887225958 2.6258109744404976 -0.29807776774332184
leaf_weight=361 135 22 25 113 32 188 26 26 32 48 21 71 40 42 32 106 27 20 20 20 202 61 25 28 24 34 27 34 36 63
leaf_count=361 135 22 25 113 32 188 26 26 32 48 21 71 40 42 32 106 27 20 20 20 202 61 25 28 24 34 27 34 36 63
internal_value=-0.00620556 -0.011097 -0.00857143 -0.00554054 -0.00845178 -0.0133099 -0.00107143 0.00288462 -0.00191489 -0.00608911 -0.00326087 -0.00146302 -0.00132353 -0.0046875 0.00166667 -0.00111369 -0.00171827 -0.00545455 0.000694444 0.00153061 -0.000951493 0.000587189 -0.00264706 -0.00707547 -0.00226027 0.000176471 -0.00323529 0.000340909 0.00342857 -0.00777108
internal_weight=1941 907 546 333 197 213 84 52 1034 101 69 933 136 64 72 862 646 110 216 196 536 281 255 53 146 85 51 176 70 83
internal_count=1941 907 546 333 197 213 84 52 1034 101 69 933 136 64 72 862 646 110 216 196 536 281 255 53 146 85 51 176 70 83
is_linear=0
shrinkage=0.03


Tree=154
num_leaves=31
num_cat=0
split_feature=11 9 8 6 6 57 57 21 10 16 37 38 21 41 50 23 57 38 42 57 23 44 31 43 36 8 41 58 58 3
split_gain=44.9349 9.06195 8.76464 4.98264 8.47087 2.7289 2.4773 1.67249 1.5285 1.86941 1.53409 1.37559 3.73891 1.81817 2.04403 1.47294 1.69419 1.91803 1.35842 1.29915 2.80652 1.29013 1.44689 1.88294 2.2519 1.18785 2.13333 1.18595 1.36111 1.4881
threshold=0.032701564615071184 149.50000000000003 3.5000000000000004 20.500000000000004 26.500000000000004 257.50000000000006 259.50000000000006 19.500000000000004 -0.97335555334614932 24.350000000000005 103.99821430000001 579.39642857500019 524.00000000000011 366.47330372033241 99.500000000000014 282.50000000000006 290.50000000000006 839.31674107500021 137.93303570000003 263.50000000000006 173.50000000000003 28.750000000000004 501.55535715000002 -145.89285719999995 57.48125000000001 5.5000000000000009 240.40408207183438 1004.4500000000002 1004.9500000000002 6297804.0000000009
decision_type=2 2 2 2 2 2 2 2 2 2 2 2 2 2 2 2 2 2 2 2 2 2 2 2 2 2 2 2 2 2
left_child=8 2 3 27 -5 -6 -4 -3 9 -1 -11 12 18 14 15 16 -13 25 21 -15 -21 -10 23 -23 -25 26 -18 -2 -29 -30
right_child=1 7 6 4 5 -7 -8 -9 11 10 -12 13 -14 19 -16 -17 17 -19 -20 20 -22 22 -24 24 -26 -27 -28 28 29 -31
leaf_value=-0.13254375524497078 -0.048272988168853316 -0.010532189940578444 -0.10764359988128207 -0.010764048170007456 -0.060618329170276444 0.25687234771161171 -0.010532189940578444 -0.019907037874289223 -0.024561786504315109 -0.079598561840037274 0.047064194944673933 -0.14576178363409059 0.8932639386471608 2.5374619697979983 0.87848821945028532 1.3347553419707809 -0.0020878273995092018 1.6452203886502161 -0.42522818169567356 1.5726431985974421 -0.046147382573500921 -0.14075717185847167 0.22877210227744782 0.050071052929257794 -0.2616436444265986 0.11495989283435619 -0.44303234057529867 0.014542296813168832 -0.44883574768349932 0.045980238461975201
leaf_weight=39 65 356 25 116 56 32 195 20 102 20 24 233 47 31 58 27 24 32 25 20 67 22 22 125 21 35 30 24 20 28
leaf_count=39 65 356 25 116 56 32 195 20 102 20 24 233 47 31 58 27 24 32 25 20 67 22 22 125 21 35 30 24 20 28
internal_value=-0.00611283 -0.0108378 -0.00842246 -0.00541056 -0.00838235 -0.00136364 -0.0130909 -0.0144415 -0.00170319 -0.00560241 -0.00136364 -0.00135179 8.24176e-05 -0.00228905 -0.00317768 -0.00397638 -0.00449153 -0.00161157 -0.00108833 0.00101695 -0.000862069 -0.000513699 0.000947368 0 0.00123288 -0.0038764 -0.00666667 -0.000985401 0.00166667 -0.00125
internal_weight=1941 937 561 341 204 88 220 376 1004 83 44 921 364 557 439 381 354 121 317 118 87 292 190 168 146 89 54 137 72 48
internal_count=1941 937 561 341 204 88 220 376 1004 83 44 921 364 557 439 381 354 121 317 118 87 292 190 168 146 89 54 137 72 48
is_linear=0
shrinkage=0.03


Tree=155
num_leaves=31
num_cat=0
split_feature=1 9 8 49 57 9 9 10 35 1 41 32 39 32 15 8 57 18 54 3 35 36 36 38 51 21 58 40 51 1
split_gain=44.9378 10.4473 9.6463 3.65662 4.08739 4.02706 2.36128 3.00109 2.2469 1.64912 1.78069 2.0898 1.55919 1.55783 1.47059 1.35236 1.22563 1.24265 1.21108 1.20292 0.964682 0.945378 1.11176 0.890659 1.70919 1.92953 1.75591 1.61388 1.71361 1.56503
threshold=1.0000000180025095e-35 141.50000000000003 4.5000000000000009 2.5000000000000004 302.50000000000006 149.50000000000003 143.50000000000003 -0.72947329433276231 754.41517855000018 999.18750000000011 265.40411646992749 509.62857145000004 1174.6620536250002 1211.8696430000002 79.500000000000014 2.5000000000000004 284.50000000000006 42.500000000000007 328.85000000000008 6225693.0000000009 874.45000000000016 365.14464285000003 742.5562500000002 1114.6629464500004 811.00000000000011 678.50000000000011 1007.6500000000002 409.83102678479173 768.00000000000011 6199.3125000000009
decision_type=2 2 2 2 2 2 2 2 2 2 2 2 2 2 2 2 2 2 2 2 2 2 2 2 2 2 2 2 2 2
left_child=1 2 14 4 5 6 -3 -8 12 18 15 -12 13 19 -1 -11 17 -9 -10 -2 -17 -16 -23 24 25 29 -26 -27 -29 -21
right_child=8 3 -4 -5 -6 -7 7 16 9 10 11 -13 -14 -15 21 20 -18 -19 -20 23 -22 22 -24 -25 26 27 -28 28 -30 -31
leaf_value=-0.10489480349025371 -0.11540829940220891 -0.10451105854056102 -0.010216224242361092 -0.010216224242361092 -0.010216224242361092 -0.0098406821249055511 -0.084387838234307289 0.029417161217379969 -0.040736671020526451 -0.0060362461240210446 -0.054501761036478337 0.047789341642907317 -0.42091814311657277 1.5275278288814615 0.10439155052158483 -0.054463690451707319 0.68553122210062267 -0.046949980153099591 -0.077210604984836159 -0.00042519004837409362 -0.37872277635482676 -0.021418892006976119 0.006547484370912196 0.77848911311659885 -0.51476228910661881 1.9949699366843128 0.010412421731289461 -0.064178718807962831 0.90716930141203078 -0.16017232562548739
leaf_weight=64 22 28 81 380 113 58 24 37 30 25 51 24 24 34 21 23 20 30 26 300 28 21 30 30 92 33 26 39 25 202
leaf_count=64 22 28 81 380 113 58 24 37 30 25 51 24 24 34 21 23 20 30 26 300 28 21 30 30 92 33 26 39 25 202
internal_value=-0.00619011 -0.0110639 -0.00532258 -0.0128696 -0.0104516 -0.00784264 -0.00507194 -0.00310811 -0.00191489 -0.00471014 -0.00307947 0.0002 -0.00121524 -0.000990037 -0.000441176 -0.00631579 -0.000517241 -0.00246269 -0.00910714 -0.00126788 -0.00911765 0.0025 0.000294118 -0.00106426 -0.00127615 -0.000626043 -0.00457627 0.00324742 0.00046875 -0.0013745
internal_weight=1941 907 217 690 310 197 139 111 1034 207 151 75 827 803 136 76 87 67 56 769 51 72 51 747 717 599 118 97 64 502
internal_count=1941 907 217 690 310 197 139 111 1034 207 151 75 827 803 136 76 87 67 56 769 51 72 51 747 717 599 118 97 64 502
is_linear=0
shrinkage=0.03


Tree=156
num_leaves=31
num_cat=0
split_feature=11 12 6 19 8 57 57 58 10 42 14 14 28 54 52 54 40 34 40 42 27 15 39 36 15 34 6 3 42 57
split_gain=43.2849 11.1684 10.9237 4.06126 4.39604 3.48718 2.97259 1.87759 1.78724 1.76897 1.21041 1.25004 2.24393 1.20076 2.57169 1.93637 2.39321 2.52195 2.65547 1.37535 2.08164 1.64586 3.19336 1.54265 1.4501 1.36746 1.22997 1.16949 1.07373 1.09077
threshold=0.13052619222005149 0.64987354830121502 17.500000000000004 1.0000000180025095e-35 3.5000000000000004 310.50000000000006 255.50000000000003 1006.6500000000002 -0.97335555334614932 -54.900892850000012 28.850000000000005 28.650000000000002 1004.4500000000002 586.05000000000007 407.50000000000006 627.25000000000011 417.75673363791674 776.64642855000011 709.02487598958339 144.68660710000003 218.50000000000003 71.500000000000014 244.79129463750004 47.225000000000009 62.500000000000007 524.67857140000012 26.500000000000004 7089669.5000000009 133.59285735000006 281.50000000000006
decision_type=2 2 2 2 2 2 2 2 2 2 2 2 2 2 2 2 2 2 2 2 2 2 2 2 2 2 2 2 2 2
left_child=8 3 -3 4 5 6 7 -2 9 -1 11 12 -4 14 19 -15 -17 25 -19 21 -21 22 -10 26 -24 -18 -23 -11 29 -20
right_child=1 2 10 -5 -6 -7 -8 -9 13 27 -12 -13 -14 15 -16 16 17 18 28 20 -22 23 24 -25 -26 -27 -28 -29 -30 -31
leaf_value=-0.0048843466320773752 -0.084800025159859488 -0.0099097375150902604 -0.020029426672929396 -0.0099097375150902604 -0.009841971939126443 -0.0097394616113605764 0.097778492115260171 -0.036643833465824657 0.19920953406211536 -0.078618048704351282 0.02882787572209548 -0.42934097412159405 0.014244097741543586 -0.1129579500458343 2.3104625176261013 2.6349279914536599 -0.0078553034089501213 0.065187504479398375 -0.090207548750717015 0.78242909748763501 -0.84208341313206769 -0.040809210538695878 -0.27218213113993972 -0.027092003822763385 0.0061811531931357418 -0.074782423288799818 0.20941820771773534 -0.014329507470190739 -0.43279460631145966 0.0093461011344504637
leaf_weight=38 20 77 40 451 119 24 29 29 45 64 27 28 33 44 56 23 21 28 77 26 40 204 39 52 99 61 31 23 20 73
leaf_count=38 20 77 40 451 119 24 29 29 45 64 27 28 33 44 56 23 21 28 77 26 40 204 39 52 99 61 31 23 20 73
internal_value=-0.00609737 -0.0110319 -0.00490244 -0.0129018 -0.00957014 -0.005 -0.00192308 -0.00642857 -0.00203008 -0.0054 0.00046875 -0.0010396 0.0010274 -0.00158147 -0.000760135 -0.00298271 -0.00212871 -0.00289286 -0.00106061 -0.00139925 -0.00545455 -0.000829787 0.00139344 -0.00224739 -0.000869565 -0.00731707 -0.00121277 -0.00775862 -0.00247059 -0.0016
internal_weight=1941 877 205 672 221 102 78 49 1064 125 128 101 73 939 592 347 303 280 198 536 66 470 183 287 138 82 235 87 170 150
internal_count=1941 877 205 672 221 102 78 49 1064 125 128 101 73 939 592 347 303 280 198 536 66 470 183 287 138 82 235 87 170 150
is_linear=0
shrinkage=0.03


Tree=157
num_leaves=31
num_cat=0
split_feature=11 9 6 19 8 57 28 10 31 17 31 11 42 5 36 24 57 32 57 28 8 32 42 40 40 56 15 41 15 2
split_gain=45.4405 10.6076 10.2193 3.62919 3.8078 3.08899 2.2792 1.87809 1.83492 1.26759 1.08683 3.81816 2.15063 1.9885 1.74395 1.63464 1.58774 1.37143 1.31467 2.53659 1.36212 1.26063 1.16297 1.91595 2.69652 2.08333 1.10123 1.70565 1.37755 1.63435
threshold=0.13052619222005149 141.50000000000003 17.500000000000004 1.0000000180025095e-35 3.5000000000000004 310.50000000000006 1007.1500000000002 -0.97335555334614932 245.86875000000003 50.500000000000007 710.55000000000007 -0.91037613702198739 152.42767855000008 22.500000000000004 47.225000000000009 777.55000000000007 304.50000000000006 769.4937500000002 274.50000000000006 1007.0500000000001 4.5000000000000009 1076.825 -156.0124999999999 786.22073412708346 715.20922619375017 17.450000000000003 72.500000000000014 135.81831521528252 62.500000000000007 859.00000000000011
decision_type=2 2 2 2 2 2 2 2 2 2 2 2 2 2 2 2 2 2 2 2 2 2 2 2 2 2 2 2 2 2
left_child=7 2 -2 4 5 6 9 8 -1 -3 11 17 14 -14 22 16 18 -9 19 21 -20 -12 -13 24 26 -25 27 -24 -29 -30
right_child=1 3 -4 -5 -6 -7 -8 10 -10 -11 15 12 13 -15 -16 -17 -18 -19 20 -21 -22 -23 23 25 -26 -27 -28 28 29 -31
leaf_value=-0.056194571666029987 -0.0096124453896375521 -0.07931220233248229 0.00052397659951068307 -0.0096124453896375521 -0.0095467127809526504 -0.0094472777630197607 0.26467954788579429 3.195603753268915 0.0020075062663808298 -0.0054549014056809652 -0.11913192631207678 -0.053037630892937809 -0.71173865695871763 -0.011780418337246423 -0.014914092962624368 1.3223228862033909 1.4584532002034416 0.048907142314356084 -0.11275107803944977 1.7161578095519643 -0.13339251585934106 0.0032847556147759167 0.21783607710142461 -0.0032805696355890242 -0.36341300941514082 0.94879675849817879 -0.022247860576445327 -0.26352997999286121 -0.17942125087601965 0.09872829558931627
leaf_weight=90 77 24 128 451 119 24 24 28 35 30 92 24 27 26 57 24 39 20 112 39 89 31 38 20 21 30 152 21 21 28
leaf_count=90 77 24 128 451 119 24 24 28 35 30 92 24 27 26 57 24 39 20 112 39 89 31 38 20 21 30 152 21 21 28
internal_value=-0.00611283 -0.0111688 -0.00519512 -0.0129911 -0.00984163 -0.00558824 -0.00269231 -0.00194549 -0.0054 -0.00611111 -0.00148562 -0.000555556 -0.0013871 -0.00707547 -0.00065534 -0.00260563 -0.0030597 0.0075 -0.00367769 -0.00166667 -0.00529851 -0.00378049 0.000126761 0.000589124 -0.000373665 0.006 0.000461538 0.00277778 0 0.0027551
internal_weight=1941 877 205 672 221 102 78 1064 125 54 939 513 465 53 412 426 402 48 363 162 201 123 355 331 281 50 260 108 70 49
internal_count=1941 877 205 672 221 102 78 1064 125 54 939 513 465 53 412 426 402 48 363 162 201 123 355 331 281 50 260 108 70 49
is_linear=0
shrinkage=0.03


Tree=158
num_leaves=31
num_cat=0
split_feature=1 9 6 49 46 58 28 56 49 41 28 32 38 15 56 58 37 23 34 24 44 23 38 11 58 9 6 37 41 45
split_gain=45.3893 10.5898 9.10764 4.27925 4.42316 3.80469 1.6165 2.36859 2.37557 2.00572 1.68244 1.5625 1.50677 1.47059 1.40494 1.32102 2.30804 1.54457 1.5871 1.36848 1.27235 1.498 1.76239 1.21753 1.20692 1.11011 1.62386 2.21017 1.98378 1.18693
threshold=1.0000000180025095e-35 141.50000000000003 17.500000000000004 1.0000000180025095e-35 25.550000000000004 1006.6500000000002 1005.5500000000001 18.650000000000002 5.5000000000000009 339.22157483328903 1002.6500000000002 569.0883928500001 1143.246875 79.500000000000014 3.6500000000000008 1006.4500000000002 37.564285710000007 229.00000000000003 927.76250000000016 305.90000000000003 28.350000000000005 62.500000000000007 167.17991071250003 0.77259657388510627 1004.5500000000001 137.50000000000003 26.500000000000004 687.82946430000015 335.62918893161896 63.500000000000007
decision_type=2 2 2 2 2 2 2 2 2 2 2 2 2 2 2 2 2 2 2 2 2 2 2 2 2 2 2 2 2 2
left_child=1 2 -1 4 5 -3 9 12 -9 10 11 -2 15 -4 -6 16 -8 18 19 -18 -17 -22 -23 -7 -11 -24 29 -28 -29 -27
right_child=6 3 13 -5 14 23 7 8 -10 24 -12 -13 -14 -15 -16 20 17 -19 -20 -21 21 22 25 -25 -26 26 27 28 -30 -31
leaf_value=-0.009324072027948424 -0.069131160307529485 -0.040798753427014452 -0.1015581457185903 -0.009324072027948424 -0.02074057805320699 0.65409154423756377 0.043281023847719695 0.017979213547921518 3.1343826956615182 -0.21295999417292938 -0.038430199452347068 2.4951273683180117 -0.84039811715486046 0.0056871915240768438 -0.0092133236440926688 -0.092895567629371956 -0.038814034343900169 0.68463868808602568 -0.010365332801922828 -0.10987734556649449 0.41856704190625887 -0.247701475144014 -0.30345744528137514 -0.14097311206754909 -0.01384762489061307 1.7973863364729663 0.284753402020123 -0.031846930221827989 -0.30400648030609756 0.0057672186016969815
leaf_weight=81 32 61 64 466 20 20 20 42 26 24 247 32 33 72 101 28 40 25 26 43 39 31 21 22 29 67 50 37 21 121
leaf_count=81 32 61 64 466 20 20 20 42 26 24 247 32 33 72 101 28 40 25 26 43 39 31 21 22 29 67 50 37 21 121
internal_value=-0.00606646 -0.0109647 -0.00518433 -0.0127826 -0.009375 -0.00480583 -0.00176983 -0.000895522 0.00441176 -0.00337912 -0.00245981 0.001875 -0.00149502 -0.000441176 -0.0132645 -0.00113357 -0.00350649 -0.00492537 -0.00646789 -0.00849398 -0.000253012 0.000193798 -0.000431034 0.00214286 -0.00877358 0.000236593 0.000709459 -0.00222222 -0.0062069 0.00239362
internal_weight=1941 907 217 690 224 103 1034 670 68 364 311 64 602 136 121 569 154 134 109 83 415 387 348 42 53 317 296 108 58 188
internal_count=1941 907 217 690 224 103 1034 670 68 364 311 64 602 136 121 569 154 134 109 83 415 387 348 42 53 317 296 108 58 188
is_linear=0
shrinkage=0.03


Tree=159
num_leaves=31
num_cat=0
split_feature=60 12 6 49 16 41 27 56 10 46 1 11 42 27 23 33 33 45 32 32 15 41 5 34 18 27 32 54 16 40
split_gain=44.8944 11.0059 9.99121 4.37571 4.04472 3.10842 2.24053 1.93098 1.85232 1.7679 1.56711 1.65944 1.636 1.52628 2.88462 2.10756 1.7971 2.32234 2.39317 1.71006 1.45304 2.49696 1.44971 1.43076 1.34243 1.86235 1.28462 1.82153 1.25705 1.41101
threshold=1.0000000180025095e-35 0.64987354830121502 17.500000000000004 1.0000000180025095e-35 25.550000000000004 257.1342189636942 257.50000000000006 3.6500000000000008 -0.9103761370219875 24.250000000000004 7682.1696430000011 -0.95642797789208678 137.93303570000003 294.50000000000006 193.50000000000003 1182.0312500000002 280.83571430000006 59.500000000000007 1133.0267855000004 771.96428570000012 72.500000000000014 135.81831521528252 22.500000000000004 613.01250000000016 74.500000000000014 277.50000000000006 239.25000000000003 218.50000000000003 23.950000000000003 759.95070683750009
decision_type=2 2 2 2 2 2 2 2 2 2 2 2 2 2 2 2 2 2 2 2 2 2 2 2 2 2 2 2 2 2
left_child=1 3 -3 4 5 6 -1 -6 28 -4 11 -10 20 15 -15 16 -12 18 23 -19 21 -13 -14 -18 25 -21 27 -22 -2 -30
right_child=8 2 9 -5 7 -7 -8 -9 10 -11 13 12 22 14 -16 -17 17 19 -20 24 26 -23 -24 -25 -26 -27 -28 -29 29 -31
leaf_value=-0.42439967826701763 -0.0903663407575373 -0.0090443498671099708 -0.4818350091406029 -0.0090443498671099708 -0.020118360711610783 -0.022828322870656198 0.7693082948003277 -0.0089369239347698876 2.2378898231848101 0.003251960466212941 -0.91882699077981611 0.13666361567202215 -0.36337033476038472 1.1747756096201687 -1.1155393654649683 -0.92961161620061061 -0.019949035729401158 0.25729345749178345 0.008155465555580204 1.9616005251810928 -0.012955150388217191 0.00054456004746227427 -0.0052907486208527751 -0.57695624929801925 -1.5677087873171409 -0.1410783035789234 1.5516687142887213 -0.97558283238360977 -0.033239821580143311 0.001643524883028533
leaf_weight=42 57 77 28 451 20 33 22 101 32 100 22 44 20 54 24 34 29 52 30 46 139 157 21 30 20 51 34 22 92 57
leaf_count=42 57 77 28 451 20 33 22 101 32 100 22 44 20 54 24 34 29 52 30 46 139 157 21 30 20 51 34 22 92 57
internal_value=-0.00594281 -0.010984 -0.00490244 -0.0128475 -0.0093578 -0.00479381 -0.0009375 -0.0130165 -0.0018135 0.000234375 -0.00120209 -3.19829e-05 -0.000514874 -0.00260204 0.00115385 -0.00353503 -0.00267857 -0.00197674 -0.00589888 8.87574e-05 7.57576e-05 0.00186567 -0.00621951 -0.00940678 -0.00192308 -0.000463918 -0.00176923 -0.0028882 -0.00436893 -0.00291946
internal_weight=1941 874 205 669 218 97 64 121 1067 128 861 469 437 392 78 314 280 258 89 169 396 201 41 59 117 97 195 161 206 149
internal_count=1941 874 205 669 218 97 64 121 1067 128 861 469 437 392 78 314 280 258 89 169 396 201 41 59 117 97 195 161 206 149
is_linear=0
shrinkage=0.03


Tree=160
num_leaves=31
num_cat=0
split_feature=1 9 6 49 16 8 57 56 58 35 33 10 58 1 3 14 51 33 53 39 44 25 51 15 39 53 53 51 33 6
split_gain=46.0504 11.0009 9.75104 4.28803 4.27993 3.24853 3.88929 1.93521 1.7145 1.61696 1.45453 1.35566 1.32245 1.93651 1.23827 1.22157 1.13035 1.38626 1.81897 2.98965 1.60719 2.73964 1.91844 2.10986 1.79487 1.41057 1.54647 1.36406 1.52419 1.28205
threshold=1.0000000180025095e-35 141.50000000000003 17.500000000000004 1.0000000180025095e-35 25.550000000000004 3.5000000000000004 255.50000000000003 3.6500000000000008 1006.6500000000002 991.58571430000018 1166.4571430000003 0.88144907265856365 1004.5500000000001 1077.4285715000003 6548161.1875000009 32.650000000000013 934.50000000000011 827.61190480000016 230.50000000000003 743.6437500187501 32.150000000000013 835.50000000000011 431.00000000000006 72.500000000000014 549.7989955375001 195.50000000000003 229.00000000000003 243.00000000000003 516.83571430000018 20.500000000000004
decision_type=2 2 2 2 2 2 2 2 2 2 2 2 2 2 2 2 2 2 2 2 2 2 2 2 2 2 2 2 2 2
left_child=1 2 -1 4 5 6 8 -6 -3 10 16 14 -11 -14 -4 -12 17 18 20 -20 22 -22 23 -2 -24 -19 -27 28 -25 -26
right_child=9 3 11 -5 7 -7 -8 -9 -10 12 15 -13 13 -15 -16 -17 -18 25 19 -21 21 -23 24 27 29 26 -28 -29 -30 -31
leaf_value=-0.0087730193710966724 0.039879947681826372 -0.077967846046159112 -0.018875984221552677 -0.0087730193710966724 -0.019514809890262459 -0.038686883294643405 0.20314120967845534 -0.0086612382850475931 -0.12864484431428211 -0.24087435852149486 -0.28175832385015059 -0.065146521136831559 -0.038509195823443199 0.0020245143774433034 0.85604532780384202 -0.018363607571571662 -0.14084079682601769 -0.0028381986428224247 1.6864644347426905 -0.96650144326919529 1.3709137338481321 -0.11112664499796437 -0.56512949778771771 -0.021649359789454647 -0.051395869514109745 2.1999528294453969 0.81111353036999845 -0.9463153474121011 0.21679050535797101 0.0022355142051398136
leaf_weight=81 123 20 73 466 20 30 30 102 22 28 39 22 32 38 41 32 34 126 21 48 61 33 27 189 39 24 43 30 28 39
leaf_count=81 123 20 73 466 20 30 30 102 22 28 39 22 32 38 41 32 34 126 21 48 61 33 27 189 39 24 43 30 28 39
internal_value=-0.00586553 -0.0107993 -0.00490783 -0.0126522 -0.00924107 -0.00470588 -0.00125 -0.0130328 -0.00714286 -0.00153772 -0.00115385 0 -0.00520408 -0.003 0.00131579 -0.00528169 -0.000815029 -0.000595668 -0.00126959 -0.00586957 -0.000711775 0.00287234 -0.00142105 -0.000405405 -0.005 0.00163212 0.00514925 -0.00200405 -0.00117512 -0.00269231
internal_weight=1941 907 217 690 224 102 72 122 42 1034 936 136 98 70 114 71 865 831 638 69 569 94 475 370 105 193 67 247 217 78
internal_count=1941 907 217 690 224 102 72 122 42 1034 936 136 98 70 114 71 865 831 638 69 569 94 475 370 105 193 67 247 217 78
is_linear=0
shrinkage=0.03


Tree=161
num_leaves=31
num_cat=0
split_feature=1 9 28 6 6 10 36 15 10 58 39 27 6 3 27 26 43 42 28 34 10 58 47 43 28 3 54 3 47 41
split_gain=47.1242 9.97456 6.60042 8.82114 5.41488 2.60417 2.45064 2.29241 1.75232 1.73611 1.32607 1.20536 1.05217 1.1623 0.919892 2.66984 2.157 2.67584 1.31526 2.6987 1.97318 1.76862 2.14898 1.69347 1.85276 2.59443 2.39459 2.66578 1.66719 1.4783
threshold=1.0000000180025095e-35 149.50000000000003 1005.7500000000001 26.500000000000004 17.500000000000004 0.77259657388510639 93.970535715000025 81.500000000000014 -0.97335555334614932 1006.6500000000002 1145.3267857687504 279.50000000000006 27.500000000000004 7123392.5000000009 309.50000000000006 16.250000000000004 123.41785715000002 77.281250000000014 1007.0500000000001 827.61190480000016 1.0000000180025095e-35 1007.7500000000001 12.500000000000002 37.272321550000107 1005.5500000000001 6564649.5625000009 660.85000000000014 6587869.5715000005 13.500000000000002 252.41149309128915
decision_type=2 2 2 2 2 2 2 2 2 2 2 2 2 2 2 2 2 2 2 2 2 2 2 2 2 2 2 2 2 2
left_child=1 2 4 6 -1 9 -4 11 12 -5 14 -6 13 -2 18 16 -16 -18 23 20 -20 -22 -23 24 25 28 -26 -28 -10 -27
right_child=8 -3 3 5 7 -7 -8 -9 10 -11 -12 -13 -14 -15 15 -17 17 -19 19 -21 21 22 -24 -25 26 29 27 -29 -30 -31
leaf_value=-0.0085098287899637737 -0.11397805740535882 -0.0085098287899637737 -0.023556470378303638 -0.073825800368666192 -0.023056008169412546 1.6498511068416815 -0.0085098287899637737 2.5200231934773569 -0.30014968079525828 -0.020067230882270335 -0.35943444226248056 -0.00016720241439321181 0.007482291734803183 -0.0088968935436795175 -0.33425054457308845 1.9886711878500551 0.48950092304924225 -0.17670811995645977 -0.34696819107489318 2.6159715644915944 0.11844220298565034 1.2576174505960209 -0.051678928516305518 -0.10229367847276204 0.70842157443365661 -0.025339392153239482 0.0077859510299729063 -0.26799562083090439 -0.033185971057777125 0.028126943192312424
leaf_weight=43 63 361 20 24 42 20 269 22 25 36 31 70 23 29 37 36 31 22 21 21 61 34 120 222 64 40 37 24 71 22
leaf_count=43 63 361 20 24 42 20 269 22 25 36 31 70 23 29 37 36 31 22 21 21 61 34 120 222 64 40 37 24 71 22
internal_value=-0.00597372 -0.0109647 -0.00840659 -0.0106911 -0.00364407 -0.001875 -0.0131315 -0.000671642 -0.00159574 -0.005 -0.00115887 -0.00241071 -0.00508696 -0.00652174 -0.000945946 0.00142857 -0.00133333 0.00254717 -0.00133858 0.00040856 -0.000508475 0.000348837 -0.00136364 -0.00222772 -0.000689046 -0.0028481 0.00204 -0.00221311 -0.0059375 0.00193548
internal_weight=1941 907 546 369 177 80 289 134 1034 60 919 112 115 92 888 126 90 53 762 257 236 215 154 505 283 158 125 61 96 62
internal_count=1941 907 546 369 177 80 289 134 1034 60 919 112 115 92 888 126 90 53 762 257 236 215 154 505 283 158 125 61 96 62
is_linear=0
shrinkage=0.03


Tree=162
num_leaves=31
num_cat=0
split_feature=60 9 6 49 27 37 10 35 11 27 33 27 27 46 33 16 6 19 6 40 37 3 5 31 11 33 56 6 35 24
split_gain=46.5905 9.07203 8.3523 4.18519 4.43369 4.04906 2.20542 2.0078 1.66896 2.09921 1.24344 1.30519 2.14628 1.20227 1.19925 2.49508 1.86182 2.98942 2.00554 2.09568 1.93625 2.3141 1.90125 1.51204 1.50121 1.46873 1.45662 1.44058 1.36493 1.2743
threshold=1.0000000180025095e-35 141.50000000000003 17.500000000000004 2.5000000000000004 302.50000000000006 2.5928571430000003 0.84874750804349197 1147.2705355000001 0.58216583101416119 292.50000000000006 1136.1008930000003 269.50000000000006 292.50000000000006 24.450000000000003 809.55000000000007 23.950000000000003 20.500000000000004 5.5000000000000009 23.500000000000004 775.95531994583337 745.88750000000016 6343678.5000000009 22.500000000000004 719.56250000000011 -0.77259657388510616 745.88750000000016 17.550000000000004 25.500000000000004 2.7142857145000003 472.00000000000006
decision_type=2 2 2 2 2 2 2 2 2 2 2 2 2 2 2 2 2 2 2 2 2 2 2 2 2 2 2 2 2 2
left_child=1 2 -1 4 5 6 8 10 -3 -10 14 -12 -13 -4 16 23 17 22 24 20 27 -22 -2 -16 -18 29 -17 -20 -29 -19
right_child=7 3 13 -5 -6 -7 -8 -9 9 -11 11 12 -14 -15 15 26 18 25 19 -21 21 -23 -24 -25 -26 -27 -28 28 -30 -31
leaf_value=-0.0082545339262648613 -0.032841088685768016 -0.072751838134079441 -0.12953250500033392 -0.0082545339262648613 -0.0082684375338716691 -0.015217728965874566 0.010029802889777971 -0.05316175682403966 -0.0082595340471217082 -0.0081327223417750217 0.042120557788448781 -0.3139621295303297 0.061071609649784475 0.0028928232614323693 0.010420451390890208 0.033725838755587462 1.8032276657389934 -0.01178191014112869 -0.11726643737758273 0.061097094141759949 0.13098547745223726 -0.36753422855736351 -0.35803647583205134 -0.054919969369831088 0.00052436442943086796 -0.55796766022731392 1.4932111745860157 0.20406798062936715 -0.012581095778535721 1.4006034662296816
leaf_weight=77 48 20 40 367 111 48 39 58 63 21 24 47 23 88 36 61 31 224 28 23 26 52 45 97 46 21 33 82 37 25
leaf_count=77 48 20 40 367 111 48 39 58 63 21 24 47 23 88 36 61 31 224 28 23 26 52 45 97 46 21 33 82 37 25
internal_value=-0.00602009 -0.0111556 -0.00563415 -0.0128475 -0.0102318 -0.00746073 -0.00493007 -0.0018135 -0.00721154 -0.00535714 -0.00150149 -0.00478723 -0.00685714 -0.0009375 -0.00116393 0.000726872 -0.00178779 -0.00326446 -0.000138462 -0.00145161 -0.00233333 -0.00615385 -0.00790323 -0.00191729 0.00409091 -0.00166667 0.00446809 -0.000306122 0.00113445 -0.0010241
internal_weight=1941 874 205 669 302 191 143 1067 104 84 1009 94 70 128 915 227 688 363 325 248 225 78 93 133 77 270 94 147 119 249
internal_count=1941 874 205 669 302 191 143 1067 104 84 1009 94 70 128 915 227 688 363 325 248 225 78 93 133 77 270 94 147 119 249
is_linear=0
shrinkage=0.03


Tree=163
num_leaves=31
num_cat=0
split_feature=60 9 8 16 37 57 57 57 35 15 28 41 51 8 51 33 9 3 43 28 42 43 28 26 40 9 15 57 37 31
split_gain=45.1701 9.68414 9.93174 4.79801 3.37116 2.75775 2.50716 2.32568 2.02865 1.5904 1.5353 1.14411 1.43436 2.48156 1.91328 1.21208 1.1812 1.14028 1.47759 1.33772 1.53333 2.48966 1.43007 2.61638 1.73186 2.53382 1.65167 1.77283 2.80967 1.54611
threshold=1.0000000180025095e-35 149.50000000000003 3.5000000000000004 25.550000000000004 177.95714285000003 259.50000000000006 260.50000000000006 296.50000000000006 1147.2705355000001 81.500000000000014 1006.6500000000002 418.29999653327309 918.50000000000011 4.5000000000000009 884.50000000000011 1166.4571430000003 146.50000000000003 7312872.9285000013 115.54821430000001 1008.85 101.79374994999993 185.94910709999996 1006.85 11.850000000000003 417.75673363791674 149.50000000000003 59.500000000000007 292.50000000000006 322.52410715000002 751.50892855000018
decision_type=2 2 2 2 2 2 2 2 2 2 2 2 2 2 2 2 2 2 2 2 2 2 2 2 2 2 2 2 2 2
left_child=1 2 3 4 6 -4 10 -5 11 -8 -1 12 14 -14 15 17 -17 19 -19 22 21 -21 26 -24 25 -25 -2 -28 -29 -30
right_child=8 -3 5 7 -6 -7 9 -9 -10 -11 -12 -13 13 -15 -16 16 -18 18 -20 20 -22 -23 23 24 -26 -27 27 28 29 -31
leaf_value=-0.070682225665566964 -0.17789465649539613 -0.0080068979084769159 -0.099167224670825144 -0.029203853049206314 -0.021492191200220907 -0.0080068979084769159 -0.00030195713761422893 -0.0079043875807110493 -0.051566904119318475 2.9065331779557937 -0.00053959369115562481 0.066008517564186089 -0.39345810840144507 1.0984673623879666 0.02005342386451385 -0.26046736852657548 -0.003112359358406651 -0.0066677779552901809 -0.85711442197184218 -0.15315042237500329 -0.23218962727992135 0.39582574754458905 -0.018861187996292193 2.1187543368776294 -0.027694505206060087 0.076258565453718716 0.00053849072858886489 -0.1138881198432944 0.045400610246992018 -1.2233562954890227
leaf_weight=42 37 352 25 43 26 180 92 57 58 26 31 24 47 32 28 23 22 26 20 29 20 20 148 42 34 32 301 53 49 22
leaf_count=42 37 352 25 43 26 180 92 57 58 26 31 24 47 32 28 23 22 26 20 29 20 20 148 42 34 32 301 53 49 22
internal_value=-0.00592736 -0.010984 -0.0083908 -0.00506309 -0.0025576 -0.0135366 -0.00117801 -0.0105 -0.00178538 0.00152542 -0.00554795 -0.00147175 -0.00162944 -0.00550633 -0.00129139 -0.00153759 -0.00633333 -0.00127851 -0.00586957 -0.00101017 -0.005 -0.00214286 -0.000626741 0.00117187 0.00472222 0.0072973 -0.00162338 -0.00109412 -0.0041129 -0.000211268
internal_weight=1941 874 522 317 217 205 191 100 1067 118 73 1009 985 79 906 878 45 833 46 787 69 49 718 256 108 74 462 425 124 71
internal_count=1941 874 522 317 217 205 191 100 1067 118 73 1009 985 79 906 878 45 833 46 787 69 49 718 256 108 74 462 425 124 71
is_linear=0
shrinkage=0.03


Tree=164
num_leaves=31
num_cat=0
split_feature=1 9 8 16 37 57 57 57 58 6 35 45 33 9 43 42 43 30 38 42 16 1 31 38 37 3 3 42 42 37
split_gain=46.2989 11.0241 9.51293 4.58912 2.79944 2.59653 2.45279 1.48986 2.12143 1.73258 1.39975 1.26212 1.11171 1.65471 1.56585 1.08383 1.73305 1.99548 2.21465 1.56878 1.79836 2.59105 1.74167 2.12959 1.70357 2.28237 3.25 1.36965 1.56698 1.27516
threshold=1.0000000180025095e-35 149.50000000000003 3.5000000000000004 25.550000000000004 177.95714285000003 296.50000000000006 259.50000000000006 255.50000000000003 1006.6500000000002 26.500000000000004 1147.2705355000001 78.500000000000014 1136.1008930000003 143.50000000000003 -125.80892835500003 -47.023214279999955 -27.140178549999984 287.46428570000006 579.39642857500019 91.945535700000036 24.250000000000004 10542.169645000002 889.74196430000018 821.33727677500019 479.87142860000006 6390518.0625000009 6648918.7855000012 69.412500050000077 51.659821400000006 11.392857145000002
decision_type=2 2 2 2 2 2 2 2 2 2 2 2 2 2 2 2 2 2 2 2 2 2 2 2 2 2 2 2 2 2
left_child=1 2 3 4 7 -5 -4 8 -1 11 12 -9 15 -14 -15 16 17 -2 -19 22 21 -21 23 24 27 -26 -27 28 29 -17
right_child=10 -3 6 5 -6 -7 -8 9 -10 -11 -12 -13 13 14 -16 19 -18 18 -20 20 -22 -23 -24 -25 25 26 -28 -29 -30 -31
leaf_value=-0.069111014739724974 -0.063371898115767433 -0.0077666909712226073 -0.096192207930700394 -0.02504636651981287 -0.017833587038313524 -0.0076672559532897176 -0.0077666909712226073 -0.12509745620050239 -0.12391950822623729 0.19208804688606504 -0.060760988170349459 -0.00019722083351165579 -0.27299178555988707 0.077764480874999597 -0.28469465262840488 0.013716449980050628 -0.23679746777139199 0.23216302281028262 -0.024598965003800106 0.027404901552571262 -0.25772021658092736 -0.17255781680053425 0.34362075859969249 -0.89519861397420186 1.0414116695496165 -0.19759400419588585 1.1588188843599589 0.050729587302120245 -0.16746947827088773 -0.026808694245214041
leaf_weight=20 36 361 25 44 27 57 188 30 22 31 49 102 20 30 43 56 107 20 97 72 87 33 60 21 50 26 26 26 24 151
leaf_count=20 36 361 25 44 27 57 188 30 22 31 49 102 20 30 43 56 107 20 97 72 87 33 60 21 50 26 26 26 24 151
internal_value=-0.00581917 -0.0107663 -0.00807692 -0.00490991 -0.00258621 -0.0102475 -0.0130282 -0.00139024 -0.00642857 -9.20245e-05 -0.00147969 -0.00159091 -0.0012335 -0.00435484 -0.00226027 -0.000908072 -0.00253846 -0.000490196 0.00141026 -0.000237342 -0.0025 0.000142857 0.00075 0 0.000543175 0.00382353 -0.000576923 -0.000758755 -0.00149351 -0.000652174
internal_weight=1941 907 546 333 232 101 213 205 42 163 1034 132 985 93 73 892 260 153 117 632 192 105 440 380 359 102 52 257 231 207
internal_count=1941 907 546 333 232 101 213 205 42 163 1034 132 985 93 73 892 260 153 117 632 192 105 440 380 359 102 52 257 231 207
is_linear=0
shrinkage=0.03


Tree=165
num_leaves=31
num_cat=0
split_feature=11 9 8 16 27 27 58 57 57 26 57 38 15 26 54 40 10 9 42 42 44 29 32 22 49 34 38 23 58 24
split_gain=45.2446 10.1137 9.95576 4.33649 3.92727 3.23232 1.92936 1.72685 1.72484 1.70673 2.99126 2.09447 1.51515 1.47271 1.84109 2.26286 1.32809 1.49282 1.29712 1.69213 1.31304 1.15213 1.11777 2.52824 1.02935 1.0097 1.15256 0.977537 1.08672 2.62889
threshold=0.13052619222005149 149.50000000000003 3.5000000000000004 25.550000000000004 260.50000000000006 298.50000000000006 1005.5500000000001 259.50000000000006 246.50000000000003 18.550000000000004 294.50000000000006 1143.246875 81.500000000000014 15.950000000000001 595.05000000000007 775.95531994583337 -0.72947329433276231 147.50000000000003 6.9875000000000016 36.331250015000002 27.450000000000003 0.75000000000000011 1126.2321430000002 723.50000000000011 24.500000000000004 863.11250000000007 704.4584821000002 291.00000000000006 1006.4500000000002 663.25000000000011
decision_type=2 2 2 2 2 2 2 2 2 2 2 2 2 2 2 2 2 2 2 2 2 2 2 2 2 2 2 2 2 2
left_child=6 2 3 4 16 -5 8 -4 18 11 -11 22 -6 -10 15 -15 -2 -18 20 -20 -1 -21 23 27 -17 -16 -27 28 -8 -30
right_child=1 -3 7 5 12 -7 9 -9 13 10 -12 -13 -14 14 25 24 17 -19 19 21 -22 -23 -24 -25 -26 26 -28 -29 29 -31
leaf_value=-0.063803841904851166 -0.012736405201888219 -0.0075336902420859286 -0.093403208348496788 -0.024294975524217787 -0.005037999037077869 -0.0074372382746910265 -0.021738723518154337 -0.0075336902420859286 -0.087309755522733942 -0.21855886336980679 1.8355945645427418 -0.39865155265045304 2.8164588202263343 -0.2007631231222359 -0.079046631605759463 0.072766054621948795 -0.20726493846616015 -0.040106321127167041 0.11428800845537708 0.051950650930517879 -0.0017402605097372836 -0.16091163385600965 0.37186362204711654 -0.1481697692630308 0.00072801347456485032 0.0068982906351587872 -0.059022177001835416 1.0141561317820993 -0.014408139786212217 1.2955490513197923
leaf_weight=31 23 352 22 44 108 55 127 184 67 42 38 33 24 33 37 21 24 41 21 20 40 27 34 32 22 24 35 38 301 41
leaf_count=31 23 352 22 44 108 55 127 184 67 42 38 33 24 33 37 21 24 41 21 20 40 27 34 32 22 24 35 38 301 41
internal_value=-0.00585008 -0.0108951 -0.00825714 -0.0049373 -0.00259091 -0.0101515 -0.00169173 -0.0133981 -0.0034127 -0.00074344 0.003375 -0.00128713 0.000681818 -0.00495816 -0.00348837 0 -0.0075 -0.00530769 -0.000755396 0.00220588 -0.00359155 -0.000957447 -0.000863874 -0.00119666 0.00453488 -0.00625 -0.00381356 -0.000680473 -0.00105544 -0.000175439
internal_weight=1941 877 525 319 220 99 1064 206 378 686 80 606 132 239 172 76 88 65 139 68 71 47 573 539 43 96 59 507 469 342
internal_count=1941 877 525 319 220 99 1064 206 378 686 80 606 132 239 172 76 88 65 139 68 71 47 573 539 43 96 59 507 469 342
is_linear=0
shrinkage=0.03


Tree=166
num_leaves=31
num_cat=0
split_feature=11 9 8 28 27 10 35 27 52 21 40 33 41 56 28 28 42 5 31 32 14 27 42 36 1 3 45 23 20 31
split_gain=46.3603 10.1137 9.95576 5.15767 3.82396 2.15461 1.52043 1.46102 1.29708 1.94088 1.94385 2.40146 1.67153 1.91194 2.31424 1.50122 1.35904 1.76412 1.27902 1.94174 1.56606 1.24418 1.23766 1.21089 1.13282 1.12741 2.28938 1.73878 3.55614 1.96472
threshold=0.13052619222005149 149.50000000000003 3.5000000000000004 1005.7500000000001 296.50000000000006 0.58216583101416164 991.58571430000018 259.50000000000006 583.50000000000011 678.50000000000011 409.83102678479173 863.11250000000007 410.74604895387574 17.650000000000002 1007.6500000000002 1005.6500000000002 144.68660710000003 22.500000000000004 843.57321430000013 958.43928570000014 32.150000000000013 267.50000000000006 -87.942857149999995 177.85000000000002 9490.6875000000018 6372175.5000000009 85.500000000000014 64.000000000000014 1.0000000180025095e-35 225.70625000000004
decision_type=2 2 2 2 2 2 2 2 2 2 2 2 2 2 2 2 2 2 2 2 2 2 2 2 2 2 2 2 2 2
left_child=6 2 3 21 5 -5 8 -4 9 16 -11 -12 13 14 -10 -15 18 -18 20 24 25 -2 -17 -23 -20 26 27 -1 29 -29
right_child=1 -3 7 4 -6 -7 -8 -9 12 10 11 -13 -14 15 -16 22 17 -19 19 -21 -22 23 -24 -25 -26 -27 -28 28 -30 -31
leaf_value=0.048559731209369662 -0.024525552958389332 -0.0073076795348233515 -0.16847341404838601 -0.026847497196409203 -0.010497366591520852 0.0089740330896444388 -0.04414600948257319 -0.0073076795348233515 -0.30029064660945709 1.6459377529952484 -0.4783898977234855 2.3500230244425118 0.61731649199417116 -0.07009086219502414 0.0020567531439792219 0.97050965792495469 -1.042311008999397 0.0063137248465795891 -0.93725987708104552 0.83717395665385019 1.2615680331196473 0.06842256333942992 -0.27948454373511961 -0.0057365710799476815 -0.054651676686238666 -0.012794745159737428 -0.052961988103971236 -0.19474022942856861 0.11881888555211716 0.00096418085813335954
leaf_weight=45 24 352 25 103 63 30 100 181 80 35 32 33 23 46 29 26 38 27 24 26 21 26 36 73 26 280 26 23 26 62
leaf_count=45 24 352 25 103 63 30 100 181 80 35 32 33 23 46 29 26 38 27 24 26 21 26 36 73 26 280 26 23 26 62
internal_value=-0.00578825 -0.0108951 -0.00825714 -0.0049373 -0.00795918 -0.00507519 -0.00157895 -0.0133981 -0.00121369 -0.00058011 0.0033 0.000230769 -0.003125 -0.00394009 -0.00674312 -0.00111111 -0.00120192 -0.00530769 -0.000724508 -0.00434211 -0.00015528 -0.000121951 0.00193548 0.00136364 -0.0078 -0.000519481 0.00131868 0.00269231 0.000675676 -0.00229412
internal_weight=1941 877 525 319 196 133 1064 206 964 724 100 65 240 217 109 108 624 65 559 76 483 123 62 99 50 462 182 156 111 85
internal_count=1941 877 525 319 196 133 1064 206 964 724 100 65 240 217 109 108 624 65 559 76 483 123 62 99 50 462 182 156 111 85
is_linear=0
shrinkage=0.03


Tree=167
num_leaves=31
num_cat=0
split_feature=1 9 16 27 9 26 34 36 2 9 35 46 46 27 49 31 32 45 3 43 48 5 31 40 58 48 3 58 5 27
split_gain=44.7896 12.2179 8.70251 4.82229 2.35127 3.11754 1.95015 2.00379 3.66904 1.75814 1.52736 1.43374 2.03965 1.87234 2.58254 2.34395 2.37936 2.10747 1.67587 1.63879 1.57238 1.51667 1.39756 1.27418 1.225 1.15035 2.14647 2.44928 1.14223 1.11082
threshold=1.0000000180025095e-35 149.50000000000003 25.550000000000004 298.50000000000006 138.50000000000003 7.8500000000000005 51.664285715000005 71.721428570000015 6163.5000000000009 142.50000000000003 991.58571430000018 23.950000000000003 24.150000000000002 272.50000000000006 14.500000000000002 1126.2321430000002 802.69880950000004 56.500000000000007 6266552.3570000008 -35.426785700000011 1.5000000000000002 37.500000000000007 617.91428570000005 152.95705605125002 1005.85 42.500000000000007 6404049.7860000012 1007.7500000000001 37.500000000000007 263.50000000000006
decision_type=2 2 2 2 2 2 2 2 2 2 2 2 2 2 2 2 2 2 2 2 2 2 2 2 2 2 2 2 2 2
left_child=1 2 4 23 -1 9 29 -8 -9 -6 11 13 20 15 17 16 22 19 -14 -15 -13 -19 -2 -4 -18 28 27 -27 -20 -7
right_child=10 -3 3 -5 5 6 7 8 -10 -11 -12 12 18 14 -16 -17 24 21 25 -21 -22 -23 -24 -25 -26 26 -28 -29 -30 -31
leaf_value=-0.0070884491487786501 0.0041994720950298227 -0.0070884491487786501 -0.020324683613275309 -0.0070884491487786501 -0.068612580279935623 -0.24576323673240083 0.0015584883334587081 0.00067002781653331624 -0.0070775106968259038 -0.032400874252395462 -0.032931695963251476 -0.13285969179063387 -0.64045507206069774 -0.63604017415664993 0.18615976495596429 -0.33582319461911114 0.22440085334477861 -0.059140038094444784 0.010169507376130689 0.64389004917652182 1.6736221882918676 -0.39009263808840444 -0.056366354756021447 -0.0070775106968259038 3.1242489632346286 1.7521178223093909 -0.48548765546613054 -0.11874098060002544 -0.084109106317495089 0.014355604295483214
leaf_weight=27 51 361 53 164 43 55 22 20 46 27 98 20 23 25 37 25 20 140 233 30 39 42 25 20 20 25 82 23 76 69
leaf_count=27 51 361 53 164 43 55 22 20 46 27 98 20 23 25 37 25 20 140 233 30 39 42 25 20 20 25 82 23 76 69
internal_value=-0.00560278 -0.0104686 -0.00763736 -0.011962 -0.00432039 -0.00351064 -0.00169811 -0.00511364 -0.00772727 -0.009 -0.00133462 -0.000961538 8.63724e-05 -0.00227711 -0.00372263 0.000531915 0.00232759 -0.00487342 -0.000584416 0.000272727 0.00533898 -0.00642857 -0.000789474 -0.00554795 0.00825 -0.000170843 -0.00253846 0.0025 0.000825243 0.000725806
internal_weight=1941 907 546 237 309 282 212 88 66 70 1034 936 521 415 274 141 116 237 462 55 59 182 76 73 40 439 130 48 309 124
internal_count=1941 907 546 237 309 282 212 88 66 70 1034 936 521 415 274 141 116 237 462 55 59 182 76 73 40 439 130 48 309 124
is_linear=0
shrinkage=0.03


Tree=168
num_leaves=31
num_cat=0
split_feature=11 9 8 16 57 57 45 57 58 9 58 14 2 9 46 37 18 10 49 54 38 8 34 57 19 19 35 37 57 26
split_gain=45.3854 11.3822 11.5653 5.50059 2.66456 1.98164 2.18261 1.72685 1.66454 1.84277 1.57341 1.50344 1.54556 1.40141 2.26973 2.99684 1.57552 1.6875 1.2835 1.25313 1.52381 1.17031 1.44749 1.6838 2.1039 1.75827 1.39423 1.53835 1.39509 1.28615
threshold=0.13052619222005149 149.50000000000003 3.5000000000000004 25.550000000000004 296.50000000000006 255.50000000000003 81.500000000000014 259.50000000000006 1006.5500000000001 156.50000000000003 1006.6500000000002 28.450000000000003 7992.0000000000009 144.50000000000003 23.950000000000003 705.46250000000009 19.500000000000004 0.68322629814330837 75.500000000000014 448.25000000000006 912.02723222500015 4.5000000000000009 1040.2910715 293.50000000000006 6.5000000000000009 37.500000000000007 809.55000000000007 626.98750000000007 294.50000000000006 17.650000000000002
decision_type=2 2 2 2 2 2 2 2 2 2 2 2 2 2 2 2 2 2 2 2 2 2 2 2 2 2 2 2 2 2
left_child=8 2 3 5 -5 10 11 -4 9 18 -2 -7 -13 16 15 -15 19 -18 21 -10 -21 22 23 25 -25 29 27 -23 -29 -1
right_child=1 -3 7 4 -6 6 -8 -9 13 -11 -12 12 -14 14 -16 -17 17 -19 -20 20 -22 26 -24 24 -26 -27 -28 28 -30 -31
leaf_value=-0.021024632170340476 -0.065637841904679528 -0.0068757956743152908 -0.084574883449018451 -0.025829746959612147 -0.0066865466542413102 -0.39240597715726722 0.99944302788995965 -0.0068757956743152908 -0.36348170033879623 0.059176250347142308 -0.32600923631753581 0.0014642291512260905 -0.018517733140218946 0.019933547497678714 0.00019914747573061218 -0.18669868657306823 1.6947739149532504 0.029973991225693906 0.0088139181096117975 1.201533337345611 -0.31976896798264304 0.079078537619466427 -0.062172858809533299 -0.1502531378984284 -0.020082696046829305 -0.16950125838285707 -0.058594477446820004 -0.76920964049836349 0.73202030867550261 0.005197321864802408
leaf_weight=137 20 352 22 43 56 29 28 184 38 42 26 87 30 26 267 46 24 24 90 21 21 24 62 44 28 20 57 28 36 29
leaf_count=137 20 352 22 43 56 29 28 184 38 42 26 87 30 26 267 46 24 24 90 21 21 24 62 44 28 20 57 28 36 29
internal_value=-0.00560278 -0.0106556 -0.00785714 -0.004279 -0.0101515 -0.00163636 -0.000172414 -0.0133981 -0.00143797 -0.00248744 -0.00717391 -0.00164384 -0.000128205 -9.63597e-05 -0.00110619 -0.00583333 0.00257812 0.006875 -0.00294595 0 0.00357143 -0.00358065 -0.00459375 -0.00360465 -0.0075 -0.00209677 -0.00134483 0.00102273 -0.00140625 -0.00108434
internal_weight=1941 877 525 319 99 220 174 206 1064 597 46 146 117 467 339 72 128 48 555 80 42 465 320 258 72 186 145 88 64 166
internal_count=1941 877 525 319 99 220 174 206 1064 597 46 146 117 467 339 72 128 48 555 80 42 465 320 258 72 186 145 88 64 166
is_linear=0
shrinkage=0.03


Tree=169
num_leaves=31
num_cat=0
split_feature=11 9 8 46 27 27 10 41 36 58 56 57 41 5 36 19 27 26 48 26 2 58 11 46 18 32 2 5 2 35
split_gain=47.0666 11.3822 10.9653 4.62212 3.6192 1.97465 1.8615 1.81275 1.76073 1.64345 1.70956 2.56782 1.60698 1.62673 1.72953 1.6254 1.56385 1.56674 3.50622 1.4451 1.87422 1.312 1.27301 1.32286 1.26593 1.21161 1.14032 1.11364 1.10377 1.1599
threshold=0.13052619222005149 149.50000000000003 3.5000000000000004 25.550000000000004 298.50000000000006 260.50000000000006 -0.77259657388510594 132.88882191297017 263.65982145000004 1005.5500000000001 18.650000000000002 294.50000000000006 447.44380924113784 22.500000000000004 350.39285715000005 5.5000000000000009 272.50000000000006 16.250000000000004 10.500000000000002 14.750000000000002 3277.7857145000003 1004.35 -0.99465189230620688 23.350000000000005 1.0000000180025095e-35 1160.0785715000004 5568.3750000000009 22.500000000000004 5742.1250000000009 802.69880950000004
decision_type=2 2 2 2 2 2 2 2 2 2 2 2 2 2 2 2 2 2 2 2 2 2 2 2 2 2 2 2 2 2
left_child=9 2 3 5 27 6 -2 -8 -4 16 19 -12 13 15 -15 -7 21 -18 28 -11 -21 24 -22 -24 -1 26 -25 -5 -19 -30
right_child=1 -3 8 4 -6 12 7 -9 -10 10 11 -13 -14 14 -16 -17 17 18 -20 20 22 -23 23 25 -26 -27 -28 -29 29 -31
leaf_value=0.010270544688602569 -0.03910342151969174 -0.0066695218040858321 -0.16260319724830669 -0.034749271118184086 -0.006485950254614071 0.95315961087425982 -0.35562088239807349 0.0027304470757149217 -0.0066695218040858321 0.00078277165345964981 -0.061680015671172823 1.6727586950387001 -0.01869133901203187 0.011115689871104038 -0.21833447435732181 -0.012328239883534974 -0.11870097340902663 -0.21250074186595411 0.012215848512387269 -0.21797828767673105 0.53135778337858719 0.0016219366695695535 -0.32511775981542756 0.020546451027994499 -0.090992515123916748 -1.5591517382153477 -0.018558669391139631 0.0044215721840575725 0.04406147855047525 -0.074899067743971551
leaf_weight=39 20 352 27 22 54 36 48 20 179 404 39 32 20 21 36 20 55 48 26 48 24 96 33 24 45 20 62 22 24 45
leaf_count=39 20 352 27 22 54 36 48 20 179 404 39 32 20 21 36 20 55 48 26 48 24 96 33 24 45 20 62 22 24 45
internal_value=-0.00551005 -0.0106556 -0.00785714 -0.00437304 -0.00979592 -0.00196833 -0.00545455 -0.00308824 -0.0132524 -0.0012688 -0.000393586 0.00401408 0.000338346 0.00172566 -0.00184211 0.00535714 -0.00285714 -0.00469697 -0.00304196 -0.000902439 -0.00291469 -0.000833333 -0.00138037 -0.00248201 -0.00357143 -0.000849057 0.000697674 -0.00340909 -0.00525641 -0.00282609
internal_weight=1941 877 525 319 98 221 88 68 206 1064 686 71 133 113 57 56 378 198 143 615 211 180 163 139 84 106 86 44 117 69
internal_count=1941 877 525 319 98 221 88 68 206 1064 686 71 133 113 57 56 378 198 143 615 211 180 163 139 84 106 86 44 117 69
is_linear=0
shrinkage=0.03


Tree=170
num_leaves=31
num_cat=0
split_feature=1 9 8 16 27 24 21 16 27 57 35 39 24 28 3 3 16 37 16 23 41 16 51 45 42 27 18 18 42 14
split_gain=45.1603 12.2132 9.13319 5.0174 3.56084 2.73602 2.1726 2.45614 1.7245 1.72383 1.45945 1.37336 2.08817 1.50766 1.71704 1.59684 3.64488 2.64273 1.51059 1.49201 1.82416 1.30951 1.71111 1.24673 1.09808 1.07612 1.04987 1.3587 1.04551 1.02939
threshold=1.0000000180025095e-35 149.50000000000003 3.5000000000000004 25.550000000000004 298.50000000000006 14.250000000000002 16.500000000000004 25.450000000000003 248.50000000000003 259.50000000000006 1182.0312500000002 1081.3422991937503 756.30000000000007 1006.2500000000001 6242175.4285000013 6327947.7855000012 24.450000000000003 342.19910715000009 25.450000000000003 5.5000000000000009 142.77334004653298 23.750000000000004 692.00000000000011 64.500000000000014 114.22321430000002 289.50000000000006 50.500000000000007 29.500000000000004 78.969642800000003 28.650000000000002
decision_type=2 2 2 2 2 2 2 2 2 2 2 2 2 2 2 2 2 2 2 2 2 2 2 2 2 2 2 2 2 2
left_child=1 2 3 6 -5 9 7 8 -1 -4 11 13 -13 14 -2 16 28 18 -17 -16 -21 25 23 -23 -25 -19 27 29 -15 -10
right_child=10 -3 5 4 -6 -7 -8 -9 26 -11 -12 12 -14 15 19 17 -18 21 -20 20 -22 22 -24 24 -26 -27 -28 -29 -30 -31
leaf_value=-0.31974745800088888 -0.092602564948093227 -0.0064694361499632574 -0.081740784635707928 -0.017052219353952295 -0.007932994479510928 -0.0064588258515690927 -0.020427563571265357 0.91911043289269101 0.002648533663443474 -0.0064694361499632574 -0.054765558338951283 -0.25364522324268285 -0.16717726039089711 1.1485574085652632 0.017255010765230876 0.12687500908872715 -0.12335193955349609 -0.29365331859516625 -0.023632448320229642 -0.068325655550622741 -0.011304181568769302 -0.62740613509858145 1.5637768136949513 0.0029871408518185659 -1.5443328246019836 -0.16133844831204897 -0.047700376539131249 0.76993569231181314 0.082665355205367982 -0.028160261209070721
leaf_weight=26 23 361 23 45 56 25 22 20 41 165 40 23 41 48 21 69 73 28 38 47 388 22 41 64 23 23 49 23 22 51
leaf_count=26 23 361 23 45 56 25 22 20 41 165 40 23 41 48 21 69 73 28 38 47 388 22 41 64 23 23 49 23 22 51
internal_value=-0.00541731 -0.0103032 -0.00747253 -0.00436937 -0.0099505 -0.0123239 -0.00193966 -0.001 -0.00205263 -0.0135638 -0.00113153 -0.000905433 -0.00515625 -0.000612903 -0.00178497 0.000631929 0.00325175 -0.000584416 0.0032243 -0.00138158 -0.00175862 -0.00261194 -0.0012 -0.00316514 -0.00155172 -0.00676471 -0.000914634 0.000652174 0.00814286 -0.000978261
internal_weight=1941 907 546 333 101 213 232 210 190 188 1034 994 64 930 479 451 143 308 107 456 435 201 150 109 87 51 164 115 70 92
internal_count=1941 907 546 333 101 213 232 210 190 188 1034 994 64 930 479 451 143 308 107 456 435 201 150 109 87 51 164 115 70 92
is_linear=0
shrinkage=0.03


Tree=171
num_leaves=31
num_cat=0
split_feature=11 9 27 58 36 57 34 26 35 36 33 40 58 56 38 5 27 34 16 37 34 16 6 43 6 6 43 19 2 39
split_gain=46.6041 11.4772 8.78254 5.92271 2.33849 3.11327 1.87424 1.4269 1.41612 1.40829 1.2903 1.39546 1.29768 3.02851 2.25333 1.34438 1.38764 1.89867 1.492 1.30436 1.24856 1.22543 1.64975 1.15509 1.80491 1.92087 2.01818 1.90335 1.67013 2.1643
threshold=0.13052619222005149 149.50000000000003 296.50000000000006 1005.0500000000001 177.85000000000002 274.50000000000006 58.021428570000005 7.7500000000000009 1182.0312500000002 579.43571430000009 1150.1142860000002 892.87946428750013 1005.5500000000001 18.650000000000002 734.8078124875002 1.0000000180025095e-35 287.50000000000006 977.2491071500001 24.050000000000004 584.06250000000011 1110.9294645000002 26.050000000000004 21.500000000000004 -67.296428554999991 20.500000000000004 23.500000000000004 303.47142880000007 8.5000000000000018 2349.8750000000005 947.83463543750008
decision_type=2 2 2 2 2 2 2 2 2 2 2 2 2 2 2 2 2 2 2 2 2 2 2 2 2 2 2 2 2 2
left_child=8 2 4 9 5 -2 7 21 10 -4 12 -12 15 20 -15 19 -17 18 -18 -1 23 22 -6 -14 27 26 -26 -25 -27 -30
right_child=1 -3 3 -5 6 -7 -8 -9 -10 -11 11 -13 13 14 -16 16 17 -19 -20 -21 -22 -23 -24 24 25 28 -28 -29 29 -31
leaf_value=-0.028033266230982182 -0.021783982343218152 -0.0062753530654643596 -0.026308532624995815 -0.0062753530654643596 -0.1575310182463586 0.55147784595385019 -0.0065194198984915592 -0.013478704111042652 -0.053122591588782651 0.0078908804975056576 -0.0037854637103793575 -0.16216194257917094 0.021766777079075615 3.0724605425634315 0.86393743269509227 -0.012874955847819334 -0.73725412832926374 0.011798741411815137 -0.46570200169414483 0.030630559054894133 -0.26205369239848209 -0.014405795571274593 -0.043184640988240097 -0.053366786851223501 1.5229389766928898 0.0037607653006193685 -0.29904895391359787 -0.042870497102838016 -0.30859104893186146 0.0042665603517065302
leaf_weight=45 32 352 23 195 27 23 53 96 40 21 34 47 98 20 30 155 30 25 32 37 26 24 31 34 41 156 23 124 35 32
leaf_count=45 32 352 23 195 27 23 53 96 40 21 34 47 98 20 30 155 30 25 32 37 26 24 31 34 41 156 23 124 35 32
internal_value=-0.00543277 -0.010553 -0.00774286 -0.0119874 -0.0041958 0.00136364 -0.00551948 -0.00404494 -0.00121241 -0.00204545 -0.000996094 -0.00462963 -0.000683987 0.000121163 0.0072 -0.00222222 -0.00334711 -0.00637931 -0.00919355 0.00109756 -0.000500879 -0.00695122 -0.00931034 -0.00019337 -0.000842697 0.000574913 0.00515625 -0.00341772 -0.00073991 -0.00470149
internal_weight=1941 877 525 239 286 55 231 178 1064 44 1024 81 943 619 50 324 242 87 62 82 569 82 58 543 445 287 64 158 223 67
internal_count=1941 877 525 239 286 55 231 178 1064 44 1024 81 943 619 50 324 242 87 62 82 569 82 58 543 445 287 64 158 223 67
is_linear=0
shrinkage=0.03


Tree=172
num_leaves=31
num_cat=0
split_feature=11 9 8 16 57 34 28 41 33 40 35 11 18 28 57 28 37 37 57 26 31 15 48 26 2 35 30 14 28 6
split_gain=49.0051 11.1056 12.1812 5.09704 1.79075 1.49247 2.91994 2.00634 1.25299 1.39546 1.27808 1.21604 2.29691 2.0246 1.21148 1.19212 1.81498 3.66984 1.62137 1.52601 2.0905 1.57054 2.78591 2.70893 1.40846 1.51547 1.39411 1.32105 1.2403 1.26167
threshold=0.13052619222005149 149.50000000000003 3.5000000000000004 25.750000000000004 259.50000000000006 63.264285715000007 1005.9500000000002 153.67257683459059 1150.1142860000002 892.87946428750013 1182.0312500000002 0.91037613702198772 50.500000000000007 1005.6500000000002 298.50000000000006 1004.7500000000001 602.9000000000002 670.75178570000014 292.50000000000006 17.650000000000002 578.6142857000001 59.500000000000007 19.500000000000004 14.750000000000002 6398.1071430000011 934.03482145000009 971.00000000000011 28.650000000000002 1005.1500000000002 20.500000000000004
decision_type=2 2 2 2 2 2 2 2 2 2 2 2 2 2 2 2 2 2 2 2 2 2 2 2 2 2 2 2 2 2
left_child=8 2 3 5 -4 7 -7 11 10 -10 15 12 -2 -13 -5 16 24 -18 27 21 -21 22 23 -17 -1 -26 -25 -19 -23 -30
right_child=1 -3 4 14 -6 6 -8 -9 9 -11 -12 13 -14 -15 -16 19 17 18 -20 20 -22 28 -24 26 25 -27 -28 -29 29 -31
leaf_value=-0.14569107054492519 0.010768817514599361 -0.0060870924735004286 -0.078089788522706899 -0.038577684393407669 -0.0060870924735004286 -0.00073353564209927534 -0.04257716993047727 0.0087198393940063172 -0.0036718997990674474 -0.15729708430179698 -0.05152891384111908 0.0014715514690748349 -0.88100738245149379 -0.33946407073145418 -0.0058651213206263901 0.56444000982528786 2.0948999368755867 -0.76301899289445774 -0.12260498969365503 0.60282427296587682 0.0055178182813034483 0.046300177501226274 -0.20062477341683829 -0.13225642048755618 0.011142551781936873 -0.11474205073902752 -0.0052539319624621706 0.011395707298554414 -0.018672472455750409 0.0049703274911037307
leaf_weight=49 45 352 22 23 184 37 30 44 34 47 40 28 36 31 45 38 20 22 27 39 80 20 21 27 35 33 33 21 204 274
leaf_count=49 45 352 22 23 184 37 30 44 34 47 40 28 36 31 45 38 20 22 27 39 80 20 21 27 35 33 33 21 204 274
internal_value=-0.00537094 -0.0106214 -0.00785714 -0.00418495 -0.0135437 -0.00221116 -0.00604478 -0.000815217 -0.00104323 -0.00462963 -0.000747711 -0.00257143 -0.000185185 -0.00584746 -0.0114706 -0.00052492 -0.00253623 0.000666667 -0.00257143 4.07609e-05 0.00315126 -0.000559157 -0.00365546 -0.00153061 -0.005 -0.00220588 -0.0055 0.00104651 0.000180723 -0.000125523
internal_weight=1941 877 525 319 206 251 67 184 1064 81 983 140 81 59 68 943 207 90 70 736 119 617 119 98 117 68 60 43 498 478
internal_count=1941 877 525 319 206 251 67 184 1064 81 983 140 81 59 68 943 207 90 70 736 119 617 119 98 117 68 60 43 498 478
is_linear=0
shrinkage=0.03


Tree=173
num_leaves=31
num_cat=0
split_feature=1 9 8 16 34 28 57 46 28 57 26 48 17 57 24 41 57 3 26 33 16 37 3 42 41 42 39 17 42 16
split_gain=44.7554 12.7859 12.6984 5.5309 2.49693 2.68317 2.45279 1.68521 1.54651 1.90301 2.13542 2.85032 2.50216 1.53126 1.48539 1.48118 1.31256 1.2861 1.24813 2.33742 1.68028 1.2335 1.32061 1.21729 1.28681 1.42238 1.19518 2.09701 1.5316 1.53498
threshold=1.0000000180025095e-35 149.50000000000003 3.5000000000000004 25.750000000000004 63.264285715000007 1005.9500000000002 259.50000000000006 24.250000000000004 1006.7500000000001 246.50000000000003 15.950000000000001 26.500000000000004 3.5000000000000004 298.50000000000006 135.65000000000001 203.69147777579278 248.50000000000003 6625868.7855000012 17.450000000000003 824.84375000000011 23.250000000000004 843.57321430000013 6648918.7855000012 -70.714285699999934 277.74972145845237 -172.19732149999996 1104.2571429375002 7.5000000000000009 89.843749950000088 25.450000000000003
decision_type=2 2 2 2 2 2 2 2 2 2 2 2 2 2 2 2 2 2 2 2 2 2 2 2 2 2 2 2 2 2
left_child=1 2 3 4 7 -6 -4 -1 9 -2 12 15 -11 -5 -14 -12 -9 -16 19 -17 -20 22 -22 24 -10 -26 27 -25 29 -29
right_child=8 -3 6 13 5 -7 -8 16 23 10 11 -13 14 -15 17 18 -18 -19 20 -21 21 -23 -24 26 25 -27 -28 28 -30 -31
leaf_value=-0.39298194554206817 0.0040911655944802306 -0.0059044796992954156 -0.075650328211308279 -0.032082611853033995 -0.0051519441071417888 -0.051083428136714883 -0.0059044796992954156 -0.29937486853482026 0.020582825207481503 0.0042177560576430505 0.024882744714058453 0.061482943612792364 -0.034971617456751147 -0.0056891676810075986 -0.140304334269093 0.01351348774524134 0.0067817577657085411 -0.022315625467338937 1.0728929248636683 -0.055495267567125944 -0.097082388752636292 -0.90309920573459912 0.00042196900977094052 0.98855277843320832 -0.017367786407817522 -0.81739000039053278 -2.0979763193900887 0.044460869094225468 -0.13796870889027985 -0.086013777425426027
leaf_weight=21 205 361 25 24 42 31 188 29 22 27 35 30 23 46 47 28 140 29 20 46 74 33 31 50 20 27 20 131 86 50
leaf_count=21 205 361 25 24 42 31 188 29 22 27 35 30 23 46 47 28 140 29 20 46 74 33 31 50 20 27 20 131 86 50
internal_value=-0.00534003 -0.010204 -0.00730769 -0.00364865 -0.00165399 -0.00636986 -0.0130282 0.000157895 -0.0010735 -0.00200637 -0.00315603 -0.00176768 -0.00642857 -0.0111429 -0.00863636 -0.00275281 0.00115385 -0.0106579 -0.00362069 -0.000405405 -0.00512658 -0.00630435 -0.00471429 0.000369458 -0.00326087 -0.00606383 0.00111276 0.00156151 0.000505618 0.00207182
internal_weight=1941 907 546 333 263 73 213 190 1034 628 423 297 126 70 99 267 169 76 232 74 158 138 105 406 69 47 337 317 267 181
internal_count=1941 907 546 333 263 73 213 190 1034 628 423 297 126 70 99 267 169 76 232 74 158 138 105 406 69 47 337 317 267 181
is_linear=0
shrinkage=0.03


Tree=174
num_leaves=31
num_cat=0
split_feature=11 9 8 16 27 35 32 27 36 34 2 5 2 3 45 57 24 28 53 3 51 37 2 20 48 57 3 28 40 40
split_gain=46.5462 11.1422 13.5306 5.25613 1.81291 1.69528 1.6742 1.53595 1.33287 1.87088 1.39275 1.37502 1.225 1.1077 1.18532 1.62307 2.10208 1.76969 2.29934 2.22871 1.84688 2.78826 1.70467 1.51289 1.84096 1.36059 1.33907 1.32638 1.29798 1.50769
threshold=0.16280825711809002 149.50000000000003 3.5000000000000004 25.750000000000004 304.50000000000006 1147.2705355000001 384.05892855000008 314.00000000000006 177.85000000000002 63.264285715000007 6723.7500000000009 1.0000000180025095e-35 7826.0714285000004 6225693.0000000009 84.500000000000014 263.50000000000006 551.95000000000016 1006.6500000000002 62.500000000000007 6343678.5000000009 830.50000000000011 485.12589285000007 3777.0892855000006 28.500000000000004 24.500000000000004 309.50000000000006 6535156.0000000009 1006.4500000000002 41.177566965416666 659.32626489020845
decision_type=2 2 2 2 2 2 2 2 2 2 2 2 2 2 2 2 2 2 2 2 2 2 2 2 2 2 2 2 2 2
left_child=5 2 3 7 -5 13 -7 8 12 10 11 -10 -2 -1 15 16 28 22 -19 20 21 -20 25 24 -16 -17 -21 -24 -15 -30
right_child=1 -3 -4 4 -6 6 -8 -9 9 -11 -12 -13 -14 14 23 17 -18 18 19 26 -22 -23 27 -25 -26 -27 -28 -29 29 -31
leaf_value=-0.059852770809509313 0.81983395807631554 -0.0057273453083165528 -0.0057273453083165528 -0.036457875506014419 -0.0055184926505773705 -0.075114185555451435 -0.0010314235898936737 0.0041635687845602287 0.072358233301616184 -0.029983778684309563 0.045164316389724089 -0.28463801102887032 -0.016455707142625016 0.034156006708446138 -6.4543992677243975e-05 -0.10810396273802859 2.1359949592339103 1.4380028917239642 -0.13458436232770624 -0.20966896521137621 -0.28787479703724411 1.2872194315630441 -0.0070261387932491455 -0.006194448378634 -0.083029174383376245 -0.020066214545363437 -0.02690526963528854 -0.11180601499378397 -0.19815462927977093 0.28143550851771576
leaf_weight=29 20 344 202 23 43 27 23 29 30 39 23 85 20 28 20 36 37 34 32 58 27 53 252 110 34 22 108 23 65 65
leaf_count=29 20 344 202 23 43 27 23 29 30 39 23 85 20 28 20 36 37 34 32 58 27 53 252 110 34 22 108 23 65 65
internal_value=-0.00534003 -0.0105594 -0.00776265 -0.00384615 -0.0113636 -0.00120499 -0.0066 -0.00182927 -0.00269585 -0.00381356 -0.00217391 -0.00352174 0.00225 -0.000943853 -0.000776892 -0.000321429 0.00207692 -0.00104651 0.000576923 -0.000323741 0.00294643 0.00511765 -0.00256757 -0.00310976 -0.00722222 -0.00724138 -0.00253012 -0.00158182 0.00056962 -0.000692308
internal_weight=1941 858 514 312 66 1083 50 246 217 177 138 115 40 1033 1004 840 195 645 312 278 112 85 333 164 54 58 166 275 158 130
internal_count=1941 858 514 312 66 1083 50 246 217 177 138 115 40 1033 1004 840 195 645 312 278 112 85 333 164 54 58 166 275 158 130
is_linear=0
shrinkage=0.03


Tree=175
num_leaves=31
num_cat=0
split_feature=1 9 8 16 10 28 27 27 40 27 35 40 41 43 31 46 27 36 16 43 43 27 16 38 41 52 56 40 33 51
split_gain=41.7582 12.4026 12.2152 5.26814 3.0951 2.27097 2.08286 1.7837 1.76138 1.88125 1.53389 1.49331 1.45117 1.47865 1.59801 1.24825 1.32591 1.01924 1.0168 1.01617 2.07637 1.96216 1.76465 1.59667 1.6733 1.5254 1.4246 1.871 2.01806 1.64456
threshold=1.0000000180025095e-35 149.50000000000003 3.5000000000000004 25.750000000000004 -0.81241147629689037 1004.7500000000001 304.50000000000006 245.50000000000003 892.87946428750013 294.50000000000006 1012.8687500000002 781.94635417708332 280.8678309905435 -335.59642864999995 924.44285715000012 24.250000000000004 248.50000000000003 221.86875000000003 24.150000000000002 55.883035850000063 88.61875000000002 272.50000000000006 23.050000000000004 1008.602008875 337.32860797504355 28.500000000000004 9.9500000000000011 363.26579861729175 800.00000000000011 359.50000000000006
decision_type=2 2 2 2 2 2 2 2 2 2 2 2 2 2 2 2 2 2 2 2 2 2 2 2 2 2 2 2 2 2
left_child=1 2 3 4 5 -1 -5 -4 10 12 19 -12 13 -10 18 -6 -17 -9 -15 21 25 -2 -22 24 26 -21 -23 -28 29 -29
right_child=8 -3 7 6 15 -7 -8 17 9 -11 11 -13 -14 14 -16 16 -18 -19 -20 20 22 23 -24 -25 -26 -27 27 28 -30 -31
leaf_value=0.011297360774692601 0.034531967970276425 -0.0055555249490670568 -0.085212139639494477 -0.023734875527782157 -0.25435780652766254 -0.024184479038641894 -0.0053529378710600491 -0.029384023590650319 0.13657396593834539 0.82933647221799445 -0.049881206058729428 0.0040725987867867852 -0.13588442007722271 -0.17988879012269252 -0.084856694032673652 -0.27988557991664681 0.0046592132870909965 -0.0055555249490670568 -0.064757943075667859 -0.067437187505681631 -0.039351200087032252 -0.15738584358828414 -0.0037226596577695694 0.45646884179029595 -0.26148344948770413 -1.3349606654038886 0.16364566079842241 0.0040396968598935294 0.0094201319350114832 -0.088590744948666547
leaf_weight=22 148 361 20 25 22 40 45 20 21 30 43 30 21 21 20 30 149 173 23 24 43 22 367 26 26 21 34 22 49 43
leaf_count=22 148 361 20 25 22 40 45 20 21 30 43 30 21 21 20 30 149 173 23 24 43 22 367 26 26 21 34 22 49 43
internal_value=-0.00557187 -0.0102701 -0.00741758 -0.00382883 -0.00188213 -0.00774194 -0.0111429 -0.0130282 -0.00145068 -0.00463235 -0.00096882 -0.00513699 -0.00650943 -0.00476471 -0.00703125 -7.46269e-05 0.00075419 -0.0139119 -0.0102273 -0.0006 -0.00154945 0.000567568 -0.000878049 -0.00121622 -0.00214286 -0.00766667 -0.00105882 0 -0.00184211 -0.00530769
internal_weight=1941 907 546 333 263 62 70 213 1034 136 898 73 106 85 64 201 179 193 44 825 455 370 410 222 196 45 170 148 114 65
internal_count=1941 907 546 333 263 62 70 213 1034 136 898 73 106 85 64 201 179 193 44 825 455 370 410 222 196 45 170 148 114 65
is_linear=0
shrinkage=0.03


Tree=176
num_leaves=31
num_cat=0
split_feature=11 9 16 27 58 18 56 40 41 36 40 35 28 2 28 3 37 30 3 18 33 17 40 17 3 43 30 43 46 27
split_gain=43.297 11.1422 7.29493 5.19891 2.93967 4.24841 2.12792 2.04171 1.73333 1.46677 1.42438 1.41671 1.39257 1.38252 2.09281 1.16123 3.13114 2.0119 1.20634 1.93606 2.28292 1.68312 1.36802 1.54821 1.24146 1.34165 1.60148 1.2855 1.23272 1.20359
threshold=0.16280825711809002 149.50000000000003 25.650000000000002 298.50000000000006 1004.9500000000002 1.0000000180025095e-35 7.8500000000000005 952.28456100416668 228.18783373420047 384.05892855000008 260.79750743875002 991.58571430000018 1004.4500000000002 6723.7500000000009 1007.1500000000002 6304524.4375000009 781.81428570000014 815.06428575000007 6365409.4285000013 44.500000000000007 859.97857140000008 19.500000000000004 393.22343750143756 33.500000000000007 6392911.9105000012 399.29999985000012 977.2491071500001 59.470535700000035 23.950000000000003 163.50000000000003
decision_type=2 2 2 2 2 2 2 2 2 2 2 2 2 2 2 2 2 2 2 2 2 2 2 2 2 2 2 2 2 2
left_child=7 2 4 9 12 -6 -7 11 -9 -4 13 15 -2 14 -8 16 -1 -18 19 20 21 -17 23 -23 28 26 29 -28 -20 -26
right_child=1 -3 3 -5 5 6 10 8 -10 -11 -12 -13 -14 -15 -16 18 17 -19 24 -21 -22 22 -24 -25 25 -27 27 -29 -30 -31
leaf_value=-0.050649169408812242 -0.016300956751587041 -0.0053888592005950451 0.011714898148546654 -0.0053888592005950451 -0.0053888592005950451 -0.035818281274974599 -0.95850711700062341 -0.03991982134147349 -0.086085604953951178 -0.015965826455101702 -0.023550315871911535 -0.038691876984602795 0.0049033980808207422 0.053487923267088427 0.0076630308866531983 0.038925917022313919 0.79948890357413005 -0.0092904404658224853 -0.67053822064783897 1.4233105477296937 2.0167344545459058 0.14081040006333925 -0.79913879062480242 -0.032199757291072093 0.053243434320043227 -0.9756887296039678 1.1628418557222449 0.0045983454476845511 -0.0053748461084855217 -0.021113692123515295
leaf_weight=148 58 344 21 157 77 32 38 39 26 34 25 91 26 22 24 40 21 27 34 35 39 20 22 28 64 21 29 51 41 307
leaf_count=148 58 344 21 157 77 32 38 39 26 34 25 91 26 22 24 40 21 27 34 35 39 20 22 28 64 21 29 51 41 307
internal_value=-0.0055255 -0.0105594 -0.00776265 -0.0120283 -0.00476821 -0.0066055 -0.00351064 -0.0015374 -0.00669231 -0.00409091 -0.00151376 -0.00120825 0 0.000357143 -0.00193548 -0.000857605 -0.00290816 0.00375 -0.000307798 0.00179348 0.000302013 -0.00190909 -0.00471429 -0.001875 -0.00101463 -0.000444915 -9.97783e-05 0.00375 -0.0046 -0.000929919
internal_weight=1941 858 514 212 302 218 141 1083 65 55 109 1018 84 84 62 927 196 48 731 184 149 110 70 48 547 472 451 80 75 371
internal_count=1941 858 514 212 302 218 141 1083 65 55 109 1018 84 84 62 927 196 48 731 184 149 110 70 48 547 472 451 80 75 371
is_linear=0
shrinkage=0.03


end of trees

feature_importances:
day=378
day_of_year=278
wind_direction_10m=274
hour_cos=251
wind_direction_10m_lag1=251
hour_sin=217
dew_point_2m=192
day_of_week=188
DC_POWER=172
wind_speed_10m=165
cloud_cover_mid=123
generation_lag_96=120
wind_speed_10m_lag1=117
surface_pressure_lag1=117
dew_point_2m_lag1=112
surface_pressure=111
cloud_cover=106
TOTAL_YIELD=95
cloud_cover_lag1=90
cloud_cover_mid_lag1=90
cloud_cover_low=89
generation_lag_24=89
day_sin=88
DAILY_YIELD=84
generation_lag_48=84
generation_rolling_std_24=82
generation_rolling_mean_24=81
temperature_2m=74
relative_humidity_2m=72
generation_lag_2=72
diffuse_radiation=71
generation_lag_8=65
generation_change_4=65
cloud_cover_low_lag1=62
relative_humidity_2m_lag1=61
direct_normal_irradiance=53
generation_change_1=53
generation_rolling_mean_8=52
temperature_2m_lag1=52
generation_rolling_mean_4=49
shortwave_radiation=46
diffuse_radiation_lag1=45
direct_normal_irradiance_lag1=45
generation_lag_12=44
cloud_cover_high=42
generation_lag_4=38
shortwave_radiation_lag1=37
generation_lag_1=34
hour=25
cloud_cover_high_lag1=23
minute=22
direct_radiation_lag1=12
direct_radiation=10
global_tilted_irradiance=10
is_daytime=7
precipitation_lag1=6
day_cos=5
precipitation=4
global_tilted_irradiance_lag1=4

parameters:
[boosting: gbdt]
[objective: quantile]
[metric: quantile]
[tree_learner: serial]
[device_type: cpu]
[data_sample_strategy: bagging]
[data: ]
[valid: ]
[num_iterations: 500]
[learning_rate: 0.03]
[num_leaves: 31]
[num_threads: 2]
[seed: 42]
[deterministic: 0]
[force_col_wise: 0]
[force_row_wise: 0]
[histogram_pool_size: -1]
[max_depth: -1]
[min_data_in_leaf: 20]
[min_sum_hessian_in_leaf: 0.001]
[bagging_fraction: 0.8]
[pos_bagging_fraction: 1]
[neg_bagging_fraction: 1]
[bagging_freq: 0]
[bagging_seed: 400]
[bagging_by_query: 0]
[feature_fraction: 0.8]
[feature_fraction_bynode: 1]
[feature_fraction_seed: 30056]
[extra_trees: 0]
[extra_seed: 12879]
[early_stopping_round: 0]
[early_stopping_min_delta: 0]
[first_metric_only: 0]
[max_delta_step: 0]
[lambda_l1: 0]
[lambda_l2: 0]
[linear_lambda: 0]
[min_gain_to_split: 0]
[drop_rate: 0.1]
[max_drop: 50]
[skip_drop: 0.5]
[xgboost_dart_mode: 0]
[uniform_drop: 0]
[drop_seed: 17869]
[top_rate: 0.2]
[other_rate: 0.1]
[min_data_per_group: 100]
[max_cat_threshold: 32]
[cat_l2: 10]
[cat_smooth: 10]
[max_cat_to_onehot: 4]
[top_k: 20]
[monotone_constraints: ]
[monotone_constraints_method: basic]
[monotone_penalty: 0]
[feature_contri: ]
[forcedsplits_filename: ]
[refit_decay_rate: 0.9]
[cegb_tradeoff: 1]
[cegb_penalty_split: 0]
[cegb_penalty_feature_lazy: ]
[cegb_penalty_feature_coupled: ]
[path_smooth: 0]
[interaction_constraints: ]
[verbosity: -1]
[saved_feature_importance_type: 0]
[use_quantized_grad: 0]
[num_grad_quant_bins: 4]
[quant_train_renew_leaf: 0]
[stochastic_rounding: 1]
[linear_tree: 0]
[max_bin: 255]
[max_bin_by_feature: ]
[min_data_in_bin: 3]
[bin_construct_sample_cnt: 200000]
[data_random_seed: 175]
[is_enable_sparse: 1]
[enable_bundle: 1]
[use_missing: 1]
[zero_as_missing: 0]
[feature_pre_filter: 1]
[pre_partition: 0]
[two_round: 0]
[header: 0]
[label_column: ]
[weight_column: ]
[group_column: ]
[ignore_column: ]
[categorical_feature: ]
[forcedbins_filename: ]
[precise_float_parser: 0]
[parser_config_file: ]
[objective_seed: 16083]
[num_class: 1]
[is_unbalance: 0]
[scale_pos_weight: 1]
[sigmoid: 1]
[boost_from_average: 1]
[reg_sqrt: 0]
[alpha: 0.5]
[fair_c: 1]
[poisson_max_delta_step: 0.7]
[tweedie_variance_power: 1.5]
[lambdarank_truncation_level: 30]
[lambdarank_norm: 1]
[label_gain: ]
[lambdarank_position_bias_regularization: 0]
[eval_at: ]
[multi_error_top_k: 1]
[auc_mu_weights: ]
[num_machines: 1]
[local_listen_port: 12400]
[time_out: 120]
[machine_list_filename: ]
[machines: ]
[gpu_platform_id: -1]
[gpu_device_id: -1]
[gpu_use_dp: 0]
[num_gpu: 1]

end of parameters

pandas_categorical:[]
