tree
version=v4
num_class=1
num_tree_per_iteration=1
label_index=0
max_feature_idx=60
objective=regression
feature_names=PLANT_ID DC_POWER DAILY_YIELD TOTAL_YIELD hour minute day month day_of_week day_of_year hour_sin hour_cos day_sin day_cos temperature_2m relative_humidity_2m dew_point_2m cloud_cover cloud_cover_low cloud_cover_mid cloud_cover_high shortwave_radiation direct_radiation diffuse_radiation direct_normal_irradiance global_tilted_irradiance wind_speed_10m wind_direction_10m surface_pressure precipitation generation_lag_1 generation_lag_2 generation_lag_4 generation_lag_8 generation_lag_12 generation_lag_24 generation_lag_48 generation_lag_96 generation_rolling_mean_4 generation_rolling_mean_8 generation_rolling_mean_24 generation_rolling_std_24 generation_change_1 generation_change_4 temperature_2m_lag1 relative_humidity_2m_lag1 dew_point_2m_lag1 cloud_cover_lag1 cloud_cover_low_lag1 cloud_cover_mid_lag1 cloud_cover_high_lag1 shortwave_radiation_lag1 direct_radiation_lag1 diffuse_radiation_lag1 direct_normal_irradiance_lag1 global_tilted_irradiance_lag1 wind_speed_10m_lag1 wind_direction_10m_lag1 surface_pressure_lag1 precipitation_lag1 is_daytime
feature_infos=none [0:14413.42857] [0:9163] [6190002:7757913.7139999997] [0:23] [0:45] [1:31] [5:6] [0:6] [137:158] [-1:1] [-1:1] [0.41105375468703509:0.70672655557761577] [-0.91161110719302385:-0.7074868024503348] [25.199999999999999:34.600000000000001] [50:99] [20.800000000000001:26.5] [0:100] [0:100] [0:100] [0:100] [0:958] [0:789] [0:375] [0:795.29999999999995] [0:958] [1.3:58.600000000000001] [7:356] [987.20000000000005:1009.6] [0:32.700000000000003] [0:1405.3] [0:1405.3] [0:1405.3] [0:1405.3] [0:1405.3] [0:1405.3] [0:1405.3] [0:1405.3] [0:1274.8656249999999] [0:1243.16316975] [0:1100.1531002083334] [0:596.18673098771092] [-1031.22:742.03392899999994] [-1163.6199999999999:796.08750000000009] [25.199999999999999:34.600000000000001] [50:99] [20.800000000000001:26.5] [0:100] [0:100] [0:100] [0:100] [0:958] [0:789] [0:375] [0:795.29999999999995] [0:958] [1.3:58.600000000000001] [7:356] [987.20000000000005:1009.6] [0:32.700000000000003] [0:1]
tree_sizes=2692 2701 2707 2693 2695 2698 2701 2685 2686 2687 2699 2703 2675 2686 2670 2688 2671 2674 2684 2656 2680 2661 2637 2653 2678 2664 2653 2669 2667 2667 2630 2644 2670 2647 2649 2632 2651 2645 2633 2623 2630 2626 2642 2646 2638 2646 2621 2619 2621 2611 2609 2630 2607 2621 2619 2626 2608 2626 2618 2616 2622 2602 2621 2618 2625 2623 2598 2617 2623 2618 2613 2627 2630 2625 2632 2625 2625 2629 2633 2632 2601 2635 2636 2624 2622

Tree=0
num_leaves=31
num_cat=0
split_feature=11 11 11 46 48 15 56 20 8 6 11 27 23 9 18 6 24 52 41 11 18 26 57 26 52 51 56 16 30 1
split_gain=1.72399e+08 1.16169e+07 7.81033e+06 5.75108e+06 1.58641e+07 3.04068e+06 5.94549e+06 6.19108e+06 6.04073e+06 7.62972e+06 5.92845e+06 2.51422e+06 1.90203e+06 1.92288e+06 2.72199e+06 2.1153e+06 1.6138e+06 1.67868e+06 1.26114e+06 1.18798e+06 1.03196e+06 988598 882909 810895 1.05902e+06 1.08473e+06 794598 777839 707338 387498
threshold=-0.47114434510950048 -0.84874750804349197 -0.2269546835593246 23.150000000000002 8.5000000000000018 82.500000000000014 12.250000000000002 6.5000000000000009 3.5000000000000004 27.500000000000004 0.83146961230254512 274.50000000000006 202.00000000000003 141.50000000000003 1.5000000000000002 27.500000000000004 764.20000000000016 707.50000000000011 233.36781989174327 -0.68322629814330815 39.500000000000007 16.250000000000004 281.50000000000006 10.750000000000002 361.00000000000006 637.00000000000011 16.450000000000003 24.750000000000004 927.76250000000016 595.90178570000012
decision_type=2 2 2 2 2 2 2 2 2 2 2 2 2 2 2 2 2 2 2 2 2 2 2 2 2 2 2 2 2 2
left_child=1 3 20 4 21 6 7 8 9 10 11 -4 13 14 -3 19 17 23 -17 22 -2 -1 -15 28 -25 -26 -27 -22 -5 -7
right_child=2 12 5 16 -6 29 -8 -9 -10 -11 -12 -13 -14 15 -16 18 -18 -19 -20 -21 27 -23 -24 24 25 26 -28 -29 -30 -31
leaf_value=336.88993164885886 312.84662450665854 324.79192370880787 305.93760776654722 332.98551515971917 305.43037518212782 305.59676016864063 305.84606089842333 305.69571638908712 306.93474121058267 335.86306191700851 328.28953429576654 317.6244889031579 328.89104112180445 324.46816608821649 312.12568831604506 322.45599971602951 338.41704687217788 324.63849304738631 313.8583431405462 322.70385062709062 322.04126012365538 328.33492399799127 330.98334405704867 337.64911340412613 326.01636341760144 336.04227814005435 330.71387413417597 314.05545032621438 325.10232511368122 309.09707177745599
leaf_weight=31 118 26 37 20 28 556 268 84 49 21 25 30 41 36 37 34 39 26 28 87 23 20 39 44 21 53 48 21 21 30
leaf_count=31 118 26 37 20 28 556 268 84 49 21 25 30 41 36 37 34 39 26 28 87 23 20 39 44 21 53 48 21 21 30
internal_value=314.717 326.906 308.159 330.699 323.574 307.253 308.937 312.305 315.732 319.547 315.822 311.171 322.847 321.983 317.353 323.286 332.769 331.823 318.573 325.089 314.309 333.535 327.856 332.726 333.659 332.22 333.51 318.23 328.948 305.776
internal_weight=1941 679 1262 351 79 1100 514 246 162 113 92 67 328 287 63 224 272 233 62 162 162 51 75 207 166 122 101 44 41 586
internal_count=1941 679 1262 351 79 1100 514 246 162 113 92 67 328 287 63 224 272 233 62 162 162 51 75 207 166 122 101 44 41 586
is_linear=0
shrinkage=1


Tree=1
num_leaves=31
num_cat=0
split_feature=11 11 11 16 18 15 56 49 37 11 26 11 48 48 16 24 24 26 56 19 18 37 16 54 48 57 57 6 56 6
split_gain=1.6221e+08 1.09303e+07 7.34874e+06 4.37993e+06 1.43672e+07 2.86098e+06 5.59411e+06 5.69687e+06 5.33921e+06 5.89578e+06 3.20988e+06 1.77193e+06 1.62373e+06 2.00855e+06 1.74353e+06 1.40034e+06 1.6788e+06 1.28013e+06 1.01627e+06 982136 972453 895603 813243 809927 757454 714068 708114 692504 834153 675705
threshold=-0.47114434510950048 -0.84874750804349197 -0.2269546835593246 23.150000000000002 8.5000000000000018 82.500000000000014 12.250000000000002 13.500000000000002 2.5928571430000003 0.63405362205439486 9.2500000000000018 -0.68322629814330815 60.500000000000007 19.500000000000004 24.350000000000005 764.20000000000016 730.75000000000011 16.250000000000004 8.3500000000000032 1.5000000000000002 40.500000000000007 462.90714285000007 24.750000000000004 382.85000000000008 1.5000000000000002 275.50000000000006 269.50000000000006 16.500000000000004 8.5500000000000025 24.500000000000004
decision_type=2 2 2 2 2 2 2 2 2 2 2 2 2 2 2 2 2 2 2 2 2 2 2 2 2 2 2 2 2 2
left_child=1 3 20 4 17 6 7 8 9 10 -4 12 13 21 -15 16 19 -1 -11 25 -2 -3 -22 -13 -25 -5 -10 28 -21 -23
right_child=2 11 5 15 -6 -7 -8 -9 26 18 -12 23 -14 14 -16 -17 -18 -19 -20 27 22 29 -24 24 -26 -27 -28 -29 -30 -31
leaf_value=21.502984183175222 -1.7711232491731643 16.369659352302548 -6.5880423094096932 15.526269859313963 -8.9961273017296417 -8.6728259852314959 -8.6048250952763343 -8.9773349732990493 -9.109838487779772 17.948562251004304 6.5390303726196288 7.5459673148134483 17.300547599792477 -2.382058257189664 9.3102030086517331 22.689868469238281 10.097481157779693 12.133862958635603 8.6047556322813037 11.891438575744628 7.7073286002022883 11.919750415628608 -0.64171707153320312 5.2722586121278647 -1.4974635083334786 22.214636751062731 -2.1034442138671876 12.403602975209553 18.817028144200641 5.8196681939294699
leaf_weight=35 120 24 38 20 26 586 268 79 37 22 30 92 24 22 24 38 32 21 20 20 21 44 21 51 21 51 20 36 72 26
leaf_count=35 120 24 38 20 26 586 268 79 37 22 30 92 24 22 24 38 32 21 20 20 21 44 21 51 21 51 20 36 72 26
internal_value=-1.31374e-07 11.8234 -6.36139 15.5029 9.43313 -7.23993 -5.60632 -2.33965 0.800335 4.66172 -0.796687 7.88589 10.0909 8.85494 3.71825 17.3531 16.4752 17.9896 13.4991 17.5008 -0.396031 11.3686 3.53281 5.6809 3.29776 20.3306 -6.65145 15.9311 17.3115 9.65401
internal_weight=1941 679 1262 351 82 1100 514 246 167 110 68 328 164 140 46 269 231 56 42 199 162 94 42 164 72 71 57 128 92 70
internal_count=1941 679 1262 351 82 1100 514 246 167 110 68 328 164 140 46 269 231 56 42 199 162 94 42 164 72 71 57 128 92 70
is_linear=0
shrinkage=0.03


Tree=2
num_leaves=31
num_cat=0
split_feature=11 11 11 46 48 15 26 19 37 9 11 23 9 18 16 24 54 27 27 1 18 26 26 54 55 2 16 30 11 54
split_gain=1.52623e+08 1.02844e+07 6.91443e+06 5.10791e+06 1.4098e+07 2.69189e+06 4.61049e+06 5.08574e+06 5.66293e+06 6.71688e+06 7.22706e+06 1.71628e+06 1.79439e+06 2.50446e+06 1.5916e+06 1.43717e+06 1.35118e+06 1.28927e+06 1.34682e+06 1.20667e+06 915306 870748 742348 972930 974767 1.04657e+06 689834 654384 583603 441888
threshold=-0.47114434510950048 -0.84874750804349197 -0.2269546835593246 23.150000000000002 8.5000000000000018 82.500000000000014 12.250000000000002 10.500000000000002 80.929464285000009 148.50000000000003 0.81241147629689003 202.00000000000003 141.50000000000003 1.5000000000000002 24.450000000000003 764.20000000000016 730.75000000000011 265.50000000000006 209.00000000000003 4744.9375000000009 39.500000000000007 16.250000000000004 10.750000000000002 429.25000000000006 637.00000000000011 4059.3392855000006 24.750000000000004 927.76250000000016 -0.68322629814330815 582.30000000000007
decision_type=2 2 2 2 2 2 2 2 2 2 2 2 2 2 2 2 2 2 2 2 2 2 2 2 2 2 2 2 2 2
left_child=1 3 20 4 21 6 7 8 9 10 14 12 13 -3 -4 16 22 18 -14 -19 -2 -1 27 -24 -25 29 -22 -5 -21 -26
right_child=2 11 5 15 -6 -7 -8 -9 -10 -11 -12 -13 17 -15 -16 -17 -18 19 -20 28 26 -23 23 24 25 -27 -28 -29 -30 -31
leaf_value=20.861491669685609 -1.7611444270964396 9.4916204232435959 2.047415505189162 17.213364875793456 -8.7812526593889508 -8.4126405395664055 -8.2246505192035944 -8.3086481865872166 -8.5877591378038574 19.405303257533479 15.014361358880997 13.390848535677282 8.7064969947121362 -2.6579525571256069 -7.1686794340610502 22.318281813401445 9.9144304438999722 4.1032340202331543 -0.001692998332362021 12.610440496726774 6.898024884099546 12.832577213287353 21.435051593780518 10.507386757986886 16.661324866510206 11.913738410256126 -0.62246552876063754 9.6309963280814035 8.573090833925594 21.383403363909039
leaf_weight=31 118 26 26 20 28 586 262 89 44 21 24 41 33 37 48 39 28 30 31 71 23 20 48 21 31 22 21 21 59 42
leaf_count=31 118 26 26 20 28 586 262 89 44 21 24 41 33 37 48 39 28 30 31 71 23 20 48 21 31 22 21 21 59 42
internal_value=9.39132e-08 11.4687 -6.17055 15.0378 8.32257 -7.02273 -5.43813 -2.54103 0.608165 4.00834 0.708988 7.64931 6.8291 2.35616 -3.93059 16.9882 16.096 8.08711 4.48847 9.52657 -0.38415 17.7129 16.9403 17.843 16.3566 17.6495 3.3087 13.3297 10.7781 19.3781
internal_weight=1941 679 1262 351 79 1100 514 252 163 119 98 328 287 63 74 272 233 224 64 160 162 51 205 164 116 95 44 41 130 73
internal_count=1941 679 1262 351 79 1100 514 252 163 119 98 328 287 63 74 272 233 224 64 160 162 51 205 164 116 95 44 41 130 73
is_linear=0
shrinkage=0.03


Tree=3
num_leaves=31
num_cat=0
split_feature=11 11 11 46 48 15 56 20 8 6 28 11 28 6 27 49 37 54 51 23 15 40 48 26 40 46 26 54 51 41
split_gain=1.43603e+08 9.67656e+06 6.50579e+06 4.80603e+06 1.32648e+07 2.5328e+06 4.96552e+06 5.18859e+06 5.09211e+06 6.76079e+06 5.31107e+06 5.87055e+06 1.68821e+06 1.72729e+06 2.07319e+06 2.26974e+06 1.62311e+06 1.15227e+06 1.29468e+06 1.11381e+06 943583 900691 825268 819287 805887 732961 721350 871668 957736 974698
threshold=-0.47114434510950048 -0.84874750804349197 -0.2269546835593246 23.150000000000002 8.5000000000000018 82.500000000000014 12.250000000000002 6.5000000000000009 3.5000000000000004 27.500000000000004 1005.9500000000002 0.63405362205439486 1008.35 16.500000000000004 265.50000000000006 2.5000000000000004 502.52142855000005 766.80000000000007 884.50000000000011 178.50000000000003 62.500000000000007 932.19258433958328 40.500000000000007 16.250000000000004 851.24558533750007 24.750000000000004 10.750000000000002 429.25000000000006 637.00000000000011 301.95956723712624
decision_type=2 2 2 2 2 2 2 2 2 2 2 2 2 2 2 2 2 2 2 2 2 2 2 2 2 2 2 2 2 2
left_child=1 3 22 4 23 6 7 8 9 10 11 -4 13 24 -15 16 -16 18 26 -14 -17 -18 -2 -1 -3 -24 -5 -28 -29 -30
right_child=2 12 5 17 -6 -7 -8 -9 -10 -11 -12 -13 19 14 15 20 21 -19 -20 -21 -22 -23 25 -25 -26 -27 27 28 29 -31
leaf_value=20.235648016160532 -1.6393880779743195 8.1749658441543573 -2.7759502570969721 12.929821301902212 -8.5178151593889506 -8.1602616525103198 -8.1000078142223071 -8.2478813614164075 -7.1370535457377526 19.801536930629187 -7.8515858567727577 16.829685906304253 8.3102200614704813 -1.8495577812194823 13.970940860203333 4.8604373931884766 3.5849450324376422 21.733307550603694 9.29284317626953 16.471734212239586 -4.0300309467315669 11.109229576587676 7.4032501952424647 12.447599853515625 14.805008876973931 -0.53198703419078486 20.791999969482422 10.192164982386997 13.542308948993682 19.512016596794126
leaf_weight=31 120 66 28 41 28 586 268 84 49 21 37 27 34 35 35 22 45 33 25 27 21 21 20 20 22 22 48 21 40 64
leaf_count=31 120 66 28 41 28 586 268 84 49 21 37 27 34 35 35 22 45 33 25 27 21 21 20 20 22 22 48 21 40 64
internal_value=8.83768e-08 11.1246 -5.98544 14.5866 8.07289 -6.81205 -5.27498 -2.19731 0.940018 4.44246 0.93659 6.84863 7.41984 6.39109 4.69924 6.29096 8.74851 16.4785 15.753 11.9227 0.518581 5.97904 -0.372625 17.1815 9.83248 3.2467 16.5076 17.3556 16.036 17.216
internal_weight=1941 679 1262 351 79 1100 514 246 162 113 92 55 328 267 179 144 101 272 239 61 43 66 162 51 88 42 214 173 125 104
internal_count=1941 679 1262 351 79 1100 514 246 162 113 92 55 328 267 179 144 101 272 239 61 43 66 162 51 88 42 214 173 125 104
is_linear=0
shrinkage=0.03


Tree=4
num_leaves=31
num_cat=0
split_feature=11 11 11 46 48 15 56 20 37 9 28 10 28 39 24 52 17 46 19 46 40 48 32 48 53 44 57 15 11 37
split_gain=1.35116e+08 9.10468e+06 6.17116e+06 4.52199e+06 1.24809e+07 2.2622e+06 4.72032e+06 4.90013e+06 5.16755e+06 6.27481e+06 5.82251e+06 5.46464e+06 1.58844e+06 1.36797e+06 1.28091e+06 1.33377e+06 1.19775e+06 1.34104e+06 1.38555e+06 1.0263e+06 1.0161e+06 908084 712323 768525 688080 638682 678732 607045 586960 773373
threshold=-0.47114434510950048 -0.84874750804349197 -0.16280825711808986 23.150000000000002 8.5000000000000018 82.500000000000014 12.250000000000002 6.5000000000000009 80.929464285000009 148.50000000000003 1005.7500000000001 0.58216583101416164 1008.35 943.67935266250004 764.20000000000016 707.50000000000011 58.500000000000007 23.550000000000004 2.5000000000000004 23.350000000000005 121.04557291229166 40.500000000000007 802.69880950000004 26.500000000000004 195.50000000000003 32.250000000000007 237.50000000000003 75.500000000000014 -0.63405362205439475 691.54285715000015
decision_type=2 2 2 2 2 2 2 2 2 2 2 2 2 2 2 2 2 2 2 2 2 2 2 2 2 2 2 2 2 2
left_child=1 3 21 4 -1 6 7 8 9 10 11 -4 13 16 15 22 17 -3 -19 -15 -14 -2 23 -5 -24 26 -26 -23 29 -18
right_child=2 12 5 14 -6 -7 -8 -9 -10 -11 -12 -13 20 19 -16 -17 28 18 -20 -21 -22 27 24 -25 25 -27 -28 -29 -30 -31
leaf_value=16.666066086713005 -2.1461462857506493 -0.89449826288223266 16.088105682373048 16.24829968986511 -8.2622812434605191 -7.9940638932585717 -8.0852138050492997 -8.1173752675233057 -8.4183499615009012 19.49135513305664 -6.9731307493556631 -4.1565986137390132 7.0726738313528204 15.856595592498779 21.016170771672176 8.7374389545734097 13.574754902766299 8.6703269274115566 0.67604960560798644 7.2921085158516377 14.902178819928849 6.2419568980823854 18.491249418992261 22.321949047851561 14.206028961181641 15.579028461456298 6.4838856278147015 -0.47135241190592442 5.1941336524486541 5.7279467997550961
leaf_weight=51 154 45 30 75 28 576 249 81 39 20 44 20 26 20 39 26 26 50 32 34 35 22 26 25 20 40 21 27 40 20
leaf_count=51 154 45 30 75 28 576 249 81 39 20 44 20 26 20 39 26 26 50 32 34 35 22 26 25 20 40 21 27 40 20
internal_value=-7.99706e-08 10.7909 -5.80587 14.1491 7.8307 -6.72436 -5.21019 -2.15087 1.00788 4.23264 0.9861 7.99022 7.19724 6.19936 15.9842 15.1419 5.11815 3.26691 5.55061 10.4641 11.565 -1.01433 15.9463 17.7667 14.245 12.882 10.2508 2.54279 7.85195 10.1631
internal_weight=1941 679 1262 351 79 1059 483 234 153 114 94 50 328 267 272 233 213 127 82 54 61 203 207 100 107 81 41 49 86 46
internal_count=1941 679 1262 351 79 1059 483 234 153 114 94 50 328 267 272 233 213 127 82 54 61 203 207 100 107 81 41 49 86 46
is_linear=0
shrinkage=0.03


Tree=5
num_leaves=31
num_cat=0
split_feature=11 11 11 46 48 15 14 48 23 9 18 24 52 27 27 1 18 46 16 9 17 18 19 37 27 27 27 51 15 37
split_gain=1.27131e+08 8.56659e+06 5.80644e+06 4.25474e+06 1.17433e+07 2.1285e+06 3.40525e+06 3.00083e+06 1.50233e+06 1.5163e+06 2.26508e+06 1.20521e+06 1.25494e+06 1.11384e+06 1.17151e+06 1.05062e+06 1.01657e+06 969943 802574 3.7979e+06 3.38689e+06 728585 693108 656403 821048 875544 649111 500178 834214 565229
threshold=-0.47114434510950048 -0.84874750804349197 -0.16280825711808986 23.150000000000002 8.5000000000000018 82.500000000000014 27.850000000000005 62.500000000000007 202.00000000000003 141.50000000000003 1.5000000000000002 764.20000000000016 707.50000000000011 265.50000000000006 209.00000000000003 4744.9375000000009 40.500000000000007 24.950000000000003 24.750000000000004 140.50000000000003 12.500000000000002 30.500000000000004 1.5000000000000002 649.3285714000001 218.50000000000003 292.50000000000006 275.50000000000006 872.50000000000011 65.500000000000014 651.56428570000014
decision_type=2 2 2 2 2 2 2 2 2 2 2 2 2 2 2 2 2 2 2 2 2 2 2 2 2 2 2 2 2 2
left_child=1 3 16 4 -1 6 -4 18 9 10 -3 12 22 14 -11 -15 -2 -18 19 20 -8 -20 26 -24 -25 -26 -5 28 29 -17
right_child=2 8 5 11 -6 -7 7 -9 -10 13 -12 -13 -14 15 -16 27 17 -19 21 -21 -22 -23 23 24 25 -27 -28 -29 -30 -31
leaf_value=16.166083845250746 -2.2136233245699026 8.8880699994013863 5.7277536849975581 13.468335919587508 -8.0144124167306074 -7.7542415713891391 12.110644844055177 3.5297387008666989 12.353067371249198 7.9594392702796251 -2.6662904502250053 20.385685542179989 8.4753157909099883 3.6477953526973721 -0.16224178952555501 9.7746371131107708 6.2846146576980058 -2.0688982837850398 -8.1087179572872987 -7.0155029865290146 -5.348443757057189 -3.2414681911468506 18.482804040527345 15.683632885195173 6.3429290227890007 14.205935195776132 19.470154274680397 14.24020438671112 11.997593863351003 3.9920190373063087
leaf_weight=51 152 26 25 23 28 576 20 30 41 33 37 39 26 30 31 29 29 22 205 151 20 32 25 53 25 26 55 20 49 32
leaf_count=51 152 26 25 23 28 576 20 30 41 33 37 39 26 30 31 29 29 22 205 151 20 32 25 53 25 26 55 20 49 32
internal_value=6.3379e-08 10.4672 -5.6317 13.7246 7.59578 -6.52263 -5.05388 -5.6424 6.98132 6.21393 2.10218 15.5046 14.6876 7.37036 4.0255 8.70831 -0.983905 2.68114 -6.28531 -4.8382 3.3811 -7.45154 15.4679 14.1181 13.0688 10.3515 17.7004 9.87612 9.08265 6.74113
internal_weight=1941 679 1262 351 79 1059 483 458 328 287 63 272 233 224 64 160 203 51 428 191 40 237 207 129 104 51 78 130 110 61
internal_count=1941 679 1262 351 79 1059 483 458 328 287 63 272 233 224 64 160 203 51 428 191 40 237 207 129 104 51 78 130 110 61
is_linear=0
shrinkage=0.03


Tree=6
num_leaves=31
num_cat=0
split_feature=11 11 11 46 48 16 56 6 12 17 6 12 27 11 37 24 52 20 26 18 56 54 51 40 16 56 27 11 27 6
split_gain=1.19617e+08 8.0603e+06 5.48915e+06 4.00329e+06 1.10492e+07 2.11294e+06 4.625e+06 6.13948e+06 3.96132e+06 6.98833e+06 1.43292e+06 2.00105e+06 2.81429e+06 1.3551e+06 1.19084e+06 1.13398e+06 1.18078e+06 844817 770867 724000 651110 863544 1.47964e+06 702668 566163 564932 490524 431589 384727 1.71849e+06
threshold=-0.47114434510950048 -0.84874750804349197 -0.2269546835593246 23.150000000000002 8.5000000000000018 25.050000000000004 12.250000000000002 26.500000000000004 0.64987354830121502 27.500000000000004 27.500000000000004 0.64987354830121502 296.50000000000006 -0.68322629814330815 594.59553570000014 764.20000000000016 707.50000000000011 13.500000000000002 16.250000000000004 39.500000000000007 8.5500000000000025 429.25000000000006 637.00000000000011 583.395746511021 24.750000000000004 7.9500000000000011 282.50000000000006 -0.032701564615071448 245.50000000000003 26.500000000000004
decision_type=2 2 2 2 2 2 2 2 2 2 2 2 2 2 2 2 2 2 2 2 2 2 2 2 2 2 2 2 2 2
left_child=1 3 19 4 18 6 7 8 -4 -10 11 13 -13 26 -12 16 20 -14 -1 -2 -5 -22 -23 -24 -21 -11 -3 -8 29 -7
right_child=2 10 5 15 -6 28 27 -9 9 25 14 12 17 -15 -16 -17 -18 -19 -20 24 21 22 23 -25 -26 -27 -28 -29 -30 -31
leaf_value=18.643613714402719 -1.5317674742108682 9.9363530547663856 -7.2841877653160871 9.8590796198844917 -7.7739802060808447 -7.59001902216131 -5.087688839435577 13.623631917780097 12.948334800966323 -1.4887573050994138 6.7109124875068655 -5.4585092483867301 11.642418430162513 6.827291125655174 -1.4775180069092781 19.774115107609674 8.2210561180114752 3.8181842719184025 11.08920754623413 6.2289423826466432 18.414246433803012 7.4116732358932493 17.471336284181966 12.123205235221167 -0.58415560586111892 -7.485138550804507 14.248712454507517 -7.8466136494954428 -7.8266878739873649 1.2702153670787812
leaf_weight=31 118 53 98 20 28 110 66 22 31 26 33 22 23 96 31 39 26 27 20 23 63 24 67 33 21 31 43 225 467 24
leaf_count=31 118 53 98 20 28 110 66 22 31 26 33 22 23 96 31 39 26 27 20 23 63 24 67 33 21 31 43 225 467 24
internal_value=2.45881e-08 10.1531 -5.46275 13.3128 7.36791 -6.22203 -4.77907 -1.36288 -3.13548 1.48467 6.77188 7.74818 3.48305 9.34761 2.74464 15.0395 14.247 7.41733 15.6811 -0.3071 15.0039 15.5541 14.101 15.7065 2.97724 -4.74995 11.8679 -7.22088 -7.4201 -6.00311
internal_weight=1941 679 1262 351 79 1100 499 208 186 88 328 264 72 192 64 272 233 50 51 162 207 187 124 100 44 57 96 291 601 134
internal_count=1941 679 1262 351 79 1100 499 208 186 88 328 264 72 192 64 272 233 50 51 162 207 187 124 100 44 57 96 291 601 134
is_linear=0
shrinkage=0.03


Tree=7
num_leaves=31
num_cat=0
split_feature=11 11 11 46 48 16 56 6 12 17 28 6 27 19 37 14 24 54 41 35 54 19 57 37 57 15 15 56 28 35
split_gain=1.12548e+08 7.58394e+06 5.16474e+06 3.76669e+06 1.03962e+07 1.98807e+06 4.35166e+06 5.77664e+06 3.72721e+06 6.57532e+06 1.39186e+06 1.43438e+06 1.79116e+06 1.8903e+06 1.40755e+06 1.09248e+06 1.06696e+06 1.00126e+06 870912 716634 700402 636686 722473 600543 931955 1.07255e+06 597539 531544 529675 473415
threshold=-0.47114434510950048 -0.84874750804349197 -0.2269546835593246 23.150000000000002 8.5000000000000018 25.050000000000004 12.250000000000002 26.500000000000004 0.64987354830121502 27.500000000000004 1008.35 16.500000000000004 265.50000000000006 2.5000000000000004 651.56428570000014 31.750000000000004 764.20000000000016 730.75000000000011 168.28084209658743 432.15714285000007 200.45000000000002 1.5000000000000002 275.50000000000006 649.3285714000001 237.50000000000003 61.500000000000007 75.500000000000014 7.9500000000000011 1004.5500000000001 168.53125000000003
decision_type=2 2 2 2 2 2 2 2 2 2 2 2 2 2 2 2 2 2 2 2 2 2 2 2 2 2 2 2 2 2
left_child=1 3 20 4 29 6 7 8 -4 -10 11 28 -13 14 -14 -15 17 21 -12 -16 26 22 -5 -23 -25 -26 -2 -11 -3 -1
right_child=2 10 5 16 -6 -7 -8 -9 9 27 18 12 13 15 19 -17 -18 -19 -20 -21 -22 23 -24 24 25 -27 -28 -29 -30 -31
leaf_value=17.628946289062497 5.2452785560062951 11.440476199451245 -7.0656623116318062 12.284422085803488 -7.5407606342860625 -7.1974970066051513 -7.0042516953183203 13.214922700361772 12.559884718618086 -1.4440944780638585 5.5249068881571288 -1.9941969035012381 11.992559999390082 -4.1432368599284786 0.23672245645523071 4.790278085129601 19.180891817533052 8.4983265863146098 13.160916863418207 7.5679947700500483 -2.2223606588179803 17.438019598388671 18.651452567622346 14.788654796337259 13.855283400795678 4.6847888422012325 -0.20920606823528515 -7.2605843973928872 6.7416393402099608 11.755985586983817
leaf_weight=30 28 38 98 23 28 601 291 22 31 26 20 35 44 22 20 28 39 28 41 30 83 25 53 58 22 24 51 31 50 21
leaf_count=30 28 38 98 23 28 601 291 22 31 26 20 35 44 22 20 28 39 28 41 30 83 25 53 58 22 24 51 31 50 21
internal_value=5.56769e-08 9.84855 -5.29886 12.9135 7.14687 -6.03537 -4.6357 -1.32199 -3.04141 1.44013 6.56873 5.63463 4.09289 5.57239 8.07922 0.859532 14.5883 13.8196 10.6573 4.63549 -0.297887 14.5464 16.7246 13.2631 12.2595 9.07068 1.72403 -4.60745 8.77068 15.2107
internal_weight=1941 679 1262 351 79 1100 499 208 186 88 328 267 179 144 94 50 272 233 61 50 162 205 76 129 104 46 79 57 88 51
internal_count=1941 679 1262 351 79 1100 499 208 186 88 328 267 179 144 94 50 272 233 61 50 162 205 76 129 104 46 79 57 88 51
is_linear=0
shrinkage=0.03


Tree=8
num_leaves=31
num_cat=0
split_feature=11 11 11 46 48 16 56 47 41 6 12 18 37 6 6 18 38 40 48 34 18 46 26 11 18 51 18 58 52 6
split_gain=1.05923e+08 7.08625e+06 5.46509e+06 3.54408e+06 9.78182e+06 1.87431e+06 4.46761e+06 3.30161e+06 4.31696e+06 1.36471e+06 1.77157e+06 1.22821e+06 1.03771e+06 1.01316e+06 7.23031e+06 927462 878216 922838 907603 900252 790948 1.1626e+06 706031 697066 600843 637840 518852 378550 368093 373286
threshold=-0.5277851165098012 -0.2269546835593246 -0.84874750804349197 23.150000000000002 8.5000000000000018 24.750000000000004 12.250000000000002 39.500000000000007 314.26711831322893 27.500000000000004 0.64987354830121502 1.5000000000000002 594.59553570000014 27.500000000000004 28.500000000000004 50.500000000000007 1110.7004464625002 558.60487352354187 26.500000000000004 775.09464285000013 40.500000000000007 24.650000000000002 16.250000000000004 -0.70710678118654757 4.5000000000000009 637.00000000000011 1.0000000180025095e-35 1007.4500000000002 440.00000000000006 17.500000000000004
decision_type=2 2 2 2 2 2 2 2 2 2 2 2 2 2 2 2 2 2 2 2 2 2 2 2 2 2 2 2 2 2
left_child=2 20 3 4 22 6 7 8 -3 10 23 -12 -11 -7 -15 -9 17 18 24 -19 28 -22 -1 -4 -5 -26 -21 -25 29 -2
right_child=1 5 9 16 -6 13 -8 15 -10 12 11 -13 -14 14 -16 -17 -18 19 -20 26 21 -23 -24 27 25 -27 -28 -29 -30 -31
leaf_value=17.589537624236076 0.37957693095640704 12.786131952459161 11.504568005970546 15.410793481124074 -7.3145379475184846 -7.228632373340024 -6.7124283622226439 -6.8782564970504403 -3.0792276675125647 6.6836483982102619 8.6700150181696962 0.1617552411878431 -1.4891826025644936 10.99904800415039 -7.2922151620047426 0.29923992675084332 18.256021705627443 7.6740343347787849 18.480120183771305 17.301891959054128 8.8677976880754734 -0.10997206744025735 10.359804576873779 6.2156500348448755 7.6881595615240244 14.717743584769112 10.779669157940408 10.487831742422921 2.8894616932868957 -2.8931101979294866
leaf_weight=31 55 33 84 57 28 609 211 43 29 29 26 37 27 23 126 26 40 40 44 21 21 34 20 56 26 21 23 28 20 73
leaf_count=31 55 33 84 57 28 609 211 43 29 29 26 37 27 23 126 26 40 40 44 21 21 34 20 56 26 21 23 28 20 73
internal_value=1.36602e-08 -4.9039 10.0153 12.5261 6.93246 -5.85431 -4.01071 0.340916 5.36524 6.94475 7.96331 3.6731 2.74318 -6.68612 -4.46873 -4.17369 14.1507 13.4428 14.8683 10.9314 0.246077 3.3179 14.7543 9.57214 13.3402 10.829 13.8925 7.63971 -0.89548 -1.48688
internal_weight=1941 1303 638 351 79 1100 342 131 62 287 231 63 56 758 149 69 272 232 148 84 203 55 51 168 104 47 44 84 148 128
internal_count=1941 1303 638 351 79 1100 342 131 62 287 231 63 56 758 149 69 272 232 148 84 203 55 51 168 104 47 44 84 148 128
is_linear=0
shrinkage=0.03


Tree=9
num_leaves=31
num_cat=0
split_feature=38 10 23 24 16 48 43 23 12 16 56 12 47 6 16 6 6 41 20 14 2 32 56 56 56 26 4 27 48 49
split_gain=8.73274e+07 9.52767e+06 8.33393e+06 3.39502e+06 3.22568e+06 7.43147e+06 3.19523e+06 2.02765e+06 1.79045e+06 1.62856e+06 4.09527e+06 3.48966e+06 4.6942e+06 1.37509e+06 1.14712e+06 986566 6.83889e+06 957964 952356 1.11296e+06 949199 904648 767069 660437 593935 769744 468508 452585 418747 392893
threshold=406.03080357500011 -0.70710678118654735 121.50000000000001 766.80000000000007 23.150000000000002 8.5000000000000018 43.635714299999982 202.00000000000003 0.64987354830121502 24.750000000000004 11.050000000000002 0.64987354830121502 27.500000000000004 27.500000000000004 23.750000000000004 27.500000000000004 28.500000000000004 262.84654811116224 28.500000000000004 31.650000000000002 5339.4375000000009 805.65625000000011 16.250000000000004 17.650000000000002 8.6500000000000004 12.750000000000002 12.500000000000002 282.50000000000006 34.500000000000007 28.500000000000004
decision_type=2 2 2 2 2 2 2 2 2 2 2 2 2 2 2 2 2 2 2 2 2 2 2 2 2 2 2 2 2 2
left_child=2 18 6 4 5 22 9 8 13 10 11 28 -13 17 -15 -11 -17 27 19 -2 -4 -9 -3 -21 -8 -26 -5 -6 -1 -23
right_child=1 3 20 26 7 -7 24 21 -10 15 -12 12 -14 14 -16 16 -18 -19 -20 23 -22 29 -24 -25 25 -27 -28 -29 -30 -31
leaf_value=-7.505015463993467 -2.2218967299461365 16.790303610096807 6.3640154663721713 19.991200927734372 6.7093053353854586 -4.9113737983703611 -2.8776166682676836 15.846538171859887 2.7763589859008788 -7.0933621371352427 -6.3677791443130012 14.559489050592695 -2.2604274879768491 0.40960132312774655 9.5683737444877615 10.669076662892881 -7.176836889597995 13.93010357954353 6.7390401077270505 -0.44433162403106691 -1.0007630225590296 13.021846803374912 8.7570061268806452 6.5480649165953357 5.4826891113281242 -1.2607598282740664 14.689270133972167 11.730803688049317 -1.8623934402465818 8.6522244219626145
leaf_weight=29 60 23 63 30 35 40 55 78 34 596 221 28 32 20 32 23 121 80 28 20 21 46 20 31 25 39 30 30 20 31
leaf_count=29 60 23 63 30 35 40 55 78 34 596 221 28 32 20 32 23 121 80 28 20 21 46 20 31 25 39 30 30 20 31
internal_value=-2.69013e-08 8.78435 -4.60954 10.6209 9.7613 4.39593 -5.25472 10.915 9.13391 -5.77336 -4.02073 0.73797 5.58887 10.2312 6.04577 -6.55494 -4.32645 11.7321 1.79484 0.547654 4.52282 13.5694 13.0539 3.80595 -0.591356 1.3734 17.3402 9.02692 -5.2019 11.2626
internal_weight=1941 668 1273 529 469 83 1189 386 231 1070 330 109 60 197 52 740 144 145 139 111 84 155 43 51 119 64 60 65 49 77
internal_count=1941 668 1273 529 469 83 1189 386 231 1070 330 109 60 197 52 740 144 145 139 111 84 155 43 51 119 64 60 65 49 77
is_linear=0
shrinkage=0.03


Tree=10
num_leaves=31
num_cat=0
split_feature=11 11 11 46 48 15 56 19 37 12 11 23 46 12 48 24 52 57 46 45 48 26 26 52 51 2 11 30 57 15
split_gain=9.39261e+07 6.33858e+06 4.34211e+06 3.19707e+06 8.70469e+06 1.59334e+06 3.54518e+06 3.52144e+06 4.01096e+06 5.30104e+06 5.02792e+06 1.26302e+06 1.21291e+06 1.17526e+06 1.70535e+06 906328 1.00122e+06 870415 946279 1.1905e+06 651090 635529 580757 743212 692291 769896 579091 535379 501763 460161
threshold=-0.47114434510950048 -0.84874750804349197 -0.16280825711808986 23.150000000000002 8.5000000000000018 82.500000000000014 12.250000000000002 10.500000000000002 80.929464285000009 0.55387244954848092 0.83146961230254512 202.00000000000003 24.450000000000003 0.64987354830121502 1.5000000000000002 764.20000000000016 707.50000000000011 310.50000000000006 23.050000000000004 59.500000000000007 40.500000000000007 16.250000000000004 10.750000000000002 361.00000000000006 637.00000000000011 4059.3392855000006 -0.5277851165098012 927.76250000000016 285.50000000000006 75.500000000000014
decision_type=2 2 2 2 2 2 2 2 2 2 2 2 2 2 2 2 2 2 2 2 2 2 2 2 2 2 2 2 2 2
left_child=1 3 20 4 21 6 7 8 9 -4 12 13 -11 17 -15 16 22 18 -3 -20 -2 -1 27 -24 -25 -26 28 -5 -21 -22
right_child=2 11 5 15 -6 -7 -8 -9 -10 10 -12 -13 -14 14 -16 -17 -18 -19 19 26 29 -23 23 24 25 -27 -28 -29 -30 -31
leaf_value=16.554854116132184 -1.7798304471025219 11.310031511566857 17.88862291717529 13.64587481689453 -6.9534617778233114 -6.6767177307109034 -6.8319485105951143 -6.6996493749356851 -7.2812621835561897 1.9863612831963435 13.394894664937798 10.923877977045571 -6.0907540095936161 7.7602123592376717 -2.3285239430477747 17.57475520207332 7.0845968242791981 10.450366841366417 -1.6446378334708835 5.6011082189238586 5.4112298427928582 9.6955815067291251 17.462713654258035 7.9585983889443526 15.407430814272399 9.2535784769058225 1.5749527885437011 6.7875301906040733 10.47190570950508 -0.43372101042005751
leaf_weight=31 154 22 20 20 28 576 249 82 39 27 22 41 44 25 38 39 26 38 23 92 22 20 44 21 77 24 25 21 24 27
leaf_count=31 154 22 20 20 28 576 249 82 39 27 22 41 44 25 38 39 26 38 23 92 22 20 44 21 77 24 25 21 24 27
internal_value=1.41798e-08 8.99697 -4.84068 11.799 6.48627 -5.61113 -4.34037 -1.68907 1.01401 3.87698 0.863723 5.99851 -3.01917 5.29488 1.67494 13.342 12.6335 6.31299 5.46772 4.68399 -0.821465 13.8649 13.3305 14.1202 12.9147 13.9451 5.71632 10.1331 6.60886 2.19054
internal_weight=1941 679 1262 351 79 1059 483 234 152 113 93 328 71 287 63 272 233 224 186 164 203 51 207 166 122 101 141 41 116 49
internal_count=1941 679 1262 351 79 1059 483 234 152 113 93 328 71 287 63 272 233 224 186 164 203 51 207 166 122 101 141 41 116 49
is_linear=0
shrinkage=0.03


Tree=11
num_leaves=31
num_cat=0
split_feature=1 1 10 24 23 9 27 6 15 56 20 37 4 8 40 23 32 24 47 34 32 20 15 58 16 46 54 51 35 40
split_gain=8.32307e+07 5.5951e+06 5.16613e+06 3.43759e+06 3.0534e+06 6.05679e+06 3.38901e+06 2.2357e+06 1.56859e+06 3.22676e+06 3.38753e+06 3.67357e+06 2.62974e+06 2.76411e+06 1.51215e+06 1.32533e+06 1.19425e+06 1.56014e+06 2.26887e+06 1.05025e+06 907450 737626 734894 652608 1.05108e+06 627472 574580 541995 533543 503458
threshold=3803.0714285000008 1215.7500000000002 -0.70710678118654735 766.80000000000007 202.00000000000003 141.50000000000003 296.50000000000006 25.500000000000004 82.500000000000014 12.250000000000002 6.5000000000000009 2.5928571430000003 3.5000000000000004 1.5000000000000002 0.38511904762499055 191.00000000000003 391.88125000000008 719.90000000000009 8.5000000000000018 182.19285710000003 805.65625000000011 28.500000000000004 64.500000000000014 1005.7500000000001 24.850000000000005 23.850000000000005 147.05000000000004 883.50000000000011 191.55000000000004 531.46551339354176
decision_type=2 2 2 2 2 2 2 2 2 2 2 2 2 2 2 2 2 2 2 2 2 2 2 2 2 2 2 2 2 2
left_child=1 8 21 4 5 6 -4 20 9 10 11 12 -1 -14 -15 23 -7 19 27 -18 -6 22 25 26 -25 -2 -3 -19 -5 -22
right_child=2 15 3 28 7 16 -8 -9 -10 -11 -12 -13 13 14 -16 -17 17 18 -20 -21 29 -23 -24 24 -26 -27 -28 -29 -30 -31
leaf_value=12.436093141849224 0.23124866080284118 1.9169706468148664 -7.937314030040393 18.75258837890625 15.586081344897931 5.5126701454618079 6.1198417637265958 3.4755791395902635 -6.4839810743670148 -6.5944796337065155 -6.5417531044142585 -5.6560571687361767 10.429365681734952 4.0079147867722948 -6.0860409732425911 7.3671360912323003 9.2372939103225171 6.6333970952033994 -0.63146108551025393 14.714140638268512 14.213284318712022 6.8767452102899549 -3.0336593495096476 6.8391450613195239 -0.88059890676485852 6.992596669878278 -3.5649470008777668 12.453593962987263 13.014362191772459 9.0729925334199937
leaf_weight=26 30 22 33 35 78 67 29 24 578 244 84 51 22 22 34 20 58 24 25 69 27 24 28 22 57 21 79 36 25 47
leaf_count=26 30 22 33 35 78 67 29 24 578 244 84 51 22 22 34 20 58 24 25 69 27 24 28 22 57 21 79 36 25 47
internal_value=-1.89275e-08 -4.56191 8.45967 9.56446 8.77562 7.11928 -1.36219 11.9848 -5.42953 -4.16767 -1.6901 0.939189 4.1734 1.41916 -2.12056 0.0407616 9.00406 10.1075 6.9617 12.2129 13.3283 2.27069 0.871386 -0.77328 1.2692 3.01533 -2.37087 10.1255 16.3617 10.9485
internal_weight=1941 1261 680 577 517 341 62 176 1061 483 239 155 104 78 56 200 279 212 85 127 152 103 79 180 79 51 101 60 60 74
internal_count=1941 1261 680 577 517 341 62 176 1061 483 239 155 104 78 56 200 279 212 85 127 152 103 79 180 79 51 101 60 60 74
is_linear=0
shrinkage=0.03


Tree=12
num_leaves=31
num_cat=0
split_feature=11 11 11 46 48 16 56 20 9 28 11 28 52 17 46 27 24 40 23 35 32 46 51 18 46 39 32 48 53 1
split_gain=8.32456e+07 5.55912e+06 4.35384e+06 2.88375e+06 7.55844e+06 1.48492e+06 3.30028e+06 3.32099e+06 3.24828e+06 3.79307e+06 4.27105e+06 1.36296e+06 1.25447e+06 1.51397e+06 1.33592e+06 801287 760187 725008 703804 698925 841467 776555 654202 647843 1.00918e+06 610209 542576 676613 425418 385138
threshold=-0.5277851165098012 -0.2269546835593246 -0.88144907265856332 23.150000000000002 8.5000000000000018 25.050000000000004 12.250000000000002 2.5000000000000004 147.50000000000003 1005.9500000000002 0.63405362205439486 1008.35 713.50000000000011 58.500000000000007 23.550000000000004 280.50000000000006 764.20000000000016 851.24558533750007 178.50000000000003 623.15000000000009 815.06428575000007 24.850000000000005 913.00000000000011 40.500000000000007 24.650000000000002 696.50825896250012 896.91428570000016 26.500000000000004 143.50000000000003 543.84821430000011
decision_type=2 2 2 2 2 2 2 2 2 2 2 2 2 2 2 2 2 2 2 2 2 2 2 2 2 2 2 2 2 2
left_child=2 23 3 4 -1 6 7 8 9 10 -3 12 13 14 15 -4 22 25 -13 20 21 -16 26 -2 -25 28 27 -5 -15 -8
right_child=1 5 11 16 -6 -7 29 -9 -10 -11 -12 18 -14 17 19 -17 -18 -19 -20 -21 -22 -23 -24 24 -26 -27 -28 -29 -30 -31
leaf_value=13.559487045288085 -0.81909262914713965 -2.9039853092602317 -4.9650596784508743 12.816345481872558 -6.7581629826472351 -6.1935275727302184 -6.6274940497474324 -6.3594201665529058 12.19669131192294 -5.6017000527381891 13.818807091183132 6.9528795780454358 12.077831473350525 5.5389922275543215 10.251038340568542 2.2851299487843231 17.022709719340003 12.704336291721889 13.3756787109375 9.5028703155040724 -1.5037982847690581 2.0832285261154175 7.6414512455463406 8.1648911721365796 -0.19958020154167622 1.9072259273529051 10.902600644032161 18.183411302237676 10.729669884575738 -4.0071090101920639
leaf_weight=45 148 28 23 78 26 601 226 71 22 60 27 28 24 30 20 34 36 21 34 25 20 22 24 21 34 20 72 29 27 65
leaf_count=45 148 28 23 78 26 601 226 71 22 60 27 28 24 30 20 34 36 21 34 25 20 22 24 21 34 20 72 29 27 65
internal_value=-2.54812e-08 -4.34738 8.87873 11.4279 6.11922 -5.18917 -3.97951 -1.09374 1.63519 -0.385268 5.30539 6.46943 5.53579 4.88699 2.92948 -0.640385 13.005 7.76333 10.4751 5.26836 3.5609 5.97266 12.2925 0.214046 2.99413 6.41578 12.9161 14.271 7.99773 -6.04218
internal_weight=1941 1303 638 310 71 1100 499 208 137 115 55 328 266 242 144 57 239 98 62 87 62 42 203 203 55 77 179 107 57 291
internal_count=1941 1303 638 310 71 1100 499 208 137 115 55 328 266 242 144 57 239 98 62 87 62 42 203 203 55 77 179 107 57 291
is_linear=0
shrinkage=0.03


Tree=13
num_leaves=31
num_cat=0
split_feature=11 11 11 46 18 15 56 20 37 6 58 10 6 12 57 57 37 11 24 22 26 18 16 56 54 21 26 57 11 54
split_gain=7.8354e+07 5.32898e+06 3.61867e+06 2.67576e+06 6.98161e+06 1.32607e+06 2.97981e+06 3.0641e+06 3.43843e+06 4.77596e+06 3.65608e+06 3.90376e+06 1.08657e+06 1.39285e+06 2.26954e+06 975282 927382 926312 751958 778893 716323 688655 926403 553910 703813 874671 567014 472725 321823 304383
threshold=-0.47114434510950048 -0.84874750804349197 -0.16280825711808986 23.150000000000002 8.5000000000000018 82.500000000000014 12.250000000000002 6.5000000000000009 80.929464285000009 27.500000000000004 1005.7500000000001 0.58216583101416164 27.500000000000004 0.64987354830121502 296.50000000000006 314.00000000000006 594.59553570000014 -0.68322629814330815 764.20000000000016 707.50000000000011 16.250000000000004 39.500000000000007 24.650000000000002 8.5500000000000025 429.25000000000006 662.00000000000011 16.450000000000003 281.50000000000006 -0.3520614488341256 432.00000000000006
decision_type=2 2 2 2 2 2 2 2 2 2 2 2 2 2 2 2 2 2 2 2 2 2 2 2 2 2 2 2 2 2
left_child=1 3 21 4 20 6 7 8 9 10 11 -4 13 17 -15 -16 -14 27 19 23 -1 28 -23 -5 -25 -26 -27 29 -2 -3
right_child=2 12 5 18 -6 -7 -8 -9 -10 -11 -12 -13 16 14 15 -17 -18 -19 -20 -21 -22 22 -24 24 25 26 -28 -29 -30 -31
leaf_value=15.250662556309853 -0.03268772068776582 10.057884315490723 13.155883853912353 7.4367531108856202 -6.4504529656304248 -6.0967002919440461 -6.2495716490228492 -6.2526788428977689 -6.7258540931114785 16.905875061035157 -5.5456561901352623 -3.9549787580966949 5.4612841519442474 -5.8285307872295373 9.3111092233657828 0.86613971900939934 -1.7647939885047175 5.5688645638525482 16.053663206834059 6.7617514885796437 8.0745873151506693 6.8894184854897578 -1.1076688295602799 15.269459352039155 5.9496723565188319 14.960273021129851 10.453840158250596 11.93120570058408 -2.9014321547681869 5.3764733188256617
leaf_weight=31 57 25 30 20 27 576 249 81 39 20 44 20 33 20 32 20 31 96 39 27 21 22 32 63 22 47 54 46 92 25
leaf_count=31 57 25 30 20 27 576 249 81 39 20 44 20 33 20 32 20 31 96 39 27 21 22 32 63 22 47 54 46 92 25
internal_value=2.09434e-08 8.21739 -4.42124 10.7865 5.92626 -5.12458 -3.96529 -1.53457 0.96325 3.59373 0.761362 6.31154 5.46807 6.31823 2.75983 6.06304 1.96115 7.65263 12.1982 11.5528 12.3526 -0.752085 2.1504 12.1808 12.6909 11.3702 12.5509 9.7364 -1.80399 7.71718
internal_weight=1941 679 1262 351 79 1059 483 234 153 114 94 50 328 264 72 52 64 192 272 233 52 203 54 206 186 123 101 96 149 50
internal_count=1941 679 1262 351 79 1059 483 234 153 114 94 50 328 264 72 52 64 192 272 233 52 203 54 206 186 123 101 96 149 50
is_linear=0
shrinkage=0.03


Tree=14
num_leaves=31
num_cat=0
split_feature=11 11 11 46 48 6 12 18 32 16 56 6 12 17 37 11 24 38 38 18 46 28 28 26 46 33 56 12 52 11
split_gain=7.37603e+07 4.91339e+06 3.86397e+06 2.56142e+06 6.71156e+06 1.42079e+06 1.51953e+06 1.33198e+06 1.59817e+06 1.32003e+06 2.92416e+06 4.27874e+06 2.48788e+06 4.76758e+06 829306 691271 674671 708793 597303 577546 908135 452292 474103 421386 402861 379787 365765 365514 337694 334328
threshold=-0.5277851165098012 -0.2269546835593246 -0.88144907265856332 23.150000000000002 8.5000000000000018 27.500000000000004 0.64987354830121502 1.5000000000000002 455.33571430000006 25.050000000000004 12.250000000000002 26.500000000000004 0.64987354830121502 27.500000000000004 654.85714285000006 -0.70710678118654757 764.20000000000016 866.98883923750009 1040.9241072125003 40.500000000000007 24.650000000000002 1008.35 1005.1500000000002 20.150000000000002 24.750000000000004 769.4937500000002 7.9500000000000011 0.55387244954848092 440.00000000000006 -0.032701564615071448
decision_type=2 2 2 2 2 2 2 2 2 2 2 2 2 2 2 2 2 2 2 2 2 2 2 2 2 2 2 2 2 2
left_child=2 19 3 4 -1 6 15 -8 -9 10 11 12 -3 -14 -7 21 17 23 24 28 -21 22 -4 27 25 -19 -15 -5 -2 -12
right_child=1 9 5 16 -6 14 7 8 -10 -11 29 -13 13 26 -16 -17 -18 18 -20 20 -22 -23 -24 -25 -26 -27 -28 -29 -30 -31
leaf_value=12.766943179448445 -1.3458072352968156 -5.7943396404811311 12.567201328277587 12.177134894094159 -6.3786640988863432 5.0894574610392249 8.1713370386362083 5.4744785915721552 -6.2429114913940431 -5.8305564825507048 -3.8071665460413153 11.484299885142933 10.623507219591447 -1.3705867849863491 -1.794501210451126 6.4126928298813954 16.03041814168294 9.6123756437301644 12.866093384592157 7.7261065237862727 -0.20856145409976734 13.673396034240723 7.5781701930165291 10.21906703101264 11.484607762423428 4.0659558425903324 -6.1955314673146891 16.517154155731202 2.8459290912151336 -6.2354025777180988
leaf_weight=45 128 98 24 31 26 36 30 22 20 601 66 22 31 26 28 84 36 20 38 21 34 24 60 27 22 25 31 40 20 225
leaf_count=45 128 98 24 31 26 36 30 22 20 601 66 22 31 26 28 84 36 20 38 21 34 24 60 27 22 25 31 40 20 225
internal_value=-1.75037e-09 -4.09221 8.3576 10.7591 5.75588 6.08788 7.06004 3.34334 -0.105231 -4.8836 -3.74308 -1.02672 -2.50652 1.15491 2.07773 8.45381 12.2454 11.5742 9.86161 0.19612 2.82104 10.0413 9.00361 13.4091 8.15758 6.53103 -3.99468 14.6222 -0.779356 -5.68467
internal_weight=1941 1303 638 310 71 328 264 72 42 1100 499 208 186 88 64 192 239 203 105 203 55 108 84 98 67 45 57 71 148 291
internal_count=1941 1303 638 310 71 328 264 72 42 1100 499 208 186 88 64 192 239 203 105 203 55 108 84 98 67 45 57 71 148 291
is_linear=0
shrinkage=0.03


Tree=15
num_leaves=31
num_cat=0
split_feature=11 11 11 46 48 15 56 20 8 6 11 16 23 58 20 24 47 46 47 50 24 52 18 16 6 56 54 52 2 18
split_gain=6.94073e+07 4.72895e+06 3.20289e+06 2.37029e+06 6.58252e+06 1.17512e+06 2.65763e+06 2.74498e+06 2.84461e+06 4.32255e+06 3.13248e+06 1.33616e+06 1.00599e+06 962740 834628 947475 981523 703009 1.00574e+06 732966 665766 811966 614396 833705 608489 518610 628127 1.0644e+06 628528 380162
threshold=-0.47114434510950048 -0.84874750804349197 -0.16280825711808986 23.150000000000002 8.5000000000000018 82.500000000000014 12.250000000000002 6.5000000000000009 3.5000000000000004 27.500000000000004 0.83146961230254512 24.450000000000003 202.00000000000003 1008.7500000000001 99.500000000000014 725.55000000000007 1.0000000180025095e-35 23.550000000000004 31.500000000000004 9.0000000000000018 764.20000000000016 707.50000000000011 39.500000000000007 24.650000000000002 27.500000000000004 8.5500000000000025 429.25000000000006 446.50000000000006 4059.3392855000006 52.000000000000007
decision_type=2 2 2 2 2 2 2 2 2 2 2 2 2 2 2 2 2 2 2 2 2 2 2 2 2 2 2 2 2 2
left_child=1 3 22 4 -1 6 7 8 9 10 11 -4 13 14 15 17 -17 18 -3 24 21 25 -2 -24 -19 -5 -27 -28 -29 -21
right_child=2 12 5 20 -6 -7 -8 -9 -10 -11 -12 -13 -14 -15 -16 16 -18 19 -20 29 -22 -23 23 -25 -26 26 27 28 -30 -31
leaf_value=11.99627511809854 -1.7028196064097769 -4.9237748130798336 1.8725329798665538 6.9116831445693965 -6.1073959677559984 -5.7379997218151892 -5.8888228074039315 -5.9016764322916657 -5.4089642677307133 16.158058902740478 9.6925244384765623 -6.8930934636733108 9.5398368742407804 8.7722441063857666 9.6808819313049312 11.725386969826438 2.5426995298862458 6.5606220168333778 3.8711322225223883 -1.9135926331414117 15.1106462596013 5.8786017069449787 6.5279580955071879 -1.0584816205501557 1.0532763384103774 14.433638505481538 5.0814541053771967 13.453219160782663 7.8842977237701417 3.5434541845321652
leaf_weight=51 149 25 29 20 28 576 249 81 45 20 25 34 41 41 20 22 20 65 22 27 39 26 22 32 25 63 24 76 24 20
leaf_count=51 149 25 29 20 28 576 249 81 45 20 25 34 41 41 20 22 20 65 22 27 39 26 22 32 25 63 24 76 24 20
internal_value=7.96233e-09 7.73403 -4.16118 10.1542 5.57978 -4.82288 -3.73156 -1.43601 0.928165 3.56863 0.707402 -2.85812 5.14412 4.51616 3.80681 3.28698 7.35268 2.35894 -0.80701 3.44507 11.4828 10.8756 -0.709244 2.03229 5.0308 11.5033 11.9943 10.755 12.1167 0.408555
internal_weight=1941 679 1262 351 79 1059 483 234 153 108 88 63 328 287 246 226 42 184 47 137 272 233 203 54 90 207 187 124 100 47
internal_count=1941 679 1262 351 79 1059 483 234 153 108 88 63 328 287 246 226 42 184 47 137 272 233 203 54 90 207 187 124 100 47
is_linear=0
shrinkage=0.03


Tree=16
num_leaves=31
num_cat=0
split_feature=1 1 23 50 6 6 58 6 27 19 15 56 20 37 39 26 47 16 23 22 56 26 47 58 16 59 1 52 41 34
split_gain=6.16694e+07 4.08123e+06 3.81787e+06 1.93135e+06 1.90933e+06 3.8546e+06 3.17737e+06 2.60293e+06 1.59463e+06 1.19948e+06 1.16044e+06 2.41385e+06 2.53419e+06 2.88573e+06 2.48748e+06 1.33416e+06 2.58102e+06 1.01274e+06 998607 573392 621018 689620 563347 530186 811350 516055 680702 489068 472957 443934
threshold=3803.0714285000008 1215.7500000000002 164.50000000000003 98.500000000000014 27.500000000000004 28.500000000000004 1005.85 18.500000000000004 269.50000000000006 6.5000000000000009 82.500000000000014 12.250000000000002 6.5000000000000009 2.5928571430000003 1.0000000180025095e-35 10.65 38.500000000000007 24.650000000000002 191.00000000000003 756.50000000000011 16.250000000000004 10.750000000000002 17.500000000000004 1005.7500000000001 24.850000000000005 0.65000000000000002 7777.0714285000004 31.000000000000004 377.72117884077096 208.85267855000004
decision_type=2 2 2 2 2 2 2 2 2 2 2 2 2 2 2 2 2 2 2 2 2 2 2 2 2 2 2 2 2 2
left_child=1 10 3 8 6 -6 7 25 17 -10 11 12 13 14 15 16 -1 -2 23 20 21 -8 -7 27 -25 26 -4 -3 -23 -5
right_child=2 18 4 29 5 22 19 -9 9 -11 -12 -13 -14 -15 -16 -17 -18 -19 -20 -21 -22 28 -24 24 -26 -27 -28 -29 -30 -31
leaf_value=8.7057220191704587 -6.864649527413504 1.9321566745213099 6.8428896903991694 6.1956230014303459 -5.5595240145144249 11.015030822753905 9.2082519982077855 -1.156928383322323 5.7831707159539931 -1.0441678856159078 -5.5747638293533592 -5.681442180539741 -5.6358973230634417 -5.010858723380986 -4.5465707396507264 13.007158515930175 -4.3994247273036411 2.0719034271240231 6.3637039232254029 15.327072774526236 8.6751529098769371 15.056776614597865 5.1733001802861684 6.0322367776523933 -0.75026855293073147 5.0162110992099924 13.527796388823409 -3.2119730007648468 10.500588755114325 11.735418746948241
leaf_weight=38 21 21 26 23 23 39 44 34 115 29 578 244 84 51 25 20 21 25 20 37 59 70 24 22 57 23 29 80 29 30
leaf_count=38 21 21 26 23 23 39 44 34 115 29 578 244 84 51 25 20 21 25 20 37 59 70 24 22 57 23 29 80 29 30
internal_value=2.79598e-09 -3.92681 7.28193 4.26743 8.95818 4.95205 9.93974 5.77017 2.85486 4.40822 -4.66781 -3.58247 -1.43958 0.834546 3.70104 6.31105 4.04118 -2.00783 0.00417715 11.8937 11.2648 12.3332 8.78961 -0.702437 1.13853 8.78967 10.3677 -2.1424 13.7221 9.33136
internal_weight=1941 1261 680 243 437 86 351 112 190 144 1061 483 239 155 104 79 59 46 200 239 202 143 63 180 79 78 55 101 99 53
internal_count=1941 1261 680 243 437 86 351 112 190 144 1061 483 239 155 104 79 59 46 200 239 202 143 63 180 79 78 55 101 99 53
is_linear=0
shrinkage=0.03


Tree=17
num_leaves=31
num_cat=0
split_feature=11 11 11 46 48 16 56 47 2 6 12 27 11 26 37 6 6 20 11 57 1 54 39 50 11 28 46 54 27 48
split_gain=6.16392e+07 4.08829e+06 3.24675e+06 2.13058e+06 5.68857e+06 1.24982e+06 2.49237e+06 1.97106e+06 2.98566e+06 1.24406e+06 1.30639e+06 2.69013e+06 908956 907055 739475 683790 5.00126e+06 673356 597006 465303 448852 445538 537569 461154 462111 425968 618025 578145 385263 332496
threshold=-0.5277851165098012 -0.29012925520284105 -0.88144907265856332 23.150000000000002 8.5000000000000018 24.750000000000004 12.250000000000002 39.500000000000007 7080.2589285000004 27.500000000000004 0.64987354830121502 295.50000000000006 0.81241147629689003 9.3500000000000032 654.85714285000006 27.500000000000004 28.500000000000004 13.500000000000002 -0.70710678118654757 281.50000000000006 872.12500000000011 766.80000000000007 1008.3181175437502 1.5000000000000002 -0.93540483100319605 1005.7500000000001 24.650000000000002 147.05000000000004 274.50000000000006 3.5000000000000004
decision_type=2 2 2 2 2 2 2 2 2 2 2 2 2 2 2 2 2 2 2 2 2 2 2 2 2 2 2 2 2 2
left_child=2 25 3 4 -1 6 7 8 12 10 18 -12 -3 -9 -11 -7 -17 -13 19 -4 -8 22 23 28 -25 27 -27 -2 -5 -29
right_child=1 5 9 21 -6 15 20 13 -10 14 11 17 -14 -15 -16 16 -18 -19 -20 -21 -22 -23 -24 24 -26 26 -28 29 -30 -31
leaf_value=11.733045879364013 3.3959454271067742 4.5703850266207819 7.4423581942865402 9.3115245537757882 -5.8931757589486926 -5.5005943836451729 -5.5984868883532144 -5.2431027406804702 -5.3924269623756409 4.6510132968425744 -6.0138245282854355 10.400333039760589 13.315149261474609 2.165042265483311 -1.8494270937783377 9.6318840557595955 -5.5534313609988191 3.4941003312004937 5.8647102403640741 11.397637878729372 -2.6033151373316028 14.49141188442707 7.5147073122171255 11.178405972480773 6.0954750771956006 6.7518486309051511 0.67060410544557392 -0.21255352864662805 14.064462543834338 -4.5289429842192552
leaf_weight=45 23 23 59 20 26 621 172 51 20 36 21 24 20 21 28 23 129 27 84 49 61 32 39 60 22 21 53 36 66 29
leaf_count=45 23 23 59 20 26 621 172 51 20 36 21 24 20 21 28 23 129 27 84 49 61 32 39 60 22 21 53 36 66 29
internal_value=-4.49845e-08 -3.74089 7.6401 9.84146 5.27837 -4.37408 -2.93506 0.308451 4.1837 5.55954 6.46923 3.02303 8.63772 -3.08239 1.80707 -5.05916 -3.25565 6.74409 7.76156 9.23688 -4.81434 11.197 10.6877 11.4243 9.81469 0.718804 2.39636 -0.69187 12.9591 -2.13833
internal_weight=1941 1303 638 310 71 1141 368 135 63 328 264 72 43 72 64 773 152 51 192 108 233 239 207 168 82 162 74 88 86 65
internal_count=1941 1303 638 310 71 1141 368 135 63 328 264 72 43 72 64 773 152 51 192 108 233 239 207 168 82 162 74 88 86 65
is_linear=0
shrinkage=0.03


Tree=18
num_leaves=31
num_cat=0
split_feature=30 10 30 24 23 9 27 6 15 56 19 17 8 36 58 23 6 6 41 38 24 15 28 49 16 19 58 35 45 16
split_gain=5.32552e+07 5.4913e+06 2.77175e+06 2.34886e+06 1.96888e+06 4.48298e+06 2.60104e+06 1.61195e+06 1.08821e+06 2.29667e+06 2.29968e+06 2.12366e+06 2.0904e+06 3.55911e+06 2.56981e+06 1.05416e+06 759517 2.44555e+06 1.07791e+06 750084 673862 1.06545e+06 633132 489373 469569 594808 463619 436235 424189 372054
threshold=319.89375000000001 -0.70710678118654735 116.72857145000002 766.80000000000007 202.00000000000003 141.50000000000003 296.50000000000006 25.500000000000004 82.500000000000014 12.250000000000002 10.500000000000002 7.5000000000000009 3.5000000000000004 179.56785715000004 1004.35 161.50000000000003 27.500000000000004 28.500000000000004 265.40411646992749 912.02723222500015 161.70000000000002 64.500000000000014 1005.7500000000001 28.500000000000004 24.150000000000002 1.0000000180025095e-35 1005.9500000000002 191.55000000000004 75.500000000000014 24.150000000000002
decision_type=2 2 2 2 2 2 2 2 2 2 2 2 2 2 2 2 2 2 2 2 2 2 2 2 2 2 2 2 2 2
left_child=2 20 8 4 5 6 -3 19 9 10 11 -1 13 26 -15 22 18 -18 -7 -6 -2 29 -4 -21 25 -19 -13 -5 -24 -22
right_child=1 3 15 27 7 16 -8 -9 -10 -11 -12 12 -14 14 -16 -17 17 24 -20 23 21 -23 28 -25 -26 -27 -28 -29 -30 -31
leaf_value=-6.4210812683105463 5.8379796708148453 -7.2867066816850139 -2.8450154153108596 15.569895943777899 12.374736369323729 6.4276840509687148 5.2687156380547417 2.48889107234776 -5.2300787737479952 -5.4765618585285392 -5.2515621840542757 -5.4150317037105555 -4.0025963225084196 1.6119871330261231 14.520837923322405 6.2844339866638181 -3.5696907611326734 13.498010985374449 10.957545315942099 10.524371819825008 1.2663610693541441 -2.9727992612008864 4.780865209579467 4.664607601995054 4.0753013305664059 6.7241514996119909 0.96715207099914546 10.381258589172363 -0.488391920003024 6.201200374603272
leaf_weight=30 23 33 80 35 100 105 27 24 583 228 87 20 34 23 35 20 22 20 86 29 44 52 20 23 20 28 21 25 44 20
leaf_count=30 23 33 80 35 100 105 27 24 583 228 87 20 34 23 35 20 22 20 86 29 44 52 20 23 20 28 21 25 44 20
internal_value=-3.63708e-08 6.49982 -3.79908 7.78932 7.13725 5.80721 -1.63677 9.7142 -4.36012 -3.29905 -1.31317 0.788919 2.41524 4.61934 9.40181 -0.169418 7.39667 5.12455 8.46731 10.855 1.14699 0.216882 -1.06579 7.93255 7.93739 9.54659 -2.14611 13.408 1.15825 2.8085
internal_weight=1941 716 1225 577 517 341 60 176 1061 478 250 163 133 99 58 164 281 90 191 152 139 116 144 52 68 48 41 60 64 64
internal_count=1941 716 1225 577 517 341 60 176 1061 478 250 163 133 99 58 164 281 90 191 152 139 116 144 52 68 48 41 60 64 64
is_linear=0
shrinkage=0.03


Tree=19
num_leaves=31
num_cat=0
split_feature=11 11 11 46 48 6 28 56 16 56 47 2 26 11 37 37 8 6 6 17 38 38 45 1 26 56 6 28 46 47
split_gain=5.46287e+07 3.61792e+06 2.89323e+06 1.8975e+06 5.09087e+06 1.12782e+06 1.19616e+06 1.15986e+06 1.10629e+06 2.2157e+06 1.76477e+06 2.70126e+06 822740 813833 679727 671292 674690 618302 4.52356e+06 571535 420863 570864 531518 398130 394401 818973 426447 379729 565557 478730
threshold=-0.5277851165098012 -0.29012925520284105 -0.88144907265856332 23.150000000000002 8.5000000000000018 27.500000000000004 1007.85 10.750000000000002 24.750000000000004 12.250000000000002 39.500000000000007 7080.2589285000004 9.3500000000000032 0.81241147629689003 654.85714285000006 342.19910715000009 1.5000000000000002 27.500000000000004 28.500000000000004 58.500000000000007 1110.7004464625002 866.98883923750009 58.500000000000007 543.84821430000011 14.550000000000002 16.250000000000004 17.500000000000004 1005.7500000000001 24.650000000000002 98.500000000000014
decision_type=2 2 2 2 2 2 2 2 2 2 2 2 2 2 2 2 2 2 2 2 2 2 2 2 2 2 2 2 2 2
left_child=2 27 3 4 -1 6 7 19 9 10 11 13 -12 -3 -7 -9 -17 -10 -19 -4 21 22 -5 -11 -23 -26 -27 29 -29 -2
right_child=1 8 5 20 -6 14 -8 15 17 23 12 -13 -14 -15 -16 16 -18 18 -20 -21 -22 24 -24 -25 25 26 -28 28 -30 -31
leaf_value=11.070474545796712 -1.858351938864764 4.3494870021032241 -2.7567697093703529 7.3243926886149815 -5.604056185208834 4.3822668552398687 9.8181646423339846 10.484063120418124 -5.1816952377780909 -5.4066654777526857 -4.9716735637889187 -5.1471085767745972 2.0837672260829381 12.624034561157226 -1.8500316933223178 2.1484028964383262 6.7372870482569152 9.2096497560584023 -5.2322493326941206 4.1624329062870569 13.445185308958354 5.6397443591058254 12.680241798118308 -2.7703093451648559 14.597196132114954 9.9806138651187588 4.1538007221221918 6.4239691080365864 0.60658761870186284 3.4217056074142453
leaf_weight=45 68 23 22 21 26 36 60 27 621 156 51 20 21 20 28 42 92 23 129 21 38 32 81 77 21 26 20 21 53 20
leaf_count=45 68 23 22 21 26 36 60 27 621 156 51 20 21 20 28 42 92 23 129 21 38 32 81 77 21 26 20 21 53 20
internal_value=1.55997e-08 -3.52174 7.19252 9.27058 4.96431 5.22849 6.09464 4.99949 -4.11739 -2.76351 0.29467 3.96154 -2.91384 8.19811 1.65564 6.16853 5.29898 -4.76193 -3.04696 0.622376 10.5498 10.0025 11.5776 -4.53542 8.37965 9.68826 7.44722 0.673572 2.25747 -0.658339
internal_weight=1941 1303 638 310 71 328 264 204 1141 368 135 63 72 43 64 161 134 773 152 43 239 201 102 233 99 67 46 162 74 88
internal_count=1941 1303 638 310 71 328 264 204 1141 368 135 63 72 43 64 161 134 773 152 43 239 201 102 233 99 67 46 162 74 88
is_linear=0
shrinkage=0.03


Tree=20
num_leaves=31
num_cat=0
split_feature=1 1 23 24 16 17 8 49 27 19 28 15 56 20 37 9 28 47 23 16 38 49 56 34 17 32 41 35 41 43
split_gain=4.84174e+07 3.22647e+06 3.0751e+06 1.62556e+06 1.85718e+06 2.16259e+06 3.22828e+06 1.52512e+06 1.33938e+06 1.5299e+06 1.2122e+06 919706 1.94124e+06 2.05495e+06 2.38899e+06 3.63536e+06 2.47253e+06 2.71739e+06 781287 679600 596196 599765 593232 579829 570900 498949 460672 411645 322679 292516
threshold=3803.0714285000008 1215.7500000000002 164.50000000000003 766.80000000000007 23.550000000000004 41.500000000000007 3.5000000000000004 64.500000000000014 264.50000000000006 6.5000000000000009 1004.1500000000002 82.500000000000014 12.250000000000002 6.5000000000000009 80.929464285000009 148.50000000000003 1005.7500000000001 37.500000000000007 191.00000000000003 23.850000000000005 912.02723222500015 28.500000000000004 16.450000000000003 208.85267855000004 30.500000000000004 991.58571430000018 285.36449000222746 191.55000000000004 236.26791514762348 221.90714265
decision_type=2 2 2 2 2 2 2 2 2 2 2 2 2 2 2 2 2 2 2 2 2 2 2 2 2 2 2 2 2 2
left_child=1 11 7 4 5 6 24 8 -2 28 -6 12 13 14 15 16 17 -1 26 -12 29 22 -22 -9 -4 -8 -3 -5 -10 -21
right_child=2 18 3 27 10 -7 25 23 9 -11 19 -13 -14 -15 -16 -17 -18 -19 -20 20 21 -23 -24 -25 -26 -27 -28 -29 -30 -31
leaf_value=11.318317947047097 -2.5797617281400238 0.18893787528606171 -6.7140392655592693 14.721551467895507 1.6373056411743163 10.371095546258463 4.6374743644050929 5.1061409665556514 6.1001711458183197 -3.3763497858462124 12.55750029847977 -4.9456793670175809 -5.0543460796700144 -5.0291080774579724 -5.5176303108930593 14.619058010101318 -4.663921417522837 -2.5984730455149774 5.6409022114276883 11.210024156570434 10.878971296548842 2.5720178830623626 4.4795006197149103 10.880489438813308 0.0278032808303833 11.116422174453735 -3.4949938484338614 9.4086375577109198 2.6655854513985768 8.0521565359288996
leaf_weight=28 39 141 26 35 20 37 23 34 83 23 47 578 244 84 40 20 44 23 20 66 32 24 22 29 20 20 39 21 35 44
leaf_count=28 39 141 26 35 20 37 23 34 83 23 47 578 244 84 40 20 44 23 20 66 32 24 22 29 20 20 39 21 35 44
internal_value=-2.92001e-08 -3.47942 6.45227 7.95665 7.25517 4.27549 1.74136 3.74686 2.34079 3.7018 8.72749 -4.13826 -3.17204 -1.25035 0.797493 2.99406 0.546689 5.04212 0.0157676 9.33091 8.52426 6.51801 8.27178 7.76417 -3.7828 7.65094 -0.609247 12.7292 5.08144 9.94688
internal_weight=1941 1261 680 437 381 126 89 243 180 141 255 1061 483 239 155 115 95 51 200 235 188 78 54 63 46 43 180 56 118 110
internal_count=1941 1261 680 437 381 126 89 243 180 141 255 1061 483 239 155 115 95 51 200 235 188 78 54 63 46 43 180 56 118 110
is_linear=0
shrinkage=0.03


Tree=21
num_leaves=31
num_cat=0
split_feature=11 11 11 16 18 6 9 27 16 56 47 2 11 26 37 6 6 20 1 11 24 38 38 57 30 1 28 54 16 1
split_gain=4.8456e+07 3.189e+06 2.60356e+06 1.30714e+06 4.33804e+06 1.01852e+06 1.094e+06 2.31268e+06 982646 1.96822e+06 1.56764e+06 2.39584e+06 748517 739794 624672 556503 4.07464e+06 552950 512597 497027 413042 603885 571300 398112 375677 356144 352305 471396 463623 307959
threshold=-0.5277851165098012 -0.29012925520284105 -0.88144907265856332 23.150000000000002 8.5000000000000018 27.500000000000004 141.50000000000003 295.50000000000006 24.750000000000004 12.250000000000002 39.500000000000007 7080.2589285000004 0.81241147629689003 9.3500000000000032 654.85714285000006 27.500000000000004 28.500000000000004 13.500000000000002 10871.321430000002 -0.70710678118654757 764.20000000000016 866.98883923750009 1040.9241072125003 281.50000000000006 980.58125000000007 543.84821430000011 1005.7500000000001 147.05000000000004 24.750000000000004 209.36607145000002
decision_type=2 2 2 2 2 2 2 2 2 2 2 2 2 2 2 2 2 2 2 2 2 2 2 2 2 2 2 2 2 2
left_child=2 26 3 4 18 6 7 -4 9 10 11 12 -3 -12 -7 29 -17 -9 -1 23 21 -5 24 -8 -23 -11 27 -2 -28 -10
right_child=1 8 5 20 -6 14 19 17 15 25 13 -13 -14 -15 -16 16 -18 -19 -20 -21 -22 22 -24 -25 -26 -27 28 -29 -30 -31
leaf_value=12.991263276508876 3.0302370133607281 4.0372092962265009 -5.7985832432338169 11.032120100110768 -5.2177305793762203 4.129418841997782 6.6028209569898708 9.3437419196963312 -5.1159936365555243 -5.0941097464928253 -4.6930684919918289 -4.8399721069335939 11.972768440246581 1.9972713470458983 -1.8451582247870308 8.7760669650202221 -4.9305036198815628 3.0853659661610919 6.8719326079975467 5.1858501060945645 12.843756731578281 3.2525860889141378 10.678427617926346 10.261392536649897 7.8624407596122934 -2.6006381492336077 5.7983135864951389 -1.967055707381322 0.60306406754713793 -2.9765730020579166
leaf_weight=28 23 23 21 96 24 36 59 24 553 156 51 20 20 21 28 23 129 27 22 84 35 26 38 49 41 77 22 65 52 68
leaf_count=28 23 23 21 96 24 36 59 24 553 156 51 20 20 21 28 23 129 27 22 84 35 26 38 49 41 77 22 65 52 68
internal_value=-1.40877e-08 -3.31681 6.77398 8.74527 5.26638 4.91087 5.73398 2.58034 -3.87604 -2.60006 0.282281 3.73828 7.72817 -2.74172 1.51554 -4.48349 -2.85648 6.03048 10.2988 6.91659 9.83611 9.31239 7.74007 8.26273 6.07354 -4.27009 0.62197 -0.660945 2.1476 -4.88173
internal_weight=1941 1303 638 310 74 328 264 72 1141 368 135 63 43 72 64 773 152 51 50 192 236 201 105 108 67 233 162 88 74 621
internal_count=1941 1303 638 310 74 328 264 72 1141 368 135 63 43 72 64 773 152 51 50 192 236 201 105 108 67 233 162 88 74 621
is_linear=0
shrinkage=0.03


Tree=22
num_leaves=31
num_cat=0
split_feature=11 11 11 46 48 16 56 6 9 17 28 37 6 9 18 26 38 52 26 21 18 46 32 18 23 26 54 56 58 6
split_gain=4.55922e+07 3.00619e+06 2.45851e+06 1.56444e+06 4.47573e+06 834009 1.87981e+06 3.0604e+06 1.64671e+06 3.24364e+06 774284 734722 1.02611e+06 848862 933556 828185 478569 651142 453600 450884 426237 615546 372565 416148 338520 289825 391729 286772 277837 591337
threshold=-0.5277851165098012 -0.2269546835593246 -0.84874750804349197 23.150000000000002 8.5000000000000018 25.050000000000004 12.250000000000002 26.500000000000004 141.50000000000003 27.500000000000004 1008.35 329.7044643000001 27.500000000000004 142.50000000000003 1.5000000000000002 14.550000000000002 1110.7004464625002 707.50000000000011 16.250000000000004 841.00000000000011 39.500000000000007 24.650000000000002 802.69880950000004 24.500000000000004 178.50000000000003 10.750000000000002 429.25000000000006 7.9500000000000011 1004.9500000000002 17.500000000000004
decision_type=2 2 2 2 2 2 2 2 2 2 2 2 2 2 2 2 2 2 2 2 2 2 2 2 2 2 2 2 2 2
left_child=2 20 3 4 18 6 7 8 9 -3 11 15 13 14 -13 -4 17 19 -1 22 28 -22 23 -5 -12 -24 -27 -11 29 -2
right_child=1 5 10 16 -6 -7 -8 -9 -10 27 24 12 -14 -15 -16 -17 -18 -19 -20 -21 21 -23 25 -25 -26 26 -28 -29 -30 -31
leaf_value=12.101833331200384 1.027840300798416 8.7855085585194246 3.7108827765328543 9.0022570722286517 -5.0987133244105749 -4.5890319201870886 -4.4864979758090575 9.8290821699662647 -4.6782125026352546 -0.94856766590705277 5.3727532344394255 5.2463100900650028 -2.2672064266204832 5.3845968801325013 -3.4495524003982543 10.946430118083953 12.36467510908842 4.7646118650128759 6.3069157447814943 13.122045029860276 6.1275418692049763 -0.22702055874992819 4.4159507397242956 13.62476686477661 10.123332282172308 11.840961478097098 6.860901815674521 -5.2208450538881364 0.26604497786491149 -5.3382397235673045
leaf_weight=31 24 31 35 65 28 601 291 22 98 26 27 20 30 99 25 24 40 31 20 26 23 34 21 24 27 21 44 31 93 29
leaf_count=31 24 31 35 65 28 601 291 22 98 26 27 20 30 99 25 24 40 31 20 26 23 34 21 24 27 21 44 31 93 29
internal_value=-2.72928e-08 -3.2173 6.57076 8.25473 4.53837 -3.83633 -2.92977 -0.751842 -2.00335 0.975475 4.51127 3.76112 2.78015 3.83168 0.415275 6.65416 9.33411 8.8116 9.82932 9.43577 0.137025 2.3371 8.88809 10.2488 7.74804 7.47994 8.46984 -3.27209 -0.721908 -2.45549
internal_weight=1941 1303 638 351 79 1100 499 208 186 88 287 233 174 144 45 59 272 232 51 201 203 57 175 89 54 86 65 57 146 53
internal_count=1941 1303 638 351 79 1100 499 208 186 88 287 233 174 144 45 59 272 232 51 201 203 57 175 89 54 86 65 57 146 53
is_linear=0
shrinkage=0.03


Tree=23
num_leaves=31
num_cat=0
split_feature=11 11 11 46 48 48 16 56 47 2 48 9 2 37 26 11 9 11 24 40 34 48 40 16 1 57 19 17 28 46
split_gain=4.28977e+07 2.84362e+06 2.31988e+06 1.49711e+06 4.03159e+06 909945 874281 1.7482e+06 1.39696e+06 2.17238e+06 846387 1.75679e+06 922805 796287 671990 658999 494631 489605 416505 474176 596518 418841 389795 351170 325254 325250 870844 2.82471e+06 317673 474395
threshold=-0.5277851165098012 -0.29012925520284105 -0.88144907265856332 23.150000000000002 8.5000000000000018 60.500000000000007 24.750000000000004 12.250000000000002 39.500000000000007 6993.1696430000011 1.0000000180025095e-35 141.50000000000003 5783.1071430000011 507.66607145000006 9.3500000000000032 0.81241147629689003 148.50000000000003 -0.68322629814330815 764.20000000000016 549.31175594458341 771.96428570000012 26.500000000000004 851.24558533750007 23.650000000000002 543.84821430000011 263.50000000000006 2.5000000000000004 43.500000000000007 1005.7500000000001 24.650000000000002
decision_type=2 2 2 2 2 2 2 2 2 2 2 2 2 2 2 2 2 2 2 2 2 2 2 2 2 2 2 2 2 2
left_child=2 28 3 4 -1 10 7 8 9 15 13 -12 23 22 -10 -3 -15 -7 19 21 -21 -5 -4 -13 -9 26 27 -8 -2 -30
right_child=1 6 5 18 -6 17 25 24 14 -11 11 12 -14 16 -16 -17 -18 -19 -20 20 -22 -23 -24 -25 -26 -27 -28 -29 29 -31
leaf_value=9.8432685890197735 -0.61963431976058259 3.8897888842496 6.355195645871369 8.8842472287510219 -4.995417304405799 10.837363641673122 -4.2672071304568995 -4.8066915834867041 -4.4432427428750429 -4.3447178486415314 -4.2589361256566542 2.2446437507629393 -1.534497254003178 5.9288347126455871 1.9331367424556187 11.414018726348877 1.3359533516565958 5.0447101833671333 12.344670510292053 4.5156053704750239 9.7695740958162247 12.71915379524231 12.08176522064209 6.3946584942029867 -2.4238067036789732 -4.6999908706459266 -4.6721152436024429 6.7182066180788231 5.8632549067905968 0.53531109162096702
leaf_weight=45 88 22 23 89 26 29 77 156 51 21 29 25 22 51 21 20 36 24 36 41 37 36 20 69 77 482 185 29 21 53
leaf_count=45 88 22 23 89 26 29 77 156 51 21 29 25 22 51 21 20 36 24 36 41 37 36 20 69 77 482 185 29 21 53
internal_value=-4.02861e-09 -3.12078 6.37364 8.23444 4.40938 4.61496 -3.64886 -2.4453 0.271164 3.5336 3.92127 2.34538 3.99645 5.679 -2.58347 7.47276 4.02833 8.21428 9.37075 8.84336 7.00787 9.9887 9.01872 5.29093 -4.01921 -4.22184 -3.42986 -1.26176 0.598593 2.0473
internal_weight=1941 1303 638 310 71 328 1141 368 135 63 275 145 116 130 72 42 87 53 239 203 78 125 43 94 233 773 291 106 162 74
internal_count=1941 1303 638 310 71 328 1141 368 135 63 275 145 116 130 72 42 87 53 239 203 78 125 43 94 233 773 291 106 162 74
is_linear=0
shrinkage=0.03


Tree=24
num_leaves=31
num_cat=0
split_feature=11 11 11 46 48 15 56 19 37 6 11 48 58 48 9 37 6 27 18 46 38 39 26 3 10 11 48 34 35 11
split_gain=4.03625e+07 2.68386e+06 2.19546e+06 1.39268e+06 3.96604e+06 689463 1.63993e+06 1.75079e+06 2.09763e+06 3.08747e+06 2.61185e+06 680546 693285 933563 1.14989e+06 907547 734246 527644 504830 505250 447802 797138 424704 387513 374259 361266 350602 427663 476163 304843
threshold=-0.5277851165098012 -0.16280825711808986 -0.84874750804349197 23.150000000000002 8.5000000000000018 82.500000000000014 12.250000000000002 10.500000000000002 80.929464285000009 27.500000000000004 0.81241147629689003 60.500000000000007 1008.7500000000001 1.0000000180025095e-35 141.50000000000003 507.66607145000006 26.500000000000004 262.50000000000006 39.500000000000007 24.650000000000002 1040.9241072125003 993.67176346250005 16.250000000000004 6383439.2145000007 0.84874750804349197 -0.68322629814330815 31.500000000000004 771.96428570000012 43.549107145000008 -0.3520614488341256
decision_type=2 2 2 2 2 2 2 2 2 2 2 2 2 2 2 2 2 2 2 2 2 2 2 2 2 2 2 2 2 2
left_child=2 18 3 4 22 6 7 8 9 10 17 12 13 15 -15 -4 -17 -3 29 -20 21 26 -1 -16 -19 -13 27 28 -5 -2
right_child=1 5 11 20 -6 -7 -8 -9 -10 -11 -12 25 -14 14 23 16 -18 24 19 -21 -22 -23 -24 -25 -26 -27 -28 -29 -30 -31
leaf_value=11.446855777617424 0.26503786190818335 -6.0399345762833301 8.8500843846457329 8.2971102595815847 -4.8044358198983321 -4.3816626020024216 -4.5393873813353389 -4.5745662326347531 -5.1344633366511419 13.628075843811034 9.1597847032546991 10.098646721839906 7.6185140262950553 -4.8690874481201174 0.40530142486095427 4.9245952271461491 -1.7600244222368511 2.4776636232648577 5.4039599533081057 0.01733105523245675 10.921389762821482 3.0765899190902708 5.8395594577789307 4.6956218039989466 -2.9549202787399294 4.8933688855171207 11.396375591174975 11.867392382414444 3.4132267804579297 -2.2269290976420693
leaf_weight=31 85 23 35 98 28 576 249 82 39 20 24 24 33 24 36 50 21 21 25 42 67 25 20 40 25 24 37 23 22 92
leaf_count=31 85 23 35 98 28 576 249 82 39 20 24 24 33 24 36 50 21 21 25 42 67 25 20 40 25 24 37 23 22 92
internal_value=3.49853e-08 -3.02716 6.18243 7.77376 4.26734 -3.68071 -2.84478 -1.04155 0.864419 2.93483 0.635207 4.23623 3.58155 2.93485 0.855576 4.89644 2.94745 -2.32986 -0.190665 2.02727 8.79217 8.09629 9.24792 2.66336 -0.474828 7.49601 8.79347 8.11998 7.40173 -1.03022
internal_weight=1941 1303 638 351 79 1059 483 234 152 113 93 287 239 206 100 106 71 69 244 67 272 205 51 76 46 48 180 143 120 177
internal_count=1941 1303 638 351 79 1059 483 234 152 113 93 287 239 206 100 106 71 69 244 67 272 205 51 76 46 48 180 143 120 177
is_linear=0
shrinkage=0.03


Tree=25
num_leaves=31
num_cat=0
split_feature=11 11 6 6 12 53 11 27 23 27 45 8 6 40 12 44 46 37 27 27 11 18 40 17 19 16 41 26 23 38
split_gain=3.79952e+07 3.35153e+06 1.2859e+06 2.73383e+06 1.56037e+06 2.95109e+06 1.13812e+06 784955 733123 652860 859178 643740 3.24544e+06 3.76801e+06 1.12774e+06 2.56232e+06 664549 619411 607480 475117 410600 402551 354682 446151 538558 351156 269151 333396 325124 267865
threshold=-0.41248606129204529 -0.77259657388510616 27.500000000000004 28.500000000000004 0.64987354830121502 206.00000000000003 -0.097964660725097366 281.50000000000006 174.50000000000003 269.50000000000006 78.500000000000014 3.5000000000000004 27.500000000000004 0.53958333333333341 0.64987354830121502 28.450000000000003 24.350000000000005 769.4937500000002 278.50000000000006 325.50000000000006 -0.95642797789208678 39.500000000000007 932.19258433958328 25.500000000000004 8.5000000000000018 24.650000000000002 240.40408207183438 10.750000000000002 253.50000000000003 894.15357137500007
decision_type=2 2 2 2 2 2 2 2 2 2 2 2 2 2 2 2 2 2 2 2 2 2 2 2 2 2 2 2 2 2
left_child=1 2 4 -4 7 -6 21 26 9 10 -3 12 14 -14 -8 -16 -17 -7 -11 22 -9 -2 23 -20 -25 -23 -1 -28 -29 -5
right_child=6 8 3 29 5 17 11 20 -10 18 -12 -13 13 -15 15 16 -18 -19 19 -21 -22 25 -24 24 -26 -27 27 28 -30 -31
leaf_value=4.7902627563476559 -1.9256379539316348 -5.4634163229806081 -5.5741234261649 4.9371495566829555 -2.2633340835571287 11.631277728542203 -4.4921331732291874 14.325577026367188 5.8402963472566292 7.1049355316162108 2.2989323017813943 -4.4916408022585621 13.255146279542343 -4.1111976138028226 6.1086628139019012 0.97939948797225951 -4.6198586174749554 5.6341278417648804 -2.216543510393663 6.0296649765014649 9.9895459907933297 4.254420543909073 4.4256444658551892 4.5650506319193278 -1.3788507096663767 -0.91278189823545253 5.551265000680397 8.3967547383206949 12.525529283796038 8.8500007309019555
leaf_weight=21 154 21 21 31 35 31 381 30 62 28 33 443 23 22 32 24 93 31 33 25 57 20 28 34 23 29 29 94 21 32
leaf_count=21 154 21 21 31 35 31 381 30 62 28 33 443 23 22 32 24 93 31 33 25 57 20 28 34 23 29 29 94 21 32
internal_value=-1.89952e-08 5.46593 7.13231 3.79994 7.93437 4.70114 -3.22315 9.17891 2.95185 2.15592 -0.719759 -3.63216 -2.96999 4.76493 -3.62673 -1.41385 -3.47129 8.6327 3.06404 2.27281 11.4847 -1.17207 1.47687 0.559469 2.16663 1.19628 7.96311 8.42582 9.1507 6.92463
internal_weight=1941 720 433 84 349 97 1221 252 287 225 54 1018 575 45 530 149 117 62 171 143 87 203 118 90 57 49 165 144 115 63
internal_count=1941 720 433 84 349 97 1221 252 287 225 54 1018 575 45 530 149 117 62 171 143 87 203 118 90 57 49 165 144 115 63
is_linear=0
shrinkage=0.03


Tree=26
num_leaves=31
num_cat=0
split_feature=11 11 11 46 48 6 9 57 16 56 47 2 46 11 53 50 6 6 11 24 38 38 57 26 46 46 1 33 1 23
split_gain=3.57699e+07 2.38211e+06 1.94206e+06 1.2531e+06 3.37062e+06 847896 833394 1.57582e+06 729292 1.47529e+06 1.23272e+06 1.91903e+06 592028 559008 507262 450711 447477 3.24708e+06 404617 365822 466197 432442 338180 318199 309544 298775 282046 281427 255318 253807
threshold=-0.5277851165098012 -0.29012925520284105 -0.88144907265856332 23.150000000000002 8.5000000000000018 27.500000000000004 141.50000000000003 295.50000000000006 24.750000000000004 12.250000000000002 39.500000000000007 6993.1696430000011 24.550000000000004 0.81241147629689003 156.50000000000003 13.500000000000002 27.500000000000004 28.500000000000004 -0.70710678118654757 764.20000000000016 866.98883923750009 1040.9241072125003 281.50000000000006 20.150000000000002 24.750000000000004 23.750000000000004 1818.4375000000002 769.4937500000002 209.36607145000002 218.00000000000003
decision_type=2 2 2 2 2 2 2 2 2 2 2 2 2 2 2 2 2 2 2 2 2 2 2 2 2 2 2 2 2 2
left_child=2 25 3 4 -1 6 7 -4 9 10 11 13 -12 -3 -7 -9 28 -18 22 20 23 24 -8 29 27 -2 -11 -22 -10 -5
right_child=1 8 5 19 -6 14 18 15 16 26 12 -13 -14 -15 -16 -17 17 -19 -20 -21 21 -23 -24 -25 -26 -27 -28 -29 -30 -31
leaf_value=8.9916820952097574 -1.8135845507480002 3.728653319965709 -4.7069920131138385 8.7911269553048275 -4.5762195528470553 4.5611037719249721 5.6788576221567091 8.0487292671203612 -4.4267973747240488 -4.0654276171951764 -4.3435549736022949 -4.0784081404549735 1.427198171429336 10.658580574035645 -0.95575502300262449 2.3984772011968825 7.9868638838892405 -4.248899006954459 4.4325851269279202 11.349325420061747 6.455823114395141 9.235478049328453 9.0508232023278055 6.7840014902750641 8.1454641489549111 1.2554009874343872 -0.85544079652854366 1.6813488530874252 -2.4787880029047238 12.378831814924876
leaf_weight=45 37 22 21 35 26 24 59 24 553 205 48 21 24 20 40 27 23 129 84 36 20 38 49 27 22 125 28 25 68 36
leaf_count=45 37 22 21 35 26 24 59 24 553 205 48 21 24 20 40 27 23 129 84 36 20 38 49 27 22 125 28 25 68 36
internal_value=4.87109e-09 -2.84974 5.82008 7.52262 4.02315 4.21097 4.96198 2.20947 -3.33307 -2.23382 0.261611 3.32628 -2.41997 7.02862 1.11307 5.05742 -3.85639 -2.39743 5.99417 8.56222 8.06795 6.67903 7.20873 9.55608 5.22911 0.55446 -3.67968 3.80334 -4.21349 10.6102
internal_weight=1941 1303 638 310 71 328 264 72 1141 368 135 63 72 42 64 51 773 152 192 239 203 105 108 98 67 162 233 45 621 71
internal_count=1941 1303 638 310 71 328 264 72 1141 368 135 63 72 42 64 51 773 152 192 239 203 105 108 98 67 162 233 45 621 71
is_linear=0
shrinkage=0.03


Tree=27
num_leaves=31
num_cat=0
split_feature=11 11 6 6 9 53 11 6 57 37 41 8 6 40 9 14 11 9 16 46 11 8 33 22 46 20 33 43 31 33
split_gain=3.36693e+07 2.99249e+06 1.29189e+06 2.53184e+06 1.49294e+06 2.86406e+06 1.01452e+06 998054 796478 594362 585376 579228 2.90867e+06 3.45998e+06 1.00624e+06 2.64735e+06 524849 494832 475071 434013 411315 383764 352819 305613 326575 464640 260196 241710 230730 206842
threshold=-0.41248606129204529 -0.72947329433276253 27.500000000000004 28.500000000000004 141.50000000000003 206.00000000000003 -0.097964660725097366 18.500000000000004 281.50000000000006 769.4937500000002 232.23546690007882 3.5000000000000004 27.500000000000004 0.53958333333333341 141.50000000000003 28.450000000000003 -0.68322629814330815 142.50000000000003 24.350000000000005 23.050000000000004 -0.95642797789208678 2.5000000000000004 1150.1142860000002 42.500000000000007 24.950000000000003 16.500000000000004 874.45000000000016 -70.17857139500002 319.89375000000001 509.62857145000004
decision_type=2 2 2 2 2 2 2 2 2 2 2 2 2 2 2 2 2 2 2 2 2 2 2 2 2 2 2 2 2 2
left_child=1 2 4 -4 5 7 23 -1 22 -7 16 12 14 -14 15 -8 -3 -18 -17 -5 -10 -12 26 24 25 -2 -6 -28 -19 -21
right_child=6 10 3 19 8 9 11 -9 20 -11 21 -13 13 -15 -16 18 17 28 -20 29 -22 -23 -24 -25 -26 -27 27 -29 -30 -31
leaf_value=2.818301794869559 5.3400548345446577 7.5643297576904294 -5.2726888300024948 9.9447881927490229 6.8622180175781251 11.077874450683593 6.3226748943328852 -6.4308877999441956 13.46777359993227 5.2929337595355124 2.8943786048412323 -4.2355644677293487 12.666220768690108 -3.9751368557323112 -4.2313622705392016 0.44969950551572052 0.092698294183482285 1.5788296965629822 -4.3605266585248588 6.689862047433853 9.3169000020708364 -1.8670892700782189 3.5974800658226012 -2.2445648712411668 -1.6306774217605589 -0.56316201353073125 6.9846882629394536 11.15318827352216 4.6170884031493484 2.7907715286254882
leaf_weight=21 20 23 23 20 102 33 32 21 31 31 25 443 23 22 381 23 46 31 94 24 70 39 21 103 50 30 21 31 82 25
leaf_count=21 20 23 23 20 102 33 32 21 31 31 25 443 23 22 381 23 46 31 94 24 70 39 21 103 50 30 21 31 82 25
internal_value=-4.67487e-09 5.14538 6.53869 3.34728 7.30731 4.281 -3.03413 -1.80629 8.46958 8.27579 2.4607 -3.42029 -2.79217 4.53045 -3.41391 -1.32363 3.32851 2.71578 -3.41493 6.2206 10.5909 -0.00714088 7.24526 -1.09762 0.0837237 1.79812 7.74269 9.46976 3.78358 4.70053
internal_weight=1941 720 474 92 382 106 1221 42 276 64 246 1018 575 45 530 149 182 159 117 69 101 64 175 203 100 50 154 52 113 49
internal_count=1941 720 474 92 382 106 1221 42 276 64 246 1018 575 45 530 149 182 159 117 69 101 64 175 203 100 50 154 52 113 49
is_linear=0
shrinkage=0.03


Tree=28
num_leaves=31
num_cat=0
split_feature=1 10 1 48 46 56 6 19 14 9 6 16 34 6 48 58 24 37 39 23 20 57 21 46 41 33 31 52 35 41
split_gain=2.98822e+07 2.07913e+06 1.99303e+06 1.49413e+06 2.60794e+06 1.29469e+06 972075 932292 949429 725296 570335 1.27446e+06 2.064e+06 2.74488e+06 1.31823e+06 2.81024e+06 518856 702756 599534 489702 429164 411425 390745 343216 330722 325430 321955 432003 279015 278138
threshold=3803.0714285000008 -0.70710678118654735 1215.7500000000002 4.5000000000000009 23.150000000000002 9.1500000000000004 27.500000000000004 1.5000000000000002 29.650000000000002 143.50000000000003 18.500000000000004 25.350000000000005 1.0000000180025095e-35 27.500000000000004 38.500000000000007 1005.9500000000002 766.80000000000007 594.59553570000014 1008.3181175437502 191.00000000000003 28.500000000000004 285.50000000000006 571.50000000000011 24.750000000000004 285.36449000222746 662.54285715000015 859.97857140000008 596.50000000000011 191.55000000000004 240.40408207183438
decision_type=2 2 2 2 2 2 2 2 2 2 2 2 2 2 2 2 2 2 2 2 2 2 2 2 2 2 2 2 2 2
left_child=2 20 10 16 -5 9 7 23 25 -6 -1 12 13 14 15 -12 17 29 26 24 22 -14 -2 -7 -4 -9 27 -19 -18 -3
right_child=1 3 19 4 5 6 -8 8 -10 -11 11 -13 21 -15 -16 -17 28 18 -20 -21 -22 -23 -24 -25 -26 -27 -28 -29 -30 -31
leaf_value=-4.0759881887306166 -3.3207395891709761 7.2164372521638862 0.19505311098504574 -2.7541618494987485 -2.5467788158763538 10.348106367859659 2.2256708736033053 4.292204933166504 -0.43301317487444196 3.9512509739398953 10.311699590682984 -3.9355925705209596 -4.4022710775938183 9.8184585816519601 -3.5463555622100831 -4.2061399984359742 11.867254404723644 7.5116321961084997 2.5873388778291098 4.4669964809417726 4.6560651123523709 -0.36996652262551444 1.386133891657779 6.2516844367980955 -2.9263318648705114 9.3026526669093528 8.8963545690264016 2.2481191843488944 7.6373795734405512 11.518200191374747
leaf_weight=441 22 24 141 40 22 79 37 20 21 52 24 331 122 28 63 24 32 36 41 20 24 28 57 24 39 28 42 23 25 31
leaf_count=441 22 24 141 40 22 79 37 20 21 52 24 331 122 28 63 24 32 36 41 20 24 28 57 24 39 28 42 23 25 31
internal_value=5.52011e-09 5.06895 -2.73345 5.76982 4.41605 5.42951 6.63692 7.58585 4.88732 2.0194 -3.25127 -2.66466 -1.20902 1.42468 -0.692675 3.05278 7.49133 6.76199 5.64685 0.0135774 1.14271 -3.64957 0.075359 9.3936 -0.481247 7.21497 6.88884 5.45975 10.012 9.64107
internal_weight=1941 680 1261 577 323 283 209 172 69 74 1061 620 289 139 111 48 254 197 142 200 103 150 79 103 180 48 101 59 57 55
internal_count=1941 680 1261 577 323 283 209 172 69 74 1061 620 289 139 111 48 254 197 142 200 103 150 79 103 180 48 101 59 57 55
is_linear=0
shrinkage=0.03


Tree=29
num_leaves=31
num_cat=0
split_feature=30 4 48 46 30 56 6 19 14 9 41 9 6 16 34 6 14 49 17 44 37 24 39 46 6 39 37 46 38 32
split_gain=2.75077e+07 2.74907e+06 1.51286e+06 2.46942e+06 1.44069e+06 1.0576e+06 1.08726e+06 844431 940661 754899 729981 688523 589339 1.26734e+06 1.96417e+06 2.67463e+06 1.15923e+06 1.51449e+06 543853 437510 436745 739565 506644 396646 381136 352293 279464 277785 273542 261880
threshold=319.89375000000001 14.500000000000002 4.5000000000000009 23.150000000000002 116.72857145000002 9.1500000000000004 27.500000000000004 1.5000000000000002 29.650000000000002 143.50000000000003 233.36781989174327 144.50000000000003 18.500000000000004 25.350000000000005 1.0000000180025095e-35 27.500000000000004 27.950000000000003 3.5000000000000004 25.500000000000004 29.950000000000003 724.69375000000002 767.40000000000009 1008.3181175437502 24.150000000000002 27.500000000000004 645.40245537500016 826.44732145000012 24.750000000000004 897.87053570000012 783.35535715000003
decision_type=2 2 2 2 2 2 2 2 2 2 2 2 2 2 2 2 2 2 2 2 2 2 2 2 2 2 2 2 2 2
left_child=4 2 20 -4 12 9 7 27 26 -5 11 -3 -1 14 15 16 -14 -18 -6 -20 25 22 28 -16 -12 -2 -9 29 -22 -7
right_child=1 10 3 5 18 6 -8 8 -10 -11 24 -13 13 -15 23 -17 17 -19 19 -21 21 -23 -24 -25 -26 -27 -28 -29 -30 -31
leaf_value=-3.9732155212090934 5.6307793417843897 -0.025645159553079045 -2.6715369801521298 -2.766357172966003 -2.329438374696239 11.419986799524185 1.8247488833375667 4.6489044542312623 -0.4491942487444196 4.0739287805557254 0.33651716690638966 5.6308619441986085 5.9173777112960808 -3.7815060024091678 0.26573805999755862 9.5184631742280104 -3.9853776688324771 5.1163409614562987 -0.21775626328858461 3.8936682009696963 5.1465927022436393 10.168445529801504 2.1198562555190392 -4.3059328646537587 -4.4661190624237062 9.9353898792762259 9.4505496764183032 6.2484953026149581 8.9505355268054547 7.9014516663551326
leaf_weight=441 22 34 40 20 62 47 38 20 21 53 58 45 20 337 20 29 76 21 66 36 46 35 34 117 20 77 24 23 27 32
leaf_count=441 22 34 40 20 62 47 38 20 21 53 58 45 20 337 20 29 76 21 66 36 46 35 34 117 20 77 24 23 27 32
internal_value=2.23563e-09 4.6714 5.65655 4.29789 -2.73039 5.30069 6.40488 7.44706 4.77474 2.19988 1.16377 3.19642 -3.13487 -2.53856 -1.05845 1.36259 -0.658957 -2.0149 -0.113567 1.23333 7.4493 6.38295 5.1447 -3.63854 -0.894928 8.97881 7.26798 9.15001 6.55353 9.99476
internal_weight=1941 716 559 318 1225 278 205 167 65 73 157 79 1061 620 283 146 117 97 164 102 241 142 107 137 78 99 44 102 73 79
internal_count=1941 716 559 318 1225 278 205 167 65 73 157 79 1061 620 283 146 117 97 164 102 241 142 107 137 78 99 44 102 73 79
is_linear=0
shrinkage=0.03


Tree=30
num_leaves=31
num_cat=0
split_feature=11 11 11 46 48 6 58 56 16 56 6 9 17 37 8 37 9 26 48 6 58 23 1 46 3 48 36 4 3 38
split_gain=2.81582e+07 1.86499e+06 1.58534e+06 1.01071e+06 2.67621e+06 710464 734376 652936 572461 1.13537e+06 2.11561e+06 999956 2.45001e+06 443667 465412 430258 363759 296212 539868 373081 400319 303706 289385 268716 256240 248737 238577 236925 209854 197772
threshold=-0.5277851165098012 -0.29012925520284105 -0.88144907265856332 23.150000000000002 8.5000000000000018 27.500000000000004 1007.85 10.750000000000002 25.050000000000004 12.250000000000002 26.500000000000004 141.50000000000003 27.500000000000004 342.19910715000009 1.5000000000000002 654.85714285000006 143.50000000000003 10.750000000000002 34.500000000000007 25.500000000000004 1007.2500000000001 193.50000000000003 543.84821430000011 23.750000000000004 6348568.4285000013 1.5000000000000002 205.02410715000002 3.5000000000000004 6381406.0000000009 908.19285711250006
decision_type=2 2 2 2 2 2 2 2 2 2 2 2 2 2 2 2 2 2 2 2 2 2 2 2 2 2 2 2 2 2
left_child=2 23 3 4 28 6 7 16 9 10 11 12 -3 -9 25 -7 -4 -5 19 20 21 -19 -11 -2 -16 -15 -13 -14 -1 -23
right_child=1 8 5 17 -6 15 -8 13 -10 22 -12 26 27 14 24 -17 -18 18 -20 -21 -22 29 -24 -25 -26 -27 -28 -29 -30 -31
leaf_value=5.6959874939918516 -1.7620683412294131 7.5728743817729329 -2.0493096382141114 5.0423941612243652 -4.1032813145564155 3.0435780521233875 7.3793924432787401 7.9591977500915529 -3.5808277590251434 -3.9472805806387843 8.2690949769453557 -0.66996691703796385 -0.37814554127779876 3.3284351947090842 2.4819336933559839 -1.9148675395974089 3.3788078949451448 9.3137309385027205 11.9366155733381 5.0945976987679797 10.676154189109802 7.0987990853445861 -1.9357458300093808 1.1484466620254516 5.9588995170593257 -1.2942057723999023 -4.3287642019766341 -4.3094886009113207 9.818873272705078 3.3591080496311188
leaf_weight=20 37 31 25 34 26 36 58 27 612 226 22 20 22 22 27 28 20 35 28 45 42 35 90 125 65 20 81 37 25 20
leaf_count=20 37 31 25 34 26 36 58 27 612 226 22 20 22 22 27 28 20 35 28 45 42 35 90 125 65 20 81 37 25 20
internal_value=9.92873e-09 -2.52842 5.16384 6.70209 3.55924 3.71 4.39746 3.55788 -2.95608 -2.23331 -0.540471 -1.55519 0.74432 4.45081 3.7439 0.874258 0.363187 7.63574 8.06586 7.45354 8.25772 7.12912 -3.37438 0.483699 4.93849 1.12718 -3.60425 -2.84356 7.98648 5.73891
internal_weight=1941 1303 638 310 71 328 264 206 1141 529 213 191 90 161 134 64 45 239 205 177 132 90 316 162 92 42 101 59 45 55
internal_count=1941 1303 638 310 71 328 264 206 1141 529 213 191 90 161 134 64 45 239 205 177 132 90 316 162 92 42 101 59 45 55
is_linear=0
shrinkage=0.03


Tree=31
num_leaves=31
num_cat=0
split_feature=1 10 48 46 1 56 6 19 14 9 54 39 8 6 10 9 14 53 29 15 8 53 16 46 46 33 38 15 39 32
split_gain=2.49131e+07 2.0247e+06 1.3423e+06 2.0948e+06 1.23754e+06 1.14897e+06 954577 744515 764094 668828 556304 486788 479001 2.51498e+06 2.91315e+06 798856 2.15898e+06 463085 413368 541705 412844 399992 375220 367486 343875 284910 278048 293750 283919 243224
threshold=3255.6250000000005 -0.70710678118654735 4.5000000000000009 23.150000000000002 872.12500000000011 9.1500000000000004 27.500000000000004 1.5000000000000002 29.650000000000002 143.50000000000003 766.80000000000007 1008.3181175437502 3.5000000000000004 27.500000000000004 0.097964660725097366 141.50000000000003 28.450000000000003 184.50000000000003 0.45000000000000007 64.500000000000014 3.5000000000000004 174.50000000000003 24.350000000000005 24.750000000000004 23.550000000000004 662.54285715000015 776.12723216250015 63.500000000000007 552.13638395625014 802.69880950000004
decision_type=2 2 2 2 2 2 2 2 2 2 2 2 2 2 2 2 2 2 2 2 2 2 2 2 2 2 2 2 2 2
left_child=4 18 10 -4 12 9 7 23 25 -5 11 26 13 15 -15 16 -1 -6 19 24 -13 -8 -18 29 -2 -9 27 -3 -29 -7
right_child=1 2 3 5 17 6 21 8 -10 -11 -12 20 -14 14 -16 -17 22 -19 -20 -21 -22 -23 -24 -25 -26 -27 -28 28 -30 -31
leaf_value=5.7500551182031625 -1.2255279113935389 2.3911977195739746 -2.5227786054611205 -2.4531499576568603 -0.88909707038208485 10.644711160479853 4.6916325829284533 3.8616831722259524 -0.15523699326948684 3.5016314347130084 9.3298312101364136 0.25922157219478065 -3.7535740216922111 -3.950697975158691 11.20590746383667 -3.7366502801841484 0.33508654832839962 3.9339651017189023 4.8274948596954346 -2.9061286550249372 5.8236911995921812 -1.2364489152431486 -3.8587688660621637 5.3505880209115828 3.3378820487431113 8.5498390255655554 8.037353861073413 4.2540802615029465 9.0787901712500521 7.1881071211184775
leaf_weight=32 23 20 40 24 172 53 21 20 22 58 60 21 444 21 25 391 24 20 20 35 28 20 96 26 42 28 83 21 23 28
leaf_count=32 23 20 40 24 172 53 21 20 22 58 60 21 444 21 25 391 24 20 20 35 28 20 96 26 42 28 83 21 23 28
internal_value=4.74854e-09 4.44564 5.16147 3.92609 -2.59843 4.78593 5.92459 6.88003 4.47448 1.75877 6.80222 6.02847 -3.00952 -2.44863 4.28659 -3.0192 -1.17367 -0.386695 0.890327 0.102894 3.43892 1.79989 -3.02 8.45376 1.72314 6.59644 6.89165 5.40581 6.77609 9.44984
internal_weight=1941 716 596 340 1225 300 218 177 70 82 256 196 1033 589 46 543 152 192 120 100 49 41 120 107 65 48 147 64 44 81
internal_count=1941 716 596 340 1225 300 218 177 70 82 256 196 1033 589 46 543 152 192 120 100 49 41 120 107 65 48 147 64 44 81
is_linear=0
shrinkage=0.03


Tree=32
num_leaves=31
num_cat=0
split_feature=11 11 11 46 48 27 50 37 18 28 44 57 12 36 10 18 44 44 45 18 16 26 38 38 45 18 11 50 28 12
split_gain=2.49882e+07 1.64639e+06 1.43072e+06 904833 2.49802e+06 513125 1.04575e+06 621946 569776 480131 714263 445474 1.10175e+06 2.03411e+06 1.39211e+06 652464 1.59347e+06 1.07387e+06 1.06292e+06 418832 405392 370341 328595 657121 330721 322185 280752 416261 269061 251115
threshold=-0.5277851165098012 -0.097964660725097366 -0.84874750804349197 23.150000000000002 8.5000000000000018 265.50000000000006 1.0000000180025095e-35 342.19910715000009 44.500000000000007 1008.5500000000001 32.050000000000004 289.50000000000006 0.64987354830121502 184.83125000000004 0.47114434510950087 25.500000000000004 28.350000000000005 29.150000000000002 82.500000000000014 39.500000000000007 24.650000000000002 16.250000000000004 1040.9241072125003 912.02723222500015 58.500000000000007 1.5000000000000002 -0.93540483100319605 1.5000000000000002 1004.5500000000001 0.62334665204000361
decision_type=2 2 2 2 2 2 2 2 2 2 2 2 2 2 2 2 2 2 2 2 2 2 2 2 2 2 2 2 2 2
left_child=2 19 3 4 21 6 -4 -7 9 10 -9 12 15 -14 -15 -3 -17 18 -18 29 -21 -1 23 24 -5 -25 -26 -28 -8 -2
right_child=1 11 5 22 -6 7 28 8 -10 -11 -12 -13 13 14 -16 16 17 -19 -20 20 -22 -23 -24 25 26 -27 27 -29 -30 -31
leaf_value=9.3289342984845565 -0.36686353880503814 -3.7582068043229091 -4.1383974489958391 4.35787620293498 -3.87687431880406 8.1664665116934927 6.1282261071886337 -2.7924172903941229 6.6241542243957516 5.6670293530550868 2.9491844125894398 -3.7041022917153179 -3.7687741604257137 9.8744896728515617 -0.74441126918792722 -3.740665556417929 9.7657475934709819 -2.9002328155517576 0.43051450812298314 4.1147329643368717 -0.34470509240793623 4.0927894363403317 8.7939254806290812 6.6104556257828424 9.5470715405864102 2.1335969778207633 9.2971934096018476 4.1209207485462054 1.8969517527128521 -2.6205881115049121
leaf_weight=31 146 332 23 25 28 29 21 26 39 33 78 414 47 25 20 111 21 25 23 32 43 20 67 23 62 39 27 29 38 64
leaf_count=31 146 332 23 25 28 29 21 26 39 33 78 414 47 25 20 111 21 25 23 32 43 20 67 23 62 39 27 29 38 64
internal_value=1.91377e-09 -2.38185 4.8645 6.14912 3.32279 3.29341 1.28773 4.09568 3.42493 2.5142 1.51378 -2.94609 -2.42652 0.596105 5.15498 -2.96965 -1.51521 2.06488 4.88597 -0.366423 1.55799 7.27554 6.97 6.37389 7.49228 3.79437 8.15635 6.61662 3.403 -1.05371
internal_weight=1941 1303 638 351 79 287 82 205 176 137 104 1018 604 92 45 512 180 69 44 285 75 51 272 205 143 62 118 56 59 210
internal_count=1941 1303 638 351 79 287 82 205 176 137 104 1018 604 92 45 512 180 69 44 285 75 51 272 205 143 62 118 56 59 210
is_linear=0
shrinkage=0.03


Tree=33
num_leaves=31
num_cat=0
split_feature=11 11 6 6 9 23 11 57 23 57 45 39 57 8 6 40 9 14 6 49 41 16 20 11 18 16 47 41 26 37
split_gain=2.35394e+07 2.15773e+06 801758 1.88817e+06 1.10201e+06 2.03196e+06 699904 560684 518502 528942 661759 491631 459122 421402 2.15067e+06 2.64863e+06 704838 1.93875e+06 390901 580753 342640 340443 314219 312736 306783 288457 286700 232701 241535 215056
threshold=-0.41248606129204529 -0.77259657388510616 27.500000000000004 28.500000000000004 141.50000000000003 206.00000000000003 -0.097964660725097366 281.50000000000006 174.50000000000003 265.50000000000006 78.500000000000014 854.17845981250014 278.50000000000006 3.5000000000000004 27.500000000000004 0.53958333333333341 141.50000000000003 28.450000000000003 16.500000000000004 7.5000000000000009 250.90870725776196 24.350000000000005 1.0000000180025095e-35 -0.95642797789208678 39.500000000000007 24.650000000000002 17.500000000000004 240.40408207183438 10.750000000000002 674.48214285000006
decision_type=2 2 2 2 2 2 2 2 2 2 2 2 2 2 2 2 2 2 2 2 2 2 2 2 2 2 2 2 2 2
left_child=1 2 4 -4 5 -1 24 27 9 10 -3 29 -11 14 16 -16 17 -8 -14 20 22 -19 -20 -9 -2 -26 -5 -6 -29 -7
right_child=6 8 3 26 7 11 13 23 -10 12 -12 -13 18 -15 15 -17 -18 21 19 -21 -22 -23 -24 -25 25 -27 -28 28 -30 -31
leaf_value=-2.2235448401314875 -1.5863591175110308 -5.1060351072038923 -4.7824422454833986 7.1394496743679046 3.2341610541343688 10.808014221191405 5.4363176867365839 11.656754091324345 4.71416235560371 6.0547505654229052 1.561642161060024 2.9465616874694822 5.3574573425624683 -3.5530948064558658 11.09287864021633 -3.4671599578857419 -3.5407327320068838 0.3747287476581076 1.8379186694562433 -3.439830583844866 -0.95259475459456444 -3.6972812642188781 6.210841185706002 7.9351973436646537 3.9107244189977646 -0.77250553558612689 2.9359448613291201 4.1370292292700874 7.2900319954416029 6.5146049499511713
leaf_weight=35 154 21 21 40 20 21 32 31 62 27 37 20 23 443 23 22 381 23 50 21 25 94 21 59 20 29 23 27 115 21
leaf_count=35 154 21 21 40 20 21 32 31 62 27 37 20 23 443 23 22 381 23 50 21 25 94 21 59 20 29 23 27 115 21
internal_value=8.03788e-11 4.30227 5.63933 3.00802 6.27265 3.55549 -2.53696 7.31854 2.28503 1.61567 -0.852517 6.81784 2.47289 -2.85771 -2.32195 3.97464 -2.85657 -1.10714 1.7821 1.07925 2.0678 -2.8968 3.13132 9.21707 -0.92851 1.13902 5.60484 6.26381 6.69052 8.66131
internal_weight=1941 720 433 84 349 97 1221 252 287 225 58 62 167 1018 575 45 530 149 140 117 96 117 71 90 203 49 63 162 142 42
internal_count=1941 720 433 84 349 97 1221 252 287 225 58 62 167 1018 575 45 530 149 140 117 96 117 71 90 203 49 63 162 142 42
is_linear=0
shrinkage=0.03


Tree=34
num_leaves=31
num_cat=0
split_feature=11 11 54 38 11 28 48 57 57 11 37 23 57 45 57 8 56 8 40 16 14 19 19 41 41 58 46 9 24 31
split_gain=2.21482e+07 2.03021e+06 726833 1.06493e+06 658540 644533 859651 907279 1.19603e+06 615534 581763 487858 497682 622649 431988 396497 724588 1.92167e+06 2.09875e+06 1.31554e+06 1.07494e+06 377992 568206 405207 300208 263822 450318 244883 237781 226863
threshold=-0.41248606129204529 -0.77259657388510616 766.80000000000007 1153.7502232875001 -0.097964660725097366 1008.1500000000002 4.5000000000000009 237.50000000000003 293.50000000000006 -0.93540483100319605 674.48214285000006 174.50000000000003 265.50000000000006 78.500000000000014 278.50000000000006 3.5000000000000004 12.350000000000003 2.5000000000000004 1.0000000180025095e-35 24.750000000000004 28.450000000000003 64.500000000000014 6.5000000000000009 236.26791514762348 228.18783373420044 1006.35 24.950000000000003 146.50000000000003 147.05000000000004 164.37142855000002
decision_type=2 2 2 2 2 2 2 2 2 2 2 2 2 2 2 2 2 2 2 2 2 2 2 2 2 2 2 2 2 2
left_child=1 2 3 5 25 6 10 -8 9 -9 -1 12 13 -3 -14 16 17 19 -19 20 -6 22 23 -16 -22 28 -27 -7 29 -2
right_child=4 11 -4 -5 15 27 7 8 -10 -11 -12 -13 14 -15 21 -17 -18 18 -20 -21 24 -23 -24 -25 -26 26 -28 -29 -30 -31
leaf_value=8.9334015599419097 -1.8128096162355862 -4.9528539930071149 8.6269757728827621 -1.7443616638183594 5.2732282322645183 10.169317082625168 6.4730016258929632 2.3194513301849367 6.4551839035132828 -3.4990005946159362 4.8893173172584801 4.5727375238172465 5.8731079588996034 1.5147929114264409 3.7074871644973753 -3.4465019483975308 -3.4795132220804934 11.058115263852207 -2.3695363254547122 -3.5201654142436416 -4.0840366684913629 5.5469720191955565 -2.4833133101463316 -0.56267603856325143 0.47824865235222708 4.0211241332344381 -1.0673217812849551 6.5918653830359961 -2.6426936886801435 2.437103538751602
leaf_weight=51 26 21 57 20 32 26 47 30 29 36 86 62 27 37 60 443 247 22 20 202 25 20 30 30 27 23 49 51 85 20
leaf_count=51 26 21 57 20 32 26 47 30 29 36 86 62 27 37 60 443 247 22 20 202 25 20 30 30 27 23 49 51 85 20
internal_value=4.32986e-09 4.1732 5.47015 4.99158 -2.46085 5.37001 4.69941 3.06374 1.37705 -0.85425 6.39478 2.21648 1.5672 -0.826941 2.3987 -2.77198 -2.2523 -1.32814 4.664 -2.20811 0.947085 1.72864 1.09225 2.2841 -1.71516 -0.900654 0.558154 7.79984 -1.70244 0.0349787
internal_weight=1941 720 433 376 1221 356 279 142 95 66 137 287 225 58 167 1018 575 328 42 286 84 140 120 90 52 203 72 77 131 46
internal_count=1941 720 433 376 1221 356 279 142 95 66 137 287 225 58 167 1018 575 328 42 286 84 140 120 90 52 203 72 77 131 46
is_linear=0
shrinkage=0.03


Tree=35
num_leaves=31
num_cat=0
split_feature=11 11 11 46 48 6 58 56 16 56 6 47 58 53 37 8 12 46 45 26 56 10 46 3 48 11 34 19 35 41
split_gain=2.08543e+07 1.39591e+06 1.20948e+06 775677 2.03663e+06 580695 577884 500204 422639 858194 1.62258e+06 890383 2.06091e+06 385219 368249 383126 278398 264069 314039 230088 348922 288931 223796 221755 212960 209349 197662 197096 197075 194115
threshold=-0.5277851165098012 -0.29012925520284105 -0.88144907265856332 23.150000000000002 8.5000000000000018 27.500000000000004 1007.85 10.750000000000002 25.050000000000004 12.250000000000002 26.500000000000004 46.500000000000007 1005.5500000000001 156.50000000000003 342.19910715000009 1.5000000000000002 0.63670430569443026 23.850000000000005 58.500000000000007 10.750000000000002 13.050000000000002 -0.25881904510252113 23.750000000000004 6348568.4285000013 1.5000000000000002 1.0000000180025095e-35 75.516071430000011 5.5000000000000009 118.98750000000003 239.38885475742759
decision_type=2 2 2 2 2 2 2 2 2 2 2 2 2 2 2 2 2 2 2 2 2 2 2 2 2 2 2 2 2 2
left_child=2 22 3 4 28 6 7 16 9 10 11 12 -3 -7 -9 24 -4 18 -5 -19 -21 -22 -2 -17 -16 -11 -8 -23 -1 -24
right_child=1 8 5 17 -6 13 26 14 -10 25 -12 -13 -14 -15 15 23 -18 19 -20 20 21 27 29 -25 -26 -27 -28 -29 -30 -31
leaf_value=8.6721160583496104 -1.6194789606977154 6.2550466139896495 2.892795485973358 5.5926235297066826 -3.6502319922814004 3.615120257437229 5.1702417717481914 7.0286835638682046 -3.0827217126944482 -1.8453362594710456 7.2619475659457118 -3.3371279716978264 -2.8692077636718749 -1.1924934346675873 2.8509857088869266 1.9869112692938911 -1.8559097030639646 3.5568650588393211 9.1795034238847624 9.9277321706499375 2.5507200758797781 7.6154932605976962 1.6424975597497189 5.2214574673726002 -1.4263075675964354 -3.4733466218068045 8.8548390426635741 4.1974311577190058 4.6767297821044922 -1.2702413015182201
leaf_weight=25 37 37 20 35 26 24 38 27 612 108 22 98 56 40 22 27 25 32 59 21 21 49 99 65 20 208 20 22 20 26
leaf_count=25 37 37 20 35 26 24 38 27 612 108 22 98 56 40 22 27 25 32 59 21 21 49 99 65 20 208 20 22 20 26
internal_value=-2.02951e-09 -2.17593 4.44394 5.78753 3.03425 3.17408 3.79559 3.05082 -2.54592 -1.92489 -0.45312 -1.34177 0.760872 0.610362 3.83237 3.18833 0.254626 6.60545 7.84396 5.80255 6.4385 5.64204 0.430002 4.27219 0.814179 -2.91694 6.44079 6.55638 6.89639 1.03665
internal_weight=1941 1303 638 310 71 328 264 206 1141 529 213 191 93 64 161 134 45 239 94 145 113 92 162 92 42 316 58 71 45 125
internal_count=1941 1303 638 310 71 328 264 206 1141 529 213 191 93 64 161 134 45 239 94 145 113 92 162 92 42 316 58 71 45 125
is_linear=0
shrinkage=0.03


Tree=36
num_leaves=31
num_cat=0
split_feature=11 11 6 6 9 53 6 11 57 41 37 11 57 9 36 10 6 18 27 46 3 33 9 18 16 38 33 43 33 28
split_gain=1.96261e+07 1.81911e+06 786495 1.69111e+06 1.02154e+06 1.92173e+06 702616 588713 573116 419448 417842 381712 355648 863626 1.72486e+06 1.2308e+06 766819 1.84669e+06 334800 322386 321494 294698 294507 276250 266069 210341 207417 203553 198118 190774
threshold=-0.41248606129204529 -0.72947329433276253 27.500000000000004 28.500000000000004 141.50000000000003 206.00000000000003 18.500000000000004 -0.097964660725097366 281.50000000000006 232.23546690007882 769.4937500000002 -0.68322629814330815 289.50000000000006 141.50000000000003 184.83125000000004 0.35206144883412582 27.500000000000004 29.500000000000004 304.50000000000006 23.050000000000004 6305735.6785000013 1150.1142860000002 148.50000000000003 39.500000000000007 24.650000000000002 759.54754463750021 874.45000000000016 -70.17857139500002 509.62857145000004 1007.4500000000002
decision_type=2 2 2 2 2 2 2 2 2 2 2 2 2 2 2 2 2 2 2 2 2 2 2 2 2 2 2 2 2 2
left_child=1 2 4 -4 5 6 -1 23 21 11 -7 -3 13 14 -9 -16 -15 -18 -10 -5 -13 26 -11 -2 -25 29 -6 -28 -21 -22
right_child=7 9 3 19 8 10 -8 12 18 22 -12 20 -14 16 15 -17 17 -19 -20 28 25 -23 -24 24 -26 -27 27 -29 -30 -31
leaf_value=2.0050259726388115 -1.4655988232810775 6.1821661526223881 -4.5202348360807996 8.0826655368804943 5.2058310401439671 8.7328201120549984 -5.755401742117745 -3.4897140105227202 9.2336383346275053 1.8459258987826686 3.8823979217775406 -0.40226807259224556 -3.2879669338723887 -3.2381376881730226 9.5801257989717552 -0.34522658911618315 -3.2124238366950046 4.9426257645456415 4.8993581199645995 5.509772256612778 0.86911561335836129 2.2035165650503976 -2.2261975366419011 3.7825787479877473 -0.7152476396231815 5.4459703705527565 5.2534394400460371 9.0787855782047391 1.6937955345153808 3.4902974768245922
leaf_weight=21 154 23 23 20 102 33 21 47 81 31 31 37 414 401 23 22 73 38 20 24 49 21 33 20 29 22 21 31 25 51
leaf_count=21 154 23 23 20 102 33 21 47 81 31 31 37 414 401 23 22 73 38 20 24 49 21 33 20 29 22 21 31 25 51
internal_value=7.32391e-09 3.92842 5.01475 2.52464 5.61446 3.11113 -1.87519 -2.31651 6.57589 1.83524 6.3834 2.56983 -2.61068 -2.14644 0.529689 4.72773 -2.62731 -0.420605 8.37537 4.87294 2.04729 5.53733 -0.253763 -0.841344 1.1206 2.79019 5.99194 7.53393 3.56285 2.20592
internal_weight=1941 720 474 92 382 106 42 1221 276 246 64 182 1018 604 92 45 512 111 101 69 159 175 64 203 49 122 154 52 49 100
internal_count=1941 720 474 92 382 106 42 1221 276 246 64 182 1018 604 92 45 512 111 101 69 159 175 64 203 49 122 154 52 49 100
is_linear=0
shrinkage=0.03


Tree=37
num_leaves=31
num_cat=0
split_feature=11 11 11 32 54 46 48 48 48 28 37 6 16 56 6 47 58 40 56 49 15 11 42 37 11 28 16 54 48 4
split_gain=1.84767e+07 1.24027e+06 1.08409e+06 692405 1.02128e+06 980013 619624 544843 540477 990524 498739 760983 370816 775590 1.48249e+06 803590 1.83149e+06 335194 321322 307711 297838 288136 247261 258590 351957 210282 322561 304046 258991 203939
threshold=-0.5277851165098012 -0.29012925520284105 -0.88144907265856332 802.69880950000004 766.80000000000007 23.150000000000002 8.5000000000000018 60.500000000000007 1.0000000180025095e-35 1006.2500000000001 507.66607145000006 27.500000000000004 25.050000000000004 12.250000000000002 26.500000000000004 46.500000000000007 1005.5500000000001 851.24558533750007 16.250000000000004 6.5000000000000009 63.500000000000007 -0.68322629814330815 169.00625000000002 952.86875000000009 -0.98611507088852035 1006.5500000000001 24.850000000000005 147.05000000000004 3.5000000000000004 11.500000000000002
decision_type=2 2 2 2 2 2 2 2 2 2 2 2 2 2 2 2 2 2 2 2 2 2 2 2 2 2 2 2 2 2
left_child=2 25 3 18 5 6 -5 8 10 20 17 -12 13 14 15 16 -3 -4 -1 -11 -10 -9 23 24 -7 27 -27 -2 -29 -25
right_child=1 12 7 4 -6 22 -8 21 9 19 11 -13 -14 -15 -16 -17 -18 -19 -20 -21 -22 -23 -24 29 -26 26 -28 28 -30 -31
leaf_value=8.7157282068512654 2.0505410299301148 5.9114131364629072 4.0217112897789988 3.6342063446044923 8.6216418920244493 5.0311222951656038 -3.3894408768873947 7.7781560503203284 -4.8252076578140253 3.6440367242252387 4.0751509094238276 -2.5931630330085751 -2.899711860254699 -2.7582821698288749 6.9584683955799447 -3.1610755161363251 -2.689995160102844 9.3320762443542478 5.252794498695355 -0.51120206880569463 0.13177486860752105 3.3343649458885194 7.2886403846740722 7.7975903637068615 -0.39861801215580528 4.9047004709243769 0.30980148009278557 0.17042267575860021 -3.5388795125484465 3.8227077440115118
leaf_weight=66 30 37 23 20 42 22 26 29 24 81 67 20 612 316 22 98 56 20 38 20 20 24 28 21 21 20 44 36 32 26
leaf_count=66 30 37 23 20 42 22 26 29 24 81 67 20 612 316 22 98 56 20 38 20 20 24 28 21 21 20 44 36 32 26
internal_value=-8.0586e-10 -2.04814 4.18295 5.45499 4.44759 3.37862 -0.335681 2.98072 2.44395 1.18464 3.84856 2.54221 -2.3969 -1.81519 -0.41604 -1.26546 0.732071 6.49165 7.45043 2.82122 -2.57203 5.76587 4.82657 4.06059 2.37939 0.408226 1.74571 -0.465232 -1.57513 5.59872
internal_weight=1941 1303 638 310 206 164 46 328 275 145 130 87 1141 529 213 191 93 43 104 101 44 53 118 90 43 162 64 98 68 47
internal_count=1941 1303 638 310 206 164 46 328 275 145 130 87 1141 529 213 191 93 43 104 101 44 53 118 90 43 162 64 98 68 47
is_linear=0
shrinkage=0.03


Tree=38
num_leaves=31
num_cat=0
split_feature=1 10 48 16 23 23 9 27 27 27 16 6 6 10 24 15 37 24 39 23 16 56 47 1 58 10 38 27 58 30
split_gain=1.63344e+07 1.38722e+06 910394 1.38506e+06 869137 829847 1.36529e+06 514819 519490 488052 361707 355965 1.95425e+06 2.28021e+06 332058 438522 318918 348117 615990 278857 255034 784244 1.04861e+06 248151 230198 225723 225074 211132 208616 205324
threshold=3255.6250000000005 -0.70710678118654735 4.5000000000000009 23.150000000000002 116.50000000000001 202.00000000000003 141.50000000000003 266.50000000000006 214.50000000000003 274.50000000000006 24.750000000000004 27.500000000000004 28.500000000000004 0.0327015646150716 161.70000000000002 64.500000000000014 206.81785715000004 766.80000000000007 1008.3181175437502 183.50000000000003 24.650000000000002 11.050000000000002 27.500000000000004 209.36607145000002 1005.7500000000001 -0.19509032201612828 768.35647321250019 271.50000000000006 1007.35 1032.7062500000002
decision_type=2 2 2 2 2 2 2 2 2 2 2 2 2 2 2 2 2 2 2 2 2 2 2 2 2 2 2 2 2 2
left_child=4 14 16 28 11 6 -5 8 -8 -7 -9 20 13 -13 -2 -16 -3 18 19 26 21 22 -1 -22 -6 -19 -18 -24 -4 -20
right_child=1 2 3 5 24 9 7 10 -10 -11 -12 12 -14 -15 15 -17 17 25 29 -21 23 -23 27 -25 -26 -27 -28 -29 -30 -31
leaf_value=4.9847668638537002 4.1856420793533324 8.5059824141140634 -3.5546574394226074 -3.3770929445539202 -0.11509158260682049 4.2219186051138511 3.9724250849485392 6.016890256941319 -2.0202857407279637 8.3351790624983764 2.1060618920161809 -3.7463166561126706 -2.8599043756763409 9.4208684329328864 1.539616063227419 -2.533435664497889 2.541662240522248 5.3240502526760105 3.651099749973842 6.9351376397713365 -3.0810010433036199 -2.9320768600907816 -3.368737553989186 -1.4294791898225483 3.447876946926117 9.7276479200883337 5.8976090820415603 0.26300681190490721 0.55604927730560294 -0.45183300515879754
leaf_weight=31 20 29 25 28 51 58 30 80 23 47 29 20 149 29 61 39 35 20 21 69 593 174 34 95 24 22 37 25 20 23
leaf_count=31 20 29 25 28 51 58 30 80 23 47 29 20 149 29 61 39 35 20 21 69 593 174 34 95 24 22 37 25 20 23
internal_value=-4.38513e-09 3.59974 4.19227 3.17486 -2.10401 3.92271 2.73987 3.79712 1.37181 6.06309 4.97639 -2.30808 -1.15074 4.04651 0.656879 -0.0488741 5.54351 5.16504 4.60527 5.5723 -2.54879 -1.75612 0.517399 -2.85296 1.02506 7.6307 4.26625 -1.82986 -1.72768 1.50638
internal_weight=1941 716 596 340 1225 295 190 162 53 105 109 1150 198 49 120 100 256 227 185 141 952 264 90 688 75 42 72 59 45 44
internal_count=1941 716 596 340 1225 295 190 162 53 105 109 1150 198 49 120 100 256 227 185 141 952 264 90 688 75 42 72 59 45 44
is_linear=0
shrinkage=0.03


Tree=39
num_leaves=31
num_cat=0
split_feature=11 11 6 6 9 53 6 11 57 37 41 11 8 6 2 9 44 17 27 34 26 9 47 18 8 18 26 23 57 8
split_gain=1.63715e+07 1.52485e+06 680732 1.46394e+06 891058 1.653e+06 593389 509273 499982 373180 369503 328826 309444 1.6152e+06 2.08732e+06 503839 1.26064e+06 325000 302858 275638 273757 272708 249835 244888 251412 187372 223509 238544 177369 156130
threshold=-0.41248606129204529 -0.72947329433276253 27.500000000000004 28.500000000000004 141.50000000000003 206.00000000000003 18.500000000000004 -0.097964660725097366 281.50000000000006 769.4937500000002 232.23546690007882 -0.68322629814330815 3.5000000000000004 27.500000000000004 7.410714285500001 141.50000000000003 28.450000000000003 11.500000000000002 304.50000000000006 1076.825 17.150000000000002 142.50000000000003 17.500000000000004 39.500000000000007 2.5000000000000004 1.5000000000000002 11.750000000000002 242.00000000000003 280.50000000000006 2.5000000000000004
decision_type=2 2 2 2 2 2 2 2 2 2 2 2 2 2 2 2 2 2 2 2 2 2 2 2 2 2 2 2 2 2
left_child=1 2 4 -4 5 6 -1 23 19 -7 11 -3 13 15 -15 16 -9 -18 -10 25 -12 29 28 -2 -25 -6 -27 -28 -5 -13
right_child=7 10 3 22 8 9 -8 12 18 -11 20 21 -14 14 -16 -17 17 -19 -20 -21 -22 -23 -24 24 -26 26 27 -29 -30 -31
leaf_value=1.7437963911465235 -1.3314565492760051 5.7137587140954054 -4.2887424709485922 7.6511890635283093 7.030180359275974 8.0576452381502488 -5.3879554857526504 4.3620070177316661 8.5354475054917511 3.4737719554285849 2.2438466697931285 -1.9782749448503767 -2.9852312214810479 9.5703475093841543 -3.3807607432774134 -2.9719864167941838 0.6755818084716797 -3.1817969410315801 4.4131058320999141 1.753828007698059 -1.8089794115424156 2.6687045231118667 2.1292692223879004 -1.0019646537780762 3.2967327553033825 2.4876344755717685 4.5393851512995633 8.1777595673436689 3.7882713518142701 1.5305634979248046
leaf_weight=21 154 23 23 23 49 33 21 32 81 31 24 21 443 24 21 381 25 92 20 20 40 113 26 25 24 28 55 23 20 25
leaf_count=21 154 23 23 23 49 33 21 32 81 31 24 21 443 24 21 381 25 92 20 20 40 113 26 25 24 28 55 23 20 25
internal_value=9.40593e-10 3.58794 4.58254 2.2659 5.14047 2.80247 -1.82208 -2.11574 6.0384 5.83733 1.67152 2.36099 -2.38934 -1.93024 3.5265 -2.39354 -0.91444 -2.35757 7.71914 5.06836 -0.28917 1.876 4.45078 -0.743704 1.10352 5.49605 4.78687 5.61224 5.85448 -0.0712975
internal_weight=1941 720 474 92 382 106 42 1221 276 64 246 182 1018 575 45 530 149 117 101 175 64 159 69 203 49 155 106 78 43 46
internal_count=1941 720 474 92 382 106 42 1221 276 64 246 182 1018 575 45 530 149 117 101 175 64 159 69 203 49 155 106 78 43 46
is_linear=0
shrinkage=0.03


Tree=40
num_leaves=31
num_cat=0
split_feature=11 11 11 46 48 6 9 27 37 16 56 6 47 46 20 31 26 48 38 6 39 33 27 23 37 40 33 35 1 34
split_gain=1.54137e+07 1.04273e+06 919743 569961 1.48379e+06 493686 422158 1.28877e+06 318545 313413 657711 1.24355e+06 721232 1.4024e+06 280995 240948 430052 364998 341848 384303 276707 267038 231965 258639 208927 197464 209306 183207 172549 154668
threshold=-0.5277851165098012 -0.29012925520284105 -0.88144907265856332 23.150000000000002 8.5000000000000018 27.500000000000004 141.50000000000003 295.50000000000006 654.85714285000006 25.050000000000004 12.250000000000002 26.500000000000004 46.500000000000007 24.550000000000004 13.500000000000002 745.88750000000016 10.750000000000002 34.500000000000007 1051.7276785375002 25.500000000000004 1031.3650669750002 791.23303570000019 282.50000000000006 156.50000000000003 2.5928571430000003 928.42316468541674 902.08125000000007 118.98750000000003 277.58928570000006 1076.825
decision_type=2 2 2 2 2 2 2 2 2 2 2 2 2 2 2 2 2 2 2 2 2 2 2 2 2 2 2 2 2 2
left_child=2 25 3 4 27 6 7 -4 -7 10 11 12 13 -3 -9 -5 -17 18 19 21 -20 -18 29 -24 -15 26 -2 -1 -12 -8
right_child=1 9 5 15 -6 8 22 14 -10 -11 28 -13 -14 24 -16 16 17 -19 20 -21 -22 -23 23 -25 -26 -27 -28 -29 -30 -31
leaf_value=7.6407176422119143 0.4948730848416561 5.7146748915585599 -4.9276743752615797 7.3760153497498608 -3.0734764128464915 2.2158800172805786 3.6669878578052089 6.2646287441253659 -2.0505675216232029 -2.6527222060572866 -3.0507787270121054 6.3868769853765306 -2.9410372880283666 0.039512791266808137 1.8032616007990308 1.4139654719829557 7.1575895431637759 9.5116712708473194 9.8441738834381098 0.86553367881774901 5.3722225941311219 3.1064543692270914 3.5021383030414581 6.8728396987915037 -3.5329487430348117 3.1724448680877684 -2.6313458023900571 3.7884766879677771 -1.5909797202756528 0.80470438276018408
leaf_weight=25 119 33 21 58 26 36 89 24 28 612 202 22 98 26 27 24 32 20 20 25 33 27 40 42 34 20 23 20 114 21
leaf_count=25 119 33 21 58 26 36 89 24 28 612 202 22 98 26 27 24 32 20 20 25 33 27 40 42 34 20 23 20 114 21
internal_value=6.12445e-09 -1.87068 3.82053 4.99218 2.63207 2.71317 3.28623 1.32719 0.349309 -2.19046 -1.65567 -0.367225 -1.14518 0.747219 3.90273 5.6933 5.15409 5.72583 5.17316 3.9828 7.05975 5.30368 4.02086 5.2286 -1.98488 0.381592 -0.0114863 5.92861 -2.52414 3.12055
internal_weight=1941 1303 638 310 71 328 264 72 64 1141 529 213 191 93 51 239 181 157 137 84 53 59 192 82 60 162 142 45 316 110
internal_count=1941 1303 638 310 71 328 264 72 64 1141 529 213 191 93 51 239 181 157 137 84 53 59 192 82 60 162 142 45 316 110
is_linear=0
shrinkage=0.03


Tree=41
num_leaves=31
num_cat=0
split_feature=11 11 11 46 48 40 40 28 37 48 12 26 26 8 26 8 10 46 47 58 16 53 52 38 38 18 45 12 48 11
split_gain=1.45027e+07 984712 870880 540544 1.45116e+06 394153 349517 499722 317646 312630 308553 298348 269932 267309 481435 1.50776e+06 1.58933e+06 856380 1.6989e+06 261247 591316 311666 285374 255325 518796 278418 273275 226899 219900 211683
threshold=-0.5277851165098012 -0.16280825711808986 -0.84874750804349197 23.150000000000002 8.5000000000000018 998.53958334375022 854.74579614791685 1007.85 502.52142855000005 62.500000000000007 0.64987354830121502 16.250000000000004 17.950000000000003 3.5000000000000004 12.350000000000003 2.5000000000000004 0.19509032201612822 24.650000000000002 46.500000000000007 1006.5500000000001 24.750000000000004 149.50000000000003 31.000000000000004 1040.9241072125003 912.02723222500015 1.5000000000000002 58.500000000000007 0.59608197715088396 7.5000000000000009 -0.93540483100319605
decision_type=2 2 2 2 2 2 2 2 2 2 2 2 2 2 2 2 2 2 2 2 2 2 2 2 2 2 2 2 2 2
left_child=2 19 3 4 11 6 7 9 -8 10 -4 -1 -10 14 15 17 -17 18 -3 21 -21 22 -2 24 26 -26 -5 -9 -24 -28
right_child=1 13 5 23 -6 -7 8 27 12 -11 -12 -13 -14 -15 -16 16 -18 -19 -20 20 -22 -23 28 -25 25 -27 29 -29 -30 -31
leaf_value=7.3794010030550332 0.56720086284659121 5.90895707467023 1.5585460795147317 2.9616997570037844 -2.9637986101422991 -1.5819660959243775 7.8786876525878906 3.0104129259541348 0.89156297683715824 4.4014383901868541 -1.8202949193361644 2.679676314353943 5.7614107689857477 -2.7532784325543815 -2.7791685059491322 -2.118849769592285 9.3319024419784551 -2.7417650161743166 -3.212245337963104 5.1143868856430048 -0.33856901185853144 2.3110382425785061 -1.3132679264298801 6.9504024215954452 5.1430066506758978 0.9813182464012733 7.622148778034795 6.5263375401496884 -4.4770086625218388 5.0775700945513593
leaf_weight=31 44 34 71 25 28 20 20 53 21 21 37 20 20 461 255 20 24 225 40 25 63 24 58 67 23 39 62 24 30 56
leaf_count=31 44 34 71 25 28 20 20 53 21 21 37 20 20 461 255 20 24 225 40 25 63 24 58 67 23 39 62 24 30 56
internal_value=1.65502e-09 -1.81456 3.70591 4.70816 2.52365 2.48016 2.78444 2.19379 4.77909 1.05222 0.40098 5.53637 3.2671 -2.21043 -1.79194 -1.058 4.12702 -1.82101 0.978577 -0.0964271 1.21057 -0.833705 -1.40548 5.34264 4.81717 2.52517 5.81091 4.10629 -2.39182 6.41455
internal_weight=1941 1303 638 351 79 287 267 206 61 129 108 51 41 1059 598 343 44 299 74 244 88 156 132 272 205 62 143 77 88 118
internal_count=1941 1303 638 351 79 287 267 206 61 129 108 51 41 1059 598 343 44 299 74 244 88 156 132 272 205 62 143 77 88 118
is_linear=0
shrinkage=0.03


Tree=42
num_leaves=31
num_cat=0
split_feature=11 11 54 32 39 53 11 13 57 58 57 3 8 26 8 10 16 47 27 27 49 47 14 11 47 18 8 18 53 37
split_gain=1.36671e+07 1.30115e+06 588712 944802 581345 455671 430671 388231 308022 438305 523571 301997 283771 466851 1.32776e+06 1.53526e+06 888142 1.13917e+06 279644 521928 336526 220760 260455 220444 376942 213921 274698 197474 234828 185158
threshold=-0.41248606129204529 -0.70710678118654757 766.80000000000007 802.69880950000004 1114.9291295000003 206.00000000000003 -0.065403129230142923 -0.78189831331727877 60.000000000000007 1005.9500000000002 293.50000000000006 6392911.9105000012 3.5000000000000004 12.350000000000003 2.5000000000000004 0.19509032201612822 24.450000000000003 46.500000000000007 269.50000000000006 180.00000000000003 2.5000000000000004 58.500000000000007 31.750000000000004 0.93540483100319638 15.500000000000002 39.500000000000007 2.5000000000000004 26.500000000000004 230.50000000000003 952.86875000000009
decision_type=2 2 2 2 2 2 2 2 2 2 2 2 2 2 2 2 2 2 2 2 2 2 2 2 2 2 2 2 2 2
left_child=1 2 3 5 8 7 25 -1 -5 10 11 -10 13 14 16 -16 17 -8 19 -3 -20 22 -22 -18 -25 -2 -27 28 -7 -11
right_child=6 18 -4 4 -6 27 12 -9 9 29 -12 -13 -14 -15 15 -17 23 -19 20 -21 21 -23 -24 24 -26 26 -28 -29 -30 -31
leaf_value=4.9854955337759179 -1.2728202754791293 2.5260746340318159 6.9261590862274174 6.2197849559783931 -2.2905782917567659 3.6115697596289893 6.3884639831542964 0.72826273202896119 -4.1751049461364751 2.5031050042311351 4.2813133732761655 1.0383108272552488 -2.7761128902984655 -2.7658382051131301 -2.055284351348877 9.4291892311789773 -3.0516679926965966 -3.0894830771854944 3.3706165909872334 -2.6972012488047281 -2.8145870089530942 2.8608694750785828 1.6529338372271993 2.0846927957949433 -2.6930913598196846 -1.1247389873965032 3.1218910431861877 8.9005002558231343 7.994858971075578 4.7700223615614039
leaf_weight=98 168 33 60 23 21 22 25 24 20 72 21 20 434 238 20 22 173 21 85 36 24 25 23 23 42 29 26 32 22 59
leaf_count=98 168 33 60 23 21 22 25 24 20 72 21 20 434 238 20 22 173 21 85 36 24 25 23 23 42 29 26 32 22 59
internal_value=2.50579e-09 3.27822 4.14082 3.75575 2.47364 5.28391 -1.9331 4.14801 2.93898 2.54597 0.445438 -1.5684 -2.19943 -1.75568 -1.01819 3.96039 -1.75446 2.06158 1.39271 -0.199113 2.0923 0.583182 -0.628353 -2.49202 -1.00249 -0.741175 0.882759 7.10733 5.80321 3.52408
internal_weight=1941 720 494 434 236 198 1221 122 215 192 61 40 998 564 326 42 284 46 226 69 157 72 47 238 65 223 55 76 44 131
internal_count=1941 720 494 434 236 198 1221 122 215 192 61 40 998 564 326 42 284 46 226 69 157 72 47 238 65 223 55 76 44 131
is_linear=0
shrinkage=0.03


Tree=43
num_leaves=31
num_cat=0
split_feature=11 11 6 6 9 53 6 11 56 56 8 33 58 46 34 8 6 2 9 14 35 58 6 50 16 15 17 22 25 41
split_gain=1.28593e+07 1.22425e+06 627146 1.31399e+06 767586 1.31407e+06 638214 405222 341880 343826 292951 281677 279436 274082 267706 250922 1.31136e+06 1.7211e+06 404112 1.26616e+06 243939 235187 602176 316635 285298 267307 224700 218534 211875 173970
threshold=-0.41248606129204529 -0.70710678118654757 27.500000000000004 28.500000000000004 141.50000000000003 206.00000000000003 18.500000000000004 -0.097964660725097366 8.5500000000000025 16.250000000000004 4.5000000000000009 809.55000000000007 1005.2500000000001 23.050000000000004 486.48303570000002 3.5000000000000004 27.500000000000004 7.410714285500001 141.50000000000003 28.450000000000003 280.83571430000006 1005.7500000000001 17.500000000000004 13.500000000000002 23.750000000000004 70.500000000000014 11.500000000000002 42.500000000000007 97.000000000000014 218.88535465283988
decision_type=2 2 2 2 2 2 2 2 2 2 2 2 2 2 2 2 2 2 2 2 2 2 2 2 2 2 2 2 2 2
left_child=1 2 4 -4 5 6 -1 27 -6 -10 12 -7 -11 -5 -15 16 18 -18 19 -9 -14 22 -3 25 -24 29 -21 28 -2 -23
right_child=7 21 3 13 8 11 -8 15 9 10 -12 -13 20 14 -16 -17 17 -19 -20 26 -22 23 24 -25 -26 -27 -28 -29 -30 -31
leaf_value=1.9253763687610623 -0.71052746454874671 2.6945636403307001 -4.2389969778060905 6.8510978264808653 2.6210781852404277 6.5804950129708573 -5.1486443606289942 4.4894300740957256 6.8812950008671461 6.1241619670731682 7.5098902804117929 2.341696286882673 4.5191536056995387 4.4203355374932292 -0.0041425194740295403 -2.6557587991503504 8.6991310024261459 -3.0610790089198519 -2.6412511066376694 0.34316937208175657 0.91925989419221876 5.7672449597445397 -3.9669569423280908 -0.5591245323830637 0.5635316367582841 1.2263266677634659 -2.9127113022342801 -1.6211071039577132 2.1496297231759574 2.3684009481512978
leaf_weight=24 63 47 24 20 36 43 22 32 123 35 26 21 36 32 20 443 24 21 381 24 32 33 29 29 22 43 93 103 37 23
leaf_count=24 63 47 24 20 36 43 22 32 123 35 26 21 36 32 20 443 24 21 381 24 32 33 29 29 22 43 93 103 37 23
internal_value=-8.09085e-10 3.17987 4.01659 1.84014 4.54156 2.40978 -1.45785 -1.87511 5.35579 5.74646 4.66441 5.18964 3.94613 3.86653 2.71861 -2.11916 -1.70575 3.21103 -2.12321 -0.798553 2.82509 1.35093 0.244902 2.19773 -2.01263 3.0053 -2.24484 -0.651236 0.347731 4.37129
internal_weight=1941 720 494 96 398 110 46 1221 288 252 129 64 103 72 52 1018 575 45 530 149 68 226 98 128 51 99 117 203 100 56
internal_count=1941 720 494 96 398 110 46 1221 288 252 129 64 103 72 52 1018 575 45 530 149 68 226 98 128 51 99 117 203 100 56
is_linear=0
shrinkage=0.03


Tree=44
num_leaves=31
num_cat=0
split_feature=11 11 6 6 9 57 57 11 49 11 46 27 27 19 6 14 8 6 2 9 14 22 17 33 59 18 46 31 15 33
split_gain=1.20994e+07 1.1519e+06 590082 1.23633e+06 722222 1.27987e+06 392535 383658 321358 279119 257884 257198 480238 303750 408403 313547 251525 1.22434e+06 1.63891e+06 391523 1.18266e+06 230131 211943 208954 235969 194852 258304 174486 161013 159580
threshold=-0.41248606129204529 -0.70710678118654757 27.500000000000004 28.500000000000004 141.50000000000003 289.50000000000006 281.50000000000006 -0.065403129230142923 19.500000000000004 -0.95642797789208678 23.050000000000004 269.50000000000006 180.00000000000003 2.5000000000000004 16.500000000000004 31.750000000000004 3.5000000000000004 27.500000000000004 820.00892855000018 141.50000000000003 28.450000000000003 3.5000000000000004 11.500000000000002 1150.1142860000002 0.45000000000000007 39.500000000000007 24.950000000000003 703.81875000000014 70.500000000000014 509.62857145000004
decision_type=2 2 2 2 2 2 2 2 2 2 2 2 2 2 2 2 2 2 2 2 2 2 2 2 2 2 2 2 2 2
left_child=1 2 4 -4 5 -1 21 25 -7 -8 -5 12 -3 27 -15 -16 17 19 -19 20 -9 -6 -22 24 -23 -2 -27 28 -13 -12
right_child=7 11 3 10 6 8 9 16 -10 -11 29 13 -14 14 15 -17 -18 18 -20 -21 22 23 -24 -25 -26 26 -28 -29 -30 -31
leaf_value=-2.1168498470908719 -1.2012615302630831 2.3978809309005737 -4.1118270659446718 6.6455648846626278 7.1472703173886174 6.5842059712660941 9.0347186150089396 4.3547472631931301 2.569528137971373 5.6570236082139767 4.4321274197101594 5.177833266019821 -2.612441108226776 3.8006642600661142 -3.06606884428433 1.7198690648512407 -2.613156753738973 8.4381571102142345 -3.1898311958312986 -2.5733621009913357 0.33287426710128781 4.9793940222046587 -2.8400235837300616 1.1488541248866491 1.8494885953267415 2.4717555774660669 -1.7599826417650495 1.0056524936012601 1.8811103696823119 1.0984211984702517
leaf_weight=38 168 33 24 20 23 38 31 32 34 76 24 40 36 24 28 22 434 24 20 374 24 110 90 21 27 34 21 23 20 28
leaf_count=38 168 33 24 20 23 38 31 32 34 76 24 40 36 24 28 22 434 24 20 374 24 110 90 21 27 34 21 23 20 28
internal_value=-8.64187e-10 3.08447 3.89609 1.78494 4.40532 2.33749 5.19511 -1.81885 4.68839 6.63561 3.75053 1.3104 -0.2162 1.98133 0.583826 -0.960256 -2.07023 -1.65245 3.15271 -2.05904 -0.741515 4.34355 -2.17205 3.93541 4.36255 -0.693865 0.856001 3.2273 4.07893 2.63705
internal_weight=1941 720 494 96 398 110 288 1221 72 107 72 226 69 157 74 50 998 564 44 520 146 181 114 158 137 223 55 83 60 52
internal_count=1941 720 494 96 398 110 288 1221 72 107 72 226 69 157 74 50 998 564 44 520 146 181 114 158 137 223 55 83 60 52
is_linear=0
shrinkage=0.03


Tree=45
num_leaves=31
num_cat=0
split_feature=11 11 18 16 28 11 14 11 41 6 11 37 24 39 19 6 3 57 9 36 47 6 18 4 27 16 43 38 18 46
split_gain=1.13843e+07 1.08805e+06 451524 1.18571e+06 520483 564190 1.15913e+06 360984 322837 443603 376624 318374 385654 344151 292128 239128 237731 221747 586383 1.243e+06 678051 482694 1.17867e+06 486385 206193 204463 166183 166088 161476 301131
threshold=-0.41248606129204529 -0.77259657388510616 4.5000000000000009 23.150000000000002 1008.1500000000002 -0.93540483100319605 31.950000000000003 -0.065403129230142923 232.23546690007882 27.500000000000004 -0.68322629814330815 724.69375000000002 767.40000000000009 1008.3181175437502 5.5000000000000009 22.500000000000004 6305735.6785000013 289.50000000000006 141.50000000000003 184.83125000000004 19.500000000000004 27.500000000000004 25.500000000000004 4.5000000000000009 290.50000000000006 23.750000000000004 -55.178571419999997 759.54754463750021 39.500000000000007 24.950000000000003
decision_type=2 2 2 2 2 2 2 2 2 2 2 2 2 2 2 2 2 2 2 2 2 2 2 2 2 2 2 2 2 2
left_child=1 2 11 -4 5 14 -7 25 10 15 -3 26 13 24 -5 -10 -12 18 19 -9 -21 -20 -23 -24 -13 -2 -1 -18 -27 -30
right_child=7 8 3 4 -6 6 -8 17 9 -11 16 12 -14 -15 -16 -17 27 -19 21 20 -22 22 23 -25 -26 28 -28 -29 29 -31
leaf_value=4.3792350811830589 -3.0703064189212661 4.830631276130676 -2.2014793631609746 7.6733931939498232 6.3035866277984205 3.8105146376476733 -4.6558791641755537 -2.898517374674479 0.042583997885386145 -3.6428304251757533 -0.53245175851357951 5.7965895745560925 6.6178930919234817 0.57293880743138925 2.988552427768707 3.9195524747031074 1.6936128057003021 -2.5469894245625713 -2.524830867916573 8.0901306452069957 0.63414424771847933 -2.7384849024530666 6.9000635637555794 0.4432736587524414 2.5844830983025688 -0.85624091018358583 7.1857601354889944 4.5727293439344923 2.9161158308386801 -1.7071831199101037
leaf_weight=28 28 40 34 23 56 43 22 45 45 22 37 37 37 34 25 21 100 407 393 21 23 67 21 21 35 142 59 22 32 21
leaf_count=28 28 40 34 23 56 43 22 45 45 22 37 37 37 34 25 21 100 407 393 21 23 67 21 21 35 142 59 22 32 21
internal_value=2.07488e-09 2.99194 3.9414 2.91022 3.93861 2.76659 0.944966 -1.76429 1.55948 0.0464161 2.22857 4.85153 3.98093 3.06048 5.23337 1.27616 1.57397 -2.00812 -1.63703 0.607245 4.19268 -2.03491 -0.268517 3.67167 4.23515 -0.673049 6.28251 2.2128 -0.328827 1.08424
internal_weight=1941 720 433 203 169 113 65 1221 287 88 199 230 143 106 48 66 159 998 591 89 44 502 109 42 72 223 87 122 195 53
internal_count=1941 720 433 203 169 113 65 1221 287 88 199 230 143 106 48 66 159 998 591 89 44 502 109 42 72 223 87 122 195 53
is_linear=0
shrinkage=0.03


Tree=46
num_leaves=31
num_cat=0
split_feature=11 11 11 32 54 46 45 27 27 37 18 58 44 48 27 9 34 56 10 44 44 42 38 57 46 37 33 46 33 56
split_gain=1.07165e+07 750120 667453 489265 706915 565820 433066 324104 625415 437912 356590 286951 378881 279300 227542 482284 998298 1.63803e+06 556291 510186 252911 207785 198874 302096 496719 182008 172576 163894 163419 255012
threshold=-0.5277851165098012 -0.29012925520284105 -0.84874750804349197 802.69880950000004 766.80000000000007 23.150000000000002 55.500000000000007 265.50000000000006 209.00000000000003 342.19910715000009 44.500000000000007 1008.7500000000001 32.050000000000004 24.500000000000004 280.50000000000006 149.50000000000003 1.0000000180025095e-35 7.6500000000000012 -0.2901292552028415 28.450000000000003 27.950000000000003 -46.157142935000003 1040.9241072125003 288.50000000000006 24.750000000000004 1119.1875000000002 404.08482145000005 23.750000000000004 578.6142857000001 16.950000000000003
decision_type=2 2 2 2 2 2 2 2 2 2 2 2 2 2 2 2 2 2 2 2 2 2 2 2 2 2 2 2 2 2
left_child=2 27 3 13 5 6 -5 8 26 -9 11 12 -11 28 15 16 17 20 -19 -20 -3 -14 23 24 -7 -24 -4 -2 -1 -30
right_child=1 14 7 4 -6 22 -8 9 -10 10 -12 -13 21 -15 -16 -17 -18 18 19 -21 -22 -23 25 -25 -26 -27 -28 -29 29 -31
leaf_value=3.4807655429704623 -1.4034006190944364 0.96109222626686097 1.0770236015319825 3.0388882207870482 6.6160013211568192 -0.95563698123483087 -2.5782231521606445 6.1659846748154736 -2.4430554771423338 -2.1097610399723052 4.7182420965341416 4.1164327865530703 3.4057597505129302 8.2276384449005118 -2.2907521238854822 -2.2408272110234839 -2.742478192495263 0.48140121552251997 2.9234031598269938 8.5810756345895616 -2.8641764651707238 0.30897792145609854 3.23850987638746 5.1483387932777402 4.4401408338546755 7.2373434076309202 4.7555434630133888 0.86962346185684203 7.736923645019532 3.3636037158966063
leaf_weight=44 37 20 24 21 45 34 30 29 36 30 39 29 39 28 524 323 115 31 32 26 70 39 21 30 28 20 22 125 30 20
leaf_count=44 37 20 24 21 45 34 30 29 36 30 39 29 39 28 524 323 115 31 32 26 70 39 21 30 28 20 22 125 30 20
internal_value=5.84738e-09 -1.55982 3.18564 4.06306 3.24554 2.42124 -0.265295 2.11256 0.518543 2.75016 2.18733 1.46685 0.755388 5.5976 -1.83104 -1.44062 -0.56148 0.83972 3.72562 5.4596 -2.01412 1.85737 3.45141 2.67698 1.48117 5.18916 2.83632 0.350476 4.81419 5.9876
internal_weight=1941 1303 638 351 229 184 51 287 82 205 176 137 108 122 1141 617 294 179 89 58 90 78 133 92 62 41 46 162 94 50
internal_count=1941 1303 638 351 229 184 51 287 82 205 176 137 108 122 1141 617 294 179 89 58 90 78 133 92 62 41 46 162 94 50
is_linear=0
shrinkage=0.03


Tree=47
num_leaves=31
num_cat=0
split_feature=11 11 54 32 39 53 1 9 27 32 42 24 27 27 49 42 57 9 11 57 49 18 26 10 49 30 28 32 57 34
split_gain=1.00871e+07 969607 446984 793417 451810 379708 328473 307258 256997 340472 363069 248386 227186 430926 275053 227111 197998 533519 1.14578e+06 336400 332765 747022 558368 989795 183426 176933 172946 189524 174448 167714
threshold=-0.41248606129204529 -0.70710678118654757 766.80000000000007 802.69880950000004 1114.9291295000003 206.00000000000003 595.90178570000012 143.50000000000003 56.500000000000007 1085.9000000000003 140.89910714999996 200.45000000000002 269.50000000000006 180.00000000000003 2.5000000000000004 -46.157142935000003 289.50000000000006 141.50000000000003 0.83146961230254512 278.50000000000006 1.0000000180025095e-35 25.500000000000004 10.65 0.29012925520284133 11.500000000000002 1019.2357145000002 1004.9500000000002 501.55535715000002 283.50000000000006 198.09285715000001
decision_type=2 2 2 2 2 2 2 2 2 2 2 2 2 2 2 2 2 2 2 2 2 2 2 2 2 2 2 2 2 2
left_child=1 2 3 5 8 7 16 -1 -5 10 15 -8 13 -3 -14 -10 17 18 19 -2 21 -19 -23 -24 -16 -11 28 -28 -13 -9
right_child=6 12 -4 4 -6 -7 11 29 9 25 -12 26 14 -15 24 -17 -18 20 -20 -21 -22 22 23 -25 -26 -27 27 -29 -30 -31
leaf_value=0.54662749797105792 -3.115910659790039 2.2301388610899444 5.9879788408279415 5.6994401822090142 -2.1495113536289758 6.290333102816029 0.39435209070552479 3.0673128746729343 1.7168772515546191 5.3504829145471255 3.9494069938659666 -4.8596722362352454 2.9749169001123486 -2.5159855095545454 -0.97739836918680278 -1.1230690554355054 -2.4061668606087712 -2.5865815323370471 6.53008918502114 1.1277934140172496 -2.4132341729799904 -2.3004605079889298 -0.96261558151245119 8.3626510674612859 2.0556994111397686 1.9355918572165747 -1.8226959089296204 1.5192135375738143 -1.2394031553268432 5.5499504001617437
leaf_weight=24 40 33 60 20 21 76 110 48 55 36 35 23 85 36 38 47 404 81 22 29 360 20 20 21 34 22 42 24 25 50
leaf_count=24 40 33 60 20 21 76 110 48 55 36 35 23 85 36 38 47 404 81 22 29 360 20 20 21 34 22 42 24 25 50
internal_value=4.83056e-09 2.81633 3.56096 3.22543 2.05052 4.62582 -1.66073 3.58891 2.46076 2.12858 1.31294 -0.622638 1.18867 -0.2461 1.81924 0.408275 -1.89397 -1.54501 0.568479 -1.33232 -1.92813 -0.698302 1.80908 3.81374 0.454898 4.05518 -1.60394 -0.607456 -2.97412 4.33396
internal_weight=1941 720 494 434 236 198 1221 122 215 195 137 224 226 69 157 102 997 593 91 69 502 142 61 41 72 58 114 66 48 98
internal_count=1941 720 494 434 236 198 1221 122 215 195 137 224 226 69 157 102 997 593 91 69 502 142 61 41 72 58 114 66 48 98
is_linear=0
shrinkage=0.03


Tree=48
num_leaves=31
num_cat=0
split_feature=11 11 6 6 12 57 11 11 56 22 37 46 57 26 56 27 12 34 26 10 44 44 40 28 19 6 14 26 27 58
split_gain=9.49448e+06 665744 606585 1.02101e+06 685198 1.35922e+06 547056 393730 366830 356275 543324 337394 279271 278733 242870 205060 431581 896425 1.51859e+06 509807 370288 181252 175968 206985 205504 205073 160073 181761 158265 180032
threshold=-0.5277851165098012 -0.29012925520284105 27.500000000000004 28.500000000000004 0.64987354830121502 289.50000000000006 -0.93540483100319605 -0.84874750804349197 8.5500000000000025 601.50000000000011 794.49553570000012 24.150000000000002 283.50000000000006 13.65 19.450000000000003 280.50000000000006 0.53946920585801694 1.0000000180025095e-35 7.6500000000000012 -0.35206144883412566 28.450000000000003 28.050000000000004 928.42316468541674 1005.7500000000001 6.5000000000000009 17.500000000000004 29.650000000000002 16.250000000000004 282.50000000000006 1005.2500000000001
decision_type=2 2 2 2 2 2 2 2 2 2 2 2 2 2 2 2 2 2 2 2 2 2 2 2 2 2 2 2 2 2
left_child=2 22 4 -4 7 6 -6 8 -1 13 -11 14 26 -5 -7 16 -3 18 21 -20 -21 -18 23 25 -25 -2 -10 -28 29 -9
right_child=1 15 3 9 5 11 -8 28 12 10 -12 -13 -14 -15 -16 -17 17 -19 19 20 -22 -23 -24 24 -26 -27 27 -29 -30 -31
leaf_value=1.1566761438846589 0.67232325553894046 -2.1100501812316317 -3.5998762925978629 3.4088922522068024 0.75282900810241693 7.1089972155434742 -5.864279231195864 4.4322482763290401 6.0631593132019042 8.2612688312530516 1.7872021860735756 1.4260401163874445 7.1359115289378972 -1.3426689434051513 3.2831314212083815 -2.1601158937470601 0.46019452116706155 -2.5881532348549885 0.18412812127007377 2.9824017871509896 7.6729104403087067 -2.6669497456757916 2.9660290431976319 2.3715320471471002 -0.99255873276637152 -2.5611445407369513 5.3299312802364947 2.4664134229932513 4.1045081624429525 1.4664726401056563
leaf_weight=20 31 323 31 20 22 28 23 25 45 20 28 37 59 25 32 524 22 115 27 33 28 69 20 44 26 41 38 42 73 70
leaf_count=20 31 323 31 20 22 28 23 25 45 20 28 37 59 25 32 524 22 115 27 33 28 69 20 44 26 41 38 42 73 70
internal_value=-4.41335e-09 -1.46819 2.99851 1.11518 3.45286 1.68 -2.62925 4.1296 5.0153 2.68686 4.48473 3.67913 5.43472 0.769136 5.06854 -1.72371 -1.35307 -0.521431 0.806352 3.61628 5.13542 -1.91094 0.33146 -0.0396058 1.12201 -1.16896 4.63175 3.82658 3.0541 2.24694
internal_weight=1941 1303 638 124 514 142 45 372 204 93 48 97 184 45 60 1141 617 294 179 88 61 91 162 142 70 72 125 80 168 95
internal_count=1941 1303 638 124 514 142 45 372 204 93 48 97 184 45 60 1141 617 294 179 88 61 91 162 142 70 72 125 80 168 95
is_linear=0
shrinkage=0.03


Tree=49
num_leaves=31
num_cat=0
split_feature=11 11 11 32 54 46 6 28 56 14 53 56 27 27 42 16 56 6 47 58 46 53 49 46 46 41 27 26 41 58
split_gain=8.93335e+06 626399 573602 437308 591854 506133 374092 376029 374931 289300 241364 239365 219089 350858 205540 196374 399706 741383 525864 1.16721e+06 180404 159532 152145 147311 147332 250755 151573 132841 148904 127126
threshold=-0.5277851165098012 -0.29012925520284105 -0.88144907265856332 802.69880950000004 766.80000000000007 23.150000000000002 27.500000000000004 1007.85 9.4500000000000011 32.850000000000001 156.50000000000003 16.250000000000004 288.50000000000006 281.50000000000006 169.00625000000002 25.050000000000004 12.250000000000002 26.500000000000004 46.500000000000007 1005.5500000000001 24.750000000000004 230.50000000000003 3.5000000000000004 23.750000000000004 24.650000000000002 207.35764367468065 209.00000000000003 14.750000000000002 308.23219882078104 1005.2500000000001
decision_type=2 2 2 2 2 2 2 2 2 2 2 2 2 2 2 2 2 2 2 2 2 2 2 2 2 2 2 2 2 2
left_child=2 23 3 11 5 9 7 8 -4 -5 -8 27 13 29 20 16 17 18 19 -3 21 -7 -14 -2 25 -25 -26 28 -1 -10
right_child=1 15 6 4 -6 14 10 -9 12 -11 -12 -13 22 -15 -16 -17 -18 -19 -20 -21 -22 -23 -24 24 26 -27 -28 -29 -30 -31
leaf_value=7.1736211494777509 -1.3412661993181383 4.9056964634560245 -0.76922523275802013 -2.7276406764984129 6.2107822895050049 2.7057595873475075 2.3547764992713924 4.6206023315191267 4.4174289593043232 2.0351026387648146 -1.4507224744409324 3.5228739595413208 5.5099141916735421 -1.2673662789662679 5.5048008850642614 -2.0379021115805589 -1.9257085515627095 4.9707960943742231 -2.3783853971228308 -1.9609229207038879 4.461158505916595 -0.5757622482776642 2.590087910691897 4.6601615595817565 2.1289489606618881 0.42676875377402584 -0.95254573837799184 8.3520087532375165 3.6342163960933682 1.8127951803803444
leaf_weight=23 37 37 38 24 42 40 24 60 26 22 40 38 29 27 28 612 316 22 98 56 30 20 36 20 20 34 51 23 20 48
leaf_count=23 37 37 38 24 42 40 24 60 26 22 40 38 29 27 28 612 316 22 98 56 30 20 36 20 20 34 51 23 20 48
internal_value=5.79084e-09 -1.42414 2.90856 3.83384 3.03323 2.21947 2.03406 2.5329 1.91887 -0.449807 -0.0236604 5.41964 2.53421 1.65989 3.26004 -1.67199 -1.24867 -0.24425 -0.844936 0.770958 2.56167 1.61192 3.89278 0.321516 0.8137 1.99469 -0.0845191 6.51172 5.52739 2.72794
internal_weight=1941 1303 638 310 206 164 328 264 204 46 64 104 166 101 118 1141 529 213 191 93 90 60 65 162 125 54 71 66 43 74
internal_count=1941 1303 638 310 206 164 328 264 204 46 64 104 166 101 118 1141 529 213 191 93 90 60 65 162 125 54 71 66 43 74
is_linear=0
shrinkage=0.03


Tree=50
num_leaves=31
num_cat=0
split_feature=11 11 6 6 9 57 57 11 49 11 46 34 56 6 35 28 15 14 8 6 10 9 14 58 46 48 31 9 46 6
split_gain=8.40596e+06 833670 441270 956430 552978 1.0022e+06 317176 289032 269766 223242 221040 218588 200933 253301 355062 198319 241621 206947 184322 887800 1.26323e+06 286529 903125 174974 315842 174692 220102 210802 164503 151123
threshold=-0.41248606129204529 -0.70710678118654757 27.500000000000004 28.500000000000004 141.50000000000003 289.50000000000006 281.50000000000006 -0.065403129230142923 19.500000000000004 -0.95642797789208678 23.050000000000004 486.48303570000002 8.5500000000000025 4.5000000000000009 182.19285710000003 1007.85 70.500000000000014 27.550000000000004 3.5000000000000004 27.500000000000004 0.0327015646150716 141.50000000000003 28.450000000000003 1006.35 24.950000000000003 1.0000000180025095e-35 373.31785715000007 148.50000000000003 24.350000000000005 4.5000000000000009
decision_type=2 2 2 2 2 2 2 2 2 2 2 2 2 2 2 2 2 2 2 2 2 2 2 2 2 2 2 2 2 2
left_child=1 2 4 -4 5 -1 12 23 -7 -8 -5 -12 -6 -14 -15 17 -17 -3 19 21 -21 22 -9 29 -25 27 -27 -19 -24 -2
right_child=7 15 3 10 6 8 9 18 -10 -11 11 -13 13 14 -16 16 -18 25 -20 20 -22 -23 28 24 -26 26 -28 -29 -30 -31
leaf_value=-2.0492541549080294 0.4365400284215023 2.9853766492696905 -3.7507090747356413 5.8448637971878048 0.79139960324764247 5.7096716195658628 7.8332914979996211 3.8577381339669228 2.031347130607156 4.8125529212857545 3.671435054540634 -0.32659477347135546 5.5032593678841826 4.4202607268449805 0.71770089123700109 4.5750914231581339 0.75907597376033664 2.6471377425444751 -2.1989954439437334 -2.8531417007446289 7.3555239963531491 -2.162802014867252 0.42099472045898434 3.2948245112712566 -0.70630105670009335 1.0278718242645264 -2.3202381173018796 -0.74915909997348118 -2.41872431241549 -1.7769899630083621
leaf_weight=38 38 26 24 20 20 38 31 32 34 76 32 20 61 63 37 28 32 38 434 20 24 374 23 26 56 30 43 29 91 103
leaf_count=38 38 26 24 20 20 38 31 32 34 76 32 20 61 63 37 28 32 38 434 20 24 374 23 26 56 30 43 29 91 103
internal_value=-7.08669e-09 2.57095 3.26142 1.43577 3.70177 1.89238 4.39286 -1.51604 3.97269 5.68772 3.1646 2.13373 3.62739 3.97969 3.05031 1.0617 2.53988 0.527418 -1.73422 -1.37658 2.71522 -1.72281 -0.595708 -0.539591 0.562349 0.0709395 -0.944303 1.1771 -1.8458 -1.18044
internal_weight=1941 720 494 96 398 110 288 1221 72 107 72 52 181 161 100 226 60 166 998 564 44 520 146 223 82 140 73 67 114 141
internal_count=1941 720 494 96 398 110 288 1221 72 107 72 52 181 161 100 226 60 166 998 564 44 520 146 223 82 140 73 67 114 141
is_linear=0
shrinkage=0.03


Tree=51
num_leaves=31
num_cat=0
split_feature=11 11 6 6 12 53 27 37 57 11 58 6 50 16 6 47 16 56 26 49 58 41 10 28 40 56 40 32 44 33
split_gain=7.91803e+06 943146 411074 884858 526034 1.00625e+06 762712 290009 287654 232503 199377 491734 274754 272641 201799 193726 193712 332827 610646 473810 402000 363313 402796 191669 264220 207121 191225 181794 140052 129304
threshold=-0.3520614488341256 -0.68322629814330815 27.500000000000004 28.500000000000004 0.64987354830121502 206.00000000000003 290.50000000000006 724.69375000000002 281.50000000000006 -0.95642797789208678 1005.7500000000001 17.500000000000004 19.500000000000004 23.750000000000004 28.500000000000004 17.500000000000004 25.050000000000004 11.050000000000002 7.6500000000000012 10.500000000000002 1006.6500000000002 314.26711831322893 0.93540483100319638 1004.5500000000001 838.10141369375003 8.5500000000000025 851.24558533750007 498.2142857500001 28.050000000000004 874.45000000000016
decision_type=2 2 2 2 2 2 2 2 2 2 2 2 2 2 2 2 2 2 2 2 2 2 2 2 2 2 2 2 2 2
left_child=1 2 4 -4 8 6 -6 -7 23 -10 11 26 14 -13 -12 -5 17 18 28 21 27 22 -20 -1 25 -25 -3 -19 -2 -27
right_child=16 10 3 15 5 7 -8 -9 9 -11 12 13 -14 -15 -16 -17 -18 20 19 -21 -22 -23 -24 24 -26 29 -28 -29 -30 -31
leaf_value=5.5802083057165142 0.15214036345481871 0.70759331534890568 -3.4970175945281983 4.2307373516974236 -4.8109627066718206 6.3046151626110074 2.6233479215787803 2.29639555497603 7.5982928208381892 4.5534273253578741 3.1261213464863022 -3.7082264744151718 -0.94254686108657282 0.20981767917833022 -0.18703107970101493 1.0998496115413203 -1.9007087074026441 -2.1523290293457453 6.118718093186617 -1.9046761935097829 2.2843635723807592 -0.69634603772844594 0.91389377568079078 0.8037686835016522 -0.015249907753684303 3.2072936172918838 4.404476099252701 -0.069558419183243153 -2.7349572575476859 5.2927911844253543
leaf_weight=32 20 34 25 46 27 32 23 33 31 83 78 33 28 31 21 29 623 307 32 28 22 21 23 21 22 66 20 43 62 45
leaf_count=32 20 34 25 46 27 32 23 33 31 83 78 33 28 31 21 29 623 307 32 28 22 21 23 21 22 66 20 43 62 45
internal_value=7.44344e-09 2.38855 3.11748 1.39084 3.53354 1.80843 -1.39118 4.26967 4.19483 5.38142 0.856323 -0.0315206 1.68125 -1.81042 2.42333 3.02013 -1.53709 -1.13111 -0.0949473 1.43139 -1.64919 2.66046 3.94216 3.46757 3.02858 3.53588 2.07681 -1.89645 -2.03079 4.05277
internal_weight=1941 760 515 100 415 115 50 65 300 114 245 118 127 64 99 75 1181 558 186 104 372 76 55 186 154 132 54 350 82 111
internal_count=1941 760 515 100 415 115 50 65 300 114 245 118 127 64 99 75 1181 558 186 104 372 76 55 186 154 132 54 350 82 111
is_linear=0
shrinkage=0.03


Tree=52
num_leaves=31
num_cat=0
split_feature=11 11 11 32 54 38 40 18 37 40 26 2 46 11 28 46 18 26 37 23 54 27 33 2 8 6 2 9 14 17
split_gain=7.4532e+06 552717 466472 380841 516030 428139 297263 261129 309473 245057 372187 276771 266310 250094 243249 356806 221535 220569 212993 211823 210404 218977 190526 166885 155139 815681 1.15836e+06 245865 814756 168517
threshold=-0.5 -0.84874750804349197 -0.097964660725097366 802.69880950000004 766.80000000000007 1148.8903273750004 998.53958334375022 4.5000000000000009 952.86875000000009 854.74579614791685 18.650000000000002 5098.0000000000009 23.550000000000004 -0.68322629814330815 1006.5500000000001 24.750000000000004 24.500000000000004 18.350000000000005 670.75178570000014 178.50000000000003 147.05000000000004 262.50000000000006 312.25803570000005 3777.0892855000006 3.5000000000000004 27.500000000000004 7.410714285500001 141.50000000000003 28.450000000000003 11.500000000000002
decision_type=2 2 2 2 2 2 2 2 2 2 2 2 2 2 2 2 2 2 2 2 2 2 2 2 2 2 2 2 2 2
left_child=1 3 14 16 5 7 9 18 -9 10 12 -12 -3 -11 20 -16 -1 -15 -5 -14 22 -22 -2 -20 25 27 -27 28 -4 -30
right_child=2 6 24 4 -6 -7 -8 8 -10 13 11 -13 19 17 15 -17 -18 -19 23 -21 21 -23 -24 -25 -26 26 -28 -29 29 -31
leaf_value=4.065169668343473 -0.70941607168742582 -0.37638017325662076 3.6477931633405385 6.435555284500122 5.5674117422103881 -2.0482387733459473 -1.7789033823194249 -0.27263349477280963 3.3423037470304049 5.4664379022198339 1.4581239654188569 -3.1019079870700836 1.6277130104052393 -0.25173896993909567 3.9683749514359699 -0.096279305684102048 7.105211804253714 4.1503705472946164 4.6737832271575925 4.03506180598818 -4.5090488869803291 -1.0623940776495995 2.8481655149459835 1.4024724501930177 -2.0450973486577411 7.0820103836059571 -2.5659111022949217 -2.031415805103272 0.48694974422454834 -2.33265780110513
leaf_weight=94 42 32 32 20 45 21 21 47 39 31 23 25 76 21 26 77 28 20 25 58 21 79 20 32 443 24 21 381 24 93
leaf_count=94 42 32 32 20 45 21 21 47 39 31 23 25 76 21 26 77 28 20 25 58 21 79 20 32 443 24 21 381 24 93
internal_value=6.88695e-09 2.59585 -1.33131 3.40901 2.68774 1.98347 1.66615 2.50289 1.3667 1.91911 1.40974 -0.916893 2.0825 3.43306 -0.21014 0.92975 4.76288 1.89563 3.77188 2.6697 -0.934885 -1.78619 0.438191 2.83726 -1.62317 -1.2981 2.57965 -1.62734 -0.594101 -1.75428
internal_weight=1941 658 1283 351 229 184 307 163 86 286 214 48 166 72 265 103 122 41 77 134 162 100 62 57 1018 575 45 530 149 117
internal_count=1941 658 1283 351 229 184 307 163 86 286 214 48 166 72 265 103 122 41 77 134 162 100 62 57 1018 575 45 530 149 117
is_linear=0
shrinkage=0.03


Tree=53
num_leaves=31
num_cat=0
split_feature=11 11 32 54 39 53 35 42 32 57 9 14 18 43 57 57 57 57 48 42 19 16 56 26 49 58 36 26 55 1
split_gain=7.02534e+06 832104 339909 672565 341303 340628 243314 263596 269041 257189 252050 373557 235891 281756 224932 410410 353196 253674 226435 208383 201645 173421 300225 560498 427395 362380 327244 234528 167903 164450
threshold=-0.3520614488341256 -0.70710678118654757 802.69880950000004 766.80000000000007 1097.0387277062503 230.50000000000003 594.59553570000014 169.00625000000002 1085.9000000000003 237.50000000000003 148.50000000000003 32.350000000000001 41.500000000000007 150.38750000000002 269.50000000000006 180.00000000000003 278.50000000000006 285.50000000000006 34.500000000000007 174.64375000000004 1.5000000000000002 25.050000000000004 11.050000000000002 7.6500000000000012 10.500000000000002 1006.6500000000002 598.20000000000016 9.2500000000000018 829.00000000000011 209.36607145000002
decision_type=2 2 2 2 2 2 2 2 2 2 2 2 2 2 2 2 2 2 2 2 2 2 2 2 2 2 2 2 2 2
left_child=1 2 5 4 6 12 7 8 9 -4 11 -11 13 28 15 -3 -16 -18 -17 20 -15 22 23 -2 26 29 27 -25 -1 -24
right_child=21 14 3 -5 -6 -7 -8 -9 -10 10 -12 -13 -14 19 16 18 17 -19 -20 -21 -22 -23 25 24 -26 -27 -28 -29 -30 -31
leaf_value=5.1437694732042463 -1.9342659036633443 1.6812883659998574 3.716950489282608 5.4340355772130629 -1.5392745081583656 6.4307066686336807 -1.1017166292071341 4.5402399895191188 3.7989173239330909 -1.7945358085632324 -2.1878436410427096 3.294455218507963 6.3765667362213136 2.0377743673324584 4.6071237189429146 -4.7509102229475975 -1.1808307386856332 1.6590422398979598 -0.42877472423017027 4.0438817947561088 -1.8021855168342591 -1.7918999184957476 -2.3214869553702218 -0.38013960421085358 -1.7857494183949063 2.178914225318215 5.4476781931519502 3.7611031074821946 2.0173022955114193 -0.99409594661848888
leaf_weight=52 82 45 24 51 27 39 20 40 43 21 27 34 20 32 28 20 38 111 24 22 20 623 210 32 28 22 24 20 22 140
leaf_count=52 82 45 24 51 27 39 20 40 43 21 27 34 20 32 28 20 38 111 24 22 20 623 210 32 28 22 24 20 22 140
internal_value=9.20786e-09 2.24988 2.9783 2.30998 1.63487 3.90491 2.04493 2.37791 1.79741 0.985484 0.18603 1.35139 3.31856 2.90532 0.897108 -0.333155 1.51572 0.934779 -2.39338 1.59636 0.560867 -1.44785 -1.06372 -0.0796178 1.3827 -1.55578 2.55002 1.21265 4.21428 -1.79053
internal_weight=1941 760 494 287 236 207 209 189 149 106 82 55 168 148 266 89 177 149 44 74 52 1181 558 186 104 372 76 52 74 350
internal_count=1941 760 494 287 236 207 209 189 149 106 82 55 168 148 266 89 177 149 44 74 52 1181 558 186 104 372 76 52 74 350
is_linear=0
shrinkage=0.03


Tree=54
num_leaves=31
num_cat=0
split_feature=11 11 6 6 9 53 27 37 57 11 46 34 24 46 50 47 50 24 41 16 56 23 35 16 56 9 44 26 11 25
split_gain=6.61014e+06 783743 355866 781087 471657 887060 678958 259182 258189 210985 201403 185378 183715 183402 392100 226410 200786 235361 220292 312963 176743 293827 206561 163271 366077 622619 577285 352472 172984 219941
threshold=-0.3520614488341256 -0.68322629814330815 27.500000000000004 28.500000000000004 141.50000000000003 206.00000000000003 290.50000000000006 724.69375000000002 281.50000000000006 -0.95642797789208678 23.050000000000004 486.48303570000002 2.2500000000000004 23.750000000000004 24.500000000000004 9.5000000000000018 19.500000000000004 147.05000000000004 227.64303600054248 24.650000000000002 8.5500000000000025 242.00000000000003 182.19285710000003 24.750000000000004 11.050000000000002 140.50000000000003 27.850000000000005 9.2500000000000018 0.097964660725097283 136.00000000000003
decision_type=2 2 2 2 2 2 2 2 2 2 2 2 2 2 2 2 2 2 2 2 2 2 2 2 2 2 2 2 2 2
left_child=1 2 4 -4 5 6 -1 -7 12 -10 -5 -12 -6 14 15 -3 18 -18 19 -15 -14 22 -22 24 25 -2 -27 -28 29 -26
right_child=23 13 3 10 8 7 -8 -9 9 -11 11 -13 20 16 -16 -17 17 -19 -20 -21 21 -23 -24 -25 28 26 27 -29 -30 -31
leaf_value=-4.6302354515923394 4.4934851010640466 -0.17449253627232142 -3.351964676427841 5.3491618389040232 5.6811069836823833 5.8350959426164621 2.3840253623672152 2.045889779491858 7.0961321972262468 4.1955866673481035 3.1502411400931223 -0.47038147848844525 0.17547517633438109 4.5486452482398168 1.9566011465297024 -4.5797811235700339 1.7990662437915801 -2.317482032132149 -0.5617073231935501 1.0893031076513804 3.3384433822862563 5.2262375307083131 0.50596440572996393 -1.6535214865823196 0.91612340348832155 3.8078776499032974 -3.2860350485409007 1.4130449209213256 -2.2489587564262554 -1.6207545017693819
leaf_weight=27 27 21 25 20 23 32 23 33 31 83 35 20 20 43 34 21 25 25 24 52 62 44 37 788 47 20 51 20 139 89
leaf_count=27 27 21 25 20 23 32 23 33 31 83 35 20 20 43 34 21 25 25 24 52 62 44 37 788 47 20 51 20 139 89
internal_value=5.30028e-09 2.18239 2.84687 1.24035 3.23398 1.60047 -1.40368 3.91135 3.86016 4.98433 2.77112 1.83365 3.17115 0.785628 -0.438359 -2.37714 1.33606 -0.259208 2.00634 2.65511 2.81698 3.18642 2.27984 -1.40442 -0.904936 0.492837 -0.694169 -1.96235 -1.50471 -0.744039
internal_weight=1941 760 515 100 415 115 50 65 300 114 75 55 186 245 76 42 169 50 119 95 163 143 99 1181 393 118 91 71 275 136
internal_count=1941 760 515 100 415 115 50 65 300 114 75 55 186 245 76 42 169 50 119 95 163 143 99 1181 393 118 91 71 275 136
is_linear=0
shrinkage=0.03


Tree=55
num_leaves=31
num_cat=0
split_feature=11 11 40 54 51 58 3 27 48 34 11 37 25 37 54 26 23 40 58 19 57 42 30 34 27 9 19 35 56 44
split_gain=6.22326e+06 586626 367785 307003 419383 285391 443279 344397 413192 292421 271087 231816 214075 209186 245013 290143 206119 186874 196560 224712 170695 164683 158799 157796 150406 313515 349957 502071 1.68405e+06 717998
threshold=-0.58216583101416131 -0.29012925520284105 994.29754467083342 766.80000000000007 926.50000000000011 1008.2500000000001 6381406.0000000009 293.50000000000006 1.5000000000000002 963.55000000000007 -0.93540483100319605 667.80000000000007 517.50000000000011 317.07857140000004 684.50000000000011 11.750000000000002 189.00000000000003 928.42316468541674 1005.7500000000001 2.5000000000000004 297.50000000000006 107.16339304999998 754.41517855000018 1100.7142855000004 280.50000000000006 140.50000000000003 2.5000000000000004 12.312500000000002 8.6500000000000004 27.850000000000005
decision_type=2 2 2 2 2 2 2 2 2 2 2 2 2 2 2 2 2 2 2 2 2 2 2 2 2 2 2 2 2 2
left_child=2 17 3 4 5 6 7 8 11 13 -10 -1 -7 -8 15 22 -9 18 20 -20 -2 -17 -15 -11 25 -3 27 28 29 -27
right_child=1 24 -4 -5 -6 12 9 16 10 23 -12 -13 -14 14 -16 21 -18 -19 19 -21 -22 -23 -24 -25 -26 26 -28 -29 -30 -31
leaf_value=5.0030732717514041 -1.8393324372881934 1.8610920266182189 -1.1710639422872791 4.78732766251815 -1.5855172482945701 2.5169913525276995 5.099295553427476 0.98457353808663095 1.1161973306536674 7.0803865201576892 -2.463658275604248 0.58687364661175279 5.230820996155173 2.4718490176498888 -0.81956989867346619 2.9433961519226433 4.8076275944709774 2.6293270581109183 2.0802404815164106 -1.0513603339344262 1.2301063390211626 6.0621444454193121 -1.308611942052841 3.4835437502179825 -1.7702761884374927 3.4676297645983487 -1.8323843792487273 -1.7857960687790597 6.907046616375446 -2.6756845664978028
leaf_weight=20 63 31 23 57 22 47 26 22 32 23 47 23 59 20 21 64 30 28 58 32 22 20 20 21 524 23 352 112 32 67
leaf_count=20 63 31 23 57 22 47 26 22 32 23 47 23 59 20 21 64 30 28 58 32 22 20 20 21 524 23 352 112 32 67
internal_value=-5.28795e-10 -1.13215 2.54877 2.69782 2.46745 2.64758 2.27155 1.14584 0.274475 3.1826 -1.01359 2.64092 4.02752 2.62138 2.17706 2.68456 3.19018 0.353773 -0.0103154 0.966782 -1.04489 3.68596 0.581619 5.36371 -1.39652 -1.0791 -1.23464 -0.335466 0.995985 -1.10573
internal_weight=1941 1344 597 574 517 495 389 174 122 215 79 43 106 171 145 124 52 203 175 90 85 84 40 44 1141 617 586 234 122 90
internal_count=1941 1344 597 574 517 495 389 174 122 215 79 43 106 171 145 124 52 203 175 90 85 84 40 44 1141 617 586 234 122 90
is_linear=0
shrinkage=0.03


Tree=56
num_leaves=31
num_cat=0
split_feature=11 1 6 6 9 57 11 19 22 37 8 11 48 18 46 17 9 6 27 18 37 35 6 17 40 6 6 2 49 9
split_gain=5.85547e+06 558657 397980 758746 429118 962263 420781 278952 252574 455792 240098 221459 225728 214868 245720 208060 190594 334508 186096 172994 164895 221314 163923 161507 154600 149430 709460 998464 143554 129454
threshold=-0.58216583101416131 872.12500000000011 27.500000000000004 28.500000000000004 141.50000000000003 289.50000000000006 -0.93540483100319605 22.500000000000004 601.50000000000011 794.49553570000012 5.5000000000000009 -0.95642797789208678 60.500000000000007 39.500000000000007 24.950000000000003 71.500000000000014 143.50000000000003 17.500000000000004 282.50000000000006 73.500000000000014 724.69375000000002 539.01428575000011 27.500000000000004 17.500000000000004 750.9202752952084 27.500000000000004 28.500000000000004 820.00892855000018 3.5000000000000004 141.50000000000003
decision_type=2 2 2 2 2 2 2 2 2 2 2 2 2 2 2 2 2 2 2 2 2 2 2 2 2 2 2 2 2 2
left_child=2 25 4 -4 5 6 -1 -7 -5 -10 11 18 20 16 15 -15 17 -3 -6 -14 24 -22 28 -24 -13 29 27 -27 -18 -2
right_child=1 13 3 8 10 7 -8 -9 9 -11 -12 12 19 14 -16 -17 22 -19 -20 -21 21 -23 23 -25 -26 26 -28 -29 -30 -31
leaf_value=0.61095261096954345 -1.0124651643597349 0.57304820466041562 -3.3074109990021276 0.50257521849412179 3.6724847467129047 4.4684669070584428 -5.3259857395717072 1.0235866911271039 7.2118413562774659 1.2821652138233184 6.0201377816035828 2.2544539335038922 6.6053874778747552 4.3581966887580021 -0.93911742210388183 0.69864116759135797 2.3087483449776967 -3.6646192556619641 6.8541242653982977 2.894187929721979 2.1913804915676947 -1.0563192202723943 -2.7666114807128905 0.6879580186094556 5.1079207443237307 6.4393259541804975 -1.7855259627995528 -2.4765621013641357 -0.011438224911689759 -1.8279357991727387
leaf_weight=22 245 30 29 39 78 56 21 34 20 28 29 54 20 27 29 29 36 38 21 26 69 26 29 21 25 26 127 20 72 615
leaf_count=22 245 30 29 39 78 56 21 34 20 28 29 54 20 27 29 29 36 38 21 26 69 26 29 21 25 26 127 20 72 615
internal_value=-1.8798e-09 -1.09819 2.4723 0.895026 2.85269 1.40324 -2.28848 3.16707 2.29584 3.75286 3.40664 3.16905 2.6388 0.0165279 1.30232 2.46307 -0.467068 -1.79506 4.34738 4.50775 2.14471 1.30254 0.104473 -1.31569 3.15745 -1.43379 -0.62931 2.56285 0.761957 -1.59562
internal_weight=1941 1344 597 116 481 133 43 90 87 48 348 319 220 311 85 56 226 68 99 46 174 95 158 50 79 1033 173 46 108 860
internal_count=1941 1344 597 116 481 133 43 90 87 48 348 319 220 311 85 56 226 68 99 46 174 95 158 50 79 1033 173 46 108 860
is_linear=0
shrinkage=0.03


Tree=57
num_leaves=31
num_cat=0
split_feature=11 11 32 54 53 38 11 27 3 27 27 27 27 18 43 52 53 38 18 26 10 16 56 26 49 58 36 26 16 32
split_gain=5.52332e+06 664525 307665 557726 301674 294184 247792 260930 277261 205910 417810 292548 220815 205399 250333 203278 171377 171545 156448 154450 153103 147882 253407 472471 377710 301751 286184 196363 147383 146626
threshold=-0.3520614488341256 -0.70710678118654757 802.69880950000004 766.80000000000007 230.50000000000003 1148.8903273750004 -0.93540483100319605 288.50000000000006 6564649.5625000009 269.50000000000006 180.00000000000003 278.50000000000006 285.50000000000006 41.500000000000007 150.38750000000002 642.00000000000011 193.50000000000003 912.02723222500015 1.5000000000000002 17.250000000000004 0.44228869021900152 25.050000000000004 11.050000000000002 7.6500000000000012 10.500000000000002 1006.6500000000002 598.20000000000016 9.2500000000000018 24.150000000000002 340.78035715000004
decision_type=2 2 2 2 2 2 2 2 2 2 2 2 2 2 2 2 2 2 2 2 2 2 2 2 2 2 2 2 2 2
left_child=1 2 4 5 13 6 16 8 28 10 -3 -11 19 14 15 20 -4 -18 -16 -13 -1 22 23 -2 26 29 27 -25 -8 -24
right_child=21 9 3 -5 -6 -7 7 -9 -10 11 -12 12 -14 -15 18 -17 17 -19 -20 -21 -22 -23 25 24 -26 -27 -28 -29 -30 -31
leaf_value=6.5012028977036476 -1.7277311028503788 1.6731885048321316 4.3243211284050576 4.8549105212267705 5.9044245925316448 -1.9938326474598473 -3.132935273912218 2.8595098595759447 2.2232579086303708 4.1738277115140638 -2.5583762150151386 0.78659728360176084 1.5131082781678751 5.8291598625183108 3.6227968297004698 1.2401975040435791 4.1112921728406633 0.87050041539328438 0.51673359019888776 -2.9417384834289551 3.2975841719528725 -1.6014858434556192 -1.9295797942661577 -0.29307500660419461 -1.6609448167255947 2.0268509581414134 5.1248015809059142 3.496260608911514 0.26485991227626798 -0.46728848111629484
leaf_weight=25 82 42 39 51 39 21 27 34 25 28 42 20 114 20 20 20 21 49 54 20 29 623 270 32 28 22 24 20 20 80
leaf_count=25 82 42 39 51 39 21 27 34 25 28 42 20 114 20 20 20 21 49 54 20 29 623 270 32 28 22 24 20 20 80
internal_value=2.15549e-09 1.99492 2.64587 2.01004 3.52744 1.39526 1.72629 0.693516 -0.329314 0.786018 -0.442594 1.35307 0.840205 2.97564 2.59002 3.82384 2.73064 1.84274 1.35621 -1.07757 4.78074 -1.28378 -0.929063 -0.0249374 1.31765 -1.38113 2.41503 1.16436 -1.68706 -1.59534
internal_weight=1941 760 494 287 207 236 215 106 72 266 84 182 154 168 148 74 109 70 74 40 54 1181 558 186 104 372 76 52 47 350
internal_count=1941 760 494 287 207 236 215 106 72 266 84 182 154 168 148 74 109 70 74 40 54 1181 558 186 104 372 76 52 47 350
is_linear=0
shrinkage=0.03


Tree=58
num_leaves=31
num_cat=0
split_feature=1 1 54 39 23 22 57 6 9 58 16 56 6 58 9 32 37 46 8 15 30 56 40 6 6 2 18 31 46 47
split_gain=4.98001e+06 567710 444603 394650 325919 367460 294328 383554 390847 291098 294417 361417 254288 245500 234860 204808 201622 321989 158280 149017 184847 148939 314981 138442 650315 921540 135398 126871 119513 581846
threshold=5114.3750000000009 872.12500000000011 766.80000000000007 1097.0387277062503 178.50000000000003 3.5000000000000004 293.50000000000006 27.500000000000004 141.50000000000003 1005.7500000000001 24.750000000000004 14.050000000000002 17.500000000000004 1004.9500000000002 141.50000000000003 958.43928570000014 502.52142855000005 23.550000000000004 1.0000000180025095e-35 60.500000000000007 613.01250000000016 16.050000000000004 500.04880952833338 27.500000000000004 28.500000000000004 820.00892855000018 4.5000000000000009 648.57142855000018 24.550000000000004 46.500000000000007
decision_type=2 2 2 2 2 2 2 2 2 2 2 2 2 2 2 2 2 2 2 2 2 2 2 2 2 2 2 2 2 2
left_child=1 23 3 4 5 -2 7 8 -6 12 11 -11 -3 26 -7 21 27 -18 -8 -19 -21 22 -10 28 25 -25 -14 -16 29 -1
right_child=2 9 -4 -5 6 14 18 -9 15 10 -12 -13 13 -15 16 -17 17 19 -20 20 -22 -23 -24 24 -26 -27 -28 -29 -30 -31
leaf_value=1.4486711294000798 4.306193929585544 0.64409711978652262 4.8525805341547184 -1.4467244665963308 0.15966420577122614 -1.233271279523247 2.716335536956787 -0.99360658142301772 3.7621807894987218 4.8455893117189408 -0.10654673524027646 0.40354210012099323 -1.9239699605336553 -0.2844911915063858 1.3404137726263567 1.9731110080718994 -2.3074911151885988 3.7565856667927333 5.7181526450223696 2.8243638616341809 -0.42488541305065153 2.3864286223741678 8.1276911108834398 6.2044305232396493 -1.6829080612922278 -2.3611261196136475 -5.2072310943603517 4.4358747564829306 -1.7070576134094824 -1.9529167292763789
leaf_weight=66 33 66 55 28 39 38 25 27 51 32 86 34 26 48 22 50 25 21 43 26 40 26 21 26 127 20 20 26 650 144
leaf_count=66 33 66 55 28 39 38 25 27 51 32 86 34 26 48 22 50 25 21 43 26 40 26 21 26 127 20 20 26 650 144
internal_value=-3.08618e-11 -1.01155 2.28277 2.02151 2.21081 1.37533 2.89519 2.34885 2.83146 0.109946 1.05011 2.55726 -0.783206 -1.78536 0.886852 3.53551 1.39038 0.693206 4.61454 1.55548 0.855122 4.33265 5.03545 -1.35027 -0.575934 2.48028 -3.35147 3.01712 -1.50604 -0.883846
internal_weight=1941 1345 596 541 513 231 282 214 187 312 152 66 160 94 198 148 160 112 68 87 66 98 72 1033 173 46 46 48 860 210
internal_count=1941 1345 596 541 513 231 282 214 187 312 152 66 160 94 198 148 160 112 68 87 66 98 72 1033 173 46 46 48 860 210
is_linear=0
shrinkage=0.03


Tree=59
num_leaves=31
num_cat=0
split_feature=11 11 32 18 48 28 27 27 27 18 27 17 48 38 16 58 56 14 33 37 16 56 12 44 26 11 25 38 11 33
split_gain=4.8973e+06 592024 287163 360720 288126 284047 265548 629317 353227 289495 419618 265585 196857 188585 185345 175633 174068 246598 149248 140518 134413 307257 559561 508088 278715 137607 190680 130876 122334 118340
threshold=-0.3520614488341256 -0.84874750804349197 802.69880950000004 4.5000000000000009 40.500000000000007 1006.5500000000001 265.50000000000006 209.00000000000003 278.50000000000006 44.500000000000007 288.50000000000006 32.500000000000007 24.500000000000004 757.98973218750018 23.550000000000004 1005.4500000000002 21.450000000000003 31.350000000000005 239.25000000000003 805.65625000000011 24.750000000000004 11.050000000000002 0.66285048286959747 27.850000000000005 9.2500000000000018 0.097964660725097283 136.00000000000003 1022.0868303625001 0.55557023301960229 578.6142857000001
decision_type=2 2 2 2 2 2 2 2 2 2 2 2 2 2 2 2 2 2 2 2 2 2 2 2 2 2 2 2 2 2
left_child=1 2 12 15 5 -5 7 13 -8 10 -10 -9 29 -3 -7 -4 17 -12 -11 -17 21 22 23 -2 28 26 -23 -21 -25 -1
right_child=20 6 3 4 -6 14 8 11 9 18 16 -13 -14 -15 -16 19 -18 -19 -20 27 -22 25 -24 24 -26 -27 -28 -29 -30 -31
leaf_value=2.1655358999425718 3.6232390239536763 0.83352112127810107 0.6828322287968227 -2.7831134353637696 3.4344827355278862 -1.014138460636139 4.1104146234379257 -5.2316521511077871 -1.4149414731207348 1.7893058505573789 0.15412417590618133 -0.8748724031798979 6.1659538435935968 4.2904160978794099 2.7961989816029864 5.013524297891661 -0.87225455352238246 3.2666426533744448 4.866722429938938 0.9203402163765646 -1.434861545407303 0.91911068277156094 4.3175667042202415 -4.7233376530238562 1.2114038858413696 -1.9689243980791928 -1.4429956530453114 3.7542497137459843 -1.7378919677734372 4.2987738403916351
leaf_weight=44 20 49 21 25 27 20 43 20 63 37 36 34 28 20 27 43 21 63 23 22 788 47 27 21 20 139 89 44 30 50
leaf_count=44 20 49 21 25 27 20 43 20 63 37 36 34 28 20 27 43 21 63 23 22 788 47 27 21 20 139 89 44 30 50
internal_value=-2.05945e-09 1.87847 2.78231 2.156 0.791594 -0.199489 1.1028 -0.062828 1.60411 1.16061 0.567696 -2.48849 3.95794 1.83552 1.17478 3.19504 1.60858 2.13482 2.96898 3.67905 -1.20884 -0.755645 0.524918 -0.600374 -1.79012 -1.30512 -0.626679 2.80961 -2.96719 3.30024
internal_weight=1941 760 351 229 99 72 409 123 286 243 183 54 122 69 47 130 120 99 60 109 1181 393 118 91 71 275 136 66 51 94
internal_count=1941 760 351 229 99 72 409 123 286 243 183 54 122 69 47 130 120 99 60 109 1181 393 118 91 71 275 136 66 51 94
is_linear=0
shrinkage=0.03


Tree=60
num_leaves=31
num_cat=0
split_feature=11 1 6 6 9 27 11 56 56 22 37 28 46 24 27 19 5 48 2 28 41 39 32 56 6 6 2 43 40 8
split_gain=4.61255e+06 439889 324198 633682 360576 832379 386977 263417 263600 214388 408757 203097 310691 294743 270295 200922 173998 217074 171055 169250 161193 152610 148977 141161 131515 609125 860260 131334 246516 178647
threshold=-0.58216583101416131 872.12500000000011 27.500000000000004 28.500000000000004 141.50000000000003 289.50000000000006 -0.93540483100319605 8.5500000000000025 16.250000000000004 601.50000000000011 794.49553570000012 1006.5500000000001 24.750000000000004 147.05000000000004 262.50000000000006 22.500000000000004 1.0000000180025095e-35 1.0000000180025095e-35 5377.3750000000009 1003.6500000000002 296.06888206640434 215.54720981375002 989.91250000000014 18.650000000000002 27.500000000000004 28.500000000000004 820.00892855000018 -70.17857139500002 484.95286459604171 3.5000000000000004
decision_type=2 2 2 2 2 2 2 2 2 2 2 2 2 2 2 2 2 2 2 2 2 2 2 2 2 2 2 2 2 2
left_child=2 24 4 -4 5 6 -1 -6 27 -5 -11 13 -13 21 -15 -7 18 22 -10 -16 23 -3 -18 -21 -2 26 -26 -9 29 -29
right_child=1 11 3 9 7 15 -8 8 16 10 -12 12 -14 14 19 -17 17 -19 -20 20 -22 -23 -24 -25 25 -27 -28 28 -30 -31
leaf_value=0.64698876410722728 -1.4243106052903243 -0.38759522897856574 -3.0698096969826469 0.39871233224868774 1.0981141182161727 3.9984023994099012 -4.9798925607854665 2.5957607403397556 6.1254054832458493 6.6688866562843323 1.0534907128981181 3.6486659960150716 0.080648186628411458 -3.8891192613798995 -2.9925959817929702 1.0647448800591861 1.5050224553621732 0.61740629247256684 2.2487619860172274 -0.31365359022810652 -1.890432006079575 2.6678771011291014 4.5217098965364348 2.6792256825903187 6.0382654369794402 -1.589114960572851 -2.2375967388153075 2.2890121151949905 6.5354080855051677 5.5339202697460461
leaf_weight=22 860 28 29 39 53 55 22 30 21 20 28 30 82 29 22 34 26 56 20 37 29 31 34 23 26 127 20 37 45 26
leaf_count=22 860 28 29 39 53 55 22 30 21 20 28 30 82 29 22 34 26 56 20 37 29 31 34 23 26 127 20 37 45 26
internal_value=-2.66977e-09 -0.974691 2.19428 0.770696 2.5376 1.20894 -2.16645 3.04538 3.39523 2.05086 3.39324 0.0144616 1.03637 -0.560681 -1.31019 2.87768 2.55447 1.96072 4.23436 -0.63642 -0.0539946 1.21782 3.21448 0.833617 -1.27249 -0.517772 2.44006 4.35175 4.83953 3.62818
internal_weight=1941 1344 597 116 481 133 44 348 295 87 48 311 112 199 140 89 157 116 41 111 89 59 60 60 1033 173 46 138 108 63
internal_count=1941 1344 597 116 481 133 44 348 295 87 48 311 112 199 140 89 157 116 41 111 89 59 60 60 1033 173 46 138 108 63
is_linear=0
shrinkage=0.03


Tree=61
num_leaves=31
num_cat=0
split_feature=11 11 1 1 16 6 28 48 48 12 34 28 16 3 11 2 20 24 57 19 51 2 57 33 27 28 6 6 40 46
split_gain=4.34011e+06 346688 286669 286505 412836 262453 260515 238594 456089 322925 217033 196493 292319 190119 183726 183273 176848 175336 174233 170610 253949 275239 230624 144354 140221 118098 113278 562252 813595 124163
threshold=-0.5 -0.88144907265856332 595.90178570000012 11959.142860000002 23.150000000000002 27.500000000000004 1007.85 60.500000000000007 1.0000000180025095e-35 0.64987354830121502 977.2491071500001 1006.5500000000001 24.750000000000004 6383439.2145000007 -0.93540483100319605 5708.0000000000009 1.5000000000000002 147.05000000000004 262.50000000000006 1.0000000180025095e-35 394.50000000000006 3143.1428570000003 282.50000000000006 312.25803570000005 285.50000000000006 1003.6500000000002 27.500000000000004 28.500000000000004 0.53958333333333341 24.550000000000004
decision_type=2 2 2 2 2 2 2 2 2 2 2 2 2 2 2 2 2 2 2 2 2 2 2 2 2 2 2 2 2 2
left_child=1 3 26 10 -5 6 7 8 -3 15 14 17 -13 -7 19 -10 -16 23 -19 22 -21 -22 -1 -4 -6 -20 29 28 -28 -2
right_child=2 5 11 4 24 13 -8 -9 9 -11 -12 12 -14 -15 16 -17 -18 18 25 20 21 -23 -24 -25 -26 -27 27 -29 -30 -31
leaf_value=2.9142734098434446 -0.73739566065714912 2.2405880805104972 -0.6675315077884777 -2.1524829292297363 0.98063252329826356 -1.8364005867640176 3.4891990265846249 3.4562467992627939 1.9010503169468471 -3.34321479665822 6.0586078938570891 3.5475228418244256 -0.080242499391753958 1.3416627522557973 2.7505653381347654 -1.5463131383190982 -0.61333213936198838 -3.7286409282684323 -2.9219736049175262 5.2380064606666563 3.7586523292804586 -0.21974304882919085 6.4626581346988674 2.2834139247894285 4.1605801886778604 -0.33103775720847284 6.265241059013035 -1.5843213623325998 -1.9020522757938929 -1.6028673444958181
leaf_weight=34 195 96 37 24 24 36 60 37 35 29 22 27 77 32 39 23 22 24 20 24 29 34 32 25 26 76 23 123 21 635
leaf_count=34 195 96 37 24 24 36 60 37 35 29 22 27 77 32 39 23 22 24 20 24 29 34 32 25 26 76 23 123 21 635
internal_value=2.52053e-09 1.98088 -1.01592 2.71049 1.08177 1.33095 1.73696 1.25907 0.814835 -0.75841 3.22119 -0.178652 0.861581 -0.340841 2.92949 0.533992 1.53736 -0.773072 -1.44238 3.48452 2.61197 1.61158 4.6347 0.522366 2.63421 -0.870816 -1.2561 -0.543198 2.36721 -1.39953
internal_weight=1941 658 1283 310 74 348 280 220 183 87 236 286 104 68 214 58 61 182 120 153 87 63 66 62 50 96 997 167 44 830
internal_count=1941 658 1283 310 74 348 280 220 183 87 236 286 104 68 214 58 61 182 120 153 87 63 66 62 50 96 997 167 44 830
is_linear=0
shrinkage=0.03


Tree=62
num_leaves=31
num_cat=0
split_feature=1 1 54 39 23 50 57 6 12 58 16 56 37 32 6 58 28 20 3 16 8 16 6 6 10 19 12 44 17 36
split_gain=3.9278e+06 443882 362834 348011 266145 347047 256788 311049 330253 237543 233350 332650 231174 216479 212604 208205 206261 200793 162632 148001 140379 139576 116895 540168 764529 112169 105164 494340 439161 582936
threshold=5114.3750000000009 872.12500000000011 766.80000000000007 1097.0387277062503 178.50000000000003 99.500000000000014 293.50000000000006 27.500000000000004 0.63670430569443026 1005.7500000000001 24.750000000000004 14.050000000000002 645.58660715000008 906.21875000000011 17.500000000000004 1004.9500000000002 1005.7500000000001 13.500000000000002 6383439.2145000007 23.850000000000005 1.0000000180025095e-35 23.850000000000005 27.500000000000004 28.500000000000004 0.0327015646150716 27.500000000000004 0.64987354830121502 27.850000000000005 10.500000000000002 184.83125000000004
decision_type=2 2 2 2 2 2 2 2 2 2 2 2 2 2 2 2 2 2 2 2 2 2 2 2 2 2 2 2 2 2
left_child=1 22 3 4 5 16 7 8 13 14 11 -11 -10 19 -3 -16 18 21 -2 -6 -8 -18 26 24 -24 -15 -1 -28 29 -29
right_child=2 9 -4 -5 6 -7 20 -9 12 10 -12 -13 -14 25 15 -17 17 -19 -20 -21 -22 -23 23 -25 -26 -27 27 28 -30 -31
leaf_value=-1.5503879000500935 -1.8115760769162859 0.59158567266030737 4.3488207279552116 -1.4655558877331869 6.3293411660736254 3.611274627382782 2.4058328773498534 -0.93280169301562832 2.7805140037089586 4.4797535781562328 -0.087132257930068083 0.21815493948319378 -1.4749129141701594 2.7971966171264646 -3.0721035627178521 -0.24766832128167154 3.8891995917426212 -1.057054975343787 1.0531268304394139 3.4591096924172069 5.2328078562714335 1.3171701667830347 -2.1106673526763915 -1.4952145723095089 5.6911436957579387 0.0086427232325077055 3.7044893803596493 -1.6812110114097594 -1.8706368421586179 5.2536431980133056
leaf_weight=615 42 66 55 28 22 44 25 27 20 32 86 34 27 37 46 48 27 23 31 61 43 64 20 127 26 20 20 24 181 20
leaf_count=615 42 66 55 28 22 44 25 27 20 32 86 34 27 37 46 48 27 23 31 61 43 64 20 127 26 20 20 24 181 20
internal_value=9.05125e-11 -0.89835 2.02732 1.7913 1.96907 1.21408 2.58751 2.07721 2.51181 0.0933199 0.942605 2.28438 0.335907 3.24229 -0.713501 -1.62984 0.650031 1.44732 -0.595058 4.21989 4.19348 2.0803 -1.19787 -0.486334 2.29905 1.81876 -1.341 -0.815395 -1.21716 1.471
internal_weight=1941 1345 596 541 513 231 282 214 187 312 152 66 47 140 160 94 187 114 73 83 68 91 1033 173 46 57 860 245 225 44
internal_count=1941 1345 596 541 513 231 282 214 187 312 152 66 47 140 160 94 187 114 73 83 68 91 1033 173 46 57 860 245 225 44
is_linear=0
shrinkage=0.03


Tree=63
num_leaves=31
num_cat=0
split_feature=1 1 54 39 23 50 57 6 9 58 16 56 37 32 19 57 37 58 19 57 16 8 2 34 1 58 6 6 10 19
split_gain=3.69567e+06 417649 341391 327444 250416 326536 241611 292666 310735 223505 219559 312990 217512 203685 200092 185248 229620 181626 176093 150490 139254 132082 126716 151676 152071 112599 109986 508244 720276 105540
threshold=5114.3750000000009 872.12500000000011 766.80000000000007 1097.0387277062503 178.50000000000003 99.500000000000014 293.50000000000006 27.500000000000004 142.50000000000003 1005.7500000000001 24.750000000000004 14.050000000000002 645.58660715000008 906.21875000000011 36.500000000000007 265.50000000000006 405.50803570000005 1006.6500000000002 3.5000000000000004 300.50000000000006 23.850000000000005 1.0000000180025095e-35 6398.1071430000011 486.48303570000002 8680.0803570000007 1004.9500000000002 27.500000000000004 28.500000000000004 0.097964660725097366 27.500000000000004
decision_type=2 2 2 2 2 2 2 2 2 2 2 2 2 2 2 2 2 2 2 2 2 2 2 2 2 2 2 2 2 2
left_child=1 26 3 4 5 15 7 8 12 14 11 -11 -6 20 19 17 -17 -2 22 25 -10 -8 23 -18 -25 -3 -1 28 -28 -15
right_child=2 9 -4 -5 6 -7 21 -9 13 10 -12 -13 -14 29 -16 16 18 -19 -20 -21 -22 -23 -24 24 -26 -27 27 -29 -30 -31
leaf_value=-1.3007702660255653 -2.5359237711770195 -2.5512967715148003 4.218356083956631 -1.4215892534596579 2.6970985618829726 3.5029363331469621 2.3336578983306886 -0.90481763336393572 6.1394609102335842 4.3453609353303904 -0.084518289968024851 0.21161030573003431 -1.4306655346022712 2.7132807372711798 1.3891378773342478 3.7273725777405957 2.2579416291056007 1.2072219800949096 -1.7421475858273712 0.80249769632632917 3.3553364151655161 5.0758235376934673 3.3051602497100827 1.2060674626486643 -2.4491356472969055 -0.49388390504396873 -1.8658466393607003 -1.4503581612222776 5.6706589233398432 0.008383445307612418
leaf_weight=860 28 62 55 28 20 44 25 27 22 32 86 34 27 37 33 26 29 20 23 26 61 43 20 21 20 39 21 127 25 20
leaf_count=860 28 62 55 28 20 44 25 27 22 32 86 34 27 37 33 26 29 20 23 26 61 43 20 21 20 39 21 127 25 20
internal_value=-3.46515e-09 -0.871399 1.9665 1.73756 1.90999 1.17765 2.50989 2.01489 2.43645 0.0905203 0.914327 2.21585 0.32583 3.14502 -0.692096 0.63053 1.1854 -0.97628 0.600521 -1.23289 4.0933 4.06767 1.1992 0.5975 -0.576958 -1.75685 -1.16193 -0.471744 2.23008 1.76419
internal_weight=1941 1345 596 541 513 231 282 214 187 312 152 66 47 140 160 187 139 48 113 127 83 68 90 70 41 101 1033 173 46 57
internal_count=1941 1345 596 541 513 231 282 214 187 312 152 66 47 140 160 187 139 48 113 127 83 68 90 70 41 101 1033 173 46 57
is_linear=0
shrinkage=0.03


Tree=64
num_leaves=31
num_cat=0
split_feature=11 11 32 54 38 11 3 57 10 37 56 30 28 42 32 32 27 27 27 27 56 31 37 26 27 13 4 13 6 14
split_gain=3.63272e+06 455096 234570 382297 226676 207858 240250 353207 169917 337513 186836 164392 184976 160161 161995 220989 158496 334622 222053 177671 138377 117095 183833 115126 111863 255048 257554 402276 524955 391423
threshold=-0.3520614488341256 -0.70710678118654757 802.69880950000004 766.80000000000007 1148.8903273750004 -0.95642797789208678 6628296.3215000005 288.50000000000006 0.44228869021900152 977.2491071500001 16.250000000000004 648.57142855000018 1008.1500000000002 140.89910714999996 1085.9000000000003 958.43928570000014 269.50000000000006 180.00000000000003 278.50000000000006 285.50000000000006 17.250000000000004 336.55982145000002 329.7044643000001 17.250000000000004 280.50000000000006 -0.7487023830183982 17.500000000000004 -0.84196139870471931 27.500000000000004 27.850000000000005
decision_type=2 2 2 2 2 2 2 2 2 2 2 2 2 2 2 2 2 2 2 2 2 2 2 2 2 2 2 2 2 2
left_child=1 2 8 4 5 13 7 20 9 -1 -11 -10 -13 14 15 -4 17 -3 -18 23 -7 22 -21 -20 25 26 27 -2 29 -29
right_child=24 16 3 -5 -6 6 -8 -9 11 10 -12 12 -14 -15 -16 -17 18 -19 19 21 -22 -23 -24 -25 -26 -27 -28 28 -30 -31
leaf_value=5.0021695101601731 -1.2124894384676188 1.4329861118112293 3.003078830138497 3.956708208532894 -1.8825468480587007 0.017215574324131011 2.7874720673127604 2.5435216047023905 3.6007645425335926 3.8080603122711181 0.083660240173339839 -0.55255199924111364 2.9745749473571776 4.8498950772285454 4.0103093442320823 -1.033881502541212 3.5724434178216118 -2.3539599858011515 0.55731871533393862 2.1831993012428281 -2.7979638203707609 2.0339910013164793 -1.7111817419528961 -2.6615913509130475 -1.3576169238235409 1.8384822495281696 -1.63032976328167 3.4683228969573974 4.0474196548461912 -1.1108812822614396
leaf_weight=70 209 42 23 51 21 30 33 29 33 22 27 32 23 20 21 26 28 42 20 20 33 70 24 20 543 32 257 21 35 84
leaf_count=70 209 42 23 51 21 30 33 29 33 22 27 32 23 20 21 26 28 42 20 20 33 70 24 20 543 32 257 21 35 84
internal_value=-1.28491e-09 1.61787 2.15656 1.60138 1.09239 1.38296 0.591459 -0.196241 2.92631 3.66545 1.75584 1.9268 0.922428 2.48227 1.80581 0.861018 0.617433 -0.460487 1.11493 0.668114 -1.4574 1.27171 0.0589915 -1.05214 -1.04113 -0.771776 -0.909612 -0.378882 0.865575 -0.19504
internal_weight=1941 760 494 287 236 215 125 92 207 119 49 88 55 90 70 49 266 84 182 154 63 114 44 40 1181 638 606 349 140 105
internal_count=1941 760 494 287 236 215 125 92 207 119 49 88 55 90 70 49 266 84 182 154 63 114 44 40 1181 638 606 349 140 105
is_linear=0
shrinkage=0.03


Tree=65
num_leaves=31
num_cat=0
split_feature=11 1 40 28 16 9 27 11 54 24 24 27 28 39 19 2 28 9 3 48 34 43 57 48 32 1 8 56 8 47
split_gain=3.42173e+06 328271 263934 193470 275810 192600 693131 333710 232782 216078 190145 222429 184682 173381 170519 167222 252549 159454 295442 170575 127497 160537 126300 127798 115997 115587 106612 188561 423131 582071
threshold=-0.58216583101416131 595.90178570000012 994.29754467083342 1006.5500000000001 24.750000000000004 141.50000000000003 289.50000000000006 -0.93540483100319605 763.65000000000009 770.30000000000007 147.05000000000004 262.50000000000006 1003.4500000000002 215.54720981375002 22.500000000000004 5442.6964285000004 1004.4500000000002 148.50000000000003 6381406.0000000009 7.5000000000000009 88.262500000000003 29.864285729999999 237.50000000000003 31.500000000000004 501.55535715000002 7585.0625000000009 3.5000000000000004 12.350000000000003 2.5000000000000004 43.500000000000007
decision_type=2 2 2 2 2 2 2 2 2 2 2 2 2 2 2 2 2 2 2 2 2 2 2 2 2 2 2 2 2 2
left_child=2 26 5 10 -5 6 7 -1 15 -10 13 -12 -13 -3 -8 17 -17 20 19 -19 -7 -22 23 -20 -14 -24 27 28 -2 -30
right_child=1 3 -4 4 -6 8 14 -9 9 -11 11 12 24 -15 -16 16 -18 18 22 -21 21 -23 25 -25 -26 -27 -28 -29 29 -31
leaf_value=0.54801626248793167 -0.79218162687813354 -0.67770075284517717 -1.2612658446768055 3.209603632118772 0.033137190984875969 1.8512239265441894 3.5707530249465593 -4.677261236364191 6.3939100924405183 2.7384857993902161 -3.4898001346588132 -3.2379217922687529 -1.0310436149831446 2.2532673567884109 0.8681515496618607 3.0481075681810794 -0.95506779796368368 1.6825412239347186 2.7490920567512509 -1.1110781107722101 1.7082832639217376 4.8795865223512935 3.3032491235733028 5.5363393946439023 1.0072161885525317 0.35892692041397095 -1.4730603631393058 -1.4878067629868514 -0.935564211065119 6.1358733215332029
leaf_weight=22 287 39 23 34 89 39 55 22 22 43 30 20 54 34 34 23 37 42 57 37 20 51 20 20 47 30 429 239 22 20
leaf_count=22 287 39 23 34 89 39 55 22 22 43 30 20 54 34 34 23 37 42 57 37 20 51 20 20 47 30 429 239 22 20
internal_value=-2.83853e-09 -0.839496 1.88992 -0.0447641 0.911185 2.01619 1.01553 -2.06462 2.31797 3.97571 -0.569682 -1.17741 -0.604096 0.687408 2.5383 2.0314 0.579483 2.30708 1.81463 0.374137 3.22929 3.98626 2.71069 3.47305 -0.0825465 1.53666 -1.1161 -0.846491 -0.380611 2.43179
internal_weight=1941 1344 597 347 123 574 133 44 441 65 224 151 121 73 89 376 60 316 206 79 110 71 127 77 101 50 997 568 329 42
internal_count=1941 1344 597 347 123 574 133 44 441 65 224 151 121 73 89 376 60 316 206 79 110 71 127 77 101 50 997 568 329 42
is_linear=0
shrinkage=0.03


Tree=66
num_leaves=31
num_cat=0
split_feature=11 11 1 16 27 27 27 37 18 47 30 48 48 48 18 27 2 28 38 28 40 27 40 3 3 16 56 9 44 58
split_gain=3.22006e+06 404772 219341 337647 202711 471210 294361 222808 205074 195955 269466 205820 364014 179289 166943 266654 169046 246805 155455 154456 139558 124185 111351 105926 128910 103952 263928 512886 448841 219033
threshold=-0.3520614488341256 -0.84874750804349197 11959.142860000002 23.150000000000002 265.50000000000006 209.00000000000003 276.50000000000006 199.85178570000002 32.500000000000007 17.500000000000004 703.81875000000014 40.500000000000007 5.5000000000000009 20.500000000000004 44.500000000000007 288.50000000000006 5792.1250000000009 1008.5500000000001 757.98973218750018 1006.2500000000001 87.313876487437497 285.50000000000006 636.55221975289589 6331529.0715000005 6604700.0000000009 24.750000000000004 11.050000000000002 140.50000000000003 27.850000000000005 1006.35
decision_type=2 2 2 2 2 2 2 2 2 2 2 2 2 2 2 2 2 2 2 2 2 2 2 2 2 2 2 2 2 2
left_child=1 2 9 -4 5 18 -6 -8 -7 22 -11 12 -12 -14 15 19 17 -17 -3 -9 -16 -5 -1 -24 -25 26 27 -2 -29 -30
right_child=25 4 3 21 6 8 7 14 -10 10 11 -13 13 -15 20 16 -18 -19 -20 -21 -22 -23 23 24 -26 -27 -28 28 29 -31
leaf_value=4.8821731506075183 4.2362015634112886 0.59633049725269782 -2.1023588275909422 0.70307440166473389 3.9400540368697219 -4.5530890710013248 3.3929255745410916 -3.1467065906524656 -0.76075111171738663 4.1624409310410657 2.4052439199273401 3.424817225716331 -3.2145963686162777 0.53478621453046793 0.15998438036441803 -1.0775707436644513 2.694517388594778 2.6752950316667556 3.7349275989532469 -0.11224689602851867 3.3545367622375486 3.6643815389046304 1.0846012963056564 5.4803967247009275 2.1525568836385554 -1.1789841987608651 -1.090933669024164 3.4975653870105745 -3.1876939557049724 0.14783275155460132
leaf_weight=42 27 49 24 25 34 21 30 26 33 41 52 33 22 24 20 46 38 24 20 36 32 26 20 20 22 788 275 20 37 34
leaf_count=42 27 49 24 25 34 21 30 26 33 41 52 33 22 24 20 46 38 24 20 36 32 26 20 20 22 788 275 20 37 34
internal_value=-1.6632e-09 1.52321 2.27056 0.831922 0.881831 -0.136593 1.31982 0.966301 -2.23555 2.6615 2.03992 1.37561 0.685576 -1.2584 0.638379 0.183384 1.08362 0.209126 1.50607 -1.38476 2.12586 2.21276 3.6895 2.88155 3.73724 -0.980217 -0.58167 0.605173 -0.472165 -1.5904
internal_weight=1941 760 351 75 409 123 286 252 54 276 172 131 98 46 222 170 108 70 69 62 52 51 104 62 42 1181 393 118 91 71
internal_count=1941 760 351 75 409 123 286 252 54 276 172 131 98 46 222 170 108 70 69 62 52 51 104 62 42 1181 393 118 91 71
is_linear=0
shrinkage=0.03


Tree=67
num_leaves=31
num_cat=0
split_feature=11 1 27 9 38 34 19 24 28 16 24 27 38 2 37 28 38 34 16 34 34 33 10 41 17 41 2 56 24 48
split_gain=3.03545e+06 296875 199632 617575 338509 321262 220592 204736 180160 256288 175763 200901 172924 304964 242914 168365 166219 167111 161646 173132 151381 147710 134481 125047 121040 116190 114115 109372 109055 86819.5
threshold=-0.58216583101416131 595.90178570000012 288.50000000000006 141.50000000000003 877.69508928750008 1174.6544645000001 1.0000000180025095e-35 759.30000000000007 1006.5500000000001 24.750000000000004 147.05000000000004 262.50000000000006 912.02723222500015 5527.0000000000009 199.85178570000002 1003.4500000000002 1019.6669642875 694.38035715000012 23.350000000000005 769.4937500000002 198.09285715000001 260.79285715000009 0.44228869021900152 293.41350313936806 55.500000000000007 232.23546690007882 4171.9375000000009 18.650000000000002 772.4000000000002 44.500000000000007
decision_type=2 2 2 2 2 2 2 2 2 2 2 2 2 2 2 2 2 2 2 2 2 2 2 2 2 2 2 2 2 2
left_child=2 -2 3 4 -1 7 22 12 10 -10 21 -12 14 16 -5 -13 -14 -18 -8 24 29 -3 -4 27 -20 -22 -27 -17 -9 -16
right_child=1 8 6 5 -6 -7 18 28 9 -11 11 15 13 -15 20 23 17 -19 19 -21 25 -23 -24 -25 -26 26 -28 -29 -30 -31
leaf_value=0.55264406204223626 -1.053735130021541 -0.62795499500475427 5.0538182772122902 -0.37070108070373536 -4.7155164527893065 -1.40116182914147 -0.43799181550741195 5.4857884107317245 3.1031445445733912 0.04115798001878717 -3.3233935317993164 -3.0956696126461027 -0.25440420484542842 -2.5266001426577565 0.91703883229232419 -0.31091927331041647 3.9615183893591164 0.78797176914555678 0.011243226051330567 4.0839925854856318 5.6068482807704383 2.0732721388680595 2.529026334865673 -1.4420878738008047 2.5603503838965764 3.9392087454199785 1.1638215547800064 2.2280426562749422 2.6258685181822092 3.3279875993728636
leaf_weight=23 997 38 39 25 21 26 24 21 34 89 30 20 30 20 41 37 32 28 30 33 21 35 37 38 38 40 20 26 28 20
leaf_count=23 997 38 39 25 21 26 24 21 34 89 30 20 30 20 41 37 32 28 30 33 21 35 37 38 38 40 20 26 28 20
internal_value=5.36304e-09 -0.790693 1.78005 1.38921 -1.96171 1.80808 2.55007 2.06403 -0.03492 0.887561 -0.541461 -1.12576 1.74782 0.824252 2.35616 -0.58089 1.56889 2.48053 1.77512 2.30101 2.83625 0.667154 3.82464 -0.0829133 1.43574 3.68628 3.01408 0.736906 3.85155 1.70751
internal_weight=1941 1344 597 396 44 352 201 326 347 123 224 151 277 110 167 121 90 60 125 101 142 73 76 101 68 81 60 63 49 61
internal_count=1941 1344 597 396 44 352 201 326 347 123 224 151 277 110 167 121 90 60 125 101 142 73 76 101 68 81 60 63 49 61
is_linear=0
shrinkage=0.03


Tree=68
num_leaves=31
num_cat=0
split_feature=1 1 54 51 40 54 53 57 9 49 23 47 28 57 16 56 35 49 57 46 8 46 44 8 56 8 47 46 17 36
split_gain=2.75728e+06 310833 264832 281901 272837 258716 191920 293428 376653 183006 244289 190336 177628 174274 167908 163423 175837 145370 137607 126973 117777 138552 99049 96620.7 171878 403624 545108 377893 981159 121120
threshold=5114.3750000000009 595.90178570000012 766.80000000000007 926.50000000000011 990.9648685625001 749.00000000000011 242.00000000000003 288.50000000000006 141.50000000000003 19.500000000000004 181.00000000000003 64.500000000000014 1005.7500000000001 42.000000000000007 24.650000000000002 8.2500000000000018 9.2428571430000002 36.500000000000007 282.50000000000006 23.550000000000004 4.5000000000000009 23.750000000000004 32.050000000000004 3.5000000000000004 12.350000000000003 2.5000000000000004 43.500000000000007 24.650000000000002 30.500000000000004 496.49107145000005
decision_type=2 2 2 2 2 2 2 2 2 2 2 2 2 2 2 2 2 2 2 2 2 2 2 2 2 2 2 2 2 2
left_child=1 23 3 4 5 6 7 8 22 10 -9 -11 17 -10 -8 -14 18 20 -17 -15 21 -3 -2 24 25 27 -27 28 -1 -30
right_child=2 12 -4 -5 -6 -7 14 9 13 11 -12 -13 15 19 -16 16 -18 -19 -20 -21 -22 -23 -24 -25 -26 26 -28 -29 29 -31
leaf_value=6.1108491063117985 -3.4004337158203124 -3.741270408630371 3.6819401175759054 -1.8292131601680408 -1.35725901053502 4.9757671838456927 4.6066645697635762 1.1029529017210007 3.1689865154524641 -0.73725996176401765 4.3217218428566344 2.7629564461728622 -0.49017095019740442 -0.39998112974166866 1.686244489180075 3.8406948986053466 -0.35366409616036848 0.91992515683174125 1.1669655570169775 1.392945820645588 -0.057814862071697053 -1.0309872323531528 -0.41473286819458005 -1.3619473175006314 -1.377749378679936 -0.83253839492797843 6.010685811996459 -1.3350742130979485 -2.9916356745633212 0.12194323042164676
leaf_weight=24 20 24 55 22 26 22 34 32 36 27 63 29 62 50 37 30 33 42 41 123 58 58 20 429 239 22 20 218 22 23
leaf_count=24 20 24 55 22 26 22 34 32 36 27 63 29 62 50 37 30 33 42 41 123 58 58 20 429 239 22 20 218 22 23
internal_value=-1.1086e-09 -0.752681 1.69858 1.49695 1.63794 1.7959 1.64738 1.39224 0.759492 2.43565 3.2375 1.07535 0.0192551 1.26994 3.08476 0.728945 1.45573 -0.628045 2.29671 0.874759 -1.09244 -1.82424 -1.90758 -1.02212 -0.76546 -0.320666 2.42614 -0.722638 1.21231 -1.40025
internal_weight=1941 1345 596 541 519 493 471 400 249 151 95 56 348 209 71 166 104 182 71 173 140 82 40 997 568 329 42 287 69 45
internal_count=1941 1345 596 541 519 493 471 400 249 151 95 56 348 209 71 166 104 182 71 173 140 82 40 997 568 329 42 287 69 45
is_linear=0
shrinkage=0.03


Tree=69
num_leaves=31
num_cat=0
split_feature=1 1 54 51 58 6 22 27 17 41 18 16 25 22 15 25 25 20 48 32 16 56 8 57 27 18 41 8 8 6
split_gain=2.59433e+06 292976 249181 265241 189769 290256 282612 366033 333775 294250 174464 261282 159957 158911 158386 172355 149452 148381 115527 110340 97778.5 120515 97105.1 93975.1 124524 202889 128398 92044.6 90743.1 90670.6
threshold=5114.3750000000009 872.12500000000011 766.80000000000007 926.50000000000011 1008.2500000000001 16.500000000000004 600.50000000000011 292.50000000000006 1.0000000180025095e-35 302.85349531039407 40.500000000000007 24.650000000000002 517.50000000000011 719.50000000000011 80.500000000000014 338.50000000000006 692.00000000000011 13.500000000000002 52.000000000000007 787.69196430000011 23.750000000000004 14.050000000000002 4.5000000000000009 317.50000000000006 212.00000000000003 7.5000000000000009 285.36449000222746 4.5000000000000009 3.5000000000000004 27.500000000000004
decision_type=2 2 2 2 2 2 2 2 2 2 2 2 2 2 2 2 2 2 2 2 2 2 2 2 2 2 2 2 2 2
left_child=1 29 3 4 5 14 7 20 -8 -10 23 -12 -6 -11 16 18 19 -9 -16 -2 21 -7 -22 24 -3 26 27 -26 -27 -1
right_child=2 10 -4 -5 12 6 8 17 9 13 11 -13 -14 -15 15 -17 -18 -19 -20 -21 22 -23 -24 -25 25 28 -28 -29 -30 -31
leaf_value=-1.0994951214173505 5.5384040525224467 0.74131532192230221 3.571481913133101 -1.7743367145278235 1.463540826148175 -1.0104336615169749 5.2697222355433873 3.2383902893066403 -1.0918887128549464 4.273558847904205 3.1310978507995606 -0.41061779041039315 3.8469195107492533 0.70010078247104368 1.290026265032151 -0.37857205302484576 1.3912514362335204 0.10898897666931151 4.042965488433838 2.7427331508696078 1.1544275528451671 -3.9452697715759273 -1.6671705429894583 1.2763552273552994 -0.53401739984750751 -4.0940183040073936 -1.4613279624695472 1.7413966445624827 -1.418997112083435 -0.34677688088720243
leaf_weight=860 27 51 55 22 47 34 21 30 34 24 37 38 55 21 34 31 25 25 23 24 23 20 21 29 32 21 47 32 25 173
leaf_count=860 27 51 55 22 47 34 21 30 34 24 37 38 55 21 34 31 25 25 23 24 23 20 21 29 32 21 47 32 25 173
internal_value=1.54401e-09 -0.730101 1.64763 1.45204 1.5888 1.30509 0.667846 -0.142761 1.90807 1.01447 0.0755543 1.33663 2.7487 2.60595 2.28815 1.42174 3.29137 1.81594 2.40086 4.22279 -1.24203 -2.09741 -0.192244 -0.32352 -0.546579 -0.96494 -0.270687 0.60369 -2.6402 -0.973435
internal_weight=1941 1345 596 541 519 417 253 153 100 79 312 75 102 45 164 88 76 55 57 51 98 54 44 237 208 157 111 64 46 1033
internal_count=1941 1345 596 541 519 417 253 153 100 79 312 75 102 45 164 88 76 55 57 51 98 54 44 237 208 157 111 64 46 1033
is_linear=0
shrinkage=0.03


Tree=70
num_leaves=31
num_cat=0
split_feature=1 1 54 39 30 23 57 54 47 16 38 58 9 37 45 53 6 46 48 26 6 58 31 5 16 30 53 57 9 47
split_gain=2.441e+06 276354 234454 250272 204839 206215 226993 358782 224244 197735 189312 180368 168876 204064 203624 183068 161671 155892 189650 170495 148194 154385 124595 99868.2 115695 88726.6 84350.4 80949.2 252864 460639
threshold=5114.3750000000009 595.90178570000012 766.80000000000007 1097.0387277062503 1230.1714290000002 177.00000000000003 288.50000000000006 342.35000000000008 48.500000000000007 23.650000000000002 912.02723222500015 1005.7500000000001 141.50000000000003 502.52142855000005 59.500000000000007 155.50000000000003 18.500000000000004 25.050000000000004 25.500000000000004 12.750000000000002 17.500000000000004 1004.9500000000002 669.85178570000005 22.500000000000004 23.850000000000005 769.4937500000002 140.50000000000003 289.50000000000006 140.50000000000003 12.500000000000002
decision_type=2 2 2 2 2 2 2 2 2 2 2 2 2 2 2 2 2 2 2 2 2 2 2 2 2 2 2 2 2 2
left_child=1 27 3 4 5 12 7 10 9 -9 22 20 -2 15 -15 -14 25 18 -13 -20 -3 -22 -7 24 -16 -8 -25 28 29 -1
right_child=2 11 -4 -5 -6 6 16 8 -10 -11 -12 17 13 14 23 -17 -18 -19 19 -21 21 -23 -24 26 -26 -27 -28 -29 -30 -31
leaf_value=4.8200169982910159 -1.0656436759547183 0.37305398973134846 3.4643374619917435 -1.3534267030975649 4.3261900103610493 2.5835634803771974 3.4229899477958678 -0.76908493558565783 -2.6116053428649901 2.1592670633598248 0.76142648458480833 0.14628138482570649 1.1773920704472449 -1.507389427984462 1.9607462253570556 4.709866509489391 4.3343592795252794 -0.25767600431442261 4.9273309598650243 1.2606257935523986 -2.4966129849092016 -0.21742441253529654 5.8141760626706205 0.92381071357727051 -1.0267297485045024 0.80676635180200851 3.4137410736083984 -1.2897609806532908 -0.91878275996806202 -1.2358835359261584
leaf_weight=20 38 78 55 28 23 21 20 36 20 49 21 42 31 34 20 23 50 75 21 25 53 54 22 25 28 28 24 404 547 26
leaf_count=20 38 78 55 28 23 21 20 36 20 49 21 42 31 34 20 23 50 75 21 25 53 54 22 25 28 28 24 404 547 26
internal_value=-1.81624e-09 -0.708198 1.5982 1.40848 1.55923 1.42935 1.99179 1.32569 0.246523 0.919024 3.0962 0.0196682 0.755928 1.13009 0.490384 2.68196 3.14048 0.747287 1.60379 2.93456 -0.621423 -1.34637 4.23644 1.19063 0.218052 1.89686 2.14337 -0.962257 -0.739135 1.39712
internal_weight=1941 1345 596 541 513 490 267 169 105 85 64 348 223 185 131 54 98 163 88 46 185 107 43 97 48 48 49 997 593 46
internal_count=1941 1345 596 541 513 490 267 169 105 85 64 348 223 185 131 54 98 163 88 46 185 107 43 97 48 48 49 997 593 46
is_linear=0
shrinkage=0.03


Tree=71
num_leaves=31
num_cat=0
split_feature=11 11 6 6 9 27 38 56 56 22 37 19 43 10 11 22 38 43 28 57 2 27 9 19 35 26 44 47 28 57
split_gain=2.39476e+06 230543 195861 444639 207816 534355 306201 207690 176383 158394 329471 145366 136058 179804 135225 123807 124972 147258 101759 106090 99270.2 95437.5 212526 221176 313801 969249 527618 138891 119209 94946.4
threshold=-0.58216583101416131 -0.32143946530316164 27.500000000000004 28.500000000000004 141.50000000000003 289.50000000000006 877.69508928750008 8.5500000000000025 16.950000000000003 601.50000000000011 794.49553570000012 22.500000000000004 -70.17857139500002 0.16280825711809011 -0.95642797789208678 5.5000000000000009 768.35647321250019 -122.56160714999997 1006.5500000000001 300.50000000000006 4396.5000000000009 280.50000000000006 140.50000000000003 2.5000000000000004 245.86875000000003 8.6500000000000004 27.850000000000005 45.500000000000007 1006.1500000000002 275.50000000000006
decision_type=2 2 2 2 2 2 2 2 2 2 2 2 2 2 2 2 2 2 2 2 2 2 2 2 2 2 2 2 2 2
left_child=2 18 4 -4 5 6 -1 -6 12 -5 -11 -7 -9 20 -10 -16 -17 -18 19 -2 -14 22 -3 24 25 26 -24 -27 -28 -15
right_child=1 21 3 9 7 11 -8 8 14 10 -12 -13 13 29 15 16 17 -19 -20 -21 -22 -23 23 -25 -26 27 28 -29 -30 -31
leaf_value=0.52614836983058766 -0.68730857773030052 1.7736923031695186 -2.742468395726434 0.12681776010073148 0.50434824336249873 3.129547341260043 -4.4843096515110554 1.5499149490892887 3.4124574677149457 5.641604072570801 0.60014409688966619 0.63422070275334752 6.4367153549194329 1.2192053130657776 3.4381335396766661 -1.0813011329070381 2.9624417331442237 0.18330786988541886 1.2073369603998521 1.6711833327157155 3.6254110472202297 -1.1540567801354971 3.2858748069016825 -1.2092740553968093 -1.4445468882462951 2.8638808796622532 -3.7396075057983396 6.2349053036082873 -1.169164817679313 3.5799133807679877
leaf_weight=23 94 32 29 39 53 55 21 32 36 20 28 34 26 23 20 23 32 37 68 21 20 532 23 357 89 22 22 22 62 46
leaf_count=23 94 32 29 39 53 55 21 32 36 20 28 34 26 23 20 23 32 37 68 21 20 532 23 357 89 22 22 22 62 46
internal_value=9.22628e-10 -0.702307 1.58107 0.474573 1.84792 0.839244 -1.86521 2.23342 2.54407 1.54692 2.70075 2.17628 3.28012 3.76157 1.81298 1.29887 0.833811 1.47218 0.287359 -0.256627 5.21441 -0.8583 -0.608153 -0.735824 -0.031566 0.801251 -0.740042 4.54939 -1.84238 2.79301
internal_weight=1941 1344 597 116 481 133 44 348 295 87 48 89 147 115 148 112 92 69 183 115 46 1161 629 597 240 151 107 44 84 69
internal_count=1941 1344 597 116 481 133 44 348 295 87 48 89 147 115 148 112 92 69 183 115 46 1161 629 597 240 151 107 44 84 69
is_linear=0
shrinkage=0.03


Tree=72
num_leaves=31
num_cat=0
split_feature=1 23 26 54 51 40 54 58 50 27 3 58 46 23 53 31 25 38 27 53 27 12 19 35 26 44 58 40 57 22
split_gain=2.16663e+06 247941 311377 209964 236837 236647 232965 163724 253686 260420 212082 253889 195493 185730 165974 191425 140602 139746 115646 94043.7 87632.2 197667 223109 317423 980204 488797 127200 84873.8 84152.9 84001.5
threshold=5114.3750000000009 116.50000000000001 15.950000000000001 766.80000000000007 926.50000000000011 990.9648685625001 749.00000000000011 1008.2500000000001 99.500000000000014 293.50000000000006 6381406.0000000009 1005.7500000000001 23.550000000000004 189.00000000000003 202.00000000000003 950.34732145000009 517.50000000000011 827.20290188750016 283.50000000000006 154.50000000000003 280.50000000000006 0.66285048286959747 2.5000000000000004 35.900000000000013 8.6500000000000004 27.850000000000005 1006.1500000000002 781.94635417708332 262.50000000000006 443.00000000000006
decision_type=2 2 2 2 2 2 2 2 2 2 2 2 2 2 2 2 2 2 2 2 2 2 2 2 2 2 2 2 2 2
left_child=1 20 28 4 5 6 7 8 9 10 11 -2 -13 -11 17 -16 -9 -12 -4 -20 21 22 23 24 25 -1 -27 -22 -3 -14
right_child=3 2 18 -5 -6 -7 -8 16 -10 13 14 12 29 -15 15 -17 -18 -19 19 -21 27 -23 -24 -25 -26 26 -28 -29 -30 -31
leaf_value=3.1872984931779942 -2.824267488826405 0.77023436461176187 -1.7884029827876524 3.2716887661327014 -1.7225668989528309 -1.3340931173471302 4.6199795193021949 1.3205250703781208 2.9889688516074209 0.61530141949653627 1.2849567078435145 -1.4859112286567688 0.39250066680908202 3.6190795554068278 4.4334389102458953 0.83883493328094472 3.5550559804656285 -1.4687890484597947 -0.77664166957139968 1.7383031104958575 -1.175926749677831 1.6813065301288257 -1.1709619408402561 -1.283821216026942 4.9706786302419808 -3.6673013803233272 -0.99571095592570746 0.68604088410087249 2.9377233839505594 2.9662375164031984
leaf_weight=23 33 28 44 55 22 26 22 47 58 32 43 32 25 44 24 30 55 27 32 23 524 33 363 99 39 23 53 23 38 21
leaf_count=23 33 28 44 55 22 26 22 47 58 32 43 32 25 44 24 30 55 27 32 23 524 33 363 99 39 23 53 23 38 21
internal_value=2.73265e-10 -0.667211 0.422053 1.5057 1.32617 1.4554 1.60251 1.46157 1.1675 0.827801 0.334115 -0.618437 0.314799 2.35433 1.1868 2.43644 2.52542 0.222798 -0.642033 0.275063 -0.819523 -0.579195 -0.703523 0.0124279 0.942346 -0.644573 -1.80422 -1.09764 2.01818 1.56747
internal_weight=1941 1345 165 596 541 519 493 471 369 311 235 111 78 76 124 54 102 70 99 55 1180 633 600 237 138 99 76 547 66 46
internal_count=1941 1345 165 596 541 519 493 471 369 311 235 111 78 76 124 54 102 70 99 55 1180 633 600 237 138 99 76 547 66 46
is_linear=0
shrinkage=0.03


Tree=73
num_leaves=31
num_cat=0
split_feature=11 11 6 6 9 57 23 56 57 56 5 46 2 2 34 43 10 46 6 19 42 39 34 8 41 16 27 9 19 35
split_gain=2.12677e+06 255441 160518 419929 191236 450812 440912 148864 147470 143750 151249 140671 129564 120239 118935 116083 170632 108672 159976 126463 104058 166864 103593 98758.6 89366.3 157940 84399.4 188462 195880 280360
threshold=-0.63405362205439475 -0.32143946530316164 27.500000000000004 28.500000000000004 141.50000000000003 292.50000000000006 226.00000000000003 8.5500000000000025 309.50000000000006 16.250000000000004 1.0000000180025095e-35 23.050000000000004 5377.3750000000009 1719.2142860000001 486.48303570000002 -70.17857139500002 0.16280825711809011 23.750000000000004 17.500000000000004 3.5000000000000004 78.176785700000053 864.60412945625001 776.64642855000011 3.5000000000000004 207.35764367468065 24.750000000000004 280.50000000000006 140.50000000000003 2.5000000000000004 245.86875000000003
decision_type=2 2 2 2 2 2 2 2 2 2 2 2 2 2 2 2 2 2 2 2 2 2 2 2 2 2 2 2 2 2
left_child=2 17 4 -4 5 6 -1 13 -7 15 12 -5 -11 -6 -13 -9 -17 18 -2 24 21 -12 -21 -18 25 -19 27 -3 29 -29
right_child=1 26 3 11 7 8 -8 9 -10 10 20 14 -14 -15 -16 16 23 19 -20 22 -22 -23 -24 -25 -26 -27 -28 28 -30 -31
leaf_value=-3.7671827464268124 1.1868984907150268 1.6700423378124833 -2.7109622515572442 3.7925572299957273 2.1253589648008346 3.3249572288990019 1.7298790395259855 1.5347945995330809 0.40337878393090287 4.9959587832859587 -0.42244990432262419 1.9238829611477097 1.6220757722854613 -0.91009591807489798 -0.80940007303072059 5.1569012980926328 1.6782112176998241 4.0013615036010748 -1.844135398864746 -1.1103364510969682 -0.13340614863804409 2.8390760780917481 1.4506502641950334 4.1190198234558109 0.10153408455848693 0.89275578294390512 -1.086274751958094 0.7568185418488963 -1.1386900632722037 -1.3659442765558703
leaf_weight=29 25 32 27 20 24 48 24 30 23 21 20 38 20 23 23 41 37 24 42 44 35 48 21 25 30 38 532 151 357 89
leaf_count=29 25 32 27 20 24 48 24 30 23 21 20 38 20 23 23 41 37 24 42 44 35 48 21 25 30 38 532 151 357 89
internal_value=4.73506e-09 -0.62919 1.56732 0.529134 1.81759 0.815681 -1.27795 2.20104 2.37853 2.46592 1.80913 1.60917 3.35016 0.639924 0.893301 3.17704 3.65536 0.298353 -0.713153 0.730014 1.1957 1.8798 -0.282941 2.66241 1.44569 2.09609 -0.808147 -0.57291 -0.693135 -0.0303727
internal_weight=1941 1385 556 108 448 124 53 324 71 277 144 81 41 47 61 133 103 224 67 157 103 68 65 62 92 62 1161 629 597 240
internal_count=1941 1385 556 108 448 124 53 324 71 277 144 81 41 47 61 133 103 224 67 157 103 68 65 62 92 62 1161 629 597 240
is_linear=0
shrinkage=0.03


Tree=74
num_leaves=31
num_cat=0
split_feature=11 1 40 2 2 6 42 43 28 16 14 38 48 28 9 34 39 43 42 57 9 28 3 10 34 26 20 8 6 40
split_gain=2.00108e+06 241119 208260 154551 246662 191679 168505 150739 135756 234612 180278 156295 124957 167181 228540 186859 180812 150796 137207 121547 166453 137723 121102 109170 89131.5 126580 92752.2 85019.6 347892 527080
threshold=-0.63405362205439475 595.90178570000012 994.29754467083342 6049.6071430000011 5442.6964285000004 20.500000000000004 169.00625000000002 434.09285710000012 1006.5500000000001 24.750000000000004 27.450000000000003 329.89799106250007 75.500000000000014 1007.5500000000001 145.50000000000003 771.96428570000012 1058.8045386875003 249.15535715000001 21.533035705000007 297.50000000000006 143.50000000000003 1004.9500000000002 6392911.9105000012 -0.32143946530316164 620.29910715000017 14.450000000000001 41.500000000000007 3.5000000000000004 27.500000000000004 1.0000000180025095e-35
decision_type=2 2 2 2 2 2 2 2 2 2 2 2 2 2 2 2 2 2 2 2 2 2 2 2 2 2 2 2 2 2
left_child=2 27 3 4 6 -6 12 22 10 -10 11 -3 13 15 -15 17 23 24 -16 20 -12 -22 -8 -17 25 -1 -27 28 -2 -30
right_child=1 8 -4 -5 5 -7 7 -9 9 -11 19 -13 -14 14 18 16 -18 -19 -20 -21 21 -23 -24 -25 -26 26 -28 -29 29 -31
leaf_value=-0.32007496957121223 -0.83163039595798682 -0.477982262738049 -1.4102885763985771 3.5336932176351548 -2.4292307972908023 1.2555020623736912 1.0332157226403553 5.1896596527099605 2.7474118131628402 0.0079364678352186 -2.6111571042391719 3.2276419666835241 3.7402434983253476 3.8351271940314247 2.2834311272621153 1.7396878415888006 -0.12730111078782516 -1.7473317387104035 -0.073876674771308895 0.56568552946671846 -1.9412376103034386 0.27777241513657741 3.5696638324856758 4.7637246840340755 -0.61959539554574916 3.3922161503021533 0.67477204459905626 -1.1760187376733426 5.2291600955616335 -1.3377801704406738
leaf_weight=29 524 20 21 36 24 27 36 20 39 101 49 21 20 46 50 22 22 30 40 48 39 71 32 21 34 26 20 429 22 22
leaf_count=29 524 20 21 36 24 27 36 20 39 101 49 21 20 46 50 22 22 30 40 48 39 71 32 21 34 26 20 429 22 22
internal_value=-1.97527e-09 -0.610314 1.5203 1.63533 1.49837 -0.47849 1.72342 2.90021 0.0242043 0.771076 -0.397417 1.42002 1.43576 1.3002 2.11494 0.757036 2.08478 0.136149 1.23574 -0.757392 -1.15681 -0.508968 2.22684 3.21654 0.654538 1.23215 2.21072 -0.857248 -0.616486 1.94569
internal_weight=1941 1385 556 535 499 51 448 88 388 140 248 41 360 340 136 204 65 139 90 207 159 110 68 43 109 75 46 997 568 44
internal_count=1941 1385 556 535 499 51 448 88 388 140 248 41 360 340 136 204 65 139 90 207 159 110 68 43 109 75 46 997 568 44
is_linear=0
shrinkage=0.03


Tree=75
num_leaves=31
num_cat=0
split_feature=11 11 40 38 54 32 34 24 37 11 31 1 53 54 32 38 17 34 9 15 16 20 40 50 34 9 20 41 27 9
split_gain=1.88282e+06 228854 195952 149080 168232 182355 216791 156967 155277 142744 141144 140521 157910 139995 122660 196066 111988 106986 100305 92133.5 90177.1 191344 162196 116958 174124 151502 89836.7 82113.8 77520.3 178847
threshold=-0.63405362205439475 -0.32143946530316164 994.29754467083342 1214.8017856250003 763.65000000000009 802.69880950000004 178.02142855000002 772.4000000000002 971.00000000000011 -0.93540483100319605 648.57142855000018 12309.291665000002 193.50000000000003 597.50000000000011 1085.9000000000003 987.31986601250014 58.500000000000007 653.90714285000013 141.50000000000003 60.500000000000007 23.750000000000004 3.5000000000000004 932.19258433958328 17.500000000000004 942.17857140000012 144.50000000000003 41.500000000000007 260.15625666338218 280.50000000000006 140.50000000000003
decision_type=2 2 2 2 2 2 2 2 2 2 2 2 2 2 2 2 2 2 2 2 2 2 2 2 2 2 2 2 2 2
left_child=2 20 3 4 5 6 16 -6 10 11 -8 12 -7 27 15 -14 18 -12 -1 -15 21 -2 23 24 25 -22 -18 -11 29 -3
right_child=1 28 -4 -5 7 9 8 -9 -10 13 17 -13 14 19 -16 -17 26 -19 -20 -21 22 -23 -24 -25 -26 -27 -28 -29 -30 -31
leaf_value=-1.3795351467132568 -2.8576938728664234 1.6490399584919213 -1.3679799393245151 -0.95495650720596303 5.2159008043462576 3.6513123811994279 1.7240510988235473 1.944468729279258 1.4648921879700252 2.5976169004440304 3.4568331000464303 -0.61534624294801188 2.1643847530538385 0.072071870040893549 3.0645286517143249 -1.9397465715408326 3.5403872737884523 6.0907380319678266 1.1014022430831736 -2.589864130887118 3.706954893384661 0.68523995665942916 3.1723031673431397 -0.98125893167654676 -1.442404963451883 0.73309292962838857 0.94241333025953045 0.080774453708103724 -1.027944968284521 -0.65306449493121865
leaf_weight=20 23 32 21 20 22 35 23 33 42 20 35 22 22 25 20 20 25 23 55 22 21 34 20 45 23 58 23 28 532 597
leaf_count=20 23 32 21 20 22 35 23 33 42 20 35 22 22 25 20 20 25 23 55 22 21 34 20 45 23 58 23 28 532 597
internal_value=-5.98304e-09 -0.592004 1.47469 1.58627 1.68496 1.49747 2.05458 3.25304 2.94516 0.857052 3.71271 1.54933 2.04029 -0.0101178 1.13084 0.210037 1.164 4.50131 0.439819 -1.17394 0.285941 -0.744365 0.637602 0.292745 0.854805 1.52361 2.29552 1.12946 -0.761393 -0.535946
internal_weight=1941 1385 556 535 515 460 246 55 123 214 81 119 97 95 62 42 123 58 75 47 224 57 167 147 102 79 48 48 1161 629
internal_count=1941 1385 556 535 515 460 246 55 123 214 81 119 97 95 62 42 123 58 75 47 224 57 167 147 102 79 48 48 1161 629
is_linear=0
shrinkage=0.03


Tree=76
num_leaves=31
num_cat=0
split_feature=11 11 40 2 2 37 42 43 46 20 40 19 35 46 48 58 9 42 18 37 56 3 48 43 37 18 8 24 39 8
split_gain=1.77154e+06 217136 184371 140951 229826 197609 156384 141812 123418 229960 187418 140405 143221 211713 117379 136652 223906 140831 146971 118085 150172 112326 111664 105884 114832 98155.9 93300.9 89077 122437 79065.8
threshold=-0.63405362205439475 -0.032701564615071448 994.29754467083342 6049.6071430000011 5442.6964285000004 691.54285715000015 169.00625000000002 434.09285710000012 23.750000000000004 3.5000000000000004 928.42316468541674 2.5000000000000004 20.210714285000005 24.950000000000003 75.500000000000014 1007.5500000000001 148.50000000000003 -211.37589270000007 4.5000000000000009 589.96607145000019 19.150000000000002 6392911.9105000012 10.500000000000002 -95.874106999999967 751.50892855000018 3.5000000000000004 1.5000000000000002 147.05000000000004 215.54720981375002 3.5000000000000004
decision_type=2 2 2 2 2 2 2 2 2 2 2 2 2 2 2 2 2 2 2 2 2 2 2 2 2 2 2 2 2 2
left_child=2 8 3 4 6 -6 14 21 9 25 11 12 13 -10 15 17 26 -1 23 -20 -21 -8 -18 -19 -25 -2 -17 28 -13 -3
right_child=1 29 -4 -5 5 -7 7 -9 10 -11 -12 27 -14 -15 -16 16 22 18 19 20 -22 -23 -24 24 -26 -27 -28 -29 -30 -31
leaf_value=2.4258267443520682 -1.1414268575395856 -0.58018013584872941 -1.3269405773707799 3.3515973631540934 1.8245905179977415 -2.0002527615331833 0.95610570828119912 4.9794212837219236 3.6085637664794921 0.4948521452347438 3.0908440189361568 -0.50452595323675642 -0.30482771502597433 0.42074311845302581 3.5815164327621458 1.4337061203348225 1.6112693392038344 -0.3482060100317001 0.99157802976410958 -2.5951409975220177 0.6809611177146434 3.3989184710383413 -1.1341445899009706 3.6151234344814136 0.79760807925462718 -4.0420062800816119 3.500616208217183 -1.1747175869103088 2.2502510647773741 -1.1245559679508208
leaf_weight=35 21 552 21 36 20 31 36 20 30 45 20 53 62 50 20 29 30 25 29 34 20 32 24 23 30 21 61 86 20 425
leaf_count=35 21 552 21 36 20 31 36 20 30 45 20 53 62 50 20 29 30 25 29 34 20 32 24 23 30 21 61 86 20 425
internal_value=3.51746e-09 -0.574244 1.43045 1.53868 1.40789 -0.500314 1.62512 2.75879 0.00702773 -0.995216 0.278664 0.0918079 0.777428 1.61618 1.348 1.21661 1.91829 0.701097 0.326156 -0.552528 -1.38177 2.10566 0.391085 1.26117 2.0203 -2.59172 2.83461 -0.520507 0.250207 -0.816986
internal_weight=1941 1385 556 535 499 51 448 88 408 87 321 301 142 80 360 340 144 196 161 83 54 68 54 78 53 42 90 159 73 977
internal_count=1941 1385 556 535 499 51 448 88 408 87 321 301 142 80 360 340 144 196 161 83 54 68 54 78 53 42 90 159 73 977
is_linear=0
shrinkage=0.03


Tree=77
num_leaves=31
num_cat=0
split_feature=11 11 1 33 34 57 54 37 57 40 58 6 19 31 11 19 40 58 57 38 57 37 16 46 9 44 46 58 4 10
split_gain=1.66709e+06 234757 216110 230320 165572 142431 396336 242203 154268 139181 133335 126753 216758 122816 162987 127359 119794 96952.6 149268 103657 92546.6 88411.5 75718.3 148019 213825 645753 208197 102859 235158 88314.3
threshold=-0.3520614488341256 -0.88144907265856332 11959.142860000002 996.84553570000014 977.2491071500001 265.50000000000006 508.35000000000008 199.85178570000002 278.50000000000006 846.5630580645834 1005.9500000000002 16.500000000000004 6.5000000000000009 775.09464285000013 -0.95642797789208678 1.0000000180025095e-35 568.86604167250016 1006.2500000000001 292.50000000000006 699.99709822500017 277.50000000000006 651.56428570000014 24.750000000000004 23.950000000000003 141.50000000000003 28.450000000000003 24.350000000000005 1006.35 16.500000000000004 0.88144907265856365
decision_type=2 2 2 2 2 2 2 2 2 2 2 2 2 2 2 2 2 2 2 2 2 2 2 2 2 2 2 2 2 2
left_child=1 2 4 20 10 6 9 -7 -9 -3 16 -10 17 -12 15 -15 -1 18 -13 -20 -4 -14 23 29 25 -25 -27 -26 -29 -2
right_child=22 5 3 -5 -6 7 -8 8 11 -11 13 12 21 14 -16 -17 -18 -19 19 -21 -22 -23 -24 24 27 26 -28 28 -30 -31
leaf_value=1.9643235233851841 -0.78945675186351327 0.084832521554121035 0.28592064087207497 -2.0264493129730221 4.653094938885082 3.2934538008715655 -3.8342321829362351 2.4044862779756873 2.0457603359222412 2.8333805007934569 3.5038789228808422 -2.3675172506059918 -3.2720963516235351 3.8494142396826487 0.37898809828656782 1.3593597730000813 -1.2798622210621833 1.2143630368427225 -0.8029306507408619 2.2148528793879914 2.8983770482436468 -0.45127527236938475 -0.87493332086178255 6.0176711311340334 -0.96838085085857573 2.2013822473798479 -1.503652671942344 3.0355265917096821 -1.2327588735635462 -2.7286374268508871
leaf_weight=21 113 97 26 25 22 37 22 41 36 20 52 21 20 38 47 36 20 95 20 21 23 20 788 20 127 21 39 21 26 26
leaf_count=21 113 97 26 25 22 37 22 41 36 20 52 21 20 38 47 36 20 95 20 21 23 20 788 20 127 21 39 21 26 26
internal_value=6.18295e-09 1.09599 1.73124 0.316694 2.17479 0.658366 -0.139977 1.01518 0.707532 0.55467 1.92001 0.408926 0.10981 2.28456 1.76055 2.63804 0.381794 0.612101 -0.310719 0.742763 1.51218 -1.86169 -0.705293 -0.365148 0.065551 1.34925 -0.20689 -0.524655 0.674347 -1.15218
internal_weight=1941 760 310 74 236 450 139 311 274 117 214 233 197 173 121 74 41 157 62 41 49 40 1181 393 254 80 60 174 47 139
internal_count=1941 760 310 74 236 450 139 311 274 117 214 233 197 173 121 74 41 157 62 41 49 40 1181 393 254 80 60 174 47 139
is_linear=0
shrinkage=0.03


Tree=78
num_leaves=31
num_cat=0
split_feature=1 1 54 51 40 54 6 28 50 19 27 12 16 15 3 27 58 16 10 6 58 58 32 19 8 8 6 4 12 14
split_gain=1.5218e+06 178536 171666 217718 183625 192741 139479 159709 215397 217801 166935 268619 149529 126200 124686 117148 117053 161412 160419 111127 146608 106974 97734.5 86814.9 76435.9 73502.1 323264 497062 129804 416077
threshold=5114.3750000000009 595.90178570000012 766.80000000000007 926.50000000000011 990.9648685625001 749.00000000000011 27.500000000000004 1007.4500000000002 99.500000000000014 41.500000000000007 293.50000000000006 0.64987354830121502 23.850000000000005 64.500000000000014 6348568.4285000013 209.00000000000003 1006.5500000000001 24.750000000000004 0.58216583101416164 17.500000000000004 1004.9500000000002 1008.1500000000002 907.54285715000015 2.5000000000000004 1.0000000180025095e-35 3.5000000000000004 27.500000000000004 5.5000000000000009 0.64987354830121502 28.450000000000003
decision_type=2 2 2 2 2 2 2 2 2 2 2 2 2 2 2 2 2 2 2 2 2 2 2 2 2 2 2 2 2 2
left_child=1 25 3 4 5 6 7 8 9 10 11 14 -13 22 -2 -11 19 18 -18 -3 -21 -8 -9 -22 -12 26 28 -28 -1 -30
right_child=2 16 -4 -5 -6 -7 21 13 -10 15 24 12 -14 -15 -16 -17 17 -19 -20 20 23 -23 -24 -25 -26 -27 27 -29 29 -31
leaf_value=-1.0417516510492926 -0.022214947977373677 0.39070371097706735 2.8587307995882898 -1.8235286300832574 -1.2337284741034875 4.0976890442588108 -0.90393312042409724 4.0745907517366629 2.7302982637232001 0.31787208829607277 1.2511398077011109 -2.6086531640743389 0.76319328439235679 1.2994180843234062 2.3209000055789946 -2.8147096694599498 0.51052786855234034 -0.1101819246155875 3.9200120842975115 -2.1744053143150399 0.97730950508798864 1.7421804156303404 1.6161692999709736 -1.0807979106903076 3.6643715159098305 -1.0597760882327607 4.841078209877014 -1.562639024734497 3.0349270816147325 -0.83268311193714961
leaf_weight=377 31 94 55 22 26 22 44 43 55 21 21 29 20 56 60 22 27 77 23 53 35 20 22 39 27 429 24 20 32 115
leaf_count=377 31 94 55 22 26 22 44 43 55 21 21 29 20 56 60 22 27 77 23 53 35 20 22 39 27 429 24 20 32 115
internal_value=6.8748e-10 -0.559178 1.2619 1.09956 1.22347 1.35306 1.22486 1.42958 1.04304 0.641307 1.08186 0.558416 -1.23239 2.34323 1.5227 -1.28484 0.025856 0.751658 2.07889 -0.391234 -0.96999 -0.0770226 3.24251 -0.107369 2.60858 -0.763382 -0.539521 1.9303 -0.746911 0.00924564
internal_weight=1941 1345 596 541 519 493 471 407 286 231 188 140 49 121 91 43 348 127 50 221 127 64 65 74 48 997 568 44 524 147
internal_count=1941 1345 596 541 519 493 471 407 286 231 188 140 49 121 91 43 348 127 50 221 127 64 65 74 48 997 568 44 524 147
is_linear=0
shrinkage=0.03


Tree=79
num_leaves=31
num_cat=0
split_feature=11 11 40 39 54 32 34 37 43 57 58 57 24 46 40 6 19 35 6 48 3 10 32 17 37 30 15 15 24 39
split_gain=1.47964e+06 184936 161998 129521 172426 163691 188608 142371 127378 142976 163605 192919 116952 110784 167642 158661 120849 139570 176653 107207 100967 98561.4 96243 85750.9 83131.1 112571 72603.8 71380 70635.5 124093
threshold=-0.63405362205439475 -0.032701564615071448 994.29754467083342 1174.6620536250002 763.65000000000009 802.69880950000004 178.02142855000002 971.00000000000011 339.44642855000001 60.000000000000007 1005.9500000000002 293.50000000000006 773.20000000000016 23.750000000000004 928.42316468541674 17.500000000000004 3.5000000000000004 20.210714285000005 23.500000000000004 1.0000000180025095e-35 6548168.5000000009 0.35206144883412582 1085.9000000000003 58.500000000000007 585.77500000000009 1029.6071430000002 72.500000000000014 60.500000000000007 147.05000000000004 215.54720981375002
decision_type=2 2 2 2 2 2 2 2 2 2 2 2 2 2 2 2 2 2 2 2 2 2 2 2 2 2 2 2 2 2
left_child=2 13 3 4 5 6 20 21 9 -7 11 -11 -6 15 16 -2 17 18 -15 -17 23 -8 24 -1 -12 -26 -20 -9 29 -18
right_child=1 -3 -4 -5 12 8 7 27 -10 10 22 -13 -14 14 -16 19 28 -19 26 -21 -22 -23 -24 -25 25 -27 -28 -29 -30 -31
leaf_value=-0.48186098036558733 0.66161667844828431 -0.74882863365883956 -1.2773806973866053 -0.90058106149945938 4.7384614911286729 2.822432847704206 4.0326479725837707 2.4979226708412172 2.9967558288574216 -2.4952805230276924 1.8979829106330872 1.1982410130500794 1.8738676337538094 3.3396905217170714 2.9286718482971192 -0.36240423722700638 -0.65278429600786658 -0.32934677100699877 1.9361082286834719 -3.1006882039962278 2.0557914394855499 1.6446617085593087 2.0252446675300599 1.6479512198766073 0.68915275328868142 -1.9835155054278995 -0.31827994957566258 0.024406209502901351 -1.1347818764855588 2.1686401476860047
leaf_weight=46 34 977 21 21 23 21 60 21 20 35 20 20 29 30 20 22 47 69 20 31 50 21 40 27 37 23 36 21 79 20
leaf_count=46 34 977 21 21 23 21 60 21 20 35 20 20 29 30 20 22 47 69 20 31 50 21 40 27 37 23 36 21 79 20
internal_value=3.51087e-09 -0.524807 1.3073 1.40875 1.5031 1.31876 1.8479 2.67858 0.716127 0.48341 0.202727 -1.15218 3.1409 0.0116378 0.268995 -0.937923 0.0922726 0.675677 1.48203 -1.96404 1.01722 3.41354 0.823727 0.305878 0.222968 -0.33537 0.486859 1.26116 -0.527095 0.189432
internal_weight=1941 1385 556 535 514 462 246 123 216 196 175 55 52 408 321 87 301 155 86 53 123 81 120 73 80 60 56 42 146 67
internal_count=1941 1385 556 535 514 462 246 123 216 196 175 55 52 408 321 87 301 155 86 53 123 81 120 73 80 60 56 42 146 67
is_linear=0
shrinkage=0.03


Tree=80
num_leaves=31
num_cat=0
split_feature=11 11 1 43 34 23 57 2 57 6 19 53 30 38 31 11 37 57 19 37 31 57 28 35 31 18 28 16 6 40
split_gain=1.39234e+06 204945 197412 212720 153508 130284 184083 306183 172807 149982 188785 117498 181049 177777 166088 135270 120891 100726 100392 96254 95145.4 91786.8 103477 84139.5 78388.8 91468.1 69808.4 67148.1 146616 681131
threshold=-0.3520614488341256 -0.88144907265856332 11959.142860000002 132.42499998550002 977.2491071500001 202.00000000000003 265.50000000000006 6163.5000000000009 278.50000000000006 16.500000000000004 6.5000000000000009 193.50000000000003 1032.7062500000002 919.88370530000009 874.45000000000016 -0.93540483100319605 952.86875000000009 205.50000000000003 45.500000000000007 626.98750000000007 694.38035715000012 287.50000000000006 1005.35 66.478571430000017 830.63571430000013 34.500000000000007 1006.85 25.550000000000004 27.500000000000004 19.873065476458336
decision_type=2 2 2 2 2 2 2 2 2 2 2 2 2 2 2 2 2 2 2 2 2 2 2 2 2 2 2 2 2 2
left_child=1 2 4 23 11 6 7 17 19 -10 21 12 14 15 -1 20 -15 18 -3 -8 -13 -11 -23 -4 25 -7 -24 28 -2 -30
right_child=27 5 3 -5 -6 24 8 -9 9 10 -12 13 -14 16 -16 -17 -18 -19 -20 -21 -22 22 26 -25 -26 -27 -28 -29 29 -31
leaf_value=3.4251665061950685 -0.64863750267206144 2.5574109070951287 0.35214467602595689 2.1911319606304169 4.4053943372856486 1.2264143571853638 3.8649361834318738 -3.8263109597292813 2.2052909806213883 -0.26351090887730771 -1.7240348727886492 1.4528466725349425 4.4127202562615278 -1.4845021063940866 0.16166884803213177 0.21303187494928186 1.3563603469958672 -0.99358939271224178 -0.24823916494846343 1.0192573192119596 4.1425178748163685 -0.061006560067872737 3.4033589401245115 -2.2825291705131532 0.39753596987043111 4.0955838603973387 1.2326291198730468 -0.97045342840297955 4.2118044376373289 -1.0057477837095135
leaf_weight=25 689 22 20 30 22 20 23 22 38 66 39 20 32 28 32 22 26 38 24 20 29 37 20 24 21 20 40 384 32 76
leaf_count=25 689 22 20 30 22 20 23 22 38 66 39 20 32 28 32 22 26 38 24 20 29 37 20 24 21 20 40 384 32 76
internal_value=-1.15268e-09 1.00161 1.59516 0.243191 2.01909 0.59272 0.390581 -0.675754 0.789985 0.476196 0.150921 1.77376 2.60685 1.18061 1.59303 2.16728 -0.116679 0.149392 1.09359 2.54136 3.04469 0.59953 1.18675 -1.08495 1.88177 2.661 1.95621 -0.644559 -0.487541 0.540194
internal_weight=1941 760 310 74 236 450 389 106 283 240 202 214 89 125 57 71 54 84 46 43 49 163 97 44 61 40 60 1181 797 108
internal_count=1941 760 310 74 236 450 389 106 283 240 202 214 89 125 57 71 54 84 46 43 49 163 97 44 61 40 60 1181 797 108
is_linear=0
shrinkage=0.03


Tree=81
num_leaves=31
num_cat=0
split_feature=11 11 40 37 2 2 37 42 43 32 34 58 54 41 46 20 40 19 42 19 16 8 9 17 43 11 43 17 24 39
split_gain=1.31153e+06 166370 147858 120410 131944 223553 202218 143305 133412 115185 194245 133782 131952 109653 99340.2 193627 150724 109386 93854 92531 83799.6 116848 134738 83704.6 76380.4 76015.3 117111 76975.1 75575.8 104794
threshold=-0.63405362205439475 -0.032701564615071448 994.29754467083342 1258.7312500000003 6049.6071430000011 5442.6964285000004 691.54285715000015 169.00625000000002 434.09285710000012 802.69880950000004 178.02142855000002 1005.9500000000002 469.80000000000007 278.85736723330399 23.750000000000004 3.5000000000000004 928.42316468541674 2.5000000000000004 91.945535700000022 1.0000000180025095e-35 24.250000000000004 3.5000000000000004 144.50000000000003 64.500000000000014 -2.3616071429999992 -0.9733555533461492 -46.606249999999996 20.500000000000004 147.05000000000004 215.54720981375002
decision_type=2 2 2 2 2 2 2 2 2 2 2 2 2 2 2 2 2 2 2 2 2 2 2 2 2 2 2 2 2 2
left_child=2 14 3 4 5 7 -7 9 13 10 12 -11 -1 -9 15 -2 17 20 25 -15 -16 -22 -23 24 -12 26 -13 -27 29 -19
right_child=1 -3 -4 -5 -6 6 -8 8 -10 11 23 18 -14 19 16 -17 -18 28 -20 -21 21 22 -24 -25 -26 27 -28 -29 -30 -31
leaf_value=1.3488942143091787 -2.3494293240138462 -0.70657407910699355 -1.2385073021480015 3.6115554628372193 2.9905995028217633 1.5456241722106934 -2.3487717456817627 3.3469788288116455 4.5659755783081053 -1.0338604001998901 2.0066766855972151 0.40547917213439938 -1.1189192324418287 2.1801408947597851 2.1041518654823301 0.48282688967386878 2.7803199520111082 -0.43795023183777648 -0.91371699142456053 -0.63930180859565733 -0.76019932180345062 3.1431433493750434 0.18811843139369314 1.2617486080527305 4.3499526731429565 -1.0018004056960343 3.0634160880663908 1.6302634491920469 -1.0522125075272348 2.1106316599845885
leaf_weight=78 42 977 21 20 36 20 30 25 20 40 21 25 26 22 30 45 20 53 20 20 50 21 41 24 31 20 37 20 86 20
leaf_count=78 42 977 21 20 36 20 30 25 20 40 21 25 26 22 30 45 20 53 20 20 50 21 41 24 31 20 37 20 86 20
internal_value=3.27411e-09 -0.494094 1.23079 1.32772 1.23903 1.10738 -0.791013 1.32864 2.41576 1.05209 1.5744 0.471752 0.731941 1.7739 0.0147109 -0.884469 0.258414 0.0908454 0.965396 0.837549 0.69601 0.318829 1.18901 2.72725 3.40363 1.33385 1.99167 0.314232 -0.449616 0.260291
internal_weight=1941 1385 556 535 515 479 50 429 87 342 180 162 104 67 408 87 321 301 122 42 142 112 62 76 52 102 62 40 159 73
internal_count=1941 1385 556 535 515 479 50 429 87 342 180 162 104 67 408 87 321 301 122 42 142 112 62 76 52 102 62 40 159 73
is_linear=0
shrinkage=0.03


Tree=82
num_leaves=31
num_cat=0
split_feature=11 11 40 34 27 27 37 40 9 18 6 53 28 33 43 6 39 46 39 31 43 8 41 16 56 9 45 8 9 21
split_gain=1.23533e+06 182609 162384 145906 129498 341129 208132 174437 134307 278538 142364 127288 166488 181757 154371 111192 100072 91080.7 88222.7 113978 86892 84700.3 110032 63728.9 193315 410519 164712 160173 93308.3 103643
threshold=-0.3520614488341256 -0.88144907265856332 870.59410466666679 977.2491071500001 265.50000000000006 209.00000000000003 199.85178570000002 263.58444940604176 142.50000000000003 1.5000000000000002 29.500000000000004 171.50000000000003 1005.9500000000002 848.99285715000008 339.44642855000001 27.500000000000004 786.72578125000007 23.550000000000004 786.72578125000007 1012.8687500000002 100.28482140000001 2.5000000000000004 228.18783373420044 24.750000000000004 11.050000000000002 140.50000000000003 78.500000000000014 3.5000000000000004 145.50000000000003 6.5000000000000009
decision_type=2 2 2 2 2 2 2 2 2 2 2 2 2 2 2 2 2 2 2 2 2 2 2 2 2 2 2 2 2 2
left_child=1 2 3 11 5 16 -6 -7 9 -8 17 -1 13 -13 15 18 -3 -10 -14 -20 -12 22 -19 24 25 -2 -27 -28 -26 -30
right_child=23 4 -4 -5 6 7 8 -9 10 -11 20 12 14 -15 -16 -17 -18 21 19 -21 -22 -23 -24 -25 28 26 27 -29 29 -31
leaf_value=3.0861778122645158 3.9691870702637568 0.45825189777782982 -1.1108178434371949 4.1564811587333681 3.0044128829724079 -0.6736320830680228 1.3447951706717995 -4.0469239503687078 0.060770899154044482 -2.5242586343938656 -1.8169490482496178 1.5907709734780449 2.9329921047389509 -2.2695174489591432 3.5957674703598017 -0.19066334859744921 2.9304023566246031 -0.019027273379839383 -0.14960439695630753 2.0919001999679878 0.88680113410949701 2.615536520104659 2.2980007250649588 -0.76276288771614209 -1.6251221119730095 -1.9762419962882996 1.8587875737641986 -1.4058876909528459 -0.99283134877681734 0.38738895568354376
leaf_weight=39 27 56 20 20 37 37 34 22 37 33 23 21 36 23 30 37 20 39 35 49 20 57 35 788 76 32 38 21 112 87
leaf_count=39 27 56 20 20 37 37 34 22 37 33 23 21 36 23 30 37 20 39 35 49 20 57 35 788 76 32 38 21 112 87
internal_value=2.84205e-09 0.94345 1.50372 1.68404 0.557483 -0.2199 0.890648 -1.93147 0.609319 -0.560858 0.980892 1.50089 1.23325 -0.427107 1.62392 1.24713 1.10882 1.37513 1.69046 1.15794 -0.559391 1.74636 1.07686 -0.607131 -0.295076 0.720666 -0.243181 0.696785 -0.730922 -0.389418
internal_weight=1941 760 310 290 450 135 315 59 278 67 211 270 231 44 187 157 76 168 120 84 43 131 74 1181 393 118 91 59 275 199
internal_count=1941 760 310 290 450 135 315 59 278 67 211 270 231 44 187 157 76 168 120 84 43 131 74 1181 393 118 91 59 275 199
is_linear=0
shrinkage=0.03


Tree=83
num_leaves=31
num_cat=0
split_feature=1 54 52 40 40 10 1 34 32 53 58 31 57 45 15 18 46 58 46 57 17 47 14 56 53 9 8 50 46 41
split_gain=1.13454e+06 151507 201189 147125 166663 232488 132039 130924 153109 166344 156544 126580 131269 123710 117245 94502.6 121438 167770 92467.8 163706 88327.4 87111.2 97163.1 82366.6 71822.2 70801 64528 146454 117189 70189.3
threshold=5114.3750000000009 766.80000000000007 747.00000000000011 990.9648685625001 854.74579614791685 -0.55557023301960229 543.84821430000011 95.449107145000013 802.69880950000004 195.50000000000003 1006.0500000000001 942.17857140000012 276.50000000000006 58.500000000000007 81.500000000000014 39.500000000000007 24.950000000000003 1006.5500000000001 24.750000000000004 288.50000000000006 17.500000000000004 51.500000000000007 32.350000000000001 18.650000000000002 175.50000000000003 142.50000000000003 4.5000000000000009 1.0000000180025095e-35 23.750000000000004 293.41350313936806
decision_type=2 2 2 2 2 2 2 2 2 2 2 2 2 2 2 2 2 2 2 2 2 2 2 2 2 2 2 2 2 2
left_child=6 2 3 4 5 23 -1 24 13 10 -10 12 -6 -9 21 26 17 -17 19 20 -11 22 -15 -2 25 -7 27 28 -8 -28
right_child=1 -3 -4 -5 11 7 15 8 9 18 -12 -13 -14 14 -16 16 -18 -19 -20 -21 -22 -23 -24 -25 -26 -27 29 -29 -30 -31
leaf_value=-0.66012896651552322 0.17102292742047992 2.589717022158883 -1.8728727601874957 -1.1432901461307821 5.3360371799468993 -1.5449624173537546 -3.2972085479736331 0.22270701169967649 0.44772227611541743 -0.05854025704520089 3.6160652885958551 0.73244677952357706 1.9400257853099279 1.1969836328340613 0.82982795715332025 0.40499256978432335 -0.71132161500125091 3.730286557674408 1.6165180502266721 1.5483693363189697 -2.7226978063583371 4.7707321605315576 3.8504347112443713 -2.4860416044507705 1.5068724884706384 0.41730418785143703 0.73817042195215454 0.23150820321674587 -0.7730716296118133 -0.93757575717664532
leaf_weight=992 21 55 22 26 20 23 25 20 25 21 32 21 21 23 21 36 29 22 29 25 24 26 27 21 34 59 82 79 49 31
leaf_count=992 21 55 22 26 20 23 25 20 25 21 32 21 21 23 21 36 29 22 29 25 24 26 27 21 34 59 82 79 49 31
internal_value=1.72227e-09 1.08957 0.937065 1.05618 1.17217 0.962966 -0.482815 1.19191 1.55067 0.935393 2.22644 2.62649 3.59662 2.37104 2.814 0.015471 0.873767 1.66631 0.192062 -0.398069 -1.47942 3.36226 2.62985 -1.15751 0.34759 -0.133088 -0.26525 -0.666808 -1.62582 0.278452
internal_weight=1941 596 541 519 493 431 1345 389 273 156 57 62 41 117 97 353 87 58 99 70 45 76 50 42 116 82 266 153 74 113
internal_count=1941 596 541 519 493 431 1345 389 273 156 57 62 41 117 97 353 87 58 99 70 45 76 50 42 116 82 266 153 74 113
is_linear=0
shrinkage=0.03


Tree=84
num_leaves=31
num_cat=0
split_feature=1 1 24 3 46 14 24 22 37 53 26 33 33 37 34 43 1 3 21 58 16 10 43 6 58 34 33 15 37 37
split_gain=1.06749e+06 124235 119311 154364 392170 307531 187532 179189 154666 142006 180627 147492 121129 132360 110830 95198.3 173795 98394.3 92417.2 87966.9 126265 137417 86442.1 85723.7 116448 85378.9 81152.1 72429.3 74294 64682.7
threshold=5114.3750000000009 543.84821430000011 766.80000000000007 6381406.0000000009 23.550000000000004 31.650000000000002 739.05000000000007 601.50000000000011 329.7044643000001 311.50000000000006 11.550000000000002 996.84553570000014 815.06428575000007 724.69375000000002 177.27142855000002 180.84017855000008 9169.214285500002 6612719.7855000012 273.50000000000006 1006.5500000000001 24.750000000000004 0.58216583101416164 -68.814285640499989 17.500000000000004 1004.9500000000002 934.03482145000009 1069.7642860000003 67.500000000000014 446.27500000000003 505.52142855000005
decision_type=2 2 2 2 2 2 2 2 2 2 2 2 2 2 2 2 2 2 2 2 2 2 2 2 2 2 2 2 2 2
left_child=1 -1 3 4 6 29 7 -2 -5 10 18 15 14 -14 -7 16 25 -17 -10 23 21 -21 -13 -3 -25 -12 -4 28 -26 -6
right_child=2 19 26 8 5 12 -8 -9 9 -11 11 22 13 -15 -16 17 -18 -19 -20 20 -22 -23 -24 24 27 -27 -28 -29 -30 -31
leaf_value=-0.64032510145456578 -1.4571544492488004 0.33660684529691931 3.259579815183367 3.2132658277814454 0.84925616955757133 1.2266091455732071 -3.7796817877292632 1.9125264387130736 0.62701147624424525 3.4912016626766751 1.1946938389998216 1.2506036758422849 2.857093126773834 -0.3628763065073225 3.8854766856792358 4.0285872949872692 -0.55068524351343506 1.5353385554922037 -2.1256343955579009 0.36816748115751474 -0.11149879917502402 3.523760063440903 -1.3849690580368041 -1.9095901429322029 -2.2475010726749893 3.8018901672363281 0.90061545931867182 0.9141317843965121 0.33831721374392509 -1.2585104955497541
leaf_weight=992 49 96 35 37 20 21 20 20 21 21 26 21 20 27 43 28 32 29 23 27 78 23 24 54 20 20 21 35 20 38
leaf_count=992 49 96 35 37 20 21 20 20 21 21 26 21 20 27 43 28 32 29 23 27 78 23 24 54 20 20 21 35 20 38
internal_value=-6.67414e-10 -0.468331 1.05689 0.920198 0.389909 1.2387 -1.22184 -0.480435 1.40536 1.13232 0.91118 1.33237 2.16377 1.00732 3.01304 1.82817 1.14715 2.76009 -0.811872 0.0150069 0.642891 1.81974 -0.155035 -0.34219 -0.847341 2.32826 2.37497 -0.0825209 -0.954592 -0.531694
internal_weight=1941 1345 596 540 258 169 89 69 282 245 224 180 111 47 64 135 78 57 44 353 128 50 45 225 129 46 56 75 40 58
internal_count=1941 1345 596 540 258 169 89 69 282 245 224 180 111 47 64 135 78 57 44 353 128 50 45 225 129 46 56 75 40 58
is_linear=0
shrinkage=0.03


end of trees

feature_importances:
hour_cos=239
day=165
dew_point_2m_lag1=107
wind_direction_10m=97
dew_point_2m=96
wind_speed_10m_lag1=95
generation_lag_96=88
wind_direction_10m_lag1=85
day_of_year=84
cloud_cover_low_lag1=81
cloud_cover_low=65
wind_speed_10m=64
DC_POWER=62
surface_pressure_lag1=62
surface_pressure=58
generation_rolling_mean_24=54
day_of_week=53
direct_normal_irradiance_lag1=51
cloud_cover_mid=50
generation_rolling_mean_4=47
direct_normal_irradiance=46
diffuse_radiation=43
generation_lag_4=41
generation_lag_12=41
DAILY_YIELD=37
relative_humidity_2m=37
generation_rolling_std_24=37
cloud_cover_lag1=37
hour_sin=35
diffuse_radiation_lag1=33
cloud_cover=31
generation_rolling_mean_8=31
day_sin=30
temperature_2m=28
generation_lag_8=28
cloud_cover_high=27
generation_change_4=25
generation_lag_24=23
TOTAL_YIELD=22
temperature_2m_lag1=22
cloud_cover_mid_lag1=22
generation_lag_1=18
direct_radiation_lag1=18
generation_lag_2=17
generation_change_1=16
cloud_cover_high_lag1=16
direct_radiation=15
shortwave_radiation_lag1=15
relative_humidity_2m_lag1=14
hour=9
generation_lag_48=9
global_tilted_irradiance=8
shortwave_radiation=5
minute=3
day_cos=3
global_tilted_irradiance_lag1=2
precipitation_lag1=2
precipitation=1

parameters:
[boosting: gbdt]
[objective: regression]
[metric: l2]
[tree_learner: serial]
[device_type: cpu]
[data_sample_strategy: bagging]
[data: ]
[valid: ]
[num_iterations: 500]
[learning_rate: 0.03]
[num_leaves: 31]
[num_threads: 2]
[seed: 42]
[deterministic: 0]
[force_col_wise: 0]
[force_row_wise: 0]
[histogram_pool_size: -1]
[max_depth: -1]
[min_data_in_leaf: 20]
[min_sum_hessian_in_leaf: 0.001]
[bagging_fraction: 0.8]
[pos_bagging_fraction: 1]
[neg_bagging_fraction: 1]
[bagging_freq: 0]
[bagging_seed: 400]
[bagging_by_query: 0]
[feature_fraction: 0.8]
[feature_fraction_bynode: 1]
[feature_fraction_seed: 30056]
[extra_trees: 0]
[extra_seed: 12879]
[early_stopping_round: 0]
[early_stopping_min_delta: 0]
[first_metric_only: 0]
[max_delta_step: 0]
[lambda_l1: 0]
[lambda_l2: 0]
[linear_lambda: 0]
[min_gain_to_split: 0]
[drop_rate: 0.1]
[max_drop: 50]
[skip_drop: 0.5]
[xgboost_dart_mode: 0]
[uniform_drop: 0]
[drop_seed: 17869]
[top_rate: 0.2]
[other_rate: 0.1]
[min_data_per_group: 100]
[max_cat_threshold: 32]
[cat_l2: 10]
[cat_smooth: 10]
[max_cat_to_onehot: 4]
[top_k: 20]
[monotone_constraints: ]
[monotone_constraints_method: basic]
[monotone_penalty: 0]
[feature_contri: ]
[forcedsplits_filename: ]
[refit_decay_rate: 0.9]
[cegb_tradeoff: 1]
[cegb_penalty_split: 0]
[cegb_penalty_feature_lazy: ]
[cegb_penalty_feature_coupled: ]
[path_smooth: 0]
[interaction_constraints: ]
[verbosity: -1]
[saved_feature_importance_type: 0]
[use_quantized_grad: 0]
[num_grad_quant_bins: 4]
[quant_train_renew_leaf: 0]
[stochastic_rounding: 1]
[linear_tree: 0]
[max_bin: 255]
[max_bin_by_feature: ]
[min_data_in_bin: 3]
[bin_construct_sample_cnt: 200000]
[data_random_seed: 175]
[is_enable_sparse: 1]
[enable_bundle: 1]
[use_missing: 1]
[zero_as_missing: 0]
[feature_pre_filter: 1]
[pre_partition: 0]
[two_round: 0]
[header: 0]
[label_column: ]
[weight_column: ]
[group_column: ]
[ignore_column: ]
[categorical_feature: ]
[forcedbins_filename: ]
[precise_float_parser: 0]
[parser_config_file: ]
[objective_seed: 16083]
[num_class: 1]
[is_unbalance: 0]
[scale_pos_weight: 1]
[sigmoid: 1]
[boost_from_average: 1]
[reg_sqrt: 0]
[alpha: 0.9]
[fair_c: 1]
[poisson_max_delta_step: 0.7]
[tweedie_variance_power: 1.5]
[lambdarank_truncation_level: 30]
[lambdarank_norm: 1]
[label_gain: ]
[lambdarank_position_bias_regularization: 0]
[eval_at: ]
[multi_error_top_k: 1]
[auc_mu_weights: ]
[num_machines: 1]
[local_listen_port: 12400]
[time_out: 120]
[machine_list_filename: ]
[machines: ]
[gpu_platform_id: -1]
[gpu_device_id: -1]
[gpu_use_dp: 0]
[num_gpu: 1]

end of parameters

pandas_categorical:[]
