tree
version=v4
num_class=1
num_tree_per_iteration=1
label_index=0
max_feature_idx=60
objective=quantile
feature_names=PLANT_ID DC_POWER DAILY_YIELD TOTAL_YIELD hour minute day month day_of_week day_of_year hour_sin hour_cos day_sin day_cos temperature_2m relative_humidity_2m dew_point_2m cloud_cover cloud_cover_low cloud_cover_mid cloud_cover_high shortwave_radiation direct_radiation diffuse_radiation direct_normal_irradiance global_tilted_irradiance wind_speed_10m wind_direction_10m surface_pressure precipitation generation_lag_1 generation_lag_2 generation_lag_4 generation_lag_8 generation_lag_12 generation_lag_24 generation_lag_48 generation_lag_96 generation_rolling_mean_4 generation_rolling_mean_8 generation_rolling_mean_24 generation_rolling_std_24 generation_change_1 generation_change_4 temperature_2m_lag1 relative_humidity_2m_lag1 dew_point_2m_lag1 cloud_cover_lag1 cloud_cover_low_lag1 cloud_cover_mid_lag1 cloud_cover_high_lag1 shortwave_radiation_lag1 direct_radiation_lag1 diffuse_radiation_lag1 direct_normal_irradiance_lag1 global_tilted_irradiance_lag1 wind_speed_10m_lag1 wind_direction_10m_lag1 surface_pressure_lag1 precipitation_lag1 is_daytime
feature_infos=none [0:14413.42857] [0:9163] [6190002:7757913.7139999997] [0:23] [0:45] [1:31] [5:6] [0:6] [137:158] [-1:1] [-1:1] [0.41105375468703509:0.70672655557761577] [-0.91161110719302396:-0.7074868024503348] [25.199999999999999:34.600000000000001] [50:99] [20.800000000000001:26.5] [0:100] [0:100] [0:100] [0:100] [0:958] [0:789] [0:375] [0:795.29999999999995] [0:958] [1.3:58.600000000000001] [7:356] [987.20000000000005:1009.6] [0:32.700000000000003] [0:1405.3] [0:1405.3] [0:1405.3] [0:1405.3] [0:1405.3] [0:1405.3] [0:1405.3] [0:1405.3] [0:1274.8656249999999] [0:1243.16316975] [0:1100.1531002083334] [0:596.18673098771092] [-1031.22:742.03392899999994] [-1163.6199999999999:796.08750000000009] [25.199999999999999:34.600000000000001] [50:99] [20.800000000000001:26.5] [0:100] [0:100] [0:100] [0:100] [0:958] [0:789] [0:375] [0:795.29999999999995] [0:958] [1.3:58.600000000000001] [7:356] [987.20000000000005:1009.6] [0:32.700000000000003] [0:1]
tree_sizes=2611 2726 2730 2658 2705 2706 2718 2721 2739 2726 2724 2732 2736 2732 2739 2733 2749 2713 2758 2756 2731 2727 2711 2715 2708 2743 2724 2728 2740 2714 2748 2716 2724 2760 2748 2725 2729 2738 2740 2760 2749 2762 2728 2741 2732 2708 2754 2731 2734 2743 2742 2764 2752 2734 2758 2767 2729 2737 2750 2770 2749 2750 2739 2756 2757 2728 2739 2767 2764 2738 2733 2725 2763 2759 2737 2775 2755 2747 2731 2737 2778 2755 2772 2775 2762 2761 2781 2781 2767 2770 2767 2762 2745 2754 2772 2762 2762 2768 2741 2763 2781 2764 2779 2747 2757 2753 2766 2769 2744 2763 2766 2750 2805 2767 2758 2736 2775 2764 2764 2802 2774 2790 2778 2781 2796 2790 2752 2762 2756 2768 2791 2794 2798 2762 2779 2768 2782 2779 2790 2792 2786 2772 2807 2781 2792 2762 2782 2770 2772 2794 2788 2774 2800 2779 2770 2779 2805 2795 2758 2772 2786 2795 2788 2783 2798

Tree=0
num_leaves=31
num_cat=0
split_feature=11 46 8 40 6 46 32 28 23 9 4 46 27 16 11 48 42 27 1 6 48 6 44 4 32 22 10 44 41 34
split_gain=20.0453 8.27905 4.15058 4.73335 6.11273 2.89116 2.52135 1.95388 1.87429 1.4767 7.78766 3.71488 1.48375 3.97856 1.38672 1.22918 1.21 1.08995 0.678071 0.807692 0.534341 0.910382 1.81362 2.57143 0.429894 0.412185 0.34632 0.194716 0.159307 0.571429
threshold=-0.84874750804349197 24.550000000000004 2.5000000000000004 701.27533479791668 23.500000000000004 24.750000000000004 952.86875000000009 1007.5500000000001 209.50000000000003 140.50000000000003 20.500000000000004 25.650000000000002 326.50000000000006 26.050000000000004 0.91037613702198772 1.0000000180025095e-35 -6.7589285549999998 218.50000000000003 8458.5000000000018 24.500000000000004 29.500000000000004 25.500000000000004 28.950000000000003 3.5000000000000004 1147.2705355000001 130.00000000000003 0.5277851165098012 32.650000000000013 262.02432258461704 280.83571430000006
decision_type=2 2 2 2 2 2 2 2 2 2 2 2 2 2 2 2 2 2 2 2 2 2 2 2 2 2 2 2 2 2
left_child=1 2 15 4 16 -3 17 -6 9 10 14 -12 18 -14 28 -1 -4 -7 20 -20 27 25 23 26 -5 -22 -23 -11 -2 -30
right_child=8 5 3 24 7 6 -8 -9 -10 12 11 -13 13 -15 -16 -17 -18 -19 19 -21 21 22 -24 -25 -26 -27 -28 -29 29 -31
leaf_value=1013.5566853379054 992.80217143031769 1017.087722827902 1015.4309355571673 1005.8525738333908 1015.9005127747141 1014.8586027428078 1014.9215798556153 1007.0130872361108 1012.7142170964918 992.09364929984326 1015.9954972989515 1013.4861364177079 999.61002793099908 1015.0089491768927 1010.6744597017409 993.76743288874195 1015.6818009014939 1010.7723424326763 1009.4497625547365 1004.3860725790876 988.48594892950291 1001.6147148006238 1002.7293102466595 1015.6736369616468 1010.4514602222694 1010.4971153813295 1010.9369722244955 1007.5842216829687 1008.4204731662304 1002.6150864724985
leaf_weight=27 161 24 20 26 21 21 25 34 36 737 28 20 59 20 21 80 25 20 28 24 218 20 65 21 28 20 22 20 20 50
leaf_count=27 161 24 20 26 21 21 25 34 36 737 28 20 59 20 21 80 25 20 28 24 218 20 65 21 28 20 22 20 20 50
internal_value=1007.89 1007.89 1007.89 1007.89 1007.9 1007.9 1007.9 1007.89 1007.89 1007.89 1007.89 1007.9 1007.89 1007.89 1007.89 1007.89 1007.91 1007.89 1007.89 1007.89 1007.89 1007.89 1007.89 1007.89 1007.89 1007.88 1007.89 1007.88 1007.89 1007.89
internal_weight=1941 351 261 154 100 90 66 55 1590 1554 300 48 1254 79 252 107 45 41 1175 52 1123 366 128 63 54 238 42 757 231 70
internal_count=1941 351 261 154 100 90 66 55 1590 1554 300 48 1254 79 252 107 45 41 1175 52 1123 366 128 63 54 238 42 757 231 70
is_linear=0
shrinkage=1


Tree=1
num_leaves=31
num_cat=0
split_feature=11 16 26 9 41 48 33 41 9 47 50 2 6 6 57 11 56 10 26 26 42 17 24 31 54 41 56 26 2 14
split_gain=19.4708 7.2456 4.73873 4.3055 2.88771 2.06649 1.95111 1.74526 1.38627 2.59901 1.75245 2.13329 4.98504 3.05163 3.96218 1.01722 1.11383 0.937729 0.892835 4.48276 0.842726 0.720996 0.697436 0.616411 0.517736 0.768768 0.377419 0.0733583 0.116667 0.0482759
threshold=-0.84874750804349197 24.550000000000004 13.900000000000002 144.50000000000003 337.32860797504355 1.5000000000000002 703.81875000000014 380.73735261194423 149.50000000000003 32.500000000000007 30.500000000000004 1057.0714285000001 22.500000000000004 25.500000000000004 295.50000000000006 -0.70710678118654757 18.250000000000004 0.35206144883412577 8.6500000000000004 7.8500000000000005 -119.65624999999999 48.500000000000007 286.75000000000006 910.72857145000012 627.25000000000011 339.22157483328903 7.2000000000000002 19.950000000000003 7464.2857145000007 32.150000000000013
decision_type=2 2 2 2 2 2 2 2 2 2 2 2 2 2 2 2 2 2 2 2 2 2 2 2 2 2 2 2 2 2
left_child=1 2 3 -1 -3 7 -6 20 9 18 11 13 -13 17 21 16 -10 -11 19 26 -4 -15 -19 -22 25 -7 -2 -20 -29 -17
right_child=8 4 5 -5 6 24 -8 -9 15 10 -12 12 -14 14 -16 29 -18 22 27 -21 23 -23 -24 -25 -26 -27 -28 28 -30 -31
leaf_value=7.4392723642516883 -14.285665467493638 6.6158406119604027 7.2158690849071263 3.393344254146168 5.1196004818872485 -5.9449544353693149 8.1822268515361625 7.4691000272369061 -1.3310049694665156 2.5595518041415972 -19.120829924654789 8.0225747926748117 -5.5072555061371986 -6.4071996377672926 7.1972937572322779 -16.709083252597619 3.0662800656818638 -10.373611830820062 -10.273191931196127 7.2695649170310723 3.663153233759755 4.0280765713586595 4.0933822195777614 -1.6352009740029338 -7.506810838736329 3.2246073588797994 0.28993386186370967 -5.5027245135203184 -5.1420769571307963 -10.086888159191703
leaf_weight=27 104 33 26 22 21 29 31 24 34 26 78 34 25 26 32 560 22 136 353 21 30 31 20 31 56 21 20 20 28 20
leaf_count=27 104 33 26 22 21 29 31 24 34 26 78 34 25 26 32 560 22 136 353 21 30 31 20 31 56 21 20 20 28 20
internal_value=-7.88261e-05 0.00631624 0.0038797 0.0123061 0.0139412 0.00197696 0.0183462 0.00483784 -0.00149057 -0.000767296 0.00104412 0.002 0.00716949 0.000874538 0.00542697 -0.00257547 0.00128571 -0.00135165 -0.00212088 -0.000103449 0.00286207 0.00068421 -0.00223077 0.000934426 -0.00101887 0.0012 -0.00227419 -0.00285037 -0.00175 -0.00294828
internal_weight=1941 351 266 49 85 217 52 111 1590 954 408 330 59 271 89 636 56 182 546 145 87 57 156 61 106 50 124 401 48 580
internal_count=1941 351 266 49 85 217 52 111 1590 954 408 330 59 271 89 636 56 182 546 145 87 57 156 61 106 50 124 401 48 580
is_linear=0
shrinkage=0.03


Tree=2
num_leaves=31
num_cat=0
split_feature=11 46 26 9 46 38 8 35 57 27 26 23 9 4 16 9 1 30 3 48 58 11 26 44 38 1 4 44 9 31
split_gain=19.9947 8.4604 4.09073 4.0095 2.89116 2.16182 2.0266 1.98413 1.61426 1.50965 3.45108 1.60798 1.22383 6.15115 2.85168 1.14464 0.688449 0.691026 0.523709 0.473441 0.627049 0.708333 1.36969 3.27726 0.362621 0.33 0.310676 0.194716 0.184615 0.160556
threshold=-0.84874750804349197 24.550000000000004 13.900000000000002 144.50000000000003 24.750000000000004 901.2640624500001 3.5000000000000004 245.86875000000003 55.000000000000007 326.50000000000006 4.9500000000000011 209.50000000000003 140.50000000000003 20.500000000000004 25.550000000000004 144.50000000000003 8458.5000000000018 896.91428570000016 6383439.2145000007 29.500000000000004 1006.4500000000002 0.83146961230254512 9.7500000000000018 29.150000000000002 1148.8903273750004 3088.7857145000003 1.5000000000000002 32.650000000000013 146.50000000000003 705.31428570000014
decision_type=2 2 2 2 2 2 2 2 2 2 2 2 2 2 2 2 2 2 2 2 2 2 2 2 2 2 2 2 2 2
left_child=1 2 3 -1 -3 -6 8 15 -4 11 -11 12 13 26 -15 -8 19 -18 -17 27 -21 22 28 -24 -10 -12 -2 -14 -22 -28
right_child=9 4 6 -5 5 -7 7 -9 24 10 25 -13 16 14 -16 18 17 -19 -20 20 21 -23 23 -25 -26 -27 29 -29 -30 -31
leaf_value=7.1740281859454003 0.92255055825842402 8.6787374966985738 6.4185455755429812 2.735556654973708 5.3055984519052473 6.8052294799526791 6.3508325016274938 -3.4314919973576452 -11.988300069958647 5.3834038256756163 -22.531091620413129 4.5001644859561338 -14.818774522394445 7.0648260771655744 4.8207249621167341 3.3104309916048895 1.4176449222141128 -2.5782737932078152 5.7942214522824509 -14.519417545468393 -6.0103542270741412 -10.800244055173973 6.5764493848459944 -0.66843294432822564 0.4348196608853428 0.30220972693438886 -5.9226246003166843 -0.34672088438613013 -0.34636235561867307 -8.5905166663327712
leaf_weight=27 21 24 21 20 34 32 27 20 83 36 55 36 737 24 23 22 30 22 21 162 48 68 22 36 20 20 180 20 30 20
leaf_count=27 21 24 21 20 34 32 27 20 83 36 55 36 737 24 23 22 30 22 21 162 48 68 22 36 20 20 180 20 30 20
internal_value=-7.88261e-05 0.00640171 0.00366667 0.0116809 0.0143333 0.0110909 0.00190654 0.00533333 -0.000580646 -0.00150943 0.00186486 -0.00176268 -0.00191892 -8.9553e-05 0.00976596 0.00771428 -0.00233617 0.00103846 0.00467442 -0.00249243 -0.00160656 -0.000500001 0.000749999 0.00424138 -0.00212621 -0.0018 -0.00218552 -0.00292074 -0.00184615 -0.00255
internal_weight=1941 351 261 47 90 66 214 90 124 1590 111 1479 1443 268 47 70 1175 52 43 1123 366 204 136 58 103 75 221 757 78 200
internal_count=1941 351 261 47 90 66 214 90 124 1590 111 1479 1443 268 47 70 1175 52 43 1123 366 204 136 58 103 75 221 757 78 200
is_linear=0
shrinkage=0.03


Tree=3
num_leaves=30
num_cat=0
split_feature=11 41 46 23 8 39 9 32 37 26 9 47 6 27 41 47 11 6 27 3 43 11 11 21 1 54 26 1 1
split_gain=19.0023 7.7826 5.71757 4.38798 3.75336 4.44062 2.64843 2.34059 2.31527 1.26729 1.24519 1.95746 1.2914 4.02001 2.10284 3.30189 1.72033 0.750976 4.4343 0.734337 0.646042 0.350234 0.154013 0.0482759 0.0473958 0.0424242 0.0327381 8.88178e-16 4.44089e-16
threshold=-0.77259657388510616 336.58613312049175 24.450000000000003 291.00000000000006 2.5000000000000004 1009.1806919937502 154.50000000000003 942.17857140000012 645.58660715000008 11.15 149.50000000000003 32.500000000000007 25.500000000000004 295.50000000000006 116.07845057385099 64.500000000000014 0.96592582628906831 19.500000000000004 282.50000000000006 6369944.2860000012 -238.00446428499995 -0.70710678118654757 0.88144907265856365 541.00000000000011 8048.5000000000009 430.25000000000006 19.950000000000003 2283.6250000000005 6493.3750000000009
decision_type=2 2 2 2 2 2 2 2 2 2 2 2 2 2 2 2 2 2 2 2 2 2 2 2 2 2 2 2 2
left_child=1 3 4 6 -3 8 9 -4 -6 -1 11 17 14 19 16 -16 22 18 -2 -14 -11 -12 -13 27 28 -22 -20 -23 -19
right_child=10 2 7 -5 5 -7 -8 -9 -10 20 21 12 13 -15 15 -17 -18 24 26 -21 25 23 -24 -25 -26 -27 -28 -29 -30
leaf_value=1.9839953889010218 6.8194758093762493 -6.5196715006780694 6.0847507299886248 6.9143769662445074 6.8787216331261494 4.0916922257768853 3.4420694890717418 7.6699997720007884 6.7387300267672403 5.6726112154091384 0.79146203766646617 -15.460486728088267 3.9696174470122623 6.8560603383728109 5.2247326482552863 -4.3583798653107717 2.8280642479012412 -15.730593516919578 -5.2937045093131037 -3.5502618969152593 -4.2228761868653706 -25.728152925371752 -0.78552857576549284 -8.7111734757208854 -2.7680425249845255 -3.3313166915580239 -4.6311864145447306 -7.0956991118833441 -4.9721755486112293
leaf_weight=31 22 38 29 37 20 35 27 32 23 29 24 178 29 31 28 25 30 343 88 42 20 467 23 20 20 112 24 93 21
leaf_count=31 22 38 29 37 20 35 27 32 23 29 24 178 29 31 28 25 30 343 88 42 20 467 23 20 20 112 24 93 21
internal_value=-0.000156106 0.00538337 0.0102203 0.00203906 0.00631034 0.0100769 0.000424657 0.0176557 0.0165349 -0.000812501 -0.00174669 -0.00104204 0.000575129 0.00347059 -0.000464789 0.00492453 -0.0017013 -0.0022471 -0.000313434 -0.000464789 -0.00188199 -0.00280133 -0.00270149 -0.00294828 -0.00292188 -0.00277273 -0.00273214 -0.003 -0.003
internal_weight=1941 433 177 256 116 78 219 61 43 192 1508 904 386 102 284 53 231 518 134 71 161 604 201 580 384 132 112 560 364
internal_count=1941 433 177 256 116 78 219 61 43 192 1508 904 386 102 284 53 231 518 134 71 161 604 201 580 384 132 112 560 364
is_linear=0
shrinkage=0.03


Tree=4
num_leaves=31
num_cat=0
split_feature=11 46 56 9 56 32 54 9 53 35 9 40 8 44 53 10 28 56 40 57 40 31 9 9 53 11 21 27 4 1
split_gain=17.9106 6.45982 3.82177 3.68937 3.54632 3.49792 2.59554 1.81048 1.53194 2.00119 1.24519 1.98255 1.36639 4.14956 2.19609 2.08462 5.06164 1.31062 1.36578 1.21 1.02889 0.74922 0.655856 0.602469 0.560223 0.350234 0.0482759 0.0469419 0.0409091 8.88178e-16
threshold=-0.77259657388510616 24.550000000000004 13.900000000000002 144.50000000000003 11.950000000000001 952.86875000000009 458.00000000000006 151.50000000000003 174.50000000000003 239.25000000000003 149.50000000000003 206.61171874762499 1.5000000000000002 28.150000000000002 128.50000000000003 0.35206144883412577 1005.85 8.9500000000000011 5.5314360118750008 269.50000000000006 344.24196428785422 902.08125000000007 146.50000000000003 142.50000000000003 229.00000000000003 -0.70710678118654757 541.00000000000011 303.50000000000006 10.500000000000002 2283.6250000000005
decision_type=2 2 2 2 2 2 2 2 2 2 2 2 2 2 2 2 2 2 2 2 2 2 2 2 2 2 2 2 2 2
left_child=1 2 3 4 -1 6 20 8 9 -4 11 12 13 -2 17 16 -15 -14 19 -19 -3 -9 -17 -20 28 -12 29 -13 -10 -27
right_child=10 5 7 -5 -6 -7 -8 21 24 -11 25 27 14 15 -16 22 -18 18 23 -21 -22 -23 -24 -25 -26 26 -28 -29 -30 -31
leaf_value=4.693161073243969 6.0538411114656876 -0.19821851647078614 7.2837093721764132 1.073720104389069 6.9078311486358368 7.4756632843892561 4.281085091890799 5.7196254868159553 -5.3809980816990164 -3.720437232477356 0.76771817653647056 -9.9308045940365197 -10.172465439108841 7.3263401537049369 3.9024537161760904 -12.852377060630973 -8.8100990669003174 2.9316954959032833 1.5936708590174338 7.1124815690591197 6.2843880271224908 4.3005744076244676 3.0846912760130363 -3.6077054938651689 2.684771919098921 -24.956308337610601 -8.4498382714492593 -2.4957448601582537 -7.3463095783378014 -6.8828281385268424
leaf_weight=22 20 20 28 37 20 35 26 22 20 32 24 307 229 27 26 91 38 25 20 20 29 21 20 61 31 467 20 20 90 93
leaf_count=22 20 20 28 37 20 35 26 22 20 32 24 307 229 27 26 91 38 25 20 20 29 21 20 61 31 467 20 20 90 93
internal_value=-0.000202474 0.00517552 0.00303715 0.00877215 0.0148571 0.0114545 0.0078 0.00118033 -1.49261e-05 0.004 -0.00174669 -0.00104204 1.55972e-05 0.00205102 -0.0010315 0.000579545 0.00484615 -0.00164789 0.000809523 0.005 0.00373469 0.00676744 -0.00191892 -0.00151852 -0.0017234 -0.00280133 -0.00294828 -0.00290826 -0.00272727 -0.003
internal_weight=1941 433 323 79 42 110 75 244 201 60 1508 904 577 196 381 176 65 355 126 45 49 43 111 81 141 604 580 327 110 560
internal_count=1941 433 323 79 42 110 75 244 201 60 1508 904 577 196 381 176 65 355 126 45 49 43 111 81 141 604 580 327 110 560
is_linear=0
shrinkage=0.03


Tree=5
num_leaves=31
num_cat=0
split_feature=11 41 16 14 8 39 8 33 37 40 9 4 28 11 27 16 23 30 58 34 34 48 28 42 11 1 1 4 36 41
split_gain=17.5539 6.54619 4.82263 3.70935 3.35546 3.47929 2.64565 2.29421 2.04848 1.25025 1.22639 5.7594 3.30688 1.4191 1.17082 3.36133 0.978685 0.84776 0.696115 0.899477 2.48848 0.350796 0.45708 0.9 1.72174 0.280189 0.235714 0.230488 0.1189 0.0975524
threshold=-0.77259657388510616 336.58613312049175 24.450000000000003 31.850000000000005 2.5000000000000004 1009.1806919937502 3.5000000000000004 703.81875000000014 645.58660715000008 681.82994790395844 140.50000000000003 20.500000000000004 1005.7500000000001 0.91037613702198772 326.50000000000006 26.050000000000004 158.50000000000003 552.42142855000009 1006.35 413.57410715000009 688.90803570000014 30.500000000000004 1007.2500000000001 23.605535711999924 0.47114434510950071 8402.5714285000013 9859.2500000000018 11.500000000000002 1036.9000000000003 262.02432258461704
decision_type=2 2 2 2 2 2 2 2 2 2 2 2 2 2 2 2 2 2 2 2 2 2 2 2 2 2 2 2 2 2
left_child=1 3 4 6 27 8 9 -4 -6 -1 11 13 -13 29 16 -16 21 -18 -5 -20 -21 -12 28 24 -24 -19 -22 -3 -23 -2
right_child=10 2 7 18 5 -7 -8 -9 -10 -11 14 12 -14 -15 15 -17 17 25 19 20 26 22 23 -25 -26 -27 -28 -29 -30 -31
leaf_value=0.10910775917972476 -13.686107832454281 -27.233235387806218 4.8408102884142421 -3.1922673949072151 6.4651250496732926 4.0986806059032164 5.8236891825950803 7.2692136879906588 5.9996513528377831 6.5367765220987577 -14.31621168424885 8.4378551832247943 2.5138095355873062 2.1604183327387707 -8.8635143807324699 6.143075889783149 4.2735327177721132 -3.5929596806869046 -1.4239997655371361 5.6861973647248343 -16.284355175888955 -11.467496175126721 4.0167515671911396 -1.7251756243407212 -14.977368443766506 0.27012127726959645 0.27818069998614675 2.9779015518643126 -6.3404273234350761 -1.2988580155870386
leaf_weight=36 155 21 22 64 20 36 22 34 24 28 736 21 27 21 53 20 25 33 44 20 22 218 23 45 22 20 20 20 24 65
leaf_count=36 155 21 22 64 20 36 22 34 24 28 736 21 27 21 53 20 25 33 44 20 22 218 23 45 22 20 20 20 24 65
internal_value=-0.00021793 0.00510623 0.00954237 0.00203906 0.00617355 0.00975 0.00711628 0.0168214 0.0154091 0.00403125 -0.00174669 1.03799e-05 0.0095 -0.00187967 -0.00216325 0.00152055 -0.00239791 0.000846153 -0.000529412 0.000962263 0.00329032 -0.00263483 -0.0018253 -7.15256e-10 0.003 -0.00130189 -0.000857144 -0.000804879 -0.00250413 -0.00259091
internal_weight=1941 433 177 256 121 80 86 56 44 64 1508 289 48 241 1219 73 1146 78 170 106 62 1068 332 90 45 53 42 41 242 220
internal_count=1941 433 177 256 121 80 86 56 44 64 1508 289 48 241 1219 73 1146 78 170 106 62 1068 332 90 45 53 42 41 242 220
is_linear=0
shrinkage=0.03


Tree=6
num_leaves=31
num_cat=0
split_feature=11 46 56 56 46 18 48 23 41 14 27 26 12 4 6 26 23 3 40 18 48 6 41 10 46 30 4 8 14 41
split_gain=16.6416 6.65418 3.34461 5.17974 3.16768 2.86883 2.12886 1.51535 1.26919 1.82976 1.23572 2.50814 1.1315 4.78325 1.9687 0.815217 0.65817 0.6674 0.592208 0.49 0.446284 0.794004 1.01707 1.30628 0.694444 0.33 0.286852 0.278293 0.182222 0.148571
threshold=-0.84874750804349197 24.550000000000004 13.900000000000002 11.950000000000001 24.750000000000004 30.500000000000004 1.5000000000000002 209.50000000000003 321.11657227109714 32.850000000000001 326.50000000000006 4.9500000000000011 0.66285048286959747 20.500000000000004 17.500000000000004 18.250000000000004 158.50000000000003 6643394.2500000009 190.88969493993756 3.5000000000000004 29.500000000000004 25.500000000000004 17.281510316699386 0.58216583101416164 25.450000000000003 245.86875000000003 1.5000000000000002 3.5000000000000004 29.450000000000003 262.02432258461704
decision_type=2 2 2 2 2 2 2 2 2 2 2 2 2 2 2 2 2 2 2 2 2 2 2 2 2 2 2 2 2 2
left_child=1 2 3 -1 -3 19 8 10 15 -10 12 -12 16 26 -15 -4 20 18 -18 -6 -2 28 23 -23 -25 -13 -14 -8 -22 -28
right_child=7 4 6 -5 5 -7 27 -9 9 -11 11 25 13 14 -16 -17 17 -19 -20 -21 21 22 -24 24 -26 -27 29 -29 -30 -31
leaf_value=-1.3093654438778459 -13.743874669474286 7.754133699973603 -0.95415196604752139 6.2427199659606556 3.738021995026434 6.3890630412067564 -27.80315478250132 3.976636057945913 -0.59600011686267207 6.8852084681214034 4.7513848784784756 -19.579952644443974 0.6338374328491907 1.0575188389935783 7.3576571014715437 4.7274619330356789 0.48727518085249327 1.7849083061139679 -2.1326136440706431 2.6957110719215791 -19.31595905984042 -5.1793227499464347 -5.9376189391022134 6.6409824332943179 2.5677010940329041 0.3931402469496304 -11.771441641354013 0.49148889612041113 0.13266712111700116 -0.79473910206953857
leaf_weight=25 730 24 25 32 25 21 77 36 20 38 36 55 21 23 24 23 20 25 57 20 205 24 49 25 20 20 130 21 20 70
leaf_count=25 730 24 25 32 25 21 77 36 20 38 36 55 21 23 24 23 20 25 57 20 205 24 49 25 20 20 130 21 20 70
internal_value=-0.000279753 0.00563248 0.0032069 0.00963158 0.0126667 0.00927273 0.00141176 -0.00158491 0.00435849 0.00734483 -0.00172587 0.00132432 -0.0019605 -0.000201493 0.00848936 0.000749999 -0.0023617 -5.88242e-05 -0.00144156 0.005 -0.00258062 -0.00168805 0.000305084 0.00265217 0.00566667 -0.0018 -0.00204977 -0.00177551 -0.00273333 -0.0024
internal_weight=1941 351 261 57 90 66 204 1590 106 58 1554 111 1443 268 47 48 1175 102 77 45 1073 343 118 69 45 75 221 98 225 200
internal_count=1941 351 261 57 90 66 204 1590 106 58 1554 111 1443 268 47 48 1175 102 77 45 1073 343 118 69 45 75 221 98 225 200
is_linear=0
shrinkage=0.03


Tree=7
num_leaves=31
num_cat=0
split_feature=11 41 16 14 8 39 8 32 37 35 12 4 28 11 10 12 6 15 44 42 16 45 4 43 8 3 2 4 42 3
split_gain=17.6559 6.54619 4.82263 4.23658 3.35546 3.47929 2.44397 2.16071 2.04848 1.48103 1.25432 5.02574 2.73843 1.37208 0.988125 1.89384 1.95268 4.0953 2.20952 0.670936 0.797412 0.430478 0.230488 0.147273 0.125543 0.212095 0.111111 0.105 0.0441159 0.0256098
threshold=-0.77259657388510616 336.58613312049175 24.450000000000003 31.850000000000005 2.5000000000000004 1009.1806919937502 3.5000000000000004 942.17857140000012 645.58660715000008 202.51607145000003 0.66285048286959747 20.500000000000004 1005.7500000000001 0.91037613702198772 0.58216583101416164 0.53946920585801694 25.500000000000004 80.500000000000014 30.350000000000005 -115.20178564999995 23.750000000000004 58.500000000000007 11.500000000000002 229.88392857000005 3.5000000000000004 6299713.2680000011 151.25000000000003 18.500000000000004 -194.12053570000003 6582678.2855000012
decision_type=2 2 2 2 2 2 2 2 2 2 2 2 2 2 2 2 2 2 2 2 2 2 2 2 2 2 2 2 2 2
left_child=1 3 4 6 22 8 9 -4 -6 -1 14 13 -13 23 21 -16 18 26 -17 20 -5 -2 -3 27 -21 -26 -18 -12 -23 -27
right_child=10 2 7 19 5 -7 -8 -9 -10 -11 11 12 -14 -15 15 16 17 -19 -20 24 -22 28 -24 -25 25 29 -28 -29 -30 -31
leaf_value=1.0072749121058746 1.341738684673037 -25.582143682696991 5.439419587625399 -3.1933551882455382 6.0838896992042688 3.76916393368248 5.4445459140884145 6.8187727753822402 5.6188879652979535 5.7087067732142067 -13.591237211595358 7.9639898146839041 2.4066696843498812 1.9530642953042379 -10.647264478758309 -7.0836053398322676 -0.16410776001483429 6.1936519071291816 3.783299591665692 -14.690890078517871 4.4864177750712644 -9.3117372635669184 2.7626118765380618 -2.2802459006018188 0.4818659907139779 -0.65071107687137697 -6.448918304213084 -0.60392506022648607 -13.713768045839734 -3.0952629645734886
leaf_weight=39 20 21 28 25 20 36 22 28 24 25 168 21 27 21 228 116 20 39 24 56 28 22 20 20 20 21 25 32 725 20
leaf_count=39 20 21 28 25 20 36 22 28 24 25 168 21 27 21 228 116 20 39 24 56 28 22 20 20 20 21 25 32 725 20
internal_value=-0.000233386 0.00510623 0.00954237 0.00203906 0.00617355 0.00975 0.00746512 0.0168214 0.0154091 0.0045 -0.00176658 1.03799e-05 0.008875 -0.00175519 -0.00218786 -0.00107522 0.000883928 0.0045 -0.00128572 -0.000705883 0.00209434 -0.00284355 -0.000804879 -0.00245455 -0.00197436 -0.00103279 -0.00166667 -0.0027 -0.00295984 -0.00226829
internal_weight=1941 433 177 256 121 80 86 56 44 64 1508 289 48 241 1219 452 224 84 140 170 53 767 41 220 117 61 45 200 747 41
internal_count=1941 433 177 256 121 80 86 56 44 64 1508 289 48 241 1219 452 224 84 140 170 53 767 41 220 117 61 45 200 747 41
is_linear=0
shrinkage=0.03


Tree=8
num_leaves=31
num_cat=0
split_feature=11 41 46 14 8 21 33 8 40 12 4 16 11 10 12 17 15 45 8 11 45 6 23 43 16 4 23 30 30 3
split_gain=17.2007 6.75227 4.55692 4.42155 3.50646 2.88462 2.50536 2.44397 1.5873 1.22639 5.02574 2.17482 1.37208 1.06369 1.7677 1.65596 1.87422 1.97147 0.684856 1.07017 0.430478 0.291107 0.26155 0.147273 0.129825 0.105 0.0486613 0.045614 0.0376543 8.88178e-16
threshold=-0.77259657388510616 336.58613312049175 24.450000000000003 31.850000000000005 2.5000000000000004 918.50000000000011 751.50892855000018 3.5000000000000004 681.82994790395844 0.66285048286959747 20.500000000000004 25.550000000000004 0.91037613702198772 0.58216583101416164 0.53946920585801694 44.500000000000007 81.500000000000014 71.500000000000014 3.5000000000000004 -0.93540483100319605 58.500000000000007 25.500000000000004 168.50000000000003 229.88392857000005 24.950000000000003 18.500000000000004 198.50000000000003 516.83571430000018 327.22857140000002 7683977.642500001
decision_type=2 2 2 2 2 2 2 2 2 2 2 2 2 2 2 2 2 2 2 2 2 2 2 2 2 2 2 2 2 2
left_child=1 3 4 7 -3 -6 -4 8 -1 13 12 -12 23 20 27 21 17 -17 -5 -20 -2 28 -21 25 -19 -11 29 -15 -16 -22
right_child=9 2 6 18 5 -7 -8 -9 -10 10 11 -13 -14 14 15 16 -18 24 19 22 26 -23 -24 -25 -26 -27 -28 -29 -30 -31
leaf_value=-0.051365955110188426 1.3014865241328459 -6.6074339872326497 5.1975246077781279 -14.158499097539114 5.0147867595785751 3.9970853797443775 6.5929042837452396 5.281209536665763 6.0077673183927454 -13.183500095247496 6.9236179558153728 4.2879690318064663 1.8944723664451082 -14.364969476482196 -18.592275881554212 3.8709676384929335 5.2979091409397325 -2.6764659429210718 4.6147880783078081 -0.088726611300016439 -14.795695538032204 0.092447060941409059 -1.4639781720802221 -2.2118385235837641 0.50812012237556781 -0.58580730841969053 -1.0084416428742886 -1.6942990524799035 -2.7661206752781196 -17.4797049219179
leaf_weight=36 20 38 30 76 39 39 31 22 28 168 25 23 21 208 61 20 34 37 33 22 705 32 39 20 20 32 20 20 20 22
leaf_count=36 20 38 30 76 39 39 31 22 28 168 25 23 21 208 61 20 34 37 33 22 705 32 39 20 20 32 20 20 20 22
internal_value=-0.000233386 0.00503695 0.00954237 0.00192187 0.00605172 0.00969231 0.0161803 0.00746512 0.0045 -0.00174669 1.03799e-05 0.008875 -0.00175519 -0.00216325 -0.00100885 0.000883928 0.00348649 0.000896103 -0.000882354 0.000829787 -0.00284355 -0.00167257 -0.00152459 -0.00245455 -0.00194737 -0.0027 -0.00295984 -0.00286842 -0.00262963 -0.003
internal_weight=1941 433 177 256 116 78 61 86 64 1508 289 48 241 1219 452 224 111 77 170 94 767 113 61 220 57 200 747 228 81 727
internal_count=1941 433 177 256 116 78 61 86 64 1508 289 48 241 1219 452 224 111 77 170 94 767 113 61 220 57 200 747 228 81 727
is_linear=0
shrinkage=0.03


Tree=9
num_leaves=31
num_cat=0
split_feature=38 10 6 8 14 8 23 6 37 12 4 12 4 16 4 48 26 45 5 14 31 31 6 45 46 8 27 26 48 4
split_gain=13.6173 7.95397 5.85856 3.47871 2.96931 2.69652 2.6019 1.80564 1.78591 1.16706 1.23934 1.10061 5.09455 2.17482 1.14583 1.02207 1.73845 1.52932 0.712826 0.601714 0.4 0.372414 0.357307 0.445307 1.00278 0.182 0.290727 0.123891 0.0685042 0.121569
threshold=764.57901787500009 -0.16280825711808977 25.500000000000004 2.5000000000000004 32.45000000000001 1.0000000180025095e-35 291.00000000000006 28.500000000000004 1179.7973215000002 0.52490632455031438 14.500000000000002 0.66285048286959747 20.500000000000004 25.550000000000004 1.5000000000000002 34.500000000000007 4.9500000000000011 70.500000000000014 22.500000000000004 32.850000000000001 977.2491071500001 1166.4571430000003 25.500000000000004 81.500000000000014 25.550000000000004 5.5000000000000009 303.50000000000006 25.000000000000004 29.500000000000004 8.5000000000000018
decision_type=2 2 2 2 2 2 2 2 2 2 2 2 2 2 2 2 2 2 2 2 2 2 2 2 2 2 2 2 2 2
left_child=6 8 3 5 -5 -3 11 -4 9 10 20 15 14 -14 -13 19 -17 -18 -6 27 -2 -11 -19 -24 -25 -16 -27 28 -1 -30
right_child=1 2 7 4 18 -7 -8 -9 -10 21 -12 12 13 -15 25 16 17 22 -20 -21 -22 -23 23 24 -26 26 -28 -29 29 -31
leaf_value=-11.533245121700913 4.9150671366345113 5.8786014426040989 -24.791486295420217 6.0574287996756784 4.0025796749887519 0.21002966743707074 5.1914973355399008 2.3118490267237988 6.7718635985645141 -3.5726691086463704 -2.0208683674758539 1.828571460840309 6.7159094171409102 4.1593299608522747 -8.8771357522829373 2.693918628588551 3.7337881347203052 -13.742525563071364 6.2000327236859363 1.4311966587257803 4.8799779267175838 0.35295821020820056 -3.3201457399451058 5.5733126996477198 -5.1269117295545552 -8.6230957966395163 0.35710034533332158 -3.9102393567274039 -3.8771512536941311 -10.272734007383503
leaf_weight=748 20 20 36 39 22 31 24 22 20 96 21 24 25 23 183 35 30 198 21 24 20 20 43 24 36 29 28 28 20 31
leaf_count=748 20 20 36 39 22 31 24 22 20 96 21 24 25 23 183 35 30 198 21 24 20 20 43 24 36 29 28 28 20 31
internal_value=-0.000295209 0.00473196 0.00909424 0.0125639 0.0163902 0.00641176 -0.00155119 0.00113793 0.000502537 -0.000457628 0.00290164 -0.00170504 -0.000115385 0.008875 -0.00175 -0.00211257 -0.000786886 -0.00145922 0.0109535 -0.00268273 0.006 -0.00222414 -0.00210299 -0.000669904 0.000999999 -0.002375 -0.000894738 -0.00281862 -0.00288736 -0.00182353
internal_weight=1941 388 191 133 82 51 1553 58 197 177 61 1529 312 48 264 1217 366 331 43 851 40 116 301 103 60 240 57 827 799 51
internal_count=1941 388 191 133 82 51 1553 58 197 177 61 1529 312 48 264 1217 366 331 43 851 40 116 301 103 60 240 57 827 799 51
is_linear=0
shrinkage=0.03


Tree=10
num_leaves=31
num_cat=0
split_feature=11 41 23 8 26 8 31 14 17 12 4 28 11 57 46 12 23 30 8 41 48 58 10 42 26 57 36 3 4 28
split_gain=15.9209 5.15098 3.67491 3.16281 4.93072 3.43228 3.22575 1.56403 1.67224 1.40515 4.90872 2.73843 1.32585 0.990021 2.66116 0.876587 0.788142 0.984975 0.59732 0.47801 0.333483 0.388929 0.505038 1.02904 1.78571 0.32 0.25 0.232919 0.18889 0.1692
threshold=-0.77259657388510616 336.58613312049175 291.00000000000006 2.5000000000000004 13.900000000000002 1.0000000180025095e-35 950.34732145000009 31.450000000000003 99.500000000000014 0.66285048286959747 20.500000000000004 1005.7500000000001 0.91037613702198772 326.50000000000006 26.050000000000004 0.60980454008255491 158.50000000000003 552.42142855000009 4.5000000000000009 298.27235369966968 29.500000000000004 1006.4500000000002 0.58216583101416164 21.533035705000007 9.7500000000000018 292.50000000000006 529.67142855000009 6392911.9105000012 18.500000000000004 1006.85
decision_type=2 2 2 2 2 2 2 2 2 2 2 2 2 2 2 2 2 2 2 2 2 2 2 2 2 2 2 2 2 2
left_child=1 2 7 5 -5 -3 -6 8 -1 13 12 -12 28 16 -15 -8 20 -18 -9 25 -2 -22 -23 24 26 -20 -24 -7 29 -11
right_child=9 3 -4 4 6 27 15 18 -10 10 11 -13 -14 14 -16 -17 17 -19 19 -21 21 22 23 -25 -26 -27 -28 -29 -30 -31
leaf_value=3.2898619105500253 -12.382440466312316 5.9792389140337772 5.6216528917452511 6.380650971248131 4.4024319633903675 -3.6885727377201101 0.24063981250181962 -5.7561655584887861 0.46649254407395813 -12.925845230024214 7.3158843733301238 1.9252837726306937 1.782781051626545 -7.5377936529492677 2.9724889592938255 5.6006588512642184 3.7026326530377696 -1.0828913378285212 0.097225658315908625 4.566876993527818 -16.253200158911127 -9.6247308688449689 -10.62155219819325 -1.2729914591855485 5.2452861564845552 -3.772202037477447 3.0097470103853392 0.20372843340649355 -0.3019190165986117 -2.1114909864957525
leaf_weight=20 727 22 37 33 20 25 36 94 26 167 21 27 21 51 20 20 25 52 25 29 152 70 25 52 25 25 20 21 32 21
leaf_count=20 727 22 37 33 20 25 36 94 26 167 21 27 21 51 20 20 25 52 25 29 152 70 25 52 25 25 20 21 32 21
internal_value=-0.000310665 0.00475981 0.00203906 0.00869491 0.0118624 0.00361765 0.00765789 0.000561643 0.00547826 -0.00176658 0.000114186 0.008875 -0.00163071 -0.00221247 0.00122535 0.00396428 -0.00242509 0.000506493 -0.000745665 0.00117721 -0.00263586 -0.00186628 -0.000968751 0.000196721 0.00257143 -0.000600001 -0.001 -0.00104348 -0.00231818 -0.00268085
internal_weight=1941 433 256 177 109 68 76 219 46 1508 289 48 241 1219 71 56 1148 77 173 79 1071 344 192 122 70 50 45 46 220 188
internal_count=1941 433 256 177 109 68 76 219 46 1508 289 48 241 1219 71 56 1148 77 173 79 1071 344 192 122 70 50 45 46 220 188
is_linear=0
shrinkage=0.03


Tree=11
num_leaves=31
num_cat=0
split_feature=23 23 8 40 9 19 37 58 42 32 9 4 16 1 4 57 46 27 56 56 16 10 6 43 46 44 56 4 1 32
split_gain=13.9816 5.17131 4.19028 6.67467 4.92697 2.28571 2.18939 2.14074 1.84091 1.81475 1.3521 4.93561 2.17482 1.2331 1.17336 1.13563 2.52932 0.750183 0.705971 0.540067 0.45954 0.368203 0.761085 0.694836 0.97922 0.287208 0.235714 0.234618 0.128571 0.123913
threshold=158.50000000000003 270.00000000000006 2.5000000000000004 739.63370535000001 144.50000000000003 45.500000000000007 715.48750000000007 1007.5500000000001 14.958035949999998 1133.0267855000004 140.50000000000003 20.500000000000004 25.550000000000004 9030.0625000000018 1.5000000000000002 326.50000000000006 26.050000000000004 288.50000000000006 20.450000000000003 36.100000000000001 24.550000000000004 0.58216583101416164 25.500000000000004 97.362500000000011 25.450000000000003 29.450000000000003 6.3500000000000005 18.500000000000004 3506.0000000000005 1147.2705355000001
decision_type=2 2 2 2 2 2 2 2 2 2 2 2 2 2 2 2 2 2 2 2 2 2 2 2 2 2 2 2 2 2
left_child=10 2 9 4 6 -3 8 13 -4 20 11 14 -13 -6 -1 19 28 -9 29 21 -2 -12 25 24 -24 -23 -26 -16 -17 -5
right_child=1 5 3 18 7 -7 -8 17 -10 -11 15 12 -14 -15 27 16 -18 -19 -20 -21 -22 22 23 -25 26 -27 -28 -29 -30 -31
leaf_value=1.7202308854663066 -10.080271718757297 6.2368026603417075 2.4878200763610727 -4.3418199858076507 2.5704722227054169 2.6846635889405093 5.3688931158200521 -0.90976979391757995 4.675286373473778 5.3841836930247338 -13.293344992296694 6.2949556034267786 3.9444478604191087 4.9138226827512383 -11.373987255199353 -19.986823599757731 2.8833142905150133 1.9992123839467879 2.5664386613371368 1.3394472121428869 0.065526672116960158 -12.301501567994681 5.7737126514025592 -3.4426157081923856 -6.7040374820856288 -0.018294441640878657 2.6965185198740294 -0.29286144610065318 -0.054601136252985363 -2.0835152805942307
leaf_weight=24 115 36 22 57 26 28 22 39 22 25 697 25 23 22 161 36 20 21 22 24 28 235 29 37 22 28 20 32 20 23
leaf_count=24 115 36 22 57 26 28 22 39 22 25 697 25 23 22 161 36 20 21 22 24 28 235 29 37 22 28 20 32 20 23
internal_value=-0.000248842 0.00402756 0.00287838 0.00515217 0.00872414 0.012 0.0151818 0.00477778 0.0113182 -0.000857144 -0.00176483 0.000169811 0.008875 0.0095 -0.00175576 -0.00220377 0.0013421 0.000999999 -0.000941177 -0.00245055 -0.00216084 -0.00255056 -0.00178706 0.000333333 0.00207042 -0.0026578 -0.000857144 -0.00253368 -0.00192857 -0.00225
internal_weight=1941 508 444 276 174 64 66 108 44 168 1433 265 48 48 217 1168 76 60 102 1092 143 1068 371 108 71 263 42 193 56 80
internal_count=1941 508 444 276 174 64 66 108 44 168 1433 265 48 48 217 1168 76 60 102 1092 143 1068 371 108 71 263 42 193 56 80
is_linear=0
shrinkage=0.03


Tree=12
num_leaves=31
num_cat=0
split_feature=11 41 23 26 8 46 8 10 27 9 4 28 11 9 48 26 2 9 16 11 46 43 23 53 4 1 57 44 1 48
split_gain=15.1572 4.63967 3.67491 3.0481 4.89215 2.16263 3.25326 1.59722 1.33492 1.22639 4.34204 3.17593 1.32585 1.10071 0.916141 1.37052 1.15195 1.83043 2.12547 0.61077 0.595486 0.513025 0.280189 0.263423 0.18889 0.178723 0.156288 0.043908 0.040566 0.0256431
threshold=-0.77259657388510616 336.58613312049175 291.00000000000006 13.900000000000002 2.5000000000000004 24.650000000000002 3.5000000000000004 0.58216583101416164 289.50000000000006 140.50000000000003 20.500000000000004 1005.7500000000001 0.91037613702198772 154.50000000000003 34.500000000000007 11.15 480.65178570000006 146.50000000000003 25.950000000000003 -0.70710678118654757 25.550000000000004 -207.74910714999999 179.50000000000003 230.50000000000003 18.500000000000004 6540.5000000000009 277.50000000000006 32.350000000000001 595.90178570000012 30.500000000000004
decision_type=2 2 2 2 2 2 2 2 2 2 2 2 2 2 2 2 2 2 2 2 2 2 2 2 2 2 2 2 2 2
left_child=1 2 7 4 -3 6 22 13 -8 10 12 -12 24 21 19 16 17 28 20 -11 -19 -1 -5 26 25 -2 -23 29 -16 -21
right_child=9 3 -4 5 -6 -7 8 -9 -10 14 11 -13 -14 -15 15 -17 -18 18 -20 27 -22 23 -24 -25 -26 -27 -28 -29 -30 -31
leaf_value=2.7731780266924306 -10.694297463596325 1.8595679065690114 5.2658992251826415 3.490860433088804 6.0021273623004374 5.2746872473730626 1.6413214027201688 1.273737383191986 5.5471545552758439 0.44749076821774936 6.9075592076516967 1.6786765913489647 1.6776906935137654 2.7099335366183093 -19.178240633995344 -8.2261697779423049 3.4744816639358604 3.451842090542288 4.4017202292219215 -11.561819234001939 -7.8840982206571919 -4.3119957633715993 -25.061955165381352 0.049392926603315436 -0.2840756027176326 -1.8964168525246401 -3.3211104307300814 -5.7226447029744936 -1.353239629581082 -13.913221468256548
leaf_weight=35 168 23 37 20 33 23 21 21 24 37 21 27 21 24 86 164 20 36 24 750 28 21 33 22 32 20 96 20 20 34
leaf_count=35 168 23 37 20 33 23 21 21 24 37 21 27 21 24 86 164 20 36 24 750 28 21 33 22 32 20 96 20 20 34
internal_value=-0.000326121 0.00462125 0.00203906 0.00835593 0.0141429 0.00567769 0.00373469 0.000561643 0.00966667 -0.00174669 1.03799e-05 0.00825 -0.00163071 -0.000272728 -0.00216325 -0.000936509 0.000644859 -6.18564e-05 0.00313636 -0.00271463 0.000281249 -0.00110345 -0.00130189 -0.00192086 -0.00231818 -0.00268085 -0.00248718 -0.00288806 -0.00271698 -0.00292347
internal_weight=1941 433 256 177 56 121 98 219 45 1508 289 48 241 198 1219 378 214 194 88 841 64 174 53 139 220 188 117 804 106 784
internal_count=1941 433 256 177 56 121 98 219 45 1508 289 48 241 198 1219 378 214 194 88 841 64 174 53 139 220 188 117 804 106 784
is_linear=0
shrinkage=0.03


Tree=13
num_leaves=31
num_cat=0
split_feature=11 23 41 8 12 37 23 31 44 12 4 6 11 45 47 41 18 57 10 1 53 56 1 3 4 1 23 1 3 4
split_gain=13.7761 4.89092 5.10445 3.02395 3.26243 2.49351 2.48372 1.6016 1.68962 1.19878 4.34204 2.08333 1.32585 0.950372 0.971042 0.942857 0.934103 1.74326 1.49149 0.708637 0.684046 0.519481 0.25192 0.34632 0.18889 0.178723 0.16744 0.235714 0.195988 0.568116
threshold=-0.77259657388510616 253.50000000000003 321.11657227109714 2.5000000000000004 0.63670430569443026 963.55000000000007 174.50000000000003 906.21875000000011 32.95000000000001 0.66285048286959747 20.500000000000004 17.500000000000004 0.91037613702198772 63.500000000000007 64.500000000000014 298.91126748988069 43.500000000000007 271.50000000000006 0.93540483100319627 8525.1250000000018 121.50000000000001 6.7000000000000002 9757.3839285000013 6349833.5625000009 18.500000000000004 6540.5000000000009 158.50000000000003 6014.5000000000009 6290116.4375000009 6.5000000000000009
decision_type=2 2 2 2 2 2 2 2 2 2 2 2 2 2 2 2 2 2 2 2 2 2 2 2 2 2 2 2 2 2
left_child=1 2 13 6 7 15 -4 -5 -9 16 12 -12 24 22 -15 -3 19 -18 20 26 21 -19 -1 -24 25 -11 28 -28 29 -2
right_child=9 5 3 4 -6 -7 -8 8 -10 10 11 -13 -14 14 -16 -17 17 18 -20 -21 -22 -23 23 -25 -26 -27 27 -29 -30 -31
leaf_value=-4.8390197948421143 2.5443420848926692 5.4564016901985362 5.4277730122842858 4.829848924162528 4.9774706300385807 5.884236066615057 -22.864298359878038 0.14374847431496304 5.2587083349399748 -10.373468539688435 2.5962658652059165 6.0316672317706841 1.6273599727083516 1.3758325899286732 -0.16077042727367827 2.8367266046782493 -5.9909194476874514 2.2236041512780114 2.6051326310415353 0.90318883518589788 3.1666255612648024 -12.170014389396735 -5.7124038627844396 0.58695521696227837 -0.27555333463610393 -1.8395243469488998 1.9261351936183952 -1.528457212279134 -11.237770300427737 -9.7535143581037094
leaf_weight=82 20 22 24 24 28 22 47 38 25 168 24 24 21 28 31 20 160 21 26 20 23 45 20 22 32 20 20 22 813 49
leaf_count=82 20 22 24 24 28 22 47 38 25 168 24 24 21 28 31 20 160 21 26 20 23 45 20 22 32 20 20 22 813 49
internal_value=-0.000372489 0.00434411 0.00301626 0.00651613 0.00952174 0.012 0.00164789 0.00665517 0.00414286 -0.00172679 1.03799e-05 0.00825 -0.00163071 -0.000540984 0.00259322 0.00771428 -0.00213864 -0.000600001 0.00221739 -0.00258687 0.000370786 -0.00118182 -0.00203226 -0.000142858 -0.00231818 -0.00268085 -0.00270779 -0.000857144 -0.00279592 -0.00126087
internal_weight=1941 433 369 186 115 64 71 87 63 1508 289 48 241 183 59 42 1219 275 115 944 89 66 124 42 220 188 924 42 882 69
internal_count=1941 433 369 186 115 64 71 87 63 1508 289 48 241 183 59 42 1219 275 115 944 89 66 124 42 220 188 924 42 882 69
is_linear=0
shrinkage=0.03


Tree=14
num_leaves=31
num_cat=0
split_feature=11 23 19 8 40 28 56 23 11 11 44 17 12 4 28 11 48 6 16 22 43 3 39 32 23 55 40 46 4 44
split_gain=12.7806 5.0924 2.50611 2.15577 2.86262 4.2735 3.77607 2.06693 1.75325 1.34361 1.95354 2.82576 1.22898 4.43967 3.17593 1.3984 1.01535 1.49119 2.13682 1.15272 0.975011 0.896495 0.769231 0.47138 0.416667 0.424825 0.267748 0.494838 0.237132 0.0460522
threshold=-0.84874750804349197 253.50000000000003 45.500000000000007 2.5000000000000004 705.40070685000012 1007.5500000000001 13.900000000000002 174.50000000000003 -0.95642797789208678 -0.68322629814330815 31.250000000000004 70.500000000000014 0.66285048286959747 20.500000000000004 1005.7500000000001 0.91037613702198772 29.500000000000004 25.500000000000004 26.050000000000004 130.00000000000003 20.585714150000058 6305533.2770000007 712.92790178750022 1147.2705355000001 167.50000000000003 760.50000000000011 2.4115699406249811 25.450000000000003 18.500000000000004 32.350000000000001
decision_type=2 2 2 2 2 2 2 2 2 2 2 2 2 2 2 2 2 2 2 2 2 2 2 2 2 2 2 2 2 2
left_child=1 3 -3 7 5 6 -5 8 -1 10 11 -2 16 15 -15 28 29 19 21 -18 -8 -19 -7 -6 25 -12 27 -23 -14 -11
right_child=9 2 -4 4 23 22 20 -9 -10 12 24 -13 13 14 -16 -17 17 18 -20 -21 -22 26 -24 -25 -26 -27 -28 -29 -30 -31
leaf_value=5.5813338841532829 3.6952573962164541 5.7614286363769533 2.4640312061424603 4.9737644702520676 -2.4019092080739304 -3.4057788552325068 4.90571764054582 -7.9956514960045126 -0.036266832577007635 -12.04477173846438 0.4993603360228831 -0.065705193929221292 -11.203140465807669 6.5193824144690264 1.5504283176523221 1.5785391735271028 -14.274504504896237 4.0259260924322549 5.0202813679863434 1.2567197539225941 4.8239585033670771 1.9069631315078344 1.5710507538544336 1.0874810525943823 -4.0544647276751773 -1.9488666738076139 -5.461769982375916 -2.0381285035013867 -0.26728673459702007 -5.2138322528724244
leaf_weight=20 27 34 22 20 28 20 23 81 22 733 22 29 172 21 27 21 237 21 20 20 22 23 32 27 60 26 44 35 32 20
leaf_count=20 27 34 22 20 28 20 23 81 22 733 22 29 172 21 27 21 237 21 20 20 22 23 32 27 60 26 44 35 32 20
internal_value=-0.000403401 0.00477778 0.0130714 0.00320339 0.00537209 0.00802564 0.0131538 0.000170731 0.00557143 -0.00154717 0.00102439 0.00557143 -0.00184292 -3.29677e-05 0.00825 -0.0018 -0.00227147 -0.00105 0.00140559 -0.00241634 0.00833333 -7.31714e-05 0.00161538 -0.000272728 -0.00133333 0.000749999 -0.00123529 0.000103448 -0.00255882 -0.00292032
internal_weight=1941 351 56 295 172 117 65 123 42 1590 164 56 1426 273 48 225 1153 400 143 257 45 123 52 55 108 48 102 58 204 753
internal_count=1941 351 56 295 172 117 65 123 42 1590 164 56 1426 273 48 225 1153 400 143 257 45 123 52 55 108 48 102 58 204 753
is_linear=0
shrinkage=0.03


Tree=15
num_leaves=31
num_cat=0
split_feature=11 23 36 46 53 9 8 39 56 9 40 8 32 8 58 17 18 56 10 23 3 16 53 30 16 47 46 19 46 17
split_gain=12.5887 4.56325 3.04674 3.4521 2.64062 2.49341 2.31492 2.2453 3.17202 1.19896 1.75702 1.12201 1.11938 1.66134 2.65243 5.6194 2.15214 1.02837 1.1524 0.740397 1 0.637121 0.629635 0.834483 0.50431 0.479511 0.373333 0.136508 0.0969697 0.0416667
threshold=-0.77259657388510616 253.50000000000003 639.65625000000011 24.550000000000004 311.50000000000006 146.50000000000003 4.5000000000000009 906.47232144375005 17.650000000000002 149.50000000000003 256.4958333324376 3.5000000000000004 362.47857145000006 1.5000000000000002 1007.0500000000001 60.500000000000007 10.500000000000002 8.9500000000000011 0.93540483100319627 158.50000000000003 6430623.0000000009 25.950000000000003 174.50000000000003 980.58125000000007 23.950000000000003 41.500000000000007 25.050000000000004 2.5000000000000004 24.450000000000003 55.500000000000007
decision_type=2 2 2 2 2 2 2 2 2 2 2 2 2 2 2 2 2 2 2 2 2 2 2 2 2 2 2 2 2 2
left_child=1 2 3 6 -3 -5 22 24 -9 10 12 -7 13 14 15 16 -2 28 25 -11 -21 -18 23 -1 -8 -19 -27 -17 -15 -24
right_child=9 4 -4 5 -6 11 7 8 -10 19 -12 -13 -14 17 -16 27 21 18 -20 20 -22 -23 29 -25 -26 26 -28 -29 -30 -31
leaf_value=-2.4314013108180812 5.8458448921065651 5.6001507106575898 3.9998865085241189 4.5734707683109592 4.1316049739173293 -0.24181995213775284 0.76360747604947765 5.7665168274612411 1.6752129375622831 -13.059263983779012 -7.2010377258819016 2.6977458917923332 2.7359737483182696 -2.4245438313739385 -7.5302818668073259 -0.81708390130731223 1.1131698828974821 -11.564858015295538 2.3138777933954113 -1.1733478357845002 2.0093217941815067 3.0432253276101719 -15.445280751364713 4.0647854453480887 -0.44645193051654575 -0.63784773622628133 5.0356788737916958 -9.3660703362074393 -7.9445431838984115 -5.6049609896911763
leaf_weight=29 23 32 27 26 32 20 32 20 28 559 310 21 32 35 66 20 24 49 26 25 20 20 100 20 26 25 35 43 196 20
leaf_count=29 23 32 27 26 32 20 32 20 28 559 310 21 32 35 66 20 24 49 26 25 20 20 100 20 26 25 35 43 196 20
internal_value=-0.000372489 0.00413626 0.00285366 0.00208772 0.0115312 0.00819403 0.000599999 0.00407547 0.008875 -0.00166711 -0.000975664 0.00358537 -2.02027e-05 -0.000330962 0.00189796 0.00438461 0.0104328 -0.00152459 0.000555555 -0.00270199 0.000999999 0.00654545 -0.00157988 0.00128571 0.000103448 -0.000798166 0.000999999 -0.00204762 -0.00274026 -0.00275
internal_weight=1941 433 369 342 64 67 275 106 48 1508 904 41 594 562 196 130 67 366 135 604 45 44 169 49 58 109 60 63 231 120
internal_count=1941 433 369 342 64 67 275 106 48 1508 904 41 594 562 196 130 67 366 135 604 45 44 169 49 58 109 60 63 231 120
is_linear=0
shrinkage=0.03


Tree=16
num_leaves=31
num_cat=0
split_feature=1 23 41 23 41 8 17 3 35 17 18 45 37 12 17 41 8 12 3 5 8 58 27 20 23 32 18 56 34 12
split_gain=11.2064 3.72202 3.37716 2.44379 1.35648 1.9301 2.82159 1.20341 1.13093 1.51006 1.80259 1.54597 1.65052 2.63091 4.08446 1.14683 1.62037 0.849401 0.600947 0.662162 0.434097 0.603318 0.448019 0.31746 0.654762 0.255536 0.213397 0.177901 0.069299 0.121569
threshold=9225.4821430000029 291.00000000000006 410.74604895387574 253.50000000000003 326.18988363030729 3.5000000000000004 4.5000000000000009 6435970.4285000013 678.46428575000016 71.500000000000014 63.500000000000007 83.500000000000014 37.564285710000007 0.66285048286959747 47.500000000000007 314.26711831322893 3.5000000000000004 0.58218302397213695 6571764.2145000007 22.500000000000004 3.5000000000000004 1007.4500000000002 295.50000000000006 13.500000000000002 168.50000000000003 578.6142857000001 44.500000000000007 6.2500000000000009 54.513095235000002 0.63670430569443026
decision_type=2 2 2 2 2 2 2 2 2 2 2 2 2 2 2 2 2 2 2 2 2 2 2 2 2 2 2 2 2 2
left_child=1 8 3 4 7 17 -7 -2 9 10 11 12 13 18 -15 23 -17 -6 19 -1 21 22 -13 26 -25 -11 27 -14 29 -10
right_child=2 -3 -4 -5 5 6 -8 -9 28 25 -12 20 15 14 -16 16 -18 -19 -20 -21 -22 -23 -24 24 -26 -27 -28 -29 -30 -31
leaf_value=1.8428006767433494 -1.1834494079175018 4.0718923664126603 5.0095868464816959 5.249764765352217 -2.6827847600502639 2.3311198492250282 4.487031730728928 1.286455876399786 -22.873204254612752 -12.613039988621965 3.8821200521431334 -1.7309213853134791 0.00029713010586728038 5.4797599409343665 -0.11996189433200649 -21.579482103631232 3.6749433897764279 3.4578070184133547 -4.1349551680198546 -3.429237860973406 -20.892710102735158 -11.585002043835521 2.9519280934062566 1.0458358131655354 -3.080041988667531 -0.017364548364362627 0.17002375825226315 -4.9733225299314849 -9.0430804300200212 -0.39940866593897872
leaf_weight=37 58 34 33 30 31 29 22 36 31 318 36 22 20 34 37 21 27 25 43 37 229 50 30 20 22 32 29 161 387 20
leaf_count=37 58 34 33 30 31 29 22 36 31 318 36 22 20 34 37 21 27 25 43 37 229 50 30 20 22 32 29 161 387 20
internal_value=-0.000449769 -0.0013542 0.00529545 0.00401299 0.00282089 0.00513084 0.00935294 0.000191489 -0.00155752 -0.00108299 -0.000403509 -0.000692308 0.000381147 0.00258511 0.00714084 -0.001 0.00325 0.00128571 -0.000179488 0.00145946 -0.00227493 -0.00064706 0.00161538 -0.00180952 0.000571428 -0.00274286 -0.00228572 -0.00266851 -0.00286301 -0.00182353
internal_weight=1941 1677 264 231 201 107 51 94 1643 1205 855 819 488 188 71 300 48 56 117 74 331 102 52 252 42 350 210 181 438 51
internal_count=1941 1677 264 231 201 107 51 94 1643 1205 855 819 488 188 71 300 48 56 117 74 331 102 52 252 42 350 210 181 438 51
is_linear=0
shrinkage=0.03


Tree=17
num_leaves=31
num_cat=0
split_feature=11 41 16 12 44 53 8 14 8 12 27 12 39 8 58 10 6 39 56 11 30 1 43 53 47 48 42 5 37 26
split_gain=12.4707 5.026 3.35495 2.98174 2.80129 2.10813 1.72391 1.68924 1.60793 2.10248 1.44761 1.12839 1.23482 2.28815 2.72556 3.83012 3.20005 1.04606 0.75107 1.11645 0.672043 0.572488 1.20333 0.63096 0.54 0.445636 0.701827 0.4 0.16692 0.129825
threshold=-0.68322629814330815 336.58613312049175 23.150000000000002 0.63670430569443026 31.850000000000005 253.50000000000003 3.5000000000000004 32.850000000000001 3.5000000000000004 0.60980454008255491 264.50000000000006 0.53946920585801694 1.8306919643750004 1.5000000000000002 1007.0500000000001 0.097964660725097311 25.500000000000004 880.18895086250006 8.9500000000000011 0.55557023301960229 771.96428570000012 10125.750000000002 -74.85357142999996 230.50000000000003 47.500000000000007 44.500000000000007 29.003571425000004 22.500000000000004 830.63571430000013 12.550000000000002
decision_type=2 2 2 2 2 2 2 2 2 2 2 2 2 2 2 2 2 2 2 2 2 2 2 2 2 2 2 2 2 2
left_child=1 4 6 5 8 7 -3 17 10 -10 20 28 13 14 15 -13 29 -4 -15 -20 -1 23 -23 -6 -21 -14 -27 -26 -2 -17
right_child=11 2 3 -5 21 -7 -8 -9 9 -11 -12 12 25 18 -16 16 -18 -19 19 24 -22 22 -24 -25 27 26 -28 -29 -30 -31
leaf_value=1.0003884766782447 -11.360126096952362 -8.1036957573570181 3.1771360690945483 4.4127488547983553 -3.2603991591382129 5.2621313574235025 2.0227437789497262 5.3641574468934152 1.4553327254220196 3.9304376106128212 -1.2911309527312174 3.9746843173310982 -5.9180336867099372 -11.779667622365258 -15.881578163284379 -6.8290873608249036 4.6986086363069228 -1.189426101066186 4.6275992917563258 -8.0217800131559045 3.8819664103937326 4.6481801814276116 -3.1080099488221666 2.1117786721310421 -0.45089014939517019 1.3649535437461571 -0.78665966109345276 5.5956851292032761 -8.1647629776577784 -2.4172663303472444
leaf_weight=30 549 32 28 27 121 22 22 21 27 20 38 34 317 189 51 37 20 25 23 60 32 20 30 20 20 20 43 20 23 20
leaf_count=30 549 32 28 27 121 22 22 21 27 20 38 34 317 189 51 37 20 25 23 60 32 20 30 20 20 20 43 20 23 20
internal_value=-0.000418857 0.00358252 0.00767797 0.0104146 0.00143787 0.0079375 0.00144444 0.00551351 0.00455102 0.00912766 0.0024 -0.00186396 -0.0011733 -0.000151899 0.00274074 0.00537838 0.00167532 0.00266038 -0.00165385 0.000170731 0.00522581 -0.000958116 0.0018 -0.00193617 -0.0012 -0.00244737 -0.000142858 0.0015 -0.00289511 -0.00194737
internal_weight=1941 515 177 123 338 96 54 74 147 47 100 1426 854 474 162 111 77 53 312 123 62 191 50 141 100 380 63 40 572 57
internal_count=1941 515 177 123 338 96 54 74 147 47 100 1426 854 474 162 111 77 53 312 123 62 191 50 141 100 380 63 40 572 57
is_linear=0
shrinkage=0.03


Tree=18
num_leaves=31
num_cat=0
split_feature=30 26 8 23 43 46 10 17 18 45 6 36 17 50 52 9 16 31 32 8 10 6 42 35 42 43 8 16 39 8
split_gain=12.1545 5.09067 3.79925 2.71789 2.63972 3.20325 1.16777 1.33918 1.80841 1.45563 1.40257 2.99936 3.04845 1.6129 1.13867 0.885551 0.735134 0.659024 0.648174 0.492193 1.11118 0.875758 0.311635 0.358039 0.45132 0.420586 0.532071 0.667063 0.150676 0.108163
threshold=889.74196430000018 14.350000000000003 2.5000000000000004 291.00000000000006 -172.588392857 24.650000000000002 -0.77259657388510594 71.500000000000014 63.500000000000007 83.500000000000014 19.500000000000004 165.77142855000002 47.500000000000007 16.500000000000004 467.00000000000006 144.50000000000003 24.650000000000002 1211.8696430000002 578.6142857000001 3.5000000000000004 0.58216583101416164 25.500000000000004 -221.77529785000002 2.7142857145000003 35.355654765000004 123.41785715000002 3.5000000000000004 24.450000000000003 1.5867187500000004 3.5000000000000004
decision_type=2 2 2 2 2 2 2 2 2 2 2 2 2 2 2 2 2 2 2 2 2 2 2 2 2 2 2 2 2 2
left_child=3 2 -2 6 -3 14 28 8 9 10 11 16 -13 22 -6 -4 -8 29 -9 20 -11 -22 -12 24 25 26 27 -24 -1 -16
right_child=1 4 15 -5 5 -7 7 18 -10 19 13 12 -14 -15 17 -17 -18 -19 -20 -21 21 -23 23 -25 -26 -27 -28 -29 -30 -31
leaf_value=-0.96180060583872773 0.88385862247181957 4.7115514893172028 4.1012001899538006 3.5894174975687867 4.1840911669895577 4.1556552432214291 -6.0936942153448186 -11.854736835026742 3.6477433222604523 -7.5861260377927264 2.4970195384414224 5.7682540623556031 0.18877611266339439 2.6848628977969149 -9.5476627929003168 5.1016646215251882 0.91937473985802298 4.610217432957711 0.54366114700609913 -20.301472492743471 -7.2283972365848967 3.9162175915249247 -2.9673858257411192 -6.7231309697019244 -0.78201232053289971 0.55084541586371849 -4.807257387751446 1.7127833785280395 -8.7602397863062489 -0.43661736278700858
leaf_weight=25 22 20 23 32 27 30 55 314 36 67 24 31 34 20 53 22 39 30 23 230 20 24 24 101 75 27 43 21 404 45
leaf_count=25 22 20 23 32 27 30 55 314 36 67 24 31 34 20 53 22 39 30 23 230 20 24 24 101 75 27 43 21 404 45
internal_value=-0.000387945 0.00549265 0.0126716 -0.00134632 0.00314634 0.00202703 -0.00151558 -0.00103808 -0.000416763 -0.0007006 0.00034008 0.00266038 0.00761538 -0.000761195 0.000290322 0.0176667 -0.000765958 -0.000890626 -0.00264392 -0.00220821 -0.000567568 0.00313636 -0.00128572 -0.0015567 -0.000789474 0.000391304 -0.000613637 0.00166667 -0.00286014 -0.00208163
internal_weight=1941 272 67 1669 205 185 1637 1208 871 835 494 159 65 335 155 45 94 128 337 341 111 44 315 291 190 115 88 45 429 98
internal_count=1941 272 67 1669 205 185 1637 1208 871 835 494 159 65 335 155 45 94 128 337 341 111 44 315 291 190 115 88 45 429 98
is_linear=0
shrinkage=0.03


Tree=19
num_leaves=31
num_cat=0
split_feature=11 26 12 11 26 16 1 8 39 40 27 12 40 16 40 48 11 26 50 8 47 47 43 1 6 26 2 46 5 45
split_gain=11.5992 4.51356 4.26584 4.26508 3.00048 2.87028 1.72279 1.3187 1.80839 2.06525 1.09792 0.966166 1.39859 1.16585 3.9738 1.07755 1.06378 0.807165 0.936643 0.673021 0.669257 1.15482 0.607444 0.597641 0.38401 0.293706 0.219288 0.159184 0.100047 0.0963485
threshold=-0.72947329433276253 13.900000000000002 0.60980454008255491 -0.93540483100319605 11.950000000000001 24.650000000000002 10154.991070000002 4.5000000000000009 906.47232144375005 750.9202752952084 214.50000000000003 0.53946920585801694 367.43887648595836 24.450000000000003 105.60755208070834 70.000000000000014 -0.63405362205439475 13.900000000000002 7.5000000000000009 3.5000000000000004 29.500000000000004 42.500000000000007 218.2160714 12116.687500000002 26.500000000000004 5.4500000000000011 336.25000000000006 24.950000000000003 1.0000000180025095e-35 79.500000000000014
decision_type=2 2 2 2 2 2 2 2 2 2 2 2 2 2 2 2 2 2 2 2 2 2 2 2 2 2 2 2 2 2
left_child=1 2 3 -1 -4 7 -7 10 -9 -10 -3 16 13 14 26 17 -2 19 -19 20 27 -22 -5 28 25 -23 -13 -15 -12 -21
right_child=11 5 4 22 -6 6 -8 8 9 -11 23 12 -14 15 -16 -17 -18 18 -20 29 21 24 -24 -25 -26 -27 -28 -29 -30 -31
leaf_value=5.0145205411940399 0.46156770533948116 3.4384491973526981 2.5985130301348591 -1.2779593305429102 4.3958141105113171 1.8510647149365784 4.2851084348239183 -0.23378105087462936 5.0570057710887184 0.2135562580420437 -2.9384682972466463 -6.2180865606786817 -7.9883719891061258 0.022243658558418086 3.6088759293545922 1.5800412507150134 -11.952315742126245 1.6969358350412422 -0.37768612091218146 -0.45989289793678928 4.7011447857365276 0.79975176723651942 0.085415514008125498 0.39035950571734102 1.8917018772048202 -7.5813006419246527 0.21241165723629907 -9.2242786008143263 -3.857133860196273 -17.646185822550454
leaf_weight=34 32 27 32 34 20 21 22 37 23 26 31 43 254 20 24 26 556 20 21 35 35 22 31 29 37 56 20 78 107 188
leaf_count=34 32 27 32 34 20 21 22 37 23 26 31 43 254 20 24 26 556 20 21 35 35 22 31 29 37 56 20 78 107 188
internal_value=-0.000434313 0.00364557 0.00792715 0.00427273 0.0148846 0.00164396 0.00886046 0.000535714 0.00362791 0.00740816 -0.000835052 -0.00175256 -0.00112287 -0.000360001 0.00286207 -0.000881042 -0.00269388 -0.00118359 0.00285366 -0.00153503 -0.000459678 0.000799999 -0.00023077 -0.00174252 -0.000652175 -0.00184615 -0.00109524 -0.00238776 -0.00256522 -0.00273094
internal_weight=1941 474 151 99 52 323 43 280 86 49 194 1467 879 625 87 538 588 512 41 471 248 150 65 167 115 78 63 98 138 223
internal_count=1941 474 151 99 52 323 43 280 86 49 194 1467 879 625 87 538 588 512 41 471 248 150 65 167 115 78 63 98 138 223
is_linear=0
shrinkage=0.03


Tree=20
num_leaves=31
num_cat=0
split_feature=1 41 8 19 8 34 58 23 56 57 9 47 23 37 58 43 48 26 26 8 19 31 9 36 17 31 14 32 56 42
split_gain=10.4855 4.42193 3.10381 4.45547 2.76231 2.28151 2.48785 2.0839 1.76012 1.20953 0.806279 1.53602 1.10352 0.984375 0.916877 1.02427 1.33416 1.07221 0.879487 0.713208 1.29424 0.527498 0.468289 1.56279 2.28326 0.379109 0.302459 0.268451 0.139194 0.121212
threshold=7682.1696430000011 290.56407269502455 2.5000000000000004 13.500000000000002 1.0000000180025095e-35 516.83571430000018 1007.5500000000001 291.00000000000006 12.450000000000001 286.50000000000006 149.50000000000003 32.500000000000007 151.50000000000003 619.63571430000013 1004.6500000000002 1.0000000180025095e-35 56.500000000000007 9.9500000000000011 13.050000000000002 1.5000000000000002 1.0000000180025095e-35 1056.7848215000001 141.50000000000003 240.41785715000003 19.500000000000004 389.65625000000006 31.750000000000004 1141.1357145000002 8.8000000000000025 29.003571425000004
decision_type=2 2 2 2 2 2 2 2 2 2 2 2 2 2 2 2 2 2 2 2 2 2 2 2 2 2 2 2 2 2
left_child=7 8 4 5 -3 6 -4 10 -2 27 11 22 -12 -14 -13 16 17 19 -19 20 -16 -10 23 -1 -25 29 -6 -7 -21 -17
right_child=1 2 3 -5 26 9 -8 -9 21 -11 12 14 13 -15 15 25 -18 18 -20 28 -22 -23 -24 24 -26 -27 -28 -29 -30 -31
leaf_value=-4.5932055503815485 1.5969723064214973 4.2413545842064968 4.3046015649219918 4.8190861092792572 0.96510413155618524 -1.0150288357053201 2.2722674870236603 3.2014208394412638 -1.5241035646496945 4.478102646476561 -12.11683822851826 -14.0545389335109 -2.9363662523226868 2.1722713095579631 -20.557544450387155 -2.4124423162463886 3.593048714763575 5.1089785417609255 0.21174812673771648 -21.21108374092513 2.1207387220235674 0.34156937230345685 -10.881247648361683 3.4604948958161046 -4.3239682342053749 0.19788926701176568 -22.552018644044058 0.05936266712436794 -0.095539575163110568 -2.8291391031084547
leaf_weight=112 33 28 20 31 20 26 33 23 97 20 546 64 28 36 20 24 38 26 30 57 23 22 343 26 34 34 41 21 21 64
leaf_count=112 33 28 20 31 20 26 33 23 97 20 546 64 28 36 20 24 38 26 30 57 23 22 343 26 34 34 41 21 21 64
internal_value=-0.000418857 0.00396428 0.0065 0.0091192 0.00205618 0.0065 0.0111509 -0.00152808 -3.94744e-05 0.00282089 -0.00166317 -0.00110044 -0.0025082 0.00121875 0.00029177 0.000916913 0.00216279 0.0010678 0.0045 -0.000520662 0.00258139 -0.0017395 -0.00218447 -0.000906977 0.003 -0.00127869 -0.00152459 0.000191489 -0.00223077 -0.00231818
internal_weight=1941 392 240 151 89 120 53 1549 152 67 1526 916 610 64 401 337 215 177 56 121 43 119 515 172 60 122 61 47 78 88
internal_count=1941 392 240 151 89 120 53 1549 152 67 1526 916 610 64 401 337 215 177 56 121 43 119 515 172 60 122 61 47 78 88
is_linear=0
shrinkage=0.03


Tree=21
num_leaves=31
num_cat=0
split_feature=11 53 41 53 8 6 14 42 14 53 9 34 40 8 26 30 53 16 42 18 56 26 47 17 57 14 8 31 49 1
split_gain=10.7029 3.7639 3.60657 2.95347 2.57063 2.31223 1.90352 1.85514 1.76919 1.39532 1.2848 1.43927 1.31799 1.3859 1.46873 1.19483 0.73213 1.1687 0.714105 0.640042 0.452931 0.439815 1.125 0.888889 0.248016 0.2239 0.207773 0.256531 0.174251 0.12
threshold=-0.63405362205439475 270.00000000000006 321.11657227109714 311.50000000000006 2.5000000000000004 23.500000000000004 31.250000000000004 -43.40803575000001 29.650000000000002 174.50000000000003 149.50000000000003 1.0000000180025095e-35 110.25922619104166 3.5000000000000004 4.9500000000000011 1150.1142860000002 159.50000000000003 24.150000000000002 32.330357150000019 5.5000000000000009 9.3500000000000032 8.9500000000000011 63.500000000000007 48.500000000000007 291.50000000000006 28.150000000000002 3.5000000000000004 882.94642855000006 16.500000000000004 10205.357145000002
decision_type=2 2 2 2 2 2 2 2 2 2 2 2 2 2 2 2 2 2 2 2 2 2 2 2 2 2 2 2 2 2
left_child=1 2 6 -3 9 7 8 -6 18 -4 11 12 13 14 -2 -7 17 -8 -1 -16 -15 25 23 24 -23 -21 -18 -28 -13 -11
right_child=10 3 4 -5 5 15 16 -9 -10 29 -12 28 -14 20 19 -17 26 -19 -20 21 -22 22 -24 -25 -26 -27 27 -29 -30 -31
leaf_value=0.35262060355415803 2.0625929411335813 4.7066555777361128 4.405416418083429 3.2747645640494665 4.0843795179578475 3.8404423617462893 0.4652944629616847 3.7679031933141705 3.3154960858917648 -3.5659376953628183 -11.422294867746613 -9.7319376315464652 3.3767374267705486 -9.3457049475746619 2.61905710210916 -1.3282132073619863 -15.279810794435603 -5.3241108092993876 -0.18901837872477822 -0.27523527220769323 0.10280706505879834 -7.3735613193963161 -5.9745443690337918 3.5868939162338607 1.3457694303866656 -6.4472134149446179 -1.9470229286782748 0.059941951474229954 -0.059658603283770151 -20.121907772192209
leaf_weight=26 34 26 24 36 24 35 25 37 20 20 556 288 25 169 35 22 94 21 27 25 30 24 45 30 21 83 50 39 20 30
leaf_count=26 34 26 24 36 24 35 25 37 20 20 556 288 25 169 35 22 94 21 27 25 30 24 45 30 21 83 50 39 20 30
internal_value=-0.000418857 0.00309712 0.00222267 0.0100645 0.0054375 0.00818644 0.000178807 0.0122459 0.00439726 0.00105405 -0.00183033 -0.00108203 -0.000120922 -0.000459678 0.000838383 0.0038421 -0.00116594 0.00221739 0.0015283 7.98472e-05 -0.00239699 -0.000500001 0.000749999 0.003 0.000333333 -0.00188889 -0.00201639 -0.000977529 -0.00270779 -0.0018
internal_weight=1941 556 494 62 192 118 302 61 73 74 1385 829 521 496 297 57 229 46 53 263 199 228 120 75 45 108 183 89 308 50
internal_count=1941 556 494 62 192 118 302 61 73 74 1385 829 521 496 297 57 229 46 53 263 199 228 120 75 45 108 183 89 308 50
is_linear=0
shrinkage=0.03


Tree=22
num_leaves=31
num_cat=0
split_feature=11 53 41 53 8 6 15 56 48 18 9 8 14 16 26 39 28 17 56 3 56 43 56 11 16 49 18 44 11 4
split_gain=10.4224 3.7639 2.98016 2.95347 2.19568 3.35296 2.04206 2.03892 1.64026 1.61796 1.43882 1.29441 2.32658 3.35673 1.83394 1.08235 1.21 0.959304 1.18242 1.09826 0.883132 0.77105 0.695544 0.543478 0.388889 0.351026 0.307143 0.225417 0.114719 0.0644272
threshold=-0.63405362205439475 270.00000000000006 305.11279854820714 311.50000000000006 2.5000000000000004 23.500000000000004 59.500000000000007 11.15 1.0000000180025095e-35 6.5000000000000009 149.50000000000003 1.5000000000000002 28.950000000000003 24.550000000000004 5.0500000000000007 1068.2125000000003 1007.5500000000001 40.500000000000007 7.9500000000000011 6349833.5625000009 12.65 -207.74910714999999 18.150000000000002 0.63405362205439486 25.250000000000004 47.500000000000007 31.500000000000004 28.350000000000005 0.91037613702198772 1.5000000000000002
decision_type=2 2 2 2 2 2 2 2 2 2 2 2 2 2 2 2 2 2 2 2 2 2 2 2 2 2 2 2 2 2
left_child=1 2 7 -3 8 6 -6 9 -4 -1 11 12 13 -2 -15 16 -7 29 -19 23 27 22 -9 -20 -21 -23 -10 -16 -29 -13
right_child=10 3 4 -5 5 15 -8 21 26 -11 -12 17 -14 14 20 -17 -18 18 19 24 -22 25 -24 -25 -26 -27 -28 28 -30 -31
leaf_value=-0.48635801105949128 3.3556648152831303 4.5654559104040322 3.7720509636853334 3.1765216271279813 3.6187182513037888 4.7934622075640121 3.7085535389020539 -6.2375153756711894 -5.3081870479537718 1.8097274195577029 -11.079626021714216 -2.0061080364668271 -5.77145898584706 3.1816520034099929 0.10586483430481042 -3.5841995549135444 0.18684783466530347 -11.661666773572687 2.6443015893461088 -0.93438875215505324 1.4024691592588909 -3.08182285502639 0.39901619212156986 2.7075609409790053 2.9686307898905637 0.6091528763465438 0.56108404454108873 -9.4736312654556389 -0.89029167641452955 -9.9695422744443576
leaf_weight=22 21 26 26 36 33 20 39 24 43 39 556 42 108 26 21 23 25 72 23 42 22 133 25 23 21 22 20 53 24 331
leaf_count=22 21 26 26 36 33 20 39 24 43 39 556 42 108 26 21 23 25 72 23 42 22 133 25 23 21 22 20 53 24 331
internal_value=-0.000372489 0.00309712 0.00222267 0.0100645 0.00472926 0.00707143 0.0115833 5.66031e-05 0.00104494 0.00486885 -0.00176534 -0.000973463 0.00070909 0.00292814 0.00131507 0.00229412 0.005 -0.00180866 -1.65753e-05 0.00195413 -0.000250001 -0.00138235 0.00189796 0.00547826 -0.000619048 -0.00241936 -0.00157143 -0.00146939 -0.00222078 -0.00267828
internal_weight=1941 556 494 62 229 140 72 265 89 61 1385 829 275 167 146 68 45 554 181 109 120 204 49 46 63 155 63 98 77 373
internal_count=1941 556 494 62 229 140 72 265 89 61 1385 829 275 167 146 68 45 554 181 109 120 204 49 46 63 155 63 98 77 373
is_linear=0
shrinkage=0.03


Tree=23
num_leaves=31
num_cat=0
split_feature=11 53 53 41 8 9 15 56 48 9 9 54 8 26 45 9 40 53 43 5 37 10 19 16 58 36 14 42 47 1
split_gain=9.72519 4.40695 3.17593 3.04793 2.49687 2.79132 3.25952 1.98666 1.97195 1.39827 1.25044 1.60615 1.78878 1.69254 1.10001 1.04778 3.21492 1.02707 0.991838 1.23662 0.748999 0.735351 0.499185 0.485541 0.360156 0.266327 0.225964 0.192593 0.180198 0.12
threshold=-0.58216583101416131 270.00000000000006 311.50000000000006 321.11657227109714 2.5000000000000004 144.50000000000003 59.500000000000007 11.15 34.500000000000007 150.50000000000003 149.50000000000003 14.050000000000002 2.5000000000000004 5.0500000000000007 79.500000000000014 140.50000000000003 2.4115699406249811 174.50000000000003 -207.74910714999999 22.500000000000004 594.59553570000014 0.77259657388510639 31.500000000000004 24.950000000000003 1007.0500000000001 689.06428570000014 28.250000000000004 67.105357299999994 60.500000000000007 10205.357145000002
decision_type=2 2 2 2 2 2 2 2 2 2 2 2 2 2 2 2 2 2 2 2 2 2 2 2 2 2 2 2 2 2
left_child=1 3 -3 7 17 6 -6 8 20 -7 11 12 13 -2 23 16 25 -5 19 -9 -1 24 -20 -14 26 -15 -17 -12 -16 -19
right_child=10 2 -4 4 5 9 -8 18 -10 -11 27 -13 14 15 28 21 -18 29 22 -21 -22 -23 -24 -25 -26 -27 -28 -29 -30 -31
leaf_value=0.29747064967066927 2.7072233984667378 4.4220638434568089 3.0812259783141389 4.1600923966303656 2.528629606240445 0.062995824776659853 3.8975202467210863 0.94112652668504926 2.8267666706310868 4.0407967801980131 -13.669202781388998 -4.6164035959043046 -3.2602408377564576 -10.564562248911637 -20.153601313357612 0.22811989603294738 3.2721566955361503 -3.475792085838167 -4.7030412404826096 -3.2506369229090324 -0.051093180555094514 1.5474563724270463 0.25530210099861383 6.064846338138981 -10.700724520662005 0.086844180214014355 -3.4989491971109201 -2.7619924189147627 -0.13176655486568478 -19.517475368828055
leaf_weight=31 28 27 36 24 28 39 20 32 22 31 520 311 23 29 182 21 32 20 160 31 29 26 37 20 70 20 22 20 20 30
leaf_count=31 28 27 36 24 28 39 20 32 22 31 520 311 23 29 182 21 32 20 160 31 29 26 37 20 70 20 22 20 20 30
internal_value=-0.000357033 0.00282915 0.0103333 0.00194382 0.00496875 0.00767797 0.01325 0.000245613 0.00431707 0.00385714 -0.00177232 -0.00102239 4.25956e-05 0.00183871 -0.00177551 0.000954545 0.00366667 0.000648648 -0.00103846 0.00223809 0.0015 -0.0006259 -0.0020863 0.00258139 -0.00167257 -0.00116327 0.000488371 -0.00288889 -0.00270297 -0.0018
internal_weight=1941 597 63 534 192 118 48 342 82 70 1344 804 493 248 245 220 81 74 260 63 60 139 197 43 113 49 43 540 202 50
internal_count=1941 597 63 534 192 118 48 342 82 70 1344 804 493 248 245 220 81 74 260 63 60 139 197 43 113 49 43 540 202 50
is_linear=0
shrinkage=0.03


Tree=24
num_leaves=31
num_cat=0
split_feature=11 23 41 8 56 8 39 23 9 8 14 58 10 26 26 37 36 38 18 37 1 17 56 56 58 11 35 41 1 48
split_gain=10.1051 3.91039 2.40718 2.30263 2.0468 1.52898 2.79367 1.48151 1.2237 1.05324 2.44477 3.20226 3.00092 2.23109 1.04686 0.985468 0.98417 0.981818 0.948805 0.870406 0.854398 0.718258 1.00433 0.908985 1.02887 0.687063 0.465092 0.376957 0.333618 0.254348
threshold=-0.68322629814330815 229.00000000000003 305.11279854820714 3.5000000000000004 10.750000000000002 2.5000000000000004 1009.1806919937502 174.50000000000003 149.50000000000003 1.5000000000000002 28.950000000000003 1007.0500000000001 -0.3520614488341256 6.1000000000000005 11.15 645.58660715000008 705.46250000000009 984.31919637500016 14.500000000000002 870.77857140000015 9859.2500000000018 44.500000000000007 7.9500000000000011 10.950000000000001 1006.9500000000002 -0.5277851165098012 648.57142855000018 199.45479814150647 6493.3750000000009 43.500000000000007
decision_type=2 2 2 2 2 2 2 2 2 2 2 2 2 2 2 2 2 2 2 2 2 2 2 2 2 2 2 2 2 2
left_child=1 2 14 4 -3 7 15 -4 9 10 11 12 -2 -14 18 -7 -15 -6 -1 -8 -17 28 -23 24 -24 27 -16 -10 -11 -25
right_child=8 3 5 -5 17 6 19 -9 25 21 -12 -13 13 16 26 20 -18 -19 -20 -21 -22 22 23 29 -26 -27 -28 -29 -30 -31
leaf_value=-0.0857603190189829 4.31961462651911 4.3006366189809651 3.9992507789205329 3.2547303032039578 -2.3134747201568731 3.3303719684202409 -2.5998241520774026 -20.211389655215815 -1.1816246482886015 -7.1387803745330309 -5.5339790728121825 -15.539356110698153 4.0027150713280983 -3.8000425735821697 -2.8360806258537514 2.7039679500375997 1.2146582087087008 4.1597847463773867 2.7509189676473764 3.5883231096811237 3.6991211142817213 -6.6222136013321382 0.81626817788130779 3.2079115989532689 1.7937756941863472 -13.36005737335592 0.17061057448551201 0.21982447004787034 0.19770867447019583 -2.0174818731795217
leaf_weight=23 25 32 29 36 24 27 25 46 25 397 116 55 20 34 137 23 33 20 21 22 20 58 29 20 21 524 30 23 20 26
leaf_count=23 25 32 29 36 24 27 25 46 25 397 116 55 20 34 137 23 33 20 21 22 20 58 29 20 21 524 30 23 20 26
internal_value=-0.000310665 0.00329126 0.00191315 0.00825 0.00528947 0.00434375 0.00648718 0.000999999 -0.0016115 -0.000892272 0.00060424 0.00292814 0.00583928 0.0032069 -0.000298579 0.0102857 0.000582089 0.00109091 0.00381818 0.000829787 0.00746512 -0.00163398 0.000116882 0.002 0.0048 -0.00268532 -0.00138323 0.000749999 -0.00228058 -0.00104348
internal_weight=1941 515 403 112 76 192 117 75 1426 854 283 167 112 87 211 70 67 44 44 47 43 571 154 96 50 572 167 48 417 46
internal_count=1941 515 403 112 76 192 117 75 1426 854 283 167 112 87 211 70 67 44 44 47 43 571 154 96 50 572 167 48 417 46
is_linear=0
shrinkage=0.03


Tree=25
num_leaves=31
num_cat=0
split_feature=11 53 53 41 16 12 44 42 12 17 12 54 8 46 26 3 39 8 46 57 8 11 36 26 30 42 3 48 42 8
split_gain=9.72519 4.40695 3.17593 2.83689 2.24295 2.60517 2.04567 1.815 1.78946 1.43236 1.25044 1.30935 1.6441 1.72531 1.80451 1.05818 0.984096 0.969697 0.843676 1.55879 0.726476 0.708957 1.58646 0.625 0.614211 0.513071 0.343143 0.204699 0.192593 0.175198
threshold=-0.58216583101416131 270.00000000000006 311.50000000000006 336.58613312049175 23.150000000000002 0.63670430569443026 31.250000000000004 -104.83035719999997 0.60980454008255491 1.5000000000000002 0.53946920585801694 33.900000000000006 1.5000000000000002 24.550000000000004 5.0500000000000007 6662970.0000000009 920.22667411250006 3.5000000000000004 25.550000000000004 284.50000000000006 4.5000000000000009 0.84874750804349197 1044.8741070000003 9.9500000000000011 617.91428570000005 -100.27678592000004 6290116.4375000009 44.500000000000007 67.105357299999994 1.0000000180025095e-35
decision_type=2 2 2 2 2 2 2 2 2 2 2 2 2 2 2 2 2 2 2 2 2 2 2 2 2 2 2 2 2 2
left_child=1 3 -3 6 17 9 7 -1 15 -6 28 12 13 -12 -15 -9 -11 -5 19 26 29 -16 -23 -21 -22 -26 -14 -13 -2 -8
right_child=10 2 -4 4 5 -7 20 8 -10 16 11 27 18 14 21 -17 -18 -19 -20 23 24 22 -24 -25 25 -27 -28 -29 -30 -31
leaf_value=2.7510025706091481 -12.858324976746649 4.1629181659099146 2.8618828749582574 -7.5778926223394594 4.323530091033998 3.4627406927619577 -0.84080595664585223 -0.99127756833782599 2.6197184092495602 2.9116687950780769 3.0291486785175676 -6.8486337465651266 1.5771449984242625 1.9374575667875809 -7.822646110915179 0.67987439303392816 -1.9691877850849024 1.2976764406931527 -15.594769430429583 0.73477126302959639 0.9441036650466077 2.7792063351489507 -6.3982889107281524 2.772611375570345 0.37119303295388967 -0.49216532411581054 -3.0009026709680482 -0.49092914778216845 -2.3190703861281707 -10.36748766424439
leaf_weight=20 520 27 36 32 20 27 38 48 29 33 20 242 25 31 67 23 25 22 154 20 27 31 30 20 24 58 126 38 20 108
leaf_count=20 520 27 36 32 20 27 38 48 29 33 20 242 25 31 67 23 25 22 154 20 27 31 30 20 24 58 126 38 20 108
internal_value=-0.000357033 0.00282915 0.0103333 0.00194382 0.00530189 0.00785714 0.000519999 0.00375 0.0021 0.00507692 -0.00177232 -0.00102239 -0.000137405 0.00219553 0.00115094 -0.000464789 0.00268965 0.000333333 -0.00134783 -1.57075e-05 -0.001 -0.000421876 0.00191803 0.00525 0.00085321 -0.000439025 -0.0014106 -0.00267857 -0.00288889 -0.00238356
internal_weight=1941 597 63 534 159 105 375 120 100 78 1344 804 524 179 159 71 58 54 345 191 255 128 61 40 109 82 151 280 540 146
internal_count=1941 597 63 534 159 105 375 120 100 78 1344 804 524 179 159 71 58 54 345 191 255 128 61 40 109 82 151 280 540 146
is_linear=0
shrinkage=0.03


Tree=26
num_leaves=31
num_cat=0
split_feature=11 23 41 16 9 11 56 18 37 37 23 9 54 14 26 32 16 6 10 43 5 2 2 53 56 57 11 6 5 42
split_gain=9.99934 3.92885 2.88185 1.91264 2.22355 1.5588 2.34258 2.07975 1.47701 1.40216 1.22933 1.15245 1.1374 1.22541 1.71349 0.978253 0.815891 0.70972 2.44539 0.67075 1.25488 0.617339 0.644225 0.50614 0.46118 0.357705 0.288078 0.681818 0.273876 0.192593
threshold=-0.84874750804349197 253.50000000000003 317.77188309952709 24.050000000000004 146.50000000000003 -0.58216583101416131 11.15 34.500000000000007 880.76160715000003 513.41785715000015 179.50000000000003 149.50000000000003 14.050000000000002 28.750000000000004 8.4500000000000011 450.00000000000006 24.450000000000003 25.500000000000004 0.58216583101416164 -238.00446428499995 22.500000000000004 7753.5714285000004 1.0000000180025095e-35 171.50000000000003 12.65 207.50000000000003 0.96592582628906831 20.500000000000004 1.0000000180025095e-35 67.105357299999994
decision_type=2 2 2 2 2 2 2 2 2 2 2 2 2 2 2 2 2 2 2 2 2 2 2 2 2 2 2 2 2 2
left_child=1 2 23 9 -5 6 7 15 -3 -4 -11 12 13 16 -15 -2 -7 26 -19 20 -8 22 -16 -1 -24 -21 -18 -28 -25 -13
right_child=5 8 3 4 -6 11 19 -9 -10 10 -12 29 -14 14 21 -17 17 18 -20 25 -22 -23 24 28 -26 -27 27 -29 -30 -31
leaf_value=0.53342133172080841 0.20402368211938884 2.12526813243083 2.7197228006413412 3.2933303115030226 3.2237203897687232 2.6881369397828969 0.52972874093264843 2.7916209849314155 4.1433833602477144 3.9065331732389046 -5.3839495750974535 -12.472575227444249 -4.2025579876413701 2.1464533977889699 -5.8569240025057789 -0.057319714594429798 -10.787475576593726 -4.8349942789553415 4.2304337185537628 0.20345494633732017 -2.950091031140099 -4.1522224807875281 0.82194636560935042 0.0011322271113960046 4.3989442689446552 -5.0766810326010532 1.1010298026332563 -19.704449500504019 -3.4125809123888446 -2.2494982745443264
leaf_weight=26 21 26 32 27 36 32 20 23 30 38 47 520 311 20 23 34 209 52 31 21 21 27 21 24 23 106 22 33 65 20
leaf_count=26 21 26 32 27 36 32 20 23 30 38 47 520 311 20 23 34 209 52 31 21 21 27 21 24 23 106 22 33 65 20
internal_value=-0.000403401 0.00417949 0.00279661 0.00516667 0.00938095 -0.0014151 0.000780487 0.00507692 0.0114643 0.00289744 0.000882352 -0.00181697 -0.00109702 -0.000200812 0.00252632 0.00190909 -0.00102111 -0.0014438 0.000975903 -0.00121429 0.00212195 0.000829787 0.00237313 -0.000913044 0.0045 -0.00229134 -0.00220455 -0.000272728 -0.00198876 -0.00288889
internal_weight=1941 351 295 180 63 1590 246 78 56 117 85 1344 804 493 114 55 379 347 83 168 41 94 67 115 44 127 264 55 89 540
internal_count=1941 351 295 180 63 1590 246 78 56 117 85 1344 804 493 114 55 379 347 83 168 41 94 67 115 44 127 264 55 89 540
is_linear=0
shrinkage=0.03


Tree=27
num_leaves=31
num_cat=0
split_feature=11 53 53 41 15 8 9 8 9 34 41 6 27 6 14 14 11 28 14 10 30 37 58 53 19 11 47 42 16 41
split_gain=9.16741 3.48091 2.72803 2.20737 1.83502 2.30799 3.11481 1.78044 1.34615 1.25666 1.81085 1.64151 2.36769 1.40076 1.02945 1.4632 0.909923 3.16891 1.21 0.833078 0.77979 0.625 0.58346 0.581422 0.536685 0.477127 0.4329 0.302211 0.483117 0.214819
threshold=-0.68322629814330815 270.00000000000006 311.50000000000006 305.11279854820714 59.500000000000007 2.5000000000000004 143.50000000000003 4.5000000000000009 149.50000000000003 1.0000000180025095e-35 178.72524419210751 25.500000000000004 321.50000000000006 22.500000000000004 31.250000000000004 28.850000000000005 0.84874750804349197 1005.7500000000001 28.350000000000005 0.93540483100319627 924.44285715000012 896.91428570000016 1007.4500000000002 159.50000000000003 12.500000000000002 -0.5277851165098012 8.5000000000000018 -24.863392849999993 23.750000000000004 199.45479814150647
decision_type=2 2 2 2 2 2 2 2 2 2 2 2 2 2 2 2 2 2 2 2 2 2 2 2 2 2 2 2 2 2
left_child=1 3 -3 14 7 20 -7 26 9 10 11 16 19 -12 15 -1 -2 18 -18 22 -6 -9 -13 -16 -11 29 -5 28 -25 -10
right_child=8 2 -4 4 5 6 -8 21 25 24 13 12 -14 -15 23 -17 17 -19 -20 -21 -22 -23 -24 27 -26 -27 -28 -29 -30 -31
leaf_value=-0.015470512688155073 -6.7509758416550678 3.9257407879582717 2.6819965657979363 0.41460114062409398 -0.80393205790511579 3.3693415217302567 1.7774377083288522 1.1173052745615424 -1.1225582922533919 -9.968286182750667 2.8690712702594077 1.3084709737991043 3.6975968806280171 -1.3522143574046701 0.22223869224979684 2.8100696731954238 0.66105020561391548 -12.085314530819343 3.5682710047511241 1.4494590610540938 2.8027328570346937 4.2301017890078114 -4.8723038476381957 -3.296377884940727 0.044326074826085415 -12.199328646029514 -3.9676734265300531 -3.1824071791901876 0.19942645639349768 0.11676203207823195
leaf_weight=33 233 25 36 33 22 24 30 20 25 283 24 27 20 20 24 21 20 94 25 25 35 20 46 31 37 524 44 82 35 23
leaf_count=33 233 25 36 33 22 24 30 20 25 283 24 27 20 20 24 21 20 94 25 25 35 20 46 31 37 524 44 82 35 23
internal_value=-0.000372489 0.00305825 0.00978688 0.00215418 0.00423684 0.007 0.0114444 0.00161538 -0.0016115 -0.000857144 3.37071e-05 -0.000489797 0.00259322 0.00586364 5.30966e-05 0.00366667 -0.00146774 0.000453237 0.007 0.000673469 0.00278947 0.00675 -0.000945206 -0.0010814 -0.00234375 -0.00273776 -0.00105195 -0.00178378 -0.000272728 0.000124999
internal_weight=1941 515 61 454 228 111 54 117 1426 854 534 490 118 44 226 54 372 139 45 98 57 40 73 172 320 572 77 148 66 48
internal_count=1941 515 61 454 228 111 54 117 1426 854 534 490 118 44 226 54 372 139 45 98 57 40 73 172 320 572 77 148 66 48
is_linear=0
shrinkage=0.03


Tree=28
num_leaves=31
num_cat=0
split_feature=23 27 9 34 1 44 41 43 40 26 16 41 24 48 14 46 18 58 9 26 10 2 57 9 52 58 4 27 56 1
split_gain=8.28178 3.46039 3.6036 3.4371 3.19652 1.55632 1.30316 1.39517 1.20517 0.987911 2.47163 3.52366 2.71663 2.40051 0.863466 0.790771 0.788837 1.17481 1.00667 0.677352 0.661037 0.592476 0.473244 0.53533 1.61003 0.751452 0.428571 0.355747 0.765306 0.171831
threshold=208.00000000000003 293.50000000000006 145.50000000000003 545.30000000000007 9273.7857140000033 29.050000000000004 410.74604895387574 -207.74910714999999 429.18943452622926 11.050000000000002 24.450000000000003 135.81831521528252 331.00000000000006 65.000000000000014 33.250000000000007 25.550000000000004 40.500000000000007 1007.1500000000002 141.50000000000003 11.750000000000002 0.63405362205439497 3277.7857145000003 42.000000000000007 140.50000000000003 1.0000000180025095e-35 1004.6500000000002 13.500000000000002 280.50000000000006 17.050000000000004 2676.3571430000006
decision_type=2 2 2 2 2 2 2 2 2 2 2 2 2 2 2 2 2 2 2 2 2 2 2 2 2 2 2 2 2 2
left_child=4 2 3 -2 9 -4 7 -6 19 10 11 -1 -13 15 22 16 18 -18 20 -9 -12 -7 -11 24 25 -24 -23 28 -10 -20
right_child=1 -3 5 -5 6 21 -8 8 27 14 13 12 -14 -15 -16 -17 17 -19 29 -21 -22 26 23 -25 -26 -27 -28 -29 -30 -31
leaf_value=-1.892603766552915 3.2341280495339833 -13.503842209576417 4.3865370566621857 1.0544276450082113 3.7965639378635934 -0.14716291026181291 3.4388393857034076 0.38727163725558211 -3.8806215213537976 0.012220519253543675 0.59301325604305166 2.7495936466772672 0.20570722667193997 1.3515963691399682 1.7241701853382889 -6.2401880696164724 -1.4237707779783153 1.4863871711770467 -17.787827396913194 2.0472234337604074 -0.921796347116142 2.7210788594369317 -7.5263279844993001 -8.0680998225635605 -8.047131617008132 2.5304705251450139 0.84807734444091587 -1.8214490376781047 0.56044205651137446 -0.0091142027097799536
leaf_weight=41 25 33 23 23 23 29 21 21 25 36 35 22 25 20 22 329 36 21 122 20 24 27 20 662 107 38 21 46 24 20
leaf_count=41 25 33 23 23 23 29 21 21 25 36 35 22 25 20 22 329 36 21 122 20 24 27 20 662 107 38 21 46 24 20
internal_value=-0.000326121 0.00578453 0.00774324 0.0145 -0.000954546 0.0045 0.00283333 0.00190566 0.000749999 -0.00138608 -0.000539569 0.00415909 0.00976596 -0.00122076 -0.00205085 -0.001569 -0.000325582 0.00278947 -0.00120896 0.00504878 0.00208475 0.00245454 -0.00220046 -0.00234704 -0.000818183 0.0032069 0.0045 -0.00110526 0.000673469 -0.00257747
internal_weight=1941 181 148 48 1760 100 180 159 136 1580 695 88 47 607 885 587 258 57 201 41 59 77 863 827 165 58 48 95 49 142
internal_count=1941 181 148 48 1760 100 180 159 136 1580 695 88 47 607 885 587 258 57 201 41 59 77 863 827 165 58 48 95 49 142
is_linear=0
shrinkage=0.03


Tree=29
num_leaves=31
num_cat=0
split_feature=30 52 15 3 44 6 30 56 57 8 9 8 58 26 15 4 17 56 36 21 3 57 2 37 28 31 18 28 46 36
split_gain=7.65663 3.10294 2.57062 2.29611 2.24394 1.86667 1.48022 2.12407 1.8411 2.57703 1.1054 1.16681 1.7925 3.55005 1.65284 1.01739 1.01389 1.2425 1.59468 0.698542 0.678788 0.653612 0.567376 0.546253 0.545105 1.02083 0.456269 0.41564 0.272571 0.22391
threshold=889.74196430000018 484.00000000000006 63.500000000000007 6422269.8570000008 32.850000000000001 25.500000000000004 455.33571430000006 12.450000000000001 284.50000000000006 2.5000000000000004 149.50000000000003 1.5000000000000002 1007.0500000000001 8.8000000000000025 81.500000000000014 3.5000000000000004 45.500000000000007 8.9500000000000011 399.85803570000007 275.00000000000006 6375597.9465000005 207.50000000000003 5568.3750000000009 1031.6000000000001 1006.2500000000001 1069.7642860000003 24.500000000000004 1008.0500000000001 24.050000000000004 812.55446430000006
decision_type=2 2 2 2 2 2 2 2 2 2 2 2 2 2 2 2 2 2 2 2 2 2 2 2 2 2 2 2 2 2
left_child=6 2 -2 26 24 -6 10 8 9 -8 11 12 13 15 28 -1 -13 -18 -19 -12 -7 -9 -21 -23 -3 -26 -4 -10 -15 -20
right_child=1 4 3 -5 5 20 7 21 27 -11 19 16 -14 14 -16 -17 17 18 29 22 -22 23 -24 -25 25 -27 -28 -29 -30 -31
leaf_value=1.2161225592191232 3.1577523608991198 -6.2830638830841243 -0.58042622060288707 3.1003318705887604 3.779595522897552 2.8377297373058017 0.034427077969168468 0.54818951757157863 0.14166111308336093 3.146165659264907 -13.295105611641896 -7.5401781570339885 -7.6221963944024616 0.030534459542938576 3.1481507360574068 2.9647148065642916 -6.6654071633976297 2.0598461882452566 -3.0948353314938424 2.1957422528977038 -0.71740856265373121 -3.9621095419589034 -2.7537862848477541 0.23639866196773768 1.5032124726441483 -1.1079798829356549 3.7156611698011699 -1.362802470401034 -7.1599494871292082 2.9192685740945277
leaf_weight=28 26 55 23 30 28 20 35 39 29 34 487 379 81 22 20 29 65 24 26 27 22 156 20 32 24 24 20 27 86 23
leaf_count=28 26 55 23 30 28 20 35 39 29 34 487 379 81 22 20 29 65 24 26 27 22 156 20 32 24 24 20 27 86 23
internal_value=-0.000387945 0.00427941 0.00851515 0.00563014 0.00185549 0.006 -0.00114859 0.000579545 0.00372 0.007 -0.00161048 -0.000892721 0.000721804 0.00235135 -0.000421876 0.00857895 -0.0017234 0.00047826 0.00316438 -0.00266292 0.002 -0.00114978 0.000829787 -0.00188298 -0.000961166 0.001375 0.00118605 -0.000321429 -0.00188889 6.12238e-05
internal_weight=1941 272 99 73 173 70 1669 352 125 69 1317 783 266 185 128 57 517 138 73 534 42 227 47 188 103 48 43 56 108 49
internal_count=1941 272 99 73 173 70 1669 352 125 69 1317 783 266 185 128 57 517 138 73 534 42 227 47 188 103 48 43 56 108 49
is_linear=0
shrinkage=0.03


Tree=30
num_leaves=31
num_cat=0
split_feature=11 16 23 19 8 6 52 26 31 16 9 48 6 31 5 26 14 46 8 9 48 14 1 9 11 23 49 3 31 49
split_gain=8.31889 4.18325 2.36613 2.24048 2.20037 1.68437 1.50489 1.15142 2.22762 1.2772 2.54642 1.76851 2.50757 0.937662 0.753463 0.71243 0.628301 0.568965 0.42459 0.938819 0.695416 0.796313 0.400566 0.391753 2.12779 0.64811 1.50394 0.951452 0.379134 0.306876
threshold=-0.93540483100319605 24.450000000000003 209.50000000000003 37.500000000000007 3.5000000000000004 20.500000000000004 613.50000000000011 11.050000000000002 617.91428570000005 24.450000000000003 140.50000000000003 48.500000000000007 25.500000000000004 805.65625000000011 22.500000000000004 16.850000000000005 32.250000000000007 23.950000000000003 2.5000000000000004 145.50000000000003 35.500000000000007 28.550000000000004 4071.3392855000006 140.50000000000003 0.77259657388510627 151.50000000000003 1.5000000000000002 6428052.5625000009 1117.3642855000003 15.500000000000002
decision_type=2 2 2 2 2 2 2 2 2 2 2 2 2 2 2 2 2 2 2 2 2 2 2 2 2 2 2 2 2 2
left_child=1 4 7 -3 16 13 -6 8 9 10 -2 18 -13 -4 -10 -8 -1 -12 19 -11 -21 -22 -20 24 29 -25 28 -28 -27 -9
right_child=2 3 5 -5 6 -7 15 23 14 11 17 12 -14 -15 -16 -17 -18 -19 22 20 21 -23 -24 25 -26 26 27 -29 -30 -31
leaf_value=1.6006349703714537 2.6001287182635293 3.2884673821332324 -0.53379036019853832 3.8057848838669637 2.2716616920588062 2.8818190390518317 -0.097029969035681077 -9.5374714957978473 0.16862522491077664 0.4214334699041849 -8.4961831422293894 -4.5275102664748719 3.7288557191006544 1.139708030278104 1.09900416442986 3.6768182225869648 -4.8027711819426617 0.87540770405320978 -12.855565628509725 -9.6504008017195169 1.938395995303845 -2.3095027563304091 0.29335826718633651 -8.8340427519654074 3.5223882763880301 -2.7373032539649689 -0.56538490845360323 1.9825071823472342 0.24869495633938069 -0.16785821602893586
leaf_weight=29 20 31 35 33 20 28 22 123 22 37 33 36 23 20 20 27 66 25 282 128 35 27 20 582 27 107 21 20 20 22
leaf_count=29 20 31 35 33 20 28 22 123 22 37 33 36 23 20 20 27 66 25 282 128 35 27 20 582 27 107 21 20 20 22
internal_value=-0.000357033 0.00502632 -0.00107356 0.0115312 0.0024878 0.00386747 0.00656522 -0.00132515 -0.000415255 -0.000837839 0.00276923 -0.00131633 0.00361017 0.000818181 0.00628571 0.00373469 -0.000473685 -0.000413794 -0.00186579 -0.000885463 -0.00173684 0.000870967 -0.00260265 -0.00202386 -0.000732559 -0.00232 -0.000678572 0.00431707 -0.00229134 -0.00217241
internal_weight=1941 228 1713 64 164 83 69 1630 708 666 78 588 59 55 42 49 95 58 529 227 190 62 302 922 172 750 168 41 127 145
internal_count=1941 228 1713 64 164 83 69 1630 708 666 78 588 59 55 42 49 95 58 529 227 190 62 302 922 172 750 168 41 127 145
is_linear=0
shrinkage=0.03


Tree=31
num_leaves=31
num_cat=0
split_feature=1 53 53 28 6 41 9 58 53 8 9 33 8 45 28 28 36 58 36 53 44 6 3 58 3 10 40 3 5 39
split_gain=7.82146 3.22667 2.38095 2.26691 4.59012 3.02657 1.44703 1.41383 1.36902 1.44906 1.03578 1.23327 1.14966 1.76085 1.38796 1.85436 2.05817 2.47016 1.07952 1.03374 0.957967 0.93645 0.802139 0.776053 0.762353 0.706522 0.703247 0.587778 0.513124 0.448148
threshold=7682.1696430000011 270.00000000000006 311.50000000000006 1006.2500000000001 25.500000000000004 399.63977971280133 151.50000000000003 1007.5500000000001 209.50000000000003 2.5000000000000004 149.50000000000003 46.804464285000009 2.5000000000000004 79.500000000000014 1007.7500000000001 1004.6500000000002 35.900000000000013 1007.0500000000001 296.78928570000005 142.50000000000003 33.100000000000009 23.500000000000004 6408833.3125000009 1006.5500000000001 6576492.3575000009 0.72947329433276253 66.88311011958335 6428052.5625000009 22.500000000000004 859.89564731250005
decision_type=2 2 2 2 2 2 2 2 2 2 2 2 2 2 2 2 2 2 2 2 2 2 2 2 2 2 2 2 2 2
left_child=8 3 -3 6 5 7 -2 24 10 -10 11 12 14 21 15 -1 -17 18 -18 -12 -6 26 -21 28 -5 -19 -14 -8 -20 -9
right_child=1 2 -4 4 20 -7 27 29 9 -11 19 -13 13 -15 -16 16 17 25 23 22 -22 -23 -24 -25 -26 -27 -28 -29 -30 -31
leaf_value=-3.2011811615714749 -5.8957179024712518 3.5073567888971939 2.0467334955402521 1.9327520246440828 -11.019433664825625 3.1119817973231734 1.7635588846034846 1.8128760977653835 -0.061773315133655381 2.557903209648769 -9.674518879430833 -5.3559014359059045 0.27594730791944938 -9.3675537155924289 -3.4746780882610819 -5.0167703829685291 4.1558828572467208 -9.1564128666753923 2.3196439509188078 -0.41337977964981254 2.3515935067385771 -4.4349635303767538 1.6023979902348737 0.40401500007498353 0.66982080340824135 1.594676315601173 1.275057638294008 0.55828995379969037 2.5251632853663568 -0.038385652787977315
leaf_weight=62 84 21 21 31 60 21 25 30 36 22 536 301 20 219 66 37 20 26 21 34 33 33 32 22 22 20 22 20 20 24
leaf_count=62 84 21 21 31 60 21 25 30 36 22 536 301 20 219 66 37 20 26 21 34 33 33 32 22 22 20 22 20 20 24
internal_value=-0.000357033 0.00342857 0.0112857 0.00248571 0.00433032 0.00801562 -0.000674419 0.00597196 -0.00131504 0.0032069 -0.00149095 -0.000840271 -4.0817e-05 -0.00136735 0.00128571 0.00239474 0.00404819 0.00583721 0.00892771 -0.00245183 -0.000741936 0.0026 0.00109091 0.007 0.00945283 0.000260869 0.00557143 0.00366667 0.00943902 0.00255555
internal_weight=1941 392 42 350 221 128 129 107 1549 58 1491 889 588 294 294 228 166 129 83 602 93 75 66 63 53 46 42 45 41 54
internal_count=1941 392 42 350 221 128 129 107 1549 58 1491 889 588 294 294 228 166 129 83 602 93 75 66 63 53 46 42 45 41 54
is_linear=0
shrinkage=0.03


Tree=32
num_leaves=31
num_cat=0
split_feature=11 41 14 8 26 12 41 52 12 43 8 26 17 18 40 10 26 26 42 12 11 36 42 39 17 46 26 47 5 37
split_gain=7.86516 2.80279 2.58665 1.74916 2.45 1.51292 1.43758 1.833 2.58024 1.99713 1.41644 1.61371 1.1316 1.62968 2.50435 2.25 0.9 0.9 0.76932 0.738462 0.664052 0.976449 0.605132 1.13838 0.514446 0.694444 0.448991 0.413077 0.367059 0.363636
threshold=-0.58216583101416131 410.74604895387574 31.250000000000004 2.5000000000000004 12.050000000000002 0.53946920585801694 278.85736723330399 472.00000000000006 0.58218302397213695 -238.00446428499995 2.5000000000000004 4.9500000000000011 7.5000000000000009 5.5000000000000009 604.92879465125009 -0.3520614488341256 8.2500000000000018 23.450000000000003 -119.65624999999999 0.56811179347017271 0.91037613702198772 1044.8741070000003 -122.83333335000002 894.34676343750004 44.500000000000007 25.350000000000005 18.250000000000004 1.5000000000000002 22.500000000000004 870.77857140000015
decision_type=2 2 2 2 2 2 2 2 2 2 2 2 2 2 2 2 2 2 2 2 2 2 2 2 2 2 2 2 2 2
left_child=1 2 3 18 16 -2 22 8 -8 -9 11 -7 -13 14 15 -14 -5 -6 -1 -15 -21 -22 23 -4 -12 28 -20 29 -26 -11
right_child=5 -3 6 4 17 10 7 9 -10 27 24 12 13 19 -16 -17 -18 -19 26 20 21 -23 -24 -25 25 -27 -28 -29 -30 -31
leaf_value=3.8947568805268258 -9.0830986151657545 3.0582046482089815 -2.1105033284075754 3.2094440993060886 -0.56454912417233194 1.3718397162449036 -3.6143784529586935 3.5644150108184598 2.2879768708756907 -0.50055508430353657 -9.8057627029779972 -9.1610712292112968 3.5230551278042368 0.69625685443128582 -12.211521344996468 0.038943633741526318 2.8623676916163237 1.809731292328967 -0.052018920683299358 -6.2616963534906809 0.87484756211592585 -5.1989873626922023 -1.2499259639760796 0.28158932173564549 -0.28593436228400215 -7.2811789578405888 0.63462928843570621 -3.6568454975454672 3.5285944878335682 1.6042600958320212
leaf_weight=20 540 35 23 20 20 34 21 28 37 22 302 92 25 39 24 20 20 20 52 110 24 22 137 22 34 49 25 73 29 22
leaf_count=20 540 35 23 20 20 34 21 28 37 22 302 92 25 39 24 20 20 20 52 110 24 22 137 22 34 49 25 73 29 22
internal_value=-0.000387945 0.00247739 0.00196441 0.0049661 0.00825 -0.00166072 0.000584415 0.0023202 0.00682759 0.000517241 -0.000835822 0.000461538 -0.000134832 0.000863636 0.00482609 0.009 0.0135 0.003 0.00225773 -0.000538462 -0.00146154 0.00156522 -0.00135165 0.00166667 -0.00205797 -0.000321429 0.000896103 -0.00120513 0.0017619 0.00109091
internal_weight=1941 597 562 177 80 1344 385 203 58 145 804 390 356 264 69 45 40 40 97 195 156 46 182 45 414 112 77 117 63 44
internal_count=1941 597 562 177 80 1344 385 203 58 145 804 390 356 264 69 45 40 40 97 195 156 46 182 45 414 112 77 117 63 44
is_linear=0
shrinkage=0.03


Tree=33
num_leaves=31
num_cat=0
split_feature=11 41 23 37 9 26 3 58 9 57 34 8 26 8 44 17 18 4 6 11 58 23 40 17 46 42 49 5 49 26
split_gain=8.25185 2.73481 2.62349 2.05788 1.51292 1.45073 2.25124 2.03277 2.14926 3.54571 3.07103 1.25345 1.65371 1.08995 1.2122 1.06601 1.37623 2.61594 0.738462 0.664052 0.894783 0.613333 0.592885 0.472407 0.694444 0.430764 0.595238 0.367059 0.291091 0.200779
threshold=-0.58216583101416131 410.74604895387574 270.00000000000006 919.85000000000014 149.50000000000003 23.200000000000003 6430623.0000000009 1006.2500000000001 144.50000000000003 294.50000000000006 413.57410715000009 2.5000000000000004 4.9500000000000011 1.0000000180025095e-35 33.100000000000009 7.5000000000000009 5.5000000000000009 19.500000000000004 26.500000000000004 0.91037613702198772 1007.2500000000001 193.50000000000003 604.92879465125009 44.500000000000007 25.350000000000005 -122.83333335000002 1.5000000000000002 22.500000000000004 1.0000000180025095e-35 19.950000000000003
decision_type=2 2 2 2 2 2 2 2 2 2 2 2 2 2 2 2 2 2 2 2 2 2 2 2 2 2 2 2 2 2
left_child=1 2 5 -4 11 7 -7 25 9 10 -9 12 -2 -10 28 -14 17 22 19 -18 -21 -11 -17 29 27 26 -1 -25 -15 -13
right_child=4 -3 3 -5 -6 6 -8 8 13 21 -12 23 15 14 -16 16 18 -19 -20 20 -22 -23 -24 24 -26 -27 -28 -29 -30 -31
leaf_value=-4.8489414383942071 1.3306845247575552 2.9664585087627091 2.7317929140936044 3.3162650544817902 -8.8106056567107807 -0.30694142556656523 1.8963089533689614 2.5955214589670761 0.36826071596945686 0.3802937408914206 0.37277871117107197 -12.332663169909942 -8.8862390923349572 -4.2385876472914186 2.5173759747134716 0.093121201605537218 -6.0738454628859593 3.7883045684849672 0.67536914879834564 0.82996411043392193 -10.325462606978432 -7.0554657701119066 -11.845175704646577 -0.27735633141548138 -7.0627435891053718 -2.8686489532609332 0.2815165940585258 3.4227366531985628 0.018950092539792407 -1.3197184243263087
leaf_weight=21 34 35 39 21 540 28 25 22 31 27 21 266 92 106 36 22 110 23 39 25 21 23 24 34 49 110 21 29 31 36
leaf_count=21 34 35 39 21 540 28 25 22 31 27 21 266 92 106 36 22 110 23 39 25 21 23 24 34 49 110 21 29 31 36
internal_value=-0.000357033 0.00257789 0.00207117 0.008 -0.00166072 0.00136255 0.0060566 0.000808463 0.00225252 0.00603226 0.0123488 -0.000835822 0.000384615 0.000529411 -0.000398845 -0.000219102 0.000749999 0.0043913 -0.000538462 -0.00146154 0.00156522 0.000599999 0.000260869 -0.00198551 -0.000321429 -0.00201316 0.000571428 0.0017619 -0.00168613 -0.00260265
internal_weight=1941 597 562 60 1344 502 53 449 297 93 43 804 390 204 173 356 264 69 195 156 46 50 46 414 112 152 42 63 137 302
internal_count=1941 597 562 60 1344 502 53 449 297 93 43 804 390 204 173 356 264 69 195 156 46 50 46 414 112 152 42 63 137 302
is_linear=0
shrinkage=0.03


Tree=34
num_leaves=31
num_cat=0
split_feature=11 53 53 41 36 48 16 8 21 9 31 10 8 57 26 57 3 56 14 41 11 53 19 3 1 31 4 41 46 30
split_gain=8.28665 2.64798 3.47849 2.15833 2.0093 2.35921 2.83778 1.83984 1.48761 1.27602 1.1812 0.955004 0.876046 1.36582 1.51001 1.97691 1.90556 0.938889 1.10744 0.834004 0.681142 0.631552 0.626037 0.575887 0.504326 0.319849 0.294912 0.286394 0.153819 0.230488
threshold=-0.70710678118654757 270.00000000000006 311.50000000000006 321.11657227109714 639.65625000000011 1.0000000180025095e-35 24.050000000000004 3.5000000000000004 414.50000000000006 149.50000000000003 950.34732145000009 -0.77259657388510594 4.5000000000000009 269.50000000000006 4.9500000000000011 301.50000000000006 6327947.7855000012 8.3500000000000032 29.650000000000002 164.24625073734407 -0.5 159.50000000000003 12.500000000000002 6290116.4375000009 5905.2767855000011 1126.2321430000002 2.5000000000000004 306.08233714018155 24.050000000000004 783.35535715000003
decision_type=2 2 2 2 2 2 2 2 2 2 2 2 2 2 2 2 2 2 2 2 2 2 2 2 2 2 2 2 2 2
left_child=1 3 -3 8 5 6 -5 -7 -1 11 -9 22 13 23 -15 16 -16 -18 -19 -14 24 -10 -2 -13 -11 27 -17 28 -23 -30
right_child=9 2 -4 4 -6 7 -8 10 21 20 -12 12 19 14 15 26 17 18 -20 -21 -22 25 -24 -25 -26 -27 -28 -29 29 -31
leaf_value=0.43097178431995636 -8.8186226914924344 3.2165707561179864 2.0854925110111733 2.4963184798053639 2.2459247821637716 -3.2466174939472037 3.5321123306178106 3.0089951629489802 0.10382693589809001 0.29969600454971734 0.038998316331825315 1.5998294732952916 -4.7412660107287135 1.8866725601480105 2.502047644978918 -1.2265911432575478 -2.6026845903886549 2.0465414347815383 -0.037332836948725301 0.24533660945870375 -10.666716897825093 -3.3475483811081537 0.085658194248217981 -2.1622424893748216 -0.33504084929482719 0.19614664348135999 -12.420341725383285 0.42915355142908385 0.074588264348646058 -0.21715347436340018
leaf_weight=38 232 25 36 35 20 69 23 22 21 29 23 29 153 29 36 36 30 32 28 33 516 96 33 125 35 25 71 20 20 21
leaf_count=38 232 25 36 35 20 69 23 22 21 29 23 29 153 29 36 36 30 32 28 33 516 96 33 125 35 25 71 20 20 21
internal_value=-0.000403401 0.00295142 0.00880328 0.00212702 0.0045 0.00345349 0.00837931 0.000947368 0.000236514 -0.00154872 0.00566667 -0.00082007 -0.000159469 0.000605769 0.00192366 0.00112017 0.00366667 0.00133333 0.0035 -0.00187097 -0.00263793 -0.000783252 -0.00232076 -0.00163636 0.000281249 -0.00135165 -0.00187851 -0.0018535 -0.00234307 -0.000804879
internal_weight=1941 494 61 433 192 172 58 114 241 1447 45 867 602 416 262 233 126 90 60 186 580 203 265 154 64 182 107 157 137 41
internal_count=1941 494 61 433 192 172 58 114 241 1447 45 867 602 416 262 233 126 90 60 186 580 203 265 154 64 182 107 157 137 41
is_linear=0
shrinkage=0.03


Tree=35
num_leaves=31
num_cat=0
split_feature=11 41 6 12 48 12 41 3 5 37 12 4 58 6 16 32 18 6 6 47 8 11 41 42 15 18 3 37 11 12
split_gain=7.28201 2.6269 1.9629 3.473 2.58754 4.62717 2.14769 1.56221 1.782 1.41297 1.37557 3.00973 1.89062 1.23816 0.984435 1.00511 0.786495 1.56887 2.08708 1.51724 0.678733 0.602622 0.703614 0.595372 0.369641 0.319187 0.236729 0.236132 0.227061 0.142051
threshold=-0.58216583101416131 417.01737746672728 25.500000000000004 0.64987354830121502 15.500000000000002 0.62334665204000361 289.6940167744109 6336208.6875000009 22.500000000000004 880.76160715000003 0.66285048286959747 19.500000000000004 1005.7500000000001 29.500000000000004 24.050000000000004 754.41517855000018 28.500000000000004 25.500000000000004 27.500000000000004 48.500000000000007 1.5000000000000002 0.84874750804349197 335.62918893161896 73.558928549999976 75.500000000000014 60.500000000000007 6349833.5625000009 635.33125000000007 -0.5 0.64987354830121502
decision_type=2 2 2 2 2 2 2 2 2 2 2 2 2 2 2 2 2 2 2 2 2 2 2 2 2 2 2 2 2 2
left_child=1 2 3 4 7 6 25 27 9 -9 16 21 -13 -4 -5 -16 28 24 19 -19 -10 22 -12 -15 -18 -6 -20 -1 -2 -30
right_child=10 -3 13 14 5 -7 -8 8 20 -11 11 12 -14 23 15 -17 17 18 26 -21 -22 -23 -24 -25 -26 -27 -28 -29 29 -31
leaf_value=0.17910064680494703 -0.30391070473741993 2.9427184031488873 -6.2251659752122963 -22.219426518177631 0.15538034730413161 2.6583554700553247 3.0662797157829993 0.26571101284692428 1.5489967345960631 2.945923006233468 -9.362734825660878 2.2490771183610634 1.5707012913441094 3.144095864023249 -0.12449174646668355 1.3722655498255454 0.02262923346404392 1.6760861566832821 2.3099853335585072 1.1054698081964547 -1.4478932958300645 0.29276313666831011 0.098130120640747012 -0.16329367075529164 -9.4537772366326731 -2.8985693345080135 -6.1202746546739109 -1.151672135332179 -10.594670704404791 -0.29711156848901682
leaf_weight=23 35 24 110 84 24 25 38 31 26 28 146 32 32 38 23 20 21 36 22 22 25 27 20 20 232 23 63 35 629 27
leaf_count=23 35 24 110 84 24 25 38 31 26 28 146 32 32 38 23 20 21 36 22 22 25 27 20 20 232 23 63 35 629 27
internal_value=-0.000480681 0.00227638 0.00186911 0.003 0.0048777 0.00845454 0.00511765 0.00253571 0.00463636 0.00818644 -0.00170536 0.000268482 0.00590625 -0.000857144 -0.00111024 0.00258139 -0.00217203 -0.00110606 0.00140559 0.0057931 0.000529411 -0.00160104 -0.00227711 0.00268965 -0.00252569 0.000829787 -0.00158824 -0.00144828 -0.00278292 -0.00290854
internal_weight=1941 597 573 405 278 110 85 168 110 59 1344 257 64 168 127 43 1087 396 143 58 51 193 166 58 253 47 85 58 691 656
internal_count=1941 597 573 405 278 110 85 168 110 59 1344 257 64 168 127 43 1087 396 143 58 51 193 166 58 253 47 85 58 691 656
is_linear=0
shrinkage=0.03


Tree=36
num_leaves=31
num_cat=0
split_feature=11 26 57 16 33 11 53 9 4 28 26 9 6 26 42 39 3 47 11 41 28 18 6 6 24 11 9 30 5 11
split_gain=7.01031 3.51842 3.49299 2.41051 2.3613 1.86609 1.36206 1.27693 2.64561 2.25 1.03214 1.8099 2.66667 1.11417 0.849629 0.828947 0.749741 1.27538 0.602622 0.703614 0.496435 0.390833 0.666501 0.976213 0.395122 0.237784 0.227328 0.172414 0.139194 0.132203
threshold=-0.93540483100319605 13.900000000000002 218.50000000000003 24.050000000000004 879.69017855000004 -0.58216583101416131 171.50000000000003 140.50000000000003 19.500000000000004 1005.7500000000001 12.450000000000001 144.50000000000003 20.500000000000004 23.200000000000003 -122.83333335000002 894.34676343750004 6290116.4375000009 41.500000000000007 0.84874750804349197 335.62918893161896 1008.85 42.500000000000007 25.500000000000004 27.500000000000004 165.40000000000003 -0.5 149.50000000000003 1117.3642855000003 1.0000000180025095e-35 0.83146961230254512
decision_type=2 2 2 2 2 2 2 2 2 2 2 2 2 2 2 2 2 2 2 2 2 2 2 2 2 2 2 2 2 2
left_child=1 2 -1 6 -5 10 -3 8 18 -10 11 12 -2 14 15 -12 17 29 19 -7 -13 25 24 -24 -23 -18 28 -16 -8 -9
right_child=5 3 -4 4 -6 7 26 16 9 -11 13 20 -14 -15 27 -17 21 -19 -20 -21 -22 22 23 -25 -26 -27 -28 -29 -30 -31
leaf_value=2.7281552132497113 -0.068486366171459909 3.2386449307548077 2.8320272682012035 0.21890679553651113 2.7190741597531014 -9.0818527808910527 -0.0068049135437286178 -6.6164849065672602 3.6998256562464471 -0.41110207864189247 -1.935909434354034 -0.1927177666151817 2.8421085714589984 1.3959149115608647 -2.2617988887924967 0.28129915930040028 -0.2606700463239891 3.1552151032732172 0.28398024256826027 0.095186217021522912 0.099813777595273434 -11.006093437331119 1.247666856716197 -4.398849449038619 0.082534526991351206 -8.9666800476693638 0.4646848502062747 -1.106118790026041 -3.5729961389268241 -2.1536625629242367
leaf_weight=22 27 26 28 32 21 146 21 39 32 32 21 52 27 31 125 36 33 27 27 20 30 144 29 47 20 728 21 20 57 20
leaf_count=22 27 26 28 32 21 146 21 39 32 32 21 52 27 31 125 36 33 27 27 20 30 144 29 47 20 728 21 20 57 20
internal_value=-0.000573416 0.00436842 0.0114 0.00239326 0.00775472 -0.00123117 0.000119999 -0.00175 0.00015175 0.0054375 0.000658536 0.00273529 0.007 -0.000553649 -0.00136634 0.00173684 -0.00219963 0.000488371 -0.00160104 -0.00227711 -7.31714e-05 -0.00243057 -0.001375 0.000947368 -0.00245122 -0.00276347 -0.00148485 -0.00258621 -0.00223077 -0.00198305
internal_weight=1941 228 50 178 53 1713 125 1344 257 64 369 136 54 233 202 57 1087 86 193 166 82 1001 240 76 164 761 99 145 78 59
internal_count=1941 228 50 178 53 1713 125 1344 257 64 369 136 54 233 202 57 1087 86 193 166 82 1001 240 76 164 761 99 145 78 59
is_linear=0
shrinkage=0.03


Tree=37
num_leaves=31
num_cat=0
split_feature=11 41 53 57 9 8 38 41 11 37 37 19 37 17 8 18 4 26 19 6 10 10 3 8 50 3 57 41 2 11
split_gain=6.91904 2.68149 2.13505 2.41558 1.27613 1.2342 1.17979 1.79928 1.32973 1.45541 1.13385 1.07681 1.01727 1.25397 1.75807 1.50333 1.36203 0.913995 0.759625 0.748683 3.32303 0.882568 0.680828 0.66932 1.52547 0.656861 0.780488 0.439547 0.4 0.358333
threshold=-0.58216583101416131 417.01737746672728 270.00000000000006 218.50000000000003 149.50000000000003 3.5000000000000004 481.34687498750003 323.80700466498757 -0.97335555334614932 805.65625000000011 147.17857140000004 37.500000000000007 88.262500000000003 7.5000000000000009 3.5000000000000004 5.5000000000000009 17.500000000000004 15.450000000000001 98.500000000000014 25.500000000000004 0.58216583101416164 0.35206144883412577 6405398.0000000009 1.0000000180025095e-35 1.0000000180025095e-35 6336208.6875000009 288.50000000000006 245.43031381086146 3777.0892855000006 -0.5
decision_type=2 2 2 2 2 2 2 2 2 2 2 2 2 2 2 2 2 2 2 2 2 2 2 2 2 2 2 2 2 2
left_child=1 2 5 -4 12 10 -7 25 28 -10 -1 23 13 -2 15 16 -15 -16 -13 21 -21 -17 -22 24 -12 -8 -27 -28 -9 -6
right_child=4 -3 3 -5 29 6 7 8 9 -11 11 18 -14 14 17 19 -18 -19 -20 20 22 -23 -24 -25 -26 26 27 -29 -30 -31
leaf_value=1.8631939652580429 -16.386690573812256 2.7728646262618319 0.5744881869521129 2.9513243323259459 0.1023970045480337 1.7393146545853349 -0.33300976051084963 -0.065027604784061221 0.44245569235832188 2.8972887905712374 1.8075857677515961 2.693904183605893 -3.323383358274298 0.018642242798784334 -10.517659612352826 0.86357220206541352 2.0794931143848396 1.3551826251016021 -0.0057948635600495631 -3.8351317247911547 4.0575559352204555 -8.0101761254122525 3.1701709113167071 -15.119610973176249 -16.566909234675627 -0.26922239946074616 0.019245316880035182 0.51872237115368147 2.2237721173041201 -9.7463967385239378
leaf_weight=23 123 24 35 24 24 29 49 20 22 20 20 20 214 23 174 34 31 21 37 55 27 78 24 139 33 41 21 20 20 516
leaf_count=23 123 24 35 24 24 29 49 20 22 20 20 20 214 23 174 34 31 21 37 55 27 78 24 139 33 41 21 20 20 516
internal_value=-0.000511593 0.00217588 0.0017644 0.00716949 -0.00170536 0.00114397 0.00270248 0.00192958 0.00541463 0.00914286 -0.000242648 -0.000831326 -0.000947762 -0.000305085 0.00040471 0.00196323 0.00644444 -0.00176923 0.00278947 0.00085321 0.00266038 -0.000857144 0.00817647 -0.00190625 0.000962263 -0.000251909 0.00139024 0.00431707 0.0015 -0.00283333
internal_weight=1941 597 573 59 1344 514 242 213 82 42 272 249 804 590 467 272 54 195 57 218 106 112 51 192 53 131 82 41 40 540
internal_count=1941 597 573 59 1344 514 242 213 82 42 272 249 804 590 467 272 54 195 57 218 106 112 51 192 53 131 82 41 40 540
is_linear=0
shrinkage=0.03


Tree=38
num_leaves=31
num_cat=0
split_feature=23 41 8 40 6 18 29 25 9 34 40 6 10 45 37 19 15 10 28 56 41 43 49 14 42 30 53 18 16 34
split_gain=5.91931 2.5444 2.36342 2.24626 2.66944 2.38654 1.80449 1.38509 1.00745 1.00017 2.13245 1.48458 1.93406 2.1577 0.845865 0.763447 0.735135 1.36827 1.92857 0.632447 0.56867 0.533649 0.435803 0.51996 0.588942 0.410538 0.524355 0.4 0.282507 0.129825
threshold=167.50000000000003 417.01737746672728 2.5000000000000004 739.63370535000001 23.500000000000004 15.500000000000002 0.15000000000000005 394.50000000000006 149.50000000000003 1.0000000180025095e-35 110.25922619104166 25.500000000000004 0.58216583101416164 81.500000000000014 424.6419643000001 2.5000000000000004 83.500000000000014 0.5277851165098012 1005.7500000000001 19.150000000000002 326.18988363030729 266.93571430000009 16.500000000000004 32.150000000000013 -85.633035750000047 724.31875000000002 107.50000000000001 10.500000000000002 24.550000000000004 889.74196430000018
decision_type=2 2 2 2 2 2 2 2 2 2 2 2 2 2 2 2 2 2 2 2 2 2 2 2 2 2 2 2 2 2
left_child=8 2 7 4 5 -4 -7 -2 9 10 11 16 -13 -14 -10 -16 17 18 27 29 -6 -19 23 -11 -25 26 -17 -1 -9 -5
right_child=1 -3 3 19 20 6 -8 28 14 22 -12 12 13 -15 15 25 -18 21 -20 -21 -22 -23 -24 24 -26 -27 -28 -29 -30 -31
leaf_value=4.146220074129003 1.7431510345548265 2.689678687473974 0.73824775182592606 -0.049093675957740189 -1.5136634522543089 2.7766446959293152 2.7715500246113787 -17.002703154884639 -9.8927252478362551 -7.3576702179267786 1.8606882718198841 -3.0624532197999619 0.0037741524157143399 3.4906924841711624 -1.4600668393717913 -0.20410687591014037 -15.98465817328295 -6.6007792877859925 -1.6829727446008655 0.22700129457995941 1.8530695799040471 0.22697439882729484 0.058460551796493829 0.24284526100546849 -0.48701561384109515 -0.12782902821744468 1.8517969487199826 0.78396211590287534 0.17860793599373256 -2.1453490330182228
leaf_weight=20 36 24 37 20 34 24 29 113 475 292 31 47 37 38 55 21 153 124 35 21 38 23 25 20 32 31 26 20 23 37
leaf_count=20 36 24 37 20 34 24 29 113 475 292 31 47 37 38 55 21 153 124 35 21 38 23 25 20 32 31 26 20 23 37
internal_value=-0.000573416 0.00250459 0.00195146 0.003875 0.00588889 0.00933333 0.0134151 -0.000732559 -0.00146512 -0.000826088 1.13629e-05 -0.000464789 0.00240984 0.0054 -0.0024079 -0.000293234 -0.0014 -0.000297298 0.003 -0.000307693 0.00158333 -0.00197959 -0.00202439 -0.00230233 0.000461538 0.00161538 0.00338298 0.0075 -0.00211765 -0.00194737
internal_weight=1941 436 412 240 162 90 53 172 1505 897 528 497 122 75 608 133 375 222 75 78 72 147 369 344 52 78 47 40 136 57
internal_count=1941 436 412 240 162 90 53 172 1505 897 528 497 122 75 608 133 375 222 75 78 72 147 369 344 52 78 47 40 136 57
is_linear=0
shrinkage=0.03


Tree=39
num_leaves=31
num_cat=0
split_feature=23 23 41 57 8 34 58 43 9 11 28 10 8 11 16 26 17 26 10 41 5 16 24 28 28 26 10 2 33 10
split_gain=5.71589 2.38151 2.03071 1.79715 1.71147 1.82069 3.34807 1.74413 1.00745 1.06617 0.941832 0.728139 0.681845 1.33966 3.63984 1.38417 0.78242 1.00794 1.27571 0.544901 0.543478 0.535192 0.531603 0.410458 1.00658 0.352511 0.415966 0.31746 0.305643 0.19702
threshold=167.50000000000003 270.00000000000006 410.74604895387574 237.50000000000003 2.5000000000000004 498.2142857500001 1007.4500000000002 -238.00446428499995 149.50000000000003 -0.5277851165098012 1008.2500000000001 -0.19509032201612828 1.5000000000000002 0.065403129230142756 24.550000000000004 5.0500000000000007 44.500000000000007 9.3500000000000032 0.58216583101416164 240.40408207183438 22.500000000000004 24.950000000000003 380.30000000000001 1006.6500000000002 1004.6500000000002 19.150000000000002 -0.93540483100319605 228.81250000000003 791.23303570000019 -0.41248606129204546
decision_type=2 2 2 2 2 2 2 2 2 2 2 2 2 2 2 2 2 2 2 2 2 2 2 2 2 2 2 2 2 2
left_child=8 2 4 11 22 6 -6 -7 12 19 -8 -3 13 -1 -15 -16 25 27 -19 -10 -21 -20 -2 24 -17 29 -27 -18 -9 -14
right_child=1 3 -4 -5 5 7 10 28 9 -11 -12 -13 16 14 15 23 17 18 21 20 -22 -23 -24 -25 -26 26 -28 -29 -30 -31
leaf_value=-1.9688590096289271 0.22831884072026806 2.4309673613430931 2.4751227252407073 2.781769128068202 2.6783504455406106 2.2488350960173396 -0.047482001947497722 0.010387887504212323 -0.10705724685454464 -9.4307237967167197 1.541864660054443 -0.046877286421896397 -13.941413734173493 1.8022167058857261 2.5770298886651664 -5.9212156260135806 -7.887250697122802 -1.0076745504308544 1.159822243607338 1.6308379469151746 -0.069924449420687068 3.6122145043911686 -16.924149847857706 -11.337123726819142 2.1006466684363194 -6.1184151228036594 0.26520374421744425 0.073839558706583111 -1.5042932168002012 -1.1842638283045916
leaf_weight=100 32 22 30 22 30 28 36 22 47 515 22 20 198 22 24 34 60 35 20 23 23 21 107 65 38 22 34 21 65 203
leaf_count=100 32 22 30 22 30 28 36 22 47 515 22 20 198 22 24 34 60 35 20 23 23 21 107 65 38 22 34 21 65 203
internal_value=-0.000588872 0.00243578 0.00151613 0.00778125 0.000859648 0.00261576 0.00586364 0.000130434 -0.00146512 -0.0024079 0.00165517 0.00414286 -0.000826088 0.000392225 0.00191803 0.000354037 -0.00138762 0.00043949 0.00292105 0.000548386 0.00286956 0.00651219 -0.00170504 -0.00081022 0.000749999 -0.00201532 0.000214285 -0.00188889 -0.00196552 -0.00232668
internal_weight=1941 436 372 64 342 203 88 115 1505 608 58 42 897 283 183 161 614 157 76 93 46 41 139 137 72 457 56 81 87 401
internal_count=1941 436 372 64 342 203 88 115 1505 608 58 42 897 283 183 161 614 157 76 93 46 41 139 137 72 457 56 81 87 401
is_linear=0
shrinkage=0.03


Tree=40
num_leaves=31
num_cat=0
split_feature=11 23 41 18 37 19 16 11 26 9 4 16 11 24 46 10 9 6 45 1 19 6 27 2 56 26 47 52 23 31
split_gain=6.21767 3.11516 2.51094 1.93627 1.8544 1.65365 1.33762 1.24556 1.35561 1.02992 2.58057 1.68056 1.0652 0.885928 1.09856 0.863418 1.46315 1.21394 1.29024 0.978261 0.757202 0.646368 0.661172 0.430617 0.458494 0.371661 0.234432 0.202206 0.182299 0.133333
threshold=-0.88144907265856332 270.00000000000006 317.77188309952709 1.0000000180025095e-35 513.41785715000015 45.500000000000007 24.050000000000004 -0.58216583101416131 23.200000000000003 141.50000000000003 18.500000000000004 24.650000000000002 0.91037613702198772 340.15000000000003 24.450000000000003 0.58216583101416164 150.50000000000003 25.500000000000004 81.500000000000014 2676.3571430000006 1.0000000180025095e-35 16.500000000000004 294.50000000000006 6955.2142855000011 10.050000000000002 11.850000000000003 5.5000000000000009 697.50000000000011 149.50000000000003 966.0875000000002
decision_type=2 2 2 2 2 2 2 2 2 2 2 2 2 2 2 2 2 2 2 2 2 2 2 2 2 2 2 2 2 2
left_child=1 2 26 6 -5 -3 -4 8 13 10 12 -12 -9 14 -2 28 17 19 25 -17 29 -13 -23 24 -15 -19 -1 -26 -11 -6
right_child=7 5 3 4 20 -7 -8 9 -10 15 11 21 -14 23 -16 16 -18 18 -20 -21 -22 22 -24 -25 27 -27 -28 -29 -30 -31
leaf_value=-0.83279460777608516 1.8166808476121961 3.0543424794162597 2.5744683123876677 1.6926568362483498 -0.049455235165840432 0.49692440060915771 2.9661241083629419 -6.9247271676917146 1.2168216303164558 -9.970406724114504 1.716319847203241 -22.713831069466693 0.74488894965913499 0.095719130917767931 -0.017064723784775946 -7.5519364083067 -8.0020982570378862 -1.9969896353470269 3.2452060823885467 0.53172388275838656 1.3283615538176927 -0.58241415282063502 5.0338979924319087 0.23398971595693147 -2.0789824836109059 0.41273169411725497 -1.4736829049544271 -1.3109939048109025 -0.11032784391174162 -3.8226123649604111
leaf_weight=27 25 26 35 21 20 21 25 189 23 651 24 20 28 33 42 72 187 20 40 20 31 28 24 20 110 21 64 34 20 40
leaf_count=27 25 26 35 21 20 21 25 189 23 651 24 20 28 33 42 72 187 20 40 20 31 28 24 20 110 21 64 34 20 40
internal_value=-0.000604328 0.00329032 0.00201901 0.00415116 0.00182143 0.0104043 0.0085 -0.00134457 0.000449477 -0.00172768 -0.000220448 0.003875 -0.00203226 -0.000159092 0.00282089 -0.00218526 -0.001 0.000988439 0.00366667 -0.00136957 -3.29677e-05 0.00158333 0.00334615 -0.00117259 -0.00164407 -7.31714e-05 -0.00201099 -0.002375 -0.00282116 -0.002
internal_weight=1941 310 263 172 112 47 60 1631 287 1344 313 96 217 264 67 1031 360 173 81 92 91 72 52 197 177 41 91 144 671 60
internal_count=1941 310 263 172 112 47 60 1631 287 1344 313 96 217 264 67 1031 360 173 81 92 91 72 52 197 177 41 91 144 671 60
is_linear=0
shrinkage=0.03


Tree=41
num_leaves=31
num_cat=0
split_feature=31 46 46 26 53 58 1 12 31 12 11 41 58 8 15 57 39 10 12 12 40 36 27 47 19 31 37 28 18 34
split_gain=6.73889 2.59729 3.82462 1.61765 1.32276 1.92726 1.26193 1.09161 1.03546 0.86395 1.11437 1.94223 1.13208 0.994075 0.924837 0.712846 2.18854 0.687303 0.8048 1.24457 1.89721 0.487625 0.473469 0.471956 1.09639 2.07439 0.360869 0.252313 0.24289 0.155556
threshold=769.4937500000002 24.450000000000003 24.750000000000004 14.350000000000003 209.50000000000003 1007.2500000000001 9810.2410715000024 0.52490632455031438 1046.5857140000001 0.62334665204000361 0.77259657388510627 146.01958728875374 1007.2500000000001 2.5000000000000004 58.500000000000007 287.50000000000006 1008.3181175437502 0.58216583101416164 0.52490632455031438 0.58218302397213695 2.4115699406249811 852.86875000000009 205.50000000000003 20.500000000000004 8.5000000000000018 12.341071430000001 578.90000000000009 1007.1500000000002 43.500000000000007 147.41964285000003
decision_type=2 2 2 2 2 2 2 2 2 2 2 2 2 2 2 2 2 2 2 2 2 2 2 2 2 2 2 2 2 2
left_child=4 3 -3 -2 9 22 -4 8 -5 14 12 13 23 21 -1 27 -17 -16 26 20 28 -12 -6 24 29 -26 -19 -9 -20 -11
right_child=1 2 6 7 5 -7 -8 15 -10 10 11 -13 -14 -15 17 16 -18 18 19 -21 -22 -23 -24 -25 25 -27 -28 -29 -30 -31
leaf_value=0.85349837836235254 1.6652360636427124 2.5318833607155589 -0.15378804473937227 0.11244579499923571 0.18478288561190551 2.072699822510228 2.2731469537458295 -5.7852849946188192 4.2062191149524466 -4.4949612205486833 1.6519137560416788 3.9494234869267952 1.0742396491130006 -6.3803456775311576 -8.0849038748130209 -1.6682331340476104 2.3371071313493483 -6.416717791132144 3.1083468540259069 -2.3532607800771497 -1.9670324226651787 -0.033791518799009594 -2.9800517222661091 -7.9124651732550042 1.1937628826204258 -3.5034121430480338 0.00085551248724001375 -0.061664594756247144 3.1765880015974064 -8.6615688135191107
leaf_weight=29 38 37 34 37 20 20 33 75 22 20 26 20 22 55 615 38 21 199 21 76 48 20 29 184 20 21 21 41 29 70
leaf_count=29 38 37 34 37 20 20 33 75 22 20 26 20 22 55 615 38 21 199 21 76 48 20 29 184 20 21 21 41 29 70
internal_value=-0.000542505 0.00306383 0.00709615 0.00152206 -0.00140895 0.00265217 0.00282089 0.000589743 0.00411864 -0.00159626 -0.000510918 0.00195868 -0.00139763 0.000267326 -0.00207515 -0.000600001 0.00208475 -0.00222696 -0.00124873 0.000275861 0.0025102 0.00352174 -0.000551021 -0.00185714 -0.000480917 0.00358537 -0.00245455 -0.00196552 0.0066 -0.00233333
internal_weight=1941 376 104 272 1565 69 67 234 59 1496 458 121 337 101 1038 175 59 1009 394 174 98 46 49 315 131 41 220 116 50 90
internal_count=1941 376 104 272 1565 69 67 234 59 1496 458 121 337 101 1038 175 59 1009 394 174 98 46 49 315 131 41 220 116 50 90
is_linear=0
shrinkage=0.03


Tree=42
num_leaves=31
num_cat=0
split_feature=11 23 41 26 38 57 24 8 13 41 13 11 35 13 26 13 47 37 47 10 10 13 26 16 47 13 3 10 40 3
split_gain=7.24104 2.50261 1.91809 2.43609 2.23327 1.79715 1.4265 1.97029 2.17995 1.38966 1.12347 1.77264 1.46746 1.05026 0.96292 0.867857 0.817392 1.23418 0.9 0.728139 0.642637 1.09249 0.938176 0.571429 0.553846 0.542297 0.535876 0.463768 0.390321 0.351547
threshold=-0.58216583101416131 270.00000000000006 321.11657227109714 11.15 473.19040178750004 237.50000000000003 772.4000000000002 2.5000000000000004 -0.77106008072527021 387.06539043108074 -0.75999367905021098 0.77259657388510627 399.85803570000007 -0.84196139870471931 23.200000000000003 -0.75999367905021098 20.500000000000004 103.99821430000001 9.5000000000000018 -0.19509032201612828 0.58216583101416164 -0.85111654397324854 9.3500000000000032 25.950000000000003 76.500000000000014 -0.81301226778969637 6610741.6340000005 0.097964660725097311 990.9648685625001 7244217.0715000005
decision_type=2 2 2 2 2 2 2 2 2 2 2 2 2 2 2 2 2 2 2 2 2 2 2 2 2 2 2 2 2 2
left_child=1 2 3 4 -1 19 7 24 9 13 20 16 23 -9 28 -6 17 18 -12 -3 -2 -22 25 27 -4 -23 -24 -13 29 -5
right_child=10 5 6 14 15 -7 -8 8 -10 -11 11 12 -14 -15 -16 -17 -18 -19 -20 -21 21 22 26 -25 -26 -27 -28 -29 -30 -31
leaf_value=1.6881180155552116 -8.1091168558623146 2.2899694018081354 -17.253559542643067 -2.9385288599931858 0.16730297757638274 2.543127227656643 2.2595542694873703 2.7562903835859061 2.3356359199095289 -0.83321247499753848 -0.75349123302308019 2.3621992822848181 3.8309407823189887 0.085540954057173255 0.45843598794760781 -0.18540106375844098 -9.8422783142260695 -10.91059542462351 1.1579499961418145 -0.16007250273889467 -7.5695337755927854 2.6543677738253852 2.4631809905216477 -17.625690077736575 1.7649537338752017 -5.3629559036206453 0.022333281108141867 0.037175451479382136 0.2189681035617029 0.17165359359920787
leaf_weight=20 671 22 45 189 35 22 24 27 21 29 20 23 20 25 31 21 144 39 20 20 187 35 28 20 20 85 25 27 26 20
leaf_count=20 671 22 45 189 35 22 24 27 21 29 20 23 20 25 31 21 144 39 20 20 187 35 28 20 20 85 25 27 26 20
internal_value=-0.000573416 0.00217588 0.00150281 0.000157894 0.00489474 0.00778125 0.00391099 0.00292814 0.00552941 0.0032963 -0.00179464 -0.000220448 0.00333333 0.00623077 -0.00119549 0.00182143 -0.00165471 0.000797468 0.0045 0.00414286 -0.00227255 -0.00125 0.000468207 0.00128571 -0.00115385 -0.001 0.00379245 0.003 -0.00185106 -0.0022823
internal_weight=1941 597 533 342 76 64 191 167 102 81 1344 313 90 52 266 56 223 79 40 42 1031 360 173 70 65 120 53 50 235 209
internal_count=1941 597 533 342 76 64 191 167 102 81 1344 313 90 52 266 56 223 79 40 42 1031 360 173 70 65 120 53 50 235 209
is_linear=0
shrinkage=0.03


Tree=43
num_leaves=31
num_cat=0
split_feature=11 23 41 19 8 38 41 9 4 6 34 31 41 6 47 48 3 11 32 49 3 3 11 18 51 31 3 49 1 41
split_gain=6.54589 2.22672 1.90782 1.35813 1.3179 1.71982 1.31282 1.12498 2.5107 2.34722 0.998296 0.956019 0.92803 0.694444 0.75 0.662774 0.870315 0.615775 0.589623 0.645566 0.534244 0.771429 0.493214 0.369361 0.293765 0.27 0.225 0.222473 0.344708 0.204398
threshold=-0.58216583101416131 270.00000000000006 410.74604895387574 45.500000000000007 3.5000000000000004 481.34687498750003 323.80700466498757 140.50000000000003 17.500000000000004 18.500000000000004 9.5491071430000023 947.40625000000011 377.72117884077096 16.500000000000004 16.500000000000004 1.0000000180025095e-35 6595772.5000000009 -0.47114434510950048 800.00000000000011 1.5000000000000002 6290116.4375000009 6274199.5000000009 0.84874750804349197 73.500000000000014 338.50000000000006 942.17857140000012 6555405.9375000009 2.5000000000000004 3255.6250000000005 3.1881639934219659
decision_type=2 2 2 2 2 2 2 2 2 2 2 2 2 2 2 2 2 2 2 2 2 2 2 2 2 2 2 2 2 2
left_child=1 2 4 -3 10 -6 18 8 22 13 -1 -8 -13 -10 -15 16 25 24 -7 -20 21 -19 -2 -17 26 -12 -9 28 29 -22
right_child=7 3 -4 -5 5 6 11 17 9 -11 15 12 -14 14 -16 23 -18 20 19 -21 27 -23 -24 -25 -26 -27 -28 -29 -30 -31
leaf_value=0.51889867189575045 -8.9704025953833479 2.5423295533703132 2.1744071922921502 0.24950278562790373 1.4040336817901087 -0.15298830028454025 2.2409982882177393 -0.23160922307638476 -20.122955672800405 1.6094640568518035 -3.2213252171852558 0.98620349257710516 -1.3883472093660851 -0.97452756538149954 4.9311349774764297 -9.4656467270169777 0.39097369553813538 -1.9288550688329669 -1.9484881999113852 0.52409617884833959 -1.2891585067700322 2.3251095924860343 0.15483710019799274 0.14662745846101943 -0.46551789508115349 0.17079594121633709 0.48291366781857131 -9.0417294635557681 0.17620780587034268 -8.2715218159770156
leaf_weight=39 134 36 31 28 29 69 34 20 24 24 30 24 20 24 24 131 24 56 37 24 190 24 27 21 26 20 20 547 29 175
leaf_count=39 134 36 31 28 29 69 34 20 24 24 30 24 20 24 24 131 24 56 37 24 190 24 27 21 26 20 20 547 29 175
internal_value=-0.000588872 0.00202512 0.00139024 0.0073125 0.000944222 0.00256962 0.00161538 -0.00175 3.50187e-05 0.003875 -0.000509435 0.00469231 0.00177273 0.00116667 0.00325 -0.00127434 0.00105405 -0.00217203 -0.00023077 0.00191803 -0.00235358 -7.15256e-10 -0.00225466 -0.0024079 0.000636363 -0.0012 0.00225 -0.00255367 -0.00201015 -0.00226027
internal_weight=1941 597 533 64 502 237 208 1344 257 96 265 78 44 72 48 226 74 1087 130 61 1021 80 161 152 66 50 40 941 394 365
internal_count=1941 597 533 64 502 237 208 1344 257 96 265 78 44 72 48 226 74 1087 130 61 1021 80 161 152 66 50 40 941 394 365
is_linear=0
shrinkage=0.03


Tree=44
num_leaves=31
num_cat=0
split_feature=11 23 57 8 40 9 19 47 46 18 43 9 21 17 8 26 27 35 35 26 27 26 11 17 53 33 32 27 10 26
split_gain=6.66271 2.14287 1.37868 1.22822 2.10222 2.60939 2.64841 1.61987 1.53538 1.50783 1.33455 0.763563 1.02434 0.854548 0.859733 0.813782 0.989964 0.927474 2.46348 0.808877 1.33333 0.647353 0.611154 0.554968 0.548718 0.929418 1.40226 0.547656 0.5 0.385829
threshold=-0.58216583101416131 270.00000000000006 218.50000000000003 2.5000000000000004 772.78441219791682 143.50000000000003 37.500000000000007 28.500000000000004 24.550000000000004 10.500000000000002 -90.129464270000042 149.50000000000003 202.00000000000003 7.5000000000000009 4.5000000000000009 14.15 257.50000000000006 118.98750000000003 683.04464285000006 8.9500000000000011 301.50000000000006 5.0500000000000007 -0.47114434510950048 12.500000000000002 187.50000000000003 198.09285715000001 791.23303570000019 239.50000000000003 0.93540483100319627 20.700000000000006
decision_type=2 2 2 2 2 2 2 2 2 2 2 2 2 2 2 2 2 2 2 2 2 2 2 2 2 2 2 2 2 2
left_child=1 3 -3 8 5 6 7 -5 27 -10 -7 13 -13 -2 15 16 -15 19 -19 21 28 -18 -14 -20 25 -12 -27 -1 -21 -6
right_child=11 2 -4 4 29 10 -8 -9 9 -11 24 12 22 14 -16 -17 17 18 23 20 -22 -23 -24 -25 -26 26 -28 -29 -30 -31
leaf_value=0.41063153637113031 -11.650828364622528 1.6417949579307027 2.3704076503218041 0.70189524337386966 -2.2807142092158519 3.0426780645803291 0.0072369407094653145 2.1716590289469453 1.8367441210960065 -0.89979822848107138 -0.67677441503431668 -10.018215092588779 0.3830722394341331 -3.7659623162450209 -2.9352558295991731 -16.177567628854447 2.6470910259594214 2.9242770660553319 -0.70218653780351659 0.4289950642257091 -5.7695680559377482 -0.98368914297570254 -1.7978654843120823 0.18014138373838587 -0.69948136799941951 0.20452618299558292 -0.13015269783142597 -9.5947816533360122 2.1786110661767446 0.61729739200022604
leaf_weight=29 168 34 30 20 79 23 26 23 23 25 23 484 22 77 227 60 22 23 21 25 30 104 34 22 37 31 33 140 25 21
leaf_count=29 168 34 30 20 79 23 26 23 23 25 23 484 22 77 227 60 22 23 21 25 30 104 34 22 37 31 33 140 25 21
internal_value=-0.000511593 0.00212563 0.0073125 0.00150281 0.0026962 0.00436111 0.00917391 0.0137442 -0.000235024 0.0045 0.00210204 -0.00168304 -0.00255556 -0.00109702 -0.00059434 0.000227383 0.000782234 0.00163235 0.00472727 0.000640776 0.003 -0.000857144 0.00128571 0.000488371 0.000870967 0.00217241 0.00403125 -0.00157988 0.006 -0.000900001
internal_weight=1941 597 64 533 316 216 69 43 217 48 147 1344 540 804 636 409 349 272 66 206 80 126 56 43 124 87 64 169 50 100
internal_count=1941 597 64 533 316 216 69 43 217 48 147 1344 540 804 636 409 349 272 66 206 80 126 56 43 124 87 64 169 50 100
is_linear=0
shrinkage=0.03


Tree=45
num_leaves=31
num_cat=0
split_feature=11 23 37 41 2 9 43 28 6 27 31 31 9 11 16 36 34 18 6 1 4 19 6 43 33 37 36 3 47 18
split_gain=6.97575 2.21048 2.02966 1.86745 1.31966 1.43594 2.07407 1.49217 2.16018 2.5654 1.49438 1.72857 1.09173 1.78349 1.22077 0.946298 0.9 0.819162 0.86038 1.07199 0.771429 0.97148 0.747144 0.625926 0.780453 0.700983 0.47619 0.363636 0.295368 0.232919
threshold=-0.5 270.00000000000006 880.76160715000003 410.74604895387574 7422.6875000000009 150.50000000000003 -117.96874999999999 1006.2500000000001 25.500000000000004 284.50000000000006 794.49553570000012 947.40625000000011 141.50000000000003 0.77259657388510627 25.950000000000003 896.91428570000016 822.28571425000007 29.500000000000004 25.500000000000004 3255.6250000000005 17.500000000000004 9.5000000000000018 27.500000000000004 264.72857143499999 245.86875000000003 1069.7642860000003 574.96071430000006 6304285.0000000009 50.500000000000007 1.0000000180025095e-35
decision_type=2 2 2 2 2 2 2 2 2 2 2 2 2 2 2 2 2 2 2 2 2 2 2 2 2 2 2 2 2 2
left_child=1 3 -3 4 5 7 16 -1 9 -9 -11 -12 13 20 15 27 -7 -14 19 -19 -2 -22 26 24 -8 29 -20 -15 -24 -26
right_child=12 2 -4 -5 -6 6 23 8 -10 10 11 -13 17 14 -16 -17 -18 18 22 -21 21 -23 28 -25 25 -27 -28 -29 -30 -31
leaf_value=-6.4261087630387479 -10.741731323596783 0.25084031124196893 2.5355135185937097 2.0540726528905058 0.32263865575398865 3.1892158787716518 0.35912114561453523 1.6171546609234975 -4.3650941198670985 -0.58988946985173185 1.7544777525461008 -0.12999882199089532 -8.2613338579371671 2.1055040184017644 -17.092807123057675 0.56465434693111849 0.64849546087342935 -10.74487786505844 0.091936569193687923 0.47083900859466676 -3.9595186305878811 0.74904686609250226 -5.6353741796231951 -0.13658139663211782 0.10588987768708016 2.8814365100147872 2.9226363006379747 1.6003308413541775 0.92224748231001918 -1.6843665683345379
leaf_weight=137 140 34 30 31 21 20 23 39 93 53 21 24 637 22 21 25 20 190 35 21 46 24 52 45 21 21 21 22 27 25
leaf_count=137 140 34 30 31 21 20 23 39 93 53 21 24 637 22 21 25 20 190 35 21 46 24 52 45 21 21 21 22 27 25
internal_value=-0.000496137 0.0020152 0.0073125 0.00144444 0.00104973 0.000763837 0.003 -0.000302453 0.00117391 0.00356934 0.000979591 0.005 -0.0017841 -0.000200001 0.00333333 0.00526087 0.009 -0.00226755 -0.00109249 -0.0022891 -0.00171429 0.000857142 0.000777777 0.00122222 0.00266667 0.00102985 0.00342857 0.00790909 -0.00110127 -0.00104348
internal_weight=1941 658 64 594 563 542 175 367 230 137 98 45 1283 300 90 69 40 983 346 211 210 70 135 135 90 67 56 44 79 46
internal_count=1941 658 64 594 563 542 175 367 230 137 98 45 1283 300 90 69 40 983 346 211 210 70 135 135 90 67 56 44 79 46
is_linear=0
shrinkage=0.03


Tree=46
num_leaves=31
num_cat=0
split_feature=11 23 37 41 2 56 44 6 43 48 6 56 9 39 1 54 34 41 56 27 57 49 5 3 8 36 34 46 32 11
split_gain=6.94675 2.29637 2.02966 1.91788 1.3517 1.43188 1.19674 1.18743 1.13636 1.09729 2.79066 1.20232 0.988567 0.723131 0.715909 0.867857 0.645489 2.02334 0.848259 1.55418 1.31364 0.645488 0.568182 0.442951 0.321207 0.736098 0.158793 0.135947 0.126984 0.114719
threshold=-0.47114434510950048 270.00000000000006 880.76160715000003 410.74604895387574 7422.6875000000009 12.450000000000001 32.850000000000001 16.500000000000004 -83.609821449999956 34.500000000000007 24.500000000000004 6.8500000000000005 149.50000000000003 762.08091519375023 10871.321430000002 752.1500000000002 1.0000000180025095e-35 189.12428150228416 8.9500000000000011 301.50000000000006 269.50000000000006 15.500000000000002 22.500000000000004 6670884.2500000009 1.5000000000000002 801.93839285000013 977.2491071500001 24.650000000000002 678.46428575000016 0.91037613702198772
decision_type=2 2 2 2 2 2 2 2 2 2 2 2 2 2 2 2 2 2 2 2 2 2 2 2 2 2 2 2 2 2
left_child=1 3 -3 4 5 9 7 8 -7 11 -11 -1 16 28 15 -8 17 18 24 20 -20 -18 -22 -10 25 -2 -14 -9 -13 -21
right_child=12 2 -4 -5 -6 6 14 27 23 10 -12 13 26 -15 -16 -17 21 -19 19 29 22 -23 -24 -25 -26 -27 -28 -29 -30 -31
leaf_value=0.14552698738740044 -0.5934137903023291 0.24331510190470973 2.4594481130358989 1.992450473303792 0.31295949608136975 0.97705960755125298 1.0015374701641231 -3.4016537651509888 -0.14800279726789048 1.7226324889813009 -0.29837221927623209 -0.34311081207621397 -9.0296510991789152 1.8300236715417355 2.1168687340351156 -1.3082188565346782 -5.9565709263599711 1.4238494517464704 -1.045538066843952 -8.9590826051996366 2.9873214971055972 0.058376526593177651 0.27082827705909246 0.47800830211009093 -4.5642457162627332 1.3643617166693698 -0.78221767548039567 -0.29554301066936572 -0.012321239849988576 -1.645557887143883
leaf_weight=32 59 34 30 31 21 33 21 191 46 22 27 42 484 20 32 35 251 25 36 53 22 21 22 20 206 35 24 21 21 24
leaf_count=32 59 34 30 31 21 33 21 191 46 22 27 42 484 20 32 35 251 25 36 53 22 21 22 20 206 35 24 21 21 24
internal_value=-0.000542505 0.00190427 0.0073125 0.00134146 0.000955479 0.000676731 -0.000293234 -0.0011672 0.00154545 0.00303658 0.00679592 0.00143478 -0.00185895 -0.00046988 0.00279545 0.000749999 -0.00116976 -0.000510374 -0.00096499 0.000821655 0.00375 -0.00233824 0.00722727 -0.000727273 -0.0019 -0.000446809 -0.00288189 -0.00243396 -0.00204762 -0.00222078
internal_weight=1941 679 64 615 584 563 399 311 99 164 49 115 1262 83 88 56 754 482 457 157 80 272 44 66 300 94 508 212 63 77
internal_count=1941 679 64 615 584 563 399 311 99 164 49 115 1262 83 88 56 754 482 457 157 80 272 44 66 300 94 508 212 63 77
is_linear=0
shrinkage=0.03


Tree=47
num_leaves=31
num_cat=0
split_feature=31 23 58 9 9 9 42 11 26 9 10 37 46 57 28 26 3 43 24 24 31 18 42 46 3 46 28 15 46 3
split_gain=6.86437 2.28661 1.75904 2.17828 1.60682 1.59652 1.31424 1.22026 1.98019 1.2972 1.69398 1.67045 2.33784 1.10004 1.41003 0.88273 0.789939 0.784529 1.63902 0.773244 0.734376 0.677357 0.778132 0.922266 0.711973 0.659531 0.684989 0.444444 0.321233 0.316716
threshold=769.4937500000002 270.00000000000006 1006.0500000000001 146.50000000000003 149.50000000000003 145.50000000000003 -7.6642856949999958 -0.41248606129204524 11.15 141.50000000000003 0.5277851165098012 110.75000000000001 24.350000000000005 294.50000000000006 1007.0500000000001 23.200000000000003 6548168.5000000009 -80.419642854999978 657.50000000000011 632.85000000000014 1046.5857140000001 29.500000000000004 12.693750000000003 25.050000000000004 6288535.8750000009 25.950000000000003 1004.6500000000002 71.500000000000014 23.150000000000002 6304285.0000000009
decision_type=2 2 2 2 2 2 2 2 2 2 2 2 2 2 2 2 2 2 2 2 2 2 2 2 2 2 2 2 2 2
left_child=7 2 17 5 -5 6 19 8 13 10 11 12 -9 14 -1 28 -8 18 -2 -4 -6 -11 24 -24 -23 26 -14 -15 -10 -28
right_child=1 -3 3 4 20 -7 16 9 15 21 -12 -13 25 27 -16 -17 -18 -19 -20 -21 -22 22 23 -25 -26 -27 29 -29 -30 -31
leaf_value=0.13531547249409556 0.25496117966431459 2.2434303212457043 2.088296654144866 -16.750276131593044 1.4488827345714972 1.6931567291087837 1.6096934276032639 1.2915970977006728 0.085226483275055068 -9.9486988921485544 -9.1116147205434075 -9.9363081441922105 -2.5061023140126899 -0.59920610570997646 1.2476726396921338 0.58682751985149439 1.0921763867506868 -3.7520338458051219 -4.8837126983913892 -1.2485162229344711 1.4885309608104431 2.5562856300015131 0.23580873343529277 -0.73959834683604675 -3.8100509514807501 -20.332647131165018 0.92896583778364106 0.11149860003067835 -1.6251034307468972 1.552369269081959
leaf_weight=35 20 36 20 50 37 23 23 21 20 607 108 48 22 25 38 27 20 80 21 26 20 25 21 23 258 21 33 20 182 31
leaf_count=35 20 36 20 50 37 23 23 21 20 607 108 48 22 25 38 27 20 80 21 26 20 25 21 23 258 21 33 20 182 31
internal_value=-0.000496137 0.00314362 0.00238235 0.0039863 0.000925233 0.00691071 0.00508989 -0.00137061 0.000198847 -0.00181773 -4.22542e-05 0.00177273 0.0035625 0.00335593 0.00563014 -0.00142795 0.00886046 -0.000520662 0.00285366 0.00156522 0.00436842 -0.0023576 -0.00125688 0.00245454 -0.00183392 0.00176635 0.00293023 -0.000333334 -0.00210891 0.0045
internal_weight=1941 376 340 219 107 112 89 1565 347 1218 284 176 128 118 73 229 43 121 41 46 57 934 327 44 283 107 86 45 202 64
internal_count=1941 376 340 219 107 112 89 1565 347 1218 284 176 128 118 73 229 43 121 41 46 57 934 327 44 283 107 86 45 202 64
is_linear=0
shrinkage=0.03


Tree=48
num_leaves=31
num_cat=0
split_feature=11 41 56 48 6 44 56 31 57 12 26 48 58 58 17 8 37 41 6 35 6 10 58 10 48 14 5 46 42 52
split_gain=5.4673 2.36034 2.08143 2.14363 3.22963 1.84365 1.52252 1.41368 1.0932 1.07189 1.00446 0.953411 1.33385 1.4533 0.804891 0.848973 0.822801 0.894558 2.07471 2.09557 0.894747 1.19487 0.673741 0.623077 0.621096 0.527233 0.4 0.361219 0.329221 0.27
threshold=-0.41248606129204524 417.01737746672728 12.450000000000001 34.500000000000007 24.500000000000004 30.350000000000005 5.3500000000000005 787.69196430000011 189.50000000000003 0.53946920585801694 23.200000000000003 1.5000000000000002 1006.0500000000001 1006.9500000000002 7.5000000000000009 4.5000000000000009 110.75000000000001 20.722969356244157 24.500000000000004 662.54285715000015 25.500000000000004 0.58216583101416164 1007.4500000000002 0.5277851165098012 14.500000000000002 28.550000000000004 22.500000000000004 23.150000000000002 -10.553571500000059 601.50000000000011
decision_type=2 2 2 2 2 2 2 2 2 2 2 2 2 2 2 2 2 2 2 2 2 2 2 2 2 2 2 2 2 2
left_child=1 2 3 6 5 -5 -1 10 -9 -2 27 12 29 -14 -11 16 17 20 19 -19 23 -22 24 26 -8 -23 -16 -4 -15 -10
right_child=9 -3 7 4 -6 -7 22 8 11 14 -12 -13 13 28 15 -17 -18 18 -20 -21 21 25 -24 -25 -26 -27 -28 -29 -30 -31
leaf_value=0.15569859649350884 -8.8568951110595613 1.9525915506133749 0.0009518729413391249 2.1761274576247267 -0.50500067380261493 2.0472393909579027 1.1622604278989193 2.0662855892259402 0.10677027621950137 -13.420717470768855 0.5692226942559474 -0.32595221175481554 1.5399814248213997 -0.23440494026491604 0.85507408511554539 -4.1096425622161661 -3.7147821288830492 2.4520016290435298 -13.264165920067404 0.045860314240175247 -1.3127614636415526 2.9549432393695803 -0.51345371758208991 -8.2249094393240316 -0.14284550826517209 2.1225115672580515 -1.0748174440382565 -3.0004662565887656 1.9535790553837524 -5.2085232037740319
leaf_weight=37 492 24 22 26 30 20 30 26 20 153 27 103 36 20 20 203 72 26 29 32 33 27 59 90 22 24 20 166 22 30
leaf_count=37 492 24 22 26 30 20 30 26 20 153 27 103 36 20 20 203 72 26 29 32 33 27 59 90 22 24 20 166 22 30
internal_value=-0.000573416 0.0015 0.00118103 0.0035625 0.00765789 0.0126522 0.00145946 5.08467e-05 0.00155253 -0.00179607 -0.00174419 0.000896103 0.002625 0.00507692 -0.00106584 -0.000552084 0.000297586 0.00098671 0.00355172 0.00682759 -5.60755e-05 0.00235714 -0.000297298 -0.00161539 0.00219231 0.00523529 0.0015 -0.00252128 0.00128571 -0.0012
internal_weight=1941 720 696 224 76 46 148 472 257 1221 215 231 128 78 729 576 373 301 87 58 214 84 111 130 52 51 40 188 42 50
internal_count=1941 720 696 224 76 46 148 472 257 1221 215 231 128 78 729 576 373 301 87 58 214 84 111 130 52 51 40 188 42 50
is_linear=0
shrinkage=0.03


Tree=49
num_leaves=31
num_cat=0
split_feature=11 23 41 53 9 43 56 56 9 42 42 39 26 43 45 49 50 11 6 2 56 3 3 49 3 43 3 3 30 27
split_gain=6.13176 2.41031 1.99586 1.78647 1.11029 2.09217 1.41432 3.3649 1.05944 0.836667 1.08505 1.10592 0.833333 0.726832 0.895131 0.74538 1.86923 0.840989 0.679901 1.39286 0.502443 0.547456 0.470383 0.438538 0.591379 0.379082 0.370588 0.372435 0.343081 0.454887
threshold=-0.47114434510950048 270.00000000000006 410.74604895387574 311.50000000000006 150.50000000000003 -117.96874999999999 11.15 9.4500000000000011 149.50000000000003 -122.83333335000002 -226.64553570000001 894.34676343750004 7.0000000000000009 -12.999999999999885 82.500000000000014 8.5000000000000018 1.5000000000000002 0.91037613702198772 26.500000000000004 151.25000000000003 7.2000000000000002 6679062.4375000009 6428052.5625000009 1.5000000000000002 6281184.7500000009 100.28482140000001 6548161.1875000009 6610741.6340000005 996.84553570000014 287.50000000000006
decision_type=2 2 2 2 2 2 2 2 2 2 2 2 2 2 2 2 2 2 2 2 2 2 2 2 2 2 2 2 2 2
left_child=1 2 4 -3 6 22 7 12 13 10 -8 -12 -1 -2 15 17 -17 18 -15 -20 -7 25 -6 24 -16 -22 -26 -28 -11 -30
right_child=8 3 -4 -5 5 20 9 -9 -10 28 11 -13 -14 14 23 16 -18 -19 19 -21 21 -23 -24 -25 26 -27 27 -29 29 -31
leaf_value=0.091287038532381626 -5.9020313808884337 2.2944819874435347 1.8233045106918289 1.1819986371494406 2.1105646255409773 0.063093475533359963 -1.4823316560857664 1.5373435164930047 -7.5175796234015664 -4.3787658475754707 -0.85515011319494738 0.41292862371332456 -0.12667511371438531 -2.552107134497144 2.0697056554253419 1.2730137268270296 -0.17227007361853328 0.67527455939128711 2.300999217781114 -15.141536454611431 0.034734890696263059 0.68927490979997086 1.1405187560755714 -11.014403492482737 -3.3474768097625631 -0.46003170905524621 2.4746116016211985 -3.2378856779695364 -0.70205555373721829 0.57257402725705242
leaf_weight=20 164 31 31 33 21 22 35 25 508 145 20 21 40 143 29 26 39 27 28 26 30 25 20 132 72 65 25 43 70 25
leaf_count=20 164 31 31 33 21 22 35 25 508 145 20 21 40 143 29 26 39 27 28 26 30 25 20 132 72 65 25 43 70 25
internal_value=-0.000527049 0.00177172 0.00119512 0.0073125 0.000801369 0.0027377 -8.2295e-05 0.00335294 -0.00176387 -0.00100633 0.00173684 0.00504878 -0.000500001 -0.0010504 -0.000559323 0.000633217 0.00346154 -0.000187501 -0.000868021 0.002 0.00101408 0.000249999 0.00870732 -0.00170432 -0.000692308 -0.000789474 -0.0015 8.82346e-05 -0.001875 -0.000473685
internal_weight=1941 679 615 64 584 183 401 85 1262 316 76 41 60 754 590 289 65 224 197 54 142 120 41 301 169 95 140 68 240 95
internal_count=1941 679 615 64 584 183 401 85 1262 316 76 41 60 754 590 289 65 224 197 54 142 120 41 301 169 95 140 68 240 95
is_linear=0
shrinkage=0.03


Tree=50
num_leaves=31
num_cat=0
split_feature=11 41 56 48 6 44 56 9 4 6 49 40 9 31 42 48 32 14 3 57 40 11 40 32 18 8 3 4 41 33
split_gain=5.51194 2.27243 1.95667 2.47533 3.28734 1.53409 1.5258 1.26497 1.78324 1.18966 1.14087 1.36648 1.07755 1.01147 0.953001 1.11799 0.816017 1.06813 0.957343 0.753242 1.2317 0.73325 0.725919 0.78652 0.466252 0.8268 0.867776 0.416812 0.385567 0.333333
threshold=-0.47114434510950048 417.01737746672728 12.450000000000001 34.500000000000007 24.500000000000004 30.350000000000005 5.3500000000000005 141.50000000000003 17.500000000000004 16.500000000000004 9.5000000000000018 260.79750743875002 150.50000000000003 863.11250000000007 12.693750000000003 45.500000000000007 870.77857140000015 29.750000000000004 6648918.7855000012 287.50000000000006 659.32626489020845 0.84874750804349197 340.8760044666667 824.84375000000011 30.500000000000004 3.5000000000000004 6327905.3125000009 2.5000000000000004 337.32860797504355 996.84553570000014
decision_type=2 2 2 2 2 2 2 2 2 2 2 2 2 2 2 2 2 2 2 2 2 2 2 2 2 2 2 2 2 2
left_child=1 2 3 6 5 -5 -1 8 21 -10 11 -11 13 -4 24 -16 18 -18 -14 28 -21 -2 -8 -24 -9 26 -26 -28 -15 -30
right_child=7 -3 12 4 -6 -7 22 14 9 10 -12 -13 16 19 15 -17 17 -19 -20 20 -22 -23 23 -25 25 -27 27 -29 29 -31
leaf_value=0.1954996182494014 -8.8194198603074607 1.8294199495137211 -3.371988568734094 2.0806105341387906 -0.39412422177203649 2.010185240039986 -0.31547690336922179 -10.6819558714321 -18.245948350820186 2.5854395894762736 1.1602092233347001 -1.0514501509633318 -0.78700539365871436 -2.0272565508419733 -2.2023954473474521 0.22053915305441704 0.075249015401759767 2.9827225592263633 0.83799258463021253 -0.29317683131761474 0.40054076321384796 0.22887402734865839 2.6346836822373501 -0.53914072776643995 2.9508823747929114 -11.382694759041591 1.8790222540215507 -0.65324166857357568 0.1339784985138831 -0.072972105743298876
leaf_weight=33 143 24 146 24 28 20 61 583 24 23 36 33 55 52 79 22 35 30 26 22 31 36 22 21 20 154 28 81 28 21
leaf_count=33 143 24 146 24 28 20 61 583 24 23 36 33 55 52 79 22 35 30 26 22 31 36 22 21 20 154 28 81 28 21
internal_value=-0.000496137 0.00168336 0.00135114 0.00374641 0.00825 0.0133636 0.00137956 -0.00166878 5.08467e-05 0.00294828 0.0045 0.00182143 0.000228699 -0.000800001 -0.00219338 0.000564356 0.00234247 0.00484615 0.000333333 0.000896103 0.00379245 -0.00182682 -0.000403847 0.00258139 -0.00251501 -0.0015159 0.000255813 -0.000798166 -0.000623763 0.00128571
internal_weight=1941 679 655 209 72 44 137 1262 295 116 92 56 446 300 967 101 146 65 81 154 53 179 104 43 866 283 129 109 101 49
internal_count=1941 679 655 209 72 44 137 1262 295 116 92 56 446 300 967 101 146 65 81 154 53 179 104 43 866 283 129 109 101 49
is_linear=0
shrinkage=0.03


Tree=51
num_leaves=31
num_cat=0
split_feature=11 48 41 43 15 12 40 12 4 8 16 23 53 11 48 8 42 41 31 23 8 18 8 3 56 26 53 47 11 26
split_gain=5.21635 3.21844 2.42511 1.43801 1.7611 2.3557 0.880916 0.906263 1.68114 1.41519 1.20536 0.959403 0.861847 0.820895 0.686501 1.38682 1.14958 1.09595 2.00977 0.832383 0.534982 0.320334 0.551358 0.53719 0.309343 0.646368 0.302541 0.28294 0.214343 0.123077
threshold=-0.83146961230254512 66.500000000000014 410.74604895387574 118.20625000000001 74.500000000000014 0.55387244954848092 998.53958334375011 0.64987354830121502 17.500000000000004 1.5000000000000002 24.650000000000002 184.50000000000003 107.50000000000001 0.84874750804349197 1.0000000180025095e-35 2.5000000000000004 -119.65624999999999 329.99738779038734 950.34732145000009 202.00000000000003 5.5000000000000009 29.500000000000004 3.5000000000000004 6327905.3125000009 11.15 9.4500000000000011 171.50000000000003 42.500000000000007 -0.63405362205439475 7.0000000000000009
decision_type=2 2 2 2 2 2 2 2 2 2 2 2 2 2 2 2 2 2 2 2 2 2 2 2 2 2 2 2 2 2
left_child=1 2 14 6 24 12 7 11 13 10 -10 21 -6 -9 16 -16 -1 -17 -19 26 -11 28 23 -23 25 29 -18 -25 -2 -5
right_child=3 -3 -4 4 5 -7 -8 8 9 20 -12 -13 -14 -15 15 17 19 18 -20 -21 -22 22 -24 27 -26 -27 -28 -29 -30 -31
leaf_value=2.7703333203349434 -0.04565009356570135 2.2021481370348983 1.7745373303150205 -0.98666258060971967 -1.3307255493967474 0.25437293007813766 0.30625276249964267 -8.1035368343606802 1.1212152097174621 -5.7009702974592118 1.4711833848010252 0.55619152287616758 0.23632703941475772 0.22200780652819924 -5.7433029818864254 -0.27100639240046542 0.14749965196025958 1.9426120048226692 -0.018424461412766716 0.62129738027120318 1.1108436817652974 2.4780716546195478 -9.606064320995932 2.3440025859519151 -6.2004017062185142 1.2043991660004845 -1.3674108047599205 -0.560109145264714 -9.0287342904848451 -0.095959889981514834
leaf_weight=31 38 30 34 20 43 27 20 165 20 44 28 30 25 36 87 41 37 22 35 24 24 21 168 25 60 20 30 98 626 32
leaf_count=31 38 30 34 20 43 27 20 165 20 44 28 30 25 36 87 41 37 22 35 24 24 21 168 25 60 20 30 98 626 32
internal_value=-0.000619784 0.00257951 0.00175073 -0.0013758 0.000832598 0.00394737 -0.00174907 -0.00184354 -0.000444796 0.00243103 0.006375 -0.00228429 0.000970588 -0.00210448 0.000908794 -0.000243244 0.00265574 0.00220408 0.00489474 0.000956043 -0.000352942 -0.00244672 -0.00165385 -0.000291667 -0.00140909 -8.3334e-05 -0.000761195 -0.00104878 -0.00281928 -0.00184615
internal_weight=1941 371 341 1570 227 95 1343 1323 317 116 48 1006 68 201 307 185 122 98 57 91 68 976 312 144 132 72 67 123 664 52
internal_count=1941 371 341 1570 227 95 1343 1323 317 116 48 1006 68 201 307 185 122 98 57 91 68 976 312 144 132 72 67 123 664 52
is_linear=0
shrinkage=0.03


Tree=52
num_leaves=31
num_cat=0
split_feature=1 23 31 37 58 9 57 44 26 28 9 11 27 26 9 2 37 11 27 18 9 36 6 57 37 18 37 42 35 47
split_gain=4.8739 2.54912 1.82228 1.72414 1.32684 2.18989 2.68758 2.0119 1.91255 1.48087 1.15495 1.18743 0.82975 0.818883 0.746278 0.735264 1.06425 0.605322 0.595238 0.49834 0.606936 0.779938 0.696391 0.668981 0.450261 0.853755 0.425122 0.463278 0.4 0.360994
threshold=3255.6250000000005 270.00000000000006 225.70625000000004 880.76160715000003 1006.6500000000002 146.50000000000003 295.50000000000006 32.45000000000001 11.050000000000002 1006.9500000000002 141.50000000000003 0.81241147629689003 301.50000000000006 20.050000000000004 143.50000000000003 6784.1071430000011 115.54821430000001 -0.47114434510950048 284.50000000000006 29.500000000000004 149.50000000000003 14.437500000000002 25.500000000000004 298.50000000000006 613.01250000000016 18.500000000000004 1031.6000000000001 56.754464299999988 118.98750000000003 10.500000000000002
decision_type=2 2 2 2 2 2 2 2 2 2 2 2 2 2 2 2 2 2 2 2 2 2 2 2 2 2 2 2 2 2
left_child=10 2 -2 -3 13 6 7 8 -6 -7 11 15 28 -4 -15 29 -17 -12 -9 -19 21 -21 -23 -24 25 -11 27 -16 -13 -1
right_child=1 3 4 -5 5 9 -8 18 -10 24 17 12 -14 14 26 16 -18 19 -20 20 -22 22 23 -25 -26 -27 -28 -29 -30 -31
leaf_value=0.075012001783528501 0.75387863869783789 0.43154612542389231 -0.50736698742965292 2.1014918542993466 0.65461170585699624 2.5501156818681312 -0.0096232351589382037 1.5117573358664267 1.8008666916404015 0.060060888356786177 0.76972517084162129 0.39735622673590498 -0.12951707539672067 -17.679827263496414 0.58189469231879365 0.98131012122674055 -6.3804583352551569 -8.5786530779311558 -0.054385741584566522 0.21407641260688165 -9.0660757951919422 -12.998505505272734 -0.088415954289682616 2.7556961008210097 -2.9098345100384586 -3.4954538844359666 1.5679839691837518 -0.68977997407827607 2.6904147589833287 -9.2618686602488811
leaf_weight=20 22 29 218 29 20 21 57 21 22 22 21 20 41 28 37 27 22 593 21 23 134 82 48 27 97 24 23 25 20 147
leaf_count=20 22 29 218 29 20 21 57 21 22 22 21 20 41 28 37 27 22 593 21 23 134 82 48 27 97 24 23 25 20 147
internal_value=-0.000650696 0.00131564 0.000784194 0.00734483 0.000490565 0.00191803 0.00465957 0.00807143 0.0127143 -0.000439025 -0.0018 -0.000171718 0.00292593 -0.000824774 0.00124779 -0.00133333 0.00189796 -0.00232112 0.00342857 -0.00243771 -0.00147134 -0.000333334 -0.00108917 0.000999999 -0.00153147 0.000913043 0.00264706 0.00135484 0.006 -0.00228144
internal_weight=1941 716 658 58 636 305 141 84 42 164 1225 297 81 331 113 216 49 928 42 907 314 180 157 75 143 46 85 62 40 167
internal_count=1941 716 658 58 636 305 141 84 42 164 1225 297 81 331 113 216 49 928 42 907 314 180 157 75 143 46 85 62 40 167
is_linear=0
shrinkage=0.03


Tree=53
num_leaves=31
num_cat=0
split_feature=1 23 15 29 37 58 9 57 44 9 10 37 16 9 37 30 32 11 3 57 16 20 48 9 36 9 57 42 3 1
split_gain=5.00587 2.09824 1.40217 1.86509 1.39655 1.31683 1.76798 2.29701 2.27738 1.15495 1.46418 1.59981 2.02303 1.09572 0.9 0.871212 0.650313 0.605322 0.585366 0.963509 0.536121 0.59878 0.514205 0.6486 0.752115 0.741784 0.676165 0.498462 0.294983 0.262083
threshold=3255.6250000000005 270.00000000000006 73.500000000000014 1.0000000180025095e-35 880.76160715000003 1006.2500000000001 146.50000000000003 292.50000000000006 32.45000000000001 141.50000000000003 0.5277851165098012 110.75000000000001 24.650000000000002 149.50000000000003 390.75357145000004 879.69017855000004 1110.9294645000002 -0.47114434510950048 6406834.1430000011 189.50000000000003 25.950000000000003 6.5000000000000009 29.500000000000004 149.50000000000003 14.437500000000002 146.50000000000003 298.50000000000006 -28.727678599999987 6304285.0000000009 7442.6875000000009
decision_type=2 2 2 2 2 2 2 2 2 2 2 2 2 2 2 2 2 2 2 2 2 2 2 2 2 2 2 2 2 2
left_child=9 2 5 -4 -3 -2 7 8 14 10 11 12 -1 -8 -7 -9 -10 -11 -5 -20 21 28 -19 24 -24 -26 -27 -15 -14 -21
right_child=1 4 3 18 -6 6 13 15 16 17 -12 -13 20 27 -16 -17 -18 22 19 29 -22 -23 23 -25 25 26 -28 -29 -30 -31
leaf_value=1.0467743688126376 -1.2870711652911091 0.41859974166117553 0.79405956158358526 -0.76776891835478001 2.038447098670364 1.1826237676148625 -12.533514580924866 -0.55446392101944197 -0.10152835105771602 0.74663341571637221 -8.0379283170268412 -8.8761418696678032 -0.73155369598837483 1.5399305732572686 1.4174241804397685 2.2536625602418177 1.0098630667897293 -8.195360120239318 0.87731950918101964 -1.8826464741110485 -18.549789535412028 3.5026642657509037 0.20765412022867422 -9.3162081047373864 -12.608550340114551 -0.085796491441700332 2.7535070318867043 -0.050416717218043236 0.95427126739177526 0.063379996475516232
leaf_weight=33 197 29 20 41 29 20 93 46 21 21 119 50 26 25 20 20 33 599 39 23 22 27 23 135 79 45 26 40 20 20
leaf_count=33 197 29 20 41 29 20 93 46 21 21 119 50 26 25 20 20 33 599 39 23 22 27 23 135 79 45 26 40 20 20
internal_value=-0.00063524 0.00135754 0.000875379 0.0035035 0.00682759 0.00014563 0.00133962 0.0035625 0.00657447 -0.0018 -0.000171718 0.00155056 0.00332812 -0.000911393 0.012 -0.000727273 0.00255555 -0.00232112 0.00212195 0.00358537 0.00110526 0.00234247 -0.00243771 -0.00144156 -0.000225434 -0.001 0.00122535 0.00207692 0.000260869 0.000488371
internal_weight=1941 716 658 143 58 515 318 160 94 1225 297 178 128 158 40 66 54 928 123 82 95 73 907 308 173 150 71 65 46 43
internal_count=1941 716 658 143 58 515 318 160 94 1225 297 178 128 158 40 66 54 928 123 82 95 73 907 308 173 150 71 65 46 43
is_linear=0
shrinkage=0.03


Tree=54
num_leaves=31
num_cat=0
split_feature=11 26 39 57 41 9 9 18 37 56 43 33 3 43 8 11 58 41 8 15 27 28 34 40 50 44 45 6 6 57
split_gain=4.49096 1.54016 2.37426 2.69773 1.3521 1.53095 0.909093 0.893706 1.51231 1.1266 0.854033 0.921073 0.783718 0.667027 0.569296 0.547835 1.85783 0.73009 0.595637 0.993432 0.545239 0.432143 0.431707 0.27623 0.245231 0.191063 0.396641 0.819314 0.224384 0.420584
threshold=-0.41248606129204524 13.250000000000002 770.03303570000014 218.50000000000003 410.74604895387574 150.50000000000003 149.50000000000003 44.500000000000007 573.51785715000017 5.7500000000000009 -227.33214289999998 791.23303570000019 6430623.0000000009 82.108035715000014 4.5000000000000009 0.72947329433276265 1006.6500000000002 153.67257683459059 3.5000000000000004 80.500000000000014 294.50000000000006 1005.35 977.2491071500001 990.9648685625001 25.500000000000004 29.550000000000004 78.500000000000014 19.500000000000004 25.500000000000004 298.50000000000006
decision_type=2 2 2 2 2 2 2 2 2 2 2 2 2 2 2 2 2 2 2 2 2 2 2 2 2 2 2 2 2 2
left_child=1 2 7 -4 5 14 13 9 -9 -1 -7 12 21 15 23 25 17 18 19 -17 -16 -12 -8 -3 -11 26 27 -2 -28 -30
right_child=6 4 3 -5 -6 10 22 8 -10 24 11 -13 -14 -15 20 16 -18 -19 -20 -21 -22 -23 -24 -25 -26 -27 28 -29 29 -31
leaf_value=0.17705484134027127 0.82956906404271558 -2.8405028287366809 1.9648606898366614 2.2923752391340351 1.6155007749477055 1.6403927990948677 -8.4459355414902468 -0.062220675241490553 1.3428310748365075 -0.60525023204697537 0.38619896876197296 -0.24585866511887053 1.2134722775999196 0.18154037697537051 0.1916183706653716 -0.24429725330184118 -6.3095529116910765 2.6136847533115346 -2.7906079814482432 2.2707428445441131 -0.34203276535179777 -0.43314326705605311 0.10236216755863399 0.00062099068953848813 0.056644865730442098 -7.9542390904197617 -8.3944352598308623 -10.677579245254146 -0.073608619120841143 3.075462951041549
leaf_weight=38 22 214 20 23 33 35 472 26 21 70 21 44 22 36 37 28 154 23 30 30 41 24 20 22 29 126 182 36 42 20
leaf_count=38 22 214 20 23 33 35 472 26 21 70 21 44 22 36 37 28 154 23 30 30 41 24 20 22 29 126 182 36 42 20
internal_value=-0.00071252 0.00116667 0.00321145 0.00955814 0.000225151 -0.000195653 -0.00182064 0.00172826 0.00529787 0.000503649 0.00234247 0.00105405 0.00326866 -0.00114815 -0.0013758 -0.00135498 -0.00028302 0.00267567 0.00143182 0.0032069 0.000846153 0.000999999 -0.00281707 -0.00211017 -0.00118182 -0.00201869 -0.00160927 0.000620689 -0.00213934 -0.000580646
internal_weight=1941 720 227 43 493 460 1221 184 47 137 146 111 67 729 314 693 265 111 88 58 78 45 492 236 99 428 302 58 244 62
internal_count=1941 720 227 43 493 460 1221 184 47 137 146 111 67 729 314 693 265 111 88 58 78 45 492 236 99 428 302 58 244 62
is_linear=0
shrinkage=0.03


Tree=55
num_leaves=31
num_cat=0
split_feature=11 23 41 37 8 54 48 37 37 40 56 43 38 9 54 49 37 9 36 17 8 37 27 57 26 2 19 23 8 31
split_gain=4.71532 1.75326 1.7417 1.628 1.3349 0.973459 0.972301 0.751086 0.817418 1.25962 0.803048 0.717391 0.691368 0.679942 0.672571 0.616752 0.579323 0.576563 0.561917 0.507886 0.687854 0.621921 0.577213 0.916348 0.985227 2.3625 0.483313 0.424623 0.418886 0.868571
threshold=-0.41248606129204524 270.00000000000006 410.74604895387574 880.76160715000003 3.5000000000000004 99.050000000000026 44.500000000000007 826.44732145000012 1138.8312500000002 772.78441219791682 5.7500000000000009 106.87142859999999 757.98973218750018 149.50000000000003 719.10000000000002 45.500000000000007 635.33125000000007 143.50000000000003 154.23571425000003 7.5000000000000009 4.5000000000000009 75.516071430000011 257.50000000000006 285.50000000000006 8.2500000000000018 6974.9285715000015 1.5000000000000002 95.500000000000014 1.0000000180025095e-35 859.97857140000008
decision_type=2 2 2 2 2 2 2 2 2 2 2 2 2 2 2 2 2 2 2 2 2 2 2 2 2 2 2 2 2 2
left_child=1 2 4 -3 5 16 7 10 9 11 -6 -9 -12 15 17 19 -1 -14 28 -2 21 22 -21 24 -24 -26 -25 -15 29 -7
right_child=13 3 -4 -5 6 18 -8 8 -10 -11 12 -13 14 27 -16 -17 -18 -19 -20 20 -22 -23 23 26 25 -27 -28 -29 -30 -31
leaf_value=0.2642412879102547 -11.40383615371795 0.041050978880712838 1.5363730580283239 1.8716341903815445 0.2511296573549896 -5.1177800818832084 1.0722394044887698 2.6254673123054202 -0.2201034903397599 -0.033935801253893276 -1.7327157275281606 0.36484490138279496 -0.098494125284691494 -9.2908409278624902 -1.8072392136929434 0.94462387507484191 -0.094853058109524532 0.5975881292608799 1.1387385478775525 -2.6453828784483022 -8.2520913889365843 -2.293263204654358 -0.0070034668774264473 1.6175985379964044 1.6729320439338067 -0.79094214406125618 -0.45728047927716664 -0.00091512828266983922 -7.3197498006248987 0.27503826156630889
leaf_weight=34 153 34 31 30 21 38 22 22 29 29 65 24 21 457 33 23 44 25 20 66 188 80 40 86 28 20 45 35 173 25
leaf_count=34 153 34 31 30 21 38 22 22 29 29 65 24 21 457 33 23 44 25 20 66 188 80 40 86 28 20 45 35 173 25
internal_value=-0.000758888 0.00116667 0.000704268 0.00590625 0.000359999 -0.000934132 0.00184536 0.00134944 0.00334615 0.005 9.09084e-05 0.00808696 -0.000708334 -0.00189435 0.00117721 -0.00131276 0.002 0.00352174 -0.00182813 -0.00147026 -0.00104702 -0.000287672 0.00036842 0.00110959 0.00347727 0.006375 -0.000480917 -0.0027561 -0.00223729 -0.000142858
internal_weight=1941 720 656 64 625 334 291 269 104 75 165 46 144 1221 79 729 78 46 256 706 553 365 285 219 88 48 131 492 236 63
internal_count=1941 720 656 64 625 334 291 269 104 75 165 46 144 1221 79 729 78 46 256 706 553 365 285 219 88 48 131 492 236 63
is_linear=0
shrinkage=0.03


Tree=56
num_leaves=31
num_cat=0
split_feature=1 53 27 8 40 43 30 54 36 38 3 9 9 17 15 6 10 4 6 6 36 42 8 50 45 42 43 35 22 43
split_gain=4.39428 1.89072 1.92001 1.36862 1.44453 1.20677 1.67504 1.19605 1.27418 1.05941 0.939203 0.92803 0.893658 0.797327 0.752179 0.741629 1.75424 1.07466 1.42624 1.49393 1 0.726883 0.68843 1.06909 0.670145 0.598961 0.468954 0.434126 0.415179 0.375
threshold=3255.6250000000005 270.00000000000006 210.50000000000003 3.5000000000000004 724.35468751520841 378.09107145000002 1023.6214285000002 168.80000000000004 584.93750000000011 481.34687498750003 6328993.3125000009 144.50000000000003 149.50000000000003 7.5000000000000009 66.500000000000014 25.500000000000004 0.35206144883412577 18.500000000000004 19.500000000000004 16.500000000000004 574.96071430000006 -115.20178564999995 1.0000000180025095e-35 1.0000000180025095e-35 83.500000000000014 -43.40803575000001 55.883035850000063 658.6196428500001 12.500000000000002 73.700000000000003
decision_type=2 2 2 2 2 2 2 2 2 2 2 2 2 2 2 2 2 2 2 2 2 2 2 2 2 2 2 2 2 2
left_child=12 3 -3 7 5 6 9 21 22 11 -11 -5 13 -1 -14 17 -17 26 19 -19 24 -2 23 -9 -18 -12 -15 -21 -23 -6
right_child=1 2 -4 4 29 -7 -8 8 -10 10 25 -13 14 15 -16 16 20 18 -20 27 -22 28 -24 -25 -26 -27 -28 -29 -30 -31
leaf_value=-10.96328272295392 1.3608324058855239 0.016304925292135369 1.7707367457630063 1.0096970260905094 -0.17934578084024611 -0.14604607750897405 1.7226333174635613 1.1254344678008867 1.0411713253594013 -0.48575466084619695 0.018416704694441382 0.064622947034191802 0.80095164746782499 -4.596486978198997 -7.730537567313446 -4.2150569848503503 1.9563568687018646 -17.584672941697391 -6.266078075777429 3.0558057644761134 2.1355886854598669 -0.014077387260523697 -10.376156464185971 -4.488533946828718 -0.70832044291506069 1.2054901329226411 0.19518374838094193 0.77645075102049799 0.18988682950131688 0.17159917735234986
leaf_weight=150 20 26 31 20 96 27 29 25 21 28 30 24 20 294 481 46 25 20 54 30 24 49 187 30 23 23 35 23 25 25
leaf_count=150 20 26 31 20 96 27 29 25 21 28 30 24 20 294 481 46 25 20 54 30 24 49 187 30 23 23 35 23 25 25
internal_value=-0.00063524 0.00123184 0.00647368 0.000778451 0.0022649 0.00396133 0.00498701 -0.000478992 -0.00151711 0.00348 0.00144444 0.00722727 -0.00172653 -0.00105249 -0.0027006 -0.000543555 0.00157627 -0.00109211 0.00125197 0.0039863 0.0045 0.00242553 -0.00213223 0.000818181 0.002 0.00379245 -0.00199696 0.00662264 0.00105405 -0.000272728
internal_weight=1941 716 57 659 302 181 154 357 263 125 81 44 1225 724 501 574 118 456 127 73 72 94 242 55 48 53 329 53 74 121
internal_count=1941 716 57 659 302 181 154 357 263 125 81 44 1225 724 501 574 118 456 127 73 72 94 242 55 48 53 329 53 74 121
is_linear=0
shrinkage=0.03


Tree=57
num_leaves=31
num_cat=0
split_feature=53 56 18 11 9 10 44 16 49 40 41 53 38 53 32 57 57 43 49 1 40 10 9 9 36 17 17 26 9 10
split_gain=3.53943 2.53003 2.11243 1.33167 1.57143 1.69586 1.2165 1.18788 0.998738 1.75938 0.958253 1.2372 0.953514 0.921818 0.888454 0.877635 0.805694 1.10149 0.65309 0.645997 0.81 0.480877 0.956221 1.27758 1.57792 0.465812 2.12749 0.644359 0.864277 0.593939
threshold=199.50000000000003 13.250000000000002 40.500000000000007 -0.22695468355932455 141.50000000000003 0.5277851165098012 29.650000000000002 25.950000000000003 16.500000000000004 246.46584821789585 321.11657227109714 174.50000000000003 912.02723222500015 232.00000000000003 1136.1008930000003 286.50000000000006 159.50000000000003 197.54375000000002 31.500000000000004 11029.750000000002 593.73545387833349 0.35206144883412577 149.50000000000003 146.50000000000003 574.96071430000006 63.500000000000007 51.500000000000007 18.850000000000005 143.50000000000003 -0.63405362205439475
decision_type=2 2 2 2 2 2 2 2 2 2 2 2 2 2 2 2 2 2 2 2 2 2 2 2 2 2 2 2 2 2
left_child=3 2 13 10 5 6 7 8 9 15 16 19 -13 -2 18 -5 17 -1 -3 20 -12 -6 23 -23 -25 26 27 -18 -29 -30
right_child=1 14 -4 4 21 -7 -8 -9 -10 -11 11 12 -14 -15 -16 -17 25 -19 -20 -21 -22 22 -24 24 -26 -27 -28 28 29 -31
leaf_value=-0.013419397316234462 1.1197370085196263 -1.1303548489178648 1.9599359409383252 1.0132359400422775 -9.7991938187794201 -7.7934793791680423 -4.5628590417256945 -17.028906332079917 0.96923997300467557 -0.17551403101863078 2.4858934707947768 1.4045596218180971 -2.0487866394084953 -0.12287961993387202 1.4399869011573097 1.2578926075271846 -1.4450519228321006 0.3654256694322322 0.063549511709472345 3.0861656583561539 -0.36189811572476066 -7.9662975025397236 -9.2274618251398248 -0.020436081236109852 2.0715210248960703 -2.377074652791022 0.22203346877274657 -10.488717824709608 0.63142395258679174 -0.053307825211794134
leaf_weight=37 25 78 29 24 515 93 34 22 29 35 25 25 49 30 20 22 245 22 23 22 20 81 179 42 24 95 25 27 24 20
leaf_count=37 25 78 29 24 515 93 34 22 29 35 25 25 49 30 20 22 245 22 23 22 20 81 179 42 24 95 25 27 24 20
internal_value=-0.000727976 0.003 0.007 -0.0011682 -0.0018 0.000243243 0.00206024 0.00336364 0.00463636 0.00292593 -7.54724e-05 0.00210638 -0.000567568 0.00354545 0.00022314 0.00678261 -0.00069697 0.00259322 -0.000920793 0.0050597 0.003 -0.00242925 -0.00152761 0.000265305 0.00336364 -0.0011422 -0.000624634 -0.00129114 0.00122535 0.00381818
internal_weight=1941 205 84 1736 1100 259 166 132 110 81 636 141 74 55 121 46 495 59 101 67 45 841 326 147 66 436 341 316 71 44
internal_count=1941 205 84 1736 1100 259 166 132 110 81 636 141 74 55 121 46 495 59 101 67 45 841 326 147 66 436 341 316 71 44
is_linear=0
shrinkage=0.03


Tree=58
num_leaves=31
num_cat=0
split_feature=31 26 18 48 6 53 51 46 16 9 30 31 26 9 56 18 40 41 57 6 47 8 49 53 57 2 6 40 6 36
split_gain=4.25969 2.11349 1.64545 0.989899 1.05195 0.980415 1.83732 0.876409 1.00927 0.715276 0.738031 0.839541 0.707832 1.12557 0.801465 0.700579 0.64148 0.970274 1.00517 2.03698 2.02555 0.966757 0.621467 1.17959 0.46131 0.41957 0.351004 0.806479 0.929823 0.618087
threshold=751.50892855000018 14.350000000000003 40.500000000000007 18.500000000000004 16.500000000000004 202.00000000000003 420.50000000000006 24.450000000000003 24.850000000000005 143.50000000000003 143.83750000000003 225.70625000000004 18.150000000000002 143.50000000000003 19.750000000000004 18.500000000000004 613.82776541220846 12.456486407306018 285.50000000000006 19.500000000000004 30.500000000000004 5.5000000000000009 2.5000000000000004 142.50000000000003 285.50000000000006 3277.7857145000003 25.500000000000004 0.6507812500000002 29.500000000000004 801.93839285000013
decision_type=2 2 2 2 2 2 2 2 2 2 2 2 2 2 2 2 2 2 2 2 2 2 2 2 2 2 2 2 2 2
left_child=5 2 3 4 -2 9 -7 12 -9 16 26 15 24 -14 -15 -12 17 -1 19 -19 -21 -20 -13 -24 -3 -26 -11 28 29 -28
right_child=1 7 -4 -5 -6 6 -8 8 -10 10 11 22 13 14 -16 -17 -18 18 21 20 -22 -23 23 -25 25 -27 27 -29 -30 -31
leaf_value=-2.1117000602655325 0.030494914410157385 -2.5835404916749947 1.8013294716417687 -0.051767685931991624 0.85316386441259606 0.94205676528891424 -0.043455299908662898 1.3760846177325103 0.11739316354189791 -9.7039613074563089 2.6002238517090461 -1.1049884818883962 -10.912706273185815 1.8852751467679412 0.15587986683428615 -0.51358012238512185 -7.0113164788885749 0.92679807604815734 -1.3727131614412389 -8.5129946738242346 0.64829820698399898 1.1046492045480085 -1.1056710333882467 0.57865626792350056 -1.7035627526413615 0.81233036112912616 2.8278195631857681 -8.4191576107317001 -9.9726025554698889 1.6859641400582823
leaf_weight=155 22 99 25 22 28 22 49 22 31 450 21 134 29 31 42 31 79 23 93 49 24 29 70 28 21 20 51 170 49 22
leaf_count=155 22 99 25 22 28 22 49 22 31 450 21 134 29 31 42 31 79 23 93 49 24 29 70 28 21 20 51 170 49 22
internal_value=-0.000666152 0.00212755 0.00596907 0.00366667 0.006 -0.00137314 0.00207042 0.000864406 0.00435849 -0.00153857 -0.00197661 -0.000676057 9.91728e-05 0.002 0.0039863 0.00276923 -0.000544249 -2.41294e-05 0.00126605 0.0035625 0.00110959 -0.000540984 -0.00144828 0.000367346 -0.00128572 0.00139024 -0.00247439 -0.00166438 0.000196721 0.00234247
internal_weight=1941 392 97 72 50 1549 71 295 53 1478 1026 284 242 102 73 52 452 373 218 96 73 122 232 98 140 41 742 292 122 73
internal_count=1941 392 97 72 50 1549 71 295 53 1478 1026 284 242 102 73 52 452 373 218 96 73 122 232 98 140 41 742 292 122 73
is_linear=0
shrinkage=0.03


Tree=59
num_leaves=31
num_cat=0
split_feature=11 41 54 8 12 4 23 6 49 40 58 53 22 57 12 37 43 8 11 39 39 53 42 8 57 6 40 6 57 5
split_gain=3.67323 2.40184 1.7933 1.56141 1.48865 1.39714 1.12257 1.08846 1.13635 2.22315 0.97974 0.877733 0.842793 1.07457 1.49734 0.832198 1.10612 0.790526 0.748252 0.697371 0.699595 0.594086 0.538707 0.42836 0.360948 0.299281 0.778672 0.863539 0.345118 0.202149
threshold=-0.22695468355932455 321.11657227109714 529.65000000000009 2.5000000000000004 0.64987354830121502 17.500000000000004 291.00000000000006 16.500000000000004 16.500000000000004 246.46584821789585 1006.0500000000001 174.50000000000003 205.50000000000003 297.50000000000006 0.60980454008255491 1055.9785715000003 -28.837500000000009 4.5000000000000009 0.84874750804349197 880.18895086250006 574.83928570625005 131.50000000000003 12.693750000000003 1.0000000180025095e-35 279.50000000000006 25.500000000000004 1.0000000180025095e-35 29.500000000000004 298.50000000000006 22.500000000000004
decision_type=2 2 2 2 2 2 2 2 2 2 2 2 2 2 2 2 2 2 2 2 2 2 2 2 2 2 2 2 2 2
left_child=1 6 3 23 22 18 12 -7 9 -9 -4 -12 13 14 21 16 -13 -14 -6 20 -19 24 25 -3 -1 -2 27 28 29 -27
right_child=4 2 10 -5 5 7 -8 8 -10 -11 11 15 17 -15 -16 -17 -18 19 -20 -21 -22 -23 -24 -25 -26 26 -28 -29 -30 -31
leaf_value=-0.40705199837840167 -9.5522588665345527 1.3285635431851106 -2.8430104197468071 1.5986106858133229 -7.3474470876947429 -16.198448822497312 1.498148388151004 1.7142831597571089 1.485764493307467 -0.25933232623609187 2.1633333406953361 1.6053541126881248 -2.0990915770381191 -0.93757776010755634 0.87923877746468815 -2.8942318252540109 0.012374597715828368 0.067268960575457837 0.28603425551001016 0.23800240275322801 -0.91308626988429686 0.14324471297834773 0.22307173333367872 0.59025890042512386 0.074235911923138637 -0.30538201882484761 -9.2155832315106263 -9.6734244788057921 2.3590191811782497 0.11692417983375387
leaf_weight=55 522 22 33 34 107 24 38 27 20 45 33 20 219 78 32 28 37 30 36 33 65 39 35 24 21 20 172 45 26 21
leaf_count=55 522 22 33 34 107 24 38 27 20 45 33 20 219 78 32 28 37 30 36 33 65 39 35 24 21 20 172 45 26 21
internal_value=-0.000604328 0.000888228 0.00349351 0.007125 -0.00174546 0.000243243 -9.83614e-05 0.00268965 0.00417391 0.00241667 0.00156954 0.00284746 -0.000430071 0.000999999 0.0025102 0.00123529 0.00331579 -0.00135735 -0.00174126 0.000515624 -0.000789474 0.000913043 -0.00235791 0.00352174 -0.00063158 -0.00251613 -0.0017324 0.000214285 0.00237313 0.000658536
internal_weight=1941 841 231 80 1100 259 610 116 92 72 151 118 572 225 147 85 57 347 143 128 95 115 841 46 76 806 284 112 67 41
internal_count=1941 841 231 80 1100 259 610 116 92 72 151 118 572 225 147 85 57 347 143 128 95 115 841 46 76 806 284 112 67 41
is_linear=0
shrinkage=0.03


Tree=60
num_leaves=31
num_cat=0
split_feature=31 48 41 43 57 9 11 23 31 17 17 18 27 27 37 8 41 38 8 17 56 8 10 23 15 35 6 10 6 36
split_gain=3.98159 1.88336 1.56534 1.21301 1.52117 0.936002 1.22565 1.05684 1.90792 0.925622 1.67317 0.939024 0.82975 0.705286 1.34127 0.875676 0.73707 1.09171 0.717593 0.663433 1.24877 0.617546 0.562679 0.505876 0.439547 0.4 0.368983 0.914782 1.04178 1.12141
threshold=751.50892855000018 66.500000000000014 410.74604895387574 8.2857143499999797 295.50000000000006 141.50000000000003 0.81241147629689003 126.50000000000001 327.22857140000002 44.500000000000007 71.500000000000014 54.500000000000007 301.50000000000006 261.50000000000006 711.16428570000016 3.5000000000000004 328.02841620502363 1062.6580357875002 1.0000000180025095e-35 20.500000000000004 13.250000000000002 4.5000000000000009 0.81241147629689026 159.50000000000003 75.500000000000014 118.98750000000003 25.500000000000004 0.35206144883412577 28.500000000000004 574.96071430000006
decision_type=2 2 2 2 2 2 2 2 2 2 2 2 2 2 2 2 2 2 2 2 2 2 2 2 2 2 2 2 2 2
left_child=3 2 13 5 9 6 19 26 -9 21 11 24 25 14 -2 18 23 -18 -15 20 -1 -5 -12 -17 -11 -8 -7 -28 29 -29
right_child=1 -3 -4 4 -6 7 12 8 -10 10 22 -13 -14 15 -16 16 17 -19 -20 -21 -22 -23 -24 -25 -26 -27 27 28 -30 -31
leaf_value=0.14057135941502949 1.6776802076229229 1.4569091783421904 1.3581386870312151 -2.1451522356716617 -1.5457191277710682 -9.3285914213480563 0.46832132508651947 0.54099031056153979 -0.17036413209225154 0.4043570381832986 0.072701201489195441 0.59095967614960909 -0.097894283747659391 0.081169031028919827 0.0017917804895780072 0.20718410839328741 1.4527869038087897 -0.07045804010120868 -10.893953123772148 -7.82784099370829 -0.821155975671928 0.14093579808296255 -1.3995602086252279 -0.1437818134945183 0.43643981625783218 2.2483223753546939 -6.7384394855710061 -0.23520141934809594 -9.4003737042508089 1.888025894512092
leaf_weight=21 21 36 34 62 124 527 20 20 87 21 22 22 41 27 42 22 33 24 93 128 60 22 38 60 20 20 197 33 40 24
leaf_count=21 21 36 34 62 124 527 20 20 87 21 22 22 41 27 42 22 33 24 93 128 60 22 38 60 20 20 197 33 40 24
internal_value=-0.000573416 0.00212755 0.00146629 -0.00125694 0.000353474 -0.00169458 -0.000206897 -0.00215948 0.000644859 0.00192754 0.00358537 0.007 0.00292593 0.000819875 0.00366667 0.000127412 0.0017482 0.00436842 -0.00175 -0.00142105 0.000703703 -0.000500001 -7.15256e-10 -7.31714e-05 0.00431707 0.006 -0.00252497 -0.00167347 0.000711339 0.00331579
internal_weight=1941 392 356 1549 331 1218 290 928 107 207 123 63 81 322 63 259 139 57 120 209 81 84 60 82 41 40 821 294 97 57
internal_count=1941 392 356 1549 331 1218 290 928 107 207 123 63 81 322 63 259 139 57 120 209 81 84 60 82 41 40 821 294 97 57
is_linear=0
shrinkage=0.03


Tree=61
num_leaves=31
num_cat=0
split_feature=31 46 16 43 57 12 6 12 4 53 6 2 49 11 27 58 47 37 37 22 42 15 21 56 10 6 6 36 56 59
split_gain=4.08203 1.7974 2.48575 1.32158 1.66107 1.00695 2.55002 0.810568 1.33775 0.909083 0.89955 1.09268 1.08068 0.795455 0.681332 1.10738 0.77855 0.689444 0.832883 0.570656 0.569533 0.568108 0.458333 0.276386 0.274412 0.901583 1.05693 1.12141 0.265844 0.266977
threshold=776.64642855000011 24.450000000000003 24.750000000000004 8.2857143499999797 295.50000000000006 0.60980454008255491 21.500000000000004 0.64987354830121502 17.500000000000004 204.50000000000003 16.500000000000004 7753.5714285000004 9.5000000000000018 0.84874750804349197 261.50000000000006 1006.2500000000001 1.0000000180025095e-35 1055.9785715000003 902.08125000000007 266.50000000000006 25.768750000500003 58.500000000000007 872.50000000000011 4.6500000000000012 0.35206144883412577 25.500000000000004 28.500000000000004 574.96071430000006 11.15 1.0000000180025095e-35
decision_type=2 2 2 2 2 2 2 2 2 2 2 2 2 2 2 2 2 2 2 2 2 2 2 2 2 2 2 2 2 2
left_child=3 14 -3 7 5 20 -7 9 13 21 -10 12 -12 -9 -2 -16 -17 18 22 -4 -5 -1 -18 -6 -23 -26 27 -27 -22 -30
right_child=1 2 19 4 23 6 -8 8 10 -11 11 -13 -14 -15 15 16 17 -19 -20 -21 28 24 -24 -25 25 26 -28 -29 29 -31
leaf_value=0.80039355734032791 1.5689424496620488 1.3037913904855409 1.433183787482688 0.16017325894606524 0.01329065281768216 -0.021321429760823164 0.88224363568361164 -7.5574599828376119 -15.694370045677845 0.64597376669992301 1.1189163523009855 -0.4032728738236927 1.0376731645369732 0.26340358809211528 -4.2645372679155491 2.3569440919071654 0.12510483237156456 -1.8794644179328321 0.62942045020077586 -0.15003238689168813 0.038545603879069447 -7.1694285470682999 -2.7799533971132524 -2.5585610091677395 -8.9773667428700215 -0.22814537676765034 -9.1183624931232838 1.8313851176767286 -2.1434380831375215 0.057954288529682846
leaf_weight=22 34 39 25 39 26 32 25 140 24 30 34 31 27 36 86 38 32 32 20 36 37 593 22 103 197 33 41 24 39 44
leaf_count=22 34 39 25 39 26 32 25 140 24 30 34 31 27 36 86 38 32 32 20 36 37 593 22 103 197 33 41 24 39 44
internal_value=-0.000588872 0.00227472 0.0057 -0.00124984 0.000391304 0.002 0.00542105 -0.00170942 -0.000328768 -0.0021383 0.00217241 0.00352174 0.00585246 -0.00197727 0.000977272 0.000391304 0.002 0.000679245 0.00227027 0.00191803 0.000773584 -0.00230769 0.000333333 -0.00230233 -0.00242568 -0.00167797 0.000673469 0.00331579 -0.000250001 -0.00119277
internal_weight=1941 364 100 1577 345 216 57 1232 292 940 116 92 61 176 264 230 144 106 74 61 159 910 54 129 888 295 98 57 120 83
internal_count=1941 364 100 1577 345 216 57 1232 292 940 116 92 61 176 264 230 144 106 74 61 159 910 54 129 888 295 98 57 120 83
is_linear=0
shrinkage=0.03


Tree=62
num_leaves=31
num_cat=0
split_feature=1 56 41 48 8 28 41 12 12 10 40 3 57 40 15 43 40 56 48 40 17 27 20 17 10 1 41 5 53 53
split_gain=3.8602 1.95022 2.45942 2.12828 3.82878 1.3555 1.29562 1.55189 1.29012 1.36989 0.933495 1.48687 0.861101 1.07769 0.85403 0.843164 1.1199 0.721139 0.952747 0.680283 0.605294 0.530675 0.487833 0.433929 0.4 0.379926 0.391017 0.640147 0.362903 0.886364
threshold=791.07142855000018 13.250000000000002 332.17803101110945 44.500000000000007 3.5000000000000004 1007.6500000000002 410.74604895387574 0.52490632455031438 0.64987354830121502 0.5277851165098012 970.54954119583329 6355305.6250000009 285.50000000000006 260.79750743875002 75.500000000000014 -112.35089284999997 838.10141369375003 5.7500000000000009 15.500000000000002 455.99021577125012 32.500000000000007 51.500000000000007 13.500000000000002 49.500000000000007 -0.70710678118654735 10125.750000000002 365.34976399814411 22.500000000000004 160.50000000000003 175.50000000000003
decision_type=2 2 2 2 2 2 2 2 2 2 2 2 2 2 2 2 2 2 2 2 2 2 2 2 2 2 2 2 2 2
left_child=8 2 3 17 14 19 7 15 -1 12 25 -12 13 -10 -5 16 24 18 -2 -4 -14 -17 -19 -22 -3 -9 27 -27 -23 -30
right_child=1 6 5 4 -6 -7 -8 10 9 -11 11 -13 20 -15 -16 21 -18 22 -20 -21 23 28 -24 -25 -26 26 -28 -29 29 -31
leaf_value=-7.5800858883694913 0.22427262630476666 0.57175083555919015 1.043741167905841 -1.650267950922627 1.0045284896691975 1.037302028491264 1.2329627703381418 -5.1656674068997361 0.83869997426063303 -7.2366513189471711 0.25842402061141057 -0.77371801537650942 -0.19900967140088413 -0.0044100867713792952 0.19571371899246034 0.8547097961771809 -0.037677957574702881 -1.8252147753726089 -0.072380951140591371 1.9384331878920908 4.5310137343129666 -2.169518173123314 0.0012063692163335241 -0.094067834671143657 2.5232787611899026 0.68518296620023167 -0.29576618038316727 -2.6233160079917086 0.37744692355446846 -0.13309412882832203
leaf_weight=782 30 20 23 24 22 20 31 244 24 89 22 23 57 25 27 33 31 85 26 20 20 45 36 28 20 23 35 28 22 26
leaf_count=782 30 20 23 24 22 20 31 244 24 89 22 23 57 25 27 33 31 85 26 20 20 45 36 28 20 23 35 28 22 26
internal_value=-0.000681608 0.000733624 0.00265495 0.00132 0.00563014 0.00795238 -0.000263682 -0.000587413 -0.00194634 -3.70378e-05 -0.00172 0.00233333 0.00167532 0.00495918 0.00111765 0.00156853 0.0041831 -0.000457628 0.00235714 0.0109535 0.000142856 9.52374e-05 -0.00176033 0.002625 0.0075 -0.00227273 -0.00055814 0.00111765 -0.00106452 0.000749999
internal_weight=1941 916 313 250 73 63 603 572 1025 243 375 45 154 49 51 197 71 177 56 43 105 126 121 48 40 330 86 51 93 48
internal_count=1941 916 313 250 73 63 603 572 1025 243 375 45 154 49 51 197 71 177 56 43 105 126 121 48 40 330 86 51 93 48
is_linear=0
shrinkage=0.03


Tree=63
num_leaves=31
num_cat=0
split_feature=1 6 9 46 23 57 37 6 9 53 17 8 26 31 18 6 10 36 49 33 43 1 6 23 2 2 5 4 32 32
split_gain=4.73187 1.99657 2.18357 1.73206 1.43488 4.42229 1.16684 1.09171 0.750065 1.40564 0.831617 0.847849 0.91883 1.20035 0.865935 0.717127 0.983513 0.895853 0.639858 0.62803 1.14139 0.694444 0.625926 0.603493 0.643908 0.865846 0.931129 0.565102 0.530735 0.664866
threshold=3255.6250000000005 25.500000000000004 141.50000000000003 24.450000000000003 209.50000000000003 237.50000000000003 584.06250000000011 28.500000000000004 149.50000000000003 126.50000000000001 7.5000000000000009 4.5000000000000009 13.050000000000002 14.437500000000002 5.5000000000000009 25.500000000000004 0.35206144883412577 630.78839285000015 43.500000000000007 1023.6214285000002 205.36785710000004 6332.7053570000007 24.500000000000004 66.500000000000014 7396.1607145000007 4543.4285715000015 1.0000000180025095e-35 19.500000000000004 667.71160715000008 910.72857145000012
decision_type=2 2 2 2 2 2 2 2 2 2 2 2 2 2 2 2 2 2 2 2 2 2 2 2 2 2 2 2 2 2
left_child=8 2 3 -2 22 -6 -5 -3 10 -10 -1 12 13 14 27 -16 -17 -18 -13 20 21 -9 23 -4 25 26 -25 -12 -28 -30
right_child=1 7 4 6 5 -7 -8 19 9 -11 11 18 -14 -15 15 16 17 -19 -20 -21 -22 -23 -24 24 -26 -27 28 -29 29 -31
leaf_value=-9.13881699193111 -14.203281055593063 -11.272410960882157 0.28065943595544773 -0.023870705949229527 0.92033438409813373 1.5984497764618013 0.63719390501592732 0.040869922576048337 -7.2455689080669341 0.27581195270463449 0.0076213452096277482 -7.8210135821422631 -7.0493395665914811 0.20551645374461228 -2.139958707530552 -2.1614290892582178 2.5118368869572527 1.9713374070004943 1.441648749973919 -0.17063704254712134 -0.80388402309270557 1.8183822615863434 0.74307118207370093 0.66753177625038274 0.4179306623696149 -0.37786906090772393 -0.10681170740065739 1.736099034808944 0.59159856298626701 -0.15487634487138213
leaf_weight=150 104 114 25 23 52 34 22 20 469 32 29 177 76 31 128 28 42 20 20 23 29 25 27 33 22 75 47 23 20 21
leaf_count=150 104 114 25 23 52 34 22 20 469 32 29 177 76 31 128 28 42 20 20 23 29 25 27 33 22 75 47 23 20 21
internal_value=-0.000496137 0.00144134 0.00246535 -0.000583893 0.00374157 0.00711628 0.00433333 -0.00100948 -0.00162857 -0.00252096 -0.00101105 -0.00049129 0.000342174 0.00108638 0.000444444 -0.000385322 0.00166667 0.00377419 -0.0020863 0.0013299 0.00267567 0.00566667 0.00266667 0.00218518 0.0016789 0.00113265 0.00270248 0.00392308 0.00109091 0.00358537
internal_weight=1941 716 505 149 356 86 45 211 1225 501 724 574 377 301 270 218 90 62 197 97 74 45 270 243 218 196 121 52 88 41
internal_count=1941 716 505 149 356 86 45 211 1225 501 724 574 377 301 270 218 90 62 197 97 74 45 270 243 218 196 121 52 88 41
is_linear=0
shrinkage=0.03


Tree=64
num_leaves=31
num_cat=0
split_feature=11 23 8 56 6 13 10 41 37 57 20 56 50 35 3 48 47 37 39 8 58 42 29 10 6 6 36 11 8 37
split_gain=3.96093 1.8697 2.74314 2.10597 1.67013 1.5284 1.584 1.01304 0.981203 1.34737 0.927877 0.968978 0.92477 1.07823 0.877413 0.820513 1.23967 0.810399 0.623377 0.584293 0.68585 0.518008 0.467836 0.447685 1.1109 1.27934 0.926098 0.371389 0.36218 0.575861
threshold=-0.16280825711808986 208.00000000000003 2.5000000000000004 14.050000000000002 16.500000000000004 -0.75999367905021098 0.5277851165098012 410.74604895387574 176.95892855000002 285.50000000000006 1.0000000180025095e-35 10.950000000000001 2.5000000000000004 977.2491071500001 6548161.1875000009 44.500000000000007 15.500000000000002 800.00000000000011 770.03303570000014 5.5000000000000009 1005.7500000000001 -119.65624999999999 1.7000000000000004 0.35206144883412577 25.500000000000004 28.500000000000004 630.78839285000015 0.96592582628906831 4.5000000000000009 886.14017855000009
decision_type=2 2 2 2 2 2 2 2 2 2 2 2 2 2 2 2 2 2 2 2 2 2 2 2 2 2 2 2 2 2
left_child=1 7 18 4 -4 23 8 10 9 -7 11 15 -12 19 27 16 -1 -5 -3 21 -21 -14 -23 -2 -25 26 -26 -11 -13 -30
right_child=5 2 3 17 -6 6 -8 -9 -10 14 12 28 13 -15 -16 -17 -18 -19 -20 20 -22 22 -24 24 25 -27 -28 -29 29 -31
leaf_value=0.6335042633330904 -8.2884369123089243 -0.79011719513368406 1.300412490032782 0.22557018280742777 1.3063247491529042 0.75662855130153928 -6.9433163692556743 1.1533019300760474 -6.8372341170245745 -0.16804663791993371 0.33284193080695901 -2.0331130465887721 0.16751304752423304 0.3006702838222397 1.0830101166512942 0.43973667747939638 -0.82457497197947771 -0.11496202660210321 1.3669069310065418 -0.30729185570801937 0.39571495751332902 -0.44604856083144667 0.1742146851184313 -8.1671401570333853 2.2100140573464939 -8.2253420582528491 1.9121972847904818 0.84969488942995919 -1.8922112931849684 0.48025719178713633
leaf_weight=24 499 44 26 23 31 35 88 22 29 51 24 211 30 20 27 26 54 24 33 24 25 114 30 203 43 44 20 20 51 46
leaf_count=24 499 44 26 23 31 35 88 22 29 51 24 211 30 20 27 26 54 24 33 24 25 114 30 203 43 44 20 20 51 46
internal_value=-0.000573416 0.000911564 0.00362983 0.00680769 0.0106842 -0.0018102 0.000239999 0.0002097 0.002 0.00309022 4.41755e-06 -0.00088835 0.00138202 0.00082716 0.00128571 0.00161538 7.69224e-05 0.00210638 -0.000662338 0.000228699 0.00312245 -0.000586208 -0.00133333 -0.00244376 -0.00154839 0.000925233 0.00366667 -0.000464789 -0.00173377 -0.000216496
internal_weight=1941 882 181 104 57 1059 250 701 162 133 679 412 267 243 98 104 78 47 77 223 49 174 144 809 310 107 63 71 308 97
internal_count=1941 882 181 104 57 1059 250 701 162 133 679 412 267 243 98 104 78 47 77 223 49 174 144 809 310 107 63 71 308 97
is_linear=0
shrinkage=0.03


Tree=65
num_leaves=31
num_cat=0
split_feature=11 27 48 8 8 24 39 9 10 32 24 19 16 40 52 40 16 58 40 32 42 10 9 9 36 36 44 56 32 56
split_gain=4.01044 1.57839 2.00087 1.93641 1.38782 1.51875 1.20536 1.14586 1.25156 1.13524 1.24232 1.07963 0.930769 0.894062 1.13047 0.845873 1.05635 0.734142 1.74198 1.52381 1.39007 0.447685 0.881336 1.51696 0.926098 0.401586 1.13471 0.462615 0.4 0.399042
threshold=-0.16280825711808986 296.50000000000006 44.500000000000007 4.5000000000000009 3.5000000000000004 304.90000000000003 753.13627234375008 141.50000000000003 0.5277851165098012 1141.1357145000002 50.400000000000006 97.500000000000014 23.850000000000005 417.75673363791674 274.50000000000006 409.83102678479173 25.950000000000003 1007.4500000000002 724.35468751520841 815.06428575000007 -54.900892850000012 0.35206144883412577 149.50000000000003 146.50000000000003 630.78839285000015 896.91428570000016 28.650000000000002 12.65 802.69880950000004 4.6500000000000012
decision_type=2 2 2 2 2 2 2 2 2 2 2 2 2 2 2 2 2 2 2 2 2 2 2 2 2 2 2 2 2 2
left_child=1 2 3 9 5 6 -4 8 15 10 11 -1 -11 14 -12 16 25 18 19 -5 -20 -9 23 -23 -25 26 -2 -28 -16 -3
right_child=7 29 4 17 -6 -7 -8 21 -10 12 13 -13 -14 -15 28 -17 -18 -19 20 -21 -22 22 -24 24 -26 -27 27 -29 -30 -31
leaf_value=0.71542234996400622 0.83026898204070909 0.10229308732007394 0.094771224753862057 0.34271363133056704 0.74104484489334621 -1.1275405169006223 1.7933143242604874 -8.0397838049396579 -6.735016878178004 0.015321798855312901 -1.853005570103708 -0.022813238661971259 1.1468404430683183 -1.3899145985489259 0.41256153251278943 -0.059894788195429607 -15.298973261924298 0.00064429248339874809 0.28920113805183489 1.3262789630511915 -0.64630602382785307 -6.5848514258470647 -7.9618305935788642 2.1437136356260957 1.8548313662467697 0.62986026927447158 -0.030555381102333141 1.3788939859604172 0.43058520903474329 -1.0265547577830614
leaf_weight=35 21 23 28 21 34 32 20 499 88 32 47 48 20 200 20 50 22 43 27 21 34 77 170 43 20 23 22 24 20 177
leaf_count=35 21 23 28 21 34 32 20 499 88 32 47 48 20 200 20 50 22 43 27 21 34 77 170 43 20 23 22 24 20 177
internal_value=-0.000650696 0.000843537 0.00153079 0.000802816 0.00515789 0.003 0.006375 -0.00189518 -0.000120001 -0.000227489 -0.000810812 0.00242169 0.00392308 -0.00174565 0.000793103 0.00144444 0.00289286 0.00378082 0.00515534 0.00985714 0.00191803 -0.00244376 -0.00154839 0.000214285 0.00366667 0.00433333 0.00550746 0.00286956 0.0045 -0.0015
internal_weight=1941 882 682 568 114 80 48 1059 250 422 370 83 52 287 87 162 112 146 103 42 61 809 310 140 63 90 67 46 40 200
internal_count=1941 882 682 568 114 80 48 1059 250 422 370 83 52 287 87 162 112 146 103 42 61 809 310 140 63 90 67 46 40 200
is_linear=0
shrinkage=0.03


Tree=66
num_leaves=31
num_cat=0
split_feature=1 23 27 46 18 31 18 37 53 30 46 9 23 34 9 3 1 56 43 27 1 11 58 26 2 56 47 47 2 31
split_gain=5.09421 1.7673 2.01336 2.30925 2.02486 1.46374 1.14978 1.08312 1.16049 1.44184 0.861239 0.727395 1.06886 0.726984 0.803893 1.12875 0.678788 0.655672 0.655423 0.818182 0.565599 0.522345 1.85783 0.485541 0.544282 0.472631 0.706347 0.622254 0.535192 0.37037
threshold=3255.6250000000005 208.00000000000003 293.50000000000006 24.750000000000004 40.500000000000007 225.70625000000004 10.500000000000002 870.77857140000015 174.50000000000003 977.2491071500001 24.450000000000003 149.50000000000003 115.50000000000001 1230.1714290000002 150.50000000000003 6670884.2500000009 2070.0000000000005 12.450000000000001 55.883035850000063 294.50000000000006 9550.4910715000024 0.72947329433276265 1006.6500000000002 10.550000000000002 1057.0714285000001 6.1000000000000005 37.500000000000007 56.500000000000007 5442.6964285000004 843.57321430000013
decision_type=2 2 2 2 2 2 2 2 2 2 2 2 2 2 2 2 2 2 2 2 2 2 2 2 2 2 2 2 2 2
left_child=11 5 3 4 6 -2 -3 13 9 -9 29 18 -13 14 23 17 -14 -16 21 -20 -5 -1 25 24 -7 -23 28 -28 -27 -10
right_child=1 2 -4 20 -6 7 -8 8 10 -11 -12 12 16 -15 15 -17 -18 -19 19 -21 -22 22 -24 -25 -26 26 27 -29 -30 -31
leaf_value=-2.1102244700513357 0.66150962036948724 1.1476196477096743 -9.7536159681851853 -0.55610070775201892 1.6929891819435152 -0.039811270199360767 0.02509652239806931 0.15084052287341973 0.057996986084363551 2.7029219907067032 0.77930166313003124 -7.0811838141226886 0.47258218817781306 0.1541556913128003 0.023658852921632903 0.30930270403382559 -0.18444721269032777 -0.52698255500111213 0.33142480895853027 -6.3317355304429652 0.8705181648724819 -1.5152097380103633 -4.610397061014309 -2.6004916798498718 0.086930719576717233 2.3548228366786326 -0.36134741006111504 1.446961164074767 0.5919248603808589 -2.4463378598969898
leaf_weight=415 21 36 29 28 21 41 23 39 27 29 21 459 20 24 29 24 22 52 22 22 30 20 154 177 20 21 27 23 20 45
leaf_count=415 21 36 29 28 21 41 23 39 27 29 21 459 20 24 29 24 22 52 22 22 30 20 154 177 20 21 27 23 20 45
internal_value=-0.000527049 0.00148324 0.00418563 0.00569565 0.009 0.000661201 0.00615254 0.000352272 0.00240373 0.00538235 0.000225806 -0.00170204 -0.00258084 -0.000547685 -0.000900875 0.00128571 0.002 -0.000407408 -0.00109392 0.00245454 0.00113793 -0.00132353 -0.00028302 -0.00186555 0.000442622 0.00267567 0.00359341 0.0012 0.00651219 -0.00133333
internal_weight=1941 716 167 138 80 549 59 528 161 68 93 1225 501 367 343 105 42 81 724 44 58 680 265 238 61 111 91 50 41 72
internal_count=1941 716 167 138 80 549 59 528 161 68 93 1225 501 367 343 105 42 81 724 44 58 680 265 238 61 111 91 50 41 72
is_linear=0
shrinkage=0.03


Tree=67
num_leaves=31
num_cat=0
split_feature=1 10 18 37 41 9 4 9 2 47 34 1 48 19 36 37 17 11 2 16 32 57 1 26 30 31 10 9 9 36
split_gain=4.30099 1.49504 1.11581 2.32742 1.31886 0.955903 1.73158 1.08846 1.42554 1.3877 0.928473 0.773018 1.85695 0.751537 0.862854 0.780815 1.58905 0.700498 0.625 0.548139 0.523295 0.552273 0.477928 0.410825 0.381927 0.380952 0.341643 0.675821 1.53692 1.03926
threshold=3255.6250000000005 -0.25881904510252113 52.000000000000007 573.51785715000017 410.74604895387574 141.50000000000003 17.500000000000004 137.50000000000003 7753.5714285000004 16.500000000000004 1221.4714285000002 791.07142855000018 44.500000000000007 1.0000000180025095e-35 9.2428571430000002 1106.2169645000001 43.500000000000007 0.91037613702198772 6784.1071430000011 23.650000000000002 589.3214286000001 227.00000000000003 11280.714285000002 16.550000000000004 843.57321430000013 787.69196430000011 0.35206144883412577 149.50000000000003 146.50000000000003 630.78839285000015
decision_type=2 2 2 2 2 2 2 2 2 2 2 2 2 2 2 2 2 2 2 2 2 2 2 2 2 2 2 2 2 2
left_child=5 10 4 -4 13 6 17 -8 9 -9 22 26 19 14 -3 16 25 -1 -12 -13 21 -18 23 -2 -22 -15 -7 28 -28 -30
right_child=1 2 3 -5 -6 11 7 8 -10 -11 18 12 -14 15 -16 -17 20 -19 -20 -21 24 -23 -24 -25 -26 -27 27 -29 29 -31
leaf_value=-5.9712714392590973 0.12415195325885461 -0.14861639705878188 0.022704688560113918 1.5668444344178085 1.0800953597632066 -7.6236987216517953 -14.594572731622842 0.41311480487623958 -0.16112452579230949 3.6578411433845348 -0.34265780607914553 0.24849344303442697 0.34367125163018775 0.059321349739706493 0.66200235054006695 -0.42272375966272008 0.31880811624398042 0.58373205734987488 0.41202210825346186 -1.9506670198798699 -0.384609850018234 0.022088193917268351 1.3162033001857052 -1.2300494061153395 0.064309266032427106 1.2847505853807661 -6.282150031530958 -7.5873386465793695 2.6453752421885413 1.7852818557730441
leaf_weight=153 24 153 30 33 35 479 24 38 31 23 20 20 22 21 27 28 20 28 20 104 28 24 27 182 23 21 76 166 41 20
leaf_count=153 24 153 30 33 35 479 24 38 31 23 20 20 22 21 27 28 20 28 20 104 28 24 27 182 23 21 76 166 41 20
internal_value=-0.000573416 0.00127374 0.00234989 0.00604762 0.00173684 -0.00165306 -0.000171718 0.00268965 0.00417391 0.00683606 -0.000472528 -0.00212716 -0.000123288 0.00117391 -0.000166667 0.00263636 0.00356934 -0.00200553 0.00375 -0.00154839 0.00142105 0.00381818 -0.00119743 -0.00168932 -0.00064706 0.00842857 -0.00250128 -0.00171287 -0.000153285 0.00339344
internal_weight=1941 716 443 63 380 1225 297 116 92 61 273 928 146 345 180 165 137 181 40 124 95 44 233 206 51 42 782 303 137 61
internal_count=1941 716 443 63 380 1225 297 116 92 61 273 928 146 345 180 165 137 181 40 124 95 44 233 206 51 42 782 303 137 61
is_linear=0
shrinkage=0.03


Tree=68
num_leaves=31
num_cat=0
split_feature=1 8 40 53 9 9 38 22 16 9 35 37 26 37 26 26 28 35 30 1 17 36 36 24 44 49 8 45 35 46
split_gain=3.97053 1.3952 2.39465 2.29125 1.98421 2.95385 1.53376 1.18927 1.15489 0.962514 0.807099 1.15731 0.732231 0.777184 0.673081 0.516944 0.505318 1.22076 0.5 0.476313 0.958312 0.39621 0.609081 0.344903 0.496149 0.322104 0.47376 0.830681 0.347484 0.39571
threshold=1818.4375000000002 2.5000000000000004 724.35468751520841 282.50000000000006 144.50000000000003 137.50000000000003 1133.3274554625002 49.000000000000007 23.950000000000003 141.50000000000003 12.312500000000002 29.999107145000004 16.850000000000005 914.12232145000019 21.250000000000004 16.550000000000004 1005.7500000000001 683.04464285000006 1019.2357145000002 791.07142855000018 45.500000000000007 711.16428570000016 890.07053570000005 20.400000000000002 26.450000000000003 1.5000000000000002 3.5000000000000004 87.500000000000014 1.0000000180025095e-35 25.450000000000003
decision_type=2 2 2 2 2 2 2 2 2 2 2 2 2 2 2 2 2 2 2 2 2 2 2 2 2 2 2 2 2 2
left_child=9 6 3 4 5 -3 7 23 -7 10 21 16 18 -14 15 -4 17 -12 -6 25 -21 -1 -23 24 -2 26 27 28 29 -11
right_child=1 2 14 -5 12 8 -8 -9 -10 19 11 -13 13 -15 -16 -17 -18 -19 -20 20 -22 22 -24 -25 -26 -27 -28 -29 -30 -31
leaf_value=-6.5422748287091119 0.19026062324189269 -2.2561538542552881 0.082700748981365896 1.5981517993678047 -1.1735895883036964 1.0053968437039353 1.1601655133383342 -3.0166719777567619 0.87078410317334864 2.8857262406314601 1.8715509229239398 -3.7514661528531463 2.6081441695824981 0.73685948401364176 0.38871726741142748 -1.151580931174748 0.35384472196220501 0.0027562690502890706 0.48147848555413719 -3.0585630566869857 0.23493067244850466 0.50151261575484785 -0.42611463873990146 0.22984263015575782 -0.24474761526747202 -7.3544012009857029 -7.4410906484634465 1.4297508566796722 -9.1572917715267845 -1.0003836147706462
leaf_weight=92 31 24 27 20 99 42 20 192 38 34 29 48 21 25 26 145 34 26 22 38 29 21 22 48 40 468 147 24 72 37
leaf_count=92 31 24 27 20 99 42 20 192 38 34 29 48 21 25 26 145 34 26 22 38 29 21 22 48 40 468 147 24 72 37
internal_value=-0.00063524 0.000951219 0.00196932 0.00370103 0.00297786 0.00623077 -0.000552871 -0.00107074 0.009 -0.00179572 -0.000242648 0.00137956 0.000952095 0.00417391 -0.000575758 -0.00125581 0.00340449 0.00518182 -0.000272728 -0.00229329 0.000134328 -0.00188889 0.000488371 0.00128571 -4.22542e-05 -0.00250128 -0.00175796 -0.000664671 -0.00153147 -4.22542e-05
internal_weight=1941 820 489 291 271 104 331 311 80 1121 272 137 167 46 198 172 89 55 121 849 67 135 43 119 71 782 314 167 143 71
internal_count=1941 820 489 291 271 104 331 311 80 1121 272 137 167 46 198 172 89 55 121 849 67 135 43 119 71 782 314 167 143 71
is_linear=0
shrinkage=0.03


Tree=69
num_leaves=31
num_cat=0
split_feature=1 44 28 9 57 27 58 6 39 29 37 9 4 57 31 1 48 8 6 47 57 16 4 37 19 41 38 6 10 6
split_gain=4.37327 1.53976 1.59112 2.58938 2.03576 1.82147 2.80696 1.1982 1.07759 1.09649 0.910278 0.88898 1.92303 2.14912 0.871847 0.680285 1.7722 0.621938 0.607287 0.886447 0.526066 0.454318 0.424579 0.463768 0.505853 0.405984 0.654762 0.321642 1.02623 1.12972
threshold=3255.6250000000005 29.450000000000003 1006.2500000000001 146.50000000000003 292.50000000000006 287.50000000000006 1008.35 28.500000000000004 975.74162954375015 0.25000000000000006 405.50803570000005 140.50000000000003 17.500000000000004 285.50000000000006 754.41517855000018 791.07142855000018 44.500000000000007 4.5000000000000009 16.500000000000004 16.500000000000004 294.50000000000006 23.650000000000002 14.500000000000002 635.33125000000007 97.500000000000014 328.02841620502363 514.58928571250021 25.500000000000004 0.35206144883412577 28.500000000000004
decision_type=2 2 2 2 2 2 2 2 2 2 2 2 2 2 2 2 2 2 2 2 2 2 2 2 2 2 2 2 2 2
left_child=11 8 17 4 5 6 10 -5 9 -2 -4 12 -1 -14 -6 27 21 -3 -15 -20 -19 -17 23 -11 -25 26 -9 -13 -29 -30
right_child=1 2 3 7 14 -7 -8 25 -10 22 -12 15 13 18 -16 16 -18 20 19 -21 -22 -23 -24 24 -26 -27 -28 28 29 -31
leaf_value=-3.5081610148845548 0.84865252744866326 -5.7553026252678672 0.56146440597503189 -2.3720947912673327 -0.59245993117774276 0.8556874275894546 1.0889306052978698 0.10978113547515271 1.5937753320608008 0.15682954948969319 -0.046336425877537175 -7.1067938938750634 0.56392818464892069 -14.081139430497885 1.1435330918845283 0.20565991640061115 0.32296234872516155 0.17064277756352536 -0.040540869908758222 3.2669690047461502 -1.1579874995329786 -1.8560908137200471 -0.78947447841086482 0.76373145803688403 -0.90611148688361853 1.338733148357796 -1.6827225270268458 -6.6335684928037031 1.7606239652583109 -7.2232787991223946
leaf_weight=149 30 145 29 109 43 27 21 20 20 23 32 553 20 24 28 23 23 31 28 24 39 106 26 20 26 25 22 172 61 42
leaf_count=149 30 145 29 109 43 27 21 20 20 23 32 553 20 24 28 23 23 31 28 24 39 106 26 20 26 25 22 172 61 42
internal_value=-0.000588872 0.00127374 0.000572679 0.00180337 0.00433333 0.00690826 0.00468293 -0.000784092 0.00403448 0.003 0.00142623 -0.00167755 -6.12252e-05 0.00325 0.000380281 -0.00208163 -0.000236843 -0.00146512 0.000947368 0.00276923 0.000857142 -0.00160465 0.00142105 0.00265217 0.000913043 0.00237313 0.000571428 -0.00242029 -0.00158182 0.000786407
internal_weight=1941 716 571 356 180 109 82 176 145 125 61 1225 245 96 71 980 152 215 76 52 70 129 95 69 46 67 42 828 275 103
internal_count=1941 716 571 356 180 109 82 176 145 125 61 1225 245 96 71 980 152 215 76 52 70 129 95 69 46 67 42 828 275 103
is_linear=0
shrinkage=0.03


Tree=70
num_leaves=31
num_cat=0
split_feature=1 53 39 48 26 9 10 26 16 31 48 40 37 53 31 16 57 48 34 1 17 2 22 30 19 36 6 10 6 36
split_gain=3.61272 1.38158 1.79419 1.24731 1.62 1.18073 1.68512 1.28236 1.42418 1.13962 2.17607 1.013 0.960654 0.882338 1.33986 0.712422 0.629762 0.566123 0.550418 0.536141 1.11888 0.477788 0.464876 0.70419 1.02528 0.452303 0.342641 0.896331 0.974257 0.711111
threshold=1818.4375000000002 199.50000000000003 1009.1806919937502 40.500000000000007 14.550000000000002 141.50000000000003 0.5277851165098012 12.750000000000002 24.650000000000002 225.70625000000004 18.500000000000004 998.53958334375011 833.9312500000002 174.50000000000003 1126.2321430000002 24.450000000000003 287.50000000000006 44.500000000000007 674.48214285000006 680.0714286000001 45.500000000000007 5742.1250000000009 141.50000000000003 455.33571430000006 98.500000000000014 290.54553570000002 25.500000000000004 0.35206144883412577 28.500000000000004 574.96071430000006
decision_type=2 2 2 2 2 2 2 2 2 2 2 2 2 2 2 2 2 2 2 2 2 2 2 2 2 2 2 2 2 2
left_child=5 9 3 15 -5 6 7 8 -1 10 -2 12 22 14 -14 -3 -17 -12 -15 26 -21 -10 23 -11 -25 -9 -7 -28 29 -29
right_child=1 2 -4 4 -6 19 -8 25 21 11 17 -13 13 18 -16 16 -18 -19 -20 20 -22 -23 -24 24 -26 -27 27 28 -30 -31
leaf_value=0.71555776227170742 2.0645501668152484 -0.085248398506636416 1.4053077505800577 1.163263015296258 0.0024072907629518769 -6.9768823833431703 -5.8023408583652367 -2.481365346529083 0.85105901414331786 -0.90157884699558377 -2.2642445501065871 0.20199989383083142 0.16582535053310291 0.074357702393341635 2.7692225294138555 0.0020362753470421894 0.11508038940338143 0.24130025764962987 -2.4719080082635845 -3.225011739662607 0.19949011243620621 -2.4088085985631618 -0.45299243646352827 0.73441181590826998 -0.24624707088544431 0.63871751235516894 -6.43035969462212 1.2882353624018879 -7.034440037632903 1.6838742603912358
leaf_weight=35 23 68 24 25 25 499 105 44 31 35 25 24 49 44 20 35 21 23 43 45 33 25 274 34 28 32 171 36 41 24
leaf_count=35 23 68 24 25 25 499 105 44 31 35 25 24 49 44 20 35 21 23 43 45 33 25 274 34 28 32 171 36 41 24
internal_value=-0.00063524 0.000878048 0.00306061 0.002 0.006 -0.0017422 -2.20595e-05 0.0018503 0.00425275 0.000183279 0.00376056 -0.000277678 -0.000552183 0.00142308 0.00395652 0.000387096 0.00289286 0.000124999 -0.000586208 -0.00229329 7.69224e-05 0.00128571 -0.00138275 0.000402061 0.00232258 -0.00102632 -0.00253307 -0.00167647 0.000564356 0.003
internal_weight=1941 820 198 174 50 1121 272 167 91 622 71 551 527 156 69 124 56 48 87 849 78 56 371 97 62 76 771 272 101 60
internal_count=1941 820 198 174 50 1121 272 167 91 622 71 551 527 156 69 124 56 48 87 849 78 56 371 97 62 76 771 272 101 60
is_linear=0
shrinkage=0.03


Tree=71
num_leaves=31
num_cat=0
split_feature=1 6 28 27 9 3 9 11 27 30 18 23 4 19 6 39 18 41 3 3 32 48 6 6 34 43 3 48 14 17
split_gain=3.75496 1.69447 1.88214 2.03046 1.73601 1.69101 1.19875 1.63636 1.29024 1.16161 1.12133 1.00104 0.953759 1.44078 0.94132 0.887361 0.857723 1.18093 0.821785 0.869024 0.753463 0.546119 0.952061 0.868056 0.504367 1.0906 0.41251 0.734376 0.4 0.349796
threshold=3255.6250000000005 25.500000000000004 1005.9500000000002 294.50000000000006 143.50000000000003 6281600.8570000008 141.50000000000003 0.81241147629689003 301.50000000000006 776.64642855000011 40.500000000000007 126.50000000000001 17.500000000000004 8.5000000000000018 28.500000000000004 984.51216520625019 60.500000000000007 262.84654811116224 6323211.1875000009 6353144.6160000013 719.56250000000011 29.500000000000004 25.500000000000004 27.500000000000004 830.63571430000013 205.36785710000004 7165724.3125000009 1.0000000180025095e-35 28.550000000000004 44.500000000000007
decision_type=2 2 2 2 2 2 2 2 2 2 2 2 2 2 2 2 2 2 2 2 2 2 2 2 2 2 2 2 2 2
left_child=6 2 4 5 -2 -4 7 12 28 -5 18 21 -1 -14 -3 16 17 20 -7 -20 -6 -8 -23 29 25 -16 27 -21 -9 -24
right_child=1 14 3 9 15 10 11 8 -10 -11 -12 -13 13 -15 24 -17 -18 -19 19 26 -22 22 23 -25 -26 -27 -28 -29 -30 -31
leaf_value=-6.1094686081942431 -6.1168827353306909 -10.62295260307328 0.90989137670633469 -0.49229120570396162 0.14395391785509892 -0.1594000028081651 -5.9450398251628203 1.0315545399226529 -0.15032494911249492 0.89834249314089631 0.82604608032786597 0.28909905244901785 -2.7294211523489014 0.57210471998646806 1.4625458058313174 1.5352920319809846 -0.94811803061283939 -0.05724937973668133 0.67503466625298136 1.3739226321164237 0.75268464479387076 -6.0718182450964537 1.0144526864220607 -1.1027692780372791 -0.030132036996106264 -0.72081227376400114 -0.028356966079086957 0.046743181719899489 0.91743720290361797 1.617403991256757
leaf_weight=141 107 114 27 57 22 24 585 20 41 31 25 37 42 33 37 26 31 34 21 20 20 186 22 72 32 28 23 37 20 26
leaf_count=141 107 114 27 57 22 24 585 20 41 31 25 37 42 33 37 26 31 34 21 20 20 186 22 72 32 28 23 37 20 26
internal_value=-0.000619784 0.00110614 0.0020495 0.00379245 0.000124999 0.00564407 -0.00162857 3.03023e-05 0.00366667 6.81811e-05 0.0044 -0.00215948 -0.00133333 0.0014 -0.00115166 0.00241353 0.00120561 0.00292105 0.00324 0.00442574 0.00628571 -0.00236027 -0.00133333 0.000749999 0.00102062 0.00253846 0.003 0.00436842 0.0075 0.003875
internal_weight=1941 716 505 265 240 177 1225 297 81 88 150 928 216 75 211 133 107 76 125 101 42 891 306 120 97 65 80 57 40 48
internal_count=1941 716 505 265 240 177 1225 297 81 88 150 928 216 75 211 133 107 76 125 101 42 891 306 120 97 65 80 57 40 48
is_linear=0
shrinkage=0.03


Tree=72
num_leaves=31
num_cat=0
split_feature=31 16 16 33 15 26 60 27 57 17 12 17 35 24 35 8 32 41 52 19 45 1 44 26 26 57 8 18 8 5
split_gain=3.44956 2.40404 2.99929 1.30479 0.814168 1.1501 1.02492 1.78481 1.66554 2.35402 1.29796 1.65939 1.65189 0.778451 0.771702 0.724879 0.623233 0.627129 1.08959 0.566367 0.54812 0.642857 0.533139 0.652497 0.490718 0.482991 0.428217 0.776929 1.23723 0.816667
threshold=710.55000000000007 24.450000000000003 24.750000000000004 754.41517855000018 83.500000000000014 12.950000000000001 1.0000000180025095e-35 295.50000000000006 246.50000000000003 51.500000000000007 0.64987354830121502 46.500000000000007 662.54285715000015 331.00000000000006 859.97857140000008 5.5000000000000009 1243.1750000000002 321.11657227109714 472.00000000000006 14.500000000000002 85.500000000000014 9859.2500000000018 32.850000000000001 16.450000000000003 21.350000000000005 212.00000000000003 2.5000000000000004 14.500000000000002 1.0000000180025095e-35 22.500000000000004
decision_type=2 2 2 2 2 2 2 2 2 2 2 2 2 2 2 2 2 2 2 2 2 2 2 2 2 2 2 2 2 2
left_child=4 14 3 -3 5 6 10 8 -8 13 -1 12 -12 -10 16 25 17 -2 -19 24 21 -4 -20 -24 -17 -7 27 -6 -29 -30
right_child=1 2 20 -5 26 15 7 -9 9 -11 11 -13 -14 -15 -16 19 -18 18 22 -21 -22 -23 23 -25 -26 -27 -28 28 29 -31
leaf_value=-6.6916420152354172 -0.36953353654081217 0.1990113749026429 -0.38537984863550373 1.4407939626567043 -3.3533451284913136 0.53600382600692453 -0.046898415697737533 -0.47752249417775511 0.53020134397059204 0.50672923955327964 2.0299702940757633 -1.8858154897806489 -0.034740067391701865 -0.68238149091386147 0.14594730829457692 -3.5681907247727751 0.93802033210036184 1.0635039502032615 -2.2132445147994582 0.83147212979443352 0.86983920039680485 0.38757443570496775 -0.067211307357498973 2.4357418000356201 0.41567265833582995 -4.2709351434510348 -5.7515849117763134 -6.2188850662815618 -0.59969013910865321 1.162043013987482
leaf_weight=180 140 22 28 21 135 28 43 67 33 27 34 50 26 27 20 38 30 25 53 24 20 28 21 20 21 330 343 47 30 30
leaf_count=180 140 22 28 21 135 28 43 67 33 27 34 50 26 27 20 38 30 25 53 24 20 28 21 20 21 330 343 47 30 30
internal_value=-0.000681608 0.00169626 0.00531933 0.0116512 -0.00135426 -0.000801725 0.000203285 0.0018731 0.00392308 0.00631034 -0.000931035 0.00163636 0.005 0.003 0.00030097 -0.00191157 -9.34263e-05 -0.000567568 0.00103361 0.000614457 0.00173684 0.000214285 -0.000446809 0.00212195 -0.000966102 -0.00249721 -0.00223077 -0.00126446 0.000644859 0.0035
internal_weight=1941 428 119 43 1513 928 487 197 130 87 290 110 60 60 309 441 289 259 119 83 76 56 94 41 59 358 585 242 107 60
internal_count=1941 428 119 43 1513 928 487 197 130 87 290 110 60 60 309 441 289 259 119 83 76 56 94 41 59 358 585 242 107 60
is_linear=0
shrinkage=0.03


Tree=73
num_leaves=31
num_cat=0
split_feature=11 23 57 41 56 43 9 9 43 2 17 8 47 2 11 47 47 47 56 34 45 46 10 30 28 46 30 42 3 23
split_gain=3.49693 1.34819 1.84152 1.38954 1.21744 1.27956 1.17502 1.03667 1.15137 1.03646 0.799311 0.985593 1.10805 1.81138 1.12817 0.729945 1.90757 1.19576 0.824176 0.701308 0.596287 0.612696 0.48 0.438312 0.432864 0.684759 0.432102 0.373109 0.68407 0.368074
threshold=-0.16280825711808986 270.00000000000006 237.50000000000003 410.74604895387574 12.15 1.0000000180025095e-35 149.50000000000003 150.50000000000003 -68.814285640499989 6163.5000000000009 7.5000000000000009 2.5000000000000004 37.500000000000007 6723.7500000000009 0.93540483100319627 44.500000000000007 64.500000000000014 14.500000000000002 8.6500000000000004 1221.4714285000002 82.500000000000014 24.850000000000005 -0.13052619222005163 776.64642855000011 1004.6500000000002 25.450000000000003 737.0875000000002 63.163392784999985 6414403.3125000009 229.00000000000003
decision_type=2 2 2 2 2 2 2 2 2 2 2 2 2 2 2 2 2 2 2 2 2 2 2 2 2 2 2 2 2 2
left_child=1 3 23 4 5 -1 10 19 9 -9 -2 12 13 14 -12 17 18 -7 -17 29 21 -13 -23 -3 -14 -26 -18 28 -10 -6
right_child=6 2 -4 -5 7 15 -8 8 27 -11 11 20 24 -15 -16 16 26 -19 -20 -21 -22 22 -24 -25 25 -27 -28 -29 -30 -31
leaf_value=0.98857339876430594 -7.2636665088811805 -0.12574220146271306 1.3793182925242724 0.84325202829613088 -1.7524337950050881 0.64145983587520594 -6.3649180221859778 2.305737210898835 -0.40937905710259975 0.090101077147627176 1.4899173402784571 -4.6690046847519104 -5.1520277711237732 -0.01690928195817451 0.48123642737152983 0.048416833206454561 -0.59365654420034641 -0.50454424820037791 0.54218952769761686 0.11453313492061191 -6.2863785391612685 -0.012702044121819397 4.2443382755215335 1.1367133297670873 0.69235207119085052 -0.90511707992047707 0.014117770761458794 -0.23196121768602429 0.23968887667595579 0.046349826512771947
leaf_weight=23 136 22 22 31 304 21 426 36 34 34 24 63 51 52 29 28 44 71 26 31 142 30 20 20 29 57 20 53 35 27
leaf_count=23 136 22 22 31 304 21 426 36 34 34 24 63 51 52 29 28 44 71 26 31 142 30 20 20 29 57 20 53 35 27
internal_value=-0.000619784 0.000775509 0.00496875 0.000447432 0.000202032 0.00202146 -0.00178187 -0.000563178 0.00121875 0.00428571 -0.000962086 -0.000404427 0.000966941 0.00328571 0.00718868 0.00128571 0.00284746 -0.000717392 0.007 -0.00150829 -0.00170588 -7.96467e-05 0.0024 0.00128571 -0.00081022 0.000488371 -0.000656251 -0.000540984 0.000913043 -0.00191239
internal_weight=1941 882 64 818 787 233 1059 554 192 70 633 497 242 105 53 210 118 92 54 362 255 113 50 42 137 86 64 122 69 331
internal_count=1941 882 64 818 787 233 1059 554 192 70 633 497 242 105 53 210 118 92 54 362 255 113 50 42 137 86 64 122 69 331
is_linear=0
shrinkage=0.03


Tree=74
num_leaves=31
num_cat=0
split_feature=11 27 9 11 27 6 28 6 16 11 6 39 40 38 27 10 2 4 49 43 42 1 41 26 6 10 6 36 30 10
split_gain=3.07639 1.55148 1.40431 1.56329 1.29024 1.27911 2.57686 1.79368 1.79108 1.50387 1.05665 1.55783 0.906852 0.728763 0.674298 0.654762 0.617013 0.60071 0.826743 0.583333 0.53756 0.655829 1.40746 0.533889 0.499154 1.12376 1.39759 1.05071 0.482989 0.303147
threshold=-0.16280825711808986 296.50000000000006 141.50000000000003 0.81241147629689003 301.50000000000006 25.500000000000004 1006.85 29.500000000000004 24.750000000000004 -0.77259657388510616 17.500000000000004 993.67176346250005 970.54954119583329 660.7540178500002 283.50000000000006 1.0000000180025095e-35 336.25000000000006 17.500000000000004 8.5000000000000018 197.54375000000002 -128.6214287 4693.3928570000007 54.1152402669533 4.6500000000000012 25.500000000000004 0.097964660725097311 28.500000000000004 776.16785715000003 902.08125000000007 0.88144907265856365
decision_type=2 2 2 2 2 2 2 2 2 2 2 2 2 2 2 2 2 2 2 2 2 2 2 2 2 2 2 2 2 2
left_child=1 5 3 17 -5 6 10 16 9 14 11 20 -12 -9 15 -8 -7 -2 -19 -10 -1 22 -22 -3 -4 -26 27 29 -25 -27
right_child=2 23 24 4 -6 7 8 13 19 -11 12 -13 -14 -15 -16 -17 -18 18 -20 -21 21 -23 -24 28 25 26 -28 -29 -30 -31
leaf_value=0.85866905179521957 -5.6756974086431304 0.020268554926402567 -6.2061958002843607 0.85238899163577553 -0.11001135565188988 0.15349370253071759 1.089936191229502 0.52588553870471444 -0.51426756541804597 0.55339068811215786 -3.9884231762692881 1.4754303793554799 0.20695041738085279 0.50464860255819388 0.7584647561312915 0.99657361472492811 -4.5119222102909387 -2.2190115529265348 0.47973138867709025 0.65162148909620343 -1.0356831200110375 -0.01350995361637586 0.50661909027989549 -2.1946025112420942 -6.2840938006130154 -0.51196772356153508 -6.2815605537301638 1.379703322909589 1.2883377081945564 2.7780989838657066
leaf_weight=31 94 20 522 40 41 20 20 20 21 22 109 21 20 27 36 22 152 41 34 27 20 85 29 154 160 22 52 23 26 30
leaf_count=31 94 20 522 40 41 20 20 20 21 22 109 21 20 27 36 22 152 41 34 27 20 85 29 154 160 22 52 23 26 30
internal_value=-0.00063524 0.000673469 -0.00172521 0.000239999 0.00366667 0.00135484 0.00224838 -0.000534247 0.00551351 0.0078 0.000714285 0.00216129 -0.00137209 0.00465957 0.00584615 0.00842857 -0.00195349 -0.00140237 0.000599999 0.000749999 0.00118182 0.000358208 0.00312245 -0.00165 -0.00233251 -0.00132753 0.000779527 0.0034 -0.00216667 0.00103846
internal_weight=1941 882 1059 250 81 682 463 219 148 100 315 186 129 47 78 42 172 169 75 48 165 134 49 200 809 287 127 75 180 52
internal_count=1941 882 1059 250 81 682 463 219 148 100 315 186 129 47 78 42 172 169 75 48 165 134 49 200 809 287 127 75 180 52
is_linear=0
shrinkage=0.03


Tree=75
num_leaves=31
num_cat=0
split_feature=11 41 36 9 11 27 16 39 24 57 24 24 8 37 1 4 35 40 51 11 18 27 9 17 54 49 35 8 45 17
split_gain=3.3437 1.87433 1.34639 1.23805 1.6747 1.29024 1.23052 1.47115 1.4941 1.3703 0.87121 0.922522 0.880413 0.726673 0.632071 0.520983 0.775758 0.480031 0.479822 0.433588 0.698193 0.568268 0.808642 0.622902 0.509165 0.390546 0.669329 0.814591 0.884901 0.467435
threshold=-0.16280825711808986 321.11657227109714 639.65625000000011 141.50000000000003 0.81241147629689003 301.50000000000006 23.150000000000002 1040.5929687562502 515.25000000000011 180.00000000000003 331.75000000000006 305.90000000000003 4.5000000000000009 833.9312500000002 6840.9553570000007 18.500000000000004 745.88750000000016 990.9648685625001 782.00000000000011 -0.83146961230254512 60.500000000000007 325.50000000000006 148.50000000000003 51.500000000000007 13.250000000000002 2.5000000000000004 1.0000000180025095e-35 4.5000000000000009 87.500000000000014 45.500000000000007
decision_type=2 2 2 2 2 2 2 2 2 2 2 2 2 2 2 2 2 2 2 2 2 2 2 2 2 2 2 2 2 2
left_child=1 10 6 4 15 -6 -3 8 9 -8 11 19 17 -14 -15 -2 -17 -12 -10 -1 21 22 23 -21 -24 26 27 28 29 -5
right_child=3 2 -4 25 5 -7 7 -9 18 -11 12 -13 13 14 -16 16 -18 -19 -20 20 -22 -23 24 -25 -26 -27 -28 -29 -30 -31
leaf_value=0.53998628492351997 -3.4310959534097689 -0.55949450139637813 0.55300875877549716 -1.7217705976990769 0.82681732188670354 -0.10671101498233397 -0.054206412476197501 1.3119276705097729 -0.6273699149437395 1.0947748513212083 -1.9090338854074267 0.56574659353753576 -0.03163321833064707 0.17755978831146024 0.084951521054668314 0.54340565304518662 -0.091171027528205814 0.045056488652525581 0.81692922526897105 0.12598798543169915 -4.1975828133231667 -3.9125520756837848 0.10035602943030771 0.14323591497699589 -0.019227982608659419 -5.9889968045402542 -6.095570986594625 -6.2447792975163186 1.1153568669898166 1.4433211025006343
leaf_weight=35 114 57 20 58 40 41 21 31 36 36 224 20 92 23 31 22 33 24 37 20 46 24 27 23 55 460 156 68 27 40
leaf_count=35 114 57 20 58 40 41 21 31 36 36 224 20 92 23 31 22 33 24 37 20 46 24 27 23 55 460 156 68 27 40
internal_value=-0.000588872 0.000775509 0.00305042 -0.00172521 0.000119999 0.00366667 0.00236697 0.00370807 0.00230769 0.00594737 -6.52181e-05 0.00132 -0.000944163 0.000904109 0.00366667 -0.00157988 0.000818181 -0.00203226 -0.000534247 0.000782608 0.000230769 0.00122819 0.00204 0.00537209 0.000292682 -0.00229543 -0.00153868 -0.000357514 0.00108 -0.000244899
internal_weight=1941 882 238 1059 250 81 218 161 130 57 644 250 394 146 54 169 55 248 73 230 195 149 125 43 82 809 349 193 125 98
internal_count=1941 882 238 1059 250 81 218 161 130 57 644 250 394 146 54 169 55 248 73 230 195 149 125 43 82 809 349 193 125 98
is_linear=0
shrinkage=0.03


Tree=76
num_leaves=31
num_cat=0
split_feature=11 9 41 36 46 53 32 11 20 27 8 48 4 19 37 26 37 27 31 49 32 14 40 18 6 45 42 43 2 6
split_gain=3.35892 1.53838 1.43251 1.43906 1.5268 1.64395 1.24192 1.14788 1.09984 1.04734 1.0128 2.70798 0.897357 1.44078 0.836459 0.876812 0.842977 0.759664 0.692726 0.602496 0.600134 0.546432 0.510544 0.417263 0.787224 0.712689 0.363636 0.354255 0.323082 0.24006
threshold=-0.16280825711808986 141.50000000000003 321.11657227109714 639.65625000000011 24.450000000000003 174.50000000000003 1006.6687500000002 0.81241147629689003 3.5000000000000004 301.50000000000006 3.5000000000000004 44.500000000000007 17.500000000000004 8.5000000000000018 833.9312500000002 9.1500000000000004 214.63750000000002 223.00000000000003 1023.6214285000002 1.5000000000000002 889.74196430000018 27.950000000000003 990.9648685625001 29.500000000000004 25.500000000000004 87.500000000000014 -31.20178572 -125.80892835500003 141.71428575000002 28.500000000000004
decision_type=2 2 2 2 2 2 2 2 2 2 2 2 2 2 2 2 2 2 2 2 2 2 2 2 2 2 2 2 2 2
left_child=2 7 10 4 5 18 8 12 -6 -9 17 14 -2 -14 15 16 -12 20 -4 26 21 -1 28 -3 -25 29 -16 -7 -19 -26
right_child=1 23 3 -5 6 27 -8 9 -10 -11 11 -13 13 -15 19 -17 -18 22 -20 -21 -22 -23 -24 24 25 -27 -28 -29 -30 -31
leaf_value=0.13051544832239403 -5.4024936077815422 -5.8927180549439671 0.070213793159105573 0.53641849601222902 -0.085995099083624627 0.73156462568614067 0.90337538515417337 0.80201280223010352 1.2167291190918812 -0.10350968453286341 -0.089383815549631498 0.51474180001204939 -2.2523873120552182 0.48347759744925839 -0.18184257872536611 -0.61920610996479752 0.18912370410072199 0.030388002086151486 2.4465139459099663 0.27143721731124248 0.78405385725431509 -0.12893983484772395 0.045710031955613656 -5.7799459281719114 1.317210074770887 1.2160535804517243 0.087581402602401756 -1.1211800124443101 -2.980293513073049 -7.230761610392344
leaf_weight=29 94 528 31 20 28 20 20 40 25 41 26 34 42 33 22 138 20 20 20 24 20 39 21 173 61 21 22 74 229 26
leaf_count=29 94 528 31 20 28 20 20 40 25 41 26 34 42 33 22 138 20 20 20 24 20 39 21 173 61 21 22 74 229 26
internal_value=-0.000557961 -0.00169688 0.000809523 0.00279832 0.00209174 0.000310344 0.00563014 0.000359999 0.00322641 0.0032963 7.45334e-05 0.00140559 -0.00104734 0.0014 0.000333333 -0.000717392 0.00286956 -0.000988828 0.00464706 0.00317647 0.00143182 8.82346e-05 -0.00177778 -0.00233251 -0.00139858 0.00061111 0.00109091 -0.00204255 -0.00215663 -0.000586208
internal_weight=1941 1059 882 238 218 145 73 250 53 81 644 286 169 75 252 184 46 358 51 68 88 68 270 809 281 108 44 94 249 87
internal_count=1941 1059 882 238 218 145 73 250 53 81 644 286 169 75 252 184 46 358 51 68 88 68 270 809 281 108 44 94 249 87
is_linear=0
shrinkage=0.03


Tree=77
num_leaves=31
num_cat=0
split_feature=31 16 16 36 20 1 9 10 57 17 9 57 6 9 21 15 18 31 31 6 20 22 38 44 8 47 6 35 6 36
split_gain=3.8014 2.14598 1.76174 1.03236 1.02134 1.01479 1.84403 1.47911 1.1708 1.53043 2.67273 1.06222 1.18347 0.954501 0.815901 1.01775 0.785985 0.725772 0.651905 0.461446 0.4934 0.454716 1.16801 0.372099 0.364899 0.330291 0.330224 0.777332 0.929823 0.618087
threshold=751.50892855000018 24.450000000000003 24.750000000000004 639.65625000000011 9.0000000000000018 872.12500000000011 141.50000000000003 0.58216583101416164 295.50000000000006 44.500000000000007 145.50000000000003 285.50000000000006 19.500000000000004 150.50000000000003 271.50000000000006 82.500000000000014 1.0000000180025095e-35 1166.4571430000003 421.1107143000001 16.500000000000004 6.5000000000000009 605.50000000000011 866.98883923750009 29.150000000000002 3.5000000000000004 15.500000000000002 25.500000000000004 1.0000000180025095e-35 29.500000000000004 776.16785715000003
decision_type=2 2 2 2 2 2 2 2 2 2 2 2 2 2 2 2 2 2 2 2 2 2 2 2 2 2 2 2 2 2
left_child=5 3 -3 16 -4 6 7 11 9 13 -11 12 -1 -7 15 -12 17 21 -17 -13 23 22 -2 -21 -18 -10 -8 28 29 -28
right_child=1 2 4 -5 -6 8 26 -9 25 10 14 19 -14 -15 -16 18 24 -19 -20 20 -22 -23 -24 -25 -26 -27 27 -29 -30 -31
leaf_value=0.36738134293665509 -0.34859628721013503 0.75234228300137473 -0.16361439532510361 0.44171852913289311 0.54055649198081579 -1.6568502541365298 -5.6826721204812172 -5.3982753998980195 0.077345668201815737 0.69095578193492202 0.45094079658621944 -12.884187305631862 0.095568047855260574 0.18897867449582953 -0.11515415254152117 -1.6337290233720947 -8.5123580279461279 1.3788749859984635 0.11185639268639498 -0.12938178452795662 2.4858910922908879 -0.8938437047258605 0.74326742869968787 0.31458566042021019 0.011037651392422895 -2.4579881603191938 2.1057943159282702 -5.7359223153484669 -5.72898881654445 1.2678833952309063
leaf_weight=21 26 36 31 25 39 141 510 85 20 33 29 25 30 39 43 35 96 35 25 32 26 45 23 26 36 151 51 156 49 22
leaf_count=21 26 36 31 25 39 141 510 85 20 33 29 25 30 39 43 35 96 35 25 32 26 45 23 26 36 151 51 156 49 22
internal_value=-0.000511593 0.00212755 0.00577358 0.000776223 0.003 -0.00117947 -0.00172217 0.00055102 -9.3024e-05 0.000913043 0.003 0.00225 0.00582353 -0.001 0.00109091 0.00273034 0.00021839 0.00188372 0.000499999 0.000577981 0.00164286 0.000510638 0.0025102 0.000103448 -0.00140909 -0.00212281 -0.00242893 -0.00159712 0.000196721 0.00234247
internal_weight=1941 392 106 286 70 1549 1033 245 516 345 165 160 51 180 132 89 261 129 60 109 84 94 49 58 132 171 788 278 122 73
internal_count=1941 392 106 286 70 1549 1033 245 516 345 165 160 51 180 132 89 261 129 60 109 84 94 49 58 132 171 788 278 122 73
is_linear=0
shrinkage=0.03


Tree=78
num_leaves=31
num_cat=0
split_feature=1 12 12 6 10 19 27 35 8 2 1 14 37 41 2 6 34 27 44 29 2 31 42 40 35 42 42 19 31 6
split_gain=3.77028 1.6956 1.46096 2.267 1.36801 1.33028 1.54457 1.50745 1.2644 1.53409 1.09004 0.982963 0.916789 1.18853 1.15531 0.84375 0.994737 0.821267 0.805264 1.0973 0.875758 0.803698 0.7895 0.697438 1.40924 0.667063 0.508978 0.366265 0.64 0.330224
threshold=872.12500000000011 0.64987354830121502 0.64987354830121502 25.500000000000004 0.58216583101416164 1.0000000180025095e-35 283.50000000000006 58.021428570000005 5.5000000000000009 4798.0000000000009 7831.9821430000011 33.100000000000009 875.44642855000018 368.61601716782167 5182.1964285000004 16.500000000000004 658.6196428500001 271.50000000000006 30.050000000000004 0.25000000000000006 3854.1071430000006 225.70625000000004 -6.7589285549999998 90.47496279604168 775.09464285000013 73.558928549999976 -119.65624999999999 58.500000000000007 613.01250000000016 25.500000000000004
decision_type=2 2 2 2 2 2 2 2 2 2 2 2 2 2 2 2 2 2 2 2 2 2 2 2 2 2 2 2 2 2
left_child=1 29 3 5 15 6 7 17 -4 -10 -8 21 18 14 -14 -3 23 -2 19 20 -7 -5 -12 -17 -25 -13 -21 -28 -29 -1
right_child=2 4 8 11 -6 12 10 -9 9 -11 22 25 13 -15 -16 16 -18 -19 -20 26 -22 -23 -24 24 -26 -27 27 28 -30 -31
leaf_value=-5.512191956866781 0.51910439000611353 -12.497661686462905 -6.000589744759826 0.12743136055780516 -5.2363271379010792 0.10114759471108944 -0.81759629057139849 0.10317039601014617 0.63706317110543143 -15.129433555137142 -0.019197495220868256 1.3074177757007279 1.3367076385668624 -0.36725889468274625 0.14112418460272377 0.58182957340830144 -2.8712038727675417 0.60205488513177696 -0.32992754670026347 0.21068994874397823 1.0106113832136676 -2.6454178101696821 1.0370247220042657 1.6884032512159171 0.052617491829422602 -0.81894442986891114 -2.4872458566036033 0.12354949607275227 -0.65071642938157215 -1.4595117162535161
leaf_weight=510 26 25 157 40 85 24 25 24 24 20 20 36 34 21 21 61 21 25 66 20 20 171 31 24 29 20 38 25 20 278
leaf_count=510 26 25 157 40 85 24 25 24 24 20 20 36 34 21 21 61 21 25 66 20 20 171 31 24 29 20 38 25 20 278
internal_value=-0.000511593 -0.00175121 0.000898678 0.00154031 0.000428571 0.00286364 0.00514569 0.0082 -0.00135821 0.00313636 0.00213158 -0.00064045 0.00167128 0.0045 0.00681818 0.0020625 0.003 0.0111176 0.000661971 0.00189796 0.00586364 -0.0015782 0.00464706 0.00410526 0.00662264 0.00289286 0.000203883 -0.000831326 0.000999999 -0.00242893
internal_weight=1941 1033 908 707 245 440 151 75 201 44 76 267 289 76 55 160 135 51 213 147 44 211 51 114 53 56 103 83 45 788
internal_count=1941 1033 908 707 245 440 151 75 201 44 76 267 289 76 55 160 135 51 213 147 44 211 51 114 53 56 103 83 45 788
is_linear=0
shrinkage=0.03


Tree=79
num_leaves=31
num_cat=0
split_feature=11 45 9 10 44 36 9 58 6 57 3 2 46 30 32 44 40 17 44 33 34 39 29 32 37 34 6 40 4 9
split_gain=4.06673 1.81423 1.50798 1.47025 1.12667 1.00973 1.0125 1.31096 2.12541 1.77202 1.91064 0.9 0.9 0.891524 0.848985 0.736364 1.81079 0.781417 0.710573 0.574778 1.35281 0.778274 0.748618 0.504746 0.677352 0.540351 0.429132 0.409298 0.330487 0.542027
threshold=-0.19509032201612839 87.500000000000014 141.50000000000003 0.35206144883412577 29.650000000000002 584.93750000000011 150.50000000000003 1006.0500000000001 25.500000000000004 292.50000000000006 6323211.1875000009 2782.8571425000005 25.650000000000002 776.64642855000011 164.37142855000002 29.150000000000002 246.46584821789585 36.500000000000007 32.750000000000007 429.34642855000004 115.54821430000001 984.51216520625019 0.45000000000000007 809.55000000000007 947.40625000000011 843.57321430000013 22.500000000000004 970.54954119583329 17.500000000000004 149.50000000000003
decision_type=2 2 2 2 2 2 2 2 2 2 2 2 2 2 2 2 2 2 2 2 2 2 2 2 2 2 2 2 2 2
left_child=1 5 3 4 12 6 7 27 9 10 11 -9 15 -11 -8 16 17 -2 26 20 -16 22 23 25 -25 -21 -12 -1 29 -4
right_child=2 -3 28 -5 -6 -7 14 8 -10 13 18 -13 -14 -15 19 -17 -18 -19 -20 21 -22 -23 -24 24 -26 -27 -28 -29 -30 -31
leaf_value=-7.9833319410226879 0.69285462465742664 0.44125701896753128 -0.25054175748584567 -3.6716543916831332 -2.8533281624457012 0.3556757046248965 -1.3585139559405643 0.6640479019136506 -2.8118820826277355 -1.1376039811765821 -0.0075733524364409712 0.20177249452914331 -4.6504810002007764 0.3361744102986523 0.06066390559356688 0.70162092070002502 -0.2613011746455644 0.58478730527985168 0.71350292506203283 0.37201881049218433 0.19116634880432096 1.3707857546161428 -0.11445214984600732 2.2431501846909305 0.0049659351306978929 -0.6523105686228291 0.098082153526096977 0.1404723192464743 -5.4599860478400908 -5.263954080671267
leaf_weight=162 21 37 205 105 30 39 27 20 112 70 29 20 30 36 33 24 25 20 21 35 21 29 54 20 21 22 23 30 377 243
leaf_count=162 21 37 205 105 30 39 27 20 112 70 29 20 30 36 33 24 25 20 21 35 21 29 54 20 21 22 23 30 377 243
internal_value=-0.000496137 0.00104181 -0.00172222 0.000294117 0.0022 0.000749999 0.000515923 -0.000246655 0.00089728 0.00261644 0.00523009 0.0105 0.0035 -0.000169812 0.00203817 0.005 0.00336364 0.0072439 0.00234247 0.00261702 0.00533333 0.00180663 0.000947368 0.0025102 0.00504878 0.00068421 0.000461538 -0.00221875 -0.00234546 -0.00179464
internal_weight=1941 861 1080 255 150 824 785 523 331 219 113 40 120 106 262 90 66 41 73 235 54 181 152 98 41 57 52 192 825 448
internal_count=1941 861 1080 255 150 824 785 523 331 219 113 40 120 106 262 90 66 41 73 235 54 181 152 98 41 57 52 192 825 448
is_linear=0
shrinkage=0.03


Tree=80
num_leaves=31
num_cat=0
split_feature=11 12 10 57 54 30 44 16 44 12 18 42 14 42 1 5 1 31 8 26 33 26 44 40 8 44 4 6 6 54
split_gain=3.52809 1.58105 1.26747 1.24939 1.49273 1.04877 0.968728 1.09103 0.922771 0.906274 1.87926 1.51392 0.960857 1.08978 1.05038 1.06065 0.866238 1.16223 0.715235 0.66123 0.593939 0.547574 0.821267 0.627451 0.545533 0.520833 0.31175 0.521784 0.808301 0.558847
threshold=-0.16280825711808986 0.64987354830121502 0.58216583101416164 295.50000000000006 577.85000000000014 1069.7642860000003 29.650000000000002 25.950000000000003 33.100000000000009 0.60980454008255491 40.500000000000007 84.500892850000085 30.350000000000005 -131.83214284999994 2141.7142860000008 37.500000000000007 8332.4285715000024 783.35535715000003 1.0000000180025095e-35 4.9500000000000011 907.54285715000015 9.0500000000000025 29.150000000000002 260.79750743875002 4.5000000000000009 32.750000000000007 17.500000000000004 25.500000000000004 28.500000000000004 7.7000000000000011
decision_type=2 2 2 2 2 2 2 2 2 2 2 2 2 2 2 2 2 2 2 2 2 2 2 2 2 2 2 2 2 2
left_child=3 26 6 4 5 9 7 21 18 12 11 -11 13 -1 -15 -16 19 -18 -6 -5 -10 -3 23 -23 -20 -26 27 29 -29 -2
right_child=1 2 -4 16 8 -7 -8 -9 20 10 -12 -13 -14 14 15 -17 17 -19 24 -21 -22 22 -24 -25 25 -27 -28 28 -30 -31
leaf_value=1.1601589260364231 -5.1889075757406395 0.66260110891303792 -4.9517585887033571 0.1457837679940133 0.18524759884280312 0.81898458106176231 -2.7677283175723306 -12.503629403872326 1.1430641372566375 -0.047038181283621527 0.85368079804176988 0.57391821263278986 -0.56332106296294704 0.093833118533211191 -0.14280366375983031 0.30455346395215682 -0.80375067336807637 1.0339037055677205 -2.8896716290644258 -2.080230964536316 -0.052474791728803892 0.56584746893275184 0.58463372413273917 -0.23824363418338976 0.15774896908250702 -0.48908108186563282 -5.2961864664048885 1.2320864762425865 -5.3554151781403743 0.57508229772957686
leaf_weight=31 257 35 84 20 20 37 30 23 24 44 24 20 78 28 84 30 24 35 163 152 20 27 27 24 24 24 377 87 62 26
leaf_count=31 257 35 84 20 20 37 30 23 24 44 24 20 78 28 84 30 24 35 163 152 20 27 27 24 24 24 377 87 62 26
internal_value=-0.000557961 -0.00172521 0.000359999 0.000843537 0.00151613 0.00274468 0.00187952 0.00295588 -0.000163637 0.00222124 0.00484091 0.00215625 0.00130279 0.00254913 0.00143662 0.000157894 -0.00105195 0.00208475 -0.000922079 -0.00212791 0.00381818 0.00416814 0.00276923 0.000529411 -0.00143602 0.001375 -0.00236959 -0.00181945 -0.000382551 -0.00257597
internal_weight=1941 1059 250 882 651 376 166 136 275 339 88 64 251 173 142 114 231 59 231 172 44 113 78 51 211 48 809 432 149 283
internal_count=1941 1059 250 882 651 376 166 136 275 339 88 64 251 173 142 114 231 59 231 172 44 113 78 51 211 48 809 432 149 283
is_linear=0
shrinkage=0.03


Tree=81
num_leaves=31
num_cat=0
split_feature=11 27 9 23 31 10 9 22 19 22 37 10 8 9 44 16 41 57 30 16 5 32 40 42 42 56 4 9 9 36
split_gain=3.78156 1.42602 1.31524 1.24953 1.41357 1.89655 1.14149 1.13618 1.11822 1.54408 1.18688 1.07297 0.93598 0.922496 0.830528 0.935385 0.777515 0.861711 0.662933 0.63479 0.616293 0.861802 0.589205 0.952778 0.519697 0.315178 0.31175 0.484476 0.842201 0.422897
threshold=-0.16280825711808986 296.50000000000006 141.50000000000003 208.00000000000003 222.95625000000004 0.91037613702198772 150.50000000000003 761.00000000000011 69.500000000000014 266.50000000000006 677.43571430000009 0.58216583101416164 3.5000000000000004 148.50000000000003 29.650000000000002 25.950000000000003 368.61601716782167 285.50000000000006 815.06428575000007 24.750000000000004 37.500000000000007 589.3214286000001 970.54954119583329 -78.955357099999972 63.163392784999985 4.6500000000000012 17.500000000000004 149.50000000000003 146.50000000000003 574.96071430000006
decision_type=2 2 2 2 2 2 2 2 2 2 2 2 2 2 2 2 2 2 2 2 2 2 2 2 2 2 2 2 2 2
left_child=1 3 11 4 5 -1 7 22 9 -5 -11 14 -12 -7 15 16 17 -2 25 20 21 -8 -6 -24 -20 -3 27 28 -4 -30
right_child=2 18 26 8 6 13 19 -9 -10 10 12 -13 -14 -15 -16 -17 -18 -19 24 -21 -22 -23 23 -25 -26 -27 -28 -29 29 -31
leaf_value=0.57882581176134773 0.47539965421766878 0.065830934161861421 -5.7541663501753373 1.2288019870813411 -1.6571410657116454 0.25764423659415053 0.15821746741743622 0.55011266894398025 -0.080398960512516202 0.73408544052193447 -2.0840912996349359 -4.8032058310422574 0.323763278367736 -1.9951195333272316 -2.6846964680451624 -12.128520521756156 -0.1854409199011319 0.61979409134970265 -0.079846684599679002 -0.0054181939057408686 0.47470126560783954 -0.0059036678923392568 0.16181960718397798 -0.30885593473506034 2.2448265756813082 -2.4368255861125063 -5.1373008724127418 -4.9523925326630813 -0.326943497074483 1.2600391484446185
leaf_weight=22 30 22 111 24 230 28 24 32 32 28 34 84 39 30 30 23 21 62 20 40 25 49 24 21 22 136 377 234 47 40
leaf_count=22 30 22 111 24 230 28 24 32 32 28 34 84 39 30 30 23 21 62 20 40 25 49 24 21 22 136 377 234 47 40
internal_value=-0.000573416 0.00087755 -0.00178187 0.00153079 0.000828571 0.0045 0.000168539 -0.000850164 0.00387898 0.00516 0.00353465 0.000119999 0.00152055 0.00165517 0.00151807 0.00251471 0.00363717 0.00482609 -0.00135 0.00243478 0.00373469 0.00234247 -0.00147273 0.00166667 0.002 -0.00224051 -0.00236959 -0.00181945 -0.000727273 0.00148276
internal_weight=1941 882 1059 682 525 80 445 307 157 125 101 250 73 58 166 136 113 92 200 138 98 73 275 45 42 158 809 432 198 87
internal_count=1941 882 1059 682 525 80 445 307 157 125 101 250 73 58 166 136 113 92 200 138 98 73 275 45 42 158 809 432 198 87
is_linear=0
shrinkage=0.03


Tree=82
num_leaves=31
num_cat=0
split_feature=11 41 18 18 49 38 8 56 17 9 11 16 37 27 21 8 33 56 17 22 53 18 2 22 49 10 8 56 47 42
split_gain=3.72606 1.40359 1.38191 1.07145 1.04502 1.17085 1.11314 1.04876 1.48573 0.939562 1.22567 1.06758 0.897129 0.785337 0.886525 0.742558 0.688095 0.681818 0.535523 0.518053 0.504384 0.493655 0.436195 0.425743 0.420183 0.550665 0.661246 0.529515 0.524025 0.377247
threshold=-0.22695468355932455 321.11657227109714 40.500000000000007 1.0000000180025095e-35 29.500000000000004 935.42499997500011 3.5000000000000004 5.7500000000000009 34.500000000000007 141.50000000000003 0.68322629814330826 25.950000000000003 848.49285715000008 294.50000000000006 928.50000000000011 3.5000000000000004 669.85178570000005 19.150000000000002 64.500000000000014 49.000000000000007 117.50000000000001 24.500000000000004 4990.3125000000009 41.000000000000007 2.5000000000000004 0.35206144883412577 4.5000000000000009 6.3500000000000005 48.500000000000007 56.754464299999988
decision_type=2 2 2 2 2 2 2 2 2 2 2 2 2 2 2 2 2 2 2 2 2 2 2 2 2 2 2 2 2 2
left_child=1 4 3 13 6 18 23 -8 12 10 -2 21 -9 14 -3 -5 -17 -14 -6 29 24 22 -12 -1 25 -11 27 -27 -29 -20
right_child=9 2 -4 15 5 -7 7 8 -10 20 11 -13 17 -15 -16 16 -18 -19 19 -21 -22 -23 -24 -25 -26 26 -28 28 -30 -31
leaf_value=0.11465117524801338 -0.74786337819170001 1.9384669362069016 1.1237983982303299 -0.54119442623086245 0.20312252555254701 0.61791287876043821 0.1829588181546643 -0.6524631057626723 0.55872342359513683 -4.9202068907460355 0.7323933452164535 -9.3037553727388573 -0.029254552720410595 0.59521795512033893 0.47929669689842586 0.41713358098477354 0.023442854048637839 0.70909859068352121 0.14506469313504425 -0.24213645452515278 0.3560988879882504 0.061879007336866736 1.8161941056647497 -2.0964871159021174 -4.8518298724531421 -1.215794488468348 -5.0461809468162704 1.3224152245536185 -0.040749734758819316 -0.069433290594067831
leaf_weight=26 149 20 27 79 37 20 20 114 23 173 23 27 33 30 27 20 28 22 36 33 24 31 29 217 468 45 60 38 33 29
leaf_count=26 149 20 27 79 37 20 20 114 23 173 23 27 33 30 27 20 28 22 36 33 24 31 29 217 468 45 60 38 33 29
internal_value=-0.000650696 0.000852556 0.00284416 0.002 9.83599e-05 0.00222581 -0.000626374 0.000962263 0.000281249 -0.0018 -0.000220078 0.00218182 -0.000692308 0.00479221 0.00721277 0.000307086 0.00325 0.00245454 0.00122222 6.12238e-05 -0.00228656 0.00386747 0.00565385 -0.00201235 -0.00241249 -0.00162464 -0.000443183 0.00087931 0.00249296 0.00161538
internal_weight=1941 841 231 204 610 155 455 212 192 1100 259 110 169 77 47 127 48 55 135 98 841 83 52 243 817 349 176 116 71 65
internal_count=1941 841 231 204 610 155 455 212 192 1100 259 110 169 77 47 127 48 55 135 98 841 83 52 243 817 349 176 116 71 65
is_linear=0
shrinkage=0.03


Tree=83
num_leaves=31
num_cat=0
split_feature=1 45 28 6 57 19 31 9 9 10 44 1 16 16 14 43 31 41 57 6 14 43 43 53 19 35 8 15 17 43
split_gain=4.24339 1.66038 1.16831 1.68869 1.30748 1.34789 1.06958 1.05686 1.03417 1.15843 0.961867 0.942175 0.935385 0.820249 1.78182 1.12078 0.820005 0.777515 0.861711 0.72018 0.539959 0.707089 0.51929 0.471294 0.463356 0.616609 0.775414 0.697289 0.575665 0.441818
threshold=1818.4375000000002 87.500000000000014 1005.9500000000002 25.500000000000004 292.50000000000006 47.500000000000007 783.35535715000003 150.50000000000003 141.50000000000003 0.58216583101416164 29.650000000000002 10812.785715000002 25.950000000000003 24.850000000000005 32.45000000000001 246.64375000000004 225.70625000000004 368.61601716782167 285.50000000000006 28.500000000000004 31.350000000000005 218.2160714 205.36785710000004 117.50000000000001 2.5000000000000004 1.0000000180025095e-35 4.5000000000000009 87.500000000000014 45.500000000000007 -43.441071000000072
decision_type=2 2 2 2 2 2 2 2 2 2 2 2 2 2 2 2 2 2 2 2 2 2 2 2 2 2 2 2 2 2
left_child=8 2 7 4 5 13 -6 -2 9 10 12 20 17 14 15 -4 -5 18 -1 -18 21 -9 -21 24 25 26 27 28 -10 -16
right_child=1 -3 3 16 6 -7 -8 11 23 -11 -12 -13 -14 -15 29 -17 19 -19 -20 22 -22 -23 -24 -25 -26 -27 -28 -29 -30 -31
leaf_value=0.40990322122189188 -4.3573910754546343 0.45298406174757105 0.84284466310858253 0.17608493274031822 -0.44392851358015584 -0.032467048570688883 0.97362266885407101 -0.14147103568512776 -1.1967538917956539 -4.5939009236003674 -2.5959440399901434 1.1732734741227888 -11.485552244921305 0.58659613681904121 -0.014728639572657184 0.33963895334795885 -9.9399530484259842 -0.15744180254180498 0.58124004052130285 0.23541753077543329 0.17623775108549092 0.35274488507047719 -0.73126080589437947 0.3035797181239846 -4.6997504976203732 -4.8956488860782947 -4.8947957778382509 0.98896257026846668 1.3379678077560515 0.37905373295306755
leaf_weight=30 197 34 32 23 66 35 29 77 62 100 36 20 23 31 25 23 89 21 62 37 24 20 28 25 469 153 71 25 44 30
leaf_count=30 197 34 32 23 66 35 29 77 62 100 36 20 23 31 25 23 89 21 62 37 24 20 28 25 469 153 71 25 44 30
internal_value=-0.000542505 0.00109756 0.000816793 0.00182143 0.00330996 0.00484091 0.000473683 -0.000514794 -0.0017422 -0.000132354 0.00136046 0.00146808 0.00251471 0.00614894 0.00736364 0.0111818 -0.000457628 0.00363717 0.00482609 -0.00124675 0.000471074 -0.000525774 0.00115385 -0.00225795 -0.00238107 -0.00156338 -0.000475248 0.000893129 -0.000169812 0.00354545
internal_weight=1941 820 786 448 271 176 95 338 1121 272 172 141 136 141 110 55 177 113 92 154 121 97 65 849 824 355 202 131 106 55
internal_count=1941 820 786 448 271 176 95 338 1121 272 172 141 136 141 110 55 177 113 92 154 121 97 65 849 824 355 202 131 106 55
is_linear=0
shrinkage=0.03


Tree=84
num_leaves=31
num_cat=0
split_feature=1 8 40 28 3 37 23 38 20 57 21 9 53 26 17 8 37 48 2 48 10 43 58 34 3 44 26 28 33 16
split_gain=4.18488 1.20187 2.23345 2.24778 1.58381 1.38728 1.25604 1.16275 1.09696 1.05956 1.04274 0.7307 0.72627 0.713828 0.67021 0.670048 0.797143 0.682663 0.735869 0.617829 0.593155 0.575284 0.556961 0.532683 0.509914 0.477273 0.458996 0.444907 0.653992 0.429293
threshold=1818.4375000000002 2.5000000000000004 772.78441219791682 1007.5500000000001 6306807.5000000009 848.49285715000008 60.500000000000007 1133.3274554625002 3.5000000000000004 276.50000000000006 702.50000000000011 149.50000000000003 115.50000000000001 9.3500000000000032 7.5000000000000009 4.5000000000000009 75.516071430000011 36.500000000000007 6446.3750000000009 1.0000000180025095e-35 0.72947329433276253 73.700000000000003 1006.85 1221.4714285000002 6343619.7145000007 29.950000000000003 16.550000000000004 1008.2500000000001 319.89375000000001 25.350000000000005
decision_type=2 2 2 2 2 2 2 2 2 2 2 2 2 2 2 2 2 2 2 2 2 2 2 2 2 2 2 2 2 2
left_child=11 6 3 4 10 13 -2 19 -7 -5 -3 14 -13 -6 -1 16 17 18 20 22 24 -15 25 26 -16 -8 -4 -11 -29 -17
right_child=1 2 23 9 5 8 7 -9 -10 27 -12 12 -14 21 15 29 -18 -19 -20 -21 -22 -23 -24 -25 -26 -27 -28 28 -30 -31
leaf_value=-5.3950538191848061 0.083147295497184193 0.45869077726235857 0.010150157810988344 0.14912706074393589 0.080743399907993577 0.54602708081101403 0.51363102344251232 0.89914624074200056 1.1529361653687962 -0.82450147959890907 0.3710661130998949 -4.5677441092720885 0.46181713947873709 0.87626424275493831 0.95766977237765216 0.23777520291549484 -3.3209905060860598 -0.21903314105579832 -0.04841327462101265 -2.680899129859299 -4.352039168056951 -0.1680204368269437 0.08151755813873765 0.23253806839153346 0.54393549867063173 -1.1616295255626359 -0.97974108405341476 -0.085672095248812738 0.50418484109345452 -6.3742464614157504
leaf_weight=142 33 21 22 32 22 23 22 20 25 60 20 428 21 20 29 44 62 152 50 183 22 44 31 31 35 42 121 26 22 136
leaf_count=142 33 21 22 32 22 23 22 20 25 60 20 428 21 20 29 44 62 152 50 183 22 44 31 31 35 42 121 26 22 136
internal_value=-0.000604328 0.00102439 0.00196932 0.00347619 0.00574286 0.00416418 -0.000371602 -0.000986578 0.00825 0.000642856 0.0109024 -0.00179572 -0.00273274 0.00188372 -0.00116964 -0.000679246 8.57136e-05 0.000749999 0.00229412 -0.00148921 0.00397674 0.000281249 0.000473683 -0.000758621 0.0054375 -0.001125 -0.00153147 -0.000777778 0.001375 -0.00216667
internal_weight=1941 820 489 315 175 134 331 298 48 140 41 1121 449 86 672 530 350 288 136 278 86 64 95 174 64 64 143 108 48 180
internal_count=1941 820 489 315 175 134 331 298 48 140 41 1121 449 86 672 530 350 288 136 278 86 64 95 174 64 64 143 108 48 180
is_linear=0
shrinkage=0.03


Tree=85
num_leaves=31
num_cat=0
split_feature=1 45 9 10 28 6 41 44 32 46 16 31 41 9 42 42 38 18 6 36 14 53 19 17 10 5 14 41 47 56
split_gain=3.84521 1.71701 1.00007 1.15843 0.976021 1.4041 1.0542 0.961867 0.937018 1.2 0.935385 0.820005 0.777515 0.768254 0.745492 1.00598 1.12653 0.748526 0.72018 0.664504 0.464014 0.463121 0.519472 0.699133 0.614462 0.43177 0.429757 0.418846 0.396812 0.384647
threshold=1818.4375000000002 87.500000000000014 141.50000000000003 0.58216583101416164 1005.9500000000002 25.500000000000004 410.74604895387574 29.650000000000002 800.00000000000011 24.350000000000005 25.950000000000003 225.70625000000004 368.61601716782167 151.50000000000003 -128.6214287 85.648214300000021 805.16272321250005 44.500000000000007 28.500000000000004 328.32589285000006 27.250000000000004 117.50000000000001 2.5000000000000004 43.500000000000007 0.93540483100319627 22.500000000000004 28.250000000000004 328.02841620502363 69.500000000000014 18.150000000000002
decision_type=2 2 2 2 2 2 2 2 2 2 2 2 2 2 2 2 2 2 2 2 2 2 2 2 2 2 2 2 2 2
left_child=2 4 3 7 8 6 14 10 20 13 12 -7 19 -10 -6 17 28 29 -13 -1 -2 22 23 -4 26 -21 -25 -20 -17 -16
right_child=1 -3 21 -5 5 11 -8 -9 9 -11 -12 18 -14 -15 15 16 -18 -19 27 25 -22 -23 -24 24 -26 -27 -28 -29 -30 -31
leaf_value=0.9137857701882659 0.044244243745706582 0.41509155597577835 -3.2089398882328815 -4.4114845973187506 0.81647843967954969 0.16791208626348075 0.68786144230547763 -2.3562141042148945 -2.1461373966750936 0.22225437380052643 -10.949758283731194 -9.5613274830774238 -0.1512661502269203 1.0424550120234475 -0.09043001778274963 0.31351438834943351 0.63999928340540491 0.41958522395603387 -0.92718395268501164 0.56912051996453783 -1.266108015103572 0.28061781239590239 -4.4240998149490061 1.0688673584807933 1.4740345246705426 0.15734800995318832 -1.9526961898882773 0.96028560435527777 -0.10059744310512833 0.04560376317638512
leaf_weight=25 24 34 243 100 39 23 22 36 84 27 23 89 21 36 76 27 38 23 40 35 167 25 469 20 29 32 63 25 23 23
leaf_count=25 24 34 243 100 39 23 22 36 84 27 23 89 21 36 76 27 38 23 40 35 167 25 469 20 29 32 63 25 23 23
internal_value=-0.000573416 0.000987804 -0.00171543 -0.000132354 0.000702289 0.00162053 0.00297786 0.00136046 -0.000514794 0.00128571 0.00251471 -0.000457628 0.00363717 -7.15256e-10 0.00242169 0.00171428 0.00415909 -4.9181e-05 -0.00124675 0.00482609 -0.00190052 -0.00222262 -0.00234466 -0.00147887 0.000482142 0.00326866 -0.000831326 0.00115385 0.0012 -0.00118182
internal_weight=1941 820 1121 272 786 448 271 172 338 147 136 177 113 120 249 210 88 122 154 92 191 849 824 355 112 67 83 65 50 99
internal_count=1941 820 1121 272 786 448 271 172 338 147 136 177 113 120 249 210 88 122 154 92 191 849 824 355 112 67 83 65 50 99
is_linear=0
shrinkage=0.03


Tree=86
num_leaves=31
num_cat=0
split_feature=11 8 37 24 37 24 2 58 42 48 43 9 10 44 16 41 36 5 27 36 40 44 27 19 4 6 6 36 54 52
split_gain=4.03732 1.47813 1.70133 1.87629 1.67426 1.1907 1.07083 1.60789 1.09478 0.870509 0.755837 0.765861 0.851819 0.901224 0.881311 0.772297 0.982482 0.630335 1.08928 0.622813 0.570532 0.559976 0.545455 0.527068 0.464141 0.489818 0.833475 0.729224 0.725495 1.55571
threshold=-0.41248606129204524 2.5000000000000004 826.44732145000012 340.15000000000003 907.97678570000016 48.550000000000004 4171.9375000000009 1007.5500000000001 157.75000025000003 22.500000000000004 123.41785715000002 141.50000000000003 0.72947329433276253 29.650000000000002 25.950000000000003 359.5869181735855 296.78928570000005 1.0000000180025095e-35 288.50000000000006 705.46250000000009 21.472916666645826 32.750000000000007 280.50000000000006 97.500000000000014 17.500000000000004 25.500000000000004 28.500000000000004 776.16785715000003 7.7000000000000011 26.500000000000004
decision_type=2 2 2 2 2 2 2 2 2 2 2 2 2 2 2 2 2 2 2 2 2 2 2 2 2 2 2 2 2 2
left_child=1 5 6 -4 -5 23 7 8 9 -3 11 12 13 14 15 16 -2 -6 -19 -18 -12 -7 -9 -1 25 28 27 -27 -13 -30
right_child=10 2 3 4 17 21 -8 22 -10 -11 20 24 -14 -15 -16 -17 19 18 -20 -21 -22 -23 -24 -25 -26 26 -28 -29 29 -31
leaf_value=0.96508626626976457 1.2447872636014821 0.22443733539556976 0.78338984033550041 0.79211326007069371 0.72370337565033416 -1.5239622696490995 -0.35970207021141754 0.12213788683123959 -0.0012274975857997663 0.49865367757229134 0.17095417843539087 -4.2755116109837772 -6.9215246129677839 -2.5732410093317957 -8.5657885889931205 -0.050242242007876935 -0.092728171118285324 -0.13528523377944118 0.69680490824188002 0.54293614664334355 -0.52841386733416329 0.37731459916531646 -0.21877156109917298 0.033138920340732306 -4.4429888692889055 -0.15682970122696471 -3.3655267539311517 1.0639300043906543 0.71712470831036279 -0.61306599964390651
leaf_weight=31 21 29 20 24 27 186 109 22 21 26 26 269 80 46 28 25 29 46 30 47 21 28 66 55 377 73 81 28 20 50
leaf_count=31 21 29 20 24 27 186 109 22 21 26 26 269 80 46 28 25 29 46 30 47 21 28 66 55 377 73 81 28 20 50
internal_value=-0.000573416 0.00120833 0.00235714 0.00495918 0.00361417 -0.000400001 0.000956043 0.0024878 0.00568421 0.00790909 -0.00162408 -0.00177342 -0.000391305 0.000673469 0.0018 0.00290164 0.0041134 0.00195146 0.000552631 0.00252632 0.00210638 -0.00159813 -0.000272728 0.00258139 -0.00219822 -0.00161804 -0.000362638 0.00145544 -0.00229204 0.000428571
internal_weight=1941 720 420 147 127 300 273 164 76 55 1221 1174 276 196 150 122 97 103 76 76 47 214 88 86 898 521 182 101 339 70
internal_count=1941 720 420 147 127 300 273 164 76 55 1221 1174 276 196 150 122 97 103 76 76 47 214 88 86 898 521 182 101 339 70
is_linear=0
shrinkage=0.03


Tree=87
num_leaves=31
num_cat=0
split_feature=1 45 27 57 41 31 3 9 24 9 42 8 52 9 36 37 30 47 6 56 27 49 14 26 46 6 36 56 15 23
split_gain=3.83751 1.77459 1.01277 1.32349 1.45667 1.67178 0.915024 0.794503 0.792077 0.840905 1.24215 0.746446 0.654561 0.667013 0.646748 0.634921 0.60158 0.536353 0.700068 0.786292 0.992478 0.799471 0.572024 0.534994 0.556322 0.516479 0.784849 0.47943 0.432175 0.429955
threshold=1818.4375000000002 87.500000000000014 296.50000000000006 285.50000000000006 207.35764367468065 1166.4571430000003 6266552.3570000008 149.50000000000003 331.75000000000006 148.50000000000003 -128.6214287 5.5000000000000009 761.00000000000011 150.50000000000003 639.65625000000011 826.44732145000012 827.61190480000016 15.500000000000002 25.500000000000004 7.6500000000000012 295.50000000000006 16.500000000000004 28.650000000000002 6.8500000000000005 23.350000000000005 20.500000000000004 175.85000000000005 17.550000000000004 87.500000000000014 83.000000000000014
decision_type=2 2 2 2 2 2 2 2 2 2 2 2 2 2 2 2 2 2 2 2 2 2 2 2 2 2 2 2 2 2
left_child=7 2 3 6 -5 11 -2 17 9 -8 -11 -6 13 14 -10 -13 -15 25 19 -19 22 -22 -21 -4 -25 26 -1 -12 -20 -9
right_child=1 -3 23 4 5 -7 8 29 12 10 27 15 -14 16 -16 -17 -18 18 28 20 21 -23 -24 24 -26 -27 -28 -29 -30 -31
leaf_value=-1.3673493232088014 0.36677230374409042 0.39170524960741449 0.077639235478073776 0.34332320375791653 -0.90325838783497658 0.8759136684246267 0.48597756136136755 -4.1740543080309269 -2.5008510250555092 1.5908447405920432 -0.36127677233046041 -0.015942559019352088 0.26201246211447787 0.17225869369399063 0.29360734576477604 0.56065019509725011 -0.019304295983569152 -5.6378291400615472 0.37582423058413533 -0.035209745518353111 -5.871490589579583 0.74747461508320256 0.7851885681046088 1.7469261232429145 -1.5229638823954721 -5.3530849984573434 0.28319244743056771 0.26899310502430684 0.93224383854903026 0.43923555367392453
leaf_weight=37 23 34 28 32 70 21 20 429 186 24 66 21 21 27 20 24 24 144 68 20 89 30 28 24 121 197 33 34 26 20
leaf_count=37 23 34 28 32 70 21 20 429 186 24 66 21 21 27 20 24 24 144 68 20 89 30 28 24 121 197 33 34 26 20
internal_value=-0.000681608 0.000878048 0.000587786 0.00115987 0.00342857 0.00207353 0.00030337 -0.00182248 -1.42187e-05 0.00179167 0.000870967 0.000652173 -0.000949641 -0.00136576 -0.00212621 0.00366667 0.00170588 -0.00116964 -0.000481482 -0.0011672 0.000233532 -0.00123529 0.003875 -0.00143931 -0.00217241 -0.00221348 -7.15256e-10 -0.000600001 0.00178723 -0.00279956
internal_weight=1941 820 786 613 168 136 445 1121 422 144 124 115 278 257 206 45 51 672 405 311 167 119 48 173 145 267 70 100 94 449
internal_count=1941 820 786 613 168 136 445 1121 422 144 124 115 278 257 206 45 51 672 405 311 167 119 48 173 145 267 70 100 94 449
is_linear=0
shrinkage=0.03


Tree=88
num_leaves=31
num_cat=0
split_feature=1 45 28 9 27 31 19 15 48 1 42 56 9 53 42 32 17 6 45 37 40 5 11 8 42 43 44 6 43 15
split_gain=4.48672 1.66038 1.50057 2.23912 1.51533 1.39023 0.960432 1.34402 0.893122 0.839683 1.59147 0.789322 0.689558 0.72627 0.610385 0.601186 0.54667 0.683951 0.754804 0.651975 0.784002 0.659649 0.837101 0.526378 0.590105 0.52236 0.501803 0.46314 0.622294 0.409513
threshold=1818.4375000000002 87.500000000000014 1005.9500000000002 146.50000000000003 294.50000000000006 754.41517855000018 16.500000000000004 66.500000000000014 48.500000000000007 10719.089285000002 77.281250000000014 5.3500000000000005 149.50000000000003 115.50000000000001 -43.40803575000001 1046.5857140000001 12.500000000000002 25.500000000000004 83.500000000000014 1.0000000180025095e-35 2.822730654854158 22.500000000000004 0.68322629814330826 4.5000000000000009 -60.72142859999996 228.58125000000004 33.100000000000009 19.500000000000004 -12.999999999999885 87.500000000000014
decision_type=2 2 2 2 2 2 2 2 2 2 2 2 2 2 2 2 2 2 2 2 2 2 2 2 2 2 2 2 2 2
left_child=12 2 6 4 9 -6 23 -8 11 10 14 -5 16 -14 -4 -11 27 18 19 20 21 22 -18 -2 -25 -9 -13 28 -1 -19
right_child=1 -3 3 8 5 -7 7 25 -10 15 -12 26 13 -15 -16 -17 17 29 -20 -21 -22 -23 -24 24 -26 -27 -28 -29 -30 -31
leaf_value=-1.3889274048983793 -7.2981108748781516 0.37995409211919212 0.65612121385648225 0.28636448452029184 -0.54629822709578779 0.54766006039269777 1.1118824445859097 -0.16422918658781674 0.17550784525350319 -0.018291635140364387 0.52612451121518367 -0.75532442227954233 -4.0476632956066183 0.40485334905660997 0.11008192326442651 0.52457527233624623 -2.5202690610099001 0.12606703135424929 -5.8031761949302281 -2.6810241127280889 0.99094358960226203 -1.5264397947274679 0.67031370781980226 0.31415651016463797 -0.67969544165979745 0.035589199324392806 0.13813060073218933 -5.4187936553491918 0.30291077281037299 0.89246147181559421
leaf_weight=23 154 34 24 24 59 28 21 69 20 23 31 154 428 21 26 22 25 70 131 66 45 47 23 34 39 21 37 194 21 27
leaf_count=23 154 34 24 24 59 28 21 69 20 23 31 154 428 21 26 22 25 70 131 66 45 47 23 34 39 21 37 194 21 27
internal_value=-0.000588872 0.00109756 0.000816793 0.00195536 0.0041831 0.00113793 -0.000692308 0.00159459 -6.38305e-05 0.00628571 0.00811111 -0.000627908 -0.00182248 -0.00273274 0.0048 0.003 -0.00121429 -0.000580646 -0.00121959 -8.73794e-05 0.00107143 -0.000473685 0.002 -0.00181057 0.000287671 -7.15256e-10 -0.00127225 -0.00236975 0.00040909 0.00163917
internal_weight=1941 820 786 448 213 87 338 111 235 126 81 215 1121 449 50 45 672 434 337 206 140 95 48 227 73 90 191 238 44 97
internal_count=1941 820 786 448 213 87 338 111 235 126 81 215 1121 449 50 45 672 434 337 206 140 95 48 227 73 90 191 238 44 97
is_linear=0
shrinkage=0.03


Tree=89
num_leaves=31
num_cat=0
split_feature=1 45 9 10 8 36 44 46 44 8 39 47 17 37 37 14 27 46 17 36 53 4 9 9 10 10 36 37 27 27
split_gain=3.82499 1.25586 1.18519 1.36602 1.18389 1.29362 1.12192 1.16363 0.957883 1.08945 1.80389 0.888916 1.57706 0.778615 1.55365 1.2803 0.701449 0.679634 0.66294 0.596302 0.568182 0.497677 0.620564 0.92249 0.737743 0.632873 0.590965 0.465612 0.526444 0.377778
threshold=1818.4375000000002 87.500000000000014 141.50000000000003 0.58216583101416164 3.5000000000000004 177.85000000000002 29.650000000000002 24.350000000000005 30.050000000000004 1.0000000180025095e-35 984.51216520625019 34.500000000000007 64.500000000000014 833.9312500000002 1080.10625 32.850000000000001 37.500000000000007 25.950000000000003 50.500000000000007 165.77142855000002 187.50000000000003 17.500000000000004 149.50000000000003 146.50000000000003 -0.88144907265856332 0.97335555334614954 776.16785715000003 919.85000000000014 285.50000000000006 294.50000000000006
decision_type=2 2 2 2 2 2 2 2 2 2 2 2 2 2 2 2 2 2 2 2 2 2 2 2 2 2 2 2 2 2
left_child=2 4 3 6 5 8 7 -1 16 10 -10 13 18 29 15 20 -2 19 -13 -9 -15 22 23 25 -24 -4 -25 28 -18 -6
right_child=1 -3 21 -5 11 -7 -8 17 9 -11 -12 12 -14 14 -16 -17 27 -19 -20 -21 -22 -23 24 26 -26 -27 -28 -29 -30 -31
leaf_value=0.087360654150785685 0.97763235543160409 0.36855546935561395 -4.631519540176205 -3.9529314620933036 0.055278184275328865 0.42532378180122704 -2.1317372675824235 -0.60653238484993111 -0.35716975855175498 -9.4401158316402967 0.54829490003093473 0.23577163230358639 -0.022460753272342017 0.53199233822633418 -0.12738015252012769 1.6700753849196597 -1.3847719763606168 -10.020978671276493 0.21162228449080517 0.6574520253126489 -0.022817293090602424 -4.063047675101112 0.41391288659200764 -0.03009752280881 -3.8852012201007589 0.17011855939461235 0.97727094494799538 0.47873448256437151 0.084970289317211234 -0.78008410791377025
leaf_weight=22 23 34 103 100 90 26 36 21 58 184 20 38 24 22 39 22 55 22 23 71 22 377 20 63 237 21 28 26 34 80
leaf_count=22 23 34 103 100 90 26 36 21 58 184 20 38 24 22 39 22 55 22 23 71 22 377 20 63 237 21 28 26 34 80
internal_value=-0.000496137 0.00106097 -0.00163515 8.82346e-05 0.000816793 -0.000253522 0.0017093 0.00295588 -0.000675001 -0.00174046 0.00123077 0.00208333 0.00476471 0.00125454 0.00328571 0.00609091 0.00134783 0.00173684 0.00732787 0.00286956 0.00313636 -0.00218728 -0.00153814 -0.000348838 -0.00253307 -0.00203226 0.00194505 0.000391304 -0.00064045 -7.15256e-10
internal_weight=1941 820 1121 272 786 426 172 136 400 262 78 360 85 275 105 66 138 114 61 92 44 849 472 215 257 124 91 115 89 170
internal_count=1941 820 1121 272 786 426 172 136 400 262 78 360 85 275 105 66 138 114 61 92 44 849 472 215 257 124 91 115 89 170
is_linear=0
shrinkage=0.03


Tree=90
num_leaves=31
num_cat=0
split_feature=11 56 3 27 6 28 54 43 2 6 13 10 44 11 16 41 36 8 5 48 27 28 30 37 41 39 33 1 36 36
split_gain=4.20658 1.62579 1.34301 1.02727 1.17138 1.38742 1.11786 1.08619 1.04686 0.90372 0.850584 0.999322 1.22361 0.953609 0.94697 0.837711 1.00871 0.790664 0.777793 0.758762 1.0347 0.694444 0.603392 0.931038 0.588231 0.669643 0.554147 0.504202 0.484508 0.677352
threshold=-0.41248606129204524 8.1500000000000004 6670884.2500000009 296.50000000000006 25.500000000000004 1005.9500000000002 39.400000000000006 292.94642855000006 2410.0446430000006 28.500000000000004 -0.75999367905021098 0.5277851165098012 29.650000000000002 -0.032701564615071434 25.950000000000003 368.61601716782167 328.32589285000006 4.5000000000000009 22.500000000000004 44.500000000000007 62.500000000000007 1007.1500000000002 996.84553570000014 1031.6000000000001 252.41149309128915 1008.3181175437502 833.9312500000002 8458.5000000000018 705.46250000000009 907.54285715000015
decision_type=2 2 2 2 2 2 2 2 2 2 2 2 2 2 2 2 2 2 2 2 2 2 2 2 2 2 2 2 2 2
left_child=1 2 18 4 5 6 -3 8 -7 -6 13 12 14 19 15 16 -12 -8 -1 20 -2 -9 26 -24 -11 -26 -10 -5 -18 -30
right_child=10 3 -4 27 9 7 17 21 22 24 11 -13 -14 -15 -16 -17 28 -19 -20 -21 -22 -23 23 -25 25 -27 -28 -29 29 -31
leaf_value=-0.08237766894947747 0.15207743261569306 0.46015415703564261 0.27489736448622221 -2.2806059791250441 -9.5599931152437154 0.71730979047044674 -0.53685807090549675 -0.029341947366815835 -0.24281239719212072 -0.54082473156762845 0.79714252760199011 -3.2664641094475337 -2.3494033591811512 -3.784038697942115 -9.7241499664220665 -0.1365495669422829 -0.04301972946927702 0.44740363872015998 0.18509176677550837 0.20020134268353351 -1.35767042639737 0.43933576180127032 0.41701852838881959 0.48110148488336435 0.47382675616281056 -0.038787512795238843 0.52909914693526605 0.17535200741213275 0.51523536475868814 0.63772821393064705
leaf_weight=27 23 37 20 84 104 31 109 25 22 25 25 108 46 747 22 21 23 26 37 35 130 20 21 22 27 21 27 35 20 21
leaf_count=27 23 37 20 84 104 31 109 25 22 25 25 108 46 747 22 21 23 26 37 35 130 20 21 22 27 21 27 35 20 21
internal_value=-0.000527049 0.00129167 0.00521428 0.000773584 0.00135203 0.00238235 0.000488371 0.00432143 0.00578049 -0.000627119 -0.00159951 -0.000167833 0.00121348 -0.00203743 0.00268182 0.00381818 0.00508989 -0.000777778 0.00309375 -0.00012766 -0.00103922 0.000333333 0.00417391 0.00676744 0.00193151 0.003875 0.00189796 -0.0017395 0.00309375 0.00504878
internal_weight=1941 720 84 636 517 340 172 168 123 177 1221 286 178 935 132 110 89 135 64 188 153 45 92 43 73 48 49 119 64 41
internal_count=1941 720 84 636 517 340 172 168 123 177 1221 286 178 935 132 110 89 135 64 188 153 45 92 43 73 48 49 119 64 41
is_linear=0
shrinkage=0.03


Tree=91
num_leaves=31
num_cat=0
split_feature=11 56 3 18 39 51 12 53 17 58 12 48 31 3 57 27 37 24 12 49 3 56 30 37 51 11 11 47 12 11
split_gain=3.762 1.6956 1.34301 0.796466 1.20747 2.15249 0.784132 1.72856 1.03075 0.736816 1.7181 1.17085 0.720622 0.678788 0.664627 0.821644 1.40378 1.85871 0.779149 0.772247 0.681821 0.643678 0.678788 0.643563 1.18989 0.579323 0.486275 0.478808 0.471657 0.518775
threshold=-0.41248606129204524 8.1500000000000004 6670884.2500000009 1.0000000180025095e-35 880.18895086250006 800.50000000000011 0.53946920585801694 126.50000000000001 12.500000000000002 1007.1500000000002 0.58218302397213695 34.500000000000007 1166.4571430000003 6337745.2855000012 299.50000000000006 262.50000000000006 197.62232145000004 14.250000000000002 0.58218302397213695 43.500000000000007 6290116.4375000009 23.450000000000003 896.91428570000016 848.49285715000008 758.50000000000011 0.84874750804349197 -0.93540483100319605 58.500000000000007 0.66285048286959747 0.35206144883412543
decision_type=2 2 2 2 2 2 2 2 2 2 2 2 2 2 2 2 2 2 2 2 2 2 2 2 2 2 2 2 2 2
left_child=1 2 27 4 23 -6 7 -2 28 21 -11 13 26 -12 15 20 17 25 -16 -20 -10 -5 -23 -3 -25 -17 -7 -1 -8 -30
right_child=6 3 -4 9 5 12 8 -9 14 10 11 -13 -14 -15 18 16 -18 -19 19 -21 -22 22 -24 24 -26 -27 -28 -29 29 -31
leaf_value=0.18337852429728951 -3.6705175370038519 -0.31374217959479106 0.26665044355163769 -0.55175589941651471 0.6145963805765895 0.41170132239091944 -5.0659748121551207 0.33307999628036333 0.66975307524974159 -0.90611475249101137 -0.55931049373926733 0.69184122598001785 0.87478186639848687 0.14421325798668866 1.061473977537819 -0.26636766733517364 -1.996759934749107 0.25709691587261985 -5.3377102450109533 0.46443180801959383 -1.1439856760299691 0.33483764851561149 -0.073352948461343853 1.7264698478669314 -0.95839924856390568 0.54122079257189082 -3.6697817001555468 0.015744183616489767 -1.0198895329071349 0.23449667570051458
leaf_weight=26 466 83 20 174 36 20 215 26 30 108 22 25 29 20 28 44 31 25 170 25 83 20 22 22 24 34 31 38 21 23
leaf_count=26 466 83 20 174 36 20 215 26 30 108 22 25 29 20 28 44 31 25 170 25 83 20 22 22 24 34 31 38 21 23
internal_value=-0.000511593 0.00120833 0.00521428 0.000679245 0.00202041 0.00424138 -0.0015258 -0.00245122 -0.000901235 -0.000161126 0.00128571 0.0050597 0.0015 0.002 -6.38305e-05 0.0010081 0.00259701 0.00428155 -0.00125112 -0.00192308 -0.000876107 -0.00133333 0.002 2.32551e-05 0.00286956 0.002 -0.00064706 0.00309375 -0.00242085 0.00040909
internal_weight=1941 720 84 636 245 116 1221 492 729 391 175 67 80 42 470 247 134 103 223 195 113 216 42 129 46 78 51 64 259 44
internal_count=1941 720 84 636 245 116 1221 492 729 391 175 67 80 42 470 247 134 103 223 195 113 216 42 129 46 78 51 64 259 44
is_linear=0
shrinkage=0.03


Tree=92
num_leaves=31
num_cat=0
split_feature=11 14 39 8 36 57 1 34 30 28 3 58 6 3 9 53 17 8 17 46 41 3 1 36 49 8 6 43 10 31
split_gain=4.09237 1.52327 1.38286 1.13048 1.42842 1.13636 1.29428 1.13778 1.1274 1.0423 0.977508 0.895656 1.32876 0.87702 0.869619 1.72856 0.985773 1.06342 1.03258 0.837679 0.850314 0.714037 0.753135 0.701292 0.611642 0.510227 0.433837 0.622294 0.430471 0.389471
threshold=-0.41248606129204524 30.550000000000004 975.74162954375015 4.5000000000000009 584.93750000000011 295.50000000000006 8680.0803570000007 830.63571430000013 501.55535715000002 1006.6500000000002 6341234.6250000009 1008.35 25.500000000000004 6679062.4375000009 149.50000000000003 126.50000000000001 12.500000000000002 4.5000000000000009 21.500000000000004 24.750000000000004 17.281510316699386 6328993.3125000009 8332.4285715000024 801.93839285000013 43.500000000000007 2.5000000000000004 19.500000000000004 -12.999999999999885 0.35206144883412577 607.38125000000014
decision_type=2 2 2 2 2 2 2 2 2 2 2 2 2 2 2 2 2 2 2 2 2 2 2 2 2 2 2 2 2 2
left_child=1 2 8 4 11 6 7 -5 9 -1 -8 -3 -13 29 16 -16 26 18 -18 -20 23 -7 -23 25 -19 -21 27 -2 -25 -10
right_child=14 3 -4 5 -6 21 10 -9 13 -11 -12 12 -14 -15 15 -17 17 24 19 20 -22 22 -24 28 -26 -27 -28 -29 -30 -31
leaf_value=0.011860596876043105 -1.1822286779613074 -1.7881754792627091 0.98233782319074292 0.54440880873639896 0.33375703025817827 -0.17239230112440404 0.52754720504311103 0.16801865602016991 -0.12195497142647202 0.51582573807732857 -0.6410426032629466 0.63503012640470402 -7.8288310156415344 0.38377858932883402 -3.5604020108937364 0.32308759639195161 0.084017052009229432 -4.8990550814701699 -1.9746309331709619 -0.55693454647181762 0.41234178169477104 -0.36937576049129539 2.1205058352862109 0.030102501659010773 0.96526038248965573 1.0798492146454199 -4.9139955677904679 0.26025344977995357 1.2055730056681786 0.0043955885115925476
leaf_weight=21 23 220 25 25 32 41 23 20 29 30 31 33 37 22 466 26 38 147 99 74 20 36 22 23 20 24 215 21 25 73
leaf_count=21 23 220 25 25 32 41 23 20 29 30 31 33 37 22 466 26 38 147 99 74 20 36 22 23 20 24 215 21 25 73
internal_value=-0.000418857 0.001375 0.0036 0.00051923 -0.00057764 0.00230303 0.00457576 0.00833333 0.00265714 0.00641176 0.00144444 -0.00124138 0.00171428 0.0011129 -0.00147666 -0.00245122 -0.000818931 -7.15256e-10 0.00105941 0.000396226 0.00169879 3.03023e-05 0.00217241 0.000904109 -0.00192216 -0.000551021 -0.00230502 0.00040909 0.003875 -5.88242e-05
internal_weight=1941 720 200 520 322 198 99 45 175 51 54 290 70 124 1221 492 729 470 303 265 166 99 58 146 167 98 259 44 48 102
internal_count=1941 720 200 520 322 198 99 45 175 51 54 290 70 124 1221 492 729 470 303 265 166 99 58 146 167 98 259 44 48 102
is_linear=0
shrinkage=0.03


Tree=93
num_leaves=31
num_cat=0
split_feature=11 12 12 6 49 31 10 19 57 27 44 16 6 41 5 38 38 3 11 42 1 42 41 46 37 48 50 28 3 19
split_gain=4.14474 1.4963 1.45416 1.39671 1.33333 1.28508 1.26747 1.1298 1.4491 1.09156 0.968728 1.09103 0.96536 0.944118 0.92437 0.861135 0.850248 0.7978 1.13778 0.732341 1.08995 0.728455 0.670038 0.832262 1.31217 0.989803 0.6695 0.594635 0.587646 0.543562
threshold=-0.16280825711808986 0.64987354830121502 0.64987354830121502 25.500000000000004 28.500000000000004 344.61875000000003 0.58216583101416164 1.0000000180025095e-35 280.50000000000006 298.50000000000006 29.650000000000002 25.950000000000003 28.500000000000004 368.61601716782167 1.0000000180025095e-35 912.02723222500015 679.34531250000009 6304285.0000000009 0.88144907265856365 -21.685714270000002 8944.5089285000013 36.331250015000002 368.61601716782167 24.650000000000002 924.44285715000012 1.0000000180025095e-35 98.500000000000014 1007.35 6309268.5270000007 1.0000000180025095e-35
decision_type=2 2 2 2 2 2 2 2 2 2 2 2 2 2 2 2 2 2 2 2 2 2 2 2 2 2 2 2 2 2
left_child=2 -2 3 7 -4 9 10 8 15 -5 11 13 -7 17 -10 21 26 -3 -19 -16 -21 -1 23 25 -25 -18 -9 -6 -14 -30
right_child=1 6 4 5 27 12 -8 16 14 -11 -12 -13 28 -15 19 -17 22 18 -20 20 -22 -23 -24 24 -26 -27 -28 -29 29 -31
leaf_value=0.59004565870092385 -3.2669370264414406 0.43602417449196157 -8.0358644627370435 0.36287343747145073 0.40999376605936377 -9.8092557861177436 -3.676047013106631 -0.92852135644035361 -0.63545740799972172 -1.3014481601685843 -1.9304563187037203 -9.1216048985743186 0.069619653985606322 -0.14268647358569658 -0.20845797801235325 0.13172474994752986 0.53634927884153238 1.4730427378201454 0.12678239960877341 0.062999883141766411 1.1480330958465907 0.32084437194745824 -0.40108572437786988 0.1523076173460999 0.93412182908368635 -0.56973421012161507 0.060363240562565805 -0.029176941323061908 -0.50163748704206168 0.028720552725825074
leaf_weight=20 809 47 147 35 26 109 84 69 22 20 30 23 21 21 22 26 35 25 20 20 21 21 22 34 21 38 57 23 51 22
leaf_count=20 809 47 147 35 26 109 84 69 22 20 30 23 21 21 22 26 35 25 20 20 21 21 22 34 21 38 57 23 51 22
internal_value=-0.000403401 -0.00166856 0.00111565 0.00176676 -0.00116327 2.32551e-05 0.000359999 0.00281776 0.00489474 0.00409091 0.00187952 0.00295588 -0.00107882 0.00416814 0.00229412 0.00819403 0.00167391 0.00547826 0.00833333 0.00414286 0.00651219 0.0109024 0.0032 0.00403125 0.00681818 0.00193151 -0.000142858 0.00312245 0.00114894 -0.000123288
internal_weight=1941 1059 882 686 196 258 250 428 152 55 166 136 203 113 85 67 276 92 45 63 41 41 150 128 55 73 126 49 94 73
internal_count=1941 1059 882 686 196 258 250 428 152 55 166 136 203 113 85 67 276 92 45 63 41 41 150 128 55 73 126 49 94 73
is_linear=0
shrinkage=0.03


Tree=94
num_leaves=31
num_cat=0
split_feature=11 9 6 49 9 19 57 25 3 15 6 17 11 42 10 6 40 36 14 37 27 53 3 46 32 32 6 43 44 5
split_gain=3.97178 1.26644 1.41632 1.34206 0.98409 0.925573 1.11207 1.0163 1.25011 0.91375 1.2244 0.896275 0.833077 0.770696 1.74741 0.756268 0.979523 1.20776 0.96006 0.849801 2.17713 0.725787 0.667473 0.541466 0.468831 0.90088 0.46314 0.622294 0.441924 0.411492
threshold=-0.22695468355932455 141.50000000000003 25.500000000000004 28.500000000000004 149.50000000000003 1.0000000180025095e-35 295.50000000000006 763.00000000000011 6323211.1875000009 71.500000000000014 28.500000000000004 12.500000000000002 -0.95642797789208678 -119.65624999999999 -0.77259657388510594 25.500000000000004 0.6507812500000002 776.16785715000003 28.750000000000004 1.0000000180025095e-35 306.50000000000006 95.500000000000014 7235758.0000000009 24.350000000000005 578.6142857000001 906.21875000000011 19.500000000000004 -12.999999999999885 27.850000000000005 37.500000000000007
decision_type=2 2 2 2 2 2 2 2 2 2 2 2 2 2 2 2 2 2 2 2 2 2 2 2 2 2 2 2 2 2
left_child=1 3 5 -1 11 6 7 8 -3 10 -4 26 -9 14 -7 18 17 -17 28 20 -20 -6 29 24 -12 -26 27 -2 -13 -15
right_child=4 2 9 -5 21 13 -8 12 -10 -11 23 15 -14 22 -16 16 -18 -19 19 -21 -22 -23 -24 -25 25 -27 -28 -29 -30 -31
leaf_value=-7.8781734768300904 -1.088848128061356 0.5465964013854373 -10.08901040014865 0.17498139729619178 -3.4154878367404273 -0.11544078196036546 0.023433546059792327 0.43069201789210865 0.4695309096557001 0.29741887180069243 0.063839179958297146 0.080119904731420888 -0.33892819198667729 -0.1398292686346761 0.84224878570321193 2.2415164351613055 -1.3439304820827112 1.1457280768432967 1.090334595551647 -0.0388735869155616 -0.3369864495384477 0.35423216160904714 0.18757421743613936 -0.39968672650869841 -0.10118994169371853 1.2666874778232733 -4.8288921106999805 0.20825458341035563 -3.0183701436422754 0.041964583718395877
leaf_weight=139 23 22 109 48 422 24 42 27 32 31 22 35 25 117 39 49 24 24 20 33 41 21 36 29 24 31 194 21 193 44
leaf_count=139 23 22 109 48 422 24 42 27 32 31 22 35 25 117 39 49 24 24 20 33 41 21 36 29 24 31 194 21 193 44
internal_value=-0.000449769 0.00110226 0.00172477 -0.00107487 -0.00163636 0.00280882 0.0047027 0.00633962 0.00922222 -7.31714e-05 -0.000767443 -0.000899544 0.00334615 0.00173077 0.00461905 -6.44399e-05 0.00225773 0.0039863 -0.000763976 0.00178723 0.00388525 -0.00272912 0.000807106 0.0015283 0.00284416 0.00136364 -0.00236975 0.00040909 -0.00181579 -1.86343e-05
internal_weight=1941 841 654 187 1100 408 148 106 54 246 215 657 52 260 63 419 97 73 322 94 61 443 197 106 77 55 238 44 228 161
internal_count=1941 841 654 187 1100 408 148 106 54 246 215 657 52 260 63 419 97 73 322 94 61 443 197 106 77 55 238 44 228 161
is_linear=0
shrinkage=0.03


Tree=95
num_leaves=31
num_cat=0
split_feature=1 45 9 9 16 14 30 9 9 30 18 22 15 32 17 31 6 5 1 1 3 6 45 40 48 48 2 40 15 50
split_gain=3.92753 1.18893 0.952468 0.775574 1.38004 1.37918 0.8863 0.849797 1.22593 1.17361 1.1527 0.977359 0.930949 2.04417 0.768022 0.679885 0.668058 0.892857 0.779315 0.517927 0.576833 0.500099 0.970788 0.738442 0.787683 0.617832 0.47619 0.436394 0.657966 1.18944
threshold=1557.1339285000001 87.500000000000014 149.50000000000003 141.50000000000003 24.050000000000004 32.350000000000001 168.53125000000003 146.50000000000003 150.50000000000003 455.33571430000006 40.500000000000007 149.50000000000003 66.500000000000014 906.21875000000011 12.500000000000002 589.3214286000001 24.500000000000004 22.500000000000004 10125.750000000002 9407.3660715000024 6430623.0000000009 25.500000000000004 83.500000000000014 0.6507812500000002 37.500000000000007 46.500000000000007 3433.7142855000006 305.5614955321459 80.500000000000014 14.500000000000002
decision_type=2 2 2 2 2 2 2 2 2 2 2 2 2 2 2 2 2 2 2 2 2 2 2 2 2 2 2 2 2 2
left_child=2 3 14 4 -2 -6 -5 9 11 -8 16 -9 13 15 -1 -10 17 18 -11 -14 -21 22 25 24 -23 27 -19 28 29 -16
right_child=1 -3 -4 6 5 -7 7 8 12 10 -12 -13 19 -15 21 -17 -18 26 -20 20 -22 23 -24 -25 -26 -27 -28 -29 -30 -31
leaf_value=-2.1953191921369144 -11.679897115118319 0.27892458077026822 -3.2652346738339815 0.11369748276572338 -0.02267396164092533 0.50749963455460367 -0.45469582497327576 0.2469139593366198 0.02578018291376662 0.19205017215331316 0.6183315725720625 -7.1534974066118115 -0.034331951424614301 1.7133499739164502 0.88356791139642588 -0.16767176956299501 0.36235348103659426 0.054543021539505326 0.40391414683385191 0.10918331961848793 0.23106024187414359 1.1266698256266954 -4.9029335552938313 -1.8596055626836183 1.2870370476107629 -3.5462469031059705 -1.2518599909511019 -0.015020648934476332 -0.022634019139216796 -0.070545667686257432
leaf_weight=234 113 35 435 20 54 20 36 20 28 33 23 143 119 25 31 30 23 21 23 29 22 22 131 23 51 48 35 27 64 23
leaf_count=234 113 35 435 20 54 20 36 20 28 33 23 143 119 25 31 30 23 21 23 29 22 22 131 23 51 48 35 27 64 23
internal_value=-0.000511593 0.00101408 -0.00170523 0.000782129 -0.000914439 0.00227027 0.00128571 0.00108197 0.000317307 0.00272165 0.00383544 -0.00171166 0.00162451 0.00422891 -0.000981652 0.00113793 0.00277778 0.00182143 0.0045 0.00035294 0.00288235 -0.000214286 -0.000777778 0.0016875 0.00316438 0.000575129 -0.000857144 0.00155172 0.00233898 0.00477778
internal_weight=1941 852 1089 817 187 74 630 610 416 194 158 163 253 83 654 58 135 112 56 170 51 420 324 96 73 193 56 145 118 54
internal_count=1941 852 1089 817 187 74 630 610 416 194 158 163 253 83 654 58 135 112 56 170 51 420 324 96 73 193 56 145 118 54
is_linear=0
shrinkage=0.03


Tree=96
num_leaves=31
num_cat=0
split_feature=11 27 31 21 27 9 53 52 39 2 11 8 42 41 52 37 37 27 30 46 48 32 44 49 35 8 6 48 1 57
split_gain=3.82194 1.32057 1.52077 1.94133 1.98367 1.20431 1.17051 1.38703 1.25012 1.38495 1.06576 0.9911 0.930821 0.924698 1.09476 0.872474 1.4615 0.82975 0.634133 0.732024 0.570566 0.511853 0.508235 0.44085 0.658059 0.855763 0.836148 1.01731 0.36478 0.327389
threshold=-0.097964660725097338 296.50000000000006 222.95625000000004 119.50000000000001 262.50000000000006 141.50000000000003 202.00000000000003 5.5000000000000009 1009.1806919937502 2349.8750000000005 0.81241147629689003 4.5000000000000009 1.4223214499999843 142.77334004653298 761.00000000000011 826.44732145000012 1080.10625 301.50000000000006 678.46428575000016 24.350000000000005 1.0000000180025095e-35 879.69017855000004 29.650000000000002 2.5000000000000004 12.312500000000002 4.5000000000000009 25.500000000000004 37.500000000000007 8944.5089285000013 298.50000000000006
decision_type=2 2 2 2 2 2 2 2 2 2 2 2 2 2 2 2 2 2 2 2 2 2 2 2 2 2 2 2 2 2
left_child=1 2 3 4 -1 10 7 -4 9 -8 20 13 21 -9 -15 -13 -17 -12 -3 28 22 -11 -2 24 25 26 -7 -28 -20 -29
right_child=5 18 6 -5 -6 23 8 11 -10 12 17 15 -14 14 -16 16 -18 -19 19 -21 -22 -23 -24 -25 -26 -27 27 29 -30 -31
leaf_value=-0.73119573364958845 0.065675874807309825 -1.9716394772794634 0.56240327220871456 0.46776522597282638 0.14115023996955009 -2.735129443206104 0.60250015695733627 0.20555933115253952 0.83890482932608146 0.39323726932028535 0.7895052680052671 -0.032612971889476566 -0.031957377043595303 -0.80036387456300973 0.19385385159970822 0.60327719791885404 -0.44052042776696232 -0.0043467279553614947 -0.8412322051482094 0.043262472723988948 -4.1222310012854182 0.02135733135088758 -1.7660497024863107 -3.2080143971323603 -3.696724177031633 -3.5770440064159019 1.3274489110572754 -0.31722538935996147 1.578499177694505 1.9620544414127603
leaf_weight=49 51 138 38 32 21 50 31 24 24 26 40 44 52 261 24 33 26 41 29 20 84 27 24 440 147 69 20 30 24 22
leaf_count=49 51 138 38 32 21 50 31 24 24 26 40 44 52 261 24 33 26 41 29 20 84 27 24 440 147 69 20 30 24 22
internal_value=-0.000465225 0.000932827 0.00155056 0.00494118 0.00214286 -0.00173281 0.000983606 0.000199999 0.0031875 0.00207353 0.000124999 -0.000305826 0.000428571 -0.00115534 -0.00163158 0.00224272 0.00462712 0.00292593 -0.00115166 0.00110959 -0.00130189 0.00322641 0.000599999 -0.00230591 -0.00149112 -0.000329844 0.00118033 0.00325 -0.00073585 0.00103846
internal_weight=1941 923 712 102 70 1018 610 450 160 136 240 412 105 309 285 103 59 81 211 73 159 53 75 778 338 191 122 72 53 52
internal_count=1941 923 712 102 70 1018 610 450 160 136 240 412 105 309 285 103 59 81 211 73 159 53 75 778 338 191 122 72 53 52
is_linear=0
shrinkage=0.03


Tree=97
num_leaves=31
num_cat=0
split_feature=11 12 6 17 19 32 12 10 6 41 28 37 37 37 16 37 32 15 54 3 34 37 18 32 32 19 49 35 6 6
split_gain=3.99282 1.22577 1.45867 1.54053 1.26603 1.2464 1.12019 0.898373 0.891958 1.06448 0.864391 1.35574 1.14563 0.839236 0.887996 0.775339 0.952381 0.766747 0.719196 1.19048 0.710935 0.536225 0.62616 0.607496 0.905469 0.47937 0.388204 0.582918 0.522693 0.907407
threshold=-0.097964660725097338 0.64987354830121502 25.500000000000004 42.500000000000007 15.500000000000002 805.65625000000011 0.64987354830121502 0.58216583101416164 28.500000000000004 325.17117887485921 1005.9500000000002 77.07053571500002 313.22053570000008 8.6303571430000012 25.950000000000003 635.33125000000007 669.85178570000005 69.500000000000014 106.65000000000002 6670884.2500000009 1100.7142855000004 880.76160715000003 14.500000000000002 783.35535715000003 1110.9294645000002 97.500000000000014 2.5000000000000004 12.312500000000002 25.500000000000004 29.500000000000004
decision_type=2 2 2 2 2 2 2 2 2 2 2 2 2 2 2 2 2 2 2 2 2 2 2 2 2 2 2 2 2 2
left_child=1 2 10 8 -3 17 26 13 -4 -10 18 -12 -13 14 -8 16 -14 -6 19 25 -20 22 -17 -23 -25 -1 27 28 -2 -30
right_child=6 4 3 -5 5 -7 7 -9 9 -11 11 12 15 -15 -16 21 -18 -19 20 -21 -22 23 -24 24 -26 -27 -28 -29 29 -31
leaf_value=0.69568022672490526 -4.3361380157134644 -11.142900629721339 -9.1947133851086456 0.23106159013700298 -2.2760854562353332 0.47928191712425045 0.59780026518135188 -3.3678093315134321 -0.04494138988311603 0.79028815221933024 0.45180881894481412 -0.5094079554625075 0.011804466462007055 -0.3784261796252541 -8.610021184721413 -0.52898463701579657 0.61980596616764971 0.085821943897095576 -0.77409718475429989 0.32730501987601446 0.19746675055677085 0.79708127654237082 0.047754431258438056 -0.052776314447711629 0.4230788145933958 -0.49919931098575954 -3.1117739652183891 -3.5858224517206843 1.2399909931136284 -3.3920104248965752
leaf_weight=32 83 125 110 29 38 22 97 79 93 38 34 26 28 43 21 27 20 21 74 30 35 21 22 31 29 38 440 147 72 36
leaf_count=32 83 125 110 29 38 22 97 79 93 38 34 26 28 43 21 27 20 21 74 30 35 21 22 31 29 38 440 147 72 36
internal_value=-0.000496137 0.000932827 0.00151883 -0.000222223 -0.0011068 0.00181481 -0.00179175 -7.15256e-10 -0.0010083 0.000664121 0.00257047 0.00380672 0.00288235 0.00128571 0.00259322 0.00374157 0.007 -0.000457628 0.00116268 0.003 -0.000522936 0.00253846 6.12238e-05 0.00403704 0.0025 0.000857142 -0.00234447 -0.00157988 -0.000486912 0.000888888
internal_weight=1941 923 717 270 206 81 1018 240 241 131 447 238 204 161 118 178 48 59 209 100 109 130 49 81 60 70 778 338 191 108
internal_count=1941 923 717 270 206 81 1018 240 241 131 447 238 204 161 118 178 48 59 209 100 109 130 49 81 60 70 778 338 191 108
is_linear=0
shrinkage=0.03


Tree=98
num_leaves=31
num_cat=0
split_feature=1 27 18 58 43 6 28 52 9 6 41 19 47 5 10 37 16 30 46 42 49 37 32 16 49 10 6 6 48 34
split_gain=4.09907 1.44292 1.39871 1.62209 1.67806 1.24835 1.62771 1.47995 1.16706 1.16014 1.17391 1.15227 1.02776 1.17757 0.972992 0.736985 0.887996 0.650393 0.732024 0.56358 0.498188 0.488719 0.859524 0.463055 0.431389 0.559958 0.519359 0.924057 0.670085 0.419048
threshold=610.92857145000005 296.50000000000006 42.500000000000007 1005.35 150.38750000000002 25.500000000000004 1006.1500000000002 5.5000000000000009 141.50000000000003 28.500000000000004 328.02841620502363 97.500000000000014 64.500000000000014 37.500000000000007 0.58216583101416164 8.6303571430000012 25.950000000000003 678.46428575000016 24.350000000000005 61.1151786 92.000000000000014 401.97678570000005 1056.7848215000001 24.050000000000004 2.5000000000000004 0.097964660725097311 25.500000000000004 28.500000000000004 37.500000000000007 501.55535715000002
decision_type=2 2 2 2 2 2 2 2 2 2 2 2 2 2 2 2 2 2 2 2 2 2 2 2 2 2 2 2 2 2
left_child=8 2 5 -4 -5 6 7 11 14 -7 23 -2 13 21 15 16 -1 -3 -19 -6 -14 -8 29 -11 25 -10 -27 28 -28 -23
right_child=1 17 3 4 19 9 12 -9 24 10 -12 -13 20 -15 -16 -17 -18 18 -20 -21 -22 22 -24 -25 -26 26 27 -29 -30 -31
leaf_value=0.57986625722591068 0.8197937394307433 -1.9861470297068382 -0.07551988697274066 0.62080857010134083 -0.0027129708426701471 -8.9188719835553858 0.29796982237085679 -0.035700742468242994 -3.4860250588620114 0.03470900456424493 0.56112026567967643 -0.13028416150589522 -2.2504801956175613 0.43440016144619537 -3.2475176382487438 -0.031957095299731147 -8.3517205491797704 -0.13275942309012267 0.02508656638786794 0.3579189546979431 0.001319512100182096 0.085467153657277903 0.303640679605712 -0.087936911019772163 -3.0930565201003386 -4.2579938393115073 1.2504257139321482 -3.3057945940637876 1.1868418904629263 -0.14547062218122572
leaf_weight=97 20 143 43 31 21 110 33 177 141 26 23 24 22 28 81 38 21 53 20 29 24 20 28 43 430 84 20 37 52 22
leaf_count=97 20 143 43 31 21 110 33 177 141 26 23 24 22 28 81 38 21 53 20 29 24 20 28 43 430 84 20 37 52 22
internal_value=-0.000465225 0.000957446 0.00159945 0.0045 0.007 0.000999999 0.00197487 0.000257918 -0.0018012 -0.000920793 0.00156522 0.00518182 0.00411864 0.00547328 3.7974e-05 0.00142308 0.00259322 -0.00119445 0.00110959 0.0036 0.000260869 0.00399029 0.00257143 -0.000391305 -0.00237173 -0.00156287 -0.000512954 0.00085321 0.00283333 -0.000142858
internal_weight=1941 940 724 124 81 600 398 221 1001 202 92 44 177 131 237 156 118 216 73 50 46 103 70 69 764 334 193 109 72 42
internal_count=1941 940 724 124 81 600 398 221 1001 202 92 44 177 131 237 156 118 216 73 50 46 103 70 69 764 334 193 109 72 42
is_linear=0
shrinkage=0.03


Tree=99
num_leaves=31
num_cat=0
split_feature=1 46 36 12 8 37 37 27 33 33 45 2 2 47 17 26 41 16 12 2 11 42 8 5 27 41 33 42 31 14
split_gain=3.75496 1.54765 1.47244 1.02011 0.932111 1.31736 1.64024 1.02082 0.818487 1.3123 0.689495 0.638418 1.30754 0.653795 1.02981 2.08787 0.611863 0.518625 0.475717 0.560776 0.456269 0.422074 0.417344 0.376525 0.375838 0.372544 0.36993 0.81 0.343137 0.276202
threshold=3255.6250000000005 24.550000000000004 584.93750000000011 0.60980454008255491 3.5000000000000004 830.63571430000013 907.97678570000016 37.500000000000007 879.69017855000004 1019.2357145000002 83.500000000000014 5783.1071430000011 5423.1875000000009 63.500000000000007 44.500000000000007 8.6500000000000004 332.17803101110945 24.750000000000004 0.66285048286959747 6955.2142855000011 0.72947329433276265 140.89910714999996 1.0000000180025095e-35 37.500000000000007 239.50000000000003 213.26905334195325 429.34642855000004 67.866964299999992 966.0875000000002 27.850000000000005
decision_type=2 2 2 2 2 2 2 2 2 2 2 2 2 2 2 2 2 2 2 2 2 2 2 2 2 2 2 2 2 2
left_child=10 2 4 8 7 25 -7 -2 21 -10 11 12 13 14 17 -16 28 20 24 -20 -1 23 -9 26 -13 -6 27 -3 -8 -24
right_child=1 3 -4 -5 5 6 16 22 9 -11 -12 18 -14 -15 15 -17 -18 -19 19 -21 -22 -23 29 -25 -26 -27 -28 -29 -30 -31
leaf_value=-1.3632108151262123 0.75278049463240904 0.17123400445294071 0.42027425529339857 0.14411813808347163 0.32216408253835926 0.78060089097872198 0.02413824824377624 0.0029316662653024075 0.77462178861978792 0.19505685899277911 -2.5046765556694548 0.29671075965392774 1.2045142596170821 -3.0002648244973287 -0.78624922973619049 1.1857513856906898 0.62798428103059956 -1.8827864088504107 -0.13354001150699876 0.58408244734533044 0.54332063218992455 0.27980143165069016 -0.008984751470497751 -0.4402309201722952 -3.0475298872794063 -0.2098736835900798 -0.39627703647831197 -1.0234023353951112 -0.7040180742099591 -9.0819135647210985
leaf_weight=23 24 25 27 36 21 21 30 39 21 23 534 20 36 116 44 29 24 70 39 35 20 34 28 25 259 93 33 20 21 171
leaf_count=23 24 25 27 36 21 21 30 39 21 23 534 20 36 116 44 29 24 70 39 35 20 34 28 25 259 93 33 20 21 171
internal_value=-0.000619784 0.00110614 0.000186372 0.0032212 -0.000203391 0.00128571 0.003875 -0.00139695 0.00230387 0.00586364 -0.00162857 -0.0010029 -7.10066e-05 -0.000715233 0.000387096 0.00316438 0.0018 -0.00140708 -0.00189518 0.000243243 0.00118605 0.00116058 -0.0019916 0.000203883 -0.00246237 -0.000894738 0.00123077 0.003 -5.88242e-05 -0.00254774
internal_weight=1941 716 499 217 472 210 96 262 181 44 1225 691 338 302 186 73 75 113 353 74 43 137 238 103 279 114 78 45 51 199
internal_count=1941 716 499 217 472 210 96 262 181 44 1225 691 338 302 186 73 75 113 353 74 43 137 238 103 279 114 78 45 51 199
is_linear=0
shrinkage=0.03


Tree=100
num_leaves=31
num_cat=0
split_feature=23 54 31 32 18 37 36 33 34 2 9 17 1 54 31 8 45 37 19 57 36 26 18 19 1 46 43 42 48 17
split_gain=3.617 1.72322 1.51487 1.35388 1.18159 1.14755 1.06172 1.05943 2.1768 1.24642 1.03782 0.868129 0.843011 0.678339 0.575537 0.515071 0.63096 0.565958 0.892969 1.30236 1.37287 0.499795 0.46458 0.641062 0.865801 0.453515 0.438312 0.41935 0.378465 0.35014
threshold=95.500000000000014 344.15000000000003 222.95625000000004 724.31875000000002 1.0000000180025095e-35 919.85000000000014 296.78928570000005 882.94642855000006 827.61190480000016 7018.5000000000009 149.50000000000003 12.500000000000002 10125.750000000002 320.45000000000005 76.194642855000012 4.5000000000000009 79.500000000000014 37.564285710000007 1.0000000180025095e-35 284.50000000000006 924.44285715000012 10.550000000000002 65.000000000000014 64.500000000000014 6307.3571425000009 24.850000000000005 46.204464285000007 -60.72142859999996 42.500000000000007 56.500000000000007
decision_type=2 2 2 2 2 2 2 2 2 2 2 2 2 2 2 2 2 2 2 2 2 2 2 2 2 2 2 2 2 2
left_child=10 2 -2 21 7 13 25 26 -9 12 11 -1 -10 22 15 17 -17 18 28 -20 -21 -3 23 24 -4 -6 -5 -12 -13 -30
right_child=1 3 5 4 6 -7 -8 8 9 -11 27 14 -14 -15 -16 16 -18 -19 19 20 -22 -23 -24 -25 -26 -27 -28 -29 29 -31
leaf_value=-2.2466014228771827 0.30589216875870145 0.016235688883928619 0.10880826207590678 -3.0933692393133456 -2.240407654523326 0.8265362307231634 0.41126075001980739 0.71450369027598892 -0.29570520192407918 0.34756806620848413 0.19912192421632288 0.87820691059850098 0.14143654729128449 0.32957982420387383 0.070338184952321109 1.1524549816763248 -4.2323157733448031 -0.036434811230650586 1.0676802653084911 -1.4081461066490479 0.93702689220451763 -0.98419735375134121 -0.59078185530497729 -0.025149365421942772 0.2834719554312089 0.12153069848851621 0.21064995949644277 -2.8097519904753456 -2.8025077321636509 0.58348380679275602
leaf_weight=223 22 31 33 27 126 35 20 25 32 20 20 52 30 28 31 20 121 40 21 38 20 201 28 57 21 21 28 468 60 42
leaf_count=223 22 31 33 27 126 35 20 25 32 20 20 52 30 28 31 20 121 40 21 38 20 201 28 57 21 21 28 468 60 42
internal_value=-0.00063524 0.000936305 0.00316071 4.81276e-05 0.00128571 0.00234653 -0.000485031 0.00311111 0.00485047 0.0024878 -0.00170242 -0.000934132 0.000387096 0.00131138 -0.00016854 -0.000463769 -0.00193617 0.000296703 0.00086266 0.0034557 0.00113793 -0.0017069 0.000453237 0.00132432 0.00366667 -0.00136735 -0.000272728 -0.0027541 -0.000467533 -0.00152941
internal_weight=1941 785 224 561 329 202 167 162 107 82 1156 668 62 167 445 414 141 273 233 79 58 232 139 111 54 147 55 488 154 102
internal_count=1941 785 224 561 329 202 167 162 107 82 1156 668 62 167 445 414 141 273 233 79 58 232 139 111 54 147 55 488 154 102
is_linear=0
shrinkage=0.03


Tree=101
num_leaves=31
num_cat=0
split_feature=11 26 40 19 9 6 37 19 37 33 2 53 42 43 9 41 19 47 8 47 16 6 8 34 44 47 36 16 15 16
split_gain=3.71743 1.14718 1.41004 1.91951 1.17983 2.4088 0.910672 0.907619 1.26288 1.12735 1.16667 1.02133 0.903653 1.06332 0.895675 0.849301 0.662097 0.653238 0.811884 0.835491 0.72674 0.667554 0.646217 0.619898 0.725366 0.600045 0.59016 0.553571 0.535931 0.523212
threshold=-0.16280825711808986 13.900000000000002 367.43887648595836 88.500000000000014 144.50000000000003 20.500000000000004 88.262500000000003 15.500000000000002 875.44642855000018 924.44285715000012 6001.0000000000009 174.50000000000003 49.727678949999913 266.93571430000009 149.50000000000003 249.39165732094168 37.500000000000007 12.500000000000002 4.5000000000000009 37.500000000000007 24.750000000000004 19.500000000000004 1.5000000000000002 745.88750000000016 32.650000000000013 27.500000000000004 801.93839285000013 24.550000000000004 69.500000000000014 25.350000000000005
decision_type=2 2 2 2 2 2 2 2 2 2 2 2 2 2 2 2 2 2 2 2 2 2 2 2 2 2 2 2 2 2
left_child=1 2 4 -4 5 27 -7 8 28 16 -11 15 -6 -14 17 -10 -9 21 19 25 -21 -2 26 24 -13 -19 -22 -1 -3 -20
right_child=14 7 3 -5 12 6 -8 9 11 10 -12 23 13 -15 -16 -17 -18 18 29 20 22 -23 -24 -25 -26 -27 -28 -29 -30 -31
leaf_value=-7.1747887173356464 0.06043198991247916 -0.94113402037377047 0.46586007198754825 0.0036868988691240484 -0.53824277169173063 0.52378612859023532 0.29708307215899749 -0.09823574127216389 0.014662352435375614 0.54059912927025611 0.1477124389640832 -0.15292597257155563 0.28597028548599018 -1.5641065902504898 -2.7587841236335033 1.5106375449248148 0.13138614876654856 0.036896824701025052 0.47672197835750141 -3.1018032351440548 -1.3493688855347861 -4.1784459620526544 1.4551357990688505 -2.6007178247035778 0.45472392228840131 1.0236555210269505 0.64993566166993466 0.099805452918577495 0.062287656728806463 -4.333372182781738
leaf_weight=31 44 234 37 32 78 22 23 44 24 21 21 26 39 40 426 29 53 52 25 62 52 195 37 42 30 23 31 25 31 112
leaf_count=31 44 234 37 32 78 22 23 44 24 21 21 26 39 40 426 29 53 52 25 62 52 195 37 42 30 23 31 25 31 112
internal_value=-0.000527049 0.000911564 0.0023211 0.00613043 0.00130232 0.00383168 0.009 8.10804e-05 -0.000620193 0.00217986 0.00628571 0.00156954 -0.000324841 0.00193671 -0.00172521 0.00492453 0.000402061 -0.00100948 -0.000258884 0.000735408 -0.000362638 -0.00224686 0.000999999 -0.000244899 0.00182143 0.0034 -0.00046988 -0.000321429 -0.00186793 -0.00212409
internal_weight=1941 882 327 69 258 101 45 555 416 139 42 151 157 79 1059 53 97 633 394 257 182 239 120 98 56 75 83 56 265 137
internal_count=1941 882 327 69 258 101 45 555 416 139 42 151 157 79 1059 53 97 633 394 257 182 239 120 98 56 75 83 56 265 137
is_linear=0
shrinkage=0.03


Tree=102
num_leaves=31
num_cat=0
split_feature=11 27 31 21 23 39 23 9 8 54 9 11 22 38 32 1 3 27 18 44 53 9 3 8 3 4 9 6 36 57
split_gain=4.72029 1.28883 1.21287 3.15852 1.01327 1.26318 1.10839 1.10439 1.20503 1.00004 0.970298 0.953068 0.862455 0.738297 1.38776 0.665141 0.909626 0.637466 0.572658 0.601113 0.518433 0.498405 0.480858 0.708013 0.729167 0.431488 0.572132 0.874359 0.64301 0.42258
threshold=-0.16280825711808986 296.50000000000006 222.95625000000004 119.50000000000001 208.00000000000003 1004.9350446812501 220.00000000000003 150.50000000000003 1.0000000180025095e-35 345.25000000000006 141.50000000000003 0.81241147629689003 767.50000000000011 791.57388390000017 620.29910715000017 7919.4732145000007 6328993.3125000009 301.50000000000006 1.0000000180025095e-35 29.650000000000002 174.50000000000003 148.50000000000003 6595772.5000000009 3.5000000000000004 6379010.3335000006 17.500000000000004 149.50000000000003 25.500000000000004 776.16785715000003 269.50000000000006
decision_type=2 2 2 2 2 2 2 2 2 2 2 2 2 2 2 2 2 2 2 2 2 2 2 2 2 2 2 2 2 2
left_child=1 2 3 21 7 6 -6 8 -4 -10 11 18 -11 14 29 -3 -17 -13 19 -2 -15 -1 23 24 -8 26 27 -12 -29 -9
right_child=10 15 4 -5 5 -7 22 13 9 12 25 17 -14 20 -16 16 -18 -19 -20 -21 -22 -23 -24 -25 -26 -27 -28 28 -30 -31
leaf_value=0.069420410619458237 0.058052063502645648 -1.4287083256273034 0.089629262977575494 0.47936738136590956 0.36394031509019775 0.74400529667648285 -2.3685202695800767 -0.14628501432832863 0.28234578742365102 -1.3537833388804317 -3.1381204339829871 0.65585339032660372 0.21376122560680533 0.42525234390321937 0.44848457403852265 -1.5831189214690875 0.1199610559519123 -0.063567761926332525 -3.6016955053875708 -1.709968072409354 -0.02791806193159074 -0.61352750414090806 -0.046693942758476173 0.23572407928110478 1.0183916215817028 -2.8195142109225237 -2.6354218115587416 0.37769925740615556 0.91757154012377895 0.013161305939323928
leaf_weight=24 49 145 28 27 24 20 28 37 22 237 111 40 20 31 24 21 34 41 92 28 25 33 31 30 20 377 234 59 28 21
leaf_count=24 49 145 28 27 24 20 28 37 22 237 111 40 20 31 24 21 34 41 92 28 25 33 31 30 20 377 234 59 28 21
internal_value=-0.000403401 0.00121769 0.00183871 0.00521428 0.00136455 0.00347059 0.00241353 0.000640449 -0.000361564 -0.00095699 -0.00175354 -0.000120001 -0.00148249 0.00286956 0.00468293 -0.000900001 0.00190909 0.00255555 -0.00140237 0.000506493 0.000214285 0.00121053 0.00112844 0.00238461 0.000124999 -0.00225834 -0.00161111 -0.000424243 0.00182759 0.00217241
internal_weight=1941 882 682 84 598 153 133 445 307 279 1059 250 257 138 82 200 55 81 169 77 56 57 109 78 48 809 432 198 87 58
internal_count=1941 882 682 84 598 153 133 445 307 279 1059 250 257 138 82 200 55 81 169 77 56 57 109 78 48 809 432 198 87 58
is_linear=0
shrinkage=0.03


Tree=103
num_leaves=31
num_cat=0
split_feature=11 26 42 9 42 56 8 57 23 42 4 18 23 37 37 9 27 3 51 36 5 41 8 11 53 41 57 4 9 9
split_gain=4.11096 1.40907 1.47833 1.08226 0.960306 1.22288 1.35472 1.98679 1.08902 2.11848 0.926001 0.903758 1.29933 0.964375 0.861684 0.792215 0.769921 0.853535 0.708169 0.707143 1.0168 0.616565 0.599014 0.952354 0.720238 0.568049 0.483702 0.431488 0.572132 0.627077
threshold=-0.16280825711808986 12.15 -107.24464285000005 141.50000000000003 61.1151786 10.550000000000002 2.5000000000000004 287.50000000000006 137.50000000000003 32.330357150000019 18.500000000000004 1.0000000180025095e-35 229.00000000000003 875.44642855000018 947.40625000000011 137.50000000000003 294.50000000000006 6355305.6250000009 368.50000000000006 745.88750000000016 22.500000000000004 360.80999365639428 3.5000000000000004 -0.95642797789208678 60.500000000000007 332.17803101110945 288.50000000000006 17.500000000000004 149.50000000000003 146.50000000000003
decision_type=2 2 2 2 2 2 2 2 2 2 2 2 2 2 2 2 2 2 2 2 2 2 2 2 2 2 2 2 2 2
left_child=1 2 -1 10 8 6 -6 -8 9 -4 19 12 13 16 -15 -12 17 -3 -19 -2 -21 26 24 -24 -13 -16 -17 28 29 -5
right_child=3 11 4 27 5 -7 7 -9 -10 -11 15 22 -14 14 25 21 -18 18 -20 20 -22 -23 23 -25 -26 -27 -28 -29 -30 -31
leaf_value=0.75314420777095059 -1.6077696985828391 0.17484610408705248 0.29919906163419013 -3.0439768209634974 0.065890720245375969 -0.7383565471510416 0.39369485595828368 0.14801880839984555 -0.22544440228778373 -1.076450856716159 -7.8759019336659115 0.073230834764499306 0.6525800188478208 0.85013562611367477 -0.17552017714254237 0.102970412242554 -1.543926704005059 0.391215635769461 -0.0165287168343447 0.59200331281707186 -1.1238211005922432 -0.13100606375731819 0.24745564520643237 -0.014252744309840165 -2.9321828769742342 0.60824455208200434 1.557783673093881 -2.7349287845948482 -2.5563591572119795 0.9046815414975119
leaf_weight=26 110 33 26 111 38 24 20 26 61 38 20 24 24 20 42 23 63 23 43 23 21 23 38 93 200 20 30 377 234 87
leaf_count=26 110 33 26 111 38 24 20 26 61 38 20 24 24 20 42 23 63 23 43 23 21 23 38 93 200 20 30 377 234 87
internal_value=-0.000465225 0.00104762 0.00290734 -0.00172521 0.00215021 0.00422222 0.00592857 0.0093913 0.000359999 0.00309375 -7.15256e-10 0.000274478 0.00158955 0.000934426 0.00358537 0.0023125 -0.000407408 0.00124242 -0.000727273 -0.00144156 0.00177273 0.00371053 -0.000718311 0.000893129 -0.00166072 0.00183871 0.00549057 -0.00225834 -0.00161111 -0.000424243
internal_weight=1941 882 259 1059 233 108 84 46 125 64 250 623 268 244 82 96 162 99 66 154 44 76 355 131 224 62 53 809 432 198
internal_count=1941 882 259 1059 233 108 84 46 125 64 250 623 268 244 82 96 162 99 66 154 44 76 355 131 224 62 53 809 432 198
is_linear=0
shrinkage=0.03


Tree=104
num_leaves=31
num_cat=0
split_feature=1 57 9 41 36 10 45 6 57 22 42 57 2 40 3 17 6 3 14 3 22 10 18 42 6 28 6 20 48 6
split_gain=3.66997 2.41486 1.5054 1.27602 1.54873 1.16644 1.14191 1.11724 1.79075 0.877376 0.836237 0.73208 0.98289 0.684757 1.55878 0.878284 1.91445 1.56863 0.694515 0.686318 0.642756 0.596737 0.485541 0.468917 0.421296 1.00962 0.397607 0.574946 0.391619 0.57551
threshold=595.90178570000012 25.500000000000004 141.50000000000003 329.99738779038734 639.65625000000011 0.58216583101416164 87.500000000000014 17.500000000000004 223.00000000000003 751.50000000000011 4.009821450000012 285.50000000000006 6974.9285715000015 966.7769965270835 6355305.6250000009 42.500000000000007 20.500000000000004 6327947.7855000012 32.95000000000001 7171728.0000000009 12.500000000000002 0.84874750804349197 26.500000000000004 -152.91785714999997 25.500000000000004 1006.9500000000002 16.500000000000004 6.5000000000000009 29.500000000000004 25.500000000000004
decision_type=2 2 2 2 2 2 2 2 2 2 2 2 2 2 2 2 2 2 2 2 2 2 2 2 2 2 2 2 2 2
left_child=2 -2 5 6 7 11 13 8 10 24 -5 12 -1 15 -15 18 19 -18 -3 23 -8 -19 -21 -17 25 -9 -13 -28 -4 -30
right_child=1 3 28 4 -6 -7 20 9 -10 -11 -12 26 -14 14 -16 16 17 21 -20 22 -22 -23 -24 -25 -26 -27 27 -29 29 -31
leaf_value=0.2830428782317464 0.64016171015708001 -0.66324245257377878 -2.6174652520896209 0.75277996909261258 0.42715846393937851 -2.7930916098574099 0.0068001139217757833 -6.1538918417762147 0.68864794085352765 0.51118687832199117 -0.37057805585524017 -7.6426780864070203 -0.49202990804064412 0.22258151459683478 -0.056329909281170251 0.094853369797173265 0.31418298986226106 -0.56088220698631053 0.029629719356321357 0.23540408501608776 0.21779237534077064 0.28732849365383539 -2.3062377375544383 -0.11960639204497574 -3.4892274273163402 0.51211791244153226 -0.015666456791836814 1.9171905209416416 -2.4760626171865594 0.71156977319166148
leaf_weight=29 22 279 499 21 20 81 22 30 22 37 20 24 21 23 27 22 20 22 34 20 21 26 23 155 52 26 56 26 160 101
leaf_count=29 22 279 499 21 20 81 22 30 22 37 20 24 21 23 27 22 20 22 34 20 21 26 23 155 52 26 56 26 160 101
internal_value=-0.000527049 0.000813559 -0.00179639 0.000579175 0.00252632 0.000291139 -6.05194e-05 0.00175961 0.00509524 0.000310344 0.00139024 0.00180769 0.0048 -0.000373273 0.003 -0.000653911 0.000541666 0.00494118 -0.00175399 -0.000818183 0.00467442 0.002 0.00258139 -0.00164407 -0.00105556 0.000749999 0.000396226 0.00139024 -0.00244737 -0.00150575
internal_weight=1941 944 997 922 228 237 694 208 63 145 41 156 50 651 50 601 288 68 313 220 43 48 43 177 108 56 106 82 760 261
internal_count=1941 944 997 922 228 237 694 208 63 145 41 156 50 651 50 601 288 68 313 220 43 48 43 177 108 56 106 82 760 261
is_linear=0
shrinkage=0.03


Tree=105
num_leaves=31
num_cat=0
split_feature=1 41 8 19 9 2 16 32 28 58 41 30 53 23 58 58 5 17 8 37 8 1 19 47 58 4 28 58 10 28
split_gain=3.64736 1.16936 1.0985 1.63136 1.05207 0.907106 0.840768 1.08701 0.730159 0.992063 0.728982 1.06083 0.72627 0.637059 0.631279 0.863962 0.723573 0.603238 0.731876 0.558375 0.96293 0.958865 0.550124 0.450228 0.504479 0.967255 1.15179 2.07202 0.634921 0.44971
threshold=1818.4375000000002 321.11657227109714 2.5000000000000004 15.500000000000002 149.50000000000003 4616.4464285000004 24.550000000000004 824.84375000000011 1007.5500000000001 1007.0500000000001 181.13271287703955 455.33571430000006 115.50000000000001 174.50000000000003 1006.1500000000002 1007.4500000000002 1.0000000180025095e-35 6.5000000000000009 4.5000000000000009 830.63571430000013 4.5000000000000009 6840.9553570000007 18.500000000000004 63.500000000000007 1007.35 21.500000000000004 1006.4500000000002 1006.6500000000002 0.88144907265856365 1007.0500000000001
decision_type=2 2 2 2 2 2 2 2 2 2 2 2 2 2 2 2 2 2 2 2 2 2 2 2 2 2 2 2 2 2
left_child=4 6 13 5 17 8 10 14 9 -4 11 -2 -6 -3 -8 29 -17 -1 22 -12 -21 -22 23 24 25 26 -19 -28 -29 -16
right_child=1 2 3 -5 12 -7 7 -9 -10 -11 19 -13 -14 -15 15 16 -18 18 -20 20 21 -23 -24 -25 -26 -27 27 28 -30 -31
leaf_value=-3.0306557261021507 -0.94729199799158126 1.1326952070381524 0.60373433454326375 0.66798850262792053 -2.4572840394688487 -1.335665197725677 -0.90009727834930042 0.10775898449463954 0.070522695556556922 0.54940641180372807 -0.66157477402311415 0.25591550651099537 0.63085487233962212 -1.0558303016712576 0.0399318374433957 0.14642958694430674 -0.039269167289592191 -0.13026597179383945 -1.9036950157455768 -0.01567364625672937 0.078686135636292676 -0.0053248986802996098 0.088302219218855837 -2.2175536193109697 -0.22606549749506641 0.86352408147965332 1.1799360664095686 -1.164698444885625 3.2442464012114223 0.31265827591385892
leaf_weight=123 34 25 36 22 428 26 38 21 36 20 231 32 21 60 21 22 64 121 180 65 20 27 23 55 70 20 24 36 20 20
leaf_count=123 34 25 36 22 428 26 38 21 36 20 231 32 21 60 21 22 64 121 180 65 20 27 23 55 70 20 24 36 20 20
internal_value=-0.000496137 0.00102439 0.00286667 0.0045 -0.00160839 0.00310169 0.00032773 0.002 0.0045 0.00664286 -0.000432764 0.00245454 -0.00273274 0.00017647 0.00118182 0.00219685 0.000488371 -0.000857144 -0.000431695 -0.000988339 0.000749999 0.00402128 0.000333333 3.46814e-05 0.000505154 0.00120814 0.000582089 0.003375 0.000214285 0.00578049
internal_weight=1941 820 225 140 1121 118 595 186 92 56 409 66 449 85 165 127 86 672 549 343 112 47 369 346 291 221 201 80 56 41
internal_count=1941 820 225 140 1121 118 595 186 92 56 409 66 449 85 165 127 86 672 549 343 112 47 369 346 291 221 201 80 56 41
is_linear=0
shrinkage=0.03


Tree=106
num_leaves=31
num_cat=0
split_feature=1 8 40 58 3 52 9 23 26 49 31 31 39 8 47 47 27 6 16 45 18 26 34 40 27 32 47 6 36 1
split_gain=3.64957 1.39292 1.04005 1.57923 1.05924 0.985417 0.858932 1.05743 0.85857 0.848956 0.729475 0.840345 0.713649 0.615955 0.839872 0.892975 0.787731 0.672197 0.62119 1.22162 0.577414 0.555439 0.887472 0.533333 0.456767 0.535714 1.0992 0.433903 0.418248 0.4
threshold=3255.6250000000005 2.5000000000000004 772.78441219791682 1007.5500000000001 6306807.5000000009 3.5000000000000004 149.50000000000003 126.50000000000001 17.050000000000004 45.500000000000007 683.04464285000006 952.86875000000009 1017.3111606750001 4.5000000000000009 12.500000000000002 37.500000000000007 262.50000000000006 19.500000000000004 24.750000000000004 80.500000000000014 73.500000000000014 19.150000000000002 1100.7142855000004 0.6507812500000002 317.50000000000006 776.64642855000011 32.500000000000007 25.500000000000004 529.67142855000009 10653.857145000002
decision_type=2 2 2 2 2 2 2 2 2 2 2 2 2 2 2 2 2 2 2 2 2 2 2 2 2 2 2 2 2 2
left_child=6 5 3 4 -3 -2 9 -8 -4 13 -6 -12 20 14 17 16 -16 -1 -17 -20 -7 -10 -23 -18 25 26 -5 -21 -29 -13
right_child=1 2 8 24 10 12 7 -9 21 -11 11 29 -14 -15 15 18 23 -19 19 27 -22 22 -24 -25 -26 -27 -28 28 -30 -31
leaf_value=0.084405198311590532 0.23346839776580136 0.31567547100891197 0.10807656358212855 0.32529714839302537 0.0053325517124509191 -1.0760239678929142 -2.3233852738682166 0.29643396324417776 -1.8631534079630241 0.51234919481354213 0.45916029706885897 0.77565821811787528 0.16066788623966904 -3.5039139065838407 -0.14694192439748269 -2.7053918038241158 0.68020567082791994 -3.355319724257845 1.2167526931620265 -8.0993225702082086 0.30216772149037752 -0.49758968526243297 0.27258081963677161 0.061143560937235927 -0.63144959120494859 -0.44029953266374711 0.0023318074358202544 -0.026774200195058651 1.3564316212255834 -0.0033605701684629196
leaf_weight=28 45 34 25 31 34 188 471 30 79 23 31 20 37 205 22 91 20 173 29 42 20 27 23 40 21 42 39 31 20 20
leaf_count=28 45 34 25 31 34 188 471 30 79 23 31 20 37 205 22 91 20 173 29 42 20 27 23 40 21 42 39 31 20 20
internal_value=-0.000511593 0.00118994 0.00228169 0.00339706 0.00563309 -0.000413794 -0.00150612 -0.00246108 0.000311688 -0.000845305 0.00414286 0.00587324 -0.00116327 -0.00103138 -0.000459678 0.000559321 0.00321951 -0.00195522 -0.000464789 0.000934426 -0.00184615 -0.000674419 0.0018 0.005 0.00106015 0.00182143 0.00342857 -0.000741936 0.00111765 0.003
internal_weight=1941 716 426 272 139 290 1225 501 154 724 105 71 245 701 496 295 82 201 213 122 208 129 50 60 133 112 70 93 51 40
internal_count=1941 716 426 272 139 290 1225 501 154 724 105 71 245 701 496 295 82 201 213 122 208 129 50 60 133 112 70 93 51 40
is_linear=0
shrinkage=0.03


Tree=107
num_leaves=31
num_cat=0
split_feature=39 48 18 36 24 43 14 24 48 33 12 42 3 53 30 22 56 44 44 49 14 11 10 43 58 12 41 6 36 16
split_gain=3.56395 1.32475 1.49014 1.52772 1.24751 1.06749 1.27454 1.08306 0.886447 0.832733 0.810652 0.808964 1.2524 0.752734 2.03101 0.745892 0.743878 1.38551 1.13908 0.798317 1.40994 0.63438 0.622294 0.616917 0.475682 0.416558 0.822454 1.09271 0.716429 0.413565
threshold=712.92790178750022 74.500000000000014 1.0000000180025095e-35 296.78928570000005 654.55000000000007 103.28571429999995 30.550000000000004 218.50000000000003 17.500000000000004 924.44285715000012 0.62334665204000361 -78.955357099999972 6353144.6160000013 126.50000000000001 287.46428570000006 761.00000000000011 7.6500000000000012 29.550000000000004 29.250000000000004 2.5000000000000004 28.750000000000004 0.68322629814330826 0.58216583101416164 312.85357145000006 1005.85 0.53946920585801694 3.1881639934219659 25.500000000000004 776.16785715000003 24.850000000000005
decision_type=2 2 2 2 2 2 2 2 2 2 2 2 2 2 2 2 2 2 2 2 2 2 2 2 2 2 2 2 2 2
left_child=5 2 4 29 9 10 7 8 -7 -2 13 12 -6 25 -15 -13 -12 18 19 20 22 -21 -18 -9 -23 -1 27 -27 -29 -4
right_child=1 -3 3 -5 11 6 -8 23 -10 -11 16 15 -14 14 -16 -17 17 -19 -20 21 -22 24 -24 -25 -26 26 -28 28 -30 -31
leaf_value=-2.2944392417630306 0.23977206368195822 0.48932054537649378 -1.1715890782829936 0.33991925276905333 0.55966027791932893 0.089505634175105556 -0.017811991340742021 0.33671285524143563 -0.11378949648597718 0.49418406790371994 -2.6429320747070255 -0.69666350358613183 0.0097631552034699604 0.94175444200589353 -0.055761945000549006 0.4642789881024687 0.12494575821197786 -1.6331875237191353 0.31206267215566869 -1.6307209245753567 1.1798398842313904 1.4326720753313118 -1.387289041387807 0.12075091505705472 -0.32998795048539803 -3.713562583893399 -3.3987964893863256 1.8381888162393933 0.85931773472300488 0.4580040699358377
leaf_weight=445 26 38 156 20 20 32 126 27 52 35 112 59 31 20 61 25 21 89 29 54 21 23 23 22 20 67 184 49 24 30
leaf_count=445 26 38 156 20 20 32 126 27 52 35 112 59 31 20 61 25 21 89 29 54 21 23 23 22 20 67 184 49 24 30
internal_value=-0.000465225 0.00190909 0.00140298 -0.000378641 0.00327551 -0.00116123 0.000590733 0.0026391 0.000571428 0.00683606 -0.00152657 0.00166667 0.00464706 -0.00204706 0.000703703 -0.000142858 -0.00039796 0.000428571 0.00186911 0.000888888 0.00346154 -0.000835052 0.00040909 0.00618367 0.00188372 -0.0023368 -0.00151852 0.000214285 0.00275342 -0.00122581
internal_weight=1941 440 402 206 196 1501 259 133 84 61 1242 135 51 850 81 84 392 280 191 162 65 97 44 49 43 769 324 140 73 186
internal_count=1941 440 402 206 196 1501 259 133 84 61 1242 135 51 850 81 84 392 280 191 162 65 97 44 49 43 769 324 140 73 186
is_linear=0
shrinkage=0.03


Tree=108
num_leaves=31
num_cat=0
split_feature=39 26 2 42 43 49 31 23 1 14 39 31 37 37 6 6 4 36 10 46 58 17 3 36 42 58 28 47 47 21
split_gain=3.67672 1.33964 1.58619 1.2406 1.12424 0.970369 0.990168 1.80408 0.955166 0.93276 0.727417 0.705769 0.921065 0.742424 0.652088 1.34648 1.62883 1.18037 0.769803 0.835986 1.20014 0.724443 0.936209 0.799154 0.574181 0.5432 0.622254 0.460303 0.72803 0.45873
threshold=712.92790178750022 14.350000000000003 7396.1607145000007 -81.540178649999959 49.03750000000003 15.500000000000002 1166.4571430000003 174.50000000000003 10003.151785500002 30.550000000000004 967.5714286000001 182.19285710000003 635.33125000000007 385.97142855000004 16.500000000000004 20.500000000000004 17.500000000000004 745.88750000000016 0.58216583101416164 25.450000000000003 1006.5500000000001 12.500000000000002 6346132.7145000007 175.85000000000005 -35.64107142999999 1008.4500000000002 1008.9500000000002 44.500000000000007 62.500000000000007 370.00000000000006
decision_type=2 2 2 2 2 2 2 2 2 2 2 2 2 2 2 2 2 2 2 2 2 2 2 2 2 2 2 2 2 2
left_child=4 3 5 -2 14 6 -3 -8 -5 11 29 27 13 -13 24 16 17 -16 -17 20 -20 23 -23 -18 -1 -11 -27 -6 -29 -7
right_child=1 2 -4 8 9 10 7 -9 -10 25 -12 12 -14 -15 15 18 21 -19 19 -21 -22 22 -24 -25 -26 26 -28 28 -30 -31
leaf_value=0.28593726275935394 0.81452971741575264 -0.30092657273068241 0.2162301273256784 -0.2550076058674538 -1.4792050730313457 -0.59670309583679582 1.027142689964492 -1.3291835038870992 0.30656695260469019 -0.089179658449744723 0.62167625915620151 0.024157848353947468 -0.34835158868846172 0.27710238130066478 -2.7236518784164572 -2.362103706841312 -1.3645175599581045 0.42577637200482565 -0.55789703307158922 -1.0858489767769008 3.3911410338671546 0.3510710309345102 0.8582238085454319 0.21771437877707592 -2.1895274820179602 0.1087087055271648 -1.8903475323179828 0.27833395854928744 -0.97198698012339757 0.35981694220649602
leaf_weight=39 20 204 35 27 31 21 20 38 30 93 21 33 28 33 108 429 21 37 23 103 25 26 21 22 335 23 27 20 24 24
leaf_count=39 20 204 35 27 31 21 20 38 30 93 21 33 28 33 108 429 21 37 23 103 25 26 21 22 335 23 27 20 24 24
internal_value=-0.000434313 0.00197727 0.00121488 0.00557143 -0.00114124 0.000567072 -0.000251909 0.0032069 0.00331579 0.000461538 0.00381818 0.00197041 0.00370213 0.00563636 -0.00156182 -0.00108589 0.000829787 -0.00113793 -0.00186207 -1.98683e-05 0.00325 0.004 0.00657447 0.00118605 -0.00259893 -0.00132168 0.0012 -0.000200001 0.00177273 0.00166667
internal_weight=1941 440 363 77 1501 328 262 58 57 312 66 169 94 66 1189 815 235 145 580 151 48 90 47 43 374 143 50 75 44 45
internal_count=1941 440 363 77 1501 328 262 58 57 312 66 169 94 66 1189 815 235 145 580 151 48 90 47 43 374 143 50 75 44 45
is_linear=0
shrinkage=0.03


Tree=109
num_leaves=31
num_cat=0
split_feature=11 12 6 44 38 49 12 11 40 27 57 40 56 36 27 23 5 19 26 16 48 21 16 6 44 40 41 30 27 5
split_gain=3.7293 1.55651 1.3449 1.30387 1.15297 1.13686 1.0477 1.16301 0.917805 0.889051 1.44663 1.26683 1.26586 1.10271 0.82975 0.786901 0.734722 1.28444 0.509511 0.50271 0.450818 0.446429 0.408027 0.852264 0.401569 0.592717 0.401521 0.516862 0.408333 0.4
threshold=-0.097964660725097338 0.64987354830121502 25.500000000000004 33.100000000000009 296.40892856250014 45.500000000000007 0.64987354830121502 0.81241147629689003 34.380468749791667 280.50000000000006 237.50000000000003 966.7769965270835 15.050000000000002 7.2553571430000003 301.50000000000006 183.50000000000003 37.500000000000007 86.500000000000014 8.4500000000000011 23.450000000000003 1.0000000180025095e-35 884.50000000000011 26.050000000000004 25.500000000000004 29.650000000000002 293.5166666722709 257.1342189636942 703.81875000000014 57.500000000000007 22.500000000000004
decision_type=2 2 2 2 2 2 2 2 2 2 2 2 2 2 2 2 2 2 2 2 2 2 2 2 2 2 2 2 2 2
left_child=1 2 9 4 8 -3 22 20 -4 10 16 15 13 -12 29 19 18 -18 -1 -11 24 -5 -2 -24 25 -8 28 -28 -20 -9
right_child=6 5 3 21 -6 -7 7 14 -10 11 12 -13 -14 -15 -16 -17 17 -19 26 -21 -22 -23 23 -25 -26 -27 27 -29 -30 -31
leaf_value=-0.032571963973313002 -2.1999312052149342 -1.8960183272486069 -0.06603067048838332 0.19598049286835201 -2.3702261508031031 0.13811049926770821 -0.013913496770065899 1.7255097949441238 0.35154327999110802 0.19556888074929052 0.84444536371437451 0.19271191166649315 0.15974385024199841 0.30703816054968674 -0.036966651879072492 0.32429886513641609 0.30664785906659603 -0.056243692573896324 0.084638808708825897 -0.91596603856455872 -3.3000113004797664 0.24244910954957322 -2.6602839247942649 0.80584907288685126 -1.4072787370867981 0.15728904090737794 0.81512525600442842 0.049036640466802443 -0.9685820450942243 0.082512593211027677
leaf_weight=32 686 176 29 28 161 30 30 20 24 31 26 32 25 22 41 36 25 20 24 83 84 28 60 32 24 21 23 38 30 20
leaf_count=32 686 176 29 28 161 30 30 20 24 31 26 32 25 22 41 36 25 20 24 83 84 28 60 32 24 21 23 38 30 20
internal_value=-0.000480681 0.000900324 0.00156067 -0.000111112 -0.00117757 -0.00139806 -0.00173281 -7.15256e-10 0.00266038 0.00257047 0.00367924 0.000956043 0.00727397 0.010125 0.00292593 -0.000200001 0.0023125 0.00566667 0.00128571 -0.00142105 -0.00149057 0.00396428 -0.00226735 -0.000391305 0.000199999 0.00170588 0.00221739 0.00388525 0.000333333 0.006
internal_weight=1941 923 717 270 214 206 1018 240 53 447 265 182 73 48 81 150 192 45 147 114 159 56 778 92 75 51 115 61 54 40
internal_count=1941 923 717 270 214 206 1018 240 53 447 265 182 73 48 81 150 192 45 147 114 159 56 778 92 75 51 115 61 54 40
is_linear=0
shrinkage=0.03


Tree=110
num_leaves=31
num_cat=0
split_feature=1 8 24 36 42 47 38 42 42 59 8 57 57 24 47 3 29 17 8 44 47 26 3 56 43 27 5 27 39 3
split_gain=4.32011 1.76441 1.75635 1.23953 1.17141 0.978672 1.35692 0.907759 0.858338 0.768965 0.740064 1.08088 0.708214 1.22239 1.22735 0.909214 0.68309 0.668259 0.644977 1.03248 1.02083 0.910931 0.85618 0.758064 0.717892 0.902564 0.66692 0.781579 0.460909 0.637121
threshold=3255.6250000000005 3.5000000000000004 344.15000000000003 584.93750000000011 -119.65624999999999 34.500000000000007 629.14508928750013 24.63660700000003 69.931250000000048 1.0000000180025095e-35 1.0000000180025095e-35 292.50000000000006 294.50000000000006 720.30000000000007 17.500000000000004 6365409.4285000013 0.35000000000000003 6.5000000000000009 2.5000000000000004 28.350000000000005 37.500000000000007 7.7500000000000009 6252645.0980000012 21.050000000000001 8.2857143499999797 276.50000000000006 1.0000000180025095e-35 274.50000000000006 776.91093752500012 6530118.7145000007
decision_type=2 2 2 2 2 2 2 2 2 2 2 2 2 2 2 2 2 2 2 2 2 2 2 2 2 2 2 2 2 2
left_child=9 2 4 10 -2 12 -7 -6 -9 17 11 -4 13 14 15 -3 -10 -1 19 20 -19 -22 -21 24 -20 -26 27 -24 -14 -30
right_child=1 5 3 -5 7 6 -8 8 16 -11 -12 -13 28 -15 -16 -17 -18 18 23 22 21 -23 26 -25 25 -27 -28 -29 29 -31
leaf_value=-2.4298272225875959 0.63741675426553768 0.27828113631027646 0.41600766009124612 0.37033506462294086 -0.24935708641692245 0.072751029169344353 0.059624815259543551 0.17288901505953166 0.20781529908419999 -2.0371415415731957 -8.295048483825525 -9.4729040317757267 -0.52285259319779143 -0.5003375424587504 0.24608980643012351 0.078372104801590806 -0.014875789884766078 0.48235438238326339 -2.2440001374126264 0.5737833762432667 -1.9168672672381248 0.81297955235157449 -0.11126174134359004 0.15257038725777872 0.48533138018617888 -1.4859360994714397 -0.33871339611619905 0.31993015072235598 0.6591070510306869 -0.71444347709477973
leaf_weight=158 30 22 24 21 41 36 39 21 31 253 171 27 49 52 43 29 36 32 384 23 38 26 22 21 30 22 178 38 24 20
leaf_count=158 30 22 24 21 41 36 39 21 31 253 171 27 49 52 43 29 36 32 384 23 38 26 22 21 30 22 178 38 24 20
internal_value=-0.000326121 0.00152514 0.000208955 -0.00139506 0.00266038 0.00321019 0.0062 0.0014186 0.00313636 -0.00140816 -0.00205405 0.00111765 0.00227197 0.00357534 0.00561702 0.00876471 0.00147761 -0.00102469 -0.000678133 0.00027731 0.0029375 0.000749999 -0.00070115 -0.00142451 -0.00169266 0.00161538 -0.00123529 0.0015 0.000225806 0.00245454
internal_weight=1941 716 402 243 159 314 75 129 88 1225 222 51 239 146 94 51 67 972 814 357 96 64 261 457 436 52 238 60 93 44
internal_count=1941 716 402 243 159 314 75 129 88 1225 222 51 239 146 94 51 67 972 814 357 96 64 261 457 436 52 238 60 93 44
is_linear=0
shrinkage=0.03


Tree=111
num_leaves=31
num_cat=0
split_feature=11 49 19 38 9 9 53 17 22 9 6 43 17 11 53 43 2 1 1 44 57 6 26 2 24 41 43 57 58 49
split_gain=3.76168 1.6261 2.23389 1.73527 1.49926 1.06001 1.13404 0.809132 0.762468 0.660966 1.36799 1.6609 0.827468 0.87526 0.680797 0.902845 0.727323 0.624341 0.617544 0.607257 0.722382 0.772623 0.676737 0.758249 0.855523 0.571878 0.567227 0.559874 0.463284 0.456871
threshold=-0.22695468355932455 28.500000000000004 50.500000000000007 924.63995535000015 141.50000000000003 149.50000000000003 95.500000000000014 7.5000000000000009 49.000000000000007 146.50000000000003 29.500000000000004 -117.96874999999999 42.500000000000007 -0.5 189.00000000000003 326.64464265000004 7241.5000000000009 9881.2857145000016 4659.0000000000009 29.550000000000004 304.50000000000006 25.500000000000004 7.6500000000000012 7965.0000000000009 14.250000000000002 260.15625666338218 214.57767855000003 280.50000000000006 1007.35 43.500000000000007
decision_type=2 2 2 2 2 2 2 2 2 2 2 2 2 2 2 2 2 2 2 2 2 2 2 2 2 2 2 2 2 2
left_child=1 4 3 26 -1 7 -7 -2 17 14 12 -12 -11 -14 15 16 27 25 -13 20 22 29 -9 24 28 -4 -3 -6 -24 -22
right_child=5 2 8 -5 9 6 -8 19 -10 10 11 18 13 -15 -16 -17 -18 -19 -20 -21 21 -23 23 -25 -26 -27 -28 -29 -30 -31
leaf_value=-7.2027023759227182 -2.5698088808298762 0.054179890005634182 0.024956154332106458 0.75967969712701244 0.068343975034466931 -2.0686943346043138 0.68640850222087957 -1.5256745308903266 -0.37533225122184977 -1.2961228485835781 1.5544003865290899 -0.88722154163089673 -0.012317821217322831 0.2363352713853569 0.40667105069632753 0.31410265380459718 0.18944912560042587 -0.91813183351039873 0.063853060483569327 -5.9511001685945324 -3.3864164121267746 0.80879728698870323 0.7584206850181423 -2.2604568661055056 1.1060293213437928 0.58383352092435026 0.2416355971980359 -0.5216210433464139 -0.46423181031534455 0.30539840494783838
leaf_weight=139 140 30 44 22 30 422 21 87 31 161 22 22 38 21 40 24 31 24 38 62 146 28 97 30 20 26 21 77 22 25
leaf_count=139 140 30 44 22 30 422 21 87 31 161 22 22 38 21 40 24 31 24 38 62 146 28 97 30 20 26 21 77 22 25
internal_value=-0.000372489 0.00113793 0.00351515 0.00768493 0.000405909 -0.00152727 -0.0026614 -0.000762558 0.00108 0.00116667 0.000278145 0.00358537 -0.000954546 0.00208475 0.00249505 0.00162963 0.000695651 0.00242553 0.000999999 -0.000214701 0.000164834 -0.00119096 0.00121875 0.00232544 0.00325899 0.00385714 0.00464706 -0.000476636 0.00229412 -0.00194737
internal_weight=1941 841 198 73 643 1100 443 657 125 504 302 82 220 59 202 162 138 94 60 517 455 199 256 169 139 70 51 107 119 171
internal_count=1941 841 198 73 643 1100 443 657 125 504 302 82 220 59 202 162 138 94 60 517 455 199 256 169 139 70 51 107 119 171
is_linear=0
shrinkage=0.03


Tree=112
num_leaves=31
num_cat=0
split_feature=11 8 9 31 31 57 36 22 42 9 53 35 43 32 34 8 37 37 30 16 9 35 10 36 11 26 37 46 9 37
split_gain=3.4941 1.59242 1.17921 0.839872 0.951221 1.08692 0.832071 1.23165 1.03781 0.79891 1.11158 0.778678 2.05495 0.857075 0.724566 0.714286 0.713654 1.09459 0.69527 0.691211 0.649002 1.12363 0.978713 0.980247 0.577413 0.611474 0.41957 0.411092 0.378589 0.509804
threshold=-0.22695468355932455 3.5000000000000004 141.50000000000003 1166.4571430000003 950.34732145000009 325.50000000000006 455.96785715000004 258.50000000000006 -119.65624999999999 149.50000000000003 95.500000000000014 509.62857145000004 -207.74910714999999 776.64642855000011 1.0000000180025095e-35 1.0000000180025095e-35 226.47500000000002 724.69375000000002 1006.6687500000002 23.850000000000005 146.50000000000003 552.42142855000009 0.097964660725097311 776.16785715000003 -0.63405362205439475 12.750000000000002 29.999107145000004 25.450000000000003 139.50000000000003 8.6303571430000012
decision_type=2 2 2 2 2 2 2 2 2 2 2 2 2 2 2 2 2 2 2 2 2 2 2 2 2 2 2 2 2 2
left_child=1 2 -1 4 5 11 7 8 -4 14 -11 12 -3 16 20 -9 26 -18 24 -13 21 -2 -22 27 -10 -26 -14 -24 29 -16
right_child=9 3 6 -5 -6 -7 -8 15 18 10 -12 19 13 -15 28 -17 17 -19 -20 -21 22 -23 23 -25 25 -27 -28 -29 -30 -31
leaf_value=-10.830978866591542 -0.67810931629310534 0.99559338526226071 0.45718859561925856 0.25787452800898075 -0.015490672445740683 -0.71863707712023794 0.34091657089323607 0.23553495908091654 -0.015117767524698816 -2.0066335045661847 0.66581624715425347 0.40217885389319358 0.029876649262411539 -0.015459513528352018 0.16685582075852051 -6.7771018133360688 0.47157337976632663 0.058391165462151277 0.78198637209033861 -0.45749444220998664 -2.2892712701298614 0.74321719646783513 2.6524542632655472 0.81850957204794728 -0.033407904005439137 0.22735908732103757 -0.038649710193144921 -0.97426610807180936 -3.293489838443997 -4.4804039201891355
leaf_weight=105 307 20 35 33 59 27 23 28 65 422 21 34 20 38 25 112 37 37 20 44 28 20 32 23 48 35 21 23 173 26
leaf_count=105 307 20 35 33 59 27 23 28 65 422 21 34 20 38 25 112 37 37 20 44 28 20 32 23 48 35 21 23 173 26
internal_value=-0.000496137 0.000959571 -0.000197453 0.00243243 0.00198516 0.00271942 0.000606557 0.000236151 0.00172906 -0.00160909 -0.00259368 0.00333466 0.00445665 0.00327451 -0.000945206 -0.00192857 0.00456522 0.00632432 0.000749999 0.000846153 -0.000228638 -0.000889909 0.00181132 0.00353846 4.05398e-05 0.00169879 0.00139024 0.00136364 -0.00233036 -5.88242e-05
internal_weight=1941 841 471 370 337 278 366 343 203 1100 443 251 173 153 657 140 115 74 168 78 433 327 106 78 148 83 41 55 224 51
internal_count=1941 841 471 370 337 278 366 343 203 1100 443 251 173 153 657 140 115 74 168 78 433 327 106 78 148 83 41 55 224 51
is_linear=0
shrinkage=0.03


Tree=113
num_leaves=31
num_cat=0
split_feature=31 9 45 49 58 31 39 17 27 36 58 47 31 27 8 16 39 30 30 30 56 8 15 3 45 58 27 56 17 6
split_gain=2.45955 1.62602 1.55672 1.08458 1.33119 1.15789 1.3042 1.00194 1.06477 0.925093 0.908504 0.842436 0.683678 0.918367 1.16953 1.13372 0.852273 0.740192 0.675614 1.05834 0.513349 0.747813 0.550635 0.551511 0.466837 0.468944 0.534672 0.746108 0.49135 0.428509
threshold=76.194642855000012 149.50000000000003 87.500000000000014 37.500000000000007 1005.9500000000002 1166.4571430000003 1124.0417410375003 64.500000000000014 37.500000000000007 455.96785715000004 1003.85 7.5000000000000009 947.40625000000011 316.50000000000006 3.5000000000000004 24.350000000000005 826.81361607500014 457.11875000000003 683.04464285000006 455.33571430000006 15.550000000000002 4.5000000000000009 76.500000000000014 6231746.7410000013 87.500000000000014 1007.35 301.50000000000006 7.6500000000000012 41.500000000000007 30.500000000000004
decision_type=2 2 2 2 2 2 2 2 2 2 2 2 2 2 2 2 2 2 2 2 2 2 2 2 2 2 2 2 2 2
left_child=1 10 3 4 29 9 -7 -5 -9 12 -1 -12 13 14 15 -6 18 -17 19 -16 21 22 -13 -24 25 26 27 -25 -29 -2
right_child=2 -3 -4 7 5 6 -8 8 -10 -11 11 20 -14 -15 16 17 -18 -19 -20 -21 -22 -23 23 24 -26 -27 -28 28 -30 -31
leaf_value=0.054741810146508377 -0.87033293717732307 -1.9852205392510849 0.29919264122581674 0.095057998210772363 -8.0124665956935814 0.4712480475205878 -0.092320904891866826 0.74575443993830137 -0.00079960913924418016 0.30771030816414119 -2.7870947685602516 -0.1592103618231096 -0.43329094369422239 -0.75312956848010693 -0.037490168590308688 0.24410142299338264 1.9413842309101572 -1.2695202676447819 -0.027648665463803491 0.42732328317118506 0.92490177482357938 -2.9078708240067939 0.62270870298589331 -2.6820453712886878 0.5760988278365361 -1.0092674408283411 -1.5112560848171759 0.033961752557205495 1.4171653496237129 0.027214707174248221
leaf_weight=21 296 410 33 36 65 29 22 24 101 33 122 37 75 49 21 20 22 23 23 22 20 146 21 33 36 39 53 54 33 22
leaf_count=21 296 410 33 36 65 29 22 24 101 33 122 37 75 49 21 20 22 23 23 22 20 146 21 33 36 39 53 54 33 22
internal_value=-0.000527049 -0.00153659 0.000602619 0.000363533 -0.000132965 0.0010099 0.00523529 0.00259006 0.00132 0.000399433 -0.000560976 -0.000777778 -9.37507e-05 0.000673469 0.00159184 -0.000500001 0.00415909 0.00327907 0.00245454 0.00467442 -0.000203391 -0.000411505 0.000431372 0.000903345 0.000508064 -2.83026e-05 0.000641618 0.00175 0.0032069 -0.00158491
internal_weight=1941 1025 916 883 722 404 51 161 125 353 615 594 320 245 196 108 88 43 66 43 472 452 306 269 248 212 173 120 87 318
internal_count=1941 1025 916 883 722 404 51 161 125 353 615 594 320 245 196 108 88 43 66 43 472 452 306 269 248 212 173 120 87 318
is_linear=0
shrinkage=0.03


Tree=114
num_leaves=31
num_cat=0
split_feature=31 27 9 10 56 32 34 8 30 57 16 42 6 30 42 18 56 52 44 9 10 26 6 56 30 1 40 57 53 56
split_gain=3.43683 1.74848 1.62998 1.50688 1.09984 1.30728 1.57765 1.73915 1.548 1.25673 1.19364 1.03743 0.906324 0.811887 0.939743 0.811855 0.863171 0.961276 0.686773 0.56376 1.06064 0.735294 0.705971 0.59358 0.536098 0.535192 0.520111 0.666667 0.49547 0.46686
threshold=76.194642855000012 37.500000000000007 141.50000000000003 0.58216583101416164 12.950000000000001 800.00000000000011 1221.4714285000002 4.5000000000000009 1100.7142855000004 189.50000000000003 24.050000000000004 -156.0124999999999 16.500000000000004 177.27142855000002 61.1151786 63.500000000000007 10.750000000000002 54.500000000000007 29.250000000000004 149.50000000000003 0.35206144883412577 8.6500000000000004 25.500000000000004 9.9500000000000011 927.76250000000016 6930.9285715000015 246.46584821789585 286.50000000000006 130.50000000000003 15.850000000000003
decision_type=2 2 2 2 2 2 2 2 2 2 2 2 2 2 2 2 2 2 2 2 2 2 2 2 2 2 2 2 2 2
left_child=2 -2 3 12 11 9 7 29 10 -6 -9 -3 -1 -13 28 16 17 -16 26 20 -4 22 -22 -23 -11 -19 27 -14 -15 -7
right_child=1 4 19 -5 5 6 -8 8 -10 24 -12 13 18 14 15 -17 -18 25 -20 -21 21 23 -24 -25 -26 -27 -28 -29 -30 -31
leaf_value=-6.8285947891916265 0.65172976015055872 0.60035828424207915 -2.3915835743851379 -2.3338187465886691 0.061610714911702974 0.063177369334876041 0.23202209528308848 0.66069314744270002 -0.017771804095967476 -1.413045046185093 0.78014135227964332 0.10983160607313655 0.5391706974999162 0.016879090851116725 -0.014538658644599288 0.53919114814891345 -2.1188989949824002 0.10508029934624959 0.83957310504717098 -1.9256639230735522 -1.9467332757643336 1.1524227283569866 0.77389969780598011 0.85228187113764586 0.026965015802519511 0.095951875633468353 -0.055503066579697828 0.087584765599900222 -0.10780247459195705 -0.37581023915712963
leaf_weight=23 38 24 219 95 33 55 26 28 30 268 23 20 25 35 27 21 24 21 21 410 80 20 22 31 31 20 29 50 74 118
leaf_count=23 38 24 219 95 33 55 26 28 30 268 23 20 25 35 27 21 24 21 21 410 80 20 22 31 31 20 29 50 74 118
internal_value=-0.000372489 0.000962881 -0.00156585 0.000580246 0.000690204 -9.80464e-06 0.0015 0.000779527 0.00440741 -0.00128313 0.00758823 0.00230075 0.00247297 0.00171074 0.00118919 0.00310619 0.0018913 0.00361765 0.00348 -0.00223274 -0.0013871 0.000529411 -0.000941177 0.00347059 -0.00189632 0.00651219 0.00248077 0.0038 -0.000798166 -0.000919076
internal_weight=1941 916 1025 243 878 612 280 254 81 332 51 266 148 242 222 113 92 68 125 782 372 153 102 51 299 41 104 75 109 173
internal_count=1941 916 1025 243 878 612 280 254 81 332 51 266 148 242 222 113 92 68 125 782 372 153 102 51 299 41 104 75 109 173
is_linear=0
shrinkage=0.03


Tree=115
num_leaves=31
num_cat=0
split_feature=11 12 10 37 41 8 12 6 2 41 48 54 2 40 28 6 52 46 28 57 5 37 57 14 57 38 42 38 2 39
split_gain=2.88406 1.22569 1.08607 0.994373 1.05652 0.951981 1.3455 1.42699 1.1246 1.14938 1.62329 1.09415 1.04675 0.925631 1.06262 1.0113 1.02857 0.905215 0.779922 0.771524 0.714071 0.682695 0.676366 0.566933 0.510239 0.442901 0.441977 0.41957 0.4 0.4
threshold=-0.22695468355932455 0.64987354830121502 0.58216583101416164 163.95267855000003 341.41430920263832 3.5000000000000004 0.64987354830121502 25.500000000000004 7477.7500000000009 332.17803101110945 16.500000000000004 7.7000000000000011 780.3571429000001 772.78441219791682 1007.5500000000001 16.500000000000004 738.50000000000011 26.150000000000002 1005.7500000000001 289.50000000000006 1.0000000180025095e-35 830.63571430000013 286.50000000000006 28.650000000000002 44.500000000000007 734.8078124875002 163.7169643 927.36500000000012 5939.2857145000007 770.03303570000014
decision_type=2 2 2 2 2 2 2 2 2 2 2 2 2 2 2 2 2 2 2 2 2 2 2 2 2 2 2 2 2 2
left_child=5 17 3 4 18 6 7 8 9 11 27 29 -9 14 15 25 19 24 20 -17 -3 -15 -16 -22 -2 -7 -13 -11 -23 -1
right_child=1 2 -4 -5 -6 13 -8 12 -10 10 -12 26 -14 21 22 16 -18 -19 -20 -21 23 28 -24 -25 -26 -27 -28 -29 -30 -31
leaf_value=0.20848602415926312 0.048451056651478856 0.43446764715527197 -2.3288844353423661 -3.4833407403399481 0.17089153149802117 -0.52561153044062892 -10.464852442818206 0.20888281785013169 0.20202056594057646 0.41247824762586821 0.63068785872713717 -0.072250569951106861 -7.9093063510081585 -0.18649888430101996 0.10739629017459668 0.14243000440977879 0.2725115210849004 0.27193785420155847 -0.42656250444316451 0.90977458796606969 -0.03454802785875629 -0.0092062248087726953 -0.28186031170646952 0.53581259707133322 -1.8075405918982841 0.31224767490319127 0.081482120104168082 -0.020636163834499972 0.28611127466188879 0.024513464975001086
leaf_weight=20 23 22 89 32 23 22 105 20 20 20 23 98 103 77 48 31 21 29 34 29 32 20 77 27 789 25 21 21 20 20
leaf_count=20 23 22 89 32 23 22 105 20 20 20 23 98 103 77 48 31 21 29 34 29 32 20 77 27 789 25 21 21 20 20
internal_value=-0.000434313 -0.00144546 0.000359073 0.00176471 0.00286956 0.000888228 -6.37014e-06 0.000852458 0.00218518 0.00157399 0.00496875 0.000207546 -0.00178049 0.00202703 0.00304743 0.00496875 0.007 -0.00200119 0.00169565 0.009 0.0032963 -0.000179488 0.00108 0.00157627 -0.00218719 0.00146808 -0.00123529 0.00139024 0.003 0.0045
internal_weight=1941 1100 259 170 138 841 471 366 243 223 64 159 123 370 253 128 81 841 115 60 81 117 125 59 812 47 119 41 40 40
internal_count=1941 1100 259 170 138 841 471 366 243 223 64 159 123 370 253 128 81 841 115 60 81 117 125 59 812 47 119 41 40 40
is_linear=0
shrinkage=0.03


Tree=116
num_leaves=31
num_cat=0
split_feature=31 9 57 45 28 9 9 57 24 43 17 8 18 17 3 3 36 6 45 36 37 42 56 14 39 31 50 40 47 3
split_gain=2.4756 1.7587 1.7076 1.2071 0.992553 1.02924 0.780349 1.42641 1.07877 1.02959 0.72716 0.725295 0.905492 1.09904 0.946759 0.975387 0.784896 0.680582 0.668324 0.846887 0.624259 0.648201 0.589985 0.669307 0.616788 0.575284 0.568182 0.539887 0.529101 0.528079
threshold=76.194642855000012 149.50000000000003 28.500000000000004 87.500000000000014 1006.2500000000001 150.50000000000003 146.50000000000003 295.50000000000006 739.05000000000007 49.03750000000003 7.5000000000000009 3.5000000000000004 36.500000000000007 12.500000000000002 6290116.4375000009 6548161.1875000009 303.93839285000007 25.500000000000004 81.500000000000014 524.26428570000019 619.63571430000013 -93.948214199999924 5.3500000000000005 33.100000000000009 180.75446428312503 863.11250000000007 20.500000000000004 970.54954119583329 21.500000000000004 6535156.0000000009
decision_type=2 2 2 2 2 2 2 2 2 2 2 2 2 2 2 2 2 2 2 2 2 2 2 2 2 2 2 2 2 2
left_child=1 10 -2 4 5 27 7 8 9 -6 -1 12 13 -12 -15 -16 28 -14 -19 -20 -7 -22 -8 24 -24 26 -23 -4 -13 -11
right_child=2 -3 3 -5 6 20 22 -9 -10 29 11 16 17 14 15 -17 -18 18 19 -21 21 25 23 -25 -26 -27 -28 -29 -30 -31
leaf_value=-2.2709002924369619 0.56946986919511988 -1.8136677876243974 -3.3980522410081022 0.26957525209731353 0.34200034160798004 -0.0093568669052305192 0.16132752910224013 -0.0041646501172607382 -0.0049466766932896892 0.35322716460749232 -0.041656385566048212 -0.36902631932063018 -2.0522708816270252 1.7816599513762053 -0.33785170981468782 0.31557189737412966 -3.0831046407439175 -3.3100374532528982 -0.08943952207713475 1.1823913074456693 0.31179734984398155 0.073083458668153592 0.092729313572001898 0.203101330429548 -1.2014060182747079 -1.8682609472425373 -0.0027554899960844062 0.065214942831062467 1.0625523989668164 0.046016038774415111
leaf_weight=124 23 410 228 33 30 83 24 82 36 31 45 27 87 20 35 34 151 20 29 22 24 22 25 40 137 20 22 32 21 24
leaf_count=124 23 410 228 33 30 83 24 82 36 31 45 27 87 20 35 34 151 20 29 22 24 22 25 40 137 20 22 32 21 24
internal_value=-0.000465225 -0.00147805 0.000668122 0.000460246 0.000244185 -0.000772623 0.00126573 0.00261576 0.00468595 0.00652941 -0.000463415 5.49891e-05 0.00100685 0.00282089 0.00475281 0.00308696 -0.00134171 -0.000531646 0.00164789 0.00347059 0.00103509 0.00279545 5.30966e-05 -0.000475248 -0.00133333 0.00121875 0.00313636 -0.00196154 0.002 0.00409091
internal_weight=1941 1025 916 893 860 431 429 203 121 85 615 491 292 134 89 69 199 158 71 51 171 88 226 202 162 64 44 260 48 55
internal_count=1941 1025 916 893 860 431 429 203 121 85 615 491 292 134 89 69 199 158 71 51 171 88 226 202 162 64 44 260 48 55
is_linear=0
shrinkage=0.03


Tree=117
num_leaves=31
num_cat=0
split_feature=11 9 44 53 11 4 37 58 45 9 57 57 34 47 44 27 45 29 20 29 9 35 6 36 36 35 26 32 15 27
split_gain=2.46312 1.10445 1.01163 0.926874 0.884624 0.933355 0.849231 0.785458 0.751701 0.750455 1.66626 1.42262 1.27348 1.08805 0.921284 0.727626 0.643378 0.690789 1.07501 0.669239 0.61909 1.38984 1.32132 0.680828 0.624538 0.5241 0.457875 0.444007 0.415177 0.4
threshold=-0.32143946530316164 141.50000000000003 30.450000000000003 119.50000000000001 0.81241147629689003 17.500000000000004 176.95892855000002 1005.7500000000001 81.500000000000014 146.50000000000003 295.50000000000006 287.50000000000006 719.56250000000011 30.500000000000004 33.250000000000007 287.50000000000006 87.500000000000014 0.25000000000000006 3.5000000000000004 1.7000000000000004 149.50000000000003 1.0000000180025095e-35 25.500000000000004 193.94821430000002 776.16785715000003 154.23571425000003 10.950000000000001 380.0750000000001 78.500000000000014 298.50000000000006
decision_type=2 2 2 2 2 2 2 2 2 2 2 2 2 2 2 2 2 2 2 2 2 2 2 2 2 2 2 2 2 2
left_child=2 4 15 20 5 -2 28 -4 -6 10 11 13 -13 -9 27 16 17 18 -1 -19 21 22 23 -3 26 -20 -24 -11 -7 -10
right_child=1 3 7 -5 8 6 -8 9 29 14 -12 12 -14 -15 -16 -17 -18 19 25 -21 -22 -23 24 -25 -26 -27 -28 -29 -30 -31
leaf_value=0.037170219163055421 -2.1524572162315869 0.73114833565829407 -0.25798891626043358 0.59561581715878431 0.52927579882106934 0.14374623687760194 -6.2794535412855179 -0.0096171279191846343 0.42029577040534544 0.032433270075316462 -0.02466639030201568 0.11217704028234347 0.33856575323005111 0.39711806547182871 0.22045517792052494 -0.0076563049509890185 0.24101413999685775 -0.03123653894687755 0.45261683259919866 0.01433785145289853 -1.7057875624544097 -2.6335022907746866 -0.046780008911472298 -3.1675339885679317 0.77786847360737965 0.69595503807900483 2.7320127554863163 -2.912116953056743 -0.17380851594114555 -6.3394614144623107
leaf_weight=43 117 27 159 20 41 29 23 52 20 24 84 20 24 28 36 52 25 53 20 23 452 232 39 75 22 21 21 116 23 20
leaf_count=43 117 27 159 20 41 29 23 52 20 24 84 20 24 28 36 52 25 53 20 23 452 232 39 75 22 21 21 116 23 20
internal_value=-0.000496137 -0.00137209 0.000807692 -0.00188514 0.000296703 -0.000812501 0.0018 9.39219e-05 0.00292593 0.000828124 0.00204808 0.00425806 0.00859091 0.001875 -0.000613637 0.00244304 0.00332432 0.002625 0.0045 0.000552631 -0.00203226 -0.00119712 0.000749999 -0.00152941 0.00358537 0.00797561 0.002 -0.00171429 0.00392308 -7.15256e-10
internal_weight=1941 1161 780 888 273 192 75 543 81 384 208 124 44 80 176 237 185 160 84 76 868 416 184 102 82 41 60 140 52 40
internal_count=1941 1161 780 888 273 192 75 543 81 384 208 124 44 80 176 237 185 160 84 76 868 416 184 102 82 41 60 140 52 40
is_linear=0
shrinkage=0.03


Tree=118
num_leaves=31
num_cat=0
split_feature=11 8 9 6 9 53 49 19 24 23 11 3 56 3 3 39 8 15 9 28 10 46 34 38 17 48 3 57 26 2
split_gain=2.82452 1.63416 0.987808 1.32779 0.937853 1.37226 0.88799 0.827526 0.781825 0.759174 0.680991 0.785455 0.66187 0.658164 0.905168 0.64 0.633563 0.893897 0.551111 0.494925 0.915385 0.465475 0.795166 0.547247 0.494781 0.419653 0.663125 0.63122 0.49887 0.371053
threshold=-0.32143946530316164 3.5000000000000004 141.50000000000003 25.500000000000004 149.50000000000003 115.50000000000001 45.500000000000007 92.000000000000014 281.70000000000005 229.00000000000003 -0.88144907265856332 6379010.3335000006 17.550000000000004 6292926.8395000007 6309268.5270000007 1009.1806919937502 1.5000000000000002 87.500000000000014 142.50000000000003 1005.85 0.72947329433276253 24.450000000000003 859.97857140000008 734.8078124875002 7.5000000000000009 19.500000000000004 6319815.9285000013 259.50000000000006 19.950000000000003 1078.2142855000002
decision_type=2 2 2 2 2 2 2 2 2 2 2 2 2 2 2 2 2 2 2 2 2 2 2 2 2 2 2 2 2 2
left_child=1 2 -1 7 6 -6 16 10 -3 13 11 -4 -12 -10 -15 18 17 19 -16 20 -2 22 24 -23 -20 28 27 -27 -18 -5
right_child=4 8 3 29 5 -7 -8 -9 9 -11 12 -13 -14 14 15 -17 25 -19 21 -21 -22 23 -24 -25 -26 26 -28 -29 -30 -31
leaf_value=-10.215044576607145 0.13454228708827326 0.19874708696273385 0.16527297412619754 0.1467584751753396 -1.664342259252598 0.63916330542246913 0.45855341214549716 -0.0069969314900854519 -0.34310640028054695 0.14328652557224095 -0.010304553325546816 0.82133376862293572 0.1608670774776346 0.36361657756534205 -0.56087503256631821 -0.62723536697198223 -2.7790338250293445 0.63650884426799215 0.32296127907454253 -1.4678496442549864 -6.5178302099652621 -0.015519215576052431 0.070123515448526824 0.27989484850830287 0.44133580717786508 1.0434078014190344 -0.10365657828120889 -0.052202554974737518 0.030892389533092895 -7.8441869586374677
leaf_weight=97 70 22 25 20 444 24 22 79 37 36 64 30 29 22 25 45 245 29 23 90 34 43 37 23 29 23 128 26 26 94
leaf_count=97 70 22 25 20 444 24 22 79 37 36 64 30 29 22 25 45 245 29 23 90 34 43 37 23 29 23 128 26 26 94
internal_value=-0.000511593 0.000884615 -0.000328768 0.000431084 -0.00144961 -0.00248718 -0.000748918 0.00175771 0.0024386 0.0020625 0.00308108 0.00572727 0.00151613 0.00154225 0.00210121 0.00153333 -0.000943369 0.000363228 0.00233333 -0.000371135 0.00103846 0.003 0.00441573 0.00109091 0.00680769 -0.00159375 -0.000457628 0.0025102 -0.00233579 -0.00221053
internal_weight=1941 780 438 341 1161 468 693 227 342 320 148 55 93 284 247 225 671 223 180 194 104 155 89 66 52 448 177 49 271 114
internal_count=1941 780 438 341 1161 468 693 227 342 320 148 55 93 284 247 225 671 223 180 194 104 155 89 66 52 448 177 49 271 114
is_linear=0
shrinkage=0.03


Tree=119
num_leaves=31
num_cat=0
split_feature=11 8 12 10 54 32 54 46 23 2 12 40 14 18 53 5 24 30 31 38 31 41 41 46 26 47 43 10 12 12
split_gain=2.67246 1.5103 0.987806 1.05367 0.959466 0.944979 1.0798 0.898413 0.887836 0.831155 0.74508 0.931139 1.2432 0.681636 0.606211 0.601081 0.59358 0.586446 0.546865 0.467973 0.457303 0.525144 0.462849 0.817268 0.471075 0.347826 0.305877 0.301856 0.789359 0.700959
threshold=-0.32143946530316164 3.5000000000000004 0.64987354830121502 0.58216583101416164 7.7000000000000011 1230.1714290000002 286.75000000000006 26.150000000000002 229.00000000000003 7477.7500000000009 0.70058932884324621 563.04367559666673 28.750000000000004 73.500000000000014 119.50000000000001 22.500000000000004 1.0000000180025095e-35 859.97857140000008 1166.4571430000003 1174.3808036750002 947.40625000000011 328.02841620502363 207.35764367468065 24.450000000000003 21.450000000000003 16.500000000000004 382.72172620000003 0.35206144883412577 0.53946920585801694 0.58218302397213695
decision_type=2 2 2 2 2 2 2 2 2 2 2 2 2 2 2 2 2 2 2 2 2 2 2 2 2 2 2 2 2 2
left_child=1 4 7 10 16 6 -3 14 18 13 11 12 15 19 27 -4 -1 -15 20 26 21 22 23 -8 -24 -14 -6 -2 -29 -30
right_child=2 5 3 -5 9 -7 8 -9 -10 -11 -12 -13 25 17 -16 -17 -18 -19 -20 -21 -22 -23 24 -25 -26 -27 -28 28 29 -31
leaf_value=0.075095130740685273 -1.708432382672066 0.17903376390693745 0.29483711610462177 -2.0128861459602621 -0.49438274453746012 0.61635255877267681 0.41142987795980185 0.20792091505529262 0.15867921375986124 0.1438357527862241 -6.2448920739755156 -0.82573274793290052 0.073053899262592828 -0.17895263335374187 0.55857244348134694 -0.025547452020106127 0.27806851127166976 0.4045563998500421 0.16086423772163666 0.50255750747291417 -0.89047111274184587 0.58505749580163868 -0.018958712763264253 -0.072390107390271477 0.054145623959369199 2.3535865025965168 0.064884614741438792 -1.5990195843878299 0.75760659490951465 -0.61908032632759158
leaf_weight=31 496 33 36 99 274 21 31 29 34 24 28 33 23 27 20 31 20 20 22 22 48 27 74 32 20 23 20 196 68 79
leaf_count=31 496 33 36 99 274 21 31 29 34 24 28 33 23 27 20 31 20 20 22 22 48 27 74 32 20 23 20 196 68 79
internal_value=-0.000588872 0.00076923 -0.00150129 7.69224e-05 -0.000397261 0.00226316 0.00185981 -0.00198649 0.00127083 -0.000906977 0.00148276 0.00234247 0.00363717 -0.00126446 -0.00216182 0.00102985 0.00347059 0.00210638 0.000661417 -0.00176582 0.000232758 0.000913043 0.000248407 0.00223809 -0.00108511 0.00743478 -0.00208163 -0.00228486 -0.00160058 6.12238e-05
internal_weight=1941 780 1161 273 438 342 321 888 288 387 174 146 113 363 859 67 51 47 254 316 232 184 157 63 94 46 294 839 343 147
internal_count=1941 780 1161 273 438 342 321 888 288 387 174 146 113 363 859 67 51 47 254 316 232 184 157 63 94 46 294 839 343 147
is_linear=0
shrinkage=0.03


Tree=120
num_leaves=31
num_cat=0
split_feature=11 19 19 26 38 9 9 53 9 44 45 31 19 17 2 1 17 9 9 4 28 40 36 37 46 57 44 26 3 32
split_gain=2.55356 0.924911 1.32349 1.91374 1.31226 1.2774 0.913755 0.945975 0.858288 0.849234 0.740976 0.73373 0.671 0.618324 0.901333 0.652535 0.591221 0.576858 0.507357 0.721762 1.47972 0.630088 0.584475 0.462813 0.448375 0.408163 0.48594 0.600824 0.333439 0.438009
threshold=-0.32143946530316164 15.500000000000002 64.500000000000014 18.650000000000002 952.23571425000023 141.50000000000003 149.50000000000003 115.50000000000001 146.50000000000003 33.100000000000009 71.500000000000014 1040.2910715 41.500000000000007 40.500000000000007 7422.6875000000009 10125.750000000002 12.500000000000002 140.50000000000003 146.50000000000003 17.500000000000004 1005.7500000000001 0.6507812500000002 776.16785715000003 947.40625000000011 25.150000000000002 301.50000000000006 27.850000000000005 8.6500000000000004 6377960.2145000007 947.40625000000011
decision_type=2 2 2 2 2 2 2 2 2 2 2 2 2 2 2 2 2 2 2 2 2 2 2 2 2 2 2 2 2 2
left_child=1 5 3 4 12 -1 16 -8 13 10 -10 -11 -3 14 15 -7 17 -2 19 25 -21 22 -20 -17 -12 26 -18 -28 -4 -30
right_child=6 2 28 -5 -6 8 7 -9 9 11 24 -13 -14 -15 -16 23 18 -19 21 20 -22 -23 -24 -25 -26 -27 27 -29 29 -31
leaf_value=-9.9013427883689129 0.068927707723774725 0.012718746736668162 -0.79738883201625677 -0.018115788135743296 0.65910758289441806 -0.012881358990469152 -1.5664414039433852 0.60323123295535441 -1.9747158265642755 0.02014144951217639 0.29241532069792286 0.40643925334462511 0.14741609020891208 0.33892909448103065 0.21068614466038005 -0.011680750623596648 0.43553291207318107 -2.7381927259540935 1.6168958298315754 0.68370321085285546 -0.021020431805395173 -0.12538349422355133 0.72008341002940179 0.35123326701547314 -0.066905288848433261 -2.8314692367202956 -1.3365389786977764 0.47600723704603393 0.057519821872450305 -2.2537849788353186
leaf_weight=102 44 35 26 35 22 67 444 24 149 36 36 20 23 38 25 24 22 201 49 25 58 30 24 34 23 144 70 26 65 20
leaf_count=102 44 35 26 35 22 67 444 24 149 36 36 20 23 38 25 24 22 201 49 25 58 30 24 34 23 144 70 26 65 20
internal_value=-0.00063524 0.000692307 0.00230973 0.00456522 0.007125 3.24903e-05 -0.00152713 -0.00255128 0.000716813 -0.000386364 -0.00126923 0.00289286 0.00475862 0.00226596 0.0014 0.000359999 -0.000835499 -0.00202041 -0.000187501 -0.000739131 0.00169879 0.00166019 0.00316438 0.00268965 0.00157627 -0.00151145 -0.000203391 -0.001125 -2.70277e-05 0.000882352
internal_weight=1941 780 226 115 80 554 1161 468 452 264 208 56 58 188 150 125 693 245 448 345 83 103 73 58 59 262 118 96 111 85
internal_count=1941 780 226 115 80 554 1161 468 452 264 208 56 58 188 150 125 693 245 448 345 83 103 73 58 59 262 118 96 111 85
is_linear=0
shrinkage=0.03


Tree=121
num_leaves=31
num_cat=0
split_feature=1 46 8 1 41 37 24 5 42 52 37 36 9 31 46 31 49 8 50 39 17 8 45 5 9 28 46 10 8 1
split_gain=2.54032 0.835647 0.959277 1.21204 1.21536 1.09716 1.02632 0.98 0.821407 0.870276 0.821949 0.661613 0.634773 1.36278 1.26994 2.20408 0.755653 0.573615 1.3125 0.553427 0.460427 0.468637 1.29095 0.431806 0.86663 0.452782 0.731491 0.740746 0.358818 0.769231
threshold=4586.2857140000006 22.400000000000002 4.5000000000000009 6840.9553570000007 328.02841620502363 573.51785715000017 344.15000000000003 22.500000000000004 -119.65624999999999 130.00000000000003 906.81875000000014 584.93750000000011 149.50000000000003 66.986607145000008 24.250000000000004 287.46428570000006 36.500000000000007 1.0000000180025095e-35 1.0000000180025095e-35 880.18895086250006 6.5000000000000009 4.5000000000000009 87.500000000000014 1.0000000180025095e-35 140.50000000000003 1006.4500000000002 25.450000000000003 0.58216583101416164 3.5000000000000004 9644.2857145000016
decision_type=2 2 2 2 2 2 2 2 2 2 2 2 2 2 2 2 2 2 2 2 2 2 2 2 2 2 2 2 2 2
left_child=12 -2 6 5 19 -4 8 -6 -3 10 -10 17 16 -14 15 -15 20 18 -8 -5 -1 22 23 24 -22 -25 27 -27 -19 -30
right_child=1 2 3 4 7 -7 11 -9 9 -11 -12 -13 13 14 -16 -17 -18 28 -20 -21 21 -23 -24 25 -26 26 -28 -29 29 -31
leaf_value=-1.8988829213648615 0.24694452655891655 0.29678244208653642 0.058989120376991666 -0.0095988074482045906 0.018011502629290681 0.35146788542976387 0.44318809394554298 0.98572666178554735 -0.30732764240069077 0.15010842438954736 0.6483164999606682 0.33812182485488279 -1.5765580382837798 0.97671709839543308 -0.59154950808376605 -0.036270135948805113 0.38271591203424637 -6.7302596422963603 -6.8077549669511779 0.062372048288533093 0.77216166873353742 -2.5118881140276765 0.59057523233552811 -0.35344061882943428 -0.19044866637505869 -0.72080740087707051 -1.0479326715246562 1.1519274509890713 -0.06100010615675433 0.054142448610149191
leaf_weight=140 26 28 20 52 25 26 21 25 61 34 20 29 406 28 77 21 38 153 27 29 28 190 36 160 66 32 54 37 32 20
leaf_count=140 26 28 20 52 25 26 21 25 61 34 20 29 406 28 77 21 38 153 27 29 28 190 36 160 66 32 54 37 32 20
internal_value=-0.000604328 0.000964967 0.000737541 0.00259322 0.00112214 0.00678261 -3.52948e-05 0.0048 0.00203496 0.000913043 -0.000777778 -0.00108511 -0.00135491 -0.00215414 0.000571428 0.00434694 -0.0008105 -0.00157708 0.001375 -0.00114815 -0.00102154 -0.000661692 -9.44317e-05 -0.000612733 0.00114894 -0.00119788 0.000170731 0.00221739 -0.00226829 -0.000115385
internal_weight=1941 628 602 177 131 46 425 50 143 115 81 282 1313 532 126 49 781 253 48 81 743 603 413 377 94 283 123 69 205 52
internal_count=1941 628 602 177 131 46 425 50 143 115 81 282 1313 532 126 49 781 253 48 81 743 603 413 377 94 283 123 69 205 52
is_linear=0
shrinkage=0.03


Tree=122
num_leaves=31
num_cat=0
split_feature=39 42 51 33 34 34 34 30 16 12 4 36 46 46 6 44 56 40 33 31 37 4 43 31 8 28 8 36 20 46
split_gain=2.47782 1.15205 1.07347 1.97018 1.04508 0.961127 1.16932 0.922674 0.900231 0.699377 0.839826 0.977839 0.922266 0.766495 0.757895 0.78101 0.611749 0.597429 0.533433 0.9 0.478139 0.445249 0.377158 0.842062 0.352755 0.707169 0.921573 0.732783 0.372825 0.43573
threshold=707.09854910625006 47.892857169999992 760.50000000000011 924.44285715000012 516.83571430000018 827.61190480000016 1046.5857140000001 1061.6517855000002 23.650000000000002 0.64987354830121502 17.500000000000004 745.88750000000016 25.050000000000004 26.150000000000002 16.500000000000004 29.250000000000004 6.7000000000000002 246.46584821789585 30.084821430000002 177.27142855000002 226.47500000000002 17.500000000000004 -238.00446428499995 950.34732145000009 4.5000000000000009 1006.4500000000002 2.5000000000000004 399.85803570000007 99.500000000000014 23.550000000000004
decision_type=2 2 2 2 2 2 2 2 2 2 2 2 2 2 2 2 2 2 2 2 2 2 2 2 2 2 2 2 2 2
left_child=1 9 3 7 -4 -5 -7 8 -2 13 11 -11 -13 21 -12 17 20 -16 19 -18 -3 24 23 -6 25 28 -27 -28 -1 -30
right_child=2 16 4 5 22 6 -8 -9 -10 10 14 12 -14 -15 15 -17 18 -19 -20 -21 -22 -23 -24 -25 -26 26 27 -29 29 -31
leaf_value=-1.45675901358938 0.28246048975278576 0.052298556006979371 0.32523762830376518 0.82331592032178902 0.66493496853048695 -0.32395564790170678 0.1590980786274408 0.5451081818002701 -0.03720891317404551 -1.9331241578257992 -5.9815580553812584 0.45777388899173999 -1.0260758923167408 0.21270822184042201 0.51355617162573297 0.51271437253984731 -0.44264269812718293 -0.091132310698215674 -0.029093991790640986 0.15921941026234046 0.10561076726567792 -1.6278532218133019 -0.25368385739411964 -0.95820421977280623 -1.1287621078184975 -0.23004938805103758 1.0878290028810496 -0.24746599259637694 -0.039668825197175232 0.21656791412461621
leaf_weight=162 33 22 24 31 26 26 30 29 74 155 24 21 23 32 35 26 20 29 108 20 20 366 151 21 185 134 32 31 24 27
leaf_count=162 33 22 24 31 26 26 30 29 74 155 24 21 23 32 35 26 20 29 108 20 20 366 151 21 185 134 32 31 24 27
internal_value=-0.000650696 -0.00123529 0.00131461 0.00278475 -0.000162163 0.00631034 0.00396428 0.000529411 -0.00075701 -0.00155283 -0.000316295 -0.00149246 0.00245454 -0.0019426 0.00173684 0.003 0.000947368 0.00121875 4.05398e-05 0.003 0.00414286 -0.00209469 -0.000878789 0.00146808 -0.00158824 -0.00109756 0.000197969 0.00319048 -0.00229578 -5.88242e-05
internal_weight=1941 1496 445 223 222 87 56 136 107 1306 313 199 44 993 114 90 190 64 148 40 42 961 198 47 595 410 197 63 213 51
internal_count=1941 1496 445 223 222 87 56 136 107 1306 313 199 44 993 114 90 190 64 148 40 42 961 198 47 595 410 197 63 213 51
is_linear=0
shrinkage=0.03


Tree=123
num_leaves=31
num_cat=0
split_feature=1 8 22 42 42 56 39 24 56 36 8 49 9 31 16 30 49 31 58 42 14 32 1 8 15 10 11 28 26 27
split_gain=2.47584 1.30489 1.07102 1.11417 0.87674 0.839722 1.4647 1.96599 1.04402 0.801235 0.890132 1.04326 0.753512 1.11121 1.49929 1.92857 0.826941 0.625787 0.900238 0.571556 0.470443 0.457143 0.605207 0.446401 0.98505 0.705147 0.536009 1.30928 0.488269 0.407607
threshold=3330.3571425000005 3.5000000000000004 149.50000000000003 -119.65624999999999 207.59732140000008 17.550000000000004 880.18895086250006 695.9000000000002 6.8500000000000005 584.93750000000011 1.0000000180025095e-35 1.0000000180025095e-35 149.50000000000003 58.328571430000004 24.250000000000004 191.55000000000004 45.500000000000007 950.34732145000009 1005.7500000000001 33.467857149999993 29.650000000000002 754.41517855000018 8332.4285715000024 2.5000000000000004 87.500000000000014 0.95642797789208711 0.83146961230254512 1005.85 19.950000000000003 279.50000000000006
decision_type=2 2 2 2 2 2 2 2 2 2 2 2 2 2 2 2 2 2 2 2 2 2 2 2 2 2 2 2 2 2
left_child=12 2 3 -2 5 6 8 -8 -3 10 11 -4 16 -14 15 -15 23 18 -7 -5 -21 22 -10 24 26 28 29 -28 -25 -1
right_child=1 4 9 19 -6 17 7 -9 21 -11 -12 -13 13 14 -16 -17 -18 -19 -20 20 -22 -23 -24 25 -26 -27 27 -29 -30 -31
leaf_value=-3.9563898496479264 0.84774601837752528 0.24419172430675046 0.23284921932596994 -0.22858673538437593 -0.042544923420818129 -0.029239888678191717 0.32533690194809151 0.48938227159195019 0.0022114522422264911 0.28436180371612235 -6.2232782481230116 -8.6926495705610574 -1.5028522174723025 0.75221624193626591 -1.0740103080908041 -0.010493497979686144 0.56023131067675902 -0.23951403530673165 0.56156362824620842 0.013689432625704141 0.172174418976722 -0.021033539722851633 0.24438812998579851 -2.3586435434446957 0.5797594570069915 0.84222541744579815 0.45626675264235328 -0.42727293792971571 0.07020655040307594 -0.061729857311231831
leaf_weight=91 26 21 29 42 44 47 21 28 47 21 179 26 399 21 61 21 23 38 23 47 30 20 23 282 36 43 34 39 25 154
leaf_count=91 26 21 29 42 44 47 21 28 47 21 179 26 399 21 61 21 23 38 23 47 30 20 23 282 36 43 34 39 25 154
internal_value=-0.000573416 0.000834269 -0.000300001 0.00175862 0.00228846 0.00293284 0.0043125 0.00863265 0.0024054 -0.00147059 -0.00197436 0.00136364 -0.00138893 -0.00228287 0.000495145 0.00485714 -0.000771665 0.000888888 0.00257143 0.000529411 0.00206493 0.000999999 0.00214286 -0.000954546 -0.000203391 -0.00171429 -0.00073585 0.00152055 -0.00221824 -0.00140816
internal_weight=1941 712 400 145 312 268 160 49 111 255 234 55 1229 502 103 42 727 108 70 119 77 90 70 704 354 350 318 73 307 245
internal_count=1941 712 400 145 312 268 160 49 111 255 234 55 1229 502 103 42 727 108 70 119 77 90 70 704 354 350 318 73 307 245
is_linear=0
shrinkage=0.03


Tree=124
num_leaves=31
num_cat=0
split_feature=38 22 48 57 27 43 18 37 38 37 37 57 14 44 9 37 10 16 53 37 41 46 3 3 3 5 37 26 48 9
split_gain=2.39774 1.09219 1.37352 1.26536 1.42138 1.04043 0.993789 0.996765 0.862618 0.649595 0.919006 0.96886 0.927198 0.506897 0.500819 0.847125 1.54493 1.0019 0.781589 0.843864 0.660621 0.619042 0.518726 0.845183 0.670012 0.47286 0.294912 0.275888 0.274106 0.563093
threshold=734.8078124875002 609.00000000000011 1.0000000180025095e-35 278.50000000000006 290.50000000000006 130.42767870000009 73.500000000000014 485.12589285000007 805.16272321250005 622.06428570000014 385.97142855000004 227.00000000000003 30.550000000000004 33.45000000000001 141.50000000000003 70.32053571500002 0.5277851165098012 25.950000000000003 126.50000000000001 172.92500000000004 210.80515987203435 26.150000000000002 7130318.0625000009 6548161.1875000009 6283628.6430000011 1.0000000180025095e-35 848.49285715000008 19.150000000000002 29.500000000000004 149.50000000000003
decision_type=2 2 2 2 2 2 2 2 2 2 2 2 2 2 2 2 2 2 2 2 2 2 2 2 2 2 2 2 2 2
left_child=5 2 3 -2 -5 14 7 -4 -9 10 11 -7 -12 25 15 16 17 22 21 -20 -21 28 23 24 -1 -3 -22 -27 -16 -30
right_child=1 13 6 4 -6 9 -8 8 -10 -11 12 -13 -14 -15 18 -17 -18 -19 19 20 26 -23 -24 -25 -26 27 -28 -29 29 -31
leaf_value=0.43458020227614597 0.24699558000292271 0.15185921306123021 0.33514189999847571 0.2252521254272401 0.4434190988410594 0.33896887254581443 0.27768482693484853 0.014130050242916343 -0.087416136458558308 -0.26556013792097394 0.27474285696253903 -0.76008639230091957 0.030670160825553974 0.2874767000813564 -1.4691320223499558 -2.3154817067680691 -1.8055340466437302 -5.7313520074164801 0.46535329555455662 0.095822095457575612 -0.15580506759495344 0.23432829731267002 -0.003653111127588855 1.0248052619155126 0.024193443797687557 -0.92425912811332023 0.23866081872712563 0.019124071622058567 -0.13651075664063561 -1.3079388421464875
leaf_weight=23 30 38 20 20 31 20 35 21 85 56 28 76 24 29 554 101 91 22 20 21 75 29 21 20 38 82 20 25 157 129
leaf_count=23 30 38 20 20 31 20 35 21 85 56 28 76 24 29 554 101 91 22 20 21 75 29 21 20 38 82 20 25 157 129
internal_value=-0.000619784 0.00139904 0.00270248 0.00588889 0.00876471 -0.00117049 0.00109938 -0.000142858 -0.00130189 0.000823529 0.00186486 0.000124999 0.00507692 -0.000413794 -0.00147843 -0.00043671 0.000627906 0.00280645 -0.00180597 0.000308823 -0.000672415 -0.00213694 0.00405882 0.00514815 0.00339344 -0.00113793 -0.00173684 -0.00215888 -0.00228572 -0.00153147
internal_weight=1941 416 242 81 51 1525 161 126 106 204 148 96 52 174 1321 316 215 124 1005 136 116 869 102 81 61 145 95 107 840 286
internal_count=1941 416 242 81 51 1525 161 126 106 204 148 96 52 174 1321 316 215 124 1005 136 116 869 102 81 61 145 95 107 840 286
is_linear=0
shrinkage=0.03


Tree=125
num_leaves=31
num_cat=0
split_feature=11 26 19 9 10 6 40 45 2 19 9 17 1 42 9 40 32 43 2 19 46 36 50 9 17 33 33 40 34 6
split_gain=2.43602 1.00538 1.41667 0.955725 1.05367 0.74508 0.910847 0.735086 0.786403 0.929339 0.721432 0.648108 0.587936 0.810254 1.06522 0.65843 0.603689 0.742192 0.775758 0.584759 0.566823 0.581497 1.40084 0.510974 0.753463 0.624026 0.479459 0.967427 0.405333 0.3743
threshold=-0.32143946530316164 10.550000000000002 50.500000000000007 141.50000000000003 0.58216583101416164 16.500000000000004 645.40137649437509 81.500000000000014 7584.6428570000007 16.500000000000004 141.50000000000003 18.500000000000004 9281.464285500002 -88.952678549999973 149.50000000000003 970.54954119583329 705.31428570000014 35.623214304999983 4682.7410715000015 13.500000000000002 26.150000000000002 43.549107145000008 99.500000000000014 150.50000000000003 17.500000000000004 882.94642855000006 239.25000000000003 105.60755208070834 75.516071430000011 25.500000000000004
decision_type=2 2 2 2 2 2 2 2 2 2 2 2 2 2 2 2 2 2 2 2 2 2 2 2 2 2 2 2 2 2
left_child=1 2 19 4 5 -2 7 8 9 -7 11 -3 15 14 -14 23 -15 18 -18 26 21 22 -5 28 -25 -26 27 -1 -12 -23
right_child=3 10 -4 20 -6 6 -8 -9 -10 -11 12 -13 13 16 -16 -17 17 -19 -20 -21 -22 29 -24 24 25 -27 -28 -29 -30 -31
leaf_value=0.084512278782409231 -5.5594114471939848 0.040065168699521862 -0.025844128138786584 -0.26506550902137949 -1.7599758859797445 0.096870222700307845 -2.7621930960357663 -0.011347599664774491 -0.013294533336976517 1.1598717152051594 0.097350342235611023 -1.6226914958503085 0.015818790959081702 0.28059452966093296 0.55924546429466548 0.12935419571678561 0.61338796208153823 -0.1364569823185528 -0.0076690057246159389 0.29152127774782377 0.2272984483932903 -1.4585535378846308 0.53328065519402212 0.071750334501303678 -0.019536914251940186 0.18987495329274254 -0.0047834735260008027 0.11238135429464045 -0.64873309329692319 -1.4194832491242084
leaf_weight=39 28 28 58 147 99 42 24 34 26 20 30 114 23 21 23 36 20 74 24 22 29 443 22 20 77 35 21 20 95 247
leaf_count=39 28 28 58 147 99 42 24 34 26 20 30 114 23 21 23 36 20 74 24 22 29 443 22 20 77 35 21 20 95 247
internal_value=-0.000604328 0.000692307 0.0028125 -0.00147545 7.69224e-05 0.00148276 0.00234247 0.00339344 0.00484091 0.00667742 0.000145161 -0.0017324 0.000702928 0.00202703 0.00547826 -0.000133107 0.000884891 5.08467e-05 0.00313636 0.00494118 -0.0019527 -0.00209197 -0.000514794 -0.00066537 0.000636363 -0.000321429 0.00375 0.00513559 -0.00204 -0.00247826
internal_weight=1941 780 160 1161 273 174 146 122 88 62 620 142 478 185 46 293 139 118 44 102 888 859 169 257 132 112 80 59 125 690
internal_count=1941 780 160 1161 273 174 146 122 88 62 620 142 478 185 46 293 139 118 44 102 888 859 169 257 132 112 80 59 125 690
is_linear=0
shrinkage=0.03


Tree=126
num_leaves=31
num_cat=0
split_feature=32 8 26 43 19 23 57 33 8 5 57 35 9 4 9 2 56 37 46 4 33 31 37 57 4 37 9 56 44 5
split_gain=2.95975 1.72705 1.23904 1.21239 1.0957 1.17478 1.02231 1.48529 0.869702 0.926976 0.951252 0.841986 0.684585 1.07449 0.844444 0.825023 1.7047 0.533148 0.532903 0.494128 0.486585 0.753846 0.485541 0.4745 0.4372 0.371661 0.310275 0.461188 1.23862 0.951452
threshold=662.54285715000015 4.5000000000000009 13.900000000000002 130.42767870000009 14.500000000000002 161.50000000000003 210.50000000000003 545.30000000000007 3.5000000000000004 22.500000000000004 282.50000000000006 924.44285715000012 141.50000000000003 17.500000000000004 137.50000000000003 7584.6428570000007 12.65 890.07053570000005 26.150000000000002 1.5000000000000002 66.478571430000017 319.89375000000001 1106.2169645000001 189.50000000000003 18.500000000000004 390.75357145000004 154.50000000000003 6.3500000000000005 28.350000000000005 22.500000000000004
decision_type=2 2 2 2 2 2 2 2 2 2 2 2 2 2 2 2 2 2 2 2 2 2 2 2 2 2 2 2 2 2
left_child=3 2 6 12 5 -3 -2 -8 20 25 -11 23 13 19 -15 16 -16 -7 24 -1 21 -5 -19 -4 26 -10 27 -14 29 -29
right_child=1 4 11 8 -6 17 7 -9 9 10 -12 -13 18 14 15 -17 -18 22 -20 -21 -22 -23 -24 -25 -26 -27 -28 28 -30 -31
leaf_value=0.30049285585350005 -0.33250526764530053 0.42623590000432182 0.61013982175266679 -0.078608635652635706 0.099401883930946899 -1.8314614516386292 -0.0074666371464840236 0.38750648565995138 -0.51034146590626517 0.33903056592249364 0.026212332348617869 0.13715664441406444 -1.3419480438931306 -5.392629103778166 0.001162550545228199 -0.027928507287870948 0.6461139460254004 0.40208211821369993 0.20323294978065629 -1.8239010021368482 -0.69891108141091796 0.14227481635736799 -0.33907901028531295 -0.32864576086808328 -1.489215537113709 0.094087480129019893 -1.1990010995829696 -0.071323542346289126 -0.14158678618688225 0.64613125319628617
leaf_weight=32 22 31 27 45 35 24 21 32 20 22 24 29 172 24 31 34 25 20 30 153 64 20 23 204 302 21 150 21 263 20
leaf_count=32 22 31 27 45 35 24 21 32 20 22 24 29 172 24 31 34 25 20 30 153 64 20 23 204 302 21 150 21 263 20
internal_value=-0.000527049 0.00155128 0.000402984 -0.00118737 0.00444361 0.00281633 0.0038 0.0060566 0.000888888 0.0032069 0.00613043 -0.000576924 -0.00154415 -0.000290971 0.002 0.00333333 0.00557143 0.000582089 -0.00193528 -0.0017027 -0.000674419 0.00115385 0.00258139 -0.00118182 -0.0020625 -7.31714e-05 -0.00161022 -0.00123529 -0.000532895 0.00431707
internal_weight=1941 468 335 1473 133 98 75 53 216 87 46 260 1257 299 114 90 56 67 958 185 129 65 43 231 928 41 626 476 304 41
internal_count=1941 468 335 1473 133 98 75 53 216 87 46 260 1257 299 114 90 56 67 958 185 129 65 43 231 928 41 626 476 304 41
is_linear=0
shrinkage=0.03


Tree=127
num_leaves=31
num_cat=0
split_feature=11 26 19 49 39 2 19 15 9 28 36 16 36 31 23 16 27 49 17 54 54 8 45 19 57 36 56 21 56 3
split_gain=2.8566 0.934441 1.1852 1.28929 1.07463 1.67589 1.24495 1.12065 0.846754 0.819778 0.804424 1.96791 0.702977 1.01377 1.0006 0.577437 0.521712 0.489631 0.487734 0.454813 0.720891 0.425854 0.81947 0.790294 0.496673 1.15043 0.400387 0.352617 0.339982 0.304715
threshold=-0.32143946530316164 11.15 50.500000000000007 41.500000000000007 712.92790178750022 7396.1607145000007 15.500000000000002 63.500000000000007 149.50000000000003 1005.35 9.2428571430000002 24.250000000000004 639.65625000000011 1166.4571430000003 175.50000000000003 24.650000000000002 210.50000000000003 94.500000000000014 6.5000000000000009 218.50000000000003 415.65000000000003 3.5000000000000004 87.500000000000014 18.500000000000004 266.50000000000006 221.86875000000003 23.200000000000003 922.50000000000011 17.350000000000005 6279643.5715000005
decision_type=2 2 2 2 2 2 2 2 2 2 2 2 2 2 2 2 2 2 2 2 2 2 2 2 2 2 2 2 2 2
left_child=1 2 3 19 26 6 9 -8 18 -6 11 -10 13 15 -15 27 -9 -4 -2 -1 -21 22 23 -20 25 -23 29 -11 -26 -3
right_child=8 4 17 -5 5 -7 7 16 10 12 -12 -13 -14 14 -16 -17 -18 -19 21 20 -22 24 -24 -25 28 -27 -28 -29 -30 -31
leaf_value=-0.76995532655539811 -1.6204823316859867 0.021371830594827102 -0.56425464730474573 0.27813906724045445 -4.4040513856123589 0.18422633682929382 0.58134586324914717 -0.075308950398645103 0.68606988448658157 -1.9185551007294013 -1.3160202497878317 -1.4754366486614405 0.45733589669326513 0.86035672870351787 -0.42877610425803719 0.066900890815870709 0.068514638636032105 0.027429945071703897 -0.082027624176095576 0.17366301222169814 0.043475289762538664 0.90109427811749354 0.58966255587384209 0.144640177750293 -2.566820168099575 -3.6427113873911963 0.024458525853366758 0.051171648869989074 0.045290879175084391 -0.43446186604498038
leaf_weight=24 126 20 34 21 75 30 21 36 22 88 400 46 20 20 28 25 26 28 277 39 31 23 36 22 148 27 23 33 34 158
leaf_count=24 126 20 34 21 75 30 21 36 22 88 400 46 20 20 28 25 26 28 277 39 31 23 36 22 148 27 23 33 34 158
internal_value=-0.000557961 0.000846153 0.00276271 0.00456522 0.000283581 0.0011791 0.000629032 0.00386747 -0.00150129 -0.000301039 -0.00248718 0.000529411 0.000644859 9.27828e-05 0.003875 -0.00115069 0.00183871 -0.000580646 -0.000835499 0.00306383 0.00428571 -0.000460318 0.00022388 -0.000290971 -0.00144828 0.0012 -0.00150746 -0.00200827 -0.00217582 -0.00198876
internal_weight=1941 780 177 115 603 402 372 83 1161 289 468 68 214 194 48 146 62 62 693 94 70 567 335 299 232 50 201 121 182 178
internal_count=1941 780 177 115 603 402 372 83 1161 289 468 68 214 194 48 146 62 62 693 94 70 567 335 299 232 50 201 121 182 178
is_linear=0
shrinkage=0.03


Tree=128
num_leaves=31
num_cat=0
split_feature=11 49 19 39 9 3 9 28 31 21 10 20 49 9 37 46 28 56 37 6 27 42 27 57 48 9 58 26 16 16
split_gain=3.59182 1.22744 1.47777 2.39603 1.44897 1.09038 0.988656 0.964682 0.854402 2.3297 0.823141 0.808395 0.845444 0.813305 0.785678 0.913339 0.751509 0.669643 1.43254 0.640212 0.952381 0.599649 0.567601 0.509462 0.358661 0.664137 0.503096 0.696316 0.963333 0.39
threshold=-0.22695468355932455 28.500000000000004 50.500000000000007 880.18895086250006 141.50000000000003 7227269.3570000008 141.50000000000003 1006.5500000000001 222.95625000000004 108.00000000000001 0.58216583101416164 3.5000000000000004 12.500000000000002 146.50000000000003 163.95267855000003 25.450000000000003 1006.5500000000001 9.7500000000000018 622.06428570000014 29.500000000000004 287.50000000000006 -10.553571500000059 285.50000000000006 45.500000000000007 29.500000000000004 149.50000000000003 1007.35 8.6500000000000004 24.850000000000005 25.950000000000003
decision_type=2 2 2 2 2 2 2 2 2 2 2 2 2 2 2 2 2 2 2 2 2 2 2 2 2 2 2 2 2 2
left_child=1 4 3 7 -1 -4 10 -3 9 -6 14 13 -13 16 15 22 -10 -18 -19 -15 -21 -20 -2 -8 -25 26 27 29 -29 -26
right_child=6 2 5 -5 8 -7 23 -9 11 -11 -12 12 -14 19 -16 -17 17 18 21 20 -22 -23 -24 24 25 -27 -28 28 -30 -31
leaf_value=-6.1176565566176908 0.38098142537635071 -0.0060844538160645667 -0.0032966742927494799 0.56272422289776558 -0.056361258906412331 0.054891146181304321 0.20097821359572665 0.034803972604023695 -0.046227925635235992 1.1660046265928246 -1.7535288255204808 0.15124543768015744 -0.044324018060780256 -1.6208082563101984 -2.9444670375882818 -0.95887692853412942 -0.0036687830946555483 0.50967301049813096 -0.014637131797064247 0.087997041916726429 -1.7622109569186499 0.24069189625468185 0.10052726539840705 -1.3055599326465932 -2.4851039073906849 -1.1407869971385076 -0.9401843605870005 -1.4621172292336639 1.5814939036173339 0.62538828609925579
leaf_weight=139 33 28 105 22 30 20 33 23 60 25 89 37 24 168 32 41 28 21 29 28 20 34 64 529 39 126 39 20 30 25
leaf_count=139 33 28 105 22 30 20 33 23 60 25 89 37 24 168 32 41 28 21 29 28 20 34 64 529 39 126 39 20 30 25
internal_value=-0.000480681 0.000995243 0.00306061 0.00645205 0.000359253 0.00108 -0.00160909 0.00288235 0.00110714 0.00463636 1.15823e-05 0.000674832 0.00388525 0.000170102 0.00123529 0.00221739 0.0017093 0.00316071 0.0045 -0.00105556 0.002 0.00223809 0.00380412 -0.00210821 -0.00225743 -0.0013871 -5.88242e-05 0.000947368 0.0036 -0.001125
internal_weight=1941 841 198 73 643 125 1100 51 504 55 259 449 61 388 170 138 172 112 84 216 48 63 97 841 808 279 153 114 50 64
internal_count=1941 841 198 73 643 125 1100 51 504 55 259 449 61 388 170 138 172 112 84 216 48 63 97 841 808 279 153 114 50 64
is_linear=0
shrinkage=0.03


Tree=129
num_leaves=31
num_cat=0
split_feature=11 49 39 9 17 3 9 53 47 9 9 30 2 35 6 30 2 18 42 17 30 48 14 6 18 6 57 35 10 58
split_gain=3.06838 1.04425 1.31563 1.13744 0.943537 1.02424 0.88988 0.921128 0.621915 0.603619 1.02059 0.937129 0.816421 1.42633 0.681017 0.819741 0.669919 0.64536 1.60087 0.583147 0.55706 0.549351 0.533722 0.494505 0.817636 0.710526 0.65404 0.653033 1.15952 0.576002
threshold=-0.22695468355932455 28.500000000000004 978.13616072500008 141.50000000000003 60.500000000000007 6677004.8395000007 149.50000000000003 83.000000000000014 49.500000000000007 146.50000000000003 149.50000000000003 1019.2357145000002 7241.5000000000009 225.70625000000004 22.500000000000004 924.44285715000012 780.3571429000001 14.500000000000002 18.551785725000006 7.5000000000000009 830.63571430000013 3.5000000000000004 29.550000000000004 25.500000000000004 6.5000000000000009 16.500000000000004 263.50000000000006 683.04464285000006 -0.3520614488341256 1007.35
decision_type=2 2 2 2 2 2 2 2 2 2 2 2 2 2 2 2 2 2 2 2 2 2 2 2 2 2 2 2 2 2
left_child=1 3 4 -1 8 21 19 -8 -3 12 16 17 13 14 20 -16 -11 18 -12 -2 -5 -6 23 24 25 -21 -26 28 -27 -25
right_child=6 2 -4 9 5 -7 7 -9 -10 10 11 -13 -14 -15 15 -17 -18 -19 -20 22 -22 -23 -24 29 26 27 -28 -29 -30 -31
leaf_value=-5.9341268599191599 -1.5643356262092007 0.020616885848430525 0.54702362605459731 0.29998731122507555 0.0086764955509201647 0.046329747063267084 -1.2215705344792391 0.25266838206730868 0.16694368237467272 0.18514486492553897 -0.016653392163184358 0.28761842198326848 0.17510202714036263 -0.28383482468430388 -0.0061917261645433744 0.45352045770222021 -6.8736805721888796 -0.11233628580223717 1.8740951957153551 -3.9971633154911106 0.09744936284866057 -0.17540236776081519 -5.0065846457742742 1.3121111889464498 0.1407814506814907 1.5879834145079983 -2.418550684322192 -0.019656784464895716 0.081578376175847817 -0.096829889990830809
leaf_weight=139 140 23 21 25 63 22 418 25 22 20 48 33 31 48 41 35 103 76 22 25 22 47 62 51 82 20 162 36 39 40
leaf_count=139 140 23 21 25 63 22 418 25 22 20 48 33 31 48 41 35 103 76 22 25 22 47 62 51 82 20 162 36 39 40
internal_value=-0.000511593 0.000852556 0.00275758 0.00026594 0.00191525 0.000636363 -0.00155455 -0.00259368 0.00566667 0.000928571 7.94695e-05 0.00152514 0.00219802 0.00138596 0.00309756 0.0013421 -0.00202439 0.00049315 0.00257143 -0.000853882 0.00593617 -0.000545455 -0.000388782 -3.29677e-05 -0.000527473 0.0015 -0.00152459 0.00268421 0.00462712 0.00194505
internal_weight=1941 841 198 643 177 132 1100 443 45 504 302 179 202 171 123 76 123 146 70 657 47 110 517 455 364 120 244 95 59 91
internal_count=1941 841 198 643 177 132 1100 443 45 504 302 179 202 171 123 76 123 146 70 657 47 110 517 455 364 120 244 95 59 91
is_linear=0
shrinkage=0.03


Tree=130
num_leaves=31
num_cat=0
split_feature=11 49 39 9 9 17 3 17 9 9 31 2 35 6 5 43 2 43 53 6 35 48 4 32 11 27 17 5 31 2
split_gain=2.97811 1.08373 1.31563 1.09369 1.00965 0.943537 1.02424 0.710966 0.661552 0.926485 0.841607 0.816421 1.04879 0.803075 1.26276 0.771734 0.669919 0.621915 0.585959 0.568236 0.729246 0.549351 0.545269 0.532336 0.528703 0.547009 0.477485 0.468831 0.433344 0.425347
threshold=-0.22695468355932455 28.500000000000004 978.13616072500008 141.50000000000003 149.50000000000003 60.500000000000007 6677004.8395000007 12.500000000000002 146.50000000000003 149.50000000000003 1126.2321430000002 7241.5000000000009 225.70625000000004 22.500000000000004 22.500000000000004 -90.129464270000042 780.3571429000001 214.57767855000003 83.000000000000014 25.500000000000004 1.0000000180025095e-35 3.5000000000000004 2.5000000000000004 896.91428570000016 0.9946518923062071 304.50000000000006 18.500000000000004 22.500000000000004 859.97857140000008 0.56250000000000011
decision_type=2 2 2 2 2 2 2 2 2 2 2 2 2 2 2 2 2 2 2 2 2 2 2 2 2 2 2 2 2 2
left_child=1 3 5 26 7 17 21 -2 11 16 15 12 13 14 -5 23 -10 -3 -6 24 22 27 -21 -11 25 29 -1 -7 -15 -9
right_child=4 2 -4 8 18 6 -8 19 9 10 -12 -13 -14 28 -16 -17 -18 -19 -20 20 -22 -23 -24 -25 -26 -27 -28 -29 -30 -31
leaf_value=0.35394062026356227 -1.2682275857684424 0.019608066257366868 0.53061291727295856 0.36231982120420153 -1.1849234184448618 -0.016513114582189167 0.044939854651368613 -0.28389384785826433 0.17959051897777339 0.0089607318968306163 0.18786410586214819 0.16984896632615115 -0.27531977994377554 -0.0051234398773497133 0.00815330881430411 -0.041290617422387675 -6.6674701550232136 0.16193537190343107 0.24508833060528956 0.66262827656845258 -0.43379529402300598 -0.17014029672798961 1.0628477761963642 0.69313808718224801 0.2903699487000086 -2.1223391768200792 -7.8698018383428741 0.12783714832694071 0.38172880872618165 0.47708010121398403
leaf_weight=27 238 23 21 24 418 33 22 80 20 29 21 31 48 37 23 109 103 22 25 28 21 47 48 20 22 156 112 30 39 64
leaf_count=27 238 23 21 24 418 33 22 80 20 29 21 31 48 37 23 109 103 22 25 28 21 47 48 20 22 156 112 30 39 64
internal_value=-0.000527049 0.000816884 0.00275758 0.000219284 -0.00155455 0.00191525 0.000636363 -0.00080822 0.000869047 -1.98683e-05 0.00135754 0.00219802 0.00138596 0.00285366 0.00593617 0.000607594 -0.00202439 0.00566667 -0.0026614 -6.44399e-05 0.00194845 -0.000545455 0.00331579 0.00373469 -0.000670808 -0.001 -0.00213669 0.00128571 0.000947368 0.000333333
internal_weight=1941 841 198 643 1100 177 132 657 504 302 179 202 171 123 47 158 123 45 443 419 97 110 76 49 322 300 139 63 76 144
internal_count=1941 841 198 643 1100 177 132 657 504 302 179 202 171 123 47 158 123 45 443 419 97 110 76 49 322 300 139 63 76 144
is_linear=0
shrinkage=0.03


Tree=131
num_leaves=31
num_cat=0
split_feature=1 6 39 6 12 49 6 6 18 3 42 30 46 11 24 57 20 32 41 34 57 26 6 6 45 10 43 43 15 18
split_gain=2.96603 0.960768 1.36484 1.11938 0.928798 1.23899 0.900741 0.86299 0.836397 0.892377 1.06762 0.771273 1.02086 1.12201 0.75695 0.943883 0.716298 0.779548 0.676272 0.530709 0.593333 0.931203 1.0855 0.700312 0.868602 0.592905 0.514383 1.0741 0.444444 0.403491
threshold=3255.6250000000005 17.500000000000004 984.51216520625019 20.500000000000004 0.53946920585801694 45.500000000000007 25.500000000000004 28.500000000000004 56.500000000000007 7218678.0000000009 -145.95446449999994 58.764285715000007 24.250000000000004 -0.32143946530316164 738.35000000000014 294.50000000000006 99.500000000000014 694.38035715000012 328.02841620502363 1.0000000180025095e-35 301.50000000000006 8.2500000000000018 22.500000000000004 24.500000000000004 87.500000000000014 0.29012925520284133 150.38750000000002 -117.96874999999999 75.500000000000014 17.500000000000004
decision_type=2 2 2 2 2 2 2 2 2 2 2 2 2 2 2 2 2 2 2 2 2 2 2 2 2 2 2 2 2 2
left_child=4 2 8 -3 11 19 14 -8 9 10 -2 -1 13 -13 15 26 17 28 29 20 21 -6 -23 -22 -25 -24 27 -5 -12 -9
right_child=1 3 -4 6 5 -7 7 18 -10 -11 16 12 -14 -15 -16 -17 -18 -19 -20 -21 23 22 25 24 -26 -27 -28 -29 -30 -31
leaf_value=-1.1749092202946398 0.96915970924715811 -8.4024715333463895 0.51547675976414287 0.07340099141197734 -0.18869705024313357 0.66433010919626456 -4.5466848854524464 0.032814265855673555 -0.055791509622975861 0.034851065278703783 -0.61835888272160178 -0.00029691124160449804 -0.94520680864189666 0.6855924078505099 -0.011294264171454337 -0.0068236605864508814 -0.51088343584381812 0.16449926911290166 0.59456204922010725 -0.9790996835382253 -1.9814508501603012 0.67152804680822498 -2.0444124895382112 -1.3205135432044663 0.48555223660873792 0.88803663988340376 0.22243339277877699 0.16475349824862554 0.010863594193818051 -0.71999572117866029
leaf_weight=398 26 80 28 20 124 23 114 44 39 21 25 20 62 21 64 34 45 39 28 252 162 36 26 29 24 48 43 21 20 25
leaf_count=398 26 80 28 20 124 23 114 44 39 21 25 20 62 21 64 34 45 39 28 252 162 36 26 29 24 48 43 21 20 25
internal_value=-0.000511593 0.00102235 0.00255555 0.000234672 -0.00140816 -0.000720995 0.000893129 -0.000440759 0.00174419 0.002625 0.00183871 -0.0024012 -8.73794e-05 0.00358537 0.00243956 0.00386441 0.00072093 0.00235714 0.00163917 -0.000945792 -0.000327395 0.000717948 0.00272727 -0.00146512 0.0015283 0.000648648 0.00557143 0.00797561 -0.000333334 4.34775e-05
internal_weight=1941 716 243 473 1225 724 393 211 215 176 155 501 103 41 182 118 129 84 97 701 449 234 110 215 53 74 84 41 45 69
internal_count=1941 716 243 473 1225 724 393 211 215 176 155 501 103 41 182 118 129 84 97 701 449 234 110 215 53 74 84 41 45 69
is_linear=0
shrinkage=0.03


Tree=132
num_leaves=31
num_cat=0
split_feature=1 9 31 16 11 54 49 38 31 43 51 31 33 43 21 30 33 44 37 17 32 6 45 27 37 11 36 14 44 46
split_gain=2.51574 0.863775 0.944758 0.854909 1.27201 0.839318 0.812148 0.719927 0.833297 1.38148 1.20363 1.49548 0.71762 0.862992 0.659369 0.841452 1.22195 0.598548 0.498576 0.454821 0.437607 0.386486 0.751962 0.657199 0.623785 0.588668 0.773986 0.493772 0.926244 0.477464
threshold=3255.6250000000005 149.50000000000003 58.328571430000004 24.250000000000004 -0.32143946530316164 344.15000000000003 45.500000000000007 734.8078124875002 950.34732145000009 110.22857139999998 835.50000000000011 830.63571430000013 952.86875000000009 -59.005357145000012 206.50000000000003 815.06428575000007 30.084821430000002 33.100000000000009 573.51785715000017 6.5000000000000009 742.5562500000002 24.500000000000004 87.500000000000014 304.50000000000006 153.64017855 0.83146961230254512 771.57142855000018 28.750000000000004 29.550000000000004 25.450000000000003
decision_type=2 2 2 2 2 2 2 2 2 2 2 2 2 2 2 2 2 2 2 2 2 2 2 2 2 2 2 2 2 2
left_child=1 6 -3 4 -4 12 19 -7 9 10 11 -9 13 -2 -15 16 -16 -10 -18 -1 -11 23 29 24 25 27 -27 -21 -29 -23
right_child=5 2 3 -5 -6 7 -8 8 17 20 -12 -13 -14 14 15 -17 18 -19 -20 21 -22 22 -24 -25 -26 26 -28 28 -30 -31
leaf_value=-1.414220504574885 -0.33119633442985119 -1.1400536803945132 -0.0002940398059715258 -0.9065974700314271 0.73605609953270235 -0.38266048173364087 0.64440020592037639 0.15981080469757555 -0.040602781927438159 0.062527668668611314 0.00083148050370419392 0.93338951397559655 0.16982936339056096 -0.0010540614135986816 0.25086596095563313 0.50053385139200157 -1.160805743432368 0.25766276648822517 0.075191053139911243 -0.19690936888542857 -0.071223946533220187 0.27368051239556668 0.46506071922326919 -2.2643045015254031 -3.8245348883052115 1.3529478273260771 -0.013468959218767706 0.64755579969938237 -5.3471171038357133 -1.2808987152386384
leaf_weight=127 31 399 21 61 20 160 23 31 149 20 33 21 40 54 25 26 28 27 26 71 45 68 36 170 64 22 21 33 20 69
leaf_count=127 31 399 21 61 20 160 23 31 149 20 33 21 40 54 25 26 28 27 26 71 45 68 36 170 64 22 21 33 20 69
internal_value=-0.000557961 -0.00138367 -0.00234132 0.000235293 0.00358537 0.000854748 -0.000720995 0.000148147 0.000957054 0.0026 0.00511765 0.00796154 0.00234783 0.00157895 0.0024717 0.00385714 0.00231645 -0.000443183 -0.000222223 -0.000902996 -0.000692308 -0.000543555 0.000641618 -0.00105486 -1.29877e-05 0.000952095 0.00397674 -9.67749e-05 0.00209434 -0.000372263
internal_weight=1941 1225 501 102 41 716 724 486 326 150 85 52 230 190 159 105 79 176 54 701 65 574 173 401 231 167 43 124 53 137
internal_count=1941 1225 501 102 41 716 724 486 326 150 85 52 230 190 159 105 79 176 54 701 65 574 173 401 231 167 43 124 53 137
is_linear=0
shrinkage=0.03


Tree=133
num_leaves=31
num_cat=0
split_feature=11 9 8 27 36 2 18 57 47 31 52 31 1 49 40 40 3 28 33 56 28 42 57 19 15 9 36 57 2 26
split_gain=2.1675 1.06001 0.930345 1.19832 0.906521 0.845634 0.953342 0.718919 0.687549 0.675 0.587682 0.568567 0.625 0.520913 0.495951 0.773387 0.510995 0.99916 1.24884 0.989268 1.03675 0.553945 0.545455 0.461538 0.403122 0.534677 0.634608 0.697405 0.876848 0.813346
threshold=-0.22695468355932455 149.50000000000003 3.5000000000000004 55.000000000000007 455.96785715000004 7567.5000000000009 73.500000000000014 325.50000000000006 7.5000000000000009 776.64642855000011 4.5000000000000009 66.986607145000008 960.68750000000011 45.500000000000007 817.70736608333357 949.27087057083349 6648918.7855000012 1006.35 882.94642855000006 16.250000000000004 1007.5500000000001 77.281250000000014 288.50000000000006 2.5000000000000004 75.500000000000014 146.50000000000003 296.78928570000005 314.00000000000006 8222.2857145000016 8.3500000000000032
decision_type=2 2 2 2 2 2 2 2 2 2 2 2 2 2 2 2 2 2 2 2 2 2 2 2 2 2 2 2 2 2
left_child=2 8 3 10 5 6 -5 14 -2 -8 -1 -3 -13 24 16 -16 17 18 -4 20 -19 22 -22 -18 -10 26 27 28 29 -26
right_child=1 11 7 4 -6 -7 9 -9 13 -11 -12 12 -14 -15 15 -17 23 19 -20 -21 21 -23 -24 -25 25 -27 -28 -29 -30 -31
leaf_value=0.37759354135933959 -1.3887434676534038 -1.1055582709826872 0.060096526945867673 -0.75738452161391823 0.20208055334070574 0.11564072384385432 -0.19407083557044411 -0.38431454136293758 -0.27811145963367323 0.19068320582652981 -0.045769599377706957 0.33181673989206689 -0.90332144621632338 1.0613288506928831 -0.032869086803073246 0.095460413661726556 0.063422615631402557 0.2499328813169609 0.98986403687731461 -0.22700004914611457 0.016789582352374707 0.49038636881177938 -0.69151209958404247 -0.054403887276489676 -0.045867836390277791 0.5739122957507875 -0.32394399763128801 -4.8855895361915982 -1.0090158034496375 0.87822180457001864
leaf_weight=37 145 403 23 309 23 26 30 28 69 24 22 20 20 20 66 29 26 37 24 27 25 31 30 24 22 91 237 24 24 25
leaf_count=37 145 403 23 309 23 26 30 28 69 24 22 20 20 20 66 29 26 37 24 27 25 31 30 24 22 91 237 24 24 25
internal_value=-0.000650696 -0.00152727 0.000495838 -0.000388536 -0.000961166 -0.00130334 -0.00167769 0.00162162 -0.000762558 0.002 0.00361017 -0.0026614 0.000749999 -0.000246094 0.002 0.000157894 0.0027085 0.00339594 0.00721277 0.0022 0.00334146 0.00153488 -0.000272728 -7.15256e-10 -0.000439025 -9.21993e-05 -0.000650603 0.00142105 0.00291549 0.00529787
internal_weight=1941 1100 841 471 412 389 363 370 657 54 59 443 40 512 342 95 247 197 47 150 123 86 55 50 492 423 332 95 71 47
internal_count=1941 1100 841 471 412 389 363 370 657 54 59 443 40 512 342 95 247 197 47 150 123 86 55 50 492 423 332 95 71 47
is_linear=0
shrinkage=0.03


Tree=134
num_leaves=31
num_cat=0
split_feature=11 9 54 19 8 36 40 53 16 3 52 31 37 26 31 16 3 17 6 57 27 36 16 6 18 37 27 10 3 18
split_gain=2.59591 1.07424 0.947162 1.42772 1.37748 0.716533 0.825177 0.614612 0.613844 0.601045 0.638611 0.556317 0.892363 0.75005 0.953515 0.882173 0.632913 0.515045 0.635978 0.506849 0.451384 0.625808 0.669012 0.679348 0.544444 0.598639 0.756753 0.619286 0.538468 0.56032
threshold=-0.290129255202841 149.50000000000003 130.15000000000001 49.500000000000007 3.5000000000000004 584.93750000000011 990.9648685625001 115.50000000000001 24.550000000000004 6379010.3335000006 28.500000000000004 947.40625000000011 385.97142855000004 10.550000000000002 882.94642855000006 23.650000000000002 6321775.2855000012 12.500000000000002 18.500000000000004 295.50000000000006 304.50000000000006 801.93839285000013 25.650000000000002 24.500000000000004 46.500000000000007 199.85178570000002 256.50000000000006 0.88144907265856365 6298231.1875000009 24.500000000000004
decision_type=2 2 2 2 2 2 2 2 2 2 2 2 2 2 2 2 2 2 2 2 2 2 2 2 2 2 2 2 2 2
left_child=2 17 3 -1 5 6 8 -3 -4 -5 -11 12 19 -14 15 -15 -13 18 -2 -6 24 -22 -23 -24 25 26 -19 28 -28 -30
right_child=1 7 4 9 11 -7 -8 -9 -10 10 -12 16 13 14 -16 -17 -18 20 -20 -21 21 22 23 -25 -26 -27 27 -29 29 -31
leaf_value=0.26451844249771789 0.13227973589421718 -1.0457277585727898 -6.321597776004352 -0.29683801128385751 0.022041073455381841 0.20236369237133259 0.059675504818109938 0.38327820047375316 0.0028474480501972008 0.019686300304839418 0.022496606049412796 0.23878308151704411 0.18975739461772606 0.12437979051087443 0.54642125031636635 -0.00061522248701746586 -0.063236182434474014 -0.21446723954802718 -1.3787060742543362 -1.0937832504569249 -1.9919592388903449 2.2018674696637244 -2.1669145333077178 0.43981647906125387 -0.17978965063258898 -2.5733665191805715 0.27878368358376227 2.4287698047392148 0.3042931857943223 -0.52358200495525375
leaf_weight=31 28 436 206 23 36 21 21 24 71 61 21 21 31 35 21 91 73 51 217 37 111 22 45 24 65 22 22 21 33 20
leaf_count=31 28 436 206 23 36 21 21 24 71 61 21 21 31 35 21 91 73 51 217 37 111 22 45 24 65 22 22 21 33 20
internal_value=-0.00063524 -0.0015539 0.000674999 0.00295588 0.000207831 -0.00121317 -0.0015906 -0.00267391 -0.00202527 0.00128571 0.0024878 0.00152174 0.00225896 0.00340449 0.0025102 0.00152381 -0.000446809 -0.000797358 -0.00189796 -0.000534247 -0.0001789 -0.00121782 0.000626373 -0.000826088 0.000717948 0.00161538 0.00230612 0.003875 0.0026 0.000962263
internal_weight=1941 1141 800 136 664 319 298 460 277 105 82 345 251 178 147 126 94 681 245 73 436 202 91 69 234 169 147 96 75 53
internal_count=1941 1141 800 136 664 319 298 460 277 105 82 345 251 178 147 126 94 681 245 73 436 202 91 69 234 169 147 96 75 53
is_linear=0
shrinkage=0.03


Tree=135
num_leaves=31
num_cat=0
split_feature=11 9 9 6 2 32 2 46 37 41 35 19 34 2 42 17 26 14 53 18 37 18 3 6 4 32 27 6 1 4
split_gain=2.32307 1.06001 1.02947 1.43755 0.791279 1.46107 1.11635 0.92245 1.20117 1.13043 0.907358 0.78103 0.898954 0.777184 0.715141 0.646809 0.594108 0.723246 0.585959 0.549603 0.529447 0.518609 0.796569 1.0167 1.29648 0.446429 0.433623 0.70199 0.528028 0.648067
threshold=-0.22695468355932455 149.50000000000003 141.50000000000003 25.500000000000004 7241.5000000000009 800.00000000000011 5654.5892855000011 24.750000000000004 635.33125000000007 250.90870725776196 134.97767855000004 15.500000000000002 623.15000000000009 2962.9464285000004 144.68660710000003 7.5000000000000009 9.4500000000000011 33.100000000000009 83.000000000000014 8.5000000000000018 153.64017855 6.5000000000000009 7130318.0625000009 16.500000000000004 18.500000000000004 906.21875000000011 290.50000000000006 25.500000000000004 209.36607145000002 2.5000000000000004
decision_type=2 2 2 2 2 2 2 2 2 2 2 2 2 2 2 2 2 2 2 2 2 2 2 2 2 2 2 2 2 2
left_child=2 15 11 4 6 -6 7 8 9 -4 19 -1 -13 -11 -9 -2 -5 -18 -3 -10 21 22 23 -17 -25 -19 28 -28 29 -23
right_child=1 18 3 16 5 -7 -8 14 10 13 -12 12 -14 -15 -16 20 17 25 -20 -21 -22 26 -24 24 -26 -27 27 -29 -30 -31
leaf_value=-7.8942582852091085 -1.3616317793702186 -1.0153882479841769 0.45350129008098805 0.26126042682079914 0.052062038563767364 0.36935016968953444 -0.033186553706272492 -0.019470381840581107 -0.40694400350281096 0.33084179840653122 4.736103721658468 -0.0052045871920733365 0.41068067339864572 0.01162666452877481 0.085842037675064098 -3.6084574691357791 -0.43789128697293317 -0.018479749914273872 0.1907814732937316 0.034524027577770434 -4.4844061729539968 0.65460498502463882 -0.069670240110256451 0.053386641498827131 1.4591164422479215 0.83301160462165014 -2.0841053718165661 0.51110317834427188 0.80262170828903912 -0.6823472129706537
leaf_weight=111 140 418 26 21 23 20 77 97 38 21 20 52 24 25 26 21 169 28 25 35 57 32 26 41 40 28 140 44 23 93
leaf_count=111 140 418 26 21 23 20 77 97 38 21 20 52 24 25 26 21 169 28 25 35 57 32 26 41 40 28 140 44 23 93
internal_value=-0.000619784 -0.00152727 0.000567181 0.00112844 0.00222059 0.00606977 0.00176712 0.002625 0.00409091 0.007 0.00183871 -0.00139572 0.000947368 0.00417391 0.000658536 -0.000762558 -0.000682928 -0.00113333 -0.0026614 0.000287671 -0.000272728 6.52167e-05 0.0016875 0.00288235 0.00440741 0.00182143 -0.000560242 -0.00153261 0.000648648 -0.000120001
internal_weight=1941 1100 841 654 408 43 365 288 165 72 93 187 76 46 123 657 246 225 443 73 517 460 128 102 81 56 332 184 148 125
internal_count=1941 1100 841 654 408 43 365 288 165 72 93 187 76 46 123 657 246 225 443 73 517 460 128 102 81 56 332 184 148 125
is_linear=0
shrinkage=0.03


Tree=136
num_leaves=31
num_cat=0
split_feature=11 9 6 40 6 9 26 16 39 33 2 10 27 48 5 1 53 19 58 41 58 10 28 45 6 35 5 58 1 8
split_gain=2.6553 1.43741 0.93544 1.03531 0.914634 0.865898 0.701754 1.21329 0.742115 1.04096 0.669919 0.659579 0.639298 0.638844 1.0709 0.597365 0.585959 0.499859 0.572861 0.474113 0.433618 0.901515 1.18988 0.504235 0.729167 0.432922 0.430855 0.406368 0.444444 0.391507
threshold=-0.22695468355932455 141.50000000000003 25.500000000000004 970.54954119583329 28.500000000000004 149.50000000000003 12.450000000000001 24.750000000000004 426.14944195625009 545.30000000000007 780.3571429000001 -0.58216583101416164 312.50000000000006 1.0000000180025095e-35 22.500000000000004 10429.071430000002 83.000000000000014 15.500000000000002 1006.6500000000002 186.9998344627605 1006.7500000000001 0.097964660725097311 1006.4500000000002 87.500000000000014 24.500000000000004 486.48303570000002 22.500000000000004 1004.35 28.142857145000004 2.5000000000000004
decision_type=2 2 2 2 2 2 2 2 2 2 2 2 2 2 2 2 2 2 2 2 2 2 2 2 2 2 2 2 2 2
left_child=1 17 3 6 10 11 7 8 -3 -10 -4 27 25 14 29 -15 -7 -1 -19 -9 21 -13 -23 -22 -25 26 -6 28 -2 -8
right_child=5 2 4 -5 12 16 13 19 9 -11 -12 20 -14 15 -16 -17 -18 18 -20 -21 23 22 -24 24 -26 -27 -28 -29 -30 -31
leaf_value=-7.6574305366528357 0.26057042144016734 0.092968282979759287 0.25883340684397194 0.14266173098662868 0.021852561480377484 -0.98492660054465153 0.5867449875702393 -0.10323324974173802 -0.0022472391157287229 0.76453417782035371 -6.0959281237515919 0.42893032803574516 -0.48645608123139972 -0.052181908366160622 -0.0237257970483114 0.13721393411931698 0.18505802909491983 0.37820161793752632 -0.0083866364140134739 0.046478490281006701 -1.1288230796860572 -0.88946280720773552 0.75493337689717854 -1.0063267254018975 0.39780615236297912 -0.012187056694240524 0.14446913104345002 -2.1104378631344289 -1.1440030891033004 0.055961276181214159
leaf_weight=111 25 28 20 28 39 418 23 33 29 20 103 44 22 109 40 36 25 27 49 42 145 152 35 20 28 26 36 188 20 20
leaf_count=111 25 28 20 28 39 418 23 33 29 20 103 44 22 109 40 36 25 27 49 42 145 152 35 20 28 26 36 188 20 20
internal_value=-0.000666152 0.000602853 0.00126605 0.00214706 -0.000195123 -0.00163636 0.00173684 0.00331579 0.00596104 0.00373469 -0.00202439 -0.000945206 0.00163415 0.00068421 0.00278313 -0.000517242 -0.0026614 -0.00171658 0.000157894 0.000599999 -0.000240567 0.000636363 -0.000272728 -0.00129016 0.001375 0.00264356 0.0038 -0.00222747 0.000333333 0.00606977
internal_weight=1941 841 654 408 246 1100 380 152 77 49 123 657 123 228 83 145 443 187 76 75 424 231 187 193 48 101 75 233 45 43
internal_count=1941 841 654 408 246 1100 380 152 77 49 123 657 123 228 83 145 443 187 76 75 424 231 187 193 48 101 75 233 45 43
is_linear=0
shrinkage=0.03


Tree=137
num_leaves=31
num_cat=0
split_feature=31 9 9 26 18 40 2 35 9 3 2 34 34 1 49 2 16 3 26 47 47 9 58 4 57 36 15 41 9 58
split_gain=1.67534 1.45173 1.02663 0.766206 1.00941 0.861458 1.42607 1.01977 0.840593 1.01567 0.826855 0.696279 0.653607 0.680091 0.624326 0.700615 0.622222 0.771429 0.603217 0.620221 0.519247 0.457959 0.570725 0.934338 0.686417 0.533699 0.618658 0.44971 0.407276 0.401524
threshold=78.218750000000014 149.50000000000003 141.50000000000003 12.15 1.0000000180025095e-35 949.27087057083349 7241.5000000000009 769.4937500000002 143.50000000000003 6328993.3125000009 5377.3750000000009 327.22857140000002 674.48214285000006 9281.464285500002 15.500000000000002 4301.4017855000011 24.450000000000003 6628296.3215000005 18.150000000000002 9.5000000000000018 10.500000000000002 146.50000000000003 1006.6500000000002 21.500000000000004 263.50000000000006 745.88750000000016 83.500000000000014 278.85736723330399 142.50000000000003 1006.9500000000002
decision_type=2 2 2 2 2 2 2 2 2 2 2 2 2 2 2 2 2 2 2 2 2 2 2 2 2 2 2 2 2 2
left_child=1 18 14 8 5 7 -7 10 -4 -10 29 16 13 -6 -2 -16 -11 -18 19 -1 -21 22 23 24 28 -26 -27 -12 -22 -5
right_child=2 -3 3 4 12 6 -8 -9 9 11 27 -13 -14 -15 15 -17 17 -19 -20 20 21 -23 -24 -25 25 26 -28 -29 -30 -31
leaf_value=-1.4340664097660794 -7.0004576843901463 -0.98005945865355648 0.17052377149327552 0.31323337421564829 -0.034715271030152484 -0.066701187386292812 0.25231688216142711 -0.75696666240374899 -0.33961113963703154 -0.0073452225869709816 0.015144782802386665 1.1042791316578064 -0.33926879329349263 0.40209852243076338 -0.0067043864694215196 0.3937337497449459 0.068110714566396058 -0.071891891091966462 0.37566496188078341 0.049325667178825278 0.019183693530956756 0.4568806303208075 -2.1530432791249088 0.65276408978303579 -1.6905196212007649 0.34636821004579321 -3.8692344341058091 1.291112667130172 0.61707598496492411 -0.098953707691555357
leaf_weight=156 123 410 22 45 95 22 25 59 43 20 21 34 148 54 56 23 42 28 20 20 39 96 91 20 108 26 21 20 22 32
leaf_count=156 123 410 22 45 95 22 25 59 43 20 21 34 148 54 56 23 42 28 20 20 39 96 91 20 108 26 21 20 22 32
internal_value=-0.00071252 -0.00154227 0.000223683 0.000760563 0.000166986 0.0016875 0.00529787 0.000728813 0.00239682 0.00167066 0.00233898 0.00304839 -0.000979799 0.000422818 -0.00166337 0.000417721 0.00166667 0.003 -0.000625203 -0.000796328 -0.000223477 -0.000446809 -0.000981652 -0.000203391 -0.000777778 -0.00183871 0.000829787 0.00578049 0.00191803 0.000506493
internal_weight=1941 1029 912 710 521 224 47 177 189 167 118 124 297 149 202 79 90 70 619 599 443 423 327 236 216 155 47 41 61 77
internal_count=1941 1029 912 710 521 224 47 177 189 167 118 124 297 149 202 79 90 70 619 599 443 423 327 236 216 155 47 41 61 77
is_linear=0
shrinkage=0.03


Tree=138
num_leaves=31
num_cat=0
split_feature=11 12 10 37 16 12 16 5 27 27 40 42 24 57 37 40 34 28 54 3 42 52 19 40 1 19 37 16 15 32
split_gain=1.51534 1.38809 1.18181 1.06939 1.13623 1.02927 0.917658 0.825876 0.78415 0.968067 0.991742 1.26482 0.991156 0.835227 1.22506 0.784499 0.755085 1.20399 0.666001 0.609251 0.593939 0.553562 0.499859 0.568609 0.451931 0.675426 0.588235 0.437525 0.414819 0.373706
threshold=-0.22695468355932455 0.64987354830121502 0.58216583101416164 163.95267855000003 25.950000000000003 0.64987354830121502 26.150000000000002 1.0000000180025095e-35 312.50000000000006 287.50000000000006 949.27087057083349 -6.7589285549999998 344.15000000000003 237.50000000000003 385.97142855000004 788.88965774583346 516.83571430000018 1007.9500000000002 2.2500000000000004 6312448.5835000006 21.533035705000007 767.50000000000011 15.500000000000002 645.40137649437509 209.36607145000002 58.500000000000007 37.564285710000007 24.650000000000002 79.500000000000014 766.22410715000012
decision_type=2 2 2 2 2 2 2 2 2 2 2 2 2 2 2 2 2 2 2 2 2 2 2 2 2 2 2 2 2 2
left_child=5 6 3 4 7 8 24 -3 9 12 11 -11 13 15 -15 18 17 20 -1 28 -14 27 -7 -24 -2 26 -26 -18 -9 -13
right_child=1 2 -4 -5 -6 22 -8 19 -10 10 -12 29 16 14 -16 -17 21 -19 -20 -21 -22 -23 23 -25 25 -27 -28 -29 -30 -31
leaf_value=0.37113562312500686 -0.96465938118460137 0.36184438806719776 -1.5758747561813862 -2.3299735461880147 -4.5082603310377332 -7.2656415267841936 0.10168126112510602 0.064267306887329734 -0.082014850956961177 -0.47223795531737833 0.17158913489294797 2.8669214887355881 0.53463483583862736 0.005187591834376711 0.49008506490046688 0.11142801389976098 -3.2608650878051884 -0.063985992762309277 -0.022992310626534149 -0.011051639871604556 0.10831813742798395 0.067616949631667922 -0.0065032548753384111 0.43820667532652224 0.65474899419046484 0.28654415357266844 -0.86224208745928566 0.014521023063917362 0.439590911442726 0.83832211997026618
leaf_weight=26 690 28 89 32 23 111 29 23 59 44 29 21 20 29 25 34 137 47 84 39 24 20 56 20 30 20 72 30 25 25
leaf_count=26 690 28 89 32 23 111 29 23 59 44 29 21 20 29 25 34 137 47 84 39 24 20 56 20 30 20 72 30 25 25
internal_value=-0.00071252 -0.00144546 0.000474903 0.00194118 0.00308696 0.000246135 -0.00203686 0.00430435 0.000807339 0.00113445 0.00355462 0.002 0.000529411 0.00215151 0.00533333 0.000958333 -0.0006259 0.00161538 -0.000272728 0.00286207 0.00518182 -0.00171658 -0.00171658 0.000157894 -0.00222414 -0.000540984 -0.00152941 -0.00228144 0.005125 0.00547826
internal_weight=1941 1100 259 170 138 841 841 115 654 595 119 90 476 198 54 144 278 91 110 87 44 187 187 76 812 122 102 167 48 46
internal_count=1941 1100 259 170 138 841 841 115 654 595 119 90 476 198 54 144 278 91 110 87 44 187 187 76 812 122 102 167 48 46
is_linear=0
shrinkage=0.03


Tree=139
num_leaves=31
num_cat=0
split_feature=30 12 27 28 17 41 10 19 35 12 56 19 40 15 46 10 12 40 35 10 46 12 15 41 41 3 10 6 17 31
split_gain=1.32499 1.75358 1.22256 0.783504 0.984041 1.16926 1.09056 0.900999 0.831456 0.74932 0.670863 0.647157 1.07728 0.558961 0.568052 0.52572 0.533971 0.860236 0.817321 0.794948 0.752441 0.670168 1.05159 0.618176 1.30303 0.48 0.462019 0.409756 0.372285 0.360784
threshold=47.675000000000004 0.53946920585801694 37.500000000000007 1005.9500000000002 49.500000000000007 361.72124689857429 0.097964660725097311 9.5000000000000018 91.033928570000015 0.64987354830121502 6.3500000000000005 15.500000000000002 636.55221975289589 86.500000000000014 25.450000000000003 -0.97335555334614932 0.58218302397213695 949.27087057083349 239.25000000000003 -0.70710678118654735 23.350000000000005 0.53946920585801694 70.500000000000014 325.17117887485921 352.76148834985395 6349833.5625000009 -0.52778511650980109 18.500000000000004 44.500000000000007 787.69196430000011
decision_type=2 2 2 2 2 2 2 2 2 2 2 2 2 2 2 2 2 2 2 2 2 2 2 2 2 2 2 2 2 2
left_child=1 -1 -2 4 5 6 7 26 10 15 -5 -11 -13 14 25 -4 21 18 20 -19 -18 23 -23 29 -25 -12 -3 -8 -22 -17
right_child=2 3 9 8 -6 -7 27 -9 -10 11 13 12 -14 -15 -16 16 17 19 -20 -21 28 22 -24 24 -26 -27 -28 -29 -30 -31
leaf_value=-0.92306040681410539 0.27794779403179171 0.055168337424308232 -0.78829255204330539 -1.0526507455163603 -1.0208222119788992 -0.92624805203869509 -3.9418757298714824 0.72020282536104563 -1.8430298096397413 -6.7001840048924679 3.5184985007439513 -0.0088661785036480197 0.36205599190641524 0.37972224568969026 -1.8985222632952614 0.0090478542653648474 0.40343320171789276 0.31275794245343352 -2.2108583363072025 0.009459709935773988 -0.0053209647819660467 -5.9327776767864053 0.22285760581100492 0.64064455878538795 0.013344031486041876 -0.3148976530170981 0.4053209268013831 0.10183755396316026 0.22036848377177506 -0.035208483893315538
leaf_weight=395 40 32 69 96 85 28 21 21 169 129 20 54 24 24 27 170 29 21 37 20 62 106 20 30 49 30 20 20 33 60
leaf_count=395 40 32 69 96 85 28 21 21 169 129 20 54 24 24 27 170 29 21 37 20 62 106 20 30 49 30 20 20 33 60
internal_value=-0.000681608 -0.00145142 0.000116474 -0.0004199 0.000964757 0.00249296 0.0038421 0.0060411 -0.00127869 -0.000108434 4.56846e-05 -0.00169565 0.000461538 0.00175247 0.000506493 0.00035694 0.000626373 0.00190099 0.000913043 0.00578049 0.00208064 3.4482e-05 -0.00180952 0.000786407 0.00307595 0.0024 0.00392308 -7.31714e-05 0.000789473 -7.15256e-10
internal_weight=1941 988 953 593 227 142 114 73 366 913 197 207 78 101 77 706 637 202 161 41 124 435 126 309 79 50 52 41 95 230
internal_count=1941 988 953 593 227 142 114 73 366 913 197 207 78 101 77 706 637 202 161 41 124 435 126 309 79 50 52 41 95 230
is_linear=0
shrinkage=0.03


Tree=140
num_leaves=31
num_cat=0
split_feature=1 9 10 57 9 27 33 35 48 32 22 27 36 46 32 41 36 27 43 45 19 33 46 56 31 10 9 17 44 36
split_gain=1.50153 1.57529 1.39584 1.10053 0.873926 0.795967 0.790062 1.13653 0.719422 0.744464 1.35663 1.0942 0.842864 0.681115 0.625 0.608417 1.18134 0.546321 0.92326 0.633582 0.418655 0.386746 0.377998 0.393149 0.358605 0.306665 0.781654 0.607506 0.304453 0.302883
threshold=431.93750000000006 141.50000000000003 0.58216583101416164 295.50000000000006 137.50000000000003 37.500000000000007 225.70625000000004 20.210714285000005 63.500000000000007 1141.1357145000002 609.00000000000011 292.50000000000006 758.0785714000001 26.150000000000002 802.69880950000004 361.72124689857429 328.32589285000006 262.50000000000006 266.93571430000009 87.500000000000014 94.500000000000014 1126.2321430000002 23.150000000000002 4.6500000000000012 1190.0705355000002 0.58216583101416164 150.50000000000003 45.500000000000007 28.350000000000005 705.46250000000009
decision_type=2 2 2 2 2 2 2 2 2 2 2 2 2 2 2 2 2 2 2 2 2 2 2 2 2 2 2 2 2 2
left_child=1 2 4 5 -1 20 7 17 9 11 -11 12 21 25 -13 16 -6 19 -19 -7 -2 28 -5 -24 -12 -3 27 -27 -8 -18
right_child=3 13 -4 22 15 6 8 -9 -10 10 24 14 -14 -15 -16 -17 29 18 -20 -21 -22 -23 23 -25 -26 26 -28 -29 -30 -31
leaf_value=-4.3437220079869308 0.39577503248366142 -0.90815034342461065 -1.7507934558364835 1.3576848004456918 0.37397516194154623 -0.91852057633307449 0.00011800835491041894 0.26878879160220953 0.1309557663896562 0.49478705844345011 -0.24333089484517781 -0.034670258448239295 0.39117938371244043 0.1019225731972187 0.41071139687378644 -0.037607417165887558 -0.035071376063961421 0.29837209571170609 -0.69743841398448936 0.022851422891708613 0.15269546017023825 0.0087028440775187947 0.083435213426611116 -0.71771725952892362 0.081604034828806279 -0.6494462666483517 -1.0147254014070475 1.4563217107112001 -0.16047532345296242 0.19826168672635702
leaf_weight=24 23 500 80 24 29 49 21 20 40 20 33 20 20 28 20 27 24 39 21 29 20 37 27 203 20 61 125 29 278 50
leaf_count=24 23 500 80 24 29 49 21 20 40 20 33 20 20 28 20 27 24 39 21 29 20 37 27 203 20 61 125 29 278 50
internal_value=-0.000727976 -0.00155681 0.000589743 0.000112032 0.00225974 0.000718309 0.000463268 0.00231645 -0.000111985 -0.000441365 0.00234247 -0.000954546 -0.00148315 -0.00223284 0.00375 0.00323077 0.00428155 0.00134783 0.0035 -0.000307693 0.00467442 -0.00183929 -0.00158268 -0.00195652 -0.000169812 -0.00241259 -0.00146512 0.000666666 -0.00219733 0.00227027
internal_weight=1941 977 234 964 154 710 667 158 509 469 73 396 356 743 40 130 103 138 60 78 43 336 254 230 53 715 215 90 299 74
internal_count=1941 977 234 964 154 710 667 158 509 469 73 396 356 743 40 130 103 138 60 78 43 336 254 230 53 715 215 90 299 74
is_linear=0
shrinkage=0.03


Tree=141
num_leaves=31
num_cat=0
split_feature=1 9 9 19 8 6 40 40 43 37 37 27 5 5 53 37 43 17 2 8 11 26 45 5 3 10 6 3 37 37
split_gain=1.91659 1.1709 0.714647 1.07685 1.0846 0.625532 0.967067 0.986301 0.907407 1.33625 1.02467 0.629584 1.03124 0.672786 0.583333 0.575094 0.557099 0.528252 0.519298 0.517498 0.782918 0.714359 0.648 0.825714 0.521277 0.462105 0.424242 0.404749 0.41326 1.30919
threshold=431.93750000000006 149.50000000000003 141.50000000000003 15.500000000000002 5.5000000000000009 25.500000000000004 966.7769965270835 734.56748513958348 16.292857150000035 153.64017855 771.57142855000018 278.50000000000006 37.500000000000007 1.0000000180025095e-35 160.50000000000003 42.992857145000009 326.64464265000004 7.5000000000000009 4059.3392855000006 2.5000000000000004 0.68322629814330826 15.450000000000001 87.500000000000014 1.0000000180025095e-35 6292306.5715000005 0.93540483100319627 21.500000000000004 7171728.0000000009 619.63571430000013 455.96785715000004
decision_type=2 2 2 2 2 2 2 2 2 2 2 2 2 2 2 2 2 2 2 2 2 2 2 2 2 2 2 2 2 2
left_child=1 17 3 -2 18 6 7 8 9 -4 -11 15 13 -13 -9 -7 27 -1 -5 20 -19 25 23 -22 -25 -21 -18 28 29 -10
right_child=2 -3 5 4 -6 11 -8 14 16 10 -12 12 -14 -15 -16 -17 26 19 -20 21 22 -23 -24 24 -26 -27 -28 -29 -30 -31
leaf_value=-1.221236560912518 -6.2923948862930912 -0.86812408430694388 0.38080137961772165 -4.6235644044397386 0.20839917871472016 0.047592127285595164 0.12024167277621876 -0.95579026834506009 -0.029013644565175644 -0.17135162882094632 0.54139579975321461 0.38823709456214756 0.053501931790965213 -0.27612417488343344 0.013239783674086151 -5.4323718178552873 0.10249663761768364 -0.044546845363549102 0.32902330480339081 -1.875024212425964 0.7889368724327871 0.63395168579293792 0.42008845242693088 0.14746886326035194 -0.10392267630272194 0.055500166813153208 0.095627448262175341 0.15501970603728957 -0.054092226961467385 0.41757377476818769
leaf_weight=126 130 390 21 37 25 33 32 70 57 20 31 36 36 73 80 104 33 103 20 176 28 22 25 25 47 35 21 28 57 20
leaf_count=126 130 390 21 37 25 33 32 70 57 20 31 36 36 73 80 104 33 103 20 176 28 22 25 25 47 35 21 28 57 20
internal_value=-0.00071252 -0.00164893 0.000236514 -0.00130189 0.00139024 0.000670212 0.00134042 0.000972602 0.002 0.00491667 0.00229412 -0.000446809 0.000931034 -0.000522936 -0.001 -0.00190511 0.00102778 -0.000802386 -0.000894738 -0.000331888 0.00068421 -0.00132618 0.00228 0.0012 -0.000500001 -0.00186256 0.00366667 0.000148147 -0.000537314 0.000896103
internal_weight=1941 977 964 212 82 752 470 438 288 72 51 282 145 109 150 137 216 587 57 461 228 233 125 100 72 211 54 162 134 77
internal_count=1941 977 964 212 82 752 470 438 288 72 51 282 145 109 150 137 216 587 57 461 228 233 125 100 72 211 54 162 134 77
is_linear=0
shrinkage=0.03


Tree=142
num_leaves=31
num_cat=0
split_feature=11 9 27 28 40 8 57 42 26 17 48 39 31 23 24 57 33 56 8 15 18 6 57 3 22 3 3 17 26 31
split_gain=1.9712 1.12356 0.771621 0.710421 0.937117 0.763791 0.652127 1.03387 1.61286 0.629062 0.593362 1.03594 0.543144 0.849369 0.535875 0.479594 0.559674 0.800476 0.460451 0.855337 0.753074 0.44848 0.626912 0.486275 0.448201 0.506868 0.746544 0.438157 0.432018 0.357706
threshold=1.0000000180025095e-35 149.50000000000003 22.500000000000004 1005.5500000000001 949.27087057083349 2.5000000000000004 270.50000000000006 21.533035705000007 13.750000000000002 12.500000000000002 1.0000000180025095e-35 336.99877231875001 509.62857145000004 159.50000000000003 380.30000000000001 283.50000000000006 623.15000000000009 17.250000000000004 3.5000000000000004 80.500000000000014 24.500000000000004 25.500000000000004 298.50000000000006 6363513.2855000012 146.50000000000003 6363516.2500000009 6612719.7855000012 60.500000000000007 11.750000000000002 694.38035715000012
decision_type=2 2 2 2 2 2 2 2 2 2 2 2 2 2 2 2 2 2 2 2 2 2 2 2 2 2 2 2 2 2
left_child=2 9 -1 10 5 14 7 8 -7 -2 11 -4 -8 -14 24 -15 -17 -18 20 -20 27 -22 23 -23 25 -5 -27 -11 -9 -13
right_child=1 -3 3 4 -6 6 12 28 -10 18 -12 29 13 15 -16 16 17 -19 19 -21 21 22 -24 -25 -26 26 -28 -29 -30 -31
leaf_value=0.31596834556338871 -0.84177514963151134 -0.84806153788159644 0.48020345735106401 -0.38444878101963209 0.031608585111527893 0.74973079440692414 -0.15150554098791308 0.14919441564691996 -0.031563270998803107 0.1876791587967491 -0.26235063093110228 -0.53265374699770807 0.05932237760149113 -0.046118543736687917 -3.1411745283266153 -0.0042859704207257564 0.73989987281340142 -0.047731758618681695 0.6855929308059725 -1.8882414915417423 -0.5667425344860223 0.8436465299453888 0.99234925107915695 -1.2295124883087103 0.24852210137192096 0.12133573934401878 -0.15563094625168497 -0.040024357018864511 -0.058227824118508256 0.12472322162217166
leaf_weight=20 201 384 23 41 36 21 85 26 22 39 172 73 21 40 113 44 35 25 29 124 82 20 26 31 20 32 31 20 44 61
leaf_count=20 201 384 23 41 36 21 85 26 22 39 172 73 21 40 113 44 35 25 29 124 82 20 26 31 20 32 31 20 44 61
internal_value=-0.000774344 -0.00174477 0.000167512 4.66314e-05 0.000632075 0.000349999 0.00121488 0.00310619 0.00676744 -0.000902099 -0.00108511 0.000248407 0.000359999 0.00136364 -0.000974684 0.000541666 0.00161538 0.0035 -0.000169812 -0.00143137 0.000715596 -0.000358491 0.00128571 -0.00064706 0.000387096 -0.000403847 0.00128571 0.00361017 0.000857142 -0.000761195
internal_weight=1941 956 985 965 636 600 363 113 43 572 329 157 250 165 237 144 104 60 371 153 218 159 77 51 124 104 63 59 70 134
internal_count=1941 956 985 965 636 600 363 113 43 572 329 157 250 165 237 144 104 60 371 153 218 159 77 51 124 104 63 59 70 134
is_linear=0
shrinkage=0.03


Tree=143
num_leaves=31
num_cat=0
split_feature=32 2 27 16 57 6 42 56 15 8 44 57 47 6 2 27 44 3 26 18 10 46 27 5 32 10 19 27 26 42
split_gain=1.91947 0.926392 1.66309 0.962111 1.21284 0.741357 1.02992 0.789111 0.879023 1.01663 1.17959 1.11188 0.850311 0.732447 1.74884 0.761552 0.693607 0.731739 0.700903 0.67695 0.560618 0.552261 0.736433 0.765406 0.835626 0.508927 0.677116 0.514545 0.604202 0.477594
threshold=662.54285715000015 7396.1607145000007 287.50000000000006 24.550000000000004 277.50000000000006 16.500000000000004 -92.933928499999965 9.8500000000000032 80.500000000000014 2.5000000000000004 28.350000000000005 241.50000000000003 22.500000000000004 18.500000000000004 5423.1875000000009 302.50000000000006 32.850000000000001 6331529.0715000005 18.150000000000002 55.500000000000007 -0.98611507088852035 23.950000000000003 266.50000000000006 1.0000000180025095e-35 222.95625000000004 0.22695468355932447 16.500000000000004 301.50000000000006 12.750000000000002 -211.37589270000007
decision_type=2 2 2 2 2 2 2 2 2 2 2 2 2 2 2 2 2 2 2 2 2 2 2 2 2 2 2 2 2 2
left_child=5 3 -3 16 -5 6 -1 8 19 10 12 -11 -10 14 -9 -16 29 -18 -19 21 -8 -7 -23 -24 -25 26 -15 28 -27 -2
right_child=1 2 -4 4 -6 7 20 13 9 11 -12 -13 -14 25 15 -17 17 18 -20 -21 -22 22 23 24 -26 27 -28 -29 -30 -31
leaf_value=0.1398893573712314 0.061296848577736242 -0.73217461376092674 0.2864983595762029 0.051826708538726438 0.11278187192134835 -0.82961657974003333 0.15132973386041931 -4.6966311958303404 0.34463463038206077 0.29318768730799866 -1.3343419250538029 -0.94302113913980345 0.40590675600209553 -1.5331354023582096 0.60104984616417467 0.0030913162689270358 0.17286852307359477 -0.94143129054322905 1.5514049896770536 -2.4347893243868093 -0.67560819890546331 0.42387251159457051 0.22207172700074393 -0.11053227779945447 0.1934668461212061 -0.010002396785892048 0.016713859089144335 -0.79855190938813869 0.29003239571855183 -0.053593051571101703
leaf_weight=20 34 23 21 63 33 30 24 47 23 20 43 161 40 297 22 21 21 44 23 22 420 24 24 51 20 53 22 62 27 206
leaf_count=20 34 23 21 63 33 30 24 47 23 20 43 161 40 297 22 21 21 44 23 22 420 24 24 51 20 53 22 62 27 206
internal_value=-0.00063524 0.00103846 0.00518182 0.00060849 0.00325 -0.00116701 -0.00215948 -0.000710605 0.000209606 -0.000804879 0.0015283 -0.00217127 0.00414286 -0.0014755 0.000999999 0.00537209 -0.000164635 0.00211364 0.000582089 0.00191228 -0.00245946 0.00263758 0.00355462 0.00236842 0.000802816 -0.00195879 -0.00262383 -0.000464789 0.001125 -0.001
internal_weight=1941 468 44 424 96 1473 464 1009 458 287 106 181 63 551 90 43 328 88 67 171 444 149 119 95 71 461 319 142 80 240
internal_count=1941 468 44 424 96 1473 464 1009 458 287 106 181 63 551 90 43 328 88 67 171 444 149 119 95 71 461 319 142 80 240
is_linear=0
shrinkage=0.03


Tree=144
num_leaves=31
num_cat=0
split_feature=31 12 27 8 26 35 11 28 11 41 41 44 22 56 19 58 37 40 31 3 38 46 31 43 43 43 16 30 48 16
split_gain=2.06287 1.24508 0.93008 0.837168 1.08019 1.13282 0.692232 0.585687 0.941233 0.669649 0.600883 0.583262 0.579823 0.51673 0.645892 0.536316 0.513053 0.493091 0.397277 1.04457 0.76608 1.05144 0.676027 0.666782 0.545103 0.936643 0.468707 0.816667 0.391516 0.328236
threshold=78.218750000000014 0.53946920585801694 55.000000000000007 3.5000000000000004 13.750000000000002 32.322321430000009 -0.290129255202841 1005.9500000000002 0.81241147629689003 26.640421599847109 348.92297936723918 31.850000000000005 761.00000000000011 6.3500000000000005 1.5000000000000002 1007.35 263.65982145000004 966.7769965270835 950.34732145000009 6321775.2855000012 679.34531250000009 24.650000000000002 216.97946430000002 -221.03303572999999 1.0000000180025095e-35 185.94910709999996 24.450000000000003 455.33571430000006 41.500000000000007 24.750000000000004
decision_type=2 2 2 2 2 2 2 2 2 2 2 2 2 2 2 2 2 2 2 2 2 2 2 2 2 2 2 2 2 2
left_child=1 -1 16 4 5 11 18 8 10 13 -3 29 17 -9 15 28 -2 -6 20 -20 22 23 -5 -22 -25 -26 27 -24 -15 -4
right_child=2 7 3 6 12 -7 -8 9 -10 -11 -12 -13 -14 14 -16 -17 -18 -19 19 -21 21 -23 26 24 25 -27 -28 -29 -30 -31
leaf_value=-0.79572546502340535 0.30500166570173431 -0.12534311581053389 -1.5307237562764402 0.03844752064699701 -2.6256616372112482 0.14484719898922413 -0.85168686989053288 -0.84369632157912244 0.20938516513901415 -1.6773024373405026 0.023831350925966579 0.098103243861794143 0.10846518567132857 2.0623441893066223 0.38224470765415908 -0.2708952725640742 0.048774438837417798 0.020050012822590144 0.14184388807924134 -0.08270675838482372 0.68359718245867984 0.12718627727550216 -0.4708462339762054 -3.8781532123272244 0.49040236105604884 -0.05234232245016996 -0.059780036911389882 0.16411954063922368 -0.064420246035750459 0.0011633117715104311
leaf_weight=410 23 133 46 26 232 38 57 103 64 173 37 20 20 23 20 33 43 26 20 72 25 27 30 22 20 21 51 30 33 63
leaf_count=410 23 133 46 26 232 38 57 103 64 173 37 20 20 23 20 33 43 26 20 72 25 27 30 22 20 21 51 30 33 63
internal_value=-0.000650696 -0.00157143 0.000388157 0.000120567 -0.000775282 0.00113174 0.00111471 -0.000722133 0.000461538 -0.00144156 -0.000705883 -0.000209303 -0.00192086 -0.000311321 0.00112844 3.37071e-05 0.00381818 -0.00230233 0.00162209 -6.52181e-05 0.00223809 0.00404348 0.000722627 0.00245454 0.000809523 0.00285366 -0.000297298 0.0015 0.00182143 -0.0010734
internal_weight=1941 1029 912 846 445 167 401 619 234 385 170 129 278 212 109 89 66 258 344 92 252 115 137 88 63 41 111 60 56 109
internal_count=1941 1029 912 846 445 167 401 619 234 385 170 129 278 212 109 89 66 258 344 92 252 115 137 88 63 41 111 60 56 109
is_linear=0
shrinkage=0.03


Tree=145
num_leaves=31
num_cat=0
split_feature=1 12 10 12 28 39 3 6 40 57 48 38 27 43 16 6 35 26 26 36 41 37 51 35 11 58 42 5 20 49
split_gain=2.2469 1.30209 1.18205 0.998549 1.19103 0.952068 0.916053 0.863546 1.2033 0.90758 0.831731 0.825094 0.794638 0.86168 0.749286 0.749251 0.740741 0.685159 0.515045 0.478671 1.31364 0.469688 0.928793 0.8926 0.688095 0.458009 0.444725 0.588235 0.60158 0.420452
threshold=431.93750000000006 0.64987354830121502 0.58216583101416164 0.52490632455031438 1006.2500000000001 978.13616072500008 6370377.6250000009 25.500000000000004 61.848363094374982 295.50000000000006 3.5000000000000004 681.27633928750015 295.50000000000006 144.08779733500006 26.050000000000004 16.500000000000004 108.81428570000001 17.750000000000004 4.5500000000000007 7.2553571430000003 339.22157483328903 622.06428570000014 753.00000000000011 66.478571430000017 -0.58216583101416131 1006.85 -104.83035719999997 22.500000000000004 20.500000000000004 14.500000000000002
decision_type=2 2 2 2 2 2 2 2 2 2 2 2 2 2 2 2 2 2 2 2 2 2 2 2 2 2 2 2 2 2
left_child=1 14 15 5 29 6 -2 9 -9 21 12 -11 13 17 -1 -3 18 -8 -16 -17 -21 24 -23 -24 -6 -26 -12 -28 -29 -5
right_child=3 2 -4 4 7 -7 10 8 -10 11 26 -13 -14 -15 16 19 -18 -19 -20 20 -22 22 23 -25 25 -27 27 28 -30 -31
leaf_value=-0.77603210617550133 -0.14811947715611076 -4.0382341354163742 -1.6868749793534423 -4.5352619377443926 0.26638786967276012 0.39925545188257122 0.16241171311591265 0.20039236680607475 -1.9611083747002827 -0.17897772763251923 0.058283392475146974 0.015869437188955948 -0.11457194112754647 0.02934817871510419 -1.2753493976387724 -0.0059466458123389196 -1.5253095093981806 1.1971664570208784 0.35586165806750114 0.14296709573591881 0.55571051500256441 -0.025038928198422121 0.21089288044394086 0.0064119094168651166 0.59087315176047006 -0.0031005604530645061 -0.2797552452214907 0.081969927550479521 -0.62626140753344439 0.16807932722499785
leaf_weight=653 72 24 80 223 28 35 37 28 111 59 26 26 25 24 25 20 36 20 29 90 20 25 20 31 20 22 45 27 24 36
leaf_count=653 72 24 80 223 28 35 37 28 111 59 26 26 25 24 25 20 36 20 29 90 20 25 20 31 20 22 45 27 24 36
internal_value=-0.000604328 -0.00161822 0.000333333 0.000423236 -0.0002814 0.00174627 0.0012 0.00081081 -0.00105755 0.00193506 0.00213158 -0.000529412 0.00407547 0.00551852 -0.00223284 0.00187013 0.000333333 0.00752632 0.00255555 0.00276923 0.00354545 0.00336986 0.00173684 0.00405882 0.00514286 0.00271428 0.000442622 -0.000500001 0.00170588 -0.0018417
internal_weight=1941 977 234 964 629 335 300 370 139 231 228 85 106 81 743 154 90 57 54 130 110 146 76 51 70 42 122 96 51 259
internal_count=1941 977 234 964 629 335 300 370 139 231 228 85 106 81 743 154 90 57 54 130 110 146 76 51 70 42 122 96 51 259
is_linear=0
shrinkage=0.03


Tree=146
num_leaves=31
num_cat=0
split_feature=1 9 39 44 31 27 32 16 2 27 16 8 11 6 45 27 37 2 57 41 57 24 9 54 11 10 53 41 47 2
split_gain=2.07157 1.17404 0.747318 0.801244 1.00833 0.839515 0.770802 1.38581 1.28382 1.64545 1.0811 0.642968 0.746371 0.727578 0.673401 0.545794 0.520721 0.513335 0.598492 0.633603 0.499905 0.488289 0.538188 0.568182 0.458333 0.402051 0.365714 0.382275 0.349174 0.926244
threshold=209.36607145000002 149.50000000000003 1.8306919643750004 33.100000000000009 1046.5857140000001 22.500000000000004 662.54285715000015 24.550000000000004 7241.5000000000009 287.50000000000006 24.750000000000004 2.5000000000000004 0.83146961230254512 24.500000000000004 87.500000000000014 284.50000000000006 711.16428570000016 6145.3839285000004 295.50000000000006 314.26711831322893 245.50000000000003 606.35000000000002 146.50000000000003 554.00000000000011 -0.93540483100319605 0.097964660725097311 171.50000000000003 257.73863465230119 42.500000000000007 6931.5267855000011
decision_type=2 2 2 2 2 2 2 2 2 2 2 2 2 2 2 2 2 2 2 2 2 2 2 2 2 2 2 2 2 2
left_child=1 11 -2 5 -5 -4 17 8 21 -10 -9 12 15 25 -15 -1 -12 18 19 -7 -13 22 23 -8 -18 -14 27 -23 29 -17
right_child=2 -3 3 4 -6 6 7 10 9 -11 16 20 13 14 -16 28 24 -19 -20 -21 -22 26 -24 -25 -26 -27 -28 -29 -30 -31
leaf_value=-1.4148285820121553 0.74050006694794812 -0.75133773448650198 0.29422572180694689 0.0051916055900189176 0.24201788682881392 -0.0017213760086590413 -0.01581617520541323 0.23547778643941389 -5.7254303125294594 0.36478367830454117 0.074520909191990642 0.084198046700726198 0.37786228595211629 -2.1026601996779273 0.30604645242336059 0.38916399765453435 0.48200080434481546 -1.0632904598511477 -0.6537571702756958 0.31237266624296184 -1.2764673592006424 -4.4522727232185328 -0.029395775994147031 0.33304459414195869 -0.61987508173942563 0.12207745985043074 -1.9351358181365683 0.93778079423452165 -0.8451729834426851 -0.050171646899006529
leaf_weight=73 20 377 20 40 20 198 22 28 21 23 20 32 26 32 22 33 32 119 131 27 254 36 54 22 22 24 112 27 54 20
leaf_count=73 20 377 20 40 20 198 22 28 21 23 20 32 26 32 22 33 32 119 131 27 254 36 54 22 22 24 112 27 54 20
internal_value=-0.000697064 -0.00170116 0.000259557 0.000141683 0.0035 -7.87753e-05 -0.000214766 0.00072315 -0.000255521 0.0045 0.00376471 -0.000842106 0.000169013 0.00219231 -0.000222223 -0.001 0.00186486 -0.00104211 -0.000471911 0.000466666 -0.00184615 -0.00102198 0.000673469 0.00313636 0.000333333 0.0048 -0.00197143 -0.000142858 0.000364485 0.00209434
internal_weight=1941 947 994 974 60 914 894 419 317 44 102 570 284 104 54 180 74 475 356 225 286 273 98 44 54 50 175 63 107 53
internal_count=1941 947 994 974 60 914 894 419 317 44 102 570 284 104 54 180 74 475 356 225 286 273 98 44 54 50 175 63 107 53
is_linear=0
shrinkage=0.03


Tree=147
num_leaves=31
num_cat=0
split_feature=31 9 19 9 42 1 2 40 27 47 9 32 1 42 58 11 42 57 20 19 19 50 21 1 34 28 56 6 40 3
split_gain=2.41515 1.33203 1.02035 1.17519 1.14347 1.10347 1.02795 1.07214 1.49538 0.916551 0.795775 0.784599 0.783334 0.956098 0.695077 0.921819 0.664866 0.591109 0.649529 0.566942 0.691252 0.653333 0.610702 0.448446 0.851955 0.430976 0.451102 0.410449 0.749456 0.467234
threshold=78.218750000000014 149.50000000000003 15.500000000000002 141.50000000000003 -100.27678592000004 7708.6428570000007 5654.5892855000011 966.7769965270835 287.50000000000006 28.500000000000004 144.50000000000003 1141.1357145000002 2528.1071430000006 140.89910714999996 1006.6500000000002 0.68322629814330826 268.46964284999996 263.50000000000006 18.500000000000004 37.500000000000007 64.500000000000014 13.500000000000002 65.000000000000014 9881.2857145000016 15.237500000000002 1006.5500000000001 15.950000000000001 25.500000000000004 0.6507812500000002 6369944.2860000012
decision_type=2 2 2 2 2 2 2 2 2 2 2 2 2 2 2 2 2 2 2 2 2 2 2 2 2 2 2 2 2 2
left_child=1 14 3 -2 5 -4 10 -8 -9 -6 23 12 -12 -14 15 25 -15 -17 -19 -11 21 -21 -22 24 -5 26 -1 -16 29 -29
right_child=2 -3 4 6 9 -7 7 8 -10 19 11 -13 13 16 27 17 -18 18 -20 20 22 -23 -24 -25 -26 -27 -28 28 -30 -31
leaf_value=-1.057145605260458 -5.8669836685627166 -0.72618774542574716 0.29518821764414566 0.16887257856244459 0.74793708503142942 0.09547129491508928 -0.93451166062337132 -1.8735888768193838 0.30214189127786212 -0.05463696095722384 0.050784240187622232 0.41338667417705838 -0.18024035060294788 0.18098969881244206 -1.238824580571162 0.5448655783720342 -0.17916817052353123 -0.010774413333256129 2.253722432006378 -0.0077198239063826822 0.15846451074961082 0.26188364948469073 -0.0368110843938462 0.31563600342570836 -0.018165551664937118 0.26563298220306825 0.32715252759853891 -0.020924187984372764 -0.58222569870340224 1.0245773662465552
leaf_weight=167 124 410 37 26 21 21 130 24 26 49 21 34 164 20 163 26 21 81 20 20 20 30 75 26 23 27 31 32 51 21
leaf_count=167 124 410 37 26 21 21 130 24 26 49 21 34 164 20 163 26 21 81 20 20 20 30 75 26 23 27 31 32 51 21
internal_value=-0.000604328 -0.00160058 0.000519736 -0.000136151 0.00205494 0.0057931 0.000495145 -0.00133333 0.0024 0.00104651 0.00147761 0.000692307 5.30966e-05 -0.000512196 -0.000722133 0.000153408 0.00358537 0.00219685 0.00115842 0.000402061 0.00134483 0.0042 -0.000157895 0.0042 0.0025102 -0.001 -0.00148485 -0.00187641 -0.000403847 0.00209434
internal_weight=1941 1029 912 639 273 58 515 180 50 215 335 260 226 205 619 352 41 127 101 194 145 50 95 75 49 225 198 267 104 53
internal_count=1941 1029 912 639 273 58 515 180 50 215 335 260 226 205 619 352 41 127 101 194 145 50 95 75 49 225 198 267 104 53
is_linear=0
shrinkage=0.03


Tree=148
num_leaves=31
num_cat=0
split_feature=30 9 41 16 49 9 39 30 20 35 2 31 16 33 37 36 15 5 33 19 4 43 23 46 30 37 53 46 21 27
split_gain=2.10218 1.47831 1.2231 0.966146 0.959576 1.20658 1.05459 0.936729 0.895768 0.873397 0.710186 0.65714 0.738994 0.605769 0.592933 0.589667 0.855556 0.611506 0.571667 0.723248 0.550123 0.503219 0.726501 0.841562 1.25556 0.748669 0.409573 0.403112 0.57636 0.429501
threshold=47.675000000000004 141.50000000000003 348.92297936723918 26.150000000000002 15.500000000000002 141.50000000000003 978.13616072500008 124.98125000000002 3.5000000000000004 539.01428575000011 4990.3125000000009 602.9000000000002 25.150000000000002 934.03482145000009 886.14017855000009 745.88750000000016 83.500000000000014 22.500000000000004 775.09464285000013 47.500000000000007 19.500000000000004 144.08779733500006 175.50000000000003 23.850000000000005 465.17500000000001 774.33125000000007 208.00000000000003 24.750000000000004 271.50000000000006 279.50000000000006
decision_type=2 2 2 2 2 2 2 2 2 2 2 2 2 2 2 2 2 2 2 2 2 2 2 2 2 2 2 2 2 2
left_child=1 2 15 -3 5 -2 7 -6 9 21 -10 12 -9 18 -11 20 17 -17 19 -13 -1 22 23 -7 -25 -24 27 -23 -29 -30
right_child=4 3 -4 -5 6 8 -8 11 10 14 -12 13 -14 -15 -16 16 -18 -19 -20 -21 -22 26 25 24 -26 -27 -28 28 29 -31
leaf_value=-1.0134965390544468 -5.8528353931070782 -0.70440211306297473 0.23463812050947253 0.14978317930094981 0.1179888767962823 0.0046307230813759613 0.37712467167926522 -0.06716507653748105 0.084611130471895599 -0.97765724342360072 0.1065863097409448 0.09311057070617644 0.052140342727718031 0.98933664544951427 0.14536312472913038 0.45771575667983588 -3.4231072694342894 0.018316199022840488 -0.16891443627071778 -0.001631665283623213 0.043888589849535614 -0.14182728407705372 0.18840523362140935 0.014413800488087887 0.49904806944696195 -0.16534783346650878 0.21345265899469554 -0.16595598024278629 -0.11829786845985758 0.26499651876325031
leaf_weight=96 129 723 34 29 24 44 25 101 34 120 21 29 20 21 21 22 21 23 21 46 40 71 20 35 26 49 31 24 21 20
leaf_count=96 129 723 34 29 24 44 25 101 34 120 21 29 20 21 21 22 21 23 21 46 40 71 20 35 26 49 31 24 21 20
internal_value=-0.000542505 -0.00151215 0.000559321 -0.00216223 0.000462748 -0.000162163 0.00191289 0.00135114 0.000463686 4.97918e-05 0.00409091 0.000781512 -0.000768596 0.00238461 -0.00193617 -0.000326733 0.002 0.00433333 0.001375 0.0026 -0.00145588 0.000870967 0.002 0.00357143 0.00585246 -0.000391305 -0.00030539 -0.00101471 0.000692307 0.00285366
internal_weight=1941 988 236 752 953 666 287 262 537 482 55 238 121 117 141 202 66 45 96 75 136 341 174 105 61 69 167 136 65 41
internal_count=1941 988 236 752 953 666 287 262 537 482 55 238 121 117 141 202 66 45 96 75 136 341 174 105 61 69 167 136 65 41
is_linear=0
shrinkage=0.03


Tree=149
num_leaves=31
num_cat=0
split_feature=1 9 58 40 10 46 14 44 31 8 36 46 1 23 43 44 52 1 31 36 46 5 27 15 41 17 47 33 33 57
split_gain=2.11339 1.75774 2.28448 1.05993 0.835544 0.769936 0.948349 0.763351 1.25657 0.922296 1.00487 0.916639 0.754374 0.808704 1.02549 0.853265 0.74922 0.694515 0.654798 0.643942 0.63121 0.613877 0.562049 0.490306 0.73373 0.470734 1.04268 0.460242 0.792385 0.393265
threshold=209.36607145000002 141.50000000000003 1003.7500000000001 998.53958334375011 0.72947329433276253 25.950000000000003 28.350000000000005 29.250000000000004 1056.7848215000001 3.5000000000000004 5.9357142855000005 24.550000000000004 1875.4375000000002 116.50000000000001 -221.03303572999999 32.150000000000013 598.50000000000011 649.60714285000006 1184.6642860000004 776.16785715000003 25.950000000000003 1.0000000180025095e-35 277.50000000000006 82.500000000000014 267.43525081307399 49.500000000000007 16.500000000000004 805.65625000000011 678.46428575000016 189.50000000000003
decision_type=2 2 2 2 2 2 2 2 2 2 2 2 2 2 2 2 2 2 2 2 2 2 2 2 2 2 2 2 2 2
left_child=1 2 -1 7 20 -3 19 8 17 10 11 -9 -11 -14 15 -15 -17 -2 27 -7 21 -4 -13 24 -19 26 -23 28 -16 -25
right_child=3 5 4 -5 -6 6 -8 9 -10 12 -12 22 13 14 18 16 -18 23 -20 -21 -22 25 -24 29 -26 -27 -28 -29 -30 -31
leaf_value=0.062199410801021295 0.69956363926949516 -0.74271439491107327 0.47320168667615919 0.11277142981555605 -3.0907324148815238 -1.2354583139854924 -0.70894993241146587 -1.8093784258085992 0.49558568121566116 -0.86412244403109217 0.12758075571660216 -0.22996036648824203 0.13122167833012718 -0.13834316052447534 -0.003890640770903296 0.2996164168315546 0.85799692490766855 -0.09802647052250775 0.037031894375118821 0.36096344763219623 -3.6318583129136761 -0.034019145876944205 0.1633997764707458 0.033616391222189804 0.3076035237482066 -0.091022918227089064 0.84896585812395187 -0.85381165619804289 0.10335305721463249 -0.54046316009782236
leaf_weight=20 28 598 31 25 63 26 64 261 20 39 37 28 25 23 118 22 21 36 23 31 27 36 41 62 20 22 29 67 20 78
leaf_count=20 28 598 31 25 63 26 64 261 20 39 37 28 25 23 118 22 21 36 23 31 27 36 41 62 20 22 29 67 20 78
internal_value=-0.000465225 -0.00147941 0.000815789 0.000501005 -0.000115385 -0.00220723 -2.47941e-05 0.000343653 0.00179508 -0.000144828 -0.00120164 -0.00172727 0.000938547 0.00142006 0.000979591 0.00427273 0.00676744 0.00115178 2.63151e-05 0.00278947 0.00113793 0.00208475 0.00134783 0.000520407 0.00289286 0.000793103 0.00207692 -0.000512196 0.00047826 -0.000428572
internal_weight=1941 947 228 994 208 719 121 969 244 725 367 330 358 319 294 66 43 224 228 57 145 118 69 196 56 87 65 205 138 140
internal_count=1941 947 228 994 208 719 121 969 244 725 367 330 358 319 294 66 43 224 228 57 145 118 69 196 56 87 65 205 138 140
is_linear=0
shrinkage=0.03


Tree=150
num_leaves=31
num_cat=0
split_feature=23 46 31 40 6 9 49 10 47 28 9 37 44 42 40 8 38 56 48 42 58 42 42 33 15 1 46 5 6 24
split_gain=2.53825 1.24307 1.1006 1.02496 1.75897 0.956588 0.93039 1.39797 1.07047 1.0216 1.28849 0.89963 0.80808 0.71829 0.818182 0.545548 0.540237 0.540181 0.842977 0.523047 0.521006 0.493468 1.25488 0.483014 0.533148 0.473485 0.413137 0.604839 0.478046 0.372868
threshold=4.5000000000000009 22.750000000000004 910.72857145000012 956.98038196875007 25.500000000000004 149.50000000000003 15.500000000000002 -0.99465189230620688 20.500000000000004 1006.5500000000001 144.50000000000003 88.262500000000003 33.250000000000007 -119.65624999999999 738.3534672645834 3.5000000000000004 1133.3274554625002 6.4500000000000011 42.500000000000007 236.33571455000001 1007.35 140.89910714999996 256.65982145000004 36.746428570000006 80.500000000000014 8494.3571430000029 25.150000000000002 1.0000000180025095e-35 25.500000000000004 34.400000000000006
decision_type=2 2 2 2 2 2 2 2 2 2 2 2 2 2 2 2 2 2 2 2 2 2 2 2 2 2 2 2 2 2
left_child=5 2 -2 6 -5 15 9 -8 -9 12 11 -11 29 14 -10 17 21 18 -1 -15 26 23 -23 24 -12 -13 27 -19 -28 -3
right_child=1 3 -4 4 -6 -7 7 8 13 10 16 25 -14 19 -16 -17 -18 20 -20 -21 -22 22 -24 -25 -26 -27 28 -29 -30 -31
leaf_value=0.35519103066432167 0.57285928105605743 0.010756524082271571 0.010413758991353252 0.14998573695215911 -6.5741550722404059 -0.6611355213514597 0.070438409546980149 0.73320433908903249 0.24924433566547388 0.2731749759353917 0.094712300847275194 -0.004865103154696503 0.75025661509100394 -0.022969177746363034 -0.0015120253148892314 -0.99691600036240069 0.59359222206335727 0.45900554856794912 -1.2032448033896321 0.037862019287003938 -0.44925987093281516 0.16286274986987867 -0.90943078163414315 -0.54633358588634895 -0.60335502959567744 0.051900534209055549 0.0084038713611228992 -0.077290699119825779 1.2665556584284952 -1.4971754457805924
leaf_weight=20 20 29 28 39 21 344 20 20 22 34 43 24 22 207 22 186 21 31 26 21 64 20 21 132 24 20 37 93 20 310
leaf_count=20 20 29 28 39 21 344 20 20 22 34 43 24 22 207 22 186 21 31 26 21 64 20 21 132 24 20 37 93 20 310
internal_value=-0.000527049 0.000401785 0.005125 0.000190298 0.004 -0.00179415 -3.55738e-05 0.00132692 0.000801369 -0.000642858 0.000539822 0.00392308 -0.00175346 0.000308823 0.00381818 -0.000924529 -0.000471265 -0.000113403 0.00286956 -0.000368422 -0.00067347 -0.000875001 0.00212195 -0.00149246 0.000582089 0.00109091 0.000149171 -0.000822581 0.00226316 -0.00211504
internal_weight=1941 1120 48 1072 60 821 1012 312 292 700 339 78 361 272 44 477 261 291 46 228 245 240 41 199 67 44 181 124 57 339
internal_count=1941 1120 48 1072 60 821 1012 312 292 700 339 78 361 272 44 477 261 291 46 228 245 240 41 199 67 44 181 124 57 339
is_linear=0
shrinkage=0.03


Tree=151
num_leaves=31
num_cat=0
split_feature=1 9 27 9 33 28 6 34 2 1 16 33 6 41 31 31 19 2 26 26 27 17 26 42 37 46 16 50 3 45
split_gain=2.67809 1.29138 1.27975 0.966729 0.901845 0.897284 0.752322 1.23167 1.57098 1.33645 0.990418 1.52083 0.807356 1.11807 0.804319 0.735027 0.732704 0.701299 0.680618 0.746021 0.587755 0.493064 0.49 0.476237 0.4263 0.40944 0.563091 0.515694 0.525452 0.407708
threshold=209.36607145000002 149.50000000000003 37.500000000000007 141.50000000000003 589.3214286000001 1003.9500000000002 25.500000000000004 1120.2687500000002 7241.5000000000009 9644.2857145000016 23.650000000000002 312.25803570000005 29.500000000000004 124.88190819491919 950.34732145000009 1061.6517855000002 15.500000000000002 4301.4017855000011 8.9500000000000011 5.4500000000000011 287.50000000000006 7.5000000000000009 14.750000000000002 1.4223214499999843 1.0000000180025095e-35 25.450000000000003 24.750000000000004 14.500000000000002 6363513.2855000012 87.500000000000014
decision_type=2 2 2 2 2 2 2 2 2 2 2 2 2 2 2 2 2 2 2 2 2 2 2 2 2 2 2 2 2 2
left_child=1 5 4 16 -2 -1 7 9 -9 10 11 -5 13 -8 22 -16 -4 -18 19 -12 -14 -7 -11 -22 25 26 -23 28 -28 -27
right_child=2 -3 3 6 -6 21 12 8 -10 14 18 -13 20 -15 15 -17 17 -19 -20 -21 23 24 -24 -25 -26 29 27 -29 -30 -31
leaf_value=0.021272367673281396 0.13215258290300036 -0.64376440920936917 -5.7397340141272117 0.11031113246588226 0.37494765370801353 -1.015733914519052 0.15361191438097133 0.0092694953606582801 0.33393776808292447 0.14609799126059508 -0.67640671607089831 -0.019511564237571628 0.086196757561667905 -2.9405472576017213 -0.81433032996368382 0.078274816105182429 -0.0073266658862960942 0.27102564852018529 -0.0782943820468808 0.29057723941121749 -0.28049670779871 -0.024209112976686105 0.45202241867336462 0.54428396516082622 -3.8258351729489943 -1.3553405289293903 3.3679975683228496 -0.058739690766382878 0.51897761386865771 0.010298457404086961
leaf_weight=28 22 377 134 29 24 116 31 29 25 25 29 39 28 162 20 38 56 21 156 36 34 73 20 36 55 130 30 27 28 83
leaf_count=28 22 377 134 29 24 116 31 29 25 25 29 39 28 162 20 38 56 21 156 36 34 73 20 36 55 130 30 27 28 83
internal_value=-0.000496137 -0.0016378 0.000591549 0.00035443 0.00547826 -0.000736843 0.000867028 0.00164125 0.00588889 0.00105612 1.03799e-05 0.00317647 -0.000319588 -0.0014456 0.00399029 0.00165517 -0.00143602 0.000896103 -0.000963802 0.00161538 0.00189796 -0.00100738 0.007 0.000428571 -0.000535212 -0.000169812 0.000987341 0.00264706 0.00424138 -0.00102817
internal_weight=1941 947 994 948 46 570 737 446 54 392 289 68 291 193 103 58 211 77 221 65 98 542 45 70 426 371 158 85 58 213
internal_count=1941 947 994 948 46 570 737 446 54 392 289 68 291 193 103 58 211 77 221 65 98 542 45 70 426 371 158 85 58 213
is_linear=0
shrinkage=0.03


Tree=152
num_leaves=31
num_cat=0
split_feature=38 27 9 36 40 19 2 10 46 8 41 56 26 17 33 17 8 47 37 10 36 36 45 56 24 21 36 3 32 33
split_gain=2.44465 1.50687 1.16956 1.11788 0.887913 1.96563 0.774345 1.10193 0.762533 0.843667 0.677352 0.609159 0.723248 0.578573 0.540665 0.468125 0.445906 0.734177 0.828708 0.691609 0.793076 0.678865 0.54184 0.523849 0.445538 0.654762 0.406775 0.367578 0.345327 0.553976
threshold=59.376785716250005 37.500000000000007 149.50000000000003 455.96785715000004 956.98038196875007 1.5000000000000002 6494.0178570000007 -0.93540483100319605 24.350000000000005 3.5000000000000004 338.38551934775393 17.150000000000002 15.850000000000003 7.5000000000000009 879.69017855000004 31.500000000000004 3.5000000000000004 42.500000000000007 41.13750000000001 0.5277851165098012 328.32589285000006 197.33750000000003 79.500000000000014 8.3500000000000032 269.2000000000001 124.50000000000001 801.93839285000013 7171728.0000000009 963.55000000000007 623.15000000000009
decision_type=2 2 2 2 2 2 2 2 2 2 2 2 2 2 2 2 2 2 2 2 2 2 2 2 2 2 2 2 2 2
left_child=2 -2 13 4 6 -6 7 -3 9 27 -5 12 -11 -1 28 -16 17 18 19 20 -15 -18 -23 -22 25 -8 -19 -9 29 -10
right_child=1 3 -4 10 5 -7 24 8 14 11 -12 -13 -14 16 15 -17 21 26 -20 -21 23 22 -24 -25 -26 -27 -28 -29 -30 -31
leaf_value=-0.93036446014873375 0.25141907712742539 0.35270992372238313 -0.62233128498474266 0.00079437009352969698 -0.055421989792047814 0.34188251030959954 -1.2141080422446358 -3.8159052025319986 0.00085100660438043347 0.005563840856798518 0.31549332912056866 -0.032246352025840828 0.63268192862149719 0.082302248944534417 0.54701083690037577 0.14413996951335672 0.49162655794337606 -0.78155521007848838 -0.78661374120603655 0.92429208641060923 0.21158201141118954 1.0340924045696234 -1.6512894131868245 -0.077209417573238431 -2.2101641495370838 0.059013027305063526 0.33242402788693221 0.014802078803725312 -0.1924502930104954 0.087750112523173524
leaf_weight=115 39 31 401 21 38 22 22 170 169 46 20 59 29 21 20 27 33 113 24 22 38 25 138 26 125 20 39 33 23 32
leaf_count=115 39 31 401 21 38 22 22 170 169 46 20 59 29 21 20 27 33 113 24 22 38 25 138 26 125 20 39 33 23 32
internal_value=-0.00063524 0.000456659 -0.00167337 0.000208379 -2.07859e-05 0.0035 -0.000282879 0.000192488 -8.88165e-05 -0.00104154 0.00504878 0.000805969 0.0026 -0.000828284 0.00109594 0.00402128 -0.000369521 0.000392225 0.00203817 0.00316822 0.00194118 -0.00146939 -0.0022638 0.000281249 -0.0021018 0.000571428 -0.00102632 -0.00226108 0.000482142 0.000880596
internal_weight=1941 946 995 907 866 60 806 639 608 337 41 134 75 594 271 47 479 283 131 107 85 196 163 64 167 42 152 203 224 201
internal_count=1941 946 995 907 866 60 806 639 608 337 41 134 75 594 271 47 479 283 131 107 85 196 163 64 167 42 152 203 224 201
is_linear=0
shrinkage=0.03


Tree=153
num_leaves=31
num_cat=0
split_feature=1 47 2 58 12 58 8 36 32 34 46 14 36 10 56 24 32 33 58 23 26 10 16 37 36 37 37 54 37 53
split_gain=2.6889 1.49621 1.19723 1.82635 1.19282 1.90445 1.09254 1.41447 0.865051 0.843264 0.685756 0.852632 0.601186 0.534748 0.52805 0.480894 0.480159 0.901458 0.461892 0.589169 0.957074 0.427907 0.422517 0.506703 0.423212 0.385355 0.773344 0.98394 0.417529 0.566356
threshold=209.36607145000002 99.500000000000014 4990.3125000000009 1001.7000000000002 0.64987354830121502 1003.7500000000001 3.5000000000000004 455.96785715000004 1230.1714290000002 1166.4571430000003 25.950000000000003 28.250000000000004 776.16785715000003 0.72947329433276253 5.7500000000000009 59.250000000000007 919.35982145000014 582.78750000000002 1007.1500000000002 171.50000000000003 11.850000000000003 0.77259657388510639 25.950000000000003 46.59196428500001 500.51428570000007 1080.10625 886.14017855000009 601.30000000000007 742.5562500000002 191.00000000000003
decision_type=2 2 2 2 2 2 2 2 2 2 2 2 2 2 2 2 2 2 2 2 2 2 2 2 2 2 2 2 2 2
left_child=4 6 16 -4 10 -6 7 18 9 14 -1 12 -12 22 -8 -5 17 21 -2 20 -20 -3 23 24 -7 26 28 -28 29 -16
right_child=1 2 3 15 5 13 8 -9 -10 -11 11 -13 -14 -15 25 -17 -18 -19 19 -21 -22 -23 -24 -25 -26 -27 27 -29 -30 -31
leaf_value=-0.65136806177345097 -1.0564918550879572 -0.42505959173752939 -0.058181329550862887 0.48642500364745772 0.06061605032346367 0.49074826487566675 0.16854017568482937 0.12271884005715696 0.52766421009893005 0.12066036892526452 -1.1405776280995605 -0.60263306820701945 0.35561960448569357 -2.9125635532858087 -0.0057520897887825394 0.049739349471064322 -0.31533562592079245 1.4737418106230649 -0.46819638862485413 -1.2030718200386632 0.33581522778927858 0.035723775298158421 -3.4317521640406432 -3.5250278454468251 0.099334589043502591 -0.060175521189082953 -0.019539087412831072 0.68250833814169232 -0.023154019801360046 0.25871877146634731
leaf_weight=598 252 23 23 20 20 30 41 23 21 32 23 76 22 63 177 21 21 20 33 77 25 20 28 22 65 35 26 29 45 30
leaf_count=598 252 23 23 20 20 30 41 23 21 32 23 76 22 63 177 21 21 20 33 77 25 20 28 22 65 35 26 29 45 30
internal_value=-0.000588872 0.000501005 0.00328378 0.006375 -0.00173284 0.000157894 1.41837e-05 -0.00109756 0.00105963 0.000759035 -0.00233241 -0.000272728 0.003 -0.000692308 0.000368145 0.0101707 0.000928571 0.00223809 -0.00152713 -0.000111112 0.00217241 -0.000209303 0.000310344 0.00110256 0.00205263 -1.75446e-05 0.000322475 0.00354545 -0.000380953 0.000188405
internal_weight=1941 994 148 64 947 228 846 410 436 415 719 121 45 208 383 41 84 63 387 135 58 43 145 117 95 342 307 55 252 207
internal_count=1941 994 148 64 947 228 846 410 436 415 719 121 45 208 383 41 84 63 387 135 58 43 145 117 95 342 307 55 252 207
is_linear=0
shrinkage=0.03


Tree=154
num_leaves=31
num_cat=0
split_feature=11 57 58 38 31 40 57 56 42 9 38 39 39 53 6 43 37 28 6 17 4 28 58 6 10 10 17 11 31 23
split_gain=2.66212 1.0478 1.12754 2.88209 0.897436 0.823996 1.28 0.79771 1.31215 0.782859 0.749263 0.814177 0.688234 1.25559 0.60232 1.06778 0.601058 0.547292 0.536654 0.606235 0.539683 0.494779 0.566293 0.483817 1.13331 0.480594 0.985227 0.625 0.480002 0.427907
threshold=0.13052619222005149 300.50000000000006 1003.0500000000001 296.40892856250014 805.65625000000011 966.7769965270835 287.50000000000006 12.050000000000002 -147.57857140000002 149.50000000000003 1094.1707590000003 1037.8937500312502 405.43381696250009 128.50000000000003 29.500000000000004 -90.129464270000042 1094.6750000000004 1005.7500000000001 16.500000000000004 47.500000000000007 15.500000000000002 1005.85 1007.2500000000001 25.500000000000004 0.58216583101416164 0.35206144883412577 12.500000000000002 0.96592582628906831 715.48750000000007 114.50000000000001
decision_type=2 2 2 2 2 2 2 2 2 2 2 2 2 2 2 2 2 2 2 2 2 2 2 2 2 2 2 2 2 2
left_child=1 2 3 -1 -3 7 -7 8 -4 17 14 -12 13 21 18 -16 -13 25 19 28 -21 -10 -23 -19 -25 26 -2 -28 -9 -5
right_child=9 4 5 29 -6 6 -8 10 12 -11 11 16 -14 -15 15 -17 -18 23 -20 20 -22 22 -24 24 -26 -27 27 -29 -30 -31
leaf_value=0.30101788316893024 -0.03128252988056756 -0.49872110114707247 0.37052759043965638 0.024351659657046401 0.18643202798647371 -0.40785444874865073 0.27248258068447684 0.26421351827210382 -0.92912699501926932 -0.58765390503407666 0.4045075981869658 -0.45501024158083725 -0.046424293517896793 0.12042733424232983 0.79200548646072233 -0.047842134076492751 0.68090751543834349 -1.0399811194511983 -0.35040295956800499 -0.071785878949813198 0.038215164147381096 0.54033329841236533 -0.0051590631427845986 -0.35391960471729755 1.3467627270505071 -0.094509747438487043 0.71342130949503646 0.17448804929329198 -0.025649599942908382 -0.015401964199904207
leaf_weight=25 48 182 20 20 28 25 25 23 22 352 20 33 91 23 20 25 20 237 263 51 21 39 44 83 39 78 20 20 21 23
leaf_count=25 48 182 20 20 28 25 25 23 22 352 20 33 91 23 20 25 20 237 263 51 21 39 44 83 39 78 20 20 21 23
internal_value=-0.000681608 0.000327067 0.00079391 0.0045 -0.00157143 0.000473282 0.0042 0.000220108 0.00164435 -0.00190536 -0.000464789 0.00234247 0.000972602 0.00239062 -0.000948114 0.00233333 0.000396226 -0.00117143 -0.00133773 0.000362068 -0.00133333 0.000999999 0.00206024 -0.00183008 -0.000295083 0.000253011 0.00177273 0.00525 0.00313636 -0.000209303
internal_weight=1941 1064 854 68 210 786 50 736 239 877 497 73 219 128 424 45 53 525 379 116 72 105 83 359 122 166 88 40 44 43
internal_count=1941 1064 854 68 210 786 50 736 239 877 497 73 219 128 424 45 53 525 379 116 72 105 83 359 122 166 88 40 44 43
is_linear=0
shrinkage=0.03


Tree=155
num_leaves=31
num_cat=0
split_feature=1 19 8 58 1 9 57 3 34 31 38 32 58 9 32 8 40 8 32 32 39 43 16 40 19 33 27 33 8 15
split_gain=3.47686 1.1266 1.54295 1.26796 1.10591 0.956137 0.947794 1.21959 1.03469 0.941094 0.769031 0.926383 0.710064 0.672934 1.04639 0.810364 0.760029 0.923728 0.655674 0.633297 0.943057 0.604558 0.577809 0.737438 0.689068 0.577122 0.481203 0.435367 0.405674 0.77053
threshold=209.36607145000002 14.500000000000002 5.5000000000000009 1006.2500000000001 710.26785715000017 149.50000000000003 189.50000000000003 6406834.1430000011 455.33571430000006 602.9000000000002 885.03526787500016 694.38035715000012 1003.7500000000001 146.50000000000003 389.65625000000006 5.5000000000000009 61.848363094374982 3.5000000000000004 75.516071430000011 1141.1357145000002 878.74006694375009 312.85357145000006 24.650000000000002 983.3888393020834 8.5000000000000018 703.81875000000014 271.50000000000006 443.67500000000001 2.5000000000000004 87.500000000000014
decision_type=2 2 2 2 2 2 2 2 2 2 2 2 2 2 2 2 2 2 2 2 2 2 2 2 2 2 2 2 2 2
left_child=5 3 4 22 -3 12 7 -6 -9 -8 11 -11 -1 14 26 19 18 -18 -15 20 27 25 23 -2 -24 -19 -5 -16 29 -14
right_child=1 2 -4 13 6 -7 9 8 -10 10 -12 -13 28 16 15 -17 17 21 -20 -21 -22 -23 24 -25 -26 -27 -28 -29 -30 -31
leaf_value=0.040443388444676757 -3.5113466119801524 0.06774505501583715 0.16651513326175044 0.14727397831788841 -0.12348082144174048 -0.57002428788305437 -0.8841928188428807 0.012949625433484517 0.54907980848256932 -0.0075222567274188211 -0.0029681683403436718 0.25696117152614611 -0.071995162305295832 -0.007320833608838344 0.033113257514520676 -0.010408505901718067 -4.1380861063665462 0.33475922528885993 0.25749373987890012 0.41778795557396253 -0.00185174941247522 -0.15686010752313251 0.50390779201676661 0.1291272120997759 -0.15597767596137382 -0.042729087106374949 -0.11873105274550191 0.73520984043750959 -0.83936942153956062 0.30451226973883849
leaf_weight=20 209 22 35 21 47 377 75 29 27 22 30 24 231 27 22 26 91 36 20 24 31 21 21 27 25 25 36 21 283 36
leaf_count=20 209 22 35 21 47 377 75 29 27 22 30 24 231 27 22 26 91 36 20 24 31 21 21 27 25 25 36 21 283 36
internal_value=-0.000527049 0.000712273 0.002209 3.0746e-05 0.00145652 -0.00182788 0.000897637 0.0031165 0.00610714 -0.000615895 0.00173684 0.00417391 -0.00105263 0.00111471 0.00246961 0.00401613 -7.15256e-10 -0.000919076 0.00338298 0.00526531 0.00389189 0.00139024 -0.00151064 -0.00211017 0.00156522 0.00290164 -0.000894738 0.00676744 -0.00125455 -0.000415731
internal_weight=1941 994 311 683 276 947 254 103 56 151 76 46 570 401 181 124 220 173 47 98 74 82 282 236 46 61 57 43 550 267
internal_count=1941 994 311 683 276 947 254 103 56 151 76 46 570 401 181 124 220 173 47 98 74 82 282 236 46 61 57 43 550 267
is_linear=0
shrinkage=0.03


Tree=156
num_leaves=31
num_cat=0
split_feature=11 27 12 8 40 24 36 4 37 54 43 27 27 45 32 16 8 45 6 10 10 43 6 23 40 22 16 16 10 10
split_gain=2.10074 1.05815 0.936076 0.770263 1.4136 0.970152 0.696583 0.595238 0.591691 1.10398 1.05085 0.567616 0.989752 0.892352 0.506353 0.505853 0.470181 0.985769 0.524105 0.529101 0.502643 0.454081 0.779271 0.32656 0.5625 0.283914 0.262113 0.203593 0.409836 0.321176
threshold=1.0000000180025095e-35 36.500000000000007 0.53946920585801694 4.5000000000000009 949.27087057083349 344.15000000000003 584.93750000000011 12.500000000000002 345.28125000000006 428.40000000000003 -221.03303572999999 300.50000000000006 283.50000000000006 87.500000000000014 1141.1357145000002 23.650000000000002 2.5000000000000004 87.500000000000014 18.500000000000004 -0.13052619222005163 0.93540483100319627 251.67678570000001 1.5000000000000002 175.50000000000003 617.0375372256251 3.5000000000000004 25.450000000000003 24.650000000000002 0.35206144883412577 0.88144907265856365
decision_type=2 2 2 2 2 2 2 2 2 2 2 2 2 2 2 2 2 2 2 2 2 2 2 2 2 2 2 2 2 2
left_child=1 7 -2 5 8 11 14 -1 26 -10 -11 12 13 21 -7 -16 17 18 19 -4 -18 22 -3 24 -12 -24 -5 28 -20 -29
right_child=2 3 16 4 -6 6 -8 -9 9 10 23 -13 -14 -15 15 -17 20 -19 27 -21 -22 -23 25 -25 -26 -27 -28 29 -30 -31
leaf_value=0.12178811950522363 -0.55075370734115059 0.054095427209367553 0.3300663799694189 -0.62926068812396219 0.1707041781855056 -0.90338544048288016 0.19725036294758877 0.37576939083101107 0.064123894128038719 0.68277048527069328 0.083562154324959698 -1.04237347876125 0.2351093532895735 0.051078548407408629 -2.4665099507234234 0.49592741276197366 -0.96404215309296326 0.29537690164667341 0.075707155037809726 -0.084366619284452202 0.21019843005660324 0.10324560441147372 0.42606930342813254 -0.029838262306716545 -0.66701821619107715 -0.061852509902685079 0.014822449618715235 -1.6449409832719391 -0.41725792788183891 0.93725637284151975
leaf_weight=21 384 27 21 58 20 287 32 21 26 37 32 58 28 33 26 20 257 36 36 27 32 36 22 53 32 96 20 117 25 21
leaf_count=21 384 27 21 58 20 287 32 21 26 37 32 58 28 33 26 20 257 36 36 27 32 36 22 53 32 96 20 117 25 21
internal_value=-0.000774344 0.000197969 -0.00177615 -9.54472e-06 0.00131655 -0.00056391 -0.00160274 0.00485714 0.00072093 0.00166667 0.000701298 0.000699999 0.00133884 0.000644859 -0.00200901 0.000913043 -0.00100699 -0.00013781 -0.000813766 0.002 -0.00185813 -0.000182321 -0.000931035 -0.000692308 0.000749999 -0.00198305 -0.00146154 -0.00149246 -4.9181e-05 -0.00213044
internal_weight=1941 985 956 943 278 665 365 42 258 180 154 300 242 214 333 46 572 283 247 48 289 181 145 117 64 118 78 199 61 138
internal_count=1941 985 956 943 278 665 365 42 258 180 154 300 242 214 333 46 572 283 247 48 289 181 145 117 64 118 78 199 61 138
is_linear=0
shrinkage=0.03


Tree=157
num_leaves=31
num_cat=0
split_feature=30 21 9 40 9 26 22 39 3 14 17 42 56 49 17 3 42 42 26 8 36 11 45 28 19 32 15 36 48 48
split_gain=2.12538 1.44908 1.31942 0.771363 0.734159 0.93832 0.635443 0.633717 0.65209 0.749913 0.583834 0.567894 0.686207 0.7788 0.884155 0.699735 0.508208 0.720791 0.41702 0.600018 1.05853 0.538079 0.508105 0.772348 0.40102 0.815217 0.358917 0.642857 0.353535 0.339596
threshold=57.48125000000001 37.500000000000007 149.50000000000003 998.53958334375011 150.50000000000003 14.350000000000003 767.50000000000011 975.74162954375015 6372175.5000000009 26.950000000000003 7.5000000000000009 169.00625000000002 8.1500000000000004 31.500000000000004 27.500000000000004 6411832.0715000005 137.93303570000003 -43.40803575000001 15.450000000000001 3.5000000000000004 197.33750000000003 0.72947329433276265 87.500000000000014 1006.6500000000002 14.500000000000002 694.38035715000012 71.500000000000014 14.437500000000002 42.500000000000007 4.5000000000000009
decision_type=2 2 2 2 2 2 2 2 2 2 2 2 2 2 2 2 2 2 2 2 2 2 2 2 2 2 2 2 2 2
left_child=2 -2 10 4 5 16 24 8 -6 -10 -1 12 -11 14 -14 -15 17 -3 19 21 -21 28 23 29 -7 -26 -19 -28 -12 -23
right_child=1 3 -4 -5 7 6 -8 -9 9 11 18 -13 13 15 -16 -17 -18 26 -20 20 -22 22 -24 -25 25 -27 27 -29 -30 -31
leaf_value=-0.84773707722074221 0.15344193430504774 0.063119963076988167 -0.53330111915306033 0.081069713359786091 -0.1162656445727482 -2.5782948287444989 0.43042129619860653 0.36285302626147631 -2.0049366807690907 -0.077865355731601568 0.0042413723327699489 0.088837253232031982 0.083462701653945301 0.10986147546203991 -0.17108035722842149 0.24846174980734392 0.13248940890957397 -0.0099620571571728683 0.59832490413265305 0.45527489523907438 -1.4916009480640886 -0.065173509907805446 0.28908456479897454 -1.1068759437929017 -1.8429107994471798 0.22194365755757522 0.11702705700812448 -0.064192894890588922 -1.0626161485537002 0.4645964528455811
leaf_weight=125 26 32 398 25 70 301 24 33 27 33 63 21 40 27 31 21 32 90 22 27 147 22 24 42 25 23 42 21 77 50
leaf_count=125 26 32 398 25 70 301 24 33 27 33 63 21 40 27 31 21 32 90 22 27 147 22 24 42 25 23 42 21 77 50
internal_value=-0.000619784 0.000400423 -0.00158576 0.000202614 5.71101e-05 -0.000559323 -0.00147185 0.00125743 0.000777777 0.00165 -0.000696161 0.00237572 0.00173684 0.00279832 0.000802816 0.00575 0.00100922 0.000405405 -0.000215191 -0.000411505 -0.0017931 0.000453237 0.00178261 0.000947368 -0.00179656 0.000749999 -0.000450981 0.00128571 -0.000857144 0.00283333
internal_weight=1941 944 997 918 893 590 373 303 270 200 599 173 152 119 71 48 217 185 474 452 174 278 138 114 349 48 153 63 140 72
internal_count=1941 944 997 918 893 590 373 303 270 200 599 173 152 119 71 48 217 185 474 452 174 278 138 114 349 48 153 63 140 72
is_linear=0
shrinkage=0.03


Tree=158
num_leaves=31
num_cat=0
split_feature=1 57 9 40 27 2 2 2 8 46 15 26 22 24 54 53 26 3 32 32 38 31 14 1 45 28 11 56 47 6
split_gain=3.15423 1.07987 0.956137 0.897244 1.81551 0.930907 1.08927 1.26759 0.941029 1.15008 0.914286 0.802118 0.724931 0.574296 0.921951 0.536349 0.502203 0.738916 0.619042 0.832729 0.560133 0.595238 0.473485 0.469172 0.457862 0.455019 0.614979 0.72 0.446788 0.702745
threshold=209.36607145000002 55.000000000000007 149.50000000000003 966.7769965270835 287.50000000000006 6001.0000000000009 5377.3750000000009 5654.5892855000011 2.5000000000000004 24.550000000000004 61.500000000000007 17.550000000000004 12.500000000000002 269.2000000000001 75.200000000000017 282.50000000000006 9.1500000000000004 6535156.0000000009 389.65625000000006 769.4937500000002 768.35647321250019 620.29910715000017 28.550000000000004 8206.7589285000013 58.500000000000007 1005.7500000000001 0.83146961230254512 7.8500000000000005 30.500000000000004 25.500000000000004
decision_type=2 2 2 2 2 2 2 2 2 2 2 2 2 2 2 2 2 2 2 2 2 2 2 2 2 2 2 2 2 2
left_child=2 11 25 5 -5 6 8 -8 9 -3 -9 22 -11 14 -7 16 17 -10 -18 20 21 -20 -2 -21 -25 26 -1 -28 -27 -30
right_child=1 3 -4 4 -6 13 7 10 15 12 -12 -13 -14 -15 -16 -17 18 -19 19 23 -22 -23 -24 24 -26 28 27 -29 29 -31
leaf_value=-0.015707088706166134 0.69086899758315401 -3.9884978433902085 -0.52040191445173645 -1.5809387650651514 0.27482555553887844 -0.96484660550436996 0.92442647403546396 -1.5976193549953974 0.010184939121587253 -0.3639813487841792 0.91792142208498739 0.24283410408876807 0.096123303312745156 -1.5965659698358587 0.063639368832581727 0.052718922329945073 -0.10906752723138984 0.10597979370081505 0.083551030741013291 0.45444423832617831 0.4295170079708906 -0.014135594082893783 -0.058276521407060723 0.066286722797876521 -0.032512996269594953 -0.5999795464130051 -0.035333223145224857 0.99774309569915243 -1.039229297778882 0.33852860389468564
leaf_weight=141 20 142 377 24 26 21 27 24 29 27 21 39 73 153 20 25 81 27 21 22 22 21 24 53 52 211 25 25 100 68
leaf_count=141 20 142 377 24 26 21 27 24 29 27 21 39 73 153 20 25 81 27 21 22 22 21 24 53 52 211 25 25 100 68
internal_value=-0.000588872 0.000591549 -0.00182788 0.000293084 0.0042 6.62014e-05 0.0005982 0.00408333 0.00017647 -0.00126446 0.000999999 0.00386747 0.0012 -0.00176289 0.00139024 0.00116431 0.000841463 0.00342857 0.000308823 0.00124084 0.00403125 0.002 0.00109091 -0.000165355 -0.001 -0.00105263 0.000141361 0.003 -0.00165435 -0.000500001
internal_weight=1941 994 947 911 50 861 667 72 595 242 45 83 100 194 41 353 328 56 272 191 64 42 44 127 105 570 191 50 379 168
internal_count=1941 994 947 911 50 861 667 72 595 242 45 83 100 194 41 353 328 56 272 191 64 42 44 127 105 570 191 50 379 168
is_linear=0
shrinkage=0.03


Tree=159
num_leaves=31
num_cat=0
split_feature=1 12 6 40 16 12 40 6 3 1 34 44 22 31 26 44 32 39 36 46 3 45 48 39 19 2 56 47 6 45
split_gain=3.06832 1.0783 1.25309 2.7002 0.98142 0.929861 0.813807 1.0622 0.798231 0.787325 0.808278 0.90095 1.25574 0.74695 0.744289 0.720238 0.671417 0.773986 0.457423 0.438462 0.9 0.379948 0.628571 0.375758 0.346698 0.778302 0.318181 0.396258 0.604843 0.666904
threshold=209.36607145000002 0.63670430569443026 25.500000000000004 949.27087057083349 24.750000000000004 0.53946920585801694 61.848363094374982 28.500000000000004 6349833.5625000009 12040.660715000002 776.64642855000011 28.050000000000004 34.000000000000007 530.72857140000008 16.850000000000005 27.950000000000003 848.99285715000008 1008.3181175437502 455.96785715000004 24.150000000000002 6375597.9465000005 75.500000000000014 27.500000000000004 837.41763395625014 15.500000000000002 4396.5000000000009 15.950000000000001 9.5000000000000018 24.500000000000004 87.500000000000014
decision_type=2 2 2 2 2 2 2 2 2 2 2 2 2 2 2 2 2 2 2 2 2 2 2 2 2 2 2 2 2 2
left_child=5 2 3 8 18 -1 -4 -8 21 10 11 14 -13 -14 -10 -12 19 -18 24 20 -9 22 23 -2 -3 -26 27 -7 -29 -30
right_child=1 4 6 -5 -6 26 7 16 9 -11 15 12 13 -15 -16 -17 17 -19 -20 -21 -22 -23 -24 -25 25 -27 -28 28 29 -31
leaf_value=-0.50478985701818435 -0.53326275049393101 -4.5441527719091059 0.10879908218135916 0.16928968144888268 0.077821579037544081 -0.89767177201935822 -4.0197886584372631 -0.081681530221251991 -0.027041956680511448 0.35740652101470194 0.077452639903403661 0.56349829074097901 -0.012899543409275141 0.15700659435009326 0.058830347729597818 -0.057014992126332986 0.50416198875344731 -0.027069333425707044 0.10330937529194942 -0.62136278930544586 0.1302196219558944 -0.14675193402929321 0.29450846287920807 0.067614749198537924 -0.033350924262934574 0.24282096907823711 0.40334941321148504 -0.068528222544619197 -0.19318441198883496 0.26768719953646297
leaf_weight=377 31 147 48 37 37 139 122 20 52 26 28 23 26 29 37 56 22 21 23 38 20 52 22 24 33 20 39 275 81 36
leaf_count=377 31 147 48 37 37 139 122 20 52 26 28 23 26 29 37 56 22 21 23 38 20 52 22 24 33 20 39 275 81 36
internal_value=-0.000542505 0.00062173 0.00120981 0.00221445 -0.00103846 -0.00176452 -0.000319588 -0.00102469 0.00150739 0.00241516 0.0019004 0.00310778 0.00546154 0.003 0.00104494 -0.000500001 0.000966941 0.00397674 -0.00178924 -0.000692308 0.0015 -0.000441861 0.000896103 -0.000818183 -0.00225 -0.000169812 -0.001 -0.00119209 -0.000704082 0.00110256
internal_weight=1941 994 734 443 260 947 291 243 406 277 251 167 78 55 89 84 121 43 223 78 40 129 77 55 200 53 570 531 392 117
internal_count=1941 994 734 443 260 947 291 243 406 277 251 167 78 55 89 84 121 43 223 78 40 129 77 55 200 53 570 531 392 117
is_linear=0
shrinkage=0.03


Tree=160
num_leaves=31
num_cat=0
split_feature=1 9 50 37 34 6 6 53 38 44 33 39 53 56 37 1 37 37 17 26 8 15 58 36 58 11 36 58 48 8
split_gain=2.61318 1.03459 0.931537 1.02632 1.01138 1.73306 1.47262 1.09993 0.939059 0.691494 0.672893 0.73373 0.681338 0.634294 0.621841 0.613997 0.547009 0.458009 0.448984 0.517613 0.744928 0.52279 0.405334 0.359383 0.330465 0.38666 0.990327 0.590769 0.391724 0.320138
threshold=209.36607145000002 149.50000000000003 99.500000000000014 293.57410715000009 1120.2687500000002 25.500000000000004 23.500000000000004 275.00000000000006 3.6613839287500007 32.650000000000013 791.23303570000019 837.41763395625014 175.50000000000003 10.950000000000001 390.75357145000004 6307.3571425000009 700.70000000000016 870.77857140000015 7.5000000000000009 15.450000000000001 3.5000000000000004 87.500000000000014 1002.9000000000001 199.40714285000004 1007.35 0.83146961230254512 896.91428570000016 1006.5500000000001 1.0000000180025095e-35 3.5000000000000004
decision_type=2 2 2 2 2 2 2 2 2 2 2 2 2 2 2 2 2 2 2 2 2 2 2 2 2 2 2 2 2 2
left_child=1 18 4 -4 7 6 -6 8 -2 13 11 -11 17 14 -10 -16 -5 -12 -1 20 21 24 -15 -22 25 27 -27 28 -20 -24
right_child=2 -3 3 16 5 -7 -8 -9 9 10 12 -13 -14 22 15 -17 -18 -19 19 -21 23 -23 29 -25 -26 26 -28 -29 -30 -31
leaf_value=-0.77321035601947952 0.6684819977718115 -0.48964616130763883 0.1877301665395395 -0.027129525995476664 0.1347161607680393 -2.5043591840607911 0.12812614712892825 0.047806741049026991 -0.067617626299999442 0.0023520794674748578 -1.5287277494592051 0.52294572475064283 -0.96058617380186406 0.040214534692933512 0.21442233716205916 0.002699444388017171 0.75525616288297925 1.0616400533308883 0.0054336899119335558 0.63284850851594421 0.031937744103895278 0.25965658355036769 -1.2489184632950403 -1.413391134398583 -0.30987297803127684 0.39219576046619847 -0.095205797770928913 2.8366451083972661 -1.4920220308616374 -0.026648614009498084
leaf_weight=122 20 377 39 39 34 35 24 33 103 24 22 21 52 23 21 47 36 20 29 21 20 36 230 144 33 42 22 30 71 171
leaf_count=122 20 377 39 39 34 35 24 33 103 24 22 21 52 23 21 47 36 20 29 21 20 36 230 144 33 42 22 30 71 171
internal_value=-0.000573416 -0.00170116 0.000501005 0.00305263 0.000170454 0.00312903 0.00631034 -0.000179162 -0.000413794 -0.000588557 0.00131655 0.00433333 -0.00012766 -0.00103361 0.000508771 0.00273529 0.000999999 0.00271428 -0.000894738 -0.000455358 -0.0006815 0.000307984 -0.00165566 -0.00226829 -0.00022467 0.000247422 0.00215625 -0.000692308 -0.0018 -0.00187781
internal_weight=1941 947 994 114 880 93 58 787 754 734 139 45 94 595 171 68 75 42 570 448 427 263 424 164 227 194 64 130 100 401
internal_count=1941 947 994 114 880 93 58 787 754 734 139 45 94 595 171 68 75 42 570 448 427 263 424 164 227 194 64 130 100 401
is_linear=0
shrinkage=0.03


Tree=161
num_leaves=31
num_cat=0
split_feature=1 48 39 14 9 49 19 40 26 41 39 2 2 43 34 37 17 26 6 44 47 27 14 27 1 14 34 4 47 17
split_gain=2.7584 1.06641 1.18647 1.92857 1.03459 0.890911 1.10973 0.983004 0.879056 1.07079 0.740086 0.639312 0.926325 0.627795 0.524981 0.510436 0.448984 0.517613 0.441528 0.633015 0.623077 0.509761 0.440325 0.426012 0.873354 0.679362 0.774506 0.413302 0.390782 0.437868
threshold=209.36607145000002 1.0000000180025095e-35 894.34676343750004 32.350000000000001 149.50000000000003 89.500000000000014 97.500000000000014 952.28456100416668 14.15 377.72117884077096 2.9964285712500005 6013.8333335000016 5442.6964285000004 -142.81339299999988 316.67142855000003 966.0875000000002 7.5000000000000009 15.450000000000001 24.500000000000004 28.350000000000005 37.500000000000007 299.50000000000006 27.850000000000005 242.50000000000003 5978.4910715000015 32.650000000000013 742.5562500000002 21.500000000000004 18.500000000000004 42.500000000000007
decision_type=2 2 2 2 2 2 2 2 2 2 2 2 2 2 2 2 2 2 2 2 2 2 2 2 2 2 2 2 2 2
left_child=4 2 5 -4 16 7 -7 11 9 10 -3 12 -2 -5 28 -15 -1 18 21 20 -20 22 -18 24 -10 -25 -27 -24 -12 -30
right_child=1 8 3 13 -6 6 -8 -9 23 -11 14 -13 -14 15 -16 -17 17 -19 19 -21 -22 -23 27 25 -26 26 -28 -29 29 -31
leaf_value=-0.75001404533889515 -0.96277129299661945 0.64842753783865736 0.26166526875774782 0.59189490845720849 -0.47495677646840967 0.19816324389995763 0.0037293461686374704 0.081760918440700048 0.11190841599738863 0.12882148826024556 0.065608656698137924 -0.6960126172560489 0.89496590793224196 -0.13362264162229606 0.043840794286270898 0.083834945122337398 0.20445435682990018 0.61386305326046531 0.26822140561130936 -0.19800824616119717 0.15400789806767831 -1.1759280711542339 -0.050001431014877001 -3.4323428145240698 -0.0055590595348222862 0.053130508089534359 -2.8453112772977973 0.20809795700231615 -0.71576277554409895 0.0021854781117293031
leaf_weight=122 59 20 24 26 377 22 39 20 26 24 32 79 30 38 38 20 22 21 20 74 32 145 107 165 48 37 30 27 83 134
leaf_count=122 59 20 24 26 377 22 39 20 26 24 32 79 30 38 38 20 22 21 20 74 32 145 107 165 48 37 30 27 83 134
internal_value=-0.000542505 0.000561367 0.00187395 0.0045 -0.00170116 0.000734939 0.00388525 -0.000287235 -0.000174255 0.00089728 0.000420195 -0.00103572 0.000707864 0.00235714 3.13582e-05 0.000620689 -0.000894738 -0.000455358 -0.0006815 0.000809523 0.00334615 -0.00130565 -0.000115385 -0.00133333 0.000648648 -0.00196552 0.000582089 -0.000761195 -0.00046988 -0.000926268
internal_weight=1941 994 357 108 947 249 61 188 637 331 307 168 89 84 287 58 570 448 427 126 52 301 156 306 74 232 67 134 249 217
internal_count=1941 994 357 108 947 249 61 188 637 331 307 168 89 84 287 58 570 448 427 126 52 301 156 306 74 232 67 134 249 217
is_linear=0
shrinkage=0.03


Tree=162
num_leaves=31
num_cat=0
split_feature=1 9 6 16 40 19 37 5 9 17 56 39 40 6 39 11 39 48 56 33 37 40 16 46 17 6 56 6 27 2
split_gain=3.13875 0.979941 1.2766 1.59907 0.996045 0.96662 0.868671 1.37043 0.832556 0.808453 1.08844 1.16824 0.706814 0.957413 0.726854 0.706401 0.688592 0.937152 0.574869 0.652497 0.498285 0.480266 0.641379 0.432143 0.402455 0.456267 0.451509 0.49989 0.459846 0.379435
threshold=431.93750000000006 141.50000000000003 25.500000000000004 24.750000000000004 970.54954119583329 15.500000000000002 989.91250000000014 22.500000000000004 149.50000000000003 17.500000000000004 21.550000000000004 772.68883924375007 61.848363094374982 28.500000000000004 894.34676343750004 -0.93540483100319605 602.52935268750014 30.500000000000004 15.850000000000003 783.35535715000003 91.033928570000015 659.32626489020845 24.750000000000004 25.650000000000002 12.500000000000002 19.500000000000004 7.6500000000000012 25.500000000000004 304.50000000000006 7708.4642855000011
decision_type=2 2 2 2 2 2 2 2 2 2 2 2 2 2 2 2 2 2 2 2 2 2 2 2 2 2 2 2 2 2
left_child=8 5 3 4 6 -2 9 -8 24 18 11 16 23 -14 -15 -5 17 -11 19 -3 -17 22 -7 -4 25 -1 27 -26 29 -28
right_child=1 2 12 15 -6 21 7 -9 -10 10 -12 -13 13 14 -16 20 -18 -19 -20 -21 -22 -23 -24 -25 26 -27 28 -29 -30 -31
leaf_value=0.039077696874331644 -4.7470681823907279 -0.0046239907307794046 0.39402076646665796 0.1645413256271234 0.13030119781195623 -0.070683235050061341 1.2409876529652515 0.03315942708406093 -0.45760824430108948 0.090909240873150568 -0.025682393480540269 0.33081542716063689 -3.9337228740621026 -0.020298326260590454 0.18976522005774168 0.16603018318519994 -0.018110748983053274 0.064697708888430586 -2.6965738121255147 0.085260008271310153 -0.13215743711786948 0.17534774707971401 0.084988553649841023 -0.36526776089194452 -1.1545130249058542 -1.1554494236120261 0.12798577056575697 0.25024259676819605 -0.85507236405619003 -0.11570285064565948
leaf_weight=40 130 21 24 38 28 31 22 21 390 30 41 21 119 81 37 20 26 37 38 20 107 22 29 21 142 166 99 31 85 24
leaf_count=40 130 21 24 38 28 31 22 21 390 30 41 21 119 81 37 20 26 37 38 20 107 22 29 21 142 166 99 31 85 24
internal_value=-0.000573416 0.000641078 0.00114894 0.00210638 0.00339344 -0.00116038 0.00284837 0.00676744 -0.00177175 0.0021282 0.0033871 0.00489474 -0.000446809 -0.00110127 0.000813559 -0.000272728 0.00345161 0.0050597 -0.000341773 0.00212195 -0.00134646 0.00139024 -7.15256e-10 0.003 -0.00105792 -0.00212621 -0.000480316 -0.00161272 0.000461538 0.00163415
internal_weight=1941 964 752 470 305 212 277 43 977 234 155 114 282 237 118 165 93 67 79 41 127 82 60 45 587 206 381 173 208 123
internal_count=1941 964 752 470 305 212 277 43 977 234 155 114 282 237 118 165 93 67 79 41 127 82 60 45 587 206 381 173 208 123
is_linear=0
shrinkage=0.03


Tree=163
num_leaves=31
num_cat=0
split_feature=1 9 1 9 6 16 1 31 19 46 43 3 6 15 43 1 26 34 3 17 3 37 8 15 33 11 44 47 16 30
split_gain=2.386 1.0875 0.828822 0.920228 1.17583 1.09178 1.41996 1.19628 1.08928 0.856818 0.656652 0.612245 0.593147 0.682353 0.596789 0.649624 1.04537 0.533333 0.528305 0.528252 0.492308 0.435374 0.42602 0.835187 0.932401 0.570143 0.462245 0.508539 0.537281 0.411726
threshold=431.93750000000006 149.50000000000003 649.60714285000006 141.50000000000003 25.500000000000004 23.650000000000002 9644.2857145000016 950.34732145000009 89.500000000000014 24.350000000000005 210.59375000000003 6542759.0000000009 28.500000000000004 71.500000000000014 194.16785714500003 4659.0000000000009 17.450000000000003 889.74196430000018 6345689.8305000011 7.5000000000000009 6394771.3125000009 345.28125000000006 3.5000000000000004 80.500000000000014 12.950000000000001 0.72947329433276265 28.150000000000002 56.500000000000007 26.050000000000004 1019.2357145000002
decision_type=2 2 2 2 2 2 2 2 2 2 2 2 2 2 2 2 2 2 2 2 2 2 2 2 2 2 2 2 2 2
left_child=1 19 -2 9 5 7 -7 8 18 -4 29 21 13 -6 15 20 -17 -9 -5 -1 -14 -11 25 24 -24 -21 -27 28 -28 -8
right_child=2 -3 3 4 12 6 10 17 -10 11 -12 -13 14 -15 -16 16 -18 -19 -20 22 -22 -23 23 -25 -26 26 27 -29 -30 -31
leaf_value=-0.74648650188583132 0.65981955303749673 -0.44387999697205677 -4.2744910653746757 0.40916884455847546 -4.3513380751320021 -0.0024900547539482734 -0.0047584335976436848 0.054021793033820292 0.021657123364815775 -0.2464955752380438 0.30690960914532223 -0.50422474465286693 -0.96632284944521418 0.15469728127661997 -0.087749345662795519 0.49152987692655203 -0.077151869504141768 -1.3799948452379875 0.075153542037500243 -0.019411685370673427 0.13338766312700542 0.14824355958425897 0.58428912387387466 -1.2580871111793137 -0.15417493351269237 0.15760136067273708 -0.025936978764923974 0.34503534827982041 0.27825147252797278 0.086594933925647766
leaf_weight=126 28 390 139 27 116 231 24 30 33 21 27 21 32 20 31 31 25 24 34 133 20 28 22 142 26 20 76 22 20 22
leaf_count=126 28 390 139 27 116 231 24 30 33 21 27 21 32 20 31 31 25 24 34 133 20 28 22 142 26 20 76 22 20 22
internal_value=-0.000573416 -0.00161822 0.000485476 0.000333333 0.000837688 0.00177876 0.000749999 0.00389189 0.00593617 -0.00142105 0.00439726 0.00128571 -0.000709092 -0.00211765 0.000669064 0.00172222 0.00396428 0.000333333 0.00831147 -0.000802386 -0.000692308 0.00312245 -0.000331888 -0.00142105 0.002 0.000431734 0.00178261 0.0010678 0.000124999 0.00221739
internal_weight=1941 977 964 936 727 452 304 148 94 209 73 70 275 136 139 108 56 54 61 587 52 49 461 190 48 271 138 118 96 46
internal_count=1941 977 964 936 727 452 304 148 94 209 73 70 275 136 139 108 56 54 61 587 52 49 461 190 48 271 138 118 96 46
is_linear=0
shrinkage=0.03


Tree=164
num_leaves=31
num_cat=0
split_feature=1 9 39 31 33 30 40 8 15 50 19 33 8 30 1 3 5 41 41 15 24 46 56 41 58 2 10 31 10 58
split_gain=2.55257 0.879592 0.792888 1.83578 0.839552 0.821946 0.859927 0.521902 0.711796 0.422854 0.942089 0.89418 0.436553 0.723055 1.03283 0.853265 0.785163 0.740192 0.578817 0.491501 0.976339 0.431343 0.42004 0.418789 0.412057 0.469406 0.391114 0.810399 0.371037 0.85698
threshold=209.36607145000002 149.50000000000003 975.74162954375015 942.17857140000012 934.03482145000009 14.437500000000002 956.98038196875007 3.5000000000000004 87.500000000000014 99.500000000000014 97.500000000000014 678.46428575000016 2.5000000000000004 465.17500000000001 6767.5714285000004 6643394.2500000009 1.0000000180025095e-35 298.91126748988069 218.88535465283988 69.500000000000014 323.40000000000003 24.850000000000005 18.150000000000002 340.16550814127555 1007.35 6955.2142855000011 0.93540483100319627 216.97946430000002 0.72947329433276253 1004.9500000000002
decision_type=2 2 2 2 2 2 2 2 2 2 2 2 2 2 2 2 2 2 2 2 2 2 2 2 2 2 2 2 2 2
left_child=1 7 5 -4 -5 -2 9 8 24 12 11 -11 19 21 15 18 17 -16 -15 -7 -21 -14 -6 -18 25 28 27 -23 29 -1
right_child=2 -3 3 4 22 6 -8 -9 -10 10 -12 -13 13 14 16 -17 23 -19 -20 20 -22 26 -24 -25 -26 -27 -28 -29 -30 -31
leaf_value=0.24473463305338736 0.60638734471561506 -0.43366342593616297 0.16630251471500582 0.22295736205276409 -0.44356174070087057 -3.0762466942686597 0.19382492875688226 -0.60597858457312903 0.24806809442784281 0.18996965822991016 -0.019575324519565854 -0.0051943810923573003 -0.51904064975785169 0.18252788823169935 -0.0041722820049817687 -0.23705610016731168 -0.008613493122832664 0.041702849025035509 0.10311013651826187 -0.058406229567962167 0.21804771344476087 0.10399948543843644 0.077038172464242535 0.024546536229906647 -0.95141368069850296 -0.99281166800239207 -0.75850927072210783 -0.057042818592822647 -1.0961528617280596 -0.0058502748594006799
leaf_weight=47 20 377 38 36 69 159 31 222 36 27 53 21 120 20 23 23 82 20 23 64 20 23 29 35 61 62 34 24 69 73
leaf_count=47 20 377 38 36 69 159 31 222 36 27 53 21 120 20 23 23 82 20 23 64 20 23 29 35 61 62 34 24 69 73
internal_value=-0.000681608 -0.0017962 0.000380281 0.00223256 0.000582089 -7.29999e-06 -0.000157108 -0.00105263 -0.000327587 -0.000354086 0.00145544 0.0045 -0.000626866 -4.9181e-05 0.00111504 0.00427273 -0.000187501 0.00327907 0.00676744 -0.00164198 0.000214285 -0.00135821 -0.000857144 -0.00146154 -0.000788462 -0.000250997 0.000333333 0.00210638 0.000492063 0.0015
internal_weight=1941 947 994 172 134 822 802 570 348 771 101 48 670 427 226 66 160 43 43 243 84 201 98 117 312 251 81 47 189 120
internal_count=1941 947 994 172 134 822 802 570 348 771 101 48 670 427 226 66 160 43 43 243 84 201 98 117 312 251 81 47 189 120
is_linear=0
shrinkage=0.03


end of trees

feature_importances:
day_of_year=260
day=224
day_of_week=209
hour_cos=197
generation_lag_96=161
wind_speed_10m=148
generation_rolling_std_24=146
DC_POWER=143
TOTAL_YIELD=138
hour_sin=134
wind_direction_10m=130
wind_direction_10m_lag1=127
dew_point_2m=124
generation_lag_2=124
generation_lag_48=115
wind_speed_10m_lag1=114
generation_rolling_mean_24=112
generation_change_1=112
cloud_cover=109
dew_point_2m_lag1=103
generation_change_4=95
DAILY_YIELD=94
diffuse_radiation_lag1=93
diffuse_radiation=90
cloud_cover_mid=87
cloud_cover_low_lag1=86
day_sin=83
surface_pressure_lag1=83
temperature_2m_lag1=82
generation_lag_4=81
hour=80
cloud_cover_low=80
surface_pressure=77
cloud_cover_lag1=76
generation_rolling_mean_8=71
generation_lag_1=67
temperature_2m=62
cloud_cover_mid_lag1=61
minute=58
relative_humidity_2m_lag1=58
generation_lag_12=55
relative_humidity_2m=53
generation_lag_8=53
generation_lag_24=46
generation_rolling_mean_4=41
direct_normal_irradiance=39
direct_normal_irradiance_lag1=32
direct_radiation=28
direct_radiation_lag1=22
shortwave_radiation=21
cloud_cover_high_lag1=17
cloud_cover_high=16
precipitation=9
shortwave_radiation_lag1=9
day_cos=8
global_tilted_irradiance=2
precipitation_lag1=2
global_tilted_irradiance_lag1=1
is_daytime=1

parameters:
[boosting: gbdt]
[objective: quantile]
[metric: quantile]
[tree_learner: serial]
[device_type: cpu]
[data_sample_strategy: bagging]
[data: ]
[valid: ]
[num_iterations: 500]
[learning_rate: 0.03]
[num_leaves: 31]
[num_threads: 2]
[seed: 42]
[deterministic: 0]
[force_col_wise: 0]
[force_row_wise: 0]
[histogram_pool_size: -1]
[max_depth: -1]
[min_data_in_leaf: 20]
[min_sum_hessian_in_leaf: 0.001]
[bagging_fraction: 0.8]
[pos_bagging_fraction: 1]
[neg_bagging_fraction: 1]
[bagging_freq: 0]
[bagging_seed: 400]
[bagging_by_query: 0]
[feature_fraction: 0.8]
[feature_fraction_bynode: 1]
[feature_fraction_seed: 30056]
[extra_trees: 0]
[extra_seed: 12879]
[early_stopping_round: 0]
[early_stopping_min_delta: 0]
[first_metric_only: 0]
[max_delta_step: 0]
[lambda_l1: 0]
[lambda_l2: 0]
[linear_lambda: 0]
[min_gain_to_split: 0]
[drop_rate: 0.1]
[max_drop: 50]
[skip_drop: 0.5]
[xgboost_dart_mode: 0]
[uniform_drop: 0]
[drop_seed: 17869]
[top_rate: 0.2]
[other_rate: 0.1]
[min_data_per_group: 100]
[max_cat_threshold: 32]
[cat_l2: 10]
[cat_smooth: 10]
[max_cat_to_onehot: 4]
[top_k: 20]
[monotone_constraints: ]
[monotone_constraints_method: basic]
[monotone_penalty: 0]
[feature_contri: ]
[forcedsplits_filename: ]
[refit_decay_rate: 0.9]
[cegb_tradeoff: 1]
[cegb_penalty_split: 0]
[cegb_penalty_feature_lazy: ]
[cegb_penalty_feature_coupled: ]
[path_smooth: 0]
[interaction_constraints: ]
[verbosity: -1]
[saved_feature_importance_type: 0]
[use_quantized_grad: 0]
[num_grad_quant_bins: 4]
[quant_train_renew_leaf: 0]
[stochastic_rounding: 1]
[linear_tree: 0]
[max_bin: 255]
[max_bin_by_feature: ]
[min_data_in_bin: 3]
[bin_construct_sample_cnt: 200000]
[data_random_seed: 175]
[is_enable_sparse: 1]
[enable_bundle: 1]
[use_missing: 1]
[zero_as_missing: 0]
[feature_pre_filter: 1]
[pre_partition: 0]
[two_round: 0]
[header: 0]
[label_column: ]
[weight_column: ]
[group_column: ]
[ignore_column: ]
[categorical_feature: ]
[forcedbins_filename: ]
[precise_float_parser: 0]
[parser_config_file: ]
[objective_seed: 16083]
[num_class: 1]
[is_unbalance: 0]
[scale_pos_weight: 1]
[sigmoid: 1]
[boost_from_average: 1]
[reg_sqrt: 0]
[alpha: 0.9]
[fair_c: 1]
[poisson_max_delta_step: 0.7]
[tweedie_variance_power: 1.5]
[lambdarank_truncation_level: 30]
[lambdarank_norm: 1]
[label_gain: ]
[lambdarank_position_bias_regularization: 0]
[eval_at: ]
[multi_error_top_k: 1]
[auc_mu_weights: ]
[num_machines: 1]
[local_listen_port: 12400]
[time_out: 120]
[machine_list_filename: ]
[machines: ]
[gpu_platform_id: -1]
[gpu_device_id: -1]
[gpu_use_dp: 0]
[num_gpu: 1]

end of parameters

pandas_categorical:[]
